lit_name,k_papers,n_candidates,n_support,eff_n,n80,lit_surface_top,lit_hemi_seen,r1_label_L,r1_label_R,r1_area_abbr,r1_L3,r1_p,r1_n_papers,r2_label_L,r2_label_R,r2_area_abbr,r2_L3,r2_p,r2_n_papers,r3_label_L,r3_label_R,r3_area_abbr,r3_L3,r3_p,r3_n_papers,r4_label_L,r4_label_R,r4_area_abbr,r4_L3,r4_p,r4_n_papers,r5_label_L,r5_label_R,r5_area_abbr,r5_L3,r5_p,r5_n_papers,p_covered_top5
middle frontal gyrus,1156,51,90,18.44,12,Middle frontal gyrus,BLRU,21,22,A9/46v,MFG_L(R)_7_4,0.1395,167,23,24,A8vl,MFG_L(R)_7_5,0.1311,157,25,26,A6vl,MFG_L(R)_7_6,0.1112,133,15,16,A9/46d,MFG_L(R)_7_1,0.0978,117,17,18,IFJ,MFG_L(R)_7_2,0.0745,89,0.5541
inferior frontal gyrus,1105,47,84,18.04,12,Inferior frontal gyrus,BLRU,63,64,A6cvl,PrG_L(R)_6_6,0.1155,132,37,38,A44op,IFG_L(R)_6_5,0.1033,118,33,34,A45c,IFG_L(R)_6_3,0.0929,106,51,52,A12/47l,OrG_L(R)_6_6,0.0841,96,35,36,A45r,IFG_L(R)_6_4,0.0815,93,0.4773
middle temporal gyrus,910,43,88,15.94,11,Middle temporal gyrus,LRU,87,88,aSTS,MTG_L(R)_4_4,0.1714,163,85,86,A37dl,MTG_L(R)_4_3,0.119,113,121,122,rpSTS,pSTS_L(R)_2_1,0.0886,84,143,144,A39rv,IPL_L(R)_6_5,0.0802,76,81,82,A21c,MTG_L(R)_4_1,0.0697,66,0.5289
insular lobe,855,39,80,14.04,10,Insula,LRU,167,168,dIa,INS_L(R)_6_3,0.1737,155,173,174,dId,INS_L(R)_6_6,0.1436,128,37,38,A44op,IFG_L(R)_6_5,0.1335,119,171,172,dIg,INS_L(R)_6_5,0.0978,87,163,164,G,INS_L(R)_6_1,0.0665,59,0.6151
precuneus,849,39,80,14.74,10,Precuneus,BLRU,153,154,A31,PCun_L(R)_4_4,0.1783,158,151,152,dmPOS,PCun_L(R)_4_3,0.1434,127,147,148,A7m,PCun_L(R)_4_1,0.1153,102,149,150,A5m,PCun_L(R)_4_2,0.0962,85,127,128,A7c,SPL_L(R)_5_2,0.0748,66,0.608
thalamus,792,22,48,8.94,7,Thalamus,BLRU,245,246,lPFtha,Tha_L(R)_8_8,0.2506,204,231,232,mPFtha,Tha_L(R)_8_1,0.1771,144,239,240,PPtha,Tha_L(R)_8_5,0.1085,88,237,238,rTtha,Tha_L(R)_8_4,0.1023,83,233,234,mPMtha,Tha_L(R)_8_2,0.0754,61,0.7139
superior frontal gyrus,753,50,87,19.1,13,Superior frontal gyrus,BLRU,3,4,A8dl,SFG_L(R)_7_2,0.1438,114,5,6,A9l,SFG_L(R)_7_3,0.1174,93,7,8,A6dl,SFG_L(R)_7_4,0.1023,81,1,2,A8m,SFG_L(R)_7_1,0.0835,66,19,20,A46,MFG_L(R)_7_3,0.0822,65,0.5292
superior temporal gyrus,746,45,91,17.65,12,Superior temporal gyrus,BLRU,73,74,TE1.0 and TE1.2,STG_L(R)_6_3,0.156,123,71,72,A41/42,STG_L(R)_6_2,0.1093,86,75,76,A22c,STG_L(R)_6_4,0.0903,71,143,144,A39rv,IPL_L(R)_6_5,0.0701,55,79,80,A22r,STG_L(R)_6_6,0.0689,54,0.4946
precentral gyrus,739,51,103,16.03,12,Precentral gyrus,BLRU,63,64,A6cvl,PrG_L(R)_6_6,0.1651,130,55,56,A6cdl,PrG_L(R)_6_2,0.1448,114,53,54,A4hf,PrG_L(R)_6_1,0.1233,97,57,58,A4ul,PrG_L(R)_6_3,0.1006,79,155,156,A1/2/3ulhf,PoG_L(R)_4_1,0.0791,62,0.6129
inferior parietal lobule,540,26,71,10.0,7,Inferior parietal lobule,LRU,139,140,A40rd,IPL_L(R)_6_3,0.2129,122,141,142,A40c,IPL_L(R)_6_4,0.1746,100,137,138,A39rd,IPL_L(R)_6_2,0.1416,81,129,130,A5l,SPL_L(R)_5_3,0.0877,50,145,146,A40rv,IPL_L(R)_6_6,0.0843,48,0.7011
putamen,490,24,60,7.16,5,Putamen,LRU,229,230,dlPu,BG_L(R)_6_6,0.274,142,225,226,vmPu,BG_L(R)_6_4,0.2279,118,221,222,GP,BG_L(R)_6_2,0.1837,95,219,220,vCa,BG_L(R)_6_1,0.0894,46,223,224,NAC,BG_L(R)_6_3,0.0798,41,0.8548
postcentral gyrus,455,45,94,16.62,13,Postcentral gyrus,LRU,159,160,A2,PoG_L(R)_4_3,0.1723,86,155,156,A1/2/3ulhf,PoG_L(R)_4_1,0.1265,63,139,140,A40rd,IPL_L(R)_6_3,0.0986,49,145,146,A40rv,IPL_L(R)_6_6,0.0667,33,161,162,A1/2/3tru,PoG_L(R)_4_4,0.0627,31,0.5268
fusiform gyrus,443,36,66,11.17,9,Fusiform gyrus,LRU,107,108,A37lv,FuG_L(R)_3_3,0.2889,137,105,106,A37mv,FuG_L(R)_3_2,0.209,99,103,104,A20rv,FuG_L(R)_3_1,0.0977,46,205,206,iOccG,LOcC_L(R)_4_4,0.0515,24,195,196,rLinG,MVOcC_L(R)_5_4,0.0452,21,0.6923
middle occipital gyrus,428,27,67,9.87,7,Middle occipital gyrus,LRU,199,200,mOccG,LOcC_L(R)_4_1,0.2329,107,201,202,V5/MT+,LOcC_L(R)_4_2,0.1766,81,135,136,A39c,IPL_L(R)_6_1,0.1419,65,203,204,OPC,LOcC_L(R)_4_3,0.1073,49,205,206,iOccG,LOcC_L(R)_4_4,0.0661,30,0.7248
lingual gyrus,406,25,72,9.83,8,Lingual gyrus,BLRU,195,196,rLinG,MVOcC_L(R)_5_4,0.1867,82,189,190,cLinG,MVOcC_L(R)_5_1,0.1799,79,191,192,rCunG,MVOcC_L(R)_5_2,0.1256,55,197,198,vmPOS,MVOcC_L(R)_5_5,0.1188,52,205,206,iOccG,LOcC_L(R)_4_4,0.0984,43,0.7094
supplementary motor area,390,33,53,8.97,7,SMA,BLRU,1,2,A8m,SFG_L(R)_7_1,0.3037,126,9,10,A6m,SFG_L(R)_7_5,0.2965,123,67,68,A4ll,PCL_L(R)_2_2,0.078,32,7,8,A6dl,SFG_L(R)_7_4,0.054,22,227,228,dCa,BG_L(R)_6_5,0.03,12,0.7622
cuneus,377,19,46,8.47,6,Cuneus,BLRU,191,192,rCunG,MVOcC_L(R)_5_2,0.2338,93,197,198,vmPOS,MVOcC_L(R)_5_5,0.1562,62,193,194,cCunG,MVOcC_L(R)_5_3,0.1462,58,207,208,msOccG,LOcC_L(R)_2_1,0.1312,52,203,204,OPC,LOcC_L(R)_4_3,0.1062,42,0.7736
superior parietal lobule,371,41,97,13.85,12,Superior parietal lobule,LRU,133,134,A7ip,SPL_L(R)_5_5,0.199,83,127,128,A7c,SPL_L(R)_5_2,0.1466,61,137,138,A39rd,IPL_L(R)_6_2,0.0918,38,129,130,A5l,SPL_L(R)_5_3,0.0775,32,125,126,A7r,SPL_L(R)_5_1,0.0703,29,0.5852
inferior temporal gyrus,369,34,74,16.2,13,Inferior temporal gyrus,BLRU,97,98,A37vl,ITG_L(R)_7_5,0.1441,58,107,108,A37lv,FuG_L(R)_3_3,0.1047,42,201,202,V5/MT+,LOcC_L(R)_4_2,0.0948,38,95,96,A20il,ITG_L(R)_7_4,0.0899,36,91,92,A37elv,ITG_L(R)_7_2,0.085,34,0.5185
medial frontal gyrus,356,42,66,14.83,11,Medial frontal gyrus,BLRU,13,14,A10m,SFG_L(R)_7_7,0.2069,80,11,12,A9m,SFG_L(R)_7_6,0.1298,50,9,10,A6m,SFG_L(R)_7_5,0.1221,47,1,2,A8m,SFG_L(R)_7_1,0.1221,47,41,42,A14m,OrG_L(R)_6_1,0.0784,30,0.6593
hippocampus,330,29,71,8.53,9,Hippocampus,LRU,215,216,rHipp,Hipp_L(R)_2_1,0.2996,109,217,218,cHipp,Hipp_L(R)_2_2,0.2777,101,241,242,Otha,Tha_L(R)_8_6,0.0643,23,239,240,PPtha,Tha_L(R)_8_5,0.0397,14,15,16,A9/46d,MFG_L(R)_7_1,0.026,9,0.7073
supramarginal gyrus,324,31,74,8.34,6,Supramarginal gyrus,LRU,145,146,A40rv,IPL_L(R)_6_6,0.2507,90,141,142,A40c,IPL_L(R)_6_4,0.2341,84,139,140,A40rd,IPL_L(R)_6_3,0.1731,62,143,144,A39rv,IPL_L(R)_6_5,0.0734,26,121,122,rpSTS,pSTS_L(R)_2_1,0.0485,17,0.7798
angular gyrus,306,23,73,7.41,7,Angular gyrus,LRU,143,144,A39rv,IPL_L(R)_6_5,0.3401,116,137,138,A39rd,IPL_L(R)_6_2,0.1825,62,135,136,A39c,IPL_L(R)_6_1,0.1066,36,141,142,A40c,IPL_L(R)_6_4,0.0774,26,85,86,A37dl,MTG_L(R)_4_3,0.0599,20,0.7665
caudate,301,19,40,4.57,3,Caudate,BLRU,227,228,dCa,BG_L(R)_6_5,0.5249,168,219,220,vCa,BG_L(R)_6_1,0.2321,74,223,224,NAC,BG_L(R)_6_3,0.0607,19,245,246,lPFtha,Tha_L(R)_8_8,0.0202,6,243,244,cTtha,Tha_L(R)_8_7,0.0202,6,0.8581
anterior cingulate cortex,286,23,62,9.34,8,ACC,BLRU,179,180,A32p,CG_L(R)_7_3,0.2287,72,187,188,A32sg,CG_L(R)_7_7,0.2003,63,11,12,A9m,SFG_L(R)_7_6,0.1025,32,177,178,A24rv,CG_L(R)_7_2,0.0899,28,13,14,A10m,SFG_L(R)_7_7,0.0647,20,0.6861
amygdala,284,27,77,8.93,8,Amygdala,LRU,211,212,mAmyg,Amyg_L(R)_2_1,0.2434,78,213,214,lAmyg,Amyg_L(R)_2_2,0.2,64,215,216,rHipp,Hipp_L(R)_2_1,0.1597,51,229,230,dlPu,BG_L(R)_6_6,0.0543,17,223,224,NAC,BG_L(R)_6_3,0.0481,15,0.7055
parahippocampal gyrus,276,37,78,17.43,18,Parahippocampal gyrus,LRU,215,216,rHipp,Hipp_L(R)_2_1,0.1603,50,217,218,cHipp,Hipp_L(R)_2_2,0.1381,43,113,114,TL,PhG_L(R)_6_3,0.0937,29,103,104,A20rv,FuG_L(R)_3_1,0.0714,22,195,196,rLinG,MVOcC_L(R)_5_4,0.0365,11,0.5
dorsolateral prefrontal cortex,245,31,63,14.7,13,DLPFC,LRU,23,24,A8vl,MFG_L(R)_7_5,0.1465,40,21,22,A9/46v,MFG_L(R)_7_4,0.1429,39,15,16,A9/46d,MFG_L(R)_7_1,0.1248,34,17,18,IFJ,MFG_L(R)_7_2,0.0669,18,63,64,A6cvl,PrG_L(R)_6_6,0.0669,18,0.548
cingulate gyrus,232,26,57,13.6,11,Cingulate gyrus,BLRU,183,184,A24cd,CG_L(R)_7_5,0.144,37,185,186,A23c,CG_L(R)_7_6,0.1209,31,175,176,A23d,CG_L(R)_7_1,0.1094,28,1,2,A8m,SFG_L(R)_7_1,0.0979,25,179,180,A32p,CG_L(R)_7_3,0.0633,16,0.5355
inferior occipital gyrus,222,14,40,6.51,5,Inferior occipital gyrus,LRU,205,206,iOccG,LOcC_L(R)_4_4,0.3285,79,201,202,V5/MT+,LOcC_L(R)_4_2,0.1756,42,107,108,A37lv,FuG_L(R)_3_3,0.1136,27,203,204,OPC,LOcC_L(R)_4_3,0.1054,25,199,200,mOccG,LOcC_L(R)_4_1,0.093,22,0.8161
cerebellum,199,32,80,17.37,19,Cerebellum,BLRU,105,106,A37mv,FuG_L(R)_3_2,0.1067,25,197,198,vmPOS,MVOcC_L(R)_5_5,0.1025,24,195,196,rLinG,MVOcC_L(R)_5_4,0.069,16,191,192,rCunG,MVOcC_L(R)_5_2,0.0607,14,107,108,A37lv,FuG_L(R)_3_3,0.0607,14,0.3996
posterior cingulate cortex,194,24,47,9.5,8,PCC,BLRU,175,176,A23d,CG_L(R)_7_1,0.2644,57,153,154,A31,PCun_L(R)_4_4,0.1908,41,181,182,A23v,CG_L(R)_7_4,0.1172,25,185,186,A23c,CG_L(R)_7_6,0.0759,16,197,198,vmPOS,MVOcC_L(R)_5_5,0.0667,14,0.715
anterior cingulate,175,19,46,9.14,9,Anterior cingulate,BLRU,187,188,A32sg,CG_L(R)_7_7,0.2399,47,179,180,A32p,CG_L(R)_7_3,0.2096,41,177,178,A24rv,CG_L(R)_7_2,0.1086,21,183,184,A24cd,CG_L(R)_7_5,0.0631,12,1,2,A8m,SFG_L(R)_7_1,0.053,10,0.6742
temporal pole,174,28,67,12.57,16,Temporal pole,LRU,77,78,A38l,STG_L(R)_6_5,0.2,41,83,84,A21r,MTG_L(R)_4_2,0.147,30,69,70,A38m,STG_L(R)_6_1,0.1277,26,39,40,A44v,IFG_L(R)_6_6,0.0506,10,73,74,TE1.0 and TE1.2,STG_L(R)_6_3,0.0361,7,0.5614
anterior insula,168,20,61,8.58,10,Anterior insula,BLRU,167,168,dIa,INS_L(R)_6_3,0.2393,47,37,38,A44op,IFG_L(R)_6_5,0.1788,35,51,52,A12/47l,OrG_L(R)_6_6,0.1134,22,173,174,dId,INS_L(R)_6_6,0.0982,19,165,166,vIa,INS_L(R)_6_2,0.063,12,0.6927
intraparietal sulcus,138,19,45,10.41,10,Intraparietal sulcus,BLRU,137,138,A39rd,IPL_L(R)_6_2,0.215,34,133,134,A7ip,SPL_L(R)_5_5,0.1402,22,139,140,A40rd,IPL_L(R)_6_3,0.0903,14,209,210,lsOccG,LOcC_L(R)_2_2,0.0903,14,129,130,A5l,SPL_L(R)_5_3,0.0717,11,0.6075
medial prefrontal cortex,127,18,47,7.75,8,mPFC,BLRU,13,14,A10m,SFG_L(R)_7_7,0.2957,44,41,42,A14m,OrG_L(R)_6_1,0.1694,25,5,6,A9l,SFG_L(R)_7_3,0.0897,13,187,188,A32sg,CG_L(R)_7_7,0.0897,13,11,12,A9m,SFG_L(R)_7_6,0.0764,11,0.7209
posterior cingulate,123,18,57,8.32,11,Posterior cingulate,BLRU,175,176,A23d,CG_L(R)_7_1,0.1815,27,153,154,A31,PCun_L(R)_4_4,0.1683,25,181,182,A23v,CG_L(R)_7_4,0.1353,20,197,198,vmPOS,MVOcC_L(R)_5_5,0.0957,14,151,152,dmPOS,PCun_L(R)_4_3,0.0891,13,0.6699
frontal pole,120,19,56,9.65,12,Frontal pole,LRU,19,20,A46,MFG_L(R)_7_3,0.1926,28,21,22,A9/46v,MFG_L(R)_7_4,0.1453,21,13,14,A10m,SFG_L(R)_7_7,0.1182,17,15,16,A9/46d,MFG_L(R)_7_1,0.0777,11,27,28,A10l,MFG_L(R)_7_7,0.0709,10,0.6047
precentral,103,20,50,11.26,13,Precentral,LRU,63,64,A6cvl,PrG_L(R)_6_6,0.1367,17,55,56,A6cdl,PrG_L(R)_6_2,0.1289,16,53,54,A4hf,PrG_L(R)_6_1,0.1211,15,17,18,IFJ,MFG_L(R)_7_2,0.0742,9,155,156,A1/2/3ulhf,PoG_L(R)_4_1,0.0664,8,0.5273
caudate nucleus,101,11,22,4.44,4,Caudate nucleus,BLRU,227,228,dCa,BG_L(R)_6_5,0.4509,50,219,220,vCa,BG_L(R)_6_1,0.2812,31,223,224,NAC,BG_L(R)_6_3,0.067,7,237,238,rTtha,Tha_L(R)_8_4,0.0312,3,215,216,rHipp,Hipp_L(R)_2_1,0.0223,2,0.8526
lateral occipital cortex,98,19,42,11.87,13,Lateral occipital cortex,LRU,199,200,mOccG,LOcC_L(R)_4_1,0.1471,17,201,202,V5/MT+,LOcC_L(R)_4_2,0.1387,16,135,136,A39c,IPL_L(R)_6_1,0.0966,11,205,206,iOccG,LOcC_L(R)_4_4,0.0798,9,143,144,A39rv,IPL_L(R)_6_5,0.0714,8,0.5336
superior occipital gyrus,98,13,28,8.17,8,Superior occipital gyrus,LRU,209,210,lsOccG,LOcC_L(R)_2_2,0.2366,26,203,204,OPC,LOcC_L(R)_4_3,0.1473,16,207,208,msOccG,LOcC_L(R)_2_1,0.1473,16,135,136,A39c,IPL_L(R)_6_1,0.1205,13,199,200,mOccG,LOcC_L(R)_4_1,0.058,6,0.7097
fusiform,98,19,53,8.09,14,Fusiform,LRU,107,108,A37lv,FuG_L(R)_3_3,0.261,32,105,106,A37mv,FuG_L(R)_3_2,0.1486,18,103,104,A20rv,FuG_L(R)_3_1,0.1406,17,195,196,rLinG,MVOcC_L(R)_5_4,0.0602,7,113,114,TL,PhG_L(R)_6_3,0.0361,4,0.6465
paracentral lobule,95,16,33,8.81,8,Paracentral lobule,LRU,67,68,A4ll,PCL_L(R)_2_2,0.2466,27,65,66,A1/2/3ll,PCL_L(R)_2_1,0.157,17,59,60,A4t,PrG_L(R)_6_4,0.1121,12,149,150,A5m,PCun_L(R)_4_2,0.0852,9,185,186,A23c,CG_L(R)_7_6,0.0762,8,0.6771
anterior cingulate gyrus,91,14,34,7.9,8,Anterior cingulate gyrus,BLRU,179,180,A32p,CG_L(R)_7_3,0.2176,23,187,188,A32sg,CG_L(R)_7_7,0.2083,22,1,2,A8m,SFG_L(R)_7_1,0.0972,10,183,184,A24cd,CG_L(R)_7_5,0.0972,10,11,12,A9m,SFG_L(R)_7_6,0.0694,7,0.6897
superior temporal sulcus,91,16,32,10.0,9,Superior temporal sulcus,LRU,87,88,aSTS,MTG_L(R)_4_4,0.1542,16,123,124,cpSTS,pSTS_L(R)_2_2,0.1355,14,121,122,rpSTS,pSTS_L(R)_2_1,0.1262,13,79,80,A22r,STG_L(R)_6_6,0.1262,13,75,76,A22c,STG_L(R)_6_4,0.0794,8,0.6215
rolandic operculum,89,13,34,7.48,9,Rolandic operculum,LRU,61,62,A4tl,PrG_L(R)_6_5,0.2311,24,145,146,A40rv,IPL_L(R)_6_6,0.2028,21,157,158,A1/2/3tonIa,PoG_L(R)_4_2,0.1462,15,73,74,TE1.0 and TE1.2,STG_L(R)_6_3,0.0613,6,171,172,dIg,INS_L(R)_6_5,0.0519,5,0.6933
globus pallidus,85,9,14,5.95,5,Pallidum,LRU,221,222,GP,BG_L(R)_6_2,0.3424,31,225,226,vmPu,BG_L(R)_6_4,0.2011,18,229,230,dlPu,BG_L(R)_6_6,0.125,11,219,220,vCa,BG_L(R)_6_1,0.125,11,233,234,mPMtha,Tha_L(R)_8_2,0.0707,6,0.8642
middle cingulate cortex,77,19,41,10.66,14,Middle cingulate cortex,LRU,185,186,A23c,CG_L(R)_7_6,0.2,19,183,184,A24cd,CG_L(R)_7_5,0.1282,12,175,176,A23d,CG_L(R)_7_1,0.0974,9,11,12,A9m,SFG_L(R)_7_6,0.0769,7,1,2,A8m,SFG_L(R)_7_1,0.0667,6,0.5692
orbital frontal cortex,75,19,55,10.43,18,OFC,LRU,45,46,A11l,OrG_L(R)_6_3,0.1805,18,43,44,A12/47o,OrG_L(R)_6_2,0.0927,9,51,52,A12/47l,OrG_L(R)_6_6,0.0634,6,49,50,A13,OrG_L(R)_6_5,0.0634,6,21,22,A9/46v,MFG_L(R)_7_4,0.0537,5,0.4537
vmpfc,74,18,53,7.79,17,vmPFC,BLRU,41,42,A14m,OrG_L(R)_6_1,0.2139,21,187,188,A32sg,CG_L(R)_7_7,0.204,20,13,14,A10m,SFG_L(R)_7_7,0.0846,8,47,48,A11m,OrG_L(R)_6_4,0.0647,6,49,50,A13,OrG_L(R)_6_5,0.0448,4,0.612
inferior parietal cortex,72,16,42,8.65,13,Inferior parietal cortex,LRU,141,142,A40c,IPL_L(R)_6_4,0.2097,19,139,140,A40rd,IPL_L(R)_6_3,0.1237,11,143,144,A39rv,IPL_L(R)_6_5,0.1129,10,137,138,A39rd,IPL_L(R)_6_2,0.0914,8,145,146,A40rv,IPL_L(R)_6_6,0.0806,7,0.6183
inferior parietal,71,12,21,8.28,7,Inferior parietal,LRU,139,140,A40rd,IPL_L(R)_6_3,0.2393,19,141,142,A40c,IPL_L(R)_6_4,0.1534,12,137,138,A39rd,IPL_L(R)_6_2,0.1166,9,129,130,A5l,SPL_L(R)_5_3,0.1043,8,143,144,A39rv,IPL_L(R)_6_5,0.0798,6,0.6934
frontal,70,37,63,23.51,33,Frontal,LRU,63,64,A6cvl,PrG_L(R)_6_6,0.0837,8,17,18,IFJ,MFG_L(R)_7_2,0.0443,4,53,54,A4hf,PrG_L(R)_6_1,0.0443,4,21,22,A9/46v,MFG_L(R)_7_4,0.0443,4,15,16,A9/46d,MFG_L(R)_7_1,0.0345,3,0.2511
posterior cingulate gyrus,69,12,37,6.36,9,Posterior cingulate gyrus,LRU,175,176,A23d,CG_L(R)_7_1,0.28,24,153,154,A31,PCun_L(R)_4_4,0.1429,12,181,182,A23v,CG_L(R)_7_4,0.1429,12,185,186,A23c,CG_L(R)_7_6,0.0743,6,151,152,dmPOS,PCun_L(R)_4_3,0.0629,5,0.703
postcentral,67,19,62,9.46,20,Postcentral,LRU,155,156,A1/2/3ulhf,PoG_L(R)_4_1,0.1276,12,161,162,A1/2/3tru,PoG_L(R)_4_4,0.0969,9,53,54,A4hf,PrG_L(R)_6_1,0.0969,9,157,158,A1/2/3tonIa,PoG_L(R)_4_2,0.0765,7,159,160,A2,PoG_L(R)_4_3,0.0663,6,0.4642
parietal,66,30,58,18.89,27,Parietal,LRU,141,142,A40c,IPL_L(R)_6_4,0.0579,5,145,146,A40rv,IPL_L(R)_6_6,0.0579,5,209,210,lsOccG,LOcC_L(R)_2_2,0.0474,4,161,162,A1/2/3tru,PoG_L(R)_4_4,0.0474,4,153,154,A31,PCun_L(R)_4_4,0.0474,4,0.258
ventrolateral prefrontal cortex,66,21,47,13.27,18,vlPFC,LRU,37,38,A44op,IFG_L(R)_6_5,0.095,8,51,52,A12/47l,OrG_L(R)_6_6,0.0838,7,35,36,A45r,IFG_L(R)_6_4,0.0838,7,21,22,A9/46v,MFG_L(R)_7_4,0.0726,6,33,34,A45c,IFG_L(R)_6_3,0.0615,5,0.3967
posterior insula,66,13,48,6.9,13,Posterior insula,LRU,163,164,G,INS_L(R)_6_1,0.1833,16,171,172,dIg,INS_L(R)_6_5,0.1611,14,145,146,A40rv,IPL_L(R)_6_6,0.1056,9,73,74,TE1.0 and TE1.2,STG_L(R)_6_3,0.1056,9,157,158,A1/2/3tonIa,PoG_L(R)_4_2,0.0611,5,0.6167
superior parietal,64,21,39,12.83,16,Superior parietal,LRU,133,134,A7ip,SPL_L(R)_5_5,0.1257,10,127,128,A7c,SPL_L(R)_5_2,0.1257,10,125,126,A7r,SPL_L(R)_5_1,0.1018,8,209,210,lsOccG,LOcC_L(R)_2_2,0.0778,6,137,138,A39rd,IPL_L(R)_6_2,0.0778,6,0.5088
occipital,63,20,46,12.55,18,Occipital,LRU,205,206,iOccG,LOcC_L(R)_4_4,0.0988,8,203,204,OPC,LOcC_L(R)_4_3,0.0872,7,209,210,lsOccG,LOcC_L(R)_2_2,0.0872,7,197,198,vmPOS,MVOcC_L(R)_5_5,0.064,5,191,192,rCunG,MVOcC_L(R)_5_2,0.064,5,0.4012
premotor cortex,62,18,37,10.97,14,Premotor cortex,LRU,63,64,A6cvl,PrG_L(R)_6_6,0.1553,12,55,56,A6cdl,PrG_L(R)_6_2,0.1304,10,53,54,A4hf,PrG_L(R)_6_1,0.0932,7,7,8,A6dl,SFG_L(R)_7_4,0.0932,7,25,26,A6vl,MFG_L(R)_7_6,0.0683,5,0.5404
superior parietal lobe,62,15,36,8.84,12,Superior parietal lobe,LRU,127,128,A7c,SPL_L(R)_5_2,0.1812,14,133,134,A7ip,SPL_L(R)_5_5,0.1688,13,125,126,A7r,SPL_L(R)_5_1,0.0938,7,129,130,A5l,SPL_L(R)_5_3,0.0938,7,197,198,vmPOS,MVOcC_L(R)_5_5,0.0562,4,0.5938
calcarine,61,12,48,6.09,13,Calcarine,LRU,197,198,vmPOS,MVOcC_L(R)_5_5,0.2294,19,193,194,cCunG,MVOcC_L(R)_5_3,0.1588,13,191,192,rCunG,MVOcC_L(R)_5_2,0.1235,10,151,152,dmPOS,PCun_L(R)_4_3,0.0765,6,203,204,OPC,LOcC_L(R)_4_3,0.0412,3,0.6294
inferior parietal lobe,61,12,30,7.7,8,Inferior parietal lobe,LRU,139,140,A40rd,IPL_L(R)_6_3,0.2039,15,137,138,A39rd,IPL_L(R)_6_2,0.1776,13,129,130,A5l,SPL_L(R)_5_3,0.0987,7,141,142,A40c,IPL_L(R)_6_4,0.0855,6,143,144,A39rv,IPL_L(R)_6_5,0.0855,6,0.6512
orbitofrontal cortex,61,15,38,8.84,12,Orbitofrontal cortex,LRU,45,46,A11l,OrG_L(R)_6_3,0.2188,17,43,44,A12/47o,OrG_L(R)_6_2,0.1188,9,41,42,A14m,OrG_L(R)_6_1,0.0938,7,49,50,A13,OrG_L(R)_6_5,0.0688,5,47,48,A11m,OrG_L(R)_6_4,0.0562,4,0.5564
pre sma,60,14,38,5.62,12,Pre-SMA,BLRU,1,2,A8m,SFG_L(R)_7_1,0.4241,33,9,10,A6m,SFG_L(R)_7_5,0.1076,8,11,12,A9m,SFG_L(R)_7_6,0.057,4,227,228,dCa,BG_L(R)_6_5,0.0443,3,219,220,vCa,BG_L(R)_6_1,0.0316,2,0.6646
superior frontal,60,15,34,9.61,12,Superior frontal,LRU,5,6,A9l,SFG_L(R)_7_3,0.1623,12,3,4,A8dl,SFG_L(R)_7_2,0.1364,10,7,8,A6dl,SFG_L(R)_7_4,0.1234,9,15,16,A9/46d,MFG_L(R)_7_1,0.0844,6,1,2,A8m,SFG_L(R)_7_1,0.0584,4,0.5649
occipital cortex,60,18,39,11.87,15,Occipital cortex,BLRU,203,204,OPC,LOcC_L(R)_4_3,0.1321,10,193,194,cCunG,MVOcC_L(R)_5_3,0.0943,7,197,198,vmPOS,MVOcC_L(R)_5_5,0.0818,6,207,208,msOccG,LOcC_L(R)_2_1,0.0692,5,205,206,iOccG,LOcC_L(R)_4_4,0.0692,5,0.4466
insular cortex,57,16,50,8.81,17,Insular cortex,LRU,167,168,dIa,INS_L(R)_6_3,0.1646,13,173,174,dId,INS_L(R)_6_6,0.0915,7,165,166,vIa,INS_L(R)_6_2,0.0793,6,171,172,dIg,INS_L(R)_6_5,0.0793,6,169,170,vId/vIg,INS_L(R)_6_4,0.0671,5,0.4818
calcarine gyrus,56,10,29,6.76,8,Calcarine gyrus,LRU,193,194,cCunG,MVOcC_L(R)_5_3,0.2057,14,191,192,rCunG,MVOcC_L(R)_5_2,0.1631,11,151,152,dmPOS,PCun_L(R)_4_3,0.1348,9,197,198,vmPOS,MVOcC_L(R)_5_5,0.0922,6,203,204,OPC,LOcC_L(R)_4_3,0.0922,6,0.688
temporal,54,28,74,14.01,29,Temporal,LRU,71,72,A41/42,STG_L(R)_6_2,0.0604,5,121,122,rpSTS,pSTS_L(R)_2_1,0.0495,4,87,88,aSTS,MTG_L(R)_4_4,0.0495,4,107,108,A37lv,FuG_L(R)_3_3,0.0385,3,143,144,A39rv,IPL_L(R)_6_5,0.0385,3,0.2364
inferior frontal,53,16,37,10.57,14,Inferior frontal,LRU,31,32,IFS,IFG_L(R)_6_2,0.1469,10,37,38,A44op,IFG_L(R)_6_5,0.1049,7,39,40,A44v,IFG_L(R)_6_6,0.0909,6,29,30,A44d,IFG_L(R)_6_1,0.0629,4,61,62,A4tl,PrG_L(R)_6_5,0.0629,4,0.4685
dmpfc,53,10,27,6.19,7,dmPFC,BLRU,13,14,A10m,SFG_L(R)_7_7,0.2331,15,11,12,A9m,SFG_L(R)_7_6,0.218,14,1,2,A8m,SFG_L(R)_7_1,0.1128,7,5,6,A9l,SFG_L(R)_7_3,0.1128,7,9,10,A6m,SFG_L(R)_7_5,0.0526,3,0.7293
ventral striatum,52,12,42,5.65,13,Ventral striatum,BLRU,223,224,NAC,BG_L(R)_6_3,0.2397,17,219,220,vCa,BG_L(R)_6_1,0.226,16,49,50,A13,OrG_L(R)_6_5,0.1027,7,225,226,vmPu,BG_L(R)_6_4,0.0479,3,227,228,dCa,BG_L(R)_6_5,0.0342,2,0.6505
lingual,51,10,23,7.14,8,Lingual,LRU,191,192,rCunG,MVOcC_L(R)_5_2,0.216,13,189,190,cLinG,MVOcC_L(R)_5_1,0.152,9,195,196,rLinG,MVOcC_L(R)_5_4,0.152,9,197,198,vmPOS,MVOcC_L(R)_5_5,0.104,6,205,206,iOccG,LOcC_L(R)_4_4,0.072,4,0.696
occipital pole,50,6,11,4.53,4,Occipital pole,LRU,203,204,OPC,LOcC_L(R)_4_3,0.3514,19,193,194,cCunG,MVOcC_L(R)_5_3,0.2793,15,199,200,mOccG,LOcC_L(R)_4_1,0.1351,7,207,208,msOccG,LOcC_L(R)_2_1,0.0811,4,189,190,cLinG,MVOcC_L(R)_5_1,0.0631,3,0.91
occipital lobe,48,15,31,10.4,12,Occipital lobe,LRU,191,192,rCunG,MVOcC_L(R)_5_2,0.1339,8,203,204,OPC,LOcC_L(R)_4_3,0.1024,6,201,202,V5/MT+,LOcC_L(R)_4_2,0.0866,5,205,206,iOccG,LOcC_L(R)_4_4,0.0866,5,193,194,cCunG,MVOcC_L(R)_5_3,0.0866,5,0.4961
midcingulate cortex,47,15,40,8.49,15,MCC,LU,185,186,A23c,CG_L(R)_7_6,0.1716,11,183,184,A24cd,CG_L(R)_7_5,0.1567,10,175,176,A23d,CG_L(R)_7_1,0.0821,5,11,12,A9m,SFG_L(R)_7_6,0.0522,3,67,68,A4ll,PCL_L(R)_2_2,0.0522,3,0.5148
middle frontal,46,17,32,11.05,14,Middle frontal,LRU,23,24,A8vl,MFG_L(R)_7_5,0.1371,8,15,16,A9/46d,MFG_L(R)_7_1,0.121,7,25,26,A6vl,MFG_L(R)_7_6,0.121,7,19,20,A46,MFG_L(R)_7_3,0.0726,4,21,22,A9/46v,MFG_L(R)_7_4,0.0726,4,0.5243
transverse temporal gyrus,46,9,34,5.17,9,Transverse temporal gyrus,LRU,73,74,TE1.0 and TE1.2,STG_L(R)_6_3,0.2937,18,71,72,A41/42,STG_L(R)_6_2,0.1508,9,157,158,A1/2/3tonIa,PoG_L(R)_4_2,0.119,7,145,146,A40rv,IPL_L(R)_6_6,0.0714,4,163,164,G,INS_L(R)_6_1,0.0556,3,0.6905
inferior parietal gyrus,45,13,27,8.63,10,Inferior parietal gyrus,LRU,139,140,A40rd,IPL_L(R)_6_3,0.1453,8,141,142,A40c,IPL_L(R)_6_4,0.1453,8,129,130,A5l,SPL_L(R)_5_3,0.1453,8,133,134,A7ip,SPL_L(R)_5_5,0.094,5,145,146,A40rv,IPL_L(R)_6_6,0.0769,4,0.6068
inferior temporal,45,15,22,12.29,12,Inferior temporal,LRU,99,100,A20cl,ITG_L(R)_7_6,0.1161,6,107,108,A37lv,FuG_L(R)_3_3,0.0982,5,89,90,A20iv,ITG_L(R)_7_1,0.0982,5,201,202,V5/MT+,LOcC_L(R)_4_2,0.0982,5,91,92,A37elv,ITG_L(R)_7_2,0.0804,4,0.4911
visual cortex,45,12,23,8.57,9,Visual cortex,LRU,189,190,cLinG,MVOcC_L(R)_5_1,0.1681,9,193,194,cCunG,MVOcC_L(R)_5_3,0.1504,8,191,192,rCunG,MVOcC_L(R)_5_2,0.1327,7,203,204,OPC,LOcC_L(R)_4_3,0.115,6,201,202,V5/MT+,LOcC_L(R)_4_2,0.0619,3,0.6281
middle cingulate gyrus,45,14,28,7.88,11,Middle cingulate gyrus,LRU,185,186,A23c,CG_L(R)_7_6,0.2458,14,183,184,A24cd,CG_L(R)_7_5,0.2119,12,177,178,A24rv,CG_L(R)_7_2,0.0593,3,9,10,A6m,SFG_L(R)_7_5,0.0593,3,175,176,A23d,CG_L(R)_7_1,0.0424,2,0.6187
lentiform nucleus,44,11,16,7.74,7,Lentiform nucleus,LRU,225,226,vmPu,BG_L(R)_6_4,0.2212,11,221,222,GP,BG_L(R)_6_2,0.2019,10,229,230,dlPu,BG_L(R)_6_6,0.1635,8,233,234,mPMtha,Tha_L(R)_8_2,0.0865,4,245,246,lPFtha,Tha_L(R)_8_8,0.0673,3,0.7404
post central gyrus,44,19,63,9.2,20,Post-central gyrus,LRU,155,156,A1/2/3ulhf,PoG_L(R)_4_1,0.0993,7,53,54,A4hf,PrG_L(R)_6_1,0.0728,5,145,146,A40rv,IPL_L(R)_6_6,0.0596,4,161,162,A1/2/3tru,PoG_L(R)_4_4,0.0596,4,57,58,A4ul,PrG_L(R)_6_3,0.0596,4,0.3509
angular,43,10,31,5.68,10,Angular,LRU,143,144,A39rv,IPL_L(R)_6_5,0.265,15,137,138,A39rd,IPL_L(R)_6_2,0.1624,9,135,136,A39c,IPL_L(R)_6_1,0.1282,7,141,142,A40c,IPL_L(R)_6_4,0.094,5,133,134,A7ip,SPL_L(R)_5_5,0.0427,2,0.6923
superior medial gyrus,42,4,7,3.66,3,Superior medial gyrus,LRU,11,12,A9m,SFG_L(R)_7_6,0.3626,16,13,14,A10m,SFG_L(R)_7_7,0.2967,13,5,6,A9l,SFG_L(R)_7_3,0.1868,8,1,2,A8m,SFG_L(R)_7_1,0.1209,5,,,,,,,0.967
supramarginal,42,11,35,5.66,12,Supramarginal,LRU,139,140,A40rd,IPL_L(R)_6_3,0.2605,15,145,146,A40rv,IPL_L(R)_6_6,0.1933,11,141,142,A40c,IPL_L(R)_6_4,0.1092,6,143,144,A39rv,IPL_L(R)_6_5,0.042,2,121,122,rpSTS,pSTS_L(R)_2_1,0.042,2,0.647
tpj,42,9,23,4.99,7,TPJ,BLRU,143,144,A39rv,IPL_L(R)_6_5,0.4206,22,123,124,cpSTS,pSTS_L(R)_2_2,0.1028,5,141,142,A40c,IPL_L(R)_6_4,0.0841,4,121,122,rpSTS,pSTS_L(R)_2_1,0.0654,3,135,136,A39c,IPL_L(R)_6_1,0.0654,3,0.7383
middle temporal,41,13,31,8.82,12,Middle temporal,LRU,143,144,A39rv,IPL_L(R)_6_5,0.115,6,87,88,aSTS,MTG_L(R)_4_4,0.115,6,135,136,A39c,IPL_L(R)_6_1,0.115,6,85,86,A37dl,MTG_L(R)_4_3,0.0973,5,121,122,rpSTS,pSTS_L(R)_2_1,0.0973,5,0.5396
claustrum,41,11,27,7.75,10,Claustrum,LRU,167,168,dIa,INS_L(R)_6_3,0.1743,9,229,230,dlPu,BG_L(R)_6_6,0.1193,6,171,172,dIg,INS_L(R)_6_5,0.1193,6,169,170,vId/vIg,INS_L(R)_6_4,0.1009,5,173,174,dId,INS_L(R)_6_6,0.0826,4,0.5964
mog,40,13,20,9.12,9,MOG,LRU,199,200,mOccG,LOcC_L(R)_4_1,0.17,8,135,136,A39c,IPL_L(R)_6_1,0.17,8,201,202,V5/MT+,LOcC_L(R)_4_2,0.15,7,203,204,OPC,LOcC_L(R)_4_3,0.11,5,107,108,A37lv,FuG_L(R)_3_3,0.05,2,0.65
posterior parietal cortex,39,17,32,11.73,15,Posterior parietal cortex,LRU,139,140,A40rd,IPL_L(R)_6_3,0.1,5,137,138,A39rd,IPL_L(R)_6_2,0.1,5,135,136,A39c,IPL_L(R)_6_1,0.1,5,133,134,A7ip,SPL_L(R)_5_5,0.0818,4,209,210,lsOccG,LOcC_L(R)_2_2,0.0636,3,0.4454
superior parietal cortex,39,15,24,10.89,12,Superior parietal cortex,LRU,127,128,A7c,SPL_L(R)_5_2,0.1471,7,133,134,A7ip,SPL_L(R)_5_5,0.1275,6,125,126,A7r,SPL_L(R)_5_1,0.1078,5,151,152,dmPOS,PCun_L(R)_4_3,0.0882,4,131,132,A7pc,SPL_L(R)_5_4,0.0686,3,0.5392
insula lobe,38,12,40,6.78,13,Insula lobe,LRU,167,168,dIa,INS_L(R)_6_3,0.1983,11,37,38,A44op,IFG_L(R)_6_5,0.1121,6,173,174,dId,INS_L(R)_6_6,0.0948,5,163,164,G,INS_L(R)_6_1,0.0603,3,51,52,A12/47l,OrG_L(R)_6_6,0.0603,3,0.5258
superior temporal,37,14,35,8.87,14,Superior temporal,LRU,73,74,TE1.0 and TE1.2,STG_L(R)_6_3,0.1193,6,79,80,A22r,STG_L(R)_6_6,0.1193,6,143,144,A39rv,IPL_L(R)_6_5,0.0826,4,71,72,A41/42,STG_L(R)_6_2,0.0826,4,123,124,cpSTS,pSTS_L(R)_2_2,0.0642,3,0.468
calcarine sulcus,37,8,25,5.29,8,Calcarine sulcus,LRU,197,198,vmPOS,MVOcC_L(R)_5_5,0.2323,11,191,192,rCunG,MVOcC_L(R)_5_2,0.1919,9,193,194,cCunG,MVOcC_L(R)_5_3,0.1515,7,151,152,dmPOS,PCun_L(R)_4_3,0.0909,4,203,204,OPC,LOcC_L(R)_4_3,0.0707,3,0.7373
paracingulate gyrus,37,7,26,5.15,7,Paracingulate gyrus,LRU,11,12,A9m,SFG_L(R)_7_6,0.23,11,187,188,A32sg,CG_L(R)_7_7,0.15,7,13,14,A10m,SFG_L(R)_7_7,0.13,6,1,2,A8m,SFG_L(R)_7_1,0.11,5,41,42,A14m,OrG_L(R)_6_1,0.09,4,0.71
temporal lobe,37,24,62,11.87,25,Temporal lobe,LRU,107,108,A37lv,FuG_L(R)_3_3,0.0662,4,87,88,aSTS,MTG_L(R)_4_4,0.0662,4,215,216,rHipp,Hipp_L(R)_2_1,0.0368,2,217,218,cHipp,Hipp_L(R)_2_2,0.0368,2,95,96,A20il,ITG_L(R)_7_4,0.0368,2,0.2428
insula ba 13,36,13,42,6.87,14,Insula (BA 13),LRU,173,174,dId,INS_L(R)_6_6,0.1491,8,37,38,A44op,IFG_L(R)_6_5,0.1316,7,167,168,dIa,INS_L(R)_6_3,0.114,6,171,172,dIg,INS_L(R)_6_5,0.0965,5,163,164,G,INS_L(R)_6_1,0.0439,2,0.5351
parahippocampal,35,16,55,7.6,17,Parahippocampal,LRU,217,218,cHipp,Hipp_L(R)_2_2,0.136,8,215,216,rHipp,Hipp_L(R)_2_1,0.104,6,119,120,TH,PhG_L(R)_6_6,0.056,3,211,212,mAmyg,Amyg_L(R)_2_1,0.04,2,103,104,A20rv,FuG_L(R)_3_1,0.04,2,0.376
temporal mid,35,14,37,9.12,15,Temporal_Mid_L,LRU,143,144,A39rv,IPL_L(R)_6_5,0.0841,4,97,98,A37vl,ITG_L(R)_7_5,0.0841,4,123,124,cpSTS,pSTS_L(R)_2_2,0.0841,4,135,136,A39c,IPL_L(R)_6_1,0.0654,3,87,88,aSTS,MTG_L(R)_4_4,0.0654,3,0.3831
striatum,34,10,28,6.52,10,Striatum,BLRU,219,220,vCa,BG_L(R)_6_1,0.1771,8,221,222,GP,BG_L(R)_6_2,0.1562,7,227,228,dCa,BG_L(R)_6_5,0.1146,5,225,226,vmPu,BG_L(R)_6_4,0.0938,4,223,224,NAC,BG_L(R)_6_3,0.0938,4,0.6355
inferior parietal lobule ba 40,34,10,21,6.78,8,Inferior parietal lobule (BA 40),LRU,139,140,A40rd,IPL_L(R)_6_3,0.2135,9,141,142,A40c,IPL_L(R)_6_4,0.1685,7,145,146,A40rv,IPL_L(R)_6_6,0.1461,6,137,138,A39rd,IPL_L(R)_6_2,0.1011,4,129,130,A5l,SPL_L(R)_5_3,0.0787,3,0.7079
middle,33,29,71,13.14,30,Middle,LRU,201,202,V5/MT+,LOcC_L(R)_4_2,0.0365,2,135,136,A39c,IPL_L(R)_6_1,0.0365,2,187,188,A32sg,CG_L(R)_7_7,0.0365,2,199,200,mOccG,LOcC_L(R)_4_1,0.0365,2,209,210,lsOccG,LOcC_L(R)_2_2,0.0219,1,0.1679
nucleus accumbens,33,6,19,3.7,5,Nucleus accumbens,LRU,223,224,NAC,BG_L(R)_6_3,0.4118,17,219,220,vCa,BG_L(R)_6_1,0.2235,9,49,50,A13,OrG_L(R)_6_5,0.0824,3,227,228,dCa,BG_L(R)_6_5,0.0588,2,225,226,vmPu,BG_L(R)_6_4,0.0353,1,0.8118
superior temporal pole,33,10,30,6.28,11,Superior temporal pole,LRU,77,78,A38l,STG_L(R)_6_5,0.2396,11,69,70,A38m,STG_L(R)_6_1,0.0938,4,73,74,TE1.0 and TE1.2,STG_L(R)_6_3,0.0938,4,37,38,A44op,IFG_L(R)_6_5,0.0729,3,43,44,A12/47o,OrG_L(R)_6_2,0.0729,3,0.573
medial superior frontal gyrus,33,9,34,5.13,10,Medial superior frontal gyrus,LRU,13,14,A10m,SFG_L(R)_7_7,0.23,11,11,12,A9m,SFG_L(R)_7_6,0.15,7,5,6,A9l,SFG_L(R)_7_3,0.11,5,1,2,A8m,SFG_L(R)_7_1,0.11,5,227,228,dCa,BG_L(R)_6_5,0.03,1,0.63
precuneus ba 7,32,10,35,6.34,11,Precuneus (BA 7),LRU,153,154,A31,PCun_L(R)_4_4,0.1313,6,151,152,dmPOS,PCun_L(R)_4_3,0.1111,5,127,128,A7c,SPL_L(R)_5_2,0.1111,5,147,148,A7m,PCun_L(R)_4_1,0.0909,4,149,150,A5m,PCun_L(R)_4_2,0.0909,4,0.5353
superior parietal gyrus,32,13,35,7.82,14,Superior parietal gyrus,LRU,133,134,A7ip,SPL_L(R)_5_5,0.1313,6,137,138,A39rd,IPL_L(R)_6_2,0.1313,6,127,128,A7c,SPL_L(R)_5_2,0.0909,4,209,210,lsOccG,LOcC_L(R)_2_2,0.0909,4,151,152,dmPOS,PCun_L(R)_4_3,0.0505,2,0.4949
temporoparietal junction,32,10,20,6.51,8,Temporoparietal junction,LRU,143,144,A39rv,IPL_L(R)_6_5,0.2976,12,145,146,A40rv,IPL_L(R)_6_6,0.131,5,141,142,A40c,IPL_L(R)_6_4,0.131,5,85,86,A37dl,MTG_L(R)_4_3,0.0595,2,75,76,A22c,STG_L(R)_6_4,0.0595,2,0.6786
parietal operculum,31,10,30,5.18,11,Parietal operculum,LRU,145,146,A40rv,IPL_L(R)_6_6,0.3152,14,157,158,A1/2/3tonIa,PoG_L(R)_4_2,0.163,7,71,72,A41/42,STG_L(R)_6_2,0.0543,2,121,122,rpSTS,pSTS_L(R)_2_1,0.0543,2,163,164,G,INS_L(R)_6_1,0.0326,1,0.6194
primary motor cortex,30,10,30,6.21,11,Primary motor cortex,LRU,57,58,A4ul,PrG_L(R)_6_3,0.1889,8,53,54,A4hf,PrG_L(R)_6_1,0.1667,7,155,156,A1/2/3ulhf,PoG_L(R)_4_1,0.1,4,73,74,TE1.0 and TE1.2,STG_L(R)_6_3,0.0556,2,67,68,A4ll,PCL_L(R)_2_2,0.0556,2,0.5668
frontal lobe,29,24,61,11.13,25,Frontal lobe,LRU,15,16,A9/46d,MFG_L(R)_7_1,0.0756,4,31,32,IFS,IFG_L(R)_6_2,0.042,2,27,28,A10l,MFG_L(R)_7_7,0.042,2,47,48,A11m,OrG_L(R)_6_4,0.0252,1,45,46,A11l,OrG_L(R)_6_3,0.0252,1,0.21
superior,28,24,57,11.89,25,Superior,LU,121,122,rpSTS,pSTS_L(R)_2_1,0.0442,2,61,62,A4tl,PrG_L(R)_6_5,0.0442,2,73,74,TE1.0 and TE1.2,STG_L(R)_6_3,0.0442,2,75,76,A22c,STG_L(R)_6_4,0.0442,2,197,198,vmPOS,MVOcC_L(R)_5_5,0.0265,1,0.2033
posterior sts,28,10,24,6.89,10,Posterior STS,LRU,121,122,rpSTS,pSTS_L(R)_2_1,0.2125,8,123,124,cpSTS,pSTS_L(R)_2_2,0.1125,4,143,144,A39rv,IPL_L(R)_6_5,0.0875,3,75,76,A22c,STG_L(R)_6_4,0.0875,3,85,86,A37dl,MTG_L(R)_4_3,0.0875,3,0.5875
parahippocampus,28,14,40,7.32,15,Parahippocampus,LRU,217,218,cHipp,Hipp_L(R)_2_2,0.1771,8,215,216,rHipp,Hipp_L(R)_2_1,0.1146,5,211,212,mAmyg,Amyg_L(R)_2_1,0.0521,2,181,182,A23v,CG_L(R)_7_4,0.0521,2,117,118,TI,PhG_L(R)_6_5,0.0521,2,0.448
ventromedial prefrontal cortex,27,7,20,4.68,7,Ventromedial prefrontal cortex,LRU,41,42,A14m,OrG_L(R)_6_1,0.2838,10,187,188,A32sg,CG_L(R)_7_7,0.2297,8,13,14,A10m,SFG_L(R)_7_7,0.0946,3,47,48,A11m,OrG_L(R)_6_4,0.0676,2,49,50,A13,OrG_L(R)_6_5,0.0676,2,0.7433
precentral gyrus ba 6,27,10,19,6.73,9,Precentral gyrus (BA 6),LRU,53,54,A4hf,PrG_L(R)_6_1,0.2055,7,63,64,A6cvl,PrG_L(R)_6_6,0.2055,7,55,56,A6cdl,PrG_L(R)_6_2,0.1507,5,57,58,A4ul,PrG_L(R)_6_3,0.0685,2,15,16,A9/46d,MFG_L(R)_7_1,0.0411,1,0.6713
pulvinar,26,8,14,5.86,6,Pulvinar,LRU,239,240,PPtha,Tha_L(R)_8_5,0.3182,10,241,242,Otha,Tha_L(R)_8_6,0.1667,5,235,236,Stha,Tha_L(R)_8_3,0.1061,3,233,234,mPMtha,Tha_L(R)_8_2,0.0758,2,243,244,cTtha,Tha_L(R)_8_7,0.0758,2,0.7426
parietal cortex,26,17,46,8.92,18,Parietal cortex,LRU,141,142,A40c,IPL_L(R)_6_4,0.0918,4,197,198,vmPOS,MVOcC_L(R)_5_5,0.0714,3,137,138,A39rd,IPL_L(R)_6_2,0.051,2,139,140,A40rd,IPL_L(R)_6_3,0.051,2,125,126,A7r,SPL_L(R)_5_1,0.051,2,0.3162
auditory cortex,26,9,27,5.84,10,Right auditory cortex,LRU,73,74,TE1.0 and TE1.2,STG_L(R)_6_3,0.1646,6,71,72,A41/42,STG_L(R)_6_2,0.1392,5,75,76,A22c,STG_L(R)_6_4,0.1392,5,157,158,A1/2/3tonIa,PoG_L(R)_4_2,0.1139,4,145,146,A40rv,IPL_L(R)_6_6,0.0633,2,0.6202
superior medial frontal gyrus,26,7,20,4.82,7,Superior medial frontal gyrus,LRU,13,14,A10m,SFG_L(R)_7_7,0.2917,10,11,12,A9m,SFG_L(R)_7_6,0.1806,6,5,6,A9l,SFG_L(R)_7_3,0.0972,3,1,2,A8m,SFG_L(R)_7_1,0.0972,3,187,188,A32sg,CG_L(R)_7_7,0.0694,2,0.7361
middle frontal g,26,13,32,8.53,14,Middle Frontal G,LRU,31,32,IFS,IFG_L(R)_6_2,0.0833,3,15,16,A9/46d,MFG_L(R)_7_1,0.0833,3,21,22,A9/46v,MFG_L(R)_7_4,0.0833,3,23,24,A8vl,MFG_L(R)_7_5,0.0833,3,29,30,A44d,IFG_L(R)_6_1,0.0595,2,0.3927
cingulate,26,13,30,8.26,14,Cingulate,BLRU,185,186,A23c,CG_L(R)_7_6,0.1341,5,175,176,A23d,CG_L(R)_7_1,0.1098,4,179,180,A32p,CG_L(R)_7_3,0.0854,3,187,188,A32sg,CG_L(R)_7_7,0.0854,3,183,184,A24cd,CG_L(R)_7_5,0.0854,3,0.5001
mid temporal gyrus,25,15,37,8.92,16,Mid. temporal gyrus,LRU,123,124,cpSTS,pSTS_L(R)_2_2,0.1034,4,85,86,A37dl,MTG_L(R)_4_3,0.0805,3,121,122,rpSTS,pSTS_L(R)_2_1,0.0575,2,135,136,A39c,IPL_L(R)_6_1,0.0575,2,201,202,V5/MT+,LOcC_L(R)_4_2,0.0575,2,0.3564
inferior temporal cortex,25,14,27,9.7,14,Inferior temporal cortex,LRU,95,96,A20il,ITG_L(R)_7_4,0.1169,4,107,108,A37lv,FuG_L(R)_3_3,0.0909,3,97,98,A37vl,ITG_L(R)_7_5,0.0909,3,83,84,A21r,MTG_L(R)_4_2,0.0909,3,91,92,A37elv,ITG_L(R)_7_2,0.0649,2,0.4545
middle temporal gyrus ba 21,25,9,19,5.81,8,Middle temporal gyrus (BA 21),LRU,87,88,aSTS,MTG_L(R)_4_4,0.3043,10,85,86,A37dl,MTG_L(R)_4_3,0.1594,5,83,84,A21r,MTG_L(R)_4_2,0.1014,3,121,122,rpSTS,pSTS_L(R)_2_1,0.0725,2,99,100,A20cl,ITG_L(R)_7_6,0.0435,1,0.6811
dacc,25,10,20,7.86,9,dACC,BLRU,179,180,A32p,CG_L(R)_7_3,0.1286,4,187,188,A32sg,CG_L(R)_7_7,0.1,3,177,178,A24rv,CG_L(R)_7_2,0.1,3,183,184,A24cd,CG_L(R)_7_5,0.1,3,11,12,A9m,SFG_L(R)_7_6,0.1,3,0.5286
frontal operculum,24,10,31,5.94,11,Frontal operculum,LRU,37,38,A44op,IFG_L(R)_6_5,0.2152,8,167,168,dIa,INS_L(R)_6_3,0.0886,3,39,40,A44v,IFG_L(R)_6_6,0.0886,3,51,52,A12/47l,OrG_L(R)_6_6,0.0633,2,61,62,A4tl,PrG_L(R)_6_5,0.0633,2,0.519
frontal eye field,24,10,20,6.64,9,Frontal eye fields,LRU,7,8,A6dl,SFG_L(R)_7_4,0.25,8,55,56,A6cdl,PrG_L(R)_6_2,0.1618,5,25,26,A6vl,MFG_L(R)_7_6,0.1029,3,23,24,A8vl,MFG_L(R)_7_5,0.0735,2,17,18,IFJ,MFG_L(R)_7_2,0.0441,1,0.6323
frontal orbital cortex,24,8,25,5.37,9,Frontal orbital cortex,LRU,37,38,A44op,IFG_L(R)_6_5,0.2055,7,51,52,A12/47l,OrG_L(R)_6_6,0.1507,5,167,168,dIa,INS_L(R)_6_3,0.1233,4,165,166,vIa,INS_L(R)_6_2,0.0685,2,31,32,IFS,IFG_L(R)_6_2,0.0685,2,0.6165
uncus,24,10,31,6.03,11,Uncus,LRU,109,110,A35/36r,PhG_L(R)_6_1,0.1646,6,103,104,A20rv,FuG_L(R)_3_1,0.1392,5,117,118,TI,PhG_L(R)_6_5,0.0886,3,215,216,rHipp,Hipp_L(R)_2_1,0.0886,3,115,116,A28/34,PhG_L(R)_6_4,0.0633,2,0.5443
superior frontal gyrus ba 6,24,13,29,8.37,14,Superior frontal gyrus (BA 6),LRU,7,8,A6dl,SFG_L(R)_7_4,0.1429,5,1,2,A8m,SFG_L(R)_7_1,0.1169,4,219,220,vCa,BG_L(R)_6_1,0.0649,2,227,228,dCa,BG_L(R)_6_5,0.0649,2,215,216,rHipp,Hipp_L(R)_2_1,0.0649,2,0.4545
middle frontal gyrus ba 6,24,13,46,6.48,14,LH middle frontal gyrus (BA 6),LRU,25,26,A6vl,MFG_L(R)_7_6,0.1383,6,173,174,dId,INS_L(R)_6_6,0.0532,2,15,16,A9/46d,MFG_L(R)_7_1,0.0532,2,23,24,A8vl,MFG_L(R)_7_5,0.0532,2,63,64,A6cvl,PrG_L(R)_6_6,0.0532,2,0.3511
dorsomedial prefrontal cortex,23,7,20,5.37,7,Dorsomedial prefrontal cortex,LRU,13,14,A10m,SFG_L(R)_7_7,0.1667,5,11,12,A9m,SFG_L(R)_7_6,0.1667,5,5,6,A9l,SFG_L(R)_7_3,0.1364,4,3,4,A8dl,SFG_L(R)_7_2,0.1061,3,1,2,A8m,SFG_L(R)_7_1,0.1061,3,0.682
culmen,23,14,44,7.27,15,Culmen,LRU,105,106,A37mv,FuG_L(R)_3_2,0.0778,3,195,196,rLinG,MVOcC_L(R)_5_4,0.0778,3,111,112,A35/36c,PhG_L(R)_6_2,0.0778,3,197,198,vmPOS,MVOcC_L(R)_5_5,0.0556,2,103,104,A20rv,FuG_L(R)_3_1,0.0556,2,0.3446
middle frontal gyrus ba 9,23,8,25,5.19,9,Middle frontal gyrus (BA 9),LRU,23,24,A8vl,MFG_L(R)_7_5,0.1831,6,15,16,A9/46d,MFG_L(R)_7_1,0.1831,6,17,18,IFJ,MFG_L(R)_7_2,0.1268,4,29,30,A44d,IFG_L(R)_6_1,0.0986,3,39,40,A44v,IFG_L(R)_6_6,0.0423,1,0.6339
basal ganglia,23,11,27,7.35,12,Basal ganglia,LRU,221,222,GP,BG_L(R)_6_2,0.1507,5,229,230,dlPu,BG_L(R)_6_6,0.0959,3,225,226,vmPu,BG_L(R)_6_4,0.0959,3,219,220,vCa,BG_L(R)_6_1,0.0685,2,223,224,NAC,BG_L(R)_6_3,0.0685,2,0.4795
temporal inf,23,12,26,8.09,12,Temporal_Inf_R,LRU,107,108,A37lv,FuG_L(R)_3_3,0.1528,5,99,100,A20cl,ITG_L(R)_7_6,0.0972,3,201,202,V5/MT+,LOcC_L(R)_4_2,0.0972,3,103,104,A20rv,FuG_L(R)_3_1,0.0694,2,97,98,A37vl,ITG_L(R)_7_5,0.0694,2,0.486
middle temporal gyrus 21,23,8,18,5.74,8,Middle temporal gyrus (21),LRU,87,88,aSTS,MTG_L(R)_4_4,0.2344,7,75,76,A22c,STG_L(R)_6_4,0.1719,5,79,80,A22r,STG_L(R)_6_6,0.1406,4,81,82,A21c,MTG_L(R)_4_1,0.0781,2,61,62,A4tl,PrG_L(R)_6_5,0.0781,2,0.7031
dorsal anterior cingulate cortex,22,10,20,7.33,10,Dorsal anterior cingulate cortex,LRU,179,180,A32p,CG_L(R)_7_3,0.2031,6,177,178,A24rv,CG_L(R)_7_2,0.1094,3,187,188,A32sg,CG_L(R)_7_7,0.0781,2,1,2,A8m,SFG_L(R)_7_1,0.0781,2,183,184,A24cd,CG_L(R)_7_5,0.0781,2,0.5468
inferior frontal gyrus ba 45,22,9,23,5.7,10,Inferior frontal gyrus (BA 45),LRU,31,32,IFS,IFG_L(R)_6_2,0.194,6,33,34,A45c,IFG_L(R)_6_3,0.194,6,37,38,A44op,IFG_L(R)_6_5,0.1343,4,29,30,A44d,IFG_L(R)_6_1,0.0448,1,39,40,A44v,IFG_L(R)_6_6,0.0448,1,0.6119
occipital fusiform gyrus,22,6,14,4.43,5,Occipital fusiform gyrus,LRU,105,106,A37mv,FuG_L(R)_3_2,0.3276,9,205,206,iOccG,LOcC_L(R)_4_4,0.2241,6,201,202,V5/MT+,LOcC_L(R)_4_2,0.0862,2,195,196,rLinG,MVOcC_L(R)_5_4,0.0862,2,197,198,vmPOS,MVOcC_L(R)_5_5,0.0862,2,0.8103
inferior frontal g,22,14,31,8.81,15,Inferior frontal g.,LRU,21,22,A9/46v,MFG_L(R)_7_4,0.12,4,33,34,A45c,IFG_L(R)_6_3,0.0933,3,29,30,A44d,IFG_L(R)_6_1,0.0667,2,37,38,A44op,IFG_L(R)_6_5,0.0667,2,63,64,A6cvl,PrG_L(R)_6_6,0.0667,2,0.4134
caudate head,22,5,14,3.62,5,Caudate head,BLRU,219,220,vCa,BG_L(R)_6_1,0.3276,9,227,228,dCa,BG_L(R)_6_5,0.2931,8,223,224,NAC,BG_L(R)_6_3,0.1207,3,225,226,vmPu,BG_L(R)_6_4,0.0517,1,231,232,mPFtha,Tha_L(R)_8_1,0.0517,1,0.8448
medial frontal,21,13,33,7.75,14,Medial frontal,LRU,13,14,A10m,SFG_L(R)_7_7,0.12,4,11,12,A9m,SFG_L(R)_7_6,0.0933,3,41,42,A14m,OrG_L(R)_6_1,0.0667,2,25,26,A6vl,MFG_L(R)_7_6,0.0667,2,9,10,A6m,SFG_L(R)_7_5,0.0667,2,0.4134
somatosensory cortex,21,11,38,5.85,12,Primary somatosensory cortex,LRU,155,156,A1/2/3ulhf,PoG_L(R)_4_1,0.1375,5,159,160,A2,PoG_L(R)_4_3,0.1125,4,139,140,A40rd,IPL_L(R)_6_3,0.0875,3,145,146,A40rv,IPL_L(R)_6_6,0.0625,2,215,216,rHipp,Hipp_L(R)_2_1,0.0375,1,0.4375
parietal lobe,21,14,24,10.13,13,Parietal Lobe,LRU,145,146,A40rv,IPL_L(R)_6_6,0.1061,3,125,126,A7r,SPL_L(R)_5_1,0.1061,3,129,130,A5l,SPL_L(R)_5_3,0.1061,3,143,144,A39rv,IPL_L(R)_6_5,0.0758,2,127,128,A7c,SPL_L(R)_5_2,0.0455,1,0.4396
motor cortex,21,12,25,8.29,12,Motor cortex,LRU,57,58,A4ul,PrG_L(R)_6_3,0.1343,4,53,54,A4hf,PrG_L(R)_6_1,0.1045,3,155,156,A1/2/3ulhf,PoG_L(R)_4_1,0.0746,2,55,56,A6cdl,PrG_L(R)_6_2,0.0746,2,7,8,A6dl,SFG_L(R)_7_4,0.0746,2,0.4626
rectus,20,7,26,4.31,8,Rectus,LRU,49,50,A13,OrG_L(R)_6_5,0.2576,8,41,42,A14m,OrG_L(R)_6_1,0.1667,5,187,188,A32sg,CG_L(R)_7_7,0.0758,2,47,48,A11m,OrG_L(R)_6_4,0.0758,2,225,226,vmPu,BG_L(R)_6_4,0.0455,1,0.6214
parietal inf,20,8,20,5.47,8,Parietal_Inf_L,LRU,139,140,A40rd,IPL_L(R)_6_3,0.2167,6,137,138,A39rd,IPL_L(R)_6_2,0.1833,5,159,160,A2,PoG_L(R)_4_3,0.1167,3,133,134,A7ip,SPL_L(R)_5_5,0.0833,2,135,136,A39c,IPL_L(R)_6_1,0.05,1,0.65
superior frontal sulcus,20,8,17,5.92,8,Superior frontal sulcus,LRU,15,16,A9/46d,MFG_L(R)_7_1,0.2281,6,3,4,A8dl,SFG_L(R)_7_2,0.1579,4,7,8,A6dl,SFG_L(R)_7_4,0.1228,3,23,24,A8vl,MFG_L(R)_7_5,0.0877,2,25,26,A6vl,MFG_L(R)_7_6,0.0877,2,0.6842
midbrain,20,9,16,6.51,8,Midbrain,LRU,245,246,lPFtha,Tha_L(R)_8_8,0.2679,7,231,232,mPFtha,Tha_L(R)_8_1,0.125,3,233,234,mPMtha,Tha_L(R)_8_2,0.125,3,235,236,Stha,Tha_L(R)_8_3,0.0893,2,223,224,NAC,BG_L(R)_6_3,0.0536,1,0.6608
declive,20,7,21,4.8,8,Declive,LRU,105,106,A37mv,FuG_L(R)_3_2,0.2459,7,107,108,A37lv,FuG_L(R)_3_3,0.1475,4,205,206,iOccG,LOcC_L(R)_4_4,0.1148,3,189,190,cLinG,MVOcC_L(R)_5_1,0.1148,3,195,196,rLinG,MVOcC_L(R)_5_4,0.0492,1,0.6722
prefrontal cortex,20,15,38,8.22,16,Prefrontal cortex,LRU,15,16,A9/46d,MFG_L(R)_7_1,0.1154,4,33,34,A45c,IFG_L(R)_6_3,0.0641,2,21,22,A9/46v,MFG_L(R)_7_4,0.0641,2,29,30,A44d,IFG_L(R)_6_1,0.0385,1,31,32,IFS,IFG_L(R)_6_2,0.0385,1,0.3206
middle cingulum,20,10,32,5.64,11,Middle cingulum,LRU,185,186,A23c,CG_L(R)_7_6,0.2083,7,175,176,A23d,CG_L(R)_7_1,0.0694,2,177,178,A24rv,CG_L(R)_7_2,0.0694,2,153,154,A31,PCun_L(R)_4_4,0.0694,2,11,12,A9m,SFG_L(R)_7_6,0.0694,2,0.4859
caudate body,20,4,8,2.12,3,Caudate body,LRU,227,228,dCa,BG_L(R)_6_5,0.7292,17,219,220,vCa,BG_L(R)_6_1,0.0625,1,223,224,NAC,BG_L(R)_6_3,0.0625,1,215,216,rHipp,Hipp_L(R)_2_1,0.0625,1,,,,,,,0.9167
precuneus 7,20,12,26,8.08,13,Precuneus (7),LRU,151,152,dmPOS,PCun_L(R)_4_3,0.1061,3,153,154,A31,PCun_L(R)_4_4,0.1061,3,127,128,A7c,SPL_L(R)_5_2,0.1061,3,149,150,A5m,PCun_L(R)_4_2,0.0758,2,197,198,vmPOS,MVOcC_L(R)_5_5,0.0758,2,0.4699
frontal sup,20,8,20,5.95,8,Frontal_Sup_R,LRU,5,6,A9l,SFG_L(R)_7_3,0.15,4,3,4,A8dl,SFG_L(R)_7_2,0.15,4,7,8,A6dl,SFG_L(R)_7_4,0.1167,3,55,56,A6cdl,PrG_L(R)_6_2,0.1167,3,15,16,A9/46d,MFG_L(R)_7_1,0.0833,2,0.6167
supp motor area,20,9,27,5.23,10,Supp_Motor_Area,LRU,9,10,A6m,SFG_L(R)_7_5,0.2537,8,1,2,A8m,SFG_L(R)_7_1,0.1045,3,67,68,A4ll,PCL_L(R)_2_2,0.1045,3,219,220,vCa,BG_L(R)_6_1,0.0448,1,245,246,lPFtha,Tha_L(R)_8_8,0.0448,1,0.5523
pmd,20,8,24,5.05,9,PMd,LRU,55,56,A6cdl,PrG_L(R)_6_2,0.2031,6,25,26,A6vl,MFG_L(R)_7_6,0.2031,6,7,8,A6dl,SFG_L(R)_7_4,0.0781,2,23,24,A8vl,MFG_L(R)_7_5,0.0781,2,155,156,A1/2/3ulhf,PoG_L(R)_4_1,0.0469,1,0.6093
precentral g,20,8,24,5.43,9,L precentral G,LRU,53,54,A4hf,PrG_L(R)_6_1,0.1719,5,55,56,A6cdl,PrG_L(R)_6_2,0.1406,4,25,26,A6vl,MFG_L(R)_7_6,0.1094,3,63,64,A6cvl,PrG_L(R)_6_6,0.1094,3,17,18,IFJ,MFG_L(R)_7_2,0.0781,2,0.6094
frontal mid,19,8,20,5.81,9,Frontal_Mid_R,LRU,15,16,A9/46d,MFG_L(R)_7_1,0.1552,4,21,22,A9/46v,MFG_L(R)_7_4,0.1552,4,23,24,A8vl,MFG_L(R)_7_5,0.1207,3,17,18,IFJ,MFG_L(R)_7_2,0.1207,3,55,56,A6cdl,PrG_L(R)_6_2,0.0862,2,0.638
frontal inf tri,19,7,13,5.72,6,Frontal_Inf_Tri_L,LRU,31,32,IFS,IFG_L(R)_6_2,0.2549,6,21,22,A9/46v,MFG_L(R)_7_4,0.1373,3,17,18,IFJ,MFG_L(R)_7_2,0.1373,3,29,30,A44d,IFG_L(R)_6_1,0.098,2,33,34,A45c,IFG_L(R)_6_3,0.098,2,0.7255
inf parietal lobule,19,6,11,5.15,5,Inf. Parietal Lobule,LRU,139,140,A40rd,IPL_L(R)_6_3,0.2245,5,145,146,A40rv,IPL_L(R)_6_6,0.1837,4,141,142,A40c,IPL_L(R)_6_4,0.1837,4,129,130,A5l,SPL_L(R)_5_3,0.1429,3,143,144,A39rv,IPL_L(R)_6_5,0.102,2,0.8368
middle frontal cortex,19,9,32,5.02,10,Middle frontal cortex,LRU,15,16,A9/46d,MFG_L(R)_7_1,0.2143,7,23,24,A8vl,MFG_L(R)_7_5,0.1,3,19,20,A46,MFG_L(R)_7_3,0.0714,2,3,4,A8dl,SFG_L(R)_7_2,0.0714,2,17,18,IFJ,MFG_L(R)_7_2,0.0429,1,0.5
inferior frontal gyrus ba 47,19,10,27,6.5,11,Inferior frontal gyrus (BA 47),LRU,51,52,A12/47l,OrG_L(R)_6_6,0.1385,4,33,34,A45c,IFG_L(R)_6_3,0.1077,3,31,32,IFS,IFG_L(R)_6_2,0.0769,2,37,38,A44op,IFG_L(R)_6_5,0.0769,2,15,16,A9/46d,MFG_L(R)_7_1,0.0769,2,0.4769
superior frontal cortex,19,11,36,6.01,12,Superior frontal cortex,LRU,5,6,A9l,SFG_L(R)_7_3,0.1216,4,19,20,A46,MFG_L(R)_7_3,0.0946,3,245,246,lPFtha,Tha_L(R)_8_8,0.0946,3,3,4,A8dl,SFG_L(R)_7_2,0.0676,2,13,14,A10m,SFG_L(R)_7_7,0.0405,1,0.4189
mid cingulate cortex,18,9,32,5.25,10,Mid-cingulate cortex,LRU,185,186,A23c,CG_L(R)_7_6,0.1324,4,175,176,A23d,CG_L(R)_7_1,0.1029,3,183,184,A24cd,CG_L(R)_7_5,0.1029,3,1,2,A8m,SFG_L(R)_7_1,0.1029,3,227,228,dCa,BG_L(R)_6_5,0.0441,1,0.4852
ins,18,11,36,5.96,12,INS,LRU,37,38,A44op,IFG_L(R)_6_5,0.125,4,173,174,dId,INS_L(R)_6_6,0.0972,3,167,168,dIa,INS_L(R)_6_3,0.0694,2,51,52,A12/47l,OrG_L(R)_6_6,0.0694,2,61,62,A4tl,PrG_L(R)_6_5,0.0417,1,0.4027
inferior frontal sulcus,18,7,13,5.56,6,Inferior frontal sulcus,LRU,29,30,A44d,IFG_L(R)_6_1,0.2245,5,31,32,IFS,IFG_L(R)_6_2,0.1837,4,17,18,IFJ,MFG_L(R)_7_2,0.1429,3,21,22,A9/46v,MFG_L(R)_7_4,0.1429,3,15,16,A9/46d,MFG_L(R)_7_1,0.0612,1,0.7552
inferior frontal gyrus ba 44,18,7,31,3.85,8,Inferior frontal gyrus (BA 44),LRU,63,64,A6cvl,PrG_L(R)_6_6,0.2239,7,39,40,A44v,IFG_L(R)_6_6,0.194,6,29,30,A44d,IFG_L(R)_6_1,0.0448,1,171,172,dIg,INS_L(R)_6_5,0.0448,1,17,18,IFJ,MFG_L(R)_7_2,0.0448,1,0.5523
pre central gyrus,18,11,38,5.88,12,Pre-central gyrus,LRU,63,64,A6cvl,PrG_L(R)_6_6,0.0946,3,61,62,A4tl,PrG_L(R)_6_5,0.0946,3,53,54,A4hf,PrG_L(R)_6_1,0.0676,2,55,56,A6cdl,PrG_L(R)_6_2,0.0676,2,57,58,A4ul,PrG_L(R)_6_3,0.0676,2,0.392
inferior parietal lobule 40,18,11,26,7.15,12,Inferior parietal lobule (40),LRU,139,140,A40rd,IPL_L(R)_6_3,0.1129,3,141,142,A40c,IPL_L(R)_6_4,0.1129,3,129,130,A5l,SPL_L(R)_5_3,0.1129,3,121,122,rpSTS,pSTS_L(R)_2_1,0.0806,2,137,138,A39rd,IPL_L(R)_6_2,0.0484,1,0.4677
occipital gyrus,18,9,14,6.89,8,Occipital gyrus,LRU,205,206,iOccG,LOcC_L(R)_4_4,0.26,6,203,204,OPC,LOcC_L(R)_4_3,0.14,3,199,200,mOccG,LOcC_L(R)_4_1,0.1,2,189,190,cLinG,MVOcC_L(R)_5_1,0.1,2,105,106,A37mv,FuG_L(R)_3_2,0.06,1,0.66
planum temporale,18,7,20,4.97,8,Planum temporale,LRU,71,72,A41/42,STG_L(R)_6_2,0.2321,6,145,146,A40rv,IPL_L(R)_6_6,0.125,3,121,122,rpSTS,pSTS_L(R)_2_1,0.125,3,73,74,TE1.0 and TE1.2,STG_L(R)_6_3,0.0893,2,79,80,A22r,STG_L(R)_6_6,0.0893,2,0.6607
dorsal acc,18,8,20,5.67,9,Dorsal ACC,BLRU,179,180,A32p,CG_L(R)_7_3,0.1607,4,11,12,A9m,SFG_L(R)_7_6,0.1607,4,219,220,vCa,BG_L(R)_6_1,0.125,3,177,178,A24rv,CG_L(R)_7_2,0.125,3,227,228,dCa,BG_L(R)_6_5,0.0536,1,0.625
dorsal anterior cingulate,18,7,14,5.56,6,Dorsal anterior cingulate,LRU,183,184,A24cd,CG_L(R)_7_5,0.22,5,179,180,A32p,CG_L(R)_7_3,0.18,4,1,2,A8m,SFG_L(R)_7_1,0.14,3,185,186,A23c,CG_L(R)_7_6,0.1,2,9,10,A6m,SFG_L(R)_7_5,0.1,2,0.74
ba 6,17,12,29,7.44,13,BA 6,U,7,8,A6dl,SFG_L(R)_7_4,0.1111,3,9,10,A6m,SFG_L(R)_7_5,0.0794,2,67,68,A4ll,PCL_L(R)_2_2,0.0794,2,55,56,A6cdl,PrG_L(R)_6_2,0.0794,2,25,26,A6vl,MFG_L(R)_7_6,0.0476,1,0.3969
fef,17,6,20,4.11,7,FEF,LRU,55,56,A6cdl,PrG_L(R)_6_2,0.2407,6,25,26,A6vl,MFG_L(R)_7_6,0.2037,5,7,8,A6dl,SFG_L(R)_7_4,0.1296,3,1,2,A8m,SFG_L(R)_7_1,0.0556,1,17,18,IFJ,MFG_L(R)_7_2,0.0556,1,0.6852
retrosplenial cortex,17,7,31,4.05,8,Retrosplenial cortex,BLRU,181,182,A23v,CG_L(R)_7_4,0.2308,7,151,152,dmPOS,PCun_L(R)_4_3,0.1077,3,227,228,dCa,BG_L(R)_6_5,0.0769,2,153,154,A31,PCun_L(R)_4_4,0.0769,2,175,176,A23d,CG_L(R)_7_1,0.0462,1,0.5385
mid insula,17,6,22,4.31,7,Mid-insula,LRU,173,174,dId,INS_L(R)_6_6,0.1964,5,171,172,dIg,INS_L(R)_6_5,0.1607,4,169,170,vId/vIg,INS_L(R)_6_4,0.125,3,229,230,dlPu,BG_L(R)_6_6,0.0893,2,61,62,A4tl,PrG_L(R)_6_5,0.0893,2,0.6607
superior parietal lobule 7,17,7,17,5.25,7,Superior parietal lobule (7),LRU,137,138,A39rd,IPL_L(R)_6_2,0.1765,4,133,134,A7ip,SPL_L(R)_5_5,0.1765,4,125,126,A7r,SPL_L(R)_5_1,0.1373,3,127,128,A7c,SPL_L(R)_5_2,0.1373,3,129,130,A5l,SPL_L(R)_5_3,0.0588,1,0.6864
inferior,17,15,53,6.29,16,Inferior,LRU,139,140,A40rd,IPL_L(R)_6_3,0.0575,2,73,74,TE1.0 and TE1.2,STG_L(R)_6_3,0.0575,2,121,122,rpSTS,pSTS_L(R)_2_1,0.0345,1,21,22,A9/46v,MFG_L(R)_7_4,0.0345,1,171,172,dIg,INS_L(R)_6_5,0.0345,1,0.2185
frontopolar cortex,17,6,20,3.98,7,Frontopolar cortex,LRU,27,28,A10l,MFG_L(R)_7_7,0.2778,7,19,20,A46,MFG_L(R)_7_3,0.2037,5,41,42,A14m,OrG_L(R)_6_1,0.0926,2,15,16,A9/46d,MFG_L(R)_7_1,0.0556,1,47,48,A11m,OrG_L(R)_6_4,0.0556,1,0.6853
precentral cortex,16,12,47,5.44,13,Precentral cortex,LRU,155,156,A1/2/3ulhf,PoG_L(R)_4_1,0.0633,2,53,54,A4hf,PrG_L(R)_6_1,0.0633,2,55,56,A6cdl,PrG_L(R)_6_2,0.0633,2,57,58,A4ul,PrG_L(R)_6_3,0.0633,2,229,230,dlPu,BG_L(R)_6_6,0.038,1,0.2912
dorsal premotor cortex,16,11,24,7.14,12,Dorsal premotor cortex,LRU,55,56,A6cdl,PrG_L(R)_6_2,0.1607,4,25,26,A6vl,MFG_L(R)_7_6,0.125,3,1,2,A8m,SFG_L(R)_7_1,0.0536,1,15,16,A9/46d,MFG_L(R)_7_1,0.0536,1,17,18,IFJ,MFG_L(R)_7_2,0.0536,1,0.4465
mid frontal gyrus,16,9,19,6.65,9,Mid. frontal gyrus,LRU,15,16,A9/46d,MFG_L(R)_7_1,0.1373,3,21,22,A9/46v,MFG_L(R)_7_4,0.1373,3,19,20,A46,MFG_L(R)_7_3,0.098,2,23,24,A8vl,MFG_L(R)_7_5,0.098,2,25,26,A6vl,MFG_L(R)_7_6,0.098,2,0.5686
anterior sts,16,10,22,6.92,11,Anterior STS,BLRU,87,88,aSTS,MTG_L(R)_4_4,0.1296,3,83,84,A21r,MTG_L(R)_4_2,0.1296,3,39,40,A44v,IFG_L(R)_6_6,0.0926,2,77,78,A38l,STG_L(R)_6_5,0.0926,2,33,34,A45c,IFG_L(R)_6_3,0.0556,1,0.5
sub lobar,16,15,34,8.7,16,Sub-lobar,LRU,245,246,lPFtha,Tha_L(R)_8_8,0.0758,2,171,172,dIg,INS_L(R)_6_5,0.0455,1,233,234,mPMtha,Tha_L(R)_8_2,0.0455,1,221,222,GP,BG_L(R)_6_2,0.0455,1,225,226,vmPu,BG_L(R)_6_4,0.0455,1,0.2578
medial frontal gyrus ba 6,16,7,37,3.8,8,Medial frontal gyrus (BA 6),LRU,9,10,A6m,SFG_L(R)_7_5,0.1594,5,1,2,A8m,SFG_L(R)_7_1,0.1304,4,67,68,A4ll,PCL_L(R)_2_2,0.1014,3,237,238,rTtha,Tha_L(R)_8_4,0.0435,1,227,228,dCa,BG_L(R)_6_5,0.0435,1,0.4782
sup frontal gyrus,16,12,28,7.59,13,Sup. frontal gyrus,LRU,25,26,A6vl,MFG_L(R)_7_6,0.0833,2,19,20,A46,MFG_L(R)_7_3,0.0833,2,15,16,A9/46d,MFG_L(R)_7_1,0.0833,2,55,56,A6cdl,PrG_L(R)_6_2,0.0833,2,227,228,dCa,BG_L(R)_6_5,0.05,1,0.3832
precg,16,12,35,6.6,13,PreCG,LRU,73,74,TE1.0 and TE1.2,STG_L(R)_6_3,0.0746,2,163,164,G,INS_L(R)_6_1,0.0746,2,55,56,A6cdl,PrG_L(R)_6_2,0.0746,2,61,62,A4tl,PrG_L(R)_6_5,0.0746,2,15,16,A9/46d,MFG_L(R)_7_1,0.0448,1,0.3432
pre supplementary motor area,16,3,9,2.43,3,Pre-supplementary motor area,LRU,1,2,A8m,SFG_L(R)_7_1,0.5122,10,9,10,A6m,SFG_L(R)_7_5,0.2683,5,67,68,A4ll,PCL_L(R)_2_2,0.0732,1,,,,,,,,,,,,,0.8537
ba 7,16,11,21,7.95,11,BA 7,LRU,127,128,A7c,SPL_L(R)_5_2,0.1321,3,147,148,A7m,PCun_L(R)_4_1,0.0943,2,125,126,A7r,SPL_L(R)_5_1,0.0943,2,133,134,A7ip,SPL_L(R)_5_5,0.0943,2,139,140,A40rd,IPL_L(R)_6_3,0.0566,1,0.4716
middle frontal gyrus ba 46,16,7,13,5.63,7,Middle frontal gyrus (BA 46),LRU,21,22,A9/46v,MFG_L(R)_7_4,0.2444,5,23,24,A8vl,MFG_L(R)_7_5,0.1556,3,31,32,IFS,IFG_L(R)_6_2,0.1111,2,35,36,A45r,IFG_L(R)_6_4,0.1111,2,15,16,A9/46d,MFG_L(R)_7_1,0.1111,2,0.7333
middle frontal gyrus ba 8,16,7,24,4.68,8,Middle frontal gyrus (BA 8),LRU,17,18,IFJ,MFG_L(R)_7_2,0.1607,4,23,24,A8vl,MFG_L(R)_7_5,0.125,3,15,16,A9/46d,MFG_L(R)_7_1,0.125,3,3,4,A8dl,SFG_L(R)_7_2,0.125,3,25,26,A6vl,MFG_L(R)_7_6,0.0536,1,0.5893
temporo parietal junction,16,7,20,5.01,8,Temporo-parietal junction,LRU,143,144,A39rv,IPL_L(R)_6_5,0.1731,4,123,124,cpSTS,pSTS_L(R)_2_2,0.1731,4,135,136,A39c,IPL_L(R)_6_1,0.0962,2,145,146,A40rv,IPL_L(R)_6_6,0.0962,2,141,142,A40c,IPL_L(R)_6_4,0.0962,2,0.6348
frontal gyrus,16,14,38,7.37,15,Frontal gyrus,LRU,39,40,A44v,IFG_L(R)_6_6,0.0714,2,219,220,vCa,BG_L(R)_6_1,0.0714,2,37,38,A44op,IFG_L(R)_6_5,0.0429,1,19,20,A46,MFG_L(R)_7_3,0.0429,1,221,222,GP,BG_L(R)_6_2,0.0429,1,0.2715
superior frontal gyrus ba 9,16,8,26,4.66,9,Superior frontal gyrus (BA 9),LRU,5,6,A9l,SFG_L(R)_7_3,0.2586,7,3,4,A8dl,SFG_L(R)_7_2,0.0862,2,13,14,A10m,SFG_L(R)_7_7,0.0862,2,15,16,A9/46d,MFG_L(R)_7_1,0.0517,1,197,198,vmPOS,MVOcC_L(R)_5_5,0.0517,1,0.5344
inferior frontal cortex,16,13,31,7.79,14,Inferior frontal cortex,LRU,33,34,A45c,IFG_L(R)_6_3,0.0794,2,37,38,A44op,IFG_L(R)_6_5,0.0794,2,39,40,A44v,IFG_L(R)_6_6,0.0794,2,43,44,A12/47o,OrG_L(R)_6_2,0.0476,1,29,30,A44d,IFG_L(R)_6_1,0.0476,1,0.3334
racc,16,7,26,4.47,8,rACC,LRU,187,188,A32sg,CG_L(R)_7_7,0.1897,5,179,180,A32p,CG_L(R)_7_3,0.1207,3,41,42,A14m,OrG_L(R)_6_1,0.1207,3,11,12,A9m,SFG_L(R)_7_6,0.0862,2,13,14,A10m,SFG_L(R)_7_7,0.0517,1,0.569
middle occipital,15,8,20,4.97,9,Middle occipital,LRU,199,200,mOccG,LOcC_L(R)_4_1,0.3,7,209,210,lsOccG,LOcC_L(R)_2_2,0.1,2,105,106,A37mv,FuG_L(R)_3_2,0.06,1,135,136,A39c,IPL_L(R)_6_1,0.06,1,137,138,A39rd,IPL_L(R)_6_2,0.06,1,0.58
anterior insular cortex,15,6,24,3.93,7,Anterior insular cortex,LRU,167,168,dIa,INS_L(R)_6_3,0.2037,5,51,52,A12/47l,OrG_L(R)_6_6,0.1667,4,165,166,vIa,INS_L(R)_6_2,0.1296,3,173,174,dId,INS_L(R)_6_6,0.0556,1,37,38,A44op,IFG_L(R)_6_5,0.0556,1,0.6112
intracalcarine cortex,15,5,15,3.7,6,Intracalcarine cortex,LRU,191,192,rCunG,MVOcC_L(R)_5_2,0.2889,6,197,198,vmPOS,MVOcC_L(R)_5_5,0.2444,5,193,194,cCunG,MVOcC_L(R)_5_3,0.1111,2,203,204,OPC,LOcC_L(R)_4_3,0.0667,1,151,152,dmPOS,PCun_L(R)_4_3,0.0667,1,0.7778
dorsolateral pfc,15,9,26,5.61,10,Dorsolateral PFC,LRU,23,24,A8vl,MFG_L(R)_7_5,0.1607,4,15,16,A9/46d,MFG_L(R)_7_1,0.0893,2,17,18,IFJ,MFG_L(R)_7_2,0.0893,2,63,64,A6cvl,PrG_L(R)_6_6,0.0893,2,29,30,A44d,IFG_L(R)_6_1,0.0536,1,0.4822
superior temporal gyrus ba 22,15,6,18,4.05,7,Superior temporal gyrus (BA 22),LRU,73,74,TE1.0 and TE1.2,STG_L(R)_6_3,0.3125,7,123,124,cpSTS,pSTS_L(R)_2_2,0.1458,3,143,144,A39rv,IPL_L(R)_6_5,0.1042,2,141,142,A40c,IPL_L(R)_6_4,0.0625,1,85,86,A37dl,MTG_L(R)_4_3,0.0625,1,0.6875
occipital mid,15,6,12,4.9,6,Occipital_Mid_L,LRU,135,136,A39c,IPL_L(R)_6_1,0.2143,4,143,144,A39rv,IPL_L(R)_6_5,0.2143,4,199,200,mOccG,LOcC_L(R)_4_1,0.1667,3,201,202,V5/MT+,LOcC_L(R)_4_2,0.119,2,209,210,lsOccG,LOcC_L(R)_2_2,0.0714,1,0.7857
posterior middle temporal gyrus,15,8,18,5.64,9,Posterior middle temporal gyrus,LRU,85,86,A37dl,MTG_L(R)_4_3,0.1875,4,121,122,rpSTS,pSTS_L(R)_2_1,0.1875,4,79,80,A22r,STG_L(R)_6_6,0.1042,2,75,76,A22c,STG_L(R)_6_4,0.0625,1,135,136,A39c,IPL_L(R)_6_1,0.0625,1,0.6042
superior frontal g,15,11,39,5.38,12,superior frontal G,LRU,1,2,A8m,SFG_L(R)_7_1,0.1304,4,3,4,A8dl,SFG_L(R)_7_2,0.0725,2,167,168,dIa,INS_L(R)_6_3,0.0435,1,17,18,IFJ,MFG_L(R)_7_2,0.0435,1,229,230,dlPu,BG_L(R)_6_6,0.0435,1,0.3334
superior frontal gyrus ba 8,15,5,14,3.69,6,Superior frontal gyrus (BA 8),LRU,3,4,A8dl,SFG_L(R)_7_2,0.3409,7,5,6,A9l,SFG_L(R)_7_3,0.2045,4,1,2,A8m,SFG_L(R)_7_1,0.1136,2,23,24,A8vl,MFG_L(R)_7_5,0.0682,1,25,26,A6vl,MFG_L(R)_7_6,0.0682,1,0.7954
calcarine cortex,15,6,18,4.27,7,Calcarine cortex,LRU,197,198,vmPOS,MVOcC_L(R)_5_5,0.2292,5,193,194,cCunG,MVOcC_L(R)_5_3,0.1875,4,191,192,rCunG,MVOcC_L(R)_5_2,0.1458,3,181,182,A23v,CG_L(R)_7_4,0.0625,1,203,204,OPC,LOcC_L(R)_4_3,0.0625,1,0.6875
inferior occipital,15,5,16,3.6,6,Inferior occipital,LRU,205,206,iOccG,LOcC_L(R)_4_4,0.3261,7,201,202,V5/MT+,LOcC_L(R)_4_2,0.1957,4,107,108,A37lv,FuG_L(R)_3_3,0.1087,2,105,106,A37mv,FuG_L(R)_3_2,0.0652,1,97,98,A37vl,ITG_L(R)_7_5,0.0652,1,0.7609
middle occipital gyrus ba 19,15,4,12,3.21,4,Right middle occipital gyrus (BA19),LRU,199,200,mOccG,LOcC_L(R)_4_1,0.3095,6,201,202,V5/MT+,LOcC_L(R)_4_2,0.3095,6,135,136,A39c,IPL_L(R)_6_1,0.119,2,209,210,lsOccG,LOcC_L(R)_2_2,0.0714,1,,,,,,,0.8094
rectal gyrus,15,4,13,2.82,5,Rectal gyrus,LRU,49,50,A13,OrG_L(R)_6_5,0.4884,10,41,42,A14m,OrG_L(R)_6_1,0.1163,2,47,48,A11m,OrG_L(R)_6_4,0.1163,2,187,188,A32sg,CG_L(R)_7_7,0.0698,1,,,,,,,0.7908
pars opercularis,15,7,25,4.4,8,Right pars opercularis,LRU,39,40,A44v,IFG_L(R)_6_6,0.2,5,63,64,A6cvl,PrG_L(R)_6_6,0.1273,3,29,30,A44d,IFG_L(R)_6_1,0.1273,3,37,38,A44op,IFG_L(R)_6_5,0.0545,1,167,168,dIa,INS_L(R)_6_3,0.0545,1,0.5636
ba 10,15,9,27,5.57,10,BA 10,LRU,13,14,A10m,SFG_L(R)_7_7,0.1228,3,41,42,A14m,OrG_L(R)_6_1,0.1228,3,27,28,A10l,MFG_L(R)_7_7,0.0877,2,47,48,A11m,OrG_L(R)_6_4,0.0877,2,19,20,A46,MFG_L(R)_7_3,0.0526,1,0.4736
sii,15,9,22,5.85,10,SII,LRU,145,146,A40rv,IPL_L(R)_6_6,0.2115,5,157,158,A1/2/3tonIa,PoG_L(R)_4_2,0.0962,2,61,62,A4tl,PrG_L(R)_6_5,0.0962,2,139,140,A40rd,IPL_L(R)_6_3,0.0577,1,141,142,A40c,IPL_L(R)_6_4,0.0577,1,0.5193
lingual gyrus ba 18,15,8,19,5.48,9,Lingual gyrus (BA 18),LRU,195,196,rLinG,MVOcC_L(R)_5_4,0.2245,5,189,190,cLinG,MVOcC_L(R)_5_1,0.1429,3,205,206,iOccG,LOcC_L(R)_4_4,0.102,2,203,204,OPC,LOcC_L(R)_4_3,0.0612,1,191,192,rCunG,MVOcC_L(R)_5_2,0.0612,1,0.5918
psts,15,5,18,3.76,6,pSTS,LRU,121,122,rpSTS,pSTS_L(R)_2_1,0.2708,6,143,144,A39rv,IPL_L(R)_6_5,0.1458,3,123,124,cpSTS,pSTS_L(R)_2_2,0.1458,3,85,86,A37dl,MTG_L(R)_4_3,0.1042,2,75,76,A22c,STG_L(R)_6_4,0.0625,1,0.7291
sub gyral,15,12,49,5.02,13,Sub-Gyral,LRU,7,8,A6dl,SFG_L(R)_7_4,0.1139,4,55,56,A6cdl,PrG_L(R)_6_2,0.038,1,57,58,A4ul,PrG_L(R)_6_3,0.038,1,107,108,A37lv,FuG_L(R)_3_3,0.038,1,217,218,cHipp,Hipp_L(R)_2_2,0.038,1,0.2659
limbic,15,11,38,5.65,12,Limbic,U,179,180,A32p,CG_L(R)_7_3,0.0735,2,183,184,A24cd,CG_L(R)_7_5,0.0735,2,197,198,vmPOS,MVOcC_L(R)_5_5,0.0735,2,151,152,dmPOS,PCun_L(R)_4_3,0.0735,2,223,224,NAC,BG_L(R)_6_3,0.0441,1,0.3381
medial orbitofrontal cortex,14,5,20,3.36,6,Medial orbitofrontal cortex,LRU,41,42,A14m,OrG_L(R)_6_1,0.2708,6,47,48,A11m,OrG_L(R)_6_4,0.2292,5,187,188,A32sg,CG_L(R)_7_7,0.0625,1,49,50,A13,OrG_L(R)_6_5,0.0625,1,13,14,A10m,SFG_L(R)_7_7,0.0625,1,0.6875
middle cingulate,14,7,24,4.28,8,Middle cingulate,LRU,185,186,A23c,CG_L(R)_7_6,0.2115,5,175,176,A23d,CG_L(R)_7_1,0.1731,4,177,178,A24rv,CG_L(R)_7_2,0.0577,1,183,184,A24cd,CG_L(R)_7_5,0.0577,1,65,66,A1/2/3ll,PCL_L(R)_2_1,0.0577,1,0.5577
precuneus cortex,14,8,11,6.66,7,Precuneus Cortex,LRU,147,148,A7m,PCun_L(R)_4_1,0.2308,4,151,152,dmPOS,PCun_L(R)_4_3,0.1795,3,153,154,A31,PCun_L(R)_4_4,0.1282,2,197,198,vmPOS,MVOcC_L(R)_5_5,0.0769,1,191,192,rCunG,MVOcC_L(R)_5_2,0.0769,1,0.6923
superior temporal g,14,7,18,5.06,8,Superior temporal g.,LRU,73,74,TE1.0 and TE1.2,STG_L(R)_6_3,0.1957,4,71,72,A41/42,STG_L(R)_6_2,0.1522,3,87,88,aSTS,MTG_L(R)_4_4,0.1087,2,79,80,A22r,STG_L(R)_6_6,0.1087,2,121,122,rpSTS,pSTS_L(R)_2_1,0.0652,1,0.6305
pmc,14,11,47,4.82,12,PMC,LRU,25,26,A6vl,MFG_L(R)_7_6,0.0667,2,53,54,A4hf,PrG_L(R)_6_1,0.0667,2,63,64,A6cvl,PrG_L(R)_6_6,0.0667,2,171,172,dIg,INS_L(R)_6_5,0.04,1,175,176,A23d,CG_L(R)_7_1,0.04,1,0.2801
inferior frontal gyrus pars triangularis,14,7,19,4.78,8,Inferior frontal gyrus pars triangularis,LRU,35,36,A45r,IFG_L(R)_6_4,0.234,5,33,34,A45c,IFG_L(R)_6_3,0.1489,3,21,22,A9/46v,MFG_L(R)_7_4,0.1064,2,37,38,A44op,IFG_L(R)_6_5,0.0638,1,17,18,IFJ,MFG_L(R)_7_2,0.0638,1,0.6169
ba 9,14,12,39,5.92,13,BA9,LRU,17,18,IFJ,MFG_L(R)_7_2,0.0746,2,29,30,A44d,IFG_L(R)_6_1,0.0746,2,23,24,A8vl,MFG_L(R)_7_5,0.0448,1,179,180,A32p,CG_L(R)_7_3,0.0448,1,183,184,A24cd,CG_L(R)_7_5,0.0448,1,0.2836
frontal inf orb,14,8,25,4.97,9,Frontal_Inf_Orb_L,LR,51,52,A12/47l,OrG_L(R)_6_6,0.1698,4,43,44,A12/47o,OrG_L(R)_6_2,0.1321,3,45,46,A11l,OrG_L(R)_6_3,0.0943,2,167,168,dIa,INS_L(R)_6_3,0.0566,1,33,34,A45c,IFG_L(R)_6_3,0.0566,1,0.5094
sup frontal,14,8,20,5.34,9,Sup frontal,LRU,3,4,A8dl,SFG_L(R)_7_2,0.2292,5,19,20,A46,MFG_L(R)_7_3,0.1042,2,7,8,A6dl,SFG_L(R)_7_4,0.1042,2,15,16,A9/46d,MFG_L(R)_7_1,0.0625,1,27,28,A10l,MFG_L(R)_7_7,0.0625,1,0.5626
sup temporal gyrus,14,9,24,5.86,10,Sup. temporal gyrus,LRU,75,76,A22c,STG_L(R)_6_4,0.1346,3,121,122,rpSTS,pSTS_L(R)_2_1,0.0962,2,141,142,A40c,IPL_L(R)_6_4,0.0962,2,73,74,TE1.0 and TE1.2,STG_L(R)_6_3,0.0962,2,87,88,aSTS,MTG_L(R)_4_4,0.0577,1,0.4809
posterior superior temporal sulcus,14,5,14,4.06,6,Posterior superior temporal sulcus,BLRU,121,122,rpSTS,pSTS_L(R)_2_1,0.2143,4,123,124,cpSTS,pSTS_L(R)_2_2,0.2143,4,143,144,A39rv,IPL_L(R)_6_5,0.1667,3,201,202,V5/MT+,LOcC_L(R)_4_2,0.119,2,135,136,A39c,IPL_L(R)_6_1,0.0714,1,0.7857
superior frontal gyrus 6,14,8,27,4.93,9,Left superior frontal gyrus (6),LRU,1,2,A8m,SFG_L(R)_7_1,0.1273,3,7,8,A6dl,SFG_L(R)_7_4,0.1273,3,219,220,vCa,BG_L(R)_6_1,0.0909,2,9,10,A6m,SFG_L(R)_7_5,0.0909,2,59,60,A4t,PrG_L(R)_6_4,0.0545,1,0.4909
brainstem,14,8,20,5.72,9,Brainstem,LRU,231,232,mPFtha,Tha_L(R)_8_1,0.1458,3,241,242,Otha,Tha_L(R)_8_6,0.1042,2,235,236,Stha,Tha_L(R)_8_3,0.1042,2,237,238,rTtha,Tha_L(R)_8_4,0.1042,2,239,240,PPtha,Tha_L(R)_8_5,0.1042,2,0.5626
mid occipital gyrus,14,6,12,4.54,6,L mid. occipital gyrus,LRU,199,200,mOccG,LOcC_L(R)_4_1,0.325,6,205,206,iOccG,LOcC_L(R)_4_4,0.175,3,201,202,V5/MT+,LOcC_L(R)_4_2,0.125,2,209,210,lsOccG,LOcC_L(R)_2_2,0.075,1,203,204,OPC,LOcC_L(R)_4_3,0.075,1,0.775
cingulum mid,14,8,24,5.06,9,Cingulum_Mid_L,LRU,175,176,A23d,CG_L(R)_7_1,0.1731,4,185,186,A23c,CG_L(R)_7_6,0.1346,3,1,2,A8m,SFG_L(R)_7_1,0.0962,2,227,228,dCa,BG_L(R)_6_5,0.0577,1,179,180,A32p,CG_L(R)_7_3,0.0577,1,0.5193
sensorimotor cortex,13,9,18,6.71,10,Sensorimotor cortex,LRU,155,156,A1/2/3ulhf,PoG_L(R)_4_1,0.1136,2,159,160,A2,PoG_L(R)_4_3,0.1136,2,65,66,A1/2/3ll,PCL_L(R)_2_1,0.1136,2,67,68,A4ll,PCL_L(R)_2_2,0.1136,2,173,174,dId,INS_L(R)_6_6,0.0682,1,0.5226
inferior frontal gyrus 47,13,6,24,4.1,7,Inferior frontal gyrus (47),LRU,37,38,A44op,IFG_L(R)_6_5,0.14,3,51,52,A12/47l,OrG_L(R)_6_6,0.14,3,167,168,dIa,INS_L(R)_6_3,0.1,2,43,44,A12/47o,OrG_L(R)_6_2,0.1,2,45,46,A11l,OrG_L(R)_6_3,0.1,2,0.58
pars triangularis,13,7,19,4.84,8,Pars triangularis,RU,35,36,A45r,IFG_L(R)_6_4,0.2,4,31,32,IFS,IFG_L(R)_6_2,0.1556,3,17,18,IFJ,MFG_L(R)_7_2,0.1111,2,33,34,A45c,IFG_L(R)_6_3,0.0667,1,15,16,A9/46d,MFG_L(R)_7_1,0.0667,1,0.6001
pcu,13,8,26,4.76,9,PCu,BLRU,153,154,A31,PCun_L(R)_4_4,0.1731,4,151,152,dmPOS,PCun_L(R)_4_3,0.1346,3,135,136,A39c,IPL_L(R)_6_1,0.0577,1,207,208,msOccG,LOcC_L(R)_2_1,0.0577,1,209,210,lsOccG,LOcC_L(R)_2_2,0.0577,1,0.4808
mid frontal,13,6,7,5.66,5,L mid frontal,LRU,23,24,A8vl,MFG_L(R)_7_5,0.2121,3,21,22,A9/46v,MFG_L(R)_7_4,0.2121,3,15,16,A9/46d,MFG_L(R)_7_1,0.1515,2,19,20,A46,MFG_L(R)_7_3,0.1515,2,25,26,A6vl,MFG_L(R)_7_6,0.1515,2,0.8787
precentral gyrus 6,13,9,29,5.21,10,Left precentral gyrus (6),LRU,53,54,A4hf,PrG_L(R)_6_1,0.1273,3,55,56,A6cdl,PrG_L(R)_6_2,0.0909,2,57,58,A4ul,PrG_L(R)_6_3,0.0909,2,229,230,dlPu,BG_L(R)_6_6,0.0545,1,173,174,dId,INS_L(R)_6_6,0.0545,1,0.4181
ventral premotor cortex,13,6,19,3.94,7,Ventral premotor cortex,LRU,63,64,A6cvl,PrG_L(R)_6_6,0.2889,6,53,54,A4hf,PrG_L(R)_6_1,0.1556,3,15,16,A9/46d,MFG_L(R)_7_1,0.0667,1,29,30,A44d,IFG_L(R)_6_1,0.0667,1,55,56,A6cdl,PrG_L(R)_6_2,0.0667,1,0.6446
middle frontal gyrus 6,13,7,28,4.09,8,Right middle frontal gyrus (6),LRU,25,26,A6vl,MFG_L(R)_7_6,0.2037,5,17,18,IFJ,MFG_L(R)_7_2,0.0926,2,7,8,A6dl,SFG_L(R)_7_4,0.0926,2,55,56,A6cdl,PrG_L(R)_6_2,0.0556,1,63,64,A6cvl,PrG_L(R)_6_6,0.0556,1,0.5001
middle orbital gyrus,13,6,19,4.31,7,Right middle orbital gyrus,LRU,45,46,A11l,OrG_L(R)_6_3,0.2,4,41,42,A14m,OrG_L(R)_6_1,0.1556,3,27,28,A10l,MFG_L(R)_7_7,0.1111,2,43,44,A12/47o,OrG_L(R)_6_2,0.1111,2,35,36,A45r,IFG_L(R)_6_4,0.0667,1,0.6445
fusiform gyrus 37,13,6,19,3.79,7,Fusiform gyrus (37),LRU,107,108,A37lv,FuG_L(R)_3_3,0.3333,7,105,106,A37mv,FuG_L(R)_3_2,0.1111,2,91,92,A37elv,ITG_L(R)_7_2,0.0667,1,21,22,A9/46v,MFG_L(R)_7_4,0.0667,1,103,104,A20rv,FuG_L(R)_3_1,0.0667,1,0.6445
inferior frontal operculum,12,7,24,4.39,8,R inferior frontal operculum,LRU,63,64,A6cvl,PrG_L(R)_6_6,0.1875,4,37,38,A44op,IFG_L(R)_6_5,0.1042,2,167,168,dIa,INS_L(R)_6_3,0.1042,2,51,52,A12/47l,OrG_L(R)_6_6,0.0625,1,29,30,A44d,IFG_L(R)_6_1,0.0625,1,0.5209
apfc,12,5,14,3.67,6,aPFC,LRU,19,20,A46,MFG_L(R)_7_3,0.3421,6,21,22,A9/46v,MFG_L(R)_7_4,0.1316,2,15,16,A9/46d,MFG_L(R)_7_1,0.1316,2,5,6,A9l,SFG_L(R)_7_3,0.0789,1,13,14,A10m,SFG_L(R)_7_7,0.0789,1,0.7631
parietal sup,12,6,13,4.67,6,Parietal_Sup_L,LRU,127,128,A7c,SPL_L(R)_5_2,0.2432,4,209,210,lsOccG,LOcC_L(R)_2_2,0.1892,3,133,134,A7ip,SPL_L(R)_5_5,0.1351,2,215,216,rHipp,Hipp_L(R)_2_1,0.0811,1,207,208,msOccG,LOcC_L(R)_2_1,0.0811,1,0.7297
inf parietal,12,4,10,3.47,4,L inf parietal,LRU,139,140,A40rd,IPL_L(R)_6_3,0.2647,4,137,138,A39rd,IPL_L(R)_6_2,0.2647,4,141,142,A40c,IPL_L(R)_6_4,0.2059,3,159,160,A2,PoG_L(R)_4_3,0.0882,1,,,,,,,0.8235
middle temporal g,12,8,31,4.44,9,Middle temporal G.,LU,85,86,A37dl,MTG_L(R)_4_3,0.1273,3,143,144,A39rv,IPL_L(R)_6_5,0.0909,2,121,122,rpSTS,pSTS_L(R)_2_1,0.0909,2,201,202,V5/MT+,LOcC_L(R)_4_2,0.0545,1,97,98,A37vl,ITG_L(R)_7_5,0.0545,1,0.4181
middle insula,12,5,22,3.31,6,Middle insula,LRU,173,174,dId,INS_L(R)_6_6,0.2826,6,171,172,dIg,INS_L(R)_6_5,0.1087,2,61,62,A4tl,PrG_L(R)_6_5,0.1087,2,229,230,dlPu,BG_L(R)_6_6,0.0652,1,157,158,A1/2/3tonIa,PoG_L(R)_4_2,0.0652,1,0.6304
lateral ofc,12,6,25,3.8,7,Lateral OFC,LRU,43,44,A12/47o,OrG_L(R)_6_2,0.1837,4,35,36,A45r,IFG_L(R)_6_4,0.1429,3,27,28,A10l,MFG_L(R)_7_7,0.102,2,37,38,A44op,IFG_L(R)_6_5,0.0612,1,173,174,dId,INS_L(R)_6_6,0.0612,1,0.551
lateral occipital,12,7,19,4.61,8,Right lateral occipital,LRU,199,200,mOccG,LOcC_L(R)_4_1,0.2558,5,135,136,A39c,IPL_L(R)_6_1,0.1163,2,201,202,V5/MT+,LOcC_L(R)_4_2,0.0698,1,137,138,A39rd,IPL_L(R)_6_2,0.0698,1,203,204,OPC,LOcC_L(R)_4_3,0.0698,1,0.5815
lmtg,12,9,30,5.08,10,LMTG,U,121,122,rpSTS,pSTS_L(R)_2_1,0.0926,2,71,72,A41/42,STG_L(R)_6_2,0.0926,2,83,84,A21r,MTG_L(R)_4_2,0.0926,2,73,74,TE1.0 and TE1.2,STG_L(R)_6_3,0.0556,1,39,40,A44v,IFG_L(R)_6_6,0.0556,1,0.389
intra parietal sulcus,12,7,35,3.71,8,Left intra-parietal sulcus,LRU,139,140,A40rd,IPL_L(R)_6_3,0.1525,4,137,138,A39rd,IPL_L(R)_6_2,0.0847,2,197,198,vmPOS,MVOcC_L(R)_5_5,0.0847,2,15,16,A9/46d,MFG_L(R)_7_1,0.0508,1,209,210,lsOccG,LOcC_L(R)_2_2,0.0508,1,0.4235
rostral middle frontal,12,6,13,4.67,6,Rostral middle frontal,RU,21,22,A9/46v,MFG_L(R)_7_4,0.2432,4,19,20,A46,MFG_L(R)_7_3,0.1892,3,23,24,A8vl,MFG_L(R)_7_5,0.1351,2,37,38,A44op,IFG_L(R)_6_5,0.0811,1,15,16,A9/46d,MFG_L(R)_7_1,0.0811,1,0.7297
temporal gyrus,12,9,22,6.0,10,Temporal gyrus,LRU,79,80,A22r,STG_L(R)_6_6,0.1087,2,121,122,rpSTS,pSTS_L(R)_2_1,0.1087,2,123,124,cpSTS,pSTS_L(R)_2_2,0.1087,2,145,146,A40rv,IPL_L(R)_6_6,0.0652,1,85,86,A37dl,MTG_L(R)_4_3,0.0652,1,0.4565
middle temporal pole,12,6,29,3.59,7,Right middle temporal pole,LRU,83,84,A21r,MTG_L(R)_4_2,0.1698,4,69,70,A38m,STG_L(R)_6_1,0.1321,3,77,78,A38l,STG_L(R)_6_5,0.0943,2,93,94,A20r,ITG_L(R)_7_3,0.0566,1,109,110,A35/36r,PhG_L(R)_6_1,0.0566,1,0.5094
supramarginal gyrus ba 40,12,5,12,3.7,5,Supramarginal gyrus (BA 40),LRU,141,142,A40c,IPL_L(R)_6_4,0.3611,6,143,144,A39rv,IPL_L(R)_6_5,0.1944,3,139,140,A40rd,IPL_L(R)_6_3,0.0833,1,85,86,A37dl,MTG_L(R)_4_3,0.0833,1,121,122,rpSTS,pSTS_L(R)_2_1,0.0833,1,0.8054
medial pfc,12,7,28,4.22,8,Medial PFC,LRU,13,14,A10m,SFG_L(R)_7_7,0.1346,3,1,2,A8m,SFG_L(R)_7_1,0.0962,2,5,6,A9l,SFG_L(R)_7_3,0.0962,2,11,12,A9m,SFG_L(R)_7_6,0.0962,2,179,180,A32p,CG_L(R)_7_3,0.0577,1,0.4809
angular g,12,5,10,4.18,5,Angular G(R),LRU,137,138,A39rd,IPL_L(R)_6_2,0.2647,4,143,144,A39rv,IPL_L(R)_6_5,0.2059,3,85,86,A37dl,MTG_L(R)_4_3,0.2059,3,135,136,A39c,IPL_L(R)_6_1,0.0882,1,141,142,A40c,IPL_L(R)_6_4,0.0882,1,0.8529
sma ba 6,12,6,29,3.47,7,SMA (BA 6),LRU,9,10,A6m,SFG_L(R)_7_5,0.2075,5,1,2,A8m,SFG_L(R)_7_1,0.1321,3,227,228,dCa,BG_L(R)_6_5,0.0566,1,67,68,A4ll,PCL_L(R)_2_2,0.0566,1,57,58,A4ul,PrG_L(R)_6_3,0.0566,1,0.5094
lingual gyrus 18,12,6,14,4.65,7,Lingual gyrus (18),LRU,189,190,cLinG,MVOcC_L(R)_5_1,0.1842,3,191,192,rCunG,MVOcC_L(R)_5_2,0.1842,3,105,106,A37mv,FuG_L(R)_3_2,0.1842,3,203,204,OPC,LOcC_L(R)_4_3,0.0789,1,193,194,cCunG,MVOcC_L(R)_5_3,0.0789,1,0.7104
orbitofrontal,12,7,20,4.87,8,Orbitofrontal,LU,49,50,A13,OrG_L(R)_6_5,0.1591,3,43,44,A12/47o,OrG_L(R)_6_2,0.1136,2,187,188,A32sg,CG_L(R)_7_7,0.1136,2,51,52,A12/47l,OrG_L(R)_6_6,0.1136,2,27,28,A10l,MFG_L(R)_7_7,0.0682,1,0.5681
middle occipital gyrus ba 18,11,8,35,4.12,9,LH middle occipital gyrus (BA 18),LR,199,200,mOccG,LOcC_L(R)_4_1,0.0877,2,203,204,OPC,LOcC_L(R)_4_3,0.0877,2,111,112,A35/36c,PhG_L(R)_6_2,0.0877,2,37,38,A44op,IFG_L(R)_6_5,0.0526,1,227,228,dCa,BG_L(R)_6_5,0.0526,1,0.3683
precental gyrus,11,6,10,5.06,6,Precental gyrus,LRU,55,56,A6cdl,PrG_L(R)_6_2,0.2188,3,63,64,A6cvl,PrG_L(R)_6_6,0.2188,3,155,156,A1/2/3ulhf,PoG_L(R)_4_1,0.1562,2,159,160,A2,PoG_L(R)_4_3,0.0938,1,59,60,A4t,PrG_L(R)_6_4,0.0938,1,0.7814
planum polare,11,6,24,3.65,7,Planum polare,LU,73,74,TE1.0 and TE1.2,STG_L(R)_6_3,0.2391,5,61,62,A4tl,PrG_L(R)_6_5,0.1087,2,163,164,G,INS_L(R)_6_1,0.0652,1,169,170,vId/vIg,INS_L(R)_6_4,0.0652,1,173,174,dId,INS_L(R)_6_6,0.0652,1,0.5434
parahippocampa gyrus,11,9,26,5.39,10,Parahippocampa Gyrus,LRU,215,216,rHipp,Hipp_L(R)_2_1,0.1042,2,103,104,A20rv,FuG_L(R)_3_1,0.1042,2,211,212,mAmyg,Amyg_L(R)_2_1,0.0625,1,213,214,lAmyg,Amyg_L(R)_2_2,0.0625,1,107,108,A37lv,FuG_L(R)_3_3,0.0625,1,0.3959
middle frontal gyrus 9,11,5,13,3.94,6,L middle frontal gyrus (9),LRU,17,18,IFJ,MFG_L(R)_7_2,0.2571,4,29,30,A44d,IFG_L(R)_6_1,0.2,3,23,24,A8vl,MFG_L(R)_7_5,0.1429,2,33,34,A45c,IFG_L(R)_6_3,0.0857,1,35,36,A45r,IFG_L(R)_6_4,0.0857,1,0.7714
pcg,11,8,25,4.83,9,PCG,LRU,63,64,A6cvl,PrG_L(R)_6_6,0.1489,3,57,58,A4ul,PrG_L(R)_6_3,0.1064,2,131,132,A7pc,SPL_L(R)_5_4,0.0638,1,145,146,A40rv,IPL_L(R)_6_6,0.0638,1,149,150,A5m,PCun_L(R)_4_2,0.0638,1,0.4467
cingulum ant,11,4,14,3.2,5,Cingulum_Ant_R,LR,187,188,A32sg,CG_L(R)_7_7,0.3056,5,179,180,A32p,CG_L(R)_7_3,0.1944,3,13,14,A10m,SFG_L(R)_7_7,0.1389,2,11,12,A9m,SFG_L(R)_7_6,0.0833,1,,,,,,,0.7222
amygdaloid complex,11,7,22,4.43,8,Amy_L,LRU,211,212,mAmyg,Amyg_L(R)_2_1,0.2045,4,215,216,rHipp,Hipp_L(R)_2_1,0.1136,2,213,214,lAmyg,Amyg_L(R)_2_2,0.0682,1,223,224,NAC,BG_L(R)_6_3,0.0682,1,225,226,vmPu,BG_L(R)_6_4,0.0682,1,0.5227
temporal cortex,11,9,37,4.38,10,Temporal cortex,LRU,99,100,A20cl,ITG_L(R)_7_6,0.0847,2,121,122,rpSTS,pSTS_L(R)_2_1,0.0847,2,107,108,A37lv,FuG_L(R)_3_3,0.0508,1,73,74,TE1.0 and TE1.2,STG_L(R)_6_3,0.0508,1,81,82,A21c,MTG_L(R)_4_1,0.0508,1,0.3218
cuneus 19,11,4,16,3.28,5,Cuneus (19),LRU,135,136,A39c,IPL_L(R)_6_1,0.2368,4,207,208,msOccG,LOcC_L(R)_2_1,0.1842,3,209,210,lsOccG,LOcC_L(R)_2_2,0.1316,2,151,152,dmPOS,PCun_L(R)_4_3,0.1316,2,,,,,,,0.6842
sup temporal,11,7,16,5.31,8,L Sup Temporal,LRU,73,74,TE1.0 and TE1.2,STG_L(R)_6_3,0.1316,2,75,76,A22c,STG_L(R)_6_4,0.1316,2,87,88,aSTS,MTG_L(R)_4_4,0.1316,2,71,72,A41/42,STG_L(R)_6_2,0.1316,2,145,146,A40rv,IPL_L(R)_6_6,0.0789,1,0.6053
middle temporal gyrus ba 39,11,6,17,4.29,7,Middle temporal gyrus (BA 39),LRU,143,144,A39rv,IPL_L(R)_6_5,0.2308,4,135,136,A39c,IPL_L(R)_6_1,0.1282,2,201,202,V5/MT+,LOcC_L(R)_4_2,0.1282,2,209,210,lsOccG,LOcC_L(R)_2_2,0.0769,1,199,200,mOccG,LOcC_L(R)_4_1,0.0769,1,0.641
pmtg,11,8,25,4.83,9,pMTG,LRU,85,86,A37dl,MTG_L(R)_4_3,0.1489,3,123,124,cpSTS,pSTS_L(R)_2_2,0.1064,2,121,122,rpSTS,pSTS_L(R)_2_1,0.0638,1,143,144,A39rv,IPL_L(R)_6_5,0.0638,1,97,98,A37vl,ITG_L(R)_7_5,0.0638,1,0.4467
middle occipital g,11,8,22,4.99,9,middle occipital G,LU,199,200,mOccG,LOcC_L(R)_4_1,0.2045,4,107,108,A37lv,FuG_L(R)_3_3,0.0682,1,135,136,A39c,IPL_L(R)_6_1,0.0682,1,201,202,V5/MT+,LOcC_L(R)_4_2,0.0682,1,91,92,A37elv,ITG_L(R)_7_2,0.0682,1,0.4773
supplementary motor cortex,11,5,15,3.81,6,Supplementary motor cortex,LRU,1,2,A8m,SFG_L(R)_7_1,0.2432,4,9,10,A6m,SFG_L(R)_7_5,0.1892,3,231,232,mPFtha,Tha_L(R)_8_1,0.1351,2,7,8,A6dl,SFG_L(R)_7_4,0.0811,1,237,238,rTtha,Tha_L(R)_8_4,0.0811,1,0.7297
anterior cingulum,11,6,20,4.2,7,Anterior cingulum,LRU,187,188,A32sg,CG_L(R)_7_7,0.1667,3,13,14,A10m,SFG_L(R)_7_7,0.119,2,177,178,A24rv,CG_L(R)_7_2,0.119,2,179,180,A32p,CG_L(R)_7_3,0.119,2,183,184,A24cd,CG_L(R)_7_5,0.0714,1,0.5951
lingual g,11,7,22,4.43,8,Lingual G.,LRU,195,196,rLinG,MVOcC_L(R)_5_4,0.2045,4,191,192,rCunG,MVOcC_L(R)_5_2,0.1136,2,175,176,A23d,CG_L(R)_7_1,0.0682,1,105,106,A37mv,FuG_L(R)_3_2,0.0682,1,27,28,A10l,MFG_L(R)_7_7,0.0682,1,0.5227
lateral orbitofrontal cortex,11,6,26,3.69,7,Lateral orbitofrontal cortex,LRU,45,46,A11l,OrG_L(R)_6_3,0.1875,4,43,44,A12/47o,OrG_L(R)_6_2,0.1042,2,51,52,A12/47l,OrG_L(R)_6_6,0.1042,2,19,20,A46,MFG_L(R)_7_3,0.0625,1,187,188,A32sg,CG_L(R)_7_7,0.0625,1,0.5209
ventral medial prefrontal cortex,11,7,33,3.73,8,Ventral medial prefrontal cortex,LRU,41,42,A14m,OrG_L(R)_6_1,0.1273,3,187,188,A32sg,CG_L(R)_7_7,0.1273,3,13,14,A10m,SFG_L(R)_7_7,0.0545,1,165,166,vIa,INS_L(R)_6_2,0.0545,1,19,20,A46,MFG_L(R)_7_3,0.0545,1,0.4181
inferior temporal gyrus ba 20,11,8,20,5.49,9,Left inferior temporal gyrus (BA20),LRU,91,92,A37elv,ITG_L(R)_7_2,0.119,2,95,96,A20il,ITG_L(R)_7_4,0.119,2,101,102,A20cv,ITG_L(R)_7_7,0.119,2,83,84,A21r,MTG_L(R)_4_2,0.0714,1,103,104,A20rv,FuG_L(R)_3_1,0.0714,1,0.4998
cingulate g,10,7,22,4.54,8,Cingulate G,LRU,183,184,A24cd,CG_L(R)_7_5,0.119,2,1,2,A8m,SFG_L(R)_7_1,0.119,2,11,12,A9m,SFG_L(R)_7_6,0.119,2,179,180,A32p,CG_L(R)_7_3,0.0714,1,175,176,A23d,CG_L(R)_7_1,0.0714,1,0.4998
insula 13,10,5,25,3.17,6,Insula (13),LU,37,38,A44op,IFG_L(R)_6_5,0.2,4,167,168,dIa,INS_L(R)_6_3,0.1556,3,165,166,vIa,INS_L(R)_6_2,0.0667,1,145,146,A40rv,IPL_L(R)_6_6,0.0667,1,21,22,A9/46v,MFG_L(R)_7_4,0.0667,1,0.5557
superior occipital,10,5,21,3.47,6,Superior occipital,LRU,135,136,A39c,IPL_L(R)_6_1,0.1707,3,203,204,OPC,LOcC_L(R)_4_3,0.1707,3,209,210,lsOccG,LOcC_L(R)_2_2,0.122,2,193,194,cCunG,MVOcC_L(R)_5_3,0.0732,1,151,152,dmPOS,PCun_L(R)_4_3,0.0732,1,0.6098
parieto occipital sulcus,10,4,15,2.91,5,Parieto-occipital sulcus,LRU,151,152,dmPOS,PCun_L(R)_4_3,0.3714,6,207,208,msOccG,LOcC_L(R)_2_1,0.1429,2,209,210,lsOccG,LOcC_L(R)_2_2,0.0857,1,197,198,vmPOS,MVOcC_L(R)_5_5,0.0857,1,,,,,,,0.6857
parahippocampal g,10,9,18,6.49,10,Parahippocampal g.,LRU,195,196,rLinG,MVOcC_L(R)_5_4,0.1316,2,113,114,TL,PhG_L(R)_6_3,0.0789,1,213,214,lAmyg,Amyg_L(R)_2_2,0.0789,1,103,104,A20rv,FuG_L(R)_3_1,0.0789,1,105,106,A37mv,FuG_L(R)_3_2,0.0789,1,0.4472
inf frontal gyrus,10,7,24,4.15,8,Inf. frontal gyrus,LRU,63,64,A6cvl,PrG_L(R)_6_6,0.2045,4,29,30,A44d,IFG_L(R)_6_1,0.0682,1,33,34,A45c,IFG_L(R)_6_3,0.0682,1,37,38,A44op,IFG_L(R)_6_5,0.0682,1,39,40,A44v,IFG_L(R)_6_6,0.0682,1,0.4773
paracentral,10,7,26,4.2,8,Paracentral,LRU,65,66,A1/2/3ll,PCL_L(R)_2_1,0.1087,2,67,68,A4ll,PCL_L(R)_2_2,0.1087,2,161,162,A1/2/3tru,PoG_L(R)_4_4,0.1087,2,185,186,A23c,CG_L(R)_7_6,0.0652,1,57,58,A4ul,PrG_L(R)_6_3,0.0652,1,0.4565
precentral gyrus 4,10,6,22,3.64,7,Left precentral gyrus (4),LRU,155,156,A1/2/3ulhf,PoG_L(R)_4_1,0.2619,5,163,164,G,INS_L(R)_6_1,0.0714,1,39,40,A44v,IFG_L(R)_6_6,0.0714,1,167,168,dIa,INS_L(R)_6_3,0.0714,1,53,54,A4hf,PrG_L(R)_6_1,0.0714,1,0.5475
frontal cortex,10,8,39,3.77,9,Frontal cortex,LRU,21,22,A9/46v,MFG_L(R)_7_4,0.0847,2,7,8,A6dl,SFG_L(R)_7_4,0.0847,2,63,64,A6cvl,PrG_L(R)_6_6,0.0508,1,3,4,A8dl,SFG_L(R)_7_2,0.0508,1,187,188,A32sg,CG_L(R)_7_7,0.0508,1,0.3218
supplementary motor area ba 6,10,6,21,4.09,7,LH supplementary motor area (BA 6),LRU,1,2,A8m,SFG_L(R)_7_1,0.122,2,9,10,A6m,SFG_L(R)_7_5,0.122,2,237,238,rTtha,Tha_L(R)_8_4,0.122,2,245,246,lPFtha,Tha_L(R)_8_8,0.122,2,227,228,dCa,BG_L(R)_6_5,0.0732,1,0.5612
anterior superior temporal gyrus,10,5,10,4.33,5,Anterior superior temporal gyrus,LRU,77,78,A38l,STG_L(R)_6_5,0.2333,3,73,74,TE1.0 and TE1.2,STG_L(R)_6_3,0.1667,2,69,70,A38m,STG_L(R)_6_1,0.1667,2,79,80,A22r,STG_L(R)_6_6,0.1667,2,157,158,A1/2/3tonIa,PoG_L(R)_4_2,0.1,1,0.8334
inferior temporal sulcus,10,8,20,5.4,9,Inferior temporal sulcus,LRU,201,202,V5/MT+,LOcC_L(R)_4_2,0.125,2,97,98,A37vl,ITG_L(R)_7_5,0.125,2,85,86,A37dl,MTG_L(R)_4_3,0.075,1,107,108,A37lv,FuG_L(R)_3_3,0.075,1,91,92,A37elv,ITG_L(R)_7_2,0.075,1,0.475
ains,10,4,12,3.32,5,aINS,LRU,167,168,dIa,INS_L(R)_6_3,0.2812,4,37,38,A44op,IFG_L(R)_6_5,0.2188,3,173,174,dId,INS_L(R)_6_6,0.1562,2,165,166,vIa,INS_L(R)_6_2,0.0938,1,,,,,,,0.75
lpmc,10,5,13,4.07,6,LPMC,U,25,26,A6vl,MFG_L(R)_7_6,0.2121,3,17,18,IFJ,MFG_L(R)_7_2,0.1515,2,55,56,A6cdl,PrG_L(R)_6_2,0.1515,2,63,64,A6cvl,PrG_L(R)_6_6,0.1515,2,23,24,A8vl,MFG_L(R)_7_5,0.0909,1,0.7575
mid temporal,10,7,31,3.85,8,L mid temporal,LRU,85,86,A37dl,MTG_L(R)_4_3,0.098,2,143,144,A39rv,IPL_L(R)_6_5,0.098,2,121,122,rpSTS,pSTS_L(R)_2_1,0.098,2,97,98,A37vl,ITG_L(R)_7_5,0.0588,1,201,202,V5/MT+,LOcC_L(R)_4_2,0.0588,1,0.4116
frontal sup medial,10,5,13,3.69,6,Frontal_Sup_Medial_L,LR,13,14,A10m,SFG_L(R)_7_7,0.3333,5,11,12,A9m,SFG_L(R)_7_6,0.1515,2,227,228,dCa,BG_L(R)_6_5,0.0909,1,1,2,A8m,SFG_L(R)_7_1,0.0909,1,5,6,A9l,SFG_L(R)_7_3,0.0909,1,0.7575
superior frontal gyrus ba 10,10,5,14,3.9,6,Left superior frontal gyrus (BA10),LRU,19,20,A46,MFG_L(R)_7_3,0.2059,3,5,6,A9l,SFG_L(R)_7_3,0.2059,3,27,28,A10l,MFG_L(R)_7_7,0.1471,2,15,16,A9/46d,MFG_L(R)_7_1,0.0882,1,21,22,A9/46v,MFG_L(R)_7_4,0.0882,1,0.7353
superior and middle temporal gyrus,10,8,22,5.14,9,Left superior and middle temporal gyrus,LRU,85,86,A37dl,MTG_L(R)_4_3,0.119,2,73,74,TE1.0 and TE1.2,STG_L(R)_6_3,0.119,2,141,142,A40c,IPL_L(R)_6_4,0.0714,1,155,156,A1/2/3ulhf,PoG_L(R)_4_1,0.0714,1,77,78,A38l,STG_L(R)_6_5,0.0714,1,0.4522
middle frontal gyrus ba 10,10,4,7,3.57,4,Middle frontal gyrus (BA 10),LRU,19,20,A46,MFG_L(R)_7_3,0.3333,4,15,16,A9/46d,MFG_L(R)_7_1,0.2593,3,21,22,A9/46v,MFG_L(R)_7_4,0.1852,2,27,28,A10l,MFG_L(R)_7_7,0.1111,1,,,,,,,0.8889
lateral parietal cortex,10,9,22,5.82,10,Lateral parietal cortex,U,139,140,A40rd,IPL_L(R)_6_3,0.119,2,137,138,A39rd,IPL_L(R)_6_2,0.0714,1,141,142,A40c,IPL_L(R)_6_4,0.0714,1,145,146,A40rv,IPL_L(R)_6_6,0.0714,1,155,156,A1/2/3ulhf,PoG_L(R)_4_1,0.0714,1,0.4046
lifg,10,7,19,4.85,8,LIFG,U,39,40,A44v,IFG_L(R)_6_6,0.1282,2,37,38,A44op,IFG_L(R)_6_5,0.1282,2,173,174,dId,INS_L(R)_6_6,0.1282,2,33,34,A45c,IFG_L(R)_6_3,0.0769,1,29,30,A44d,IFG_L(R)_6_1,0.0769,1,0.5384
lateral pfc,10,10,38,4.63,11,Lateral PFC,RU,29,30,A44d,IFG_L(R)_6_1,0.0517,1,167,168,dIa,INS_L(R)_6_3,0.0517,1,19,20,A46,MFG_L(R)_7_3,0.0517,1,31,32,IFS,IFG_L(R)_6_2,0.0517,1,35,36,A45r,IFG_L(R)_6_4,0.0517,1,0.2585
superior temporal gyrus 22,10,7,20,4.65,8,Superior temporal gyrus (22),LRU,73,74,TE1.0 and TE1.2,STG_L(R)_6_3,0.175,3,123,124,cpSTS,pSTS_L(R)_2_2,0.125,2,75,76,A22c,STG_L(R)_6_4,0.075,1,121,122,rpSTS,pSTS_L(R)_2_1,0.075,1,37,38,A44op,IFG_L(R)_6_5,0.075,1,0.525
posterior parietal,10,7,17,5.08,8,Right posterior parietal,LRU,127,128,A7c,SPL_L(R)_5_2,0.1351,2,139,140,A40rd,IPL_L(R)_6_3,0.1351,2,209,210,lsOccG,LOcC_L(R)_2_2,0.1351,2,137,138,A39rd,IPL_L(R)_6_2,0.0811,1,135,136,A39c,IPL_L(R)_6_1,0.0811,1,0.5675
inferior frontal gyrus ba 9,10,6,19,4.02,7,Inferior frontal gyrus (BA 9),LRU,63,64,A6cvl,PrG_L(R)_6_6,0.2308,4,29,30,A44d,IFG_L(R)_6_1,0.1282,2,31,32,IFS,IFG_L(R)_6_2,0.0769,1,17,18,IFJ,MFG_L(R)_7_2,0.0769,1,23,24,A8vl,MFG_L(R)_7_5,0.0769,1,0.5897
inferior frontal gyrus 45,10,6,19,4.25,7,Inferior frontal gyrus (45),LRU,21,22,A9/46v,MFG_L(R)_7_4,0.1282,2,33,34,A45c,IFG_L(R)_6_3,0.1282,2,37,38,A44op,IFG_L(R)_6_5,0.1282,2,71,72,A41/42,STG_L(R)_6_2,0.1282,2,35,36,A45r,IFG_L(R)_6_4,0.0769,1,0.5897
middle occipital gyrus 19,10,4,12,3.32,5,Middle occipital gyrus (19),LRU,199,200,mOccG,LOcC_L(R)_4_1,0.2812,4,135,136,A39c,IPL_L(R)_6_1,0.2188,3,201,202,V5/MT+,LOcC_L(R)_4_2,0.1562,2,143,144,A39rv,IPL_L(R)_6_5,0.0938,1,,,,,,,0.75
dorsal striatum,9,4,14,3.19,5,Dorsal striatum,RU,227,228,dCa,BG_L(R)_6_5,0.2812,4,221,222,GP,BG_L(R)_6_2,0.1562,2,225,226,vmPu,BG_L(R)_6_4,0.1562,2,241,242,Otha,Tha_L(R)_8_6,0.0938,1,,,,,,,0.6874
extra nuclear,9,8,20,5.31,9,Lt. Extra-Nuclear↑,LU,227,228,dCa,BG_L(R)_6_5,0.1316,2,219,220,vCa,BG_L(R)_6_1,0.0789,1,165,166,vIa,INS_L(R)_6_2,0.0789,1,169,170,vId/vIg,INS_L(R)_6_4,0.0789,1,171,172,dIg,INS_L(R)_6_5,0.0789,1,0.4472
ffg,9,6,14,4.53,7,FFG,LRU,107,108,A37lv,FuG_L(R)_3_3,0.2188,3,105,106,A37mv,FuG_L(R)_3_2,0.1562,2,103,104,A20rv,FuG_L(R)_3_1,0.0938,1,197,198,vmPOS,MVOcC_L(R)_5_5,0.0938,1,205,206,iOccG,LOcC_L(R)_4_4,0.0938,1,0.6564
frontal operculum cortex,9,4,12,3.35,5,Frontal Operculum Cortex,LRU,37,38,A44op,IFG_L(R)_6_5,0.2333,3,167,168,dIa,INS_L(R)_6_3,0.2333,3,173,174,dId,INS_L(R)_6_6,0.1667,2,39,40,A44v,IFG_L(R)_6_6,0.1,1,,,,,,,0.7333
medial,9,9,38,4.1,10,Medial,U,171,172,dIg,INS_L(R)_6_5,0.0536,1,21,22,A9/46v,MFG_L(R)_7_4,0.0536,1,41,42,A14m,OrG_L(R)_6_1,0.0536,1,67,68,A4ll,PCL_L(R)_2_2,0.0536,1,1,2,A8m,SFG_L(R)_7_1,0.0536,1,0.268
central sulcus,9,5,22,3.3,6,Left central sulcus,LRU,155,156,A1/2/3ulhf,PoG_L(R)_4_1,0.175,3,53,54,A4hf,PrG_L(R)_6_1,0.175,3,73,74,TE1.0 and TE1.2,STG_L(R)_6_3,0.075,1,145,146,A40rv,IPL_L(R)_6_6,0.075,1,61,62,A4tl,PrG_L(R)_6_5,0.075,1,0.575
subthalamic nucleus,9,3,14,2.55,4,Subthalamic nucleus,LRU,233,234,mPMtha,Tha_L(R)_8_2,0.2812,4,245,246,lPFtha,Tha_L(R)_8_8,0.2812,4,227,228,dCa,BG_L(R)_6_5,0.0938,1,,,,,,,,,,,,,0.6562
middle frontal gyrus 8,9,6,25,3.63,7,Middle frontal gyrus (8),LRU,15,16,A9/46d,MFG_L(R)_7_1,0.1628,3,23,24,A8vl,MFG_L(R)_7_5,0.1163,2,39,40,A44v,IFG_L(R)_6_6,0.0698,1,169,170,vId/vIg,INS_L(R)_6_4,0.0698,1,17,18,IFJ,MFG_L(R)_7_2,0.0698,1,0.4885
orbitofrontal gyrus,9,6,15,4.42,7,Right orbitofrontal gyrus,BLRU,45,46,A11l,OrG_L(R)_6_3,0.2121,3,27,28,A10l,MFG_L(R)_7_7,0.1515,2,47,48,A11m,OrG_L(R)_6_4,0.0909,1,215,216,rHipp,Hipp_L(R)_2_1,0.0909,1,41,42,A14m,OrG_L(R)_6_1,0.0909,1,0.6363
superior temporal cortex,9,8,18,5.6,9,Superior temporal cortex,RU,75,76,A22c,STG_L(R)_6_4,0.1389,2,85,86,A37dl,MTG_L(R)_4_3,0.0833,1,61,62,A4tl,PrG_L(R)_6_5,0.0833,1,63,64,A6cvl,PrG_L(R)_6_6,0.0833,1,71,72,A41/42,STG_L(R)_6_2,0.0833,1,0.4721
hypothalamus,9,5,14,3.88,6,Hypothalamus,LRU,245,246,lPFtha,Tha_L(R)_8_8,0.2188,3,237,238,rTtha,Tha_L(R)_8_4,0.1562,2,231,232,mPFtha,Tha_L(R)_8_1,0.1562,2,227,228,dCa,BG_L(R)_6_5,0.0938,1,219,220,vCa,BG_L(R)_6_1,0.0938,1,0.7188
gyrus rectus,9,4,14,3.01,5,R gyrus rectus,LRU,47,48,A11m,OrG_L(R)_6_4,0.3438,5,49,50,A13,OrG_L(R)_6_5,0.1562,2,41,42,A14m,OrG_L(R)_6_1,0.0938,1,245,246,lPFtha,Tha_L(R)_8_8,0.0938,1,,,,,,,0.6876
medial frontal gyrus ba 10,9,4,28,2.44,5,Left medial frontal gyrus (BA 10),LRU,13,14,A10m,SFG_L(R)_7_7,0.2826,6,179,180,A32p,CG_L(R)_7_3,0.0652,1,41,42,A14m,OrG_L(R)_6_1,0.0652,1,245,246,lPFtha,Tha_L(R)_8_8,0.0652,1,,,,,,,0.4782
loc,9,6,20,3.83,7,LOC,LRU,201,202,V5/MT+,LOcC_L(R)_4_2,0.2368,4,203,204,OPC,LOcC_L(R)_4_3,0.0789,1,105,106,A37mv,FuG_L(R)_3_2,0.0789,1,137,138,A39rd,IPL_L(R)_6_2,0.0789,1,205,206,iOccG,LOcC_L(R)_4_4,0.0789,1,0.5524
anterior intraparietal sulcus,9,4,15,2.97,5,Anterior intraparietal sulcus,LRU,129,130,A5l,SPL_L(R)_5_3,0.3333,5,139,140,A40rd,IPL_L(R)_6_3,0.1515,2,159,160,A2,PoG_L(R)_4_3,0.0909,1,133,134,A7ip,SPL_L(R)_5_5,0.0909,1,,,,,,,0.6666
mid occipital,9,5,12,4.04,6,L Mid Occipital,LRU,199,200,mOccG,LOcC_L(R)_4_1,0.2333,3,135,136,A39c,IPL_L(R)_6_1,0.1667,2,201,202,V5/MT+,LOcC_L(R)_4_2,0.1667,2,143,144,A39rv,IPL_L(R)_6_5,0.1,1,209,210,lsOccG,LOcC_L(R)_2_2,0.1,1,0.7667
mid fr gy,9,9,26,5.2,10,Mid Fr Gy,U,23,24,A8vl,MFG_L(R)_7_5,0.0682,1,19,20,A46,MFG_L(R)_7_3,0.0682,1,15,16,A9/46d,MFG_L(R)_7_1,0.0682,1,21,22,A9/46v,MFG_L(R)_7_4,0.0682,1,25,26,A6vl,MFG_L(R)_7_6,0.0682,1,0.341
calcarine fissure,9,5,23,3.31,6,Left calcarine fissure,LRU,197,198,vmPOS,MVOcC_L(R)_5_5,0.1707,3,203,204,OPC,LOcC_L(R)_4_3,0.122,2,151,152,dmPOS,PCun_L(R)_4_3,0.122,2,193,194,cCunG,MVOcC_L(R)_5_3,0.0732,1,245,246,lPFtha,Tha_L(R)_8_8,0.0732,1,0.5611
mid temp,9,7,25,4.18,8,L mid temp,LRU,87,88,aSTS,MTG_L(R)_4_4,0.1163,2,79,80,A22r,STG_L(R)_6_6,0.1163,2,143,144,A39rv,IPL_L(R)_6_5,0.0698,1,85,86,A37dl,MTG_L(R)_4_3,0.0698,1,89,90,A20iv,ITG_L(R)_7_1,0.0698,1,0.442
supramarginal gyrus 40,9,7,17,4.88,8,Supramarginal gyrus (40),LRU,141,142,A40c,IPL_L(R)_6_4,0.2,3,139,140,A40rd,IPL_L(R)_6_3,0.0857,1,143,144,A39rv,IPL_L(R)_6_5,0.0857,1,85,86,A37dl,MTG_L(R)_4_3,0.0857,1,129,130,A5l,SPL_L(R)_5_3,0.0857,1,0.5428
middle sts,9,5,19,3.41,6,Middle STS,LRU,75,76,A22c,STG_L(R)_6_4,0.2432,4,87,88,aSTS,MTG_L(R)_4_4,0.1351,2,95,96,A20il,ITG_L(R)_7_4,0.0811,1,85,86,A37dl,MTG_L(R)_4_3,0.0811,1,121,122,rpSTS,pSTS_L(R)_2_1,0.0811,1,0.6216
superior and middle frontal gyrus,9,7,24,4.26,8,Superior and middle frontal gyrus,LRU,25,26,A6vl,MFG_L(R)_7_6,0.119,2,3,4,A8dl,SFG_L(R)_7_2,0.119,2,229,230,dlPu,BG_L(R)_6_6,0.0714,1,19,20,A46,MFG_L(R)_7_3,0.0714,1,155,156,A1/2/3ulhf,PoG_L(R)_4_1,0.0714,1,0.4522
supplemental motor area,9,5,13,3.86,6,Supplemental motor area,RU,1,2,A8m,SFG_L(R)_7_1,0.2258,3,9,10,A6m,SFG_L(R)_7_5,0.2258,3,219,220,vCa,BG_L(R)_6_1,0.0968,1,227,228,dCa,BG_L(R)_6_5,0.0968,1,7,8,A6dl,SFG_L(R)_7_4,0.0968,1,0.742
posterior,9,8,29,4.34,9,Posterior,RU,181,182,A23v,CG_L(R)_7_4,0.1064,2,175,176,A23d,CG_L(R)_7_1,0.0638,1,185,186,A23c,CG_L(R)_7_6,0.0638,1,163,164,G,INS_L(R)_6_1,0.0638,1,171,172,dIg,INS_L(R)_6_5,0.0638,1,0.3616
fusiform g,9,7,21,4.45,8,Fusiform G,LRU,107,108,A37lv,FuG_L(R)_3_3,0.1795,3,89,90,A20iv,ITG_L(R)_7_1,0.0769,1,205,206,iOccG,LOcC_L(R)_4_4,0.0769,1,91,92,A37elv,ITG_L(R)_7_2,0.0769,1,101,102,A20cv,ITG_L(R)_7_7,0.0769,1,0.4871
postcentral gyrus ba 3,9,4,12,2.87,5,Postcentral gyrus (BA 3),LRU,155,156,A1/2/3ulhf,PoG_L(R)_4_1,0.4333,6,161,162,A1/2/3tru,PoG_L(R)_4_4,0.1,1,75,76,A22c,STG_L(R)_6_4,0.1,1,123,124,cpSTS,pSTS_L(R)_2_2,0.1,1,,,,,,,0.7333
superior temporal gyrus ba 39,9,3,12,2.55,4,Left superior temporal gyrus (BA 39),LRU,143,144,A39rv,IPL_L(R)_6_5,0.3667,5,85,86,A37dl,MTG_L(R)_4_3,0.2333,3,123,124,cpSTS,pSTS_L(R)_2_2,0.1,1,,,,,,,,,,,,,0.7
pocg,9,7,27,4.02,8,PoCG,LRU,145,146,A40rv,IPL_L(R)_6_6,0.1111,2,157,158,A1/2/3tonIa,PoG_L(R)_4_2,0.1111,2,155,156,A1/2/3ulhf,PoG_L(R)_4_1,0.0667,1,159,160,A2,PoG_L(R)_4_3,0.0667,1,53,54,A4hf,PrG_L(R)_6_1,0.0667,1,0.4223
orbital gyrus,9,7,25,4.1,8,Right orbital gyrus,LRU,47,48,A11m,OrG_L(R)_6_4,0.1628,3,223,224,NAC,BG_L(R)_6_3,0.0698,1,187,188,A32sg,CG_L(R)_7_7,0.0698,1,165,166,vIa,INS_L(R)_6_2,0.0698,1,41,42,A14m,OrG_L(R)_6_1,0.0698,1,0.442
stg 38,9,7,16,5.13,8,STG (38),U,69,70,A38m,STG_L(R)_6_1,0.1471,2,77,78,A38l,STG_L(R)_6_5,0.1471,2,43,44,A12/47o,OrG_L(R)_6_2,0.0882,1,83,84,A21r,MTG_L(R)_4_2,0.0882,1,51,52,A12/47l,OrG_L(R)_6_6,0.0882,1,0.5588
subcortical,9,8,25,4.72,9,Subcortical,U,237,238,rTtha,Tha_L(R)_8_4,0.1163,2,197,198,vmPOS,MVOcC_L(R)_5_5,0.0698,1,219,220,vCa,BG_L(R)_6_1,0.0698,1,221,222,GP,BG_L(R)_6_2,0.0698,1,223,224,NAC,BG_L(R)_6_3,0.0698,1,0.3955
temporal sup,9,8,18,5.6,9,Temporal_Sup_L,LRU,145,146,A40rv,IPL_L(R)_6_6,0.1389,2,73,74,TE1.0 and TE1.2,STG_L(R)_6_3,0.0833,1,87,88,aSTS,MTG_L(R)_4_4,0.0833,1,71,72,A41/42,STG_L(R)_6_2,0.0833,1,75,76,A22c,STG_L(R)_6_4,0.0833,1,0.4721
angular gyrus ba 39,8,3,6,2.6,3,Angular gyrus (BA 39),LRU,143,144,A39rv,IPL_L(R)_6_5,0.5,5,137,138,A39rd,IPL_L(R)_6_2,0.2273,2,135,136,A39c,IPL_L(R)_6_1,0.1364,1,,,,,,,,,,,,,0.8637
lateral prefrontal cortex,8,4,19,2.97,5,Lateral prefrontal cortex,LRU,63,64,A6cvl,PrG_L(R)_6_6,0.2,3,29,30,A44d,IFG_L(R)_6_1,0.1429,2,21,22,A9/46v,MFG_L(R)_7_4,0.1429,2,15,16,A9/46d,MFG_L(R)_7_1,0.0857,1,,,,,,,0.5715
phc,8,7,19,4.67,8,PHC,LRU,217,218,cHipp,Hipp_L(R)_2_2,0.1429,2,113,114,TL,PhG_L(R)_6_3,0.0857,1,211,212,mAmyg,Amyg_L(R)_2_1,0.0857,1,103,104,A20rv,FuG_L(R)_3_1,0.0857,1,215,216,rHipp,Hipp_L(R)_2_1,0.0857,1,0.4857
medial frontal gyrus ba 9,8,6,28,3.41,7,Left Medial frontal gyrus (BA 9),LRU,13,14,A10m,SFG_L(R)_7_7,0.1136,2,237,238,rTtha,Tha_L(R)_8_4,0.1136,2,227,228,dCa,BG_L(R)_6_5,0.0682,1,179,180,A32p,CG_L(R)_7_3,0.0682,1,11,12,A9m,SFG_L(R)_7_6,0.0682,1,0.4318
central opercular cortex,8,6,28,3.41,7,R central opercular cortex,LRU,157,158,A1/2/3tonIa,PoG_L(R)_4_2,0.1136,2,73,74,TE1.0 and TE1.2,STG_L(R)_6_3,0.1136,2,173,174,dId,INS_L(R)_6_6,0.0682,1,137,138,A39rd,IPL_L(R)_6_2,0.0682,1,145,146,A40rv,IPL_L(R)_6_6,0.0682,1,0.4318
ffa,8,1,3,1.1,1,FFA,LRU,107,108,A37lv,FuG_L(R)_3_3,0.8947,8,,,,,,,,,,,,,,,,,,,,,,,,,0.8947
precentral gyrus ba 4,8,5,23,3.27,6,Precentral gyrus (BA 4),LRU,155,156,A1/2/3ulhf,PoG_L(R)_4_1,0.1282,2,53,54,A4hf,PrG_L(R)_6_1,0.1282,2,57,58,A4ul,PrG_L(R)_6_3,0.1282,2,15,16,A9/46d,MFG_L(R)_7_1,0.0769,1,73,74,TE1.0 and TE1.2,STG_L(R)_6_3,0.0769,1,0.5384
frontal inf oper,8,5,19,3.43,6,Frontal_Inf_Oper_L,LRU,63,64,A6cvl,PrG_L(R)_6_6,0.2,3,33,34,A45c,IFG_L(R)_6_3,0.1429,2,29,30,A44d,IFG_L(R)_6_1,0.0857,1,39,40,A44v,IFG_L(R)_6_6,0.0857,1,17,18,IFJ,MFG_L(R)_7_2,0.0857,1,0.6
sup parietal lobule,8,7,11,5.91,7,Sup. parietal lobule,LRU,137,138,A39rd,IPL_L(R)_6_2,0.1852,2,125,126,A7r,SPL_L(R)_5_1,0.1111,1,133,134,A7ip,SPL_L(R)_5_5,0.1111,1,135,136,A39c,IPL_L(R)_6_1,0.1111,1,127,128,A7c,SPL_L(R)_5_2,0.1111,1,0.6296
red nucleus,8,3,14,2.45,4,Red nucleus,LU,245,246,lPFtha,Tha_L(R)_8_8,0.3667,5,231,232,mPFtha,Tha_L(R)_8_1,0.1667,2,41,42,A14m,OrG_L(R)_6_1,0.1,1,,,,,,,,,,,,,0.6334
ventromedial pfc,8,2,13,2.04,3,Ventromedial PFC,U,41,42,A14m,OrG_L(R)_6_1,0.3793,5,187,188,A32sg,CG_L(R)_7_7,0.2414,3,,,,,,,,,,,,,,,,,,,0.6207
mid orbital gyrus,8,2,13,1.94,3,Mid orbital gyrus,LRU,41,42,A14m,OrG_L(R)_6_1,0.4483,6,187,188,A32sg,CG_L(R)_7_7,0.1724,2,,,,,,,,,,,,,,,,,,,0.6207
postcentral g,8,7,22,4.35,8,r. postcentral G.,LRU,159,160,A2,PoG_L(R)_4_3,0.1316,2,161,162,A1/2/3tru,PoG_L(R)_4_4,0.0789,1,145,146,A40rv,IPL_L(R)_6_6,0.0789,1,155,156,A1/2/3ulhf,PoG_L(R)_4_1,0.0789,1,57,58,A4ul,PrG_L(R)_6_3,0.0789,1,0.4472
fusiform gyrus 19,8,5,21,3.31,6,Fusiform gyrus (19),LRU,195,196,rLinG,MVOcC_L(R)_5_4,0.1892,3,107,108,A37lv,FuG_L(R)_3_3,0.1351,2,105,106,A37mv,FuG_L(R)_3_2,0.0811,1,205,206,iOccG,LOcC_L(R)_4_4,0.0811,1,19,20,A46,MFG_L(R)_7_3,0.0811,1,0.5676
mtg 21,8,5,12,3.94,6,MTG (21),LU,87,88,aSTS,MTG_L(R)_4_4,0.25,3,75,76,A22c,STG_L(R)_6_4,0.1786,2,83,84,A21r,MTG_L(R)_4_2,0.1071,1,85,86,A37dl,MTG_L(R)_4_3,0.1071,1,123,124,cpSTS,pSTS_L(R)_2_2,0.1071,1,0.7499
fusiform gyrus ba 37,8,7,18,4.79,8,Fusiform gyrus (BA 37),LRU,107,108,A37lv,FuG_L(R)_3_3,0.1471,2,91,92,A37elv,ITG_L(R)_7_2,0.0882,1,103,104,A20rv,FuG_L(R)_3_1,0.0882,1,105,106,A37mv,FuG_L(R)_3_2,0.0882,1,217,218,cHipp,Hipp_L(R)_2_2,0.0882,1,0.4999
superior frontal lobe,8,7,14,5.37,8,*Superior frontal lobe,LRU,5,6,A9l,SFG_L(R)_7_3,0.1667,2,15,16,A9/46d,MFG_L(R)_7_1,0.1,1,17,18,IFJ,MFG_L(R)_7_2,0.1,1,23,24,A8vl,MFG_L(R)_7_5,0.1,1,1,2,A8m,SFG_L(R)_7_1,0.1,1,0.5667
inferior frontal junction,8,3,15,2.43,4,left inferior frontal junction,LRU,63,64,A6cvl,PrG_L(R)_6_6,0.3548,5,17,18,IFJ,MFG_L(R)_7_2,0.1613,2,121,122,rpSTS,pSTS_L(R)_2_1,0.0968,1,,,,,,,,,,,,,0.6129
ba 40,8,7,18,4.79,8,BA 40,LRU,141,142,A40c,IPL_L(R)_6_4,0.1471,2,145,146,A40rv,IPL_L(R)_6_6,0.0882,1,31,32,IFS,IFG_L(R)_6_2,0.0882,1,139,140,A40rd,IPL_L(R)_6_3,0.0882,1,143,144,A39rv,IPL_L(R)_6_5,0.0882,1,0.4999
ba 32,8,4,14,3.21,5,BA 32,LRU,179,180,A32p,CG_L(R)_7_3,0.2333,3,187,188,A32sg,CG_L(R)_7_7,0.1667,2,11,12,A9m,SFG_L(R)_7_6,0.1667,2,177,178,A24rv,CG_L(R)_7_2,0.1,1,,,,,,,0.6667
heschl,8,5,16,3.63,6,Heschl,LRU,73,74,TE1.0 and TE1.2,STG_L(R)_6_3,0.2188,3,163,164,G,INS_L(R)_6_1,0.1562,2,169,170,vId/vIg,INS_L(R)_6_4,0.0938,1,157,158,A1/2/3tonIa,PoG_L(R)_4_2,0.0938,1,75,76,A22c,STG_L(R)_6_4,0.0938,1,0.6564
hippocampal gyrus,8,8,35,3.79,9,Hippocampal gyrus,RU,215,216,rHipp,Hipp_L(R)_2_1,0.0588,1,229,230,dlPu,BG_L(R)_6_6,0.0588,1,217,218,cHipp,Hipp_L(R)_2_2,0.0588,1,93,94,A20r,ITG_L(R)_7_3,0.0588,1,49,50,A13,OrG_L(R)_6_5,0.0588,1,0.294
central operculum,8,3,16,2.6,4,Left central operculum,LRU,173,174,dId,INS_L(R)_6_6,0.2188,3,61,62,A4tl,PrG_L(R)_6_5,0.2188,3,157,158,A1/2/3tonIa,PoG_L(R)_4_2,0.1562,2,,,,,,,,,,,,,0.5938
inf occipital gyrus,8,2,6,2.04,2,Inf. occipital gyrus,LRU,205,206,iOccG,LOcC_L(R)_4_4,0.5,5,203,204,OPC,LOcC_L(R)_4_3,0.3182,3,,,,,,,,,,,,,,,,,,,0.8182
prefrontal,8,7,27,3.92,8,L prefrontal,LRU,13,14,A10m,SFG_L(R)_7_7,0.1163,2,11,12,A9m,SFG_L(R)_7_6,0.0698,1,41,42,A14m,OrG_L(R)_6_1,0.0698,1,187,188,A32sg,CG_L(R)_7_7,0.0698,1,27,28,A10l,MFG_L(R)_7_7,0.0698,1,0.3955
precuneus ba 31,8,7,22,4.35,8,L precuneus (BA31),LRU,153,154,A31,PCun_L(R)_4_4,0.1316,2,227,228,dCa,BG_L(R)_6_5,0.0789,1,175,176,A23d,CG_L(R)_7_1,0.0789,1,181,182,A23v,CG_L(R)_7_4,0.0789,1,195,196,rLinG,MVOcC_L(R)_5_4,0.0789,1,0.4472
primary sensory cortex,8,7,12,5.72,7,Primary sensory cortex,U,155,156,A1/2/3ulhf,PoG_L(R)_4_1,0.1786,2,139,140,A40rd,IPL_L(R)_6_3,0.1071,1,145,146,A40rv,IPL_L(R)_6_6,0.1071,1,141,142,A40c,IPL_L(R)_6_4,0.1071,1,65,66,A1/2/3ll,PCL_L(R)_2_1,0.1071,1,0.607
prg,8,7,23,4.25,8,PrG,LRU,57,58,A4ul,PrG_L(R)_6_3,0.1282,2,53,54,A4hf,PrG_L(R)_6_1,0.0769,1,145,146,A40rv,IPL_L(R)_6_6,0.0769,1,159,160,A2,PoG_L(R)_4_3,0.0769,1,161,162,A1/2/3tru,PoG_L(R)_4_4,0.0769,1,0.4358
aips,8,4,15,3.08,5,aIPS,LRU,139,140,A40rd,IPL_L(R)_6_3,0.2258,3,129,130,A5l,SPL_L(R)_5_3,0.2258,3,141,142,A40c,IPL_L(R)_6_4,0.0968,1,159,160,A2,PoG_L(R)_4_3,0.0968,1,,,,,,,0.6452
lofc,8,6,19,4.05,7,lOFC,LRU,37,38,A44op,IFG_L(R)_6_5,0.1429,2,35,36,A45r,IFG_L(R)_6_4,0.1429,2,167,168,dIa,INS_L(R)_6_3,0.0857,1,19,20,A46,MFG_L(R)_7_3,0.0857,1,21,22,A9/46v,MFG_L(R)_7_4,0.0857,1,0.5429
mid cingulate gyrus,8,5,24,3.15,6,L Mid Cingulate Gyrus,LRU,185,186,A23c,CG_L(R)_7_6,0.175,3,183,184,A24cd,CG_L(R)_7_5,0.125,2,67,68,A4ll,PCL_L(R)_2_2,0.075,1,9,10,A6m,SFG_L(R)_7_5,0.075,1,245,246,lPFtha,Tha_L(R)_8_8,0.075,1,0.525
anterior cingulate ba 32,8,4,14,3.21,5,Right anterior cingulate (BA 32),LRU,179,180,A32p,CG_L(R)_7_3,0.2333,3,187,188,A32sg,CG_L(R)_7_7,0.1667,2,11,12,A9m,SFG_L(R)_7_6,0.1667,2,9,10,A6m,SFG_L(R)_7_5,0.1,1,,,,,,,0.6667
lateral occipital gyrus,8,7,15,5.21,8,Lateral occipital gyrus,U,199,200,mOccG,LOcC_L(R)_4_1,0.1613,2,107,108,A37lv,FuG_L(R)_3_3,0.0968,1,135,136,A39c,IPL_L(R)_6_1,0.0968,1,137,138,A39rd,IPL_L(R)_6_2,0.0968,1,143,144,A39rv,IPL_L(R)_6_5,0.0968,1,0.5485
mid cingulate,8,5,9,4.23,5,Mid cingulate,U,183,184,A24cd,CG_L(R)_7_5,0.28,3,177,178,A24rv,CG_L(R)_7_2,0.2,2,175,176,A23d,CG_L(R)_7_1,0.12,1,185,186,A23c,CG_L(R)_7_6,0.12,1,65,66,A1/2/3ll,PCL_L(R)_2_1,0.12,1,0.84
cingulum,8,8,29,4.24,9,Cingulum,LRU,187,188,A32sg,CG_L(R)_7_7,0.0667,1,227,228,dCa,BG_L(R)_6_5,0.0667,1,179,180,A32p,CG_L(R)_7_3,0.0667,1,181,182,A23v,CG_L(R)_7_4,0.0667,1,185,186,A23c,CG_L(R)_7_6,0.0667,1,0.3335
middle temporal cortex,8,5,12,3.94,6,Middle temporal cortex,LRU,121,122,rpSTS,pSTS_L(R)_2_1,0.25,3,143,144,A39rv,IPL_L(R)_6_5,0.1786,2,81,82,A21c,MTG_L(R)_4_1,0.1071,1,83,84,A21r,MTG_L(R)_4_2,0.1071,1,87,88,aSTS,MTG_L(R)_4_4,0.1071,1,0.7499
superior frontal gyrus 8,8,4,14,3.13,5,Right superior frontal gyrus (8),LRU,5,6,A9l,SFG_L(R)_7_3,0.2333,3,3,4,A8dl,SFG_L(R)_7_2,0.2333,3,15,16,A9/46d,MFG_L(R)_7_1,0.1,1,23,24,A8vl,MFG_L(R)_7_5,0.1,1,,,,,,,0.6666
posterior stg,8,7,24,4.16,8,Right posterior STG,LRU,71,72,A41/42,STG_L(R)_6_2,0.125,2,171,172,dIg,INS_L(R)_6_5,0.075,1,143,144,A39rv,IPL_L(R)_6_5,0.075,1,87,88,aSTS,MTG_L(R)_4_4,0.075,1,75,76,A22c,STG_L(R)_6_4,0.075,1,0.425
middle occipital cortex,8,4,12,3.32,5,Middle occipital cortex,LU,203,204,OPC,LOcC_L(R)_4_3,0.25,3,199,200,mOccG,LOcC_L(R)_4_1,0.1786,2,143,144,A39rv,IPL_L(R)_6_5,0.1786,2,135,136,A39c,IPL_L(R)_6_1,0.1071,1,,,,,,,0.7143
posterior hippocampus,8,5,10,4.13,5,Posterior hippocampus,LRU,217,218,cHipp,Hipp_L(R)_2_2,0.2692,3,241,242,Otha,Tha_L(R)_8_6,0.1923,2,233,234,mPMtha,Tha_L(R)_8_2,0.1154,1,237,238,rTtha,Tha_L(R)_8_4,0.1154,1,239,240,PPtha,Tha_L(R)_8_5,0.1154,1,0.8077
rectus gyrus,8,4,13,3.18,5,Rectus gyrus,LRU,47,48,A11m,OrG_L(R)_6_4,0.2414,3,49,50,A13,OrG_L(R)_6_5,0.2414,3,187,188,A32sg,CG_L(R)_7_7,0.1034,1,41,42,A14m,OrG_L(R)_6_1,0.1034,1,,,,,,,0.6896
cun,8,5,11,4.03,6,Cun,LRU,193,194,cCunG,MVOcC_L(R)_5_3,0.2593,3,203,204,OPC,LOcC_L(R)_4_3,0.1852,2,207,208,msOccG,LOcC_L(R)_2_1,0.1111,1,191,192,rCunG,MVOcC_L(R)_5_2,0.1111,1,197,198,vmPOS,MVOcC_L(R)_5_5,0.1111,1,0.7778
cuneus ba 18,8,6,23,3.65,7,Cuneus (BA 18),LRU,197,198,vmPOS,MVOcC_L(R)_5_5,0.1795,3,245,246,lPFtha,Tha_L(R)_8_8,0.0769,1,219,220,vCa,BG_L(R)_6_1,0.0769,1,191,192,rCunG,MVOcC_L(R)_5_2,0.0769,1,193,194,cCunG,MVOcC_L(R)_5_3,0.0769,1,0.4871
middle orbital,8,7,19,4.67,8,Middle Orbital,LU,21,22,A9/46v,MFG_L(R)_7_4,0.1429,2,37,38,A44op,IFG_L(R)_6_5,0.0857,1,15,16,A9/46d,MFG_L(R)_7_1,0.0857,1,35,36,A45r,IFG_L(R)_6_4,0.0857,1,19,20,A46,MFG_L(R)_7_3,0.0857,1,0.4857
midfrontal gyrus,8,5,13,3.97,6,Right midfrontal gyrus,LR,15,16,A9/46d,MFG_L(R)_7_1,0.1724,2,21,22,A9/46v,MFG_L(R)_7_4,0.1724,2,55,56,A6cdl,PrG_L(R)_6_2,0.1724,2,23,24,A8vl,MFG_L(R)_7_5,0.1034,1,25,26,A6vl,MFG_L(R)_7_6,0.1034,1,0.724
dlpfc ba 9,7,5,19,3.41,6,dlPFC (BA9),LU,17,18,IFJ,MFG_L(R)_7_2,0.1515,2,63,64,A6cvl,PrG_L(R)_6_6,0.1515,2,29,30,A44d,IFG_L(R)_6_1,0.0909,1,15,16,A9/46d,MFG_L(R)_7_1,0.0909,1,21,22,A9/46v,MFG_L(R)_7_4,0.0909,1,0.5757
lateral parietal,7,3,12,2.37,4,lateral parietal,LRU,143,144,A39rv,IPL_L(R)_6_5,0.4231,5,137,138,A39rd,IPL_L(R)_6_2,0.1154,1,203,204,OPC,LOcC_L(R)_4_3,0.1154,1,,,,,,,,,,,,,0.6539
angular gyrus 39,7,4,6,3.61,4,Angular gyrus (39),LRU,143,144,A39rv,IPL_L(R)_6_5,0.35,3,137,138,A39rd,IPL_L(R)_6_2,0.25,2,145,146,A40rv,IPL_L(R)_6_6,0.15,1,135,136,A39c,IPL_L(R)_6_1,0.15,1,,,,,,,0.9
subcallosal gyrus,7,3,19,2.4,4,Subcallosal gyrus,LRU,223,224,NAC,BG_L(R)_6_3,0.2121,3,49,50,A13,OrG_L(R)_6_5,0.2121,3,177,178,A24rv,CG_L(R)_7_2,0.0909,1,,,,,,,,,,,,,0.5151
precu,7,6,16,4.26,7,PRECU,LRU,153,154,A31,PCun_L(R)_4_4,0.1667,2,181,182,A23v,CG_L(R)_7_4,0.1,1,191,192,rCunG,MVOcC_L(R)_5_2,0.1,1,197,198,vmPOS,MVOcC_L(R)_5_5,0.1,1,147,148,A7m,PCun_L(R)_4_1,0.1,1,0.5667
ant insula,7,3,12,2.37,4,Ant insula,LRU,167,168,dIa,INS_L(R)_6_3,0.4231,5,37,38,A44op,IFG_L(R)_6_5,0.1154,1,165,166,vIa,INS_L(R)_6_2,0.1154,1,,,,,,,,,,,,,0.6539
ba 22,7,5,20,3.26,6,BA 22,LU,73,74,TE1.0 and TE1.2,STG_L(R)_6_3,0.2059,3,163,164,G,INS_L(R)_6_1,0.0882,1,61,62,A4tl,PrG_L(R)_6_5,0.0882,1,75,76,A22c,STG_L(R)_6_4,0.0882,1,121,122,rpSTS,pSTS_L(R)_2_1,0.0882,1,0.5587
sma proper,7,3,9,2.62,4,SMA proper,LU,9,10,A6m,SFG_L(R)_7_5,0.3913,4,67,68,A4ll,PCL_L(R)_2_2,0.2174,2,1,2,A8m,SFG_L(R)_7_1,0.1304,1,,,,,,,,,,,,,0.7391
secondary visual cortex,7,5,11,4.08,6,Left secondary visual cortex,LU,199,200,mOccG,LOcC_L(R)_4_1,0.2,2,193,194,cCunG,MVOcC_L(R)_5_3,0.2,2,203,204,OPC,LOcC_L(R)_4_3,0.12,1,189,190,cLinG,MVOcC_L(R)_5_1,0.12,1,191,192,rCunG,MVOcC_L(R)_5_2,0.12,1,0.76
cereb,7,7,27,3.82,8,Cereb,LU,181,182,A23v,CG_L(R)_7_4,0.0732,1,105,106,A37mv,FuG_L(R)_3_2,0.0732,1,199,200,mOccG,LOcC_L(R)_4_1,0.0732,1,201,202,V5/MT+,LOcC_L(R)_4_2,0.0732,1,191,192,rCunG,MVOcC_L(R)_5_2,0.0732,1,0.366
dorsal medial prefrontal cortex,7,4,14,2.95,5,Dorsal medial prefrontal cortex,LRU,13,14,A10m,SFG_L(R)_7_7,0.3214,4,17,18,IFJ,MFG_L(R)_7_2,0.1071,1,23,24,A8vl,MFG_L(R)_7_5,0.1071,1,3,4,A8dl,SFG_L(R)_7_2,0.1071,1,,,,,,,0.6427
insula cortex,7,5,12,3.98,6,L insula cortex,LRU,167,168,dIa,INS_L(R)_6_3,0.1923,2,173,174,dId,INS_L(R)_6_6,0.1923,2,37,38,A44op,IFG_L(R)_6_5,0.1154,1,163,164,G,INS_L(R)_6_1,0.1154,1,171,172,dIg,INS_L(R)_6_5,0.1154,1,0.7308
anterior cingulate gyrus ba 24,7,5,13,3.88,6,Anterior cingulate gyrus (BA 24),LRU,227,228,dCa,BG_L(R)_6_5,0.1852,2,187,188,A32sg,CG_L(R)_7_7,0.1852,2,219,220,vCa,BG_L(R)_6_1,0.1111,1,177,178,A24rv,CG_L(R)_7_2,0.1111,1,179,180,A32p,CG_L(R)_7_3,0.1111,1,0.7037
insular,7,6,12,4.77,7,Insular,LRU,167,168,dIa,INS_L(R)_6_3,0.1923,2,165,166,vIa,INS_L(R)_6_2,0.1154,1,51,52,A12/47l,OrG_L(R)_6_6,0.1154,1,163,164,G,INS_L(R)_6_1,0.1154,1,171,172,dIg,INS_L(R)_6_5,0.1154,1,0.6539
inf temporal gyrus,7,6,20,3.87,7,Inf. temporal gyrus,LU,201,202,V5/MT+,LOcC_L(R)_4_2,0.1471,2,85,86,A37dl,MTG_L(R)_4_3,0.0882,1,107,108,A37lv,FuG_L(R)_3_3,0.0882,1,91,92,A37elv,ITG_L(R)_7_2,0.0882,1,97,98,A37vl,ITG_L(R)_7_5,0.0882,1,0.4999
gyrus,7,6,26,3.43,7,gyrus,U,199,200,mOccG,LOcC_L(R)_4_1,0.125,2,167,168,dIa,INS_L(R)_6_3,0.075,1,91,92,A37elv,ITG_L(R)_7_2,0.075,1,209,210,lsOccG,LOcC_L(R)_2_2,0.075,1,201,202,V5/MT+,LOcC_L(R)_4_2,0.075,1,0.425
pars orbitalis,7,4,12,3.32,5,Pars orbitalis,RU,35,36,A45r,IFG_L(R)_6_4,0.1923,2,37,38,A44op,IFG_L(R)_6_5,0.1923,2,43,44,A12/47o,OrG_L(R)_6_2,0.1923,2,31,32,IFS,IFG_L(R)_6_2,0.1154,1,,,,,,,0.6923
inf temporal,7,5,14,3.68,6,Inf temporal,LRU,81,82,A21c,MTG_L(R)_4_1,0.25,3,87,88,aSTS,MTG_L(R)_4_4,0.1071,1,103,104,A20rv,FuG_L(R)_3_1,0.1071,1,89,90,A20iv,ITG_L(R)_7_1,0.1071,1,97,98,A37vl,ITG_L(R)_7_5,0.1071,1,0.6784
artifact,7,7,30,3.6,8,Artifact,U,37,38,A44op,IFG_L(R)_6_5,0.0682,1,39,40,A44v,IFG_L(R)_6_6,0.0682,1,165,166,vIa,INS_L(R)_6_2,0.0682,1,173,174,dId,INS_L(R)_6_6,0.0682,1,137,138,A39rd,IPL_L(R)_6_2,0.0682,1,0.341
superior parietal lobule ba 7,7,3,5,2.79,3,Left superior parietal lobule (BA7),LRU,127,128,A7c,SPL_L(R)_5_2,0.3684,3,133,134,A7ip,SPL_L(R)_5_5,0.3684,3,125,126,A7r,SPL_L(R)_5_1,0.1579,1,,,,,,,,,,,,,0.8947
parahippocampal gyrus ba 36,7,5,16,3.53,6,Parahippocampal gyrus (BA 36),LRU,217,218,cHipp,Hipp_L(R)_2_2,0.2333,3,195,196,rLinG,MVOcC_L(R)_5_4,0.1,1,103,104,A20rv,FuG_L(R)_3_1,0.1,1,107,108,A37lv,FuG_L(R)_3_3,0.1,1,119,120,TH,PhG_L(R)_6_6,0.1,1,0.6333
ifg pars triangularis,7,5,13,3.88,6,IFG pars triangularis,LU,31,32,IFS,IFG_L(R)_6_2,0.1852,2,29,30,A44d,IFG_L(R)_6_1,0.1852,2,17,18,IFJ,MFG_L(R)_7_2,0.1111,1,37,38,A44op,IFG_L(R)_6_5,0.1111,1,23,24,A8vl,MFG_L(R)_7_5,0.1111,1,0.7037
post occipital,7,5,11,4.08,6,Post occipital,LRU,205,206,iOccG,LOcC_L(R)_4_4,0.2,2,199,200,mOccG,LOcC_L(R)_4_1,0.2,2,193,194,cCunG,MVOcC_L(R)_5_3,0.12,1,203,204,OPC,LOcC_L(R)_4_3,0.12,1,191,192,rCunG,MVOcC_L(R)_5_2,0.12,1,0.76
inferior operculum,7,5,18,3.48,6,Inferior Operculum,U,39,40,A44v,IFG_L(R)_6_6,0.1562,2,61,62,A4tl,PrG_L(R)_6_5,0.1562,2,63,64,A6cvl,PrG_L(R)_6_6,0.0938,1,37,38,A44op,IFG_L(R)_6_5,0.0938,1,223,224,NAC,BG_L(R)_6_3,0.0938,1,0.5938
ba 8,7,6,14,4.5,7,BA 8,RU,3,4,A8dl,SFG_L(R)_7_2,0.1786,2,9,10,A6m,SFG_L(R)_7_5,0.1071,1,11,12,A9m,SFG_L(R)_7_6,0.1071,1,15,16,A9/46d,MFG_L(R)_7_1,0.1071,1,17,18,IFJ,MFG_L(R)_7_2,0.1071,1,0.607
post central,7,6,21,3.78,7,Post-central,LRU,155,156,A1/2/3ulhf,PoG_L(R)_4_1,0.1429,2,161,162,A1/2/3tru,PoG_L(R)_4_4,0.0857,1,57,58,A4ul,PrG_L(R)_6_3,0.0857,1,125,126,A7r,SPL_L(R)_5_1,0.0857,1,131,132,A7pc,SPL_L(R)_5_4,0.0857,1,0.4857
mofc,7,4,20,2.82,5,mOFC,U,41,42,A14m,OrG_L(R)_6_1,0.2059,3,187,188,A32sg,CG_L(R)_7_7,0.1471,2,49,50,A13,OrG_L(R)_6_5,0.0882,1,13,14,A10m,SFG_L(R)_7_7,0.0882,1,,,,,,,0.5294
occipital inf,7,6,25,3.49,7,Occipital Inf R,LRU,205,206,iOccG,LOcC_L(R)_4_4,0.1282,2,91,92,A37elv,ITG_L(R)_7_2,0.0769,1,201,202,V5/MT+,LOcC_L(R)_4_2,0.0769,1,203,204,OPC,LOcC_L(R)_4_3,0.0769,1,15,16,A9/46d,MFG_L(R)_7_1,0.0769,1,0.4358
inferior frontal gyrus pars opercularis,7,6,12,4.77,7,Inferior frontal gyrus pars opercularis,LRU,39,40,A44v,IFG_L(R)_6_6,0.1923,2,29,30,A44d,IFG_L(R)_6_1,0.1154,1,33,34,A45c,IFG_L(R)_6_3,0.1154,1,37,38,A44op,IFG_L(R)_6_5,0.1154,1,61,62,A4tl,PrG_L(R)_6_5,0.1154,1,0.6539
postcentral cortex,7,6,27,3.37,7,Postcentral cortex,LRU,161,162,A1/2/3tru,PoG_L(R)_4_4,0.122,2,163,164,G,INS_L(R)_6_1,0.0732,1,157,158,A1/2/3tonIa,PoG_L(R)_4_2,0.0732,1,53,54,A4hf,PrG_L(R)_6_1,0.0732,1,131,132,A7pc,SPL_L(R)_5_4,0.0732,1,0.4148
pons,7,4,14,3.1,5,Pons,U,245,246,lPFtha,Tha_L(R)_8_8,0.25,3,231,232,mPFtha,Tha_L(R)_8_1,0.1786,2,229,230,dlPu,BG_L(R)_6_6,0.1071,1,239,240,PPtha,Tha_L(R)_8_5,0.1071,1,,,,,,,0.6428
inferior occipital cortex,7,5,16,3.53,6,Inferior occipital cortex,LRU,205,206,iOccG,LOcC_L(R)_4_4,0.2333,3,107,108,A37lv,FuG_L(R)_3_3,0.1,1,97,98,A37vl,ITG_L(R)_7_5,0.1,1,199,200,mOccG,LOcC_L(R)_4_1,0.1,1,203,204,OPC,LOcC_L(R)_4_3,0.1,1,0.6333
inferior occipital gyrus ba 19,7,3,6,2.77,3,Inferior Occipital Gyrus (BA 19),LRU,201,202,V5/MT+,LOcC_L(R)_4_2,0.35,3,205,206,iOccG,LOcC_L(R)_4_4,0.35,3,199,200,mOccG,LOcC_L(R)_4_1,0.15,1,,,,,,,,,,,,,0.85
supra marginal gyrus,7,4,6,3.76,4,Supra marginal gyrus,LRU,145,146,A40rv,IPL_L(R)_6_6,0.25,2,139,140,A40rd,IPL_L(R)_6_3,0.25,2,141,142,A40c,IPL_L(R)_6_4,0.25,2,143,144,A39rv,IPL_L(R)_6_5,0.15,1,,,,,,,0.9
anterior pfc,7,4,20,2.82,5,Anterior PFC,RU,27,28,A10l,MFG_L(R)_7_7,0.2059,3,19,20,A46,MFG_L(R)_7_3,0.1471,2,45,46,A11l,OrG_L(R)_6_3,0.0882,1,13,14,A10m,SFG_L(R)_7_7,0.0882,1,,,,,,,0.5294
inferior orbital,7,7,32,3.48,8,Inferior Orbital,U,37,38,A44op,IFG_L(R)_6_5,0.0652,1,187,188,A32sg,CG_L(R)_7_7,0.0652,1,33,34,A45c,IFG_L(R)_6_3,0.0652,1,35,36,A45r,IFG_L(R)_6_4,0.0652,1,21,22,A9/46v,MFG_L(R)_7_4,0.0652,1,0.326
posterior mtg,7,6,19,3.96,7,Posterior MTG,LRU,123,124,cpSTS,pSTS_L(R)_2_2,0.1515,2,85,86,A37dl,MTG_L(R)_4_3,0.0909,1,143,144,A39rv,IPL_L(R)_6_5,0.0909,1,97,98,A37vl,ITG_L(R)_7_5,0.0909,1,87,88,aSTS,MTG_L(R)_4_4,0.0909,1,0.5151
rmtg,7,6,18,4.05,7,RMTG,U,87,88,aSTS,MTG_L(R)_4_4,0.1562,2,61,62,A4tl,PrG_L(R)_6_5,0.0938,1,71,72,A41/42,STG_L(R)_6_2,0.0938,1,73,74,TE1.0 and TE1.2,STG_L(R)_6_3,0.0938,1,75,76,A22c,STG_L(R)_6_4,0.0938,1,0.5314
dpmc,7,5,20,3.34,6,dPMC,U,25,26,A6vl,MFG_L(R)_7_6,0.1471,2,55,56,A6cdl,PrG_L(R)_6_2,0.1471,2,57,58,A4ul,PrG_L(R)_6_3,0.0882,1,59,60,A4t,PrG_L(R)_6_4,0.0882,1,7,8,A6dl,SFG_L(R)_7_4,0.0882,1,0.5588
secondary somatosensory cortex,7,3,16,2.55,4,Right secondary somatosensory cortex,LRU,145,146,A40rv,IPL_L(R)_6_6,0.2333,3,157,158,A1/2/3tonIa,PoG_L(R)_4_2,0.1667,2,73,74,TE1.0 and TE1.2,STG_L(R)_6_3,0.1667,2,,,,,,,,,,,,,0.5667
cingulate gyrus ba 32,7,7,24,4.07,8,LH cingulate gyrus (BA 32),LRU,179,180,A32p,CG_L(R)_7_3,0.0789,1,215,216,rHipp,Hipp_L(R)_2_1,0.0789,1,1,2,A8m,SFG_L(R)_7_1,0.0789,1,3,4,A8dl,SFG_L(R)_7_2,0.0789,1,11,12,A9m,SFG_L(R)_7_6,0.0789,1,0.3945
lateral globus pallidus,7,5,6,4.7,4,Lateral globus pallidus,LRU,221,222,GP,BG_L(R)_6_2,0.25,2,229,230,dlPu,BG_L(R)_6_6,0.25,2,219,220,vCa,BG_L(R)_6_1,0.15,1,223,224,NAC,BG_L(R)_6_3,0.15,1,225,226,vmPu,BG_L(R)_6_4,0.15,1,0.95
anterior,7,6,30,3.2,7,Anterior,U,167,168,dIa,INS_L(R)_6_3,0.1136,2,37,38,A44op,IFG_L(R)_6_5,0.0682,1,51,52,A12/47l,OrG_L(R)_6_6,0.0682,1,177,178,A24rv,CG_L(R)_7_2,0.0682,1,187,188,A32sg,CG_L(R)_7_7,0.0682,1,0.3864
medial temporal pole,7,5,24,3.11,6,Medial temporal pole,LRU,83,84,A21r,MTG_L(R)_4_2,0.1316,2,69,70,A38m,STG_L(R)_6_1,0.1316,2,73,74,TE1.0 and TE1.2,STG_L(R)_6_3,0.0789,1,93,94,A20r,ITG_L(R)_7_3,0.0789,1,15,16,A9/46d,MFG_L(R)_7_1,0.0789,1,0.4999
precentral sulcus,7,4,13,3.16,5,Precentral sulcus,LRU,17,18,IFJ,MFG_L(R)_7_2,0.2593,3,55,56,A6cdl,PrG_L(R)_6_2,0.1852,2,25,26,A6vl,MFG_L(R)_7_6,0.1111,1,63,64,A6cvl,PrG_L(R)_6_6,0.1111,1,,,,,,,0.6667
medial frontal g,7,7,20,4.48,8,L Medial Frontal G,LU,11,12,A9m,SFG_L(R)_7_6,0.0882,1,49,50,A13,OrG_L(R)_6_5,0.0882,1,1,2,A8m,SFG_L(R)_7_1,0.0882,1,13,14,A10m,SFG_L(R)_7_7,0.0882,1,15,16,A9/46d,MFG_L(R)_7_1,0.0882,1,0.441
vfc,7,4,12,3.32,5,vFC,LRU,61,62,A4tl,PrG_L(R)_6_5,0.1923,2,39,40,A44v,IFG_L(R)_6_6,0.1923,2,63,64,A6cvl,PrG_L(R)_6_6,0.1923,2,33,34,A45c,IFG_L(R)_6_3,0.1154,1,,,,,,,0.6923
anterior superior temporal sulcus,6,4,10,3.38,5,Left anterior superior temporal sulcus,LRU,77,78,A38l,STG_L(R)_6_5,0.2273,2,79,80,A22r,STG_L(R)_6_6,0.2273,2,83,84,A21r,MTG_L(R)_4_2,0.1364,1,87,88,aSTS,MTG_L(R)_4_4,0.1364,1,,,,,,,0.7274
supramarginal cortex,6,4,12,3.23,5,Supramarginal cortex,LRU,145,146,A40rv,IPL_L(R)_6_6,0.2083,2,141,142,A40c,IPL_L(R)_6_4,0.2083,2,85,86,A37dl,MTG_L(R)_4_3,0.125,1,123,124,cpSTS,pSTS_L(R)_2_2,0.125,1,,,,,,,0.6666
supramarginal g,6,5,8,4.41,5,R supramarginal g,RU,141,142,A40c,IPL_L(R)_6_4,0.25,2,139,140,A40rd,IPL_L(R)_6_3,0.15,1,123,124,cpSTS,pSTS_L(R)_2_2,0.15,1,143,144,A39rv,IPL_L(R)_6_5,0.15,1,145,146,A40rv,IPL_L(R)_6_6,0.15,1,0.85
medial ofc,6,5,13,3.82,6,Medial OFC,U,41,42,A14m,OrG_L(R)_6_1,0.2,2,187,188,A32sg,CG_L(R)_7_7,0.12,1,177,178,A24rv,CG_L(R)_7_2,0.12,1,47,48,A11m,OrG_L(R)_6_4,0.12,1,49,50,A13,OrG_L(R)_6_5,0.12,1,0.68
medial occipital cortex,6,4,11,3.3,5,Medial occipital cortex,U,191,192,rCunG,MVOcC_L(R)_5_2,0.2174,2,193,194,cCunG,MVOcC_L(R)_5_3,0.2174,2,203,204,OPC,LOcC_L(R)_4_3,0.1304,1,189,190,cLinG,MVOcC_L(R)_5_1,0.1304,1,,,,,,,0.6956
medial orbital frontal gyrus,6,3,13,2.54,4,Medial orbital frontal gyrus,RU,41,42,A14m,OrG_L(R)_6_1,0.28,3,27,28,A10l,MFG_L(R)_7_7,0.2,2,49,50,A13,OrG_L(R)_6_5,0.12,1,,,,,,,,,,,,,0.6
cuneus 18,6,4,15,3.04,5,Right cuneus (18),LRU,203,204,OPC,LOcC_L(R)_4_3,0.1852,2,193,194,cCunG,MVOcC_L(R)_5_3,0.1852,2,151,152,dmPOS,PCun_L(R)_4_3,0.1111,1,197,198,vmPOS,MVOcC_L(R)_5_5,0.1111,1,,,,,,,0.5926
medial frontal gyrus ba 8,6,5,21,3.18,6,Medial frontal gyrus (BA 8),LRU,11,12,A9m,SFG_L(R)_7_6,0.1515,2,227,228,dCa,BG_L(R)_6_5,0.0909,1,1,2,A8m,SFG_L(R)_7_1,0.0909,1,3,4,A8dl,SFG_L(R)_7_2,0.0909,1,237,238,rTtha,Tha_L(R)_8_4,0.0909,1,0.5151
tha,6,4,8,3.53,4,L THA,LR,245,246,lPFtha,Tha_L(R)_8_8,0.25,2,231,232,mPFtha,Tha_L(R)_8_1,0.25,2,237,238,rTtha,Tha_L(R)_8_4,0.15,1,241,242,Otha,Tha_L(R)_8_6,0.15,1,,,,,,,0.8
lingual gyrus ba 17,6,6,17,4.09,7,L lingual gyrus BA 17,LRU,205,206,iOccG,LOcC_L(R)_4_4,0.1034,1,219,220,vCa,BG_L(R)_6_1,0.1034,1,227,228,dCa,BG_L(R)_6_5,0.1034,1,203,204,OPC,LOcC_L(R)_4_3,0.1034,1,189,190,cLinG,MVOcC_L(R)_5_1,0.1034,1,0.517
parahippocampal gyrus 28,6,5,22,3.12,6,Parahippocampal gyrus (28),LRU,117,118,TI,PhG_L(R)_6_5,0.1471,2,225,226,vmPu,BG_L(R)_6_4,0.0882,1,215,216,rHipp,Hipp_L(R)_2_1,0.0882,1,217,218,cHipp,Hipp_L(R)_2_2,0.0882,1,233,234,mPMtha,Tha_L(R)_8_2,0.0882,1,0.4999
superior medial,6,5,27,2.86,6,Superior medial,LRU,13,14,A10m,SFG_L(R)_7_7,0.1282,2,187,188,A32sg,CG_L(R)_7_7,0.0769,1,27,28,A10l,MFG_L(R)_7_7,0.0769,1,41,42,A14m,OrG_L(R)_6_1,0.0769,1,1,2,A8m,SFG_L(R)_7_1,0.0769,1,0.4358
middle occipital lobe,6,4,12,3.12,5,*Middle occipital lobe,LRU,135,136,A39c,IPL_L(R)_6_1,0.2917,3,143,144,A39rv,IPL_L(R)_6_5,0.125,1,209,210,lsOccG,LOcC_L(R)_2_2,0.125,1,199,200,mOccG,LOcC_L(R)_4_1,0.125,1,,,,,,,0.6667
bpd,6,6,22,3.61,7,BPD,U,211,212,mAmyg,Amyg_L(R)_2_1,0.0882,1,185,186,A23c,CG_L(R)_7_6,0.0882,1,1,2,A8m,SFG_L(R)_7_1,0.0882,1,9,10,A6m,SFG_L(R)_7_5,0.0882,1,13,14,A10m,SFG_L(R)_7_7,0.0882,1,0.441
cuneal cortex,6,3,15,2.48,4,Cuneal Cortex,RU,191,192,rCunG,MVOcC_L(R)_5_2,0.2593,3,207,208,msOccG,LOcC_L(R)_2_1,0.1852,2,151,152,dmPOS,PCun_L(R)_4_3,0.1111,1,,,,,,,,,,,,,0.5556
aic,6,5,18,3.39,6,L AIC,LRU,167,168,dIa,INS_L(R)_6_3,0.1667,2,31,32,IFS,IFG_L(R)_6_2,0.1,1,37,38,A44op,IFG_L(R)_6_5,0.1,1,165,166,vIa,INS_L(R)_6_2,0.1,1,51,52,A12/47l,OrG_L(R)_6_6,0.1,1,0.5667
itg 20,6,6,20,3.79,7,ITG (20),U,91,92,A37elv,ITG_L(R)_7_2,0.0938,1,89,90,A20iv,ITG_L(R)_7_1,0.0938,1,103,104,A20rv,FuG_L(R)_3_1,0.0938,1,95,96,A20il,ITG_L(R)_7_4,0.0938,1,83,84,A21r,MTG_L(R)_4_2,0.0938,1,0.469
medial temporal gyrus,6,5,12,3.92,6,Medial temporal gyrus,LRU,87,88,aSTS,MTG_L(R)_4_4,0.2083,2,143,144,A39rv,IPL_L(R)_6_5,0.125,1,81,82,A21c,MTG_L(R)_4_1,0.125,1,85,86,A37dl,MTG_L(R)_4_3,0.125,1,121,122,rpSTS,pSTS_L(R)_2_1,0.125,1,0.7083
midcingulate gyrus,6,5,21,3.18,6,Midcingulate gyrus,U,185,186,A23c,CG_L(R)_7_6,0.1515,2,219,220,vCa,BG_L(R)_6_1,0.0909,1,227,228,dCa,BG_L(R)_6_5,0.0909,1,183,184,A24cd,CG_L(R)_7_5,0.0909,1,231,232,mPFtha,Tha_L(R)_8_1,0.0909,1,0.5151
middle frontal gyrus 46,6,5,13,3.82,6,L Middle Frontal Gyrus (46),LRU,31,32,IFS,IFG_L(R)_6_2,0.2,2,29,30,A44d,IFG_L(R)_6_1,0.12,1,33,34,A45c,IFG_L(R)_6_3,0.12,1,15,16,A9/46d,MFG_L(R)_7_1,0.12,1,21,22,A9/46v,MFG_L(R)_7_4,0.12,1,0.68
occipito temporal junction,6,3,13,2.54,4,Occipito-temporal junction,LRU,85,86,A37dl,MTG_L(R)_4_3,0.28,3,201,202,V5/MT+,LOcC_L(R)_4_2,0.2,2,107,108,A37lv,FuG_L(R)_3_3,0.12,1,,,,,,,,,,,,,0.6
pacc,6,3,20,2.33,4,pACC,LRU,187,188,A32sg,CG_L(R)_7_7,0.2188,3,13,14,A10m,SFG_L(R)_7_7,0.1562,2,41,42,A14m,OrG_L(R)_6_1,0.0938,1,,,,,,,,,,,,,0.4688
ofa,6,4,9,3.32,5,OFA,RU,205,206,iOccG,LOcC_L(R)_4_4,0.3333,3,105,106,A37mv,FuG_L(R)_3_2,0.1429,1,107,108,A37lv,FuG_L(R)_3_3,0.1429,1,201,202,V5/MT+,LOcC_L(R)_4_2,0.1429,1,,,,,,,0.762
inferior frontal gyrus pars orbitalis,6,3,12,2.58,4,Inferior frontal gyrus - pars orbitalis,LRU,51,52,A12/47l,OrG_L(R)_6_6,0.2917,3,37,38,A44op,IFG_L(R)_6_5,0.2083,2,35,36,A45r,IFG_L(R)_6_4,0.125,1,,,,,,,,,,,,,0.625
post cingulate,6,3,11,2.71,4,L post cingulate,LRU,151,152,dmPOS,PCun_L(R)_4_3,0.2174,2,175,176,A23d,CG_L(R)_7_1,0.2174,2,181,182,A23v,CG_L(R)_7_4,0.2174,2,,,,,,,,,,,,,0.6522
sef,6,3,14,2.38,4,SEF,LRU,9,10,A6m,SFG_L(R)_7_5,0.3462,4,1,2,A8m,SFG_L(R)_7_1,0.1154,1,183,184,A24cd,CG_L(R)_7_5,0.1154,1,,,,,,,,,,,,,0.577
anterior stg,6,4,16,2.99,5,Anterior STG,LRU,73,74,TE1.0 and TE1.2,STG_L(R)_6_3,0.1786,2,79,80,A22r,STG_L(R)_6_6,0.1786,2,87,88,aSTS,MTG_L(R)_4_4,0.1071,1,61,62,A4tl,PrG_L(R)_6_5,0.1071,1,,,,,,,0.5714
inferior temporal gyrus ba 37,6,4,17,2.85,5,Inferior temporal gyrus (BA 37),LRU,97,98,A37vl,ITG_L(R)_7_5,0.2414,3,91,92,A37elv,ITG_L(R)_7_2,0.1034,1,201,202,V5/MT+,LOcC_L(R)_4_2,0.1034,1,85,86,A37dl,MTG_L(R)_4_3,0.1034,1,,,,,,,0.5516
superior temporal lobe,6,5,16,3.54,6,*Superior temporal lobe,U,73,74,TE1.0 and TE1.2,STG_L(R)_6_3,0.1786,2,71,72,A41/42,STG_L(R)_6_2,0.1071,1,157,158,A1/2/3tonIa,PoG_L(R)_4_2,0.1071,1,75,76,A22c,STG_L(R)_6_4,0.1071,1,171,172,dIg,INS_L(R)_6_5,0.1071,1,0.607
insula ba 48,6,5,12,3.92,6,Right insula (BA48),LRU,165,166,vIa,INS_L(R)_6_2,0.2083,2,163,164,G,INS_L(R)_6_1,0.125,1,167,168,dIa,INS_L(R)_6_3,0.125,1,173,174,dId,INS_L(R)_6_6,0.125,1,45,46,A11l,OrG_L(R)_6_3,0.125,1,0.7083
area 4a,6,6,12,4.76,7,Area 4a,U,57,58,A4ul,PrG_L(R)_6_3,0.125,1,155,156,A1/2/3ulhf,PoG_L(R)_4_1,0.125,1,67,68,A4ll,PCL_L(R)_2_2,0.125,1,53,54,A4hf,PrG_L(R)_6_1,0.125,1,55,56,A6cdl,PrG_L(R)_6_2,0.125,1,0.625
posterior cingulum,6,3,7,2.75,4,Posterior cingulum,LU,175,176,A23d,CG_L(R)_7_1,0.3684,3,181,182,A23v,CG_L(R)_7_4,0.2632,2,179,180,A32p,CG_L(R)_7_3,0.1579,1,,,,,,,,,,,,,0.7895
ba 19,6,4,17,2.93,5,BA 19,U,135,136,A39c,IPL_L(R)_6_1,0.1724,2,195,196,rLinG,MVOcC_L(R)_5_4,0.1724,2,207,208,msOccG,LOcC_L(R)_2_1,0.1034,1,209,210,lsOccG,LOcC_L(R)_2_2,0.1034,1,,,,,,,0.5516
ba 13,6,4,24,2.56,5,BA 13,U,145,146,A40rv,IPL_L(R)_6_6,0.1944,3,163,164,G,INS_L(R)_6_1,0.0833,1,61,62,A4tl,PrG_L(R)_6_5,0.0833,1,73,74,TE1.0 and TE1.2,STG_L(R)_6_3,0.0833,1,,,,,,,0.4443
ba 46,6,4,26,2.49,5,BA 46 R,LRU,21,22,A9/46v,MFG_L(R)_7_4,0.1842,3,39,40,A44v,IFG_L(R)_6_6,0.0789,1,187,188,A32sg,CG_L(R)_7_7,0.0789,1,63,64,A6cvl,PrG_L(R)_6_6,0.0789,1,,,,,,,0.4209
ba 44,6,5,18,3.39,6,BA44,U,63,64,A6cvl,PrG_L(R)_6_6,0.1667,2,29,30,A44d,IFG_L(R)_6_1,0.1,1,39,40,A44v,IFG_L(R)_6_6,0.1,1,61,62,A4tl,PrG_L(R)_6_5,0.1,1,73,74,TE1.0 and TE1.2,STG_L(R)_6_3,0.1,1,0.5667
middle and superior frontal gyrus,6,6,14,4.46,7,Middle and superior frontal gyrus,RU,15,16,A9/46d,MFG_L(R)_7_1,0.1154,1,19,20,A46,MFG_L(R)_7_3,0.1154,1,23,24,A8vl,MFG_L(R)_7_5,0.1154,1,25,26,A6vl,MFG_L(R)_7_6,0.1154,1,3,4,A8dl,SFG_L(R)_7_2,0.1154,1,0.577
superior temporal gyrus ba 42,6,4,12,3.23,5,Superior temporal gyrus (BA 42),LRU,71,72,A41/42,STG_L(R)_6_2,0.2083,2,75,76,A22c,STG_L(R)_6_4,0.2083,2,157,158,A1/2/3tonIa,PoG_L(R)_4_2,0.125,1,123,124,cpSTS,pSTS_L(R)_2_2,0.125,1,,,,,,,0.6666
msfg,6,4,14,3.1,5,mSFG,BU,11,12,A9m,SFG_L(R)_7_6,0.1923,2,1,2,A8m,SFG_L(R)_7_1,0.1923,2,175,176,A23d,CG_L(R)_7_1,0.1154,1,9,10,A6m,SFG_L(R)_7_5,0.1154,1,,,,,,,0.6154
postcentral gyrus 3,6,6,22,3.61,7,Postcentral gyrus (3),LRU,17,18,IFJ,MFG_L(R)_7_2,0.0882,1,155,156,A1/2/3ulhf,PoG_L(R)_4_1,0.0882,1,157,158,A1/2/3tonIa,PoG_L(R)_4_2,0.0882,1,159,160,A2,PoG_L(R)_4_3,0.0882,1,53,54,A4hf,PrG_L(R)_6_1,0.0882,1,0.441
sup occipital gyrus,6,5,21,3.18,6,L sup. occipital gyrus,LR,135,136,A39c,IPL_L(R)_6_1,0.1515,2,203,204,OPC,LOcC_L(R)_4_3,0.0909,1,199,200,mOccG,LOcC_L(R)_4_1,0.0909,1,197,198,vmPOS,MVOcC_L(R)_5_5,0.0909,1,151,152,dmPOS,PCun_L(R)_4_3,0.0909,1,0.5151
middle frontalgyrus,6,5,13,3.82,6,Middle frontalgyrus (MidFG),LU,31,32,IFS,IFG_L(R)_6_2,0.2,2,29,30,A44d,IFG_L(R)_6_1,0.12,1,17,18,IFJ,MFG_L(R)_7_2,0.12,1,19,20,A46,MFG_L(R)_7_3,0.12,1,21,22,A9/46v,MFG_L(R)_7_4,0.12,1,0.68
anterior hippocampus,6,5,14,3.72,6,L anterior hippocampus,LRU,215,216,rHipp,Hipp_L(R)_2_1,0.1923,2,229,230,dlPu,BG_L(R)_6_6,0.1154,1,115,116,A28/34,PhG_L(R)_6_4,0.1154,1,223,224,NAC,BG_L(R)_6_3,0.1154,1,111,112,A35/36c,PhG_L(R)_6_2,0.1154,1,0.6539
ipsilesional,6,6,27,3.27,7,Ipsilesional,U,237,238,rTtha,Tha_L(R)_8_4,0.0769,1,227,228,dCa,BG_L(R)_6_5,0.0769,1,181,182,A23v,CG_L(R)_7_4,0.0769,1,75,76,A22c,STG_L(R)_6_4,0.0769,1,241,242,Otha,Tha_L(R)_8_6,0.0769,1,0.3845
superior lateral occipital cortex,6,6,26,3.33,7,Superior lateral occipital cortex,LRU,135,136,A39c,IPL_L(R)_6_1,0.0789,1,207,208,msOccG,LOcC_L(R)_2_1,0.0789,1,201,202,V5/MT+,LOcC_L(R)_4_2,0.0789,1,85,86,A37dl,MTG_L(R)_4_3,0.0789,1,191,192,rCunG,MVOcC_L(R)_5_2,0.0789,1,0.3945
cerebellum 8,6,4,14,3.1,5,Cerebellum 8,U,197,198,vmPOS,MVOcC_L(R)_5_5,0.1923,2,181,182,A23v,CG_L(R)_7_4,0.1923,2,217,218,cHipp,Hipp_L(R)_2_2,0.1154,1,195,196,rLinG,MVOcC_L(R)_5_4,0.1154,1,,,,,,,0.6154
cerebellum 6,6,5,8,4.41,5,Cerebellum_6,U,105,106,A37mv,FuG_L(R)_3_2,0.25,2,197,198,vmPOS,MVOcC_L(R)_5_5,0.15,1,189,190,cLinG,MVOcC_L(R)_5_1,0.15,1,191,192,rCunG,MVOcC_L(R)_5_2,0.15,1,195,196,rLinG,MVOcC_L(R)_5_4,0.15,1,0.85
lateral orbital gyrus,6,5,18,3.39,6,Lateral orbital gyrus,RU,51,52,A12/47l,OrG_L(R)_6_6,0.1667,2,45,46,A11l,OrG_L(R)_6_3,0.1,1,35,36,A45r,IFG_L(R)_6_4,0.1,1,167,168,dIa,INS_L(R)_6_3,0.1,1,43,44,A12/47o,OrG_L(R)_6_2,0.1,1,0.5667
temporal pole ba 38,6,5,12,3.92,6,L temporal pole (BA38),LRU,77,78,A38l,STG_L(R)_6_5,0.2083,2,39,40,A44v,IFG_L(R)_6_6,0.125,1,69,70,A38m,STG_L(R)_6_1,0.125,1,73,74,TE1.0 and TE1.2,STG_L(R)_6_3,0.125,1,79,80,A22r,STG_L(R)_6_6,0.125,1,0.7083
ptr,6,4,6,3.7,4,PTr,LRU,31,32,IFS,IFG_L(R)_6_2,0.2778,2,37,38,A44op,IFG_L(R)_6_5,0.2778,2,35,36,A45r,IFG_L(R)_6_4,0.1667,1,33,34,A45c,IFG_L(R)_6_3,0.1667,1,,,,,,,0.889
intraparietal sulcus ba 7,6,5,16,3.54,6,Intraparietal sulcus (BA 7),LRU,127,128,A7c,SPL_L(R)_5_2,0.1786,2,133,134,A7ip,SPL_L(R)_5_5,0.1071,1,15,16,A9/46d,MFG_L(R)_7_1,0.1071,1,147,148,A7m,PCun_L(R)_4_1,0.1071,1,129,130,A5l,SPL_L(R)_5_3,0.1071,1,0.607
temporal parietal junction,6,3,6,2.57,3,Temporal parietal junction,LRU,143,144,A39rv,IPL_L(R)_6_5,0.5,4,141,142,A40c,IPL_L(R)_6_4,0.1667,1,137,138,A39rd,IPL_L(R)_6_2,0.1667,1,,,,,,,,,,,,,0.8334
inferior occipital g,6,4,9,3.32,5,Inferior occipital G,LU,205,206,iOccG,LOcC_L(R)_4_4,0.3333,3,105,106,A37mv,FuG_L(R)_3_2,0.1429,1,107,108,A37lv,FuG_L(R)_3_3,0.1429,1,203,204,OPC,LOcC_L(R)_4_3,0.1429,1,,,,,,,0.762
inferior lateral occipital cortex,6,5,16,3.54,6,Inferior lateral occipital cortex,U,199,200,mOccG,LOcC_L(R)_4_1,0.1786,2,135,136,A39c,IPL_L(R)_6_1,0.1071,1,201,202,V5/MT+,LOcC_L(R)_4_2,0.1071,1,205,206,iOccG,LOcC_L(R)_4_4,0.1071,1,85,86,A37dl,MTG_L(R)_4_3,0.1071,1,0.607
superior frontal gyrus 9,6,3,14,2.51,4,Superior frontal gyrus (9),U,15,16,A9/46d,MFG_L(R)_7_1,0.2692,3,5,6,A9l,SFG_L(R)_7_3,0.1923,2,3,4,A8dl,SFG_L(R)_7_2,0.1154,1,,,,,,,,,,,,,0.5769
medial frontal gyrus 10,6,5,27,2.86,6,L. Medial Frontal Gyrus (10),LRU,13,14,A10m,SFG_L(R)_7_7,0.1282,2,187,188,A32sg,CG_L(R)_7_7,0.0769,1,179,180,A32p,CG_L(R)_7_3,0.0769,1,27,28,A10l,MFG_L(R)_7_7,0.0769,1,47,48,A11m,OrG_L(R)_6_4,0.0769,1,0.4358
superior occipital gyrus ba 19,6,5,12,3.92,6,Superior occipital gyrus (BA 19),RU,199,200,mOccG,LOcC_L(R)_4_1,0.2083,2,209,210,lsOccG,LOcC_L(R)_2_2,0.125,1,135,136,A39c,IPL_L(R)_6_1,0.125,1,207,208,msOccG,LOcC_L(R)_2_1,0.125,1,203,204,OPC,LOcC_L(R)_4_3,0.125,1,0.7083
ventrolateral pfc,6,3,12,2.58,4,Ventrolateral PFC,RU,33,34,A45c,IFG_L(R)_6_3,0.2917,3,35,36,A45r,IFG_L(R)_6_4,0.2083,2,51,52,A12/47l,OrG_L(R)_6_6,0.125,1,,,,,,,,,,,,,0.625
vermis,6,5,26,2.91,6,Vermis,LRU,191,192,rCunG,MVOcC_L(R)_5_2,0.1316,2,227,228,dCa,BG_L(R)_6_5,0.0789,1,175,176,A23d,CG_L(R)_7_1,0.0789,1,197,198,vmPOS,MVOcC_L(R)_5_5,0.0789,1,237,238,rTtha,Tha_L(R)_8_4,0.0789,1,0.4472
superior frontal gyrus medial,6,5,14,3.72,6,Superior Frontal Gyrus Medial,U,13,14,A10m,SFG_L(R)_7_7,0.1923,2,187,188,A32sg,CG_L(R)_7_7,0.1154,1,5,6,A9l,SFG_L(R)_7_3,0.1154,1,179,180,A32p,CG_L(R)_7_3,0.1154,1,11,12,A9m,SFG_L(R)_7_6,0.1154,1,0.6539
middle temporal lobe,6,3,4,2.83,3,*Middle temporal lobe,LRU,87,88,aSTS,MTG_L(R)_4_4,0.4375,3,83,84,A21r,MTG_L(R)_4_2,0.3125,2,85,86,A37dl,MTG_L(R)_4_3,0.1875,1,,,,,,,,,,,,,0.9375
ba 4,6,5,17,3.46,6,BA 4,RU,155,156,A1/2/3ulhf,PoG_L(R)_4_1,0.1724,2,59,60,A4t,PrG_L(R)_6_4,0.1034,1,183,184,A24cd,CG_L(R)_7_5,0.1034,1,161,162,A1/2/3tru,PoG_L(R)_4_4,0.1034,1,57,58,A4ul,PrG_L(R)_6_3,0.1034,1,0.586
superior occipital lobe,6,4,12,3.12,5,Superior occipital lobe,LRU,209,210,lsOccG,LOcC_L(R)_2_2,0.2917,3,203,204,OPC,LOcC_L(R)_4_3,0.125,1,135,136,A39c,IPL_L(R)_6_1,0.125,1,137,138,A39rd,IPL_L(R)_6_2,0.125,1,,,,,,,0.6667
posterior superior temporal gyrus,6,3,8,2.53,4,Posterior superior temporal gyrus,LU,123,124,cpSTS,pSTS_L(R)_2_2,0.45,4,71,72,A41/42,STG_L(R)_6_2,0.15,1,121,122,rpSTS,pSTS_L(R)_2_1,0.15,1,,,,,,,,,,,,,0.75
anterior prefrontal cortex,6,4,14,3.1,5,Anterior prefrontal cortex,BLU,19,20,A46,MFG_L(R)_7_3,0.1923,2,13,14,A10m,SFG_L(R)_7_7,0.1923,2,15,16,A9/46d,MFG_L(R)_7_1,0.1154,1,27,28,A10l,MFG_L(R)_7_7,0.1154,1,,,,,,,0.6154
precentralgyrus,6,6,23,3.54,7,Precentralgyrus,LRU,155,156,A1/2/3ulhf,PoG_L(R)_4_1,0.0857,1,63,64,A6cvl,PrG_L(R)_6_6,0.0857,1,33,34,A45c,IFG_L(R)_6_3,0.0857,1,17,18,IFJ,MFG_L(R)_7_2,0.0857,1,159,160,A2,PoG_L(R)_4_3,0.0857,1,0.4285
inferior temporal lobe,6,4,18,2.88,5,L Inferior temporal lobe,LRU,107,108,A37lv,FuG_L(R)_3_3,0.1667,2,97,98,A37vl,ITG_L(R)_7_5,0.1667,2,215,216,rHipp,Hipp_L(R)_2_1,0.1,1,69,70,A38m,STG_L(R)_6_1,0.1,1,,,,,,,0.5334
sup fr gy,6,6,20,3.79,7,Sup Fr Gy,U,1,2,A8m,SFG_L(R)_7_1,0.0938,1,7,8,A6dl,SFG_L(R)_7_4,0.0938,1,19,20,A46,MFG_L(R)_7_3,0.0938,1,3,4,A8dl,SFG_L(R)_7_2,0.0938,1,21,22,A9/46v,MFG_L(R)_7_4,0.0938,1,0.469
brain stem,5,5,21,3.1,6,Brain Stem,RU,179,180,A32p,CG_L(R)_7_3,0.0968,1,49,50,A13,OrG_L(R)_6_5,0.0968,1,231,232,mPFtha,Tha_L(R)_8_1,0.0968,1,235,236,Stha,Tha_L(R)_8_3,0.0968,1,241,242,Otha,Tha_L(R)_8_6,0.0968,1,0.484
medial prefrontal gyrus,5,4,20,2.69,5,Medial prefrontal gyrus,LU,187,188,A32sg,CG_L(R)_7_7,0.1667,2,41,42,A14m,OrG_L(R)_6_1,0.1,1,51,52,A12/47l,OrG_L(R)_6_6,0.1,1,13,14,A10m,SFG_L(R)_7_7,0.1,1,,,,,,,0.4667
inferior parietal lobe ba 40,5,4,11,3.24,5,Inferior parietal lobe BA40,U,139,140,A40rd,IPL_L(R)_6_3,0.2381,2,141,142,A40c,IPL_L(R)_6_4,0.1429,1,145,146,A40rv,IPL_L(R)_6_6,0.1429,1,129,130,A5l,SPL_L(R)_5_3,0.1429,1,,,,,,,0.6668
inferior temporal g,5,5,19,3.23,6,Inferior Temporal G,LU,201,202,V5/MT+,LOcC_L(R)_4_2,0.1034,1,91,92,A37elv,ITG_L(R)_7_2,0.1034,1,93,94,A20r,ITG_L(R)_7_3,0.1034,1,97,98,A37vl,ITG_L(R)_7_5,0.1034,1,75,76,A22c,STG_L(R)_6_4,0.1034,1,0.517
medial globus pallidus,5,4,16,2.9,5,Medial globus pallidus,RU,233,234,mPMtha,Tha_L(R)_8_2,0.1923,2,221,222,GP,BG_L(R)_6_2,0.1154,1,211,212,mAmyg,Amyg_L(R)_2_1,0.1154,1,223,224,NAC,BG_L(R)_6_3,0.1154,1,,,,,,,0.5385
middle temporal gyrus 22,5,3,8,2.62,4,Middle temporal gyrus (22),LRU,121,122,rpSTS,pSTS_L(R)_2_1,0.3889,3,71,72,A41/42,STG_L(R)_6_2,0.1667,1,123,124,cpSTS,pSTS_L(R)_2_2,0.1667,1,,,,,,,,,,,,,0.7223
pgacc,5,3,13,2.44,4,pgACC,U,187,188,A32sg,CG_L(R)_7_7,0.3043,3,177,178,A24rv,CG_L(R)_7_2,0.1304,1,41,42,A14m,OrG_L(R)_6_1,0.1304,1,,,,,,,,,,,,,0.5651
medial orbitofrontal gyrus,5,3,13,2.53,4,L Medial Orbitofrontal Gyrus,LRU,187,188,A32sg,CG_L(R)_7_7,0.2174,2,41,42,A14m,OrG_L(R)_6_1,0.2174,2,47,48,A11m,OrG_L(R)_6_4,0.1304,1,,,,,,,,,,,,,0.5652
lateral orbitofrontal gyrus,5,3,12,2.48,4,Lateral orbitofrontal gyrus,RU,43,44,A12/47o,OrG_L(R)_6_2,0.3182,3,37,38,A44op,IFG_L(R)_6_5,0.1364,1,45,46,A11l,OrG_L(R)_6_3,0.1364,1,,,,,,,,,,,,,0.591
sma 6,5,3,9,2.59,4,SMA (6),LRU,9,10,A6m,SFG_L(R)_7_5,0.3684,3,67,68,A4ll,PCL_L(R)_2_2,0.1579,1,3,4,A8dl,SFG_L(R)_7_2,0.1579,1,,,,,,,,,,,,,0.6842
crus i,5,5,25,2.87,6,Crus I R,LR,227,228,dCa,BG_L(R)_6_5,0.0857,1,199,200,mOccG,LOcC_L(R)_4_1,0.0857,1,201,202,V5/MT+,LOcC_L(R)_4_2,0.0857,1,15,16,A9/46d,MFG_L(R)_7_1,0.0857,1,111,112,A35/36c,PhG_L(R)_6_2,0.0857,1,0.4285
medial orbital gyrus,5,4,18,2.79,5,L medial orbital gyrus,LRU,45,46,A11l,OrG_L(R)_6_3,0.1786,2,223,224,NAC,BG_L(R)_6_3,0.1071,1,165,166,vIa,INS_L(R)_6_2,0.1071,1,47,48,A11m,OrG_L(R)_6_4,0.1071,1,,,,,,,0.4999
intraparietal cortex,5,4,12,3.16,5,Right Intraparietal Cortex,LRU,143,144,A39rv,IPL_L(R)_6_5,0.2273,2,137,138,A39rd,IPL_L(R)_6_2,0.1364,1,139,140,A40rd,IPL_L(R)_6_3,0.1364,1,209,210,lsOccG,LOcC_L(R)_2_2,0.1364,1,,,,,,,0.6365
dlpfcb,5,4,14,3.02,5,DLPFCb,RU,15,16,A9/46d,MFG_L(R)_7_1,0.2083,2,23,24,A8vl,MFG_L(R)_7_5,0.125,1,3,4,A8dl,SFG_L(R)_7_2,0.125,1,5,6,A9l,SFG_L(R)_7_3,0.125,1,,,,,,,0.5833
pcun,5,3,10,2.55,4,PCUN,BU,153,154,A31,PCun_L(R)_4_4,0.35,3,227,228,dCa,BG_L(R)_6_5,0.15,1,151,152,dmPOS,PCun_L(R)_4_3,0.15,1,,,,,,,,,,,,,0.65
cortex,5,5,23,2.97,6,Cortex,U,181,182,A23v,CG_L(R)_7_4,0.0909,1,185,186,A23c,CG_L(R)_7_6,0.0909,1,107,108,A37lv,FuG_L(R)_3_3,0.0909,1,199,200,mOccG,LOcC_L(R)_4_1,0.0909,1,11,12,A9m,SFG_L(R)_7_6,0.0909,1,0.4545
pcu ba 7,5,5,16,3.48,6,PCu (BA 7),U,147,148,A7m,PCun_L(R)_4_1,0.1154,1,127,128,A7c,SPL_L(R)_5_2,0.1154,1,175,176,A23d,CG_L(R)_7_1,0.1154,1,153,154,A31,PCun_L(R)_4_4,0.1154,1,125,126,A7r,SPL_L(R)_5_1,0.1154,1,0.577
medial frontal cortex,5,4,20,2.69,5,Medial frontal cortex,U,11,12,A9m,SFG_L(R)_7_6,0.1667,2,187,188,A32sg,CG_L(R)_7_7,0.1,1,41,42,A14m,OrG_L(R)_6_1,0.1,1,9,10,A6m,SFG_L(R)_7_5,0.1,1,,,,,,,0.4667
medial thalamus,5,4,8,3.5,5,Left medial thalamus,LU,245,246,lPFtha,Tha_L(R)_8_8,0.2778,2,231,232,mPFtha,Tha_L(R)_8_1,0.1667,1,237,238,rTtha,Tha_L(R)_8_4,0.1667,1,243,244,cTtha,Tha_L(R)_8_7,0.1667,1,,,,,,,0.7779
pmv,5,3,13,2.44,4,PMv,U,63,64,A6cvl,PrG_L(R)_6_6,0.3043,3,53,54,A4hf,PrG_L(R)_6_1,0.1304,1,17,18,IFJ,MFG_L(R)_7_2,0.1304,1,,,,,,,,,,,,,0.5651
rtpj,5,4,12,3.16,5,rTPJ,U,141,142,A40c,IPL_L(R)_6_4,0.2273,2,143,144,A39rv,IPL_L(R)_6_5,0.1364,1,85,86,A37dl,MTG_L(R)_4_3,0.1364,1,123,124,cpSTS,pSTS_L(R)_2_2,0.1364,1,,,,,,,0.6365
pips,5,5,11,4.02,6,L pIPS,LRU,133,134,A7ip,SPL_L(R)_5_5,0.1429,1,129,130,A5l,SPL_L(R)_5_3,0.1429,1,209,210,lsOccG,LOcC_L(R)_2_2,0.1429,1,199,200,mOccG,LOcC_L(R)_4_1,0.1429,1,127,128,A7c,SPL_L(R)_5_2,0.1429,1,0.7145
head of caudate,5,2,6,1.89,3,Head of caudate,U,227,228,dCa,BG_L(R)_6_5,0.5625,4,219,220,vCa,BG_L(R)_6_1,0.1875,1,,,,,,,,,,,,,,,,,,,0.75
amygdalaa,5,5,18,3.31,6,Amygdalaa,LRU,211,212,mAmyg,Amyg_L(R)_2_1,0.1071,1,213,214,lAmyg,Amyg_L(R)_2_2,0.1071,1,229,230,dlPu,BG_L(R)_6_6,0.1071,1,215,216,rHipp,Hipp_L(R)_2_1,0.1071,1,233,234,mPMtha,Tha_L(R)_8_2,0.1071,1,0.5355
ifj,5,3,19,2.25,4,L IFJ,LRU,63,64,A6cvl,PrG_L(R)_6_6,0.2414,3,29,30,A44d,IFG_L(R)_6_1,0.1034,1,17,18,IFJ,MFG_L(R)_7_2,0.1034,1,,,,,,,,,,,,,0.4482
pmd 6,5,4,13,3.09,5,PMd (6),U,55,56,A6cdl,PrG_L(R)_6_2,0.2174,2,53,54,A4hf,PrG_L(R)_6_1,0.1304,1,63,64,A6cvl,PrG_L(R)_6_6,0.1304,1,7,8,A6dl,SFG_L(R)_7_4,0.1304,1,,,,,,,0.6086
inf frontal,5,5,13,3.77,6,Inf. frontal L,LR,17,18,IFJ,MFG_L(R)_7_2,0.1304,1,31,32,IFS,IFG_L(R)_6_2,0.1304,1,33,34,A45c,IFG_L(R)_6_3,0.1304,1,35,36,A45r,IFG_L(R)_6_4,0.1304,1,37,38,A44op,IFG_L(R)_6_5,0.1304,1,0.652
parahippocampal gyrus 36,5,5,25,2.87,6,Parahippocampal gyrus (36),LRU,195,196,rLinG,MVOcC_L(R)_5_4,0.0857,1,225,226,vmPu,BG_L(R)_6_4,0.0857,1,113,114,TL,PhG_L(R)_6_3,0.0857,1,119,120,TH,PhG_L(R)_6_6,0.0857,1,239,240,PPtha,Tha_L(R)_8_5,0.0857,1,0.4285
rsc,5,3,11,2.62,4,RSC,LRU,151,152,dmPOS,PCun_L(R)_4_3,0.2381,2,153,154,A31,PCun_L(R)_4_4,0.2381,2,181,182,A23v,CG_L(R)_7_4,0.1429,1,,,,,,,,,,,,,0.6191
postcentral gyrus ba 2,5,5,18,3.31,6,Right postcentral gyrus (BA 2),RU,79,80,A22r,STG_L(R)_6_6,0.1071,1,121,122,rpSTS,pSTS_L(R)_2_1,0.1071,1,139,140,A40rd,IPL_L(R)_6_3,0.1071,1,145,146,A40rv,IPL_L(R)_6_6,0.1071,1,159,160,A2,PoG_L(R)_4_3,0.1071,1,0.5355
antr insula,5,3,19,2.32,4,Antr. Insula,U,37,38,A44op,IFG_L(R)_6_5,0.1724,2,167,168,dIa,INS_L(R)_6_3,0.1724,2,1,2,A8m,SFG_L(R)_7_1,0.1034,1,,,,,,,,,,,,,0.4482
anterior thalamus,5,3,15,2.46,4,anterior thalamus,U,13,14,A10m,SFG_L(R)_7_7,0.2,2,245,246,lPFtha,Tha_L(R)_8_8,0.2,2,231,232,mPFtha,Tha_L(R)_8_1,0.12,1,,,,,,,,,,,,,0.52
post parietal,5,2,9,2.05,3,Post parietal,U,159,160,A2,PoG_L(R)_4_3,0.3684,3,129,130,A5l,SPL_L(R)_5_3,0.2632,2,,,,,,,,,,,,,,,,,,,0.6316
pog,5,5,19,3.23,6,L.PoG (Insula),LRU,155,156,A1/2/3ulhf,PoG_L(R)_4_1,0.1034,1,197,198,vmPOS,MVOcC_L(R)_5_5,0.1034,1,153,154,A31,PCun_L(R)_4_4,0.1034,1,157,158,A1/2/3tonIa,PoG_L(R)_4_2,0.1034,1,57,58,A4ul,PrG_L(R)_6_3,0.1034,1,0.517
calcarine fissure and surrounding cortex,5,5,15,3.57,6,LH calcarine fissure and surrounding cortex,LR,203,204,OPC,LOcC_L(R)_4_3,0.12,1,191,192,rCunG,MVOcC_L(R)_5_2,0.12,1,193,194,cCunG,MVOcC_L(R)_5_3,0.12,1,197,198,vmPOS,MVOcC_L(R)_5_5,0.12,1,151,152,dmPOS,PCun_L(R)_4_3,0.12,1,0.6
cerebellum 4 5,5,4,20,2.69,5,Cerebellum 4 5,U,197,198,vmPOS,MVOcC_L(R)_5_5,0.1667,2,181,182,A23v,CG_L(R)_7_4,0.1,1,217,218,cHipp,Hipp_L(R)_2_2,0.1,1,111,112,A35/36c,PhG_L(R)_6_2,0.1,1,,,,,,,0.4667
inferior orbitofrontal cortex,5,4,18,2.79,5,Inferior orbitofrontal cortex,RU,167,168,dIa,INS_L(R)_6_3,0.1786,2,37,38,A44op,IFG_L(R)_6_5,0.1071,1,45,46,A11l,OrG_L(R)_6_3,0.1071,1,51,52,A12/47l,OrG_L(R)_6_6,0.1071,1,,,,,,,0.4999
pre and postcentral gyrus,5,4,12,3.16,5,B pre- and postcentral gyrus,BLRU,155,156,A1/2/3ulhf,PoG_L(R)_4_1,0.2273,2,57,58,A4ul,PrG_L(R)_6_3,0.1364,1,67,68,A4ll,PCL_L(R)_2_2,0.1364,1,53,54,A4hf,PrG_L(R)_6_1,0.1364,1,,,,,,,0.6365
mid front,5,5,21,3.1,6,L mid. front.,LU,187,188,A32sg,CG_L(R)_7_7,0.0968,1,15,16,A9/46d,MFG_L(R)_7_1,0.0968,1,19,20,A46,MFG_L(R)_7_3,0.0968,1,25,26,A6vl,MFG_L(R)_7_6,0.0968,1,3,4,A8dl,SFG_L(R)_7_2,0.0968,1,0.484
cerebellum anterior lobe,5,5,21,3.1,6,Right cerebellum anterior lobe,RU,181,182,A23v,CG_L(R)_7_4,0.0968,1,107,108,A37lv,FuG_L(R)_3_3,0.0968,1,195,196,rLinG,MVOcC_L(R)_5_4,0.0968,1,111,112,A35/36c,PhG_L(R)_6_2,0.0968,1,119,120,TH,PhG_L(R)_6_6,0.0968,1,0.484
mfc,5,3,7,2.66,4,MFC,U,1,2,A8m,SFG_L(R)_7_1,0.4118,3,11,12,A9m,SFG_L(R)_7_6,0.1765,1,13,14,A10m,SFG_L(R)_7_7,0.1765,1,,,,,,,,,,,,,0.7648
rmfg,5,5,19,3.23,6,RMFG,U,33,34,A45c,IFG_L(R)_6_3,0.1034,1,37,38,A44op,IFG_L(R)_6_5,0.1034,1,39,40,A44v,IFG_L(R)_6_6,0.1034,1,17,18,IFJ,MFG_L(R)_7_2,0.1034,1,73,74,TE1.0 and TE1.2,STG_L(R)_6_3,0.1034,1,0.517
rostral anterior cingulate cortex,5,4,13,3.09,5,Rostral anterior cingulate cortex,BLRU,187,188,A32sg,CG_L(R)_7_7,0.2174,2,177,178,A24rv,CG_L(R)_7_2,0.1304,1,179,180,A32p,CG_L(R)_7_3,0.1304,1,41,42,A14m,OrG_L(R)_6_1,0.1304,1,,,,,,,0.6086
median cingulate gyrus,5,4,16,2.9,5,Left median cingulate gyrus,LR,185,186,A23c,CG_L(R)_7_6,0.1923,2,9,10,A6m,SFG_L(R)_7_5,0.1154,1,183,184,A24cd,CG_L(R)_7_5,0.1154,1,65,66,A1/2/3ll,PCL_L(R)_2_1,0.1154,1,,,,,,,0.5385
precuneous cortex,5,5,11,4.02,6,Precuneous cortex,BU,147,148,A7m,PCun_L(R)_4_1,0.1429,1,191,192,rCunG,MVOcC_L(R)_5_2,0.1429,1,195,196,rLinG,MVOcC_L(R)_5_4,0.1429,1,151,152,dmPOS,PCun_L(R)_4_3,0.1429,1,121,122,rpSTS,pSTS_L(R)_2_1,0.1429,1,0.7145
insula ba 47,5,4,18,2.79,5,Insula (BA 47),RU,45,46,A11l,OrG_L(R)_6_3,0.1786,2,37,38,A44op,IFG_L(R)_6_5,0.1071,1,165,166,vIa,INS_L(R)_6_2,0.1071,1,167,168,dIa,INS_L(R)_6_3,0.1071,1,,,,,,,0.4999
insular gyrus,5,5,18,3.31,6,Insular gyrus,U,167,168,dIa,INS_L(R)_6_3,0.1071,1,169,170,vId/vIg,INS_L(R)_6_4,0.1071,1,37,38,A44op,IFG_L(R)_6_5,0.1071,1,171,172,dIg,INS_L(R)_6_5,0.1071,1,61,62,A4tl,PrG_L(R)_6_5,0.1071,1,0.5355
nucleus caudatus,5,3,8,2.75,4,Nucleus caudatus,U,227,228,dCa,BG_L(R)_6_5,0.2778,2,219,220,vCa,BG_L(R)_6_1,0.2778,2,215,216,rHipp,Hipp_L(R)_2_1,0.1667,1,,,,,,,,,,,,,0.7223
posterior intraparietal sulcus ba 7,5,3,15,2.46,4,LH posterior intraparietal sulcus (BA 7),LR,227,228,dCa,BG_L(R)_6_5,0.2,2,103,104,A20rv,FuG_L(R)_3_1,0.2,2,111,112,A35/36c,PhG_L(R)_6_2,0.12,1,,,,,,,,,,,,,0.52
non bpd,5,5,16,3.48,6,Non-BPD,U,211,212,mAmyg,Amyg_L(R)_2_1,0.1154,1,175,176,A23d,CG_L(R)_7_1,0.1154,1,177,178,A24rv,CG_L(R)_7_2,0.1154,1,19,20,A46,MFG_L(R)_7_3,0.1154,1,21,22,A9/46v,MFG_L(R)_7_4,0.1154,1,0.577
frontal sup orb,5,3,6,2.69,3,Frontal_Sup_Orb_L,LR,45,46,A11l,OrG_L(R)_6_3,0.4375,3,47,48,A11m,OrG_L(R)_6_4,0.1875,1,49,50,A13,OrG_L(R)_6_5,0.1875,1,,,,,,,,,,,,,0.8125
dorsal ifg,5,5,13,3.77,6,Left dorsal IFG,LR,29,30,A44d,IFG_L(R)_6_1,0.1304,1,31,32,IFS,IFG_L(R)_6_2,0.1304,1,33,34,A45c,IFG_L(R)_6_3,0.1304,1,39,40,A44v,IFG_L(R)_6_6,0.1304,1,17,18,IFJ,MFG_L(R)_7_2,0.1304,1,0.652
superior temporalgyrus,5,5,6,4.8,5,Left superior temporalgyrus,LRU,69,70,A38m,STG_L(R)_6_1,0.1875,1,73,74,TE1.0 and TE1.2,STG_L(R)_6_3,0.1875,1,75,76,A22c,STG_L(R)_6_4,0.1875,1,77,78,A38l,STG_L(R)_6_5,0.1875,1,79,80,A22r,STG_L(R)_6_6,0.1875,1,0.9375
cerebellum crus i,5,4,24,2.52,5,Cerebellum crus I,RU,199,200,mOccG,LOcC_L(R)_4_1,0.1471,2,135,136,A39c,IPL_L(R)_6_1,0.0882,1,15,16,A9/46d,MFG_L(R)_7_1,0.0882,1,191,192,rCunG,MVOcC_L(R)_5_2,0.0882,1,,,,,,,0.4117
superior medial frontal,5,4,7,3.59,4,Superior Medial Frontal,U,5,6,A9l,SFG_L(R)_7_3,0.2941,2,11,12,A9m,SFG_L(R)_7_6,0.1765,1,1,2,A8m,SFG_L(R)_7_1,0.1765,1,13,14,A10m,SFG_L(R)_7_7,0.1765,1,,,,,,,0.8236
gts ba 22,5,5,20,3.16,6,GTs (BA 22),U,123,124,cpSTS,pSTS_L(R)_2_2,0.1,1,171,172,dIg,INS_L(R)_6_5,0.1,1,173,174,dId,INS_L(R)_6_6,0.1,1,61,62,A4tl,PrG_L(R)_6_5,0.1,1,75,76,A22c,STG_L(R)_6_4,0.1,1,0.5
stg 22,5,4,18,2.79,5,STG (22),U,73,74,TE1.0 and TE1.2,STG_L(R)_6_3,0.1786,2,143,144,A39rv,IPL_L(R)_6_5,0.1071,1,61,62,A4tl,PrG_L(R)_6_5,0.1071,1,71,72,A41/42,STG_L(R)_6_2,0.1071,1,,,,,,,0.4999
pregenual anterior cingulate cortex,5,4,20,2.69,5,R pregenual anterior cingulate cortex,LRU,187,188,A32sg,CG_L(R)_7_7,0.1667,2,41,42,A14m,OrG_L(R)_6_1,0.1,1,179,180,A32p,CG_L(R)_7_3,0.1,1,13,14,A10m,SFG_L(R)_7_7,0.1,1,,,,,,,0.4667
cerebellum crus 1,5,5,21,3.1,6,Cerebellum Crus 1,U,201,202,V5/MT+,LOcC_L(R)_4_2,0.0968,1,135,136,A39c,IPL_L(R)_6_1,0.0968,1,85,86,A37dl,MTG_L(R)_4_3,0.0968,1,189,190,cLinG,MVOcC_L(R)_5_1,0.0968,1,197,198,vmPOS,MVOcC_L(R)_5_5,0.0968,1,0.484
cerebellum crus 2,5,5,15,3.57,6,Cerebellum Crus 2,U,201,202,V5/MT+,LOcC_L(R)_4_2,0.12,1,85,86,A37dl,MTG_L(R)_4_3,0.12,1,189,190,cLinG,MVOcC_L(R)_5_1,0.12,1,191,192,rCunG,MVOcC_L(R)_5_2,0.12,1,197,198,vmPOS,MVOcC_L(R)_5_5,0.12,1,0.6
posterior cerebellum,5,4,14,3.02,5,Posterior cerebellum,RU,105,106,A37mv,FuG_L(R)_3_2,0.2083,2,205,206,iOccG,LOcC_L(R)_4_4,0.125,1,201,202,V5/MT+,LOcC_L(R)_4_2,0.125,1,189,190,cLinG,MVOcC_L(R)_5_1,0.125,1,,,,,,,0.5833
fusiform area,5,5,15,3.57,6,L fusiform area,LRU,191,192,rCunG,MVOcC_L(R)_5_2,0.12,1,107,108,A37lv,FuG_L(R)_3_3,0.12,1,97,98,A37vl,ITG_L(R)_7_5,0.12,1,193,194,cCunG,MVOcC_L(R)_5_3,0.12,1,197,198,vmPOS,MVOcC_L(R)_5_5,0.12,1,0.6
paracentral lobule ba 5,5,5,20,3.16,6,Left Paracentral Lobule BA5,LU,181,182,A23v,CG_L(R)_7_4,0.1,1,185,186,A23c,CG_L(R)_7_6,0.1,1,65,66,A1/2/3ll,PCL_L(R)_2_1,0.1,1,149,150,A5m,PCun_L(R)_4_2,0.1,1,5,6,A9l,SFG_L(R)_7_3,0.1,1,0.5
paracentral gyrus,5,3,6,2.83,3,Paracentral gyrus,RU,65,66,A1/2/3ll,PCL_L(R)_2_1,0.3125,2,161,162,A1/2/3tru,PoG_L(R)_4_4,0.3125,2,67,68,A4ll,PCL_L(R)_2_2,0.1875,1,,,,,,,,,,,,,0.8125
gtm ba 21,5,5,11,4.02,6,GTm (BA 21),U,91,92,A37elv,ITG_L(R)_7_2,0.1429,1,95,96,A20il,ITG_L(R)_7_4,0.1429,1,99,100,A20cl,ITG_L(R)_7_6,0.1429,1,85,86,A37dl,MTG_L(R)_4_3,0.1429,1,87,88,aSTS,MTG_L(R)_4_4,0.1429,1,0.7145
superior temporal gyrusa,5,5,24,2.92,6,Superior temporal gyrusa,U,145,146,A40rv,IPL_L(R)_6_6,0.0882,1,117,118,TI,PhG_L(R)_6_5,0.0882,1,61,62,A4tl,PrG_L(R)_6_5,0.0882,1,71,72,A41/42,STG_L(R)_6_2,0.0882,1,75,76,A22c,STG_L(R)_6_4,0.0882,1,0.441
precentral gyrus ba 44,5,3,12,2.48,4,Precentral Gyrus (BA 44),LU,61,62,A4tl,PrG_L(R)_6_5,0.3182,3,39,40,A44v,IFG_L(R)_6_6,0.1364,1,63,64,A6cvl,PrG_L(R)_6_6,0.1364,1,,,,,,,,,,,,,0.591
sup parietal,5,4,10,3.32,5,Sup parietal,LRU,129,130,A5l,SPL_L(R)_5_3,0.25,2,127,128,A7c,SPL_L(R)_5_2,0.15,1,197,198,vmPOS,MVOcC_L(R)_5_5,0.15,1,125,126,A7r,SPL_L(R)_5_1,0.15,1,,,,,,,0.7
anterior middle cingulate cortex,5,4,14,3.02,5,Anterior middle cingulate cortex,U,177,178,A24rv,CG_L(R)_7_2,0.2083,2,179,180,A32p,CG_L(R)_7_3,0.125,1,183,184,A24cd,CG_L(R)_7_5,0.125,1,1,2,A8m,SFG_L(R)_7_1,0.125,1,,,,,,,0.5833
f sup gyrus,5,5,14,3.67,6,L F sup gyrus,LR,3,4,A8dl,SFG_L(R)_7_2,0.125,1,15,16,A9/46d,MFG_L(R)_7_1,0.125,1,19,20,A46,MFG_L(R)_7_3,0.125,1,5,6,A9l,SFG_L(R)_7_3,0.125,1,13,14,A10m,SFG_L(R)_7_7,0.125,1,0.625
middle inferior occipital gyrus,5,4,16,2.9,5,L middle-inferior occipital gyrus,LRU,205,206,iOccG,LOcC_L(R)_4_4,0.1923,2,107,108,A37lv,FuG_L(R)_3_3,0.1154,1,97,98,A37vl,ITG_L(R)_7_5,0.1154,1,203,204,OPC,LOcC_L(R)_4_3,0.1154,1,,,,,,,0.5385
middle frontal sulcus,5,4,7,3.59,4,Middle frontal sulcus,RU,15,16,A9/46d,MFG_L(R)_7_1,0.2941,2,17,18,IFJ,MFG_L(R)_7_2,0.1765,1,19,20,A46,MFG_L(R)_7_3,0.1765,1,23,24,A8vl,MFG_L(R)_7_5,0.1765,1,,,,,,,0.8236
occipitotemporal cortex,5,5,19,3.23,6,L occipitotemporal cortex,LR,201,202,V5/MT+,LOcC_L(R)_4_2,0.1034,1,135,136,A39c,IPL_L(R)_6_1,0.1034,1,143,144,A39rv,IPL_L(R)_6_5,0.1034,1,91,92,A37elv,ITG_L(R)_7_2,0.1034,1,205,206,iOccG,LOcC_L(R)_4_4,0.1034,1,0.517
temporal pole sup,5,4,18,2.79,5,Temporal_Pole_Sup_L,LRU,69,70,A38m,STG_L(R)_6_1,0.1786,2,39,40,A44v,IFG_L(R)_6_6,0.1071,1,61,62,A4tl,PrG_L(R)_6_5,0.1071,1,77,78,A38l,STG_L(R)_6_5,0.1071,1,,,,,,,0.4999
fusiform gyrus ba 19,5,5,15,3.57,6,L fusiform gyrus BA 19,LR,105,106,A37mv,FuG_L(R)_3_2,0.12,1,107,108,A37lv,FuG_L(R)_3_3,0.12,1,31,32,IFS,IFG_L(R)_6_2,0.12,1,201,202,V5/MT+,LOcC_L(R)_4_2,0.12,1,205,206,iOccG,LOcC_L(R)_4_4,0.12,1,0.6
orbital frontal gyrus,5,4,19,2.74,5,L. Orbital frontal gyrus,LR,35,36,A45r,IFG_L(R)_6_4,0.1724,2,37,38,A44op,IFG_L(R)_6_5,0.1034,1,15,16,A9/46d,MFG_L(R)_7_1,0.1034,1,45,46,A11l,OrG_L(R)_6_3,0.1034,1,,,,,,,0.4826
frontal mid orb,5,4,12,3.16,5,Frontal_Mid_Orb_L,LRU,51,52,A12/47l,OrG_L(R)_6_6,0.2273,2,35,36,A45r,IFG_L(R)_6_4,0.1364,1,43,44,A12/47o,OrG_L(R)_6_2,0.1364,1,45,46,A11l,OrG_L(R)_6_3,0.1364,1,,,,,,,0.6365
temporal pole mid,5,2,10,1.9,3,Temporal_Pole_Mid_R,LRU,83,84,A21r,MTG_L(R)_4_2,0.45,4,77,78,A38l,STG_L(R)_6_5,0.15,1,,,,,,,,,,,,,,,,,,,0.6
frontal med orb,5,2,6,2.07,3,Frontal_Med_Orb_R,LR,41,42,A14m,OrG_L(R)_6_1,0.4375,3,47,48,A11m,OrG_L(R)_6_4,0.3125,2,,,,,,,,,,,,,,,,,,,0.75
frontal medial cortex,5,3,20,2.29,4,Frontal Medial Cortex (Right),LRU,187,188,A32sg,CG_L(R)_7_7,0.1667,2,13,14,A10m,SFG_L(R)_7_7,0.1667,2,41,42,A14m,OrG_L(R)_6_1,0.1,1,,,,,,,,,,,,,0.4334
temporal occipital fusiform cortex,5,3,8,2.75,4,L temporal occipital fusiform cortex,LRU,107,108,A37lv,FuG_L(R)_3_3,0.2778,2,105,106,A37mv,FuG_L(R)_3_2,0.2778,2,131,132,A7pc,SPL_L(R)_5_4,0.1667,1,,,,,,,,,,,,,0.7223
anterior fusiform gyrus,5,3,9,2.7,4,Anterior fusiform gyrus,LRU,103,104,A20rv,FuG_L(R)_3_1,0.2632,2,107,108,A37lv,FuG_L(R)_3_3,0.2632,2,111,112,A35/36c,PhG_L(R)_6_2,0.1579,1,,,,,,,,,,,,,0.6843
anterior cingulate gyrus ba 32,5,5,23,2.97,6,Right Anterior cingulate gyrus (BA 32),LRU,227,228,dCa,BG_L(R)_6_5,0.0909,1,215,216,rHipp,Hipp_L(R)_2_1,0.0909,1,1,2,A8m,SFG_L(R)_7_1,0.0909,1,13,14,A10m,SFG_L(R)_7_7,0.0909,1,237,238,rTtha,Tha_L(R)_8_4,0.0909,1,0.4545
subcallosal cortex,5,4,19,2.74,5,Subcallosal cortex,LU,177,178,A24rv,CG_L(R)_7_2,0.1724,2,219,220,vCa,BG_L(R)_6_1,0.1034,1,187,188,A32sg,CG_L(R)_7_7,0.1034,1,49,50,A13,OrG_L(R)_6_5,0.1034,1,,,,,,,0.4826
inferior frontal gyrus 9,5,2,12,1.89,3,L inferior frontal gyrus (9),LRU,63,64,A6cvl,PrG_L(R)_6_6,0.4091,4,29,30,A44d,IFG_L(R)_6_1,0.1364,1,,,,,,,,,,,,,,,,,,,0.5455
inferior frontal gyrus 46,5,3,13,2.44,4,Inferior Frontal Gyrus (46),LRU,31,32,IFS,IFG_L(R)_6_2,0.3043,3,37,38,A44op,IFG_L(R)_6_5,0.1304,1,21,22,A9/46v,MFG_L(R)_7_4,0.1304,1,,,,,,,,,,,,,0.5651
dorsomedial pfc,5,3,7,2.79,4,Dorsomedial PFC,U,1,2,A8m,SFG_L(R)_7_1,0.2941,2,5,6,A9l,SFG_L(R)_7_3,0.2941,2,11,12,A9m,SFG_L(R)_7_6,0.1765,1,,,,,,,,,,,,,0.7647
dfc,5,3,13,2.53,4,dFC,LU,53,54,A4hf,PrG_L(R)_6_1,0.2174,2,63,64,A6cvl,PrG_L(R)_6_6,0.2174,2,17,18,IFJ,MFG_L(R)_7_2,0.1304,1,,,,,,,,,,,,,0.5652
posterior medial frontal gyrus,5,2,7,2.07,3,Posterior medial frontal gyrus,LRU,1,2,A8m,SFG_L(R)_7_1,0.4118,3,9,10,A6m,SFG_L(R)_7_5,0.2941,2,,,,,,,,,,,,,,,,,,,0.7059
posterior thalamus,5,4,8,3.5,5,Posterior thalamus,LRU,245,246,lPFtha,Tha_L(R)_8_8,0.2778,2,235,236,Stha,Tha_L(R)_8_3,0.1667,1,239,240,PPtha,Tha_L(R)_8_5,0.1667,1,241,242,Otha,Tha_L(R)_8_6,0.1667,1,,,,,,,0.7779
inferior occipital gyrus ba 18,5,3,6,2.83,3,Left inferior occipital gyrus BA 18,LR,199,200,mOccG,LOcC_L(R)_4_1,0.3125,2,205,206,iOccG,LOcC_L(R)_4_4,0.3125,2,203,204,OPC,LOcC_L(R)_4_3,0.1875,1,,,,,,,,,,,,,0.8125
inferior longitudinal fasciculus,5,5,20,3.16,6,Inferior longitudinal fasciculus,LRU,103,104,A20rv,FuG_L(R)_3_1,0.1,1,215,216,rHipp,Hipp_L(R)_2_1,0.1,1,137,138,A39rd,IPL_L(R)_6_2,0.1,1,83,84,A21r,MTG_L(R)_4_2,0.1,1,197,198,vmPOS,MVOcC_L(R)_5_5,0.1,1,0.5
medfg,5,4,22,2.6,5,MedFG,U,13,14,A10m,SFG_L(R)_7_7,0.1562,2,67,68,A4ll,PCL_L(R)_2_2,0.0938,1,25,26,A6vl,MFG_L(R)_7_6,0.0938,1,41,42,A14m,OrG_L(R)_6_1,0.0938,1,,,,,,,0.4376
medial dorsal nucleus,5,4,14,3.02,5,Medial Dorsal Nucleus,RU,237,238,rTtha,Tha_L(R)_8_4,0.2083,2,227,228,dCa,BG_L(R)_6_5,0.125,1,241,242,Otha,Tha_L(R)_8_6,0.125,1,245,246,lPFtha,Tha_L(R)_8_8,0.125,1,,,,,,,0.5833
superior frontal gyrus 10,5,3,7,2.79,4,Right superior frontal gyrus (10),RU,19,20,A46,MFG_L(R)_7_3,0.2941,2,27,28,A10l,MFG_L(R)_7_7,0.2941,2,21,22,A9/46v,MFG_L(R)_7_4,0.1765,1,,,,,,,,,,,,,0.7647
anterior cingulate and paracingulate gyrus,5,3,14,2.49,4,Anterior cingulate and paracingulate gyri,LRU,179,180,A32p,CG_L(R)_7_3,0.2083,2,11,12,A9m,SFG_L(R)_7_6,0.2083,2,187,188,A32sg,CG_L(R)_7_7,0.125,1,,,,,,,,,,,,,0.5416
cuneus ba 17,5,3,17,2.31,4,Cuneus (BA17),LRU,193,194,cCunG,MVOcC_L(R)_5_3,0.2593,3,219,220,vCa,BG_L(R)_6_1,0.1111,1,203,204,OPC,LOcC_L(R)_4_3,0.1111,1,,,,,,,,,,,,,0.4815
cuneus ba 7,5,4,10,3.32,5,Cuneus (BA 7),LRU,151,152,dmPOS,PCun_L(R)_4_3,0.25,2,227,228,dCa,BG_L(R)_6_5,0.15,1,147,148,A7m,PCun_L(R)_4_1,0.15,1,153,154,A31,PCun_L(R)_4_4,0.15,1,,,,,,,0.7
lpi ba 40,5,5,21,3.1,6,LPi (BA 40),U,159,160,A2,PoG_L(R)_4_3,0.0968,1,139,140,A40rd,IPL_L(R)_6_3,0.0968,1,145,146,A40rv,IPL_L(R)_6_6,0.0968,1,209,210,lsOccG,LOcC_L(R)_2_2,0.0968,1,133,134,A7ip,SPL_L(R)_5_5,0.0968,1,0.484
log,5,4,6,3.69,4,LOG,U,201,202,V5/MT+,LOcC_L(R)_4_2,0.3125,2,199,200,mOccG,LOcC_L(R)_4_1,0.1875,1,203,204,OPC,LOcC_L(R)_4_3,0.1875,1,205,206,iOccG,LOcC_L(R)_4_4,0.1875,1,,,,,,,0.875
superior parietal ba 7,5,3,5,2.72,3,Left superior parietal (BA 7),LRU,133,134,A7ip,SPL_L(R)_5_5,0.4667,3,125,126,A7r,SPL_L(R)_5_1,0.2,1,127,128,A7c,SPL_L(R)_5_2,0.2,1,,,,,,,,,,,,,0.8667
superior occipital cortex,5,4,11,3.24,5,Superior occipital cortex,RU,203,204,OPC,LOcC_L(R)_4_3,0.2381,2,209,210,lsOccG,LOcC_L(R)_2_2,0.1429,1,199,200,mOccG,LOcC_L(R)_4_1,0.1429,1,197,198,vmPOS,MVOcC_L(R)_5_5,0.1429,1,,,,,,,0.6668
parieto occipital junction,5,5,21,3.1,6,Parieto-occipital junction,LU,207,208,msOccG,LOcC_L(R)_2_1,0.0968,1,145,146,A40rv,IPL_L(R)_6_6,0.0968,1,209,210,lsOccG,LOcC_L(R)_2_2,0.0968,1,197,198,vmPOS,MVOcC_L(R)_5_5,0.0968,1,151,152,dmPOS,PCun_L(R)_4_3,0.0968,1,0.484
ventral tegmental area,5,4,8,3.5,5,Ventral tegmental area,U,237,238,rTtha,Tha_L(R)_8_4,0.2778,2,235,236,Stha,Tha_L(R)_8_3,0.1667,1,231,232,mPFtha,Tha_L(R)_8_1,0.1667,1,245,246,lPFtha,Tha_L(R)_8_8,0.1667,1,,,,,,,0.7779
superior occipital gyrus 19,5,2,6,1.89,3,Left superior occipital gyrus (19),LRU,135,136,A39c,IPL_L(R)_6_1,0.5625,4,137,138,A39rd,IPL_L(R)_6_2,0.1875,1,,,,,,,,,,,,,,,,,,,0.75
ba 24,5,3,14,2.41,4,BA 24,RU,183,184,A24cd,CG_L(R)_7_5,0.2917,3,177,178,A24rv,CG_L(R)_7_2,0.125,1,9,10,A6m,SFG_L(R)_7_5,0.125,1,,,,,,,,,,,,,0.5417
vii,5,5,15,3.57,6,VII,U,203,204,OPC,LOcC_L(R)_4_3,0.12,1,191,192,rCunG,MVOcC_L(R)_5_2,0.12,1,193,194,cCunG,MVOcC_L(R)_5_3,0.12,1,197,198,vmPOS,MVOcC_L(R)_5_5,0.12,1,151,152,dmPOS,PCun_L(R)_4_3,0.12,1,0.6
ventral ifg,5,4,12,3.16,5,Right ventral IFG,LRU,51,52,A12/47l,OrG_L(R)_6_6,0.2273,2,43,44,A12/47o,OrG_L(R)_6_2,0.1364,1,35,36,A45r,IFG_L(R)_6_4,0.1364,1,45,46,A11l,OrG_L(R)_6_3,0.1364,1,,,,,,,0.6365
ventral anterior cingulate cortex,4,3,13,2.45,4,Ventral Anterior Cingulate Cortex,U,187,188,A32sg,CG_L(R)_7_7,0.2381,2,41,42,A14m,OrG_L(R)_6_1,0.1429,1,177,178,A24rv,CG_L(R)_7_2,0.1429,1,,,,,,,,,,,,,0.5239
ant cingulate gyrus,4,3,14,2.41,4,Ant cingulate gyrus,LRU,183,184,A24cd,CG_L(R)_7_5,0.2273,2,179,180,A32p,CG_L(R)_7_3,0.1364,1,1,2,A8m,SFG_L(R)_7_1,0.1364,1,,,,,,,,,,,,,0.5001
ventral lateral nucleus,4,3,8,2.69,4,L Ventral Lateral Nucleus,LRU,231,232,mPFtha,Tha_L(R)_8_1,0.3125,2,233,234,mPMtha,Tha_L(R)_8_2,0.1875,1,239,240,PPtha,Tha_L(R)_8_5,0.1875,1,,,,,,,,,,,,,0.6875
parietal lobule,4,3,18,2.26,4,Left parietal lobule,LRU,137,138,A39rd,IPL_L(R)_6_2,0.1923,2,197,198,vmPOS,MVOcC_L(R)_5_5,0.1154,1,183,184,A24cd,CG_L(R)_7_5,0.1154,1,,,,,,,,,,,,,0.4231
parietal occipital sulcus,4,4,16,2.83,5,Left parietal occipital sulcus (precuneus),LRU,151,152,dmPOS,PCun_L(R)_4_3,0.125,1,227,228,dCa,BG_L(R)_6_5,0.125,1,135,136,A39c,IPL_L(R)_6_1,0.125,1,153,154,A31,PCun_L(R)_4_4,0.125,1,,,,,,,0.5
superior orbital,4,3,13,2.45,4,Superior Orbital,U,27,28,A10l,MFG_L(R)_7_7,0.2381,2,19,20,A46,MFG_L(R)_7_3,0.1429,1,219,220,vCa,BG_L(R)_6_1,0.1429,1,,,,,,,,,,,,,0.5239
superior orbital gyrus,4,3,13,2.45,4,Superior orbital gyrus,LRU,27,28,A10l,MFG_L(R)_7_7,0.2381,2,49,50,A13,OrG_L(R)_6_5,0.1429,1,45,46,A11l,OrG_L(R)_6_3,0.1429,1,,,,,,,,,,,,,0.5239
ifg 47,4,4,18,2.71,5,IFG (47),U,37,38,A44op,IFG_L(R)_6_5,0.1154,1,167,168,dIa,INS_L(R)_6_3,0.1154,1,43,44,A12/47o,OrG_L(R)_6_2,0.1154,1,51,52,A12/47l,OrG_L(R)_6_6,0.1154,1,,,,,,,0.4616
ba 30,4,4,24,2.43,5,BA 30,U,151,152,dmPOS,PCun_L(R)_4_3,0.0938,1,181,182,A23v,CG_L(R)_7_4,0.0938,1,197,198,vmPOS,MVOcC_L(R)_5_5,0.0938,1,245,246,lPFtha,Tha_L(R)_8_8,0.0938,1,,,,,,,0.3752
ba 31,4,4,11,3.21,5,BA 31,U,185,186,A23c,CG_L(R)_7_6,0.1579,1,175,176,A23d,CG_L(R)_7_1,0.1579,1,183,184,A24cd,CG_L(R)_7_5,0.1579,1,151,152,dmPOS,PCun_L(R)_4_3,0.1579,1,,,,,,,0.6316
gsm 40,4,4,10,3.3,5,GSM (40),U,139,140,A40rd,IPL_L(R)_6_3,0.1667,1,145,146,A40rv,IPL_L(R)_6_6,0.1667,1,157,158,A1/2/3tonIa,PoG_L(R)_4_2,0.1667,1,159,160,A2,PoG_L(R)_4_3,0.1667,1,,,,,,,0.6668
lpfc,4,4,13,3.04,5,LPFC,U,29,30,A44d,IFG_L(R)_6_1,0.1429,1,35,36,A45r,IFG_L(R)_6_4,0.1429,1,15,16,A9/46d,MFG_L(R)_7_1,0.1429,1,17,18,IFJ,MFG_L(R)_7_2,0.1429,1,,,,,,,0.5716
ventral stream,4,4,18,2.71,5,Right Ventral stream,LR,143,144,A39rv,IPL_L(R)_6_5,0.1154,1,121,122,rpSTS,pSTS_L(R)_2_1,0.1154,1,83,84,A21r,MTG_L(R)_4_2,0.1154,1,79,80,A22r,STG_L(R)_6_6,0.1154,1,,,,,,,0.4616
medial frontal gyrus 6,4,3,9,2.64,4,R. Medial Frontal Gyrus (6),LRU,9,10,A6m,SFG_L(R)_7_5,0.2941,2,67,68,A4ll,PCL_L(R)_2_2,0.1765,1,1,2,A8m,SFG_L(R)_7_1,0.1765,1,,,,,,,,,,,,,0.6471
anterior cingulate cortex ba 24,4,3,7,2.75,4,Anterior cingulate cortex (BA 24),LRU,183,184,A24cd,CG_L(R)_7_5,0.3333,2,177,178,A24rv,CG_L(R)_7_2,0.2,1,179,180,A32p,CG_L(R)_7_3,0.2,1,,,,,,,,,,,,,0.7333
difg,4,4,6,3.74,4,dIFG,LU,31,32,IFS,IFG_L(R)_6_2,0.2143,1,29,30,A44d,IFG_L(R)_6_1,0.2143,1,33,34,A45c,IFG_L(R)_6_3,0.2143,1,39,40,A44v,IFG_L(R)_6_6,0.2143,1,,,,,,,0.8572
cuneus ba 19,4,4,11,3.21,5,Cuneus (BA 19),RU,207,208,msOccG,LOcC_L(R)_2_1,0.1579,1,209,210,lsOccG,LOcC_L(R)_2_2,0.1579,1,203,204,OPC,LOcC_L(R)_4_3,0.1579,1,197,198,vmPOS,MVOcC_L(R)_5_5,0.1579,1,,,,,,,0.6316
caudal anterior cingulate cortex,4,3,7,2.75,4,Caudal anterior cingulate cortex,U,183,184,A24cd,CG_L(R)_7_5,0.3333,2,179,180,A32p,CG_L(R)_7_3,0.2,1,177,178,A24rv,CG_L(R)_7_2,0.2,1,,,,,,,,,,,,,0.7333
caudal itg,4,4,9,3.4,5,L caudal ITG,LR,201,202,V5/MT+,LOcC_L(R)_4_2,0.1765,1,205,206,iOccG,LOcC_L(R)_4_4,0.1765,1,107,108,A37lv,FuG_L(R)_3_3,0.1765,1,199,200,mOccG,LOcC_L(R)_4_1,0.1765,1,,,,,,,0.706
middle temporal gyrus ba 37,4,3,17,2.3,4,L. Middle Temporal Gyrus (BA 37),LRU,201,202,V5/MT+,LOcC_L(R)_4_2,0.2,2,99,100,A20cl,ITG_L(R)_7_6,0.12,1,85,86,A37dl,MTG_L(R)_4_3,0.12,1,,,,,,,,,,,,,0.44
inferior occipital lobe,4,3,6,2.8,4,*Inferior occipital lobe,RU,201,202,V5/MT+,LOcC_L(R)_4_2,0.3571,2,205,206,iOccG,LOcC_L(R)_4_4,0.2143,1,199,200,mOccG,LOcC_L(R)_4_1,0.2143,1,,,,,,,,,,,,,0.7857
posterior temporal cortex,4,4,17,2.77,5,Right posterior temporal cortex (TOJ),LRU,97,98,A37vl,ITG_L(R)_7_5,0.12,1,199,200,mOccG,LOcC_L(R)_4_1,0.12,1,201,202,V5/MT+,LOcC_L(R)_4_2,0.12,1,85,86,A37dl,MTG_L(R)_4_3,0.12,1,,,,,,,0.48
frontal inferior operculum,4,3,12,2.5,4,Frontal Inferior operculum,U,63,64,A6cvl,PrG_L(R)_6_6,0.25,2,29,30,A44d,IFG_L(R)_6_1,0.15,1,39,40,A44v,IFG_L(R)_6_6,0.15,1,,,,,,,,,,,,,0.55
frontal inferior triangularisangularis,4,4,17,2.77,5,Frontal Inferior Triangularisangularis,U,21,22,A9/46v,MFG_L(R)_7_4,0.12,1,29,30,A44d,IFG_L(R)_6_1,0.12,1,39,40,A44v,IFG_L(R)_6_6,0.12,1,157,158,A1/2/3tonIa,PoG_L(R)_4_2,0.12,1,,,,,,,0.48
frontal lobe inferior frontal gyrus,4,4,12,3.12,5,Left frontal lobe. Inferior frontal gyrus,LR,51,52,A12/47l,OrG_L(R)_6_6,0.15,1,33,34,A45c,IFG_L(R)_6_3,0.15,1,37,38,A44op,IFG_L(R)_6_5,0.15,1,39,40,A44v,IFG_L(R)_6_6,0.15,1,,,,,,,0.6
prefrontal area,4,4,13,3.04,5,Prefrontal area,U,31,32,IFS,IFG_L(R)_6_2,0.1429,1,35,36,A45r,IFG_L(R)_6_4,0.1429,1,37,38,A44op,IFG_L(R)_6_5,0.1429,1,21,22,A9/46v,MFG_L(R)_7_4,0.1429,1,,,,,,,0.5716
precuneus ba 19,4,2,6,1.97,3,L precuneus (BA 19),LR,137,138,A39rd,IPL_L(R)_6_2,0.5,3,135,136,A39c,IPL_L(R)_6_1,0.2143,1,,,,,,,,,,,,,,,,,,,0.7143
precuneous,4,4,9,3.4,5,Precuneous,RU,191,192,rCunG,MVOcC_L(R)_5_2,0.1765,1,197,198,vmPOS,MVOcC_L(R)_5_5,0.1765,1,149,150,A5m,PCun_L(R)_4_2,0.1765,1,151,152,dmPOS,PCun_L(R)_4_3,0.1765,1,,,,,,,0.706
ipl 40,4,4,14,2.97,5,IPL (40),LU,145,146,A40rv,IPL_L(R)_6_6,0.1364,1,141,142,A40c,IPL_L(R)_6_4,0.1364,1,71,72,A41/42,STG_L(R)_6_2,0.1364,1,121,122,rpSTS,pSTS_L(R)_2_1,0.1364,1,,,,,,,0.5456
thal,4,4,14,2.97,5,L THAL,LRU,227,228,dCa,BG_L(R)_6_5,0.1364,1,241,242,Otha,Tha_L(R)_8_6,0.1364,1,243,244,cTtha,Tha_L(R)_8_7,0.1364,1,245,246,lPFtha,Tha_L(R)_8_8,0.1364,1,,,,,,,0.5456
cerebellar tonsil,4,4,23,2.47,5,Cerebellar Tonsil,LRU,5,6,A9l,SFG_L(R)_7_3,0.0968,1,187,188,A32sg,CG_L(R)_7_7,0.0968,1,197,198,vmPOS,MVOcC_L(R)_5_5,0.0968,1,151,152,dmPOS,PCun_L(R)_4_3,0.0968,1,,,,,,,0.3872
other,4,4,25,2.39,5,Other,U,219,220,vCa,BG_L(R)_6_1,0.0909,1,187,188,A32sg,CG_L(R)_7_7,0.0909,1,145,146,A40rv,IPL_L(R)_6_6,0.0909,1,49,50,A13,OrG_L(R)_6_5,0.0909,1,,,,,,,0.3636
inferior and middle frontal gyrus,4,4,19,2.66,5,Inferior and middle frontal gyri,LRU,29,30,A44d,IFG_L(R)_6_1,0.1111,1,35,36,A45r,IFG_L(R)_6_4,0.1111,1,17,18,IFJ,MFG_L(R)_7_2,0.1111,1,63,64,A6cvl,PrG_L(R)_6_6,0.1111,1,,,,,,,0.4444
operculum,4,4,16,2.83,5,Operculum,LRU,171,172,dIg,INS_L(R)_6_5,0.125,1,33,34,A45c,IFG_L(R)_6_3,0.125,1,173,174,dId,INS_L(R)_6_6,0.125,1,157,158,A1/2/3tonIa,PoG_L(R)_4_2,0.125,1,,,,,,,0.5
inf temp,4,3,11,2.55,4,Inf. temp.,LRU,99,100,A20cl,ITG_L(R)_7_6,0.2632,2,89,90,A20iv,ITG_L(R)_7_1,0.1579,1,81,82,A21c,MTG_L(R)_4_1,0.1579,1,,,,,,,,,,,,,0.579
occipital sup,4,3,6,2.8,4,Occipital_Sup_R,LRU,209,210,lsOccG,LOcC_L(R)_2_2,0.3571,2,207,208,msOccG,LOcC_L(R)_2_1,0.2143,1,203,204,OPC,LOcC_L(R)_4_3,0.2143,1,,,,,,,,,,,,,0.7857
occipital cortex ba 18,4,4,11,3.21,5,Left occipital cortex (BA 18),LRU,199,200,mOccG,LOcC_L(R)_4_1,0.1579,1,205,206,iOccG,LOcC_L(R)_4_4,0.1579,1,193,194,cCunG,MVOcC_L(R)_5_3,0.1579,1,197,198,vmPOS,MVOcC_L(R)_5_5,0.1579,1,,,,,,,0.6316
dorsal posterior cingulate cortex,4,3,16,2.33,4,Dorsal posterior cingulate cortex,BRU,175,176,A23d,CG_L(R)_7_1,0.2083,2,197,198,vmPOS,MVOcC_L(R)_5_5,0.125,1,151,152,dmPOS,PCun_L(R)_4_3,0.125,1,,,,,,,,,,,,,0.4583
middle frontal gyrus 11,4,3,13,2.45,4,Left middle frontal gyrus (11),LRU,45,46,A11l,OrG_L(R)_6_3,0.2381,2,21,22,A9/46v,MFG_L(R)_7_4,0.1429,1,43,44,A12/47o,OrG_L(R)_6_2,0.1429,1,,,,,,,,,,,,,0.5239
inferior temporalgyrus,4,4,20,2.6,5,L Inferior TemporalGyrus,LR,107,108,A37lv,FuG_L(R)_3_3,0.1071,1,97,98,A37vl,ITG_L(R)_7_5,0.1071,1,201,202,V5/MT+,LOcC_L(R)_4_2,0.1071,1,81,82,A21c,MTG_L(R)_4_1,0.1071,1,,,,,,,0.4284
inferior triangular,4,3,13,2.45,4,Inferior Triangular,U,35,36,A45r,IFG_L(R)_6_4,0.2381,2,37,38,A44op,IFG_L(R)_6_5,0.1429,1,187,188,A32sg,CG_L(R)_7_7,0.1429,1,,,,,,,,,,,,,0.5239
middle frontal gyrus 10,4,3,7,2.75,4,Middle frontal gyrus (10),U,19,20,A46,MFG_L(R)_7_3,0.3333,2,21,22,A9/46v,MFG_L(R)_7_4,0.2,1,23,24,A8vl,MFG_L(R)_7_5,0.2,1,,,,,,,,,,,,,0.7333
precuneus 19,4,3,11,2.55,4,Left precuneus (19),LU,135,136,A39c,IPL_L(R)_6_1,0.2632,2,137,138,A39rd,IPL_L(R)_6_2,0.1579,1,133,134,A7ip,SPL_L(R)_5_5,0.1579,1,,,,,,,,,,,,,0.579
dorsal lateral prefrontal cortex,4,4,14,2.97,5,Dorsal lateral prefrontal cortex,LRU,19,20,A46,MFG_L(R)_7_3,0.1364,1,21,22,A9/46v,MFG_L(R)_7_4,0.1364,1,23,24,A8vl,MFG_L(R)_7_5,0.1364,1,3,4,A8dl,SFG_L(R)_7_2,0.1364,1,,,,,,,0.5456
dorsal central sulcus,4,4,16,2.83,5,Dorsal central sulcus,LRU,221,222,GP,BG_L(R)_6_2,0.125,1,229,230,dlPu,BG_L(R)_6_6,0.125,1,161,162,A1/2/3tru,PoG_L(R)_4_4,0.125,1,57,58,A4ul,PrG_L(R)_6_3,0.125,1,,,,,,,0.5
posterior intraparietal sulcus,4,3,11,2.55,4,right posterior intraparietal sulcus,LRU,127,128,A7c,SPL_L(R)_5_2,0.2632,2,209,210,lsOccG,LOcC_L(R)_2_2,0.1579,1,133,134,A7ip,SPL_L(R)_5_5,0.1579,1,,,,,,,,,,,,,0.579
mt ba 37,4,4,22,2.51,5,MT+BA37(L),LR,201,202,V5/MT+,LOcC_L(R)_4_2,0.1,1,97,98,A37vl,ITG_L(R)_7_5,0.1,1,107,108,A37lv,FuG_L(R)_3_3,0.1,1,135,136,A39c,IPL_L(R)_6_1,0.1,1,,,,,,,0.4
fusiform cortex,4,1,3,1.18,1,Fusiform cortex,LRU,107,108,A37lv,FuG_L(R)_3_3,0.8182,4,,,,,,,,,,,,,,,,,,,,,,,,,0.8182
posterior insular cortex,4,4,25,2.39,5,Posterior insular cortex,LU,15,16,A9/46d,MFG_L(R)_7_1,0.0909,1,163,164,G,INS_L(R)_6_1,0.0909,1,145,146,A40rv,IPL_L(R)_6_6,0.0909,1,73,74,TE1.0 and TE1.2,STG_L(R)_6_3,0.0909,1,,,,,,,0.3636
internal capsule,4,3,14,2.41,4,Internal capsule,U,219,220,vCa,BG_L(R)_6_1,0.2273,2,231,232,mPFtha,Tha_L(R)_8_1,0.1364,1,233,234,mPMtha,Tha_L(R)_8_2,0.1364,1,,,,,,,,,,,,,0.5001
spoc,4,3,15,2.37,4,SPOC,LU,207,208,msOccG,LOcC_L(R)_2_1,0.2174,2,197,198,vmPOS,MVOcC_L(R)_5_5,0.1304,1,151,152,dmPOS,PCun_L(R)_4_3,0.1304,1,,,,,,,,,,,,,0.4782
irlpfc,4,4,19,2.66,5,iRLPFC left,L,31,32,IFS,IFG_L(R)_6_2,0.1111,1,43,44,A12/47o,OrG_L(R)_6_2,0.1111,1,35,36,A45r,IFG_L(R)_6_4,0.1111,1,21,22,A9/46v,MFG_L(R)_7_4,0.1111,1,,,,,,,0.4444
stga,4,3,12,2.5,4,STGa,U,71,72,A41/42,STG_L(R)_6_2,0.25,2,145,146,A40rv,IPL_L(R)_6_6,0.15,1,79,80,A22r,STG_L(R)_6_6,0.15,1,,,,,,,,,,,,,0.55
ba 47,4,4,24,2.43,5,BA 47,U,35,36,A45r,IFG_L(R)_6_4,0.0938,1,167,168,dIa,INS_L(R)_6_3,0.0938,1,51,52,A12/47l,OrG_L(R)_6_6,0.0938,1,77,78,A38l,STG_L(R)_6_5,0.0938,1,,,,,,,0.3752
ba 41,4,4,16,2.83,5,BA 41,U,71,72,A41/42,STG_L(R)_6_2,0.125,1,145,146,A40rv,IPL_L(R)_6_6,0.125,1,157,158,A1/2/3tonIa,PoG_L(R)_4_2,0.125,1,73,74,TE1.0 and TE1.2,STG_L(R)_6_3,0.125,1,,,,,,,0.5
ba 42,4,2,12,1.92,3,BA 42,U,145,146,A40rv,IPL_L(R)_6_6,0.35,3,71,72,A41/42,STG_L(R)_6_2,0.15,1,,,,,,,,,,,,,,,,,,,0.5
pole middle,4,3,12,2.5,4,Pole Middle,U,167,168,dIa,INS_L(R)_6_3,0.25,2,37,38,A44op,IFG_L(R)_6_5,0.15,1,39,40,A44v,IFG_L(R)_6_6,0.15,1,,,,,,,,,,,,,0.55
postcentral sulcus,4,3,15,2.37,4,Postcentral sulcus,RU,139,140,A40rd,IPL_L(R)_6_3,0.2174,2,159,160,A2,PoG_L(R)_4_3,0.1304,1,129,130,A5l,SPL_L(R)_5_3,0.1304,1,,,,,,,,,,,,,0.4782
gfi ba 47,4,4,16,2.83,5,GFi (BA 47),U,167,168,dIa,INS_L(R)_6_3,0.125,1,173,174,dId,INS_L(R)_6_6,0.125,1,83,84,A21r,MTG_L(R)_4_2,0.125,1,51,52,A12/47l,OrG_L(R)_6_6,0.125,1,,,,,,,0.5
postcentral gyrus 2,4,3,10,2.59,4,Left postcentral gyrus (2),LRU,139,140,A40rd,IPL_L(R)_6_3,0.2778,2,159,160,A2,PoG_L(R)_4_3,0.1667,1,161,162,A1/2/3tru,PoG_L(R)_4_4,0.1667,1,,,,,,,,,,,,,0.6112
precuneusb,4,3,4,2.88,3,Precuneusb,RU,151,152,dmPOS,PCun_L(R)_4_3,0.4167,2,153,154,A31,PCun_L(R)_4_4,0.25,1,147,148,A7m,PCun_L(R)_4_1,0.25,1,,,,,,,,,,,,,0.9167
anterior supramarginal gyrus,4,2,6,2.09,3,Right anterior Supramarginal Gyrus (aSMG),LRU,145,146,A40rv,IPL_L(R)_6_6,0.3571,2,139,140,A40rd,IPL_L(R)_6_3,0.3571,2,,,,,,,,,,,,,,,,,,,0.7142
superior temporal gyrus ba 41,4,3,12,2.5,4,R. Superior Temporal Gyrus (BA 41),RU,71,72,A41/42,STG_L(R)_6_2,0.25,2,121,122,rpSTS,pSTS_L(R)_2_1,0.15,1,157,158,A1/2/3tonIa,PoG_L(R)_4_2,0.15,1,,,,,,,,,,,,,0.55
anterior temporal lobe,4,2,7,1.97,3,Anterior temporal lobe,RU,83,84,A21r,MTG_L(R)_4_2,0.4667,3,103,104,A20rv,FuG_L(R)_3_1,0.2,1,,,,,,,,,,,,,,,,,,,0.6667
anterior temporal pole,4,2,6,1.97,3,Anterior temporal pole,LRU,77,78,A38l,STG_L(R)_6_5,0.5,3,79,80,A22r,STG_L(R)_6_6,0.2143,1,,,,,,,,,,,,,,,,,,,0.7143
anterior thalamic radiation,4,4,14,2.97,5,Right anterior thalamic radiation,R,237,238,rTtha,Tha_L(R)_8_4,0.1364,1,219,220,vCa,BG_L(R)_6_1,0.1364,1,231,232,mPFtha,Tha_L(R)_8_1,0.1364,1,245,246,lPFtha,Tha_L(R)_8_8,0.1364,1,,,,,,,0.5456
dorsomedial thalamus,4,3,8,2.69,4,Dorsomedial thalamus,LU,231,232,mPFtha,Tha_L(R)_8_1,0.3125,2,243,244,cTtha,Tha_L(R)_8_7,0.1875,1,241,242,Otha,Tha_L(R)_8_6,0.1875,1,,,,,,,,,,,,,0.6875
precentral gy,4,4,6,3.74,4,Precentral Gy,U,55,56,A6cdl,PrG_L(R)_6_2,0.2143,1,53,54,A4hf,PrG_L(R)_6_1,0.2143,1,57,58,A4ul,PrG_L(R)_6_3,0.2143,1,63,64,A6cvl,PrG_L(R)_6_6,0.2143,1,,,,,,,0.8572
anterior ips,4,2,11,2.02,3,Anterior IPS,LU,139,140,A40rd,IPL_L(R)_6_3,0.2632,2,129,130,A5l,SPL_L(R)_5_3,0.2632,2,,,,,,,,,,,,,,,,,,,0.5264
extrastriate vis cortex ba 19,4,4,15,2.89,5,Extrastriate vis cortex (BA19),U,199,200,mOccG,LOcC_L(R)_4_1,0.1304,1,105,106,A37mv,FuG_L(R)_3_2,0.1304,1,135,136,A39c,IPL_L(R)_6_1,0.1304,1,205,206,iOccG,LOcC_L(R)_4_4,0.1304,1,,,,,,,0.5216
extrastriate visual cortex,4,3,11,2.55,4,Extrastriate Visual Cortex,LRU,205,206,iOccG,LOcC_L(R)_4_4,0.2632,2,199,200,mOccG,LOcC_L(R)_4_1,0.1579,1,197,198,vmPOS,MVOcC_L(R)_5_5,0.1579,1,,,,,,,,,,,,,0.579
precuneus 31,4,3,16,2.33,4,Precuneus (31),LRU,197,198,vmPOS,MVOcC_L(R)_5_5,0.2083,2,181,182,A23v,CG_L(R)_7_4,0.125,1,151,152,dmPOS,PCun_L(R)_4_3,0.125,1,,,,,,,,,,,,,0.4583
temporal inferior,4,4,11,3.21,5,Temporal inferior,LRU,93,94,A20r,ITG_L(R)_7_3,0.1579,1,91,92,A37elv,ITG_L(R)_7_2,0.1579,1,95,96,A20il,ITG_L(R)_7_4,0.1579,1,83,84,A21r,MTG_L(R)_4_2,0.1579,1,,,,,,,0.6316
anterior insula cortex,4,4,18,2.71,5,L anterior insula cortex,LRU,37,38,A44op,IFG_L(R)_6_5,0.1154,1,165,166,vIa,INS_L(R)_6_2,0.1154,1,167,168,dIa,INS_L(R)_6_3,0.1154,1,51,52,A12/47l,OrG_L(R)_6_6,0.1154,1,,,,,,,0.4616
dorsal premotor,4,4,20,2.6,5,Dorsal premotor,LRU,25,26,A6vl,MFG_L(R)_7_6,0.1071,1,17,18,IFJ,MFG_L(R)_7_2,0.1071,1,55,56,A6cdl,PrG_L(R)_6_2,0.1071,1,7,8,A6dl,SFG_L(R)_7_4,0.1071,1,,,,,,,0.4284
dorsal pop,4,4,6,3.74,4,Left dorsal POp,LR,37,38,A44op,IFG_L(R)_6_5,0.2143,1,31,32,IFS,IFG_L(R)_6_2,0.2143,1,33,34,A45c,IFG_L(R)_6_3,0.2143,1,39,40,A44v,IFG_L(R)_6_6,0.2143,1,,,,,,,0.8572
cal,4,4,14,2.97,5,CAL,LRU,215,216,rHipp,Hipp_L(R)_2_1,0.1364,1,15,16,A9/46d,MFG_L(R)_7_1,0.1364,1,191,192,rCunG,MVOcC_L(R)_5_2,0.1364,1,193,194,cCunG,MVOcC_L(R)_5_3,0.1364,1,,,,,,,0.5456
superior medial frontal cortex,4,2,7,2.08,3,Superior medial frontal cortex,LRU,11,12,A9m,SFG_L(R)_7_6,0.3333,2,13,14,A10m,SFG_L(R)_7_7,0.3333,2,,,,,,,,,,,,,,,,,,,0.6666
ba 5,4,4,12,3.12,5,BA5,U,65,66,A1/2/3ll,PCL_L(R)_2_1,0.15,1,227,228,dCa,BG_L(R)_6_5,0.15,1,67,68,A4ll,PCL_L(R)_2_2,0.15,1,149,150,A5m,PCun_L(R)_4_2,0.15,1,,,,,,,0.6
pole superior,4,2,12,2.0,3,Pole Superior,U,173,174,dId,INS_L(R)_6_6,0.25,2,39,40,A44v,IFG_L(R)_6_6,0.25,2,,,,,,,,,,,,,,,,,,,0.5
mid frontal gyr,4,3,7,2.75,4,Mid. frontal gyr.,U,25,26,A6vl,MFG_L(R)_7_6,0.3333,2,21,22,A9/46v,MFG_L(R)_7_4,0.2,1,23,24,A8vl,MFG_L(R)_7_5,0.2,1,,,,,,,,,,,,,0.7333
cerebellar declive,4,2,8,1.97,3,Cerebellar declive,LRU,105,106,A37mv,FuG_L(R)_3_2,0.4375,3,195,196,rLinG,MVOcC_L(R)_5_4,0.1875,1,,,,,,,,,,,,,,,,,,,0.625
lateral inferior parietal cortex ba 40,4,4,10,3.3,5,Left lateral inferior parietal cortex (BA 40),LR,137,138,A39rd,IPL_L(R)_6_2,0.1667,1,139,140,A40rd,IPL_L(R)_6_3,0.1667,1,145,146,A40rv,IPL_L(R)_6_6,0.1667,1,159,160,A2,PoG_L(R)_4_3,0.1667,1,,,,,,,0.6668
lateral occipitalcortex,4,3,9,2.64,4,Lateral OccipitalCortex R,LRU,201,202,V5/MT+,LOcC_L(R)_4_2,0.2941,2,107,108,A37lv,FuG_L(R)_3_3,0.1765,1,199,200,mOccG,LOcC_L(R)_4_1,0.1765,1,,,,,,,,,,,,,0.6471
mfg ba 6,4,4,25,2.39,5,MFG (BA 6),RU,63,64,A6cvl,PrG_L(R)_6_6,0.0909,1,229,230,dlPu,BG_L(R)_6_6,0.0909,1,173,174,dId,INS_L(R)_6_6,0.0909,1,25,26,A6vl,MFG_L(R)_7_6,0.0909,1,,,,,,,0.3636
retrosplenial cortex ba 31,4,3,14,2.41,4,RH retrosplenial cortex (BA 31),LR,227,228,dCa,BG_L(R)_6_5,0.2273,2,237,238,rTtha,Tha_L(R)_8_4,0.1364,1,245,246,lPFtha,Tha_L(R)_8_8,0.1364,1,,,,,,,,,,,,,0.5001
rostral acc,4,4,20,2.6,5,rostral ACC,LRU,179,180,A32p,CG_L(R)_7_3,0.1071,1,187,188,A32sg,CG_L(R)_7_7,0.1071,1,41,42,A14m,OrG_L(R)_6_1,0.1071,1,13,14,A10m,SFG_L(R)_7_7,0.1071,1,,,,,,,0.4284
rolandic oper,4,3,16,2.33,4,Rolandic_Oper_R,LR,61,62,A4tl,PrG_L(R)_6_5,0.2083,2,145,146,A40rv,IPL_L(R)_6_6,0.125,1,157,158,A1/2/3tonIa,PoG_L(R)_4_2,0.125,1,,,,,,,,,,,,,0.4583
contralesional,4,4,19,2.66,5,Contralesional,U,197,198,vmPOS,MVOcC_L(R)_5_5,0.1111,1,243,244,cTtha,Tha_L(R)_8_7,0.1111,1,79,80,A22r,STG_L(R)_6_6,0.1111,1,237,238,rTtha,Tha_L(R)_8_4,0.1111,1,,,,,,,0.4444
primary motor,4,4,10,3.3,5,Primary motor,LU,55,56,A6cdl,PrG_L(R)_6_2,0.1667,1,63,64,A6cvl,PrG_L(R)_6_6,0.1667,1,161,162,A1/2/3tru,PoG_L(R)_4_4,0.1667,1,53,54,A4hf,PrG_L(R)_6_1,0.1667,1,,,,,,,0.6668
put,4,4,13,3.04,5,L PUT,LRU,221,222,GP,BG_L(R)_6_2,0.1429,1,225,226,vmPu,BG_L(R)_6_4,0.1429,1,229,230,dlPu,BG_L(R)_6_6,0.1429,1,15,16,A9/46d,MFG_L(R)_7_1,0.1429,1,,,,,,,0.5716
lmfg,4,3,19,2.23,4,LMFG,U,23,24,A8vl,MFG_L(R)_7_5,0.1852,2,61,62,A4tl,PrG_L(R)_6_5,0.1111,1,37,38,A44op,IFG_L(R)_6_5,0.1111,1,,,,,,,,,,,,,0.4074
perirhinal cortex,4,3,13,2.45,4,Perirhinal cortex,RU,217,218,cHipp,Hipp_L(R)_2_2,0.2381,2,195,196,rLinG,MVOcC_L(R)_5_4,0.1429,1,119,120,TH,PhG_L(R)_6_6,0.1429,1,,,,,,,,,,,,,0.5239
acg,4,4,26,2.36,5,ACG,RU,183,184,A24cd,CG_L(R)_7_5,0.0882,1,143,144,A39rv,IPL_L(R)_6_5,0.0882,1,41,42,A14m,OrG_L(R)_6_1,0.0882,1,1,2,A8m,SFG_L(R)_7_1,0.0882,1,,,,,,,0.3528
anterior cerebellum,4,3,8,2.69,4,Anterior cerebellum,U,195,196,rLinG,MVOcC_L(R)_5_4,0.3125,2,103,104,A20rv,FuG_L(R)_3_1,0.1875,1,105,106,A37mv,FuG_L(R)_3_2,0.1875,1,,,,,,,,,,,,,0.6875
transverse temporal,4,3,10,2.59,4,L_Transverse_Temporal,LRU,71,72,A41/42,STG_L(R)_6_2,0.2778,2,157,158,A1/2/3tonIa,PoG_L(R)_4_2,0.1667,1,73,74,TE1.0 and TE1.2,STG_L(R)_6_3,0.1667,1,,,,,,,,,,,,,0.6112
median cingulate,4,3,9,2.64,4,Median cingulate,U,183,184,A24cd,CG_L(R)_7_5,0.2941,2,185,186,A23c,CG_L(R)_7_6,0.1765,1,65,66,A1/2/3ll,PCL_L(R)_2_1,0.1765,1,,,,,,,,,,,,,0.6471
median cingulate and paracingulate gyrus,4,4,18,2.71,5,LH median cingulate and paracingulate gyri,LRU,183,184,A24cd,CG_L(R)_7_5,0.1154,1,149,150,A5m,PCun_L(R)_4_2,0.1154,1,9,10,A6m,SFG_L(R)_7_5,0.1154,1,11,12,A9m,SFG_L(R)_7_6,0.1154,1,,,,,,,0.4616
medial temporal,4,4,12,3.12,5,Medial temporal,RU,83,84,A21r,MTG_L(R)_4_2,0.15,1,115,116,A28/34,PhG_L(R)_6_4,0.15,1,117,118,TI,PhG_L(R)_6_5,0.15,1,121,122,rpSTS,pSTS_L(R)_2_1,0.15,1,,,,,,,0.6
cingulate gyrus 32,4,3,14,2.41,4,right cingulate gyrus (32),LRU,1,2,A8m,SFG_L(R)_7_1,0.2273,2,179,180,A32p,CG_L(R)_7_3,0.1364,1,183,184,A24cd,CG_L(R)_7_5,0.1364,1,,,,,,,,,,,,,0.5001
cingulate gyrus ba 23,4,4,11,3.21,5,Cingulate gyrus (BA 23),LU,175,176,A23d,CG_L(R)_7_1,0.1579,1,179,180,A32p,CG_L(R)_7_3,0.1579,1,181,182,A23v,CG_L(R)_7_4,0.1579,1,153,154,A31,PCun_L(R)_4_4,0.1579,1,,,,,,,0.6316
cingulate gyrus ba 31,4,4,26,2.36,5,Left cingulate gyrus (BA 31),LRU,227,228,dCa,BG_L(R)_6_5,0.0882,1,175,176,A23d,CG_L(R)_7_1,0.0882,1,197,198,vmPOS,MVOcC_L(R)_5_5,0.0882,1,231,232,mPFtha,Tha_L(R)_8_1,0.0882,1,,,,,,,0.3528
hipp,4,3,10,2.59,4,Hipp.,LRU,239,240,PPtha,Tha_L(R)_8_5,0.2778,2,215,216,rHipp,Hipp_L(R)_2_1,0.1667,1,241,242,Otha,Tha_L(R)_8_6,0.1667,1,,,,,,,,,,,,,0.6112
gl ba 18,4,4,11,3.21,5,GL (BA 18),U,205,206,iOccG,LOcC_L(R)_4_4,0.1579,1,203,204,OPC,LOcC_L(R)_4_3,0.1579,1,189,190,cLinG,MVOcC_L(R)_5_1,0.1579,1,191,192,rCunG,MVOcC_L(R)_5_2,0.1579,1,,,,,,,0.6316
ifg pars orbitalis,4,3,6,2.8,4,IFG pars orbitalis,U,51,52,A12/47l,OrG_L(R)_6_6,0.3571,2,43,44,A12/47o,OrG_L(R)_6_2,0.2143,1,45,46,A11l,OrG_L(R)_6_3,0.2143,1,,,,,,,,,,,,,0.7857
parahippocampal gyrus ba 28,4,3,8,2.69,4,L Parahippocampal gyrus (BA 28),LU,215,216,rHipp,Hipp_L(R)_2_1,0.3125,2,115,116,A28/34,PhG_L(R)_6_4,0.1875,1,117,118,TI,PhG_L(R)_6_5,0.1875,1,,,,,,,,,,,,,0.6875
middle occipital gyrus 18,4,1,6,1.33,2,Middle occipital gyrus (18),LRU,199,200,mOccG,LOcC_L(R)_4_1,0.6429,4,,,,,,,,,,,,,,,,,,,,,,,,,0.6429
inferior orbital frontal,4,3,12,2.5,4,Inferior Orbital Frontal,LRU,43,44,A12/47o,OrG_L(R)_6_2,0.25,2,51,52,A12/47l,OrG_L(R)_6_6,0.15,1,167,168,dIa,INS_L(R)_6_3,0.15,1,,,,,,,,,,,,,0.55
amcc,4,4,14,2.97,5,aMCC,LRU,11,12,A9m,SFG_L(R)_7_6,0.1364,1,177,178,A24rv,CG_L(R)_7_2,0.1364,1,179,180,A32p,CG_L(R)_7_3,0.1364,1,183,184,A24cd,CG_L(R)_7_5,0.1364,1,,,,,,,0.5456
cingulate motor area,4,3,16,2.33,4,Cingulate motor area,RU,9,10,A6m,SFG_L(R)_7_5,0.2083,2,183,184,A24cd,CG_L(R)_7_5,0.125,1,65,66,A1/2/3ll,PCL_L(R)_2_1,0.125,1,,,,,,,,,,,,,0.4583
cingulate sulcus,4,3,14,2.41,4,Cingulate sulcus,LU,185,186,A23c,CG_L(R)_7_6,0.2273,2,1,2,A8m,SFG_L(R)_7_1,0.1364,1,9,10,A6m,SFG_L(R)_7_5,0.1364,1,,,,,,,,,,,,,0.5001
limbic lobe,4,3,13,2.45,4,Right limbic lobe,RU,109,110,A35/36r,PhG_L(R)_6_1,0.2381,2,107,108,A37lv,FuG_L(R)_3_3,0.1429,1,149,150,A5m,PCun_L(R)_4_2,0.1429,1,,,,,,,,,,,,,0.5239
lateral temporal cortex,4,3,17,2.3,4,Lateral temporal cortex,U,95,96,A20il,ITG_L(R)_7_4,0.2,2,201,202,V5/MT+,LOcC_L(R)_4_2,0.12,1,83,84,A21r,MTG_L(R)_4_2,0.12,1,,,,,,,,,,,,,0.44
medial orbito frontal cortex,4,3,13,2.45,4,L medial orbito-frontal cortex,LR,41,42,A14m,OrG_L(R)_6_1,0.2381,2,177,178,A24rv,CG_L(R)_7_2,0.1429,1,187,188,A32sg,CG_L(R)_7_7,0.1429,1,,,,,,,,,,,,,0.5239
medial prefrontal,4,4,20,2.6,5,Medial prefrontal,LRU,41,42,A14m,OrG_L(R)_6_1,0.1071,1,179,180,A32p,CG_L(R)_7_3,0.1071,1,5,6,A9l,SFG_L(R)_7_3,0.1071,1,11,12,A9m,SFG_L(R)_7_6,0.1071,1,,,,,,,0.4284
medial parietal cortex,4,4,9,3.4,5,Medial parietal cortex,U,147,148,A7m,PCun_L(R)_4_1,0.1765,1,149,150,A5m,PCun_L(R)_4_2,0.1765,1,125,126,A7r,SPL_L(R)_5_1,0.1765,1,129,130,A5l,SPL_L(R)_5_3,0.1765,1,,,,,,,0.706
cerebellum posterior lobe,4,4,14,2.97,5,R Cerebellum Posterior Lobe,LRU,107,108,A37lv,FuG_L(R)_3_3,0.1364,1,215,216,rHipp,Hipp_L(R)_2_1,0.1364,1,87,88,aSTS,MTG_L(R)_4_4,0.1364,1,189,190,cLinG,MVOcC_L(R)_5_1,0.1364,1,,,,,,,0.5456
vpm,4,3,14,2.41,4,vPM,U,63,64,A6cvl,PrG_L(R)_6_6,0.2273,2,235,236,Stha,Tha_L(R)_8_3,0.1364,1,245,246,lPFtha,Tha_L(R)_8_8,0.1364,1,,,,,,,,,,,,,0.5001
vpmc,4,4,16,2.83,5,vPMC,U,53,54,A4hf,PrG_L(R)_6_1,0.125,1,155,156,A1/2/3ulhf,PoG_L(R)_4_1,0.125,1,55,56,A6cdl,PrG_L(R)_6_2,0.125,1,73,74,TE1.0 and TE1.2,STG_L(R)_6_3,0.125,1,,,,,,,0.5
white matter,4,4,24,2.43,5,White matter,U,175,176,A23d,CG_L(R)_7_1,0.0938,1,21,22,A9/46v,MFG_L(R)_7_4,0.0938,1,151,152,dmPOS,PCun_L(R)_4_3,0.0938,1,71,72,A41/42,STG_L(R)_6_2,0.0938,1,,,,,,,0.3752
lgn,4,2,8,2.07,3,LGN,U,239,240,PPtha,Tha_L(R)_8_5,0.3125,2,241,242,Otha,Tha_L(R)_8_6,0.3125,2,,,,,,,,,,,,,,,,,,,0.625
middle temporal gyrus 39,4,4,19,2.66,5,Right middle temporal gyrus (39),LR,135,136,A39c,IPL_L(R)_6_1,0.1111,1,143,144,A39rv,IPL_L(R)_6_5,0.1111,1,201,202,V5/MT+,LOcC_L(R)_4_2,0.1111,1,21,22,A9/46v,MFG_L(R)_7_4,0.1111,1,,,,,,,0.4444
frontal middle gyrus,4,3,13,2.45,4,R frontal middle gyrus,LRU,25,26,A6vl,MFG_L(R)_7_6,0.2381,2,35,36,A45r,IFG_L(R)_6_4,0.1429,1,23,24,A8vl,MFG_L(R)_7_5,0.1429,1,,,,,,,,,,,,,0.5239
amfg,4,3,7,2.75,4,aMFG,LRU,21,22,A9/46v,MFG_L(R)_7_4,0.3333,2,17,18,IFJ,MFG_L(R)_7_2,0.2,1,19,20,A46,MFG_L(R)_7_3,0.2,1,,,,,,,,,,,,,0.7333
anterior middle temporal gyrus,4,4,17,2.77,5,Anterior middle temporal gyrus,LRU,93,94,A20r,ITG_L(R)_7_3,0.12,1,83,84,A21r,MTG_L(R)_4_2,0.12,1,87,88,aSTS,MTG_L(R)_4_4,0.12,1,73,74,TE1.0 and TE1.2,STG_L(R)_6_3,0.12,1,,,,,,,0.48
suprae,4,4,25,2.39,5,SupraE,U,229,230,dlPu,BG_L(R)_6_6,0.0909,1,21,22,A9/46v,MFG_L(R)_7_4,0.0909,1,195,196,rLinG,MVOcC_L(R)_5_4,0.0909,1,5,6,A9l,SFG_L(R)_7_3,0.0909,1,,,,,,,0.3636
ifg 46,4,4,13,3.04,5,IFG (46),U,35,36,A45r,IFG_L(R)_6_4,0.1429,1,33,34,A45c,IFG_L(R)_6_3,0.1429,1,37,38,A44op,IFG_L(R)_6_5,0.1429,1,21,22,A9/46v,MFG_L(R)_7_4,0.1429,1,,,,,,,0.5716
medial superior frontal cortex,4,4,14,2.97,5,Medial superior frontal cortex,LU,11,12,A9m,SFG_L(R)_7_6,0.1364,1,13,14,A10m,SFG_L(R)_7_7,0.1364,1,27,28,A10l,MFG_L(R)_7_7,0.1364,1,1,2,A8m,SFG_L(R)_7_1,0.1364,1,,,,,,,0.5456
pdlpfc,3,3,19,2.15,4,Left pDLPFC,LU,29,30,A44d,IFG_L(R)_6_1,0.12,1,17,18,IFJ,MFG_L(R)_7_2,0.12,1,63,64,A6cvl,PrG_L(R)_6_6,0.12,1,,,,,,,,,,,,,0.36
pins,3,3,18,2.18,4,R pINS,R,145,146,A40rv,IPL_L(R)_6_6,0.125,1,169,170,vId/vIg,INS_L(R)_6_4,0.125,1,73,74,TE1.0 and TE1.2,STG_L(R)_6_3,0.125,1,,,,,,,,,,,,,0.375
medial cerebellum,3,2,12,1.92,3,Right medial cerebellum,RU,191,192,rCunG,MVOcC_L(R)_5_2,0.2778,2,181,182,A23v,CG_L(R)_7_4,0.1667,1,,,,,,,,,,,,,,,,,,,0.4445
medial cingulate,3,3,18,2.18,4,Medial Cingulate,U,183,184,A24cd,CG_L(R)_7_5,0.125,1,153,154,A31,PCun_L(R)_4_4,0.125,1,11,12,A9m,SFG_L(R)_7_6,0.125,1,,,,,,,,,,,,,0.375
lingual gyrusinferior temporal gyrus,3,3,16,2.26,4,Lingual gyrusInferior temporal gyrus,U,15,16,A9/46d,MFG_L(R)_7_1,0.1364,1,87,88,aSTS,MTG_L(R)_4_4,0.1364,1,189,190,cLinG,MVOcC_L(R)_5_1,0.1364,1,,,,,,,,,,,,,0.4092
linual gyrus,3,3,7,2.76,4,Linual gyrus,LU,215,216,rHipp,Hipp_L(R)_2_1,0.2308,1,195,196,rLinG,MVOcC_L(R)_5_4,0.2308,1,189,190,cLinG,MVOcC_L(R)_5_1,0.2308,1,,,,,,,,,,,,,0.6924
lingual gyrus 19,3,2,8,2.01,3,Lingual gyrus (19),U,197,198,vmPOS,MVOcC_L(R)_5_5,0.3571,2,105,106,A37mv,FuG_L(R)_3_2,0.2143,1,,,,,,,,,,,,,,,,,,,0.5714
lingual gyrus ba 19,3,3,11,2.51,4,Lingual gyrus (BA19),RU,37,38,A44op,IFG_L(R)_6_5,0.1765,1,195,196,rLinG,MVOcC_L(R)_5_4,0.1765,1,197,198,vmPOS,MVOcC_L(R)_5_5,0.1765,1,,,,,,,,,,,,,0.5295
vacc,3,2,13,1.9,3,vACC,U,187,188,A32sg,CG_L(R)_7_7,0.2632,2,49,50,A13,OrG_L(R)_6_5,0.1579,1,,,,,,,,,,,,,,,,,,,0.4211
vent apfc,3,1,7,1.4,2,Vent aPFC,LRU,21,22,A9/46v,MFG_L(R)_7_4,0.5385,3,,,,,,,,,,,,,,,,,,,,,,,,,0.5385
ventral acc,3,2,7,2.03,3,Ventral ACC,LU,183,184,A24cd,CG_L(R)_7_5,0.3846,2,187,188,A32sg,CG_L(R)_7_7,0.2308,1,,,,,,,,,,,,,,,,,,,0.6154
medial frontal g ba 9,3,2,14,1.88,3,Medial frontal G. (BA 9),RU,13,14,A10m,SFG_L(R)_7_7,0.25,2,187,188,A32sg,CG_L(R)_7_7,0.15,1,,,,,,,,,,,,,,,,,,,0.4
lpmtg,3,3,12,2.45,4,LpMTG,U,143,144,A39rv,IPL_L(R)_6_5,0.1667,1,85,86,A37dl,MTG_L(R)_4_3,0.1667,1,121,122,rpSTS,pSTS_L(R)_2_1,0.1667,1,,,,,,,,,,,,,0.5001
lotc,3,3,11,2.51,4,LOTC,U,81,82,A21c,MTG_L(R)_4_1,0.1765,1,95,96,A20il,ITG_L(R)_7_4,0.1765,1,99,100,A20cl,ITG_L(R)_7_6,0.1765,1,,,,,,,,,,,,,0.5295
ventral thalamus,3,3,20,2.11,4,Ventral thalamus,U,227,228,dCa,BG_L(R)_6_5,0.1154,1,49,50,A13,OrG_L(R)_6_5,0.1154,1,245,246,lPFtha,Tha_L(R)_8_8,0.1154,1,,,,,,,,,,,,,0.3462
ventro lateral prefrontal cortex,3,3,18,2.18,4,R ventro-lateral prefrontal cortex,RU,167,168,dIa,INS_L(R)_6_3,0.125,1,49,50,A13,OrG_L(R)_6_5,0.125,1,77,78,A38l,STG_L(R)_6_5,0.125,1,,,,,,,,,,,,,0.375
acc 24,3,3,7,2.76,4,ACC (24),U,177,178,A24rv,CG_L(R)_7_2,0.2308,1,179,180,A32p,CG_L(R)_7_3,0.2308,1,183,184,A24cd,CG_L(R)_7_5,0.2308,1,,,,,,,,,,,,,0.6924
pmd ba 6,3,3,13,2.4,4,PMd (BA6),U,17,18,IFJ,MFG_L(R)_7_2,0.1579,1,25,26,A6vl,MFG_L(R)_7_6,0.1579,1,55,56,A6cdl,PrG_L(R)_6_2,0.1579,1,,,,,,,,,,,,,0.4737
gprc ba 4 6,3,3,17,2.22,4,GPrC (BA 4/6),U,155,156,A1/2/3ulhf,PoG_L(R)_4_1,0.1304,1,139,140,A40rd,IPL_L(R)_6_3,0.1304,1,7,8,A6dl,SFG_L(R)_7_4,0.1304,1,,,,,,,,,,,,,0.3912
gprc ba 6,3,3,6,2.83,4,GPrC (BA 6),U,53,54,A4hf,PrG_L(R)_6_1,0.25,1,61,62,A4tl,PrG_L(R)_6_5,0.25,1,63,64,A6cvl,PrG_L(R)_6_6,0.25,1,,,,,,,,,,,,,0.75
go ba 19,3,3,12,2.45,4,GO (BA 19),U,135,136,A39c,IPL_L(R)_6_1,0.1667,1,207,208,msOccG,LOcC_L(R)_2_1,0.1667,1,203,204,OPC,LOcC_L(R)_4_3,0.1667,1,,,,,,,,,,,,,0.5001
gfm ba 9,3,3,20,2.11,4,GFm (BA 9),U,23,24,A8vl,MFG_L(R)_7_5,0.1154,1,167,168,dIa,INS_L(R)_6_3,0.1154,1,3,4,A8dl,SFG_L(R)_7_2,0.1154,1,,,,,,,,,,,,,0.3462
superior medial prefrontal cortex,3,3,7,2.76,4,Left superior medial prefrontal cortex,LRU,3,4,A8dl,SFG_L(R)_7_2,0.2308,1,5,6,A9l,SFG_L(R)_7_3,0.2308,1,11,12,A9m,SFG_L(R)_7_6,0.2308,1,,,,,,,,,,,,,0.6924
superior medial frontal lobe,3,3,7,2.76,4,right superior medial frontal lobe,LRU,5,6,A9l,SFG_L(R)_7_3,0.2308,1,11,12,A9m,SFG_L(R)_7_6,0.2308,1,13,14,A10m,SFG_L(R)_7_7,0.2308,1,,,,,,,,,,,,,0.6924
parietal operculum cortex,3,2,12,1.92,3,R parietal operculum cortex,RU,79,80,A22r,STG_L(R)_6_6,0.2778,2,145,146,A40rv,IPL_L(R)_6_6,0.1667,1,,,,,,,,,,,,,,,,,,,0.4445
ba 37,3,2,10,1.97,3,BA 37,U,107,108,A37lv,FuG_L(R)_3_3,0.3125,2,97,98,A37vl,ITG_L(R)_7_5,0.1875,1,,,,,,,,,,,,,,,,,,,0.5
ba 39,3,2,6,2.04,3,BA 39,LU,143,144,A39rv,IPL_L(R)_6_5,0.4167,2,137,138,A39rd,IPL_L(R)_6_2,0.25,1,,,,,,,,,,,,,,,,,,,0.6667
ba 23,3,3,7,2.76,4,BA 23,U,175,176,A23d,CG_L(R)_7_1,0.2308,1,177,178,A24rv,CG_L(R)_7_2,0.2308,1,181,182,A23v,CG_L(R)_7_4,0.2308,1,,,,,,,,,,,,,0.6924
ifg ba 9,3,1,6,1.37,2,IFG (BA9),RU,29,30,A44d,IFG_L(R)_6_1,0.5833,3,,,,,,,,,,,,,,,,,,,,,,,,,0.5833
ifg oper,3,3,12,2.45,4,IFG oper.,BU,173,174,dId,INS_L(R)_6_6,0.1667,1,37,38,A44op,IFG_L(R)_6_5,0.1667,1,39,40,A44v,IFG_L(R)_6_6,0.1667,1,,,,,,,,,,,,,0.5001
ifc,3,3,12,2.45,4,IFC,LRU,35,36,A45r,IFG_L(R)_6_4,0.1667,1,37,38,A44op,IFG_L(R)_6_5,0.1667,1,43,44,A12/47o,OrG_L(R)_6_2,0.1667,1,,,,,,,,,,,,,0.5001
ifg 45,3,2,6,2.04,3,IFG (p. Triangularis) 45,U,33,34,A45c,IFG_L(R)_6_3,0.4167,2,37,38,A44op,IFG_L(R)_6_5,0.25,1,,,,,,,,,,,,,,,,,,,0.6667
anterior mtg,3,2,10,1.97,3,Anterior MTG,RU,87,88,aSTS,MTG_L(R)_4_4,0.3125,2,79,80,A22r,STG_L(R)_6_6,0.1875,1,,,,,,,,,,,,,,,,,,,0.5
anterior occipital sulcus,3,1,6,1.37,2,Right anterior occipital sulcus,LR,201,202,V5/MT+,LOcC_L(R)_4_2,0.5833,3,,,,,,,,,,,,,,,,,,,,,,,,,0.5833
anterior ofc,3,3,13,2.4,4,Left anterior OFC,LR,21,22,A9/46v,MFG_L(R)_7_4,0.1579,1,27,28,A10l,MFG_L(R)_7_7,0.1579,1,45,46,A11l,OrG_L(R)_6_3,0.1579,1,,,,,,,,,,,,,0.4737
anterior parahippocampal gyrus,3,3,16,2.26,4,Anterior parahippocampal gyrus,RU,221,222,GP,BG_L(R)_6_2,0.1364,1,103,104,A20rv,FuG_L(R)_3_1,0.1364,1,95,96,A20il,ITG_L(R)_7_4,0.1364,1,,,,,,,,,,,,,0.4092
inferior middle frontal gyrus,3,3,19,2.15,4,L inferior + middle frontal gyrus (Area 44),LR,39,40,A44v,IFG_L(R)_6_6,0.12,1,21,22,A9/46v,MFG_L(R)_7_4,0.12,1,63,64,A6cvl,PrG_L(R)_6_6,0.12,1,,,,,,,,,,,,,0.36
middle temporal gyrus 21 22,3,2,4,2.03,2,Middle temporal gyrus (21/22),RU,87,88,aSTS,MTG_L(R)_4_4,0.5,2,85,86,A37dl,MTG_L(R)_4_3,0.3,1,,,,,,,,,,,,,,,,,,,0.8
posterior parietal lobe,3,3,10,2.56,4,Posterior parietal lobe,U,137,138,A39rd,IPL_L(R)_6_2,0.1875,1,141,142,A40c,IPL_L(R)_6_4,0.1875,1,149,150,A5m,PCun_L(R)_4_2,0.1875,1,,,,,,,,,,,,,0.5625
posterior part of smtg ba 21 22,3,3,10,2.56,4,"Posterior part of SMTG (BA 21, 22)",U,81,82,A21c,MTG_L(R)_4_1,0.1875,1,85,86,A37dl,MTG_L(R)_4_3,0.1875,1,75,76,A22c,STG_L(R)_6_4,0.1875,1,,,,,,,,,,,,,0.5625
frontal orbital,3,3,12,2.45,4,Left frontal orbital,LR,165,166,vIa,INS_L(R)_6_2,0.1667,1,167,168,dIa,INS_L(R)_6_3,0.1667,1,45,46,A11l,OrG_L(R)_6_3,0.1667,1,,,,,,,,,,,,,0.5001
fppfc,3,3,7,2.76,4,FPPFC,U,19,20,A46,MFG_L(R)_7_3,0.2308,1,21,22,A9/46v,MFG_L(R)_7_4,0.2308,1,27,28,A10l,MFG_L(R)_7_7,0.2308,1,,,,,,,,,,,,,0.6924
posterior supramarginal gyrus,3,2,8,2.01,3,Posterior supramarginal gyrus,U,123,124,cpSTS,pSTS_L(R)_2_2,0.3571,2,141,142,A40c,IPL_L(R)_6_4,0.2143,1,,,,,,,,,,,,,,,,,,,0.5714
posterior temporal lobe,3,3,17,2.22,4,Posterior Temporal Lobe,LRU,135,136,A39c,IPL_L(R)_6_1,0.1304,1,91,92,A37elv,ITG_L(R)_7_2,0.1304,1,81,82,A21c,MTG_L(R)_4_1,0.1304,1,,,,,,,,,,,,,0.3912
fornix,3,1,8,1.41,2,Fornix,U,237,238,rTtha,Tha_L(R)_8_4,0.5,3,,,,,,,,,,,,,,,,,,,,,,,,,0.5
fpc,3,3,14,2.35,4,FPC left,LR,19,20,A46,MFG_L(R)_7_3,0.15,1,27,28,A10l,MFG_L(R)_7_7,0.15,1,13,14,A10m,SFG_L(R)_7_7,0.15,1,,,,,,,,,,,,,0.45
inferior ofc,3,2,6,2.04,3,Inferior OFC,U,45,46,A11l,OrG_L(R)_6_3,0.4167,2,43,44,A12/47o,OrG_L(R)_6_2,0.25,1,,,,,,,,,,,,,,,,,,,0.6667
inferior occipital gyrus 19,3,2,6,2.04,3,Inferior occipital gyrus (19),RU,201,202,V5/MT+,LOcC_L(R)_4_2,0.4167,2,205,206,iOccG,LOcC_L(R)_4_4,0.25,1,,,,,,,,,,,,,,,,,,,0.6667
inferior occipital gyrus ba 17,3,2,11,1.95,3,L inferior occipital gyrus (BA 17),LR,205,206,iOccG,LOcC_L(R)_4_4,0.2941,2,193,194,cCunG,MVOcC_L(R)_5_3,0.1765,1,,,,,,,,,,,,,,,,,,,0.4706
midfg,3,3,13,2.4,4,MidFG,U,229,230,dlPu,BG_L(R)_6_6,0.1579,1,23,24,A8vl,MFG_L(R)_7_5,0.1579,1,25,26,A6vl,MFG_L(R)_7_6,0.1579,1,,,,,,,,,,,,,0.4737
middle temporal gyrusa,3,3,10,2.56,4,Middle temporal gyrusa,LU,201,202,V5/MT+,LOcC_L(R)_4_2,0.1875,1,83,84,A21r,MTG_L(R)_4_2,0.1875,1,87,88,aSTS,MTG_L(R)_4_4,0.1875,1,,,,,,,,,,,,,0.5625
inferior frontal lobe,3,3,19,2.15,4,Inferior frontal lobe,LU,33,34,A45c,IFG_L(R)_6_3,0.12,1,167,168,dIa,INS_L(R)_6_3,0.12,1,17,18,IFJ,MFG_L(R)_7_2,0.12,1,,,,,,,,,,,,,0.36
middle temporalgyrus,3,2,10,1.97,3,L Middle TemporalGyrus,LR,87,88,aSTS,MTG_L(R)_4_4,0.3125,2,135,136,A39c,IPL_L(R)_6_1,0.1875,1,,,,,,,,,,,,,,,,,,,0.5
inferior frontal triangularis,3,3,13,2.4,4,Inferior frontal triangularis,U,31,32,IFS,IFG_L(R)_6_2,0.1579,1,33,34,A45c,IFG_L(R)_6_3,0.1579,1,21,22,A9/46v,MFG_L(R)_7_4,0.1579,1,,,,,,,,,,,,,0.4737
inferior fronto occipital fasciculus,3,3,14,2.35,4,Inferior fronto-occipital fasciculus left,L,229,230,dlPu,BG_L(R)_6_6,0.15,1,217,218,cHipp,Hipp_L(R)_2_2,0.15,1,135,136,A39c,IPL_L(R)_6_1,0.15,1,,,,,,,,,,,,,0.45
inferior frontal orbital gyrus,3,3,18,2.18,4,Inferior frontal orbital gyrus,LU,43,44,A12/47o,OrG_L(R)_6_2,0.125,1,111,112,A35/36c,PhG_L(R)_6_2,0.125,1,77,78,A38l,STG_L(R)_6_5,0.125,1,,,,,,,,,,,,,0.375
inferior frontal pars triangularis,3,3,13,2.4,4,L inferior frontal pars triangularis,LR,33,34,A45c,IFG_L(R)_6_3,0.1579,1,35,36,A45r,IFG_L(R)_6_4,0.1579,1,21,22,A9/46v,MFG_L(R)_7_4,0.1579,1,,,,,,,,,,,,,0.4737
superior cingulate sulcus,3,3,16,2.26,4,Superior cingulate sulcus,U,185,186,A23c,CG_L(R)_7_6,0.1364,1,67,68,A4ll,PCL_L(R)_2_2,0.1364,1,9,10,A6m,SFG_L(R)_7_5,0.1364,1,,,,,,,,,,,,,0.4092
superior and middle temporal gyrus 22 21,3,3,6,2.83,4,"L superior and middle temporal gyrus (22,21)",LR,71,72,A41/42,STG_L(R)_6_2,0.25,1,73,74,TE1.0 and TE1.2,STG_L(R)_6_3,0.25,1,79,80,A22r,STG_L(R)_6_6,0.25,1,,,,,,,,,,,,,0.75
posterior medial frontal cortex,3,3,14,2.35,4,posterior medial frontal cortex,U,183,184,A24cd,CG_L(R)_7_5,0.15,1,1,2,A8m,SFG_L(R)_7_1,0.15,1,11,12,A9m,SFG_L(R)_7_6,0.15,1,,,,,,,,,,,,,0.45
brodmann area 6,3,3,14,2.35,4,Brodmann area 6,LRU,9,10,A6m,SFG_L(R)_7_5,0.15,1,17,18,IFJ,MFG_L(R)_7_2,0.15,1,25,26,A6vl,MFG_L(R)_7_6,0.15,1,,,,,,,,,,,,,0.45
posterior orbital gyrus,3,1,6,1.37,2,posterior orbital gyrus,RU,45,46,A11l,OrG_L(R)_6_3,0.5833,3,,,,,,,,,,,,,,,,,,,,,,,,,0.5833
precentral gyr,3,3,6,2.83,4,Precentral gyr.,U,55,56,A6cdl,PrG_L(R)_6_2,0.25,1,59,60,A4t,PrG_L(R)_6_4,0.25,1,63,64,A6cvl,PrG_L(R)_6_6,0.25,1,,,,,,,,,,,,,0.75
inferior precentral sulcus,3,3,6,2.83,4,inferior precentral sulcus,LU,53,54,A4hf,PrG_L(R)_6_1,0.25,1,61,62,A4tl,PrG_L(R)_6_5,0.25,1,63,64,A6cvl,PrG_L(R)_6_6,0.25,1,,,,,,,,,,,,,0.75
middle occipitalgyrus,3,3,12,2.45,4,L Middle OccipitalGyrus,LR,199,200,mOccG,LOcC_L(R)_4_1,0.1667,1,135,136,A39c,IPL_L(R)_6_1,0.1667,1,201,202,V5/MT+,LOcC_L(R)_4_2,0.1667,1,,,,,,,,,,,,,0.5001
inferior orbital frontal gyrus,3,2,6,2.04,3,R. Inferior orbital frontal gyrus,LR,43,44,A12/47o,OrG_L(R)_6_2,0.4167,2,51,52,A12/47l,OrG_L(R)_6_6,0.25,1,,,,,,,,,,,,,,,,,,,0.6667
inferior orbital gyrus,3,3,6,2.83,4,L inferior orbital gyrus,LR,43,44,A12/47o,OrG_L(R)_6_2,0.25,1,45,46,A11l,OrG_L(R)_6_3,0.25,1,49,50,A13,OrG_L(R)_6_5,0.25,1,,,,,,,,,,,,,0.75
middle orbital frontal,3,3,6,2.83,4,Middle Orbital Frontal,U,41,42,A14m,OrG_L(R)_6_1,0.25,1,43,44,A12/47o,OrG_L(R)_6_2,0.25,1,45,46,A11l,OrG_L(R)_6_3,0.25,1,,,,,,,,,,,,,0.75
middle orbital frontal gyrus,3,3,13,2.4,4,L Middle Orbital Frontal Gyrus,LR,27,28,A10l,MFG_L(R)_7_7,0.1579,1,41,42,A14m,OrG_L(R)_6_1,0.1579,1,45,46,A11l,OrG_L(R)_6_3,0.1579,1,,,,,,,,,,,,,0.4737
inferior parietal lob,3,3,10,2.56,4,Inferior parietal lob.,U,139,140,A40rd,IPL_L(R)_6_3,0.1875,1,141,142,A40c,IPL_L(R)_6_4,0.1875,1,159,160,A2,PoG_L(R)_4_3,0.1875,1,,,,,,,,,,,,,0.5625
inferior parietal lobe 40,3,3,11,2.51,4,Inferior parietal lobe (40),U,129,130,A5l,SPL_L(R)_5_3,0.1765,1,139,140,A40rd,IPL_L(R)_6_3,0.1765,1,133,134,A7ip,SPL_L(R)_5_5,0.1765,1,,,,,,,,,,,,,0.5295
inferior parietal angular gyrus,3,3,6,2.83,4,Inferior parietal - angular gyrus,U,135,136,A39c,IPL_L(R)_6_1,0.25,1,137,138,A39rd,IPL_L(R)_6_2,0.25,1,141,142,A40c,IPL_L(R)_6_4,0.25,1,,,,,,,,,,,,,0.75
inferior parietal ba 40,3,3,11,2.51,4,Inferior parietal L. (BA 40),LU,137,138,A39rd,IPL_L(R)_6_2,0.1765,1,139,140,A40rd,IPL_L(R)_6_3,0.1765,1,129,130,A5l,SPL_L(R)_5_3,0.1765,1,,,,,,,,,,,,,0.5295
inferior parietal cortex 40,3,3,6,2.83,4,Inferior parietal cortex (40),U,139,140,A40rd,IPL_L(R)_6_3,0.25,1,141,142,A40c,IPL_L(R)_6_4,0.25,1,143,144,A39rv,IPL_L(R)_6_5,0.25,1,,,,,,,,,,,,,0.75
inferior orbitofrontal gyrus,3,3,12,2.45,4,Inferior Orbitofrontal Gyrus,LU,35,36,A45r,IFG_L(R)_6_4,0.1667,1,37,38,A44op,IFG_L(R)_6_5,0.1667,1,51,52,A12/47l,OrG_L(R)_6_6,0.1667,1,,,,,,,,,,,,,0.5001
sup fr gys,3,3,7,2.76,4,Sup Fr GyS,U,3,4,A8dl,SFG_L(R)_7_2,0.2308,1,5,6,A9l,SFG_L(R)_7_3,0.2308,1,11,12,A9m,SFG_L(R)_7_6,0.2308,1,,,,,,,,,,,,,0.6924
sup temporal pole,3,3,12,2.45,4,L Sup Temporal Pole,LRU,77,78,A38l,STG_L(R)_6_5,0.1667,1,173,174,dId,INS_L(R)_6_6,0.1667,1,79,80,A22r,STG_L(R)_6_6,0.1667,1,,,,,,,,,,,,,0.5001
sup temp gy,3,3,10,2.56,4,Sup Temp Gy,U,69,70,A38m,STG_L(R)_6_1,0.1875,1,87,88,aSTS,MTG_L(R)_4_4,0.1875,1,73,74,TE1.0 and TE1.2,STG_L(R)_6_3,0.1875,1,,,,,,,,,,,,,0.5625
sup medial frontal,3,1,7,1.4,2,R Sup Medial Frontal,RU,13,14,A10m,SFG_L(R)_7_7,0.5385,3,,,,,,,,,,,,,,,,,,,,,,,,,0.5385
calcarine gyrus ba 17,3,3,15,2.3,4,Right Calcarine gyrus (BA 17),R,227,228,dCa,BG_L(R)_6_5,0.1429,1,191,192,rCunG,MVOcC_L(R)_5_2,0.1429,1,151,152,dmPOS,PCun_L(R)_4_3,0.1429,1,,,,,,,,,,,,,0.4287
calcarine ba 17,3,3,15,2.3,4,L Calcarine (BA 17),LRU,193,194,cCunG,MVOcC_L(R)_5_3,0.1429,1,203,204,OPC,LOcC_L(R)_4_3,0.1429,1,151,152,dmPOS,PCun_L(R)_4_3,0.1429,1,,,,,,,,,,,,,0.4287
ppl,3,3,5,2.9,3,PPL,U,133,134,A7ip,SPL_L(R)_5_5,0.2727,1,127,128,A7c,SPL_L(R)_5_2,0.2727,1,129,130,A5l,SPL_L(R)_5_3,0.2727,1,,,,,,,,,,,,,0.8181
prc,3,3,13,2.4,4,PrC,U,215,216,rHipp,Hipp_L(R)_2_1,0.1579,1,153,154,A31,PCun_L(R)_4_4,0.1579,1,7,8,A6dl,SFG_L(R)_7_4,0.1579,1,,,,,,,,,,,,,0.4737
precentral gyrus ba 9,3,1,7,1.4,2,L precentral gyrus BA 9,LR,17,18,IFJ,MFG_L(R)_7_2,0.5385,3,,,,,,,,,,,,,,,,,,,,,,,,,0.5385
dorsolateral frontal gyrus,3,3,19,2.15,4,Dorsolateral frontal gyrus,RU,37,38,A44op,IFG_L(R)_6_5,0.12,1,19,20,A46,MFG_L(R)_7_3,0.12,1,55,56,A6cdl,PrG_L(R)_6_2,0.12,1,,,,,,,,,,,,,0.36
dorsal superior medial frontal gyrus,3,3,7,2.76,4,L Dorsal Superior Medial Frontal Gyrus,LR,1,2,A8m,SFG_L(R)_7_1,0.2308,1,5,6,A9l,SFG_L(R)_7_3,0.2308,1,11,12,A9m,SFG_L(R)_7_6,0.2308,1,,,,,,,,,,,,,0.6924
striate,3,3,11,2.51,4,Striate,U,189,190,cLinG,MVOcC_L(R)_5_1,0.1765,1,191,192,rCunG,MVOcC_L(R)_5_2,0.1765,1,203,204,OPC,LOcC_L(R)_4_3,0.1765,1,,,,,,,,,,,,,0.5295
striate cortex,3,3,17,2.22,4,L. Striate Cortex,LR,227,228,dCa,BG_L(R)_6_5,0.1304,1,203,204,OPC,LOcC_L(R)_4_3,0.1304,1,189,190,cLinG,MVOcC_L(R)_5_1,0.1304,1,,,,,,,,,,,,,0.3912
middle frontal gyrusa,3,3,19,2.15,4,Right middle frontal gyrusa,R,229,230,dlPu,BG_L(R)_6_6,0.12,1,173,174,dId,INS_L(R)_6_6,0.12,1,17,18,IFJ,MFG_L(R)_7_2,0.12,1,,,,,,,,,,,,,0.36
anterior insular cortex2,3,3,12,2.45,4,Anterior insular cortex2,U,165,166,vIa,INS_L(R)_6_2,0.1667,1,167,168,dIa,INS_L(R)_6_3,0.1667,1,51,52,A12/47l,OrG_L(R)_6_6,0.1667,1,,,,,,,,,,,,,0.5001
middle frontal gyrus ba 9 46,3,2,7,2.03,3,"L Middle Frontal Gyrus (BA 9, 46)",LU,15,16,A9/46d,MFG_L(R)_7_1,0.3846,2,21,22,A9/46v,MFG_L(R)_7_4,0.2308,1,,,,,,,,,,,,,,,,,,,0.6154
anterior mid cingulate cortex,3,3,20,2.11,4,- Anterior mid-cingulate cortex,RU,183,184,A24cd,CG_L(R)_7_5,0.1154,1,163,164,G,INS_L(R)_6_1,0.1154,1,11,12,A9m,SFG_L(R)_7_6,0.1154,1,,,,,,,,,,,,,0.3462
extrastriate cortex,3,2,11,1.95,3,Extrastriate cortex,LU,197,198,vmPOS,MVOcC_L(R)_5_5,0.2941,2,135,136,A39c,IPL_L(R)_6_1,0.1765,1,,,,,,,,,,,,,,,,,,,0.4706
f3o,3,3,18,2.18,4,F3O,U,51,52,A12/47l,OrG_L(R)_6_6,0.125,1,37,38,A44op,IFG_L(R)_6_5,0.125,1,167,168,dIa,INS_L(R)_6_3,0.125,1,,,,,,,,,,,,,0.375
extrastriate,3,3,9,2.63,4,Left extrastriate,LR,201,202,V5/MT+,LOcC_L(R)_4_2,0.2,1,107,108,A37lv,FuG_L(R)_3_3,0.2,1,203,204,OPC,LOcC_L(R)_4_3,0.2,1,,,,,,,,,,,,,0.6
pre sma 6,3,2,7,2.03,3,L preSMA (6),LRU,9,10,A6m,SFG_L(R)_7_5,0.3846,2,1,2,A8m,SFG_L(R)_7_1,0.2308,1,,,,,,,,,,,,,,,,,,,0.6154
fg mask,3,3,9,2.63,4,Left FG mask,LR,107,108,A37lv,FuG_L(R)_3_3,0.2,1,105,106,A37mv,FuG_L(R)_3_2,0.2,1,205,206,iOccG,LOcC_L(R)_4_4,0.2,1,,,,,,,,,,,,,0.6
dorsomedial frontal cortex,3,3,7,2.76,4,L dorsomedial frontal cortex,LU,5,6,A9l,SFG_L(R)_7_3,0.2308,1,9,10,A6m,SFG_L(R)_7_5,0.2308,1,13,14,A10m,SFG_L(R)_7_7,0.2308,1,,,,,,,,,,,,,0.6924
superior temporal gyrus 38,3,2,6,2.04,3,Left superior temporal gyrus (38),LRU,77,78,A38l,STG_L(R)_6_5,0.4167,2,69,70,A38m,STG_L(R)_6_1,0.25,1,,,,,,,,,,,,,,,,,,,0.6667
superior temporal gyrus 39,3,1,6,1.37,2,Left superior temporal gyrus (39),LRU,143,144,A39rv,IPL_L(R)_6_5,0.5833,3,,,,,,,,,,,,,,,,,,,,,,,,,0.5833
superior temporal gyurs,3,2,6,2.04,3,Superior Temporal Gyurs,U,79,80,A22r,STG_L(R)_6_6,0.4167,2,75,76,A22c,STG_L(R)_6_4,0.25,1,,,,,,,,,,,,,,,,,,,0.6667
superior temporal gyrus ba 38,3,2,12,1.92,3,L. Superior Temporal Gyrus (BA 38),LRU,169,170,vId/vIg,INS_L(R)_6_4,0.2778,2,77,78,A38l,STG_L(R)_6_5,0.1667,1,,,,,,,,,,,,,,,,,,,0.4445
anterolateral prefrontal cortex,3,3,19,2.15,4,anterolateral prefrontal cortex,U,37,38,A44op,IFG_L(R)_6_5,0.12,1,21,22,A9/46v,MFG_L(R)_7_4,0.12,1,43,44,A12/47o,OrG_L(R)_6_2,0.12,1,,,,,,,,,,,,,0.36
posterior cingulate ba 30,3,3,9,2.63,4,Posterior cingulate (BA 30),RU,191,192,rCunG,MVOcC_L(R)_5_2,0.2,1,197,198,vmPOS,MVOcC_L(R)_5_5,0.2,1,151,152,dmPOS,PCun_L(R)_4_3,0.2,1,,,,,,,,,,,,,0.6
fusiform gyrus 20,3,2,9,1.99,3,Fusiform gyrus (20),RU,103,104,A20rv,FuG_L(R)_3_1,0.3333,2,73,74,TE1.0 and TE1.2,STG_L(R)_6_3,0.2,1,,,,,,,,,,,,,,,,,,,0.5333
posterior inferior temporal gyrus,3,2,9,1.99,3,Posterior inferior temporal gyrus,RU,201,202,V5/MT+,LOcC_L(R)_4_2,0.3333,2,107,108,A37lv,FuG_L(R)_3_3,0.2,1,,,,,,,,,,,,,,,,,,,0.5333
posterior fusiform gyrus,3,3,10,2.56,4,Posterior fusiform gyrus*,LU,107,108,A37lv,FuG_L(R)_3_3,0.1875,1,105,106,A37mv,FuG_L(R)_3_2,0.1875,1,101,102,A20cv,ITG_L(R)_7_7,0.1875,1,,,,,,,,,,,,,0.5625
n accumbens,3,2,6,2.04,3,N. Accumbens,LRU,219,220,vCa,BG_L(R)_6_1,0.4167,2,223,224,NAC,BG_L(R)_6_3,0.25,1,,,,,,,,,,,,,,,,,,,0.6667
dorsal lateral prefrontal cortex 46 9,3,3,7,2.76,4,Left dorsal lateral prefrontal cortex (46/9),LR,15,16,A9/46d,MFG_L(R)_7_1,0.2308,1,21,22,A9/46v,MFG_L(R)_7_4,0.2308,1,19,20,A46,MFG_L(R)_7_3,0.2308,1,,,,,,,,,,,,,0.6924
dorsal caudate,3,2,6,2.04,3,R dorsal caudate,RU,219,220,vCa,BG_L(R)_6_1,0.4167,2,227,228,dCa,BG_L(R)_6_5,0.25,1,,,,,,,,,,,,,,,,,,,0.6667
insula anterior,3,3,12,2.45,4,Insula Anterior,U,173,174,dId,INS_L(R)_6_6,0.1667,1,229,230,dlPu,BG_L(R)_6_6,0.1667,1,167,168,dIa,INS_L(R)_6_3,0.1667,1,,,,,,,,,,,,,0.5001
insular cortex ba 13,3,3,12,2.45,4,Insular cortex BA13,U,167,168,dIa,INS_L(R)_6_3,0.1667,1,173,174,dId,INS_L(R)_6_6,0.1667,1,61,62,A4tl,PrG_L(R)_6_5,0.1667,1,,,,,,,,,,,,,0.5001
insular sub lobar,3,3,18,2.18,4,Insular - Sub-lobar,U,173,174,dId,INS_L(R)_6_6,0.125,1,145,146,A40rv,IPL_L(R)_6_6,0.125,1,73,74,TE1.0 and TE1.2,STG_L(R)_6_3,0.125,1,,,,,,,,,,,,,0.375
insulaa,3,3,18,2.18,4,Insulaa,U,169,170,vId/vIg,INS_L(R)_6_4,0.125,1,145,146,A40rv,IPL_L(R)_6_6,0.125,1,61,62,A4tl,PrG_L(R)_6_5,0.125,1,,,,,,,,,,,,,0.375
middle frontal gyrus ba 11,3,2,13,1.9,3,Middle frontal gyrus (BA 11),RU,45,46,A11l,OrG_L(R)_6_3,0.2632,2,19,20,A46,MFG_L(R)_7_3,0.1579,1,,,,,,,,,,,,,,,,,,,0.4211
middle frontal gyrus 45,3,3,13,2.4,4,Right Middle Frontal Gyrus (45),RU,21,22,A9/46v,MFG_L(R)_7_4,0.1579,1,31,32,IFS,IFG_L(R)_6_2,0.1579,1,23,24,A8vl,MFG_L(R)_7_5,0.1579,1,,,,,,,,,,,,,0.4737
inferior temporal sulcus ba 20 21 37,3,3,11,2.51,4,Left inferior temporal sulcus (BA20/21/37),L,95,96,A20il,ITG_L(R)_7_4,0.1765,1,99,100,A20cl,ITG_L(R)_7_6,0.1765,1,81,82,A21c,MTG_L(R)_4_1,0.1765,1,,,,,,,,,,,,,0.5295
entorhinal cortex,3,3,15,2.3,4,Entorhinal cortex ???,U,103,104,A20rv,FuG_L(R)_3_1,0.1429,1,117,118,TI,PhG_L(R)_6_5,0.1429,1,69,70,A38m,STG_L(R)_6_1,0.1429,1,,,,,,,,,,,,,0.4287
eba,3,3,17,2.22,4,EBA,U,97,98,A37vl,ITG_L(R)_7_5,0.1304,1,201,202,V5/MT+,LOcC_L(R)_4_2,0.1304,1,85,86,A37dl,MTG_L(R)_4_3,0.1304,1,,,,,,,,,,,,,0.3912
dorsomedial frontal gyrus,3,3,21,2.08,4,Dorsomedial frontal gyrus,U,187,188,A32sg,CG_L(R)_7_7,0.1111,1,25,26,A6vl,MFG_L(R)_7_6,0.1111,1,9,10,A6m,SFG_L(R)_7_5,0.1111,1,,,,,,,,,,,,,0.3333
dorsal precentral gyrus and sulcus,3,3,6,2.83,4,Dorsal precentral gyrus and sulcus,U,53,54,A4hf,PrG_L(R)_6_1,0.25,1,55,56,A6cdl,PrG_L(R)_6_2,0.25,1,63,64,A6cvl,PrG_L(R)_6_6,0.25,1,,,,,,,,,,,,,0.75
inferior frontal gyrus opercularis,3,2,6,2.04,3,Inferior frontal gyrus opercularis,U,39,40,A44v,IFG_L(R)_6_6,0.4167,2,33,34,A45c,IFG_L(R)_6_3,0.25,1,,,,,,,,,,,,,,,,,,,0.6667
inferior frontal gyrus ba 44 45,3,3,6,2.83,4,LH inferior frontal gyrus (BA 44/45),LR,29,30,A44d,IFG_L(R)_6_1,0.25,1,37,38,A44op,IFG_L(R)_6_5,0.25,1,39,40,A44v,IFG_L(R)_6_6,0.25,1,,,,,,,,,,,,,0.75
inferior frontal gyrus ba 46,3,2,6,2.04,3,Inferior frontal gyrus (BA 46),LU,31,32,IFS,IFG_L(R)_6_2,0.4167,2,35,36,A45r,IFG_L(R)_6_4,0.25,1,,,,,,,,,,,,,,,,,,,0.6667
o inferior frontal gyrus,3,3,12,2.45,4,º Inferior frontal gyrus (orb.),U,35,36,A45r,IFG_L(R)_6_4,0.1667,1,43,44,A12/47o,OrG_L(R)_6_2,0.1667,1,51,52,A12/47l,OrG_L(R)_6_6,0.1667,1,,,,,,,,,,,,,0.5001
occipital lingual gyrus,3,3,5,2.9,3,R occipital lingual gyrus,R,189,190,cLinG,MVOcC_L(R)_5_1,0.2727,1,193,194,cCunG,MVOcC_L(R)_5_3,0.2727,1,197,198,vmPOS,MVOcC_L(R)_5_5,0.2727,1,,,,,,,,,,,,,0.8181
occipitotemporal area ba 37,3,2,9,1.99,3,Occipitotemporal area [BA37],U,107,108,A37lv,FuG_L(R)_3_3,0.3333,2,201,202,V5/MT+,LOcC_L(R)_4_2,0.2,1,,,,,,,,,,,,,,,,,,,0.5333
olfactory,3,3,18,2.18,4,Left olfactory,LRU,219,220,vCa,BG_L(R)_6_1,0.125,1,165,166,vIa,INS_L(R)_6_2,0.125,1,49,50,A13,OrG_L(R)_6_5,0.125,1,,,,,,,,,,,,,0.375
inferior frontal gyrus 44,3,2,6,2.04,3,L inferior frontal gyrus (44),LR,63,64,A6cvl,PrG_L(R)_6_6,0.4167,2,61,62,A4tl,PrG_L(R)_6_5,0.25,1,,,,,,,,,,,,,,,,,,,0.6667
inf par,3,2,10,1.97,3,Inf. par.,LU,159,160,A2,PoG_L(R)_4_3,0.3125,2,143,144,A39rv,IPL_L(R)_6_5,0.1875,1,,,,,,,,,,,,,,,,,,,0.5
ofg,3,2,8,2.01,3,R OFG,R,105,106,A37mv,FuG_L(R)_3_2,0.3571,2,189,190,cLinG,MVOcC_L(R)_5_1,0.2143,1,,,,,,,,,,,,,,,,,,,0.5714
orbito frontal region,3,3,13,2.4,4,Orbito-frontal region (R),R,27,28,A10l,MFG_L(R)_7_7,0.1579,1,47,48,A11m,OrG_L(R)_6_4,0.1579,1,49,50,A13,OrG_L(R)_6_5,0.1579,1,,,,,,,,,,,,,0.4737
inf tp resected area,3,3,12,2.45,4,L Inf Tp – resected area,LR,61,62,A4tl,PrG_L(R)_6_5,0.1667,1,75,76,A22c,STG_L(R)_6_4,0.1667,1,79,80,A22r,STG_L(R)_6_6,0.1667,1,,,,,,,,,,,,,0.5001
superior parietal lobea,3,3,11,2.51,4,Right superior parietal lobea,R,133,134,A7ip,SPL_L(R)_5_5,0.1765,1,137,138,A39rd,IPL_L(R)_6_2,0.1765,1,127,128,A7c,SPL_L(R)_5_2,0.1765,1,,,,,,,,,,,,,0.5295
gc ba 31,3,3,11,2.51,4,GC (BA 31),U,175,176,A23d,CG_L(R)_7_1,0.1765,1,185,186,A23c,CG_L(R)_7_6,0.1765,1,149,150,A5m,PCun_L(R)_4_2,0.1765,1,,,,,,,,,,,,,0.5295
post insula,3,2,12,1.92,3,Post Insula,U,145,146,A40rv,IPL_L(R)_6_6,0.2778,2,163,164,G,INS_L(R)_6_1,0.1667,1,,,,,,,,,,,,,,,,,,,0.4445
post mtg,3,3,17,2.22,4,L post. MTG,LR,91,92,A37elv,ITG_L(R)_7_2,0.1304,1,201,202,V5/MT+,LOcC_L(R)_4_2,0.1304,1,85,86,A37dl,MTG_L(R)_4_3,0.1304,1,,,,,,,,,,,,,0.3912
pstg 22,3,3,8,2.69,4,pSTG(22),U,75,76,A22c,STG_L(R)_6_4,0.2143,1,71,72,A41/42,STG_L(R)_6_2,0.2143,1,121,122,rpSTS,pSTS_L(R)_2_1,0.2143,1,,,,,,,,,,,,,0.6429
intraparietal sulcus ba 40,3,3,11,2.51,4,Left intraparietal sulcus (BA 40),LR,139,140,A40rd,IPL_L(R)_6_3,0.1765,1,127,128,A7c,SPL_L(R)_5_2,0.1765,1,133,134,A7ip,SPL_L(R)_5_5,0.1765,1,,,,,,,,,,,,,0.5295
anterior cingulate cortex ba 32,3,3,20,2.11,4,Anterior cingulate cortex (BA 32),LU,183,184,A24cd,CG_L(R)_7_5,0.1154,1,49,50,A13,OrG_L(R)_6_5,0.1154,1,1,2,A8m,SFG_L(R)_7_1,0.1154,1,,,,,,,,,,,,,0.3462
temporal thalamus,3,3,8,2.69,4,Left temporal thalamus,L,237,238,rTtha,Tha_L(R)_8_4,0.2143,1,243,244,cTtha,Tha_L(R)_8_7,0.2143,1,235,236,Stha,Tha_L(R)_8_3,0.2143,1,,,,,,,,,,,,,0.6429
temporal pole 38,3,3,10,2.56,4,L temporal pole (38),LR,83,84,A21r,MTG_L(R)_4_2,0.1875,1,69,70,A38m,STG_L(R)_6_1,0.1875,1,77,78,A38l,STG_L(R)_6_5,0.1875,1,,,,,,,,,,,,,0.5625
anterior dorsolateral prefrontal cortex,3,3,13,2.4,4,LEFT ANTERIOR DORSOLATERAL PREFRONTAL CORTEX,LRU,31,32,IFS,IFG_L(R)_6_2,0.1579,1,19,20,A46,MFG_L(R)_7_3,0.1579,1,21,22,A9/46v,MFG_L(R)_7_4,0.1579,1,,,,,,,,,,,,,0.4737
anterior fusiform,3,3,9,2.63,4,Anterior fusiform,U,105,106,A37mv,FuG_L(R)_3_2,0.2,1,107,108,A37lv,FuG_L(R)_3_3,0.2,1,163,164,G,INS_L(R)_6_1,0.2,1,,,,,,,,,,,,,0.6
anterior cingulated cortex,3,3,13,2.4,4,Anterior cingulated cortex,LU,223,224,NAC,BG_L(R)_6_3,0.1579,1,179,180,A32p,CG_L(R)_7_3,0.1579,1,187,188,A32sg,CG_L(R)_7_7,0.1579,1,,,,,,,,,,,,,0.4737
temporo basal,3,3,16,2.26,4,Temporo-basal,U,103,104,A20rv,FuG_L(R)_3_1,0.1364,1,89,90,A20iv,ITG_L(R)_7_1,0.1364,1,111,112,A35/36c,PhG_L(R)_6_2,0.1364,1,,,,,,,,,,,,,0.4092
sube,3,3,14,2.35,4,SubE,U,213,214,lAmyg,Amyg_L(R)_2_2,0.15,1,19,20,A46,MFG_L(R)_7_3,0.15,1,191,192,rCunG,MVOcC_L(R)_5_2,0.15,1,,,,,,,,,,,,,0.45
substantia nigra,3,3,10,2.56,4,L Substantia nigra,LRU,217,218,cHipp,Hipp_L(R)_2_2,0.1875,1,231,232,mPFtha,Tha_L(R)_8_1,0.1875,1,245,246,lPFtha,Tha_L(R)_8_8,0.1875,1,,,,,,,,,,,,,0.5625
caudate nucleus head,3,3,6,2.83,4,R caudate nucleus head,R,219,220,vCa,BG_L(R)_6_1,0.25,1,223,224,NAC,BG_L(R)_6_3,0.25,1,227,228,dCa,BG_L(R)_6_5,0.25,1,,,,,,,,,,,,,0.75
caudate tail,3,2,6,2.04,3,Caudate tail,RU,227,228,dCa,BG_L(R)_6_5,0.4167,2,219,220,vCa,BG_L(R)_6_1,0.25,1,,,,,,,,,,,,,,,,,,,0.6667
subgenual cingulate,3,2,13,1.9,3,Subgenual cingulate,LU,49,50,A13,OrG_L(R)_6_5,0.2632,2,187,188,A32sg,CG_L(R)_7_7,0.1579,1,,,,,,,,,,,,,,,,,,,0.4211
precuneus and,3,3,11,2.51,4,Bilateral precuneus and extend to calcarine gyrus,B,181,182,A23v,CG_L(R)_7_4,0.1765,1,149,150,A5m,PCun_L(R)_4_2,0.1765,1,153,154,A31,PCun_L(R)_4_4,0.1765,1,,,,,,,,,,,,,0.5295
gfi ba 44,3,3,16,2.26,4,GFi (BA 44),U,63,64,A6cvl,PrG_L(R)_6_6,0.1364,1,39,40,A44v,IFG_L(R)_6_6,0.1364,1,155,156,A1/2/3ulhf,PoG_L(R)_4_1,0.1364,1,,,,,,,,,,,,,0.4092
associative visual cortex,3,2,12,1.92,3,ASSOCIATIVE VISUAL CORTEX (R),RU,199,200,mOccG,LOcC_L(R)_4_1,0.2778,2,137,138,A39rd,IPL_L(R)_6_2,0.1667,1,,,,,,,,,,,,,,,,,,,0.4445
area 6,3,3,19,2.15,4,Area 6,U,205,206,iOccG,LOcC_L(R)_4_4,0.12,1,23,24,A8vl,MFG_L(R)_7_5,0.12,1,45,46,A11l,OrG_L(R)_6_3,0.12,1,,,,,,,,,,,,,0.36
ba 18,3,3,11,2.51,4,BA 18,U,193,194,cCunG,MVOcC_L(R)_5_3,0.1765,1,207,208,msOccG,LOcC_L(R)_2_1,0.1765,1,203,204,OPC,LOcC_L(R)_4_3,0.1765,1,,,,,,,,,,,,,0.5295
paracingulate,3,2,14,1.88,3,Paracingulate,RU,13,14,A10m,SFG_L(R)_7_7,0.25,2,187,188,A32sg,CG_L(R)_7_7,0.15,1,,,,,,,,,,,,,,,,,,,0.4
paracentral lobe,3,2,8,2.01,3,Left paracentral lobe,LU,65,66,A1/2/3ll,PCL_L(R)_2_1,0.3571,2,59,60,A4t,PrG_L(R)_6_4,0.2143,1,,,,,,,,,,,,,,,,,,,0.5714
orbitomedial prefrontal cortex,3,3,13,2.4,4,Orbitomedial Prefrontal Cortex,U,21,22,A9/46v,MFG_L(R)_7_4,0.1579,1,27,28,A10l,MFG_L(R)_7_7,0.1579,1,43,44,A12/47o,OrG_L(R)_6_2,0.1579,1,,,,,,,,,,,,,0.4737
superior temporal gyrus 41,3,3,8,2.69,4,L. Superior Temporal Gyrus (41),LR,71,72,A41/42,STG_L(R)_6_2,0.2143,1,79,80,A22r,STG_L(R)_6_6,0.2143,1,121,122,rpSTS,pSTS_L(R)_2_1,0.2143,1,,,,,,,,,,,,,0.6429
inf fr gy,3,3,18,2.18,4,Inf Fr Gy,U,165,166,vIa,INS_L(R)_6_2,0.125,1,51,52,A12/47l,OrG_L(R)_6_6,0.125,1,77,78,A38l,STG_L(R)_6_5,0.125,1,,,,,,,,,,,,,0.375
superior gyrus,3,3,16,2.26,4,Superior gyrus,U,157,158,A1/2/3tonIa,PoG_L(R)_4_2,0.1364,1,61,62,A4tl,PrG_L(R)_6_5,0.1364,1,71,72,A41/42,STG_L(R)_6_2,0.1364,1,,,,,,,,,,,,,0.4092
ba 43,3,3,10,2.56,4,BA43,RU,173,174,dId,INS_L(R)_6_6,0.1875,1,155,156,A1/2/3ulhf,PoG_L(R)_4_1,0.1875,1,157,158,A1/2/3tonIa,PoG_L(R)_4_2,0.1875,1,,,,,,,,,,,,,0.5625
cerebellum lobule vi,3,3,8,2.69,4,Cerebellum lobule VI,LU,105,106,A37mv,FuG_L(R)_3_2,0.2143,1,107,108,A37lv,FuG_L(R)_3_3,0.2143,1,197,198,vmPOS,MVOcC_L(R)_5_5,0.2143,1,,,,,,,,,,,,,0.6429
cerebellum culmen,3,3,10,2.56,4,Cerebellum culmen,RU,105,106,A37mv,FuG_L(R)_3_2,0.1875,1,217,218,cHipp,Hipp_L(R)_2_2,0.1875,1,197,198,vmPOS,MVOcC_L(R)_5_5,0.1875,1,,,,,,,,,,,,,0.5625
stg ba 22,3,2,10,1.97,3,L. STG (BA 22),LR,73,74,TE1.0 and TE1.2,STG_L(R)_6_3,0.3125,2,87,88,aSTS,MTG_L(R)_4_4,0.1875,1,,,,,,,,,,,,,,,,,,,0.5
somatosensory association cortex,3,3,5,2.9,3,Somatosensory association cortex,U,127,128,A7c,SPL_L(R)_5_2,0.2727,1,133,134,A7ip,SPL_L(R)_5_5,0.2727,1,129,130,A5l,SPL_L(R)_5_3,0.2727,1,,,,,,,,,,,,,0.8181
cuneus ba 17 18,3,3,5,2.9,3,R. cuneus (BA 17/18),R,189,190,cLinG,MVOcC_L(R)_5_1,0.2727,1,191,192,rCunG,MVOcC_L(R)_5_2,0.2727,1,193,194,cCunG,MVOcC_L(R)_5_3,0.2727,1,,,,,,,,,,,,,0.8181
rdlpfc,3,3,13,2.4,4,rDLPFC,U,15,16,A9/46d,MFG_L(R)_7_1,0.1579,1,19,20,A46,MFG_L(R)_7_3,0.1579,1,63,64,A6cvl,PrG_L(R)_6_6,0.1579,1,,,,,,,,,,,,,0.4737
rectal gyrus ba 11,3,2,14,1.88,3,L Rectal gyrus (BA 11),LR,49,50,A13,OrG_L(R)_6_5,0.25,2,237,238,rTtha,Tha_L(R)_8_4,0.15,1,,,,,,,,,,,,,,,,,,,0.4
juxtapositional lobule cortex,3,2,7,2.03,3,Juxtapositional Lobule Cortex,U,9,10,A6m,SFG_L(R)_7_5,0.3846,2,1,2,A8m,SFG_L(R)_7_1,0.2308,1,,,,,,,,,,,,,,,,,,,0.6154
mid tp,3,3,12,2.45,4,L Mid Tp,LR,85,86,A37dl,MTG_L(R)_4_3,0.1667,1,121,122,rpSTS,pSTS_L(R)_2_1,0.1667,1,75,76,A22c,STG_L(R)_6_4,0.1667,1,,,,,,,,,,,,,0.5001
middle anterior cingulate cortex,3,3,14,2.35,4,Middle-anterior cingulate cortex,U,179,180,A32p,CG_L(R)_7_3,0.15,1,183,184,A24cd,CG_L(R)_7_5,0.15,1,11,12,A9m,SFG_L(R)_7_6,0.15,1,,,,,,,,,,,,,0.45
premotor area,3,3,14,2.35,4,Premotor area,U,23,24,A8vl,MFG_L(R)_7_5,0.15,1,5,6,A9l,SFG_L(R)_7_3,0.15,1,9,10,A6m,SFG_L(R)_7_5,0.15,1,,,,,,,,,,,,,0.45
pregenual acc,3,2,13,1.9,3,Pregenual ACC,U,187,188,A32sg,CG_L(R)_7_7,0.2632,2,41,42,A14m,OrG_L(R)_6_1,0.1579,1,,,,,,,,,,,,,,,,,,,0.4211
premotor,3,3,14,2.35,4,Premotor left,LR,25,26,A6vl,MFG_L(R)_7_6,0.15,1,3,4,A8dl,SFG_L(R)_7_2,0.15,1,7,8,A6dl,SFG_L(R)_7_4,0.15,1,,,,,,,,,,,,,0.45
dorsal mpfc,3,3,7,2.76,4,Dorsal MPFC,U,1,2,A8m,SFG_L(R)_7_1,0.2308,1,5,6,A9l,SFG_L(R)_7_3,0.2308,1,13,14,A10m,SFG_L(R)_7_7,0.2308,1,,,,,,,,,,,,,0.6924
pstg,3,2,8,2.01,3,pSTG,RU,123,124,cpSTS,pSTS_L(R)_2_2,0.3571,2,141,142,A40c,IPL_L(R)_6_4,0.2143,1,,,,,,,,,,,,,,,,,,,0.5714
prestriate,3,3,11,2.51,4,Prestriate,U,205,206,iOccG,LOcC_L(R)_4_4,0.1765,1,193,194,cCunG,MVOcC_L(R)_5_3,0.1765,1,191,192,rCunG,MVOcC_L(R)_5_2,0.1765,1,,,,,,,,,,,,,0.5295
presupplementary motor area,3,2,7,2.03,3,Presupplementary motor area,U,1,2,A8m,SFG_L(R)_7_1,0.3846,2,9,10,A6m,SFG_L(R)_7_5,0.2308,1,,,,,,,,,,,,,,,,,,,0.6154
rostral middle frontal gyrus,3,2,7,2.03,3,Rostral middle frontal gyrus,LU,21,22,A9/46v,MFG_L(R)_7_4,0.3846,2,15,16,A9/46d,MFG_L(R)_7_1,0.2308,1,,,,,,,,,,,,,,,,,,,0.6154
rostral portion of the postcentral gyrus,3,3,10,2.56,4,Rostral portion of the postcentral gyrus,U,155,156,A1/2/3ulhf,PoG_L(R)_4_1,0.1875,1,53,54,A4hf,PrG_L(R)_6_1,0.1875,1,159,160,A2,PoG_L(R)_4_3,0.1875,1,,,,,,,,,,,,,0.5625
mfg 9,3,3,7,2.76,4,MFG (9),U,15,16,A9/46d,MFG_L(R)_7_1,0.2308,1,19,20,A46,MFG_L(R)_7_3,0.2308,1,23,24,A8vl,MFG_L(R)_7_5,0.2308,1,,,,,,,,,,,,,0.6924
mediodorsal thalamus,3,2,8,2.01,3,Mediodorsal thalamus L,LU,231,232,mPFtha,Tha_L(R)_8_1,0.3571,2,243,244,cTtha,Tha_L(R)_8_7,0.2143,1,,,,,,,,,,,,,,,,,,,0.5714
mefg,3,3,14,2.35,4,Bilateral MeFG,BU,187,188,A32sg,CG_L(R)_7_7,0.15,1,11,12,A9m,SFG_L(R)_7_6,0.15,1,13,14,A10m,SFG_L(R)_7_7,0.15,1,,,,,,,,,,,,,0.45
lateral occ cortex,3,3,10,2.56,4,Lateral Occ. Cortex,U,85,86,A37dl,MTG_L(R)_4_3,0.1875,1,199,200,mOccG,LOcC_L(R)_4_1,0.1875,1,201,202,V5/MT+,LOcC_L(R)_4_2,0.1875,1,,,,,,,,,,,,,0.5625
lateral frontal cortex,3,2,13,1.9,3,Lateral frontal cortex,LU,31,32,IFS,IFG_L(R)_6_2,0.2632,2,21,22,A9/46v,MFG_L(R)_7_4,0.1579,1,,,,,,,,,,,,,,,,,,,0.4211
mid fr gyh,3,3,7,2.76,4,Mid Fr GyH,U,23,24,A8vl,MFG_L(R)_7_5,0.2308,1,21,22,A9/46v,MFG_L(R)_7_4,0.2308,1,25,26,A6vl,MFG_L(R)_7_6,0.2308,1,,,,,,,,,,,,,0.6924
ips posterior,3,3,17,2.22,4,IPS posterior,U,209,210,lsOccG,LOcC_L(R)_2_2,0.1304,1,133,134,A7ip,SPL_L(R)_5_5,0.1304,1,137,138,A39rd,IPL_L(R)_6_2,0.1304,1,,,,,,,,,,,,,0.3912
cerebellum declive,3,3,14,2.35,4,Cerebellum declive,LRU,105,106,A37mv,FuG_L(R)_3_2,0.15,1,199,200,mOccG,LOcC_L(R)_4_1,0.15,1,191,192,rCunG,MVOcC_L(R)_5_2,0.15,1,,,,,,,,,,,,,0.45
superior longitudinal fasciculus,3,3,18,2.18,4,L superior longitudinal fasciculus,L,185,186,A23c,CG_L(R)_7_6,0.125,1,143,144,A39rv,IPL_L(R)_6_5,0.125,1,129,130,A5l,SPL_L(R)_5_3,0.125,1,,,,,,,,,,,,,0.375
ba 9 middle frontal gyrus,3,3,13,2.4,4,Left BA9 middle frontal gyrus,LR,29,30,A44d,IFG_L(R)_6_1,0.1579,1,17,18,IFJ,MFG_L(R)_7_2,0.1579,1,23,24,A8vl,MFG_L(R)_7_5,0.1579,1,,,,,,,,,,,,,0.4737
post hippocampus,3,2,10,1.97,3,L Post. Hippocampus,L,217,218,cHipp,Hipp_L(R)_2_2,0.3125,2,239,240,PPtha,Tha_L(R)_8_5,0.1875,1,,,,,,,,,,,,,,,,,,,0.5
inf frontal orb,3,3,6,2.83,4,L Inf Frontal Orb,L,43,44,A12/47o,OrG_L(R)_6_2,0.25,1,49,50,A13,OrG_L(R)_6_5,0.25,1,51,52,A12/47l,OrG_L(R)_6_6,0.25,1,,,,,,,,,,,,,0.75
inf front,3,3,18,2.18,4,L inf front (op),L,35,36,A45r,IFG_L(R)_6_4,0.125,1,43,44,A12/47o,OrG_L(R)_6_2,0.125,1,63,64,A6cvl,PrG_L(R)_6_6,0.125,1,,,,,,,,,,,,,0.375
ifg opercularis,3,2,12,1.92,3,IFG opercularis,LU,39,40,A44v,IFG_L(R)_6_6,0.2778,2,63,64,A6cvl,PrG_L(R)_6_6,0.1667,1,,,,,,,,,,,,,,,,,,,0.4445
ifg orbit,3,3,12,2.45,4,L IFG orbit.,LR,51,52,A12/47l,OrG_L(R)_6_6,0.1667,1,35,36,A45r,IFG_L(R)_6_4,0.1667,1,43,44,A12/47o,OrG_L(R)_6_2,0.1667,1,,,,,,,,,,,,,0.5001
ifg p tr,3,3,12,2.45,4,IFG-P-Tr,U,33,34,A45c,IFG_L(R)_6_3,0.1667,1,37,38,A44op,IFG_L(R)_6_5,0.1667,1,63,64,A6cvl,PrG_L(R)_6_6,0.1667,1,,,,,,,,,,,,,0.5001
ifg triang,3,3,13,2.4,4,R IFG triang.,LR,35,36,A45r,IFG_L(R)_6_4,0.1579,1,33,34,A45c,IFG_L(R)_6_3,0.1579,1,23,24,A8vl,MFG_L(R)_7_5,0.1579,1,,,,,,,,,,,,,0.4737
ifg triangularis,3,3,6,2.83,4,IFG triangularis,U,33,34,A45c,IFG_L(R)_6_3,0.25,1,35,36,A45r,IFG_L(R)_6_4,0.25,1,37,38,A44op,IFG_L(R)_6_5,0.25,1,,,,,,,,,,,,,0.75
ifg pars opercularis 44,3,3,19,2.15,4,IFG pars opercularis (44*),U,63,64,A6cvl,PrG_L(R)_6_6,0.12,1,39,40,A44v,IFG_L(R)_6_6,0.12,1,17,18,IFJ,MFG_L(R)_7_2,0.12,1,,,,,,,,,,,,,0.36
pitg,3,3,10,2.56,4,L pITG,LRU,107,108,A37lv,FuG_L(R)_3_3,0.1875,1,97,98,A37vl,ITG_L(R)_7_5,0.1875,1,101,102,A20cv,ITG_L(R)_7_7,0.1875,1,,,,,,,,,,,,,0.5625
gfs ba 10,3,3,13,2.4,4,GFs (BA 10),U,19,20,A46,MFG_L(R)_7_3,0.1579,1,41,42,A14m,OrG_L(R)_6_1,0.1579,1,27,28,A10l,MFG_L(R)_7_7,0.1579,1,,,,,,,,,,,,,0.4737
gl ba 19,3,3,14,2.35,4,GL (BA 19),U,107,108,A37lv,FuG_L(R)_3_3,0.15,1,135,136,A39c,IPL_L(R)_6_1,0.15,1,197,198,vmPOS,MVOcC_L(R)_5_5,0.15,1,,,,,,,,,,,,,0.45
cma,3,3,14,2.35,4,CMA,U,183,184,A24cd,CG_L(R)_7_5,0.15,1,1,2,A8m,SFG_L(R)_7_1,0.15,1,9,10,A6m,SFG_L(R)_7_5,0.15,1,,,,,,,,,,,,,0.45
cingulate gyrus ba 24,3,2,7,2.03,3,Cingulate gyrus (BA 24),LU,185,186,A23c,CG_L(R)_7_6,0.3846,2,183,184,A24cd,CG_L(R)_7_5,0.2308,1,,,,,,,,,,,,,,,,,,,0.6154
ternporal mid,3,3,10,2.56,4,Ternporal_Mid_R,R,135,136,A39c,IPL_L(R)_6_1,0.1875,1,85,86,A37dl,MTG_L(R)_4_3,0.1875,1,87,88,aSTS,MTG_L(R)_4_4,0.1875,1,,,,,,,,,,,,,0.5625
medial temporal cortex,3,3,12,2.45,4,Medial temporal cortex,RU,83,84,A21r,MTG_L(R)_4_2,0.1667,1,213,214,lAmyg,Amyg_L(R)_2_2,0.1667,1,135,136,A39c,IPL_L(R)_6_1,0.1667,1,,,,,,,,,,,,,0.5001
transverse temporal sulcus,3,2,6,2.04,3,Transverse temporal sulcus,U,71,72,A41/42,STG_L(R)_6_2,0.4167,2,73,74,TE1.0 and TE1.2,STG_L(R)_6_3,0.25,1,,,,,,,,,,,,,,,,,,,0.6667
trans temporal gyrus,3,2,10,1.97,3,Trans temporal gyrus,BU,157,158,A1/2/3tonIa,PoG_L(R)_4_2,0.3125,2,73,74,TE1.0 and TE1.2,STG_L(R)_6_3,0.1875,1,,,,,,,,,,,,,,,,,,,0.5
thalamus lateral nucleus,3,3,8,2.69,4,Thalamus lateral nucleus,U,233,234,mPMtha,Tha_L(R)_8_2,0.2143,1,235,236,Stha,Tha_L(R)_8_3,0.2143,1,241,242,Otha,Tha_L(R)_8_6,0.2143,1,,,,,,,,,,,,,0.6429
anterior cingulate 32,3,2,13,1.9,3,Anterior cingulate (32),U,187,188,A32sg,CG_L(R)_7_7,0.2632,2,219,220,vCa,BG_L(R)_6_1,0.1579,1,,,,,,,,,,,,,,,,,,,0.4211
mesial cingulate cortex,3,3,14,2.35,4,Mesial cingulate cortex,U,227,228,dCa,BG_L(R)_6_5,0.15,1,219,220,vCa,BG_L(R)_6_1,0.15,1,237,238,rTtha,Tha_L(R)_8_4,0.15,1,,,,,,,,,,,,,0.45
ventral anterior cingulate,3,3,13,2.4,4,ventral anterior cingulate,U,177,178,A24rv,CG_L(R)_7_2,0.1579,1,187,188,A32sg,CG_L(R)_7_7,0.1579,1,49,50,A13,OrG_L(R)_6_5,0.1579,1,,,,,,,,,,,,,0.4737
anterior cingulate cortex 32,3,3,14,2.35,4,Anterior cingulate cortex (32),U,13,14,A10m,SFG_L(R)_7_7,0.15,1,187,188,A32sg,CG_L(R)_7_7,0.15,1,11,12,A9m,SFG_L(R)_7_6,0.15,1,,,,,,,,,,,,,0.45
dacc ba 32,3,3,14,2.35,4,Left dACC (BA 32),LRU,179,180,A32p,CG_L(R)_7_3,0.15,1,183,184,A24cd,CG_L(R)_7_5,0.15,1,1,2,A8m,SFG_L(R)_7_1,0.15,1,,,,,,,,,,,,,0.45
rlpfc,3,2,7,2.03,3,L RLPFC,LU,21,22,A9/46v,MFG_L(R)_7_4,0.3846,2,19,20,A46,MFG_L(R)_7_3,0.2308,1,,,,,,,,,,,,,,,,,,,0.6154
ltpj,3,3,8,2.69,4,LTPJ,U,141,142,A40c,IPL_L(R)_6_4,0.2143,1,143,144,A39rv,IPL_L(R)_6_5,0.2143,1,123,124,cpSTS,pSTS_L(R)_2_2,0.2143,1,,,,,,,,,,,,,0.6429
limbic lobe anterior cingulate gyrus,3,3,14,2.35,4,Left limbic lobe. Anterior cingulate gyrus,LR,11,12,A9m,SFG_L(R)_7_6,0.15,1,1,2,A8m,SFG_L(R)_7_1,0.15,1,179,180,A32p,CG_L(R)_7_3,0.15,1,,,,,,,,,,,,,0.45
lingual gy,3,3,5,2.9,3,Lingual Gy,U,195,196,rLinG,MVOcC_L(R)_5_4,0.2727,1,191,192,rCunG,MVOcC_L(R)_5_2,0.2727,1,197,198,vmPOS,MVOcC_L(R)_5_5,0.2727,1,,,,,,,,,,,,,0.8181
medial prefrontal cortex ba 10,3,2,14,1.88,3,Medial prefrontal cortex (BA10),LU,13,14,A10m,SFG_L(R)_7_7,0.25,2,187,188,A32sg,CG_L(R)_7_7,0.15,1,,,,,,,,,,,,,,,,,,,0.4
lateral rostral pfc ba 10,3,3,7,2.76,4,Left lateral rostral PFC (BA 10),LR,19,20,A46,MFG_L(R)_7_3,0.2308,1,21,22,A9/46v,MFG_L(R)_7_4,0.2308,1,15,16,A9/46d,MFG_L(R)_7_1,0.2308,1,,,,,,,,,,,,,0.6924
rsma,3,3,9,2.63,4,rSMA,U,67,68,A4ll,PCL_L(R)_2_2,0.2,1,1,2,A8m,SFG_L(R)_7_1,0.2,1,9,10,A6m,SFG_L(R)_7_5,0.2,1,,,,,,,,,,,,,0.6
rpsts,3,2,2,1.94,2,RpSTS,U,121,122,rpSTS,pSTS_L(R)_2_1,0.625,2,123,124,cpSTS,pSTS_L(R)_2_2,0.375,1,,,,,,,,,,,,,,,,,,,1.0
cuneus 17,3,2,11,1.95,3,Cuneus (17),LRU,203,204,OPC,LOcC_L(R)_4_3,0.2941,2,191,192,rCunG,MVOcC_L(R)_5_2,0.1765,1,,,,,,,,,,,,,,,,,,,0.4706
cingulate gyrus 31,3,2,11,1.95,3,Cingulate Gyrus (31),LRU,175,176,A23d,CG_L(R)_7_1,0.2941,2,151,152,dmPOS,PCun_L(R)_4_3,0.1765,1,,,,,,,,,,,,,,,,,,,0.4706
aipl,3,3,10,2.56,4,aIPL,U,139,140,A40rd,IPL_L(R)_6_3,0.1875,1,141,142,A40c,IPL_L(R)_6_4,0.1875,1,159,160,A2,PoG_L(R)_4_3,0.1875,1,,,,,,,,,,,,,0.5625
ang gyr,3,2,6,2.04,3,Ang. Gyr,U,143,144,A39rv,IPL_L(R)_6_5,0.4167,2,137,138,A39rd,IPL_L(R)_6_2,0.25,1,,,,,,,,,,,,,,,,,,,0.6667
acc ba 32,3,2,14,1.88,3,L. ACC BA32,LR,11,12,A9m,SFG_L(R)_7_6,0.25,2,179,180,A32p,CG_L(R)_7_3,0.15,1,,,,,,,,,,,,,,,,,,,0.4
amyg,3,3,10,2.56,4,L AMYG,LR,213,214,lAmyg,Amyg_L(R)_2_2,0.1875,1,215,216,rHipp,Hipp_L(R)_2_1,0.1875,1,117,118,TI,PhG_L(R)_6_5,0.1875,1,,,,,,,,,,,,,0.5625
vips,3,2,12,1.92,3,R VIPS,RU,209,210,lsOccG,LOcC_L(R)_2_2,0.2778,2,137,138,A39rd,IPL_L(R)_6_2,0.1667,1,,,,,,,,,,,,,,,,,,,0.4445
aloc,3,3,10,2.56,4,aLOC left,L,105,106,A37mv,FuG_L(R)_3_2,0.1875,1,107,108,A37lv,FuG_L(R)_3_3,0.1875,1,97,98,A37vl,ITG_L(R)_7_5,0.1875,1,,,,,,,,,,,,,0.5625
ventral mpfc,3,2,13,1.9,3,Left ventral mPFC,LU,187,188,A32sg,CG_L(R)_7_7,0.2632,2,41,42,A14m,OrG_L(R)_6_1,0.1579,1,,,,,,,,,,,,,,,,,,,0.4211
ventral anterior cingulate cortex 24,3,3,13,2.4,4,L ventral Anterior Cingulate Cortex (24),LR,187,188,A32sg,CG_L(R)_7_7,0.1579,1,223,224,NAC,BG_L(R)_6_3,0.1579,1,179,180,A32p,CG_L(R)_7_3,0.1579,1,,,,,,,,,,,,,0.4737
angular cortex,3,2,6,2.04,3,Angular cortex,LRU,143,144,A39rv,IPL_L(R)_6_5,0.4167,2,137,138,A39rd,IPL_L(R)_6_2,0.25,1,,,,,,,,,,,,,,,,,,,0.6667
ventral posterior cingulate cortex,3,3,11,2.51,4,Ventral posterior cingulate cortex,RU,175,176,A23d,CG_L(R)_7_1,0.1765,1,181,182,A23v,CG_L(R)_7_4,0.1765,1,151,152,dmPOS,PCun_L(R)_4_3,0.1765,1,,,,,,,,,,,,,0.5295
medial frontal lobe,3,3,14,2.35,4,Medial frontal lobe,LU,27,28,A10l,MFG_L(R)_7_7,0.15,1,1,2,A8m,SFG_L(R)_7_1,0.15,1,13,14,A10m,SFG_L(R)_7_7,0.15,1,,,,,,,,,,,,,0.45
ant ins,3,3,12,2.45,4,L ant INS,LR,165,166,vIa,INS_L(R)_6_2,0.1667,1,167,168,dIa,INS_L(R)_6_3,0.1667,1,51,52,A12/47l,OrG_L(R)_6_6,0.1667,1,,,,,,,,,,,,,0.5001
medial occipital gyrus,3,1,6,1.37,2,Medial occipital gyrus,U,199,200,mOccG,LOcC_L(R)_4_1,0.5833,3,,,,,,,,,,,,,,,,,,,,,,,,,0.5833
secondary clusters,3,3,14,2.35,4,Secondary Clusters,U,17,18,IFJ,MFG_L(R)_7_2,0.15,1,23,24,A8vl,MFG_L(R)_7_5,0.15,1,9,10,A6m,SFG_L(R)_7_5,0.15,1,,,,,,,,,,,,,0.45
cingulum post,3,2,7,2.03,3,Cingulum_Post_L,LRU,175,176,A23d,CG_L(R)_7_1,0.3846,2,181,182,A23v,CG_L(R)_7_4,0.2308,1,,,,,,,,,,,,,,,,,,,0.6154
smc,3,3,10,2.56,4,R SMC,RU,155,156,A1/2/3ulhf,PoG_L(R)_4_1,0.1875,1,159,160,A2,PoG_L(R)_4_3,0.1875,1,57,58,A4ul,PrG_L(R)_6_3,0.1875,1,,,,,,,,,,,,,0.5625
ventromedial prefrontal cortex ba 10,2,1,6,1.41,2,Ventromedial prefrontal cortex (BA 10),BU,41,42,A14m,OrG_L(R)_6_1,0.5,2,,,,,,,,,,,,,,,,,,,,,,,,,0.5
ventral putamen,2,1,6,1.41,2,L ventral putamen,L,229,230,dlPu,BG_L(R)_6_6,0.5,2,,,,,,,,,,,,,,,,,,,,,,,,,0.5
ventral superior temporal gyrus,2,2,6,2.06,3,ventral superior temporal gyrus,U,75,76,A22c,STG_L(R)_6_4,0.3,1,79,80,A22r,STG_L(R)_6_6,0.3,1,,,,,,,,,,,,,,,,,,,0.6
ventral temporal cortex,2,1,3,1.27,2,Left ventral temporal cortex,LU,103,104,A20rv,FuG_L(R)_3_1,0.7143,2,,,,,,,,,,,,,,,,,,,,,,,,,0.7143
ventral prefrontal cortex,2,2,6,2.06,3,Ventral prefrontal cortex,U,33,34,A45c,IFG_L(R)_6_3,0.3,1,39,40,A44v,IFG_L(R)_6_6,0.3,1,,,,,,,,,,,,,,,,,,,0.6
ventral premotor,2,2,6,2.06,3,right ventral premotor,R,55,56,A6cdl,PrG_L(R)_6_2,0.3,1,63,64,A6cvl,PrG_L(R)_6_6,0.3,1,,,,,,,,,,,,,,,,,,,0.6
med frontal gyrus,2,2,7,2.03,3,Left med frontal gyrus,LR,1,2,A8m,SFG_L(R)_7_1,0.2727,1,9,10,A6m,SFG_L(R)_7_5,0.2727,1,,,,,,,,,,,,,,,,,,,0.5454
mdfg,2,1,7,1.43,2,MdFG,U,11,12,A9m,SFG_L(R)_7_6,0.4545,2,,,,,,,,,,,,,,,,,,,,,,,,,0.4545
mdlpfc,2,2,7,2.03,3,mDLPFC,U,15,16,A9/46d,MFG_L(R)_7_1,0.2727,1,23,24,A8vl,MFG_L(R)_7_5,0.2727,1,,,,,,,,,,,,,,,,,,,0.5454
mdn thalamus,2,2,8,2.0,3,MDN Thalamus L,LR,237,238,rTtha,Tha_L(R)_8_4,0.25,1,245,246,lPFtha,Tha_L(R)_8_8,0.25,1,,,,,,,,,,,,,,,,,,,0.5
med fr gy,2,2,7,2.03,3,Med Fr Gy???,U,1,2,A8m,SFG_L(R)_7_1,0.2727,1,7,8,A6dl,SFG_L(R)_7_4,0.2727,1,,,,,,,,,,,,,,,,,,,0.5454
lps ba 7,2,2,11,1.9,3,LPs (BA 7),U,137,138,A39rd,IPL_L(R)_6_2,0.2,1,127,128,A7c,SPL_L(R)_5_2,0.2,1,,,,,,,,,,,,,,,,,,,0.4
lphg,2,1,2,1.16,1,LPHG,U,217,218,cHipp,Hipp_L(R)_2_2,0.8333,2,,,,,,,,,,,,,,,,,,,,,,,,,0.8333
lotv,2,2,7,2.03,3,LOtv,U,91,92,A37elv,ITG_L(R)_7_2,0.2727,1,97,98,A37vl,ITG_L(R)_7_5,0.2727,1,,,,,,,,,,,,,,,,,,,0.5454
loc superior division,2,2,11,1.9,3,LOC superior division L,LR,135,136,A39c,IPL_L(R)_6_1,0.2,1,127,128,A7c,SPL_L(R)_5_2,0.2,1,,,,,,,,,,,,,,,,,,,0.4
lofa,2,2,6,2.06,3,LOFA,U,205,206,iOccG,LOcC_L(R)_4_4,0.3,1,201,202,V5/MT+,LOcC_L(R)_4_2,0.3,1,,,,,,,,,,,,,,,,,,,0.6
loop for complex sentences,2,2,13,1.84,3,Loop for complex sentences,U,143,144,A39rv,IPL_L(R)_6_5,0.1765,1,17,18,IFJ,MFG_L(R)_7_2,0.1765,1,,,,,,,,,,,,,,,,,,,0.353
loop for semantics,2,2,12,1.87,3,Loop for semantics,U,143,144,A39rv,IPL_L(R)_6_5,0.1875,1,63,64,A6cvl,PrG_L(R)_6_6,0.1875,1,,,,,,,,,,,,,,,,,,,0.375
los,2,2,6,2.06,3,L LOS,LRU,199,200,mOccG,LOcC_L(R)_4_1,0.3,1,205,206,iOccG,LOcC_L(R)_4_4,0.3,1,,,,,,,,,,,,,,,,,,,0.6
m posterior medial frontal gyrus,2,2,7,2.03,3,M Posterior medial frontal gyrus,U,1,2,A8m,SFG_L(R)_7_1,0.2727,1,9,10,A6m,SFG_L(R)_7_5,0.2727,1,,,,,,,,,,,,,,,,,,,0.5454
m1 4,2,2,10,1.94,3,M1 (4),U,155,156,A1/2/3ulhf,PoG_L(R)_4_1,0.2143,1,57,58,A4ul,PrG_L(R)_6_3,0.2143,1,,,,,,,,,,,,,,,,,,,0.4286
mammillary body,2,1,8,1.44,2,Mammillary body,U,233,234,mPMtha,Tha_L(R)_8_2,0.4167,2,,,,,,,,,,,,,,,,,,,,,,,,,0.4167
medial frontal gyrus ba 11,2,2,13,1.84,3,Medial frontal gyrus (BA 11),U,187,188,A32sg,CG_L(R)_7_7,0.1765,1,41,42,A14m,OrG_L(R)_6_1,0.1765,1,,,,,,,,,,,,,,,,,,,0.353
medial frontal gyrus 32,2,2,13,1.84,3,L. Medial Frontal Gyrus (32),LU,219,220,vCa,BG_L(R)_6_1,0.1765,1,1,2,A8m,SFG_L(R)_7_1,0.1765,1,,,,,,,,,,,,,,,,,,,0.353
medial frontal gyrus 8,2,1,7,1.43,2,Medial Frontal Gyrus (8),U,11,12,A9m,SFG_L(R)_7_6,0.4545,2,,,,,,,,,,,,,,,,,,,,,,,,,0.4545
lobule ix of cerebellum,2,2,14,1.82,3,Lobule IX of cerebellum,U,13,14,A10m,SFG_L(R)_7_7,0.1667,1,187,188,A32sg,CG_L(R)_7_7,0.1667,1,,,,,,,,,,,,,,,,,,,0.3334
sma proper pre sma,2,2,7,2.03,3,SMA-proper + pre-SMA,U,1,2,A8m,SFG_L(R)_7_1,0.2727,1,9,10,A6m,SFG_L(R)_7_5,0.2727,1,,,,,,,,,,,,,,,,,,,0.5454
sgacc,2,2,12,1.87,3,L. sgACC,LU,49,50,A13,OrG_L(R)_6_5,0.1875,1,223,224,NAC,BG_L(R)_6_3,0.1875,1,,,,,,,,,,,,,,,,,,,0.375
sfc,2,2,14,1.82,3,L SFC,L,15,16,A9/46d,MFG_L(R)_7_1,0.1667,1,1,2,A8m,SFG_L(R)_7_1,0.1667,1,,,,,,,,,,,,,,,,,,,0.3334
sfg 10,2,2,14,1.82,3,SFG (10),U,19,20,A46,MFG_L(R)_7_3,0.1667,1,5,6,A9l,SFG_L(R)_7_3,0.1667,1,,,,,,,,,,,,,,,,,,,0.3334
sensory,2,2,6,2.06,3,Sensory (visual),U,203,204,OPC,LOcC_L(R)_4_3,0.3,1,205,206,iOccG,LOcC_L(R)_4_4,0.3,1,,,,,,,,,,,,,,,,,,,0.6
sensory cortex,2,2,9,1.97,3,Sensory cortex,U,159,160,A2,PoG_L(R)_4_3,0.2308,1,131,132,A7pc,SPL_L(R)_5_4,0.2308,1,,,,,,,,,,,,,,,,,,,0.4616
sensorimotor,2,2,10,1.94,3,Right sensorimotor,RU,155,156,A1/2/3ulhf,PoG_L(R)_4_1,0.2143,1,57,58,A4ul,PrG_L(R)_6_3,0.2143,1,,,,,,,,,,,,,,,,,,,0.4286
sensorimotor area,2,2,10,1.94,3,Sensorimotor area (R),R,159,160,A2,PoG_L(R)_4_3,0.2143,1,57,58,A4ul,PrG_L(R)_6_3,0.2143,1,,,,,,,,,,,,,,,,,,,0.4286
cing,2,2,9,1.97,3,CING,U,179,180,A32p,CG_L(R)_7_3,0.2308,1,65,66,A1/2/3ll,PCL_L(R)_2_1,0.2308,1,,,,,,,,,,,,,,,,,,,0.4616
cing gy,2,2,7,2.03,3,Cing Gy???,U,175,176,A23d,CG_L(R)_7_1,0.2727,1,185,186,A23c,CG_L(R)_7_6,0.2727,1,,,,,,,,,,,,,,,,,,,0.5454
cerebellum lobule viib,2,2,14,1.82,3,Cerebellum Lobule VIIb,U,97,98,A37vl,ITG_L(R)_7_5,0.1667,1,13,14,A10m,SFG_L(R)_7_7,0.1667,1,,,,,,,,,,,,,,,,,,,0.3334
cerebellum pyramis,2,2,5,2.08,3,Left cerebellum – pyramis,LR,191,192,rCunG,MVOcC_L(R)_5_2,0.3333,1,195,196,rLinG,MVOcC_L(R)_5_4,0.3333,1,,,,,,,,,,,,,,,,,,,0.6666
smma,2,2,4,2.09,3,L SMMA,LR,155,156,A1/2/3ulhf,PoG_L(R)_4_1,0.375,1,159,160,A2,PoG_L(R)_4_3,0.375,1,,,,,,,,,,,,,,,,,,,0.75
somatosensory,2,2,12,1.87,3,Somatosensory,U,229,230,dlPu,BG_L(R)_6_6,0.1875,1,71,72,A41/42,STG_L(R)_6_2,0.1875,1,,,,,,,,,,,,,,,,,,,0.375
small volume correction,2,2,12,1.87,3,Small Volume correction (vmPFC),U,41,42,A14m,OrG_L(R)_6_1,0.1875,1,223,224,NAC,BG_L(R)_6_3,0.1875,1,,,,,,,,,,,,,,,,,,,0.375
smfc,2,2,7,2.03,3,SMFC,RU,9,10,A6m,SFG_L(R)_7_5,0.2727,1,11,12,A9m,SFG_L(R)_7_6,0.2727,1,,,,,,,,,,,,,,,,,,,0.5454
lingual gyrus 17,2,2,11,1.9,3,Lingual gyrus (17),RU,189,190,cLinG,MVOcC_L(R)_5_1,0.2,1,205,206,iOccG,LOcC_L(R)_4_4,0.2,1,,,,,,,,,,,,,,,,,,,0.4
lin ba 18,2,2,11,1.9,3,R Lin (BA18),R,199,200,mOccG,LOcC_L(R)_4_1,0.2,1,193,194,cCunG,MVOcC_L(R)_5_3,0.2,1,,,,,,,,,,,,,,,,,,,0.4
ling,2,2,5,2.08,3,B LING,BL,191,192,rCunG,MVOcC_L(R)_5_2,0.3333,1,195,196,rLinG,MVOcC_L(R)_5_4,0.3333,1,,,,,,,,,,,,,,,,,,,0.6666
lifs,2,2,13,1.84,3,Left LIFS,L,17,18,IFJ,MFG_L(R)_7_2,0.1765,1,63,64,A6cvl,PrG_L(R)_6_6,0.1765,1,,,,,,,,,,,,,,,,,,,0.353
lsts,2,2,10,1.94,3,LSTS,U,87,88,aSTS,MTG_L(R)_4_4,0.2143,1,79,80,A22r,STG_L(R)_6_6,0.2143,1,,,,,,,,,,,,,,,,,,,0.4286
vpmc ba 44 45,2,2,12,1.87,3,R vPMC (BA44/45),LR,29,30,A44d,IFG_L(R)_6_1,0.1875,1,63,64,A6cvl,PrG_L(R)_6_6,0.1875,1,,,,,,,,,,,,,,,,,,,0.375
cingulate cortex 32,2,2,14,1.82,3,Cingulate cortex (32),U,179,180,A32p,CG_L(R)_7_3,0.1667,1,1,2,A8m,SFG_L(R)_7_1,0.1667,1,,,,,,,,,,,,,,,,,,,0.3334
cerebelum superior,2,2,5,2.08,3,Right cerebelum_superior,R,195,196,rLinG,MVOcC_L(R)_5_4,0.3333,1,197,198,vmPOS,MVOcC_L(R)_5_5,0.3333,1,,,,,,,,,,,,,,,,,,,0.6666
lateral premotor cortex ba 6,2,2,13,1.84,3,Left lateral premotor cortex (BA 6),L,25,26,A6vl,MFG_L(R)_7_6,0.1765,1,55,56,A6cdl,PrG_L(R)_6_2,0.1765,1,,,,,,,,,,,,,,,,,,,0.353
medial prefrontal lobe,2,2,7,2.03,3,Medial prefrontal lobe,U,1,2,A8m,SFG_L(R)_7_1,0.2727,1,13,14,A10m,SFG_L(R)_7_7,0.2727,1,,,,,,,,,,,,,,,,,,,0.5454
medial premotor cortex,2,1,7,1.43,2,Right medial premotor cortex,RU,9,10,A6m,SFG_L(R)_7_5,0.4545,2,,,,,,,,,,,,,,,,,,,,,,,,,0.4545
medial sfg,2,2,13,1.84,3,Medial SFG,U,41,42,A14m,OrG_L(R)_6_1,0.1765,1,1,2,A8m,SFG_L(R)_7_1,0.1765,1,,,,,,,,,,,,,,,,,,,0.353
medial sup frontal,2,2,7,2.03,3,L Medial Sup Frontal,LR,13,14,A10m,SFG_L(R)_7_7,0.2727,1,11,12,A9m,SFG_L(R)_7_6,0.2727,1,,,,,,,,,,,,,,,,,,,0.5454
medial superior frontal,2,2,7,2.03,3,Medial superior frontal,U,11,12,A9m,SFG_L(R)_7_6,0.2727,1,13,14,A10m,SFG_L(R)_7_7,0.2727,1,,,,,,,,,,,,,,,,,,,0.5454
medial prefrontal cortex ba 9,2,1,7,1.43,2,Right Medial prefrontal cortex BA 9,R,13,14,A10m,SFG_L(R)_7_7,0.4545,2,,,,,,,,,,,,,,,,,,,,,,,,,0.4545
lingual g ba 18,2,2,8,2.0,3,Lingual G. (BA 18),U,189,190,cLinG,MVOcC_L(R)_5_1,0.25,1,105,106,A37mv,FuG_L(R)_3_2,0.25,1,,,,,,,,,,,,,,,,,,,0.5
piriform cortex,2,2,12,1.87,3,Piriform cortex,U,223,224,NAC,BG_L(R)_6_3,0.1875,1,49,50,A13,OrG_L(R)_6_5,0.1875,1,,,,,,,,,,,,,,,,,,,0.375
plpfc,2,1,6,1.41,2,pLPFC,U,63,64,A6cvl,PrG_L(R)_6_6,0.5,2,,,,,,,,,,,,,,,,,,,,,,,,,0.5
hippocampal formation,2,2,8,2.0,3,Hippocampal Formation,U,217,218,cHipp,Hipp_L(R)_2_2,0.25,1,113,114,TL,PhG_L(R)_6_3,0.25,1,,,,,,,,,,,,,,,,,,,0.5
hip2,2,1,6,1.41,2,hIP2,U,139,140,A40rd,IPL_L(R)_6_3,0.5,2,,,,,,,,,,,,,,,,,,,,,,,,,0.5
hip3,2,2,5,2.08,3,hIP3,U,127,128,A7c,SPL_L(R)_5_2,0.3333,1,129,130,A5l,SPL_L(R)_5_3,0.3333,1,,,,,,,,,,,,,,,,,,,0.6666
ifg pars triangularis ba 45,2,2,6,2.06,3,IFG pars triangularis (BA 45),U,35,36,A45r,IFG_L(R)_6_4,0.3,1,37,38,A44op,IFG_L(R)_6_5,0.3,1,,,,,,,,,,,,,,,,,,,0.6
ifg1,2,1,6,1.41,2,IFG1,U,33,34,A45c,IFG_L(R)_6_3,0.5,2,,,,,,,,,,,,,,,,,,,,,,,,,0.5
ifg pars opercularis,2,2,13,1.84,3,IFG pars opercularis,LU,17,18,IFJ,MFG_L(R)_7_2,0.1765,1,31,32,IFS,IFG_L(R)_6_2,0.1765,1,,,,,,,,,,,,,,,,,,,0.353
pmddamh,2,2,6,2.06,3,PMddamH,U,57,58,A4ul,PrG_L(R)_6_3,0.3,1,59,60,A4t,PrG_L(R)_6_4,0.3,1,,,,,,,,,,,,,,,,,,,0.6
pmfc ba 32,2,2,7,2.03,3,pMFC (BA 32),U,183,184,A24cd,CG_L(R)_7_5,0.2727,1,179,180,A32p,CG_L(R)_7_3,0.2727,1,,,,,,,,,,,,,,,,,,,0.5454
pmfg,2,1,7,1.43,2,pMFG,U,25,26,A6vl,MFG_L(R)_7_6,0.4545,2,,,,,,,,,,,,,,,,,,,,,,,,,0.4545
pmtg 21,2,2,6,2.06,3,pMTG (21),U,75,76,A22c,STG_L(R)_6_4,0.3,1,79,80,A22r,STG_L(R)_6_6,0.3,1,,,,,,,,,,,,,,,,,,,0.6
pma,2,2,6,2.06,3,PMA,U,55,56,A6cdl,PrG_L(R)_6_2,0.3,1,57,58,A4ul,PrG_L(R)_6_3,0.3,1,,,,,,,,,,,,,,,,,,,0.6
pmc ba 44 6,2,2,6,2.06,3,PMC(BA44/6),U,61,62,A4tl,PrG_L(R)_6_5,0.3,1,63,64,A6cvl,PrG_L(R)_6_6,0.3,1,,,,,,,,,,,,,,,,,,,0.6
pmc ba 6,2,2,6,2.06,3,PMC (BA6),U,55,56,A6cdl,PrG_L(R)_6_2,0.3,1,53,54,A4hf,PrG_L(R)_6_1,0.3,1,,,,,,,,,,,,,,,,,,,0.6
pmc ba 6 44,2,2,6,2.06,3,PMC (BA6/44),U,53,54,A4hf,PrG_L(R)_6_1,0.3,1,61,62,A4tl,PrG_L(R)_6_5,0.3,1,,,,,,,,,,,,,,,,,,,0.6
ba 2,2,2,11,1.9,3,BA 2,U,139,140,A40rd,IPL_L(R)_6_3,0.2,1,129,130,A5l,SPL_L(R)_5_3,0.2,1,,,,,,,,,,,,,,,,,,,0.4
ba 21,2,2,10,1.94,3,BA 21,U,87,88,aSTS,MTG_L(R)_4_4,0.2143,1,73,74,TE1.0 and TE1.2,STG_L(R)_6_3,0.2143,1,,,,,,,,,,,,,,,,,,,0.4286
superior motor area,2,2,7,2.03,3,Superior motor area,U,1,2,A8m,SFG_L(R)_7_1,0.2727,1,9,10,A6m,SFG_L(R)_7_5,0.2727,1,,,,,,,,,,,,,,,,,,,0.5454
parietal lobe precuneus,2,2,11,1.9,3,Left parietal lobe. Precuneus,L,137,138,A39rd,IPL_L(R)_6_2,0.2,1,125,126,A7r,SPL_L(R)_5_1,0.2,1,,,,,,,,,,,,,,,,,,,0.4
globus pallidum,2,1,6,1.41,2,Globus pallidum (R),RU,221,222,GP,BG_L(R)_6_2,0.5,2,,,,,,,,,,,,,,,,,,,,,,,,,0.5
gom ba 18,2,2,6,2.06,3,GOm (BA 18),U,199,200,mOccG,LOcC_L(R)_4_1,0.3,1,203,204,OPC,LOcC_L(R)_4_3,0.3,1,,,,,,,,,,,,,,,,,,,0.6
gom ba 19 37,2,2,11,1.9,3,GOm (BA 19/37),U,205,206,iOccG,LOcC_L(R)_4_4,0.2,1,197,198,vmPOS,MVOcC_L(R)_5_5,0.2,1,,,,,,,,,,,,,,,,,,,0.4
pmv 6,2,1,6,1.41,2,PMv (6),U,63,64,A6cvl,PrG_L(R)_6_6,0.5,2,,,,,,,,,,,,,,,,,,,,,,,,,0.5
ifg 44 45,2,2,12,1.87,3,iFG (44/45),U,51,52,A12/47l,OrG_L(R)_6_6,0.1875,1,31,32,IFS,IFG_L(R)_6_2,0.1875,1,,,,,,,,,,,,,,,,,,,0.375
i supplementary motor area,2,2,13,1.84,3,I. supplementary motor area,U,55,56,A6cdl,PrG_L(R)_6_2,0.1765,1,9,10,A6m,SFG_L(R)_7_5,0.1765,1,,,,,,,,,,,,,,,,,,,0.353
parieto occipital cortex,2,2,9,1.97,3,Parieto-occipital cortex,U,197,198,vmPOS,MVOcC_L(R)_5_5,0.2308,1,151,152,dmPOS,PCun_L(R)_4_3,0.2308,1,,,,,,,,,,,,,,,,,,,0.4616
parieto occipital fissure,2,2,10,1.94,3,Left parieto-occipital fissure,L,143,144,A39rv,IPL_L(R)_6_5,0.2143,1,151,152,dmPOS,PCun_L(R)_4_3,0.2143,1,,,,,,,,,,,,,,,,,,,0.4286
superior parietal cortex 7,2,2,5,2.08,3,Superior parietal cortex (7),U,125,126,A7r,SPL_L(R)_5_1,0.3333,1,127,128,A7c,SPL_L(R)_5_2,0.3333,1,,,,,,,,,,,,,,,,,,,0.6666
superior parietal lobe 7,2,2,5,2.08,3,Superior parietal lobe (7),U,127,128,A7c,SPL_L(R)_5_2,0.3333,1,131,132,A7pc,SPL_L(R)_5_4,0.3333,1,,,,,,,,,,,,,,,,,,,0.6666
superior ofc,2,2,6,2.06,3,Superior OFC,U,45,46,A11l,OrG_L(R)_6_3,0.3,1,47,48,A11m,OrG_L(R)_6_4,0.3,1,,,,,,,,,,,,,,,,,,,0.6
ba 4 precentral gyrus,2,2,10,1.94,3,BA4 precentral gyrus,LU,155,156,A1/2/3ulhf,PoG_L(R)_4_1,0.2143,1,53,54,A4hf,PrG_L(R)_6_1,0.2143,1,,,,,,,,,,,,,,,,,,,0.4286
superior frontal sulc,2,2,14,1.82,3,Superior Frontal Sulc (SFS),U,3,4,A8dl,SFG_L(R)_7_2,0.1667,1,15,16,A9/46d,MFG_L(R)_7_1,0.1667,1,,,,,,,,,,,,,,,,,,,0.3334
superior frontal gyrus orbital part,2,2,13,1.84,3,L Superior frontal gyrus orbital part,LR,27,28,A10l,MFG_L(R)_7_7,0.1765,1,51,52,A12/47l,OrG_L(R)_6_6,0.1765,1,,,,,,,,,,,,,,,,,,,0.353
superior frontal gyrusa,2,2,14,1.82,3,Superior frontal gyrusa,U,23,24,A8vl,MFG_L(R)_7_5,0.1667,1,3,4,A8dl,SFG_L(R)_7_2,0.1667,1,,,,,,,,,,,,,,,,,,,0.3334
inf and dorsolat pfc,2,2,6,2.06,3,left inf. and dorsolat. PFC,LR,35,36,A45r,IFG_L(R)_6_4,0.3,1,37,38,A44op,IFG_L(R)_6_5,0.3,1,,,,,,,,,,,,,,,,,,,0.6
inf f g,2,2,6,2.06,3,R inf F g(opercular),R,31,32,IFS,IFG_L(R)_6_2,0.3,1,35,36,A45r,IFG_L(R)_6_4,0.3,1,,,,,,,,,,,,,,,,,,,0.6
inf fr gym,2,2,12,1.87,3,Inf Fr GyM,U,165,166,vIa,INS_L(R)_6_2,0.1875,1,77,78,A38l,STG_L(R)_6_5,0.1875,1,,,,,,,,,,,,,,,,,,,0.375
parahippocampa,2,2,6,2.06,3,ParaHippocampa_L,LR,115,116,A28/34,PhG_L(R)_6_4,0.3,1,119,120,TH,PhG_L(R)_6_6,0.3,1,,,,,,,,,,,,,,,,,,,0.6
parahip,2,2,8,2.0,3,L.ParaHip (+),LU,227,228,dCa,BG_L(R)_6_5,0.25,1,215,216,rHipp,Hipp_L(R)_2_1,0.25,1,,,,,,,,,,,,,,,,,,,0.5
pos cingulate,2,2,11,1.9,3,Pos. cingulate,LU,175,176,A23d,CG_L(R)_7_1,0.2,1,151,152,dmPOS,PCun_L(R)_4_3,0.2,1,,,,,,,,,,,,,,,,,,,0.4
pocg 3,2,2,4,2.09,3,PoCG (3),LU,155,156,A1/2/3ulhf,PoG_L(R)_4_1,0.375,1,161,162,A1/2/3tru,PoG_L(R)_4_4,0.375,1,,,,,,,,,,,,,,,,,,,0.75
superior medial gyrus ba 9,2,2,8,2.0,3,LH superior medial gyrus (BA 9),L,237,238,rTtha,Tha_L(R)_8_4,0.25,1,245,246,lPFtha,Tha_L(R)_8_8,0.25,1,,,,,,,,,,,,,,,,,,,0.5
superior lateral occipital,2,2,6,2.06,3,Superior lateral occipital (L),LR,135,136,A39c,IPL_L(R)_6_1,0.3,1,143,144,A39rv,IPL_L(R)_6_5,0.3,1,,,,,,,,,,,,,,,,,,,0.6
superior lingual gyrus,2,2,9,1.97,3,Superior lingual gyrus,U,195,196,rLinG,MVOcC_L(R)_5_4,0.2308,1,151,152,dmPOS,PCun_L(R)_4_3,0.2308,1,,,,,,,,,,,,,,,,,,,0.4616
ba 45,2,2,6,2.06,3,BA45,U,31,32,IFS,IFG_L(R)_6_2,0.3,1,33,34,A45c,IFG_L(R)_6_3,0.3,1,,,,,,,,,,,,,,,,,,,0.6
ba 40 supramarginal gyrus,2,2,6,2.06,3,BA40 supramarginal gyrus,U,141,142,A40c,IPL_L(R)_6_4,0.3,1,143,144,A39rv,IPL_L(R)_6_5,0.3,1,,,,,,,,,,,,,,,,,,,0.6
ba 44 dlpfc,2,2,12,1.87,3,BA44 DLPFC,U,63,64,A6cvl,PrG_L(R)_6_6,0.1875,1,29,30,A44d,IFG_L(R)_6_1,0.1875,1,,,,,,,,,,,,,,,,,,,0.375
inf occ,2,2,9,1.97,3,Inf. occ.,U,205,206,iOccG,LOcC_L(R)_4_4,0.2308,1,105,106,A37mv,FuG_L(R)_3_2,0.2308,1,,,,,,,,,,,,,,,,,,,0.4616
inf frontal gyrus ba 47,2,2,9,1.97,3,Left inf. frontal gyrus (BA 47)*,LR,123,124,cpSTS,pSTS_L(R)_2_2,0.2308,1,21,22,A9/46v,MFG_L(R)_7_4,0.2308,1,,,,,,,,,,,,,,,,,,,0.4616
inf frontal op gyrus,2,2,13,1.84,3,Inf. frontal op. gyrus,U,39,40,A44v,IFG_L(R)_6_6,0.1765,1,17,18,IFJ,MFG_L(R)_7_2,0.1765,1,,,,,,,,,,,,,,,,,,,0.353
inf frontal oper,2,2,12,1.87,3,L Inf Frontal Oper,LR,39,40,A44v,IFG_L(R)_6_6,0.1875,1,63,64,A6cvl,PrG_L(R)_6_6,0.1875,1,,,,,,,,,,,,,,,,,,,0.375
inf frontal orb gyrus,2,2,12,1.87,3,Inf. frontal orb. gyrus,U,37,38,A44op,IFG_L(R)_6_5,0.1875,1,51,52,A12/47l,OrG_L(R)_6_6,0.1875,1,,,,,,,,,,,,,,,,,,,0.375
inf frontal tri,2,2,6,2.06,3,L Inf Frontal Tri,LR,31,32,IFS,IFG_L(R)_6_2,0.3,1,37,38,A44op,IFG_L(R)_6_5,0.3,1,,,,,,,,,,,,,,,,,,,0.6
inf frontal g,2,2,12,1.87,3,Inf. frontal g.,LU,35,36,A45r,IFG_L(R)_6_4,0.1875,1,63,64,A6cvl,PrG_L(R)_6_6,0.1875,1,,,,,,,,,,,,,,,,,,,0.375
porb,2,2,6,2.06,3,Right POrb,RU,35,36,A45r,IFG_L(R)_6_4,0.3,1,37,38,A44op,IFG_L(R)_6_5,0.3,1,,,,,,,,,,,,,,,,,,,0.6
ifg opercular,2,2,13,1.84,3,L IFG opercular,LR,39,40,A44v,IFG_L(R)_6_6,0.1765,1,17,18,IFJ,MFG_L(R)_7_2,0.1765,1,,,,,,,,,,,,,,,,,,,0.353
ifg p op,2,2,12,1.87,3,IFG-P-OP,U,63,64,A6cvl,PrG_L(R)_6_6,0.1875,1,37,38,A44op,IFG_L(R)_6_5,0.1875,1,,,,,,,,,,,,,,,,,,,0.375
parahippocampal gyrusa,2,2,7,2.03,3,Parahippocampal gyrusa,U,215,216,rHipp,Hipp_L(R)_2_1,0.2727,1,197,198,vmPOS,MVOcC_L(R)_5_5,0.2727,1,,,,,,,,,,,,,,,,,,,0.5454
parahippocampale gyrus,2,2,5,2.08,3,Parahippocampale gyrus,U,105,106,A37mv,FuG_L(R)_3_2,0.3333,1,215,216,rHipp,Hipp_L(R)_2_1,0.3333,1,,,,,,,,,,,,,,,,,,,0.6666
parahippocampalgyrus,2,2,4,2.09,3,Lt. ParahippocampalGyrus,LR,211,212,mAmyg,Amyg_L(R)_2_1,0.375,1,217,218,cHipp,Hipp_L(R)_2_2,0.375,1,,,,,,,,,,,,,,,,,,,0.75
parahippocampal gyrus ba 19,2,1,2,1.16,1,Left Parahippocampal Gyrus BA19,LU,217,218,cHipp,Hipp_L(R)_2_2,0.8333,2,,,,,,,,,,,,,,,,,,,,,,,,,0.8333
parahippocampal gyrus ba 35,2,2,13,1.84,3,L parahippocampal gyrus (BA 35),LU,181,182,A23v,CG_L(R)_7_4,0.1765,1,111,112,A35/36c,PhG_L(R)_6_2,0.1765,1,,,,,,,,,,,,,,,,,,,0.353
parahippocampal gyrus 30,2,2,9,1.97,3,Parahippocampal Gyrus (30),U,181,182,A23v,CG_L(R)_7_4,0.2308,1,217,218,cHipp,Hipp_L(R)_2_2,0.2308,1,,,,,,,,,,,,,,,,,,,0.4616
gfi ba 45,2,2,6,2.06,3,GFi (BA 45),U,31,32,IFS,IFG_L(R)_6_2,0.3,1,35,36,A45r,IFG_L(R)_6_4,0.3,1,,,,,,,,,,,,,,,,,,,0.6
gfm ba 10,2,2,13,1.84,3,GFm (BA 10),U,27,28,A10l,MFG_L(R)_7_7,0.1765,1,51,52,A12/47l,OrG_L(R)_6_6,0.1765,1,,,,,,,,,,,,,,,,,,,0.353
gfm ba 6,2,2,13,1.84,3,GFm (BA 6),U,55,56,A6cdl,PrG_L(R)_6_2,0.1765,1,25,26,A6vl,MFG_L(R)_7_6,0.1765,1,,,,,,,,,,,,,,,,,,,0.353
gc ba 32,2,2,7,2.03,3,GC (BA 32),U,179,180,A32p,CG_L(R)_7_3,0.2727,1,187,188,A32sg,CG_L(R)_7_7,0.2727,1,,,,,,,,,,,,,,,,,,,0.5454
gfd ba 10,2,2,7,2.03,3,GFd (BA 10),U,11,12,A9m,SFG_L(R)_7_6,0.2727,1,13,14,A10m,SFG_L(R)_7_7,0.2727,1,,,,,,,,,,,,,,,,,,,0.5454
gfd ba 8,2,2,7,2.03,3,GFd (BA 8),U,5,6,A9l,SFG_L(R)_7_3,0.2727,1,11,12,A9m,SFG_L(R)_7_6,0.2727,1,,,,,,,,,,,,,,,,,,,0.5454
post cing,2,1,7,1.43,2,L post. cing.,LU,175,176,A23d,CG_L(R)_7_1,0.4545,2,,,,,,,,,,,,,,,,,,,,,,,,,0.4545
post cingulate cortex,2,2,7,2.03,3,Post-cingulate cortex,LRU,175,176,A23d,CG_L(R)_7_1,0.2727,1,181,182,A23v,CG_L(R)_7_4,0.2727,1,,,,,,,,,,,,,,,,,,,0.5454
frontopolar cortex ba 10,2,2,7,2.03,3,Left frontopolar cortex (BA 10),LR,19,20,A46,MFG_L(R)_7_3,0.2727,1,27,28,A10l,MFG_L(R)_7_7,0.2727,1,,,,,,,,,,,,,,,,,,,0.5454
posterior calcarine sulcus,2,2,5,2.08,3,Posterior Calcarine Sulcus,U,191,192,rCunG,MVOcC_L(R)_5_2,0.3333,1,193,194,cCunG,MVOcC_L(R)_5_3,0.3333,1,,,,,,,,,,,,,,,,,,,0.6666
postcg,2,1,4,1.34,2,L. PostCG,LU,155,156,A1/2/3ulhf,PoG_L(R)_4_1,0.625,2,,,,,,,,,,,,,,,,,,,,,,,,,0.625
postcgyrs,2,2,10,1.94,3,postCGyrs (Area 2),U,155,156,A1/2/3ulhf,PoG_L(R)_4_1,0.2143,1,139,140,A40rd,IPL_L(R)_6_3,0.2143,1,,,,,,,,,,,,,,,,,,,0.4286
postcentral gyrus ba 1,2,2,13,1.84,3,Right postcentral gyrus (BA 1),R,15,16,A9/46d,MFG_L(R)_7_1,0.1765,1,75,76,A22c,STG_L(R)_6_4,0.1765,1,,,,,,,,,,,,,,,,,,,0.353
postcentral gyrus 40,2,2,10,1.94,3,Postcentral gyrus (40),U,145,146,A40rv,IPL_L(R)_6_6,0.2143,1,159,160,A2,PoG_L(R)_4_3,0.2143,1,,,,,,,,,,,,,,,,,,,0.4286
postcentral gyr,2,2,4,2.09,3,Postcentral gyr.,U,155,156,A1/2/3ulhf,PoG_L(R)_4_1,0.375,1,161,162,A1/2/3tru,PoG_L(R)_4_4,0.375,1,,,,,,,,,,,,,,,,,,,0.75
postcentral 1,2,2,10,1.94,3,Postcentral*1,U,159,160,A2,PoG_L(R)_4_3,0.2143,1,53,54,A4hf,PrG_L(R)_6_1,0.2143,1,,,,,,,,,,,,,,,,,,,0.4286
asmg,2,2,6,2.06,3,aSMG,U,139,140,A40rd,IPL_L(R)_6_3,0.3,1,145,146,A40rv,IPL_L(R)_6_6,0.3,1,,,,,,,,,,,,,,,,,,,0.6
astg,2,2,12,1.87,3,Right aSTG,LRU,61,62,A4tl,PrG_L(R)_6_5,0.1875,1,73,74,TE1.0 and TE1.2,STG_L(R)_6_3,0.1875,1,,,,,,,,,,,,,,,,,,,0.375
area 8,2,2,11,1.9,3,Area 8,U,203,204,OPC,LOcC_L(R)_4_3,0.2,1,195,196,rLinG,MVOcC_L(R)_5_4,0.2,1,,,,,,,,,,,,,,,,,,,0.4
area 9,2,2,5,2.08,3,Area 9,U,189,190,cLinG,MVOcC_L(R)_5_1,0.3333,1,195,196,rLinG,MVOcC_L(R)_5_4,0.3333,1,,,,,,,,,,,,,,,,,,,0.6666
superior pfc,2,2,14,1.82,3,Superior PFC,U,27,28,A10l,MFG_L(R)_7_7,0.1667,1,1,2,A8m,SFG_L(R)_7_1,0.1667,1,,,,,,,,,,,,,,,,,,,0.3334
superior parietal lobule ba 40,2,2,12,1.87,3,Right superior parietal lobule (BA 40),R,137,138,A39rd,IPL_L(R)_6_2,0.1875,1,75,76,A22c,STG_L(R)_6_4,0.1875,1,,,,,,,,,,,,,,,,,,,0.375
superior parietal lobule1,2,2,11,1.9,3,Superior parietal lobule1,RU,137,138,A39rd,IPL_L(R)_6_2,0.2,1,133,134,A7ip,SPL_L(R)_5_5,0.2,1,,,,,,,,,,,,,,,,,,,0.4
frontopolar,2,2,7,2.03,3,Left frontopolar,LR,19,20,A46,MFG_L(R)_7_3,0.2727,1,21,22,A9/46v,MFG_L(R)_7_4,0.2727,1,,,,,,,,,,,,,,,,,,,0.5454
parahip pocampal gyrus,2,2,2,2.0,2,Parahip-pocampal gyrus,U,215,216,rHipp,Hipp_L(R)_2_1,0.5,1,217,218,cHipp,Hipp_L(R)_2_2,0.5,1,,,,,,,,,,,,,,,,,,,1.0
paracentral lobule ba 6,2,2,9,1.97,3,Paracentral lobule(BA6),RU,65,66,A1/2/3ll,PCL_L(R)_2_1,0.2308,1,9,10,A6m,SFG_L(R)_7_5,0.2308,1,,,,,,,,,,,,,,,,,,,0.4616
paracingulate cortex,2,2,7,2.03,3,Left paracingulate cortex,LU,13,14,A10m,SFG_L(R)_7_7,0.2727,1,1,2,A8m,SFG_L(R)_7_1,0.2727,1,,,,,,,,,,,,,,,,,,,0.5454
paracentral lobule and sulcus,2,2,2,2.0,2,Paracentral lobule and sulcus,U,65,66,A1/2/3ll,PCL_L(R)_2_1,0.5,1,67,68,A4ll,PCL_L(R)_2_2,0.5,1,,,,,,,,,,,,,,,,,,,1.0
superior temporal gyrus 42,2,2,6,2.06,3,L. Superior Temporal Gyrus (42),LR,71,72,A41/42,STG_L(R)_6_2,0.3,1,75,76,A22c,STG_L(R)_6_4,0.3,1,,,,,,,,,,,,,,,,,,,0.6
superior temporal gyrus 42 22,2,2,12,1.87,3,"L superior temporal gyrus (42, 22)",LR,145,146,A40rv,IPL_L(R)_6_6,0.1875,1,71,72,A41/42,STG_L(R)_6_2,0.1875,1,,,,,,,,,,,,,,,,,,,0.375
ba 13 insula,2,2,6,2.06,3,Left BA13 insula,L,171,172,dIg,INS_L(R)_6_5,0.3,1,173,174,dId,INS_L(R)_6_6,0.3,1,,,,,,,,,,,,,,,,,,,0.6
asg,2,2,12,1.87,3,ASG,U,167,168,dIa,INS_L(R)_6_3,0.1875,1,51,52,A12/47l,OrG_L(R)_6_6,0.1875,1,,,,,,,,,,,,,,,,,,,0.375
occipital fusiform,2,2,8,2.0,3,Occipital fusiform,RU,105,106,A37mv,FuG_L(R)_3_2,0.25,1,189,190,cLinG,MVOcC_L(R)_5_1,0.25,1,,,,,,,,,,,,,,,,,,,0.5
o superior frontal gyrus,2,2,7,2.03,3,º Superior frontal gyrus,U,3,4,A8dl,SFG_L(R)_7_2,0.2727,1,5,6,A9l,SFG_L(R)_7_3,0.2727,1,,,,,,,,,,,,,,,,,,,0.5454
occ,2,2,13,1.84,3,OCC,U,199,200,mOccG,LOcC_L(R)_4_1,0.1765,1,15,16,A9/46d,MFG_L(R)_7_1,0.1765,1,,,,,,,,,,,,,,,,,,,0.353
inferior frontal gyrus triangular part,2,2,6,2.06,3,L Inferior frontal gyrus triangular part,LR,31,32,IFS,IFG_L(R)_6_2,0.3,1,35,36,A45r,IFG_L(R)_6_4,0.3,1,,,,,,,,,,,,,,,,,,,0.6
nucleus ruber,2,2,8,2.0,3,Nucleus Ruber,U,233,234,mPMtha,Tha_L(R)_8_2,0.25,1,245,246,lPFtha,Tha_L(R)_8_8,0.25,1,,,,,,,,,,,,,,,,,,,0.5
nucleus subthalamicus,2,2,8,2.0,3,Nucleus Subthalamicus,U,233,234,mPMtha,Tha_L(R)_8_2,0.25,1,245,246,lPFtha,Tha_L(R)_8_8,0.25,1,,,,,,,,,,,,,,,,,,,0.5
o parahippocampal gyrus,2,2,11,1.9,3,º Parahippocampal gyrus,U,197,198,vmPOS,MVOcC_L(R)_5_5,0.2,1,119,120,TH,PhG_L(R)_6_6,0.2,1,,,,,,,,,,,,,,,,,,,0.4
mts,2,2,10,1.94,3,Left MTS,LR,201,202,V5/MT+,LOcC_L(R)_4_2,0.2143,1,85,86,A37dl,MTG_L(R)_4_3,0.2143,1,,,,,,,,,,,,,,,,,,,0.4286
inferior frontal gyrus 11,2,1,6,1.41,2,Right inferior frontal gyrus (11),LR,45,46,A11l,OrG_L(R)_6_3,0.5,2,,,,,,,,,,,,,,,,,,,,,,,,,0.5
inferior and middle temporal gyrus,2,2,10,1.94,3,Inferior and middle temporal gyrus,RU,81,82,A21c,MTG_L(R)_4_1,0.2143,1,79,80,A22r,STG_L(R)_6_6,0.2143,1,,,,,,,,,,,,,,,,,,,0.4286
inferior and superior,2,2,6,2.06,3,R inferior and superior,LR,137,138,A39rd,IPL_L(R)_6_2,0.3,1,139,140,A40rd,IPL_L(R)_6_3,0.3,1,,,,,,,,,,,,,,,,,,,0.6
occipito parietal junction,2,2,12,1.87,3,Occipito-parietal junction,U,135,136,A39c,IPL_L(R)_6_1,0.1875,1,209,210,lsOccG,LOcC_L(R)_2_2,0.1875,1,,,,,,,,,,,,,,,,,,,0.375
occipital lobe ba 18,2,2,5,2.08,3,Occipital Lobe BA18,U,193,194,cCunG,MVOcC_L(R)_5_3,0.3333,1,195,196,rLinG,MVOcC_L(R)_5_4,0.3333,1,,,,,,,,,,,,,,,,,,,0.6666
occipital fusiform gyrus 19,2,2,9,1.97,3,L occipital fusiform gyrus (19),L,105,106,A37mv,FuG_L(R)_3_2,0.2308,1,201,202,V5/MT+,LOcC_L(R)_4_2,0.2308,1,,,,,,,,,,,,,,,,,,,0.4616
occipital gyrus 19,2,2,12,1.87,3,Occipital Gyrus (19),RU,135,136,A39c,IPL_L(R)_6_1,0.1875,1,199,200,mOccG,LOcC_L(R)_4_1,0.1875,1,,,,,,,,,,,,,,,,,,,0.375
occipital gyrus ba 18,2,2,6,2.06,3,Occipital gyrus (BA 18),U,203,204,OPC,LOcC_L(R)_4_3,0.3,1,199,200,mOccG,LOcC_L(R)_4_1,0.3,1,,,,,,,,,,,,,,,,,,,0.6
inf parietal gyrus,2,2,6,2.06,3,L inf. parietal gyrus,LR,139,140,A40rd,IPL_L(R)_6_3,0.3,1,137,138,A39rd,IPL_L(R)_6_2,0.3,1,,,,,,,,,,,,,,,,,,,0.6
inf parietal lobule ba 40,2,2,9,1.97,3,Left inf. parietal lobule (BA 40)*,LR,123,124,cpSTS,pSTS_L(R)_2_2,0.2308,1,21,22,A9/46v,MFG_L(R)_7_4,0.2308,1,,,,,,,,,,,,,,,,,,,0.4616
inf occipital gyrus ba 18,2,2,12,1.87,3,Inf. occipital gyrus (BA 18),RU,37,38,A44op,IFG_L(R)_6_5,0.1875,1,203,204,OPC,LOcC_L(R)_4_3,0.1875,1,,,,,,,,,,,,,,,,,,,0.375
orbital sulcus,2,2,6,2.06,3,Orbital sulci,U,45,46,A11l,OrG_L(R)_6_3,0.3,1,51,52,A12/47l,OrG_L(R)_6_6,0.3,1,,,,,,,,,,,,,,,,,,,0.6
orbital frontal,2,2,12,1.87,3,Orbital frontal,U,35,36,A45r,IFG_L(R)_6_4,0.1875,1,43,44,A12/47o,OrG_L(R)_6_2,0.1875,1,,,,,,,,,,,,,,,,,,,0.375
opercular cortex,2,2,12,1.87,3,Opercular cortex,U,173,174,dId,INS_L(R)_6_6,0.1875,1,71,72,A41/42,STG_L(R)_6_2,0.1875,1,,,,,,,,,,,,,,,,,,,0.375
oig,2,2,9,1.97,3,R OIG,LR,107,108,A37lv,FuG_L(R)_3_3,0.2308,1,205,206,iOccG,LOcC_L(R)_4_4,0.2308,1,,,,,,,,,,,,,,,,,,,0.4616
olfactory cortex,2,2,12,1.87,3,Olfactory cortex,U,223,224,NAC,BG_L(R)_6_3,0.1875,1,49,50,A13,OrG_L(R)_6_5,0.1875,1,,,,,,,,,,,,,,,,,,,0.375
post cingulate gyrus,2,2,11,1.9,3,L post. cingulate gyrus,LU,185,186,A23c,CG_L(R)_7_6,0.2,1,151,152,dmPOS,PCun_L(R)_4_3,0.2,1,,,,,,,,,,,,,,,,,,,0.4
superior parietal occipital cortex,2,2,11,1.9,3,Left superior parietal occipital cortex,LR,209,210,lsOccG,LOcC_L(R)_2_2,0.2,1,127,128,A7c,SPL_L(R)_5_2,0.2,1,,,,,,,,,,,,,,,,,,,0.4
superior parietal sulcus,2,2,11,1.9,3,Superior parietal sulcus,U,209,210,lsOccG,LOcC_L(R)_2_2,0.2,1,133,134,A7ip,SPL_L(R)_5_5,0.2,1,,,,,,,,,,,,,,,,,,,0.4
superior parietal lobe ba 7,2,2,9,1.97,3,Superior Parietal Lobe BA7,U,151,152,dmPOS,PCun_L(R)_4_3,0.2308,1,127,128,A7c,SPL_L(R)_5_2,0.2308,1,,,,,,,,,,,,,,,,,,,0.4616
superior parietal lobule ba 2 5,2,2,5,2.08,3,Bilateral superior parietal lobule (BA 2/5),BR,125,126,A7r,SPL_L(R)_5_1,0.3333,1,133,134,A7ip,SPL_L(R)_5_5,0.3333,1,,,,,,,,,,,,,,,,,,,0.6666
otpj,2,2,11,1.9,3,OTPJ,U,127,128,A7c,SPL_L(R)_5_2,0.2,1,209,210,lsOccG,LOcC_L(R)_2_2,0.2,1,,,,,,,,,,,,,,,,,,,0.4
orbitofrontal cortex 47,2,2,6,2.06,3,Left orbitofrontal cortex (47),LR,43,44,A12/47o,OrG_L(R)_6_2,0.3,1,51,52,A12/47l,OrG_L(R)_6_6,0.3,1,,,,,,,,,,,,,,,,,,,0.6
orbitofrontal 11 47,2,2,6,2.06,3,Left Orbitofrontal (11/47)*,L,45,46,A11l,OrG_L(R)_6_3,0.3,1,47,48,A11m,OrG_L(R)_6_4,0.3,1,,,,,,,,,,,,,,,,,,,0.6
mppc,2,2,4,2.09,3,mPPC L,LR,147,148,A7m,PCun_L(R)_4_1,0.375,1,149,150,A5m,PCun_L(R)_4_2,0.375,1,,,,,,,,,,,,,,,,,,,0.75
supperior frontal,2,2,13,1.84,3,L (medial) supperior frontal,LR,219,220,vCa,BG_L(R)_6_1,0.1765,1,187,188,A32sg,CG_L(R)_7_7,0.1765,1,,,,,,,,,,,,,,,,,,,0.353
suppl motor area,2,2,7,2.03,3,L suppl. motor area,LU,1,2,A8m,SFG_L(R)_7_1,0.2727,1,9,10,A6m,SFG_L(R)_7_5,0.2727,1,,,,,,,,,,,,,,,,,,,0.5454
superior tg,2,2,6,2.06,3,Superior TG,U,75,76,A22c,STG_L(R)_6_4,0.3,1,77,78,A38l,STG_L(R)_6_5,0.3,1,,,,,,,,,,,,,,,,,,,0.6
area 22,2,2,8,2.0,3,Area 22,U,67,68,A4ll,PCL_L(R)_2_2,0.25,1,59,60,A4t,PrG_L(R)_6_4,0.25,1,,,,,,,,,,,,,,,,,,,0.5
area 5,2,2,12,1.87,3,Area 5,U,205,206,iOccG,LOcC_L(R)_4_4,0.1875,1,45,46,A11l,OrG_L(R)_6_3,0.1875,1,,,,,,,,,,,,,,,,,,,0.375
anteroventral insula,2,2,6,2.06,3,Anteroventral insula L,LR,169,170,vId/vIg,INS_L(R)_6_4,0.3,1,173,174,dId,INS_L(R)_6_6,0.3,1,,,,,,,,,,,,,,,,,,,0.6
anterior vlpfc,2,2,13,1.84,3,Anterior VLPFC,U,35,36,A45r,IFG_L(R)_6_4,0.1765,1,27,28,A10l,MFG_L(R)_7_7,0.1765,1,,,,,,,,,,,,,,,,,,,0.353
posterior cingulate cortex ba 30,2,2,12,1.87,3,Posterior cingulate cortex (BA 30),U,181,182,A23v,CG_L(R)_7_4,0.1875,1,197,198,vmPOS,MVOcC_L(R)_5_5,0.1875,1,,,,,,,,,,,,,,,,,,,0.375
posterior cingulate 29,2,1,7,1.43,2,Posterior cingulate (29),RU,181,182,A23v,CG_L(R)_7_4,0.4545,2,,,,,,,,,,,,,,,,,,,,,,,,,0.4545
posterior cingulate ba 23,2,2,11,1.9,3,Posterior cingulate (BA 23),RU,181,182,A23v,CG_L(R)_7_4,0.2,1,151,152,dmPOS,PCun_L(R)_4_3,0.2,1,,,,,,,,,,,,,,,,,,,0.4
posterior cingulate ba 31,2,2,9,1.97,3,Posterior cingulate (BA 31),RU,197,198,vmPOS,MVOcC_L(R)_5_5,0.2308,1,151,152,dmPOS,PCun_L(R)_4_3,0.2308,1,,,,,,,,,,,,,,,,,,,0.4616
fusiform gy,2,2,11,1.9,3,Fusiform Gy???,U,195,196,rLinG,MVOcC_L(R)_5_4,0.2,1,113,114,TL,PhG_L(R)_6_3,0.2,1,,,,,,,,,,,,,,,,,,,0.4
fusiform gyr,2,1,3,1.27,2,Fusiform Gyr,U,107,108,A37lv,FuG_L(R)_3_3,0.7143,2,,,,,,,,,,,,,,,,,,,,,,,,,0.7143
fusiform ba 19 37,2,2,3,2.07,2,Left fusiform (BA 19/37),LR,105,106,A37mv,FuG_L(R)_3_2,0.4286,1,107,108,A37lv,FuG_L(R)_3_3,0.4286,1,,,,,,,,,,,,,,,,,,,0.8572
fusiform cortex ba 37,2,2,3,2.07,2,Right fusiform cortex (BA 37),LR,105,106,A37mv,FuG_L(R)_3_2,0.4286,1,107,108,A37lv,FuG_L(R)_3_3,0.4286,1,,,,,,,,,,,,,,,,,,,0.8572
frontal superior gyrus,2,2,13,1.84,3,Right frontal superior gyrus,RU,55,56,A6cdl,PrG_L(R)_6_2,0.1765,1,5,6,A9l,SFG_L(R)_7_3,0.1765,1,,,,,,,,,,,,,,,,,,,0.353
frontal pole ba 10,2,1,7,1.43,2,Frontal pole (BA 10),RU,21,22,A9/46v,MFG_L(R)_7_4,0.4545,2,,,,,,,,,,,,,,,,,,,,,,,,,0.4545
frontal pole cortex,2,2,7,2.03,3,Right frontal pole cortex,R,15,16,A9/46d,MFG_L(R)_7_1,0.2727,1,23,24,A8vl,MFG_L(R)_7_5,0.2727,1,,,,,,,,,,,,,,,,,,,0.5454
frontal sub gyral,2,2,12,1.87,3,Frontal sub-gyral,LU,223,224,NAC,BG_L(R)_6_3,0.1875,1,55,56,A6cdl,PrG_L(R)_6_2,0.1875,1,,,,,,,,,,,,,,,,,,,0.375
posterior cingulate gyrus ba 29,2,2,15,1.79,3,Left posterior cingulate gyrus (BA 29),LR,181,182,A23v,CG_L(R)_7_4,0.1579,1,231,232,mPFtha,Tha_L(R)_8_1,0.1579,1,,,,,,,,,,,,,,,,,,,0.3158
posterior cingulum ba 23,2,2,7,2.03,3,Posterior cingulum (BA 23),U,175,176,A23d,CG_L(R)_7_1,0.2727,1,181,182,A23v,CG_L(R)_7_4,0.2727,1,,,,,,,,,,,,,,,,,,,0.5454
posterior cingulate gyrus 29,2,1,7,1.43,2,R posterior cingulate gyrus (29),RU,181,182,A23v,CG_L(R)_7_4,0.4545,2,,,,,,,,,,,,,,,,,,,,,,,,,0.4545
posterior cingulate cortex 31,2,1,7,1.43,2,Posterior cingulate cortex (31),U,175,176,A23d,CG_L(R)_7_1,0.4545,2,,,,,,,,,,,,,,,,,,,,,,,,,0.4545
mtc,2,2,4,2.09,3,MTC,U,83,84,A21r,MTG_L(R)_4_2,0.375,1,85,86,A37dl,MTG_L(R)_4_3,0.375,1,,,,,,,,,,,,,,,,,,,0.75
mtl,2,2,2,2.0,2,MTL,U,211,212,mAmyg,Amyg_L(R)_2_1,0.5,1,213,214,lAmyg,Amyg_L(R)_2_2,0.5,1,,,,,,,,,,,,,,,,,,,1.0
posterior limb,2,1,8,1.44,2,Left posterior limb,L,233,234,mPMtha,Tha_L(R)_8_2,0.4167,2,,,,,,,,,,,,,,,,,,,,,,,,,0.4167
fronto occipital fasciculus,2,2,12,1.87,3,fronto-occipital fasciculus left,LR,223,224,NAC,BG_L(R)_6_3,0.1875,1,169,170,vId/vIg,INS_L(R)_6_4,0.1875,1,,,,,,,,,,,,,,,,,,,0.375
frontal superior medial gyrus,2,1,7,1.43,2,R frontal superior medial gyrus,R,5,6,A9l,SFG_L(R)_7_3,0.4545,2,,,,,,,,,,,,,,,,,,,,,,,,,0.4545
frontal wm,2,2,11,1.9,3,Frontal WM (L),LR,155,156,A1/2/3ulhf,PoG_L(R)_4_1,0.2,1,7,8,A6dl,SFG_L(R)_7_4,0.2,1,,,,,,,,,,,,,,,,,,,0.4
fronto insular cortex,2,2,12,1.87,3,Fronto-insular cortex,U,37,38,A44op,IFG_L(R)_6_5,0.1875,1,173,174,dId,INS_L(R)_6_6,0.1875,1,,,,,,,,,,,,,,,,,,,0.375
frontal sup media,2,2,7,2.03,3,Frontal_Sup_Media_L,LR,13,14,A10m,SFG_L(R)_7_7,0.2727,1,5,6,A9l,SFG_L(R)_7_3,0.2727,1,,,,,,,,,,,,,,,,,,,0.5454
posterior insula ba 13,2,2,12,1.87,3,Posterior insula (BA13),U,163,164,G,INS_L(R)_6_1,0.1875,1,73,74,TE1.0 and TE1.2,STG_L(R)_6_3,0.1875,1,,,,,,,,,,,,,,,,,,,0.375
moc,2,2,12,1.87,3,left MOC,LU,143,144,A39rv,IPL_L(R)_6_5,0.1875,1,205,206,iOccG,LOcC_L(R)_4_4,0.1875,1,,,,,,,,,,,,,,,,,,,0.375
mocg,2,2,6,2.06,3,Left mOcG,LRU,201,202,V5/MT+,LOcC_L(R)_4_2,0.3,1,199,200,mOccG,LOcC_L(R)_4_1,0.3,1,,,,,,,,,,,,,,,,,,,0.6
inferior frontal triangular,2,2,6,2.06,3,Right inferior frontal triangular,RU,29,30,A44d,IFG_L(R)_6_1,0.3,1,31,32,IFS,IFG_L(R)_6_2,0.3,1,,,,,,,,,,,,,,,,,,,0.6
inferior frontal junction area ba 6 8 44,2,2,13,1.84,3,Left inferior frontal junction area (BA6/8/44),LR,17,18,IFJ,MFG_L(R)_7_2,0.1765,1,29,30,A44d,IFG_L(R)_6_1,0.1765,1,,,,,,,,,,,,,,,,,,,0.353
inferior frontal gyrus triangularis,2,2,13,1.84,3,Inferior Frontal Gyrus Triangularis,U,35,36,A45r,IFG_L(R)_6_4,0.1765,1,21,22,A9/46v,MFG_L(R)_7_4,0.1765,1,,,,,,,,,,,,,,,,,,,0.353
inferior frontal gyrusa,2,2,12,1.87,3,Inferior frontal gyrusa,U,37,38,A44op,IFG_L(R)_6_5,0.1875,1,43,44,A12/47o,OrG_L(R)_6_2,0.1875,1,,,,,,,,,,,,,,,,,,,0.375
inferior frontal gyrusb,2,2,12,1.87,3,Inferior frontal gyrusb,U,29,30,A44d,IFG_L(R)_6_1,0.1875,1,49,50,A13,OrG_L(R)_6_5,0.1875,1,,,,,,,,,,,,,,,,,,,0.375
c inferior parietal lobule,2,2,9,1.97,3,C. inferior parietal lobule,U,159,160,A2,PoG_L(R)_4_3,0.2308,1,129,130,A5l,SPL_L(R)_5_3,0.2308,1,,,,,,,,,,,,,,,,,,,0.4616
brodmann area 39,2,2,8,2.0,3,L. Brodmann area 39,LR,135,136,A39c,IPL_L(R)_6_1,0.25,1,123,124,cpSTS,pSTS_L(R)_2_2,0.25,1,,,,,,,,,,,,,,,,,,,0.5
brodmann area 44,2,2,12,1.87,3,Brodmann area 44,U,39,40,A44v,IFG_L(R)_6_6,0.1875,1,63,64,A6cvl,PrG_L(R)_6_6,0.1875,1,,,,,,,,,,,,,,,,,,,0.375
body of the calcarine sulcus,2,2,5,2.08,3,Body of the calcarine sulcus,U,197,198,vmPOS,MVOcC_L(R)_5_5,0.3333,1,191,192,rCunG,MVOcC_L(R)_5_2,0.3333,1,,,,,,,,,,,,,,,,,,,0.6666
superior frontal gyrus 11,2,1,6,1.41,2,Left superior frontal gyrus (11),LU,45,46,A11l,OrG_L(R)_6_3,0.5,2,,,,,,,,,,,,,,,,,,,,,,,,,0.5
superior frontal ctx,2,2,7,2.03,3,Superior frontal Ctx.,U,15,16,A9/46d,MFG_L(R)_7_1,0.2727,1,23,24,A8vl,MFG_L(R)_7_5,0.2727,1,,,,,,,,,,,,,,,,,,,0.5454
superior and middle frontal gyrus 10,2,1,7,1.43,2,L superior and middle frontal gyri (10),LR,19,20,A46,MFG_L(R)_7_3,0.4545,2,,,,,,,,,,,,,,,,,,,,,,,,,0.4545
superior and middle frontal gyrus ba 8 9,2,2,7,2.03,3,Left superior and middle frontal gyrus (BA8/9),L,3,4,A8dl,SFG_L(R)_7_2,0.2727,1,5,6,A9l,SFG_L(R)_7_3,0.2727,1,,,,,,,,,,,,,,,,,,,0.5454
posterior operculum,2,2,10,1.94,3,Right posterior operculum,LR,145,146,A40rv,IPL_L(R)_6_6,0.2143,1,157,158,A1/2/3tonIa,PoG_L(R)_4_2,0.2143,1,,,,,,,,,,,,,,,,,,,0.4286
posterior parahippocampal gyrus,2,2,9,1.97,3,Right posterior parahippocampal gyrus,LRU,181,182,A23v,CG_L(R)_7_4,0.2308,1,217,218,cHipp,Hipp_L(R)_2_2,0.2308,1,,,,,,,,,,,,,,,,,,,0.4616
posterior occipital,2,2,9,1.97,3,Right posterior occipital,LR,105,106,A37mv,FuG_L(R)_3_2,0.2308,1,207,208,msOccG,LOcC_L(R)_2_1,0.2308,1,,,,,,,,,,,,,,,,,,,0.4616
posterior occipital cortex,2,2,11,1.9,3,Posterior occipital cortex,U,205,206,iOccG,LOcC_L(R)_4_4,0.2,1,193,194,cCunG,MVOcC_L(R)_5_3,0.2,1,,,,,,,,,,,,,,,,,,,0.4
posterior middle frontal gyrus,2,1,7,1.43,2,Right posterior middle frontal gyrus,R,25,26,A6vl,MFG_L(R)_7_6,0.4545,2,,,,,,,,,,,,,,,,,,,,,,,,,0.4545
posterior limb of internal capsule,2,2,14,1.82,3,Posterior limb of internal capsule left,LU,113,114,TL,PhG_L(R)_6_3,0.1667,1,245,246,lPFtha,Tha_L(R)_8_8,0.1667,1,,,,,,,,,,,,,,,,,,,0.3334
posterior lingual gyrus,2,2,5,2.08,3,Posterior lingual gyrus,U,189,190,cLinG,MVOcC_L(R)_5_1,0.3333,1,191,192,rCunG,MVOcC_L(R)_5_2,0.3333,1,,,,,,,,,,,,,,,,,,,0.6666
brodmann area 9,2,1,7,1.43,2,Brodmann area 9,RU,11,12,A9m,SFG_L(R)_7_6,0.4545,2,,,,,,,,,,,,,,,,,,,,,,,,,0.4545
anterior temporal cortex,2,2,13,1.84,3,Anterior temporal cortex,RU,95,96,A20il,ITG_L(R)_7_4,0.1765,1,77,78,A38l,STG_L(R)_6_5,0.1765,1,,,,,,,,,,,,,,,,,,,0.353
superior temporal gyrus 22 42,2,2,6,2.06,3,Left superior temporal gyrus (22/42),LR,73,74,TE1.0 and TE1.2,STG_L(R)_6_3,0.3,1,75,76,A22c,STG_L(R)_6_4,0.3,1,,,,,,,,,,,,,,,,,,,0.6
motor,2,2,10,1.94,3,Left motor,LU,161,162,A1/2/3tru,PoG_L(R)_4_4,0.2143,1,53,54,A4hf,PrG_L(R)_6_1,0.2143,1,,,,,,,,,,,,,,,,,,,0.4286
midtemporal gyrus,2,2,11,1.9,3,Midtemporal gyrus,RU,97,98,A37vl,ITG_L(R)_7_5,0.2,1,85,86,A37dl,MTG_L(R)_4_3,0.2,1,,,,,,,,,,,,,,,,,,,0.4
mifg,2,2,13,1.84,3,MiFG,U,171,172,dIg,INS_L(R)_6_5,0.1765,1,23,24,A8vl,MFG_L(R)_7_5,0.1765,1,,,,,,,,,,,,,,,,,,,0.353
mips,2,2,11,1.9,3,mIPS,U,209,210,lsOccG,LOcC_L(R)_2_2,0.2,1,127,128,A7c,SPL_L(R)_5_2,0.2,1,,,,,,,,,,,,,,,,,,,0.4
posterior planum temporale,2,2,6,2.06,3,Posterior planum temporale,LU,141,142,A40c,IPL_L(R)_6_4,0.3,1,145,146,A40rv,IPL_L(R)_6_6,0.3,1,,,,,,,,,,,,,,,,,,,0.6
posterior ramus of the lateral sulcus,2,2,12,1.87,3,Posterior ramus of the lateral sulcus,U,71,72,A41/42,STG_L(R)_6_2,0.1875,1,163,164,G,INS_L(R)_6_1,0.1875,1,,,,,,,,,,,,,,,,,,,0.375
middle temporal gyrus 19,2,2,12,1.87,3,Left middle temporal gyrus (19),LR,143,144,A39rv,IPL_L(R)_6_5,0.1875,1,201,202,V5/MT+,LOcC_L(R)_4_2,0.1875,1,,,,,,,,,,,,,,,,,,,0.375
middle posterior part of the cingulate gyrus and sulcus,2,2,7,2.03,3,Middle-posterior part of the cingulate gyrus and sulcus,U,177,178,A24rv,CG_L(R)_7_2,0.2727,1,183,184,A24cd,CG_L(R)_7_5,0.2727,1,,,,,,,,,,,,,,,,,,,0.5454
anterior superior frontal sulcus,2,2,7,2.03,3,Left anterior superior frontal sulcus,LU,15,16,A9/46d,MFG_L(R)_7_1,0.2727,1,27,28,A10l,MFG_L(R)_7_7,0.2727,1,,,,,,,,,,,,,,,,,,,0.5454
anterior parahippocampus,2,2,2,2.0,2,R anterior parahippocampus,R,211,212,mAmyg,Amyg_L(R)_2_1,0.5,1,213,214,lAmyg,Amyg_L(R)_2_2,0.5,1,,,,,,,,,,,,,,,,,,,1.0
anterior middle frontal gyrus,2,2,13,1.84,3,L Anterior middle frontal gyrus,L,15,16,A9/46d,MFG_L(R)_7_1,0.1765,1,111,112,A35/36c,PhG_L(R)_6_2,0.1765,1,,,,,,,,,,,,,,,,,,,0.353
anterior mtl,2,2,6,2.06,3,Anterior MTL,RU,215,216,rHipp,Hipp_L(R)_2_1,0.3,1,83,84,A21r,MTG_L(R)_4_2,0.3,1,,,,,,,,,,,,,,,,,,,0.6
supramarginal gyr,2,2,6,2.06,3,Supramarginal gyr.,U,145,146,A40rv,IPL_L(R)_6_6,0.3,1,141,142,A40c,IPL_L(R)_6_4,0.3,1,,,,,,,,,,,,,,,,,,,0.6
supramarginal g ba 40,2,2,6,2.06,3,Supramarginal G. (BA 40),U,139,140,A40rd,IPL_L(R)_6_3,0.3,1,141,142,A40c,IPL_L(R)_6_4,0.3,1,,,,,,,,,,,,,,,,,,,0.6
posterior superior frontal sulcus,2,2,14,1.82,3,left posterior superior frontal sulcus,BL,25,26,A6vl,MFG_L(R)_7_6,0.1667,1,5,6,A9l,SFG_L(R)_7_3,0.1667,1,,,,,,,,,,,,,,,,,,,0.3334
frontal polar,2,1,7,1.43,2,Frontal polar,RU,27,28,A10l,MFG_L(R)_7_7,0.4545,2,,,,,,,,,,,,,,,,,,,,,,,,,0.4545
frontal middle,2,2,13,1.84,3,Frontal middle L,LR,229,230,dlPu,BG_L(R)_6_6,0.1765,1,3,4,A8dl,SFG_L(R)_7_2,0.1765,1,,,,,,,,,,,,,,,,,,,0.353
frontal middle orbital gyrus,2,2,13,1.84,3,L frontal middle orbital gyrus,LR,27,28,A10l,MFG_L(R)_7_7,0.1765,1,43,44,A12/47o,OrG_L(R)_6_2,0.1765,1,,,,,,,,,,,,,,,,,,,0.353
posterior parietal cortex ba 7 40,2,2,5,2.08,3,"Right posterior parietal cortex (BA 7, 40)",LR,127,128,A7c,SPL_L(R)_5_2,0.3333,1,129,130,A5l,SPL_L(R)_5_3,0.3333,1,,,,,,,,,,,,,,,,,,,0.6666
middle temporal gyrus 37,2,1,4,1.34,2,Right middle temporal gyrus (37),R,85,86,A37dl,MTG_L(R)_4_3,0.625,2,,,,,,,,,,,,,,,,,,,,,,,,,0.625
middle temporal gyrus ba 19,2,2,12,1.87,3,L Middle temporal gyrus (BA 19),LR,135,136,A39c,IPL_L(R)_6_1,0.1875,1,201,202,V5/MT+,LOcC_L(R)_4_2,0.1875,1,,,,,,,,,,,,,,,,,,,0.375
middle temporal gyrus ba 20,2,2,4,2.09,3,Middle temporal gyrus (BA 20),RU,81,82,A21c,MTG_L(R)_4_1,0.375,1,83,84,A21r,MTG_L(R)_4_2,0.375,1,,,,,,,,,,,,,,,,,,,0.75
frontal inf oper 44,2,2,13,1.84,3,Frontal_Inf_Oper (44),U,17,18,IFJ,MFG_L(R)_7_2,0.1765,1,63,64,A6cvl,PrG_L(R)_6_6,0.1765,1,,,,,,,,,,,,,,,,,,,0.353
frontal ba 10,2,2,7,2.03,3,L. frontal BA10,LR,15,16,A9/46d,MFG_L(R)_7_1,0.2727,1,19,20,A46,MFG_L(R)_7_3,0.2727,1,,,,,,,,,,,,,,,,,,,0.5454
fmc,2,1,6,1.41,2,FMC,U,41,42,A14m,OrG_L(R)_6_1,0.5,2,,,,,,,,,,,,,,,,,,,,,,,,,0.5
fpc middle frontal gyrus,2,2,7,2.03,3,FPC-middle frontal gyrus,U,19,20,A46,MFG_L(R)_7_3,0.2727,1,27,28,A10l,MFG_L(R)_7_7,0.2727,1,,,,,,,,,,,,,,,,,,,0.5454
posterior superior parietal,2,2,9,1.97,3,R posterior superior parietal,LR,147,148,A7m,PCun_L(R)_4_1,0.2308,1,127,128,A7c,SPL_L(R)_5_2,0.2308,1,,,,,,,,,,,,,,,,,,,0.4616
posterior superior parietal lobule,2,2,5,2.08,3,Right posterior superior parietal lobule,LR,125,126,A7r,SPL_L(R)_5_1,0.3333,1,127,128,A7c,SPL_L(R)_5_2,0.3333,1,,,,,,,,,,,,,,,,,,,0.6666
posterior superior and middle frontal gyrus ba 8 9,2,2,14,1.82,3,Left posterior superior and middle frontal gyrus (BA8/9),L,25,26,A6vl,MFG_L(R)_7_6,0.1667,1,3,4,A8dl,SFG_L(R)_7_2,0.1667,1,,,,,,,,,,,,,,,,,,,0.3334
posterior superior frontal gyrus,2,2,13,1.84,3,Posterior superior frontal gyrus,LU,7,8,A6dl,SFG_L(R)_7_4,0.1765,1,55,56,A6cdl,PrG_L(R)_6_2,0.1765,1,,,,,,,,,,,,,,,,,,,0.353
midinsula,2,2,12,1.87,3,Midinsula (extending into superior temporal sulcus),LU,171,172,dIg,INS_L(R)_6_5,0.1875,1,79,80,A22r,STG_L(R)_6_6,0.1875,1,,,,,,,,,,,,,,,,,,,0.375
middorsal insula,2,2,10,1.94,3,*middorsal insula,U,171,172,dIg,INS_L(R)_6_5,0.2143,1,157,158,A1/2/3tonIa,PoG_L(R)_4_2,0.2143,1,,,,,,,,,,,,,,,,,,,0.4286
middle temporal gyrusr superior temporal gyrus,2,2,6,2.06,3,R Middle temporal gyrusR Superior temporal gyrus,R,87,88,aSTS,MTG_L(R)_4_4,0.3,1,121,122,rpSTS,pSTS_L(R)_2_1,0.3,1,,,,,,,,,,,,,,,,,,,0.6
middle temporal gyrus ba 22,2,2,8,2.0,3,LH middle temporal gyrus (BA 22),LR,75,76,A22c,STG_L(R)_6_4,0.25,1,121,122,rpSTS,pSTS_L(R)_2_1,0.25,1,,,,,,,,,,,,,,,,,,,0.5
inferior occipital lobea,2,2,6,2.06,3,Right inferior occipital lobea,R,199,200,mOccG,LOcC_L(R)_4_1,0.3,1,201,202,V5/MT+,LOcC_L(R)_4_2,0.3,1,,,,,,,,,,,,,,,,,,,0.6
inferior occipital gyrus 17,2,2,11,1.9,3,L. Inferior Occipital Gyrus (17),LU,205,206,iOccG,LOcC_L(R)_4_4,0.2,1,189,190,cLinG,MVOcC_L(R)_5_1,0.2,1,,,,,,,,,,,,,,,,,,,0.4
inferior occipital gyrus 18,2,2,6,2.06,3,Inferior occipital gyrus (18),U,199,200,mOccG,LOcC_L(R)_4_1,0.3,1,205,206,iOccG,LOcC_L(R)_4_4,0.3,1,,,,,,,,,,,,,,,,,,,0.6
frontal inf p t,2,2,13,1.84,3,L frontal inf. p.t.,LR,39,40,A44v,IFG_L(R)_6_6,0.1765,1,21,22,A9/46v,MFG_L(R)_7_4,0.1765,1,,,,,,,,,,,,,,,,,,,0.353
frontal inf p o,2,2,12,1.87,3,L frontal inf. p.o.,LR,29,30,A44d,IFG_L(R)_6_1,0.1875,1,63,64,A6cvl,PrG_L(R)_6_6,0.1875,1,,,,,,,,,,,,,,,,,,,0.375
inferior parietal cortex ba 40,2,2,6,2.06,3,Inferior parietal cortex (BA 40),U,139,140,A40rd,IPL_L(R)_6_3,0.3,1,145,146,A40rv,IPL_L(R)_6_6,0.3,1,,,,,,,,,,,,,,,,,,,0.6
inferior orbitofrontal gyrus ba 47,2,2,12,1.87,3,Inferior orbitofrontal gyrus (BA 47),U,37,38,A44op,IFG_L(R)_6_5,0.1875,1,51,52,A12/47l,OrG_L(R)_6_6,0.1875,1,,,,,,,,,,,,,,,,,,,0.375
middle orbital gyrus ba 10,2,2,12,1.87,3,RH middle orbital gyrus (BA 10),R,227,228,dCa,BG_L(R)_6_5,0.1875,1,41,42,A14m,OrG_L(R)_6_1,0.1875,1,,,,,,,,,,,,,,,,,,,0.375
middle occipital gyrus ba 37,2,2,13,1.84,3,Middle occipital gyrus (BA37),RU,97,98,A37vl,ITG_L(R)_7_5,0.1765,1,201,202,V5/MT+,LOcC_L(R)_4_2,0.1765,1,,,,,,,,,,,,,,,,,,,0.353
middle occipital ba 18 19,2,2,6,2.06,3,Left middle occipital (BA 18/19),LR,203,204,OPC,LOcC_L(R)_4_3,0.3,1,205,206,iOccG,LOcC_L(R)_4_4,0.3,1,,,,,,,,,,,,,,,,,,,0.6
inferior segment of the circular sulcus of the insula,2,2,12,1.87,3,Inferior segment of the circular sulcus of the insula,U,163,164,G,INS_L(R)_6_1,0.1875,1,73,74,TE1.0 and TE1.2,STG_L(R)_6_3,0.1875,1,,,,,,,,,,,,,,,,,,,0.375
inferior temporal ba 20,2,2,10,1.94,3,Left inferior temporal (BA 20),LR,107,108,A37lv,FuG_L(R)_3_3,0.2143,1,101,102,A20cv,ITG_L(R)_7_7,0.2143,1,,,,,,,,,,,,,,,,,,,0.4286
sup temp gyp,2,2,10,1.94,3,Sup Temp GyP,U,87,88,aSTS,MTG_L(R)_4_4,0.2143,1,77,78,A38l,STG_L(R)_6_5,0.2143,1,,,,,,,,,,,,,,,,,,,0.4286
sup parietal gyrus,2,2,5,2.08,3,Sup. parietal gyrus,U,129,130,A5l,SPL_L(R)_5_3,0.3333,1,133,134,A7ip,SPL_L(R)_5_5,0.3333,1,,,,,,,,,,,,,,,,,,,0.6666
sup motor area,2,2,9,1.97,3,Sup. Motor Area,U,67,68,A4ll,PCL_L(R)_2_2,0.2308,1,1,2,A8m,SFG_L(R)_7_1,0.2308,1,,,,,,,,,,,,,,,,,,,0.4616
sup occipital,2,1,6,1.41,2,R sup occipital,R,203,204,OPC,LOcC_L(R)_4_3,0.5,2,,,,,,,,,,,,,,,,,,,,,,,,,0.5
sup frontal orb,2,2,13,1.84,3,L Sup Frontal Orb,LR,45,46,A11l,OrG_L(R)_6_3,0.1765,1,27,28,A10l,MFG_L(R)_7_7,0.1765,1,,,,,,,,,,,,,,,,,,,0.353
sup ft,2,2,14,1.82,3,R Sup Ft,R,187,188,A32sg,CG_L(R)_7_7,0.1667,1,13,14,A10m,SFG_L(R)_7_7,0.1667,1,,,,,,,,,,,,,,,,,,,0.3334
sup loc,2,2,6,2.06,3,sup LOC,U,199,200,mOccG,LOcC_L(R)_4_1,0.3,1,201,202,V5/MT+,LOcC_L(R)_4_2,0.3,1,,,,,,,,,,,,,,,,,,,0.6
sup fr gyh,2,2,14,1.82,3,Sup Fr GyH,U,19,20,A46,MFG_L(R)_7_3,0.1667,1,1,2,A8m,SFG_L(R)_7_1,0.1667,1,,,,,,,,,,,,,,,,,,,0.3334
postr parietal ctx,2,2,6,2.06,3,Postr. Parietal ctx.,U,137,138,A39rd,IPL_L(R)_6_2,0.3,1,141,142,A40c,IPL_L(R)_6_4,0.3,1,,,,,,,,,,,,,,,,,,,0.6
ppa,2,2,8,2.0,3,PPA,U,103,104,A20rv,FuG_L(R)_3_1,0.25,1,195,196,rLinG,MVOcC_L(R)_5_4,0.25,1,,,,,,,,,,,,,,,,,,,0.5
ppc center,2,2,4,2.09,3,PPC center,U,149,150,A5m,PCun_L(R)_4_2,0.375,1,151,152,dmPOS,PCun_L(R)_4_3,0.375,1,,,,,,,,,,,,,,,,,,,0.75
ppc sphere,2,2,11,1.9,3,PPC_L_sphere,LR,137,138,A39rd,IPL_L(R)_6_2,0.2,1,133,134,A7ip,SPL_L(R)_5_5,0.2,1,,,,,,,,,,,,,,,,,,,0.4
ppcdamh,2,2,11,1.9,3,PPCdamH,U,127,128,A7c,SPL_L(R)_5_2,0.2,1,209,210,lsOccG,LOcC_L(R)_2_2,0.2,1,,,,,,,,,,,,,,,,,,,0.4
calcarine g,2,2,9,1.97,3,Calcarine g.,LU,191,192,rCunG,MVOcC_L(R)_5_2,0.2308,1,151,152,dmPOS,PCun_L(R)_4_3,0.2308,1,,,,,,,,,,,,,,,,,,,0.4616
calarine gyrus,2,1,5,1.39,2,Calarine Gyrus,U,193,194,cCunG,MVOcC_L(R)_5_3,0.5556,2,,,,,,,,,,,,,,,,,,,,,,,,,0.5556
superior and medial frontal gyrus,2,2,14,1.82,3,R superior and medial frontal gyri,R,19,20,A46,MFG_L(R)_7_3,0.1667,1,13,14,A10m,SFG_L(R)_7_7,0.1667,1,,,,,,,,,,,,,,,,,,,0.3334
supra marginal,2,2,6,2.06,3,Supra Marginal,LU,141,142,A40c,IPL_L(R)_6_4,0.3,1,145,146,A40rv,IPL_L(R)_6_6,0.3,1,,,,,,,,,,,,,,,,,,,0.6
supplementary motor area ba 8,2,2,14,1.82,3,Right Supplementary motor area (BA 8),LR,227,228,dCa,BG_L(R)_6_5,0.1667,1,237,238,rTtha,Tha_L(R)_8_4,0.1667,1,,,,,,,,,,,,,,,,,,,0.3334
supr frontal gyr,2,2,14,1.82,3,Supr. Frontal gyr.,U,19,20,A46,MFG_L(R)_7_3,0.1667,1,5,6,A9l,SFG_L(R)_7_3,0.1667,1,,,,,,,,,,,,,,,,,,,0.3334
supplementary motor area 6,2,2,13,1.84,3,Lt supplementary motor area (6),LU,227,228,dCa,BG_L(R)_6_5,0.1765,1,3,4,A8dl,SFG_L(R)_7_2,0.1765,1,,,,,,,,,,,,,,,,,,,0.353
middle orbitofrontal,2,2,6,2.06,3,Middle Orbitofrontal,U,41,42,A14m,OrG_L(R)_6_1,0.3,1,47,48,A11m,OrG_L(R)_6_4,0.3,1,,,,,,,,,,,,,,,,,,,0.6
inferior parietal gyrus ba 40,2,2,11,1.9,3,Inferior parietal gyrus (BA 40),U,139,140,A40rd,IPL_L(R)_6_3,0.2,1,129,130,A5l,SPL_L(R)_5_3,0.2,1,,,,,,,,,,,,,,,,,,,0.4
ppcundamh,2,2,9,1.97,3,PPCundamH,U,127,128,A7c,SPL_L(R)_5_2,0.2308,1,151,152,dmPOS,PCun_L(R)_4_3,0.2308,1,,,,,,,,,,,,,,,,,,,0.4616
prcs,2,1,6,1.41,2,PrCS,RU,55,56,A6cdl,PrG_L(R)_6_2,0.5,2,,,,,,,,,,,,,,,,,,,,,,,,,0.5
pre motor cortex,2,2,6,2.06,3,R Pre-motor cortex,LR,55,56,A6cdl,PrG_L(R)_6_2,0.3,1,57,58,A4ul,PrG_L(R)_6_3,0.3,1,,,,,,,,,,,,,,,,,,,0.6
pre postcentral,2,2,10,1.94,3,Pre-postcentral (L),L,161,162,A1/2/3tru,PoG_L(R)_4_4,0.2143,1,53,54,A4hf,PrG_L(R)_6_1,0.2143,1,,,,,,,,,,,,,,,,,,,0.4286
pre central gyrus ba 6,2,1,6,1.41,2,Pre-central gyrus (BA 6),LU,53,54,A4hf,PrG_L(R)_6_1,0.5,2,,,,,,,,,,,,,,,,,,,,,,,,,0.5
inferior parietal lobule ba 39,2,1,6,1.41,2,Inferior parietal lobule (BA 39),LU,143,144,A39rv,IPL_L(R)_6_5,0.5,2,,,,,,,,,,,,,,,,,,,,,,,,,0.5
middle hippocampus,2,2,14,1.82,3,Left middle hippocampus,LR,239,240,PPtha,Tha_L(R)_8_5,0.1667,1,229,230,dlPu,BG_L(R)_6_6,0.1667,1,,,,,,,,,,,,,,,,,,,0.3334
middle intraparietal sulcus,2,2,5,2.08,3,L middle intraparietal sulcus,LR,133,134,A7ip,SPL_L(R)_5_5,0.3333,1,127,128,A7c,SPL_L(R)_5_2,0.3333,1,,,,,,,,,,,,,,,,,,,0.6666
middle longitudinal fasciculus wm,2,2,6,2.06,3,Middle longitudinal fasciculus WM,U,73,74,TE1.0 and TE1.2,STG_L(R)_6_3,0.3,1,77,78,A38l,STG_L(R)_6_5,0.3,1,,,,,,,,,,,,,,,,,,,0.6
middle frontal lobe,2,2,14,1.82,3,middle frontal lobe,LU,19,20,A46,MFG_L(R)_7_3,0.1667,1,3,4,A8dl,SFG_L(R)_7_2,0.1667,1,,,,,,,,,,,,,,,,,,,0.3334
ffa ba 37,2,2,10,1.94,3,L FFA (BA37),LR,201,202,V5/MT+,LOcC_L(R)_4_2,0.2143,1,85,86,A37dl,MTG_L(R)_4_3,0.2143,1,,,,,,,,,,,,,,,,,,,0.4286
fef sphere,2,2,13,1.84,3,FEF_L_sphere,LR,25,26,A6vl,MFG_L(R)_7_6,0.1765,1,55,56,A6cdl,PrG_L(R)_6_2,0.1765,1,,,,,,,,,,,,,,,,,,,0.353
fefa,2,2,13,1.84,3,Left FEFa,LR,55,56,A6cdl,PrG_L(R)_6_2,0.1765,1,7,8,A6dl,SFG_L(R)_7_4,0.1765,1,,,,,,,,,,,,,,,,,,,0.353
external capsule,2,2,14,1.82,3,External capsule right,LR,169,170,vId/vIg,INS_L(R)_6_4,0.1667,1,235,236,Stha,Tha_L(R)_8_3,0.1667,1,,,,,,,,,,,,,,,,,,,0.3334
extra striate cortex,2,2,8,2.0,3,L. Extra-Striate Cortex,LR,105,106,A37mv,FuG_L(R)_3_2,0.25,1,195,196,rLinG,MVOcC_L(R)_5_4,0.25,1,,,,,,,,,,,,,,,,,,,0.5
extrastriate vis cortex ba 18,2,2,6,2.06,3,Extrastriate vis cortex (BA18),U,199,200,mOccG,LOcC_L(R)_4_1,0.3,1,205,206,iOccG,LOcC_L(R)_4_4,0.3,1,,,,,,,,,,,,,,,,,,,0.6
pre cun,2,2,6,2.06,3,Pre-Cun,U,153,154,A31,PCun_L(R)_4_4,0.3,1,217,218,cHipp,Hipp_L(R)_2_2,0.3,1,,,,,,,,,,,,,,,,,,,0.6
pre motor,2,2,6,2.06,3,Left pre motor,LU,55,56,A6cdl,PrG_L(R)_6_2,0.3,1,63,64,A6cvl,PrG_L(R)_6_6,0.3,1,,,,,,,,,,,,,,,,,,,0.6
precentral gryus,2,2,10,1.94,3,Precentral Gryus,U,159,160,A2,PoG_L(R)_4_3,0.2143,1,53,54,A4hf,PrG_L(R)_6_1,0.2143,1,,,,,,,,,,,,,,,,,,,0.4286
precentral and inferior frontal gyrus,2,2,13,1.84,3,Precentral and inferior frontal gyrus,U,17,18,IFJ,MFG_L(R)_7_2,0.1765,1,63,64,A6cvl,PrG_L(R)_6_6,0.1765,1,,,,,,,,,,,,,,,,,,,0.353
precentral and postcentral gyrus,2,2,12,1.87,3,L Precentral and postcentral gyri,LR,53,54,A4hf,PrG_L(R)_6_1,0.1875,1,73,74,TE1.0 and TE1.2,STG_L(R)_6_3,0.1875,1,,,,,,,,,,,,,,,,,,,0.375
prec,2,2,11,1.9,3,Left Prec,LU,153,154,A31,PCun_L(R)_4_4,0.2,1,175,176,A23d,CG_L(R)_7_1,0.2,1,,,,,,,,,,,,,,,,,,,0.4
precent,2,2,6,2.06,3,L precent,LR,53,54,A4hf,PrG_L(R)_6_1,0.3,1,57,58,A4ul,PrG_L(R)_6_3,0.3,1,,,,,,,,,,,,,,,,,,,0.6
precentr gy,2,2,10,1.94,3,Precentr. Gy.,U,155,156,A1/2/3ulhf,PoG_L(R)_4_1,0.2143,1,57,58,A4ul,PrG_L(R)_6_3,0.2143,1,,,,,,,,,,,,,,,,,,,0.4286
pre sma ba 6,2,2,7,2.03,3,LH pre−SMA (BA 6),LU,1,2,A8m,SFG_L(R)_7_1,0.2727,1,7,8,A6dl,SFG_L(R)_7_4,0.2727,1,,,,,,,,,,,,,,,,,,,0.5454
pre supplemental motor area,2,2,7,2.03,3,Pre-supplemental motor area,U,1,2,A8m,SFG_L(R)_7_1,0.2727,1,9,10,A6m,SFG_L(R)_7_5,0.2727,1,,,,,,,,,,,,,,,,,,,0.5454
inferior part of the precentral sulcus,2,2,12,1.87,3,Inferior part of the precentral sulcus,U,29,30,A44d,IFG_L(R)_6_1,0.1875,1,63,64,A6cvl,PrG_L(R)_6_6,0.1875,1,,,,,,,,,,,,,,,,,,,0.375
inferior pre frontal,2,2,12,1.87,3,Left inferior pre-frontal,LR,29,30,A44d,IFG_L(R)_6_1,0.1875,1,53,54,A4hf,PrG_L(R)_6_1,0.1875,1,,,,,,,,,,,,,,,,,,,0.375
inferior parietal lobule ba 7,2,1,5,1.39,2,Left Inferior parietal lobule (BA 7)*,LR,129,130,A5l,SPL_L(R)_5_3,0.5556,2,,,,,,,,,,,,,,,,,,,,,,,,,0.5556
inferior parietal lobule1,2,1,5,1.39,2,Inferior parietal lobule1,LU,133,134,A7ip,SPL_L(R)_5_5,0.5556,2,,,,,,,,,,,,,,,,,,,,,,,,,0.5556
inferior parietal lobulea,2,1,6,1.41,2,L inferior parietal lobulea,LR,139,140,A40rd,IPL_L(R)_6_3,0.5,2,,,,,,,,,,,,,,,,,,,,,,,,,0.5
inferior parietal supramarginal gyrus,2,2,12,1.87,3,Inferior parietal - supramarginal gyrus,U,145,146,A40rv,IPL_L(R)_6_6,0.1875,1,75,76,A22c,STG_L(R)_6_4,0.1875,1,,,,,,,,,,,,,,,,,,,0.375
inferior parietal lobule 7,2,2,11,1.9,3,Inferior parietal lobule (7),RU,129,130,A5l,SPL_L(R)_5_3,0.2,1,137,138,A39rd,IPL_L(R)_6_2,0.2,1,,,,,,,,,,,,,,,,,,,0.4
precentral g ba 6,2,2,6,2.06,3,Precentral G. (BA 6),RU,55,56,A6cdl,PrG_L(R)_6_2,0.3,1,63,64,A6cvl,PrG_L(R)_6_6,0.3,1,,,,,,,,,,,,,,,,,,,0.6
dorsal precentral gyrus,2,2,10,1.94,3,Dorsal precentral gyrus,LRU,55,56,A6cdl,PrG_L(R)_6_2,0.2143,1,155,156,A1/2/3ulhf,PoG_L(R)_4_1,0.2143,1,,,,,,,,,,,,,,,,,,,0.4286
dorsal prefrontal cortex,2,2,7,2.03,3,Dorsal prefrontal cortex,U,3,4,A8dl,SFG_L(R)_7_2,0.2727,1,5,6,A9l,SFG_L(R)_7_3,0.2727,1,,,,,,,,,,,,,,,,,,,0.5454
precentral sulcus ba 4 6,2,2,13,1.84,3,Bilateral precentral sulcus (BA 4/6),BR,55,56,A6cdl,PrG_L(R)_6_2,0.1765,1,9,10,A6m,SFG_L(R)_7_5,0.1765,1,,,,,,,,,,,,,,,,,,,0.353
precentral gyrus 44,2,2,12,1.87,3,Left precentral gyrus (44),LR,39,40,A44v,IFG_L(R)_6_6,0.1875,1,61,62,A4tl,PrG_L(R)_6_5,0.1875,1,,,,,,,,,,,,,,,,,,,0.375
precentral gyrus 9,2,2,13,1.84,3,Precentral gyrus (9)**,LU,167,168,dIa,INS_L(R)_6_3,0.1765,1,17,18,IFJ,MFG_L(R)_7_2,0.1765,1,,,,,,,,,,,,,,,,,,,0.353
esc,2,2,11,1.9,3,ESC,U,199,200,mOccG,LOcC_L(R)_4_1,0.2,1,189,190,cLinG,MVOcC_L(R)_5_1,0.2,1,,,,,,,,,,,,,,,,,,,0.4
dpcc ba 23,2,2,12,1.87,3,dPCC (BA23),U,197,198,vmPOS,MVOcC_L(R)_5_5,0.1875,1,181,182,A23v,CG_L(R)_7_4,0.1875,1,,,,,,,,,,,,,,,,,,,0.375
middle frontal gyrus ba 8 9,2,2,7,2.03,3,Middle frontal gyrus (BA 8/9),U,15,16,A9/46d,MFG_L(R)_7_1,0.2727,1,23,24,A8vl,MFG_L(R)_7_5,0.2727,1,,,,,,,,,,,,,,,,,,,0.5454
precg 6,2,2,6,2.06,3,PreCG (6),U,57,58,A4ul,PrG_L(R)_6_3,0.3,1,61,62,A4tl,PrG_L(R)_6_5,0.3,1,,,,,,,,,,,,,,,,,,,0.6
precun,2,2,9,1.97,3,PreCun,U,151,152,dmPOS,PCun_L(R)_4_3,0.2308,1,133,134,A7ip,SPL_L(R)_5_5,0.2308,1,,,,,,,,,,,,,,,,,,,0.4616
dorsolateral pfc ba 9,2,2,7,2.03,3,Left dorsolateral PFC (BA 9),L,15,16,A9/46d,MFG_L(R)_7_1,0.2727,1,23,24,A8vl,MFG_L(R)_7_5,0.2727,1,,,,,,,,,,,,,,,,,,,0.5454
dorso lateral prefrontal cortex,2,2,7,2.03,3,Dorso lateral Prefrontal Cortex (DLPFC),LU,17,18,IFJ,MFG_L(R)_7_2,0.2727,1,19,20,A46,MFG_L(R)_7_3,0.2727,1,,,,,,,,,,,,,,,,,,,0.5454
dorsolateral pfc ba 46,2,2,7,2.03,3,Left dorsolateral PFC (BA 46),L,17,18,IFJ,MFG_L(R)_7_2,0.2727,1,21,22,A9/46v,MFG_L(R)_7_4,0.2727,1,,,,,,,,,,,,,,,,,,,0.5454
dorsal stream,2,2,6,2.06,3,Left Dorsal stream,L,29,30,A44d,IFG_L(R)_6_1,0.3,1,37,38,A44op,IFG_L(R)_6_5,0.3,1,,,,,,,,,,,,,,,,,,,0.6
dorsal thalamus,2,2,14,1.82,3,Dorsal thalamus,U,227,228,dCa,BG_L(R)_6_5,0.1667,1,243,244,cTtha,Tha_L(R)_8_7,0.1667,1,,,,,,,,,,,,,,,,,,,0.3334
dorsal portion of the anterior cingulate cortex,2,2,14,1.82,3,Dorsal portion of the anterior cingulate cortex,RU,179,180,A32p,CG_L(R)_7_3,0.1667,1,11,12,A9m,SFG_L(R)_7_6,0.1667,1,,,,,,,,,,,,,,,,,,,0.3334
anterior inferior insula ba 13 14,2,2,12,1.87,3,Anterior inferior Insula (BA 13/14),U,229,230,dlPu,BG_L(R)_6_6,0.1875,1,167,168,dIa,INS_L(R)_6_3,0.1875,1,,,,,,,,,,,,,,,,,,,0.375
temporal lobe stg,2,2,12,1.87,3,Temporal lobe - STG,U,173,174,dId,INS_L(R)_6_6,0.1875,1,145,146,A40rv,IPL_L(R)_6_6,0.1875,1,,,,,,,,,,,,,,,,,,,0.375
temporal fusiform cortex,2,2,9,1.97,3,Temporal fusiform cortex (L),LRU,103,104,A20rv,FuG_L(R)_3_1,0.2308,1,75,76,A22c,STG_L(R)_6_4,0.2308,1,,,,,,,,,,,,,,,,,,,0.4616
temporal fusiform gyrus,2,1,3,1.27,2,Temporal Fusiform Gyrus,U,103,104,A20rv,FuG_L(R)_3_1,0.7143,2,,,,,,,,,,,,,,,,,,,,,,,,,0.7143
supramarginalis,2,2,10,1.94,3,Supramarginalis,U,145,146,A40rv,IPL_L(R)_6_6,0.2143,1,159,160,A2,PoG_L(R)_4_3,0.2143,1,,,,,,,,,,,,,,,,,,,0.4286
supran,2,2,13,1.84,3,SupraN,U,179,180,A32p,CG_L(R)_7_3,0.1765,1,73,74,TE1.0 and TE1.2,STG_L(R)_6_3,0.1765,1,,,,,,,,,,,,,,,,,,,0.353
supramarginal gyurs,2,2,8,2.0,3,Left SupraMarginal Gyurs,LU,145,146,A40rv,IPL_L(R)_6_6,0.25,1,123,124,cpSTS,pSTS_L(R)_2_2,0.25,1,,,,,,,,,,,,,,,,,,,0.5
straight gyrus,2,2,13,1.84,3,Straight gyrus (frontal lobe),U,187,188,A32sg,CG_L(R)_7_7,0.1765,1,45,46,A11l,OrG_L(R)_6_3,0.1765,1,,,,,,,,,,,,,,,,,,,0.353
middle frontopolar gyrus,2,1,7,1.43,2,R middle frontopolar gyrus,R,19,20,A46,MFG_L(R)_7_3,0.4545,2,,,,,,,,,,,,,,,,,,,,,,,,,0.4545
anterior median prefrontal cortex,2,2,13,1.84,3,R. Anterior median prefrontal cortex (amPFC),R,41,42,A14m,OrG_L(R)_6_1,0.1765,1,13,14,A10m,SFG_L(R)_7_7,0.1765,1,,,,,,,,,,,,,,,,,,,0.353
anterior midcingulate cortex,2,2,7,2.03,3,Anterior midcingulate cortex (left),LR,179,180,A32p,CG_L(R)_7_3,0.2727,1,183,184,A24cd,CG_L(R)_7_5,0.2727,1,,,,,,,,,,,,,,,,,,,0.5454
anterior lateral stg,2,2,6,2.06,3,R Anterior lateral STG,LR,73,74,TE1.0 and TE1.2,STG_L(R)_6_3,0.3,1,79,80,A22r,STG_L(R)_6_6,0.3,1,,,,,,,,,,,,,,,,,,,0.6
anterior limb of the internal capsule,2,2,8,2.0,3,Anterior limb of the internal capsule,RU,227,228,dCa,BG_L(R)_6_5,0.25,1,215,216,rHipp,Hipp_L(R)_2_1,0.25,1,,,,,,,,,,,,,,,,,,,0.5
anterior insula ba 48,2,2,12,1.87,3,Anterior insula (BA48),U,163,164,G,INS_L(R)_6_1,0.1875,1,51,52,A12/47l,OrG_L(R)_6_6,0.1875,1,,,,,,,,,,,,,,,,,,,0.375
anterior insula short insular gyrus,2,2,6,2.06,3,Anterior insula - short insular gyri,U,167,168,dIa,INS_L(R)_6_3,0.3,1,173,174,dId,INS_L(R)_6_6,0.3,1,,,,,,,,,,,,,,,,,,,0.6
anterior inferior insula,2,2,6,2.06,3,Anterior inferior insula,U,167,168,dIa,INS_L(R)_6_3,0.3,1,173,174,dId,INS_L(R)_6_6,0.3,1,,,,,,,,,,,,,,,,,,,0.6
subgenual anterior cingulate cortex,2,2,13,1.84,3,subgenual anterior cingulate cortex,U,41,42,A14m,OrG_L(R)_6_1,0.1765,1,187,188,A32sg,CG_L(R)_7_7,0.1765,1,,,,,,,,,,,,,,,,,,,0.353
subgenual anterior cingulate cortex ba 25,2,2,13,1.84,3,Subgenual anterior cingulate cortex (BA 25),U,177,178,A24rv,CG_L(R)_7_2,0.1765,1,49,50,A13,OrG_L(R)_6_5,0.1765,1,,,,,,,,,,,,,,,,,,,0.353
subcentral gyrus and sulcus,2,1,4,1.34,2,Subcentral gyrus (central operculum) and sulci,U,157,158,A1/2/3tonIa,PoG_L(R)_4_2,0.625,2,,,,,,,,,,,,,,,,,,,,,,,,,0.625
middle cingulate g,2,2,7,2.03,3,B middle cingulate g,BU,183,184,A24cd,CG_L(R)_7_5,0.2727,1,185,186,A23c,CG_L(R)_7_6,0.2727,1,,,,,,,,,,,,,,,,,,,0.5454
middle cingulate gyrus 24,2,2,14,1.82,3,Middle Cingulate Gyrus(24),U,219,220,vCa,BG_L(R)_6_1,0.1667,1,243,244,cTtha,Tha_L(R)_8_7,0.1667,1,,,,,,,,,,,,,,,,,,,0.3334
middle cingulate cortex 32 24,2,2,14,1.82,3,Left middle cingulate cortex (32/24),LR,183,184,A24cd,CG_L(R)_7_5,0.1667,1,1,2,A8m,SFG_L(R)_7_1,0.1667,1,,,,,,,,,,,,,,,,,,,0.3334
thalamic,2,2,8,2.0,3,R thalamic,R,233,234,mPMtha,Tha_L(R)_8_2,0.25,1,245,246,lPFtha,Tha_L(R)_8_8,0.25,1,,,,,,,,,,,,,,,,,,,0.5
temporopolar,2,2,12,1.87,3,Left temporopolar,LR,169,170,vId/vIg,INS_L(R)_6_4,0.1875,1,77,78,A38l,STG_L(R)_6_5,0.1875,1,,,,,,,,,,,,,,,,,,,0.375
precuneusa,2,2,4,2.09,3,Right precuneusa,BR,149,150,A5m,PCun_L(R)_4_2,0.375,1,151,152,dmPOS,PCun_L(R)_4_3,0.375,1,,,,,,,,,,,,,,,,,,,0.75
subparietal sulcus,2,2,4,2.09,3,Subparietal sulcus,U,147,148,A7m,PCun_L(R)_4_1,0.375,1,153,154,A31,PCun_L(R)_4_4,0.375,1,,,,,,,,,,,,,,,,,,,0.75
sulcus,2,2,12,1.87,3,sulcus,U,145,146,A40rv,IPL_L(R)_6_6,0.1875,1,63,64,A6cvl,PrG_L(R)_6_6,0.1875,1,,,,,,,,,,,,,,,,,,,0.375
central gyrus,2,2,6,2.06,3,Left central gyrus,LR,171,172,dIg,INS_L(R)_6_5,0.3,1,163,164,G,INS_L(R)_6_1,0.3,1,,,,,,,,,,,,,,,,,,,0.6
ceneus,2,2,12,1.87,3,Left ceneus,LR,135,136,A39c,IPL_L(R)_6_1,0.1875,1,199,200,mOccG,LOcC_L(R)_4_1,0.1875,1,,,,,,,,,,,,,,,,,,,0.375
subgenual cingulate cortex,2,2,7,2.03,3,Subgenual cingulate cortex,U,177,178,A24rv,CG_L(R)_7_2,0.2727,1,187,188,A32sg,CG_L(R)_7_7,0.2727,1,,,,,,,,,,,,,,,,,,,0.5454
subgenual acc,2,2,7,2.03,3,Subgenual ACC,U,177,178,A24rv,CG_L(R)_7_2,0.2727,1,187,188,A32sg,CG_L(R)_7_7,0.2727,1,,,,,,,,,,,,,,,,,,,0.5454
subgenual acca,2,2,13,1.84,3,Left subgenual ACCa,LR,187,188,A32sg,CG_L(R)_7_7,0.1765,1,41,42,A14m,OrG_L(R)_6_1,0.1765,1,,,,,,,,,,,,,,,,,,,0.353
ins ba 13,2,2,12,1.87,3,L Ins (BA13),LR,37,38,A44op,IFG_L(R)_6_5,0.1875,1,173,174,dId,INS_L(R)_6_6,0.1875,1,,,,,,,,,,,,,,,,,,,0.375
insp,2,2,12,1.87,3,Left INSp,LR,163,164,G,INS_L(R)_6_1,0.1875,1,73,74,TE1.0 and TE1.2,STG_L(R)_6_3,0.1875,1,,,,,,,,,,,,,,,,,,,0.375
middle cingulum ba 32,2,2,7,2.03,3,Middle cingulum (BA 32),U,1,2,A8m,SFG_L(R)_7_1,0.2727,1,11,12,A9m,SFG_L(R)_7_6,0.2727,1,,,,,,,,,,,,,,,,,,,0.5454
middle cingulum cortex,2,2,7,2.03,3,L Middle cingulum cortex,LR,179,180,A32p,CG_L(R)_7_3,0.2727,1,183,184,A24cd,CG_L(R)_7_5,0.2727,1,,,,,,,,,,,,,,,,,,,0.5454
middle dorsal insula,2,2,10,1.94,3,Middle dorsal insula L/,LR,171,172,dIg,INS_L(R)_6_5,0.2143,1,157,158,A1/2/3tonIa,PoG_L(R)_4_2,0.2143,1,,,,,,,,,,,,,,,,,,,0.4286
middle cingulate cortex ba 23,2,2,7,2.03,3,Middle cingulate cortex (BA 23),RU,175,176,A23d,CG_L(R)_7_1,0.2727,1,185,186,A23c,CG_L(R)_7_6,0.2727,1,,,,,,,,,,,,,,,,,,,0.5454
dorsal medial frontal cortex,2,2,9,1.97,3,Dorsal medial frontal cortex,U,215,216,rHipp,Hipp_L(R)_2_1,0.2308,1,13,14,A10m,SFG_L(R)_7_7,0.2308,1,,,,,,,,,,,,,,,,,,,0.4616
dorsal anterior insula,2,1,6,1.41,2,Right dorsal anterior insula,LR,173,174,dId,INS_L(R)_6_6,0.5,2,,,,,,,,,,,,,,,,,,,,,,,,,0.5
infero lateral occipital cortex,2,2,6,2.06,3,Left infero-lateral occipital cortex,LR,199,200,mOccG,LOcC_L(R)_4_1,0.3,1,201,202,V5/MT+,LOcC_L(R)_4_2,0.3,1,,,,,,,,,,,,,,,,,,,0.6
inferior temporal pole ba 20 38,2,2,11,1.9,3,Left inferior temporal pole (BA20/38),L,93,94,A20r,ITG_L(R)_7_3,0.2,1,83,84,A21r,MTG_L(R)_4_2,0.2,1,,,,,,,,,,,,,,,,,,,0.4
inferior temporal gyrus 20,2,2,10,1.94,3,Inferior temporal gyrus (20),U,107,108,A37lv,FuG_L(R)_3_3,0.2143,1,95,96,A20il,ITG_L(R)_7_4,0.2143,1,,,,,,,,,,,,,,,,,,,0.4286
inferior temporal gyrus 37,2,2,13,1.84,3,L. Inferior Temporal Gyrus (37),L,97,98,A37vl,ITG_L(R)_7_5,0.1765,1,201,202,V5/MT+,LOcC_L(R)_4_2,0.1765,1,,,,,,,,,,,,,,,,,,,0.353
inferior temporal gyrus and lateral occipital cortex,2,2,9,1.97,3,Left inferior temporal gyrus and lateral occipital cortex,L,107,108,A37lv,FuG_L(R)_3_3,0.2308,1,201,202,V5/MT+,LOcC_L(R)_4_2,0.2308,1,,,,,,,,,,,,,,,,,,,0.4616
middle frontal g ba 10,2,2,7,2.03,3,Middle frontal G. (BA 10),U,21,22,A9/46v,MFG_L(R)_7_4,0.2727,1,19,20,A46,MFG_L(R)_7_3,0.2727,1,,,,,,,,,,,,,,,,,,,0.5454
insula posterior,2,2,12,1.87,3,Insula Posterior,U,229,230,dlPu,BG_L(R)_6_6,0.1875,1,163,164,G,INS_L(R)_6_1,0.1875,1,,,,,,,,,,,,,,,,,,,0.375
ins 13,2,2,12,1.87,3,Ins (13),U,167,168,dIa,INS_L(R)_6_3,0.1875,1,29,30,A44d,IFG_L(R)_6_1,0.1875,1,,,,,,,,,,,,,,,,,,,0.375
premotor cortex ba 6,2,2,6,2.06,3,Left premotor cortex (BA 6),LU,55,56,A6cdl,PrG_L(R)_6_2,0.3,1,63,64,A6cvl,PrG_L(R)_6_6,0.3,1,,,,,,,,,,,,,,,,,,,0.6
dorsal midbrain,2,2,14,1.82,3,Dorsal midbrain,U,227,228,dCa,BG_L(R)_6_5,0.1667,1,245,246,lPFtha,Tha_L(R)_8_8,0.1667,1,,,,,,,,,,,,,,,,,,,0.3334
dorsal lateral occipital cortex,2,2,6,2.06,3,Left dorsal lateral occipital cortex,LR,207,208,msOccG,LOcC_L(R)_2_1,0.3,1,209,210,lsOccG,LOcC_L(R)_2_2,0.3,1,,,,,,,,,,,,,,,,,,,0.6
intraprietal sulcus,2,2,11,1.9,3,L Intraprietal Sulcus,LR,209,210,lsOccG,LOcC_L(R)_2_2,0.2,1,133,134,A7ip,SPL_L(R)_5_5,0.2,1,,,,,,,,,,,,,,,,,,,0.4
ioc,2,2,6,2.06,3,IOC,U,205,206,iOccG,LOcC_L(R)_4_4,0.3,1,203,204,OPC,LOcC_L(R)_4_3,0.3,1,,,,,,,,,,,,,,,,,,,0.6
intraparietal lobule,2,2,6,2.06,3,Intraparietal lobule,U,141,142,A40c,IPL_L(R)_6_4,0.3,1,143,144,A39rv,IPL_L(R)_6_5,0.3,1,,,,,,,,,,,,,,,,,,,0.6
intraparietal sulcus and transverse parietal sulcus,2,2,11,1.9,3,intraparietal sulcus (IPS) and transverse parietal sulci,U,137,138,A39rd,IPL_L(R)_6_2,0.2,1,133,134,A7ip,SPL_L(R)_5_5,0.2,1,,,,,,,,,,,,,,,,,,,0.4
middle anterior part of the cingulate gyrus and sulcus,2,2,14,1.82,3,Middle-anterior part of the cingulate gyrus & sulcus,U,183,184,A24cd,CG_L(R)_7_5,0.1667,1,1,2,A8m,SFG_L(R)_7_1,0.1667,1,,,,,,,,,,,,,,,,,,,0.3334
dipsm,2,2,5,2.08,3,L DIPSM,LR,127,128,A7c,SPL_L(R)_5_2,0.3333,1,133,134,A7ip,SPL_L(R)_5_5,0.3333,1,,,,,,,,,,,,,,,,,,,0.6666
dlpfc ba 6,2,2,7,2.03,3,dlPFC (BA6),U,17,18,IFJ,MFG_L(R)_7_2,0.2727,1,25,26,A6vl,MFG_L(R)_7_6,0.2727,1,,,,,,,,,,,,,,,,,,,0.5454
prmfc,2,2,7,2.03,3,prMFC,U,1,2,A8m,SFG_L(R)_7_1,0.2727,1,11,12,A9m,SFG_L(R)_7_6,0.2727,1,,,,,,,,,,,,,,,,,,,0.5454
pstcg,2,2,9,1.97,3,PstCG,U,149,150,A5m,PCun_L(R)_4_2,0.2308,1,131,132,A7pc,SPL_L(R)_5_4,0.2308,1,,,,,,,,,,,,,,,,,,,0.4616
primary somato sensory cortex,2,2,10,1.94,3,Primary somato-sensory cortex,U,155,156,A1/2/3ulhf,PoG_L(R)_4_1,0.2143,1,57,58,A4ul,PrG_L(R)_6_3,0.2143,1,,,,,,,,,,,,,,,,,,,0.4286
primary somatosensory area,2,2,6,2.06,3,Primary somatosensory area,U,53,54,A4hf,PrG_L(R)_6_1,0.3,1,55,56,A6cdl,PrG_L(R)_6_2,0.3,1,,,,,,,,,,,,,,,,,,,0.6
primary and secondary somatosensory area,2,2,10,1.94,3,primary and secondary somatosensory area,U,145,146,A40rv,IPL_L(R)_6_6,0.2143,1,159,160,A2,PoG_L(R)_4_3,0.2143,1,,,,,,,,,,,,,,,,,,,0.4286
primary motor area,2,2,10,1.94,3,Primary Motor Area,U,155,156,A1/2/3ulhf,PoG_L(R)_4_1,0.2143,1,59,60,A4t,PrG_L(R)_6_4,0.2143,1,,,,,,,,,,,,,,,,,,,0.4286
intraparietal sulcusa,2,2,5,2.08,3,L intraparietal sulcusa,LR,133,134,A7ip,SPL_L(R)_5_5,0.3333,1,129,130,A5l,SPL_L(R)_5_3,0.3333,1,,,,,,,,,,,,,,,,,,,0.6666
cerebellar lobule,2,2,6,2.06,3,cerebellar lobule,U,199,200,mOccG,LOcC_L(R)_4_1,0.3,1,201,202,V5/MT+,LOcC_L(R)_4_2,0.3,1,,,,,,,,,,,,,,,,,,,0.6
cerebellar vermis,2,2,10,1.94,3,Cerebellar Vermis,RU,105,106,A37mv,FuG_L(R)_3_2,0.2143,1,181,182,A23v,CG_L(R)_7_4,0.2143,1,,,,,,,,,,,,,,,,,,,0.4286
putamenh,2,2,6,2.06,3,PutamenH,U,219,220,vCa,BG_L(R)_6_1,0.3,1,229,230,dlPu,BG_L(R)_6_6,0.3,1,,,,,,,,,,,,,,,,,,,0.6
dlpfcdamh,2,2,7,2.03,3,DLPFCdamh,U,15,16,A9/46d,MFG_L(R)_7_1,0.2727,1,21,22,A9/46v,MFG_L(R)_7_4,0.2727,1,,,,,,,,,,,,,,,,,,,0.5454
dmfc,2,1,7,1.43,2,DMFC,U,1,2,A8m,SFG_L(R)_7_1,0.4545,2,,,,,,,,,,,,,,,,,,,,,,,,,0.4545
dmpfc ba 8,2,1,7,1.43,2,dmPFC (BA 8) (medial frontal gyrus),U,11,12,A9m,SFG_L(R)_7_6,0.4545,2,,,,,,,,,,,,,,,,,,,,,,,,,0.4545
dlpfc sphere,2,2,7,2.03,3,dlPFC_L_sphere,LR,21,22,A9/46v,MFG_L(R)_7_4,0.2727,1,23,24,A8vl,MFG_L(R)_7_5,0.2727,1,,,,,,,,,,,,,,,,,,,0.5454
temporo occipital gyrus,2,2,6,2.06,3,L. temporo-occipital gyrus,L,163,164,G,INS_L(R)_6_1,0.3,1,171,172,dIg,INS_L(R)_6_5,0.3,1,,,,,,,,,,,,,,,,,,,0.6
anterior cingulate gyrus ba 9,2,2,13,1.84,3,Left Anterior cingulate gyrus (BA 9),LR,227,228,dCa,BG_L(R)_6_5,0.1765,1,179,180,A32p,CG_L(R)_7_3,0.1765,1,,,,,,,,,,,,,,,,,,,0.353
anterior cingulate gyrusa,2,2,13,1.84,3,Anterior cingulate gyrusa,U,187,188,A32sg,CG_L(R)_7_7,0.1765,1,41,42,A14m,OrG_L(R)_6_1,0.1765,1,,,,,,,,,,,,,,,,,,,0.353
temporal parietal occipital,2,2,6,2.06,3,L. Temporal-Parietal-Occipital,LR,135,136,A39c,IPL_L(R)_6_1,0.3,1,143,144,A39rv,IPL_L(R)_6_5,0.3,1,,,,,,,,,,,,,,,,,,,0.6
temporal middle lobe,2,2,4,2.09,3,Temporal Middle Lobe,U,83,84,A21r,MTG_L(R)_4_2,0.375,1,87,88,aSTS,MTG_L(R)_4_4,0.375,1,,,,,,,,,,,,,,,,,,,0.75
anterior medial frontal cortex,2,2,7,2.03,3,Anterior medial frontal cortex (R),R,5,6,A9l,SFG_L(R)_7_3,0.2727,1,11,12,A9m,SFG_L(R)_7_6,0.2727,1,,,,,,,,,,,,,,,,,,,0.5454
anterior medial prefrontal cortex,2,1,7,1.43,2,Anterior Medial Prefrontal Cortex,U,187,188,A32sg,CG_L(R)_7_7,0.4545,2,,,,,,,,,,,,,,,,,,,,,,,,,0.4545
ips anterior,2,2,11,1.9,3,IPS anterior,U,137,138,A39rd,IPL_L(R)_6_2,0.2,1,129,130,A5l,SPL_L(R)_5_3,0.2,1,,,,,,,,,,,,,,,,,,,0.4
stc,2,2,10,1.94,3,L STC,LR,87,88,aSTS,MTG_L(R)_4_4,0.2143,1,79,80,A22r,STG_L(R)_6_6,0.2143,1,,,,,,,,,,,,,,,,,,,0.4286
spc,2,2,11,1.9,3,Left SPC,LU,111,112,A35/36c,PhG_L(R)_6_2,0.2,1,133,134,A7ip,SPL_L(R)_5_5,0.2,1,,,,,,,,,,,,,,,,,,,0.4
spg,2,2,11,1.9,3,L.SPG,LU,131,132,A7pc,SPL_L(R)_5_4,0.2,1,137,138,A39rd,IPL_L(R)_6_2,0.2,1,,,,,,,,,,,,,,,,,,,0.4
cerebellum crus1,2,2,11,1.9,3,Cerebellum Crus1,U,201,202,V5/MT+,LOcC_L(R)_4_2,0.2,1,197,198,vmPOS,MVOcC_L(R)_5_5,0.2,1,,,,,,,,,,,,,,,,,,,0.4
cerebellum crus2,2,2,11,1.9,3,Cerebellum Crus2,U,199,200,mOccG,LOcC_L(R)_4_1,0.2,1,191,192,rCunG,MVOcC_L(R)_5_2,0.2,1,,,,,,,,,,,,,,,,,,,0.4
cerebellum 3,2,2,10,1.94,3,Cerebellum 3,U,217,218,cHipp,Hipp_L(R)_2_2,0.2143,1,241,242,Otha,Tha_L(R)_8_6,0.2143,1,,,,,,,,,,,,,,,,,,,0.4286
cerebellum 9,2,2,9,1.97,3,Cerebellum 9,U,181,182,A23v,CG_L(R)_7_4,0.2308,1,217,218,cHipp,Hipp_L(R)_2_2,0.2308,1,,,,,,,,,,,,,,,,,,,0.4616
cerebellar hemisphere,2,2,13,1.84,3,Cerebellar hemisphere,U,197,198,vmPOS,MVOcC_L(R)_5_5,0.1765,1,241,242,Otha,Tha_L(R)_8_6,0.1765,1,,,,,,,,,,,,,,,,,,,0.353
lag,2,1,6,1.41,2,lAg,U,143,144,A39rv,IPL_L(R)_6_5,0.5,2,,,,,,,,,,,,,,,,,,,,,,,,,0.5
lateral 2nd hg,2,2,6,2.06,3,Lateral 2nd HG,U,71,72,A41/42,STG_L(R)_6_2,0.3,1,75,76,A22c,STG_L(R)_6_4,0.3,1,,,,,,,,,,,,,,,,,,,0.6
isthmus cingulate,2,2,12,1.87,3,Isthmus cingulate,U,175,176,A23d,CG_L(R)_7_1,0.1875,1,197,198,vmPOS,MVOcC_L(R)_5_5,0.1875,1,,,,,,,,,,,,,,,,,,,0.375
restrosplenial cortex,2,2,13,1.84,3,Restrosplenial cortex,U,181,182,A23v,CG_L(R)_7_4,0.1765,1,119,120,TH,PhG_L(R)_6_6,0.1765,1,,,,,,,,,,,,,,,,,,,0.353
retrolenticular limb,2,1,8,1.44,2,Left retrolenticular limb,L,233,234,mPMtha,Tha_L(R)_8_2,0.4167,2,,,,,,,,,,,,,,,,,,,,,,,,,0.4167
rectus and,2,2,6,2.06,3,Rectus_R&L,B,47,48,A11m,OrG_L(R)_6_4,0.3,1,49,50,A13,OrG_L(R)_6_5,0.3,1,,,,,,,,,,,,,,,,,,,0.6
putaman,2,1,6,1.41,2,Putaman,U,221,222,GP,BG_L(R)_6_2,0.5,2,,,,,,,,,,,,,,,,,,,,,,,,,0.5
sts region,2,2,8,2.0,3,Right STS region,R,143,144,A39rv,IPL_L(R)_6_5,0.25,1,123,124,cpSTS,pSTS_L(R)_2_2,0.25,1,,,,,,,,,,,,,,,,,,,0.5
mid temp gyr,2,2,12,1.87,3,L Mid. Temp. Gyr.,LR,143,144,A39rv,IPL_L(R)_6_5,0.1875,1,201,202,V5/MT+,LOcC_L(R)_4_2,0.1875,1,,,,,,,,,,,,,,,,,,,0.375
mid psts,2,2,8,2.0,3,Mid-pSTS,U,79,80,A22r,STG_L(R)_6_6,0.25,1,121,122,rpSTS,pSTS_L(R)_2_1,0.25,1,,,,,,,,,,,,,,,,,,,0.5
mid occip gyrus,2,2,6,2.06,3,Mid. Occip. Gyrus,U,203,204,OPC,LOcC_L(R)_4_3,0.3,1,205,206,iOccG,LOcC_L(R)_4_4,0.3,1,,,,,,,,,,,,,,,,,,,0.6
mid fusiform gyrus,2,1,3,1.27,2,Left mid-fusiform gyrus,LU,107,108,A37lv,FuG_L(R)_3_3,0.7143,2,,,,,,,,,,,,,,,,,,,,,,,,,0.7143
mid insula cortex,2,2,12,1.87,3,L mid insula cortex,LR,171,172,dIg,INS_L(R)_6_5,0.1875,1,73,74,TE1.0 and TE1.2,STG_L(R)_6_3,0.1875,1,,,,,,,,,,,,,,,,,,,0.375
mid occ gyr,2,2,6,2.06,3,L Mid. Occ. Gyr.,LR,199,200,mOccG,LOcC_L(R)_4_1,0.3,1,201,202,V5/MT+,LOcC_L(R)_4_2,0.3,1,,,,,,,,,,,,,,,,,,,0.6
lateral anterior prefrontal cortex,2,2,7,2.03,3,Right lateral anterior prefrontal cortex,LR,19,20,A46,MFG_L(R)_7_3,0.2727,1,21,22,A9/46v,MFG_L(R)_7_4,0.2727,1,,,,,,,,,,,,,,,,,,,0.5454
lateral fef,2,2,6,2.06,3,Left ‘lateral FEF’,LU,55,56,A6cdl,PrG_L(R)_6_2,0.3,1,63,64,A6cvl,PrG_L(R)_6_6,0.3,1,,,,,,,,,,,,,,,,,,,0.6
middle anterior temporal cortex,2,2,10,1.94,3,Middle anterior temporal cortex,U,83,84,A21r,MTG_L(R)_4_2,0.2143,1,73,74,TE1.0 and TE1.2,STG_L(R)_6_3,0.2143,1,,,,,,,,,,,,,,,,,,,0.4286
middle and inferior frontal,2,2,13,1.84,3,Middle & inferior frontal,RU,31,32,IFS,IFG_L(R)_6_2,0.1765,1,23,24,A8vl,MFG_L(R)_7_5,0.1765,1,,,,,,,,,,,,,,,,,,,0.353
middle and inferior frontal gyrus,2,2,13,1.84,3,L middle and inferior frontal gyrus,LR,35,36,A45r,IFG_L(R)_6_4,0.1765,1,15,16,A9/46d,MFG_L(R)_7_1,0.1765,1,,,,,,,,,,,,,,,,,,,0.353
midcingulate,2,2,14,1.82,3,Midcingulate,U,175,176,A23d,CG_L(R)_7_1,0.1667,1,1,2,A8m,SFG_L(R)_7_1,0.1667,1,,,,,,,,,,,,,,,,,,,0.3334
mid temporal gyr,2,2,4,2.09,3,Mid. Temporal gyr.,U,81,82,A21c,MTG_L(R)_4_1,0.375,1,85,86,A37dl,MTG_L(R)_4_3,0.375,1,,,,,,,,,,,,,,,,,,,0.75
mid temporal pole,2,2,10,1.94,3,Mid. temporal pole,RU,83,84,A21r,MTG_L(R)_4_2,0.2143,1,77,78,A38l,STG_L(R)_6_5,0.2143,1,,,,,,,,,,,,,,,,,,,0.4286
mid stg,2,2,6,2.06,3,Left mid-STG,LR,73,74,TE1.0 and TE1.2,STG_L(R)_6_3,0.3,1,75,76,A22c,STG_L(R)_6_4,0.3,1,,,,,,,,,,,,,,,,,,,0.6
mid temp gy,2,2,10,1.94,3,Mid Temp Gy???,U,135,136,A39c,IPL_L(R)_6_1,0.2143,1,87,88,aSTS,MTG_L(R)_4_4,0.2143,1,,,,,,,,,,,,,,,,,,,0.4286
rloc,2,1,6,1.41,2,RLOC,U,143,144,A39rv,IPL_L(R)_6_5,0.5,2,,,,,,,,,,,,,,,,,,,,,,,,,0.5
rofa,2,2,9,1.97,3,ROFA,U,105,106,A37mv,FuG_L(R)_3_2,0.2308,1,205,206,iOccG,LOcC_L(R)_4_4,0.2308,1,,,,,,,,,,,,,,,,,,,0.4616
ripl,2,2,10,1.94,3,rIPL,U,145,146,A40rv,IPL_L(R)_6_6,0.2143,1,85,86,A37dl,MTG_L(R)_4_3,0.2143,1,,,,,,,,,,,,,,,,,,,0.4286
retrosplenium,2,2,4,2.09,3,Retrosplenium,U,151,152,dmPOS,PCun_L(R)_4_3,0.375,1,153,154,A31,PCun_L(R)_4_4,0.375,1,,,,,,,,,,,,,,,,,,,0.75
rifg,2,2,6,2.06,3,RIFG,U,37,38,A44op,IFG_L(R)_6_5,0.3,1,35,36,A45r,IFG_L(R)_6_4,0.3,1,,,,,,,,,,,,,,,,,,,0.6
cuneusa,2,2,11,1.9,3,Cuneusa,U,193,194,cCunG,MVOcC_L(R)_5_3,0.2,1,207,208,msOccG,LOcC_L(R)_2_1,0.2,1,,,,,,,,,,,,,,,,,,,0.4
cuneusb,2,2,11,1.9,3,Left cuneusb,LR,207,208,msOccG,LOcC_L(R)_2_1,0.2,1,197,198,vmPOS,MVOcC_L(R)_5_5,0.2,1,,,,,,,,,,,,,,,,,,,0.4
ttgl,2,2,6,2.06,3,TTGl,U,71,72,A41/42,STG_L(R)_6_2,0.3,1,73,74,TE1.0 and TE1.2,STG_L(R)_6_3,0.3,1,,,,,,,,,,,,,,,,,,,0.6
rostrolateral prefrontal cortex,2,2,7,2.03,3,Rostrolateral prefrontal cortex,U,19,20,A46,MFG_L(R)_7_3,0.2727,1,21,22,A9/46v,MFG_L(R)_7_4,0.2727,1,,,,,,,,,,,,,,,,,,,0.5454
rpcc,2,2,11,1.9,3,rPCC,U,175,176,A23d,CG_L(R)_7_1,0.2,1,153,154,A31,PCun_L(R)_4_4,0.2,1,,,,,,,,,,,,,,,,,,,0.4
rostral prefrontal cortex 10,2,2,14,1.82,3,Left rostral prefrontal cortex (10),LRU,13,14,A10m,SFG_L(R)_7_7,0.1667,1,19,20,A46,MFG_L(R)_7_3,0.1667,1,,,,,,,,,,,,,,,,,,,0.3334
rostral stg,2,2,6,2.06,3,L Rostral STG,LR,73,74,TE1.0 and TE1.2,STG_L(R)_6_3,0.3,1,77,78,A38l,STG_L(R)_6_5,0.3,1,,,,,,,,,,,,,,,,,,,0.6
rostral medial frontal g,2,2,7,2.03,3,Rostral medial frontal G.,U,13,14,A10m,SFG_L(R)_7_7,0.2727,1,5,6,A9l,SFG_L(R)_7_3,0.2727,1,,,,,,,,,,,,,,,,,,,0.5454
rostral anterior cingulate,2,1,7,1.43,2,R rostral anterior cingulate,RU,187,188,A32sg,CG_L(R)_7_7,0.4545,2,,,,,,,,,,,,,,,,,,,,,,,,,0.4545
roi 1,2,2,13,1.84,3,ROI 1,U,19,20,A46,MFG_L(R)_7_3,0.1765,1,45,46,A11l,OrG_L(R)_6_3,0.1765,1,,,,,,,,,,,,,,,,,,,0.353
roi 2,2,2,13,1.84,3,ROI 2,U,27,28,A10l,MFG_L(R)_7_7,0.1765,1,51,52,A12/47l,OrG_L(R)_6_6,0.1765,1,,,,,,,,,,,,,,,,,,,0.353
lateral occipito temporal sulcus,2,2,10,1.94,3,Lateral occipito-temporal sulcus,U,107,108,A37lv,FuG_L(R)_3_3,0.2143,1,91,92,A37elv,ITG_L(R)_7_2,0.2143,1,,,,,,,,,,,,,,,,,,,0.4286
lateral middle occipital gyrus,2,1,6,1.41,2,Left lateral middle occipital gyri,LR,201,202,V5/MT+,LOcC_L(R)_4_2,0.5,2,,,,,,,,,,,,,,,,,,,,,,,,,0.5
mfg 10,2,2,14,1.82,3,MFG (10),U,19,20,A46,MFG_L(R)_7_3,0.1667,1,13,14,A10m,SFG_L(R)_7_7,0.1667,1,,,,,,,,,,,,,,,,,,,0.3334
mfg 46,2,2,13,1.84,3,MFG (46),U,39,40,A44v,IFG_L(R)_6_6,0.1765,1,21,22,A9/46v,MFG_L(R)_7_4,0.1765,1,,,,,,,,,,,,,,,,,,,0.353
mfg 6,2,2,13,1.84,3,MFG(6),U,25,26,A6vl,MFG_L(R)_7_6,0.1765,1,55,56,A6cdl,PrG_L(R)_6_2,0.1765,1,,,,,,,,,,,,,,,,,,,0.353
mediodorsal nc,2,2,8,2.0,3,Mediodorsal nc.,U,241,242,Otha,Tha_L(R)_8_6,0.25,1,245,246,lPFtha,Tha_L(R)_8_8,0.25,1,,,,,,,,,,,,,,,,,,,0.5
men versus women,2,2,14,1.82,3,Men versus women,U,5,6,A9l,SFG_L(R)_7_3,0.1667,1,17,18,IFJ,MFG_L(R)_7_2,0.1667,1,,,,,,,,,,,,,,,,,,,0.3334
rostral superior parietal gyrus,2,2,5,2.08,3,Right rostral Superior Parietal Gyrus (rSPG),R,125,126,A7r,SPL_L(R)_5_1,0.3333,1,127,128,A7c,SPL_L(R)_5_2,0.3333,1,,,,,,,,,,,,,,,,,,,0.6666
its,2,2,11,1.9,3,ITS,LU,99,100,A20cl,ITG_L(R)_7_6,0.2,1,85,86,A37dl,MTG_L(R)_4_3,0.2,1,,,,,,,,,,,,,,,,,,,0.4
ips cluster 1,2,2,6,2.06,3,IPS(L)-cluster 1,L,137,138,A39rd,IPL_L(R)_6_2,0.3,1,139,140,A40rd,IPL_L(R)_6_3,0.3,1,,,,,,,,,,,,,,,,,,,0.6
ips cluster 2,2,2,11,1.9,3,IPS(L)-cluster 2,L,209,210,lsOccG,LOcC_L(R)_2_2,0.2,1,127,128,A7c,SPL_L(R)_5_2,0.2,1,,,,,,,,,,,,,,,,,,,0.4
mid frontal orb,2,2,6,2.06,3,L Mid Frontal Orb,LR,43,44,A12/47o,OrG_L(R)_6_2,0.3,1,45,46,A11l,OrG_L(R)_6_3,0.3,1,,,,,,,,,,,,,,,,,,,0.6
mid cingulum,2,2,7,2.03,3,L Mid cingulum,LR,185,186,A23c,CG_L(R)_7_6,0.2727,1,175,176,A23d,CG_L(R)_7_1,0.2727,1,,,,,,,,,,,,,,,,,,,0.5454
mid fr gyl,2,2,13,1.84,3,Mid Fr GyL,U,23,24,A8vl,MFG_L(R)_7_5,0.1765,1,45,46,A11l,OrG_L(R)_6_3,0.1765,1,,,,,,,,,,,,,,,,,,,0.353
mid brain,2,2,8,2.0,3,Mid brain,U,231,232,mPFtha,Tha_L(R)_8_1,0.25,1,245,246,lPFtha,Tha_L(R)_8_8,0.25,1,,,,,,,,,,,,,,,,,,,0.5
mfga,2,2,7,2.03,3,MFGa,U,19,20,A46,MFG_L(R)_7_3,0.2727,1,21,22,A9/46v,MFG_L(R)_7_4,0.2727,1,,,,,,,,,,,,,,,,,,,0.5454
culmen of vermis,2,1,5,1.39,2,Culmen of vermis,RU,195,196,rLinG,MVOcC_L(R)_5_4,0.5556,2,,,,,,,,,,,,,,,,,,,,,,,,,0.5556
corticospinal tract,2,2,6,2.06,3,Corticospinal tract,U,221,222,GP,BG_L(R)_6_2,0.3,1,227,228,dCa,BG_L(R)_6_5,0.3,1,,,,,,,,,,,,,,,,,,,0.6
cruz ii,2,2,12,1.87,3,Cruz II (lateral cerebellum),U,135,136,A39c,IPL_L(R)_6_1,0.1875,1,209,210,lsOccG,LOcC_L(R)_2_2,0.1875,1,,,,,,,,,,,,,,,,,,,0.375
collateral sulcus,2,2,8,2.0,3,Collateral sulcus,U,107,108,A37lv,FuG_L(R)_3_3,0.25,1,189,190,cLinG,MVOcC_L(R)_5_1,0.25,1,,,,,,,,,,,,,,,,,,,0.5
medial temporal lobe,2,2,5,2.08,3,Medial temporal lobe,U,103,104,A20rv,FuG_L(R)_3_1,0.3333,1,217,218,cHipp,Hipp_L(R)_2_2,0.3333,1,,,,,,,,,,,,,,,,,,,0.6666
lentiform nuclear,2,2,6,2.06,3,Lentiform Nuclear (L),LR,225,226,vmPu,BG_L(R)_6_4,0.3,1,229,230,dlPu,BG_L(R)_6_6,0.3,1,,,,,,,,,,,,,,,,,,,0.6
lateral prefrontal,2,2,13,1.84,3,Lateral prefrontal,U,29,30,A44d,IFG_L(R)_6_1,0.1765,1,19,20,A46,MFG_L(R)_7_3,0.1765,1,,,,,,,,,,,,,,,,,,,0.353
lateral prefrontal cortex medial prefrontal cortex orbitofrontal cortex anterior cingulate cortex,2,2,13,1.84,3,Lateral prefrontal cortex (lPFC) Medial prefrontal cortex (mPFC) Orbitofrontal cortex (OFC) Anterior cingulate cortex (ACC),U,27,28,A10l,MFG_L(R)_7_7,0.1765,1,47,48,A11m,OrG_L(R)_6_4,0.1765,1,,,,,,,,,,,,,,,,,,,0.353
cingulum middle,2,2,14,1.82,3,Cingulum Middle,U,185,186,A23c,CG_L(R)_7_6,0.1667,1,9,10,A6m,SFG_L(R)_7_5,0.1667,1,,,,,,,,,,,,,,,,,,,0.3334
cingulate gyrus and sulcus,2,2,9,1.97,3,Cingulate gyrus and sulcus,U,185,186,A23c,CG_L(R)_7_6,0.2308,1,65,66,A1/2/3ll,PCL_L(R)_2_1,0.2308,1,,,,,,,,,,,,,,,,,,,0.4616
s ii,2,2,12,1.87,3,S II,U,163,164,G,INS_L(R)_6_1,0.1875,1,145,146,A40rv,IPL_L(R)_6_6,0.1875,1,,,,,,,,,,,,,,,,,,,0.375
rv5,2,2,12,1.87,3,rV5,U,135,136,A39c,IPL_L(R)_6_1,0.1875,1,201,202,V5/MT+,LOcC_L(R)_4_2,0.1875,1,,,,,,,,,,,,,,,,,,,0.375
rstg,2,2,6,2.06,3,RSTG,U,71,72,A41/42,STG_L(R)_6_2,0.3,1,73,74,TE1.0 and TE1.2,STG_L(R)_6_3,0.3,1,,,,,,,,,,,,,,,,,,,0.6
cuneate lobe,2,2,5,2.08,3,left cuneate lobe,LR,191,192,rCunG,MVOcC_L(R)_5_2,0.3333,1,193,194,cCunG,MVOcC_L(R)_5_3,0.3333,1,,,,,,,,,,,,,,,,,,,0.6666
cst,2,1,8,1.44,2,CST,U,233,234,mPMtha,Tha_L(R)_8_2,0.4167,2,,,,,,,,,,,,,,,,,,,,,,,,,0.4167
cu ba 19,2,2,10,1.94,3,Cu (BA 19),U,207,208,msOccG,LOcC_L(R)_2_1,0.2143,1,151,152,dmPOS,PCun_L(R)_4_3,0.2143,1,,,,,,,,,,,,,,,,,,,0.4286
thalamus ventral posterior,2,2,14,1.82,3,Left thalamus (ventral posterior,LR,219,220,vCa,BG_L(R)_6_1,0.1667,1,235,236,Stha,Tha_L(R)_8_3,0.1667,1,,,,,,,,,,,,,,,,,,,0.3334
thalamus and other subcortical region,2,2,12,1.87,3,Left thalamus and other subcortical regions,LR,223,224,NAC,BG_L(R)_6_3,0.1875,1,49,50,A13,OrG_L(R)_6_5,0.1875,1,,,,,,,,,,,,,,,,,,,0.375
thalamus posterior,2,2,8,2.0,3,L. thalamus posterior,LR,241,242,Otha,Tha_L(R)_8_6,0.25,1,245,246,lPFtha,Tha_L(R)_8_8,0.25,1,,,,,,,,,,,,,,,,,,,0.5
thalamus pulvinar,2,2,8,2.0,3,Thalamus pulvinar,U,243,244,cTtha,Tha_L(R)_8_7,0.25,1,239,240,PPtha,Tha_L(R)_8_5,0.25,1,,,,,,,,,,,,,,,,,,,0.5
cluster spanning,2,2,12,1.87,3,Cluster spanning:,U,173,174,dId,INS_L(R)_6_6,0.1875,1,71,72,A41/42,STG_L(R)_6_2,0.1875,1,,,,,,,,,,,,,,,,,,,0.375
cmiddle frontal gyrus,2,2,7,2.03,3,cMiddle frontal gyrus,U,15,16,A9/46d,MFG_L(R)_7_1,0.2727,1,17,18,IFJ,MFG_L(R)_7_2,0.2727,1,,,,,,,,,,,,,,,,,,,0.5454
cingulated gyrus,2,2,11,1.9,3,Left cingulated gyrus,LR,153,154,A31,PCun_L(R)_4_4,0.2,1,9,10,A6m,SFG_L(R)_7_5,0.2,1,,,,,,,,,,,,,,,,,,,0.4
cingulum ant and,2,2,14,1.82,3,Cingulum_Ant_L&R,B,13,14,A10m,SFG_L(R)_7_7,0.1667,1,187,188,A32sg,CG_L(R)_7_7,0.1667,1,,,,,,,,,,,,,,,,,,,0.3334
anterior cingulate cortex 24 32,2,2,7,2.03,3,Anterior cingulate cortex (24/32),U,179,180,A32p,CG_L(R)_7_3,0.2727,1,187,188,A32sg,CG_L(R)_7_7,0.2727,1,,,,,,,,,,,,,,,,,,,0.5454
ant sts,2,2,6,2.06,3,LH ant STS,L,77,78,A38l,STG_L(R)_6_5,0.3,1,79,80,A22r,STG_L(R)_6_6,0.3,1,,,,,,,,,,,,,,,,,,,0.6
ant thalamus,2,2,8,2.0,3,R ant thalamus,LR,245,246,lPFtha,Tha_L(R)_8_8,0.25,1,231,232,mPFtha,Tha_L(R)_8_1,0.25,1,,,,,,,,,,,,,,,,,,,0.5
anteiror cingulum,2,2,7,2.03,3,Anteiror Cingulum,U,177,178,A24rv,CG_L(R)_7_2,0.2727,1,187,188,A32sg,CG_L(R)_7_7,0.2727,1,,,,,,,,,,,,,,,,,,,0.5454
transverse temporal cortex,2,2,6,2.06,3,Transverse temporal cortex,U,71,72,A41/42,STG_L(R)_6_2,0.3,1,73,74,TE1.0 and TE1.2,STG_L(R)_6_3,0.3,1,,,,,,,,,,,,,,,,,,,0.6
transverse temporal gyrus 41,2,2,6,2.06,3,Left transverse temporal gyrus (41),LU,71,72,A41/42,STG_L(R)_6_2,0.3,1,73,74,TE1.0 and TE1.2,STG_L(R)_6_3,0.3,1,,,,,,,,,,,,,,,,,,,0.6
toc,2,2,5,2.08,3,TOC,U,107,108,A37lv,FuG_L(R)_3_3,0.3333,1,123,124,cpSTS,pSTS_L(R)_2_2,0.3333,1,,,,,,,,,,,,,,,,,,,0.6666
tp pole,2,2,10,1.94,3,R Tp Pole,R,103,104,A20rv,FuG_L(R)_3_1,0.2143,1,93,94,A20r,ITG_L(R)_7_3,0.2143,1,,,,,,,,,,,,,,,,,,,0.4286
ampfc,2,2,13,1.84,3,amPFC,U,41,42,A14m,OrG_L(R)_6_1,0.1765,1,187,188,A32sg,CG_L(R)_7_7,0.1765,1,,,,,,,,,,,,,,,,,,,0.353
and precuneus,2,2,9,1.97,3,and R precuneus,RU,147,148,A7m,PCun_L(R)_4_1,0.2308,1,127,128,A7c,SPL_L(R)_5_2,0.2308,1,,,,,,,,,,,,,,,,,,,0.4616
ag ba 39,2,1,6,1.41,2,AG (BA 39),RU,143,144,A39rv,IPL_L(R)_6_5,0.5,2,,,,,,,,,,,,,,,,,,,,,,,,,0.5
ventrolateral thalamus,2,2,8,2.0,3,Left ventrolateral Thalamus,LU,245,246,lPFtha,Tha_L(R)_8_8,0.25,1,239,240,PPtha,Tha_L(R)_8_5,0.25,1,,,,,,,,,,,,,,,,,,,0.5
acch,2,2,14,1.82,3,ACCH,U,179,180,A32p,CG_L(R)_7_3,0.1667,1,11,12,A9m,SFG_L(R)_7_6,0.1667,1,,,,,,,,,,,,,,,,,,,0.3334
ventrolateral premotor cortex,2,1,6,1.41,2,Right ventrolateral premotor cortex,RU,63,64,A6cvl,PrG_L(R)_6_6,0.5,2,,,,,,,,,,,,,,,,,,,,,,,,,0.5
acc 32,2,2,13,1.84,3,ACC (32),LU,219,220,vCa,BG_L(R)_6_1,0.1765,1,11,12,A9m,SFG_L(R)_7_6,0.1765,1,,,,,,,,,,,,,,,,,,,0.353
lobule ix of the cerebellum,2,2,14,1.82,3,Lobule IX of the cerebellum,U,187,188,A32sg,CG_L(R)_7_7,0.1667,1,13,14,A10m,SFG_L(R)_7_7,0.1667,1,,,,,,,,,,,,,,,,,,,0.3334
ventral occipital cortex,2,2,9,1.97,3,Left ventral occipital cortex,LR,105,106,A37mv,FuG_L(R)_3_2,0.2308,1,205,206,iOccG,LOcC_L(R)_4_4,0.2308,1,,,,,,,,,,,,,,,,,,,0.4616
ventral anterior insula,2,2,6,2.06,3,Left ventral anterior insula,LR,165,166,vIa,INS_L(R)_6_2,0.3,1,173,174,dId,INS_L(R)_6_6,0.3,1,,,,,,,,,,,,,,,,,,,0.6
v3a,2,2,12,1.87,3,L V3A,LR,135,136,A39c,IPL_L(R)_6_1,0.1875,1,199,200,mOccG,LOcC_L(R)_4_1,0.1875,1,,,,,,,,,,,,,,,,,,,0.375
visual,2,2,11,1.9,3,L-visual,LR,203,204,OPC,LOcC_L(R)_4_3,0.2,1,193,194,cCunG,MVOcC_L(R)_5_3,0.2,1,,,,,,,,,,,,,,,,,,,0.4
visual areasundamh,2,2,9,1.97,3,Visual areasundamh,U,105,106,A37mv,FuG_L(R)_3_2,0.2308,1,199,200,mOccG,LOcC_L(R)_4_1,0.2308,1,,,,,,,,,,,,,,,,,,,0.4616
ventrolateral prefrontal cortex ba 45,2,2,6,2.06,3,Left ventrolateral prefrontal cortex (BA 45),LU,33,34,A45c,IFG_L(R)_6_3,0.3,1,31,32,IFS,IFG_L(R)_6_2,0.3,1,,,,,,,,,,,,,,,,,,,0.6
aifg,2,2,6,2.06,3,aIFG,U,31,32,IFS,IFG_L(R)_6_2,0.3,1,35,36,A45r,IFG_L(R)_6_4,0.3,1,,,,,,,,,,,,,,,,,,,0.6
amygdala parahippocampal gyrus,2,2,12,1.87,3,R amygdala–parahippocampal gyrus,R,221,222,GP,BG_L(R)_6_2,0.1875,1,173,174,dId,INS_L(R)_6_6,0.1875,1,,,,,,,,,,,,,,,,,,,0.375
angular gyurs,2,2,6,2.06,3,Angular gyurs,RU,137,138,A39rd,IPL_L(R)_6_2,0.3,1,143,144,A39rv,IPL_L(R)_6_5,0.3,1,,,,,,,,,,,,,,,,,,,0.6
ant cing cortex,2,2,7,2.03,3,Ant. Cing. Cortex,U,1,2,A8m,SFG_L(R)_7_1,0.2727,1,13,14,A10m,SFG_L(R)_7_7,0.2727,1,,,,,,,,,,,,,,,,,,,0.5454
ant cingulate,2,2,14,1.82,3,Ant. cingulate,RU,179,180,A32p,CG_L(R)_7_3,0.1667,1,1,2,A8m,SFG_L(R)_7_1,0.1667,1,,,,,,,,,,,,,,,,,,,0.3334
angular gyrus ba 40,2,2,6,2.06,3,Angular gyrus (BA 40),RU,137,138,A39rd,IPL_L(R)_6_2,0.3,1,143,144,A39rv,IPL_L(R)_6_5,0.3,1,,,,,,,,,,,,,,,,,,,0.6
angular gyrus ba 7,2,1,6,1.41,2,Angular gyrus [BA7],RU,137,138,A39rd,IPL_L(R)_6_2,0.5,2,,,,,,,,,,,,,,,,,,,,,,,,,0.5
ventral precuneus,2,2,4,2.09,3,Ventral precuneus,U,151,152,dmPOS,PCun_L(R)_4_3,0.375,1,153,154,A31,PCun_L(R)_4_4,0.375,1,,,,,,,,,,,,,,,,,,,0.75
ventral pcc,2,2,12,1.87,3,Ventral PCC,U,185,186,A23c,CG_L(R)_7_6,0.1875,1,191,192,rCunG,MVOcC_L(R)_5_2,0.1875,1,,,,,,,,,,,,,,,,,,,0.375
ventral medial pfc,2,2,14,1.82,3,Ventral medial PFC,U,187,188,A32sg,CG_L(R)_7_7,0.1667,1,13,14,A10m,SFG_L(R)_7_7,0.1667,1,,,,,,,,,,,,,,,,,,,0.3334
second somatosensory cortex,2,2,12,1.87,3,Second somatosensory cortex (left),LR,145,146,A40rv,IPL_L(R)_6_6,0.1875,1,75,76,A22c,STG_L(R)_6_4,0.1875,1,,,,,,,,,,,,,,,,,,,0.375
secondary olfactory areas1,2,2,14,1.82,3,Secondary olfactory areas1,U,39,40,A44v,IFG_L(R)_6_6,0.1667,1,239,240,PPtha,Tha_L(R)_8_5,0.1667,1,,,,,,,,,,,,,,,,,,,0.3334
medial occipital,2,2,5,2.08,3,Medial occipital,U,191,192,rCunG,MVOcC_L(R)_5_2,0.3333,1,193,194,cCunG,MVOcC_L(R)_5_3,0.3333,1,,,,,,,,,,,,,,,,,,,0.6666
medial frontal gyrus orbitalis,2,2,13,1.84,3,R Medial frontal gyrus: Orbitalis,R,187,188,A32sg,CG_L(R)_7_7,0.1765,1,47,48,A11m,OrG_L(R)_6_4,0.1765,1,,,,,,,,,,,,,,,,,,,0.353
medial frontal gyrusb,2,2,13,1.84,3,L medial frontal gyrusb,LU,41,42,A14m,OrG_L(R)_6_1,0.1765,1,9,10,A6m,SFG_L(R)_7_5,0.1765,1,,,,,,,,,,,,,,,,,,,0.353
medial frontal orbital lobe ba 11,2,2,6,2.06,3,Right medial frontal orbital lobe (BA11),R,41,42,A14m,OrG_L(R)_6_1,0.3,1,45,46,A11l,OrG_L(R)_6_3,0.3,1,,,,,,,,,,,,,,,,,,,0.6
medial frontal orbitalis,2,2,13,1.84,3,Medial frontal orbitalis,U,187,188,A32sg,CG_L(R)_7_7,0.1765,1,41,42,A14m,OrG_L(R)_6_1,0.1765,1,,,,,,,,,,,,,,,,,,,0.353
ant fusiform,2,2,3,2.07,2,L ant fusiform,LR,103,104,A20rv,FuG_L(R)_3_1,0.4286,1,105,106,A37mv,FuG_L(R)_3_2,0.4286,1,,,,,,,,,,,,,,,,,,,0.8572
pcca,2,1,4,1.34,2,PCCa,RU,153,154,A31,PCun_L(R)_4_4,0.625,2,,,,,,,,,,,,,,,,,,,,,,,,,0.625
pcc 31,2,2,11,1.9,3,PCC (31),U,175,176,A23d,CG_L(R)_7_1,0.2,1,151,152,dmPOS,PCun_L(R)_4_3,0.2,1,,,,,,,,,,,,,,,,,,,0.4
pcc ba 23,2,2,11,1.9,3,Left PCC (BA23),LU,181,182,A23v,CG_L(R)_7_4,0.2,1,153,154,A31,PCun_L(R)_4_4,0.2,1,,,,,,,,,,,,,,,,,,,0.4
parietotemporal junction ba 40,2,2,6,2.06,3,L. parietotemporal junction (BA 40),LR,139,140,A40rd,IPL_L(R)_6_3,0.3,1,141,142,A40c,IPL_L(R)_6_4,0.3,1,,,,,,,,,,,,,,,,,,,0.6
ifg 9,2,2,12,1.87,3,IFG (9),U,63,64,A6cvl,PrG_L(R)_6_6,0.1875,1,39,40,A44v,IFG_L(R)_6_6,0.1875,1,,,,,,,,,,,,,,,,,,,0.375
ifg ba 44,2,1,6,1.41,2,1IFG (BA 44),U,63,64,A6cvl,PrG_L(R)_6_6,0.5,2,,,,,,,,,,,,,,,,,,,,,,,,,0.5
ifg ba 45,2,2,12,1.87,3,IFG BA45,U,33,34,A45c,IFG_L(R)_6_3,0.1875,1,167,168,dIa,INS_L(R)_6_3,0.1875,1,,,,,,,,,,,,,,,,,,,0.375
ifg ba 47,2,1,6,1.41,2,IFG (BA47),LU,37,38,A44op,IFG_L(R)_6_5,0.5,2,,,,,,,,,,,,,,,,,,,,,,,,,0.5
pga,2,2,6,2.06,3,PGa,U,141,142,A40c,IPL_L(R)_6_4,0.3,1,143,144,A39rv,IPL_L(R)_6_5,0.3,1,,,,,,,,,,,,,,,,,,,0.6
pha,2,2,4,2.09,3,PHA(L),LR,211,212,mAmyg,Amyg_L(R)_2_1,0.375,1,217,218,cHipp,Hipp_L(R)_2_2,0.375,1,,,,,,,,,,,,,,,,,,,0.75
pffg,2,2,9,1.97,3,L.pFFG,LR,105,106,A37mv,FuG_L(R)_3_2,0.2308,1,205,206,iOccG,LOcC_L(R)_4_4,0.2308,1,,,,,,,,,,,,,,,,,,,0.4616
pfm,2,2,6,2.06,3,PFm,U,141,142,A40c,IPL_L(R)_6_4,0.3,1,143,144,A39rv,IPL_L(R)_6_5,0.3,1,,,,,,,,,,,,,,,,,,,0.6
perigenual anterior cingulate cortex,2,2,7,2.03,3,Perigenual anterior cingulate cortex (pgACC),U,179,180,A32p,CG_L(R)_7_3,0.2727,1,187,188,A32sg,CG_L(R)_7_7,0.2727,1,,,,,,,,,,,,,,,,,,,0.5454
pcl,2,2,8,2.0,3,L PCL,LU,235,236,Stha,Tha_L(R)_8_3,0.25,1,241,242,Otha,Tha_L(R)_8_6,0.25,1,,,,,,,,,,,,,,,,,,,0.5
pcu ba 19 31,2,2,11,1.9,3,PCu (BA 19/31),U,175,176,A23d,CG_L(R)_7_1,0.2,1,153,154,A31,PCun_L(R)_4_4,0.2,1,,,,,,,,,,,,,,,,,,,0.4
pcun ba 7,2,2,12,1.87,3,Left PCUN (BA7),L,181,182,A23v,CG_L(R)_7_4,0.1875,1,197,198,vmPOS,MVOcC_L(R)_5_5,0.1875,1,,,,,,,,,,,,,,,,,,,0.375
vpfc,2,2,12,1.87,3,Left VPFC,LRU,51,52,A12/47l,OrG_L(R)_6_6,0.1875,1,31,32,IFS,IFG_L(R)_6_2,0.1875,1,,,,,,,,,,,,,,,,,,,0.375
vlpc,2,2,6,2.06,3,L VLPC,LR,45,46,A11l,OrG_L(R)_6_3,0.3,1,51,52,A12/47l,OrG_L(R)_6_6,0.3,1,,,,,,,,,,,,,,,,,,,0.6
vlpfc ba 44,2,2,6,2.06,3,vlPFC (BA44),U,33,34,A45c,IFG_L(R)_6_3,0.3,1,39,40,A44v,IFG_L(R)_6_6,0.3,1,,,,,,,,,,,,,,,,,,,0.6
vermis vi,2,2,11,1.9,3,Vermis VI,U,227,228,dCa,BG_L(R)_6_5,0.2,1,191,192,rCunG,MVOcC_L(R)_5_2,0.2,1,,,,,,,,,,,,,,,,,,,0.4
gtt ba 41 42,2,2,10,1.94,3,GTT (BA 41/42),U,157,158,A1/2/3tonIa,PoG_L(R)_4_2,0.2143,1,71,72,A41/42,STG_L(R)_6_2,0.2143,1,,,,,,,,,,,,,,,,,,,0.4286
gyrus frontalis medius,2,2,8,2.0,3,Gyrus frontalis medius,U,167,168,dIa,INS_L(R)_6_3,0.25,1,67,68,A4ll,PCL_L(R)_2_2,0.25,1,,,,,,,,,,,,,,,,,,,0.5
pifg,2,2,12,1.87,3,pIFG right,LRU,51,52,A12/47l,OrG_L(R)_6_6,0.1875,1,63,64,A6cvl,PrG_L(R)_6_6,0.1875,1,,,,,,,,,,,,,,,,,,,0.375
pft,2,2,10,1.94,3,PFt,U,139,140,A40rd,IPL_L(R)_6_3,0.2143,1,159,160,A2,PoG_L(R)_4_3,0.2143,1,,,,,,,,,,,,,,,,,,,0.4286
lobule vi,2,1,6,1.41,2,Lobule VI R,R,227,228,dCa,BG_L(R)_6_5,0.5,2,,,,,,,,,,,,,,,,,,,,,,,,,0.5
lobule vi of the cerebellum,2,2,7,2.03,3,Lobule VI of the cerebellum,U,27,28,A10l,MFG_L(R)_7_7,0.2727,1,19,20,A46,MFG_L(R)_7_3,0.2727,1,,,,,,,,,,,,,,,,,,,0.5454
lobule viib,2,2,9,1.97,3,L Lobule VIIb*,LR,215,216,rHipp,Hipp_L(R)_2_1,0.2308,1,15,16,A9/46d,MFG_L(R)_7_1,0.2308,1,,,,,,,,,,,,,,,,,,,0.4616
lipl,2,2,6,2.06,3,LIPL,U,139,140,A40rd,IPL_L(R)_6_3,0.3,1,141,142,A40c,IPL_L(R)_6_4,0.3,1,,,,,,,,,,,,,,,,,,,0.6
lips,2,2,10,1.94,3,LIPS,U,197,198,vmPOS,MVOcC_L(R)_5_5,0.2143,1,129,130,A5l,SPL_L(R)_5_3,0.2143,1,,,,,,,,,,,,,,,,,,,0.4286
lloc,2,1,6,1.41,2,LLOC,U,143,144,A39rv,IPL_L(R)_6_5,0.5,2,,,,,,,,,,,,,,,,,,,,,,,,,0.5
medial cingulate cortex,2,1,7,1.43,2,Medial cingulate cortex,LU,185,186,A23c,CG_L(R)_7_6,0.4545,2,,,,,,,,,,,,,,,,,,,,,,,,,0.4545
vmpfc ba 10,2,2,13,1.84,3,vmPFC (BA10) (superior frontal gyrus),U,187,188,A32sg,CG_L(R)_7_7,0.1765,1,41,42,A14m,OrG_L(R)_6_1,0.1765,1,,,,,,,,,,,,,,,,,,,0.353
women versus men,1,1,7,1.44,2,Women versus men,U,27,28,A10l,MFG_L(R)_7_7,0.3333,1,,,,,,,,,,,,,,,,,,,,,,,,,0.3333
a cerebellum anterior lobe,1,1,3,1.36,2,A R Cerebellum Anterior Lobe,R,107,108,A37lv,FuG_L(R)_3_3,0.6,1,,,,,,,,,,,,,,,,,,,,,,,,,0.6
a47,1,1,6,1.44,2,B A47,B,77,78,A38l,STG_L(R)_6_5,0.375,1,,,,,,,,,,,,,,,,,,,,,,,,,0.375
acc and medial frontal gyrus,1,1,7,1.44,2,ACC and medial frontal gyrus,U,13,14,A10m,SFG_L(R)_7_7,0.3333,1,,,,,,,,,,,,,,,,,,,,,,,,,0.3333
acc d,1,1,7,1.44,2,ACC D,U,1,2,A8m,SFG_L(R)_7_1,0.3333,1,,,,,,,,,,,,,,,,,,,,,,,,,0.3333
acc roi,1,1,7,1.44,2,ACC ROI,U,177,178,A24rv,CG_L(R)_7_2,0.3333,1,,,,,,,,,,,,,,,,,,,,,,,,,0.3333
accb,1,1,7,1.44,2,ACCb,U,179,180,A32p,CG_L(R)_7_3,0.3333,1,,,,,,,,,,,,,,,,,,,,,,,,,0.3333
acce,1,1,7,1.44,2,ACCE,U,11,12,A9m,SFG_L(R)_7_6,0.3333,1,,,,,,,,,,,,,,,,,,,,,,,,,0.3333
accg,1,1,7,1.44,2,ACCG,U,11,12,A9m,SFG_L(R)_7_6,0.3333,1,,,,,,,,,,,,,,,,,,,,,,,,,0.3333
accl,1,1,7,1.44,2,ACCL,U,179,180,A32p,CG_L(R)_7_3,0.3333,1,,,,,,,,,,,,,,,,,,,,,,,,,0.3333
accm,1,1,7,1.44,2,ACCM,U,11,12,A9m,SFG_L(R)_7_6,0.3333,1,,,,,,,,,,,,,,,,,,,,,,,,,0.3333
acco,1,1,7,1.44,2,ACCO,U,11,12,A9m,SFG_L(R)_7_6,0.3333,1,,,,,,,,,,,,,,,,,,,,,,,,,0.3333
accs,1,1,7,1.44,2,ACCs,U,183,184,A24cd,CG_L(R)_7_5,0.3333,1,,,,,,,,,,,,,,,,,,,,,,,,,0.3333
accumb ncl,1,1,6,1.44,2,accumb.ncl.,U,223,224,NAC,BG_L(R)_6_3,0.375,1,,,,,,,,,,,,,,,,,,,,,,,,,0.375
also included ventromedial prefrontal cortex,1,1,7,1.44,2,Also included: Ventromedial Prefrontal Cortex,U,187,188,A32sg,CG_L(R)_7_7,0.3333,1,,,,,,,,,,,,,,,,,,,,,,,,,0.3333
amg,1,1,2,1.24,2,AMG,U,211,212,mAmyg,Amyg_L(R)_2_1,0.75,1,,,,,,,,,,,,,,,,,,,,,,,,,0.75
amydala,1,1,2,1.24,2,amydala,U,215,216,rHipp,Hipp_L(R)_2_1,0.75,1,,,,,,,,,,,,,,,,,,,,,,,,,0.75
amygdala roi,1,1,2,1.24,2,Amygdala ROI,U,211,212,mAmyg,Amyg_L(R)_2_1,0.75,1,,,,,,,,,,,,,,,,,,,,,,,,,0.75
amygdalab,1,1,2,1.24,2,Amygdalab,U,213,214,lAmyg,Amyg_L(R)_2_2,0.75,1,,,,,,,,,,,,,,,,,,,,,,,,,0.75
amygdale,1,1,2,1.24,2,Left amygdale,L,211,212,mAmyg,Amyg_L(R)_2_1,0.75,1,,,,,,,,,,,,,,,,,,,,,,,,,0.75
amygdaloid body,1,1,2,1.24,2,Amygdaloid body(L),L,213,214,lAmyg,Amyg_L(R)_2_2,0.75,1,,,,,,,,,,,,,,,,,,,,,,,,,0.75
and 10,1,1,7,1.44,2,9 and 10,U,5,6,A9l,SFG_L(R)_7_3,0.3333,1,,,,,,,,,,,,,,,,,,,,,,,,,0.3333
ventrolateral prefrontal cortex ba 44,1,1,6,1.44,2,Ventrolateral prefrontal cortex (BA 44),U,63,64,A6cvl,PrG_L(R)_6_6,0.375,1,,,,,,,,,,,,,,,,,,,,,,,,,0.375
ventrolateral prefrontal cortex ba 46,1,1,6,1.44,2,Ventrolateral prefrontal cortex (BA 46),U,33,34,A45c,IFG_L(R)_6_3,0.375,1,,,,,,,,,,,,,,,,,,,,,,,,,0.375
ventrolateral prefrontal cortex ba 47,1,1,6,1.44,2,Rt. Ventrolateral prefrontal cortex (BA 47),R,165,166,vIa,INS_L(R)_6_2,0.375,1,,,,,,,,,,,,,,,,,,,,,,,,,0.375
ait,1,1,7,1.44,2,R.aIT,R,95,96,A20il,ITG_L(R)_7_4,0.3333,1,,,,,,,,,,,,,,,,,,,,,,,,,0.3333
alpfc,1,1,6,1.44,2,aLPFC,U,31,32,IFS,IFG_L(R)_6_2,0.375,1,,,,,,,,,,,,,,,,,,,,,,,,,0.375
also included cuneus,1,1,6,1.44,2,Also included: Cuneus,U,203,204,OPC,LOcC_L(R)_4_3,0.375,1,,,,,,,,,,,,,,,,,,,,,,,,,0.375
also included middle occipital gyrus,1,1,6,1.44,2,Also Included: Left Middle Occipital Gyrus,L,199,200,mOccG,LOcC_L(R)_4_1,0.375,1,,,,,,,,,,,,,,,,,,,,,,,,,0.375
also included middle occipital lobe,1,1,6,1.44,2,Also Included: Right Middle Occipital Lobe,R,209,210,lsOccG,LOcC_L(R)_2_2,0.375,1,,,,,,,,,,,,,,,,,,,,,,,,,0.375
ventral visual area 4,1,1,6,1.44,2,Left ventral Visual Area 4 (V4v),L,205,206,iOccG,LOcC_L(R)_4_4,0.375,1,,,,,,,,,,,,,,,,,,,,,,,,,0.375
ventro lateral pre frontal,1,1,6,1.44,2,Right ventro-lateral pre-frontal,R,63,64,A6cvl,PrG_L(R)_6_6,0.375,1,,,,,,,,,,,,,,,,,,,,,,,,,0.375
ventro medial,1,1,7,1.44,2,Ventro-Medial,U,187,188,A32sg,CG_L(R)_7_7,0.3333,1,,,,,,,,,,,,,,,,,,,,,,,,,0.3333
ventro medial pfc,1,1,7,1.44,2,Ventro‐medial PFC (vmPFC),U,187,188,A32sg,CG_L(R)_7_7,0.3333,1,,,,,,,,,,,,,,,,,,,,,,,,,0.3333
ventro parietal cortex,1,1,6,1.44,2,Rt. Ventro-parietal cortex,R,143,144,A39rv,IPL_L(R)_6_5,0.375,1,,,,,,,,,,,,,,,,,,,,,,,,,0.375
ventro parietal cortex ba 39,1,1,6,1.44,2,Rt. Ventro-parietal cortex (BA39),R,143,144,A39rv,IPL_L(R)_6_5,0.375,1,,,,,,,,,,,,,,,,,,,,,,,,,0.375
ventrolateral,1,1,8,1.44,2,Ventrolateral,U,245,246,lPFtha,Tha_L(R)_8_8,0.3,1,,,,,,,,,,,,,,,,,,,,,,,,,0.3
ventrolateral pfc ba 47,1,1,6,1.44,2,Right ventrolateral PFC (BA 47),R,167,168,dIa,INS_L(R)_6_3,0.375,1,,,,,,,,,,,,,,,,,,,,,,,,,0.375
ant lobe cerebellum culmen,1,1,3,1.36,2,R ant lobe cerebellum culmen,R,107,108,A37lv,FuG_L(R)_3_3,0.6,1,,,,,,,,,,,,,,,,,,,,,,,,,0.6
ventral prefrontal cortex 47,1,1,6,1.44,2,Left ventral prefrontal cortex (47),L,45,46,A11l,OrG_L(R)_6_3,0.375,1,,,,,,,,,,,,,,,,,,,,,,,,,0.375
ventral prefrontal cortex ba 44,1,1,6,1.44,2,Ventral prefrontal cortex (BA 44),U,37,38,A44op,IFG_L(R)_6_5,0.375,1,,,,,,,,,,,,,,,,,,,,,,,,,0.375
ventral prefrontal cortex ba 45,1,1,6,1.44,2,Ventral prefrontal cortex (BA 45),U,35,36,A45r,IFG_L(R)_6_4,0.375,1,,,,,,,,,,,,,,,,,,,,,,,,,0.375
ventral prefrontal cortex ba 47,1,1,7,1.44,2,Ventral prefrontal cortex (BA 47),U,21,22,A9/46v,MFG_L(R)_7_4,0.3333,1,,,,,,,,,,,,,,,,,,,,,,,,,0.3333
ventral premotor cortex ba 6,1,1,6,1.44,2,Ventral premotor cortex (BA6) (PM),U,53,54,A4hf,PrG_L(R)_6_1,0.375,1,,,,,,,,,,,,,,,,,,,,,,,,,0.375
ventral rv3b,1,1,6,1.44,2,ventral rV3B,U,205,206,iOccG,LOcC_L(R)_4_4,0.375,1,,,,,,,,,,,,,,,,,,,,,,,,,0.375
ventral tegmental areaa,1,1,8,1.44,2,Ventral tegmental areaa,U,231,232,mPFtha,Tha_L(R)_8_1,0.3,1,,,,,,,,,,,,,,,,,,,,,,,,,0.3
lpc ba 4,1,1,2,1.24,2,LPc (BA 4),U,65,66,A1/2/3ll,PCL_L(R)_2_1,0.75,1,,,,,,,,,,,,,,,,,,,,,,,,,0.75
lpc ba 5 7,1,1,2,1.24,2,LPc (BA 5/7),U,65,66,A1/2/3ll,PCL_L(R)_2_1,0.75,1,,,,,,,,,,,,,,,,,,,,,,,,,0.75
lpcc,1,1,7,1.44,2,lPCC,U,175,176,A23d,CG_L(R)_7_1,0.3333,1,,,,,,,,,,,,,,,,,,,,,,,,,0.3333
lpcg,1,1,6,1.44,2,LPCG,U,53,54,A4hf,PrG_L(R)_6_1,0.375,1,,,,,,,,,,,,,,,,,,,,,,,,,0.375
lpfca,1,1,7,1.44,2,Right LPFCa,R,27,28,A10l,MFG_L(R)_7_7,0.3333,1,,,,,,,,,,,,,,,,,,,,,,,,,0.3333
lpi ba 39,1,1,6,1.44,2,LPi (BA 39),U,143,144,A39rv,IPL_L(R)_6_5,0.375,1,,,,,,,,,,,,,,,,,,,,,,,,,0.375
lpi ba 7 40,1,1,6,1.44,2,LPi (BA 7/40),U,141,142,A40c,IPL_L(R)_6_4,0.375,1,,,,,,,,,,,,,,,,,,,,,,,,,0.375
lpic,1,1,6,1.44,2,lpIC,U,73,74,TE1.0 and TE1.2,STG_L(R)_6_3,0.375,1,,,,,,,,,,,,,,,,,,,,,,,,,0.375
marginal sulcus,1,1,2,1.24,2,L. Marginal Sulcus,L,65,66,A1/2/3ll,PCL_L(R)_2_1,0.75,1,,,,,,,,,,,,,,,,,,,,,,,,,0.75
maximum 1 middle temporal gyrus,1,1,4,1.41,2,Maximum 1: Middle temporal gyrus,U,87,88,aSTS,MTG_L(R)_4_4,0.5,1,,,,,,,,,,,,,,,,,,,,,,,,,0.5
maximum 2,1,1,6,1.44,2,Maximum 2,U,111,112,A35/36c,PhG_L(R)_6_2,0.375,1,,,,,,,,,,,,,,,,,,,,,,,,,0.375
maximum 3 sma,1,1,7,1.44,2,Maximum 3: SMA,U,7,8,A6dl,SFG_L(R)_7_4,0.3333,1,,,,,,,,,,,,,,,,,,,,,,,,,0.3333
maximum 3 thalamus,1,1,8,1.44,2,Maximum 3: right thalamus,R,237,238,rTtha,Tha_L(R)_8_4,0.3,1,,,,,,,,,,,,,,,,,,,,,,,,,0.3
mcc and precuneus,1,1,4,1.41,2,Bilateral MCC and precuneus,B,153,154,A31,PCun_L(R)_4_4,0.5,1,,,,,,,,,,,,,,,,,,,,,,,,,0.5
mcg,1,1,7,1.44,2,L. MCG,LR,185,186,A23c,CG_L(R)_7_6,0.3333,1,,,,,,,,,,,,,,,,,,,,,,,,,0.3333
lop,1,1,5,1.44,2,lOP,U,193,194,cCunG,MVOcC_L(R)_5_3,0.4286,1,,,,,,,,,,,,,,,,,,,,,,,,,0.4286
lvv,1,1,7,1.44,2,LVV,U,91,92,A37elv,ITG_L(R)_7_2,0.3333,1,,,,,,,,,,,,,,,,,,,,,,,,,0.3333
lyngual gyrus ba 18,1,1,5,1.44,2,Lyngual gyrus (BA 18),U,193,194,cCunG,MVOcC_L(R)_5_3,0.4286,1,,,,,,,,,,,,,,,,,,,,,,,,,0.4286
m middle cingulate cortex,1,1,7,1.44,2,M Middle cingulate cortex,U,1,2,A8m,SFG_L(R)_7_1,0.3333,1,,,,,,,,,,,,,,,,,,,,,,,,,0.3333
m paracingulate ba 6 8,1,1,7,1.44,2,M Paracingulate (BA 6/8),U,177,178,A24rv,CG_L(R)_7_2,0.3333,1,,,,,,,,,,,,,,,,,,,,,,,,,0.3333
m1 and thalamus,1,1,4,1.41,2,M1 and thalamus,U,155,156,A1/2/3ulhf,PoG_L(R)_4_1,0.5,1,,,,,,,,,,,,,,,,,,,,,,,,,0.5
m1a,1,1,6,1.44,2,M1a,U,53,54,A4hf,PrG_L(R)_6_1,0.375,1,,,,,,,,,,,,,,,,,,,,,,,,,0.375
m1damh,1,1,6,1.44,2,M1damH,U,57,58,A4ul,PrG_L(R)_6_3,0.375,1,,,,,,,,,,,,,,,,,,,,,,,,,0.375
marginal branch of the cingulate sulcus,1,1,7,1.44,2,Marginal branch of the cingulate sulcus,U,185,186,A23c,CG_L(R)_7_6,0.3333,1,,,,,,,,,,,,,,,,,,,,,,,,,0.3333
ltha,1,1,8,1.44,2,lTha,U,235,236,Stha,Tha_L(R)_8_3,0.3,1,,,,,,,,,,,,,,,,,,,,,,,,,0.3
lv1v2,1,1,5,1.44,2,lV1V2,U,193,194,cCunG,MVOcC_L(R)_5_3,0.4286,1,,,,,,,,,,,,,,,,,,,,,,,,,0.4286
lv3a,1,1,6,1.44,2,lV3A,U,207,208,msOccG,LOcC_L(R)_2_1,0.375,1,,,,,,,,,,,,,,,,,,,,,,,,,0.375
lv4 vp,1,1,5,1.44,2,lV4-VP,U,195,196,rLinG,MVOcC_L(R)_5_4,0.4286,1,,,,,,,,,,,,,,,,,,,,,,,,,0.4286
lv5,1,1,6,1.44,2,lV5,U,201,202,V5/MT+,LOcC_L(R)_4_2,0.375,1,,,,,,,,,,,,,,,,,,,,,,,,,0.375
lvcs,1,1,4,1.41,2,lvCS,U,155,156,A1/2/3ulhf,PoG_L(R)_4_1,0.5,1,,,,,,,,,,,,,,,,,,,,,,,,,0.5
lventro lateral prefrontal cortex,1,1,6,1.44,2,Lventro-lateral prefrontal cortex,U,49,50,A13,OrG_L(R)_6_5,0.375,1,,,,,,,,,,,,,,,,,,,,,,,,,0.375
lvstr,1,1,6,1.44,2,lvSTR,U,223,224,NAC,BG_L(R)_6_3,0.375,1,,,,,,,,,,,,,,,,,,,,,,,,,0.375
medial aspect of frontal lobe,1,1,7,1.44,2,Medial aspect of frontal lobe,U,9,10,A6m,SFG_L(R)_7_5,0.3333,1,,,,,,,,,,,,,,,,,,,,,,,,,0.3333
medial cingulum,1,1,7,1.44,2,Medial cingulum,U,185,186,A23c,CG_L(R)_7_6,0.3333,1,,,,,,,,,,,,,,,,,,,,,,,,,0.3333
medial cuneus,1,1,6,1.44,2,Medial cuneus (extending into precuneus),U,207,208,msOccG,LOcC_L(R)_2_1,0.375,1,,,,,,,,,,,,,,,,,,,,,,,,,0.375
medial dlpfc,1,1,7,1.44,2,Medial DLPFC,U,15,16,A9/46d,MFG_L(R)_7_1,0.3333,1,,,,,,,,,,,,,,,,,,,,,,,,,0.3333
medial fontal gyrus,1,1,6,1.44,2,R Medial fontal gyrus,R,73,74,TE1.0 and TE1.2,STG_L(R)_6_3,0.375,1,,,,,,,,,,,,,,,,,,,,,,,,,0.375
lingual gyrus ba 8,1,1,5,1.44,2,Right lingual gyrus (BA8),R,193,194,cCunG,MVOcC_L(R)_5_3,0.4286,1,,,,,,,,,,,,,,,,,,,,,,,,,0.4286
lingual gyrus6,1,1,6,1.44,2,Right Lingual Gyrus6,R,205,206,iOccG,LOcC_L(R)_4_4,0.375,1,,,,,,,,,,,,,,,,,,,,,,,,,0.375
lingual gyrusf,1,1,4,1.41,2,Lingual gyrusf,U,151,152,dmPOS,PCun_L(R)_4_3,0.5,1,,,,,,,,,,,,,,,,,,,,,,,,,0.5
med prefrontal,1,1,6,1.44,2,L. Med. prefrontal,L,41,42,A14m,OrG_L(R)_6_1,0.375,1,,,,,,,,,,,,,,,,,,,,,,,,,0.375
med sfc ba 6,1,1,7,1.44,2,Right Med SFC (BA6),R,187,188,A32sg,CG_L(R)_7_7,0.3333,1,,,,,,,,,,,,,,,,,,,,,,,,,0.3333
med sup frontal,1,1,7,1.44,2,L Med Sup Frontal,L,11,12,A9m,SFG_L(R)_7_6,0.3333,1,,,,,,,,,,,,,,,,,,,,,,,,,0.3333
med sup frontal g,1,1,7,1.44,2,Med. Sup. frontal G.,U,1,2,A8m,SFG_L(R)_7_1,0.3333,1,,,,,,,,,,,,,,,,,,,,,,,,,0.3333
media frontal gyrus,1,1,7,1.44,2,Media frontal gyrus,U,13,14,A10m,SFG_L(R)_7_7,0.3333,1,,,,,,,,,,,,,,,,,,,,,,,,,0.3333
medial 2nd hg,1,1,6,1.44,2,Medial 2nd HG,U,71,72,A41/42,STG_L(R)_6_2,0.375,1,,,,,,,,,,,,,,,,,,,,,,,,,0.375
medial 2nd hg hs,1,1,6,1.44,2,Medial 2nd HG–HS,U,71,72,A41/42,STG_L(R)_6_2,0.375,1,,,,,,,,,,,,,,,,,,,,,,,,,0.375
medial ahg,1,1,6,1.44,2,Medial aHG,U,73,74,TE1.0 and TE1.2,STG_L(R)_6_3,0.375,1,,,,,,,,,,,,,,,,,,,,,,,,,0.375
mdn,1,1,8,1.44,2,MDN,U,231,232,mPFtha,Tha_L(R)_8_1,0.3,1,,,,,,,,,,,,,,,,,,,,,,,,,0.3
med fr gy to sup fr gy,1,1,7,1.44,2,Med Fr Gy to Sup Fr Gy???,U,11,12,A9m,SFG_L(R)_7_6,0.3333,1,,,,,,,,,,,,,,,,,,,,,,,,,0.3333
med fr gy to sup fr gyg,1,1,7,1.44,2,Med Fr Gy to Sup Fr GyG,U,11,12,A9m,SFG_L(R)_7_6,0.3333,1,,,,,,,,,,,,,,,,,,,,,,,,,0.3333
med fr gy0,1,1,7,1.44,2,Med Fr Gy0,U,11,12,A9m,SFG_L(R)_7_6,0.3333,1,,,,,,,,,,,,,,,,,,,,,,,,,0.3333
med fr gyh,1,1,7,1.44,2,Med Fr GyH,U,1,2,A8m,SFG_L(R)_7_1,0.3333,1,,,,,,,,,,,,,,,,,,,,,,,,,0.3333
med fr gyo,1,1,7,1.44,2,Med Fr GyO,U,7,8,A6dl,SFG_L(R)_7_4,0.3333,1,,,,,,,,,,,,,,,,,,,,,,,,,0.3333
med frontal orb,1,1,6,1.44,2,R Med Frontal Orb,R,41,42,A14m,OrG_L(R)_6_1,0.375,1,,,,,,,,,,,,,,,,,,,,,,,,,0.375
med orbital gyrus,1,1,6,1.44,2,R. Med. Orbital Gyrus,R,43,44,A12/47o,OrG_L(R)_6_2,0.375,1,,,,,,,,,,,,,,,,,,,,,,,,,0.375
lpips,1,1,5,1.44,2,lpIPS,U,133,134,A7ip,SPL_L(R)_5_5,0.4286,1,,,,,,,,,,,,,,,,,,,,,,,,,0.4286
lpm,1,1,6,1.44,2,Left LPM,L,55,56,A6cdl,PrG_L(R)_6_2,0.375,1,,,,,,,,,,,,,,,,,,,,,,,,,0.375
lppc,1,1,6,1.44,2,lPPC,U,137,138,A39rd,IPL_L(R)_6_2,0.375,1,,,,,,,,,,,,,,,,,,,,,,,,,0.375
lprecg,1,1,6,1.44,2,lPreCG,U,53,54,A4hf,PrG_L(R)_6_1,0.375,1,,,,,,,,,,,,,,,,,,,,,,,,,0.375
lps,1,1,6,1.44,2,LPS,U,135,136,A39c,IPL_L(R)_6_1,0.375,1,,,,,,,,,,,,,,,,,,,,,,,,,0.375
lps ba 7 40,1,1,4,1.41,2,LPs (BA 7/40),U,159,160,A2,PoG_L(R)_4_3,0.5,1,,,,,,,,,,,,,,,,,,,,,,,,,0.5
lpsts,1,1,2,1.24,2,LpSTS,U,123,124,cpSTS,pSTS_L(R)_2_2,0.75,1,,,,,,,,,,,,,,,,,,,,,,,,,0.75
lsloc,1,1,5,1.44,2,LSLOC,U,133,134,A7ip,SPL_L(R)_5_5,0.4286,1,,,,,,,,,,,,,,,,,,,,,,,,,0.4286
medial frontal polar cortex ba 10,1,1,7,1.44,2,Medial frontal polar cortex (BA 10),U,13,14,A10m,SFG_L(R)_7_7,0.3333,1,,,,,,,,,,,,,,,,,,,,,,,,,0.3333
medial frontal polar cortex ba 9,1,1,7,1.44,2,Medial frontal polar cortex (BA 9),U,13,14,A10m,SFG_L(R)_7_7,0.3333,1,,,,,,,,,,,,,,,,,,,,,,,,,0.3333
medial frontal polar cortex ba 9 10,1,1,7,1.44,2,Medial frontal polar cortex (BA 9/10),U,13,14,A10m,SFG_L(R)_7_7,0.3333,1,,,,,,,,,,,,,,,,,,,,,,,,,0.3333
medial frontal pole,1,1,6,1.44,2,Medial frontal pole,U,47,48,A11m,OrG_L(R)_6_4,0.375,1,,,,,,,,,,,,,,,,,,,,,,,,,0.375
medial geniculate body,1,1,8,1.44,2,Medial Geniculate body (),U,235,236,Stha,Tha_L(R)_8_3,0.3,1,,,,,,,,,,,,,,,,,,,,,,,,,0.3
medial hg,1,1,6,1.44,2,Medial HG,U,163,164,G,INS_L(R)_6_1,0.375,1,,,,,,,,,,,,,,,,,,,,,,,,,0.375
medial insula,1,1,6,1.44,2,Right medial insula,R,173,174,dId,INS_L(R)_6_6,0.375,1,,,,,,,,,,,,,,,,,,,,,,,,,0.375
medial lingual gyrus,1,1,5,1.44,2,R medial lingual gyrus,LR,191,192,rCunG,MVOcC_L(R)_5_2,0.4286,1,,,,,,,,,,,,,,,,,,,,,,,,,0.4286
medial frontal gyrus 11,1,1,6,1.44,2,Left medial frontal gyrus (11),L,47,48,A11m,OrG_L(R)_6_4,0.375,1,,,,,,,,,,,,,,,,,,,,,,,,,0.375
medial frontal gyrus 29,1,1,7,1.44,2,Medial frontal gyrus [29],U,13,14,A10m,SFG_L(R)_7_7,0.3333,1,,,,,,,,,,,,,,,,,,,,,,,,,0.3333
medial frontal gyrus 9,1,1,7,1.44,2,Medial Frontal Gyrus (9),U,11,12,A9m,SFG_L(R)_7_6,0.3333,1,,,,,,,,,,,,,,,,,,,,,,,,,0.3333
medial frontal gyrus ba 10 11,1,1,6,1.44,2,L Medial Frontal Gyrus (BA 10/11)†,L,41,42,A14m,OrG_L(R)_6_1,0.375,1,,,,,,,,,,,,,,,,,,,,,,,,,0.375
medial frontal gyrus ba 23,1,1,7,1.44,2,Medial frontal gyrus BA23,U,1,2,A8m,SFG_L(R)_7_1,0.3333,1,,,,,,,,,,,,,,,,,,,,,,,,,0.3333
medial frontal gyrus ba 25,1,1,6,1.44,2,L Medial frontal gyrus (BA 25),L,49,50,A13,OrG_L(R)_6_5,0.375,1,,,,,,,,,,,,,,,,,,,,,,,,,0.375
medial frontal gyrus ba 32,1,1,6,1.44,2,RH medial frontal gyrus (BA 32),R,227,228,dCa,BG_L(R)_6_5,0.375,1,,,,,,,,,,,,,,,,,,,,,,,,,0.375
medial frontal ofc,1,1,6,1.44,2,Medial frontal OFC,U,41,42,A14m,OrG_L(R)_6_1,0.375,1,,,,,,,,,,,,,,,,,,,,,,,,,0.375
lobule,1,1,5,1.44,2,lobule,U,129,130,A5l,SPL_L(R)_5_3,0.4286,1,,,,,,,,,,,,,,,,,,,,,,,,,0.4286
lobule viiia of cerebellum,1,1,7,1.44,2,Lobule VIIIa of cerebellum,U,13,14,A10m,SFG_L(R)_7_7,0.3333,1,,,,,,,,,,,,,,,,,,,,,,,,,0.3333
loc and posterior middle temporal gyrus,1,1,6,1.44,2,Left LOC and posterior middle temporal gyrus,L,201,202,V5/MT+,LOcC_L(R)_4_2,0.375,1,,,,,,,,,,,,,,,,,,,,,,,,,0.375
medial frontal cortex 10 11,1,1,7,1.44,2,"Medial frontal cortex (10, 11)",U,13,14,A10m,SFG_L(R)_7_7,0.3333,1,,,,,,,,,,,,,,,,,,,,,,,,,0.3333
medial frontal cortex 11,1,1,7,1.44,2,Medial frontal cortex (11),U,13,14,A10m,SFG_L(R)_7_7,0.3333,1,,,,,,,,,,,,,,,,,,,,,,,,,0.3333
medial frontal cortex 24 32,1,1,7,1.44,2,"Medial frontal cortex (24, 32)",U,179,180,A32p,CG_L(R)_7_3,0.3333,1,,,,,,,,,,,,,,,,,,,,,,,,,0.3333
medial frontal cortex and anterior cingulated,1,1,7,1.44,2,Medial frontal cortex & anterior cingulated,U,187,188,A32sg,CG_L(R)_7_7,0.3333,1,,,,,,,,,,,,,,,,,,,,,,,,,0.3333
medial frontal g ba 10,1,1,7,1.44,2,Medial frontal G. (BA 10),U,13,14,A10m,SFG_L(R)_7_7,0.3333,1,,,,,,,,,,,,,,,,,,,,,,,,,0.3333
lingual gyurs,1,1,5,1.44,2,Lingual Gyurs,U,195,196,rLinG,MVOcC_L(R)_5_4,0.4286,1,,,,,,,,,,,,,,,,,,,,,,,,,0.4286
lingual or fusiform gyrus,1,1,6,1.44,2,Lingual or fusiform gyrus,U,119,120,TH,PhG_L(R)_6_6,0.375,1,,,,,,,,,,,,,,,,,,,,,,,,,0.375
linguala,1,1,7,1.44,2,Right linguala,R,181,182,A23v,CG_L(R)_7_4,0.3333,1,,,,,,,,,,,,,,,,,,,,,,,,,0.3333
lingualgyrus,1,1,3,1.36,2,Left lingualgyrus,L,105,106,A37mv,FuG_L(R)_3_2,0.6,1,,,,,,,,,,,,,,,,,,,,,,,,,0.6
lingulai gyrus,1,1,6,1.44,2,Lingulai gyrus,U,203,204,OPC,LOcC_L(R)_4_3,0.375,1,,,,,,,,,,,,,,,,,,,,,,,,,0.375
lins,1,1,6,1.44,2,LINS,U,173,174,dId,INS_L(R)_6_6,0.375,1,,,,,,,,,,,,,,,,,,,,,,,,,0.375
lmc,1,1,4,1.41,2,LMC,U,159,160,A2,PoG_L(R)_4_3,0.5,1,,,,,,,,,,,,,,,,,,,,,,,,,0.5
lmfga,1,1,6,1.44,2,LMFGa,U,61,62,A4tl,PrG_L(R)_6_5,0.375,1,,,,,,,,,,,,,,,,,,,,,,,,,0.375
lifg ba 47,1,1,6,1.44,2,LIFG BA 47,U,45,46,A11l,OrG_L(R)_6_3,0.375,1,,,,,,,,,,,,,,,,,,,,,,,,,0.375
lifg pars opercularis,1,1,6,1.44,2,LIFG pars opercularis,U,39,40,A44v,IFG_L(R)_6_6,0.375,1,,,,,,,,,,,,,,,,,,,,,,,,,0.375
lifga,1,1,6,1.44,2,LIFGa,U,33,34,A45c,IFG_L(R)_6_3,0.375,1,,,,,,,,,,,,,,,,,,,,,,,,,0.375
light mtg,1,1,7,1.44,2,Light MTG,U,99,100,A20cl,ITG_L(R)_7_6,0.3333,1,,,,,,,,,,,,,,,,,,,,,,,,,0.3333
limbic lobe posterior cingulate,1,1,5,1.44,2,Right limbic lobe posterior cingulate,R,191,192,rCunG,MVOcC_L(R)_5_2,0.4286,1,,,,,,,,,,,,,,,,,,,,,,,,,0.4286
limbic posterior cingulate,1,1,4,1.41,2,L. limbic posterior cingulate,L,153,154,A31,PCun_L(R)_4_4,0.5,1,,,,,,,,,,,,,,,,,,,,,,,,,0.5
ling gyrus v1,1,1,6,1.44,2,Ling.Gyrus V1,U,207,208,msOccG,LOcC_L(R)_2_1,0.375,1,,,,,,,,,,,,,,,,,,,,,,,,,0.375
lingal gyrus,1,1,5,1.44,2,Lingal gyrus,U,195,196,rLinG,MVOcC_L(R)_5_4,0.4286,1,,,,,,,,,,,,,,,,,,,,,,,,,0.4286
lentiform nucleus globus pallidus,1,1,6,1.44,2,Left lentiform nucleus – globus pallidus,L,221,222,GP,BG_L(R)_6_2,0.375,1,,,,,,,,,,,,,,,,,,,,,,,,,0.375
lfc,1,1,6,1.44,2,LFC,U,53,54,A4hf,PrG_L(R)_6_1,0.375,1,,,,,,,,,,,,,,,,,,,,,,,,,0.375
lfef,1,1,6,1.44,2,LFEF,U,55,56,A6cdl,PrG_L(R)_6_2,0.375,1,,,,,,,,,,,,,,,,,,,,,,,,,0.375
lfpc,1,1,7,1.44,2,lFPC,U,19,20,A46,MFG_L(R)_7_3,0.3333,1,,,,,,,,,,,,,,,,,,,,,,,,,0.3333
lg ba 18,1,1,5,1.44,2,R LG (BA 18),R,191,192,rCunG,MVOcC_L(R)_5_2,0.4286,1,,,,,,,,,,,,,,,,,,,,,,,,,0.4286
lifg ba 45,1,1,6,1.44,2,LIFG BA 45 (& 47),U,29,30,A44d,IFG_L(R)_6_1,0.375,1,,,,,,,,,,,,,,,,,,,,,,,,,0.375
lifg ba 45 44 47,1,1,6,1.44,2,"LIFG BA 45 (44, 47)",U,31,32,IFS,IFG_L(R)_6_2,0.375,1,,,,,,,,,,,,,,,,,,,,,,,,,0.375
lifg ba 45 47 44,1,1,6,1.44,2,"LIFG BA 45 (47, 44)",U,29,30,A44d,IFG_L(R)_6_1,0.375,1,,,,,,,,,,,,,,,,,,,,,,,,,0.375
medial occipito temporal gyrus parahippocampal gyrus,1,1,2,1.24,2,Medial occipito-temporal gyrus - parahippocampal gyrus,U,217,218,cHipp,Hipp_L(R)_2_2,0.75,1,,,,,,,,,,,,,,,,,,,,,,,,,0.75
medial occipito temporal sculcus and lingual sulcus,1,1,5,1.44,2,Medial occipito-temporal sculcus and lingual sulcus,U,195,196,rLinG,MVOcC_L(R)_5_4,0.4286,1,,,,,,,,,,,,,,,,,,,,,,,,,0.4286
medial occipitotemporal gyrus,1,1,3,1.36,2,right medial occipitotemporal gyri,R,103,104,A20rv,FuG_L(R)_3_1,0.6,1,,,,,,,,,,,,,,,,,,,,,,,,,0.6
medial ofc ba 11,1,1,6,1.44,2,Medial OFC (BA 11),U,49,50,A13,OrG_L(R)_6_5,0.375,1,,,,,,,,,,,,,,,,,,,,,,,,,0.375
medial orbital cortex,1,1,6,1.44,2,Medial orbital cortex,U,45,46,A11l,OrG_L(R)_6_3,0.375,1,,,,,,,,,,,,,,,,,,,,,,,,,0.375
medial orbital frontal,1,1,7,1.44,2,Left Medial Orbital Frontal,L,187,188,A32sg,CG_L(R)_7_7,0.3333,1,,,,,,,,,,,,,,,,,,,,,,,,,0.3333
medial orbital gyrus 25,1,1,6,1.44,2,Medial orbital gyrus (25),U,49,50,A13,OrG_L(R)_6_5,0.375,1,,,,,,,,,,,,,,,,,,,,,,,,,0.375
medial orbital sulcus,1,1,6,1.44,2,Medial orbital sulcus,U,45,46,A11l,OrG_L(R)_6_3,0.375,1,,,,,,,,,,,,,,,,,,,,,,,,,0.375
medial lingual gyrus ba 18,1,1,5,1.44,2,Left Medial Lingual Gyrus BA18,L,191,192,rCunG,MVOcC_L(R)_5_2,0.4286,1,,,,,,,,,,,,,,,,,,,,,,,,,0.4286
medial m1 ba 4,1,1,2,1.24,2,Medial M1 (BA4),U,65,66,A1/2/3ll,PCL_L(R)_2_1,0.75,1,,,,,,,,,,,,,,,,,,,,,,,,,0.75
medial nucleus of septum,1,1,6,1.44,2,Medial nucleus of septum,U,223,224,NAC,BG_L(R)_6_3,0.375,1,,,,,,,,,,,,,,,,,,,,,,,,,0.375
medial occipital cortex ba 18,1,1,5,1.44,2,Left medial occipital cortex (BA 18),L,189,190,cLinG,MVOcC_L(R)_5_1,0.4286,1,,,,,,,,,,,,,,,,,,,,,,,,,0.4286
medial occipital cortex ba 19,1,1,6,1.44,2,Right medial occipital cortex (BA 19),R,207,208,msOccG,LOcC_L(R)_2_1,0.375,1,,,,,,,,,,,,,,,,,,,,,,,,,0.375
medial occipital lobe,1,1,6,1.44,2,Medial Occipital Lobe,U,207,208,msOccG,LOcC_L(R)_2_1,0.375,1,,,,,,,,,,,,,,,,,,,,,,,,,0.375
medial occipito parietal cortex ba 7 19,1,1,4,1.41,2,Left medial occipito-parietal cortex (BA 7/19),L,151,152,dmPOS,PCun_L(R)_4_3,0.5,1,,,,,,,,,,,,,,,,,,,,,,,,,0.5
medial occipito temporal gyrus lingual gyrus,1,1,5,1.44,2,Medial occipito-temporal gyrus - lingual gyrus,U,193,194,cCunG,MVOcC_L(R)_5_3,0.4286,1,,,,,,,,,,,,,,,,,,,,,,,,,0.4286
lateral premotor cortex,1,1,7,1.44,2,Lateral premotor cortex,U,25,26,A6vl,MFG_L(R)_7_6,0.3333,1,,,,,,,,,,,,,,,,,,,,,,,,,0.3333
lateral superior temporal gyrus,1,1,6,1.44,2,Lateral superior temporal gyrus,U,75,76,A22c,STG_L(R)_6_4,0.375,1,,,,,,,,,,,,,,,,,,,,,,,,,0.375
lateral temporal cortex ba 21,1,1,4,1.41,2,Left lateral temporal cortex (BA 21),L,81,82,A21c,MTG_L(R)_4_1,0.5,1,,,,,,,,,,,,,,,,,,,,,,,,,0.5
lateral temporal cortex ba 22,1,1,6,1.44,2,Right lateral temporal cortex (BA 22),R,73,74,TE1.0 and TE1.2,STG_L(R)_6_3,0.375,1,,,,,,,,,,,,,,,,,,,,,,,,,0.375
lateral temporal cortex ba 37,1,1,7,1.44,2,Right lateral temporal cortex (BA 37),R,97,98,A37vl,ITG_L(R)_7_5,0.3333,1,,,,,,,,,,,,,,,,,,,,,,,,,0.3333
lateral temporal cortex ba 42,1,1,6,1.44,2,Right lateral temporal cortex (BA 42),R,71,72,A41/42,STG_L(R)_6_2,0.375,1,,,,,,,,,,,,,,,,,,,,,,,,,0.375
lateral temporal occipital cortex,1,1,6,1.44,2,Left Lateral Temporal-Occipital Cortex (TOC),L,201,202,V5/MT+,LOcC_L(R)_4_2,0.375,1,,,,,,,,,,,,,,,,,,,,,,,,,0.375
lateral thalamus,1,1,8,1.44,2,Lateral thalamus,U,245,246,lPFtha,Tha_L(R)_8_8,0.3,1,,,,,,,,,,,,,,,,,,,,,,,,,0.3
medial prefrontal gyrus ba 10,1,1,7,1.44,2,Left medial prefrontal gyrus (BA10),L,13,14,A10m,SFG_L(R)_7_7,0.3333,1,,,,,,,,,,,,,,,,,,,,,,,,,0.3333
medial rostral pfc ba 10,1,1,7,1.44,2,Left medial rostral PFC (BA 10),L,5,6,A9l,SFG_L(R)_7_3,0.3333,1,,,,,,,,,,,,,,,,,,,,,,,,,0.3333
medial superior frontal gryus,1,1,7,1.44,2,Medial superior frontal gryus*,U,11,12,A9m,SFG_L(R)_7_6,0.3333,1,,,,,,,,,,,,,,,,,,,,,,,,,0.3333
lateral orbito frontal,1,1,6,1.44,2,Lateral-orbito frontal,U,49,50,A13,OrG_L(R)_6_5,0.375,1,,,,,,,,,,,,,,,,,,,,,,,,,0.375
lateral orbitofrontal,1,1,6,1.44,2,Lateral orbitofrontal,U,45,46,A11l,OrG_L(R)_6_3,0.375,1,,,,,,,,,,,,,,,,,,,,,,,,,0.375
lateral orbitofrontal cortex ba 47,1,1,6,1.44,2,Lateral orbitofrontal cortex (BA 47),U,37,38,A44op,IFG_L(R)_6_5,0.375,1,,,,,,,,,,,,,,,,,,,,,,,,,0.375
lateral orbitofrontal ctx,1,1,6,1.44,2,Lateral Orbitofrontal Ctx (LOFC),U,51,52,A12/47l,OrG_L(R)_6_6,0.375,1,,,,,,,,,,,,,,,,,,,,,,,,,0.375
lateral premotor ba 6,1,1,7,1.44,2,Lateral premotor (BA 6),U,25,26,A6vl,MFG_L(R)_7_6,0.3333,1,,,,,,,,,,,,,,,,,,,,,,,,,0.3333
medial posterior parietal and precuneus,1,1,4,1.41,2,Medial posterior parietal and precuneus,U,151,152,dmPOS,PCun_L(R)_4_3,0.5,1,,,,,,,,,,,,,,,,,,,,,,,,,0.5
medial pre frontal,1,1,7,1.44,2,Medial pre-frontal,U,11,12,A9m,SFG_L(R)_7_6,0.3333,1,,,,,,,,,,,,,,,,,,,,,,,,,0.3333
medial precentral gyrus,1,1,6,1.44,2,Medial precentral gyrus,U,57,58,A4ul,PrG_L(R)_6_3,0.375,1,,,,,,,,,,,,,,,,,,,,,,,,,0.375
medial precuneus,1,1,5,1.44,2,Medial Precuneus,U,197,198,vmPOS,MVOcC_L(R)_5_5,0.4286,1,,,,,,,,,,,,,,,,,,,,,,,,,0.4286
medial prefrontal ba 9 10,1,1,7,1.44,2,"medial prefrontal (BA 9, 10)",U,13,14,A10m,SFG_L(R)_7_7,0.3333,1,,,,,,,,,,,,,,,,,,,,,,,,,0.3333
medial prefrontal cortex ba 32,1,1,6,1.44,2,Medial prefrontal cortex (BA 32),U,41,42,A14m,OrG_L(R)_6_1,0.375,1,,,,,,,,,,,,,,,,,,,,,,,,,0.375
medial prefrontal cortex ba 8,1,1,7,1.44,2,Medial prefrontal cortex (BA8),U,11,12,A9m,SFG_L(R)_7_6,0.3333,1,,,,,,,,,,,,,,,,,,,,,,,,,0.3333
medial prefrontal ctx,1,1,7,1.44,2,Medial Prefrontal Ctx.,U,13,14,A10m,SFG_L(R)_7_7,0.3333,1,,,,,,,,,,,,,,,,,,,,,,,,,0.3333
lingual cortex,1,1,5,1.44,2,Lingual cortex,U,195,196,rLinG,MVOcC_L(R)_5_4,0.4286,1,,,,,,,,,,,,,,,,,,,,,,,,,0.4286
lingual gyr,1,1,4,1.41,2,Lingual gyr.,U,151,152,dmPOS,PCun_L(R)_4_3,0.5,1,,,,,,,,,,,,,,,,,,,,,,,,,0.5
medial orbitofrontal,1,1,6,1.44,2,L medial orbitofrontal,LR,49,50,A13,OrG_L(R)_6_5,0.375,1,,,,,,,,,,,,,,,,,,,,,,,,,0.375
medial orbitofrontal ba 11,1,1,6,1.44,2,Medial orbitofrontal (BA 11),U,41,42,A14m,OrG_L(R)_6_1,0.375,1,,,,,,,,,,,,,,,,,,,,,,,,,0.375
medial parahippocampal gyrus,1,1,2,1.24,2,L Medial parahippocampal gyrus,L,215,216,rHipp,Hipp_L(R)_2_1,0.75,1,,,,,,,,,,,,,,,,,,,,,,,,,0.75
medial parietal,1,1,7,1.44,2,Medial parietal,U,181,182,A23v,CG_L(R)_7_4,0.3333,1,,,,,,,,,,,,,,,,,,,,,,,,,0.3333
medial parietal lobe,1,1,4,1.41,2,Medial parietal lobe,U,149,150,A5m,PCun_L(R)_4_2,0.5,1,,,,,,,,,,,,,,,,,,,,,,,,,0.5
medial pfc ba 8,1,1,7,1.44,2,Right medial PFC (BA 8),R,5,6,A9l,SFG_L(R)_7_3,0.3333,1,,,,,,,,,,,,,,,,,,,,,,,,,0.3333
lateral occipital complex,1,1,3,1.36,2,Lateral occipital complex,U,105,106,A37mv,FuG_L(R)_3_2,0.6,1,,,,,,,,,,,,,,,,,,,,,,,,,0.6
lateral occipital cortex 19,1,1,6,1.44,2,Lateral occipital cortex (19),U,201,202,V5/MT+,LOcC_L(R)_4_2,0.375,1,,,,,,,,,,,,,,,,,,,,,,,,,0.375
lateral occipital cortex ba 19,1,1,6,1.44,2,Right lateral occipital cortex (BA 19),R,135,136,A39c,IPL_L(R)_6_1,0.375,1,,,,,,,,,,,,,,,,,,,,,,,,,0.375
lateral occipital cortex tactile visual,1,1,6,1.44,2,Left Lateral Occipital Cortex tactile-visual (LOtv),L,201,202,V5/MT+,LOcC_L(R)_4_2,0.375,1,,,,,,,,,,,,,,,,,,,,,,,,,0.375
lateral occipital cx,1,1,6,1.44,2,Lateral occipital cx.,U,199,200,mOccG,LOcC_L(R)_4_1,0.375,1,,,,,,,,,,,,,,,,,,,,,,,,,0.375
lateral occipital g,1,1,6,1.44,2,Lateral occipital g.,U,207,208,msOccG,LOcC_L(R)_2_1,0.375,1,,,,,,,,,,,,,,,,,,,,,,,,,0.375
lateral occipital lobe,1,1,6,1.44,2,Lateral occipital lobe,U,199,200,mOccG,LOcC_L(R)_4_1,0.375,1,,,,,,,,,,,,,,,,,,,,,,,,,0.375
lateral occipital sulcus,1,1,6,1.44,2,L. Lateral occipital sulcus,LR,201,202,V5/MT+,LOcC_L(R)_4_2,0.375,1,,,,,,,,,,,,,,,,,,,,,,,,,0.375
mfg ba 8,1,1,7,1.44,2,L. MFG (BA 8),L,3,4,A8dl,SFG_L(R)_7_2,0.3333,1,,,,,,,,,,,,,,,,,,,,,,,,,0.3333
lateral fog,1,1,6,1.44,2,Lateral FOG,U,45,46,A11l,OrG_L(R)_6_3,0.375,1,,,,,,,,,,,,,,,,,,,,,,,,,0.375
lateral frontal gyrus,1,1,7,1.44,2,Lateral frontal gyrus,U,17,18,IFJ,MFG_L(R)_7_2,0.3333,1,,,,,,,,,,,,,,,,,,,,,,,,,0.3333
lateral frontal pole,1,1,7,1.44,2,Lateral frontal pole,U,27,28,A10l,MFG_L(R)_7_7,0.3333,1,,,,,,,,,,,,,,,,,,,,,,,,,0.3333
lateral geniculum body,1,1,8,1.44,2,Lateral Geniculum Body,U,239,240,PPtha,Tha_L(R)_8_5,0.3,1,,,,,,,,,,,,,,,,,,,,,,,,,0.3
lateral gp,1,1,6,1.44,2,Lateral GP,U,219,220,vCa,BG_L(R)_6_1,0.375,1,,,,,,,,,,,,,,,,,,,,,,,,,0.375
lateral middle frontal,1,1,7,1.44,2,lateral middle frontal,U,15,16,A9/46d,MFG_L(R)_7_1,0.3333,1,,,,,,,,,,,,,,,,,,,,,,,,,0.3333
lateral occipital and lingual gyrus,1,1,6,1.44,2,L lateral occipital and lingual gyrus,L,205,206,iOccG,LOcC_L(R)_4_4,0.375,1,,,,,,,,,,,,,,,,,,,,,,,,,0.375
medial temporal lobe ba 20 27 35 36,1,1,6,1.44,2,L. medial temporal lobes (BA 20/27/35/36),LR,119,120,TH,PhG_L(R)_6_6,0.375,1,,,,,,,,,,,,,,,,,,,,,,,,,0.375
medial temportal pole,1,1,4,1.41,2,Medial temportal pole,U,159,160,A2,PoG_L(R)_4_3,0.5,1,,,,,,,,,,,,,,,,,,,,,,,,,0.5
medial tts,1,1,6,1.44,2,Medial TTS,U,163,164,G,INS_L(R)_6_1,0.375,1,,,,,,,,,,,,,,,,,,,,,,,,,0.375
medial ventral frontopolar cortex,1,1,6,1.44,2,Medial ventral frontopolar cortex,U,41,42,A14m,OrG_L(R)_6_1,0.375,1,,,,,,,,,,,,,,,,,,,,,,,,,0.375
medial wall and precuneus,1,1,6,1.44,2,medial wall and precuneus,U,41,42,A14m,OrG_L(R)_6_1,0.375,1,,,,,,,,,,,,,,,,,,,,,,,,,0.375
mediodorsal thalamic nucleus,1,1,8,1.44,2,Mediodorsal thalamic nucleus,U,237,238,rTtha,Tha_L(R)_8_4,0.3,1,,,,,,,,,,,,,,,,,,,,,,,,,0.3
medulla,1,1,7,1.44,2,Medulla,U,11,12,A9m,SFG_L(R)_7_6,0.3333,1,,,,,,,,,,,,,,,,,,,,,,,,,0.3333
mesial prefrontal cortex,1,1,7,1.44,2,Mesial prefrontal cortex,U,13,14,A10m,SFG_L(R)_7_7,0.3333,1,,,,,,,,,,,,,,,,,,,,,,,,,0.3333
lateral ventral frontopolar cortex,1,1,7,1.44,2,Lateral ventral frontopolar cortex,U,27,28,A10l,MFG_L(R)_7_7,0.3333,1,,,,,,,,,,,,,,,,,,,,,,,,,0.3333
lef opercular part of inferior frontal gyrus,1,1,6,1.44,2,Lef opercular part of inferior frontal gyrus,U,63,64,A6cvl,PrG_L(R)_6_6,0.375,1,,,,,,,,,,,,,,,,,,,,,,,,,0.375
leftt lingual gyrus,1,1,5,1.44,2,Leftt Lingual Gyrus,U,189,190,cLinG,MVOcC_L(R)_5_1,0.4286,1,,,,,,,,,,,,,,,,,,,,,,,,,0.4286
leniform nuclues,1,1,6,1.44,2,Leniform Nuclues,U,219,220,vCa,BG_L(R)_6_1,0.375,1,,,,,,,,,,,,,,,,,,,,,,,,,0.375
lenticular nucleus,1,1,6,1.44,2,lenticular nucleus,U,223,224,NAC,BG_L(R)_6_3,0.375,1,,,,,,,,,,,,,,,,,,,,,,,,,0.375
lentiform ncl,1,1,6,1.44,2,Lentiform Ncl.,U,225,226,vmPu,BG_L(R)_6_4,0.375,1,,,,,,,,,,,,,,,,,,,,,,,,,0.375
medial superior parietal cortex ba 7,1,1,4,1.41,2,Medial Superior Parietal Cortex (BA 7),U,147,148,A7m,PCun_L(R)_4_1,0.5,1,,,,,,,,,,,,,,,,,,,,,,,,,0.5
medial supplementary motor area,1,1,7,1.44,2,Medial supplementary motor area,U,1,2,A8m,SFG_L(R)_7_1,0.3333,1,,,,,,,,,,,,,,,,,,,,,,,,,0.3333
ips v,1,1,6,1.44,2,Left IPS v,L,209,210,lsOccG,LOcC_L(R)_2_2,0.375,1,,,,,,,,,,,,,,,,,,,,,,,,,0.375
ipsa,1,1,5,1.44,2,Left IPSa,LR,133,134,A7ip,SPL_L(R)_5_5,0.4286,1,,,,,,,,,,,,,,,,,,,,,,,,,0.4286
ipsilesional psmc,1,1,6,1.44,2,Ipsilesional PSMC,U,57,58,A4ul,PrG_L(R)_6_3,0.375,1,,,,,,,,,,,,,,,,,,,,,,,,,0.375
ipto,1,1,6,1.44,2,-IPTO,U,207,208,msOccG,LOcC_L(R)_2_1,0.375,1,,,,,,,,,,,,,,,,,,,,,,,,,0.375
isthmus cingulate cortex,1,1,7,1.44,2,Isthmus Cingulate Cortex,U,175,176,A23d,CG_L(R)_7_1,0.3333,1,,,,,,,,,,,,,,,,,,,,,,,,,0.3333
itg 37,1,1,7,1.44,2,ITG (37),U,97,98,A37vl,ITG_L(R)_7_5,0.3333,1,,,,,,,,,,,,,,,,,,,,,,,,,0.3333
juxtapositional lobule c,1,1,8,1.44,2,Juxtapositional lobule c.,U,237,238,rTtha,Tha_L(R)_8_4,0.3,1,,,,,,,,,,,,,,,,,,,,,,,,,0.3
laic,1,1,6,1.44,2,LaIC,U,61,62,A4tl,PrG_L(R)_6_5,0.375,1,,,,,,,,,,,,,,,,,,,,,,,,,0.375
mid cingulum gyrus,1,1,7,1.44,2,Mid cingulum gyrus,U,185,186,A23c,CG_L(R)_7_6,0.3333,1,,,,,,,,,,,,,,,,,,,,,,,,,0.3333
mid fg,1,1,3,1.36,2,Mid-FG (LOa),U,107,108,A37lv,FuG_L(R)_3_3,0.6,1,,,,,,,,,,,,,,,,,,,,,,,,,0.6
mid fr gyk,1,1,7,1.44,2,Mid Fr GyK,U,19,20,A46,MFG_L(R)_7_3,0.3333,1,,,,,,,,,,,,,,,,,,,,,,,,,0.3333
mid frontal g,1,1,7,1.44,2,Mid frontal g,U,25,26,A6vl,MFG_L(R)_7_6,0.3333,1,,,,,,,,,,,,,,,,,,,,,,,,,0.3333
mid frontal gyrusb,1,1,7,1.44,2,Mid. frontal gyrusb,U,25,26,A6vl,MFG_L(R)_7_6,0.3333,1,,,,,,,,,,,,,,,,,,,,,,,,,0.3333
mid frontal gyurs,1,1,7,1.44,2,Mid. frontal gyurs,U,23,24,A8vl,MFG_L(R)_7_5,0.3333,1,,,,,,,,,,,,,,,,,,,,,,,,,0.3333
mid frontal lobe,1,1,7,1.44,2,Right Mid Frontal Lobe,R,23,24,A8vl,MFG_L(R)_7_5,0.3333,1,,,,,,,,,,,,,,,,,,,,,,,,,0.3333
ips d,1,1,5,1.44,2,Left IPS d,L,133,134,A7ip,SPL_L(R)_5_5,0.4286,1,,,,,,,,,,,,,,,,,,,,,,,,,0.4286
mid acc,1,1,7,1.44,2,Mid ACC,U,11,12,A9m,SFG_L(R)_7_6,0.3333,1,,,,,,,,,,,,,,,,,,,,,,,,,0.3333
mid acc 24,1,1,7,1.44,2,mid ACC (24) *,U,179,180,A32p,CG_L(R)_7_3,0.3333,1,,,,,,,,,,,,,,,,,,,,,,,,,0.3333
mid anterior stg,1,1,6,1.44,2,Left mid-anterior STG,L,79,80,A22r,STG_L(R)_6_6,0.375,1,,,,,,,,,,,,,,,,,,,,,,,,,0.375
mid anterior superior temporal gyrus,1,1,6,1.44,2,R mid-anterior Superior Temporal gyrus,R,75,76,A22c,STG_L(R)_6_4,0.375,1,,,,,,,,,,,,,,,,,,,,,,,,,0.375
mid cc,1,1,7,1.44,2,Mid. CC,U,175,176,A23d,CG_L(R)_7_1,0.3333,1,,,,,,,,,,,,,,,,,,,,,,,,,0.3333
mid cc ba 24,1,1,8,1.44,2,Right Mid CC (BA24),R,233,234,mPMtha,Tha_L(R)_8_2,0.3,1,,,,,,,,,,,,,,,,,,,,,,,,,0.3
mid cing,1,1,7,1.44,2,Mid cing,U,185,186,A23c,CG_L(R)_7_6,0.3333,1,,,,,,,,,,,,,,,,,,,,,,,,,0.3333
mid cingulate cortx,1,1,7,1.44,2,Mid. Cingulate cortx,U,11,12,A9m,SFG_L(R)_7_6,0.3333,1,,,,,,,,,,,,,,,,,,,,,,,,,0.3333
lateral occipital visual area,1,1,6,1.44,2,Lateral occipital visual areas,U,201,202,V5/MT+,LOcC_L(R)_4_2,0.375,1,,,,,,,,,,,,,,,,,,,,,,,,,0.375
lateral occipitotemporal gyrus,1,1,4,1.41,2,Right lateral occipitotemporal gyrus,R,83,84,A21r,MTG_L(R)_4_2,0.5,1,,,,,,,,,,,,,,,,,,,,,,,,,0.5
lateral orbital cortex,1,1,6,1.44,2,Left lateral orbital cortex,L,165,166,vIa,INS_L(R)_6_2,0.375,1,,,,,,,,,,,,,,,,,,,,,,,,,0.375
lateral orbital frontal cortex,1,1,7,1.44,2,Lateral orbital frontal cortex,U,19,20,A46,MFG_L(R)_7_3,0.3333,1,,,,,,,,,,,,,,,,,,,,,,,,,0.3333
lateral orbital g,1,1,7,1.44,2,lateral orbital G,U,19,20,A46,MFG_L(R)_7_3,0.3333,1,,,,,,,,,,,,,,,,,,,,,,,,,0.3333
mfg ba 9,1,1,7,1.44,2,R. MFG (BA 9),R,17,18,IFJ,MFG_L(R)_7_2,0.3333,1,,,,,,,,,,,,,,,,,,,,,,,,,0.3333
mfg1,1,1,7,1.44,2,MFG1,U,15,16,A9/46d,MFG_L(R)_7_1,0.3333,1,,,,,,,,,,,,,,,,,,,,,,,,,0.3333
mfg2,1,1,7,1.44,2,MFG2,U,15,16,A9/46d,MFG_L(R)_7_1,0.3333,1,,,,,,,,,,,,,,,,,,,,,,,,,0.3333
mid posterior stg,1,1,6,1.44,2,Left mid-posterior left STG,L,71,72,A41/42,STG_L(R)_6_2,0.375,1,,,,,,,,,,,,,,,,,,,,,,,,,0.375
mid sts,1,1,4,1.41,2,Right mid-STS,R,87,88,aSTS,MTG_L(R)_4_4,0.5,1,,,,,,,,,,,,,,,,,,,,,,,,,0.5
mid temp gyp,1,1,4,1.41,2,Mid Temp GyP,U,87,88,aSTS,MTG_L(R)_4_4,0.5,1,,,,,,,,,,,,,,,,,,,,,,,,,0.5
mid temporal cortex,1,1,4,1.41,2,Left mid temporal cortex,L,81,82,A21c,MTG_L(R)_4_1,0.5,1,,,,,,,,,,,,,,,,,,,,,,,,,0.5
mid temporal gyrus ba 21,1,1,6,1.44,2,Mid. temporal gyrus (BA 21),U,143,144,A39rv,IPL_L(R)_6_5,0.375,1,,,,,,,,,,,,,,,,,,,,,,,,,0.375
mid temporal lobe,1,1,6,1.44,2,Right Mid Temporal Lobe,R,77,78,A38l,STG_L(R)_6_5,0.375,1,,,,,,,,,,,,,,,,,,,,,,,,,0.375
mid to inf temp gy,1,1,4,1.41,2,Mid to Inf Temp Gy,U,83,84,A21r,MTG_L(R)_4_2,0.5,1,,,,,,,,,,,,,,,,,,,,,,,,,0.5
mid vlpfc,1,1,6,1.44,2,Mid-VLPFC,U,33,34,A45c,IFG_L(R)_6_3,0.375,1,,,,,,,,,,,,,,,,,,,,,,,,,0.375
mid occipital g,1,1,6,1.44,2,R mid occipital G,R,199,200,mOccG,LOcC_L(R)_4_1,0.375,1,,,,,,,,,,,,,,,,,,,,,,,,,0.375
mid occipital gyrus ba 18,1,1,6,1.44,2,Mid. occipital gyrus (BA 18),U,199,200,mOccG,LOcC_L(R)_4_1,0.375,1,,,,,,,,,,,,,,,,,,,,,,,,,0.375
mid occipital lobe,1,1,6,1.44,2,Mid. occipital lobe L,L,111,112,A35/36c,PhG_L(R)_6_2,0.375,1,,,,,,,,,,,,,,,,,,,,,,,,,0.375
mid ofc,1,1,6,1.44,2,Mid OFC,U,45,46,A11l,OrG_L(R)_6_3,0.375,1,,,,,,,,,,,,,,,,,,,,,,,,,0.375
mid og,1,1,6,1.44,2,Mid OG,U,199,200,mOccG,LOcC_L(R)_4_1,0.375,1,,,,,,,,,,,,,,,,,,,,,,,,,0.375
mid orbital frontal,1,1,6,1.44,2,Mid. orbital frontal,U,41,42,A14m,OrG_L(R)_6_1,0.375,1,,,,,,,,,,,,,,,,,,,,,,,,,0.375
mid orbital gyr,1,1,6,1.44,2,Mid. Orbital gyr.,U,51,52,A12/47l,OrG_L(R)_6_6,0.375,1,,,,,,,,,,,,,,,,,,,,,,,,,0.375
mid posterior insula,1,1,6,1.44,2,Mid – posterior insula,U,169,170,vId/vIg,INS_L(R)_6_4,0.375,1,,,,,,,,,,,,,,,,,,,,,,,,,0.375
lateral dlpfc,1,1,7,1.44,2,Lateral DLPFC,U,23,24,A8vl,MFG_L(R)_7_5,0.3333,1,,,,,,,,,,,,,,,,,,,,,,,,,0.3333
lateral extrastriate cortex,1,1,6,1.44,2,Lateral extrastriate cortex,U,209,210,lsOccG,LOcC_L(R)_2_2,0.375,1,,,,,,,,,,,,,,,,,,,,,,,,,0.375
mid ifg,1,1,6,1.44,2,Mid-IFG,U,31,32,IFS,IFG_L(R)_6_2,0.375,1,,,,,,,,,,,,,,,,,,,,,,,,,0.375
mid insular cortex,1,1,6,1.44,2,Mid insular cortex,U,173,174,dId,INS_L(R)_6_6,0.375,1,,,,,,,,,,,,,,,,,,,,,,,,,0.375
mid lofc,1,1,6,1.44,2,Mid LOFC,U,51,52,A12/47l,OrG_L(R)_6_6,0.375,1,,,,,,,,,,,,,,,,,,,,,,,,,0.375
mid occ,1,1,6,1.44,2,Mid. Occ.,U,143,144,A39rv,IPL_L(R)_6_5,0.375,1,,,,,,,,,,,,,,,,,,,,,,,,,0.375
mid occipital and calcarine,1,1,6,1.44,2,Left mid occipital and calcarine,L,205,206,iOccG,LOcC_L(R)_4_4,0.375,1,,,,,,,,,,,,,,,,,,,,,,,,,0.375
mid occipital cortex,1,1,6,1.44,2,Mid-occipital cortex,U,201,202,V5/MT+,LOcC_L(R)_4_2,0.375,1,,,,,,,,,,,,,,,,,,,,,,,,,0.375
lamy,1,1,2,1.24,2,lAMY,U,215,216,rHipp,Hipp_L(R)_2_1,0.75,1,,,,,,,,,,,,,,,,,,,,,,,,,0.75
lat dpmc,1,1,7,1.44,2,lat dPMC,U,25,26,A6vl,MFG_L(R)_7_6,0.3333,1,,,,,,,,,,,,,,,,,,,,,,,,,0.3333
lat glob pallidus,1,1,6,1.44,2,Left lat glob pallidus (lentiform nucleus),LR,221,222,GP,BG_L(R)_6_2,0.375,1,,,,,,,,,,,,,,,,,,,,,,,,,0.375
lat inf occipital,1,1,6,1.44,2,Lat inf occipital,U,201,202,V5/MT+,LOcC_L(R)_4_2,0.375,1,,,,,,,,,,,,,,,,,,,,,,,,,0.375
lateral bank of ips ips,1,1,6,1.44,2,Right lateral bank of IPS—IPS,R,141,142,A40c,IPL_L(R)_6_4,0.375,1,,,,,,,,,,,,,,,,,,,,,,,,,0.375
lateral calcarine cortex,1,1,5,1.44,2,Left lateral calcarine cortices,L,197,198,vmPOS,MVOcC_L(R)_5_5,0.4286,1,,,,,,,,,,,,,,,,,,,,,,,,,0.4286
lateral cerebellum,1,1,5,1.44,2,Left lateral cerebellum,LR,197,198,vmPOS,MVOcC_L(R)_5_5,0.4286,1,,,,,,,,,,,,,,,,,,,,,,,,,0.4286
lateral cuneus,1,1,6,1.44,2,Lateral cuneus,U,135,136,A39c,IPL_L(R)_6_1,0.375,1,,,,,,,,,,,,,,,,,,,,,,,,,0.375
ipcdamh,1,1,4,1.41,2,IPCdamh,U,159,160,A2,PoG_L(R)_4_3,0.5,1,,,,,,,,,,,,,,,,,,,,,,,,,0.5
ipcs,1,1,7,1.44,2,IPCS,U,17,18,IFJ,MFG_L(R)_7_2,0.3333,1,,,,,,,,,,,,,,,,,,,,,,,,,0.3333
ipcundamh,1,1,5,1.44,2,IPCundamh,U,129,130,A5l,SPL_L(R)_5_3,0.4286,1,,,,,,,,,,,,,,,,,,,,,,,,,0.4286
ipl and,1,1,6,1.44,2,Left IPL and extend to MOG,L,137,138,A39rd,IPL_L(R)_6_2,0.375,1,,,,,,,,,,,,,,,,,,,,,,,,,0.375
ipl ba 39,1,1,6,1.44,2,R IPL (BA 39),R,143,144,A39rv,IPL_L(R)_6_5,0.375,1,,,,,,,,,,,,,,,,,,,,,,,,,0.375
ipl ba 40,1,1,6,1.44,2,R. IPL (BA 40),R,141,142,A40c,IPL_L(R)_6_4,0.375,1,,,,,,,,,,,,,,,,,,,,,,,,,0.375
ips ba 7,1,1,6,1.44,2,LH IPS (BA 7),LR,139,140,A40rd,IPL_L(R)_6_3,0.375,1,,,,,,,,,,,,,,,,,,,,,,,,,0.375
middle cerebellar peduncle,1,1,2,1.24,2,Middle cerebellar peduncle,U,217,218,cHipp,Hipp_L(R)_2_2,0.75,1,,,,,,,,,,,,,,,,,,,,,,,,,0.75
intracalcarine sulcus,1,1,5,1.44,2,Intracalcarine sulcus,U,191,192,rCunG,MVOcC_L(R)_5_2,0.4286,1,,,,,,,,,,,,,,,,,,,,,,,,,0.4286
intracalcerine cortex,1,1,5,1.44,2,Intracalcerine Cortex L,LR,191,192,rCunG,MVOcC_L(R)_5_2,0.4286,1,,,,,,,,,,,,,,,,,,,,,,,,,0.4286
intraoccipital sulcus,1,1,6,1.44,2,Left intraoccipital sulcus,L,135,136,A39c,IPL_L(R)_6_1,0.375,1,,,,,,,,,,,,,,,,,,,,,,,,,0.375
intrapaprietal sulcus,1,1,6,1.44,2,Right intrapaprietal sulcus (IPS),R,139,140,A40rd,IPL_L(R)_6_3,0.375,1,,,,,,,,,,,,,,,,,,,,,,,,,0.375
intraparietal sulcus 1,1,1,5,1.44,2,Intraparietal sulcus†1,U,197,198,vmPOS,MVOcC_L(R)_5_5,0.4286,1,,,,,,,,,,,,,,,,,,,,,,,,,0.4286
intraparietal sulcus ba 39,1,1,6,1.44,2,Intraparietal sulcus (BA 39),U,209,210,lsOccG,LOcC_L(R)_2_2,0.375,1,,,,,,,,,,,,,,,,,,,,,,,,,0.375
intraparietal transverseoccipital,1,1,6,1.44,2,-IntraParietal-TransverseOccipital (IPTO),U,135,136,A39c,IPL_L(R)_6_1,0.375,1,,,,,,,,,,,,,,,,,,,,,,,,,0.375
ipc 1,1,1,6,1.44,2,Left IPC (PGP)1,L,143,144,A39rv,IPL_L(R)_6_5,0.375,1,,,,,,,,,,,,,,,,,,,,,,,,,0.375
middle and superior,1,1,7,1.44,2,L middle and superior,L,23,24,A8vl,MFG_L(R)_7_5,0.3333,1,,,,,,,,,,,,,,,,,,,,,,,,,0.3333
middle and superior frontal gyrus 10,1,1,7,1.44,2,R middle and superior frontal gyrus (10),R,15,16,A9/46d,MFG_L(R)_7_1,0.3333,1,,,,,,,,,,,,,,,,,,,,,,,,,0.3333
middle and superior occipital gyrus,1,1,6,1.44,2,LH middle and superior occipital gyri,L,199,200,mOccG,LOcC_L(R)_4_1,0.375,1,,,,,,,,,,,,,,,,,,,,,,,,,0.375
middle and superior temporal gyrus,1,1,4,1.41,2,Right middle and superior temporal gyrus (anterior),R,87,88,aSTS,MTG_L(R)_4_4,0.5,1,,,,,,,,,,,,,,,,,,,,,,,,,0.5
middle central sulcus,1,1,6,1.44,2,Left middle central sulcus,L,61,62,A4tl,PrG_L(R)_6_5,0.375,1,,,,,,,,,,,,,,,,,,,,,,,,,0.375
insulo opercular region,1,1,6,1.44,2,Insulo-opercular region,U,145,146,A40rv,IPL_L(R)_6_6,0.375,1,,,,,,,,,,,,,,,,,,,,,,,,,0.375
internal globus pallidus,1,1,8,1.44,2,Internal globus pallidus (GPi),U,231,232,mPFtha,Tha_L(R)_8_1,0.3,1,,,,,,,,,,,,,,,,,,,,,,,,,0.3
intra occipital sulcus,1,1,5,1.44,2,Intra-occipital sulcus,U,133,134,A7ip,SPL_L(R)_5_5,0.4286,1,,,,,,,,,,,,,,,,,,,,,,,,,0.4286
midbrain subthalamic nucleus,1,1,8,1.44,2,Left midbrain – subthalamic nucleus,L,245,246,lPFtha,Tha_L(R)_8_8,0.3,1,,,,,,,,,,,,,,,,,,,,,,,,,0.3
midcingulate ba 24,1,1,7,1.44,2,midcingulate (BA 24),U,11,12,A9m,SFG_L(R)_7_6,0.3333,1,,,,,,,,,,,,,,,,,,,,,,,,,0.3333
midcingulate crtx,1,1,7,1.44,2,midCingulate Crtx,U,11,12,A9m,SFG_L(R)_7_6,0.3333,1,,,,,,,,,,,,,,,,,,,,,,,,,0.3333
midcingulum,1,1,7,1.44,2,Midcingulum,U,185,186,A23c,CG_L(R)_7_6,0.3333,1,,,,,,,,,,,,,,,,,,,,,,,,,0.3333
middel frontal gyrus,1,1,7,1.44,2,Middel frontal gyrus,U,15,16,A9/46d,MFG_L(R)_7_1,0.3333,1,,,,,,,,,,,,,,,,,,,,,,,,,0.3333
middle and anterior cingulate,1,1,7,1.44,2,Middle and anterior cingulate,U,177,178,A24rv,CG_L(R)_7_2,0.3333,1,,,,,,,,,,,,,,,,,,,,,,,,,0.3333
middle and inferior frontal gyrus 10 46,1,1,7,1.44,2,"R middle and inferior frontal gyrus (10, 46)",R,19,20,A46,MFG_L(R)_7_3,0.3333,1,,,,,,,,,,,,,,,,,,,,,,,,,0.3333
middle and posterior cingulate gyrus,1,1,7,1.44,2,Middle and posterior cingulate gyrus,U,175,176,A23d,CG_L(R)_7_1,0.3333,1,,,,,,,,,,,,,,,,,,,,,,,,,0.3333
insula1,1,1,6,1.44,2,Right insula1,R,37,38,A44op,IFG_L(R)_6_5,0.375,1,,,,,,,,,,,,,,,,,,,,,,,,,0.375
insulab,1,1,6,1.44,2,Insulab,U,171,172,dIg,INS_L(R)_6_5,0.375,1,,,,,,,,,,,,,,,,,,,,,,,,,0.375
insulah,1,1,6,1.44,2,InsulaH,U,167,168,dIa,INS_L(R)_6_3,0.375,1,,,,,,,,,,,,,,,,,,,,,,,,,0.375
insulam,1,1,6,1.44,2,InsulaM,U,173,174,dId,INS_L(R)_6_6,0.375,1,,,,,,,,,,,,,,,,,,,,,,,,,0.375
insular and central opercular cortex,1,1,6,1.44,2,Insular and central opercular cortex,U,173,174,dId,INS_L(R)_6_6,0.375,1,,,,,,,,,,,,,,,,,,,,,,,,,0.375
insular c,1,1,6,1.44,2,Insular c.,U,37,38,A44op,IFG_L(R)_6_5,0.375,1,,,,,,,,,,,,,,,,,,,,,,,,,0.375
insular cortexa,1,1,6,1.44,2,Insular cortexa,U,61,62,A4tl,PrG_L(R)_6_5,0.375,1,,,,,,,,,,,,,,,,,,,,,,,,,0.375
insular cortexb,1,1,6,1.44,2,Insular cortexb,U,163,164,G,INS_L(R)_6_1,0.375,1,,,,,,,,,,,,,,,,,,,,,,,,,0.375
middle frontal ba 6,1,1,7,1.44,2,Middle frontal R (BA 6),R,25,26,A6vl,MFG_L(R)_7_6,0.3333,1,,,,,,,,,,,,,,,,,,,,,,,,,0.3333
middle frontal ba 9 10,1,1,7,1.44,2,R middle frontal (BA 9/10),R,15,16,A9/46d,MFG_L(R)_7_1,0.3333,1,,,,,,,,,,,,,,,,,,,,,,,,,0.3333
insual,1,1,6,1.44,2,Right insual,R,51,52,A12/47l,OrG_L(R)_6_6,0.375,1,,,,,,,,,,,,,,,,,,,,,,,,,0.375
insula 1997,1,1,6,1.44,2,Insula*1997,U,145,146,A40rv,IPL_L(R)_6_6,0.375,1,,,,,,,,,,,,,,,,,,,,,,,,,0.375
insula 47,1,1,6,1.44,2,Insula (47),U,167,168,dIa,INS_L(R)_6_3,0.375,1,,,,,,,,,,,,,,,,,,,,,,,,,0.375
insula ba 13 include putamen,1,1,6,1.44,2,R Insula (BA 13) Include: Putamen,R,169,170,vId/vIg,INS_L(R)_6_4,0.375,1,,,,,,,,,,,,,,,,,,,,,,,,,0.375
insula ba 41 42,1,1,6,1.44,2,L. insula (BA 41/42),L,145,146,A40rv,IPL_L(R)_6_6,0.375,1,,,,,,,,,,,,,,,,,,,,,,,,,0.375
insula cluster 2,1,1,6,1.44,2,L Insula cluster 2,L,167,168,dIa,INS_L(R)_6_3,0.375,1,,,,,,,,,,,,,,,,,,,,,,,,,0.375
middle cingulate gyrus ba 23,1,1,7,1.44,2,Middle cingulate gyrus [BA23],U,175,176,A23d,CG_L(R)_7_1,0.3333,1,,,,,,,,,,,,,,,,,,,,,,,,,0.3333
middle cingulate gyrus ba 24,1,1,7,1.44,2,Right Middle Cingulate gyrus (BA 24),R,183,184,A24cd,CG_L(R)_7_5,0.3333,1,,,,,,,,,,,,,,,,,,,,,,,,,0.3333
middle fontal gyrus,1,1,6,1.44,2,Middle Fontal Gyrus,U,63,64,A6cvl,PrG_L(R)_6_6,0.375,1,,,,,,,,,,,,,,,,,,,,,,,,,0.375
middle friontal gyrus,1,1,6,1.44,2,Rt.Middle Friontal Gyrus↓,R,55,56,A6cdl,PrG_L(R)_6_2,0.375,1,,,,,,,,,,,,,,,,,,,,,,,,,0.375
middle fronal gyrus,1,1,7,1.44,2,lt. middle fronal gyrus,L,21,22,A9/46v,MFG_L(R)_7_4,0.3333,1,,,,,,,,,,,,,,,,,,,,,,,,,0.3333
middle frontal 9,1,1,7,1.44,2,Left middle frontal (9),L,17,18,IFJ,MFG_L(R)_7_2,0.3333,1,,,,,,,,,,,,,,,,,,,,,,,,,0.3333
middle frontal and precentral gyrus,1,1,7,1.44,2,(a) Left middle frontal and precentral gyrus,L,17,18,IFJ,MFG_L(R)_7_2,0.3333,1,,,,,,,,,,,,,,,,,,,,,,,,,0.3333
middle frontal ba 10,1,1,7,1.44,2,R middle frontal (BA 10),R,21,22,A9/46v,MFG_L(R)_7_4,0.3333,1,,,,,,,,,,,,,,,,,,,,,,,,,0.3333
middle cigulate cortex,1,1,7,1.44,2,middle cigulate cortex,U,185,186,A23c,CG_L(R)_7_6,0.3333,1,,,,,,,,,,,,,,,,,,,,,,,,,0.3333
middle cingulate and paracingulate gyrus,1,1,7,1.44,2,Middle cingulate and paracingulate gyri,U,11,12,A9m,SFG_L(R)_7_6,0.3333,1,,,,,,,,,,,,,,,,,,,,,,,,,0.3333
middle cingulate cortex 24,1,1,6,1.44,2,Middle cingulate cortex (24),U,227,228,dCa,BG_L(R)_6_5,0.375,1,,,,,,,,,,,,,,,,,,,,,,,,,0.375
middle cingulate cortex 31,1,1,2,1.24,2,Middle cingulate cortex (31),U,65,66,A1/2/3ll,PCL_L(R)_2_1,0.75,1,,,,,,,,,,,,,,,,,,,,,,,,,0.75
middle cingulate cortex 6,1,1,7,1.44,2,Middle cingulate cortex (6),U,9,10,A6m,SFG_L(R)_7_5,0.3333,1,,,,,,,,,,,,,,,,,,,,,,,,,0.3333
middle cingulate cortex ba 24,1,1,8,1.44,2,L middle cingulate cortex (BA 24),L,237,238,rTtha,Tha_L(R)_8_4,0.3,1,,,,,,,,,,,,,,,,,,,,,,,,,0.3
middle cingulate cortex ba 31,1,1,8,1.44,2,LH middle cingulate cortex (BA 31),L,245,246,lPFtha,Tha_L(R)_8_8,0.3,1,,,,,,,,,,,,,,,,,,,,,,,,,0.3
middle cingulate gurus,1,1,7,1.44,2,L middle cingulate gurus,L,185,186,A23c,CG_L(R)_7_6,0.3333,1,,,,,,,,,,,,,,,,,,,,,,,,,0.3333
inferior temporal lobule,1,1,6,1.44,2,Right inferior temporal lobule,R,201,202,V5/MT+,LOcC_L(R)_4_2,0.375,1,,,,,,,,,,,,,,,,,,,,,,,,,0.375
inferior temporal neocortex,1,1,3,1.36,2,L inferior temporal neocortex,L,103,104,A20rv,FuG_L(R)_3_1,0.6,1,,,,,,,,,,,,,,,,,,,,,,,,,0.6
inferior temporal region,1,1,7,1.44,2,Inferior temporal region,U,91,92,A37elv,ITG_L(R)_7_2,0.3333,1,,,,,,,,,,,,,,,,,,,,,,,,,0.3333
inferior tempotal gyrus,1,1,6,1.44,2,Left inferior tempotal gyrus,LR,201,202,V5/MT+,LOcC_L(R)_4_2,0.375,1,,,,,,,,,,,,,,,,,,,,,,,,,0.375
inferior tri frontal,1,1,6,1.44,2,L inferior tri frontal,L,37,38,A44op,IFG_L(R)_6_5,0.375,1,,,,,,,,,,,,,,,,,,,,,,,,,0.375
inferior ventral premotor cortex,1,1,6,1.44,2,R inferior ventral premotor cortex (PMv),R,61,62,A4tl,PrG_L(R)_6_5,0.375,1,,,,,,,,,,,,,,,,,,,,,,,,,0.375
inferiro occipital gyrus,1,1,6,1.44,2,Left Inferiro Occipital Gyrus,L,205,206,iOccG,LOcC_L(R)_4_4,0.375,1,,,,,,,,,,,,,,,,,,,,,,,,,0.375
inferolateral occipital,1,1,6,1.44,2,R. Inferolateral occipital,R,205,206,iOccG,LOcC_L(R)_4_4,0.375,1,,,,,,,,,,,,,,,,,,,,,,,,,0.375
middle frontal gyrus ba 4,1,1,6,1.44,2,Left Middle frontal gyrus (BA 4),L,111,112,A35/36c,PhG_L(R)_6_2,0.375,1,,,,,,,,,,,,,,,,,,,,,,,,,0.375
middle frontal gyrus ba 44,1,1,7,1.44,2,Left Middle frontal gyrus (BA 44)*,L,17,18,IFJ,MFG_L(R)_7_2,0.3333,1,,,,,,,,,,,,,,,,,,,,,,,,,0.3333
middle frontal gyrus ba 45,1,1,7,1.44,2,Right Middle frontal gyrus (BA 45)*,R,23,24,A8vl,MFG_L(R)_7_5,0.3333,1,,,,,,,,,,,,,,,,,,,,,,,,,0.3333
inferior temporal gyrus 21,1,1,4,1.41,2,Right inferior temporal gyrus (21),R,87,88,aSTS,MTG_L(R)_4_4,0.5,1,,,,,,,,,,,,,,,,,,,,,,,,,0.5
inferior temporal gyrus ba 20 21,1,1,4,1.41,2,Left inferior temporal gyrus (BA20/21),L,83,84,A21r,MTG_L(R)_4_2,0.5,1,,,,,,,,,,,,,,,,,,,,,,,,,0.5
inferior temporal gyrus ba 21,1,1,6,1.44,2,R inferior temporal gyrus (BA21),R,73,74,TE1.0 and TE1.2,STG_L(R)_6_3,0.375,1,,,,,,,,,,,,,,,,,,,,,,,,,0.375
inferior temporal lobe 20,1,1,7,1.44,2,L inferior temporal lobe (20),L,99,100,A20cl,ITG_L(R)_7_6,0.3333,1,,,,,,,,,,,,,,,,,,,,,,,,,0.3333
inferior temporal lobea,1,1,7,1.44,2,Right inferior temporal lobea,R,97,98,A37vl,ITG_L(R)_7_5,0.3333,1,,,,,,,,,,,,,,,,,,,,,,,,,0.3333
middle frontal gyrus 47,1,1,6,1.44,2,L middle frontal gyrus (47),L,51,52,A12/47l,OrG_L(R)_6_6,0.375,1,,,,,,,,,,,,,,,,,,,,,,,,,0.375
middle frontal gyrus 6 8,1,1,7,1.44,2,Left middle frontal gyrus (6/8),L,23,24,A8vl,MFG_L(R)_7_5,0.3333,1,,,,,,,,,,,,,,,,,,,,,,,,,0.3333
middle frontal gyrus 6 8 9,1,1,7,1.44,2,Lt middle frontal gyrus (6/8/9),L,25,26,A6vl,MFG_L(R)_7_6,0.3333,1,,,,,,,,,,,,,,,,,,,,,,,,,0.3333
middle frontal gyrus 8 9,1,1,7,1.44,2,"Right middle frontal gyrus (8,9)",R,3,4,A8dl,SFG_L(R)_7_2,0.3333,1,,,,,,,,,,,,,,,,,,,,,,,,,0.3333
middle frontal gyrus and posterior inferior frontal gyrus,1,1,7,1.44,2,Middle frontal gyrus and posterior inferior frontal gyrus,U,17,18,IFJ,MFG_L(R)_7_2,0.3333,1,,,,,,,,,,,,,,,,,,,,,,,,,0.3333
middle frontal gyrus and precentral sulcus,1,1,6,1.44,2,Middle frontal gyrus and precentral sulcus (two clusters),U,55,56,A6cdl,PrG_L(R)_6_2,0.375,1,,,,,,,,,,,,,,,,,,,,,,,,,0.375
middle frontal gyrus ba 11 47,1,1,6,1.44,2,R. middle frontal gyrus (BA 11/47),R,51,52,A12/47l,OrG_L(R)_6_6,0.375,1,,,,,,,,,,,,,,,,,,,,,,,,,0.375
middle frontal gyrus ba 13,1,1,6,1.44,2,Right Middle Frontal gyrus (BA13),R,163,164,G,INS_L(R)_6_1,0.375,1,,,,,,,,,,,,,,,,,,,,,,,,,0.375
middle frontal cortex ba 8,1,1,7,1.44,2,Middle frontal cortex (BA 8),U,25,26,A6vl,MFG_L(R)_7_6,0.3333,1,,,,,,,,,,,,,,,,,,,,,,,,,0.3333
middle frontal ctx,1,1,7,1.44,2,Middle frontal Ctx.,U,7,8,A6dl,SFG_L(R)_7_4,0.3333,1,,,,,,,,,,,,,,,,,,,,,,,,,0.3333
middle frontal gyru,1,1,6,1.44,2,R. Middle Frontal Gyru,R,31,32,IFS,IFG_L(R)_6_2,0.375,1,,,,,,,,,,,,,,,,,,,,,,,,,0.375
middle frontal gyrus 10 44,1,1,7,1.44,2,"L middle frontal gyrus (10,44)",L,21,22,A9/46v,MFG_L(R)_7_4,0.3333,1,,,,,,,,,,,,,,,,,,,,,,,,,0.3333
middle frontal gyrus 11 47,1,1,6,1.44,2,"Left middle frontal gyrus (11,47)",L,45,46,A11l,OrG_L(R)_6_3,0.375,1,,,,,,,,,,,,,,,,,,,,,,,,,0.375
middle frontal gyrus 21,1,1,4,1.41,2,Left middle frontal gyrus (21),L,85,86,A37dl,MTG_L(R)_4_3,0.5,1,,,,,,,,,,,,,,,,,,,,,,,,,0.5
middle frontal gyrus 32,1,1,7,1.44,2,L middle frontal gyrus (32),L,1,2,A8m,SFG_L(R)_7_1,0.3333,1,,,,,,,,,,,,,,,,,,,,,,,,,0.3333
middle frontal gyrus 36,1,1,6,1.44,2,Middle Frontal Gyrus (36),U,29,30,A44d,IFG_L(R)_6_1,0.375,1,,,,,,,,,,,,,,,,,,,,,,,,,0.375
inferior parietal lobule ba 40 2,1,1,6,1.44,2,L. inferior parietal lobule (BA 40/2),L,139,140,A40rd,IPL_L(R)_6_3,0.375,1,,,,,,,,,,,,,,,,,,,,,,,,,0.375
inferior parietal lobuls,1,1,6,1.44,2,L Inferior Parietal Lobuls,L,141,142,A40c,IPL_L(R)_6_4,0.375,1,,,,,,,,,,,,,,,,,,,,,,,,,0.375
inferior parietallobule,1,1,6,1.44,2,Lt. Inferior ParietalLobule,L,141,142,A40c,IPL_L(R)_6_4,0.375,1,,,,,,,,,,,,,,,,,,,,,,,,,0.375
inferior pars opercularis,1,1,7,1.44,2,Right inferior pars opercularis,R,5,6,A9l,SFG_L(R)_7_3,0.3333,1,,,,,,,,,,,,,,,,,,,,,,,,,0.3333
inferior pfc,1,1,6,1.44,2,Inferior PFC,U,167,168,dIa,INS_L(R)_6_3,0.375,1,,,,,,,,,,,,,,,,,,,,,,,,,0.375
inferior precentral gyrus,1,1,6,1.44,2,Right inferior precentral gyrus,R,53,54,A4hf,PrG_L(R)_6_1,0.375,1,,,,,,,,,,,,,,,,,,,,,,,,,0.375
inferior precuneus,1,1,4,1.41,2,bilateral inferior precuneus,B,153,154,A31,PCun_L(R)_4_4,0.5,1,,,,,,,,,,,,,,,,,,,,,,,,,0.5
inferior rostral gyrus,1,1,7,1.44,2,inferior rostral gyrus,U,187,188,A32sg,CG_L(R)_7_7,0.3333,1,,,,,,,,,,,,,,,,,,,,,,,,,0.3333
middle frontal orbital part,1,1,7,1.44,2,L Middle frontal orbital part,L,21,22,A9/46v,MFG_L(R)_7_4,0.3333,1,,,,,,,,,,,,,,,,,,,,,,,,,0.3333
middle frontal precentral gyrus,1,1,6,1.44,2,R middle frontal + precentral gyri (vPM),R,63,64,A6cvl,PrG_L(R)_6_6,0.375,1,,,,,,,,,,,,,,,,,,,,,,,,,0.375
middle frontal region,1,1,7,1.44,2,Middle frontal region,U,25,26,A6vl,MFG_L(R)_7_6,0.3333,1,,,,,,,,,,,,,,,,,,,,,,,,,0.3333
middle fusiform gyrus,1,1,3,1.36,2,L middle fusiform gyrus,L,107,108,A37lv,FuG_L(R)_3_3,0.6,1,,,,,,,,,,,,,,,,,,,,,,,,,0.6
middle ips,1,1,5,1.44,2,L middle IPS,L,133,134,A7ip,SPL_L(R)_5_5,0.4286,1,,,,,,,,,,,,,,,,,,,,,,,,,0.4286
inferior parietal lobule 1,1,1,6,1.44,2,Inferior parietal lobule (SMG)1,U,139,140,A40rd,IPL_L(R)_6_3,0.375,1,,,,,,,,,,,,,,,,,,,,,,,,,0.375
inferior parietal lobule 2,1,1,6,1.44,2,Inferior parietal lobule (2),U,139,140,A40rd,IPL_L(R)_6_3,0.375,1,,,,,,,,,,,,,,,,,,,,,,,,,0.375
inferior parietal lobule and subgyral,1,1,6,1.44,2,Right inferior parietal lobule and subgyral,R,139,140,A40rd,IPL_L(R)_6_3,0.375,1,,,,,,,,,,,,,,,,,,,,,,,,,0.375
middle frontal gyrus ba 9 10 46,1,1,7,1.44,2,"L Middle Frontal Gyrus (BA 9, 10, 46)",L,21,22,A9/46v,MFG_L(R)_7_4,0.3333,1,,,,,,,,,,,,,,,,,,,,,,,,,0.3333
middle frontal gyrus ba 9 46 include middle frontal gyrus ba 10,1,1,7,1.44,2,"R Middle Frontal Gyrus (BA 9, 46) Include: Middle Frontal Gyrus (BA 10)",R,19,20,A46,MFG_L(R)_7_3,0.3333,1,,,,,,,,,,,,,,,,,,,,,,,,,0.3333
middle frontal gyrus in orbital part,1,1,6,1.44,2,Middle frontal gyrus in orbital part,U,43,44,A12/47o,OrG_L(R)_6_2,0.375,1,,,,,,,,,,,,,,,,,,,,,,,,,0.375
middle frontal gyrus rb,1,1,6,1.44,2,Middle frontal gyrus Rb,U,63,64,A6cvl,PrG_L(R)_6_6,0.375,1,,,,,,,,,,,,,,,,,,,,,,,,,0.375
middle frontal gyrus3,1,1,7,1.44,2,Middle Frontal gyrus3,U,21,22,A9/46v,MFG_L(R)_7_4,0.3333,1,,,,,,,,,,,,,,,,,,,,,,,,,0.3333
middle frontal gyrus4,1,1,7,1.44,2,Middle frontal gyrus4,U,27,28,A10l,MFG_L(R)_7_7,0.3333,1,,,,,,,,,,,,,,,,,,,,,,,,,0.3333
middle frontal gyrusb,1,1,6,1.44,2,Middle frontal gyrusb,U,45,46,A11l,OrG_L(R)_6_3,0.375,1,,,,,,,,,,,,,,,,,,,,,,,,,0.375
middle frontal gyrusd,1,1,7,1.44,2,R middle frontal gyrusd,R,21,22,A9/46v,MFG_L(R)_7_4,0.3333,1,,,,,,,,,,,,,,,,,,,,,,,,,0.3333
inferomedial temporal gyrus,1,1,3,1.36,2,Inferomedial temporal gyrus,U,107,108,A37lv,FuG_L(R)_3_3,0.6,1,,,,,,,,,,,,,,,,,,,,,,,,,0.6
inferor temporal gyrus,1,1,3,1.36,2,Inferor temporal gyrus-L,L,107,108,A37lv,FuG_L(R)_3_3,0.6,1,,,,,,,,,,,,,,,,,,,,,,,,,0.6
inferotemporal cortex area te,1,1,6,1.44,2,L inferotemporal cortex area TE,L,225,226,vmPu,BG_L(R)_6_4,0.375,1,,,,,,,,,,,,,,,,,,,,,,,,,0.375
infr parietal lobule,1,1,6,1.44,2,Infr. Parietal lobule,U,137,138,A39rd,IPL_L(R)_6_2,0.375,1,,,,,,,,,,,,,,,,,,,,,,,,,0.375
inrerior frontal gyrus,1,1,6,1.44,2,Inrerior Frontal gyrus,U,51,52,A12/47l,OrG_L(R)_6_6,0.375,1,,,,,,,,,,,,,,,,,,,,,,,,,0.375
middle frontal gyrus ba 46 3,1,1,7,1.44,2,Middle Frontal gyrus (BA46)3,U,21,22,A9/46v,MFG_L(R)_7_4,0.3333,1,,,,,,,,,,,,,,,,,,,,,,,,,0.3333
middle frontal gyrus ba 47,1,1,2,1.24,2,Left middle frontal gyrus (BA 47),L,121,122,rpSTS,pSTS_L(R)_2_1,0.75,1,,,,,,,,,,,,,,,,,,,,,,,,,0.75
middle frontal gyrus ba 6 include precentral gyrus ba 6,1,1,7,1.44,2,L Middle Frontal Gyrus (BA 6) Include: Precentral Gyrus (BA 6),L,17,18,IFJ,MFG_L(R)_7_2,0.3333,1,,,,,,,,,,,,,,,,,,,,,,,,,0.3333
inferior orbitofrontal lobe,1,1,6,1.44,2,Inferior orbitofrontal lobe,U,51,52,A12/47l,OrG_L(R)_6_6,0.375,1,,,,,,,,,,,,,,,,,,,,,,,,,0.375
inferior pariental gyrus,1,1,6,1.44,2,Inferior pariental gyrus L,L,137,138,A39rd,IPL_L(R)_6_2,0.375,1,,,,,,,,,,,,,,,,,,,,,,,,,0.375
inferior parietal 33,1,1,5,1.44,2,Inferior parietal [33],U,129,130,A5l,SPL_L(R)_5_3,0.4286,1,,,,,,,,,,,,,,,,,,,,,,,,,0.4286
inferior parietal c,1,1,6,1.44,2,L Inferior Parietal C,L,139,140,A40rd,IPL_L(R)_6_3,0.375,1,,,,,,,,,,,,,,,,,,,,,,,,,0.375
inferior parietal g,1,1,5,1.44,2,Inferior parietal G.,U,129,130,A5l,SPL_L(R)_5_3,0.4286,1,,,,,,,,,,,,,,,,,,,,,,,,,0.4286
inferior parietal gyrus ba 1,1,1,6,1.44,2,Inferior parietal gyrus (BA 1),U,139,140,A40rd,IPL_L(R)_6_3,0.375,1,,,,,,,,,,,,,,,,,,,,,,,,,0.375
inferior parietal gyrus ba 2,1,1,6,1.44,2,Inferior parietal gyrus (BA 2),U,139,140,A40rd,IPL_L(R)_6_3,0.375,1,,,,,,,,,,,,,,,,,,,,,,,,,0.375
inferior parietal gyrusa,1,1,6,1.44,2,Inferior parietal gyrusa,U,145,146,A40rv,IPL_L(R)_6_6,0.375,1,,,,,,,,,,,,,,,,,,,,,,,,,0.375
middle occpital gyrus ba 18,1,1,6,1.44,2,Left Middle occpital gyrus (BA 18),L,205,206,iOccG,LOcC_L(R)_4_4,0.375,1,,,,,,,,,,,,,,,,,,,,,,,,,0.375
middle ofc,1,1,6,1.44,2,Middle OFC,U,43,44,A12/47o,OrG_L(R)_6_2,0.375,1,,,,,,,,,,,,,,,,,,,,,,,,,0.375
middle orbiral gyrus,1,1,7,1.44,2,Middle Orbiral Gyrus,U,27,28,A10l,MFG_L(R)_7_7,0.3333,1,,,,,,,,,,,,,,,,,,,,,,,,,0.3333
inferior orbital frontal cortex,1,1,6,1.44,2,Inferior orbital frontal cortex,U,167,168,dIa,INS_L(R)_6_3,0.375,1,,,,,,,,,,,,,,,,,,,,,,,,,0.375
inferior orbital frontal gyrus ba 38,1,1,6,1.44,2,Right inferior orbital frontal gyrus (BA38),R,51,52,A12/47l,OrG_L(R)_6_6,0.375,1,,,,,,,,,,,,,,,,,,,,,,,,,0.375
inferior orbito frontal gyrus,1,1,6,1.44,2,Inferior orbito-frontal gyrus,U,51,52,A12/47l,OrG_L(R)_6_6,0.375,1,,,,,,,,,,,,,,,,,,,,,,,,,0.375
inferior orbitofrontal,1,1,6,1.44,2,Inferior orbitofrontal,U,43,44,A12/47o,OrG_L(R)_6_2,0.375,1,,,,,,,,,,,,,,,,,,,,,,,,,0.375
inferior orbitofrontal gyrus ba 2,1,1,6,1.44,2,Inferior orbitofrontal gyrus (BA 2),U,139,140,A40rd,IPL_L(R)_6_3,0.375,1,,,,,,,,,,,,,,,,,,,,,,,,,0.375
middle occipital gyrus 37 18 19,1,1,6,1.44,2,"Right middle occipital gyrus (37,18,19)",R,199,200,mOccG,LOcC_L(R)_4_1,0.375,1,,,,,,,,,,,,,,,,,,,,,,,,,0.375
middle occipital gyrus 39,1,1,6,1.44,2,Middle occipital gyrus (39),U,135,136,A39c,IPL_L(R)_6_1,0.375,1,,,,,,,,,,,,,,,,,,,,,,,,,0.375
middle occipital gyrus ba 39,1,1,6,1.44,2,Right middle occipital gyrus (BA39),R,135,136,A39c,IPL_L(R)_6_1,0.375,1,,,,,,,,,,,,,,,,,,,,,,,,,0.375
middle occipital gyrus cluster 1,1,1,6,1.44,2,"L Middle occipital gyrus cluster 1 (including middle occipital gyrus, middle temporal gyrus)",L,135,136,A39c,IPL_L(R)_6_1,0.375,1,,,,,,,,,,,,,,,,,,,,,,,,,0.375
middle occipital gyrusa,1,1,6,1.44,2,Middle occipital gyrusa,U,135,136,A39c,IPL_L(R)_6_1,0.375,1,,,,,,,,,,,,,,,,,,,,,,,,,0.375
middle occipital sulcus,1,1,6,1.44,2,Left middle occipital sulcus*,L,135,136,A39c,IPL_L(R)_6_1,0.375,1,,,,,,,,,,,,,,,,,,,,,,,,,0.375
middle occipito temporal gyrus,1,1,5,1.44,2,Middle occipito-temporal gyrus???,U,195,196,rLinG,MVOcC_L(R)_5_4,0.4286,1,,,,,,,,,,,,,,,,,,,,,,,,,0.4286
middle occipito temporal gyrusa,1,1,5,1.44,2,Middle occipito-temporal gyrusa,U,195,196,rLinG,MVOcC_L(R)_5_4,0.4286,1,,,,,,,,,,,,,,,,,,,,,,,,,0.4286
inferior superior parietal ba 7 39 40,1,1,6,1.44,2,Left inferior-superior parietal (BA 7/39/40),L,209,210,lsOccG,LOcC_L(R)_2_2,0.375,1,,,,,,,,,,,,,,,,,,,,,,,,,0.375
inferior temoral gyrus,1,1,3,1.36,2,Right inferior temoral gyrus,R,107,108,A37lv,FuG_L(R)_3_3,0.6,1,,,,,,,,,,,,,,,,,,,,,,,,,0.6
inferior temporal area,1,1,3,1.36,2,L. Inferior temporal area,L,103,104,A20rv,FuG_L(R)_3_1,0.6,1,,,,,,,,,,,,,,,,,,,,,,,,,0.6
middle occipital and fusiform gyrus,1,1,6,1.44,2,Middle occipital and fusiform gyri,U,199,200,mOccG,LOcC_L(R)_4_1,0.375,1,,,,,,,,,,,,,,,,,,,,,,,,,0.375
middle occipital and lingual gyrus,1,1,5,1.44,2,Middle occipital and lingual gyrus,U,195,196,rLinG,MVOcC_L(R)_5_4,0.4286,1,,,,,,,,,,,,,,,,,,,,,,,,,0.4286
middle occipital ba 18,1,1,6,1.44,2,Middle occipital [BA18],U,199,200,mOccG,LOcC_L(R)_4_1,0.375,1,,,,,,,,,,,,,,,,,,,,,,,,,0.375
middle occipital g ba 19,1,1,6,1.44,2,Middle occipital G. (BA 19),U,199,200,mOccG,LOcC_L(R)_4_1,0.375,1,,,,,,,,,,,,,,,,,,,,,,,,,0.375
middle occipital gyrus 37,1,1,6,1.44,2,L. Middle Occipital Gyrus (37),LR,201,202,V5/MT+,LOcC_L(R)_4_2,0.375,1,,,,,,,,,,,,,,,,,,,,,,,,,0.375
inferior occipital cortex ba 19,1,1,6,1.44,2,Inferior occipital cortex [BA19],U,205,206,iOccG,LOcC_L(R)_4_4,0.375,1,,,,,,,,,,,,,,,,,,,,,,,,,0.375
inferior occipital g ba 17,1,1,6,1.44,2,Inferior occipital G. (BA 17),U,205,206,iOccG,LOcC_L(R)_4_4,0.375,1,,,,,,,,,,,,,,,,,,,,,,,,,0.375
inferior occipital gyrus 1,1,1,6,1.44,2,Inferior occipital gyrus (1),U,199,200,mOccG,LOcC_L(R)_4_1,0.375,1,,,,,,,,,,,,,,,,,,,,,,,,,0.375
inferior occipital gyrus and,1,1,6,1.44,2,L inferior occipital gyrus and,L,205,206,iOccG,LOcC_L(R)_4_4,0.375,1,,,,,,,,,,,,,,,,,,,,,,,,,0.375
inferior occipital gyrus and fusiform gyrus,1,1,6,1.44,2,Inferior occipital gyrus and fusiform gyrus,U,201,202,V5/MT+,LOcC_L(R)_4_2,0.375,1,,,,,,,,,,,,,,,,,,,,,,,,,0.375
inferior occipital gyrus wm,1,1,6,1.44,2,R- inferior occipital gyrus WM,R,205,206,iOccG,LOcC_L(R)_4_4,0.375,1,,,,,,,,,,,,,,,,,,,,,,,,,0.375
inferior occipital gyrusa,1,1,6,1.44,2,Inferior occipital gyrusa,U,201,202,V5/MT+,LOcC_L(R)_4_2,0.375,1,,,,,,,,,,,,,,,,,,,,,,,,,0.375
inferior occipital gyurs,1,1,6,1.44,2,Inferior occipital gyurs,U,201,202,V5/MT+,LOcC_L(R)_4_2,0.375,1,,,,,,,,,,,,,,,,,,,,,,,,,0.375
middle temporal gyrus 22 37,1,1,6,1.44,2,"L middle temporal gyrus (22, 37)",L,201,202,V5/MT+,LOcC_L(R)_4_2,0.375,1,,,,,,,,,,,,,,,,,,,,,,,,,0.375
inferior lingual gyrus,1,1,5,1.44,2,Inferior lingual gyrus,U,189,190,cLinG,MVOcC_L(R)_5_1,0.4286,1,,,,,,,,,,,,,,,,,,,,,,,,,0.4286
inferior lobe,1,1,6,1.44,2,right inferior lobe,R,141,142,A40c,IPL_L(R)_6_4,0.375,1,,,,,,,,,,,,,,,,,,,,,,,,,0.375
inferior longitudinal fascicle,1,1,6,1.44,2,Inferior longitudinal fascicle,U,71,72,A41/42,STG_L(R)_6_2,0.375,1,,,,,,,,,,,,,,,,,,,,,,,,,0.375
inferior middle occipital gyrus,1,1,3,1.36,2,Inferior–middle occipital gyrus,U,107,108,A37lv,FuG_L(R)_3_3,0.6,1,,,,,,,,,,,,,,,,,,,,,,,,,0.6
inferior middle temporal ba 20 21,1,1,3,1.36,2,Left inferior-middle temporal (BA 20/21),L,107,108,A37lv,FuG_L(R)_3_3,0.6,1,,,,,,,,,,,,,,,,,,,,,,,,,0.6
inferior occcipital gyrus,1,1,7,1.44,2,Inferior occcipital gyrus,U,91,92,A37elv,ITG_L(R)_7_2,0.3333,1,,,,,,,,,,,,,,,,,,,,,,,,,0.3333
inferior occipital and fusiform gyrus,1,1,6,1.44,2,Inferior occipital and fusiform gyrus,U,199,200,mOccG,LOcC_L(R)_4_1,0.375,1,,,,,,,,,,,,,,,,,,,,,,,,,0.375
middle stg,1,1,6,1.44,2,Left middle STG,LR,75,76,A22c,STG_L(R)_6_4,0.375,1,,,,,,,,,,,,,,,,,,,,,,,,,0.375
middle superior temporal sulcus,1,1,4,1.41,2,Middle superior temporal sulcus,U,87,88,aSTS,MTG_L(R)_4_4,0.5,1,,,,,,,,,,,,,,,,,,,,,,,,,0.5
middle temporal and,1,1,6,1.44,2,L middle temporal and,L,143,144,A39rv,IPL_L(R)_6_5,0.375,1,,,,,,,,,,,,,,,,,,,,,,,,,0.375
middle temporal and gyrus,1,1,6,1.44,2,R middle temporal and gyrus,R,143,144,A39rv,IPL_L(R)_6_5,0.375,1,,,,,,,,,,,,,,,,,,,,,,,,,0.375
middle temporal g ba 21,1,1,2,1.24,2,Middle temporal G. (BA 21),U,121,122,rpSTS,pSTS_L(R)_2_1,0.75,1,,,,,,,,,,,,,,,,,,,,,,,,,0.75
middle temporal g ba 22,1,1,2,1.24,2,Middle temporal G. (BA 22),U,123,124,cpSTS,pSTS_L(R)_2_2,0.75,1,,,,,,,,,,,,,,,,,,,,,,,,,0.75
middle temporal g ba 39,1,1,6,1.44,2,Middle temporal G. (BA 39),U,135,136,A39c,IPL_L(R)_6_1,0.375,1,,,,,,,,,,,,,,,,,,,,,,,,,0.375
middle temporal gyrus 1997,1,1,6,1.44,2,Middle temporal gyrus*1997,U,201,202,V5/MT+,LOcC_L(R)_4_2,0.375,1,,,,,,,,,,,,,,,,,,,,,,,,,0.375
inferior parietal lobe angular gyrus,1,1,6,1.44,2,Inferior parietal lobe Angular gyrus,U,137,138,A39rd,IPL_L(R)_6_2,0.375,1,,,,,,,,,,,,,,,,,,,,,,,,,0.375
middle orbital gyrus ba 11,1,1,6,1.44,2,Middle orbital gyrus (BA11),U,49,50,A13,OrG_L(R)_6_5,0.375,1,,,,,,,,,,,,,,,,,,,,,,,,,0.375
middle orbital gyrus ba 32,1,1,8,1.44,2,LH middle orbital gyrus (BA 32),L,237,238,rTtha,Tha_L(R)_8_4,0.3,1,,,,,,,,,,,,,,,,,,,,,,,,,0.3
middle orbito frontal,1,1,7,1.44,2,L middle orbito-frontal,L,21,22,A9/46v,MFG_L(R)_7_4,0.3333,1,,,,,,,,,,,,,,,,,,,,,,,,,0.3333
middle orbitofrontal cortex,1,1,6,1.44,2,Middle orbitofrontal cortex,U,41,42,A14m,OrG_L(R)_6_1,0.375,1,,,,,,,,,,,,,,,,,,,,,,,,,0.375
middle orbitofrontal gyrus,1,1,6,1.44,2,Middle orbitofrontal gyrus???,U,41,42,A14m,OrG_L(R)_6_1,0.375,1,,,,,,,,,,,,,,,,,,,,,,,,,0.375
middle orbitofrontal gyrusa,1,1,6,1.44,2,Middle orbitofrontal gyrusa,U,41,42,A14m,OrG_L(R)_6_1,0.375,1,,,,,,,,,,,,,,,,,,,,,,,,,0.375
middle orbitofrontal lobe,1,1,6,1.44,2,*Middle orbitofrontal lobe,U,45,46,A11l,OrG_L(R)_6_3,0.375,1,,,,,,,,,,,,,,,,,,,,,,,,,0.375
inferior frontal gyrusd,1,1,6,1.44,2,Inferior frontal gyrusd,U,37,38,A44op,IFG_L(R)_6_5,0.375,1,,,,,,,,,,,,,,,,,,,,,,,,,0.375
inferior frontal gyrusg,1,1,6,1.44,2,Inferior frontal gyrusg,U,33,34,A45c,IFG_L(R)_6_3,0.375,1,,,,,,,,,,,,,,,,,,,,,,,,,0.375
inferior frontal gyurs,1,1,6,1.44,2,Inferior Frontal Gyurs,U,167,168,dIa,INS_L(R)_6_3,0.375,1,,,,,,,,,,,,,,,,,,,,,,,,,0.375
inferior frontal gyus,1,1,6,1.44,2,L. Inferior frontal gyus,L,29,30,A44d,IFG_L(R)_6_1,0.375,1,,,,,,,,,,,,,,,,,,,,,,,,,0.375
inferior frontal opercularis,1,1,6,1.44,2,Inferior frontal opercularis,U,39,40,A44v,IFG_L(R)_6_6,0.375,1,,,,,,,,,,,,,,,,,,,,,,,,,0.375
inferior frontal operculum ba 47,1,1,6,1.44,2,Inferior frontal operculum (BA 47),U,37,38,A44op,IFG_L(R)_6_5,0.375,1,,,,,,,,,,,,,,,,,,,,,,,,,0.375
inferior frontal pars opercularis,1,1,6,1.44,2,L inferior frontal pars opercularis,L,33,34,A45c,IFG_L(R)_6_3,0.375,1,,,,,,,,,,,,,,,,,,,,,,,,,0.375
inferior frontal pars opercularis ba 48,1,1,6,1.44,2,Inferior Frontal pars Opercularis (BA48),U,39,40,A44v,IFG_L(R)_6_6,0.375,1,,,,,,,,,,,,,,,,,,,,,,,,,0.375
midline medial pfc,1,1,7,1.44,2,Midline medial PFC,U,13,14,A10m,SFG_L(R)_7_7,0.3333,1,,,,,,,,,,,,,,,,,,,,,,,,,0.3333
midline mid cingulate cortex,1,1,7,1.44,2,midline mid cingulate cortex,U,185,186,A23c,CG_L(R)_7_6,0.3333,1,,,,,,,,,,,,,,,,,,,,,,,,,0.3333
midline prefrontal,1,1,7,1.44,2,Midline prefrontal,U,179,180,A32p,CG_L(R)_7_3,0.3333,1,,,,,,,,,,,,,,,,,,,,,,,,,0.3333
midline thalamus,1,1,8,1.44,2,Midline Thalamus,U,237,238,rTtha,Tha_L(R)_8_4,0.3,1,,,,,,,,,,,,,,,,,,,,,,,,,0.3
midsupitempg,1,1,4,1.41,2,MidSupITempG,U,87,88,aSTS,MTG_L(R)_4_4,0.5,1,,,,,,,,,,,,,,,,,,,,,,,,,0.5
inferior frontal gyrus triangulas,1,1,6,1.44,2,Inferior frontal gyrus triangulas,U,167,168,dIa,INS_L(R)_6_3,0.375,1,,,,,,,,,,,,,,,,,,,,,,,,,0.375
inferior frontal gyrus3,1,1,6,1.44,2,Inferior frontal gyrus3,U,29,30,A44d,IFG_L(R)_6_1,0.375,1,,,,,,,,,,,,,,,,,,,,,,,,,0.375
inferior frontal gyrusc,1,1,6,1.44,2,Inferior frontal gyrusc,U,33,34,A45c,IFG_L(R)_6_3,0.375,1,,,,,,,,,,,,,,,,,,,,,,,,,0.375
middle temporal gyrusr superior temporal gyrusr inferior parietal lobe,1,1,4,1.41,2,R Middle temporal gyrusR Superior temporal gyrusR Inferior parietal lobe,R,87,88,aSTS,MTG_L(R)_4_4,0.5,1,,,,,,,,,,,,,,,,,,,,,,,,,0.5
middle temporal gyus,1,1,6,1.44,2,Middle temporal gyus,U,75,76,A22c,STG_L(R)_6_4,0.375,1,,,,,,,,,,,,,,,,,,,,,,,,,0.375
middle temporal lobe ba 21,1,1,6,1.44,2,Right middle temporal lobe (BA21),R,143,144,A39rv,IPL_L(R)_6_5,0.375,1,,,,,,,,,,,,,,,,,,,,,,,,,0.375
middle temporal occipital gyrus,1,1,6,1.44,2,Right middle temporal occipital gyrus,R,201,202,V5/MT+,LOcC_L(R)_4_2,0.375,1,,,,,,,,,,,,,,,,,,,,,,,,,0.375
middle temporal sulcus,1,1,6,1.44,2,Middle temporal sulcus,U,199,200,mOccG,LOcC_L(R)_4_1,0.375,1,,,,,,,,,,,,,,,,,,,,,,,,,0.375
middlefrontal,1,1,7,1.44,2,MiddleFrontal,U,21,22,A9/46v,MFG_L(R)_7_4,0.3333,1,,,,,,,,,,,,,,,,,,,,,,,,,0.3333
midline,1,1,7,1.44,2,Midline,U,175,176,A23d,CG_L(R)_7_1,0.3333,1,,,,,,,,,,,,,,,,,,,,,,,,,0.3333
midline calcerine gyrus,1,1,5,1.44,2,Midline Calcerine Gyrus,U,193,194,cCunG,MVOcC_L(R)_5_3,0.4286,1,,,,,,,,,,,,,,,,,,,,,,,,,0.4286
inferior occipitalgyrus,1,1,3,1.36,2,Inferior occipitalgyrus (OFA),U,105,106,A37mv,FuG_L(R)_3_2,0.6,1,,,,,,,,,,,,,,,,,,,,,,,,,0.6
middle temporal gyrus ba 21 37,1,1,6,1.44,2,Middle temporal gyrus (BA 21/37),U,135,136,A39c,IPL_L(R)_6_1,0.375,1,,,,,,,,,,,,,,,,,,,,,,,,,0.375
middle temporal gyrus ba 21 a,1,1,4,1.41,2,RH middle temporal gyrus (BA 21)a,R,87,88,aSTS,MTG_L(R)_4_4,0.5,1,,,,,,,,,,,,,,,,,,,,,,,,,0.5
middle temporal gyrus ba 37 21,1,1,4,1.41,2,"Middle Temporal Gyrus (BA 37, 21)",U,81,82,A21c,MTG_L(R)_4_1,0.5,1,,,,,,,,,,,,,,,,,,,,,,,,,0.5
middle temporal gyrus ba 41,1,1,2,1.24,2,R middle temporal gyrus (BA41),R,123,124,cpSTS,pSTS_L(R)_2_2,0.75,1,,,,,,,,,,,,,,,,,,,,,,,,,0.75
middle temporal gyrus wm,1,1,4,1.41,2,R-middle temporal gyrus WM,R,83,84,A21r,MTG_L(R)_4_2,0.5,1,,,,,,,,,,,,,,,,,,,,,,,,,0.5
middle temporal gyrusl superior temporal gyrus,1,1,6,1.44,2,L Middle temporal gyrusL Superior temporal gyrus including primary auditory cortexL inferior Parietal lobe,L,75,76,A22c,STG_L(R)_6_4,0.375,1,,,,,,,,,,,,,,,,,,,,,,,,,0.375
middle temporal gyrusl superior temporal gyrusleft inferior parietal lobe,1,1,4,1.41,2,L Middle temporal gyrusL Superior temporal gyrusLeft Inferior parietal lobe,L,87,88,aSTS,MTG_L(R)_4_4,0.5,1,,,,,,,,,,,,,,,,,,,,,,,,,0.5
mpfc dorsal,1,1,7,1.44,2,MPFC_dorsal,U,5,6,A9l,SFG_L(R)_7_3,0.3333,1,,,,,,,,,,,,,,,,,,,,,,,,,0.3333
mpfc middle,1,1,7,1.44,2,MPFC_middle,U,5,6,A9l,SFG_L(R)_7_3,0.3333,1,,,,,,,,,,,,,,,,,,,,,,,,,0.3333
mpfc ventral,1,1,7,1.44,2,MPFC_ventral,U,13,14,A10m,SFG_L(R)_7_7,0.3333,1,,,,,,,,,,,,,,,,,,,,,,,,,0.3333
mpfg,1,1,7,1.44,2,MPFG,U,11,12,A9m,SFG_L(R)_7_6,0.3333,1,,,,,,,,,,,,,,,,,,,,,,,,,0.3333
msn,1,1,8,1.44,2,msn,U,241,242,Otha,Tha_L(R)_8_6,0.3,1,,,,,,,,,,,,,,,,,,,,,,,,,0.3
mtg 39,1,1,4,1.41,2,MTG (39),U,85,86,A37dl,MTG_L(R)_4_3,0.5,1,,,,,,,,,,,,,,,,,,,,,,,,,0.5
mtg ba 22,1,1,2,1.24,2,R. MTG (BA 22),R,121,122,rpSTS,pSTS_L(R)_2_1,0.75,1,,,,,,,,,,,,,,,,,,,,,,,,,0.75
mtgb,1,1,6,1.44,2,Right MTGb,R,143,144,A39rv,IPL_L(R)_6_5,0.375,1,,,,,,,,,,,,,,,,,,,,,,,,,0.375
motorcortex,1,1,6,1.44,2,Left Motorcortex,LR,53,54,A4hf,PrG_L(R)_6_1,0.375,1,,,,,,,,,,,,,,,,,,,,,,,,,0.375
mpfc 10,1,1,6,1.44,2,*mPFC (10),U,41,42,A14m,OrG_L(R)_6_1,0.375,1,,,,,,,,,,,,,,,,,,,,,,,,,0.375
mpfc ba 10 32,1,1,7,1.44,2,"mPFC (BA 10, 32)",U,13,14,A10m,SFG_L(R)_7_7,0.3333,1,,,,,,,,,,,,,,,,,,,,,,,,,0.3333
mpfc ba 8 9 32,1,1,7,1.44,2,"mPFC (BA 8, 9, 32)",U,11,12,A9m,SFG_L(R)_7_6,0.3333,1,,,,,,,,,,,,,,,,,,,,,,,,,0.3333
mpfc ba 9,1,1,7,1.44,2,mPFC (BA 9),U,5,6,A9l,SFG_L(R)_7_3,0.3333,1,,,,,,,,,,,,,,,,,,,,,,,,,0.3333
mpfc ba 9 10 32,1,1,7,1.44,2,"mPFC (BA 9, 10, 32)",U,15,16,A9/46d,MFG_L(R)_7_1,0.3333,1,,,,,,,,,,,,,,,,,,,,,,,,,0.3333
mpfc cing,1,1,7,1.44,2,MPFC-Cing,U,187,188,A32sg,CG_L(R)_7_7,0.3333,1,,,,,,,,,,,,,,,,,,,,,,,,,0.3333
mpfc dacc,1,1,7,1.44,2,MPFC-dACC,U,13,14,A10m,SFG_L(R)_7_7,0.3333,1,,,,,,,,,,,,,,,,,,,,,,,,,0.3333
mins,1,1,6,1.44,2,mINS,U,173,174,dId,INS_L(R)_6_6,0.375,1,,,,,,,,,,,,,,,,,,,,,,,,,0.375
miog,1,1,6,1.44,2,MiOG,U,199,200,mOccG,LOcC_L(R)_4_1,0.375,1,,,,,,,,,,,,,,,,,,,,,,,,,0.375
mofc ba 11,1,1,7,1.44,2,R mOFC (BA11),R,187,188,A32sg,CG_L(R)_7_7,0.3333,1,,,,,,,,,,,,,,,,,,,,,,,,,0.3333
mog 18,1,1,6,1.44,2,MOG(18),U,205,206,iOccG,LOcC_L(R)_4_4,0.375,1,,,,,,,,,,,,,,,,,,,,,,,,,0.375
mog 19,1,1,6,1.44,2,MOG (19),U,209,210,lsOccG,LOcC_L(R)_2_2,0.375,1,,,,,,,,,,,,,,,,,,,,,,,,,0.375
mortor cortex,1,1,6,1.44,2,R mortor cortex,R,145,146,A40rv,IPL_L(R)_6_6,0.375,1,,,,,,,,,,,,,,,,,,,,,,,,,0.375
motor and sensorimotor cortex,1,1,6,1.44,2,Left motor and sensorimotor cortex,LR,57,58,A4ul,PrG_L(R)_6_3,0.375,1,,,,,,,,,,,,,,,,,,,,,,,,,0.375
motor ba 4,1,1,6,1.44,2,l-Motor (BA4),LR,53,54,A4hf,PrG_L(R)_6_1,0.375,1,,,,,,,,,,,,,,,,,,,,,,,,,0.375
inferior frontal pars orbitalis,1,1,6,1.44,2,R inferior frontal pars orbitalis,R,35,36,A45r,IFG_L(R)_6_4,0.375,1,,,,,,,,,,,,,,,,,,,,,,,,,0.375
inferior frontal pars triangularis ba 47,1,1,6,1.44,2,Inferior frontal pars triangularis (BA 47),U,37,38,A44op,IFG_L(R)_6_5,0.375,1,,,,,,,,,,,,,,,,,,,,,,,,,0.375
inferior frontal region,1,1,6,1.44,2,Inferior frontal region,U,51,52,A12/47l,OrG_L(R)_6_6,0.375,1,,,,,,,,,,,,,,,,,,,,,,,,,0.375
inferior frontal tri ba 45 2,1,1,6,1.44,2,Inferior frontal tri (BA45) 2,U,33,34,A45c,IFG_L(R)_6_3,0.375,1,,,,,,,,,,,,,,,,,,,,,,,,,0.375
inferior frontalgyrus,1,1,7,1.44,2,Rt. Inferior FrontalGyrus,R,21,22,A9/46v,MFG_L(R)_7_4,0.3333,1,,,,,,,,,,,,,,,,,,,,,,,,,0.3333
inferior gryrus,1,1,7,1.44,2,Inferior gryrus,U,101,102,A20cv,ITG_L(R)_7_7,0.3333,1,,,,,,,,,,,,,,,,,,,,,,,,,0.3333
inferior insula,1,1,6,1.44,2,Inferior insula,U,173,174,dId,INS_L(R)_6_6,0.375,1,,,,,,,,,,,,,,,,,,,,,,,,,0.375
midtg,1,1,6,1.44,2,MidTG,U,135,136,A39c,IPL_L(R)_6_1,0.375,1,,,,,,,,,,,,,,,,,,,,,,,,,0.375
inferior frontal gyrus opercular part,1,1,6,1.44,2,Inferior Frontal Gyrus Opercular Part L,L,29,30,A44d,IFG_L(R)_6_1,0.375,1,,,,,,,,,,,,,,,,,,,,,,,,,0.375
inferior frontal gyrus p opercularis,1,1,7,1.44,2,R inferior frontal gyrus p. opercularis,R,23,24,A8vl,MFG_L(R)_7_5,0.3333,1,,,,,,,,,,,,,,,,,,,,,,,,,0.3333
inferior frontal gyrus p triangularis,1,1,6,1.44,2,R inferior frontal gyrus p. triangularis,R,35,36,A45r,IFG_L(R)_6_4,0.375,1,,,,,,,,,,,,,,,,,,,,,,,,,0.375
inferior frontal gyrus par opercularis,1,1,7,1.44,2,L Inferior Frontal Gyrus Par Opercularis,L,17,18,IFJ,MFG_L(R)_7_2,0.3333,1,,,,,,,,,,,,,,,,,,,,,,,,,0.3333
inferior frontal gyrus pars opercularis ba 44 precentral gyrus,1,1,6,1.44,2,L inferior frontal gyrus pars opercularis (BA 44)L precentral gyrus,L,29,30,A44d,IFG_L(R)_6_1,0.375,1,,,,,,,,,,,,,,,,,,,,,,,,,0.375
inferior frontal gyrus pars orbitalis ba 47,1,1,6,1.44,2,Left Inferior Frontal Gyrus pars orbitalis BA47,L,37,38,A44op,IFG_L(R)_6_5,0.375,1,,,,,,,,,,,,,,,,,,,,,,,,,0.375
inferior frontal gyrus pars triangularis and anterior insula,1,1,6,1.44,2,Inferior frontal gyrus pars triangularis and anterior insula,U,33,34,A45c,IFG_L(R)_6_3,0.375,1,,,,,,,,,,,,,,,,,,,,,,,,,0.375
inferior frontal gyrus pars triangularis ba 45,1,1,6,1.44,2,L inferior frontal gyrus pars triangularis (BA 45),L,35,36,A45r,IFG_L(R)_6_4,0.375,1,,,,,,,,,,,,,,,,,,,,,,,,,0.375
inferior frontal gyrus ba 45 46,1,1,6,1.44,2,R — Inferior frontal gyrus (BA 45/46),R,31,32,IFS,IFG_L(R)_6_2,0.375,1,,,,,,,,,,,,,,,,,,,,,,,,,0.375
inferior frontal gyrus ba 45 47,1,1,6,1.44,2,Inferior frontal gyrus (BA 45/47),U,167,168,dIa,INS_L(R)_6_3,0.375,1,,,,,,,,,,,,,,,,,,,,,,,,,0.375
inferior frontal gyrus ba 45 a,1,1,6,1.44,2,RH inferior frontal gyrus (BA 45)a,R,33,34,A45c,IFG_L(R)_6_3,0.375,1,,,,,,,,,,,,,,,,,,,,,,,,,0.375
inferior frontal gyrus ba 48,1,1,6,1.44,2,Left Inferior frontal gyrus (BA 48),L,37,38,A44op,IFG_L(R)_6_5,0.375,1,,,,,,,,,,,,,,,,,,,,,,,,,0.375
inferior frontal gyrus ba 6,1,1,6,1.44,2,Right Inferior Frontal Gyrus (BA6),R,63,64,A6cvl,PrG_L(R)_6_6,0.375,1,,,,,,,,,,,,,,,,,,,,,,,,,0.375
inferior frontal gyrus ba 9 46,1,1,7,1.44,2,Bilateral inferior frontal gyrus (BA 9/46),B,23,24,A8vl,MFG_L(R)_7_5,0.3333,1,,,,,,,,,,,,,,,,,,,,,,,,,0.3333
inferior frontal gyrus extending in acc and others,1,1,6,1.44,2,Left inferior frontal gyrus extending in ACC and others,L,33,34,A45c,IFG_L(R)_6_3,0.375,1,,,,,,,,,,,,,,,,,,,,,,,,,0.375
inferior frontal gyrus in triangular and opercular part,1,1,7,1.44,2,Inferior frontal gyrus in triangular and opercular part,U,13,14,A10m,SFG_L(R)_7_7,0.3333,1,,,,,,,,,,,,,,,,,,,,,,,,,0.3333
no label,1,1,7,1.44,2,no label,U,175,176,A23d,CG_L(R)_7_1,0.3333,1,,,,,,,,,,,,,,,,,,,,,,,,,0.3333
none at cwp 0 001,1,1,6,1.44,2,None at CWP ≤ 0.001,U,41,42,A14m,OrG_L(R)_6_1,0.375,1,,,,,,,,,,,,,,,,,,,,,,,,,0.375
nucleus of the diagonal band of broca,1,1,6,1.44,2,Nuclei of the diagonal band of Broca,U,223,224,NAC,BG_L(R)_6_3,0.375,1,,,,,,,,,,,,,,,,,,,,,,,,,0.375
o amygdala,1,1,2,1.24,2,º Amygdala,U,211,212,mAmyg,Amyg_L(R)_2_1,0.75,1,,,,,,,,,,,,,,,,,,,,,,,,,0.75
o dorsal premotor cortex,1,1,6,1.44,2,º Dorsal premotor cortex,U,57,58,A4ul,PrG_L(R)_6_3,0.375,1,,,,,,,,,,,,,,,,,,,,,,,,,0.375
o fusiform gyrus,1,1,6,1.44,2,º Fusiform gyrus,U,143,144,A39rv,IPL_L(R)_6_5,0.375,1,,,,,,,,,,,,,,,,,,,,,,,,,0.375
o middle frontal gyrus,1,1,6,1.44,2,º Middle frontal gyrus,U,29,30,A44d,IFG_L(R)_6_1,0.375,1,,,,,,,,,,,,,,,,,,,,,,,,,0.375
inferior frontal gyrus ba 44 50,1,1,6,1.44,2,Inferior frontal gyrus (pars triangularis) BA 44 50%,U,31,32,IFS,IFG_L(R)_6_2,0.375,1,,,,,,,,,,,,,,,,,,,,,,,,,0.375
n ac,1,1,6,1.44,2,N Ac???,U,219,220,vCa,BG_L(R)_6_1,0.375,1,,,,,,,,,,,,,,,,,,,,,,,,,0.375
n ach,1,1,6,1.44,2,N AcH,U,219,220,vCa,BG_L(R)_6_1,0.375,1,,,,,,,,,,,,,,,,,,,,,,,,,0.375
n caudatus,1,1,6,1.44,2,N. Caudatus,U,219,220,vCa,BG_L(R)_6_1,0.375,1,,,,,,,,,,,,,,,,,,,,,,,,,0.375
na ba 34,1,1,2,1.24,2,NA (BA 34),U,211,212,mAmyg,Amyg_L(R)_2_1,0.75,1,,,,,,,,,,,,,,,,,,,,,,,,,0.75
nc accumbens,1,1,6,1.44,2,Nc. accumbens (L),L,223,224,NAC,BG_L(R)_6_3,0.375,1,,,,,,,,,,,,,,,,,,,,,,,,,0.375
nd hg,1,1,6,1.44,2,2nd HG,U,71,72,A41/42,STG_L(R)_6_2,0.375,1,,,,,,,,,,,,,,,,,,,,,,,,,0.375
negative precuneus,1,1,5,1.44,2,Negative precuneus,U,125,126,A7r,SPL_L(R)_5_1,0.4286,1,,,,,,,,,,,,,,,,,,,,,,,,,0.4286
negative superior frontal gyrus,1,1,7,1.44,2,Negative superior frontal gyrus,U,3,4,A8dl,SFG_L(R)_7_2,0.3333,1,,,,,,,,,,,,,,,,,,,,,,,,,0.3333
occipital region,1,1,6,1.44,2,L occipital region,L,205,206,iOccG,LOcC_L(R)_4_4,0.375,1,,,,,,,,,,,,,,,,,,,,,,,,,0.375
occipital superior lobe,1,1,6,1.44,2,Lt. Occipital superior lobe↓,L,209,210,lsOccG,LOcC_L(R)_2_2,0.375,1,,,,,,,,,,,,,,,,,,,,,,,,,0.375
occipital temporal gyrus 37,1,1,6,1.44,2,L occipital-temporal gyrus (37),LR,201,202,V5/MT+,LOcC_L(R)_4_2,0.375,1,,,,,,,,,,,,,,,,,,,,,,,,,0.375
occipital temporal lobe 37,1,1,6,1.44,2,R occipital temporal lobe (37),R,201,202,V5/MT+,LOcC_L(R)_4_2,0.375,1,,,,,,,,,,,,,,,,,,,,,,,,,0.375
occipito parietal cortex,1,1,6,1.44,2,occipito-parietal cortex,U,199,200,mOccG,LOcC_L(R)_4_1,0.375,1,,,,,,,,,,,,,,,,,,,,,,,,,0.375
occipito temporal,1,1,3,1.36,2,L occipito‐temporal,LR,105,106,A37mv,FuG_L(R)_3_2,0.6,1,,,,,,,,,,,,,,,,,,,,,,,,,0.6
occipito temporal junction inferior occipital gyrusr inferior temporal gyrusr middle temporal gyrus,1,1,6,1.44,2,R Occipito-temporal junction (MT/V5)R Inferior occipital gyrusR Inferior temporal gyrusR Middle temporal gyrus,R,201,202,V5/MT+,LOcC_L(R)_4_2,0.375,1,,,,,,,,,,,,,,,,,,,,,,,,,0.375
occipito temporal junction middle occipital gyrusl middle temporal gyrusl inferior occipital gyrusl superior temporal gyrusl inferior parietal lobe,1,1,4,1.41,2,L Occipito-temporal junction (MT/V5)L Middle occipital gyrusL Middle temporal gyrusL Inferior occipital gyrusL Superior temporal gyrusL Inferior parietal lobe,L,85,86,A37dl,MTG_L(R)_4_3,0.5,1,,,,,,,,,,,,,,,,,,,,,,,,,0.5
occipital lobe cl,1,1,6,1.44,2,Occipital lobe_CL,U,209,210,lsOccG,LOcC_L(R)_2_2,0.375,1,,,,,,,,,,,,,,,,,,,,,,,,,0.375
occipital lobe cuneus,1,1,5,1.44,2,Right occipital lobe cuneus,R,197,198,vmPOS,MVOcC_L(R)_5_5,0.4286,1,,,,,,,,,,,,,,,,,,,,,,,,,0.4286
occipital lobe il,1,1,6,1.44,2,Occipital lobe_IL,U,143,144,A39rv,IPL_L(R)_6_5,0.375,1,,,,,,,,,,,,,,,,,,,,,,,,,0.375
occipital lobe lingual gyrus,1,1,5,1.44,2,Left occipital lobe lingual gyrus,L,189,190,cLinG,MVOcC_L(R)_5_1,0.4286,1,,,,,,,,,,,,,,,,,,,,,,,,,0.4286
occipital medial area,1,1,6,1.44,2,Occipital medial area,U,135,136,A39c,IPL_L(R)_6_1,0.375,1,,,,,,,,,,,,,,,,,,,,,,,,,0.375
occipital parietal junction,1,1,6,1.44,2,Occipital-parietal junction-R,R,143,144,A39rv,IPL_L(R)_6_5,0.375,1,,,,,,,,,,,,,,,,,,,,,,,,,0.375
occipital pole and cerebellum,1,1,6,1.44,2,Right occipital pole and right cerebellum,R,203,204,OPC,LOcC_L(R)_4_3,0.375,1,,,,,,,,,,,,,,,,,,,,,,,,,0.375
occipital pole and lingual gyrus,1,1,5,1.44,2,Occipital pole and lingual gyrus,U,189,190,cLinG,MVOcC_L(R)_5_1,0.4286,1,,,,,,,,,,,,,,,,,,,,,,,,,0.4286
occipital and temporal cortex,1,1,6,1.44,2,Right occipital and temporal cortex,R,201,202,V5/MT+,LOcC_L(R)_4_2,0.375,1,,,,,,,,,,,,,,,,,,,,,,,,,0.375
occipital c,1,1,6,1.44,2,L. Occipital C.,L,143,144,A39rv,IPL_L(R)_6_5,0.375,1,,,,,,,,,,,,,,,,,,,,,,,,,0.375
occipital cortex and thalamus,1,1,5,1.44,2,Occipital cortex and right thalamus,RU,191,192,rCunG,MVOcC_L(R)_5_2,0.4286,1,,,,,,,,,,,,,,,,,,,,,,,,,0.4286
occipital cortex ba 18 4,1,1,5,1.44,2,Occipital cortex (BA18) 4,U,197,198,vmPOS,MVOcC_L(R)_5_5,0.4286,1,,,,,,,,,,,,,,,,,,,,,,,,,0.4286
occipital fusiform 19,1,1,3,1.36,2,R occipital fusiform (19),R,105,106,A37mv,FuG_L(R)_3_2,0.6,1,,,,,,,,,,,,,,,,,,,,,,,,,0.6
occipital fusiform cortex,1,1,5,1.44,2,Occipital fusiform cortex,U,197,198,vmPOS,MVOcC_L(R)_5_5,0.4286,1,,,,,,,,,,,,,,,,,,,,,,,,,0.4286
occipital inferior,1,1,6,1.44,2,Occipital inferior,U,201,202,V5/MT+,LOcC_L(R)_4_2,0.375,1,,,,,,,,,,,,,,,,,,,,,,,,,0.375
occipital lobe 18,1,1,6,1.44,2,Occipital lobe (18),U,205,206,iOccG,LOcC_L(R)_4_4,0.375,1,,,,,,,,,,,,,,,,,,,,,,,,,0.375
inferior frontal gyrus pars triangularis ba 45 10,1,1,7,1.44,2,Inferior frontal gyrus (pars triangularis BA 45 10%,U,21,22,A9/46v,MFG_L(R)_7_4,0.3333,1,,,,,,,,,,,,,,,,,,,,,,,,,0.3333
inferior frontal gyrus precentral,1,1,6,1.44,2,R Inferior frontal gyrus (pars opercularis) Precentral,R,63,64,A6cvl,PrG_L(R)_6_6,0.375,1,,,,,,,,,,,,,,,,,,,,,,,,,0.375
inferior frontal gyrus ptr,1,1,6,1.44,2,Inferior frontal gyrus PTr,U,33,34,A45c,IFG_L(R)_6_3,0.375,1,,,,,,,,,,,,,,,,,,,,,,,,,0.375
inferior frontal gyrus triangular,1,1,6,1.44,2,Right inferior frontal gyrus triangular,R,33,34,A45c,IFG_L(R)_6_3,0.375,1,,,,,,,,,,,,,,,,,,,,,,,,,0.375
o precentral gyrus,1,1,6,1.44,2,º Precentral gyrus,U,57,58,A4ul,PrG_L(R)_6_3,0.375,1,,,,,,,,,,,,,,,,,,,,,,,,,0.375
o sma,1,1,7,1.44,2,º SMA,U,9,10,A6m,SFG_L(R)_7_5,0.3333,1,,,,,,,,,,,,,,,,,,,,,,,,,0.3333
occipital and cerebellar area,1,1,6,1.44,2,Occipital and cerebellar areas,U,201,202,V5/MT+,LOcC_L(R)_4_2,0.375,1,,,,,,,,,,,,,,,,,,,,,,,,,0.375
occipital and fusiform gyrus,1,1,6,1.44,2,Left occipital and fusiform gyrus,LR,199,200,mOccG,LOcC_L(R)_4_1,0.375,1,,,,,,,,,,,,,,,,,,,,,,,,,0.375
inferior frontal cortex ba 44 45,1,1,6,1.44,2,Left Inferior Frontal Cortex (BA44/45),L,39,40,A44v,IFG_L(R)_6_6,0.375,1,,,,,,,,,,,,,,,,,,,,,,,,,0.375
inferior frontal g ba 44,1,1,6,1.44,2,Inferior frontal G. (BA 44),U,63,64,A6cvl,PrG_L(R)_6_6,0.375,1,,,,,,,,,,,,,,,,,,,,,,,,,0.375
inferior frontal gyru,1,1,6,1.44,2,Right Inferior Frontal Gyru,R,49,50,A13,OrG_L(R)_6_5,0.375,1,,,,,,,,,,,,,,,,,,,,,,,,,0.375
inferior frontal gyrus 13,1,1,6,1.44,2,Right Inferior Frontal Gyrus (13),R,37,38,A44op,IFG_L(R)_6_5,0.375,1,,,,,,,,,,,,,,,,,,,,,,,,,0.375
inferior frontal gyrus 44 46,1,1,6,1.44,2,"R inferior frontal gyrus (44, 46)",R,29,30,A44d,IFG_L(R)_6_1,0.375,1,,,,,,,,,,,,,,,,,,,,,,,,,0.375
inferior frontal gyrus 44 6,1,1,6,1.44,2,"R inferior frontal gyrus (44, 6)",R,61,62,A4tl,PrG_L(R)_6_5,0.375,1,,,,,,,,,,,,,,,,,,,,,,,,,0.375
inferior frontal gyrus 45 47,1,1,6,1.44,2,Lt inferior frontal gyrus (45/47),L,37,38,A44op,IFG_L(R)_6_5,0.375,1,,,,,,,,,,,,,,,,,,,,,,,,,0.375
inferior frontal gyrus and,1,1,6,1.44,2,L inferior frontal gyrus and,L,167,168,dIa,INS_L(R)_6_3,0.375,1,,,,,,,,,,,,,,,,,,,,,,,,,0.375
inferior and middle frontal gyrus 46 9 10 45,1,1,7,1.44,2,"Right inferior and middle frontal gyrus (46,9,10,45)",R,17,18,IFJ,MFG_L(R)_7_2,0.3333,1,,,,,,,,,,,,,,,,,,,,,,,,,0.3333
inferior and middle occipital cortex,1,1,6,1.44,2,Inferior and middle occipital cortices,U,201,202,V5/MT+,LOcC_L(R)_4_2,0.375,1,,,,,,,,,,,,,,,,,,,,,,,,,0.375
inferior and superior parietal lobule 40 5 7,1,1,6,1.44,2,"L inferior and superior parietal lobule (40, 5, 7)",L,137,138,A39rd,IPL_L(R)_6_2,0.375,1,,,,,,,,,,,,,,,,,,,,,,,,,0.375
inferior central sulcus,1,1,6,1.44,2,Right inferior central sulcus,R,73,74,TE1.0 and TE1.2,STG_L(R)_6_3,0.375,1,,,,,,,,,,,,,,,,,,,,,,,,,0.375
inferior cluster,1,1,6,1.44,2,Inferior cluster,U,53,54,A4hf,PrG_L(R)_6_1,0.375,1,,,,,,,,,,,,,,,,,,,,,,,,,0.375
inferior extrastriate cortex,1,1,3,1.36,2,Inferior Extrastriate Cortex,U,105,106,A37mv,FuG_L(R)_3_2,0.6,1,,,,,,,,,,,,,,,,,,,,,,,,,0.6
inferior frontal and,1,1,6,1.44,2,R inferior frontal and,R,31,32,IFS,IFG_L(R)_6_2,0.375,1,,,,,,,,,,,,,,,,,,,,,,,,,0.375
inferior frontal ba 44,1,1,6,1.44,2,R Inferior frontal (BA 44),R,63,64,A6cvl,PrG_L(R)_6_6,0.375,1,,,,,,,,,,,,,,,,,,,,,,,,,0.375
occitpital cortex,1,1,4,1.41,2,Occitpital cortex,U,151,152,dmPOS,PCun_L(R)_4_3,0.5,1,,,,,,,,,,,,,,,,,,,,,,,,,0.5
occp,1,1,5,1.44,2,LT OCCP,L,189,190,cLinG,MVOcC_L(R)_5_1,0.4286,1,,,,,,,,,,,,,,,,,,,,,,,,,0.4286
ocg,1,1,6,1.44,2,OcG (middle/ inferior occipital gyrus),U,201,202,V5/MT+,LOcC_L(R)_4_2,0.375,1,,,,,,,,,,,,,,,,,,,,,,,,,0.375
ofc lateral,1,1,7,1.44,2,OFC lateral,U,21,22,A9/46v,MFG_L(R)_7_4,0.3333,1,,,,,,,,,,,,,,,,,,,,,,,,,0.3333
ofc orbital,1,1,6,1.44,2,OFC orbital,U,39,40,A44v,IFG_L(R)_6_6,0.375,1,,,,,,,,,,,,,,,,,,,,,,,,,0.375
inferior and middle frontal gyrus 44 6,1,1,6,1.44,2,L inferior and middle frontal gyri (44/6),L,63,64,A6cvl,PrG_L(R)_6_6,0.375,1,,,,,,,,,,,,,,,,,,,,,,,,,0.375
inferior and middle frontal gyrus 44 6 9,1,1,6,1.44,2,"L inferior and middle frontal gyri (44,6,9)",L,63,64,A6cvl,PrG_L(R)_6_6,0.375,1,,,,,,,,,,,,,,,,,,,,,,,,,0.375
inferior and middle frontal gyrus 45 46,1,1,6,1.44,2,R inferior and middle frontal gyri (45/46),R,37,38,A44op,IFG_L(R)_6_5,0.375,1,,,,,,,,,,,,,,,,,,,,,,,,,0.375
occipito temporal junction middle temporal gyrusr inferior temporal gyrus,1,1,6,1.44,2,R Occipito-temporal junction (MT/V5)R Middle temporal gyrusR Inferior temporal gyrus,R,201,202,V5/MT+,LOcC_L(R)_4_2,0.375,1,,,,,,,,,,,,,,,,,,,,,,,,,0.375
occipito temporal sulcus,1,1,3,1.36,2,LH occipito-temporal sulcus,L,107,108,A37lv,FuG_L(R)_3_3,0.6,1,,,,,,,,,,,,,,,,,,,,,,,,,0.6
occipitoparietal fissure,1,1,4,1.41,2,Occipitoparietal fissure-L,L,151,152,dmPOS,PCun_L(R)_4_3,0.5,1,,,,,,,,,,,,,,,,,,,,,,,,,0.5
occipitoparietal junction,1,1,6,1.44,2,Occipitoparietal junction-R,R,201,202,V5/MT+,LOcC_L(R)_4_2,0.375,1,,,,,,,,,,,,,,,,,,,,,,,,,0.375
occipitopemporal,1,1,3,1.36,2,Occipitopemporal,U,105,106,A37mv,FuG_L(R)_3_2,0.6,1,,,,,,,,,,,,,,,,,,,,,,,,,0.6
occipitotemporal,1,1,7,1.44,2,Left occipitotemporal,L,91,92,A37elv,ITG_L(R)_7_2,0.3333,1,,,,,,,,,,,,,,,,,,,,,,,,,0.3333
occipitotemporal junction,1,1,6,1.44,2,Occipitotemporal junction–R,R,143,144,A39rv,IPL_L(R)_6_5,0.375,1,,,,,,,,,,,,,,,,,,,,,,,,,0.375
occiput wedge leaf,1,1,5,1.44,2,Occiput wedge leaf,U,191,192,rCunG,MVOcC_L(R)_5_2,0.4286,1,,,,,,,,,,,,,,,,,,,,,,,,,0.4286
inf par lob,1,1,6,1.44,2,R Inf. Par. Lob.,R,139,140,A40rd,IPL_L(R)_6_3,0.375,1,,,,,,,,,,,,,,,,,,,,,,,,,0.375
inf par lobule,1,1,6,1.44,2,Inf Par Lobule???,U,141,142,A40c,IPL_L(R)_6_4,0.375,1,,,,,,,,,,,,,,,,,,,,,,,,,0.375
inf par lobulek,1,1,6,1.44,2,Inf Par LobuleK,U,141,142,A40c,IPL_L(R)_6_4,0.375,1,,,,,,,,,,,,,,,,,,,,,,,,,0.375
inf parietal lob,1,1,6,1.44,2,Right inf parietal lob,R,139,140,A40rd,IPL_L(R)_6_3,0.375,1,,,,,,,,,,,,,,,,,,,,,,,,,0.375
inf parietal lobe,1,1,7,1.44,2,Inf Parietal Lobe,U,97,98,A37vl,ITG_L(R)_7_5,0.3333,1,,,,,,,,,,,,,,,,,,,,,,,,,0.3333
inf parietal lobuleq,1,1,5,1.44,2,Inf Parietal LobuleQ,U,129,130,A5l,SPL_L(R)_5_3,0.4286,1,,,,,,,,,,,,,,,,,,,,,,,,,0.4286
inf pcs,1,1,6,1.44,2,Right inf-PCS,LR,33,34,A45c,IFG_L(R)_6_3,0.375,1,,,,,,,,,,,,,,,,,,,,,,,,,0.375
inf precentral g,1,1,6,1.44,2,Inf. Precentral g.,U,73,74,TE1.0 and TE1.2,STG_L(R)_6_3,0.375,1,,,,,,,,,,,,,,,,,,,,,,,,,0.375
orbital gyrus ba 11,1,1,7,1.44,2,Orbital gyri (BA 11),U,13,14,A10m,SFG_L(R)_7_7,0.3333,1,,,,,,,,,,,,,,,,,,,,,,,,,0.3333
orbital inferior frontal gyrus,1,1,6,1.44,2,Orbital inferior frontal gyrus,U,167,168,dIa,INS_L(R)_6_3,0.375,1,,,,,,,,,,,,,,,,,,,,,,,,,0.375
orbital medial frontal gyrus,1,1,7,1.44,2,Orbital medial frontal gyrus,U,13,14,A10m,SFG_L(R)_7_7,0.3333,1,,,,,,,,,,,,,,,,,,,,,,,,,0.3333
orbital middle frontal gyrus,1,1,6,1.44,2,Orbital middle frontal gyrus,U,45,46,A11l,OrG_L(R)_6_3,0.375,1,,,,,,,,,,,,,,,,,,,,,,,,,0.375
orbital superior frontal gyrus,1,1,6,1.44,2,R orbital superior frontal gyrus,R,45,46,A11l,OrG_L(R)_6_3,0.375,1,,,,,,,,,,,,,,,,,,,,,,,,,0.375
inf occipital lobe,1,1,6,1.44,2,Inf. occipital lobe L,L,111,112,A35/36c,PhG_L(R)_6_2,0.375,1,,,,,,,,,,,,,,,,,,,,,,,,,0.375
inf occipito temporal,1,1,6,1.44,2,R inf. occipito-temporal,R,201,202,V5/MT+,LOcC_L(R)_4_2,0.375,1,,,,,,,,,,,,,,,,,,,,,,,,,0.375
inf og,1,1,6,1.44,2,Inf OG,U,205,206,iOccG,LOcC_L(R)_4_4,0.375,1,,,,,,,,,,,,,,,,,,,,,,,,,0.375
opercular part of the inferior frontal gyrus,1,1,7,1.44,2,Opercular part of the inferior frontal gyrus,U,23,24,A8vl,MFG_L(R)_7_5,0.3333,1,,,,,,,,,,,,,,,,,,,,,,,,,0.3333
operculum 41,1,1,6,1.44,2,Operculum (41),U,73,74,TE1.0 and TE1.2,STG_L(R)_6_3,0.375,1,,,,,,,,,,,,,,,,,,,,,,,,,0.375
operculum cortex,1,1,6,1.44,2,‐ Operculum Cortex,U,37,38,A44op,IFG_L(R)_6_5,0.375,1,,,,,,,,,,,,,,,,,,,,,,,,,0.375
opj,1,1,5,1.44,2,OPJ,U,125,126,A7r,SPL_L(R)_5_1,0.4286,1,,,,,,,,,,,,,,,,,,,,,,,,,0.4286
opjx,1,1,6,1.44,2,OPJx,U,209,210,lsOccG,LOcC_L(R)_2_2,0.375,1,,,,,,,,,,,,,,,,,,,,,,,,,0.375
optjx,1,1,6,1.44,2,OPTJx,U,209,210,lsOccG,LOcC_L(R)_2_2,0.375,1,,,,,,,,,,,,,,,,,,,,,,,,,0.375
orbital frontal lobe,1,1,6,1.44,2,Orbital frontal lobe,U,45,46,A11l,OrG_L(R)_6_3,0.375,1,,,,,,,,,,,,,,,,,,,,,,,,,0.375
orbital gyrus 18,1,1,6,1.44,2,Orbital gyri (18),U,199,200,mOccG,LOcC_L(R)_4_1,0.375,1,,,,,,,,,,,,,,,,,,,,,,,,,0.375
oifg,1,1,6,1.44,2,oIFG,U,37,38,A44op,IFG_L(R)_6_5,0.375,1,,,,,,,,,,,,,,,,,,,,,,,,,0.375
olfactory lobe,1,1,2,1.24,2,Left olfactory lobe,L,215,216,rHipp,Hipp_L(R)_2_1,0.75,1,,,,,,,,,,,,,,,,,,,,,,,,,0.75
olfactory sulcus,1,1,6,1.44,2,Olfactory sulcus,U,223,224,NAC,BG_L(R)_6_3,0.375,1,,,,,,,,,,,,,,,,,,,,,,,,,0.375
ompfc,1,1,6,1.44,2,omPFC (medial frontal gyrus),U,41,42,A14m,OrG_L(R)_6_1,0.375,1,,,,,,,,,,,,,,,,,,,,,,,,,0.375
op 3,1,1,6,1.44,2,OP 3,U,171,172,dIg,INS_L(R)_6_5,0.375,1,,,,,,,,,,,,,,,,,,,,,,,,,0.375
op1,1,1,6,1.44,2,OP1,U,73,74,TE1.0 and TE1.2,STG_L(R)_6_3,0.375,1,,,,,,,,,,,,,,,,,,,,,,,,,0.375
operc sii,1,1,6,1.44,2,Operc(L)-SII,L,145,146,A40rv,IPL_L(R)_6_6,0.375,1,,,,,,,,,,,,,,,,,,,,,,,,,0.375
opercular inferior frontal gyrus,1,1,6,1.44,2,opercular inferior frontal gyrus R,R,39,40,A44v,IFG_L(R)_6_6,0.375,1,,,,,,,,,,,,,,,,,,,,,,,,,0.375
pallidus,1,1,6,1.44,2,Pallidus (PAL),U,221,222,GP,BG_L(R)_6_2,0.375,1,,,,,,,,,,,,,,,,,,,,,,,,,0.375
para cingulate g,1,1,7,1.44,2,Para−cingulate g.,U,187,188,A32sg,CG_L(R)_7_7,0.3333,1,,,,,,,,,,,,,,,,,,,,,,,,,0.3333
para hippocampal cortex,1,1,6,1.44,2,R para-hippocampal cortex,R,113,114,TL,PhG_L(R)_6_3,0.375,1,,,,,,,,,,,,,,,,,,,,,,,,,0.375
para hippocampus gyrus,1,1,2,1.24,2,Para Hippocampus Gyrus,U,217,218,cHipp,Hipp_L(R)_2_2,0.75,1,,,,,,,,,,,,,,,,,,,,,,,,,0.75
paracental lobule,1,1,2,1.24,2,Paracental lobule,U,67,68,A4ll,PCL_L(R)_2_2,0.75,1,,,,,,,,,,,,,,,,,,,,,,,,,0.75
paracentral gyrus and sulcus and postcentral sulcus,1,1,2,1.24,2,Paracentral gyrus and sulcus and postcentral sulcus,U,65,66,A1/2/3ll,PCL_L(R)_2_1,0.75,1,,,,,,,,,,,,,,,,,,,,,,,,,0.75
paracentral gyrus ba 5,1,1,2,1.24,2,L paracentral gyrus (BA 5),LR,65,66,A1/2/3ll,PCL_L(R)_2_1,0.75,1,,,,,,,,,,,,,,,,,,,,,,,,,0.75
paracentral lobule 6,1,1,2,1.24,2,Paracentral lobule 6,U,67,68,A4ll,PCL_L(R)_2_2,0.75,1,,,,,,,,,,,,,,,,,,,,,,,,,0.75
orbitofrontal cortex4,1,1,7,1.44,2,Orbitofrontal cortex4,U,21,22,A9/46v,MFG_L(R)_7_4,0.3333,1,,,,,,,,,,,,,,,,,,,,,,,,,0.3333
orbitofrontal gyrus 11,1,1,6,1.44,2,Orbitofrontal gyrus (11),U,49,50,A13,OrG_L(R)_6_5,0.375,1,,,,,,,,,,,,,,,,,,,,,,,,,0.375
orbitofrontal gyrus 47,1,1,6,1.44,2,L orbitofrontal gyrus (47),L,43,44,A12/47o,OrG_L(R)_6_2,0.375,1,,,,,,,,,,,,,,,,,,,,,,,,,0.375
orbitofrontalcortex,1,1,6,1.44,2,OrbitofrontalCortex R,LR,45,46,A11l,OrG_L(R)_6_3,0.375,1,,,,,,,,,,,,,,,,,,,,,,,,,0.375
orbitomedial frontal gyrus,1,1,6,1.44,2,Bilateral orbitomedial frontal gyri,B,41,42,A14m,OrG_L(R)_6_1,0.375,1,,,,,,,,,,,,,,,,,,,,,,,,,0.375
orbsup,1,1,6,1.44,2,L ORBsup,L,49,50,A13,OrG_L(R)_6_5,0.375,1,,,,,,,,,,,,,,,,,,,,,,,,,0.375
p cingulate,1,1,2,1.24,2,p.Cingulate,U,217,218,cHipp,Hipp_L(R)_2_2,0.75,1,,,,,,,,,,,,,,,,,,,,,,,,,0.75
pag,1,1,8,1.44,2,PAG,U,245,246,lPFtha,Tha_L(R)_8_8,0.3,1,,,,,,,,,,,,,,,,,,,,,,,,,0.3
inferioir frontal gyrus,1,1,6,1.44,2,L Inferioir Frontal Gyrus,L,225,226,vmPu,BG_L(R)_6_4,0.375,1,,,,,,,,,,,,,,,,,,,,,,,,,0.375
orbitofrontal 11,1,1,7,1.44,2,Right Orbitofrontal (11),R,27,28,A10l,MFG_L(R)_7_7,0.3333,1,,,,,,,,,,,,,,,,,,,,,,,,,0.3333
orbitofrontal ba 11,1,1,6,1.44,2,Left orbitofrontal (BA 11),L,45,46,A11l,OrG_L(R)_6_3,0.375,1,,,,,,,,,,,,,,,,,,,,,,,,,0.375
orbitofrontal c,1,1,6,1.44,2,Orbitofrontal c.,U,37,38,A44op,IFG_L(R)_6_5,0.375,1,,,,,,,,,,,,,,,,,,,,,,,,,0.375
orbitofrontal cortex 11,1,1,6,1.44,2,Lt orbitofrontal cortex (11),L,45,46,A11l,OrG_L(R)_6_3,0.375,1,,,,,,,,,,,,,,,,,,,,,,,,,0.375
orbitofrontal cortex ba 11,1,1,6,1.44,2,Rt. Orbitofrontal cortex (BA11),R,49,50,A13,OrG_L(R)_6_5,0.375,1,,,,,,,,,,,,,,,,,,,,,,,,,0.375
orbitofrontal cortex ba 47,1,1,6,1.44,2,Orbitofrontal cortex (BA47),U,43,44,A12/47o,OrG_L(R)_6_2,0.375,1,,,,,,,,,,,,,,,,,,,,,,,,,0.375
orbitofrontal cortex1,1,1,6,1.44,2,Orbitofrontal cortex1,U,43,44,A12/47o,OrG_L(R)_6_2,0.375,1,,,,,,,,,,,,,,,,,,,,,,,,,0.375
inf precuneus,1,1,4,1.41,2,L. Inf. precuneus,L,151,152,dmPOS,PCun_L(R)_4_3,0.5,1,,,,,,,,,,,,,,,,,,,,,,,,,0.5
inf pt,1,1,6,1.44,2,R Inf Pt,R,75,76,A22c,STG_L(R)_6_4,0.375,1,,,,,,,,,,,,,,,,,,,,,,,,,0.375
inf temp gy,1,1,4,1.41,2,Inf Temp Gy???,U,87,88,aSTS,MTG_L(R)_4_4,0.5,1,,,,,,,,,,,,,,,,,,,,,,,,,0.5
inf temp gyp,1,1,4,1.41,2,Inf Temp GyP,U,87,88,aSTS,MTG_L(R)_4_4,0.5,1,,,,,,,,,,,,,,,,,,,,,,,,,0.5
inf temporal g,1,1,4,1.41,2,L inf temporal g,L,81,82,A21c,MTG_L(R)_4_1,0.5,1,,,,,,,,,,,,,,,,,,,,,,,,,0.5
inf temporal lobule,1,1,3,1.36,2,Inf. temporal lobule,U,107,108,A37lv,FuG_L(R)_3_3,0.6,1,,,,,,,,,,,,,,,,,,,,,,,,,0.6
inf temporal sulc,1,1,7,1.44,2,Inf Temporal Sulc (ITS),U,97,98,A37vl,ITG_L(R)_7_5,0.3333,1,,,,,,,,,,,,,,,,,,,,,,,,,0.3333
infer frontal gyrus,1,1,6,1.44,2,Infer frontal gyrus,U,33,34,A45c,IFG_L(R)_6_3,0.375,1,,,,,,,,,,,,,,,,,,,,,,,,,0.375
inf frontal gyr p orbitalis,1,1,6,1.44,2,Inf Frontal Gyr p orbitalis (IFGo),U,29,30,A44d,IFG_L(R)_6_1,0.375,1,,,,,,,,,,,,,,,,,,,,,,,,,0.375
inf frontal gyr p triangularis,1,1,6,1.44,2,Inf Frontal Gyr p triangularis (IFGt),U,31,32,IFS,IFG_L(R)_6_2,0.375,1,,,,,,,,,,,,,,,,,,,,,,,,,0.375
inf frontal tri gyrus,1,1,7,1.44,2,Inf. frontal tri. gyrus,U,17,18,IFJ,MFG_L(R)_7_2,0.3333,1,,,,,,,,,,,,,,,,,,,,,,,,,0.3333
inf insula,1,1,6,1.44,2,Inf. insula,U,163,164,G,INS_L(R)_6_1,0.375,1,,,,,,,,,,,,,,,,,,,,,,,,,0.375
inf lateral occipital cortex,1,1,6,1.44,2,Inf. lateral occipital cortex,U,201,202,V5/MT+,LOcC_L(R)_4_2,0.375,1,,,,,,,,,,,,,,,,,,,,,,,,,0.375
inf loc,1,1,6,1.44,2,inf LOC,U,201,202,V5/MT+,LOcC_L(R)_4_2,0.375,1,,,,,,,,,,,,,,,,,,,,,,,,,0.375
inf occipit,1,1,3,1.36,2,L inf. occipit.,L,107,108,A37lv,FuG_L(R)_3_3,0.6,1,,,,,,,,,,,,,,,,,,,,,,,,,0.6
inf occipital,1,1,6,1.44,2,Inf. occipital,U,201,202,V5/MT+,LOcC_L(R)_4_2,0.375,1,,,,,,,,,,,,,,,,,,,,,,,,,0.375
increased caudate body,1,1,6,1.44,2,Increased caudate body,U,227,228,dCa,BG_L(R)_6_5,0.375,1,,,,,,,,,,,,,,,,,,,,,,,,,0.375
inf cerebellum,1,1,4,1.41,2,inf cerebellum,U,155,156,A1/2/3ulhf,PoG_L(R)_4_1,0.5,1,,,,,,,,,,,,,,,,,,,,,,,,,0.5
inf f,1,1,7,1.44,2,R inf F,R,21,22,A9/46v,MFG_L(R)_7_4,0.3333,1,,,,,,,,,,,,,,,,,,,,,,,,,0.3333
inf fr gyh,1,1,6,1.44,2,Inf Fr GyH,U,51,52,A12/47l,OrG_L(R)_6_6,0.375,1,,,,,,,,,,,,,,,,,,,,,,,,,0.375
inf fr gyp,1,1,6,1.44,2,Inf Fr Gyp,U,51,52,A12/47l,OrG_L(R)_6_6,0.375,1,,,,,,,,,,,,,,,,,,,,,,,,,0.375
inf fronal orb,1,1,6,1.44,2,R Inf Fronal Orb (FI),R,51,52,A12/47l,OrG_L(R)_6_6,0.375,1,,,,,,,,,,,,,,,,,,,,,,,,,0.375
inf front orb,1,1,6,1.44,2,L inf front orb,L,43,44,A12/47o,OrG_L(R)_6_2,0.375,1,,,,,,,,,,,,,,,,,,,,,,,,,0.375
inf front tri,1,1,6,1.44,2,L inf front tri,L,31,32,IFS,IFG_L(R)_6_2,0.375,1,,,,,,,,,,,,,,,,,,,,,,,,,0.375
parahip resected area,1,1,6,1.44,2,L Parahip – resected area,L,229,230,dlPu,BG_L(R)_6_6,0.375,1,,,,,,,,,,,,,,,,,,,,,,,,,0.375
parahipopocampal gyrus,1,1,2,1.24,2,parahipopocampal gyrus,U,217,218,cHipp,Hipp_L(R)_2_2,0.75,1,,,,,,,,,,,,,,,,,,,,,,,,,0.75
parahipp gyrus,1,1,2,1.24,2,parahipp. Gyrus,U,217,218,cHipp,Hipp_L(R)_2_2,0.75,1,,,,,,,,,,,,,,,,,,,,,,,,,0.75
parahippcampus,1,1,8,1.44,2,Parahippcampus,U,241,242,Otha,Tha_L(R)_8_6,0.3,1,,,,,,,,,,,,,,,,,,,,,,,,,0.3
parahippg,1,1,2,1.24,2,paraHippG,U,121,122,rpSTS,pSTS_L(R)_2_1,0.75,1,,,,,,,,,,,,,,,,,,,,,,,,,0.75
parahippocamal gyrus,1,1,2,1.24,2,Parahippocamal gyrus,U,217,218,cHipp,Hipp_L(R)_2_2,0.75,1,,,,,,,,,,,,,,,,,,,,,,,,,0.75
parahippocampagyrus,1,1,2,1.24,2,Right parahippocampagyrus,R,217,218,cHipp,Hipp_L(R)_2_2,0.75,1,,,,,,,,,,,,,,,,,,,,,,,,,0.75
parahippocampal 9,1,1,6,1.44,2,ParaHippocampal*9,U,119,120,TH,PhG_L(R)_6_6,0.375,1,,,,,,,,,,,,,,,,,,,,,,,,,0.375
paracentral lobule ba 4,1,1,6,1.44,2,Left Paracentral lobule (BA 4),L,57,58,A4ul,PrG_L(R)_6_3,0.375,1,,,,,,,,,,,,,,,,,,,,,,,,,0.375
paracentral lobuleu,1,1,7,1.44,2,Paracentral LobuleU,U,185,186,A23c,CG_L(R)_7_6,0.3333,1,,,,,,,,,,,,,,,,,,,,,,,,,0.3333
paracg,1,1,7,1.44,2,ParaCG,U,187,188,A32sg,CG_L(R)_7_7,0.3333,1,,,,,,,,,,,,,,,,,,,,,,,,,0.3333
paracingulate gyrus 32,1,1,7,1.44,2,Paracingulate gyrus (32),U,187,188,A32sg,CG_L(R)_7_7,0.3333,1,,,,,,,,,,,,,,,,,,,,,,,,,0.3333
paracingulate gyrus ventromedial prefrontal cortex,1,1,7,1.44,2,Paracingulate gyrus [ventromedial prefrontal cortex],U,187,188,A32sg,CG_L(R)_7_7,0.3333,1,,,,,,,,,,,,,,,,,,,,,,,,,0.3333
paracyngulate gyrus,1,1,7,1.44,2,Paracyngulate gyrus,U,11,12,A9m,SFG_L(R)_7_6,0.3333,1,,,,,,,,,,,,,,,,,,,,,,,,,0.3333
parahc,1,1,2,1.24,2,ParaHC,U,217,218,cHipp,Hipp_L(R)_2_2,0.75,1,,,,,,,,,,,,,,,,,,,,,,,,,0.75
parahg,1,1,6,1.44,2,R ParaHG,R,69,70,A38m,STG_L(R)_6_1,0.375,1,,,,,,,,,,,,,,,,,,,,,,,,,0.375
ifg p triang ba 45,1,1,7,1.44,2,IFG p. triang. (BA 45),U,21,22,A9/46v,MFG_L(R)_7_4,0.3333,1,,,,,,,,,,,,,,,,,,,,,,,,,0.3333
ifg pars opercularis 45,1,1,6,1.44,2,IFG pars Opercularis (45*),U,29,30,A44d,IFG_L(R)_6_1,0.375,1,,,,,,,,,,,,,,,,,,,,,,,,,0.375
ifg pars triangularis 45,1,1,6,1.44,2,IFG pars Triangularis (45*),U,31,32,IFS,IFG_L(R)_6_2,0.375,1,,,,,,,,,,,,,,,,,,,,,,,,,0.375
ifg pars triangularis ba 44,1,1,6,1.44,2,IFG pars triangularis (BA 44),U,33,34,A45c,IFG_L(R)_6_3,0.375,1,,,,,,,,,,,,,,,,,,,,,,,,,0.375
ifg pars yriangularis,1,1,6,1.44,2,IFG pars yriangularis,U,29,30,A44d,IFG_L(R)_6_1,0.375,1,,,,,,,,,,,,,,,,,,,,,,,,,0.375
ifg tri,1,1,6,1.44,2,IFG tri,U,31,32,IFS,IFG_L(R)_6_2,0.375,1,,,,,,,,,,,,,,,,,,,,,,,,,0.375
ifg triangular,1,1,6,1.44,2,L IFG triangular,L,35,36,A45r,IFG_L(R)_6_4,0.375,1,,,,,,,,,,,,,,,,,,,,,,,,,0.375
ifg2,1,1,6,1.44,2,IFG2,U,37,38,A44op,IFG_L(R)_6_5,0.375,1,,,,,,,,,,,,,,,,,,,,,,,,,0.375
parahippocampal gyrus ba 35 36,1,1,6,1.44,2,R. parahippocampal gyrus (BA 35/36),R,119,120,TH,PhG_L(R)_6_6,0.375,1,,,,,,,,,,,,,,,,,,,,,,,,,0.375
parahippocampal gyrus ba 37,1,1,3,1.36,2,Parahippocampal gyrus (BA 37),U,105,106,A37mv,FuG_L(R)_3_2,0.6,1,,,,,,,,,,,,,,,,,,,,,,,,,0.6
parahippocampal gyrus limbic lobe,1,1,7,1.44,2,Parahippocampal Gyrus Limbic Lobe,U,181,182,A23v,CG_L(R)_7_4,0.3333,1,,,,,,,,,,,,,,,,,,,,,,,,,0.3333
parahippocampus gyrus,1,1,3,1.36,2,Parahippocampus gyrus,U,107,108,A37lv,FuG_L(R)_3_3,0.6,1,,,,,,,,,,,,,,,,,,,,,,,,,0.6
ifg operc,1,1,6,1.44,2,L IFG operc.,LR,39,40,A44v,IFG_L(R)_6_6,0.375,1,,,,,,,,,,,,,,,,,,,,,,,,,0.375
ifg orb,1,1,6,1.44,2,IFG orb,U,45,46,A11l,OrG_L(R)_6_3,0.375,1,,,,,,,,,,,,,,,,,,,,,,,,,0.375
ifg orbitalis,1,1,6,1.44,2,IFG_Orbitalis,U,35,36,A45r,IFG_L(R)_6_4,0.375,1,,,,,,,,,,,,,,,,,,,,,,,,,0.375
ifg p tri,1,1,6,1.44,2,IFG (p. Tri,U,31,32,IFS,IFG_L(R)_6_2,0.375,1,,,,,,,,,,,,,,,,,,,,,,,,,0.375
parahippocampal gyrus 34,1,1,6,1.44,2,Parahippocampal gyrus (34),U,221,222,GP,BG_L(R)_6_2,0.375,1,,,,,,,,,,,,,,,,,,,,,,,,,0.375
parahippocampal gyrus 35,1,1,2,1.24,2,Left parahippocampal gyrus (35),L,217,218,cHipp,Hipp_L(R)_2_2,0.75,1,,,,,,,,,,,,,,,,,,,,,,,,,0.75
parahippocampal gyrus 37 36,1,1,3,1.36,2,"L parahippocampal gyrus (37, 36)",L,103,104,A20rv,FuG_L(R)_3_1,0.6,1,,,,,,,,,,,,,,,,,,,,,,,,,0.6
parahippocampal gyrus 38,1,1,6,1.44,2,Parahippocampal gyrus (38),U,221,222,GP,BG_L(R)_6_2,0.375,1,,,,,,,,,,,,,,,,,,,,,,,,,0.375
parahippocampal gyrus amygdala,1,1,2,1.24,2,L parahippocampal gyrus amygdala,L,211,212,mAmyg,Amyg_L(R)_2_1,0.75,1,,,,,,,,,,,,,,,,,,,,,,,,,0.75
parahippocampal gyrus ba 20,1,1,6,1.44,2,Left parahippocampal gyrus (BA20),L,109,110,A35/36r,PhG_L(R)_6_1,0.375,1,,,,,,,,,,,,,,,,,,,,,,,,,0.375
parahippocampal gyrus ba 27,1,1,8,1.44,2,Left parahippocampal gyrus (BA 27),L,239,240,PPtha,Tha_L(R)_8_5,0.3,1,,,,,,,,,,,,,,,,,,,,,,,,,0.3
parahippocampal gyrus ba 34,1,1,6,1.44,2,LH parahippocampal gyrus (BA 34),L,111,112,A35/36c,PhG_L(R)_6_2,0.375,1,,,,,,,,,,,,,,,,,,,,,,,,,0.375
inf occipital g,1,1,6,1.44,2,R inf occipital G,R,205,206,iOccG,LOcC_L(R)_4_4,0.375,1,,,,,,,,,,,,,,,,,,,,,,,,,0.375
parahippocampal area,1,1,6,1.44,2,Parahippocampal area,U,119,120,TH,PhG_L(R)_6_6,0.375,1,,,,,,,,,,,,,,,,,,,,,,,,,0.375
parahippocampal ba 35 36,1,1,6,1.44,2,Right parahippocampal (BA 35/36),R,111,112,A35/36c,PhG_L(R)_6_2,0.375,1,,,,,,,,,,,,,,,,,,,,,,,,,0.375
parahippocampal ctx,1,1,6,1.44,2,Parahippocampal Ctx (PHC),U,113,114,TL,PhG_L(R)_6_3,0.375,1,,,,,,,,,,,,,,,,,,,,,,,,,0.375
parahippocampal g ba 35,1,1,6,1.44,2,Parahippocampal G. (BA 35),U,113,114,TL,PhG_L(R)_6_3,0.375,1,,,,,,,,,,,,,,,,,,,,,,,,,0.375
parahippocampal gyrus 19,1,1,5,1.44,2,Parahippocampal gyrus (19),U,195,196,rLinG,MVOcC_L(R)_5_4,0.4286,1,,,,,,,,,,,,,,,,,,,,,,,,,0.4286
parahippocampal gyrus 20,1,1,6,1.44,2,Parahippocampal gyrus (20),U,229,230,dlPu,BG_L(R)_6_6,0.375,1,,,,,,,,,,,,,,,,,,,,,,,,,0.375
parahippocampal gyrus 27,1,1,2,1.24,2,Parahippocampal gyrus (27),U,217,218,cHipp,Hipp_L(R)_2_2,0.75,1,,,,,,,,,,,,,,,,,,,,,,,,,0.75
parieto occipital lobea,1,1,6,1.44,2,Right parieto-occipital lobea,R,137,138,A39rd,IPL_L(R)_6_2,0.375,1,,,,,,,,,,,,,,,,,,,,,,,,,0.375
hippocampus head,1,1,2,1.24,2,Right hippocampus head,R,215,216,rHipp,Hipp_L(R)_2_1,0.75,1,,,,,,,,,,,,,,,,,,,,,,,,,0.75
hippocampus tail,1,1,8,1.44,2,Hippocampus tail R,R,239,240,PPtha,Tha_L(R)_8_5,0.3,1,,,,,,,,,,,,,,,,,,,,,,,,,0.3
hippocampusa,1,1,2,1.24,2,Hippocampusa,U,215,216,rHipp,Hipp_L(R)_2_1,0.75,1,,,,,,,,,,,,,,,,,,,,,,,,,0.75
hippocampusb,1,1,2,1.24,2,Hippocampusb,U,217,218,cHipp,Hipp_L(R)_2_2,0.75,1,,,,,,,,,,,,,,,,,,,,,,,,,0.75
hippocampusroi,1,1,2,1.24,2,HippocampusROI,U,217,218,cHipp,Hipp_L(R)_2_2,0.75,1,,,,,,,,,,,,,,,,,,,,,,,,,0.75
hips,1,1,6,1.44,2,Left hIPS,L,209,210,lsOccG,LOcC_L(R)_2_2,0.375,1,,,,,,,,,,,,,,,,,,,,,,,,,0.375
hoc4v,1,1,3,1.36,2,hOC4v (extrastriate visual cortex),U,105,106,A37mv,FuG_L(R)_3_2,0.6,1,,,,,,,,,,,,,,,,,,,,,,,,,0.6
parietal lobe postcentral gyrus,1,1,4,1.41,2,Right parietal lobe postcentral gyrus,R,159,160,A2,PoG_L(R)_4_3,0.5,1,,,,,,,,,,,,,,,,,,,,,,,,,0.5
parietal occipital junction,1,1,6,1.44,2,L parietal occipital junction (superior parietal lobe/lateral occipital lobe),LR,137,138,A39rd,IPL_L(R)_6_2,0.375,1,,,,,,,,,,,,,,,,,,,,,,,,,0.375
parietal operc cx,1,1,6,1.44,2,Parietal Operc cx.,U,79,80,A22r,STG_L(R)_6_6,0.375,1,,,,,,,,,,,,,,,,,,,,,,,,,0.375
parietal opercular cortex,1,1,6,1.44,2,Parietal opercular cortex,U,145,146,A40rv,IPL_L(R)_6_6,0.375,1,,,,,,,,,,,,,,,,,,,,,,,,,0.375
parietal operculuma,1,1,6,1.44,2,Left parietal operculuma,L,163,164,G,INS_L(R)_6_1,0.375,1,,,,,,,,,,,,,,,,,,,,,,,,,0.375
parietal superior,1,1,5,1.44,2,L—Parietal superior,L,131,132,A7pc,SPL_L(R)_5_4,0.4286,1,,,,,,,,,,,,,,,,,,,,,,,,,0.4286
parietal superior lobe,1,1,5,1.44,2,Parietal Superior Lobe,U,133,134,A7ip,SPL_L(R)_5_5,0.4286,1,,,,,,,,,,,,,,,,,,,,,,,,,0.4286
parieto occipital lobe,1,1,6,1.44,2,Right parieto-occipital lobe???,R,137,138,A39rd,IPL_L(R)_6_2,0.375,1,,,,,,,,,,,,,,,,,,,,,,,,,0.375
parietal cortex ba 7,1,1,4,1.41,2,Parietal cortex (BA7) ???,U,147,148,A7m,PCun_L(R)_4_1,0.5,1,,,,,,,,,,,,,,,,,,,,,,,,,0.5
parietal cortex ba 7 4,1,1,4,1.41,2,Parietal cortex (BA7) 4,U,147,148,A7m,PCun_L(R)_4_1,0.5,1,,,,,,,,,,,,,,,,,,,,,,,,,0.5
parietal eye field,1,1,6,1.44,2,Parietal eye fields,U,139,140,A40rd,IPL_L(R)_6_3,0.375,1,,,,,,,,,,,,,,,,,,,,,,,,,0.375
parietal inferior cortex,1,1,6,1.44,2,Parietal inferior cortex,U,141,142,A40c,IPL_L(R)_6_4,0.375,1,,,,,,,,,,,,,,,,,,,,,,,,,0.375
parietal inferior lobe,1,1,5,1.44,2,Parietal Inferior Lobe,U,129,130,A5l,SPL_L(R)_5_3,0.4286,1,,,,,,,,,,,,,,,,,,,,,,,,,0.4286
parietal lobe 7,1,1,5,1.44,2,R parietal lobe (sub-gyral) (7),R,133,134,A7ip,SPL_L(R)_5_5,0.4286,1,,,,,,,,,,,,,,,,,,,,,,,,,0.4286
parietal lobe ba 7,1,1,5,1.44,2,L parietal lobe (BA7),L,131,132,A7pc,SPL_L(R)_5_4,0.4286,1,,,,,,,,,,,,,,,,,,,,,,,,,0.4286
parietal lobe central opercular cortex,1,1,6,1.44,2,Left parietal lobe: central opercular cortex,L,73,74,TE1.0 and TE1.2,STG_L(R)_6_3,0.375,1,,,,,,,,,,,,,,,,,,,,,,,,,0.375
ifg3,1,1,7,1.44,2,IFG3,U,17,18,IFJ,MFG_L(R)_7_2,0.3333,1,,,,,,,,,,,,,,,,,,,,,,,,,0.3333
ifg4,1,1,6,1.44,2,IFG4,U,63,64,A6cvl,PrG_L(R)_6_6,0.375,1,,,,,,,,,,,,,,,,,,,,,,,,,0.375
ifg9,1,1,6,1.44,2,IFG9,U,39,40,A44v,IFG_L(R)_6_6,0.375,1,,,,,,,,,,,,,,,,,,,,,,,,,0.375
ifgoper,1,1,6,1.44,2,IFGoper,U,29,30,A44d,IFG_L(R)_6_1,0.375,1,,,,,,,,,,,,,,,,,,,,,,,,,0.375
ifgorb,1,1,6,1.44,2,IFGorb,U,51,52,A12/47l,OrG_L(R)_6_6,0.375,1,,,,,,,,,,,,,,,,,,,,,,,,,0.375
ifo,1,1,6,1.44,2,left IFO,L,29,30,A44d,IFG_L(R)_6_1,0.375,1,,,,,,,,,,,,,,,,,,,,,,,,,0.375
parahippoccampal gyrus,1,1,8,1.44,2,Parahippoccampal gyrus (L),L,241,242,Otha,Tha_L(R)_8_6,0.3,1,,,,,,,,,,,,,,,,,,,,,,,,,0.3
parahoppocampal cortex,1,1,2,1.24,2,Parahoppocampal cortex,U,215,216,rHipp,Hipp_L(R)_2_1,0.75,1,,,,,,,,,,,,,,,,,,,,,,,,,0.75
pcc precun,1,1,5,1.44,2,PCC- Precun.,U,195,196,rLinG,MVOcC_L(R)_5_4,0.4286,1,,,,,,,,,,,,,,,,,,,,,,,,,0.4286
pcg si,1,1,6,1.44,2,PCG(L)-SI,L,57,58,A4ul,PrG_L(R)_6_3,0.375,1,,,,,,,,,,,,,,,,,,,,,,,,,0.375
pcig 23,1,1,4,1.41,2,lt PCiG (23),L,153,154,A31,PCun_L(R)_4_4,0.5,1,,,,,,,,,,,,,,,,,,,,,,,,,0.5
pcu 19,1,1,6,1.44,2,lt PCU (19),L,135,136,A39c,IPL_L(R)_6_1,0.375,1,,,,,,,,,,,,,,,,,,,,,,,,,0.375
peak of sub cluster temporal pole,1,1,6,1.44,2,Peak of sub-cluster: temporal pole,U,29,30,A44d,IFG_L(R)_6_1,0.375,1,,,,,,,,,,,,,,,,,,,,,,,,,0.375
pefs,1,1,6,1.44,2,PEFs,U,209,210,lsOccG,LOcC_L(R)_2_2,0.375,1,,,,,,,,,,,,,,,,,,,,,,,,,0.375
pericalcarine,1,1,5,1.44,2,Pericalcarine,U,193,194,cCunG,MVOcC_L(R)_5_3,0.4286,1,,,,,,,,,,,,,,,,,,,,,,,,,0.4286
pericalcarine gyrus,1,1,5,1.44,2,L pericalcarine gyrus,L,191,192,rCunG,MVOcC_L(R)_5_2,0.4286,1,,,,,,,,,,,,,,,,,,,,,,,,,0.4286
parsop,1,1,6,1.44,2,ParsOp,U,73,74,TE1.0 and TE1.2,STG_L(R)_6_3,0.375,1,,,,,,,,,,,,,,,,,,,,,,,,,0.375
pcc 23,1,1,4,1.41,2,PCC (23),U,153,154,A31,PCun_L(R)_4_4,0.5,1,,,,,,,,,,,,,,,,,,,,,,,,,0.5
pcc 30,1,1,5,1.44,2,PCC (30),U,197,198,vmPOS,MVOcC_L(R)_5_5,0.4286,1,,,,,,,,,,,,,,,,,,,,,,,,,0.4286
pcc ba 29,1,1,7,1.44,2,PCC (BA 29),U,181,182,A23v,CG_L(R)_7_4,0.3333,1,,,,,,,,,,,,,,,,,,,,,,,,,0.3333
pcc ba 30,1,1,7,1.44,2,PCC (BA 30),U,181,182,A23v,CG_L(R)_7_4,0.3333,1,,,,,,,,,,,,,,,,,,,,,,,,,0.3333
pcc ba 31,1,1,5,1.44,2,PCC (BA 31),U,197,198,vmPOS,MVOcC_L(R)_5_5,0.4286,1,,,,,,,,,,,,,,,,,,,,,,,,,0.4286
pcc dlpfc,1,1,7,1.44,2,PCC-DLPFC,U,21,22,A9/46v,MFG_L(R)_7_4,0.3333,1,,,,,,,,,,,,,,,,,,,,,,,,,0.3333
pcc lingual,1,1,5,1.44,2,PCC+lingual,U,197,198,vmPOS,MVOcC_L(R)_5_5,0.4286,1,,,,,,,,,,,,,,,,,,,,,,,,,0.4286
icc,1,1,5,1.44,2,R-ICC,R,191,192,rCunG,MVOcC_L(R)_5_2,0.4286,1,,,,,,,,,,,,,,,,,,,,,,,,,0.4286
ifg 13,1,1,6,1.44,2,IFG (13),U,33,34,A45c,IFG_L(R)_6_3,0.375,1,,,,,,,,,,,,,,,,,,,,,,,,,0.375
ifg ba 10,1,1,7,1.44,2,IFG (BA10),U,21,22,A9/46v,MFG_L(R)_7_4,0.3333,1,,,,,,,,,,,,,,,,,,,,,,,,,0.3333
ifg ba 45 47,1,1,6,1.44,2,IFG (BA 45/47),U,31,32,IFS,IFG_L(R)_6_2,0.375,1,,,,,,,,,,,,,,,,,,,,,,,,,0.375
parieto occipital transition cortex,1,1,6,1.44,2,Parieto-occipital transition cortex,U,135,136,A39c,IPL_L(R)_6_1,0.375,1,,,,,,,,,,,,,,,,,,,,,,,,,0.375
parieto occipital transition zone,1,1,6,1.44,2,Parieto-occipital transition zone,U,209,210,lsOccG,LOcC_L(R)_2_2,0.375,1,,,,,,,,,,,,,,,,,,,,,,,,,0.375
pars percularis,1,1,6,1.44,2,Pars percularis,U,37,38,A44op,IFG_L(R)_6_5,0.375,1,,,,,,,,,,,,,,,,,,,,,,,,,0.375
pars triangularis of inferior frontal gyrus,1,1,6,1.44,2,L. pars triangularis of inferior frontal gyrus,L,35,36,A45r,IFG_L(R)_6_4,0.375,1,,,,,,,,,,,,,,,,,,,,,,,,,0.375
hoc5,1,1,6,1.44,2,hOC5,U,201,202,V5/MT+,LOcC_L(R)_4_2,0.375,1,,,,,,,,,,,,,,,,,,,,,,,,,0.375
horizontal ramus of the anterior segment of the lateral fissure,1,1,6,1.44,2,Horizontal ramus of the anterior segment of the lateral fissure,U,37,38,A44op,IFG_L(R)_6_5,0.375,1,,,,,,,,,,,,,,,,,,,,,,,,,0.375
hyppocampus,1,1,2,1.24,2,Hyppocampus,U,215,216,rHipp,Hipp_L(R)_2_1,0.75,1,,,,,,,,,,,,,,,,,,,,,,,,,0.75
i middle cingulate cortex,1,1,7,1.44,2,I. middle cingulate cortex,U,1,2,A8m,SFG_L(R)_7_1,0.3333,1,,,,,,,,,,,,,,,,,,,,,,,,,0.3333
i mpfc,1,1,7,1.44,2,I mPFC,U,13,14,A10m,SFG_L(R)_7_7,0.3333,1,,,,,,,,,,,,,,,,,,,,,,,,,0.3333
i temporal g,1,1,6,1.44,2,I. Temporal G.,U,141,142,A40c,IPL_L(R)_6_4,0.375,1,,,,,,,,,,,,,,,,,,,,,,,,,0.375
i temporal lobe,1,1,6,1.44,2,I temporal lobe,U,73,74,TE1.0 and TE1.2,STG_L(R)_6_3,0.375,1,,,,,,,,,,,,,,,,,,,,,,,,,0.375
i temporal pole,1,1,6,1.44,2,I temporal pole,U,173,174,dId,INS_L(R)_6_6,0.375,1,,,,,,,,,,,,,,,,,,,,,,,,,0.375
heschels gyrus,1,1,6,1.44,2,Heschel's Gyrus,U,73,74,TE1.0 and TE1.2,STG_L(R)_6_3,0.375,1,,,,,,,,,,,,,,,,,,,,,,,,,0.375
heschis,1,1,6,1.44,2,Right Heschi’s,R,71,72,A41/42,STG_L(R)_6_2,0.375,1,,,,,,,,,,,,,,,,,,,,,,,,,0.375
heschis gyrus,1,1,6,1.44,2,Left Heschi’s gyrus,L,73,74,TE1.0 and TE1.2,STG_L(R)_6_3,0.375,1,,,,,,,,,,,,,,,,,,,,,,,,,0.375
heschl region,1,1,6,1.44,2,Heschl region,U,163,164,G,INS_L(R)_6_1,0.375,1,,,,,,,,,,,,,,,,,,,,,,,,,0.375
heschls gyrus ba 48,1,1,4,1.41,2,Right Heschls gyrus (BA 48)*,R,157,158,A1/2/3tonIa,PoG_L(R)_4_2,0.5,1,,,,,,,,,,,,,,,,,,,,,,,,,0.5
hipocampus,1,1,2,1.24,2,Hipocampus,U,217,218,cHipp,Hipp_L(R)_2_2,0.75,1,,,,,,,,,,,,,,,,,,,,,,,,,0.75
hippocampal area,1,1,2,1.24,2,hippocampal area,U,215,216,rHipp,Hipp_L(R)_2_1,0.75,1,,,,,,,,,,,,,,,,,,,,,,,,,0.75
hippocampal cortex,1,1,2,1.24,2,Hippocampal cortex,U,217,218,cHipp,Hipp_L(R)_2_2,0.75,1,,,,,,,,,,,,,,,,,,,,,,,,,0.75
pins d,1,1,6,1.44,2,pINS-d,U,171,172,dIg,INS_L(R)_6_5,0.375,1,,,,,,,,,,,,,,,,,,,,,,,,,0.375
gts ba 42,1,1,6,1.44,2,GTs (BA 42),U,75,76,A22c,STG_L(R)_6_4,0.375,1,,,,,,,,,,,,,,,,,,,,,,,,,0.375
gyrus descendens,1,1,5,1.44,2,Gyrus descendens,U,189,190,cLinG,MVOcC_L(R)_5_1,0.4286,1,,,,,,,,,,,,,,,,,,,,,,,,,0.4286
gyrus frontalis inferior pars opercularis,1,1,6,1.44,2,Gyrus frontalis inferior pars opercularis,U,171,172,dIg,INS_L(R)_6_5,0.375,1,,,,,,,,,,,,,,,,,,,,,,,,,0.375
gyrus fusiformis,1,1,3,1.36,2,gyrus fusiformis,U,105,106,A37mv,FuG_L(R)_3_2,0.6,1,,,,,,,,,,,,,,,,,,,,,,,,,0.6
head of caudate nucleus,1,1,6,1.44,2,Head of caudate nucleus,U,219,220,vCa,BG_L(R)_6_1,0.375,1,,,,,,,,,,,,,,,,,,,,,,,,,0.375
head of the caudate and subgenual area,1,1,6,1.44,2,Head of the caudate and subgenual area,U,223,224,NAC,BG_L(R)_6_3,0.375,1,,,,,,,,,,,,,,,,,,,,,,,,,0.375
head of the caudate nucleus,1,1,6,1.44,2,Head of the caudate nucleus (bilateral),B,219,220,vCa,BG_L(R)_6_1,0.375,1,,,,,,,,,,,,,,,,,,,,,,,,,0.375
pfop,1,1,6,1.44,2,PFop,U,139,140,A40rd,IPL_L(R)_6_3,0.375,1,,,,,,,,,,,,,,,,,,,,,,,,,0.375
pgacc dlpfc,1,1,6,1.44,2,pgACC–L DLPFC,L,63,64,A6cvl,PrG_L(R)_6_6,0.375,1,,,,,,,,,,,,,,,,,,,,,,,,,0.375
pgacc ic,1,1,6,1.44,2,pgACC–R IC,R,171,172,dIg,INS_L(R)_6_5,0.375,1,,,,,,,,,,,,,,,,,,,,,,,,,0.375
phg ba 28,1,1,6,1.44,2,R PHG (BA 28),R,115,116,A28/34,PhG_L(R)_6_4,0.375,1,,,,,,,,,,,,,,,,,,,,,,,,,0.375
phipp,1,1,2,1.24,2,pHipp.,U,215,216,rHipp,Hipp_L(R)_2_1,0.75,1,,,,,,,,,,,,,,,,,,,,,,,,,0.75
phpc gyrus,1,1,3,1.36,2,PHPC gyrus,U,103,104,A20rv,FuG_L(R)_3_1,0.6,1,,,,,,,,,,,,,,,,,,,,,,,,,0.6
pia,1,1,6,1.44,2,Right PIa,R,145,146,A40rv,IPL_L(R)_6_6,0.375,1,,,,,,,,,,,,,,,,,,,,,,,,,0.375
pib,1,1,6,1.44,2,Left PIb,L,145,146,A40rv,IPL_L(R)_6_6,0.375,1,,,,,,,,,,,,,,,,,,,,,,,,,0.375
pericallosal sulcus,1,1,7,1.44,2,Pericallosal sulcus,U,175,176,A23d,CG_L(R)_7_1,0.3333,1,,,,,,,,,,,,,,,,,,,,,,,,,0.3333
pericingulate,1,1,6,1.44,2,Pericingulate,U,225,226,vmPu,BG_L(R)_6_4,0.375,1,,,,,,,,,,,,,,,,,,,,,,,,,0.375
perigenual anterior cingulate,1,1,7,1.44,2,perigenual anterior cingulate,U,187,188,A32sg,CG_L(R)_7_7,0.3333,1,,,,,,,,,,,,,,,,,,,,,,,,,0.3333
peripheral visual cortex cuneus phg,1,1,6,1.44,2,Left peripheral visual cortex + cuneus + PHG,LR,205,206,iOccG,LOcC_L(R)_4_4,0.375,1,,,,,,,,,,,,,,,,,,,,,,,,,0.375
perirhinal cortex ba 36,1,1,6,1.44,2,L Perirhinal Cortex (BA 36),L,109,110,A35/36r,PhG_L(R)_6_1,0.375,1,,,,,,,,,,,,,,,,,,,,,,,,,0.375
pfc acc,1,1,7,1.44,2,PFC–ACC,U,23,24,A8vl,MFG_L(R)_7_5,0.3333,1,,,,,,,,,,,,,,,,,,,,,,,,,0.3333
pfc anterior,1,1,7,1.44,2,PFC anterior R,R,19,20,A46,MFG_L(R)_7_3,0.3333,1,,,,,,,,,,,,,,,,,,,,,,,,,0.3333
pfg,1,1,3,1.36,2,pFG,U,107,108,A37lv,FuG_L(R)_3_3,0.6,1,,,,,,,,,,,,,,,,,,,,,,,,,0.6
gprc ba 4,1,1,6,1.44,2,GPrC (BA 4),U,63,64,A6cvl,PrG_L(R)_6_6,0.375,1,,,,,,,,,,,,,,,,,,,,,,,,,0.375
gray ba 11,1,1,6,1.44,2,Gray BA 11,U,47,48,A11m,OrG_L(R)_6_4,0.375,1,,,,,,,,,,,,,,,,,,,,,,,,,0.375
gsc ba 25,1,1,6,1.44,2,Gsc (BA 25),U,49,50,A13,OrG_L(R)_6_5,0.375,1,,,,,,,,,,,,,,,,,,,,,,,,,0.375
gti ba 37,1,1,7,1.44,2,GTi (BA 37),U,99,100,A20cl,ITG_L(R)_7_6,0.3333,1,,,,,,,,,,,,,,,,,,,,,,,,,0.3333
gtm ba 19,1,1,6,1.44,2,GTm (BA 19),U,135,136,A39c,IPL_L(R)_6_1,0.375,1,,,,,,,,,,,,,,,,,,,,,,,,,0.375
gtm ba 21 37,1,1,7,1.44,2,GTm (BA 21/37),U,97,98,A37vl,ITG_L(R)_7_5,0.3333,1,,,,,,,,,,,,,,,,,,,,,,,,,0.3333
gtm ba 37,1,1,7,1.44,2,GTm (BA 37),U,91,92,A37elv,ITG_L(R)_7_2,0.3333,1,,,,,,,,,,,,,,,,,,,,,,,,,0.3333
gtm ba 39,1,1,6,1.44,2,GTm (BA 39),U,143,144,A39rv,IPL_L(R)_6_5,0.375,1,,,,,,,,,,,,,,,,,,,,,,,,,0.375
gh ba 28,1,1,6,1.44,2,GH (BA 28),U,115,116,A28/34,PhG_L(R)_6_4,0.375,1,,,,,,,,,,,,,,,,,,,,,,,,,0.375
gh ba 28 35,1,1,2,1.24,2,GH (BA 28/35),U,215,216,rHipp,Hipp_L(R)_2_1,0.75,1,,,,,,,,,,,,,,,,,,,,,,,,,0.75
gl ba 17 18,1,1,5,1.44,2,GL (BA 17/18),U,189,190,cLinG,MVOcC_L(R)_5_1,0.4286,1,,,,,,,,,,,,,,,,,,,,,,,,,0.4286
gl pallidus,1,1,6,1.44,2,GL. PALLIDUS,U,221,222,GP,BG_L(R)_6_2,0.375,1,,,,,,,,,,,,,,,,,,,,,,,,,0.375
global pallidus,1,1,6,1.44,2,Global pallidus,U,225,226,vmPu,BG_L(R)_6_4,0.375,1,,,,,,,,,,,,,,,,,,,,,,,,,0.375
gom,1,1,7,1.44,2,GOm,U,97,98,A37vl,ITG_L(R)_7_5,0.3333,1,,,,,,,,,,,,,,,,,,,,,,,,,0.3333
gpi,1,1,6,1.44,2,GPi,U,221,222,GP,BG_L(R)_6_2,0.375,1,,,,,,,,,,,,,,,,,,,,,,,,,0.375
gpoc,1,1,6,1.44,2,r GPoC,R,139,140,A40rd,IPL_L(R)_6_3,0.375,1,,,,,,,,,,,,,,,,,,,,,,,,,0.375
pmcv,1,1,6,1.44,2,PMCv,U,53,54,A4hf,PrG_L(R)_6_1,0.375,1,,,,,,,,,,,,,,,,,,,,,,,,,0.375
pmdundamh,1,1,6,1.44,2,PMdundamH,U,59,60,A4t,PrG_L(R)_6_4,0.375,1,,,,,,,,,,,,,,,,,,,,,,,,,0.375
pmv ba 6,1,1,6,1.44,2,PMv (BA6),U,53,54,A4hf,PrG_L(R)_6_1,0.375,1,,,,,,,,,,,,,,,,,,,,,,,,,0.375
pmv cl,1,1,6,1.44,2,PMv_CL,U,57,58,A4ul,PrG_L(R)_6_3,0.375,1,,,,,,,,,,,,,,,,,,,,,,,,,0.375
pmvdamh,1,1,6,1.44,2,PMvdamh,U,53,54,A4hf,PrG_L(R)_6_1,0.375,1,,,,,,,,,,,,,,,,,,,,,,,,,0.375
pocg 1,1,1,4,1.41,2,lt PoCG (1),L,155,156,A1/2/3ulhf,PoG_L(R)_4_1,0.5,1,,,,,,,,,,,,,,,,,,,,,,,,,0.5
pocg 2,1,1,6,1.44,2,PoCG (2),U,145,146,A40rv,IPL_L(R)_6_6,0.375,1,,,,,,,,,,,,,,,,,,,,,,,,,0.375
gfs ba 9,1,1,7,1.44,2,GFs (BA 9),U,15,16,A9/46d,MFG_L(R)_7_1,0.3333,1,,,,,,,,,,,,,,,,,,,,,,,,,0.3333
hippocampal region,1,1,6,1.44,2,"L hippocampal region (i.e. hippocampus, amygdala, parahippocampal and fusiform gyrus extending to the temporal neocortex)",LR,49,50,A13,OrG_L(R)_6_5,0.375,1,,,,,,,,,,,,,,,,,,,,,,,,,0.375
hippocampus amygdala,1,1,6,1.44,2,Hippocampus-amygdala,U,111,112,A35/36c,PhG_L(R)_6_2,0.375,1,,,,,,,,,,,,,,,,,,,,,,,,,0.375
hippocampus and fusiform,1,1,2,1.24,2,L hippocampus and fusiform,L,217,218,cHipp,Hipp_L(R)_2_2,0.75,1,,,,,,,,,,,,,,,,,,,,,,,,,0.75
hippocampus ba 35,1,1,2,1.24,2,Left hippocampus (BA35),L,215,216,rHipp,Hipp_L(R)_2_1,0.75,1,,,,,,,,,,,,,,,,,,,,,,,,,0.75
hippocampus entorhinal cortex,1,1,2,1.24,2,R Hippocampus entorhinal cortex,R,211,212,mAmyg,Amyg_L(R)_2_1,0.75,1,,,,,,,,,,,,,,,,,,,,,,,,,0.75
pipl,1,1,6,1.44,2,pIPL (AG),U,143,144,A39rv,IPL_L(R)_6_5,0.375,1,,,,,,,,,,,,,,,,,,,,,,,,,0.375
planum temporal,1,1,6,1.44,2,Planum temporal (left),L,71,72,A41/42,STG_L(R)_6_2,0.375,1,,,,,,,,,,,,,,,,,,,,,,,,,0.375
pm v,1,1,6,1.44,2,PM-v,U,53,54,A4hf,PrG_L(R)_6_1,0.375,1,,,,,,,,,,,,,,,,,,,,,,,,,0.375
fusiform gyrusa,1,1,3,1.36,2,Right fusiform gyrusa,R,107,108,A37lv,FuG_L(R)_3_3,0.6,1,,,,,,,,,,,,,,,,,,,,,,,,,0.6
fusiform itg,1,1,3,1.36,2,Fusiform-ITG,U,107,108,A37lv,FuG_L(R)_3_3,0.6,1,,,,,,,,,,,,,,,,,,,,,,,,,0.6
fusiformgyrus,1,1,3,1.36,2,R FusiformGyrus,R,105,106,A37mv,FuG_L(R)_3_2,0.6,1,,,,,,,,,,,,,,,,,,,,,,,,,0.6
fusifrom gyrus,1,1,7,1.44,2,Fusifrom gyrus,U,91,92,A37elv,ITG_L(R)_7_2,0.3333,1,,,,,,,,,,,,,,,,,,,,,,,,,0.3333
g1 temporal lobe ba 37,1,1,2,1.24,2,G1. Right temporal lobe BA 37,R,121,122,rpSTS,pSTS_L(R)_2_1,0.75,1,,,,,,,,,,,,,,,,,,,,,,,,,0.75
g8 insular and sublobar,1,1,6,1.44,2,G8. Left insular and sublobar,L,173,174,dId,INS_L(R)_6_6,0.375,1,,,,,,,,,,,,,,,,,,,,,,,,,0.375
ga ba 39,1,1,6,1.44,2,Ga (BA 39),U,143,144,A39rv,IPL_L(R)_6_5,0.375,1,,,,,,,,,,,,,,,,,,,,,,,,,0.375
genu,1,1,6,1.44,2,Genu,U,219,220,vCa,BG_L(R)_6_1,0.375,1,,,,,,,,,,,,,,,,,,,,,,,,,0.375
post cing gy,1,1,7,1.44,2,Post Cing Gy,U,175,176,A23d,CG_L(R)_7_1,0.3333,1,,,,,,,,,,,,,,,,,,,,,,,,,0.3333
post cingulate g,1,1,4,1.41,2,R. Post. cingulate G.,R,153,154,A31,PCun_L(R)_4_4,0.5,1,,,,,,,,,,,,,,,,,,,,,,,,,0.5
post cingulate sulcus,1,1,4,1.41,2,R. Post. Cingulate Sulcus,R,151,152,dmPOS,PCun_L(R)_4_3,0.5,1,,,,,,,,,,,,,,,,,,,,,,,,,0.5
fusiform gyrus 36,1,1,7,1.44,2,Fusiform gyrus (36),U,21,22,A9/46v,MFG_L(R)_7_4,0.3333,1,,,,,,,,,,,,,,,,,,,,,,,,,0.3333
fusiform gyrus and lingual gyrus,1,1,3,1.36,2,Right fusiform gyrus and lingual gyrus,R,105,106,A37mv,FuG_L(R)_3_2,0.6,1,,,,,,,,,,,,,,,,,,,,,,,,,0.6
fusiform gyrus ba 18,1,1,6,1.44,2,L fusiform gyrus BA 18,L,205,206,iOccG,LOcC_L(R)_4_4,0.375,1,,,,,,,,,,,,,,,,,,,,,,,,,0.375
fusiform gyrus ba 36,1,1,3,1.36,2,Left fusiform gyrus (BA36),L,107,108,A37lv,FuG_L(R)_3_3,0.6,1,,,,,,,,,,,,,,,,,,,,,,,,,0.6
fusiform gyrus ba 37 include parahippocampal gyrus ba 36,1,1,3,1.36,2,L Fusiform Gyrus (BA 37) Include: Parahippocampal Gyrus (BA 36),L,103,104,A20rv,FuG_L(R)_3_1,0.6,1,,,,,,,,,,,,,,,,,,,,,,,,,0.6
pos thalamus,1,1,7,1.44,2,Pos. thalamus R,R,15,16,A9/46d,MFG_L(R)_7_1,0.3333,1,,,,,,,,,,,,,,,,,,,,,,,,,0.3333
poscentral gyrus,1,1,4,1.41,2,L poscentral gyrus,L,155,156,A1/2/3ulhf,PoG_L(R)_4_1,0.5,1,,,,,,,,,,,,,,,,,,,,,,,,,0.5
posetrior parietal cortex,1,1,5,1.44,2,L posetrior parietal cortex,L,133,134,A7ip,SPL_L(R)_5_5,0.4286,1,,,,,,,,,,,,,,,,,,,,,,,,,0.4286
post acc,1,1,7,1.44,2,Post. ACC,U,185,186,A23c,CG_L(R)_7_6,0.3333,1,,,,,,,,,,,,,,,,,,,,,,,,,0.3333
post and pre central gyrus,1,1,4,1.41,2,Post and pre-central gyrus*,U,157,158,A1/2/3tonIa,PoG_L(R)_4_2,0.5,1,,,,,,,,,,,,,,,,,,,,,,,,,0.5
post central cortex,1,1,4,1.41,2,Post-central cortex,U,159,160,A2,PoG_L(R)_4_3,0.5,1,,,,,,,,,,,,,,,,,,,,,,,,,0.5
post central gyrus ba 4,1,1,4,1.41,2,Post central gyrus (BA 4),U,161,162,A1/2/3tru,PoG_L(R)_4_4,0.5,1,,,,,,,,,,,,,,,,,,,,,,,,,0.5
post central gyrus ba 7,1,1,4,1.41,2,Left post−central gyrus (BA 7),L,149,150,A5m,PCun_L(R)_4_2,0.5,1,,,,,,,,,,,,,,,,,,,,,,,,,0.5
gts ba 38,1,1,6,1.44,2,GTs (BA 38),U,69,70,A38m,STG_L(R)_6_1,0.375,1,,,,,,,,,,,,,,,,,,,,,,,,,0.375
pof,1,1,4,1.41,2,POF,U,151,152,dmPOS,PCun_L(R)_4_3,0.5,1,,,,,,,,,,,,,,,,,,,,,,,,,0.5
pofc,1,1,6,1.44,2,POFC,U,37,38,A44op,IFG_L(R)_6_5,0.375,1,,,,,,,,,,,,,,,,,,,,,,,,,0.375
poipst,1,1,5,1.44,2,R POIPSt,R,127,128,A7c,SPL_L(R)_5_2,0.4286,1,,,,,,,,,,,,,,,,,,,,,,,,,0.4286
polar mpf dorsal,1,1,7,1.44,2,Polar MPF-dorsal,U,19,20,A46,MFG_L(R)_7_3,0.3333,1,,,,,,,,,,,,,,,,,,,,,,,,,0.3333
polar mpf middle,1,1,7,1.44,2,Polar MPF-middle,U,27,28,A10l,MFG_L(R)_7_7,0.3333,1,,,,,,,,,,,,,,,,,,,,,,,,,0.3333
pon,1,1,2,1.24,2,Pon,U,215,216,rHipp,Hipp_L(R)_2_1,0.75,1,,,,,,,,,,,,,,,,,,,,,,,,,0.75
pop,1,1,6,1.44,2,POp,U,145,146,A40rv,IPL_L(R)_6_6,0.375,1,,,,,,,,,,,,,,,,,,,,,,,,,0.375
postcentral g ba 4,1,1,4,1.41,2,Postcentral g. (BA 4),U,155,156,A1/2/3ulhf,PoG_L(R)_4_1,0.5,1,,,,,,,,,,,,,,,,,,,,,,,,,0.5
postcentral gryrus,1,1,4,1.41,2,Left Postcentral Gryrus,L,157,158,A1/2/3tonIa,PoG_L(R)_4_2,0.5,1,,,,,,,,,,,,,,,,,,,,,,,,,0.5
postcentral gy,1,1,4,1.41,2,Postcentral Gy.,U,159,160,A2,PoG_L(R)_4_3,0.5,1,,,,,,,,,,,,,,,,,,,,,,,,,0.5
postcentral gyrus 1 2,1,1,6,1.44,2,"R postcentral gyrus (1,2)",R,139,140,A40rd,IPL_L(R)_6_3,0.375,1,,,,,,,,,,,,,,,,,,,,,,,,,0.375
postcentral gyrus 1 2 3,1,1,6,1.44,2,"R postcentral gyrus (1, 2, 3)",R,139,140,A40rd,IPL_L(R)_6_3,0.375,1,,,,,,,,,,,,,,,,,,,,,,,,,0.375
postcentral gyrus 2 1,1,1,5,1.44,2,Postcentral gyrus (2/1),U,129,130,A5l,SPL_L(R)_5_3,0.4286,1,,,,,,,,,,,,,,,,,,,,,,,,,0.4286
postcentral gyrus 43,1,1,4,1.41,2,Left postcentral gyrus (43),L,155,156,A1/2/3ulhf,PoG_L(R)_4_1,0.5,1,,,,,,,,,,,,,,,,,,,,,,,,,0.5
postcentral gyrus 7,1,1,4,1.41,2,Left postcentral gyrus (7),L,149,150,A5m,PCun_L(R)_4_2,0.5,1,,,,,,,,,,,,,,,,,,,,,,,,,0.5
post superior temp gyrus,1,1,6,1.44,2,R post. superior temp gyrus*,R,143,144,A39rv,IPL_L(R)_6_5,0.375,1,,,,,,,,,,,,,,,,,,,,,,,,,0.375
post superior temporal gyrus,1,1,2,1.24,2,Left post. superior temporal gyrus,L,121,122,rpSTS,pSTS_L(R)_2_1,0.75,1,,,,,,,,,,,,,,,,,,,,,,,,,0.75
post temporal,1,1,6,1.44,2,L post temporal,LR,135,136,A39c,IPL_L(R)_6_1,0.375,1,,,,,,,,,,,,,,,,,,,,,,,,,0.375
post temporal cortex,1,1,6,1.44,2,Post-temporal cortex (ypeak < −25),U,201,202,V5/MT+,LOcC_L(R)_4_2,0.375,1,,,,,,,,,,,,,,,,,,,,,,,,,0.375
postc g,1,1,4,1.41,2,Postc.G.,U,159,160,A2,PoG_L(R)_4_3,0.5,1,,,,,,,,,,,,,,,,,,,,,,,,,0.5
postc gyr,1,1,4,1.41,2,Postc. gyr.,U,159,160,A2,PoG_L(R)_4_3,0.5,1,,,,,,,,,,,,,,,,,,,,,,,,,0.5
postcent,1,1,6,1.44,2,R postcent,LR,53,54,A4hf,PrG_L(R)_6_1,0.375,1,,,,,,,,,,,,,,,,,,,,,,,,,0.375
postcentr gy,1,1,4,1.41,2,Postcentr. Gy,U,161,162,A1/2/3tru,PoG_L(R)_4_4,0.5,1,,,,,,,,,,,,,,,,,,,,,,,,,0.5
post inferior temporal sulcusc,1,1,7,1.44,2,Post inferior temporal sulcusc,U,95,96,A20il,ITG_L(R)_7_4,0.3333,1,,,,,,,,,,,,,,,,,,,,,,,,,0.3333
post ips,1,1,6,1.44,2,L post. IPS,LR,209,210,lsOccG,LOcC_L(R)_2_2,0.375,1,,,,,,,,,,,,,,,,,,,,,,,,,0.375
post itg,1,1,3,1.36,2,Post-ITG (LO),U,107,108,A37lv,FuG_L(R)_3_3,0.6,1,,,,,,,,,,,,,,,,,,,,,,,,,0.6
post midline region,1,1,7,1.44,2,Post. midline region,U,175,176,A23d,CG_L(R)_7_1,0.3333,1,,,,,,,,,,,,,,,,,,,,,,,,,0.3333
post parahippocampal gyrus,1,1,6,1.44,2,R post. parahippocampal gyrus,R,119,120,TH,PhG_L(R)_6_6,0.375,1,,,,,,,,,,,,,,,,,,,,,,,,,0.375
post precentral g,1,1,4,1.41,2,Post+precentral G(L),L,155,156,A1/2/3ulhf,PoG_L(R)_4_1,0.5,1,,,,,,,,,,,,,,,,,,,,,,,,,0.5
post stg,1,1,6,1.44,2,Post STG,U,75,76,A22c,STG_L(R)_6_4,0.375,1,,,,,,,,,,,,,,,,,,,,,,,,,0.375
post sts,1,1,6,1.44,2,Post STS,U,79,80,A22r,STG_L(R)_6_6,0.375,1,,,,,,,,,,,,,,,,,,,,,,,,,0.375
genu of corpus callosum,1,1,7,1.44,2,Genu of corpus callosum,U,13,14,A10m,SFG_L(R)_7_7,0.3333,1,,,,,,,,,,,,,,,,,,,,,,,,,0.3333
gf ba 19,1,1,3,1.36,2,GF (BA 19),U,105,106,A37mv,FuG_L(R)_3_2,0.6,1,,,,,,,,,,,,,,,,,,,,,,,,,0.6
gfd ba 6,1,1,7,1.44,2,GFd (BA 6),U,1,2,A8m,SFG_L(R)_7_1,0.3333,1,,,,,,,,,,,,,,,,,,,,,,,,,0.3333
gfd ba 9,1,1,7,1.44,2,GFd (BA 9),U,13,14,A10m,SFG_L(R)_7_7,0.3333,1,,,,,,,,,,,,,,,,,,,,,,,,,0.3333
gfm ba 46,1,1,7,1.44,2,GFm (BA 46),U,21,22,A9/46v,MFG_L(R)_7_4,0.3333,1,,,,,,,,,,,,,,,,,,,,,,,,,0.3333
gfm ba 46 9,1,1,7,1.44,2,GFm (BA 46/9),U,21,22,A9/46v,MFG_L(R)_7_4,0.3333,1,,,,,,,,,,,,,,,,,,,,,,,,,0.3333
gfm ba 8,1,1,7,1.44,2,GFm (BA 8),U,15,16,A9/46d,MFG_L(R)_7_1,0.3333,1,,,,,,,,,,,,,,,,,,,,,,,,,0.3333
post inferior temporal sulcus,1,1,7,1.44,2,Post inferior temporal sulcus???,U,95,96,A20il,ITG_L(R)_7_4,0.3333,1,,,,,,,,,,,,,,,,,,,,,,,,,0.3333
fusifom gyrus,1,1,6,1.44,2,R fusifom gyrus,R,143,144,A39rv,IPL_L(R)_6_5,0.375,1,,,,,,,,,,,,,,,,,,,,,,,,,0.375
fusiform ba 19 20 20,1,1,3,1.36,2,Left fusiform (BA 19/20/20),L,105,106,A37mv,FuG_L(R)_3_2,0.6,1,,,,,,,,,,,,,,,,,,,,,,,,,0.6
fusiform ba 19 20 37,1,1,3,1.36,2,Right fusiform (BA 19/20/37),R,105,106,A37mv,FuG_L(R)_3_2,0.6,1,,,,,,,,,,,,,,,,,,,,,,,,,0.6
fusiform ba 37,1,1,3,1.36,2,Left Fusiform BA37,LR,105,106,A37mv,FuG_L(R)_3_2,0.6,1,,,,,,,,,,,,,,,,,,,,,,,,,0.6
fusiform face area,1,1,3,1.36,2,R Fusiform face area,R,107,108,A37lv,FuG_L(R)_3_3,0.6,1,,,,,,,,,,,,,,,,,,,,,,,,,0.6
fusiform face area ba 19,1,1,3,1.36,2,left fusiform face area (BA19),L,105,106,A37mv,FuG_L(R)_3_2,0.6,1,,,,,,,,,,,,,,,,,,,,,,,,,0.6
fusiform g ba 19,1,1,3,1.36,2,Fusiform G. (BA 19),U,105,106,A37mv,FuG_L(R)_3_2,0.6,1,,,,,,,,,,,,,,,,,,,,,,,,,0.6
fusiform gyq,1,1,5,1.44,2,Fusiform GyQ,U,195,196,rLinG,MVOcC_L(R)_5_4,0.4286,1,,,,,,,,,,,,,,,,,,,,,,,,,0.4286
frontopolar 10,1,1,7,1.44,2,R frontopolar (10),R,13,14,A10m,SFG_L(R)_7_7,0.3333,1,,,,,,,,,,,,,,,,,,,,,,,,,0.3333
frontopolar area,1,1,6,1.44,2,"Frontopolar area (superior frontal gyrus, orbital part/middle frontal gyrus, orbital part/superior frontal gyrus, and medial orbital/gyrus rectus)",U,45,46,A11l,OrG_L(R)_6_3,0.375,1,,,,,,,,,,,,,,,,,,,,,,,,,0.375
frpole,1,1,6,1.44,2,FrPole,U,31,32,IFS,IFG_L(R)_6_2,0.375,1,,,,,,,,,,,,,,,,,,,,,,,,,0.375
furiform gyrus,1,1,6,1.44,2,Left Furiform Gyrus,L,111,112,A35/36c,PhG_L(R)_6_2,0.375,1,,,,,,,,,,,,,,,,,,,,,,,,,0.375
fus,1,1,7,1.44,2,FUS,U,15,16,A9/46d,MFG_L(R)_7_1,0.3333,1,,,,,,,,,,,,,,,,,,,,,,,,,0.3333
fus gyr,1,1,3,1.36,2,Fus. gyr.,U,103,104,A20rv,FuG_L(R)_3_1,0.6,1,,,,,,,,,,,,,,,,,,,,,,,,,0.6
fusi,1,1,6,1.44,2,Fusi,U,111,112,A35/36c,PhG_L(R)_6_2,0.375,1,,,,,,,,,,,,,,,,,,,,,,,,,0.375
fusicform,1,1,5,1.44,2,Fusicform,U,197,198,vmPOS,MVOcC_L(R)_5_5,0.4286,1,,,,,,,,,,,,,,,,,,,,,,,,,0.4286
postcentralgyrus,1,1,6,1.44,2,L. postcentralgyrus,L,139,140,A40rd,IPL_L(R)_6_3,0.375,1,,,,,,,,,,,,,,,,,,,,,,,,,0.375
postcentrral sulcus,1,1,6,1.44,2,R Postcentrral Sulcus,R,139,140,A40rd,IPL_L(R)_6_3,0.375,1,,,,,,,,,,,,,,,,,,,,,,,,,0.375
postcs,1,1,4,1.41,2,Left PostCS,L,159,160,A2,PoG_L(R)_4_3,0.5,1,,,,,,,,,,,,,,,,,,,,,,,,,0.5
posterior and middle cingulate cortex,1,1,7,1.44,2,Posterior and middle cingulate cortex,U,175,176,A23d,CG_L(R)_7_1,0.3333,1,,,,,,,,,,,,,,,,,,,,,,,,,0.3333
posterior caudate,1,1,6,1.44,2,Posterior caudate-L,L,227,228,dCa,BG_L(R)_6_5,0.375,1,,,,,,,,,,,,,,,,,,,,,,,,,0.375
posterior central gyrus,1,1,5,1.44,2,Posterior central gyrus,U,131,132,A7pc,SPL_L(R)_5_4,0.4286,1,,,,,,,,,,,,,,,,,,,,,,,,,0.4286
posterior cingular,1,1,5,1.44,2,Posterior cingular,U,197,198,vmPOS,MVOcC_L(R)_5_5,0.4286,1,,,,,,,,,,,,,,,,,,,,,,,,,0.4286
posterior cingulate 24,1,1,8,1.44,2,Posterior cingulate (24),U,231,232,mPFtha,Tha_L(R)_8_1,0.3,1,,,,,,,,,,,,,,,,,,,,,,,,,0.3
postcentral gyrus and central sulcus,1,1,4,1.41,2,Postcentral gyrus and central sulcus,U,161,162,A1/2/3tru,PoG_L(R)_4_4,0.5,1,,,,,,,,,,,,,,,,,,,,,,,,,0.5
postcentral gyrus and superior parietal lobule,1,1,6,1.44,2,Left postcentral gyrus and superior parietal lobule,L,139,140,A40rd,IPL_L(R)_6_3,0.375,1,,,,,,,,,,,,,,,,,,,,,,,,,0.375
postcentral gyrus ba 3 4,1,1,4,1.41,2,"Postcentral gyrus (BA 3,4)",U,159,160,A2,PoG_L(R)_4_3,0.5,1,,,,,,,,,,,,,,,,,,,,,,,,,0.5
postcentral gyrus ba 4,1,1,4,1.41,2,L postcentral gyrus (BA4),L,155,156,A1/2/3ulhf,PoG_L(R)_4_1,0.5,1,,,,,,,,,,,,,,,,,,,,,,,,,0.5
postcentral gyrus ba 7,1,1,4,1.41,2,Postcentral gyrus (BA 7),U,149,150,A5m,PCun_L(R)_4_2,0.5,1,,,,,,,,,,,,,,,,,,,,,,,,,0.5
postcentral gyrus lc,1,1,6,1.44,2,Postcentral gyrus Lc,U,145,146,A40rv,IPL_L(R)_6_6,0.375,1,,,,,,,,,,,,,,,,,,,,,,,,,0.375
postcentral gyrus precentral gyrus,1,1,6,1.44,2,Postcentral gyrus (PoCG) Precentral gyrus (PrCG),U,53,54,A4hf,PrG_L(R)_6_1,0.375,1,,,,,,,,,,,,,,,,,,,,,,,,,0.375
postcentral gyrusa,1,1,4,1.41,2,Postcentral gyrusa,U,161,162,A1/2/3tru,PoG_L(R)_4_4,0.5,1,,,,,,,,,,,,,,,,,,,,,,,,,0.5
frontal poleb,1,1,6,1.44,2,[8] L frontal poleb,L,45,46,A11l,OrG_L(R)_6_3,0.375,1,,,,,,,,,,,,,,,,,,,,,,,,,0.375
frontal sub gyral ba 6,1,1,8,1.44,2,Left frontal sub-gyral (BA 6),L,233,234,mPMtha,Tha_L(R)_8_2,0.3,1,,,,,,,,,,,,,,,,,,,,,,,,,0.3
frontal subgyral,1,1,6,1.44,2,Frontal subgyral,U,29,30,A44d,IFG_L(R)_6_1,0.375,1,,,,,,,,,,,,,,,,,,,,,,,,,0.375
frontal sup medeal,1,1,7,1.44,2,frontal_sup_medeal,U,5,6,A9l,SFG_L(R)_7_3,0.3333,1,,,,,,,,,,,,,,,,,,,,,,,,,0.3333
frontal superior,1,1,7,1.44,2,Frontal superior,U,19,20,A46,MFG_L(R)_7_3,0.3333,1,,,,,,,,,,,,,,,,,,,,,,,,,0.3333
frontal superior medial,1,1,7,1.44,2,Frontal superior medial,U,13,14,A10m,SFG_L(R)_7_7,0.3333,1,,,,,,,,,,,,,,,,,,,,,,,,,0.3333
frontal superior medial ba 10,1,1,7,1.44,2,Frontal superior medial (BA 10),U,13,14,A10m,SFG_L(R)_7_7,0.3333,1,,,,,,,,,,,,,,,,,,,,,,,,,0.3333
frontal superior medial gyrus ba 32,1,1,7,1.44,2,Frontal superior medial gyrus (BA 32),U,1,2,A8m,SFG_L(R)_7_1,0.3333,1,,,,,,,,,,,,,,,,,,,,,,,,,0.3333
posterior cingulate gyrus 31,1,1,7,1.44,2,Posterior cingulate gyrus (31),U,187,188,A32sg,CG_L(R)_7_7,0.3333,1,,,,,,,,,,,,,,,,,,,,,,,,,0.3333
posterior cingulate gyrus and precuneus,1,1,4,1.41,2,Bilateral posterior cingulate gyrus and precuneus,B,153,154,A31,PCun_L(R)_4_4,0.5,1,,,,,,,,,,,,,,,,,,,,,,,,,0.5
posterior cingulate gyrus ba 23,1,1,4,1.41,2,L. posterior cingulate gyrus (BA 23),L,151,152,dmPOS,PCun_L(R)_4_3,0.5,1,,,,,,,,,,,,,,,,,,,,,,,,,0.5
posterior cingulate gyrus bi,1,1,7,1.44,2,Posterior cingulate gyrus-Bi,U,175,176,A23d,CG_L(R)_7_1,0.3333,1,,,,,,,,,,,,,,,,,,,,,,,,,0.3333
posterior corona radiata,1,1,8,1.44,2,Posterior corona radiata,U,241,242,Otha,Tha_L(R)_8_6,0.3,1,,,,,,,,,,,,,,,,,,,,,,,,,0.3
posterior dorsal ifg,1,1,6,1.44,2,Posterior dorsal IFG,U,37,38,A44op,IFG_L(R)_6_5,0.375,1,,,,,,,,,,,,,,,,,,,,,,,,,0.375
frontal pole 9,1,1,7,1.44,2,Frontal pole (9),U,11,12,A9m,SFG_L(R)_7_6,0.3333,1,,,,,,,,,,,,,,,,,,,,,,,,,0.3333
frontal pole anterior medial prefrontal cortex,1,1,7,1.44,2,Frontal pole [anterior medial prefrontal cortex],U,13,14,A10m,SFG_L(R)_7_7,0.3333,1,,,,,,,,,,,,,,,,,,,,,,,,,0.3333
posterior cingulate cortex ba 23,1,1,7,1.44,2,Posterior cingulate cortex (BA 23),U,175,176,A23d,CG_L(R)_7_1,0.3333,1,,,,,,,,,,,,,,,,,,,,,,,,,0.3333
posterior cingulate cortex ba 31,1,1,7,1.44,2,Left posterior cingulate cortex (BA 31),L,175,176,A23d,CG_L(R)_7_1,0.3333,1,,,,,,,,,,,,,,,,,,,,,,,,,0.3333
posterior cingulate ctx,1,1,4,1.41,2,Posterior Cingulate Ctx.,U,153,154,A31,PCun_L(R)_4_4,0.5,1,,,,,,,,,,,,,,,,,,,,,,,,,0.5
posterior cingulate g,1,1,7,1.44,2,Posterior cingulate g.,U,175,176,A23d,CG_L(R)_7_1,0.3333,1,,,,,,,,,,,,,,,,,,,,,,,,,0.3333
posterior cingulate gurus,1,1,7,1.44,2,L posterior cingulate gurus,L,181,182,A23v,CG_L(R)_7_4,0.3333,1,,,,,,,,,,,,,,,,,,,,,,,,,0.3333
posterior cingulate gyrus 23,1,1,8,1.44,2,Posterior cingulate gyrus (23),U,237,238,rTtha,Tha_L(R)_8_4,0.3,1,,,,,,,,,,,,,,,,,,,,,,,,,0.3
posterior cingulate gyrus 24,1,1,8,1.44,2,Posterior cingulate gyrus (24),U,237,238,rTtha,Tha_L(R)_8_4,0.3,1,,,,,,,,,,,,,,,,,,,,,,,,,0.3
posterior cingulate gyrus 30,1,1,4,1.41,2,L posterior cingulate gyrus (30),LR,151,152,dmPOS,PCun_L(R)_4_3,0.5,1,,,,,,,,,,,,,,,,,,,,,,,,,0.5
fusiform gyrsu,1,1,3,1.36,2,R Fusiform Gyrsu,R,107,108,A37lv,FuG_L(R)_3_3,0.6,1,,,,,,,,,,,,,,,,,,,,,,,,,0.6
fusiform gyrus 20 37,1,1,3,1.36,2,Fusiform gyrus (20/37),U,107,108,A37lv,FuG_L(R)_3_3,0.6,1,,,,,,,,,,,,,,,,,,,,,,,,,0.6
posterior cingulate 30,1,1,6,1.44,2,R posterior cingulate (30),R,119,120,TH,PhG_L(R)_6_6,0.375,1,,,,,,,,,,,,,,,,,,,,,,,,,0.375
posterior cingulate 31,1,1,8,1.44,2,Posterior cingulate (31),U,239,240,PPtha,Tha_L(R)_8_5,0.3,1,,,,,,,,,,,,,,,,,,,,,,,,,0.3
posterior cingulate ba 23 26 29 30 31,1,1,4,1.41,2,"posterior cingulate (BA 23, 26, 29, 30, 31)",U,153,154,A31,PCun_L(R)_4_4,0.5,1,,,,,,,,,,,,,,,,,,,,,,,,,0.5
posterior cingulate ba 23 31,1,1,4,1.41,2,"posterior cingulate (BA 23, 31)",U,153,154,A31,PCun_L(R)_4_4,0.5,1,,,,,,,,,,,,,,,,,,,,,,,,,0.5
posterior cingulate bi,1,1,7,1.44,2,Posterior cingulate-Bi,U,175,176,A23d,CG_L(R)_7_1,0.3333,1,,,,,,,,,,,,,,,,,,,,,,,,,0.3333
posterior cingulate cortex 23,1,1,7,1.44,2,Posterior cingulate cortex (23),U,175,176,A23d,CG_L(R)_7_1,0.3333,1,,,,,,,,,,,,,,,,,,,,,,,,,0.3333
posterior limb of,1,1,6,1.44,2,Posterior limb of,U,221,222,GP,BG_L(R)_6_2,0.375,1,,,,,,,,,,,,,,,,,,,,,,,,,0.375
posterior lobe declive,1,1,3,1.36,2,L Posterior Lobe.Declive.,L,105,106,A37mv,FuG_L(R)_3_2,0.6,1,,,,,,,,,,,,,,,,,,,,,,,,,0.6
posterior lobe of cerebellum,1,1,5,1.44,2,Posterior lobe of Cerebellum,U,193,194,cCunG,MVOcC_L(R)_5_3,0.4286,1,,,,,,,,,,,,,,,,,,,,,,,,,0.4286
posterior medial frontal,1,1,7,1.44,2,L posterior-medial frontal,L,1,2,A8m,SFG_L(R)_7_1,0.3333,1,,,,,,,,,,,,,,,,,,,,,,,,,0.3333
posterior medial frontal lobe,1,1,7,1.44,2,Bilateral posterior-medial frontal lobe,B,1,2,A8m,SFG_L(R)_7_1,0.3333,1,,,,,,,,,,,,,,,,,,,,,,,,,0.3333
posterior medial gyrus,1,1,7,1.44,2,Posterior medial gyrus,U,9,10,A6m,SFG_L(R)_7_5,0.3333,1,,,,,,,,,,,,,,,,,,,,,,,,,0.3333
posterior mfg,1,1,6,1.44,2,L Posterior MFG,L,173,174,dId,INS_L(R)_6_6,0.375,1,,,,,,,,,,,,,,,,,,,,,,,,,0.375
posterior mid cingulate,1,1,8,1.44,2,Left posterior mid-cingulate,L,239,240,PPtha,Tha_L(R)_8_5,0.3,1,,,,,,,,,,,,,,,,,,,,,,,,,0.3
posterior hippocampal roia,1,1,2,1.24,2,Posterior hippocampal ROIa,U,217,218,cHipp,Hipp_L(R)_2_2,0.75,1,,,,,,,,,,,,,,,,,,,,,,,,,0.75
posterior inferior frontal gyrus,1,1,6,1.44,2,Posterior inferior frontal gyrus,U,39,40,A44v,IFG_L(R)_6_6,0.375,1,,,,,,,,,,,,,,,,,,,,,,,,,0.375
posterior inferior frontal sulcus,1,1,7,1.44,2,Left posterior inferior frontal sulcus,L,21,22,A9/46v,MFG_L(R)_7_4,0.3333,1,,,,,,,,,,,,,,,,,,,,,,,,,0.3333
posterior inferior parietal lobule,1,1,6,1.44,2,Posterior inferior parietal lobule,U,143,144,A39rv,IPL_L(R)_6_5,0.375,1,,,,,,,,,,,,,,,,,,,,,,,,,0.375
posterior inferior temporal gyrus ba 20,1,1,7,1.44,2,Posterior inferior temporal gyrus [BA20],U,91,92,A37elv,ITG_L(R)_7_2,0.3333,1,,,,,,,,,,,,,,,,,,,,,,,,,0.3333
posterior inferiorfrontal sulcus,1,1,7,1.44,2,Bilateral posterior inferiorfrontal sulcus,B,17,18,IFJ,MFG_L(R)_7_2,0.3333,1,,,,,,,,,,,,,,,,,,,,,,,,,0.3333
posterior insular,1,1,7,1.44,2,Posterior insular,U,15,16,A9/46d,MFG_L(R)_7_1,0.3333,1,,,,,,,,,,,,,,,,,,,,,,,,,0.3333
posterior lateral orbitofrontal cortex,1,1,6,1.44,2,Posterior lateral orbitofrontal cortex*,U,37,38,A44op,IFG_L(R)_6_5,0.375,1,,,,,,,,,,,,,,,,,,,,,,,,,0.375
frontomedial cortex,1,1,7,1.44,2,Frontomedial Cortex,U,13,14,A10m,SFG_L(R)_7_7,0.3333,1,,,,,,,,,,,,,,,,,,,,,,,,,0.3333
frontoparietal operculum,1,1,4,1.41,2,Frontoparietal operculum,U,157,158,A1/2/3tonIa,PoG_L(R)_4_2,0.5,1,,,,,,,,,,,,,,,,,,,,,,,,,0.5
posterior dorsal part of the cingulate gyrus,1,1,7,1.44,2,Posterior-dorsal part of the cingulate gyrus,U,175,176,A23d,CG_L(R)_7_1,0.3333,1,,,,,,,,,,,,,,,,,,,,,,,,,0.3333
posterior dorsal putamen,1,1,6,1.44,2,Posterior dorsal putamen,U,229,230,dlPu,BG_L(R)_6_6,0.375,1,,,,,,,,,,,,,,,,,,,,,,,,,0.375
posterior edge of the middle temporal sulcus,1,1,6,1.44,2,Posterior edge of the middle temporal sulcus,U,201,202,V5/MT+,LOcC_L(R)_4_2,0.375,1,,,,,,,,,,,,,,,,,,,,,,,,,0.375
posterior frontal gyrus,1,1,7,1.44,2,Posterior Frontal Gyrus,U,13,14,A10m,SFG_L(R)_7_7,0.3333,1,,,,,,,,,,,,,,,,,,,,,,,,,0.3333
posterior fusiform,1,1,3,1.36,2,Posterior fusiform,U,107,108,A37lv,FuG_L(R)_3_3,0.6,1,,,,,,,,,,,,,,,,,,,,,,,,,0.6
posterior hippocampal roi,1,1,2,1.24,2,Posterior hippocampal ROI???,U,217,218,cHipp,Hipp_L(R)_2_2,0.75,1,,,,,,,,,,,,,,,,,,,,,,,,,0.75
frontal superior orbital gyrus,1,1,6,1.44,2,R frontal superior orbital gyrus,R,49,50,A13,OrG_L(R)_6_5,0.375,1,,,,,,,,,,,,,,,,,,,,,,,,,0.375
frontal triangular gyrus,1,1,6,1.44,2,Frontal triangular gyrus,U,37,38,A44op,IFG_L(R)_6_5,0.375,1,,,,,,,,,,,,,,,,,,,,,,,,,0.375
fronto marginal gyrus and sulcus,1,1,7,1.44,2,Fronto-marginal gyrus (of Wernicke) and sulcus,U,19,20,A46,MFG_L(R)_7_3,0.3333,1,,,,,,,,,,,,,,,,,,,,,,,,,0.3333
fronto polar,1,1,7,1.44,2,Right fronto polar,R,21,22,A9/46v,MFG_L(R)_7_4,0.3333,1,,,,,,,,,,,,,,,,,,,,,,,,,0.3333
fronto polar cortex,1,1,7,1.44,2,Fronto-polar cortex,U,19,20,A46,MFG_L(R)_7_3,0.3333,1,,,,,,,,,,,,,,,,,,,,,,,,,0.3333
fronto superior medial gyrus ba 9,1,1,7,1.44,2,L fronto superior medial gyrus (BA9),L,5,6,A9l,SFG_L(R)_7_3,0.3333,1,,,,,,,,,,,,,,,,,,,,,,,,,0.3333
frontoinsula,1,1,6,1.44,2,Left frontoinsula,L,51,52,A12/47l,OrG_L(R)_6_6,0.375,1,,,,,,,,,,,,,,,,,,,,,,,,,0.375
frontomarginal sulcus,1,1,7,1.44,2,R frontomarginal sulcus,R,19,20,A46,MFG_L(R)_7_3,0.3333,1,,,,,,,,,,,,,,,,,,,,,,,,,0.3333
frontal mid 5,1,1,7,1.44,2,Frontal_Mid*5,U,25,26,A6vl,MFG_L(R)_7_6,0.3333,1,,,,,,,,,,,,,,,,,,,,,,,,,0.3333
frontal mid 8,1,1,6,1.44,2,Frontal_Mid (8),U,55,56,A6cdl,PrG_L(R)_6_2,0.375,1,,,,,,,,,,,,,,,,,,,,,,,,,0.375
frontal middle orbital,1,1,6,1.44,2,Frontal middle orbital L,L,41,42,A14m,OrG_L(R)_6_1,0.375,1,,,,,,,,,,,,,,,,,,,,,,,,,0.375
frontal network,1,1,7,1.44,2,Frontal network (frontopolar),U,15,16,A9/46d,MFG_L(R)_7_1,0.3333,1,,,,,,,,,,,,,,,,,,,,,,,,,0.3333
frontal operculum p opercularis,1,1,6,1.44,2,Frontal operculum-p. opercularis,U,63,64,A6cvl,PrG_L(R)_6_6,0.375,1,,,,,,,,,,,,,,,,,,,,,,,,,0.375
frontal operculum p triangularis,1,1,6,1.44,2,Frontal operculum-p. triangularis,U,35,36,A45r,IFG_L(R)_6_4,0.375,1,,,,,,,,,,,,,,,,,,,,,,,,,0.375
frontal polar c,1,1,7,1.44,2,R Frontal Polar C,R,19,20,A46,MFG_L(R)_7_3,0.3333,1,,,,,,,,,,,,,,,,,,,,,,,,,0.3333
posterior region,1,1,4,1.41,2,Posterior region,U,153,154,A31,PCun_L(R)_4_4,0.5,1,,,,,,,,,,,,,,,,,,,,,,,,,0.5
frontal lobe frontal gyrus,1,1,7,1.44,2,Right frontal lobe frontal gyrus,R,13,14,A10m,SFG_L(R)_7_7,0.3333,1,,,,,,,,,,,,,,,,,,,,,,,,,0.3333
frontal lobe medial frontal gyrus,1,1,7,1.44,2,Left frontal lobe. Medial frontal gyrus,L,1,2,A8m,SFG_L(R)_7_1,0.3333,1,,,,,,,,,,,,,,,,,,,,,,,,,0.3333
frontal lobe paracentral lobule,1,1,4,1.41,2,Frontal lobe – paracentral lobule,U,149,150,A5m,PCun_L(R)_4_2,0.5,1,,,,,,,,,,,,,,,,,,,,,,,,,0.5
frontal lobe sub gyral,1,1,7,1.44,2,Left frontal lobe. Sub-gyral,L,25,26,A6vl,MFG_L(R)_7_6,0.3333,1,,,,,,,,,,,,,,,,,,,,,,,,,0.3333
frontal lobe superior frontal gyrus,1,1,7,1.44,2,Left frontal lobe. Superior frontal gyrus,L,1,2,A8m,SFG_L(R)_7_1,0.3333,1,,,,,,,,,,,,,,,,,,,,,,,,,0.3333
frontal med orb and,1,1,6,1.44,2,Frontal_Med_Orb_L&R,B,47,48,A11m,OrG_L(R)_6_4,0.375,1,,,,,,,,,,,,,,,,,,,,,,,,,0.375
frontal medial,1,1,7,1.44,2,Frontal_Medial_R,R,13,14,A10m,SFG_L(R)_7_7,0.3333,1,,,,,,,,,,,,,,,,,,,,,,,,,0.3333
frontal medial gyrus,1,1,7,1.44,2,Frontal medial gyrus,U,21,22,A9/46v,MFG_L(R)_7_4,0.3333,1,,,,,,,,,,,,,,,,,,,,,,,,,0.3333
posterior ofc,1,1,6,1.44,2,Left posterior OFC,L,45,46,A11l,OrG_L(R)_6_3,0.375,1,,,,,,,,,,,,,,,,,,,,,,,,,0.375
posterior parahippocampal gyrus 36,1,1,6,1.44,2,Right posterior parahippocampal gyrus (36),R,115,116,A28/34,PhG_L(R)_6_4,0.375,1,,,,,,,,,,,,,,,,,,,,,,,,,0.375
posterior parietal and,1,1,6,1.44,2,L posterior parietal and,L,143,144,A39rv,IPL_L(R)_6_5,0.375,1,,,,,,,,,,,,,,,,,,,,,,,,,0.375
posterior parietal ba 40,1,1,6,1.44,2,Right posterior parietal (BA 40),R,141,142,A40c,IPL_L(R)_6_4,0.375,1,,,,,,,,,,,,,,,,,,,,,,,,,0.375
posterior part of middle temporal gyrus,1,1,6,1.44,2,Posterior part of Middle Temporal gyrus,U,201,202,V5/MT+,LOcC_L(R)_4_2,0.375,1,,,,,,,,,,,,,,,,,,,,,,,,,0.375
posterior prefrontal cortex,1,1,7,1.44,2,"Right posterior prefrontal cortex (junction of 6, 8, and 44)",R,23,24,A8vl,MFG_L(R)_7_5,0.3333,1,,,,,,,,,,,,,,,,,,,,,,,,,0.3333
frontal insular cortex,1,1,6,1.44,2,Left frontal insular cortex,LR,51,52,A12/47l,OrG_L(R)_6_6,0.375,1,,,,,,,,,,,,,,,,,,,,,,,,,0.375
frontal lobe frame gyrus,1,1,7,1.44,2,Frontal lobe frame gyrus,U,21,22,A9/46v,MFG_L(R)_7_4,0.3333,1,,,,,,,,,,,,,,,,,,,,,,,,,0.3333
posterior mid cingulate cortex,1,1,7,1.44,2,Posterior mid-cingulate cortex,U,185,186,A23c,CG_L(R)_7_6,0.3333,1,,,,,,,,,,,,,,,,,,,,,,,,,0.3333
posterior mid temporal,1,1,4,1.41,2,Right posterior mid temporal,R,81,82,A21c,MTG_L(R)_4_1,0.5,1,,,,,,,,,,,,,,,,,,,,,,,,,0.5
posterior middle cingulate,1,1,7,1.44,2,Posterior middle cingulate,U,185,186,A23c,CG_L(R)_7_6,0.3333,1,,,,,,,,,,,,,,,,,,,,,,,,,0.3333
posterior middle cingulate cortex,1,1,7,1.44,2,posterior middle cingulate cortex,U,177,178,A24rv,CG_L(R)_7_2,0.3333,1,,,,,,,,,,,,,,,,,,,,,,,,,0.3333
posterior middle temporal ba 39,1,1,6,1.44,2,"Posterior middle temporal [BA39],",U,135,136,A39c,IPL_L(R)_6_1,0.375,1,,,,,,,,,,,,,,,,,,,,,,,,,0.375
posterior middle temporal gyrus 21,1,1,4,1.41,2,L posterior middle temporal gyrus (21),L,87,88,aSTS,MTG_L(R)_4_4,0.5,1,,,,,,,,,,,,,,,,,,,,,,,,,0.5
posterior middle temporal gyrus ba 21 37,1,1,4,1.41,2,Right posterior middle temporal gyrus (BA21/37),R,81,82,A21c,MTG_L(R)_4_1,0.5,1,,,,,,,,,,,,,,,,,,,,,,,,,0.5
posterior occipital lobe,1,1,6,1.44,2,Posterior Occipital Lobe,U,203,204,OPC,LOcC_L(R)_4_3,0.375,1,,,,,,,,,,,,,,,,,,,,,,,,,0.375
frontal cortex sma,1,1,7,1.44,2,"Bilateral frontal cortex (SMA,",B,9,10,A6m,SFG_L(R)_7_5,0.3333,1,,,,,,,,,,,,,,,,,,,,,,,,,0.3333
frontal eye field ba 8,1,1,7,1.44,2,right frontal eye field (BA8),R,25,26,A6vl,MFG_L(R)_7_6,0.3333,1,,,,,,,,,,,,,,,,,,,,,,,,,0.3333
frontal inf,1,1,7,1.44,2,R-Frontal-Inf,R,23,24,A8vl,MFG_L(R)_7_5,0.3333,1,,,,,,,,,,,,,,,,,,,,,,,,,0.3333
frontal inf gy,1,1,6,1.44,2,Frontal_Inf_Gy,U,29,30,A44d,IFG_L(R)_6_1,0.375,1,,,,,,,,,,,,,,,,,,,,,,,,,0.375
frontal inf orb 47,1,1,6,1.44,2,Frontal_Inf_Orb (47),U,37,38,A44op,IFG_L(R)_6_5,0.375,1,,,,,,,,,,,,,,,,,,,,,,,,,0.375
frontal inferior opercularis,1,1,7,1.44,2,Right frontal inferior opercularis,R,17,18,IFJ,MFG_L(R)_7_2,0.3333,1,,,,,,,,,,,,,,,,,,,,,,,,,0.3333
frontal inferior orbital gyrus,1,1,6,1.44,2,R frontal inferior orbital gyrus,R,45,46,A11l,OrG_L(R)_6_3,0.375,1,,,,,,,,,,,,,,,,,,,,,,,,,0.375
frontal inferior triangularis,1,1,6,1.44,2,R frontal inferior triangularis,R,33,34,A45c,IFG_L(R)_6_3,0.375,1,,,,,,,,,,,,,,,,,,,,,,,,,0.375
posteror ventral part of the cingulate gyrus,1,1,7,1.44,2,Posteror-ventral part of the cingulate gyrus,U,181,182,A23v,CG_L(R)_7_4,0.3333,1,,,,,,,,,,,,,,,,,,,,,,,,,0.3333
postg,1,1,7,1.44,2,PostG,U,17,18,IFJ,MFG_L(R)_7_2,0.3333,1,,,,,,,,,,,,,,,,,,,,,,,,,0.3333
fmri study,1,1,3,1.36,2,fMRI study (Kanwisher et al. 1997),U,107,108,A37lv,FuG_L(R)_3_3,0.6,1,,,,,,,,,,,,,,,,,,,,,,,,,0.6
forceps major,1,1,7,1.44,2,Forceps major,U,181,182,A23v,CG_L(R)_7_4,0.3333,1,,,,,,,,,,,,,,,,,,,,,,,,,0.3333
front med orbit,1,1,6,1.44,2,R front. med. orbit,R,41,42,A14m,OrG_L(R)_6_1,0.375,1,,,,,,,,,,,,,,,,,,,,,,,,,0.375
front mid orbit,1,1,6,1.44,2,R front. mid. orbit.,R,45,46,A11l,OrG_L(R)_6_3,0.375,1,,,,,,,,,,,,,,,,,,,,,,,,,0.375
front pole,1,1,6,1.44,2,L front. pole,L,51,52,A12/47l,OrG_L(R)_6_6,0.375,1,,,,,,,,,,,,,,,,,,,,,,,,,0.375
frontal and subcortical area,1,1,6,1.44,2,Frontal and subcortical areas,U,29,30,A44d,IFG_L(R)_6_1,0.375,1,,,,,,,,,,,,,,,,,,,,,,,,,0.375
posterior superior temporal sulcus ba 21,1,1,2,1.24,2,Posterior superior temporal sulcus [BA21],U,123,124,cpSTS,pSTS_L(R)_2_2,0.75,1,,,,,,,,,,,,,,,,,,,,,,,,,0.75
posterior temporal,1,1,6,1.44,2,Left Posterior Temporal,L,201,202,V5/MT+,LOcC_L(R)_4_2,0.375,1,,,,,,,,,,,,,,,,,,,,,,,,,0.375
posterior thalamic nucleus,1,1,8,1.44,2,Posterior Thalamic Nucleus,U,239,240,PPtha,Tha_L(R)_8_5,0.3,1,,,,,,,,,,,,,,,,,,,,,,,,,0.3
posterior transverse collateral sulcus,1,1,5,1.44,2,Posterior transverse collateral sulcus,U,195,196,rLinG,MVOcC_L(R)_5_4,0.4286,1,,,,,,,,,,,,,,,,,,,,,,,,,0.4286
posterior vlpfc,1,1,6,1.44,2,Right posterior vlPFC,R,37,38,A44op,IFG_L(R)_6_5,0.375,1,,,,,,,,,,,,,,,,,,,,,,,,,0.375
posterior vot,1,1,3,1.36,2,Left posterior vOT,L,107,108,A37lv,FuG_L(R)_3_3,0.6,1,,,,,,,,,,,,,,,,,,,,,,,,,0.6
posterolateral temporal lobe,1,1,2,1.24,2,L posterolateral temporal lobe,L,121,122,rpSTS,pSTS_L(R)_2_1,0.75,1,,,,,,,,,,,,,,,,,,,,,,,,,0.75
posteror transverse collateral sulcus,1,1,5,1.44,2,Posteror transverse collateral sulcus,U,195,196,rLinG,MVOcC_L(R)_5_4,0.4286,1,,,,,,,,,,,,,,,,,,,,,,,,,0.4286
posterior rostral medial frontal area,1,1,7,1.44,2,Posterior rostral medial frontal area (R),R,3,4,A8dl,SFG_L(R)_7_2,0.3333,1,,,,,,,,,,,,,,,,,,,,,,,,,0.3333
posterior superior and middle temporal gyrus,1,1,4,1.41,2,left posterior superior and middle temporal gyrus,L,81,82,A21c,MTG_L(R)_4_1,0.5,1,,,,,,,,,,,,,,,,,,,,,,,,,0.5
posterior superior tem poral cortex,1,1,2,1.24,2,Posterior superior tem poral cortex,U,121,122,rpSTS,pSTS_L(R)_2_1,0.75,1,,,,,,,,,,,,,,,,,,,,,,,,,0.75
posterior superior temporal gyrus ba 22,1,1,6,1.44,2,Posterior superior temporal gyrus (BA 22),U,141,142,A40c,IPL_L(R)_6_4,0.375,1,,,,,,,,,,,,,,,,,,,,,,,,,0.375
posterior superior temporal gyrus ba 41,1,1,2,1.24,2,Posterior superior temporal gyrus (BA 41),U,123,124,cpSTS,pSTS_L(R)_2_2,0.75,1,,,,,,,,,,,,,,,,,,,,,,,,,0.75
posterior superior temporal gyrusa,1,1,2,1.24,2,Posterior superior temporal gyrusa,U,123,124,cpSTS,pSTS_L(R)_2_2,0.75,1,,,,,,,,,,,,,,,,,,,,,,,,,0.75
posterior superior temporal sulcus and angular gyrus,1,1,6,1.44,2,Posterior superior temporal sulcus and angular gyrus,U,135,136,A39c,IPL_L(R)_6_1,0.375,1,,,,,,,,,,,,,,,,,,,,,,,,,0.375
posterior superior temporal sulcus and gyrus,1,1,2,1.24,2,Posterior superior temporal sulcus and gyrus,U,121,122,rpSTS,pSTS_L(R)_2_1,0.75,1,,,,,,,,,,,,,,,,,,,,,,,,,0.75
fefs,1,1,6,1.44,2,FEFs,U,55,56,A6cdl,PrG_L(R)_6_2,0.375,1,,,,,,,,,,,,,,,,,,,,,,,,,0.375
ffa1 mask,1,1,3,1.36,2,L FFA1 mask,LR,107,108,A37lv,FuG_L(R)_3_3,0.6,1,,,,,,,,,,,,,,,,,,,,,,,,,0.6
ffa2 mask,1,1,3,1.36,2,L FFA2 mask,LR,107,108,A37lv,FuG_L(R)_3_3,0.6,1,,,,,,,,,,,,,,,,,,,,,,,,,0.6
ffsiform gyrus 37,1,1,7,1.44,2,L Ffsiform gyrus (37),L,99,100,A20cl,ITG_L(R)_7_6,0.3333,1,,,,,,,,,,,,,,,,,,,,,,,,,0.3333
fimbria,1,1,2,1.24,2,Fimbria,U,217,218,cHipp,Hipp_L(R)_2_2,0.75,1,,,,,,,,,,,,,,,,,,,,,,,,,0.75
first and second heschls gyrus,1,1,6,1.44,2,Left first and second Heschl’s Gyrus,LR,73,74,TE1.0 and TE1.2,STG_L(R)_6_3,0.375,1,,,,,,,,,,,,,,,,,,,,,,,,,0.375
pre sma sphere,1,1,7,1.44,2,preSMA_sphere,U,1,2,A8m,SFG_L(R)_7_1,0.3333,1,,,,,,,,,,,,,,,,,,,,,,,,,0.3333
pre supplementary motor area ba 6,1,1,7,1.44,2,Pre-supplementary motor area (BA 6),U,1,2,A8m,SFG_L(R)_7_1,0.3333,1,,,,,,,,,,,,,,,,,,,,,,,,,0.3333
f middle gyrus,1,1,7,1.44,2,R F middle gyrus,R,23,24,A8vl,MFG_L(R)_7_5,0.3333,1,,,,,,,,,,,,,,,,,,,,,,,,,0.3333
f middle temporal gyrus,1,1,6,1.44,2,F L Middle Temporal Gyrus,L,75,76,A22c,STG_L(R)_6_4,0.375,1,,,,,,,,,,,,,,,,,,,,,,,,,0.375
f3t,1,1,6,1.44,2,F3t,U,31,32,IFS,IFG_L(R)_6_2,0.375,1,,,,,,,,,,,,,,,,,,,,,,,,,0.375
fba,1,1,3,1.36,2,FBA,U,107,108,A37lv,FuG_L(R)_3_3,0.6,1,,,,,,,,,,,,,,,,,,,,,,,,,0.6
fef 8,1,1,7,1.44,2,FEF(8),U,1,2,A8m,SFG_L(R)_7_1,0.3333,1,,,,,,,,,,,,,,,,,,,,,,,,,0.3333
fef ba 9,1,1,6,1.44,2,R. FEF BA9,R,63,64,A6cvl,PrG_L(R)_6_6,0.375,1,,,,,,,,,,,,,,,,,,,,,,,,,0.375
fef lat,1,1,7,1.44,2,Left FEF lat,L,17,18,IFJ,MFG_L(R)_7_2,0.3333,1,,,,,,,,,,,,,,,,,,,,,,,,,0.3333
fef left2,1,1,6,1.44,2,FEF left2,U,63,64,A6cvl,PrG_L(R)_6_6,0.375,1,,,,,,,,,,,,,,,,,,,,,,,,,0.375
pre central g,1,1,6,1.44,2,Right pre−central g.,R,163,164,G,INS_L(R)_6_1,0.375,1,,,,,,,,,,,,,,,,,,,,,,,,,0.375
pre central gy,1,1,6,1.44,2,Pre-Central Gy???,U,57,58,A4ul,PrG_L(R)_6_3,0.375,1,,,,,,,,,,,,,,,,,,,,,,,,,0.375
pre central gyo,1,1,6,1.44,2,Pre-Central GyO,U,57,58,A4ul,PrG_L(R)_6_3,0.375,1,,,,,,,,,,,,,,,,,,,,,,,,,0.375
pre central gyrus ba 4,1,1,6,1.44,2,Pre-central gyrus (BA 4),U,55,56,A6cdl,PrG_L(R)_6_2,0.375,1,,,,,,,,,,,,,,,,,,,,,,,,,0.375
pre central gyrus1,1,1,6,1.44,2,Left pre-central gyrus1,L,29,30,A44d,IFG_L(R)_6_1,0.375,1,,,,,,,,,,,,,,,,,,,,,,,,,0.375
pre cuneus,1,1,7,1.44,2,Pre-cuneus,U,175,176,A23d,CG_L(R)_7_1,0.3333,1,,,,,,,,,,,,,,,,,,,,,,,,,0.3333
pre post central gyrus,1,1,6,1.44,2,L pre–post central gyrus,L,57,58,A4ul,PrG_L(R)_6_3,0.375,1,,,,,,,,,,,,,,,,,,,,,,,,,0.375
extrastriate body area,1,1,6,1.44,2,Extrastriate body area,U,201,202,V5/MT+,LOcC_L(R)_4_2,0.375,1,,,,,,,,,,,,,,,,,,,,,,,,,0.375
postr parietal gyr,1,1,6,1.44,2,Postr. Parietal gyr.,U,135,136,A39c,IPL_L(R)_6_1,0.375,1,,,,,,,,,,,,,,,,,,,,,,,,,0.375
ppc ba 5,1,1,5,1.44,2,PPC(BA5),U,131,132,A7pc,SPL_L(R)_5_4,0.4286,1,,,,,,,,,,,,,,,,,,,,,,,,,0.4286
ppc ba 7,1,1,6,1.44,2,PPC (BA7),U,137,138,A39rd,IPL_L(R)_6_2,0.375,1,,,,,,,,,,,,,,,,,,,,,,,,,0.375
prcg d,1,1,6,1.44,2,PrCg-d,U,53,54,A4hf,PrG_L(R)_6_1,0.375,1,,,,,,,,,,,,,,,,,,,,,,,,,0.375
prcg v,1,1,4,1.41,2,PrCg-v,U,155,156,A1/2/3ulhf,PoG_L(R)_4_1,0.5,1,,,,,,,,,,,,,,,,,,,,,,,,,0.5
pre,1,1,4,1.41,2,PRE,U,151,152,dmPOS,PCun_L(R)_4_3,0.5,1,,,,,,,,,,,,,,,,,,,,,,,,,0.5
pre and postcentral gyrus ba 3 4,1,1,6,1.44,2,Pre- and postcentral gyri (BA3/4),U,53,54,A4hf,PrG_L(R)_6_1,0.375,1,,,,,,,,,,,,,,,,,,,,,,,,,0.375
pre central,1,1,6,1.44,2,Pre−central,U,55,56,A6cdl,PrG_L(R)_6_2,0.375,1,,,,,,,,,,,,,,,,,,,,,,,,,0.375
dpm,1,1,6,1.44,2,dPM,U,55,56,A6cdl,PrG_L(R)_6_2,0.375,1,,,,,,,,,,,,,,,,,,,,,,,,,0.375
dpmc 6,1,1,6,1.44,2,dPMC (6),U,163,164,G,INS_L(R)_6_1,0.375,1,,,,,,,,,,,,,,,,,,,,,,,,,0.375
e hippocampus,1,1,2,1.24,2,E L Hippocampus,L,217,218,cHipp,Hipp_L(R)_2_2,0.75,1,,,,,,,,,,,,,,,,,,,,,,,,,0.75
early visual area,1,1,5,1.44,2,Early Visual Areas,U,193,194,cCunG,MVOcC_L(R)_5_3,0.4286,1,,,,,,,,,,,,,,,,,,,,,,,,,0.4286
enthorinal cortex,1,1,6,1.44,2,Enthorinal Cortex,U,111,112,A35/36c,PhG_L(R)_6_2,0.375,1,,,,,,,,,,,,,,,,,,,,,,,,,0.375
entorhinal,1,1,6,1.44,2,Right Entorhinal,R,115,116,A28/34,PhG_L(R)_6_4,0.375,1,,,,,,,,,,,,,,,,,,,,,,,,,0.375
entorhinal cortex 30,1,1,6,1.44,2,Entorhinal cortex [30],U,69,70,A38m,STG_L(R)_6_1,0.375,1,,,,,,,,,,,,,,,,,,,,,,,,,0.375
evc,1,1,6,1.44,2,EVC,U,203,204,OPC,LOcC_L(R)_4_3,0.375,1,,,,,,,,,,,,,,,,,,,,,,,,,0.375
dorsolateral premotor cortex,1,1,6,1.44,2,Dorsolateral premotor cortex (PMd),U,53,54,A4hf,PrG_L(R)_6_1,0.375,1,,,,,,,,,,,,,,,,,,,,,,,,,0.375
dorsolateral visual cortex 18,1,1,6,1.44,2,Dorsolateral visual cortex (18),U,199,200,mOccG,LOcC_L(R)_4_1,0.375,1,,,,,,,,,,,,,,,,,,,,,,,,,0.375
dorsoloateral prefrontal cortex,1,1,7,1.44,2,dorsoloateral prefrontal cortex,U,23,24,A8vl,MFG_L(R)_7_5,0.3333,1,,,,,,,,,,,,,,,,,,,,,,,,,0.3333
dorsomedial prefrontal cortex ba 8,1,1,7,1.44,2,Dorsomedial prefrontal cortex (BA 8),U,5,6,A9l,SFG_L(R)_7_3,0.3333,1,,,,,,,,,,,,,,,,,,,,,,,,,0.3333
dorsomedial prefrontal cortex ba 9,1,1,7,1.44,2,Dorsomedial prefrontal cortex (BA 9)**,U,11,12,A9m,SFG_L(R)_7_6,0.3333,1,,,,,,,,,,,,,,,,,,,,,,,,,0.3333
dorsomedial prefrontal gyrus,1,1,6,1.44,2,L dorsomedial prefrontal gyrus,L,227,228,dCa,BG_L(R)_6_5,0.375,1,,,,,,,,,,,,,,,,,,,,,,,,,0.375
dpcc,1,1,7,1.44,2,L dPCC,L,11,12,A9m,SFG_L(R)_7_6,0.3333,1,,,,,,,,,,,,,,,,,,,,,,,,,0.3333
dpins,1,1,6,1.44,2,Right dpINS,R,163,164,G,INS_L(R)_6_1,0.375,1,,,,,,,,,,,,,,,,,,,,,,,,,0.375
precentral ba 44,1,1,6,1.44,2,L Precentral (BA 44),L,63,64,A6cvl,PrG_L(R)_6_6,0.375,1,,,,,,,,,,,,,,,,,,,,,,,,,0.375
precentral ba 6,1,1,6,1.44,2,R Precentral (BA 6),R,55,56,A6cdl,PrG_L(R)_6_2,0.375,1,,,,,,,,,,,,,,,,,,,,,,,,,0.375
precentral frontal gyrus,1,1,6,1.44,2,R Precentral Frontal Gyrus,R,63,64,A6cvl,PrG_L(R)_6_6,0.375,1,,,,,,,,,,,,,,,,,,,,,,,,,0.375
precentral g ba 9,1,1,7,1.44,2,Precentral G. (BA 9),U,23,24,A8vl,MFG_L(R)_7_5,0.3333,1,,,,,,,,,,,,,,,,,,,,,,,,,0.3333
dorsolateral prefrontal cortex ba 10 4,1,1,7,1.44,2,Dorsolateral prefrontal cortex (BA 10) 4,U,19,20,A46,MFG_L(R)_7_3,0.3333,1,,,,,,,,,,,,,,,,,,,,,,,,,0.3333
dorsolateral prefrontal cortex ba 9,1,1,7,1.44,2,Left dorsolateral prefrontal cortex (BA9),L,15,16,A9/46d,MFG_L(R)_7_1,0.3333,1,,,,,,,,,,,,,,,,,,,,,,,,,0.3333
dorsolateral prefrontal cortex5,1,1,7,1.44,2,Dorsolateral prefrontal cortex5,U,19,20,A46,MFG_L(R)_7_3,0.3333,1,,,,,,,,,,,,,,,,,,,,,,,,,0.3333
dorsolateral prefrontal ctx,1,1,7,1.44,2,Dorsolateral Prefrontal Ctx (dlPFC),U,17,18,IFJ,MFG_L(R)_7_2,0.3333,1,,,,,,,,,,,,,,,,,,,,,,,,,0.3333
pre supplementary motor area ba 6 8,1,1,7,1.44,2,Pre-Supplementary Motor Area (BA 6/8),U,1,2,A8m,SFG_L(R)_7_1,0.3333,1,,,,,,,,,,,,,,,,,,,,,,,,,0.3333
pre supplementary motor cortex,1,1,6,1.44,2,pre-Supplementary Motor Cortex,U,227,228,dCa,BG_L(R)_6_5,0.375,1,,,,,,,,,,,,,,,,,,,,,,,,,0.375
prea,1,1,4,1.41,2,Right PREa,LR,153,154,A31,PCun_L(R)_4_4,0.5,1,,,,,,,,,,,,,,,,,,,,,,,,,0.5
prec gyr,1,1,4,1.41,2,Prec. gyr.,U,155,156,A1/2/3ulhf,PoG_L(R)_4_1,0.5,1,,,,,,,,,,,,,,,,,,,,,,,,,0.5
prec gyrus,1,1,6,1.44,2,Prec. gyrus,U,55,56,A6cdl,PrG_L(R)_6_2,0.375,1,,,,,,,,,,,,,,,,,,,,,,,,,0.375
precenrtal g,1,1,6,1.44,2,Precenrtal G(R),R,63,64,A6cvl,PrG_L(R)_6_6,0.375,1,,,,,,,,,,,,,,,,,,,,,,,,,0.375
precentral and middle frontal gyrus,1,1,6,1.44,2,Precentral and middle frontal gyrus,U,63,64,A6cvl,PrG_L(R)_6_6,0.375,1,,,,,,,,,,,,,,,,,,,,,,,,,0.375
precentral and postcentral gyrus 4 1 2 3,1,1,6,1.44,2,"Left precentral and postcentral gyri (4, 1, 2, 3)",L,53,54,A4hf,PrG_L(R)_6_1,0.375,1,,,,,,,,,,,,,,,,,,,,,,,,,0.375
dorsal premotor area,1,1,7,1.44,2,Dorsal premotor area,U,25,26,A6vl,MFG_L(R)_7_6,0.3333,1,,,,,,,,,,,,,,,,,,,,,,,,,0.3333
dorsal sfg,1,1,7,1.44,2,Dorsal SFG,U,3,4,A8dl,SFG_L(R)_7_2,0.3333,1,,,,,,,,,,,,,,,,,,,,,,,,,0.3333
dorsalateral prefrontal cortex,1,1,7,1.44,2,(R) dorsalateral prefrontal cortex,R,15,16,A9/46d,MFG_L(R)_7_1,0.3333,1,,,,,,,,,,,,,,,,,,,,,,,,,0.3333
dorso medial prefrontal cortex,1,1,7,1.44,2,Dorso-medial prefrontal cortex,U,5,6,A9l,SFG_L(R)_7_3,0.3333,1,,,,,,,,,,,,,,,,,,,,,,,,,0.3333
dorso ventral pfc,1,1,7,1.44,2,Dorso-ventral PFC,U,23,24,A8vl,MFG_L(R)_7_5,0.3333,1,,,,,,,,,,,,,,,,,,,,,,,,,0.3333
dorsolateral frontal cortex,1,1,6,1.44,2,l Dorsolateral frontal cortex (middle frontal gyrus),L,63,64,A6cvl,PrG_L(R)_6_6,0.375,1,,,,,,,,,,,,,,,,,,,,,,,,,0.375
dorsolateral pfc ba 6 46,1,1,7,1.44,2,"Right dorsolateral PFC (BA 6, 46)",R,25,26,A6vl,MFG_L(R)_7_6,0.3333,1,,,,,,,,,,,,,,,,,,,,,,,,,0.3333
dorsolateral prefontral cortex,1,1,7,1.44,2,Dorsolateral prefontral cortex,U,19,20,A46,MFG_L(R)_7_3,0.3333,1,,,,,,,,,,,,,,,,,,,,,,,,,0.3333
precentral lobe ba 4,1,1,6,1.44,2,Precentral lobe BA4,U,59,60,A4t,PrG_L(R)_6_4,0.375,1,,,,,,,,,,,,,,,,,,,,,,,,,0.375
precentral region,1,1,6,1.44,2,Precentral region,U,53,54,A4hf,PrG_L(R)_6_1,0.375,1,,,,,,,,,,,,,,,,,,,,,,,,,0.375
precentral sulcus and middle frontal gyrus,1,1,7,1.44,2,Precentral sulcus and middle frontal gyrus,U,25,26,A6vl,MFG_L(R)_7_6,0.3333,1,,,,,,,,,,,,,,,,,,,,,,,,,0.3333
precentral sulcus ba 6,1,1,7,1.44,2,R. precentral sulcus (BA 6),R,17,18,IFJ,MFG_L(R)_7_2,0.3333,1,,,,,,,,,,,,,,,,,,,,,,,,,0.3333
precentral white matter,1,1,2,1.24,2,L precentral white matter,L,67,68,A4ll,PCL_L(R)_2_2,0.75,1,,,,,,,,,,,,,,,,,,,,,,,,,0.75
precentralgyrus 6,1,1,6,1.44,2,PrecentralGyrus (6),U,57,58,A4ul,PrG_L(R)_6_3,0.375,1,,,,,,,,,,,,,,,,,,,,,,,,,0.375
dorsal posterior insula,1,1,6,1.44,2,Left dorsal posterior insula,L,163,164,G,INS_L(R)_6_1,0.375,1,,,,,,,,,,,,,,,,,,,,,,,,,0.375
dorsal precuneus,1,1,5,1.44,2,Dorsal precuneus,U,127,128,A7c,SPL_L(R)_5_2,0.4286,1,,,,,,,,,,,,,,,,,,,,,,,,,0.4286
precentral gyrus ba 6 2,1,1,6,1.44,2,Precentral gyrus (BA6)2,U,55,56,A6cdl,PrG_L(R)_6_2,0.375,1,,,,,,,,,,,,,,,,,,,,,,,,,0.375
precentral gyrus medial segment,1,1,2,1.24,2,Precentral Gyrus Medial Segment,U,67,68,A4ll,PCL_L(R)_2_2,0.75,1,,,,,,,,,,,,,,,,,,,,,,,,,0.75
precentral gyrus rb,1,1,4,1.41,2,Precentral gyrus Rb,U,155,156,A1/2/3ulhf,PoG_L(R)_4_1,0.5,1,,,,,,,,,,,,,,,,,,,,,,,,,0.5
precentral gyrusa,1,1,6,1.44,2,Precentral gyrusa,U,61,62,A4tl,PrG_L(R)_6_5,0.375,1,,,,,,,,,,,,,,,,,,,,,,,,,0.375
precentral gyrusc,1,1,6,1.44,2,L precentral gyrusc,L,39,40,A44v,IFG_L(R)_6_6,0.375,1,,,,,,,,,,,,,,,,,,,,,,,,,0.375
precentral gyruse,1,1,6,1.44,2,Precentral gyruse,U,55,56,A6cdl,PrG_L(R)_6_2,0.375,1,,,,,,,,,,,,,,,,,,,,,,,,,0.375
precentral gyurs,1,1,6,1.44,2,Precentral gyurs,U,57,58,A4ul,PrG_L(R)_6_3,0.375,1,,,,,,,,,,,,,,,,,,,,,,,,,0.375
precentral li,1,1,4,1.41,2,Precentral_Li,U,155,156,A1/2/3ulhf,PoG_L(R)_4_1,0.5,1,,,,,,,,,,,,,,,,,,,,,,,,,0.5
executive network,1,1,6,1.44,2,Executive network (central executive),U,31,32,IFS,IFG_L(R)_6_2,0.375,1,,,,,,,,,,,,,,,,,,,,,,,,,0.375
ext insula,1,1,6,1.44,2,Ext. insula,U,37,38,A44op,IFG_L(R)_6_5,0.375,1,,,,,,,,,,,,,,,,,,,,,,,,,0.375
precentral gyrus 3,1,1,7,1.44,2,Left Precentral Gyrus (3),L,3,4,A8dl,SFG_L(R)_7_2,0.3333,1,,,,,,,,,,,,,,,,,,,,,,,,,0.3333
precentral gyrus 4 6,1,1,6,1.44,2,Left precentral gyrus (4/6),L,55,56,A6cdl,PrG_L(R)_6_2,0.375,1,,,,,,,,,,,,,,,,,,,,,,,,,0.375
precentral gyrus ba 13,1,1,4,1.41,2,Precentral gyrus (BA 13),U,157,158,A1/2/3tonIa,PoG_L(R)_4_2,0.5,1,,,,,,,,,,,,,,,,,,,,,,,,,0.5
precentral gyrus ba 4 include middle frontal gyrus ba 6,1,1,6,1.44,2,R Precentral Gyrus (BA 4) Include: Middle Frontal Gyrus (BA 6),R,53,54,A4hf,PrG_L(R)_6_1,0.375,1,,,,,,,,,,,,,,,,,,,,,,,,,0.375
precentral gyrus ba 43,1,1,4,1.41,2,Precentral gyrus (BA 43),U,157,158,A1/2/3tonIa,PoG_L(R)_4_2,0.5,1,,,,,,,,,,,,,,,,,,,,,,,,,0.5
precentral gyrus ba 5,1,1,4,1.41,2,R precentral gyrus (BA 5),R,159,160,A2,PoG_L(R)_4_3,0.5,1,,,,,,,,,,,,,,,,,,,,,,,,,0.5
dorsal hippocampus,1,1,6,1.44,2,Dorsal hippocampus (L),L,163,164,G,INS_L(R)_6_1,0.375,1,,,,,,,,,,,,,,,,,,,,,,,,,0.375
dorsal inferior frontal g,1,1,6,1.44,2,L dorsal inferior frontal g,L,29,30,A44d,IFG_L(R)_6_1,0.375,1,,,,,,,,,,,,,,,,,,,,,,,,,0.375
dorsal inferior frontal gyrus,1,1,6,1.44,2,L. dorsal Inferior Frontal Gyrus,L,63,64,A6cvl,PrG_L(R)_6_6,0.375,1,,,,,,,,,,,,,,,,,,,,,,,,,0.375
dorsal ips,1,1,5,1.44,2,Left dorsal IPS,L,197,198,vmPOS,MVOcC_L(R)_5_5,0.4286,1,,,,,,,,,,,,,,,,,,,,,,,,,0.4286
dorsal lateral pmc,1,1,6,1.44,2,Dorsal Lateral PMC,U,55,56,A6cdl,PrG_L(R)_6_2,0.375,1,,,,,,,,,,,,,,,,,,,,,,,,,0.375
dorsal lateral prefrontal cortex 46 10 9,1,1,7,1.44,2,Right dorsal lateral prefrontal cortex (46/10/9),R,21,22,A9/46v,MFG_L(R)_7_4,0.3333,1,,,,,,,,,,,,,,,,,,,,,,,,,0.3333
dorsal lateral prefrontal cortex 9,1,1,7,1.44,2,Left dorsal lateral prefrontal cortex (9),L,17,18,IFJ,MFG_L(R)_7_2,0.3333,1,,,,,,,,,,,,,,,,,,,,,,,,,0.3333
dorsal lateral prefrontal cortex 9 10,1,1,7,1.44,2,Left dorsal lateral prefrontal cortex (9/10),L,15,16,A9/46d,MFG_L(R)_7_1,0.3333,1,,,,,,,,,,,,,,,,,,,,,,,,,0.3333
precunneus,1,1,4,1.41,2,Precunneus_R,R,151,152,dmPOS,PCun_L(R)_4_3,0.5,1,,,,,,,,,,,,,,,,,,,,,,,,,0.5
prefontal cortex,1,1,6,1.44,2,Prefontal cortex,U,53,54,A4hf,PrG_L(R)_6_1,0.375,1,,,,,,,,,,,,,,,,,,,,,,,,,0.375
dorsal anterior cingulate ba 24,1,1,7,1.44,2,Dorsal Anterior Cingulate (BA 24),U,183,184,A24cd,CG_L(R)_7_5,0.3333,1,,,,,,,,,,,,,,,,,,,,,,,,,0.3333
dorsal anterior cingulate cortex 24 32,1,1,7,1.44,2,Bilateral dorsal anterior cingulate cortex (24/32),B,183,184,A24cd,CG_L(R)_7_5,0.3333,1,,,,,,,,,,,,,,,,,,,,,,,,,0.3333
dorsal anterior cingulate gyrus,1,1,7,1.44,2,Left dorsal anterior cingulate gyrus,L,183,184,A24cd,CG_L(R)_7_5,0.3333,1,,,,,,,,,,,,,,,,,,,,,,,,,0.3333
dorsal cingulate cortex,1,1,7,1.44,2,Dorsal Cingulate Cortex,U,177,178,A24rv,CG_L(R)_7_2,0.3333,1,,,,,,,,,,,,,,,,,,,,,,,,,0.3333
dorsal frontal cortex,1,1,7,1.44,2,Dorsal Frontal Cortex,U,1,2,A8m,SFG_L(R)_7_1,0.3333,1,,,,,,,,,,,,,,,,,,,,,,,,,0.3333
dorsal frontomedian cortex,1,1,7,1.44,2,Dorsal frontomedian cortex,U,187,188,A32sg,CG_L(R)_7_7,0.3333,1,,,,,,,,,,,,,,,,,,,,,,,,,0.3333
precuneas,1,1,7,1.44,2,Precuneas,U,175,176,A23d,CG_L(R)_7_1,0.3333,1,,,,,,,,,,,,,,,,,,,,,,,,,0.3333
precuneous c,1,1,4,1.41,2,Precuneous C.,U,153,154,A31,PCun_L(R)_4_4,0.5,1,,,,,,,,,,,,,,,,,,,,,,,,,0.5
precunes ba 7,1,1,4,1.41,2,LH precunes (BA 7),L,153,154,A31,PCun_L(R)_4_4,0.5,1,,,,,,,,,,,,,,,,,,,,,,,,,0.5
precuneus 28,1,1,6,1.44,2,Precuneus [28]*,U,209,210,lsOccG,LOcC_L(R)_2_2,0.375,1,,,,,,,,,,,,,,,,,,,,,,,,,0.375
precuneus 7 19,1,1,6,1.44,2,Right precuneus (7/19),R,209,210,lsOccG,LOcC_L(R)_2_2,0.375,1,,,,,,,,,,,,,,,,,,,,,,,,,0.375
precuneus and cingulate gyrus 7 31,1,1,2,1.24,2,"Right precuneus and cingulate gyrus (7, 31)",R,65,66,A1/2/3ll,PCL_L(R)_2_1,0.75,1,,,,,,,,,,,,,,,,,,,,,,,,,0.75
precuneus ba 5,1,1,5,1.44,2,Left precuneus (BA5),L,125,126,A7r,SPL_L(R)_5_1,0.4286,1,,,,,,,,,,,,,,,,,,,,,,,,,0.4286
precuneuso,1,1,6,1.44,2,PrecuneusO,U,137,138,A39rd,IPL_L(R)_6_2,0.375,1,,,,,,,,,,,,,,,,,,,,,,,,,0.375
dorsolateral prefronatl cortex,1,1,6,1.44,2,L dorsolateral prefronatl cortex,L,63,64,A6cvl,PrG_L(R)_6_6,0.375,1,,,,,,,,,,,,,,,,,,,,,,,,,0.375
dorsolateral prefrontal,1,1,7,1.44,2,Left dorsolateral prefrontal,LR,23,24,A8vl,MFG_L(R)_7_5,0.3333,1,,,,,,,,,,,,,,,,,,,,,,,,,0.3333
dorsolateral prefrontal cortex 46,1,1,7,1.44,2,L dorsolateral prefrontal cortex (46),L,21,22,A9/46v,MFG_L(R)_7_4,0.3333,1,,,,,,,,,,,,,,,,,,,,,,,,,0.3333
dorsolateral prefrontal cortex ba 10,1,1,7,1.44,2,Dorsolateral prefrontal cortex (BA 10) ???,U,19,20,A46,MFG_L(R)_7_3,0.3333,1,,,,,,,,,,,,,,,,,,,,,,,,,0.3333
precg 4,1,1,4,1.41,2,PreCG (4),U,155,156,A1/2/3ulhf,PoG_L(R)_4_1,0.5,1,,,,,,,,,,,,,,,,,,,,,,,,,0.5
precg 43,1,1,4,1.41,2,PreCG (43),U,157,158,A1/2/3tonIa,PoG_L(R)_4_2,0.5,1,,,,,,,,,,,,,,,,,,,,,,,,,0.5
precs,1,1,6,1.44,2,PreCS,U,63,64,A6cvl,PrG_L(R)_6_6,0.375,1,,,,,,,,,,,,,,,,,,,,,,,,,0.375
precuneal cortex,1,1,4,1.41,2,Precuneal cortex,U,151,152,dmPOS,PCun_L(R)_4_3,0.5,1,,,,,,,,,,,,,,,,,,,,,,,,,0.5
primary motor area ba 6,1,1,7,1.44,2,Primary motor area (BA6),U,3,4,A8dl,SFG_L(R)_7_2,0.3333,1,,,,,,,,,,,,,,,,,,,,,,,,,0.3333
primary motor cortex leg area,1,1,2,1.24,2,Primary motor cortex (BA 4a) leg area,U,67,68,A4ll,PCL_L(R)_2_2,0.75,1,,,,,,,,,,,,,,,,,,,,,,,,,0.75
primary olfactory area,1,1,2,1.24,2,Primary olfactory areas,U,215,216,rHipp,Hipp_L(R)_2_1,0.75,1,,,,,,,,,,,,,,,,,,,,,,,,,0.75
primary sensorimotor cortex,1,1,6,1.44,2,left primary sensorimotor cortex,L,57,58,A4ul,PrG_L(R)_6_3,0.375,1,,,,,,,,,,,,,,,,,,,,,,,,,0.375
primary visual,1,1,5,1.44,2,Primary visual,U,189,190,cLinG,MVOcC_L(R)_5_1,0.4286,1,,,,,,,,,,,,,,,,,,,,,,,,,0.4286
primary visual region,1,1,4,1.41,2,Primary visual region,U,151,152,dmPOS,PCun_L(R)_4_3,0.5,1,,,,,,,,,,,,,,,,,,,,,,,,,0.5
procuneous cortex,1,1,4,1.41,2,Procuneous Cortex,U,151,152,dmPOS,PCun_L(R)_4_3,0.5,1,,,,,,,,,,,,,,,,,,,,,,,,,0.5
psfg,1,1,6,1.44,2,pSFG,U,55,56,A6cdl,PrG_L(R)_6_2,0.375,1,,,,,,,,,,,,,,,,,,,,,,,,,0.375
pregenual cing,1,1,7,1.44,2,Pregenual cing,U,187,188,A32sg,CG_L(R)_7_7,0.3333,1,,,,,,,,,,,,,,,,,,,,,,,,,0.3333
premotor area 1997,1,1,7,1.44,2,Premotor area*1997,U,9,10,A6m,SFG_L(R)_7_5,0.3333,1,,,,,,,,,,,,,,,,,,,,,,,,,0.3333
premotor c,1,1,7,1.44,2,L Premotor C,L,25,26,A6vl,MFG_L(R)_7_6,0.3333,1,,,,,,,,,,,,,,,,,,,,,,,,,0.3333
premotor cortex bi,1,1,7,1.44,2,Premotor cortex-Bi,U,9,10,A6m,SFG_L(R)_7_5,0.3333,1,,,,,,,,,,,,,,,,,,,,,,,,,0.3333
premotor cortical area,1,1,7,1.44,2,L premotor cortical areas,L,25,26,A6vl,MFG_L(R)_7_6,0.3333,1,,,,,,,,,,,,,,,,,,,,,,,,,0.3333
presef,1,1,6,1.44,2,Left preSEF,L,219,220,vCa,BG_L(R)_6_1,0.375,1,,,,,,,,,,,,,,,,,,,,,,,,,0.375
prestriate cortex,1,1,5,1.44,2,prestriate cortex R,R,191,192,rCunG,MVOcC_L(R)_5_2,0.4286,1,,,,,,,,,,,,,,,,,,,,,,,,,0.4286
primary and secondary visual cortex,1,1,5,1.44,2,Primary and secondary visual cortex,U,193,194,cCunG,MVOcC_L(R)_5_3,0.4286,1,,,,,,,,,,,,,,,,,,,,,,,,,0.4286
prefrontal dorsolateral cortex,1,1,7,1.44,2,Prefrontal dorsolateral cortex,U,23,24,A8vl,MFG_L(R)_7_5,0.3333,1,,,,,,,,,,,,,,,,,,,,,,,,,0.3333
prefrontal gyrus,1,1,7,1.44,2,B. Prefrontal Gyri,B,5,6,A9l,SFG_L(R)_7_3,0.3333,1,,,,,,,,,,,,,,,,,,,,,,,,,0.3333
prefrontal lobe,1,1,7,1.44,2,Prefrontal lobe,U,21,22,A9/46v,MFG_L(R)_7_4,0.3333,1,,,,,,,,,,,,,,,,,,,,,,,,,0.3333
prefrontal subgyral area,1,1,6,1.44,2,R Prefrontal Subgyral Area,R,37,38,A44op,IFG_L(R)_6_5,0.375,1,,,,,,,,,,,,,,,,,,,,,,,,,0.375
preg,1,1,6,1.44,2,PreG,U,53,54,A4hf,PrG_L(R)_6_1,0.375,1,,,,,,,,,,,,,,,,,,,,,,,,,0.375
pregenual anterior cingulate cortex 24,1,1,7,1.44,2,Left pregenual anterior cingulate cortex (24),L,187,188,A32sg,CG_L(R)_7_7,0.3333,1,,,,,,,,,,,,,,,,,,,,,,,,,0.3333
pregenual anterior cingulate cortex 24 and rostral prefrontal cortex 10,1,1,7,1.44,2,Left pregenual anterior cingulate cortex (24) and rostral prefrontal cortex (10),L,13,14,A10m,SFG_L(R)_7_7,0.3333,1,,,,,,,,,,,,,,,,,,,,,,,,,0.3333
pregenual anterior cingulate cortex ba 24,1,1,7,1.44,2,Pregenual anterior cingulate cortex (BA 24),U,187,188,A32sg,CG_L(R)_7_7,0.3333,1,,,,,,,,,,,,,,,,,,,,,,,,,0.3333
dorsal medial frontal g,1,1,7,1.44,2,Dorsal medial frontal G.,U,11,12,A9m,SFG_L(R)_7_6,0.3333,1,,,,,,,,,,,,,,,,,,,,,,,,,0.3333
dorsal medial premotor cortex,1,1,7,1.44,2,Dorsal medial premotor cortex,U,1,2,A8m,SFG_L(R)_7_1,0.3333,1,,,,,,,,,,,,,,,,,,,,,,,,,0.3333
dorsal mi,1,1,6,1.44,2,Dorsal MI,U,55,56,A6cdl,PrG_L(R)_6_2,0.375,1,,,,,,,,,,,,,,,,,,,,,,,,,0.375
dorsal occipital cortex,1,1,6,1.44,2,Left dorsal occipital cortex,LR,199,200,mOccG,LOcC_L(R)_4_1,0.375,1,,,,,,,,,,,,,,,,,,,,,,,,,0.375
dorsal part,1,1,7,1.44,2,Dorsal part,U,175,176,A23d,CG_L(R)_7_1,0.3333,1,,,,,,,,,,,,,,,,,,,,,,,,,0.3333
prefrontal corrtex ba 10,1,1,7,1.44,2,L prefrontal corrtex (BA10),L,15,16,A9/46d,MFG_L(R)_7_1,0.3333,1,,,,,,,,,,,,,,,,,,,,,,,,,0.3333
prefrontal cortex ba 10,1,1,7,1.44,2,R prefrontal cortex (BA10),R,19,20,A46,MFG_L(R)_7_3,0.3333,1,,,,,,,,,,,,,,,,,,,,,,,,,0.3333
prefrontal cortex ba 9 10,1,1,7,1.44,2,L prefrontal cortex (BA 9/10),L,15,16,A9/46d,MFG_L(R)_7_1,0.3333,1,,,,,,,,,,,,,,,,,,,,,,,,,0.3333
dlprcs,1,1,6,1.44,2,L dlPrcS,L,55,56,A6cdl,PrG_L(R)_6_2,0.375,1,,,,,,,,,,,,,,,,,,,,,,,,,0.375
dmpfc 8,1,1,7,1.44,2,dmPFC (8),U,11,12,A9m,SFG_L(R)_7_6,0.3333,1,,,,,,,,,,,,,,,,,,,,,,,,,0.3333
dmpfc ba 32,1,1,7,1.44,2,dmPFC (BA32),U,1,2,A8m,SFG_L(R)_7_1,0.3333,1,,,,,,,,,,,,,,,,,,,,,,,,,0.3333
dmpfc bi,1,1,7,1.44,2,DMPFC–Bi,U,1,2,A8m,SFG_L(R)_7_1,0.3333,1,,,,,,,,,,,,,,,,,,,,,,,,,0.3333
dmpfc1,1,1,7,1.44,2,dmPFC1,U,9,10,A6m,SFG_L(R)_7_5,0.3333,1,,,,,,,,,,,,,,,,,,,,,,,,,0.3333
dor lat frontal 9,1,1,7,1.44,2,R dor lat frontal (9),R,3,4,A8dl,SFG_L(R)_7_2,0.3333,1,,,,,,,,,,,,,,,,,,,,,,,,,0.3333
dor pcu,1,1,6,1.44,2,Dor. PCu. R,R,227,228,dCa,BG_L(R)_6_5,0.375,1,,,,,,,,,,,,,,,,,,,,,,,,,0.375
dorsal acc 32,1,1,7,1.44,2,Dorsal ACC (32),U,179,180,A32p,CG_L(R)_7_3,0.3333,1,,,,,,,,,,,,,,,,,,,,,,,,,0.3333
dlpfc ba 46 9,1,1,7,1.44,2,dlPFC (MFG) (BA46/9),U,23,24,A8vl,MFG_L(R)_7_5,0.3333,1,,,,,,,,,,,,,,,,,,,,,,,,,0.3333
dlpfc ba 8 9,1,1,7,1.44,2,Left DLPFC (BA 8/9),L,23,24,A8vl,MFG_L(R)_7_5,0.3333,1,,,,,,,,,,,,,,,,,,,,,,,,,0.3333
dlpfc ba 9 46,1,1,7,1.44,2,DLPFC (BA 9/46),U,23,24,A8vl,MFG_L(R)_7_5,0.3333,1,,,,,,,,,,,,,,,,,,,,,,,,,0.3333
dlpfc ipl,1,1,6,1.44,2,R DLPFC–L IPL,B,139,140,A40rd,IPL_L(R)_6_3,0.375,1,,,,,,,,,,,,,,,,,,,,,,,,,0.375
dlpfc lb,1,1,6,1.44,2,DLPFC Lb,U,53,54,A4hf,PrG_L(R)_6_1,0.375,1,,,,,,,,,,,,,,,,,,,,,,,,,0.375
dlpfc only,1,1,7,1.44,2,DLPFC only,U,21,22,A9/46v,MFG_L(R)_7_4,0.3333,1,,,,,,,,,,,,,,,,,,,,,,,,,0.3333
dlpfca,1,1,7,1.44,2,Left DLPFCa,L,21,22,A9/46v,MFG_L(R)_7_4,0.3333,1,,,,,,,,,,,,,,,,,,,,,,,,,0.3333
dlpfcc,1,1,7,1.44,2,DLPFCc,U,15,16,A9/46d,MFG_L(R)_7_1,0.3333,1,,,,,,,,,,,,,,,,,,,,,,,,,0.3333
put amen,1,1,6,1.44,2,Put amen,U,221,222,GP,BG_L(R)_6_2,0.375,1,,,,,,,,,,,,,,,,,,,,,,,,,0.375
put ant,1,1,6,1.44,2,PUT ant,U,221,222,GP,BG_L(R)_6_2,0.375,1,,,,,,,,,,,,,,,,,,,,,,,,,0.375
put anterior,1,1,6,1.44,2,PUT right anterior,R,225,226,vmPu,BG_L(R)_6_4,0.375,1,,,,,,,,,,,,,,,,,,,,,,,,,0.375
put post,1,1,6,1.44,2,PUT post,U,229,230,dlPu,BG_L(R)_6_6,0.375,1,,,,,,,,,,,,,,,,,,,,,,,,,0.375
dipsas,1,1,5,1.44,2,R DIPSAs,R,125,126,A7r,SPL_L(R)_5_1,0.4286,1,,,,,,,,,,,,,,,,,,,,,,,,,0.4286
dlpc,1,1,7,1.44,2,R DLPC,R,23,24,A8vl,MFG_L(R)_7_5,0.3333,1,,,,,,,,,,,,,,,,,,,,,,,,,0.3333
dlpfc 46,1,1,7,1.44,2,DLPFC (46),U,21,22,A9/46v,MFG_L(R)_7_4,0.3333,1,,,,,,,,,,,,,,,,,,,,,,,,,0.3333
dlpfc ba 10,1,1,7,1.44,2,dlPFC(BA10),U,21,22,A9/46v,MFG_L(R)_7_4,0.3333,1,,,,,,,,,,,,,,,,,,,,,,,,,0.3333
pspl,1,1,5,1.44,2,R pSPL,R,125,126,A7r,SPL_L(R)_5_1,0.4286,1,,,,,,,,,,,,,,,,,,,,,,,,,0.4286
pstg 41,1,1,2,1.24,2,pSTG (41),U,121,122,rpSTS,pSTS_L(R)_2_1,0.75,1,,,,,,,,,,,,,,,,,,,,,,,,,0.75
pstg 42,1,1,6,1.44,2,pSTG(42),U,75,76,A22c,STG_L(R)_6_4,0.375,1,,,,,,,,,,,,,,,,,,,,,,,,,0.375
pt 42,1,1,4,1.41,2,PT (42),U,87,88,aSTS,MTG_L(R)_4_4,0.5,1,,,,,,,,,,,,,,,,,,,,,,,,,0.5
ptpj,1,1,6,1.44,2,pTPJ,U,135,136,A39c,IPL_L(R)_6_1,0.375,1,,,,,,,,,,,,,,,,,,,,,,,,,0.375
ptr ba 45,1,1,6,1.44,2,PTR (BA 45),U,31,32,IFS,IFG_L(R)_6_2,0.375,1,,,,,,,,,,,,,,,,,,,,,,,,,0.375
ptri,1,1,6,1.44,2,pTri,U,31,32,IFS,IFG_L(R)_6_2,0.375,1,,,,,,,,,,,,,,,,,,,,,,,,,0.375
pulv,1,1,8,1.44,2,PULV,U,239,240,PPtha,Tha_L(R)_8_5,0.3,1,,,,,,,,,,,,,,,,,,,,,,,,,0.3
cuneus ba 17 18 19,1,1,5,1.44,2,Bilateral cuneus (BA 17/18/19),B,193,194,cCunG,MVOcC_L(R)_5_3,0.4286,1,,,,,,,,,,,,,,,,,,,,,,,,,0.4286
cuneusc,1,1,6,1.44,2,Right cuneusc,R,207,208,msOccG,LOcC_L(R)_2_1,0.375,1,,,,,,,,,,,,,,,,,,,,,,,,,0.375
d fusiform gyrus,1,1,5,1.44,2,D L Fusiform Gyrus,L,189,190,cLinG,MVOcC_L(R)_5_1,0.4286,1,,,,,,,,,,,,,,,,,,,,,,,,,0.4286
d gprc,1,1,6,1.44,2,d GPrC,U,57,58,A4ul,PrG_L(R)_6_3,0.375,1,,,,,,,,,,,,,,,,,,,,,,,,,0.375
dacc sphere,1,1,7,1.44,2,dACC_sphere,U,179,180,A32p,CG_L(R)_7_3,0.3333,1,,,,,,,,,,,,,,,,,,,,,,,,,0.3333
dacca,1,1,7,1.44,2,dACCa,U,1,2,A8m,SFG_L(R)_7_1,0.3333,1,,,,,,,,,,,,,,,,,,,,,,,,,0.3333
dcc,1,1,7,1.44,2,L. DCC,L,177,178,A24rv,CG_L(R)_7_2,0.3333,1,,,,,,,,,,,,,,,,,,,,,,,,,0.3333
declive 19,1,1,7,1.44,2,Left Declive (19),L,27,28,A10l,MFG_L(R)_7_7,0.3333,1,,,,,,,,,,,,,,,,,,,,,,,,,0.3333
retrospenial cortex,1,1,7,1.44,2,Retrospenial cortex,U,181,182,A23v,CG_L(R)_7_4,0.3333,1,,,,,,,,,,,,,,,,,,,,,,,,,0.3333
retrospinal cortex,1,1,7,1.44,2,retrospinal cortex,U,187,188,A32sg,CG_L(R)_7_7,0.3333,1,,,,,,,,,,,,,,,,,,,,,,,,,0.3333
retrosplenial,1,1,7,1.44,2,RH retrosplenial,R,181,182,A23v,CG_L(R)_7_4,0.3333,1,,,,,,,,,,,,,,,,,,,,,,,,,0.3333
retrosplenial and lingual gyrus,1,1,5,1.44,2,RH retrosplenial and lingual gyrus,R,197,198,vmPOS,MVOcC_L(R)_5_5,0.4286,1,,,,,,,,,,,,,,,,,,,,,,,,,0.4286
retrosplenial cingulate cortex,1,1,4,1.41,2,RETROSPLENIAL CINGULATE CORTEX (R),R,151,152,dmPOS,PCun_L(R)_4_3,0.5,1,,,,,,,,,,,,,,,,,,,,,,,,,0.5
cuneus 7,1,1,5,1.44,2,Right cuneus (7),R,197,198,vmPOS,MVOcC_L(R)_5_5,0.4286,1,,,,,,,,,,,,,,,,,,,,,,,,,0.4286
cuneus and lingual,1,1,5,1.44,2,Right cuneus and lingual,R,191,192,rCunG,MVOcC_L(R)_5_2,0.4286,1,,,,,,,,,,,,,,,,,,,,,,,,,0.4286
cuneus and middle occipital,1,1,5,1.44,2,R cuneus and middle occipital,R,193,194,cCunG,MVOcC_L(R)_5_3,0.4286,1,,,,,,,,,,,,,,,,,,,,,,,,,0.4286
putamenn,1,1,6,1.44,2,PutamenN,U,225,226,vmPu,BG_L(R)_6_4,0.375,1,,,,,,,,,,,,,,,,,,,,,,,,,0.375
putamenundamh,1,1,6,1.44,2,Putamenundamh,U,229,230,dlPu,BG_L(R)_6_6,0.375,1,,,,,,,,,,,,,,,,,,,,,,,,,0.375
rag,1,1,6,1.44,2,rAG,U,137,138,A39rd,IPL_L(R)_6_2,0.375,1,,,,,,,,,,,,,,,,,,,,,,,,,0.375
ralpfc,1,1,7,1.44,2,RALPFC,U,15,16,A9/46d,MFG_L(R)_7_1,0.3333,1,,,,,,,,,,,,,,,,,,,,,,,,,0.3333
ramy,1,1,2,1.24,2,rAMY,U,211,212,mAmyg,Amyg_L(R)_2_1,0.75,1,,,,,,,,,,,,,,,,,,,,,,,,,0.75
rcn,1,1,5,1.44,2,rCn,U,191,192,rCunG,MVOcC_L(R)_5_2,0.4286,1,,,,,,,,,,,,,,,,,,,,,,,,,0.4286
rcs,1,1,6,1.44,2,rCS,U,57,58,A4ul,PrG_L(R)_6_3,0.375,1,,,,,,,,,,,,,,,,,,,,,,,,,0.375
rcz,1,1,7,1.44,2,RCZ,U,1,2,A8m,SFG_L(R)_7_1,0.3333,1,,,,,,,,,,,,,,,,,,,,,,,,,0.3333
dorsal acc ba 24,1,1,7,1.44,2,1Dorsal ACC (BA 24),U,177,178,A24rv,CG_L(R)_7_2,0.3333,1,,,,,,,,,,,,,,,,,,,,,,,,,0.3333
dorsal amcc,1,1,7,1.44,2,dorsal aMCC,U,11,12,A9m,SFG_L(R)_7_6,0.3333,1,,,,,,,,,,,,,,,,,,,,,,,,,0.3333
putamam,1,1,6,1.44,2,Putamam,U,219,220,vCa,BG_L(R)_6_1,0.375,1,,,,,,,,,,,,,,,,,,,,,,,,,0.375
putamen nucleus,1,1,6,1.44,2,Putamen nucleus L,L,111,112,A35/36c,PhG_L(R)_6_2,0.375,1,,,,,,,,,,,,,,,,,,,,,,,,,0.375
putamen1,1,1,6,1.44,2,Left putamen1,LR,221,222,GP,BG_L(R)_6_2,0.375,1,,,,,,,,,,,,,,,,,,,,,,,,,0.375
putamena,1,1,4,1.41,2,Putamena,U,83,84,A21r,MTG_L(R)_4_2,0.5,1,,,,,,,,,,,,,,,,,,,,,,,,,0.5
putamendamh,1,1,8,1.44,2,Putamendamh,U,233,234,mPMtha,Tha_L(R)_8_2,0.3,1,,,,,,,,,,,,,,,,,,,,,,,,,0.3
putamenm,1,1,6,1.44,2,PutamenM,U,229,230,dlPu,BG_L(R)_6_6,0.375,1,,,,,,,,,,,,,,,,,,,,,,,,,0.375
rolandic oper 7,1,1,6,1.44,2,Rolandic_Oper*7,U,61,62,A4tl,PrG_L(R)_6_5,0.375,1,,,,,,,,,,,,,,,,,,,,,,,,,0.375
rolandic opercolum,1,1,6,1.44,2,Rolandic opercolum,U,61,62,A4tl,PrG_L(R)_6_5,0.375,1,,,,,,,,,,,,,,,,,,,,,,,,,0.375
rolandic opercular gyrus,1,1,6,1.44,2,Rolandic opercular gyrus,U,63,64,A6cvl,PrG_L(R)_6_6,0.375,1,,,,,,,,,,,,,,,,,,,,,,,,,0.375
rolandic operculum ba 44,1,1,6,1.44,2,Right Rolandic operculum (BA 44),R,63,64,A6cvl,PrG_L(R)_6_6,0.375,1,,,,,,,,,,,,,,,,,,,,,,,,,0.375
rolandic operculum ba 6,1,1,6,1.44,2,Rolandic operculum (BA 6),U,63,64,A6cvl,PrG_L(R)_6_6,0.375,1,,,,,,,,,,,,,,,,,,,,,,,,,0.375
rolandic operculum op3,1,1,6,1.44,2,Rolandic Operculum OP3,U,145,146,A40rv,IPL_L(R)_6_6,0.375,1,,,,,,,,,,,,,,,,,,,,,,,,,0.375
rolandic operculum op4,1,1,4,1.41,2,Rolandic operculum OP4,U,157,158,A1/2/3tonIa,PoG_L(R)_4_2,0.5,1,,,,,,,,,,,,,,,,,,,,,,,,,0.5
rostral anterior cingulate ba 32,1,1,7,1.44,2,Rostral Anterior Cingulate (BA 32),U,179,180,A32p,CG_L(R)_7_3,0.3333,1,,,,,,,,,,,,,,,,,,,,,,,,,0.3333
rihgt inferior parietal lobule,1,1,6,1.44,2,Rihgt inferior parietal lobule,U,137,138,A39rd,IPL_L(R)_6_2,0.375,1,,,,,,,,,,,,,,,,,,,,,,,,,0.375
ring anterior insula,1,1,6,1.44,2,Ring anterior insula,U,37,38,A44op,IFG_L(R)_6_5,0.375,1,,,,,,,,,,,,,,,,,,,,,,,,,0.375
rips,1,1,5,1.44,2,RIPS,U,127,128,A7c,SPL_L(R)_5_2,0.4286,1,,,,,,,,,,,,,,,,,,,,,,,,,0.4286
rmc,1,1,4,1.41,2,RMC,U,155,156,A1/2/3ulhf,PoG_L(R)_4_1,0.5,1,,,,,,,,,,,,,,,,,,,,,,,,,0.5
rmpfc,1,1,7,1.44,2,rmPFC,U,9,10,A6m,SFG_L(R)_7_5,0.3333,1,,,,,,,,,,,,,,,,,,,,,,,,,0.3333
rofc,1,1,6,1.44,2,rOFC,U,165,166,vIa,INS_L(R)_6_2,0.375,1,,,,,,,,,,,,,,,,,,,,,,,,,0.375
rol operc,1,1,4,1.41,2,R rol. operc.,R,157,158,A1/2/3tonIa,PoG_L(R)_4_2,0.5,1,,,,,,,,,,,,,,,,,,,,,,,,,0.5
rolandic oper 44,1,1,6,1.44,2,Rolandic_Oper (44),U,31,32,IFS,IFG_L(R)_6_2,0.375,1,,,,,,,,,,,,,,,,,,,,,,,,,0.375
reward,1,1,6,1.44,2,Reward,U,45,46,A11l,OrG_L(R)_6_3,0.375,1,,,,,,,,,,,,,,,,,,,,,,,,,0.375
rfef,1,1,6,1.44,2,RFEF,U,55,56,A6cdl,PrG_L(R)_6_2,0.375,1,,,,,,,,,,,,,,,,,,,,,,,,,0.375
rffa,1,1,3,1.36,2,RFFA,U,107,108,A37lv,FuG_L(R)_3_3,0.6,1,,,,,,,,,,,,,,,,,,,,,,,,,0.6
rifg ba 45 47,1,1,6,1.44,2,RIFG BA 45 (47),U,31,32,IFS,IFG_L(R)_6_2,0.375,1,,,,,,,,,,,,,,,,,,,,,,,,,0.375
rifga,1,1,6,1.44,2,RIFGa,U,35,36,A45r,IFG_L(R)_6_4,0.375,1,,,,,,,,,,,,,,,,,,,,,,,,,0.375
rightleft,1,1,4,1.41,2,RightLeft,U,151,152,dmPOS,PCun_L(R)_4_3,0.5,1,,,,,,,,,,,,,,,,,,,,,,,,,0.5
rightpostcentral gyrus 1,1,1,4,1.41,2,Rightpostcentral gyrus-1,U,155,156,A1/2/3ulhf,PoG_L(R)_4_1,0.5,1,,,,,,,,,,,,,,,,,,,,,,,,,0.5
rightpostcentral gyrus 2,1,1,6,1.44,2,Rightpostcentral gyrus-2,U,145,146,A40rv,IPL_L(R)_6_6,0.375,1,,,,,,,,,,,,,,,,,,,,,,,,,0.375
declive cerebellum,1,1,5,1.44,2,Declive cerebellum,U,189,190,cLinG,MVOcC_L(R)_5_1,0.4286,1,,,,,,,,,,,,,,,,,,,,,,,,,0.4286
declive of cerebellum,1,1,3,1.36,2,Right declive of cerebellum,R,105,106,A37mv,FuG_L(R)_3_2,0.6,1,,,,,,,,,,,,,,,,,,,,,,,,,0.6
decreased occipito temporal gyrus,1,1,7,1.44,2,Decreased occipito-temporal gyrus,U,101,102,A20cv,ITG_L(R)_7_7,0.3333,1,,,,,,,,,,,,,,,,,,,,,,,,,0.3333
decreased ofc,1,1,6,1.44,2,Decreased OFC,U,45,46,A11l,OrG_L(R)_6_3,0.375,1,,,,,,,,,,,,,,,,,,,,,,,,,0.375
default mode network,1,1,7,1.44,2,Default mode network (PCC),U,185,186,A23c,CG_L(R)_7_6,0.3333,1,,,,,,,,,,,,,,,,,,,,,,,,,0.3333
delta extracted from the acc,1,1,6,1.44,2,Delta extracted from the ACC,U,109,110,A35/36r,PhG_L(R)_6_1,0.375,1,,,,,,,,,,,,,,,,,,,,,,,,,0.375
dipfc,1,1,7,1.44,2,L dIPFC,LR,23,24,A8vl,MFG_L(R)_7_5,0.3333,1,,,,,,,,,,,,,,,,,,,,,,,,,0.3333
dipsa,1,1,4,1.41,2,DIPSA,U,159,160,A2,PoG_L(R)_4_3,0.5,1,,,,,,,,,,,,,,,,,,,,,,,,,0.5
cu ba 31,1,1,5,1.44,2,Cu (BA 31),U,197,198,vmPOS,MVOcC_L(R)_5_5,0.4286,1,,,,,,,,,,,,,,,,,,,,,,,,,0.4286
cul,1,1,6,1.44,2,L Cul,L,113,114,TL,PhG_L(R)_6_3,0.375,1,,,,,,,,,,,,,,,,,,,,,,,,,0.375
culmen of the cerebellum,1,1,7,1.44,2,Culmen of the cerebellum,U,187,188,A32sg,CG_L(R)_7_7,0.3333,1,,,,,,,,,,,,,,,,,,,,,,,,,0.3333
cun ba 17,1,1,5,1.44,2,Left CUN (BA17),L,191,192,rCunG,MVOcC_L(R)_5_2,0.4286,1,,,,,,,,,,,,,,,,,,,,,,,,,0.4286
cuneal cx,1,1,5,1.44,2,Cuneal cx.,U,191,192,rCunG,MVOcC_L(R)_5_2,0.4286,1,,,,,,,,,,,,,,,,,,,,,,,,,0.4286
cunes,1,1,4,1.41,2,left cunes,L,151,152,dmPOS,PCun_L(R)_4_3,0.5,1,,,,,,,,,,,,,,,,,,,,,,,,,0.5
rpcg,1,1,6,1.44,2,RPCG,U,57,58,A4ul,PrG_L(R)_6_3,0.375,1,,,,,,,,,,,,,,,,,,,,,,,,,0.375
rpcn,1,1,4,1.41,2,rPCn,U,149,150,A5m,PCun_L(R)_4_2,0.5,1,,,,,,,,,,,,,,,,,,,,,,,,,0.5
contralesional psmc,1,1,6,1.44,2,Contralesional PSMC,U,57,58,A4ul,PrG_L(R)_6_3,0.375,1,,,,,,,,,,,,,,,,,,,,,,,,,0.375
convolution,1,1,6,1.44,2,L. convolution,L,143,144,A39rv,IPL_L(R)_6_5,0.375,1,,,,,,,,,,,,,,,,,,,,,,,,,0.375
corpus callosum,1,1,8,1.44,2,Corpus callosum,U,243,244,cTtha,Tha_L(R)_8_7,0.3,1,,,,,,,,,,,,,,,,,,,,,,,,,0.3
cortico spinal tract,1,1,6,1.44,2,Cortico-spinal tract,U,57,58,A4ul,PrG_L(R)_6_3,0.375,1,,,,,,,,,,,,,,,,,,,,,,,,,0.375
crus 4 5,1,1,2,1.24,2,Crus 4 5,U,217,218,cHipp,Hipp_L(R)_2_2,0.75,1,,,,,,,,,,,,,,,,,,,,,,,,,0.75
crus ii,1,1,6,1.44,2,L Crus II**,L,111,112,A35/36c,PhG_L(R)_6_2,0.375,1,,,,,,,,,,,,,,,,,,,,,,,,,0.375
csd,1,1,6,1.44,2,Right CSd,R,57,58,A4ul,PrG_L(R)_6_3,0.375,1,,,,,,,,,,,,,,,,,,,,,,,,,0.375
csma,1,1,7,1.44,2,cSMA,U,9,10,A6m,SFG_L(R)_7_5,0.3333,1,,,,,,,,,,,,,,,,,,,,,,,,,0.3333
rostral premotor area,1,1,7,1.44,2,Rostral premotor area,U,7,8,A6dl,SFG_L(R)_7_4,0.3333,1,,,,,,,,,,,,,,,,,,,,,,,,,0.3333
rostrolateral frontal cortex,1,1,7,1.44,2,Rostrolateral frontal cortex,U,21,22,A9/46v,MFG_L(R)_7_4,0.3333,1,,,,,,,,,,,,,,,,,,,,,,,,,0.3333
rostrolateral pfc,1,1,7,1.44,2,Rostrolateral PFC,U,19,20,A46,MFG_L(R)_7_3,0.3333,1,,,,,,,,,,,,,,,,,,,,,,,,,0.3333
rostromedial frontal lobe,1,1,7,1.44,2,L rostromedial frontal lobe,L,13,14,A10m,SFG_L(R)_7_7,0.3333,1,,,,,,,,,,,,,,,,,,,,,,,,,0.3333
rostromedial pfc,1,1,7,1.44,2,Rostromedial PFC,U,13,14,A10m,SFG_L(R)_7_7,0.3333,1,,,,,,,,,,,,,,,,,,,,,,,,,0.3333
rparahippocampal gyrus,1,1,6,1.44,2,Rparahippocampal gyrus,U,119,120,TH,PhG_L(R)_6_6,0.375,1,,,,,,,,,,,,,,,,,,,,,,,,,0.375
cn v main sensory n,1,1,8,1.44,2,CN V main sensory n.,U,241,242,Otha,Tha_L(R)_8_6,0.3,1,,,,,,,,,,,,,,,,,,,,,,,,,0.3
common area,1,1,4,1.41,2,Common area,U,87,88,aSTS,MTG_L(R)_4_4,0.5,1,,,,,,,,,,,,,,,,,,,,,,,,,0.5
rostral anterior cingulate gyrus,1,1,7,1.44,2,Right rostral anterior cingulate gyrus,R,179,180,A32p,CG_L(R)_7_3,0.3333,1,,,,,,,,,,,,,,,,,,,,,,,,,0.3333
rostral anterior insula,1,1,6,1.44,2,rostral anterior insula,U,167,168,dIa,INS_L(R)_6_3,0.375,1,,,,,,,,,,,,,,,,,,,,,,,,,0.375
rostral caudate,1,1,6,1.44,2,Rostral caudate,U,227,228,dCa,BG_L(R)_6_5,0.375,1,,,,,,,,,,,,,,,,,,,,,,,,,0.375
rostral cingulate zone,1,1,7,1.44,2,Rostral cingulate zone,U,179,180,A32p,CG_L(R)_7_3,0.3333,1,,,,,,,,,,,,,,,,,,,,,,,,,0.3333
rostral dorsolateral pfc,1,1,7,1.44,2,Rostral dorsolateral PFC,U,3,4,A8dl,SFG_L(R)_7_2,0.3333,1,,,,,,,,,,,,,,,,,,,,,,,,,0.3333
rostral medial frontal,1,1,7,1.44,2,B rostral medial frontal*,BL,13,14,A10m,SFG_L(R)_7_7,0.3333,1,,,,,,,,,,,,,,,,,,,,,,,,,0.3333
rostral medial pfc ba 10,1,1,7,1.44,2,Rostral medial PFC(BA 10),U,13,14,A10m,SFG_L(R)_7_7,0.3333,1,,,,,,,,,,,,,,,,,,,,,,,,,0.3333
rostral medial prefrontal cortex ba 10,1,1,7,1.44,2,Rostral medial prefrontal cortex (BA 10),U,13,14,A10m,SFG_L(R)_7_7,0.3333,1,,,,,,,,,,,,,,,,,,,,,,,,,0.3333
cingulate gyrus 23,1,1,7,1.44,2,Right cingulate gyrus (23),R,181,182,A23v,CG_L(R)_7_4,0.3333,1,,,,,,,,,,,,,,,,,,,,,,,,,0.3333
cingulate gyrus 24,1,1,8,1.44,2,Cingulate gyrus (24),U,243,244,cTtha,Tha_L(R)_8_7,0.3,1,,,,,,,,,,,,,,,,,,,,,,,,,0.3
cingulate gyrus 24 31,1,1,7,1.44,2,Left cingulate gyrus (24/31),L,185,186,A23c,CG_L(R)_7_6,0.3333,1,,,,,,,,,,,,,,,,,,,,,,,,,0.3333
cingulate gyrus ba 24 include acc ba 32,1,1,7,1.44,2,R Cingulate Gyrus (BA 24) Include: ACC (BA 32),R,179,180,A32p,CG_L(R)_7_3,0.3333,1,,,,,,,,,,,,,,,,,,,,,,,,,0.3333
cingulate motor,1,1,2,1.24,2,Cingulate Motor,U,67,68,A4ll,PCL_L(R)_2_2,0.75,1,,,,,,,,,,,,,,,,,,,,,,,,,0.75
cingulate sulc,1,1,7,1.44,2,Cingulate Sulc,U,11,12,A9m,SFG_L(R)_7_6,0.3333,1,,,,,,,,,,,,,,,,,,,,,,,,,0.3333
cingulum ba 31,1,1,7,1.44,2,Right cingulum (BA 31),R,185,186,A23c,CG_L(R)_7_6,0.3333,1,,,,,,,,,,,,,,,,,,,,,,,,,0.3333
cingulum mid 24,1,1,7,1.44,2,Cingulum_Mid (24),U,11,12,A9m,SFG_L(R)_7_6,0.3333,1,,,,,,,,,,,,,,,,,,,,,,,,,0.3333
rvcs,1,1,6,1.44,2,rVCS,U,53,54,A4hf,PrG_L(R)_6_1,0.375,1,,,,,,,,,,,,,,,,,,,,,,,,,0.375
rvfc,1,1,6,1.44,2,rVFC,U,39,40,A44v,IFG_L(R)_6_6,0.375,1,,,,,,,,,,,,,,,,,,,,,,,,,0.375
rvstr,1,1,6,1.44,2,rvSTR,U,223,224,NAC,BG_L(R)_6_3,0.375,1,,,,,,,,,,,,,,,,,,,,,,,,,0.375
s i,1,1,4,1.41,2,S I,U,161,162,A1/2/3tru,PoG_L(R)_4_4,0.5,1,,,,,,,,,,,,,,,,,,,,,,,,,0.5
s1 1 2 3,1,1,4,1.41,2,"S1 (1,2,3)",U,159,160,A2,PoG_L(R)_4_3,0.5,1,,,,,,,,,,,,,,,,,,,,,,,,,0.5
s1 hand 3,1,1,4,1.41,2,R S1 hand (3) *,R,155,156,A1/2/3ulhf,PoG_L(R)_4_1,0.5,1,,,,,,,,,,,,,,,,,,,,,,,,,0.5
s1damh,1,1,4,1.41,2,S1damH,U,159,160,A2,PoG_L(R)_4_3,0.5,1,,,,,,,,,,,,,,,,,,,,,,,,,0.5
cingulate gyrus 1997,1,1,7,1.44,2,Cingulate gyrus*1997,U,177,178,A24rv,CG_L(R)_7_2,0.3333,1,,,,,,,,,,,,,,,,,,,,,,,,,0.3333
rsts,1,1,4,1.41,2,RSTS,U,87,88,aSTS,MTG_L(R)_4_4,0.5,1,,,,,,,,,,,,,,,,,,,,,,,,,0.5
rtemp,1,1,4,1.41,2,rTEMP,U,81,82,A21c,MTG_L(R)_4_1,0.5,1,,,,,,,,,,,,,,,,,,,,,,,,,0.5
rtha,1,1,8,1.44,2,rTha,U,235,236,Stha,Tha_L(R)_8_3,0.3,1,,,,,,,,,,,,,,,,,,,,,,,,,0.3
rtpj 40,1,1,6,1.44,2,RTPJ(40),U,143,144,A39rv,IPL_L(R)_6_5,0.375,1,,,,,,,,,,,,,,,,,,,,,,,,,0.375
rv1 v2,1,1,5,1.44,2,rV1-V2,U,191,192,rCunG,MVOcC_L(R)_5_2,0.4286,1,,,,,,,,,,,,,,,,,,,,,,,,,0.4286
rv3a,1,1,6,1.44,2,rV3A,U,207,208,msOccG,LOcC_L(R)_2_1,0.375,1,,,,,,,,,,,,,,,,,,,,,,,,,0.375
rv3b,1,1,6,1.44,2,rV3B,U,205,206,iOccG,LOcC_L(R)_4_4,0.375,1,,,,,,,,,,,,,,,,,,,,,,,,,0.375
rv4 vp,1,1,5,1.44,2,rV4-VP,U,195,196,rLinG,MVOcC_L(R)_5_4,0.4286,1,,,,,,,,,,,,,,,,,,,,,,,,,0.4286
rpfc,1,1,7,1.44,2,RPFC,U,15,16,A9/46d,MFG_L(R)_7_1,0.3333,1,,,,,,,,,,,,,,,,,,,,,,,,,0.3333
rpips,1,1,5,1.44,2,rpIPS,U,127,128,A7c,SPL_L(R)_5_2,0.4286,1,,,,,,,,,,,,,,,,,,,,,,,,,0.4286
rpmtg,1,1,6,1.44,2,RpMTG,U,135,136,A39c,IPL_L(R)_6_1,0.375,1,,,,,,,,,,,,,,,,,,,,,,,,,0.375
rppc,1,1,6,1.44,2,rPPC,U,137,138,A39rd,IPL_L(R)_6_2,0.375,1,,,,,,,,,,,,,,,,,,,,,,,,,0.375
rsfg,1,1,7,1.44,2,rSFg,U,5,6,A9l,SFG_L(R)_7_3,0.3333,1,,,,,,,,,,,,,,,,,,,,,,,,,0.3333
rsloc,1,1,5,1.44,2,RSLOC,U,127,128,A7c,SPL_L(R)_5_2,0.4286,1,,,,,,,,,,,,,,,,,,,,,,,,,0.4286
rsmg,1,1,5,1.44,2,RSMG,U,129,130,A5l,SPL_L(R)_5_3,0.4286,1,,,,,,,,,,,,,,,,,,,,,,,,,0.4286
rstg and insula,1,1,6,1.44,2,RSTG & insula,U,61,62,A4tl,PrG_L(R)_6_5,0.375,1,,,,,,,,,,,,,,,,,,,,,,,,,0.375
sfj,1,1,6,1.44,2,L SFJ,L,55,56,A6cdl,PrG_L(R)_6_2,0.375,1,,,,,,,,,,,,,,,,,,,,,,,,,0.375
sfrg,1,1,7,1.44,2,SFrG,U,15,16,A9/46d,MFG_L(R)_7_1,0.3333,1,,,,,,,,,,,,,,,,,,,,,,,,,0.3333
sii ba 40,1,1,2,1.24,2,SII (BA40),U,121,122,rpSTS,pSTS_L(R)_2_1,0.75,1,,,,,,,,,,,,,,,,,,,,,,,,,0.75
sii la,1,1,4,1.41,2,SII La,U,157,158,A1/2/3tonIa,PoG_L(R)_4_2,0.5,1,,,,,,,,,,,,,,,,,,,,,,,,,0.5
sips,1,1,5,1.44,2,sIPS,U,127,128,A7c,SPL_L(R)_5_2,0.4286,1,,,,,,,,,,,,,,,,,,,,,,,,,0.4286
slf,1,1,7,1.44,2,SLF,U,15,16,A9/46d,MFG_L(R)_7_1,0.3333,1,,,,,,,,,,,,,,,,,,,,,,,,,0.3333
sma ba 5,1,1,5,1.44,2,r-SMA (BA5),R,131,132,A7pc,SPL_L(R)_5_4,0.4286,1,,,,,,,,,,,,,,,,,,,,,,,,,0.4286
sma premotor,1,1,7,1.44,2,L—SMA—Premotor,L,7,8,A6dl,SFG_L(R)_7_4,0.3333,1,,,,,,,,,,,,,,,,,,,,,,,,,0.3333
sfc ba 6,1,1,6,1.44,2,Right SFC (BA6),R,221,222,GP,BG_L(R)_6_2,0.375,1,,,,,,,,,,,,,,,,,,,,,,,,,0.375
sfg 6,1,1,7,1.44,2,SFG (6),U,7,8,A6dl,SFG_L(R)_7_4,0.3333,1,,,,,,,,,,,,,,,,,,,,,,,,,0.3333
sfg 9,1,1,7,1.44,2,rt SFG (9),R,5,6,A9l,SFG_L(R)_7_3,0.3333,1,,,,,,,,,,,,,,,,,,,,,,,,,0.3333
sfg ba 6,1,1,6,1.44,2,R SFG (BA 6),R,225,226,vmPu,BG_L(R)_6_4,0.375,1,,,,,,,,,,,,,,,,,,,,,,,,,0.375
sfg ba 6 8,1,1,6,1.44,2,R SFG (BA 6/8),R,219,220,vCa,BG_L(R)_6_1,0.375,1,,,,,,,,,,,,,,,,,,,,,,,,,0.375
sfg ba 8,1,1,7,1.44,2,R SFG (BA 8),R,5,6,A9l,SFG_L(R)_7_3,0.3333,1,,,,,,,,,,,,,,,,,,,,,,,,,0.3333
sfg ba 9,1,1,7,1.44,2,L SFG (BA9),L,187,188,A32sg,CG_L(R)_7_7,0.3333,1,,,,,,,,,,,,,,,,,,,,,,,,,0.3333
sfg4,1,1,7,1.44,2,SFG4,U,3,4,A8dl,SFG_L(R)_7_2,0.3333,1,,,,,,,,,,,,,,,,,,,,,,,,,0.3333
secondary somatosensory,1,1,6,1.44,2,Secondary somatosensory,U,39,40,A44v,IFG_L(R)_6_6,0.375,1,,,,,,,,,,,,,,,,,,,,,,,,,0.375
sef sphere,1,1,7,1.44,2,SEF_sphere,U,9,10,A6m,SFG_L(R)_7_5,0.3333,1,,,,,,,,,,,,,,,,,,,,,,,,,0.3333
sensorimotor network,1,1,7,1.44,2,Sensorimotor network (M1),U,23,24,A8vl,MFG_L(R)_7_5,0.3333,1,,,,,,,,,,,,,,,,,,,,,,,,,0.3333
sensorimotor region,1,1,4,1.41,2,Sensorimotor region,U,149,150,A5m,PCun_L(R)_4_2,0.5,1,,,,,,,,,,,,,,,,,,,,,,,,,0.5
sensory association cortex,1,1,5,1.44,2,Sensory association cortex,U,125,126,A7r,SPL_L(R)_5_1,0.4286,1,,,,,,,,,,,,,,,,,,,,,,,,,0.4286
septal,1,1,7,1.44,2,Septal,U,187,188,A32sg,CG_L(R)_7_7,0.3333,1,,,,,,,,,,,,,,,,,,,,,,,,,0.3333
septal area,1,1,8,1.44,2,Septal area,U,237,238,rTtha,Tha_L(R)_8_4,0.3,1,,,,,,,,,,,,,,,,,,,,,,,,,0.3
septal part of nucleus accumbens,1,1,6,1.44,2,Septal part of nucleus accumbens,U,223,224,NAC,BG_L(R)_6_3,0.375,1,,,,,,,,,,,,,,,,,,,,,,,,,0.375
cluster 2,1,1,6,1.44,2,Cluster 2,U,219,220,vCa,BG_L(R)_6_1,0.375,1,,,,,,,,,,,,,,,,,,,,,,,,,0.375
cluster 3,1,1,6,1.44,2,Cluster 3,U,227,228,dCa,BG_L(R)_6_5,0.375,1,,,,,,,,,,,,,,,,,,,,,,,,,0.375
cluster 4,1,1,8,1.44,2,Cluster 4,U,231,232,mPFtha,Tha_L(R)_8_1,0.3,1,,,,,,,,,,,,,,,,,,,,,,,,,0.3
s1undamh,1,1,5,1.44,2,S1undamh,U,129,130,A5l,SPL_L(R)_5_3,0.4286,1,,,,,,,,,,,,,,,,,,,,,,,,,0.4286
s2 cl,1,1,6,1.44,2,S2 cl,U,61,62,A4tl,PrG_L(R)_6_5,0.375,1,,,,,,,,,,,,,,,,,,,,,,,,,0.375
sacc,1,1,7,1.44,2,sACC,U,187,188,A32sg,CG_L(R)_7_7,0.3333,1,,,,,,,,,,,,,,,,,,,,,,,,,0.3333
secondary auditory cortex,1,1,6,1.44,2,Left secondary auditory cortex,L,71,72,A41/42,STG_L(R)_6_2,0.375,1,,,,,,,,,,,,,,,,,,,,,,,,,0.375
secondary olfactory area,1,1,6,1.44,2,Secondary olfactory areas,U,163,164,G,INS_L(R)_6_1,0.375,1,,,,,,,,,,,,,,,,,,,,,,,,,0.375
cingulate 24,1,1,7,1.44,2,L Cingulate (24),L,9,10,A6m,SFG_L(R)_7_5,0.3333,1,,,,,,,,,,,,,,,,,,,,,,,,,0.3333
cingulate anterior dorsal,1,1,7,1.44,2,Cingulate anterior dorsal R,R,1,2,A8m,SFG_L(R)_7_1,0.3333,1,,,,,,,,,,,,,,,,,,,,,,,,,0.3333
cingulate area,1,1,7,1.44,2,Cingulate area (L),L,1,2,A8m,SFG_L(R)_7_1,0.3333,1,,,,,,,,,,,,,,,,,,,,,,,,,0.3333
cingulate ba 23,1,1,7,1.44,2,L. cingulate (BA 23),L,175,176,A23d,CG_L(R)_7_1,0.3333,1,,,,,,,,,,,,,,,,,,,,,,,,,0.3333
cingulate ba 31,1,1,7,1.44,2,L cingulate (BA 31),L,175,176,A23d,CG_L(R)_7_1,0.3333,1,,,,,,,,,,,,,,,,,,,,,,,,,0.3333
cingulate ba 32,1,1,6,1.44,2,RH cingulate (BA 32),R,227,228,dCa,BG_L(R)_6_5,0.375,1,,,,,,,,,,,,,,,,,,,,,,,,,0.375
cingulate g ba 24,1,1,7,1.44,2,L Cingulate G BA 24,LR,177,178,A24rv,CG_L(R)_7_2,0.3333,1,,,,,,,,,,,,,,,,,,,,,,,,,0.3333
cingulate g ba 31,1,1,7,1.44,2,Cingulate G. (BA 31),U,175,176,A23d,CG_L(R)_7_1,0.3333,1,,,,,,,,,,,,,,,,,,,,,,,,,0.3333
cerebelum,1,1,5,1.44,2,L Cerebelum (VI),L,195,196,rLinG,MVOcC_L(R)_5_4,0.4286,1,,,,,,,,,,,,,,,,,,,,,,,,,0.4286
cerebelum 4 5,1,1,5,1.44,2,L Cerebelum_4_5,LR,195,196,rLinG,MVOcC_L(R)_5_4,0.4286,1,,,,,,,,,,,,,,,,,,,,,,,,,0.4286
cerebral peduncle,1,1,2,1.24,2,Cerebral peduncle (L),L,215,216,rHipp,Hipp_L(R)_2_1,0.75,1,,,,,,,,,,,,,,,,,,,,,,,,,0.75
cerebrum sub lobar,1,1,6,1.44,2,Right cerebrum sub-lobar,R,221,222,GP,BG_L(R)_6_2,0.375,1,,,,,,,,,,,,,,,,,,,,,,,,,0.375
cg ba 24,1,1,7,1.44,2,R CG (BA 24),R,177,178,A24rv,CG_L(R)_7_2,0.3333,1,,,,,,,,,,,,,,,,,,,,,,,,,0.3333
cing gyi,1,1,7,1.44,2,Cing GyI,U,175,176,A23d,CG_L(R)_7_1,0.3333,1,,,,,,,,,,,,,,,,,,,,,,,,,0.3333
cing gyu,1,1,7,1.44,2,Cing GyU,U,185,186,A23c,CG_L(R)_7_6,0.3333,1,,,,,,,,,,,,,,,,,,,,,,,,,0.3333
cingular,1,1,6,1.44,2,Cingular,U,227,228,dCa,BG_L(R)_6_5,0.375,1,,,,,,,,,,,,,,,,,,,,,,,,,0.375
somato motor cortex,1,1,6,1.44,2,Somato-motor cortex (SVC),U,53,54,A4hf,PrG_L(R)_6_1,0.375,1,,,,,,,,,,,,,,,,,,,,,,,,,0.375
somatomotor cortex,1,1,6,1.44,2,Somatomotor cortex,U,55,56,A6cdl,PrG_L(R)_6_2,0.375,1,,,,,,,,,,,,,,,,,,,,,,,,,0.375
somatosensorial 1,1,1,4,1.41,2,Somatosensorial 1,U,159,160,A2,PoG_L(R)_4_3,0.5,1,,,,,,,,,,,,,,,,,,,,,,,,,0.5
cerebellum lobule viibs,1,1,5,1.44,2,Cerebellum lobule VIIbs,U,191,192,rCunG,MVOcC_L(R)_5_2,0.4286,1,,,,,,,,,,,,,,,,,,,,,,,,,0.4286
cerebellum vi,1,1,7,1.44,2,Cerebellum VI R,R,15,16,A9/46d,MFG_L(R)_7_1,0.3333,1,,,,,,,,,,,,,,,,,,,,,,,,,0.3333
cerebellum viib,1,1,7,1.44,2,Cerebellum VIIB R,R,15,16,A9/46d,MFG_L(R)_7_1,0.3333,1,,,,,,,,,,,,,,,,,,,,,,,,,0.3333
cerebellum viiia,1,1,5,1.44,2,Cerebellum VIIIa,U,197,198,vmPOS,MVOcC_L(R)_5_5,0.4286,1,,,,,,,,,,,,,,,,,,,,,,,,,0.4286
cerebellum viiib,1,1,5,1.44,2,Cerebellum VIIIb,U,197,198,vmPOS,MVOcC_L(R)_5_5,0.4286,1,,,,,,,,,,,,,,,,,,,,,,,,,0.4286
smadamh,1,1,2,1.24,2,SMAdamH,U,67,68,A4ll,PCL_L(R)_2_2,0.75,1,,,,,,,,,,,,,,,,,,,,,,,,,0.75
smaundamh,1,1,2,1.24,2,SMAundamh,U,67,68,A4ll,PCL_L(R)_2_2,0.75,1,,,,,,,,,,,,,,,,,,,,,,,,,0.75
smg ba 40,1,1,6,1.44,2,SMG (BA 40),U,141,142,A40c,IPL_L(R)_6_4,0.375,1,,,,,,,,,,,,,,,,,,,,,,,,,0.375
smg ba 42,1,1,2,1.24,2,SMG (BA42),U,121,122,rpSTS,pSTS_L(R)_2_1,0.75,1,,,,,,,,,,,,,,,,,,,,,,,,,0.75
smg d,1,1,6,1.44,2,SMG-d,U,139,140,A40rd,IPL_L(R)_6_3,0.375,1,,,,,,,,,,,,,,,,,,,,,,,,,0.375
smg stg,1,1,6,1.44,2,l. SMG+STG,L,145,146,A40rv,IPL_L(R)_6_6,0.375,1,,,,,,,,,,,,,,,,,,,,,,,,,0.375
sofg,1,1,6,1.44,2,Right SOFG,R,219,220,vCa,BG_L(R)_6_1,0.375,1,,,,,,,,,,,,,,,,,,,,,,,,,0.375
sog 19,1,1,6,1.44,2,rt SOG (19),R,135,136,A39c,IPL_L(R)_6_1,0.375,1,,,,,,,,,,,,,,,,,,,,,,,,,0.375
stg 39,1,1,6,1.44,2,STG (39),U,143,144,A39rv,IPL_L(R)_6_5,0.375,1,,,,,,,,,,,,,,,,,,,,,,,,,0.375
stg ba 22 21,1,1,6,1.44,2,L. STG (BA 22/21),L,79,80,A22r,STG_L(R)_6_6,0.375,1,,,,,,,,,,,,,,,,,,,,,,,,,0.375
stp,1,1,6,1.44,2,STP,U,73,74,TE1.0 and TE1.2,STG_L(R)_6_3,0.375,1,,,,,,,,,,,,,,,,,,,,,,,,,0.375
str,1,1,8,1.44,2,Str,U,237,238,rTtha,Tha_L(R)_8_4,0.3,1,,,,,,,,,,,,,,,,,,,,,,,,,0.3
striate visual cortex,1,1,5,1.44,2,Striate Visual Cortex,U,195,196,rLinG,MVOcC_L(R)_5_4,0.4286,1,,,,,,,,,,,,,,,,,,,,,,,,,0.4286
sub gyral ba 10,1,1,6,1.44,2,R Sub-gyral (BA 10),R,35,36,A45r,IFG_L(R)_6_4,0.375,1,,,,,,,,,,,,,,,,,,,,,,,,,0.375
sub gyrus 6,1,1,7,1.44,2,Right sub-gyrus (6),R,25,26,A6vl,MFG_L(R)_7_6,0.3333,1,,,,,,,,,,,,,,,,,,,,,,,,,0.3333
sub lobar amygdala,1,1,6,1.44,2,L Sub-lobar Amygdala,LR,223,224,NAC,BG_L(R)_6_3,0.375,1,,,,,,,,,,,,,,,,,,,,,,,,,0.375
spl cl,1,1,5,1.44,2,SPL_CL,U,133,134,A7ip,SPL_L(R)_5_5,0.4286,1,,,,,,,,,,,,,,,,,,,,,,,,,0.4286
spl ext to stg,1,1,6,1.44,2,L SPL ext. to STG,L,137,138,A39rd,IPL_L(R)_6_2,0.375,1,,,,,,,,,,,,,,,,,,,,,,,,,0.375
spl3,1,1,5,1.44,2,SPL3,U,133,134,A7ip,SPL_L(R)_5_5,0.4286,1,,,,,,,,,,,,,,,,,,,,,,,,,0.4286
spl7p,1,1,5,1.44,2,SPL7P,U,127,128,A7c,SPL_L(R)_5_2,0.4286,1,,,,,,,,,,,,,,,,,,,,,,,,,0.4286
sps,1,1,6,1.44,2,Right SPS **,R,55,56,A6cdl,PrG_L(R)_6_2,0.375,1,,,,,,,,,,,,,,,,,,,,,,,,,0.375
stg 1,1,1,6,1.44,2,STG 1,U,71,72,A41/42,STG_L(R)_6_2,0.375,1,,,,,,,,,,,,,,,,,,,,,,,,,0.375
stg 2,1,1,2,1.24,2,STG 2,U,121,122,rpSTS,pSTS_L(R)_2_1,0.75,1,,,,,,,,,,,,,,,,,,,,,,,,,0.75
stg 3,1,1,2,1.24,2,STG 3,U,123,124,cpSTS,pSTS_L(R)_2_2,0.75,1,,,,,,,,,,,,,,,,,,,,,,,,,0.75
cerebellum declive lobule vi,1,1,3,1.36,2,Right cerebellum declive lobule VI,R,105,106,A37mv,FuG_L(R)_3_2,0.6,1,,,,,,,,,,,,,,,,,,,,,,,,,0.6
cerebellum inferior semi lunar,1,1,5,1.44,2,Right cerebellum – inferior semi-lunar,R,191,192,rCunG,MVOcC_L(R)_5_2,0.4286,1,,,,,,,,,,,,,,,,,,,,,,,,,0.4286
cerebellum ix,1,1,7,1.44,2,Cerebellum IX,U,181,182,A23v,CG_L(R)_7_4,0.3333,1,,,,,,,,,,,,,,,,,,,,,,,,,0.3333
cerebellum lobule v,1,1,7,1.44,2,Cerebellum lobule V,U,5,6,A9l,SFG_L(R)_7_3,0.3333,1,,,,,,,,,,,,,,,,,,,,,,,,,0.3333
cerebellum lobule viia,1,1,6,1.44,2,L cerebellum lobule VIIa,L,205,206,iOccG,LOcC_L(R)_4_4,0.375,1,,,,,,,,,,,,,,,,,,,,,,,,,0.375
somatosensory association cortex and associative visual cortex,1,1,6,1.44,2,Somatosensory association cortex & associative visual cortex,U,199,200,mOccG,LOcC_L(R)_4_1,0.375,1,,,,,,,,,,,,,,,,,,,,,,,,,0.375
spc ba 7,1,1,5,1.44,2,Left SPC (BA7),L,197,198,vmPOS,MVOcC_L(R)_5_5,0.4286,1,,,,,,,,,,,,,,,,,,,,,,,,,0.4286
spl 7,1,1,5,1.44,2,SPL (7),U,133,134,A7ip,SPL_L(R)_5_5,0.4286,1,,,,,,,,,,,,,,,,,,,,,,,,,0.4286
cingulate grus,1,1,7,1.44,2,Cingulate grus,U,185,186,A23c,CG_L(R)_7_6,0.3333,1,,,,,,,,,,,,,,,,,,,,,,,,,0.3333
cerebellar lobule viii,1,1,8,1.44,2,Cerebellar lobule VIII L,L,237,238,rTtha,Tha_L(R)_8_4,0.3,1,,,,,,,,,,,,,,,,,,,,,,,,,0.3
cerebellum 10,1,1,2,1.24,2,Cerebellum 10,U,217,218,cHipp,Hipp_L(R)_2_2,0.75,1,,,,,,,,,,,,,,,,,,,,,,,,,0.75
cerebellum 7b,1,1,5,1.44,2,Cerebellum 7b,U,191,192,rCunG,MVOcC_L(R)_5_2,0.4286,1,,,,,,,,,,,,,,,,,,,,,,,,,0.4286
cerebellum crus,1,1,6,1.44,2,Left cerebellum crus,L,33,34,A45c,IFG_L(R)_6_3,0.375,1,,,,,,,,,,,,,,,,,,,,,,,,,0.375
cerebellum crus ii,1,1,6,1.44,2,Cerebellum crus II,U,201,202,V5/MT+,LOcC_L(R)_4_2,0.375,1,,,,,,,,,,,,,,,,,,,,,,,,,0.375
cerebellum crust i,1,1,3,1.36,2,L cerebellum crust I,L,107,108,A37lv,FuG_L(R)_3_3,0.6,1,,,,,,,,,,,,,,,,,,,,,,,,,0.6
cerebellum culmen lobule vi,1,1,3,1.36,2,Left cerebellum culmen lobule VI,L,105,106,A37mv,FuG_L(R)_3_2,0.6,1,,,,,,,,,,,,,,,,,,,,,,,,,0.6
cbl,1,1,5,1.44,2,L CBL,L,191,192,rCunG,MVOcC_L(R)_5_2,0.4286,1,,,,,,,,,,,,,,,,,,,,,,,,,0.4286
ccma,1,1,2,1.24,2,cCMA(L),L,67,68,A4ll,PCL_L(R)_2_2,0.75,1,,,,,,,,,,,,,,,,,,,,,,,,,0.75
central cortex,1,1,6,1.44,2,Central-cortex,U,61,62,A4tl,PrG_L(R)_6_5,0.375,1,,,,,,,,,,,,,,,,,,,,,,,,,0.375
central insula,1,1,6,1.44,2,Central insula,U,61,62,A4tl,PrG_L(R)_6_5,0.375,1,,,,,,,,,,,,,,,,,,,,,,,,,0.375
central occipital gyrus,1,1,6,1.44,2,Central occipital gyrus,U,135,136,A39c,IPL_L(R)_6_1,0.375,1,,,,,,,,,,,,,,,,,,,,,,,,,0.375
central oper cortex,1,1,4,1.41,2,Central Oper. Cortex,U,157,158,A1/2/3tonIa,PoG_L(R)_4_2,0.5,1,,,,,,,,,,,,,,,,,,,,,,,,,0.5
central opercularcortex,1,1,6,1.44,2,"central opercularcortex,",U,163,164,G,INS_L(R)_6_1,0.375,1,,,,,,,,,,,,,,,,,,,,,,,,,0.375
centrolateral prefrontal cortex,1,1,6,1.44,2,Centrolateral prefrontal cortex,U,31,32,IFS,IFG_L(R)_6_2,0.375,1,,,,,,,,,,,,,,,,,,,,,,,,,0.375
subgyral temporal,1,1,2,1.24,2,Right subgyral temporal,R,217,218,cHipp,Hipp_L(R)_2_2,0.75,1,,,,,,,,,,,,,,,,,,,,,,,,,0.75
caudal supplementary motor area,1,1,7,1.44,2,Caudal supplementary motor area (cSMA),U,9,10,A6m,SFG_L(R)_7_5,0.3333,1,,,,,,,,,,,,,,,,,,,,,,,,,0.3333
caudate2,1,1,6,1.44,2,Caudate2,U,227,228,dCa,BG_L(R)_6_5,0.375,1,,,,,,,,,,,,,,,,,,,,,,,,,0.375
caudateb,1,1,6,1.44,2,[7] L caudateb,L,227,228,dCa,BG_L(R)_6_5,0.375,1,,,,,,,,,,,,,,,,,,,,,,,,,0.375
caudateh,1,1,6,1.44,2,CaudateH,U,227,228,dCa,BG_L(R)_6_5,0.375,1,,,,,,,,,,,,,,,,,,,,,,,,,0.375
caudatel,1,1,6,1.44,2,CaudateL,U,227,228,dCa,BG_L(R)_6_5,0.375,1,,,,,,,,,,,,,,,,,,,,,,,,,0.375
caudaten,1,1,6,1.44,2,CaudateN,U,227,228,dCa,BG_L(R)_6_5,0.375,1,,,,,,,,,,,,,,,,,,,,,,,,,0.375
caudater,1,1,6,1.44,2,Caudater(R),R,219,220,vCa,BG_L(R)_6_1,0.375,1,,,,,,,,,,,,,,,,,,,,,,,,,0.375
subcortex white matter,1,1,4,1.41,2,Subcortex white matter,U,151,152,dmPOS,PCun_L(R)_4_3,0.5,1,,,,,,,,,,,,,,,,,,,,,,,,,0.5
subcortical ifg,1,1,6,1.44,2,Right subcortical IFG,R,229,230,dlPu,BG_L(R)_6_6,0.375,1,,,,,,,,,,,,,,,,,,,,,,,,,0.375
subgenual acc ba 25,1,1,6,1.44,2,2Subgenual ACC (BA 25),U,223,224,NAC,BG_L(R)_6_3,0.375,1,,,,,,,,,,,,,,,,,,,,,,,,,0.375
subgenual cortex,1,1,6,1.44,2,Subgenual cortex,U,223,224,NAC,BG_L(R)_6_3,0.375,1,,,,,,,,,,,,,,,,,,,,,,,,,0.375
subgenual prefrontal cortex,1,1,6,1.44,2,Right subgenual prefrontal cortex,R,227,228,dCa,BG_L(R)_6_5,0.375,1,,,,,,,,,,,,,,,,,,,,,,,,,0.375
subgenual vmpfc,1,1,6,1.44,2,Subgenual vMPFC,U,223,224,NAC,BG_L(R)_6_3,0.375,1,,,,,,,,,,,,,,,,,,,,,,,,,0.375
subgyral,1,1,3,1.36,2,R subgyral,R,107,108,A37lv,FuG_L(R)_3_3,0.6,1,,,,,,,,,,,,,,,,,,,,,,,,,0.6
subgyral grey matter 37,1,1,4,1.41,2,L subgyral grey matter (37),L,85,86,A37dl,MTG_L(R)_4_3,0.5,1,,,,,,,,,,,,,,,,,,,,,,,,,0.5
sub lobar caudate,1,1,6,1.44,2,Left sub-lobar caudate,L,227,228,dCa,BG_L(R)_6_5,0.375,1,,,,,,,,,,,,,,,,,,,,,,,,,0.375
subacc,1,1,7,1.44,2,SubACC,U,187,188,A32sg,CG_L(R)_7_7,0.3333,1,,,,,,,,,,,,,,,,,,,,,,,,,0.3333
subcallosal cingulate,1,1,6,1.44,2,Subcallosal cingulate,U,41,42,A14m,OrG_L(R)_6_1,0.375,1,,,,,,,,,,,,,,,,,,,,,,,,,0.375
subcallosal gyrus 34,1,1,6,1.44,2,Subcallosal gyrus (34),U,225,226,vmPu,BG_L(R)_6_4,0.375,1,,,,,,,,,,,,,,,,,,,,,,,,,0.375
subcallosal gyrus wm,1,1,6,1.44,2,L-subcallosal gyrus WM,L,223,224,NAC,BG_L(R)_6_3,0.375,1,,,,,,,,,,,,,,,,,,,,,,,,,0.375
subcc,1,1,6,1.44,2,SUBCC,U,49,50,A13,OrG_L(R)_6_5,0.375,1,,,,,,,,,,,,,,,,,,,,,,,,,0.375
subcentral gyrus,1,1,6,1.44,2,Subcentral gyrus???,U,73,74,TE1.0 and TE1.2,STG_L(R)_6_3,0.375,1,,,,,,,,,,,,,,,,,,,,,,,,,0.375
subcentral gyrusb,1,1,6,1.44,2,Subcentral gyrusb,U,73,74,TE1.0 and TE1.2,STG_L(R)_6_3,0.375,1,,,,,,,,,,,,,,,,,,,,,,,,,0.375
sup lateral occipital cortex,1,1,5,1.44,2,Sup. lateral occipital cortex,U,127,128,A7c,SPL_L(R)_5_2,0.4286,1,,,,,,,,,,,,,,,,,,,,,,,,,0.4286
sup medial frontal gyrus,1,1,7,1.44,2,L sup. medial frontal gyrus,L,11,12,A9m,SFG_L(R)_7_6,0.3333,1,,,,,,,,,,,,,,,,,,,,,,,,,0.3333
sup par,1,1,6,1.44,2,Sup. par.,U,137,138,A39rd,IPL_L(R)_6_2,0.375,1,,,,,,,,,,,,,,,,,,,,,,,,,0.375
sup par lobule,1,1,6,1.44,2,Sup Par Lobule???,U,137,138,A39rd,IPL_L(R)_6_2,0.375,1,,,,,,,,,,,,,,,,,,,,,,,,,0.375
sup par lobulek,1,1,6,1.44,2,Sup Par LobuleK,U,137,138,A39rd,IPL_L(R)_6_2,0.375,1,,,,,,,,,,,,,,,,,,,,,,,,,0.375
sup parietal lobe,1,1,6,1.44,2,L sup parietal lobe,LR,139,140,A40rd,IPL_L(R)_6_3,0.375,1,,,,,,,,,,,,,,,,,,,,,,,,,0.375
sup temp,1,1,3,1.36,2,R sup temp,R,107,108,A37lv,FuG_L(R)_3_3,0.6,1,,,,,,,,,,,,,,,,,,,,,,,,,0.6
sup temp g,1,1,4,1.41,2,Sup. Temp. G,U,85,86,A37dl,MTG_L(R)_4_3,0.5,1,,,,,,,,,,,,,,,,,,,,,,,,,0.5
sup fr gyl,1,1,7,1.44,2,Sup Fr GyL,U,21,22,A9/46v,MFG_L(R)_7_4,0.3333,1,,,,,,,,,,,,,,,,,,,,,,,,,0.3333
sup fr gyo,1,1,7,1.44,2,Sup Fr GyO,U,3,4,A8dl,SFG_L(R)_7_2,0.3333,1,,,,,,,,,,,,,,,,,,,,,,,,,0.3333
sup front,1,1,7,1.44,2,Sup. Front.,U,3,4,A8dl,SFG_L(R)_7_2,0.3333,1,,,,,,,,,,,,,,,,,,,,,,,,,0.3333
sup front gyrus,1,1,6,1.44,2,Sup. Front Gyrus,U,59,60,A4t,PrG_L(R)_6_4,0.375,1,,,,,,,,,,,,,,,,,,,,,,,,,0.375
sup frontal g 1,1,1,7,1.44,2,L sup frontal g (1),L,3,4,A8dl,SFG_L(R)_7_2,0.3333,1,,,,,,,,,,,,,,,,,,,,,,,,,0.3333
sup frontal g 2,1,1,7,1.44,2,L sup frontal g (2),L,5,6,A9l,SFG_L(R)_7_3,0.3333,1,,,,,,,,,,,,,,,,,,,,,,,,,0.3333
sup frontal med gyrus,1,1,7,1.44,2,Sup. frontal med. gyrus,U,11,12,A9m,SFG_L(R)_7_6,0.3333,1,,,,,,,,,,,,,,,,,,,,,,,,,0.3333
sup frontal sulcus,1,1,6,1.44,2,Sup. frontal sulcus L,L,111,112,A35/36c,PhG_L(R)_6_2,0.375,1,,,,,,,,,,,,,,,,,,,,,,,,,0.375
subthamic nucleus,1,1,8,1.44,2,L subthamic nucleus,L,245,246,lPFtha,Tha_L(R)_8_8,0.3,1,,,,,,,,,,,,,,,,,,,,,,,,,0.3
sulcus intermedius primus of jensen,1,1,6,1.44,2,Sulcus intermedius primus of Jensen,U,141,142,A40c,IPL_L(R)_6_4,0.375,1,,,,,,,,,,,,,,,,,,,,,,,,,0.375
sup and mid fr gy,1,1,7,1.44,2,Sup & Mid Fr Gy,U,21,22,A9/46v,MFG_L(R)_7_4,0.3333,1,,,,,,,,,,,,,,,,,,,,,,,,,0.3333
sup and mid temporal,1,1,6,1.44,2,Sup & mid temporal,U,141,142,A40c,IPL_L(R)_6_4,0.375,1,,,,,,,,,,,,,,,,,,,,,,,,,0.375
sup fr gy g,1,1,7,1.44,2,Sup Fr Gy (Pre-SMA)G,U,1,2,A8m,SFG_L(R)_7_1,0.3333,1,,,,,,,,,,,,,,,,,,,,,,,,,0.3333
sup fr gy o,1,1,7,1.44,2,Sup Fr Gy (Pre-SMA)O,U,7,8,A6dl,SFG_L(R)_7_4,0.3333,1,,,,,,,,,,,,,,,,,,,,,,,,,0.3333
sup fr gy p,1,1,6,1.44,2,Sup Fr Gy (Pre-SMA)P,U,59,60,A4t,PrG_L(R)_6_4,0.375,1,,,,,,,,,,,,,,,,,,,,,,,,,0.375
sup fr gye,1,1,7,1.44,2,Sup Fr GyE,U,1,2,A8m,SFG_L(R)_7_1,0.3333,1,,,,,,,,,,,,,,,,,,,,,,,,,0.3333
centromedial amygdala,1,1,6,1.44,2,R centromedial amygdala,R,229,230,dlPu,BG_L(R)_6_6,0.375,1,,,,,,,,,,,,,,,,,,,,,,,,,0.375
cer,1,1,3,1.36,2,Right CER,R,105,106,A37mv,FuG_L(R)_3_2,0.6,1,,,,,,,,,,,,,,,,,,,,,,,,,0.6
cerbellum,1,1,5,1.44,2,Left cerbellum,L,189,190,cLinG,MVOcC_L(R)_5_1,0.4286,1,,,,,,,,,,,,,,,,,,,,,,,,,0.4286
cerebellar crus ii,1,1,2,1.24,2,Cerebellar crus II L,L,215,216,rHipp,Hipp_L(R)_2_1,0.75,1,,,,,,,,,,,,,,,,,,,,,,,,,0.75
cerebellar culmen,1,1,3,1.36,2,L cerebellar culmen,L,105,106,A37mv,FuG_L(R)_3_2,0.6,1,,,,,,,,,,,,,,,,,,,,,,,,,0.6
subiculum,1,1,8,1.44,2,Subiculum,U,235,236,Stha,Tha_L(R)_8_3,0.3,1,,,,,,,,,,,,,,,,,,,,,,,,,0.3
sublobar insula,1,1,6,1.44,2,R. sublobar insula,R,73,74,TE1.0 and TE1.2,STG_L(R)_6_3,0.375,1,,,,,,,,,,,,,,,,,,,,,,,,,0.375
sublobular,1,1,6,1.44,2,Sublobular,U,227,228,dCa,BG_L(R)_6_5,0.375,1,,,,,,,,,,,,,,,,,,,,,,,,,0.375
caudal acc,1,1,7,1.44,2,Caudal ACC,U,177,178,A24rv,CG_L(R)_7_2,0.3333,1,,,,,,,,,,,,,,,,,,,,,,,,,0.3333
caudal cuneus and calcarine sulcus,1,1,6,1.44,2,Caudal cuneus and calcarine sulcus,U,203,204,OPC,LOcC_L(R)_4_3,0.375,1,,,,,,,,,,,,,,,,,,,,,,,,,0.375
caudal dlpfc,1,1,7,1.44,2,R caudal dlPFC,R,7,8,A6dl,SFG_L(R)_7_4,0.3333,1,,,,,,,,,,,,,,,,,,,,,,,,,0.3333
caudal fusiform gyrus and inferior occipital sulcus,1,1,6,1.44,2,Caudal fusiform gyrus and inferior occipital sulcus,U,205,206,iOccG,LOcC_L(R)_4_4,0.375,1,,,,,,,,,,,,,,,,,,,,,,,,,0.375
caudal intraparietal sulcus,1,1,6,1.44,2,Left Caudal Intraparietal Sulcus (cIPS),L,139,140,A40rd,IPL_L(R)_6_3,0.375,1,,,,,,,,,,,,,,,,,,,,,,,,,0.375
caudal premotor area,1,1,7,1.44,2,Caudal premotor area,U,7,8,A6dl,SFG_L(R)_7_4,0.3333,1,,,,,,,,,,,,,,,,,,,,,,,,,0.3333
superior and middle frontal gyrus 11,1,1,6,1.44,2,Right superior and middle frontal gyrus (11),R,45,46,A11l,OrG_L(R)_6_3,0.375,1,,,,,,,,,,,,,,,,,,,,,,,,,0.375
superior and middle temporal gyrus 21,1,1,6,1.44,2,L superior and middle temporal gyri (21),L,75,76,A22c,STG_L(R)_6_4,0.375,1,,,,,,,,,,,,,,,,,,,,,,,,,0.375
calcarine cortex ba 19,1,1,5,1.44,2,Left calcarine cortex (BA19),L,197,198,vmPOS,MVOcC_L(R)_5_5,0.4286,1,,,,,,,,,,,,,,,,,,,,,,,,,0.4286
calcarine fissure andsurrounding cortex,1,1,5,1.44,2,Left calcarine fissure andsurrounding cortex,LR,191,192,rCunG,MVOcC_L(R)_5_2,0.4286,1,,,,,,,,,,,,,,,,,,,,,,,,,0.4286
calcarine gyrus ba 19,1,1,5,1.44,2,Left Calcarine gyrus (BA 19)*,L,197,198,vmPOS,MVOcC_L(R)_5_5,0.4286,1,,,,,,,,,,,,,,,,,,,,,,,,,0.4286
calcarine region,1,1,4,1.41,2,L calcarine region,L,151,152,dmPOS,PCun_L(R)_4_3,0.5,1,,,,,,,,,,,,,,,,,,,,,,,,,0.5
calcarine sulcus and lingual gyrus,1,1,6,1.44,2,Calcarine sulcus and lingual gyrus,U,205,206,iOccG,LOcC_L(R)_4_4,0.375,1,,,,,,,,,,,,,,,,,,,,,,,,,0.375
calcarinea,1,1,5,1.44,2,Right calcarinea,R,197,198,vmPOS,MVOcC_L(R)_5_5,0.4286,1,,,,,,,,,,,,,,,,,,,,,,,,,0.4286
callosal body,1,1,2,1.24,2,Callosal body,U,217,218,cHipp,Hipp_L(R)_2_2,0.75,1,,,,,,,,,,,,,,,,,,,,,,,,,0.75
canterior cingulate,1,1,7,1.44,2,cAnterior cingulate,U,187,188,A32sg,CG_L(R)_7_7,0.3333,1,,,,,,,,,,,,,,,,,,,,,,,,,0.3333
superior and inferior parietal,1,1,5,1.44,2,Superior & inferior parietal,U,127,128,A7c,SPL_L(R)_5_2,0.4286,1,,,,,,,,,,,,,,,,,,,,,,,,,0.4286
superior and inferior parietal sulcus,1,1,6,1.44,2,Superior and inferior parietal sulcus,U,209,210,lsOccG,LOcC_L(R)_2_2,0.375,1,,,,,,,,,,,,,,,,,,,,,,,,,0.375
superior and middle,1,1,6,1.44,2,L superior and middle,L,203,204,OPC,LOcC_L(R)_4_3,0.375,1,,,,,,,,,,,,,,,,,,,,,,,,,0.375
cacc,1,1,7,1.44,2,cACC,U,1,2,A8m,SFG_L(R)_7_1,0.3333,1,,,,,,,,,,,,,,,,,,,,,,,,,0.3333
calcar,1,1,5,1.44,2,R Calcar,R,197,198,vmPOS,MVOcC_L(R)_5_5,0.4286,1,,,,,,,,,,,,,,,,,,,,,,,,,0.4286
calcarine 18,1,1,6,1.44,2,Calcarine_L (18),L,203,204,OPC,LOcC_L(R)_4_3,0.375,1,,,,,,,,,,,,,,,,,,,,,,,,,0.375
calcarine 3,1,1,6,1.44,2,Calcarine R 3,R,227,228,dCa,BG_L(R)_6_5,0.375,1,,,,,,,,,,,,,,,,,,,,,,,,,0.375
calcarine cortex ba 17,1,1,5,1.44,2,Left calcarine cortex (BA17),L,197,198,vmPOS,MVOcC_L(R)_5_5,0.4286,1,,,,,,,,,,,,,,,,,,,,,,,,,0.4286
sup temp gym,1,1,6,1.44,2,Sup Temp GyM,U,69,70,A38m,STG_L(R)_6_1,0.375,1,,,,,,,,,,,,,,,,,,,,,,,,,0.375
sup temp gyq,1,1,6,1.44,2,Sup Temp GyQ,U,69,70,A38m,STG_L(R)_6_1,0.375,1,,,,,,,,,,,,,,,,,,,,,,,,,0.375
sup temp gyrus,1,1,6,1.44,2,Right Sup Temp Gyrus,R,145,146,A40rv,IPL_L(R)_6_6,0.375,1,,,,,,,,,,,,,,,,,,,,,,,,,0.375
sup temporal g,1,1,6,1.44,2,R. Sup. temporal G.,R,73,74,TE1.0 and TE1.2,STG_L(R)_6_3,0.375,1,,,,,,,,,,,,,,,,,,,,,,,,,0.375
sup temporal gyrusb,1,1,6,1.44,2,Sup. temporal gyrusb,U,79,80,A22r,STG_L(R)_6_6,0.375,1,,,,,,,,,,,,,,,,,,,,,,,,,0.375
sup temporal sulcus,1,1,2,1.24,2,Sup. temporal sulcus,U,121,122,rpSTS,pSTS_L(R)_2_1,0.75,1,,,,,,,,,,,,,,,,,,,,,,,,,0.75
sup tp,1,1,6,1.44,2,R Sup Tp,R,61,62,A4tl,PrG_L(R)_6_5,0.375,1,,,,,,,,,,,,,,,,,,,,,,,,,0.375
super marginal gyrus,1,1,6,1.44,2,super marginal gyrus,U,141,142,A40c,IPL_L(R)_6_4,0.375,1,,,,,,,,,,,,,,,,,,,,,,,,,0.375
body of the corpus callosum,1,1,8,1.44,2,Body of the corpus callosum,U,231,232,mPFtha,Tha_L(R)_8_1,0.3,1,,,,,,,,,,,,,,,,,,,,,,,,,0.3
broca s area,1,1,6,1.44,2,Broca׳s area,U,37,38,A44op,IFG_L(R)_6_5,0.375,1,,,,,,,,,,,,,,,,,,,,,,,,,0.375
brocas area,1,1,7,1.44,2,Brocas area,U,21,22,A9/46v,MFG_L(R)_7_4,0.3333,1,,,,,,,,,,,,,,,,,,,,,,,,,0.3333
brocas area ba 44,1,1,6,1.44,2,Broca's area (BA 44),U,53,54,A4hf,PrG_L(R)_6_1,0.375,1,,,,,,,,,,,,,,,,,,,,,,,,,0.375
brodmann area 13,1,1,6,1.44,2,R. Brodmann area 13,R,167,168,dIa,INS_L(R)_6_3,0.375,1,,,,,,,,,,,,,,,,,,,,,,,,,0.375
brodmann area 19,1,1,6,1.44,2,R. Brodmann area 19,R,209,210,lsOccG,LOcC_L(R)_2_2,0.375,1,,,,,,,,,,,,,,,,,,,,,,,,,0.375
brodmann area 30,1,1,4,1.41,2,R. Brodmann area 30,R,151,152,dmPOS,PCun_L(R)_4_3,0.5,1,,,,,,,,,,,,,,,,,,,,,,,,,0.5
brodmann area 32,1,1,7,1.44,2,L. Brodmann area 32,L,1,2,A8m,SFG_L(R)_7_1,0.3333,1,,,,,,,,,,,,,,,,,,,,,,,,,0.3333
superior frontal gyr,1,1,7,1.44,2,Superior Frontal Gyr (SFG),U,1,2,A8m,SFG_L(R)_7_1,0.3333,1,,,,,,,,,,,,,,,,,,,,,,,,,0.3333
beta 1 extracted from the pcc,1,1,7,1.44,2,Beta-1 extracted from the PCC,U,9,10,A6m,SFG_L(R)_7_5,0.3333,1,,,,,,,,,,,,,,,,,,,,,,,,,0.3333
beta 2 extracted from the pcc,1,1,7,1.44,2,Beta-2 extracted from the PCC,U,19,20,A46,MFG_L(R)_7_3,0.3333,1,,,,,,,,,,,,,,,,,,,,,,,,,0.3333
beta 2 extracted from the precuneus,1,1,7,1.44,2,Beta 2 extracted from the precuneus,U,19,20,A46,MFG_L(R)_7_3,0.3333,1,,,,,,,,,,,,,,,,,,,,,,,,,0.3333
bi anterior rostral medial prefrontal cortex,1,1,7,1.44,2,Bi Anterior rostral medial prefrontal cortex,U,175,176,A23d,CG_L(R)_7_1,0.3333,1,,,,,,,,,,,,,,,,,,,,,,,,,0.3333
bi lingual,1,1,5,1.44,2,bi lingual,U,197,198,vmPOS,MVOcC_L(R)_5_5,0.4286,1,,,,,,,,,,,,,,,,,,,,,,,,,0.4286
bj versus ej versus aj,1,1,2,1.24,2,BJ versus EJ versus AJ,U,67,68,A4ll,PCL_L(R)_2_2,0.75,1,,,,,,,,,,,,,,,,,,,,,,,,,0.75
body of the calcarine fissure and cuneus,1,1,5,1.44,2,Body of the calcarine fissure and cuneus,U,191,192,rCunG,MVOcC_L(R)_5_2,0.4286,1,,,,,,,,,,,,,,,,,,,,,,,,,0.4286
superior corona radiata,1,1,6,1.44,2,Superior corona radiata,U,221,222,GP,BG_L(R)_6_2,0.375,1,,,,,,,,,,,,,,,,,,,,,,,,,0.375
superior frontal 1,1,1,7,1.44,2,[2] L Superior frontal 1,L,7,8,A6dl,SFG_L(R)_7_4,0.3333,1,,,,,,,,,,,,,,,,,,,,,,,,,0.3333
superior frontal cortex ba 10,1,1,7,1.44,2,Superior frontal cortex (BA 10),U,13,14,A10m,SFG_L(R)_7_7,0.3333,1,,,,,,,,,,,,,,,,,,,,,,,,,0.3333
superior frontal cortex ba 6,1,1,7,1.44,2,Superior Frontal Cortex (BA 6),U,25,26,A6vl,MFG_L(R)_7_6,0.3333,1,,,,,,,,,,,,,,,,,,,,,,,,,0.3333
superior frontal g ba 6,1,1,7,1.44,2,Superior frontal G. (BA 6),U,9,10,A6m,SFG_L(R)_7_5,0.3333,1,,,,,,,,,,,,,,,,,,,,,,,,,0.3333
superior frontal g ba 8,1,1,7,1.44,2,Superior frontal G. (BA 8),U,3,4,A8dl,SFG_L(R)_7_2,0.3333,1,,,,,,,,,,,,,,,,,,,,,,,,,0.3333
superior frontal g ba 9,1,1,7,1.44,2,Superior frontal G. (BA 9),U,13,14,A10m,SFG_L(R)_7_7,0.3333,1,,,,,,,,,,,,,,,,,,,,,,,,,0.3333
superior frontal gryus,1,1,7,1.44,2,Superior frontal gryus,U,3,4,A8dl,SFG_L(R)_7_2,0.3333,1,,,,,,,,,,,,,,,,,,,,,,,,,0.3333
superior and middle temporal gyrus 42 22 21,1,1,6,1.44,2,"R superior and middle temporal gyrus (42, 22, 21)",R,71,72,A41/42,STG_L(R)_6_2,0.375,1,,,,,,,,,,,,,,,,,,,,,,,,,0.375
superior anterior insula,1,1,6,1.44,2,left superior anterior insula,L,173,174,dId,INS_L(R)_6_6,0.375,1,,,,,,,,,,,,,,,,,,,,,,,,,0.375
superior anterior temporal cortex,1,1,6,1.44,2,Superior anterior temporal cortex,U,79,80,A22r,STG_L(R)_6_6,0.375,1,,,,,,,,,,,,,,,,,,,,,,,,,0.375
superior caudate,1,1,6,1.44,2,l Superior caudate,L,227,228,dCa,BG_L(R)_6_5,0.375,1,,,,,,,,,,,,,,,,,,,,,,,,,0.375
superior cerebellar peduncle,1,1,7,1.44,2,Superior cerebellar peduncle,U,181,182,A23v,CG_L(R)_7_4,0.3333,1,,,,,,,,,,,,,,,,,,,,,,,,,0.3333
superior circular sulcus of the insula,1,1,6,1.44,2,Superior circular sulcus of the insula,U,171,172,dIg,INS_L(R)_6_5,0.375,1,,,,,,,,,,,,,,,,,,,,,,,,,0.375
superior cluster,1,1,6,1.44,2,Superior cluster,U,55,56,A6cdl,PrG_L(R)_6_2,0.375,1,,,,,,,,,,,,,,,,,,,,,,,,,0.375
superior colliculus,1,1,8,1.44,2,superior colliculus,U,239,240,PPtha,Tha_L(R)_8_5,0.3,1,,,,,,,,,,,,,,,,,,,,,,,,,0.3
superior frontal sulcus 8,1,1,7,1.44,2,Lt superior frontal sulcus (8),L,23,24,A8vl,MFG_L(R)_7_5,0.3333,1,,,,,,,,,,,,,,,,,,,,,,,,,0.3333
superior frontal tracts,1,1,2,1.24,2,Superior frontal tracts (R),R,67,68,A4ll,PCL_L(R)_2_2,0.75,1,,,,,,,,,,,,,,,,,,,,,,,,,0.75
ba 41 temporal transversus gyrus,1,1,6,1.44,2,Left BA41 temporal transversus gyrus,L,71,72,A41/42,STG_L(R)_6_2,0.375,1,,,,,,,,,,,,,,,,,,,,,,,,,0.375
ba 43 2,1,1,4,1.41,2,BA43 (somatosensory/gustatory)2,U,155,156,A1/2/3ulhf,PoG_L(R)_4_1,0.5,1,,,,,,,,,,,,,,,,,,,,,,,,,0.5
ba 44 dorsolateral prefrontal cortex,1,1,6,1.44,2,BA44 dorsolateral prefrontal cortex,U,29,30,A44d,IFG_L(R)_6_1,0.375,1,,,,,,,,,,,,,,,,,,,,,,,,,0.375
ba 45 dlpfc,1,1,6,1.44,2,BA45 DLPFC,U,29,30,A44d,IFG_L(R)_6_1,0.375,1,,,,,,,,,,,,,,,,,,,,,,,,,0.375
ba 45 dorsolateral prefrontal cortex,1,1,6,1.44,2,BA45 dorsolateral prefrontal cortex,U,33,34,A45c,IFG_L(R)_6_3,0.375,1,,,,,,,,,,,,,,,,,,,,,,,,,0.375
ba 47 inferior frontal gyrus,1,1,6,1.44,2,Left BA47 inferior frontal gyrus,L,77,78,A38l,STG_L(R)_6_5,0.375,1,,,,,,,,,,,,,,,,,,,,,,,,,0.375
superior frontal gyrus medial region,1,1,7,1.44,2,Superior frontal gyrus — medial region,U,1,2,A8m,SFG_L(R)_7_1,0.3333,1,,,,,,,,,,,,,,,,,,,,,,,,,0.3333
superior frontal gyrus wm,1,1,7,1.44,2,R-superior frontal gyrus WM,R,15,16,A9/46d,MFG_L(R)_7_1,0.3333,1,,,,,,,,,,,,,,,,,,,,,,,,,0.3333
superior frontal gyrus3,1,1,7,1.44,2,Superior frontal gyrus3,U,25,26,A6vl,MFG_L(R)_7_6,0.3333,1,,,,,,,,,,,,,,,,,,,,,,,,,0.3333
superior frontal lobea,1,1,7,1.44,2,Left superior frontal lobea,L,17,18,IFJ,MFG_L(R)_7_2,0.3333,1,,,,,,,,,,,,,,,,,,,,,,,,,0.3333
superior frontal medial cortex,1,1,7,1.44,2,Superior frontal medial cortex,U,13,14,A10m,SFG_L(R)_7_7,0.3333,1,,,,,,,,,,,,,,,,,,,,,,,,,0.3333
superior frontal medial gyrus,1,1,7,1.44,2,Left superior frontal medial gyrus,L,1,2,A8m,SFG_L(R)_7_1,0.3333,1,,,,,,,,,,,,,,,,,,,,,,,,,0.3333
superior frontal orbital lobe ba 11,1,1,6,1.44,2,Right superior frontal orbital lobe (BA11),R,45,46,A11l,OrG_L(R)_6_3,0.375,1,,,,,,,,,,,,,,,,,,,,,,,,,0.375
superior frontal region,1,1,7,1.44,2,Superior frontal region,U,15,16,A9/46d,MFG_L(R)_7_1,0.3333,1,,,,,,,,,,,,,,,,,,,,,,,,,0.3333
superior frontal gyrus 1997,1,1,7,1.44,2,Superior frontal gyrus*1997,U,1,2,A8m,SFG_L(R)_7_1,0.3333,1,,,,,,,,,,,,,,,,,,,,,,,,,0.3333
superior frontal gyrus 24,1,1,7,1.44,2,Superior frontal gyrus (24),U,177,178,A24rv,CG_L(R)_7_2,0.3333,1,,,,,,,,,,,,,,,,,,,,,,,,,0.3333
superior frontal gyrus 8 9,1,1,7,1.44,2,Right superior frontal gyrus (8/9),R,5,6,A9l,SFG_L(R)_7_3,0.3333,1,,,,,,,,,,,,,,,,,,,,,,,,,0.3333
superior frontal gyrus 9 10,1,1,7,1.44,2,"Left superior frontal gyrus (9, 10)",L,15,16,A9/46d,MFG_L(R)_7_1,0.3333,1,,,,,,,,,,,,,,,,,,,,,,,,,0.3333
superior frontal gyrus and sulcus,1,1,7,1.44,2,Superior frontal gyrus and sulcus,U,1,2,A8m,SFG_L(R)_7_1,0.3333,1,,,,,,,,,,,,,,,,,,,,,,,,,0.3333
superior frontal gyrus ba 6 8,1,1,6,1.44,2,L superior frontal gyrus (BA6/8),L,227,228,dCa,BG_L(R)_6_5,0.375,1,,,,,,,,,,,,,,,,,,,,,,,,,0.375
superior frontal gyrus ba 9 1,1,1,7,1.44,2,Superior Frontal gyrus(BA9)1,U,5,6,A9l,SFG_L(R)_7_3,0.3333,1,,,,,,,,,,,,,,,,,,,,,,,,,0.3333
superior frontal gyrus ba 9 2,1,1,7,1.44,2,Superior Frontal gyrus (BA9) 2,U,5,6,A9l,SFG_L(R)_7_3,0.3333,1,,,,,,,,,,,,,,,,,,,,,,,,,0.3333
brodmann area 35 medial aspect of the inferior temporal lobe perirhinal cortex of the parahippocampus,1,1,2,1.24,2,Brodmann area 35: Medial aspect of the inferior temporal lobe: perirhinal cortex of the parahippocampus,U,217,218,cHipp,Hipp_L(R)_2_2,0.75,1,,,,,,,,,,,,,,,,,,,,,,,,,0.75
brodmann area 37,1,1,3,1.36,2,L. Brodmann area 37,L,107,108,A37lv,FuG_L(R)_3_3,0.6,1,,,,,,,,,,,,,,,,,,,,,,,,,0.6
brodmann area 43 distal tip of postcentral gyrus,1,1,4,1.41,2,Brodmann area 43: distal tip of right postcentral gyrus,R,157,158,A1/2/3tonIa,PoG_L(R)_4_2,0.5,1,,,,,,,,,,,,,,,,,,,,,,,,,0.5
brodmann area 8,1,1,7,1.44,2,R. Brodmann area 8,R,11,12,A9m,SFG_L(R)_7_6,0.3333,1,,,,,,,,,,,,,,,,,,,,,,,,,0.3333
c hippocampus,1,1,2,1.24,2,C R Hippocampus,R,217,218,cHipp,Hipp_L(R)_2_2,0.75,1,,,,,,,,,,,,,,,,,,,,,,,,,0.75
c precentral gyrus,1,1,6,1.44,2,C. precentral gyrus,U,55,56,A6cdl,PrG_L(R)_6_2,0.375,1,,,,,,,,,,,,,,,,,,,,,,,,,0.375
c superior parietal lobule,1,1,5,1.44,2,C. superior parietal lobule,U,133,134,A7ip,SPL_L(R)_5_5,0.4286,1,,,,,,,,,,,,,,,,,,,,,,,,,0.4286
c supra marginal gyrus,1,1,6,1.44,2,C. supra marginal gyrus,U,139,140,A40rd,IPL_L(R)_6_3,0.375,1,,,,,,,,,,,,,,,,,,,,,,,,,0.375
superior medial pfc ba 9,1,1,7,1.44,2,Superior medial PFC L (BA 9),L,13,14,A10m,SFG_L(R)_7_7,0.3333,1,,,,,,,,,,,,,,,,,,,,,,,,,0.3333
superior middle frontal,1,1,7,1.44,2,Superior Middle Frontal,U,11,12,A9m,SFG_L(R)_7_6,0.3333,1,,,,,,,,,,,,,,,,,,,,,,,,,0.3333
superior middle frontal lobe,1,1,7,1.44,2,Superior middle frontal lobe,U,5,6,A9l,SFG_L(R)_7_3,0.3333,1,,,,,,,,,,,,,,,,,,,,,,,,,0.3333
ba 19 inferior occipital gyrus,1,1,6,1.44,2,Left BA19 inferior occipital gyrus,L,201,202,V5/MT+,LOcC_L(R)_4_2,0.375,1,,,,,,,,,,,,,,,,,,,,,,,,,0.375
ba 19 secondary visual cortex,1,1,6,1.44,2,BA19 Secondary visual cortex,U,201,202,V5/MT+,LOcC_L(R)_4_2,0.375,1,,,,,,,,,,,,,,,,,,,,,,,,,0.375
ba 19 visual cortex,1,1,6,1.44,2,BA19 visual cortex,U,201,202,V5/MT+,LOcC_L(R)_4_2,0.375,1,,,,,,,,,,,,,,,,,,,,,,,,,0.375
ba 21 middle temporal gyrus,1,1,4,1.41,2,BA21 middle temporal gyrus,U,87,88,aSTS,MTG_L(R)_4_4,0.5,1,,,,,,,,,,,,,,,,,,,,,,,,,0.5
ba 22 2,1,1,6,1.44,2,BA22 (auditory)2,U,73,74,TE1.0 and TE1.2,STG_L(R)_6_3,0.375,1,,,,,,,,,,,,,,,,,,,,,,,,,0.375
superior medial frontal cortex ba 10,1,1,7,1.44,2,Superior medial frontal cortex (BA 10),U,11,12,A9m,SFG_L(R)_7_6,0.3333,1,,,,,,,,,,,,,,,,,,,,,,,,,0.3333
superior medial frontal gyrus 32,1,1,7,1.44,2,Superior medial frontal gyrus (32),U,13,14,A10m,SFG_L(R)_7_7,0.3333,1,,,,,,,,,,,,,,,,,,,,,,,,,0.3333
superior medial frontal gyrus ba 8,1,1,7,1.44,2,Left Superior Medial Frontal Gyrus BA8,L,11,12,A9m,SFG_L(R)_7_6,0.3333,1,,,,,,,,,,,,,,,,,,,,,,,,,0.3333
superior medial g,1,1,7,1.44,2,L. Superior Medial G.,L,11,12,A9m,SFG_L(R)_7_6,0.3333,1,,,,,,,,,,,,,,,,,,,,,,,,,0.3333
superior medial gyrus 9,1,1,7,1.44,2,Superior medial gyrus (9),U,11,12,A9m,SFG_L(R)_7_6,0.3333,1,,,,,,,,,,,,,,,,,,,,,,,,,0.3333
superior medial gyrus ba 32,1,1,6,1.44,2,RH superior medial gyrus (BA 32),R,227,228,dCa,BG_L(R)_6_5,0.375,1,,,,,,,,,,,,,,,,,,,,,,,,,0.375
superior medial pfc,1,1,7,1.44,2,R Superior medial PFC,R,13,14,A10m,SFG_L(R)_7_7,0.3333,1,,,,,,,,,,,,,,,,,,,,,,,,,0.3333
superior medial pfc ba 8,1,1,7,1.44,2,Left superior medial PFC (BA 8),L,1,2,A8m,SFG_L(R)_7_1,0.3333,1,,,,,,,,,,,,,,,,,,,,,,,,,0.3333
base of inferior frontal gyrus,1,1,6,1.44,2,Base of inferior frontal gyrus (R),R,37,38,A44op,IFG_L(R)_6_5,0.375,1,,,,,,,,,,,,,,,,,,,,,,,,,0.375
bcg,1,1,4,1.41,2,BCG,U,149,150,A5m,PCun_L(R)_4_2,0.5,1,,,,,,,,,,,,,,,,,,,,,,,,,0.5
superior lateral frontal gyrus,1,1,7,1.44,2,Right Superior Lateral Frontal Gyrus,R,15,16,A9/46d,MFG_L(R)_7_1,0.3333,1,,,,,,,,,,,,,,,,,,,,,,,,,0.3333
superior lateral occipital cortex and precuneous,1,1,5,1.44,2,Superior Lateral Occipital cortex and precuneous,U,197,198,vmPOS,MVOcC_L(R)_5_5,0.4286,1,,,,,,,,,,,,,,,,,,,,,,,,,0.4286
superior lateral occipital gyrus,1,1,6,1.44,2,Right superior lateral occipital gyrus,R,135,136,A39c,IPL_L(R)_6_1,0.375,1,,,,,,,,,,,,,,,,,,,,,,,,,0.375
superior longitudinal fasciculus posterior part,1,1,6,1.44,2,Right superior longitudinal fasciculus: posterior part,R,143,144,A39rv,IPL_L(R)_6_5,0.375,1,,,,,,,,,,,,,,,,,,,,,,,,,0.375
superior longitudinal fasciculus temporal part,1,1,4,1.41,2,Right superior longitudinal fasciculus: temporal part,R,87,88,aSTS,MTG_L(R)_4_4,0.5,1,,,,,,,,,,,,,,,,,,,,,,,,,0.5
superior longitudinal fasciculus wm,1,1,4,1.41,2,Superior longitudinal fasciculus WM,U,157,158,A1/2/3tonIa,PoG_L(R)_4_2,0.5,1,,,,,,,,,,,,,,,,,,,,,,,,,0.5
ba 4a,1,1,4,1.41,2,L Ba4a,L,155,156,A1/2/3ulhf,PoG_L(R)_4_1,0.5,1,,,,,,,,,,,,,,,,,,,,,,,,,0.5
ba 7 precuneus,1,1,5,1.44,2,Right BA7 precuneus,R,133,134,A7ip,SPL_L(R)_5_5,0.4286,1,,,,,,,,,,,,,,,,,,,,,,,,,0.4286
ba 9 46,1,1,7,1.44,2,"(BA 9, 46)",U,21,22,A9/46v,MFG_L(R)_7_4,0.3333,1,,,,,,,,,,,,,,,,,,,,,,,,,0.3333
ba 9 medial prefrontal cortex,1,1,7,1.44,2,BA9 medial prefrontal cortex,U,13,14,A10m,SFG_L(R)_7_7,0.3333,1,,,,,,,,,,,,,,,,,,,,,,,,,0.3333
bank of superior temporal sulcus,1,1,4,1.41,2,Bank of superior temporal sulcus,U,85,86,A37dl,MTG_L(R)_4_3,0.5,1,,,,,,,,,,,,,,,,,,,,,,,,,0.5
banks of the superior temporal sulcus,1,1,2,1.24,2,Banks of the superior temporal sulcus,U,123,124,cpSTS,pSTS_L(R)_2_2,0.75,1,,,,,,,,,,,,,,,,,,,,,,,,,0.75
basal nucleus of meynert,1,1,6,1.44,2,Basal nucleus of Meynert,U,49,50,A13,OrG_L(R)_6_5,0.375,1,,,,,,,,,,,,,,,,,,,,,,,,,0.375
basal temporopolar cortex,1,1,6,1.44,2,Basal temporopolar cortex,U,173,174,dId,INS_L(R)_6_6,0.375,1,,,,,,,,,,,,,,,,,,,,,,,,,0.375
superior parietal lobule 3,1,1,5,1.44,2,Rt. Superior Parietal Lobule*③,R,133,134,A7ip,SPL_L(R)_5_5,0.4286,1,,,,,,,,,,,,,,,,,,,,,,,,,0.4286
superior parietal lobule 5,1,1,5,1.44,2,Left superior parietal lobule (5),L,131,132,A7pc,SPL_L(R)_5_4,0.4286,1,,,,,,,,,,,,,,,,,,,,,,,,,0.4286
superior parietal lobule 7pc,1,1,5,1.44,2,Superior parietal lobule 7PC,U,133,134,A7ip,SPL_L(R)_5_5,0.4286,1,,,,,,,,,,,,,,,,,,,,,,,,,0.4286
superior parietal lobule ba 5,1,1,5,1.44,2,Right superior parietal lobule (BA5),R,125,126,A7r,SPL_L(R)_5_1,0.4286,1,,,,,,,,,,,,,,,,,,,,,,,,,0.4286
superior parietal lobule ba 7 include precuneus ba 7,1,1,5,1.44,2,L Superior Parietal Lobule (BA 7) Include: Precuneus (BA 7),L,133,134,A7ip,SPL_L(R)_5_5,0.4286,1,,,,,,,,,,,,,,,,,,,,,,,,,0.4286
superior parietal lobule extending downward into the intra occipital sulcus,1,1,5,1.44,2,Superior parietal lobule extending downward into the intra-occipital sulcus,U,133,134,A7ip,SPL_L(R)_5_5,0.4286,1,,,,,,,,,,,,,,,,,,,,,,,,,0.4286
superior parietallobule,1,1,5,1.44,2,Rt. Superior ParietalLobule,R,127,128,A7c,SPL_L(R)_5_2,0.4286,1,,,,,,,,,,,,,,,,,,,,,,,,,0.4286
superior parieto occipital cortex,1,1,5,1.44,2,Left Superior Parieto-Occipital Cortex (SPOC),L,127,128,A7c,SPL_L(R)_5_2,0.4286,1,,,,,,,,,,,,,,,,,,,,,,,,,0.4286
superior occipital gyrus ba 18,1,1,6,1.44,2,Superior occipital gyrus (BA 18),U,203,204,OPC,LOcC_L(R)_4_3,0.375,1,,,,,,,,,,,,,,,,,,,,,,,,,0.375
superior occipital gyrus ba 39,1,1,6,1.44,2,Superior occipital gyrus (BA 39),U,209,210,lsOccG,LOcC_L(R)_2_2,0.375,1,,,,,,,,,,,,,,,,,,,,,,,,,0.375
superior orbital frontal gyrus ba 11,1,1,6,1.44,2,Right superior orbital frontal gyrus (BA11),R,45,46,A11l,OrG_L(R)_6_3,0.375,1,,,,,,,,,,,,,,,,,,,,,,,,,0.375
superior orbitofrontal,1,1,7,1.44,2,Superior Orbitofrontal,U,27,28,A10l,MFG_L(R)_7_7,0.3333,1,,,,,,,,,,,,,,,,,,,,,,,,,0.3333
superior orbitofrontal cortex,1,1,7,1.44,2,Superior orbitofrontal cortex,U,27,28,A10l,MFG_L(R)_7_7,0.3333,1,,,,,,,,,,,,,,,,,,,,,,,,,0.3333
superior orbitofrontal gyrus,1,1,6,1.44,2,Superior Orbitofrontal Gyrus,U,45,46,A11l,OrG_L(R)_6_3,0.375,1,,,,,,,,,,,,,,,,,,,,,,,,,0.375
superior parietal ba 5,1,1,5,1.44,2,Superior parietal (BA5),U,125,126,A7r,SPL_L(R)_5_1,0.4286,1,,,,,,,,,,,,,,,,,,,,,,,,,0.4286
superior parietal cortex bi,1,1,4,1.41,2,Superior parietal cortex-Bi,U,147,148,A7m,PCun_L(R)_4_1,0.5,1,,,,,,,,,,,,,,,,,,,,,,,,,0.5
ba 32 acc,1,1,7,1.44,2,BA32 ACC,U,179,180,A32p,CG_L(R)_7_3,0.3333,1,,,,,,,,,,,,,,,,,,,,,,,,,0.3333
ba 32 anterior cingulate cortex,1,1,7,1.44,2,BA32 anterior cingulate cortex,U,179,180,A32p,CG_L(R)_7_3,0.3333,1,,,,,,,,,,,,,,,,,,,,,,,,,0.3333
ba 36,1,1,3,1.36,2,BA 36,U,103,104,A20rv,FuG_L(R)_3_1,0.6,1,,,,,,,,,,,,,,,,,,,,,,,,,0.6
ba 37 middle temporal gyrus,1,1,6,1.44,2,Left BA37 middle temporal gyrus,L,143,144,A39rv,IPL_L(R)_6_5,0.375,1,,,,,,,,,,,,,,,,,,,,,,,,,0.375
ba 37 primary visual cortex,1,1,6,1.44,2,BA37 primary visual cortex,U,201,202,V5/MT+,LOcC_L(R)_4_2,0.375,1,,,,,,,,,,,,,,,,,,,,,,,,,0.375
ba 40 parietal lobe,1,1,6,1.44,2,Right BA40 parietal lobe,R,145,146,A40rv,IPL_L(R)_6_6,0.375,1,,,,,,,,,,,,,,,,,,,,,,,,,0.375
superior occipital cortexc,1,1,6,1.44,2,Right superior occipital cortexc,R,209,210,lsOccG,LOcC_L(R)_2_2,0.375,1,,,,,,,,,,,,,,,,,,,,,,,,,0.375
superior occipital g,1,1,6,1.44,2,Superior occipital G,U,135,136,A39c,IPL_L(R)_6_1,0.375,1,,,,,,,,,,,,,,,,,,,,,,,,,0.375
ba 22 temporal gyrus,1,1,4,1.41,2,Right BA22 temporal gyrus,R,85,86,A37dl,MTG_L(R)_4_3,0.5,1,,,,,,,,,,,,,,,,,,,,,,,,,0.5
ba 24 32,1,1,6,1.44,2,"(BA 24, 32)",U,219,220,vCa,BG_L(R)_6_1,0.375,1,,,,,,,,,,,,,,,,,,,,,,,,,0.375
ba 24 anterior cingulate cortex,1,1,7,1.44,2,BA24 anterior cingulate cortex,U,179,180,A32p,CG_L(R)_7_3,0.3333,1,,,,,,,,,,,,,,,,,,,,,,,,,0.3333
ba 28,1,1,8,1.44,2,BA 28,U,245,246,lPFtha,Tha_L(R)_8_8,0.3,1,,,,,,,,,,,,,,,,,,,,,,,,,0.3
ba 29,1,1,7,1.44,2,BA 29,U,181,182,A23v,CG_L(R)_7_4,0.3333,1,,,,,,,,,,,,,,,,,,,,,,,,,0.3333
ba 3 parietal gyrus,1,1,4,1.41,2,Left BA3 parietal gyrus,L,155,156,A1/2/3ulhf,PoG_L(R)_4_1,0.5,1,,,,,,,,,,,,,,,,,,,,,,,,,0.5
ba 31 posterior cingulate cortex,1,1,4,1.41,2,Left BA31 posterior cingulate cortex,L,153,154,A31,PCun_L(R)_4_4,0.5,1,,,,,,,,,,,,,,,,,,,,,,,,,0.5
ba 31 precuneus,1,1,6,1.44,2,Left BA31 precuneus,L,135,136,A39c,IPL_L(R)_6_1,0.375,1,,,,,,,,,,,,,,,,,,,,,,,,,0.375
atp,1,1,6,1.44,2,aTP,U,79,80,A22r,STG_L(R)_6_6,0.375,1,,,,,,,,,,,,,,,,,,,,,,,,,0.375
auditory and somatosensory cortex,1,1,6,1.44,2,Right auditory and somatosensory cortex,R,73,74,TE1.0 and TE1.2,STG_L(R)_6_3,0.375,1,,,,,,,,,,,,,,,,,,,,,,,,,0.375
ba 1,1,1,5,1.44,2,BA 1,U,131,132,A7pc,SPL_L(R)_5_4,0.4286,1,,,,,,,,,,,,,,,,,,,,,,,,,0.4286
ba 10 medial frontal gyrus,1,1,7,1.44,2,Right BA10 medial frontal gyrus,R,13,14,A10m,SFG_L(R)_7_7,0.3333,1,,,,,,,,,,,,,,,,,,,,,,,,,0.3333
ba 11,1,1,6,1.44,2,BA 11,U,47,48,A11m,OrG_L(R)_6_4,0.375,1,,,,,,,,,,,,,,,,,,,,,,,,,0.375
ba 17,1,1,5,1.44,2,BA 17,U,191,192,rCunG,MVOcC_L(R)_5_2,0.4286,1,,,,,,,,,,,,,,,,,,,,,,,,,0.4286
ba 18 lingual gyrus,1,1,5,1.44,2,Right BA18 lingual gyrus,R,189,190,cLinG,MVOcC_L(R)_5_1,0.4286,1,,,,,,,,,,,,,,,,,,,,,,,,,0.4286
ba 18 secondary visual cortex,1,1,6,1.44,2,BA18 Secondary visual cortex,U,205,206,iOccG,LOcC_L(R)_4_4,0.375,1,,,,,,,,,,,,,,,,,,,,,,,,,0.375
superior temporal gyrus 21 22,1,1,6,1.44,2,L superior temporal gyrus (21/22),L,73,74,TE1.0 and TE1.2,STG_L(R)_6_3,0.375,1,,,,,,,,,,,,,,,,,,,,,,,,,0.375
area tringularis,1,1,6,1.44,2,Area tringularis (IFG),U,31,32,IFS,IFG_L(R)_6_2,0.375,1,,,,,,,,,,,,,,,,,,,,,,,,,0.375
area44,1,1,6,1.44,2,Area44,U,39,40,A44v,IFG_L(R)_6_6,0.375,1,,,,,,,,,,,,,,,,,,,,,,,,,0.375
armfc,1,1,7,1.44,2,1arMFC,U,13,14,A10m,SFG_L(R)_7_7,0.3333,1,,,,,,,,,,,,,,,,,,,,,,,,,0.3333
asfg,1,1,7,1.44,2,aSFG.B,B,13,14,A10m,SFG_L(R)_7_7,0.3333,1,,,,,,,,,,,,,,,,,,,,,,,,,0.3333
aspl,1,1,5,1.44,2,R aSPL*,R,133,134,A7ip,SPL_L(R)_5_5,0.4286,1,,,,,,,,,,,,,,,,,,,,,,,,,0.4286
asts,1,1,6,1.44,2,aSTS,U,75,76,A22c,STG_L(R)_6_4,0.375,1,,,,,,,,,,,,,,,,,,,,,,,,,0.375
atl,1,1,4,1.41,2,aTL,U,83,84,A21r,MTG_L(R)_4_2,0.5,1,,,,,,,,,,,,,,,,,,,,,,,,,0.5
superior sma,1,1,7,1.44,2,R Superior SMA,R,9,10,A6m,SFG_L(R)_7_5,0.3333,1,,,,,,,,,,,,,,,,,,,,,,,,,0.3333
superior srontal g,1,1,7,1.44,2,L superior srontal g (frontal ROI),L,3,4,A8dl,SFG_L(R)_7_2,0.3333,1,,,,,,,,,,,,,,,,,,,,,,,,,0.3333
superior temp gyrus,1,1,6,1.44,2,Superior Temp. gyrus,U,165,166,vIa,INS_L(R)_6_2,0.375,1,,,,,,,,,,,,,,,,,,,,,,,,,0.375
superior temporal area,1,1,4,1.41,2,Bilateral superior temporal areas (including Heschl's gyri),B,157,158,A1/2/3tonIa,PoG_L(R)_4_2,0.5,1,,,,,,,,,,,,,,,,,,,,,,,,,0.5
superior temporal g ba 22,1,1,2,1.24,2,Superior temporal G. (BA 22),U,121,122,rpSTS,pSTS_L(R)_2_1,0.75,1,,,,,,,,,,,,,,,,,,,,,,,,,0.75
superior temporal gurus,1,1,6,1.44,2,Left superior temporal gurus,L,71,72,A41/42,STG_L(R)_6_2,0.375,1,,,,,,,,,,,,,,,,,,,,,,,,,0.375
superior temporal gyr,1,1,6,1.44,2,Superior Temporal Gyr (STG),U,73,74,TE1.0 and TE1.2,STG_L(R)_6_3,0.375,1,,,,,,,,,,,,,,,,,,,,,,,,,0.375
superior temporal gyrus 21,1,1,4,1.41,2,Right superior temporal gyrus (21),R,87,88,aSTS,MTG_L(R)_4_4,0.5,1,,,,,,,,,,,,,,,,,,,,,,,,,0.5
superior part of the precentral sulcus,1,1,6,1.44,2,Superior part of the precentral sulcus,U,55,56,A6cdl,PrG_L(R)_6_2,0.375,1,,,,,,,,,,,,,,,,,,,,,,,,,0.375
superior patietal cortex,1,1,5,1.44,2,L Superior Patietal Cortex,L,197,198,vmPOS,MVOcC_L(R)_5_5,0.4286,1,,,,,,,,,,,,,,,,,,,,,,,,,0.4286
superior pmc,1,1,4,1.41,2,Superior PMC,U,151,152,dmPOS,PCun_L(R)_4_3,0.5,1,,,,,,,,,,,,,,,,,,,,,,,,,0.5
superior precentral sulcus,1,1,6,1.44,2,Left superior precentral sulcus,LR,55,56,A6cdl,PrG_L(R)_6_2,0.375,1,,,,,,,,,,,,,,,,,,,,,,,,,0.375
superior precuneus,1,1,4,1.41,2,Superior Precuneus,U,147,148,A7m,PCun_L(R)_4_1,0.5,1,,,,,,,,,,,,,,,,,,,,,,,,,0.5
superior prefontal ctx,1,1,7,1.44,2,Superior Prefontal Ctx.,U,23,24,A8vl,MFG_L(R)_7_5,0.3333,1,,,,,,,,,,,,,,,,,,,,,,,,,0.3333
superior prefrontal gyrus,1,1,6,1.44,2,Superior Prefrontal Gyrus,U,111,112,A35/36c,PhG_L(R)_6_2,0.375,1,,,,,,,,,,,,,,,,,,,,,,,,,0.375
superior segment of the circular sulcus of the insula,1,1,6,1.44,2,Superior segment of the circular sulcus of the insula,U,37,38,A44op,IFG_L(R)_6_5,0.375,1,,,,,,,,,,,,,,,,,,,,,,,,,0.375
anterior transverse temporal gyrus,1,1,6,1.44,2,Left anterior transverse temporal gyrus,L,71,72,A41/42,STG_L(R)_6_2,0.375,1,,,,,,,,,,,,,,,,,,,,,,,,,0.375
anterior vlpfc ba 10,1,1,7,1.44,2,Anterior vlPFC (BA10),U,19,20,A46,MFG_L(R)_7_3,0.3333,1,,,,,,,,,,,,,,,,,,,,,,,,,0.3333
anterior vmpfc,1,1,6,1.44,2,Anterior VMPFC,U,41,42,A14m,OrG_L(R)_6_1,0.375,1,,,,,,,,,,,,,,,,,,,,,,,,,0.375
anteromedial prefrontal cortex,1,1,7,1.44,2,Anteromedial prefrontal cortex,U,11,12,A9m,SFG_L(R)_7_6,0.3333,1,,,,,,,,,,,,,,,,,,,,,,,,,0.3333
apfc ba 10,1,1,7,1.44,2,Left APFC (BA 10),LR,19,20,A46,MFG_L(R)_7_3,0.3333,1,,,,,,,,,,,,,,,,,,,,,,,,,0.3333
area 10,1,1,5,1.44,2,Area 10,U,197,198,vmPOS,MVOcC_L(R)_5_5,0.4286,1,,,,,,,,,,,,,,,,,,,,,,,,,0.4286
area 11,1,1,6,1.44,2,Area 11,U,75,76,A22c,STG_L(R)_6_4,0.375,1,,,,,,,,,,,,,,,,,,,,,,,,,0.375
area 14,1,1,6,1.44,2,Area 14,U,73,74,TE1.0 and TE1.2,STG_L(R)_6_3,0.375,1,,,,,,,,,,,,,,,,,,,,,,,,,0.375
superior temporal gyrys,1,1,2,1.24,2,Superior Temporal Gyrys,U,123,124,cpSTS,pSTS_L(R)_2_2,0.75,1,,,,,,,,,,,,,,,,,,,,,,,,,0.75
superior temporal pole ba 22,1,1,6,1.44,2,R superior temporal pole (BA22),R,73,74,TE1.0 and TE1.2,STG_L(R)_6_3,0.375,1,,,,,,,,,,,,,,,,,,,,,,,,,0.375
superior temporal pole ba 38,1,1,6,1.44,2,Superior temporal pole (BA 38),U,69,70,A38m,STG_L(R)_6_1,0.375,1,,,,,,,,,,,,,,,,,,,,,,,,,0.375
anterior temporal,1,1,4,1.41,2,Left anterior temporal,L,83,84,A21r,MTG_L(R)_4_2,0.5,1,,,,,,,,,,,,,,,,,,,,,,,,,0.5
anterior temporal fusiform cortex,1,1,6,1.44,2,Anterior temporal fusiform cortex,U,171,172,dIg,INS_L(R)_6_5,0.375,1,,,,,,,,,,,,,,,,,,,,,,,,,0.375
anterior thalamic projection,1,1,6,1.44,2,Anterior thalamic projection,U,227,228,dCa,BG_L(R)_6_5,0.375,1,,,,,,,,,,,,,,,,,,,,,,,,,0.375
anterior to mid intraparietal sulcus,1,1,4,1.41,2,Left anterior-to-mid Intraparietal Sulcus (amIPS),L,87,88,aSTS,MTG_L(R)_4_4,0.5,1,,,,,,,,,,,,,,,,,,,,,,,,,0.5
anterior transverse collateral sulcus,1,1,3,1.36,2,Anterior transverse collateral sulcus,U,103,104,A20rv,FuG_L(R)_3_1,0.6,1,,,,,,,,,,,,,,,,,,,,,,,,,0.6
superior temporal gyrus ba 41 42,1,1,6,1.44,2,LH superior temporal gyrus (BA 41/42)???,L,73,74,TE1.0 and TE1.2,STG_L(R)_6_3,0.375,1,,,,,,,,,,,,,,,,,,,,,,,,,0.375
superior temporal gyrus ba 41 42 a,1,1,6,1.44,2,LH superior temporal gyrus (BA 41/42)a,L,73,74,TE1.0 and TE1.2,STG_L(R)_6_3,0.375,1,,,,,,,,,,,,,,,,,,,,,,,,,0.375
superior temporal gyrus ba 48,1,1,6,1.44,2,Right Superior temporal gyrus (BA 48),R,61,62,A4tl,PrG_L(R)_6_5,0.375,1,,,,,,,,,,,,,,,,,,,,,,,,,0.375
superior temporal gyrus cluster 2,1,1,6,1.44,2,R Superior temporal gyrus cluster 2,R,77,78,A38l,STG_L(R)_6_5,0.375,1,,,,,,,,,,,,,,,,,,,,,,,,,0.375
superior temporal gyrus planum polare,1,1,6,1.44,2,Superior temporal gyrus - planum polare,U,73,74,TE1.0 and TE1.2,STG_L(R)_6_3,0.375,1,,,,,,,,,,,,,,,,,,,,,,,,,0.375
superior temporal gyrus planum temporale,1,1,6,1.44,2,Superior temporal gyrus - planum temporale,U,71,72,A41/42,STG_L(R)_6_2,0.375,1,,,,,,,,,,,,,,,,,,,,,,,,,0.375
superior temporal gyrus posterior,1,1,6,1.44,2,Superior temporal gyrus posterior,U,75,76,A22c,STG_L(R)_6_4,0.375,1,,,,,,,,,,,,,,,,,,,,,,,,,0.375
superior temporal gyrusb,1,1,6,1.44,2,Superior temporal gyrusb,U,173,174,dId,INS_L(R)_6_6,0.375,1,,,,,,,,,,,,,,,,,,,,,,,,,0.375
ba 18 visual cortex,1,1,6,1.44,2,BA18 visual cortex,U,205,206,iOccG,LOcC_L(R)_4_4,0.375,1,,,,,,,,,,,,,,,,,,,,,,,,,0.375
ba 19 2vis cx,1,1,3,1.36,2,BA19 2vis cx,U,107,108,A37lv,FuG_L(R)_3_3,0.6,1,,,,,,,,,,,,,,,,,,,,,,,,,0.6
ba 19 2viscx,1,1,6,1.44,2,BA19 2viscx,U,201,202,V5/MT+,LOcC_L(R)_4_2,0.375,1,,,,,,,,,,,,,,,,,,,,,,,,,0.375
superior temporal gyrus 39 22,1,1,6,1.44,2,"Left superior temporal gyrus (39,22)",L,143,144,A39rv,IPL_L(R)_6_5,0.375,1,,,,,,,,,,,,,,,,,,,,,,,,,0.375
superior temporal gyrus and sulcus,1,1,2,1.24,2,Right superior temporal gyrus and sulcus,R,123,124,cpSTS,pSTS_L(R)_2_2,0.75,1,,,,,,,,,,,,,,,,,,,,,,,,,0.75
superior temporal gyrus ant,1,1,6,1.44,2,Superior temporal gyrus ant,U,75,76,A22c,STG_L(R)_6_4,0.375,1,,,,,,,,,,,,,,,,,,,,,,,,,0.375
superior temporal gyrus anterior,1,1,6,1.44,2,Superior temporal gyrus anterior,U,75,76,A22c,STG_L(R)_6_4,0.375,1,,,,,,,,,,,,,,,,,,,,,,,,,0.375
superior temporal gyrus ba 21,1,1,6,1.44,2,Superior temporal gyrus (BA 21),U,75,76,A22c,STG_L(R)_6_4,0.375,1,,,,,,,,,,,,,,,,,,,,,,,,,0.375
supplementar motor area ba 6,1,1,7,1.44,2,Supplementar motor area (BA 6),U,1,2,A8m,SFG_L(R)_7_1,0.3333,1,,,,,,,,,,,,,,,,,,,,,,,,,0.3333
supplementary,1,1,7,1.44,2,R Supplementary,R,7,8,A6dl,SFG_L(R)_7_4,0.3333,1,,,,,,,,,,,,,,,,,,,,,,,,,0.3333
supplementary mortor area,1,1,7,1.44,2,Supplementary mortor area,U,9,10,A6m,SFG_L(R)_7_5,0.3333,1,,,,,,,,,,,,,,,,,,,,,,,,,0.3333
supplementary motor area proper,1,1,7,1.44,2,Supplementary motor area proper,U,9,10,A6m,SFG_L(R)_7_5,0.3333,1,,,,,,,,,,,,,,,,,,,,,,,,,0.3333
supplementary motor gyrus,1,1,7,1.44,2,Supplementary Motor Gyrus,U,1,2,A8m,SFG_L(R)_7_1,0.3333,1,,,,,,,,,,,,,,,,,,,,,,,,,0.3333
supplementary motora area,1,1,2,1.24,2,Supplementary motora area,U,67,68,A4ll,PCL_L(R)_2_2,0.75,1,,,,,,,,,,,,,,,,,,,,,,,,,0.75
supplementary motoro area,1,1,7,1.44,2,Supplementary motoro area-R,R,17,18,IFJ,MFG_L(R)_7_2,0.3333,1,,,,,,,,,,,,,,,,,,,,,,,,,0.3333
supplemetary motor area,1,1,7,1.44,2,Supplemetary motor area,U,1,2,A8m,SFG_L(R)_7_1,0.3333,1,,,,,,,,,,,,,,,,,,,,,,,,,0.3333
superor dlpfc,1,1,7,1.44,2,Superor DLPFC,U,23,24,A8vl,MFG_L(R)_7_5,0.3333,1,,,,,,,,,,,,,,,,,,,,,,,,,0.3333
supmgyrs,1,1,6,1.44,2,supMGyrs,U,139,140,A40rd,IPL_L(R)_6_3,0.375,1,,,,,,,,,,,,,,,,,,,,,,,,,0.375
supmidfg,1,1,6,1.44,2,SupMidFG,U,221,222,GP,BG_L(R)_6_2,0.375,1,,,,,,,,,,,,,,,,,,,,,,,,,0.375
supp motor,1,1,7,1.44,2,L Supp motor,L,1,2,A8m,SFG_L(R)_7_1,0.3333,1,,,,,,,,,,,,,,,,,,,,,,,,,0.3333
supp temporal gyrus,1,1,4,1.41,2,L supp. temporal gyrus,L,87,88,aSTS,MTG_L(R)_4_4,0.5,1,,,,,,,,,,,,,,,,,,,,,,,,,0.5
supperior medial frontal,1,1,7,1.44,2,L supperior medial frontal,L,187,188,A32sg,CG_L(R)_7_7,0.3333,1,,,,,,,,,,,,,,,,,,,,,,,,,0.3333
suppl motor,1,1,8,1.44,2,R suppl motor,R,231,232,mPFtha,Tha_L(R)_8_1,0.3,1,,,,,,,,,,,,,,,,,,,,,,,,,0.3
supplemental motor,1,1,7,1.44,2,Supplemental Motor,U,1,2,A8m,SFG_L(R)_7_1,0.3333,1,,,,,,,,,,,,,,,,,,,,,,,,,0.3333
superior temporal sulcus anterior,1,1,2,1.24,2,Right superior temporal sulcus − anterior,R,123,124,cpSTS,pSTS_L(R)_2_2,0.75,1,,,,,,,,,,,,,,,,,,,,,,,,,0.75
superior temporal sulcus ba 22,1,1,4,1.41,2,R. superior temporal sulcus (BA 22),R,87,88,aSTS,MTG_L(R)_4_4,0.5,1,,,,,,,,,,,,,,,,,,,,,,,,,0.5
superior temporal sulcus ba 22 21,1,1,6,1.44,2,"Superior temporal sulcus (BA 22, 21)",U,73,74,TE1.0 and TE1.2,STG_L(R)_6_3,0.375,1,,,,,,,,,,,,,,,,,,,,,,,,,0.375
superior temporal sulcus posterior,1,1,6,1.44,2,Right superior temporal sulcus − posterior,R,143,144,A39rv,IPL_L(R)_6_5,0.375,1,,,,,,,,,,,,,,,,,,,,,,,,,0.375
superior temporalsulcus,1,1,6,1.44,2,Superior temporalsulcus (STS),U,143,144,A39rv,IPL_L(R)_6_5,0.375,1,,,,,,,,,,,,,,,,,,,,,,,,,0.375
superior to middle frontal gyrus,1,1,7,1.44,2,Superior to middle frontal gyrus,U,19,20,A46,MFG_L(R)_7_3,0.3333,1,,,,,,,,,,,,,,,,,,,,,,,,,0.3333
superiortemporal gyrus,1,1,6,1.44,2,SuperiorTemporal Gyrus,U,71,72,A41/42,STG_L(R)_6_2,0.375,1,,,,,,,,,,,,,,,,,,,,,,,,,0.375
superiortemporalgyrus,1,1,4,1.41,2,Superiortemporalgyrus,U,157,158,A1/2/3tonIa,PoG_L(R)_4_2,0.5,1,,,,,,,,,,,,,,,,,,,,,,,,,0.5
area 17,1,1,7,1.44,2,Area 17,U,185,186,A23c,CG_L(R)_7_6,0.3333,1,,,,,,,,,,,,,,,,,,,,,,,,,0.3333
area 18,1,1,6,1.44,2,Area 18,U,53,54,A4hf,PrG_L(R)_6_1,0.375,1,,,,,,,,,,,,,,,,,,,,,,,,,0.375
area 19,1,1,2,1.24,2,Area 19,U,67,68,A4ll,PCL_L(R)_2_2,0.75,1,,,,,,,,,,,,,,,,,,,,,,,,,0.75
area 21,1,1,2,1.24,2,Area 21,U,67,68,A4ll,PCL_L(R)_2_2,0.75,1,,,,,,,,,,,,,,,,,,,,,,,,,0.75
area 23,1,1,6,1.44,2,Area 23,U,59,60,A4t,PrG_L(R)_6_4,0.375,1,,,,,,,,,,,,,,,,,,,,,,,,,0.375
superior temporal pole gyrus ba 38,1,1,6,1.44,2,Left superior temporal pole gyrus (BA38),L,69,70,A38m,STG_L(R)_6_1,0.375,1,,,,,,,,,,,,,,,,,,,,,,,,,0.375
superior temporal sulcus 21,1,1,2,1.24,2,Superior temporal sulcus (21),U,121,122,rpSTS,pSTS_L(R)_2_1,0.75,1,,,,,,,,,,,,,,,,,,,,,,,,,0.75
superior temporal sulcus 22,1,1,2,1.24,2,Superior temporal sulcus (22),U,121,122,rpSTS,pSTS_L(R)_2_1,0.75,1,,,,,,,,,,,,,,,,,,,,,,,,,0.75
anterior rostral medial frontal area,1,1,7,1.44,2,Anterior rostral medial frontal area (R),R,5,6,A9l,SFG_L(R)_7_3,0.3333,1,,,,,,,,,,,,,,,,,,,,,,,,,0.3333
anterior segment of the circular sulcus of the insula,1,1,6,1.44,2,Anterior segment of the circular sulcus of the insula,U,51,52,A12/47l,OrG_L(R)_6_6,0.375,1,,,,,,,,,,,,,,,,,,,,,,,,,0.375
anterior sma,1,1,7,1.44,2,Bilateral Anterior SMA,B,9,10,A6m,SFG_L(R)_7_5,0.3333,1,,,,,,,,,,,,,,,,,,,,,,,,,0.3333
anterior stg 38,1,1,6,1.44,2,Anterior STG (38),U,79,80,A22r,STG_L(R)_6_6,0.375,1,,,,,,,,,,,,,,,,,,,,,,,,,0.375
anterior superior frontal gyrus,1,1,7,1.44,2,Anterior superior frontal gyrus,U,15,16,A9/46d,MFG_L(R)_7_1,0.3333,1,,,,,,,,,,,,,,,,,,,,,,,,,0.3333
anterior superior medial frontal gyrus,1,1,7,1.44,2,L Anterior Superior Medial Frontal Gyrus,LR,13,14,A10m,SFG_L(R)_7_7,0.3333,1,,,,,,,,,,,,,,,,,,,,,,,,,0.3333
anterior superior temporal lobe gm,1,1,6,1.44,2,Anterior superior temporal lobe GM,U,77,78,A38l,STG_L(R)_6_5,0.375,1,,,,,,,,,,,,,,,,,,,,,,,,,0.375
supramarginal gyrus ba 1,1,1,4,1.41,2,Supramarginal gyrus (BA 1),U,155,156,A1/2/3ulhf,PoG_L(R)_4_1,0.5,1,,,,,,,,,,,,,,,,,,,,,,,,,0.5
anterior ots,1,1,3,1.36,2,L anterior OTS,L,107,108,A37lv,FuG_L(R)_3_3,0.6,1,,,,,,,,,,,,,,,,,,,,,,,,,0.6
anterior parietal region,1,1,5,1.44,2,Anterior parietal region,U,131,132,A7pc,SPL_L(R)_5_4,0.4286,1,,,,,,,,,,,,,,,,,,,,,,,,,0.4286
anterior parietal region 1997,1,1,5,1.44,2,Anterior parietal region*1997,U,131,132,A7pc,SPL_L(R)_5_4,0.4286,1,,,,,,,,,,,,,,,,,,,,,,,,,0.4286
anterior part of the cingulate gyrus and sulcus,1,1,7,1.44,2,Anterior part of the cingulate gyrus and sulcus,U,179,180,A32p,CG_L(R)_7_3,0.3333,1,,,,,,,,,,,,,,,,,,,,,,,,,0.3333
anterior pfc ba 10,1,1,7,1.44,2,Anterior PFC (BA10),U,19,20,A46,MFG_L(R)_7_3,0.3333,1,,,,,,,,,,,,,,,,,,,,,,,,,0.3333
anterior pre sma,1,1,6,1.44,2,anterior pre-SMA,U,41,42,A14m,OrG_L(R)_6_1,0.375,1,,,,,,,,,,,,,,,,,,,,,,,,,0.375
anterior prefrontal cortex and dorsolateral prefrontal cortex,1,1,7,1.44,2,Anterior prefrontal cortex & dorsolateral prefrontal cortex,U,13,14,A10m,SFG_L(R)_7_7,0.3333,1,,,,,,,,,,,,,,,,,,,,,,,,,0.3333
anterior putamen,1,1,6,1.44,2,Left anterior putamen,L,225,226,vmPu,BG_L(R)_6_4,0.375,1,,,,,,,,,,,,,,,,,,,,,,,,,0.375
supramarginal ba 40,1,1,6,1.44,2,Supramarginal (BA 40),U,145,146,A40rv,IPL_L(R)_6_6,0.375,1,,,,,,,,,,,,,,,,,,,,,,,,,0.375
supramarginal gy,1,1,6,1.44,2,Supramarginal Gy,U,143,144,A39rv,IPL_L(R)_6_5,0.375,1,,,,,,,,,,,,,,,,,,,,,,,,,0.375
supramarginal gyral,1,1,4,1.41,2,Supramarginal-gyral,U,161,162,A1/2/3tru,PoG_L(R)_4_4,0.5,1,,,,,,,,,,,,,,,,,,,,,,,,,0.5
supramarginal gyrus 2 40,1,1,6,1.44,2,Supramarginal gyrus (2/40),U,139,140,A40rd,IPL_L(R)_6_3,0.375,1,,,,,,,,,,,,,,,,,,,,,,,,,0.375
supramarginal gyrus and postcentral sulcus,1,1,6,1.44,2,Supramarginal gyrus and postcentral sulcus,U,145,146,A40rv,IPL_L(R)_6_6,0.375,1,,,,,,,,,,,,,,,,,,,,,,,,,0.375
supramarginal gyrus anterior division,1,1,6,1.44,2,Supramarginal gyrus anterior division (TPJ),U,75,76,A22c,STG_L(R)_6_4,0.375,1,,,,,,,,,,,,,,,,,,,,,,,,,0.375
anterior nucleus,1,1,8,1.44,2,Anterior nucleus,U,243,244,cTtha,Tha_L(R)_8_7,0.3,1,,,,,,,,,,,,,,,,,,,,,,,,,0.3
anterior occipital cortex,1,1,5,1.44,2,anterior occipital cortex,U,197,198,vmPOS,MVOcC_L(R)_5_5,0.4286,1,,,,,,,,,,,,,,,,,,,,,,,,,0.4286
supr medial gyr,1,1,7,1.44,2,Supr. Medial gyr.,U,11,12,A9m,SFG_L(R)_7_6,0.3333,1,,,,,,,,,,,,,,,,,,,,,,,,,0.3333
supr parietal lobule,1,1,6,1.44,2,Supr. Parietal lobule,U,209,210,lsOccG,LOcC_L(R)_2_2,0.375,1,,,,,,,,,,,,,,,,,,,,,,,,,0.375
supr temporal gyr,1,1,6,1.44,2,Supr. Temporal gyr.,U,79,80,A22r,STG_L(R)_6_6,0.375,1,,,,,,,,,,,,,,,,,,,,,,,,,0.375
supra frontal gyrus,1,1,7,1.44,2,Right supra frontal gyrus,R,19,20,A46,MFG_L(R)_7_3,0.3333,1,,,,,,,,,,,,,,,,,,,,,,,,,0.3333
supra marginal white matter,1,1,6,1.44,2,Supra marginal white matter (superior longitudinal fasciculus),U,139,140,A40rd,IPL_L(R)_6_3,0.375,1,,,,,,,,,,,,,,,,,,,,,,,,,0.375
supracalcarine cortex,1,1,5,1.44,2,Right supracalcarine cortex,R,191,192,rCunG,MVOcC_L(R)_5_2,0.4286,1,,,,,,,,,,,,,,,,,,,,,,,,,0.4286
supramarg g,1,1,6,1.44,2,R supramarg G (area PFt),R,139,140,A40rd,IPL_L(R)_6_3,0.375,1,,,,,,,,,,,,,,,,,,,,,,,,,0.375
supramarginal and angular gyrus,1,1,4,1.41,2,L supramarginal and angular gyrus,L,85,86,A37dl,MTG_L(R)_4_3,0.5,1,,,,,,,,,,,,,,,,,,,,,,,,,0.5
anterior itg and fusiform,1,1,6,1.44,2,L anterior ITG & fusiform,L,171,172,dIg,INS_L(R)_6_5,0.375,1,,,,,,,,,,,,,,,,,,,,,,,,,0.375
anterior lateral orbitofrontal cortex,1,1,7,1.44,2,Anterior lateral orbitofrontal cortex,U,27,28,A10l,MFG_L(R)_7_7,0.3333,1,,,,,,,,,,,,,,,,,,,,,,,,,0.3333
anterior limb of internal capsule,1,1,6,1.44,2,Anterior limb of internal capsule,U,219,220,vCa,BG_L(R)_6_1,0.375,1,,,,,,,,,,,,,,,,,,,,,,,,,0.375
anterior lingual gyrus,1,1,5,1.44,2,Anterior lingual gyrus,U,195,196,rLinG,MVOcC_L(R)_5_4,0.4286,1,,,,,,,,,,,,,,,,,,,,,,,,,0.4286
anterior lobe of cerebellum,1,1,3,1.36,2,R. anterior lobe of cerebellum,R,103,104,A20rv,FuG_L(R)_3_1,0.6,1,,,,,,,,,,,,,,,,,,,,,,,,,0.6
anterior medial pfc,1,1,7,1.44,2,Anterior medial PFC (amPFC),U,13,14,A10m,SFG_L(R)_7_7,0.3333,1,,,,,,,,,,,,,,,,,,,,,,,,,0.3333
temporal middle,1,1,7,1.44,2,Temporal middle R,R,99,100,A20cl,ITG_L(R)_7_6,0.3333,1,,,,,,,,,,,,,,,,,,,,,,,,,0.3333
temporal middle pole,1,1,4,1.41,2,Temporal Middle Pole,U,83,84,A21r,MTG_L(R)_4_2,0.5,1,,,,,,,,,,,,,,,,,,,,,,,,,0.5
temporal midbrain,1,1,6,1.44,2,Temporal midbrain,U,35,36,A45r,IFG_L(R)_6_4,0.375,1,,,,,,,,,,,,,,,,,,,,,,,,,0.375
anterior ifg,1,1,6,1.44,2,Anterior IFG,U,51,52,A12/47l,OrG_L(R)_6_6,0.375,1,,,,,,,,,,,,,,,,,,,,,,,,,0.375
anterior inferior frontal gyrus,1,1,6,1.44,2,Anterior inferior frontal gyrus,U,35,36,A45r,IFG_L(R)_6_4,0.375,1,,,,,,,,,,,,,,,,,,,,,,,,,0.375
anterior inferior temporal gyrus,1,1,6,1.44,2,Anterior inferior temporal gyrus,U,75,76,A22c,STG_L(R)_6_4,0.375,1,,,,,,,,,,,,,,,,,,,,,,,,,0.375
anterior insula 47,1,1,6,1.44,2,Anterior insula (47),U,167,168,dIa,INS_L(R)_6_3,0.375,1,,,,,,,,,,,,,,,,,,,,,,,,,0.375
anterior insula and inferior frontal operculum,1,1,6,1.44,2,Anterior insula and inferior frontal operculum*,U,167,168,dIa,INS_L(R)_6_3,0.375,1,,,,,,,,,,,,,,,,,,,,,,,,,0.375
anterior insula ba 13,1,1,6,1.44,2,Rt. Anterior insula (BA13),R,167,168,dIa,INS_L(R)_6_3,0.375,1,,,,,,,,,,,,,,,,,,,,,,,,,0.375
anterior itg,1,1,7,1.44,2,Anterior ITG,U,95,96,A20il,ITG_L(R)_7_4,0.3333,1,,,,,,,,,,,,,,,,,,,,,,,,,0.3333
tapatum,1,1,4,1.41,2,Tapatum left,L,151,152,dmPOS,PCun_L(R)_4_3,0.5,1,,,,,,,,,,,,,,,,,,,,,,,,,0.5
te1,1,1,6,1.44,2,TE1,U,73,74,TE1.0 and TE1.2,STG_L(R)_6_3,0.375,1,,,,,,,,,,,,,,,,,,,,,,,,,0.375
temp pole,1,1,6,1.44,2,L temp. pole,L,79,80,A22r,STG_L(R)_6_6,0.375,1,,,,,,,,,,,,,,,,,,,,,,,,,0.375
tempo parietal junction,1,1,6,1.44,2,Lt. Tempo-parietal junction,L,137,138,A39rd,IPL_L(R)_6_2,0.375,1,,,,,,,,,,,,,,,,,,,,,,,,,0.375
temporal lobe 20 21,1,1,4,1.41,2,"Temporal lobe (20, 21)",U,81,82,A21c,MTG_L(R)_4_1,0.5,1,,,,,,,,,,,,,,,,,,,,,,,,,0.5
temporal lobe 28 34,1,1,2,1.24,2,"Temporal lobe (28, 34)",U,211,212,mAmyg,Amyg_L(R)_2_1,0.75,1,,,,,,,,,,,,,,,,,,,,,,,,,0.75
temporal lobe fusiform gyrus,1,1,3,1.36,2,Left temporal lobe fusiform gyrus,L,107,108,A37lv,FuG_L(R)_3_3,0.6,1,,,,,,,,,,,,,,,,,,,,,,,,,0.6
temporal mid 21,1,1,2,1.24,2,Temporal_Mid (21),U,123,124,cpSTS,pSTS_L(R)_2_2,0.75,1,,,,,,,,,,,,,,,,,,,,,,,,,0.75
supramarginal gyrus ba 48,1,1,6,1.44,2,Right supramarginal gyrus (BA48),R,141,142,A40c,IPL_L(R)_6_4,0.375,1,,,,,,,,,,,,,,,,,,,,,,,,,0.375
supramarginal gyrus posterior division,1,1,2,1.24,2,Supramarginal gyrus posterior division (TPJ),U,121,122,rpSTS,pSTS_L(R)_2_1,0.75,1,,,,,,,,,,,,,,,,,,,,,,,,,0.75
supramarginal gyrusa,1,1,2,1.24,2,Right supramarginal gyrusa,R,123,124,cpSTS,pSTS_L(R)_2_2,0.75,1,,,,,,,,,,,,,,,,,,,,,,,,,0.75
supramarginal parietal lobule,1,1,6,1.44,2,R supramarginal parietal lobule,R,139,140,A40rd,IPL_L(R)_6_3,0.375,1,,,,,,,,,,,,,,,,,,,,,,,,,0.375
supramarginalgyrus 40,1,1,6,1.44,2,SupramarginalGyrus (40),U,141,142,A40c,IPL_L(R)_6_4,0.375,1,,,,,,,,,,,,,,,,,,,,,,,,,0.375
suprmarg,1,1,6,1.44,2,L Suprmarg,L,145,146,A40rv,IPL_L(R)_6_6,0.375,1,,,,,,,,,,,,,,,,,,,,,,,,,0.375
suprmarg gyrs,1,1,6,1.44,2,suprMarg Gyrs,U,139,140,A40rd,IPL_L(R)_6_3,0.375,1,,,,,,,,,,,,,,,,,,,,,,,,,0.375
t o junction,1,1,4,1.41,2,T – O junction,U,85,86,A37dl,MTG_L(R)_4_3,0.5,1,,,,,,,,,,,,,,,,,,,,,,,,,0.5
anterior cingulate g ba 32,1,1,7,1.44,2,Anterior cingulate G. (BA 32),U,187,188,A32sg,CG_L(R)_7_7,0.3333,1,,,,,,,,,,,,,,,,,,,,,,,,,0.3333
anterior cingulate gyrus 24,1,1,7,1.44,2,Anterior cingulate gyrus (24),U,179,180,A32p,CG_L(R)_7_3,0.3333,1,,,,,,,,,,,,,,,,,,,,,,,,,0.3333
anterior cingulate gyrus 32,1,1,7,1.44,2,Anterior cingulate gyrus (32),U,179,180,A32p,CG_L(R)_7_3,0.3333,1,,,,,,,,,,,,,,,,,,,,,,,,,0.3333
anterior cingulate gyrus and sulcus,1,1,7,1.44,2,Anterior cingulate gyrus and sulcus,U,187,188,A32sg,CG_L(R)_7_7,0.3333,1,,,,,,,,,,,,,,,,,,,,,,,,,0.3333
anterior cingulate2,1,1,7,1.44,2,Anterior cingulate2,U,183,184,A24cd,CG_L(R)_7_5,0.3333,1,,,,,,,,,,,,,,,,,,,,,,,,,0.3333
anterior cingulated,1,1,7,1.44,2,Anterior cingulated,U,187,188,A32sg,CG_L(R)_7_7,0.3333,1,,,,,,,,,,,,,,,,,,,,,,,,,0.3333
anterior cingulated gyrus,1,1,7,1.44,2,Anterior cingulated gyrus (ACG),U,1,2,A8m,SFG_L(R)_7_1,0.3333,1,,,,,,,,,,,,,,,,,,,,,,,,,0.3333
anterior cingulum ba 24,1,1,7,1.44,2,Anterior cingulum (BA 24),U,187,188,A32sg,CG_L(R)_7_7,0.3333,1,,,,,,,,,,,,,,,,,,,,,,,,,0.3333
temporal superior lobe,1,1,6,1.44,2,Temporal Superior Lobe,U,75,76,A22c,STG_L(R)_6_4,0.375,1,,,,,,,,,,,,,,,,,,,,,,,,,0.375
temporal superior pole,1,1,6,1.44,2,Temporal Superior Pole,U,77,78,A38l,STG_L(R)_6_5,0.375,1,,,,,,,,,,,,,,,,,,,,,,,,,0.375
temporal wm,1,1,4,1.41,2,Temporal WM (L),L,87,88,aSTS,MTG_L(R)_4_4,0.5,1,,,,,,,,,,,,,,,,,,,,,,,,,0.5
anterior cingulate cortex ba 24 32,1,1,7,1.44,2,"Anterior Cingulate Cortex (BA24,32)",U,179,180,A32p,CG_L(R)_7_3,0.3333,1,,,,,,,,,,,,,,,,,,,,,,,,,0.3333
anterior cingulate cortex ba 33,1,1,6,1.44,2,Right Anterior Cingulate Cortex BA33,R,227,228,dCa,BG_L(R)_6_5,0.375,1,,,,,,,,,,,,,,,,,,,,,,,,,0.375
anterior cingulate cortex wm,1,1,7,1.44,2,R-anterior cingulate cortex WM,R,11,12,A9m,SFG_L(R)_7_6,0.3333,1,,,,,,,,,,,,,,,,,,,,,,,,,0.3333
anterior cingulate cortex4,1,1,7,1.44,2,Anterior cingulate cortex4,U,183,184,A24cd,CG_L(R)_7_5,0.3333,1,,,,,,,,,,,,,,,,,,,,,,,,,0.3333
anterior cingulate g,1,1,7,1.44,2,anterior cingulate g.,U,177,178,A24rv,CG_L(R)_7_2,0.3333,1,,,,,,,,,,,,,,,,,,,,,,,,,0.3333
temporal pole middle,1,1,4,1.41,2,Temporal pole middle R,R,83,84,A21r,MTG_L(R)_4_2,0.5,1,,,,,,,,,,,,,,,,,,,,,,,,,0.5
temporal pole middle gyrus,1,1,6,1.44,2,R temporal pole middle gyrus,R,69,70,A38m,STG_L(R)_6_1,0.375,1,,,,,,,,,,,,,,,,,,,,,,,,,0.375
temporal pole middle temporal gyrus,1,1,4,1.41,2,right Temporal pole: middle temporal gyrus,R,83,84,A21r,MTG_L(R)_4_2,0.5,1,,,,,,,,,,,,,,,,,,,,,,,,,0.5
temporal pole region,1,1,7,1.44,2,Temporal pole region,U,15,16,A9/46d,MFG_L(R)_7_1,0.3333,1,,,,,,,,,,,,,,,,,,,,,,,,,0.3333
temporal pole superior gyrus,1,1,6,1.44,2,L temporal pole superior gyrus,L,45,46,A11l,OrG_L(R)_6_3,0.375,1,,,,,,,,,,,,,,,,,,,,,,,,,0.375
temporal pole superior temporal gyrus,1,1,6,1.44,2,right Temporal pole: superior temporal gyrus,R,77,78,A38l,STG_L(R)_6_5,0.375,1,,,,,,,,,,,,,,,,,,,,,,,,,0.375
temporal sub gyrus,1,1,2,1.24,2,Temporal sub-Gyrus,U,217,218,cHipp,Hipp_L(R)_2_2,0.75,1,,,,,,,,,,,,,,,,,,,,,,,,,0.75
temporal superior,1,1,6,1.44,2,Temporal Superior,U,73,74,TE1.0 and TE1.2,STG_L(R)_6_3,0.375,1,,,,,,,,,,,,,,,,,,,,,,,,,0.375
temporal network,1,1,2,1.24,2,Temporal network (language comprehension),U,121,122,rpSTS,pSTS_L(R)_2_1,0.75,1,,,,,,,,,,,,,,,,,,,,,,,,,0.75
temporal occipital cortex,1,1,6,1.44,2,Left temporal occipital cortex,L,201,202,V5/MT+,LOcC_L(R)_4_2,0.375,1,,,,,,,,,,,,,,,,,,,,,,,,,0.375
temporal occipital fusiform gyrus,1,1,3,1.36,2,Temporal occipital fusiform gyrus,U,107,108,A37lv,FuG_L(R)_3_3,0.6,1,,,,,,,,,,,,,,,,,,,,,,,,,0.6
temporal parieto occipital c,1,1,6,1.44,2,Temporal-parieto-occipital c.,U,143,144,A39rv,IPL_L(R)_6_5,0.375,1,,,,,,,,,,,,,,,,,,,,,,,,,0.375
temporal pole 20 38,1,1,6,1.44,2,Temporal Pole (20/38),U,77,78,A38l,STG_L(R)_6_5,0.375,1,,,,,,,,,,,,,,,,,,,,,,,,,0.375
temporal pole and lateral superior temporal gyrus,1,1,6,1.44,2,Temporal pole and lateral superior temporal gyrus,U,69,70,A38m,STG_L(R)_6_1,0.375,1,,,,,,,,,,,,,,,,,,,,,,,,,0.375
temporal pole ba 20,1,1,7,1.44,2,left temporal pole (BA20),L,93,94,A20r,ITG_L(R)_7_3,0.3333,1,,,,,,,,,,,,,,,,,,,,,,,,,0.3333
temporal pole ba 48,1,1,6,1.44,2,Left Temporal Pole (BA 48),L,73,74,TE1.0 and TE1.2,STG_L(R)_6_3,0.375,1,,,,,,,,,,,,,,,,,,,,,,,,,0.375
thalamus midline nucleus,1,1,8,1.44,2,L Thalamus midline nucleus,L,243,244,cTtha,Tha_L(R)_8_7,0.3,1,,,,,,,,,,,,,,,,,,,,,,,,,0.3
thalamus proper,1,1,6,1.44,2,Thalamus proper,U,227,228,dCa,BG_L(R)_6_5,0.375,1,,,,,,,,,,,,,,,,,,,,,,,,,0.375
thalamus van,1,1,8,1.44,2,Thalamus VAN,U,243,244,cTtha,Tha_L(R)_8_7,0.3,1,,,,,,,,,,,,,,,,,,,,,,,,,0.3
thalamusa,1,1,8,1.44,2,Thalamusa,U,245,246,lPFtha,Tha_L(R)_8_8,0.3,1,,,,,,,,,,,,,,,,,,,,,,,,,0.3
thalamush,1,1,8,1.44,2,ThalamusH,U,243,244,cTtha,Tha_L(R)_8_7,0.3,1,,,,,,,,,,,,,,,,,,,,,,,,,0.3
the insula,1,1,6,1.44,2,The right insula,R,171,172,dIg,INS_L(R)_6_5,0.375,1,,,,,,,,,,,,,,,,,,,,,,,,,0.375
the middle temporal gyrus,1,1,2,1.24,2,The right middle temporal gyrus,R,123,124,cpSTS,pSTS_L(R)_2_2,0.75,1,,,,,,,,,,,,,,,,,,,,,,,,,0.75
the postcentral gyrus,1,1,4,1.41,2,The right postcentral gyrus,R,157,158,A1/2/3tonIa,PoG_L(R)_4_2,0.5,1,,,,,,,,,,,,,,,,,,,,,,,,,0.5
temporo parietal white matter,1,1,6,1.44,2,R temporo-parietal white matter,R,143,144,A39rv,IPL_L(R)_6_5,0.375,1,,,,,,,,,,,,,,,,,,,,,,,,,0.375
temporoparietal cortex,1,1,6,1.44,2,L temporoparietal cortex,L,141,142,A40c,IPL_L(R)_6_4,0.375,1,,,,,,,,,,,,,,,,,,,,,,,,,0.375
temporoparietal junction ba 7,1,1,7,1.44,2,Right Temporoparietal junction (BA 7),R,15,16,A9/46d,MFG_L(R)_7_1,0.3333,1,,,,,,,,,,,,,,,,,,,,,,,,,0.3333
termporal mid,1,1,4,1.41,2,Termporal_Mid_R,R,87,88,aSTS,MTG_L(R)_4_4,0.5,1,,,,,,,,,,,,,,,,,,,,,,,,,0.5
thal m,1,1,6,1.44,2,Thal-M,U,221,222,GP,BG_L(R)_6_2,0.375,1,,,,,,,,,,,,,,,,,,,,,,,,,0.375
thal pref,1,1,8,1.44,2,Thal-pref,U,245,246,lPFtha,Tha_L(R)_8_8,0.3,1,,,,,,,,,,,,,,,,,,,,,,,,,0.3
thalamus cortex,1,1,8,1.44,2,Thalamus cortex,U,243,244,cTtha,Tha_L(R)_8_7,0.3,1,,,,,,,,,,,,,,,,,,,,,,,,,0.3
thalamus medial lr,1,1,8,1.44,2,Thalamus medial LR,U,237,238,rTtha,Tha_L(R)_8_4,0.3,1,,,,,,,,,,,,,,,,,,,,,,,,,0.3
temporo occipital fusiform,1,1,6,1.44,2,Temporo-occipital fusiform (L),L,113,114,TL,PhG_L(R)_6_3,0.375,1,,,,,,,,,,,,,,,,,,,,,,,,,0.375
temporo occipital junction,1,1,6,1.44,2,Left temporo−occipital junction,L,201,202,V5/MT+,LOcC_L(R)_4_2,0.375,1,,,,,,,,,,,,,,,,,,,,,,,,,0.375
temporo occipital sulcus,1,1,7,1.44,2,L Temporo-occipital sulcus,L,89,90,A20iv,ITG_L(R)_7_1,0.3333,1,,,,,,,,,,,,,,,,,,,,,,,,,0.3333
temporo parietal,1,1,6,1.44,2,L temporo-parietal,L,145,146,A40rv,IPL_L(R)_6_6,0.375,1,,,,,,,,,,,,,,,,,,,,,,,,,0.375
temporo parietal area,1,1,6,1.44,2,R temporo-parietal area,R,135,136,A39c,IPL_L(R)_6_1,0.375,1,,,,,,,,,,,,,,,,,,,,,,,,,0.375
temporo parietal junction area,1,1,6,1.44,2,left temporo-parietal junction area,L,143,144,A39rv,IPL_L(R)_6_5,0.375,1,,,,,,,,,,,,,,,,,,,,,,,,,0.375
temporo parietal junction ba 39,1,1,6,1.44,2,Lt. Temporo-parietal junction (BA39),L,143,144,A39rv,IPL_L(R)_6_5,0.375,1,,,,,,,,,,,,,,,,,,,,,,,,,0.375
temporo parietal lobe,1,1,6,1.44,2,Left temporo-parietal lobe,L,111,112,A35/36c,PhG_L(R)_6_2,0.375,1,,,,,,,,,,,,,,,,,,,,,,,,,0.375
anterior cingulum ba 32,1,1,7,1.44,2,Anterior cingulum (BA 32),U,187,188,A32sg,CG_L(R)_7_7,0.3333,1,,,,,,,,,,,,,,,,,,,,,,,,,0.3333
anterior corona radiata,1,1,6,1.44,2,left anterior corona radiata,L,51,52,A12/47l,OrG_L(R)_6_6,0.375,1,,,,,,,,,,,,,,,,,,,,,,,,,0.375
anterior corpus callosum,1,1,7,1.44,2,Right anterior corpus callosum,R,177,178,A24rv,CG_L(R)_7_2,0.3333,1,,,,,,,,,,,,,,,,,,,,,,,,,0.3333
anterior frontal,1,1,7,1.44,2,Anterior frontal,U,15,16,A9/46d,MFG_L(R)_7_1,0.3333,1,,,,,,,,,,,,,,,,,,,,,,,,,0.3333
anterior fusiform and itg,1,1,6,1.44,2,Anterior fusiform & ITG,U,163,164,G,INS_L(R)_6_1,0.375,1,,,,,,,,,,,,,,,,,,,,,,,,,0.375
anterior hc ba 34,1,1,2,1.24,2,Anterior HC (BA34),U,211,212,mAmyg,Amyg_L(R)_2_1,0.75,1,,,,,,,,,,,,,,,,,,,,,,,,,0.75
anterior hippocampal roi,1,1,2,1.24,2,Anterior hippocampal ROI???,U,215,216,rHipp,Hipp_L(R)_2_1,0.75,1,,,,,,,,,,,,,,,,,,,,,,,,,0.75
anterior hippocampal roia,1,1,2,1.24,2,Anterior hippocampal ROIa,U,215,216,rHipp,Hipp_L(R)_2_1,0.75,1,,,,,,,,,,,,,,,,,,,,,,,,,0.75
anterior cigulate cortex,1,1,7,1.44,2,anterior cigulate cortex,U,187,188,A32sg,CG_L(R)_7_7,0.3333,1,,,,,,,,,,,,,,,,,,,,,,,,,0.3333
anterior cingulate 24,1,1,7,1.44,2,L. Anterior Cingulate (24),L,187,188,A32sg,CG_L(R)_7_7,0.3333,1,,,,,,,,,,,,,,,,,,,,,,,,,0.3333
anterior cingulate and medial prefrontal,1,1,7,1.44,2,RH anterior cingulate and medial prefrontal,R,187,188,A32sg,CG_L(R)_7_7,0.3333,1,,,,,,,,,,,,,,,,,,,,,,,,,0.3333
anterior cingulate and supplementary motor cortex,1,1,8,1.44,2,Anterior cingulate and supplementary motor cortex (ACC/SMA),U,243,244,cTtha,Tha_L(R)_8_7,0.3,1,,,,,,,,,,,,,,,,,,,,,,,,,0.3
anterior cingulate ba 10,1,1,7,1.44,2,Lt. Anterior Cingulate (BA10),L,187,188,A32sg,CG_L(R)_7_7,0.3333,1,,,,,,,,,,,,,,,,,,,,,,,,,0.3333
anterior cingulate ba 24,1,1,7,1.44,2,Anterior Cingulate (BA 24),U,177,178,A24rv,CG_L(R)_7_2,0.3333,1,,,,,,,,,,,,,,,,,,,,,,,,,0.3333
anterior cingulate ba 25,1,1,7,1.44,2,L Anterior cingulate (BA 25),L,187,188,A32sg,CG_L(R)_7_7,0.3333,1,,,,,,,,,,,,,,,,,,,,,,,,,0.3333
anterior cingulate ba 9 32,1,1,7,1.44,2,Lt. Anterior cingulate (BA 9/32),L,179,180,A32p,CG_L(R)_7_3,0.3333,1,,,,,,,,,,,,,,,,,,,,,,,,,0.3333
ant mtg,1,1,6,1.44,2,LH ant MTG,L,79,80,A22r,STG_L(R)_6_6,0.375,1,,,,,,,,,,,,,,,,,,,,,,,,,0.375
ant mtg itg,1,1,7,1.44,2,Ant MTG-ITG,U,95,96,A20il,ITG_L(R)_7_4,0.3333,1,,,,,,,,,,,,,,,,,,,,,,,,,0.3333
ant mtg sts,1,1,4,1.41,2,Ant MTG-STS,U,87,88,aSTS,MTG_L(R)_4_4,0.5,1,,,,,,,,,,,,,,,,,,,,,,,,,0.5
anterio cingulate,1,1,7,1.44,2,Anterio cingulate,U,177,178,A24rv,CG_L(R)_7_2,0.3333,1,,,,,,,,,,,,,,,,,,,,,,,,,0.3333
anterior and middle cingulate cortex,1,1,7,1.44,2,anterior and middle cingulate cortex,U,179,180,A32p,CG_L(R)_7_3,0.3333,1,,,,,,,,,,,,,,,,,,,,,,,,,0.3333
anterior and superior corona radiata,1,1,7,1.44,2,left anterior and superior corona radiata,L,17,18,IFJ,MFG_L(R)_7_2,0.3333,1,,,,,,,,,,,,,,,,,,,,,,,,,0.3333
anterior calcarine sulcus,1,1,5,1.44,2,Anterior Calcarine Sulcus,U,191,192,rCunG,MVOcC_L(R)_5_2,0.4286,1,,,,,,,,,,,,,,,,,,,,,,,,,0.4286
anterior cc,1,1,6,1.44,2,Anterior CC,U,219,220,vCa,BG_L(R)_6_1,0.375,1,,,,,,,,,,,,,,,,,,,,,,,,,0.375
tpole,1,1,6,1.44,2,L TPole,L,69,70,A38m,STG_L(R)_6_1,0.375,1,,,,,,,,,,,,,,,,,,,,,,,,,0.375
tpomid,1,1,4,1.41,2,R TPOmid,R,87,88,aSTS,MTG_L(R)_4_4,0.5,1,,,,,,,,,,,,,,,,,,,,,,,,,0.5
transitional zone,1,1,4,1.41,2,Transitional zone,U,147,148,A7m,PCun_L(R)_4_1,0.5,1,,,,,,,,,,,,,,,,,,,,,,,,,0.5
transverse and superior temporal gyrus 41 42 22,1,1,2,1.24,2,"L transverse and superior temporal gyrus (41, 42, 22)",L,121,122,rpSTS,pSTS_L(R)_2_1,0.75,1,,,,,,,,,,,,,,,,,,,,,,,,,0.75
transverse and superior temporal gyrus 42 22,1,1,6,1.44,2,"L transverse and superior temporal gyrus (42, 22)",L,73,74,TE1.0 and TE1.2,STG_L(R)_6_3,0.375,1,,,,,,,,,,,,,,,,,,,,,,,,,0.375
transverse occipital sulcus,1,1,6,1.44,2,Transverse occipital sulcus (V3A),U,207,208,msOccG,LOcC_L(R)_2_1,0.375,1,,,,,,,,,,,,,,,,,,,,,,,,,0.375
transverse temporal and superior temporal gyrus,1,1,6,1.44,2,Left transverse temporal and superior temporal gyrus,L,71,72,A41/42,STG_L(R)_6_2,0.375,1,,,,,,,,,,,,,,,,,,,,,,,,,0.375
transverse temporal gyrus and sulcus,1,1,6,1.44,2,Transverse temporal gyrus and sulcus,U,71,72,A41/42,STG_L(R)_6_2,0.375,1,,,,,,,,,,,,,,,,,,,,,,,,,0.375
the superior temporal gyrus,1,1,6,1.44,2,The right superior temporal gyrus,R,75,76,A22c,STG_L(R)_6_4,0.375,1,,,,,,,,,,,,,,,,,,,,,,,,,0.375
tifg,1,1,6,1.44,2,tIFG,U,31,32,IFS,IFG_L(R)_6_2,0.375,1,,,,,,,,,,,,,,,,,,,,,,,,,0.375
tmp,1,1,6,1.44,2,TmP,U,173,174,dId,INS_L(R)_6_6,0.375,1,,,,,,,,,,,,,,,,,,,,,,,,,0.375
toc1,1,1,3,1.36,2,TOC1,U,107,108,A37lv,FuG_L(R)_3_3,0.6,1,,,,,,,,,,,,,,,,,,,,,,,,,0.6
tpj a,1,1,6,1.44,2,Right TPJ a,R,143,144,A39rv,IPL_L(R)_6_5,0.375,1,,,,,,,,,,,,,,,,,,,,,,,,,0.375
tpj ba 40,1,1,6,1.44,2,Lt. TPJ (BA40),L,141,142,A40c,IPL_L(R)_6_4,0.375,1,,,,,,,,,,,,,,,,,,,,,,,,,0.375
tpja,1,1,6,1.44,2,Left TPJa,L,141,142,A40c,IPL_L(R)_6_4,0.375,1,,,,,,,,,,,,,,,,,,,,,,,,,0.375
tpo,1,1,6,1.44,2,TPO,U,135,136,A39c,IPL_L(R)_6_1,0.375,1,,,,,,,,,,,,,,,,,,,,,,,,,0.375
ventral anterior thalamus nucleus,1,1,8,1.44,2,Ventral anterior thalamus nucleus,U,237,238,rTtha,Tha_L(R)_8_4,0.3,1,,,,,,,,,,,,,,,,,,,,,,,,,0.3
ventral caudate nucleus,1,1,6,1.44,2,Ventral caudate nucleus,U,227,228,dCa,BG_L(R)_6_5,0.375,1,,,,,,,,,,,,,,,,,,,,,,,,,0.375
ventral diencephalon,1,1,8,1.44,2,R Ventral Diencephalon,R,245,246,lPFtha,Tha_L(R)_8_8,0.3,1,,,,,,,,,,,,,,,,,,,,,,,,,0.3
ventral insula,1,1,6,1.44,2,Right ventral insula,R,169,170,vId/vIg,INS_L(R)_6_4,0.375,1,,,,,,,,,,,,,,,,,,,,,,,,,0.375
ventral intraparietal sulcus,1,1,6,1.44,2,right ventral intraparietal sulcus,R,199,200,mOccG,LOcC_L(R)_4_1,0.375,1,,,,,,,,,,,,,,,,,,,,,,,,,0.375
ventral ips,1,1,5,1.44,2,Right ventral IPS,R,197,198,vmPOS,MVOcC_L(R)_5_5,0.4286,1,,,,,,,,,,,,,,,,,,,,,,,,,0.4286
ventral lateral,1,1,8,1.44,2,Ventral lateral,U,245,246,lPFtha,Tha_L(R)_8_8,0.3,1,,,,,,,,,,,,,,,,,,,,,,,,,0.3
ventral lateral occipital cortex,1,1,6,1.44,2,Left ventral lateral occipital cortex,L,199,200,mOccG,LOcC_L(R)_4_1,0.375,1,,,,,,,,,,,,,,,,,,,,,,,,,0.375
v1 area,1,1,5,1.44,2,L V1 area,L,193,194,cCunG,MVOcC_L(R)_5_3,0.4286,1,,,,,,,,,,,,,,,,,,,,,,,,,0.4286
v3 4,1,1,6,1.44,2,V3−4,U,201,202,V5/MT+,LOcC_L(R)_4_2,0.375,1,,,,,,,,,,,,,,,,,,,,,,,,,0.375
vapfc,1,1,7,1.44,2,vaPFC,U,21,22,A9/46v,MFG_L(R)_7_4,0.3333,1,,,,,,,,,,,,,,,,,,,,,,,,,0.3333
vemis vii,1,1,6,1.44,2,Vemis VII,U,227,228,dCa,BG_L(R)_6_5,0.375,1,,,,,,,,,,,,,,,,,,,,,,,,,0.375
ventral anterior cingulate cortex 25,1,1,6,1.44,2,Bilateral Ventral Anterior Cingulate Cortex (25)*,B,49,50,A13,OrG_L(R)_6_5,0.375,1,,,,,,,,,,,,,,,,,,,,,,,,,0.375
ventral anterior nc,1,1,8,1.44,2,Ventral Anterior nc.,U,245,246,lPFtha,Tha_L(R)_8_8,0.3,1,,,,,,,,,,,,,,,,,,,,,,,,,0.3
ventral anterior nucleus,1,1,8,1.44,2,Ventral anterior nucleus,U,243,244,cTtha,Tha_L(R)_8_7,0.3,1,,,,,,,,,,,,,,,,,,,,,,,,,0.3
ventral anterior thalamus,1,1,8,1.44,2,Right ventral anterior thalamus,R,231,232,mPFtha,Tha_L(R)_8_1,0.3,1,,,,,,,,,,,,,,,,,,,,,,,,,0.3
uncinate fasciculus,1,1,6,1.44,2,Right uncinate fasciculus,R,229,230,dlPu,BG_L(R)_6_6,0.375,1,,,,,,,,,,,,,,,,,,,,,,,,,0.375
unclassified white matter,1,1,6,1.44,2,Unclassified white matter,U,225,226,vmPu,BG_L(R)_6_4,0.375,1,,,,,,,,,,,,,,,,,,,,,,,,,0.375
uncus and amygdala,1,1,6,1.44,2,Uncus and amygdala,U,109,110,A35/36r,PhG_L(R)_6_1,0.375,1,,,,,,,,,,,,,,,,,,,,,,,,,0.375
uncus ba 28,1,1,6,1.44,2,Right uncus (BA 28),R,229,230,dlPu,BG_L(R)_6_6,0.375,1,,,,,,,,,,,,,,,,,,,,,,,,,0.375
uncus ba 36,1,1,6,1.44,2,Uncus (BA 36),U,115,116,A28/34,PhG_L(R)_6_4,0.375,1,,,,,,,,,,,,,,,,,,,,,,,,,0.375
undefined,1,1,7,1.44,2,Undefined,U,93,94,A20r,ITG_L(R)_7_3,0.3333,1,,,,,,,,,,,,,,,,,,,,,,,,,0.3333
upper bank of caudal sts,1,1,6,1.44,2,Upper bank of caudal STS,U,143,144,A39rv,IPL_L(R)_6_5,0.375,1,,,,,,,,,,,,,,,,,,,,,,,,,0.375
v gprc,1,1,4,1.41,2,v GPrC,U,155,156,A1/2/3ulhf,PoG_L(R)_4_1,0.5,1,,,,,,,,,,,,,,,,,,,,,,,,,0.5
anterior cingulate cl,1,1,7,1.44,2,Anterior Cingulate_CL,U,187,188,A32sg,CG_L(R)_7_7,0.3333,1,,,,,,,,,,,,,,,,,,,,,,,,,0.3333
anterior cingulate cortex 11 32,1,1,7,1.44,2,Anterior cingulate cortex (11/32),U,179,180,A32p,CG_L(R)_7_3,0.3333,1,,,,,,,,,,,,,,,,,,,,,,,,,0.3333
anterior cingulate cortex and,1,1,7,1.44,2,Anterior_Cingulate_Cortex_L&R,B,183,184,A24cd,CG_L(R)_7_5,0.3333,1,,,,,,,,,,,,,,,,,,,,,,,,,0.3333
triangular part of inferior frontal gyrus,1,1,6,1.44,2,Triangular part of left inferior frontal gyrus???,L,29,30,A44d,IFG_L(R)_6_1,0.375,1,,,,,,,,,,,,,,,,,,,,,,,,,0.375
triangular part of inferior frontal gyrus1,1,1,6,1.44,2,Triangular part of left inferior frontal gyrus1,L,29,30,A44d,IFG_L(R)_6_1,0.375,1,,,,,,,,,,,,,,,,,,,,,,,,,0.375
trigeminal system,1,1,8,1.44,2,Trigeminal System,U,245,246,lPFtha,Tha_L(R)_8_8,0.3,1,,,,,,,,,,,,,,,,,,,,,,,,,0.3
ttg,1,1,6,1.44,2,R TTG (Heschl's g.),R,71,72,A41/42,STG_L(R)_6_2,0.375,1,,,,,,,,,,,,,,,,,,,,,,,,,0.375
ttg 42,1,1,6,1.44,2,TTG (42),U,75,76,A22c,STG_L(R)_6_4,0.375,1,,,,,,,,,,,,,,,,,,,,,,,,,0.375
angular gyrusa,1,1,6,1.44,2,[4] R angular gyrusa,R,137,138,A39rd,IPL_L(R)_6_2,0.375,1,,,,,,,,,,,,,,,,,,,,,,,,,0.375
angular sulcus,1,1,6,1.44,2,R angular sulcus,R,143,144,A39rv,IPL_L(R)_6_5,0.375,1,,,,,,,,,,,,,,,,,,,,,,,,,0.375
ant cing gyrus,1,1,7,1.44,2,Ant. Cing. Gyrus,U,9,10,A6m,SFG_L(R)_7_5,0.3333,1,,,,,,,,,,,,,,,,,,,,,,,,,0.3333
ant cingulate cortex,1,1,7,1.44,2,L ant. cingulate cortex,LR,179,180,A32p,CG_L(R)_7_3,0.3333,1,,,,,,,,,,,,,,,,,,,,,,,,,0.3333
ant cingulum,1,1,7,1.44,2,L ant cingulum,L,187,188,A32sg,CG_L(R)_7_7,0.3333,1,,,,,,,,,,,,,,,,,,,,,,,,,0.3333
ant hippocampus,1,1,2,1.24,2,L Ant. Hippocampus,L,215,216,rHipp,Hipp_L(R)_2_1,0.75,1,,,,,,,,,,,,,,,,,,,,,,,,,0.75
ant inferior temporal gyrus,1,1,6,1.44,2,Ant. inferior temporal gyrus,U,163,164,G,INS_L(R)_6_1,0.375,1,,,,,,,,,,,,,,,,,,,,,,,,,0.375
ant insula cl,1,1,6,1.44,2,Ant. insula cl,U,167,168,dIa,INS_L(R)_6_3,0.375,1,,,,,,,,,,,,,,,,,,,,,,,,,0.375
angluar gyrus,1,1,6,1.44,2,Angluar gyrus,U,143,144,A39rv,IPL_L(R)_6_5,0.375,1,,,,,,,,,,,,,,,,,,,,,,,,,0.375
angular and inferior parietal,1,1,4,1.41,2,Angular & inferior parietal,U,85,86,A37dl,MTG_L(R)_4_3,0.5,1,,,,,,,,,,,,,,,,,,,,,,,,,0.5
angular g 1,1,1,6,1.44,2,L angular g (1),L,143,144,A39rv,IPL_L(R)_6_5,0.375,1,,,,,,,,,,,,,,,,,,,,,,,,,0.375
angular g 2,1,1,6,1.44,2,L angular g (2),L,143,144,A39rv,IPL_L(R)_6_5,0.375,1,,,,,,,,,,,,,,,,,,,,,,,,,0.375
angular gy,1,1,6,1.44,2,Angular Gy.,U,143,144,A39rv,IPL_L(R)_6_5,0.375,1,,,,,,,,,,,,,,,,,,,,,,,,,0.375
angular gyrus and superior temporal sulcus,1,1,6,1.44,2,Angular gyrus and superior temporal sulcus,U,143,144,A39rv,IPL_L(R)_6_5,0.375,1,,,,,,,,,,,,,,,,,,,,,,,,,0.375
angular gyrus temporal parietal junction,1,1,6,1.44,2,L angular gyrus [temporal parietal junction],LR,143,144,A39rv,IPL_L(R)_6_5,0.375,1,,,,,,,,,,,,,,,,,,,,,,,,,0.375
angular gyrus2,1,1,6,1.44,2,Angular gyrus2,U,141,142,A40c,IPL_L(R)_6_4,0.375,1,,,,,,,,,,,,,,,,,,,,,,,,,0.375
ventral part,1,1,4,1.41,2,Ventral part,U,153,154,A31,PCun_L(R)_4_4,0.5,1,,,,,,,,,,,,,,,,,,,,,,,,,0.5
ventral pop,1,1,6,1.44,2,Left ventral POp,L,39,40,A44v,IFG_L(R)_6_6,0.375,1,,,,,,,,,,,,,,,,,,,,,,,,,0.375
ventral posterior cingulate,1,1,6,1.44,2,Ventral posterior cingulate,U,227,228,dCa,BG_L(R)_6_5,0.375,1,,,,,,,,,,,,,,,,,,,,,,,,,0.375
ventral posterior cingulate gyrus,1,1,7,1.44,2,Ventral posterior cingulate gyrus,U,175,176,A23d,CG_L(R)_7_1,0.3333,1,,,,,,,,,,,,,,,,,,,,,,,,,0.3333
ventral posterior insula,1,1,6,1.44,2,Left ventral posterior insula,L,163,164,G,INS_L(R)_6_1,0.375,1,,,,,,,,,,,,,,,,,,,,,,,,,0.375
ventral posterior medial nucleus,1,1,8,1.44,2,Ventral posterior medial nucleus (thalamus),U,235,236,Stha,Tha_L(R)_8_3,0.3,1,,,,,,,,,,,,,,,,,,,,,,,,,0.3
ventral posterior medial thalamus,1,1,8,1.44,2,Ventral posterior medial thalamus,U,235,236,Stha,Tha_L(R)_8_3,0.3,1,,,,,,,,,,,,,,,,,,,,,,,,,0.3
ventral pre frontal,1,1,6,1.44,2,Right ventral pre-frontal,R,51,52,A12/47l,OrG_L(R)_6_6,0.375,1,,,,,,,,,,,,,,,,,,,,,,,,,0.375
ventral lateral prefrontal cortex,1,1,6,1.44,2,Left ventral lateral prefrontal cortex,L,37,38,A44op,IFG_L(R)_6_5,0.375,1,,,,,,,,,,,,,,,,,,,,,,,,,0.375
ventral medial frontal gyrus,1,1,6,1.44,2,Ventral medial frontal gyrus,U,47,48,A11m,OrG_L(R)_6_4,0.375,1,,,,,,,,,,,,,,,,,,,,,,,,,0.375
ventral occipital temporal lobe,1,1,3,1.36,2,Left ventral occipital-temporal lobe,LR,107,108,A37lv,FuG_L(R)_3_3,0.6,1,,,,,,,,,,,,,,,,,,,,,,,,,0.6
ventral occipito temporal cortex,1,1,3,1.36,2,Ventral occipito-temporal cortex (combined),U,105,106,A37mv,FuG_L(R)_3_2,0.6,1,,,,,,,,,,,,,,,,,,,,,,,,,0.6
ventral occipitotemporal cortex,1,1,3,1.36,2,Ventral occipitotemporal cortex,U,107,108,A37lv,FuG_L(R)_3_3,0.6,1,,,,,,,,,,,,,,,,,,,,,,,,,0.6
ventral pallidum,1,1,6,1.44,2,Ventral pallidum,U,223,224,NAC,BG_L(R)_6_3,0.375,1,,,,,,,,,,,,,,,,,,,,,,,,,0.375
ventral parietal ctx,1,1,6,1.44,2,Ventral Parietal Ctx.,U,143,144,A39rv,IPL_L(R)_6_5,0.375,1,,,,,,,,,,,,,,,,,,,,,,,,,0.375
ventral pars triangularis,1,1,6,1.44,2,Ventral pars triangularis,U,37,38,A44op,IFG_L(R)_6_5,0.375,1,,,,,,,,,,,,,,,,,,,,,,,,,0.375
viiib,1,1,5,1.44,2,VIIIb,U,197,198,vmPOS,MVOcC_L(R)_5_5,0.4286,1,,,,,,,,,,,,,,,,,,,,,,,,,0.4286
vip,1,1,6,1.44,2,VIP,U,139,140,A40rd,IPL_L(R)_6_3,0.375,1,,,,,,,,,,,,,,,,,,,,,,,,,0.375
vipl,1,1,4,1.41,2,vIPL,U,159,160,A2,PoG_L(R)_4_3,0.5,1,,,,,,,,,,,,,,,,,,,,,,,,,0.5
vipst,1,1,6,1.44,2,L VIPSt,L,209,210,lsOccG,LOcC_L(R)_2_2,0.375,1,,,,,,,,,,,,,,,,,,,,,,,,,0.375
vis,1,1,5,1.44,2,VIS,U,191,192,rCunG,MVOcC_L(R)_5_2,0.4286,1,,,,,,,,,,,,,,,,,,,,,,,,,0.4286
white matter to inferior frontal gyrus,1,1,6,1.44,2,White matter to inferior frontal gyrus (R),R,37,38,A44op,IFG_L(R)_6_5,0.375,1,,,,,,,,,,,,,,,,,,,,,,,,,0.375
white matter2,1,1,7,1.44,2,White matter2,U,21,22,A9/46v,MFG_L(R)_7_4,0.3333,1,,,,,,,,,,,,,,,,,,,,,,,,,0.3333
acs,1,1,7,1.44,2,ACS,U,177,178,A24rv,CG_L(R)_7_2,0.3333,1,,,,,,,,,,,,,,,,,,,,,,,,,0.3333
vermis 8,1,1,5,1.44,2,Vermis 8,U,191,192,rCunG,MVOcC_L(R)_5_2,0.4286,1,,,,,,,,,,,,,,,,,,,,,,,,,0.4286
vermis 9,1,1,5,1.44,2,Vermis 9,U,197,198,vmPOS,MVOcC_L(R)_5_5,0.4286,1,,,,,,,,,,,,,,,,,,,,,,,,,0.4286
vermis vii,1,1,6,1.44,2,Vermis VII,U,227,228,dCa,BG_L(R)_6_5,0.375,1,,,,,,,,,,,,,,,,,,,,,,,,,0.375
vermis viib,1,1,5,1.44,2,Vermis VIIb,U,195,196,rLinG,MVOcC_L(R)_5_4,0.4286,1,,,,,,,,,,,,,,,,,,,,,,,,,0.4286
vermis viii,1,1,6,1.44,2,Vermis VIII,U,227,228,dCa,BG_L(R)_6_5,0.375,1,,,,,,,,,,,,,,,,,,,,,,,,,0.375
vfca,1,1,6,1.44,2,Left VFCa,LR,167,168,dIa,INS_L(R)_6_3,0.375,1,,,,,,,,,,,,,,,,,,,,,,,,,0.375
vifg1,1,1,6,1.44,2,L.vIFG1,L,37,38,A44op,IFG_L(R)_6_5,0.375,1,,,,,,,,,,,,,,,,,,,,,,,,,0.375
vifg2,1,1,6,1.44,2,L.vIFG2,L,35,36,A45r,IFG_L(R)_6_4,0.375,1,,,,,,,,,,,,,,,,,,,,,,,,,0.375
ventrolateral temporopolar cortex,1,1,6,1.44,2,Ventrolateral temporopolar cortex,U,39,40,A44v,IFG_L(R)_6_6,0.375,1,,,,,,,,,,,,,,,,,,,,,,,,,0.375
ventromdial pfc,1,1,6,1.44,2,Ventromdial PFC,U,41,42,A14m,OrG_L(R)_6_1,0.375,1,,,,,,,,,,,,,,,,,,,,,,,,,0.375
ventromedial frontal gyrus,1,1,6,1.44,2,L ventromedial frontal gyrus,L,49,50,A13,OrG_L(R)_6_5,0.375,1,,,,,,,,,,,,,,,,,,,,,,,,,0.375
ventromedial pfc ba 10,1,1,7,1.44,2,Right ventromedial PFC (BA 10),R,13,14,A10m,SFG_L(R)_7_7,0.3333,1,,,,,,,,,,,,,,,,,,,,,,,,,0.3333
ventromedial prefrontal,1,1,6,1.44,2,Ventromedial prefrontal,U,41,42,A14m,OrG_L(R)_6_1,0.375,1,,,,,,,,,,,,,,,,,,,,,,,,,0.375
ventromedial thalamus,1,1,8,1.44,2,Ventromedial thalamus,U,233,234,mPMtha,Tha_L(R)_8_2,0.3,1,,,,,,,,,,,,,,,,,,,,,,,,,0.3
ventrotemporal cortex andcerebellum,1,1,3,1.36,2,Ventrotemporal cortex andcerebellum (VT/cereb),U,105,106,A37mv,FuG_L(R)_3_2,0.6,1,,,,,,,,,,,,,,,,,,,,,,,,,0.6
vermis 4 5,1,1,7,1.44,2,Vermis 4 5,U,181,182,A23v,CG_L(R)_7_4,0.3333,1,,,,,,,,,,,,,,,,,,,,,,,,,0.3333
and inferior occipital gyrus,1,1,6,1.44,2,L & R inferior occipital gyrus,B,207,208,msOccG,LOcC_L(R)_2_1,0.375,1,,,,,,,,,,,,,,,,,,,,,,,,,0.375
and middle temporal gyrus ba 21,1,1,4,1.41,2,and right middle temporal gyrus (BA21),R,87,88,aSTS,MTG_L(R)_4_4,0.5,1,,,,,,,,,,,,,,,,,,,,,,,,,0.5
and supplementary motor area,1,1,7,1.44,2,L & R supplementary motor area,B,1,2,A8m,SFG_L(R)_7_1,0.3333,1,,,,,,,,,,,,,,,,,,,,,,,,,0.3333
and supramarginal gyrus,1,1,6,1.44,2,and left supramarginal gyrus,L,143,144,A39rv,IPL_L(R)_6_5,0.375,1,,,,,,,,,,,,,,,,,,,,,,,,,0.375
and thalamus,1,1,8,1.44,2,L & R thalamus (anterior nucleus),B,243,244,cTtha,Tha_L(R)_8_7,0.3,1,,,,,,,,,,,,,,,,,,,,,,,,,0.3
and v1,1,1,5,1.44,2,L & R V1,B,191,192,rCunG,MVOcC_L(R)_5_2,0.4286,1,,,,,,,,,,,,,,,,,,,,,,,,,0.4286
and wm within stg,1,1,8,1.44,2,and WM within left STG,L,239,240,PPtha,Tha_L(R)_8_5,0.3,1,,,,,,,,,,,,,,,,,,,,,,,,,0.3
ventrolateral prefrontal cortex2,1,1,7,1.44,2,Ventrolateral prefrontal cortex2,U,21,22,A9/46v,MFG_L(R)_7_4,0.3333,1,,,,,,,,,,,,,,,,,,,,,,,,,0.3333
vpl,1,1,8,1.44,2,VPL,U,235,236,Stha,Tha_L(R)_8_3,0.3,1,,,,,,,,,,,,,,,,,,,,,,,,,0.3
vpm thalamus,1,1,8,1.44,2,VPM thalamus,U,245,246,lPFtha,Tha_L(R)_8_8,0.3,1,,,,,,,,,,,,,,,,,,,,,,,,,0.3
vwfa,1,1,3,1.36,2,L VWFA,L,107,108,A37lv,FuG_L(R)_3_3,0.6,1,,,,,,,,,,,,,,,,,,,,,,,,,0.6
white matter adjacent to posterior thalamus,1,1,8,1.44,2,White matter adjacent to posterior thalamus,U,239,240,PPtha,Tha_L(R)_8_5,0.3,1,,,,,,,,,,,,,,,,,,,,,,,,,0.3
lsma,1,1,6,1.44,2,LSMA,U,227,228,dCa,BG_L(R)_6_5,0.375,1,,,,,,,,,,,,,,,,,,,,,,,,,0.375
lstg,1,1,6,1.44,2,LSTG,U,73,74,TE1.0 and TE1.2,STG_L(R)_6_3,0.375,1,,,,,,,,,,,,,,,,,,,,,,,,,0.375
ltalamus,1,1,8,1.44,2,Ltalamus,U,241,242,Otha,Tha_L(R)_8_6,0.3,1,,,,,,,,,,,,,,,,,,,,,,,,,0.3
ltc,1,1,7,1.44,2,LTC,U,97,98,A37vl,ITG_L(R)_7_5,0.3333,1,,,,,,,,,,,,,,,,,,,,,,,,,0.3333
vlprcs,1,1,6,1.44,2,L vlPrcS,L,53,54,A4hf,PrG_L(R)_6_1,0.375,1,,,,,,,,,,,,,,,,,,,,,,,,,0.375
vltn,1,1,8,1.44,2,vltn,U,239,240,PPtha,Tha_L(R)_8_5,0.3,1,,,,,,,,,,,,,,,,,,,,,,,,,0.3
vmpfc 11,1,1,7,1.44,2,vmPFC (11),U,187,188,A32sg,CG_L(R)_7_7,0.3333,1,,,,,,,,,,,,,,,,,,,,,,,,,0.3333
vmpfc 11 10,1,1,6,1.44,2,vmPFC (11/10),U,41,42,A14m,OrG_L(R)_6_1,0.375,1,,,,,,,,,,,,,,,,,,,,,,,,,0.375
vmpfc ba 11 12 25,1,1,6,1.44,2,vmPFC (BA 11/12/25),U,223,224,NAC,BG_L(R)_6_3,0.375,1,,,,,,,,,,,,,,,,,,,,,,,,,0.375
vmpfc1,1,1,7,1.44,2,vmPFC1,U,187,188,A32sg,CG_L(R)_7_7,0.3333,1,,,,,,,,,,,,,,,,,,,,,,,,,0.3333
vpcc,1,1,7,1.44,2,R vPCC,R,181,182,A23v,CG_L(R)_7_4,0.3333,1,,,,,,,,,,,,,,,,,,,,,,,,,0.3333
vpcc ba 24,1,1,8,1.44,2,vPCC (BA24),U,231,232,mPFtha,Tha_L(R)_8_1,0.3,1,,,,,,,,,,,,,,,,,,,,,,,,,0.3
visual area,1,1,5,1.44,2,Visual Areas,U,191,192,rCunG,MVOcC_L(R)_5_2,0.4286,1,,,,,,,,,,,,,,,,,,,,,,,,,0.4286
visual area v5,1,1,6,1.44,2,R Visual area V5,R,201,202,V5/MT+,LOcC_L(R)_4_2,0.375,1,,,,,,,,,,,,,,,,,,,,,,,,,0.375
visual areasdamh,1,1,6,1.44,2,Visual areasdamh,U,199,200,mOccG,LOcC_L(R)_4_1,0.375,1,,,,,,,,,,,,,,,,,,,,,,,,,0.375
visual cortex ba 18,1,1,5,1.44,2,L. visual cortex BA18,LR,195,196,rLinG,MVOcC_L(R)_5_4,0.4286,1,,,,,,,,,,,,,,,,,,,,,,,,,0.4286
visual region,1,1,4,1.41,2,Visual region,U,151,152,dmPOS,PCun_L(R)_4_3,0.5,1,,,,,,,,,,,,,,,,,,,,,,,,,0.5
vl thalamus,1,1,2,1.24,2,L VL thalamus,L,215,216,rHipp,Hipp_L(R)_2_1,0.75,1,,,,,,,,,,,,,,,,,,,,,,,,,0.75
vlpfc sphere,1,1,6,1.44,2,vlPFC_L_sphere,LR,35,36,A45r,IFG_L(R)_6_4,0.375,1,,,,,,,,,,,,,,,,,,,,,,,,,0.375
vlpfc to dlpfc,1,1,6,1.44,2,vlPFC to dlPFC,U,63,64,A6cvl,PrG_L(R)_6_6,0.375,1,,,,,,,,,,,,,,,,,,,,,,,,,0.375
adacc,1,1,7,1.44,2,adACC,U,187,188,A32sg,CG_L(R)_7_7,0.3333,1,,,,,,,,,,,,,,,,,,,,,,,,,0.3333
ahc,1,1,6,1.44,2,aHC,U,109,110,A35/36r,PhG_L(R)_6_1,0.375,1,,,,,,,,,,,,,,,,,,,,,,,,,0.375
aib,1,1,6,1.44,2,Right AIb,R,173,174,dId,INS_L(R)_6_6,0.375,1,,,,,,,,,,,,,,,,,,,,,,,,,0.375
aifs,1,1,6,1.44,2,aIFS,U,31,32,IFS,IFG_L(R)_6_2,0.375,1,,,,,,,,,,,,,,,,,,,,,,,,,0.375
ains d,1,1,6,1.44,2,aINS-d,U,173,174,dId,INS_L(R)_6_6,0.375,1,,,,,,,,,,,,,,,,,,,,,,,,,0.375
ains v,1,1,6,1.44,2,aINS-v,U,225,226,vmPu,BG_L(R)_6_4,0.375,1,,,,,,,,,,,,,,,,,,,,,,,,,0.375
aip,1,1,6,1.44,2,Left AIP,LR,139,140,A40rd,IPL_L(R)_6_3,0.375,1,,,,,,,,,,,,,,,,,,,,,,,,,0.375
aip 40,1,1,2,1.24,2,AIP (40),U,121,122,rpSTS,pSTS_L(R)_2_1,0.75,1,,,,,,,,,,,,,,,,,,,,,,,,,0.75
