dataset,query,review_flag,score,top_homba_id,top_name,methods,matched_query,matched_alias,modifier_terms,modifier_match_score,rank2_name,rank2_score,llm_check,review_record_id,source_file,source_row,pass1_label,pass1_certainty,pass1_confidence,pass1_reason,pass2_label,pass2_certainty,pass2_confidence,pass2_reason,pass3_label,pass3_certainty,pass3_confidence,pass3_reason,final_consistency_label,final_certainty,final_confidence,vote_agreement,has_vote_disagreement,vote_split_pattern,uncertainty_tag,final_reason,_category,_mechanism
corpus,Abducens nucleus,high_confidence,1.0,HOMBA:12418,abducens nucleus,bm25+exact+fuzzy,Abducens nucleus,Abducens nucleus,,1.0,efferent nuclei of the cranial nerves in midbrain,0.260505,correct,0,1_highconf_correct.csv,2,aligned,high,1.0,"Query 'Abducens nucleus' matches top1 'abducens nucleus' exactly except for case, referring to the same structure.",aligned,high,1.0,Exact match with case variation; same anatomical structure.,aligned,high,1.0,Exact match except case.,aligned,high,1.0,3/3,False,3-0,stable,"Query 'Abducens nucleus' matches top1 'abducens nucleus' exactly except for case, referring to the same structure. | Exact match with case variation; same anatomical structure. | Exact match except case.",,
corpus,Accessory facial nucleus,high_confidence,1.0,HOMBA:12419,accessory facial nucleus,bm25+exact+fuzzy,Accessory facial nucleus,Accessory facial nucleus,accessory,1.0,accessory nerve nucleus (supraspinal nucleus),0.407986,correct,1,1_highconf_correct.csv,3,aligned,high,1.0,"Query 'Accessory facial nucleus' matches top1 'accessory facial nucleus' exactly, identical structure.",aligned,high,1.0,"Exact match, including modifier 'accessory'.",aligned,high,1.0,Exact match except case.,aligned,high,1.0,3/3,False,3-0,stable,"Query 'Accessory facial nucleus' matches top1 'accessory facial nucleus' exactly, identical structure. | Exact match, including modifier 'accessory'. | Exact match except case.",,
corpus,Alveus,high_confidence,1.0,HOMBA:10570,alveus,bm25+exact+fuzzy,Alveus,Alveus,,1.0,,,correct,2,1_highconf_correct.csv,4,aligned,high,1.0,"Query 'Alveus' matches top1 'alveus' exactly, same anatomical structure.",aligned,high,1.0,Exact match.,aligned,high,1.0,Exact match except case.,aligned,high,1.0,3/3,False,3-0,stable,"Query 'Alveus' matches top1 'alveus' exactly, same anatomical structure. | Exact match. | Exact match except case.",,
corpus,Amygdala,high_confidence,1.0,HOMBA:10361,amygdaloid complex,bm25+exact+fuzzy,Amygdala,Amygdala,,1.0,regions of amygdaloid complex,0.903017,correct,3,1_highconf_correct.csv,5,aligned,high,0.99,"Query 'Amygdala' is a common synonym for top1 'amygdaloid complex'; accepted alternative name, consistent.",aligned,high,1.0,'amygdaloid complex' is the standard term for amygdala; accepted synonym.,aligned,high,1.0,'Amygdala' and 'amygdaloid complex' are synonymous in neuroanatomy.,aligned,high,0.9967,3/3,False,3-0,stable,"Query 'Amygdala' is a common synonym for top1 'amygdaloid complex'; accepted alternative name, consistent. | 'amygdaloid complex' is the standard term for amygdala; accepted synonym. | 'Amygdala' and 'amygdaloid complex' are synonymous in neuroanatomy.",,
corpus,Angular gyrus,high_confidence,1.0,HOMBA:12136,angular gyrus,bm25+exact+fuzzy,Angular gyrus,Angular gyrus,,1.0,inferior parietal lobule (gyrus),0.8342,correct,4,1_highconf_correct.csv,6,aligned,high,1.0,"Query 'Angular gyrus' matches top1 'angular gyrus' exactly except for case, same structure.",aligned,high,1.0,Exact match.,aligned,high,1.0,Exact match except case.,aligned,high,1.0,3/3,False,3-0,stable,"Query 'Angular gyrus' matches top1 'angular gyrus' exactly except for case, same structure. | Exact match. | Exact match except case.",,
corpus,Ansa lenticularis,high_confidence,1.0,HOMBA:10571,ansa lenticularis,bm25+exact+fuzzy,Ansa lenticularis,Ansa lenticularis,,1.0,ansa peduncularis,0.278056,correct,5,1_highconf_correct.csv,7,aligned,high,1.0,Exact match (case-insensitive) between query and top1_name.,aligned,high,1.0,Exact match (case-insensitive).,aligned,high,1.0,Exact case-insensitive match.,aligned,high,1.0,3/3,False,3-0,stable,Exact match (case-insensitive) between query and top1_name. | Exact match (case-insensitive). | Exact case-insensitive match.,,
corpus,Anterior commissure,high_confidence,1.0,HOMBA:10559,anterior commissure,bm25+exact+fuzzy+hierarchy_parent,Anterior commissure,Anterior commissure,,1.0,rostral (anterior) branch of anterior commissure,0.697635,correct,6,1_highconf_correct.csv,8,aligned,high,1.0,Exact match (case-insensitive) between query and top1_name.,aligned,high,1.0,Exact match (case-insensitive).,aligned,high,1.0,Exact case-insensitive match.,aligned,high,1.0,3/3,False,3-0,stable,Exact match (case-insensitive) between query and top1_name. | Exact match (case-insensitive). | Exact case-insensitive match.,,
corpus,Anterior thalamic nucleus,high_confidence,1.0,HOMBA:10392,anterior nuclear complex of thalamus,bm25+exact+fuzzy+hierarchy_parent,anterior thalamic nuclei,anterior thalamic nuclei,,1.0,ventral anterior nucleus of thalamus,0.75465,correct,7,1_highconf_correct.csv,9,broader_parent,medium,0.8,Query 'anterior thalamic nucleus' (singular) is a component of 'anterior nuclear complex of thalamus'; top1 is broader parent.,broader_parent,high,0.9,Top1 is broader: anterior nuclear complex includes the anterior thalamic nucleus. Anatomically correct parent.,aligned,high,0.95,Query refers to anterior thalamic nucleus group; top1 is the accepted complex (anterior nuclear complex of thalamus). Singular/plural variation does not change the anatomical entity.,broader_parent,medium,0.8833,2/3,True,2-1,majority_vote,Query 'anterior thalamic nucleus' (singular) is a component of 'anterior nuclear complex of thalamus'; top1 is broader parent. | Top1 is broader: anterior nuclear complex includes the anterior thalamic nucleus. Anatomically correct parent. | Query refers to anterior thalamic nucleus group; top1 is the accepted complex (anterior nuclear complex of thalamus). Singular/plural variation does not change the anatomical entity.,,
corpus,Arcuate fasciculus,high_confidence,1.0,HOMBA:10569,arcuate fasciculus,bm25+exact+fuzzy,Arcuate fasciculus,Arcuate fasciculus,,1.0,dorsal fasciculus (column) of spinal cord,0.281916,correct,8,1_highconf_correct.csv,10,aligned,high,1.0,Exact match (case-insensitive) between query and top1_name.,aligned,high,1.0,Exact match (case-insensitive).,aligned,high,1.0,Exact case-insensitive match.,aligned,high,1.0,3/3,False,3-0,stable,Exact match (case-insensitive) between query and top1_name. | Exact match (case-insensitive). | Exact case-insensitive match.,,
corpus,Area 52,high_confidence,1.0,HOMBA:10267,parainsular cortex (area 52),bm25+exact+fuzzy,Area 52,Area 52,,1.0,,,correct,9,1_highconf_correct.csv,11,aligned,high,1.0,Top1 includes query as parenthetical alias; same anatomical structure.,aligned,high,1.0,Synonym match: 'parainsular cortex (area 52)' contains 'Area 52'.,aligned,high,1.0,"Area 52 is parainsular cortex; top1 explicitly includes 'area 52' in name, exact correspondence.",aligned,high,1.0,3/3,False,3-0,stable,"Top1 includes query as parenthetical alias; same anatomical structure. | Synonym match: 'parainsular cortex (area 52)' contains 'Area 52'. | Area 52 is parainsular cortex; top1 explicitly includes 'area 52' in name, exact correspondence.",,
corpus,Area postrema,high_confidence,1.0,HOMBA:12807,area postrema,bm25+exact+fuzzy,Area postrema,Area postrema,,1.0,,,correct,10,1_highconf_correct.csv,12,aligned,high,1.0,Direct match: 'area postrema' is the same structure as 'Area postrema' with case variation.,aligned,high,1.0,Exact match with case difference; same anatomical structure.,aligned,high,1.0,Direct match ignoring capitalization; same anatomical structure.,aligned,high,1.0,3/3,False,3-0,stable,Direct match: 'area postrema' is the same structure as 'Area postrema' with case variation. | Exact match with case difference; same anatomical structure. | Direct match ignoring capitalization; same anatomical structure.,,
corpus,Brachium conjunctivum,high_confidence,1.0,HOMBA:12354,superior cerebellar peduncle (brachium conjunctivum),bm25+exact+fuzzy,Brachium conjunctivum,Brachium conjunctivum,,1.0,middle cerebellar peduncle (brachium pontis),0.265707,correct,11,1_highconf_correct.csv,13,aligned,high,1.0,Top1 includes the query as a synonym in parentheses; 'Brachium conjunctivum' is the same as 'superior cerebellar peduncle'.,aligned,high,1.0,Brachium conjunctivum is a synonym for superior cerebellar peduncle; top1_name includes the synonym parenthetically.,aligned,high,1.0,Accepted synonym: brachium conjunctivum is the superior cerebellar peduncle.,aligned,high,1.0,3/3,False,3-0,stable,Top1 includes the query as a synonym in parentheses; 'Brachium conjunctivum' is the same as 'superior cerebellar peduncle'. | Brachium conjunctivum is a synonym for superior cerebellar peduncle; top1_name includes the synonym parenthetically. | Accepted synonym: brachium conjunctivum is the superior cerebellar peduncle.,,
corpus,CA1,high_confidence,1.0,HOMBA:10297,CA1 region of hippocampus,bm25+exact+fuzzy+hierarchy_parent,CA1,CA1,,1.0,"lamination of hippocampal proper (CA1, CA2, CA3)",1.0,correct,12,1_highconf_correct.csv,14,aligned,high,1.0,Top1 'CA1 region of hippocampus' directly expands the abbreviation 'CA1' naming the same structure.,aligned,high,1.0,CA1 is the standard abbreviation for CA1 region of hippocampus.,aligned,high,1.0,"CA1 is the abbreviation for CA1 region of hippocampus, same entity.",aligned,high,1.0,3/3,False,3-0,stable,"Top1 'CA1 region of hippocampus' directly expands the abbreviation 'CA1' naming the same structure. | CA1 is the standard abbreviation for CA1 region of hippocampus. | CA1 is the abbreviation for CA1 region of hippocampus, same entity.",,
corpus,CA2,high_confidence,1.0,HOMBA:10298,CA2 region of hippocampus,bm25+exact+fuzzy+hierarchy_parent,CA2,CA2,,1.0,"lamination of hippocampal proper (CA1, CA2, CA3)",1.0,correct,13,1_highconf_correct.csv,15,aligned,high,1.0,Top1 'CA2 region of hippocampus' directly expands the abbreviation 'CA2' naming the same structure.,aligned,high,1.0,CA2 is the standard abbreviation for CA2 region of hippocampus.,aligned,high,1.0,"CA2 is the abbreviation for CA2 region of hippocampus, same entity.",aligned,high,1.0,3/3,False,3-0,stable,"Top1 'CA2 region of hippocampus' directly expands the abbreviation 'CA2' naming the same structure. | CA2 is the standard abbreviation for CA2 region of hippocampus. | CA2 is the abbreviation for CA2 region of hippocampus, same entity.",,
corpus,CA3,high_confidence,1.0,HOMBA:10299,CA3 region of hippocampus,bm25+exact+fuzzy+hierarchy_parent,CA3,CA3,,1.0,"lamination of hippocampal proper (CA1, CA2, CA3)",1.0,correct,14,1_highconf_correct.csv,16,aligned,high,1.0,Top1 'CA3 region of hippocampus' directly expands the abbreviation 'CA3' naming the same structure.,aligned,high,1.0,CA3 is the standard abbreviation for CA3 region of hippocampus.,aligned,high,1.0,"CA3 is the abbreviation for CA3 region of hippocampus, same entity.",aligned,high,1.0,3/3,False,3-0,stable,"Top1 'CA3 region of hippocampus' directly expands the abbreviation 'CA3' naming the same structure. | CA3 is the standard abbreviation for CA3 region of hippocampus. | CA3 is the abbreviation for CA3 region of hippocampus, same entity.",,
corpus,Caudate nucleus,high_confidence,1.0,HOMBA:10334,caudate nucleus (mediodorsal division of the CP),bm25+exact+fuzzy+hierarchy_parent,Caudate nucleus,Caudate nucleus,,1.0,body of caudate nucleus,0.843297,correct,15,1_highconf_correct.csv,17,partial_or_narrower,high,0.95,"Top1 specifies a subdivision (mediodorsal division of CP) of the caudate nucleus, narrowing the query.",aligned,high,1.0,"Exact anatomical structure name, with a parenthetical qualifier specifying a sub-division, still consistent.",aligned,high,1.0,"Top1 name 'caudate nucleus (mediodorsal division of the CP)' directly contains the query 'Caudate nucleus'; the parenthetical is a clarifying description, not a different structure.",aligned,medium,0.9833,2/3,True,2-1,majority_vote,"Top1 specifies a subdivision (mediodorsal division of CP) of the caudate nucleus, narrowing the query. | Exact anatomical structure name, with a parenthetical qualifier specifying a sub-division, still consistent. | Top1 name 'caudate nucleus (mediodorsal division of the CP)' directly contains the query 'Caudate nucleus'; the parenthetical is a clarifying description, not a different structure.",,
corpus,Cerebellar cortex (Purkinje cell layer),high_confidence,1.0,HOMBA:AA30428,Purkinje cell layer of cerebellar cortex,bm25+fuzzy,cerebellar cortex purkinje cell layer of cerebellar cortex,Purkinje cell layer of cerebellar cortex,purkinje;cell;layer;purkinje cell layer,1.0,cerebellar cortex,0.88,correct,16,1_highconf_correct.csv,18,aligned,high,1.0,Top1 exactly matches the Purkinje cell layer of cerebellar cortex as specified in the query.,aligned,high,1.0,Query specifies 'cerebellar cortex (Purkinje cell layer)' and top1 names that exact layer.,aligned,high,1.0,Top1 'Purkinje cell layer of cerebellar cortex' matches query 'Cerebellar cortex (Purkinje cell layer)' exactly; accepted synonym.,aligned,high,1.0,3/3,False,3-0,stable,Top1 exactly matches the Purkinje cell layer of cerebellar cortex as specified in the query. | Query specifies 'cerebellar cortex (Purkinje cell layer)' and top1 names that exact layer. | Top1 'Purkinje cell layer of cerebellar cortex' matches query 'Cerebellar cortex (Purkinje cell layer)' exactly; accepted synonym.,,
corpus,Cerebellar hemisphere,high_confidence,1.0,HOMBA:10659,cerebellar hemisphere,bm25+exact+fuzzy+hierarchy_parent,Cerebellar hemisphere,Cerebellar hemisphere,,1.0,cerebellar morphology,0.97,correct,17,1_highconf_correct.csv,19,aligned,high,1.0,Exact match: cerebellar hemisphere.,aligned,high,1.0,Exact match: 'cerebellar hemisphere' same as query.,aligned,high,1.0,Top1 'cerebellar hemisphere' is identical to query 'Cerebellar hemisphere' ignoring case.,aligned,high,1.0,3/3,False,3-0,stable,Exact match: cerebellar hemisphere. | Exact match: 'cerebellar hemisphere' same as query. | Top1 'cerebellar hemisphere' is identical to query 'Cerebellar hemisphere' ignoring case.,,
corpus,Cerebellar vermis,high_confidence,1.0,HOMBA:10658,cerebellar vermis,bm25+exact+fuzzy,Cerebellar vermis,Cerebellar vermis,,1.0,cerebellar morphology,0.97,correct,18,1_highconf_correct.csv,20,aligned,high,1.0,Exact match: cerebellar vermis.,aligned,high,1.0,Exact match: 'cerebellar vermis' same as query.,aligned,high,1.0,Top1 'cerebellar vermis' is identical to query 'Cerebellar vermis' ignoring case.,aligned,high,1.0,3/3,False,3-0,stable,Exact match: cerebellar vermis. | Exact match: 'cerebellar vermis' same as query. | Top1 'cerebellar vermis' is identical to query 'Cerebellar vermis' ignoring case.,,
corpus,Cerebral aqueduct,high_confidence,1.0,HOMBA:12369,cerebral aqueduct,bm25+exact+fuzzy,Cerebral aqueduct,Cerebral aqueduct,,1.0,telencephalon,0.308508,correct,19,1_highconf_correct.csv,21,aligned,high,1.0,Exact match: cerebral aqueduct.,aligned,high,1.0,Exact match: 'cerebral aqueduct' same as query.,aligned,high,1.0,Top1 'cerebral aqueduct' is identical to query 'Cerebral aqueduct' ignoring case.,aligned,high,1.0,3/3,False,3-0,stable,Exact match: cerebral aqueduct. | Exact match: 'cerebral aqueduct' same as query. | Top1 'cerebral aqueduct' is identical to query 'Cerebral aqueduct' ignoring case.,,
corpus,Cerebral peduncle,high_confidence,1.0,HOMBA:12330,cerebral peduncle (crus cerebri),bm25+exact+fuzzy,Cerebral peduncle,Cerebral peduncle,,1.0,telencephalon,0.308508,correct,20,1_highconf_correct.csv,22,aligned,high,1.0,top1_name exactly matches query and includes synonym.,aligned,high,1.0,Exact match with parenthetical synonym (crus cerebri).,aligned,high,1.0,Top1 name exactly matches query; parenthetical synonym for clarification.,aligned,high,1.0,3/3,False,3-0,stable,top1_name exactly matches query and includes synonym. | Exact match with parenthetical synonym (crus cerebri). | Top1 name exactly matches query; parenthetical synonym for clarification.,,
corpus,Cingulate gyrus (posterior),high_confidence,1.0,HOMBA:10285,posterior cingulate cortex (PCC),bm25+fuzzy,cingulate cortex,posterior cingulate cortex,posterior,1.0,"cingulate gyrus, caudal (posterior) part",0.923571,correct,21,1_highconf_correct.csv,23,partial_or_narrower,medium,0.6,Query specifies 'Cingulate gyrus (posterior)' but top1 is 'posterior cingulate cortex'; gyrus vs cortex difference.,aligned,high,1.0,Matching posterior subdivision of cingulate gyrus/cortex. 'Cingulate gyrus (posterior)' equivalent to posterior cingulate cortex.,aligned,high,0.95,Posterior cingulate cortex is standard equivalent term for posterior cingulate gyrus.,aligned,medium,0.85,2/3,True,2-1,majority_vote,Query specifies 'Cingulate gyrus (posterior)' but top1 is 'posterior cingulate cortex'; gyrus vs cortex difference. | Matching posterior subdivision of cingulate gyrus/cortex. 'Cingulate gyrus (posterior)' equivalent to posterior cingulate cortex. | Posterior cingulate cortex is standard equivalent term for posterior cingulate gyrus.,,
corpus,Corticospinal tract,high_confidence,1.0,HOMBA:12047,corticospinal tract,bm25+exact+fuzzy,Corticospinal tract,Corticospinal tract,,1.0,pyramidal tract,0.97,correct,22,1_highconf_correct.csv,24,aligned,high,1.0,Exact match between query and top1_name.,aligned,high,1.0,Exact match for corticospinal tract.,aligned,high,1.0,Exact match of corticospinal tract.,aligned,high,1.0,3/3,False,3-0,stable,Exact match between query and top1_name. | Exact match for corticospinal tract. | Exact match of corticospinal tract.,,
corpus,Cuneate fasciculus,high_confidence,1.0,HOMBA:12731,cuneate fasciculus,bm25+exact+fuzzy,Cuneate fasciculus,Cuneate fasciculus,,1.0,cuneate fasciculus in spinal cord,0.696591,correct,23,1_highconf_correct.csv,25,aligned,high,1.0,Exact match between query and top1_name.,aligned,high,1.0,Exact match for cuneate fasciculus.,aligned,high,1.0,Exact match of cuneate fasciculus.,aligned,high,1.0,3/3,False,3-0,stable,Exact match between query and top1_name. | Exact match for cuneate fasciculus. | Exact match of cuneate fasciculus.,,
corpus,Cuneate nucleus,high_confidence,1.0,HOMBA:12589,cuneate nucleus,bm25+exact+fuzzy+hierarchy_parent,Cuneate nucleus,Cuneate nucleus,,1.0,sensory relay nuclei in medulla oblongata,0.97,correct,24,1_highconf_correct.csv,26,aligned,high,1.0,Exact match between query and top1_name.,aligned,high,1.0,Exact match for cuneate nucleus.,aligned,high,1.0,Exact match of cuneate nucleus.,aligned,high,1.0,3/3,False,3-0,stable,Exact match between query and top1_name. | Exact match for cuneate nucleus. | Exact match of cuneate nucleus.,,
corpus,Cuneate nucleus (external),high_confidence,1.0,HOMBA:12588,external (accessory/lateral) cuneate nucleus,bm25+fuzzy,Cuneate nucleus,external   cuneate nucleus,external,1.0,cuneate nucleus,0.88,correct,25,1_highconf_correct.csv,27,aligned,high,1.0,top1_name is a synonym/expanded form of query 'Cuneate nucleus (external)'.,aligned,high,0.99,"Top1 matches the query's external cuneate nucleus, including the modifier 'external' as a synonym.",aligned,high,1.0,top1 exactly matches 'external cuneate nucleus' with parenthetical alternate name; same structure.,aligned,high,0.9967,3/3,False,3-0,stable,"top1_name is a synonym/expanded form of query 'Cuneate nucleus (external)'. | Top1 matches the query's external cuneate nucleus, including the modifier 'external' as a synonym. | top1 exactly matches 'external cuneate nucleus' with parenthetical alternate name; same structure.",,
corpus,Cuneus,high_confidence,1.0,HOMBA:12150,cuneus (gyrus),bm25+exact+fuzzy,Cuneus,Cuneus,,1.0,,,correct,26,1_highconf_correct.csv,28,aligned,high,1.0,top1_name matches query exactly with parenthetical clarification.,aligned,high,0.99,"Top1 is identical to the query, with parenthetical gyrus specification.",aligned,high,1.0,'cuneus (gyrus)' is an accepted synonymous clarification of 'Cuneus'.,aligned,high,0.9967,3/3,False,3-0,stable,"top1_name matches query exactly with parenthetical clarification. | Top1 is identical to the query, with parenthetical gyrus specification. | 'cuneus (gyrus)' is an accepted synonymous clarification of 'Cuneus'.",,
corpus,Dentate gyrus,high_confidence,1.0,HOMBA:10295,dentate gyrus,bm25+exact+fuzzy+hierarchy_parent,Dentate gyrus,Dentate gyrus,,1.0,major division of dentate gyrus,0.898452,correct,27,1_highconf_correct.csv,29,aligned,high,1.0,top1_name is identical to query.,aligned,high,0.99,Exact match: 'dentate gyrus'.,aligned,high,1.0,Exact match between query and top1 name.,aligned,high,0.9967,3/3,False,3-0,stable,top1_name is identical to query. | Exact match: 'dentate gyrus'. | Exact match between query and top1 name.,,
corpus,Dentate nucleus,high_confidence,1.0,HOMBA:12396,dentate (lateral) nucleus,bm25+exact+fuzzy+hierarchy_parent,Dentate nucleus,Dentate nucleus,,1.0,"dentate nucleus, mediodorsal division",0.675458,correct,28,1_highconf_correct.csv,30,aligned,high,1.0,top1_name is a synonym for query 'Dentate nucleus'.,aligned,high,0.99,Top1 is a synonym (lateral nucleus) for dentate nucleus.,aligned,high,1.0,'dentate (lateral) nucleus' is a synonym for 'Dentate nucleus'; same structure.,aligned,high,0.9967,3/3,False,3-0,stable,top1_name is a synonym for query 'Dentate nucleus'. | Top1 is a synonym (lateral nucleus) for dentate nucleus. | 'dentate (lateral) nucleus' is a synonym for 'Dentate nucleus'; same structure.,,
corpus,Dorsal cochlear nucleus,high_confidence,1.0,HOMBA:12438,dorsal cochlear nucleus,bm25+exact+fuzzy,Dorsal cochlear nucleus,Dorsal cochlear nucleus,dorsal,1.0,dorsal part of pontine nucleus,0.429781,correct,29,1_highconf_correct.csv,31,aligned,high,1.0,top1_name matches query exactly.,aligned,high,0.99,Exact match: 'dorsal cochlear nucleus'.,aligned,high,1.0,Exact match for 'Dorsal cochlear nucleus'.,aligned,high,0.9967,3/3,False,3-0,stable,top1_name matches query exactly. | Exact match: 'dorsal cochlear nucleus'. | Exact match for 'Dorsal cochlear nucleus'.,,
corpus,Dorsal motor nucleus of vagus,high_confidence,1.0,HOMBA:12550,dorsal motor nucleus of the vagus (vagal nerve nucleus),bm25+fuzzy,Dorsal motor nucleus of vagus,dorsal motor nucleus of the vagus,dorsal,1.0,"dorsal motor nucleus of vagus, caudal division",0.990833,correct,30,1_highconf_correct.csv,32,aligned,high,1.0,"Top1 is a conventional variant (dorsal motor nucleus of the vagus) with synonym, directly matching the query structure.",aligned,high,1.0,Top1 is a direct synonym with added parentheses; same structure.,aligned,high,1.0,Identical structure; 'vagus' vs 'the vagus' and parenthetical clarification are minor wording variants.,aligned,high,1.0,3/3,False,3-0,stable,"Top1 is a conventional variant (dorsal motor nucleus of the vagus) with synonym, directly matching the query structure. | Top1 is a direct synonym with added parentheses; same structure. | Identical structure; 'vagus' vs 'the vagus' and parenthetical clarification are minor wording variants.",,
corpus,Emboliform nucleus,high_confidence,1.0,HOMBA:12401,lateral interpositus (emboliform) nucleus,bm25+exact+fuzzy,Emboliform nucleus,Emboliform nucleus,,1.0,interpositus (intermediate) nucleus,0.97,correct,31,1_highconf_correct.csv,33,aligned,high,1.0,Emboliform nucleus is a direct synonym of lateral interpositus (emboliform) nucleus; exact anatomical match.,aligned,high,1.0,Top1 includes the query synonym in parentheses; lateral interpositus (emboliform) nucleus.,aligned,high,1.0,Lateral interpositus (emboliform) nucleus is the accepted synonym for emboliform nucleus.,aligned,high,1.0,3/3,False,3-0,stable,Emboliform nucleus is a direct synonym of lateral interpositus (emboliform) nucleus; exact anatomical match. | Top1 includes the query synonym in parentheses; lateral interpositus (emboliform) nucleus. | Lateral interpositus (emboliform) nucleus is the accepted synonym for emboliform nucleus.,,
corpus,Entorhinal area,high_confidence,1.0,HOMBA:10317,entorhinal cortex,bm25+exact+fuzzy+hierarchy_parent,Entorhinal area,Entorhinal area,,1.0,lateral (rostral) entorhinal cortex,0.7009,correct,32,1_highconf_correct.csv,34,aligned,high,1.0,Entorhinal area and entorhinal cortex are synonymous; top1 directly names the same region.,aligned,high,1.0,'Entorhinal area' and 'entorhinal cortex' are standard synonyms.,aligned,high,1.0,Entorhinal area and entorhinal cortex refer to the same anatomical region.,aligned,high,1.0,3/3,False,3-0,stable,Entorhinal area and entorhinal cortex are synonymous; top1 directly names the same region. | 'Entorhinal area' and 'entorhinal cortex' are standard synonyms. | Entorhinal area and entorhinal cortex refer to the same anatomical region.,,
corpus,Entorhinal cortex,high_confidence,1.0,HOMBA:10317,entorhinal cortex,bm25+exact+fuzzy+hierarchy_parent,Entorhinal cortex,Entorhinal cortex,,1.0,lamination of entorhinal cortex,0.765457,correct,33,1_highconf_correct.csv,35,aligned,high,1.0,Exact match between query and top1 name (entorhinal cortex).,aligned,high,1.0,Exact match: query and top1 are identical.,aligned,high,1.0,Exact match.,aligned,high,1.0,3/3,False,3-0,stable,Exact match between query and top1 name (entorhinal cortex). | Exact match: query and top1 are identical. | Exact match.,,
corpus,External lateral parabrachial nucleus,high_confidence,1.0,HOMBA:12485,"lateral parabrachial nucleus, external division",bm25+fuzzy,External lateral parabrachial nucleus,external part lateral parabrachial nucleus,external;lateral,1.0,"medial parabrachial nucleus, external division",0.817259,correct,34,1_highconf_correct.csv,36,aligned,high,1.0,External lateral parabrachial nucleus is the same as lateral parabrachial nucleus external division; phrasing variant.,aligned,high,1.0,Top1 is same structure with word order variant 'external division' vs 'External lateral'.,aligned,high,1.0,External lateral parabrachial nucleus is the external division of the lateral parabrachial nucleus; word-order variant.,aligned,high,1.0,3/3,False,3-0,stable,External lateral parabrachial nucleus is the same as lateral parabrachial nucleus external division; phrasing variant. | Top1 is same structure with word order variant 'external division' vs 'External lateral'. | External lateral parabrachial nucleus is the external division of the lateral parabrachial nucleus; word-order variant.,,
corpus,Facial nucleus,high_confidence,1.0,HOMBA:12420,facial nucleus,bm25+exact+fuzzy+hierarchy_parent,Facial nucleus,Facial nucleus,,1.0,"facial nucleus, stylohyoid subnucleus",0.770833,correct,35,1_highconf_correct.csv,37,aligned,high,1.0,Exact match to 'facial nucleus'.,aligned,high,1.0,Exact match with case variant.,aligned,high,1.0,"Exact match, case-insensitive. Both refer to the same structure.",aligned,high,1.0,3/3,False,3-0,stable,"Exact match to 'facial nucleus'. | Exact match with case variant. | Exact match, case-insensitive. Both refer to the same structure.",,
corpus,Fastigial nucleus,high_confidence,1.0,HOMBA:12402,fastigial (medial) nucleus,bm25+exact+fuzzy+hierarchy_parent,Fastigial nucleus,Fastigial nucleus,,1.0,"fastigial nucleus, medial division",0.734583,correct,36,1_highconf_correct.csv,38,aligned,high,1.0,Synonym: 'fastigial (medial) nucleus' is the same as fastigial nucleus.,aligned,high,1.0,Accepted synonym with descriptor in parentheses.,aligned,high,1.0,Accepted synonym: fastigial nucleus is the medial (fastigial) nucleus.,aligned,high,1.0,3/3,False,3-0,stable,Synonym: 'fastigial (medial) nucleus' is the same as fastigial nucleus. | Accepted synonym with descriptor in parentheses. | Accepted synonym: fastigial nucleus is the medial (fastigial) nucleus.,,
corpus,Fimbria,high_confidence,1.0,HOMBA:10575,fimbria,bm25+exact+fuzzy,Fimbria,Fimbria,,1.0,hippocampus,0.206054,correct,37,1_highconf_correct.csv,39,aligned,high,1.0,Exact match to 'fimbria'.,aligned,high,1.0,Exact match.,aligned,high,1.0,"Exact match, case-insensitive. Query and top1 name identical.",aligned,high,1.0,3/3,False,3-0,stable,"Exact match to 'fimbria'. | Exact match. | Exact match, case-insensitive. Query and top1 name identical.",,
corpus,Flocculus,high_confidence,1.0,HOMBA:AA30424,lobule Xa (flocculus),bm25+exact+fuzzy,Flocculus,Flocculus,,1.0,lobule X (nodulus and flocculus),0.642818,correct,38,1_highconf_correct.csv,40,aligned,high,1.0,Synonym: 'lobule Xa (flocculus)' refers to the flocculus.,aligned,high,1.0,Alternative name for the same structure.,aligned,high,1.0,"Flocculus is explicitly listed with parentheses, confirming it is the same as lobule Xa (flocculus).",aligned,high,1.0,3/3,False,3-0,stable,"Synonym: 'lobule Xa (flocculus)' refers to the flocculus. | Alternative name for the same structure. | Flocculus is explicitly listed with parentheses, confirming it is the same as lobule Xa (flocculus).",,
corpus,Fornix,high_confidence,1.0,HOMBA:10576,fornix,bm25+exact+fuzzy+hierarchy_parent,Fornix,Fornix,,1.0,body of the fornix,0.589807,correct,39,1_highconf_correct.csv,41,aligned,high,1.0,Exact match to 'fornix'.,aligned,high,1.0,Exact match.,aligned,high,1.0,"Direct match, case-insensitive. Fornix matches exactly.",aligned,high,1.0,3/3,False,3-0,stable,"Exact match to 'fornix'. | Exact match. | Direct match, case-insensitive. Fornix matches exactly.",,
corpus,Fourth ventricle,high_confidence,1.0,HOMBA:12805,fourth ventricle,bm25+exact+fuzzy+hierarchy_parent,Fourth ventricle,Fourth ventricle,,1.0,region of fourth ventricle,0.899038,correct,40,1_highconf_correct.csv,42,aligned,high,1.0,Direct exact match (case-insensitive) of query 'Fourth ventricle' with top1 'fourth ventricle'.,aligned,high,1.0,Exact match after case normalization.,aligned,high,1.0,"Exact match, same structure name.",aligned,high,1.0,3/3,False,3-0,stable,"Direct exact match (case-insensitive) of query 'Fourth ventricle' with top1 'fourth ventricle'. | Exact match after case normalization. | Exact match, same structure name.",,
corpus,Fusiform gyrus,high_confidence,1.0,HOMBA:AA30549,fusiform (occipitotemporal) gyrus,bm25+exact+fuzzy,Fusiform gyrus,Fusiform gyrus,,1.0,uncus of (para)hippocampal gyrus,0.310977,correct,41,1_highconf_correct.csv,43,aligned,high,1.0,Top1 'fusiform (occipitotemporal) gyrus' is a standard synonym including query 'Fusiform gyrus'.,aligned,high,1.0,Synonym: fusiform gyrus is the same as fusiform (occipitotemporal) gyrus.,aligned,high,1.0,Fusiform gyrus is a common synonym of fusiform (occipitotemporal) gyrus. Same entity.,aligned,high,1.0,3/3,False,3-0,stable,Top1 'fusiform (occipitotemporal) gyrus' is a standard synonym including query 'Fusiform gyrus'. | Synonym: fusiform gyrus is the same as fusiform (occipitotemporal) gyrus. | Fusiform gyrus is a common synonym of fusiform (occipitotemporal) gyrus. Same entity.,,
corpus,Globose nucleus,high_confidence,1.0,HOMBA:12400,medial interpositus (globose) nucleus,bm25+exact+fuzzy,Globose nucleus,Globose nucleus,,1.0,interpositus (intermediate) nucleus,0.97,correct,42,1_highconf_correct.csv,44,aligned,high,1.0,Top1 'medial interpositus (globose) nucleus' lists 'globose' as synonym; query 'Globose nucleus' matches.,aligned,high,1.0,Synonym: globose nucleus is also known as medial interpositus nucleus.,aligned,high,1.0,Globose nucleus is synonymous with medial interpositus nucleus. HOMBA includes both.,aligned,high,1.0,3/3,False,3-0,stable,Top1 'medial interpositus (globose) nucleus' lists 'globose' as synonym; query 'Globose nucleus' matches. | Synonym: globose nucleus is also known as medial interpositus nucleus. | Globose nucleus is synonymous with medial interpositus nucleus. HOMBA includes both.,,
corpus,Gracile fasciculus,high_confidence,1.0,HOMBA:12739,gracile fasciculus,bm25+exact+fuzzy,Gracile fasciculus,Gracile fasciculus,,1.0,gracile fasciculus in spinal cord,0.696591,correct,43,1_highconf_correct.csv,45,aligned,high,1.0,Exact match (case difference only) of query 'Gracile fasciculus' with top1 'gracile fasciculus'.,aligned,high,1.0,Exact match after case normalization.,aligned,high,1.0,"Exact match, same structure.",aligned,high,1.0,3/3,False,3-0,stable,"Exact match (case difference only) of query 'Gracile fasciculus' with top1 'gracile fasciculus'. | Exact match after case normalization. | Exact match, same structure.",,
corpus,Gracile nucleus,high_confidence,1.0,HOMBA:12592,gracile nucleus,bm25+exact+fuzzy+hierarchy_parent,Gracile nucleus,Gracile nucleus,,1.0,"gracile nucleus, central division",0.755952,correct,44,1_highconf_correct.csv,46,aligned,high,1.0,Exact match (case difference only) of query 'Gracile nucleus' with top1 'gracile nucleus'.,aligned,high,1.0,Exact match after case normalization.,aligned,high,1.0,"Exact match, same structure.",aligned,high,1.0,3/3,False,3-0,stable,"Exact match (case difference only) of query 'Gracile nucleus' with top1 'gracile nucleus'. | Exact match after case normalization. | Exact match, same structure.",,
corpus,Gyrus rectus,high_confidence,1.0,HOMBA:12121,rectus gyrus,bm25+exact+fuzzy,Gyrus rectus,Gyrus rectus,,1.0,uncus of (para)hippocampal gyrus,0.310977,correct,45,1_highconf_correct.csv,47,aligned,high,1.0,"rectus gyrus is a conventional word-order variant of Gyrus rectus, same structure",aligned,high,1.0,Word order variant of 'Gyrus rectus'.,aligned,high,0.99,rectus gyrus is a direct synonym and accepted variant of Gyrus rectus.,aligned,high,0.9967,3/3,False,3-0,stable,"rectus gyrus is a conventional word-order variant of Gyrus rectus, same structure | Word order variant of 'Gyrus rectus'. | rectus gyrus is a direct synonym and accepted variant of Gyrus rectus.",,
corpus,Heschl gyrus,high_confidence,1.0,HOMBA:12144,transverse temporal gyrus (Heschl's gyrus),bm25+exact+fuzzy,Heschl gyrus,Heschl gyrus,,1.0,transverse temporal sulcus,0.510606,correct,46,1_highconf_correct.csv,48,aligned,high,1.0,transverse temporal gyrus (Heschl's gyrus) includes Heschl gyrus as an accepted synonym,aligned,high,1.0,'Heschl gyrus' is a synonym for transverse temporal gyrus.,aligned,high,0.99,transverse temporal gyrus (Heschl's gyrus) is the full standard name; Heschl gyrus refers to the same structure.,aligned,high,0.9967,3/3,False,3-0,stable,transverse temporal gyrus (Heschl's gyrus) includes Heschl gyrus as an accepted synonym | 'Heschl gyrus' is a synonym for transverse temporal gyrus. | transverse temporal gyrus (Heschl's gyrus) is the full standard name; Heschl gyrus refers to the same structure.,,
corpus,Heschl's gyrus,high_confidence,1.0,HOMBA:12144,transverse temporal gyrus (Heschl's gyrus),bm25+exact+fuzzy,Heschl's gyrus,Heschl's gyrus,,1.0,transverse temporal sulcus,0.510606,correct,47,1_highconf_correct.csv,49,aligned,high,1.0,transverse temporal gyrus (Heschl's gyrus) matches Heschl's gyrus exactly,aligned,high,1.0,'Heschl's gyrus' is a synonym for transverse temporal gyrus.,aligned,high,0.99,Same as Heschl gyrus; top1 exactly names Heschl's gyrus.,aligned,high,0.9967,3/3,False,3-0,stable,transverse temporal gyrus (Heschl's gyrus) matches Heschl's gyrus exactly | 'Heschl's gyrus' is a synonym for transverse temporal gyrus. | Same as Heschl gyrus; top1 exactly names Heschl's gyrus.,,
corpus,Hippocampal formation,high_confidence,1.0,HOMBA:12170,hippocampal formation,bm25+exact+fuzzy,Hippocampal formation,Hippocampal formation,,1.0,hippocampal commissure,0.277958,correct,48,1_highconf_correct.csv,50,aligned,high,1.0,top1_name is identical to query,aligned,high,1.0,Exact match (case-insensitive).,aligned,high,0.99,"hippocampal formation is an exact string match, referring to the same anatomical entity.",aligned,high,0.9967,3/3,False,3-0,stable,"top1_name is identical to query | Exact match (case-insensitive). | hippocampal formation is an exact string match, referring to the same anatomical entity.",,
corpus,Hippocampus,high_confidence,1.0,HOMBA:AA30093,hippocampus,bm25+exact+fuzzy,Hippocampus,Hippocampus,,1.0,hippocampal proper (Cornu Ammonis),0.770833,correct,49,1_highconf_correct.csv,51,aligned,high,1.0,top1_name is identical to query,aligned,high,1.0,Exact match.,aligned,high,0.99,"hippocampus is an exact match, same structure.",aligned,high,0.9967,3/3,False,3-0,stable,"top1_name is identical to query | Exact match. | hippocampus is an exact match, same structure.",,
corpus,Hypoglossal nucleus,high_confidence,1.0,HOMBA:12545,hypoglossal nucleus,bm25+exact+fuzzy+hierarchy_parent,Hypoglossal nucleus,Hypoglossal nucleus,,1.0,other nuclei in dorsal medulla,0.909167,correct,50,1_highconf_correct.csv,52,aligned,high,1.0,Exact match ignoring case: 'Hypoglossal nucleus' matches 'hypoglossal nucleus'.,aligned,high,1.0,"Exact match: query and top1 refer to the same structure, only case difference.",aligned,high,0.99,Identical anatomical structure; case-insensitive string match to the hypoglossal nucleus.,aligned,high,0.9967,3/3,False,3-0,stable,"Exact match ignoring case: 'Hypoglossal nucleus' matches 'hypoglossal nucleus'. | Exact match: query and top1 refer to the same structure, only case difference. | Identical anatomical structure; case-insensitive string match to the hypoglossal nucleus.",,
corpus,Inferior cerebellar peduncle,high_confidence,1.0,HOMBA:12741,inferior cerebellar peduncle,bm25+exact+fuzzy,Inferior cerebellar peduncle,Inferior cerebellar peduncle,,1.0,middle cerebellar peduncle (brachium pontis),0.67705,correct,51,1_highconf_correct.csv,53,aligned,high,1.0,Exact match ignoring case: 'Inferior cerebellar peduncle' matches 'inferior cerebellar peduncle'.,aligned,high,1.0,Exact match: query and top1 are identical terms for the same structure.,aligned,high,0.99,"Exact match; inferior cerebellar peduncle is directly named, no variation.",aligned,high,0.9967,3/3,False,3-0,stable,"Exact match ignoring case: 'Inferior cerebellar peduncle' matches 'inferior cerebellar peduncle'. | Exact match: query and top1 are identical terms for the same structure. | Exact match; inferior cerebellar peduncle is directly named, no variation.",,
corpus,Inferior colliculus,high_confidence,1.0,HOMBA:12305,inferior colliculus,bm25+exact+fuzzy+hierarchy_parent,Inferior colliculus,Inferior colliculus,,1.0,brachium of inferior colliculus,0.813844,correct,52,1_highconf_correct.csv,54,aligned,high,1.0,Exact match ignoring case: 'Inferior colliculus' matches 'inferior colliculus'.,aligned,high,1.0,Exact match: query and top1 are identical terms for the same structure.,aligned,high,0.99,Direct match; inferior colliculus matches query precisely.,aligned,high,0.9967,3/3,False,3-0,stable,Exact match ignoring case: 'Inferior colliculus' matches 'inferior colliculus'. | Exact match: query and top1 are identical terms for the same structure. | Direct match; inferior colliculus matches query precisely.,,
corpus,Inferior frontal gyrus (opercular part),high_confidence,1.0,HOMBA:12119,"inferior frontal gyrus, opercular part",bm25+exact+fuzzy,Inferior frontal gyrus (opercular part),Inferior frontal gyrus (opercular part),opercular,1.0,inferior frontal gyrus,0.88,correct,53,1_highconf_correct.csv,55,aligned,high,1.0,Synonym variant: parenthetical 'opercular part' maps to comma-separated form; same anatomical entity.,aligned,high,1.0,Exact match: top1 uses comma instead of parentheses but refers to the same specific part.,aligned,high,0.99,Same structure; comma vs parentheses is a conventional formatting variant for 'opercular part'.,aligned,high,0.9967,3/3,False,3-0,stable,Synonym variant: parenthetical 'opercular part' maps to comma-separated form; same anatomical entity. | Exact match: top1 uses comma instead of parentheses but refers to the same specific part. | Same structure; comma vs parentheses is a conventional formatting variant for 'opercular part'.,,
corpus,Inferior frontal gyrus (triangular part),high_confidence,1.0,HOMBA:12118,"inferior frontal gyrus, triangular part",bm25+exact+fuzzy,Inferior frontal gyrus (triangular part),Inferior frontal gyrus (triangular part),triangular,1.0,inferior frontal gyrus,0.88,correct,54,1_highconf_correct.csv,56,aligned,high,1.0,Synonym variant: parenthetical 'triangular part' maps to comma-separated form; same anatomical entity.,aligned,high,1.0,Exact match: top1 uses comma instead of parentheses but refers to the same specific part.,aligned,high,0.99,Same structure; comma vs parentheses for 'triangular part' is an accepted synonym/format.,aligned,high,0.9967,3/3,False,3-0,stable,Synonym variant: parenthetical 'triangular part' maps to comma-separated form; same anatomical entity. | Exact match: top1 uses comma instead of parentheses but refers to the same specific part. | Same structure; comma vs parentheses for 'triangular part' is an accepted synonym/format.,,
corpus,Inferior longitudinal fasciculus,high_confidence,1.0,HOMBA:10580,inferior longitudinal fasciculus,bm25+exact+fuzzy,Inferior longitudinal fasciculus,Inferior longitudinal fasciculus,,1.0,longitudinal fasciculus,0.856667,correct,55,1_highconf_correct.csv,57,aligned,high,1.0,Exact match between query and top1_name; same anatomical structure.,aligned,high,1.0,"Query and top1_name are identical except for case, same anatomical structure.",aligned,high,1.0,Exact case-insensitive match between query and top1_name.,aligned,high,1.0,3/3,False,3-0,stable,"Exact match between query and top1_name; same anatomical structure. | Query and top1_name are identical except for case, same anatomical structure. | Exact case-insensitive match between query and top1_name.",,
corpus,Inferior occipital gyrus,high_confidence,1.0,HOMBA:12153,inferior occipital gyrus,bm25+exact+fuzzy,Inferior occipital gyrus,Inferior occipital gyrus,,1.0,occipital lobe,0.97,correct,56,1_highconf_correct.csv,58,aligned,high,1.0,Exact match between query and top1_name; same anatomical structure.,aligned,high,1.0,"Query and top1_name are identical except for case, same anatomical structure.",aligned,high,1.0,Exact case-insensitive match between query and top1_name.,aligned,high,1.0,3/3,False,3-0,stable,"Exact match between query and top1_name; same anatomical structure. | Query and top1_name are identical except for case, same anatomical structure. | Exact case-insensitive match between query and top1_name.",,
corpus,Inferior olive,high_confidence,1.0,HOMBA:12600,inferior olive,bm25+exact+fuzzy+hierarchy_parent,Inferior olive,Inferior olive,,1.0,hilus of the inferior olive,0.722962,correct,57,1_highconf_correct.csv,59,aligned,high,1.0,Exact match between query and top1_name; same anatomical structure.,aligned,high,1.0,"Query and top1_name are identical except for case, same anatomical structure.",aligned,high,1.0,Exact match for 'inferior olive'.,aligned,high,1.0,3/3,False,3-0,stable,"Exact match between query and top1_name; same anatomical structure. | Query and top1_name are identical except for case, same anatomical structure. | Exact match for 'inferior olive'.",,
corpus,Inferior parietal lobule,high_confidence,1.0,HOMBA:12134,inferior parietal lobule (gyrus),bm25+exact+fuzzy,Inferior parietal lobule,Inferior parietal lobule,,1.0,parietal lobe,0.97,correct,58,1_highconf_correct.csv,60,aligned,high,1.0,Top1_name includes a parenthetical variation but directly names the same structure as query.,aligned,high,1.0,"Top1_name includes parenthetical synonym, but refers to the same structure (inferior parietal lobule).",aligned,high,1.0,Parenthetical '(gyrus)' is a conventional synonym; match is correct.,aligned,high,1.0,3/3,False,3-0,stable,"Top1_name includes a parenthetical variation but directly names the same structure as query. | Top1_name includes parenthetical synonym, but refers to the same structure (inferior parietal lobule). | Parenthetical '(gyrus)' is a conventional synonym; match is correct.",,
corpus,Inferior pulvinar,high_confidence,1.0,HOMBA:10413,inferior division of pulvinar,bm25+exact+fuzzy,Inferior pulvinar,Inferior pulvinar,,1.0,pulvinar of thalamus,0.8342,correct,59,1_highconf_correct.csv,61,aligned,high,1.0,Top1_name is a direct synonym for the query; inferior division of pulvinar equals inferior pulvinar.,aligned,high,1.0,Inferior pulvinar is synonymous with inferior division of pulvinar; same anatomical entity.,aligned,high,1.0,Inferior pulvinar and inferior division of pulvinar are synonymous.,aligned,high,1.0,3/3,False,3-0,stable,Top1_name is a direct synonym for the query; inferior division of pulvinar equals inferior pulvinar. | Inferior pulvinar is synonymous with inferior division of pulvinar; same anatomical entity. | Inferior pulvinar and inferior division of pulvinar are synonymous.,,
corpus,Inferior salivatory nucleus,high_confidence,1.0,HOMBA:12544,inferior salivatory nucleus,bm25+exact+fuzzy,Inferior salivatory nucleus,Inferior salivatory nucleus,,1.0,inferior colliculus,0.327761,correct,60,1_highconf_correct.csv,62,aligned,high,1.0,Exact match with case variation,aligned,high,1.0,Exact match; case difference only.,aligned,high,1.0,Exact name match (case difference irrelevant).,aligned,high,1.0,3/3,False,3-0,stable,Exact match with case variation | Exact match; case difference only. | Exact name match (case difference irrelevant).,,
corpus,Inferior temporal gyrus,high_confidence,1.0,HOMBA:12142,inferior temporal gyrus,bm25+exact+fuzzy,Inferior temporal gyrus,Inferior temporal gyrus,,1.0,temporal lobe,0.97,correct,61,1_highconf_correct.csv,63,aligned,high,1.0,Exact match with case variation,aligned,high,1.0,Exact match; case difference only.,aligned,high,1.0,Exact name match (case difference irrelevant).,aligned,high,1.0,3/3,False,3-0,stable,Exact match with case variation | Exact match; case difference only. | Exact name match (case difference irrelevant).,,
corpus,Insula,high_confidence,1.0,HOMBA:12176,insular lobe,bm25+exact+fuzzy+hierarchy_parent,Insula,Insula,,1.0,limen insula,0.8125,correct,62,1_highconf_correct.csv,64,aligned,high,1.0,'Insular lobe' is a common synonym for 'Insula',aligned,high,1.0,Insula is synonymous with insular lobe.,aligned,high,1.0,Insula is a conventional synonym for insular lobe; HOMBA alias confirms.,aligned,high,1.0,3/3,False,3-0,stable,'Insular lobe' is a common synonym for 'Insula' | Insula is synonymous with insular lobe. | Insula is a conventional synonym for insular lobe; HOMBA alias confirms.,,
corpus,Intermediate reticular zone,high_confidence,1.0,HOMBA:12620,intermediate reticular nucleus,bm25+exact+fuzzy,Intermediate reticular zone,Intermediate reticular zone,reticular,1.0,reticular nucleus of thalamus,0.349263,correct,63,1_highconf_correct.csv,65,aligned,medium,0.9,'Intermediate reticular nucleus' is the standard name for 'Intermediate reticular zone',aligned,high,1.0,Intermediate reticular zone and intermediate reticular nucleus refer to the same structure.,aligned,high,0.98,Query 'Intermediate reticular zone' is a listed alias for 'intermediate reticular nucleus' in HOMBA; synonymous.,aligned,high,0.96,3/3,False,3-0,stable,'Intermediate reticular nucleus' is the standard name for 'Intermediate reticular zone' | Intermediate reticular zone and intermediate reticular nucleus refer to the same structure. | Query 'Intermediate reticular zone' is a listed alias for 'intermediate reticular nucleus' in HOMBA; synonymous.,,
corpus,Internal capsule,high_confidence,1.0,HOMBA:10581,internal capsule,bm25+exact+fuzzy+hierarchy_parent,Internal capsule,Internal capsule,,1.0,genu of internal capsule,0.854167,correct,64,1_highconf_correct.csv,66,aligned,high,1.0,Exact match with case variation,aligned,high,1.0,Exact match; case difference only.,aligned,high,1.0,Exact name match (case difference irrelevant).,aligned,high,1.0,3/3,False,3-0,stable,Exact match with case variation | Exact match; case difference only. | Exact name match (case difference irrelevant).,,
corpus,Lateral geniculate nucleus,high_confidence,1.0,HOMBA:10429,lateral geniculate nucleus (dorsal lateral geniculate nucleus),bm25+exact+fuzzy,Lateral geniculate nucleus,Lateral geniculate nucleus,lateral,1.0,pregeniculate nucleus (ventral lateral geniculate nucleus),0.9975,correct,65,1_highconf_correct.csv,67,aligned,high,1.0,Exact synonym match with alternative name.,aligned,high,1.0,Exact match with standard name and synonym provided.,aligned,high,1.0,Exact match; top1 is lateral geniculate nucleus (with dorsal part noted).,aligned,high,1.0,3/3,False,3-0,stable,Exact synonym match with alternative name. | Exact match with standard name and synonym provided. | Exact match; top1 is lateral geniculate nucleus (with dorsal part noted).,,
corpus,Lateral parabrachial nucleus,high_confidence,1.0,HOMBA:12482,lateral parabrachial nucleus,bm25+exact+fuzzy,Lateral parabrachial nucleus,Lateral parabrachial nucleus,lateral,1.0,"lateral parabrachial nucleus, central division",0.9975,correct,66,1_highconf_correct.csv,68,aligned,high,1.0,Exact match.,aligned,high,1.0,Exact match.,aligned,high,1.0,Exact match.,aligned,high,1.0,3/3,False,3-0,stable,Exact match. | Exact match. | Exact match.,,
corpus,Lateral posterior thalamic nucleus,high_confidence,1.0,HOMBA:10408,lateral posterior nucleus of thalamus,bm25+exact+fuzzy,Lateral posterior thalamic nucleus,Lateral posterior thalamic nucleus,lateral;posterior,1.0,posterior nucleus of thalamus,0.9375,correct,67,1_highconf_correct.csv,69,aligned,high,1.0,Synonym variant: 'nucleus of thalamus' vs 'thalamic nucleus'.,aligned,high,1.0,Synonym; same structure.,aligned,high,1.0,Same nucleus; difference in phrasing ('thalamic nucleus' vs 'nucleus of thalamus').,aligned,high,1.0,3/3,False,3-0,stable,Synonym variant: 'nucleus of thalamus' vs 'thalamic nucleus'. | Synonym; same structure. | Same nucleus; difference in phrasing ('thalamic nucleus' vs 'nucleus of thalamus').,,
corpus,Lateral pulvinar,high_confidence,1.0,HOMBA:10412,lateral division of pulvinar,bm25+fuzzy,lateral pulvinar of thalamus,lateral division of pulvinar of thalamus,lateral,1.0,pulvinar of thalamus,0.7172,correct,68,1_highconf_correct.csv,70,aligned,high,1.0,Exact match of lateral division of pulvinar.,aligned,high,1.0,Synonym; lateral pulvinar equals lateral division of pulvinar.,aligned,high,1.0,Lateral pulvinar is synonymous with lateral division of pulvinar.,aligned,high,1.0,3/3,False,3-0,stable,Exact match of lateral division of pulvinar. | Synonym; lateral pulvinar equals lateral division of pulvinar. | Lateral pulvinar is synonymous with lateral division of pulvinar.,,
corpus,Lenticular nucleus (putamen),high_confidence,1.0,HOMBA:10338,putamen (lateroventral division of the CP),bm25+exact+fuzzy,Lenticular nucleus,Lenticular nucleus,putamen,1.0,caudal putamen,0.935,correct,69,1_highconf_correct.csv,71,partial_or_narrower,medium,0.7,"Query 'Lenticular nucleus (putamen)' includes broader term; top1 is only putamen, a part of the lenticular nucleus.",partial_or_narrower,medium,0.8,Top1 covers only putamen part of lenticular nucleus; query specifies putamen but primary term includes full nucleus.,partial_or_narrower,high,0.9,"Query includes both lenticular nucleus and putamen; top1 is only putamen, a part of lenticular nucleus.",partial_or_narrower,medium,0.8,3/3,False,3-0,stable,"Query 'Lenticular nucleus (putamen)' includes broader term; top1 is only putamen, a part of the lenticular nucleus. | Top1 covers only putamen part of lenticular nucleus; query specifies putamen but primary term includes full nucleus. | Query includes both lenticular nucleus and putamen; top1 is only putamen, a part of lenticular nucleus.",,
corpus,Limen insulae,high_confidence,1.0,HOMBA:12179,limen insula,bm25+exact+fuzzy,Limen insulae,Limen insulae,,1.0,insular lobe,0.219158,correct,70,1_highconf_correct.csv,72,aligned,high,1.0,"Minor spelling variant (insula vs insulae), same anatomical structure.",aligned,high,1.0,"top1_name 'limen insula' is a conventional spelling variant of query 'Limen insulae', indicating the same anatomical structure.",aligned,high,1.0,"Exact anatomical structure, minor spelling variant ('insulae' vs 'insula'); matched alias confirms.",aligned,high,1.0,3/3,False,3-0,stable,"Minor spelling variant (insula vs insulae), same anatomical structure. | top1_name 'limen insula' is a conventional spelling variant of query 'Limen insulae', indicating the same anatomical structure. | Exact anatomical structure, minor spelling variant ('insulae' vs 'insula'); matched alias confirms.",,
corpus,Lingual gyrus,high_confidence,1.0,HOMBA:12151,lingual gyrus,bm25+exact+fuzzy,Lingual gyrus,Lingual gyrus,,1.0,uncus of (para)hippocampal gyrus,0.310977,correct,71,1_highconf_correct.csv,73,aligned,high,1.0,Exact match: query and top1_name are identical.,aligned,high,1.0,Exact match between query 'Lingual gyrus' and top1_name 'lingual gyrus'.,aligned,high,1.0,Exact match.,aligned,high,1.0,3/3,False,3-0,stable,Exact match: query and top1_name are identical. | Exact match between query 'Lingual gyrus' and top1_name 'lingual gyrus'. | Exact match.,,
corpus,Locus coeruleus,high_confidence,1.0,HOMBA:12499,nucleus coeruleus (locus coeruleus),bm25+exact+fuzzy,Locus coeruleus,Locus coeruleus,,1.0,,,correct,72,1_highconf_correct.csv,74,aligned,high,1.0,Synonym: nucleus coeruleus is an accepted alternative name for locus coeruleus.,aligned,high,1.0,"top1_name 'nucleus coeruleus (locus coeruleus)' includes the query 'Locus coeruleus' as a synonym, referring to the same structure.",aligned,high,1.0,Accepted synonym; top1 includes both names.,aligned,high,1.0,3/3,False,3-0,stable,"Synonym: nucleus coeruleus is an accepted alternative name for locus coeruleus. | top1_name 'nucleus coeruleus (locus coeruleus)' includes the query 'Locus coeruleus' as a synonym, referring to the same structure. | Accepted synonym; top1 includes both names.",,
corpus,Mammillary body,high_confidence,1.0,HOMBA:15546,mammillary body,bm25+exact+fuzzy,Mammillary body,Mammillary body,,1.0,body of corpus callosum,0.27635,correct,73,1_highconf_correct.csv,75,aligned,high,1.0,Exact match: query and top1_name are identical.,aligned,high,1.0,Exact match between query 'Mammillary body' and top1_name 'mammillary body'.,aligned,high,1.0,Exact match.,aligned,high,1.0,3/3,False,3-0,stable,Exact match: query and top1_name are identical. | Exact match between query 'Mammillary body' and top1_name 'mammillary body'. | Exact match.,,
corpus,Mammillothalamic tract,high_confidence,1.0,HOMBA:10586,mammillothalamic tract,bm25+exact+fuzzy,Mammillothalamic tract,Mammillothalamic tract,,1.0,pyramidal tract,0.302708,correct,74,1_highconf_correct.csv,76,aligned,high,1.0,Exact match: query and top1_name are identical.,aligned,high,1.0,Exact match between query 'Mammillothalamic tract' and top1_name 'mammillothalamic tract'.,aligned,high,1.0,Exact match.,aligned,high,1.0,3/3,False,3-0,stable,Exact match: query and top1_name are identical. | Exact match between query 'Mammillothalamic tract' and top1_name 'mammillothalamic tract'. | Exact match.,,
corpus,Medial geniculate nucleus,high_confidence,1.0,HOMBA:10434,medial geniculate nucleus,bm25+exact+fuzzy,Medial geniculate nucleus,Medial geniculate nucleus,medial,1.0,dorsal (rostral) division of medial geniculate nucleus,0.9975,correct,75,1_highconf_correct.csv,77,aligned,high,1.0,Exact anatomical match with case difference only.,aligned,high,1.0,Query 'Medial geniculate nucleus' exactly matches top1 'medial geniculate nucleus' (case variant).,aligned,high,1.0,Exact match: 'Medial geniculate nucleus'.,aligned,high,1.0,3/3,False,3-0,stable,Exact anatomical match with case difference only. | Query 'Medial geniculate nucleus' exactly matches top1 'medial geniculate nucleus' (case variant). | Exact match: 'Medial geniculate nucleus'.,,
corpus,Medial lemniscus,high_confidence,1.0,HOMBA:12763,medial lemniscus,bm25+exact+fuzzy,Medial lemniscus,Medial lemniscus,medial,1.0,decussation of medial lemniscus,0.861263,correct,76,1_highconf_correct.csv,78,aligned,high,1.0,Exact anatomical match with case difference only.,aligned,high,1.0,Query 'Medial lemniscus' exactly matches top1 'medial lemniscus' (case variant).,aligned,high,1.0,Exact match: 'Medial lemniscus'.,aligned,high,1.0,3/3,False,3-0,stable,Exact anatomical match with case difference only. | Query 'Medial lemniscus' exactly matches top1 'medial lemniscus' (case variant). | Exact match: 'Medial lemniscus'.,,
corpus,Medial longitudinal fasciculus,high_confidence,1.0,HOMBA:12764,medial longitudinal fasciculus,bm25+exact+fuzzy,Medial longitudinal fasciculus,Medial longitudinal fasciculus,medial,1.0,medial longitudinal fasciculus in spinal cord,0.9325,correct,77,1_highconf_correct.csv,79,aligned,high,1.0,Exact anatomical match with case difference only.,aligned,high,1.0,Query 'Medial longitudinal fasciculus' exactly matches top1 'medial longitudinal fasciculus' (case variant).,aligned,high,1.0,Exact match: 'Medial longitudinal fasciculus'.,aligned,high,1.0,3/3,False,3-0,stable,Exact anatomical match with case difference only. | Query 'Medial longitudinal fasciculus' exactly matches top1 'medial longitudinal fasciculus' (case variant). | Exact match: 'Medial longitudinal fasciculus'.,,
corpus,Medial parabrachial nucleus,high_confidence,1.0,HOMBA:12487,medial parabrachial nucleus,bm25+exact+fuzzy,Medial parabrachial nucleus,Medial parabrachial nucleus,medial,1.0,"medial parabrachial nucleus, medial division",1.0,correct,78,1_highconf_correct.csv,80,aligned,high,1.0,Exact anatomical match with case difference only.,aligned,high,1.0,Query 'Medial parabrachial nucleus' exactly matches top1 'medial parabrachial nucleus' (case variant).,aligned,high,1.0,Exact match: 'Medial parabrachial nucleus'.,aligned,high,1.0,3/3,False,3-0,stable,Exact anatomical match with case difference only. | Query 'Medial parabrachial nucleus' exactly matches top1 'medial parabrachial nucleus' (case variant). | Exact match: 'Medial parabrachial nucleus'.,,
corpus,Medial pulvinar,high_confidence,1.0,HOMBA:10411,medial division of pulvinar,bm25+fuzzy,medial pulvinar of thalamus,medial division of pulvinar of thalamus,medial,1.0,pulvinar of thalamus,0.7172,correct,79,1_highconf_correct.csv,81,aligned,high,1.0,Top1 name 'medial division of pulvinar' is a conventional synonym for the query 'Medial pulvinar'.,aligned,high,1.0,Query 'Medial pulvinar' directly corresponds to top1 'medial division of pulvinar' (synonym).,aligned,high,1.0,Synonym: 'Medial pulvinar' refers to the medial division of pulvinar.,aligned,high,1.0,3/3,False,3-0,stable,Top1 name 'medial division of pulvinar' is a conventional synonym for the query 'Medial pulvinar'. | Query 'Medial pulvinar' directly corresponds to top1 'medial division of pulvinar' (synonym). | Synonym: 'Medial pulvinar' refers to the medial division of pulvinar.,,
corpus,Medial superior temporal area,high_confidence,1.0,HOMBA:AA30021,medial superior temporal area,bm25+exact+fuzzy,Medial superior temporal area,Medial superior temporal area,medial,1.0,superior (dorsal) temporal sulcus,0.559775,correct,80,1_highconf_correct.csv,82,aligned,high,1.0,top1_name is identical to query after case normalization; same anatomical structure.,aligned,high,1.0,Exact match with case variation; same anatomical structure.,aligned,high,1.0,"Direct match: query and top1 are identical except for minor capitalization, same anatomical structure.",aligned,high,1.0,3/3,False,3-0,stable,"top1_name is identical to query after case normalization; same anatomical structure. | Exact match with case variation; same anatomical structure. | Direct match: query and top1 are identical except for minor capitalization, same anatomical structure.",,
corpus,Median raphe,high_confidence,1.0,HOMBA:12235,median raphe nucleus,bm25+exact+fuzzy,Median raphe,Median raphe,,1.0,pontine raphe region,0.8342,correct,81,1_highconf_correct.csv,83,aligned,high,1.0,Median raphe is a common shorthand for median raphe nucleus; widely accepted synonym.,aligned,high,1.0,Query is common abbreviation for median raphe nucleus; same structure.,aligned,high,1.0,"Query 'Median raphe' is a conventional shorthand for 'median raphe nucleus'. Top1 adds 'nucleus', same entity.",aligned,high,1.0,3/3,False,3-0,stable,"Median raphe is a common shorthand for median raphe nucleus; widely accepted synonym. | Query is common abbreviation for median raphe nucleus; same structure. | Query 'Median raphe' is a conventional shorthand for 'median raphe nucleus'. Top1 adds 'nucleus', same entity.",,
corpus,Mediodorsal thalamic nucleus,high_confidence,1.0,HOMBA:10398,mediodorsal nucleus of thalamus,bm25+exact+fuzzy,Mediodorsal thalamic nucleus,Mediodorsal thalamic nucleus,,1.0,ventral midline nuclei of thalamus,0.369828,correct,82,1_highconf_correct.csv,84,aligned,high,1.0,Mediodorsal thalamic nucleus and mediodorsal nucleus of thalamus are synonymous terms.,aligned,high,1.0,Synonym with word order variant; both refer to same thalamic nucleus.,aligned,high,1.0,Word-order variant: 'Mediodorsal thalamic nucleus' vs 'mediodorsal nucleus of thalamus' refer to the same nucleus.,aligned,high,1.0,3/3,False,3-0,stable,Mediodorsal thalamic nucleus and mediodorsal nucleus of thalamus are synonymous terms. | Synonym with word order variant; both refer to same thalamic nucleus. | Word-order variant: 'Mediodorsal thalamic nucleus' vs 'mediodorsal nucleus of thalamus' refer to the same nucleus.,,
corpus,Middle cerebellar peduncle,high_confidence,1.0,HOMBA:12768,middle cerebellar peduncle (brachium pontis),bm25+exact+fuzzy,Middle cerebellar peduncle,Middle cerebellar peduncle,,1.0,cerebellar morphology,0.323616,correct,83,1_highconf_correct.csv,85,aligned,high,1.0,Exact match with alternative synonym in parentheses; same peduncular structure.,aligned,high,1.0,Exact match with parenthetical Latin synonym; same structure.,aligned,high,1.0,Top1 includes an accepted synonym in parentheses; 'middle cerebellar peduncle (brachium pontis)' is exactly the same structure.,aligned,high,1.0,3/3,False,3-0,stable,Exact match with alternative synonym in parentheses; same peduncular structure. | Exact match with parenthetical Latin synonym; same structure. | Top1 includes an accepted synonym in parentheses; 'middle cerebellar peduncle (brachium pontis)' is exactly the same structure.,,
corpus,Middle frontal gyrus,high_confidence,1.0,HOMBA:12116,middle frontal gyrus,bm25+exact+fuzzy,Middle frontal gyrus,Middle frontal gyrus,,1.0,frontal lobe,0.97,correct,84,1_highconf_correct.csv,86,aligned,high,1.0,Exact match of anatomical names; middle frontal gyrus is directly identified.,aligned,high,1.0,Exact match; middle frontal gyrus correctly identified.,aligned,high,1.0,Exact match: 'Middle frontal gyrus' and top1 are identical.,aligned,high,1.0,3/3,False,3-0,stable,Exact match of anatomical names; middle frontal gyrus is directly identified. | Exact match; middle frontal gyrus correctly identified. | Exact match: 'Middle frontal gyrus' and top1 are identical.,,
corpus,Middle temporal area,high_confidence,1.0,HOMBA:267499039,"fifth visual area (middle temporal area, MT)",bm25+exact+fuzzy,Middle temporal area,Middle temporal area,,1.0,dorsolateral temporal cortex,0.8342,correct,85,1_highconf_correct.csv,87,aligned,high,1.0,"top1_name includes 'middle temporal area' as an accepted synonym, directly matching the query.",aligned,high,1.0,top1_name directly includes 'middle temporal area' as an alias.,aligned,high,1.0,Middle temporal area is a standard synonym for MT/V5; top1 explicitly includes that alias.,aligned,high,1.0,3/3,False,3-0,stable,"top1_name includes 'middle temporal area' as an accepted synonym, directly matching the query. | top1_name directly includes 'middle temporal area' as an alias. | Middle temporal area is a standard synonym for MT/V5; top1 explicitly includes that alias.",,
corpus,Middle temporal gyrus,high_confidence,1.0,HOMBA:12141,middle temporal gyrus,bm25+exact+fuzzy,Middle temporal gyrus,Middle temporal gyrus,,1.0,temporal lobe,0.97,correct,86,1_highconf_correct.csv,88,aligned,high,1.0,Exact match of 'middle temporal gyrus' (case-insensitive).,aligned,high,1.0,Exact match with query 'Middle temporal gyrus'.,aligned,high,1.0,"Exact match, same gyral structure.",aligned,high,1.0,3/3,False,3-0,stable,"Exact match of 'middle temporal gyrus' (case-insensitive). | Exact match with query 'Middle temporal gyrus'. | Exact match, same gyral structure.",,
corpus,Motor trigeminal nucleus,high_confidence,1.0,HOMBA:12429,"motor nucleus of trigeminal nerve (motor trigeminal nucleus, Mo5)",bm25+exact+fuzzy+hierarchy_parent,Motor trigeminal nucleus,Motor trigeminal nucleus,,1.0,afferent nuclei of cranial nerves in pons,0.816733,correct,87,1_highconf_correct.csv,89,aligned,high,1.0,top1_name contains 'motor trigeminal nucleus' in parentheses as a synonym.,aligned,high,1.0,top1_name includes 'motor trigeminal nucleus' as an alias.,aligned,high,1.0,Motor trigeminal nucleus is a well-established alias for the motor nucleus of V.,aligned,high,1.0,3/3,False,3-0,stable,top1_name contains 'motor trigeminal nucleus' in parentheses as a synonym. | top1_name includes 'motor trigeminal nucleus' as an alias. | Motor trigeminal nucleus is a well-established alias for the motor nucleus of V.,,
corpus,Nucleus accumbens,high_confidence,1.0,HOMBA:10339,nucleus accumbens,bm25+exact+fuzzy+hierarchy_parent,Nucleus accumbens,Nucleus accumbens,,1.0,core of nucleus accumbens,0.736733,correct,88,1_highconf_correct.csv,90,aligned,high,1.0,Exact match of 'nucleus accumbens' (case-insensitive).,aligned,high,1.0,Exact match with query 'Nucleus accumbens'.,aligned,high,1.0,"Identical entity, nucleus accumbens.",aligned,high,1.0,3/3,False,3-0,stable,"Exact match of 'nucleus accumbens' (case-insensitive). | Exact match with query 'Nucleus accumbens'. | Identical entity, nucleus accumbens.",,
corpus,Nucleus ambiguus,high_confidence,1.0,HOMBA:12540,ambiguus nucleus,bm25+exact+fuzzy+hierarchy_parent,Nucleus ambiguus,Nucleus ambiguus,,1.0,"ambiguus nucleus, loose division",0.798611,correct,89,1_highconf_correct.csv,91,aligned,high,1.0,'ambiguus nucleus' is a conventional spelling and word-order variant of 'Nucleus ambiguus'.,aligned,high,1.0,Synonym with word-order variant 'ambiguus nucleus' for 'Nucleus ambiguus'.,aligned,high,1.0,Nucleus ambiguus and ambiguus nucleus are accepted word-order variants for the same structure.,aligned,high,1.0,3/3,False,3-0,stable,'ambiguus nucleus' is a conventional spelling and word-order variant of 'Nucleus ambiguus'. | Synonym with word-order variant 'ambiguus nucleus' for 'Nucleus ambiguus'. | Nucleus ambiguus and ambiguus nucleus are accepted word-order variants for the same structure.,,
corpus,Nucleus of the solitary tract,high_confidence,1.0,HOMBA:12557,solitary nucleus,bm25+exact+fuzzy+hierarchy_parent,Nucleus of the solitary tract,Nucleus of the solitary tract,,1.0,"solitary nucleus, gelatinous division",0.858333,correct,90,1_highconf_correct.csv,92,aligned,high,1.0,Top1 'solitary nucleus' is a standard synonym for 'Nucleus of the solitary tract'.,aligned,high,1.0,top1 'solitary nucleus' is a direct synonym for 'Nucleus of the solitary tract'.,aligned,high,1.0,Accepted synonym: Nucleus of the solitary tract is the solitary nucleus.,aligned,high,1.0,3/3,False,3-0,stable,Top1 'solitary nucleus' is a standard synonym for 'Nucleus of the solitary tract'. | top1 'solitary nucleus' is a direct synonym for 'Nucleus of the solitary tract'. | Accepted synonym: Nucleus of the solitary tract is the solitary nucleus.,,
corpus,Obex,high_confidence,1.0,HOMBA:12812,obex,bm25+exact+fuzzy,Obex,Obex,,1.0,,,correct,91,1_highconf_correct.csv,93,aligned,high,1.0,"Exact match, identical anatomical structure.",aligned,high,1.0,"Exact match, only case difference.",aligned,high,1.0,Exact match (case-insensitive).,aligned,high,1.0,3/3,False,3-0,stable,"Exact match, identical anatomical structure. | Exact match, only case difference. | Exact match (case-insensitive).",,
corpus,Occipital pole,high_confidence,1.0,HOMBA:12149,occipital pole,bm25+exact+fuzzy,Occipital pole,Occipital pole,,1.0,occipital lobe,0.97,correct,92,1_highconf_correct.csv,94,aligned,high,1.0,"Exact match, same anatomical structure.",aligned,high,1.0,"Exact match, only case difference.",aligned,high,1.0,Exact match (case-insensitive).,aligned,high,1.0,3/3,False,3-0,stable,"Exact match, same anatomical structure. | Exact match, only case difference. | Exact match (case-insensitive).",,
corpus,Oculomotor nucleus,high_confidence,1.0,HOMBA:12198,oculomotor nucleus,bm25+exact+fuzzy+hierarchy_parent,Oculomotor nucleus,Oculomotor nucleus,,1.0,efferent nuclei of the cranial nerves in midbrain,0.97,correct,93,1_highconf_correct.csv,95,aligned,high,1.0,"Exact match, same anatomical structure.",aligned,high,1.0,"Exact match, only case difference.",aligned,high,1.0,Exact match (case-insensitive).,aligned,high,1.0,3/3,False,3-0,stable,"Exact match, same anatomical structure. | Exact match, only case difference. | Exact match (case-insensitive).",,
corpus,Optic chiasm,high_confidence,1.0,HOMBA:10644,optic chiasm,bm25+exact+fuzzy,Optic chiasm,Optic chiasm,,1.0,optic nerve,0.250475,correct,94,1_highconf_correct.csv,96,aligned,high,1.0,"Exact match, same anatomical structure.",aligned,high,1.0,"Exact match, only case difference.",aligned,high,1.0,Exact match (case-insensitive).,aligned,high,1.0,3/3,False,3-0,stable,"Exact match, same anatomical structure. | Exact match, only case difference. | Exact match (case-insensitive).",,
corpus,Optic tract,high_confidence,1.0,HOMBA:10589,optic tract,bm25+exact+fuzzy,Optic tract,Optic tract,,1.0,nucleus of the optic tract  (lentiform nucleus),0.590086,correct,95,1_highconf_correct.csv,97,aligned,high,1.0,Exact match: 'optic tract' is same as query modulo case.,aligned,high,1.0,Exact match with case difference only.,aligned,high,1.0,"Direct match, identical structure name.",aligned,high,1.0,3/3,False,3-0,stable,"Exact match: 'optic tract' is same as query modulo case. | Exact match with case difference only. | Direct match, identical structure name.",,
corpus,Paracingulate gyrus,high_confidence,1.0,HOMBA:146034872,paracingulate gyrus,bm25+exact+fuzzy,Paracingulate gyrus,Paracingulate gyrus,,1.0,uncus of (para)hippocampal gyrus,0.310977,correct,96,1_highconf_correct.csv,98,aligned,high,1.0,Exact match: 'paracingulate gyrus' is identical to query.,aligned,high,1.0,Exact match with case difference only.,aligned,high,1.0,"Direct match, identical structure name.",aligned,high,1.0,3/3,False,3-0,stable,"Exact match: 'paracingulate gyrus' is identical to query. | Exact match with case difference only. | Direct match, identical structure name.",,
corpus,Parahippocampal gyrus,high_confidence,1.0,HOMBA:12162,parahippocampal gyrus,bm25+exact+fuzzy+hierarchy_parent,Parahippocampal gyrus,Parahippocampal gyrus,,1.0,anterior parahippocampal gyrus,0.736733,correct,97,1_highconf_correct.csv,99,aligned,high,1.0,Exact match: 'parahippocampal gyrus' is identical to query.,aligned,high,1.0,Exact match with case difference only.,aligned,high,1.0,"Direct match, identical structure name.",aligned,high,1.0,3/3,False,3-0,stable,"Exact match: 'parahippocampal gyrus' is identical to query. | Exact match with case difference only. | Direct match, identical structure name.",,
corpus,Parahippocampal gyrus (anterior),high_confidence,1.0,HOMBA:12163,anterior parahippocampal gyrus,bm25+fuzzy,Parahippocampal gyrus,anterior parahippocampal gyrus,anterior,1.0,parahippocampal gyrus,0.88,correct,98,1_highconf_correct.csv,100,aligned,high,1.0,Same structure; modifier reordered from (anterior) to anterior as prefix.,aligned,high,1.0,Query specifies anterior; top1 is the exact subregion name.,aligned,high,1.0,Query specifies anterior parahippocampal gyrus; top1 matches exactly.,aligned,high,1.0,3/3,False,3-0,stable,Same structure; modifier reordered from (anterior) to anterior as prefix. | Query specifies anterior; top1 is the exact subregion name. | Query specifies anterior parahippocampal gyrus; top1 matches exactly.,,
corpus,Parahippocampal gyrus (posterior),high_confidence,1.0,HOMBA:12164,posterior parahippocampal gyrus,bm25+fuzzy,Parahippocampal gyrus,posterior parahippocampal gyrus,posterior,1.0,posterior parahippocampal region (postrhinal cortex),1.0,correct,99,1_highconf_correct.csv,101,aligned,high,1.0,Same structure; modifier reordered from (posterior) to posterior as prefix.,aligned,high,1.0,Query specifies posterior; top1 is the exact subregion name.,aligned,high,1.0,Query specifies posterior parahippocampal gyrus; top1 matches exactly.,aligned,high,1.0,3/3,False,3-0,stable,Same structure; modifier reordered from (posterior) to posterior as prefix. | Query specifies posterior; top1 is the exact subregion name. | Query specifies posterior parahippocampal gyrus; top1 matches exactly.,,
corpus,Periamygdaloid cortex,high_confidence,1.0,HOMBA:AA30225,periamygdaloid cortex,bm25+exact+fuzzy+hierarchy_parent,Periamygdaloid cortex,Periamygdaloid cortex,,1.0,sulcal periamygdaloid cortex,0.856667,correct,100,1_highconf_correct.csv,102,aligned,high,1.0,Exact match except capitalization; same anatomical structure.,aligned,high,1.0,Exact match (case-insensitive) of 'Periamygdaloid cortex' to 'periamygdaloid cortex'.,aligned,high,1.0,Exact match between query and top1_name (case-insensitive).,aligned,high,1.0,3/3,False,3-0,stable,Exact match except capitalization; same anatomical structure. | Exact match (case-insensitive) of 'Periamygdaloid cortex' to 'periamygdaloid cortex'. | Exact match between query and top1_name (case-insensitive).,,
corpus,Pineal gland,high_confidence,1.0,HOMBA:10460,pineal body,bm25+exact+fuzzy,Pineal gland,Pineal gland,,1.0,pituitary body/gland (hypophysis),0.278379,correct,101,1_highconf_correct.csv,103,aligned,high,1.0,'pineal body' is a standard synonym for 'pineal gland'; identical structure.,aligned,high,1.0,'Pineal gland' and 'pineal body' are accepted synonyms for the same anatomical structure.,aligned,high,1.0,Pineal gland and pineal body are established synonyms for the same anatomical structure.,aligned,high,1.0,3/3,False,3-0,stable,'pineal body' is a standard synonym for 'pineal gland'; identical structure. | 'Pineal gland' and 'pineal body' are accepted synonyms for the same anatomical structure. | Pineal gland and pineal body are established synonyms for the same anatomical structure.,,
corpus,Planum polare,high_confidence,1.0,HOMBA:12147,planum polare,bm25+exact+fuzzy,Planum polare,Planum polare,,1.0,planum temporale,0.278056,correct,102,1_highconf_correct.csv,104,aligned,high,1.0,Exact match except capitalization; same anatomical structure.,aligned,high,1.0,Exact match (case-insensitive) of 'Planum polare' to 'planum polare'.,aligned,high,1.0,"Exact match, planum polare is the same structure.",aligned,high,1.0,3/3,False,3-0,stable,"Exact match except capitalization; same anatomical structure. | Exact match (case-insensitive) of 'Planum polare' to 'planum polare'. | Exact match, planum polare is the same structure.",,
corpus,Planum temporale,high_confidence,1.0,HOMBA:12145,planum temporale,bm25+exact+fuzzy,Planum temporale,Planum temporale,,1.0,planum polare,0.278056,correct,103,1_highconf_correct.csv,105,aligned,high,1.0,Exact match except capitalization; same anatomical structure.,aligned,high,1.0,Exact match (case-insensitive) of 'Planum temporale' to 'planum temporale'.,aligned,high,1.0,"Exact match, planum temporale is the same structure.",aligned,high,1.0,3/3,False,3-0,stable,"Exact match except capitalization; same anatomical structure. | Exact match (case-insensitive) of 'Planum temporale' to 'planum temporale'. | Exact match, planum temporale is the same structure.",,
corpus,Pontobulbar nucleus,high_confidence,1.0,HOMBA:12614,pontobulbar nucleus,bm25+exact+fuzzy,Pontobulbar nucleus,Pontobulbar nucleus,,1.0,"pontobulbar nucleus, inferior division",0.675947,correct,104,1_highconf_correct.csv,106,aligned,high,1.0,Exact match except capitalization; same anatomical structure.,aligned,high,1.0,Exact match (case-insensitive) of 'Pontobulbar nucleus' to 'pontobulbar nucleus'.,aligned,high,1.0,"Exact match, pontobulbar nucleus is the same structure.",aligned,high,1.0,3/3,False,3-0,stable,"Exact match except capitalization; same anatomical structure. | Exact match (case-insensitive) of 'Pontobulbar nucleus' to 'pontobulbar nucleus'. | Exact match, pontobulbar nucleus is the same structure.",,
corpus,Postcentral gyrus,high_confidence,1.0,HOMBA:12132,postcentral gyrus,bm25+exact+fuzzy,Postcentral gyrus,Postcentral gyrus,,1.0,cuneus (gyrus),0.279101,correct,105,1_highconf_correct.csv,107,aligned,high,1.0,Exact match of anatomical structure name.,aligned,high,1.0,Exact match (case-insensitive).,aligned,high,1.0,Exact match (case-insensitive).,aligned,high,1.0,3/3,False,3-0,stable,Exact match of anatomical structure name. | Exact match (case-insensitive). | Exact match (case-insensitive).,,
corpus,Posterior cingulate gyrus,high_confidence,1.0,HOMBA:10285,posterior cingulate cortex (PCC),bm25+exact+fuzzy,Posterior cingulate gyrus,Posterior cingulate gyrus,posterior,1.0,"cingulate gyrus, caudal (posterior) part",0.889801,correct,106,1_highconf_correct.csv,108,broader_parent,medium,0.7,"Query specifies 'gyrus' but top1 is 'cortex', which is a broader region containing the gyrus.",aligned,high,1.0,Posterior cingulate cortex is a synonym for posterior cingulate gyrus.,aligned,high,1.0,Posterior cingulate gyrus and posterior cingulate cortex are accepted synonyms.,aligned,medium,0.9,2/3,True,2-1,majority_vote,"Query specifies 'gyrus' but top1 is 'cortex', which is a broader region containing the gyrus. | Posterior cingulate cortex is a synonym for posterior cingulate gyrus. | Posterior cingulate gyrus and posterior cingulate cortex are accepted synonyms.",,
corpus,Posterior commissure,high_confidence,1.0,HOMBA:10567,posterior commissure,bm25+exact+fuzzy,Posterior commissure,Posterior commissure,posterior,1.0,interstitial nucleus of posterior commissure (nucleus of posterior commissure),0.974167,correct,107,1_highconf_correct.csv,109,aligned,high,1.0,Exact match of anatomical structure name.,aligned,high,1.0,Exact match (case-insensitive).,aligned,high,1.0,Exact match.,aligned,high,1.0,3/3,False,3-0,stable,Exact match of anatomical structure name. | Exact match (case-insensitive). | Exact match.,,
corpus,Posterior thalamic nucleus,high_confidence,1.0,HOMBA:10440,posterior nucleus of thalamus,bm25+exact+fuzzy,Posterior thalamic nucleus,Posterior thalamic nucleus,posterior,1.0,lateral posterior nucleus of thalamus,0.9975,correct,108,1_highconf_correct.csv,110,aligned,high,1.0,Top1 is a conventional synonym for the query structure.,aligned,high,1.0,Synonym: posterior nucleus of thalamus = posterior thalamic nucleus.,aligned,high,1.0,Posterior thalamic nucleus is synonymous with posterior nucleus of thalamus.,aligned,high,1.0,3/3,False,3-0,stable,Top1 is a conventional synonym for the query structure. | Synonym: posterior nucleus of thalamus = posterior thalamic nucleus. | Posterior thalamic nucleus is synonymous with posterior nucleus of thalamus.,,
corpus,Precentral gyrus,high_confidence,1.0,HOMBA:12114,precentral gyrus,bm25+exact+fuzzy,Precentral gyrus,Precentral gyrus,,1.0,uncus of (para)hippocampal gyrus,0.310977,correct,109,1_highconf_correct.csv,111,aligned,high,1.0,Exact match of anatomical structure name.,aligned,high,1.0,Exact match (case-insensitive).,aligned,high,1.0,Exact match (case-insensitive).,aligned,high,1.0,3/3,False,3-0,stable,Exact match of anatomical structure name. | Exact match (case-insensitive). | Exact match (case-insensitive).,,
corpus,Precuneus,high_confidence,1.0,HOMBA:12137,precuneaus (gyrus),bm25+exact+fuzzy,Precuneus,Precuneus,,1.0,,,correct,110,1_highconf_correct.csv,112,aligned,high,1.0,top1_name is a spelling variant and accepted synonym for Precuneus.,aligned,high,1.0,"The top1 name 'precuneaus (gyrus)' is a spelling variant of the query 'Precuneus', referring to the same anatomical structure.",aligned,high,1.0,"Top1 is a spelling variant ('precuneaus' for precuneus), same anatomical structure.",aligned,high,1.0,3/3,False,3-0,stable,"top1_name is a spelling variant and accepted synonym for Precuneus. | The top1 name 'precuneaus (gyrus)' is a spelling variant of the query 'Precuneus', referring to the same anatomical structure. | Top1 is a spelling variant ('precuneaus' for precuneus), same anatomical structure.",,
corpus,Prepositus nucleus,high_confidence,1.0,HOMBA:12615,prepositus hypoglossal nucleus,bm25+exact+fuzzy,Prepositus nucleus,Prepositus nucleus,,1.0,other nuclei in dorsal medulla,0.97,correct,111,1_highconf_correct.csv,113,aligned,high,1.0,top1_name is a synonym (nucleus prepositus hypoglossi) for Prepositus nucleus.,aligned,high,1.0,"The top1 name 'prepositus hypoglossal nucleus' is the full name for the query 'Prepositus nucleus', which is a standard abbreviation.",aligned,high,1.0,Top1 is the full name (prepositus hypoglossal nucleus) matching the abbreviated query.,aligned,high,1.0,3/3,False,3-0,stable,"top1_name is a synonym (nucleus prepositus hypoglossi) for Prepositus nucleus. | The top1 name 'prepositus hypoglossal nucleus' is the full name for the query 'Prepositus nucleus', which is a standard abbreviation. | Top1 is the full name (prepositus hypoglossal nucleus) matching the abbreviated query.",,
corpus,Presubiculum,high_confidence,1.0,HOMBA:10315,presubiculum (presubicular cortex),bm25+exact+fuzzy+hierarchy_parent,Presubiculum,Presubiculum,,1.0,caudal (dorsal) presubiculum (postsubiculum),0.676118,correct,112,1_highconf_correct.csv,114,aligned,high,1.0,top1_name directly matches the query Presubiculum.,aligned,high,1.0,Exact match of 'Presubiculum' with the synonym 'presubiculum (presubicular cortex)' provided.,aligned,high,1.0,"Top1 exactly names the query 'presubiculum', with a parenthetical synonym.",aligned,high,1.0,3/3,False,3-0,stable,"top1_name directly matches the query Presubiculum. | Exact match of 'Presubiculum' with the synonym 'presubiculum (presubicular cortex)' provided. | Top1 exactly names the query 'presubiculum', with a parenthetical synonym.",,
corpus,Primary auditory cortex,high_confidence,1.0,HOMBA:10236,"primary auditory cortex (first auditory cortex, auditory core region)",bm25+exact+fuzzy+hierarchy_parent,Primary auditory cortex,Primary auditory cortex,,1.0,dorsolateral temporal cortex,0.97,correct,113,1_highconf_correct.csv,115,aligned,high,1.0,top1_name directly matches the query Primary auditory cortex.,aligned,high,1.0,Exact match with additional canonical synonyms listed.,aligned,high,1.0,"Top1 directly names the primary auditory cortex, with accepted alternative names.",aligned,high,1.0,3/3,False,3-0,stable,"top1_name directly matches the query Primary auditory cortex. | Exact match with additional canonical synonyms listed. | Top1 directly names the primary auditory cortex, with accepted alternative names.",,
corpus,Primary motor cortex,high_confidence,1.0,HOMBA:10163,"primary motor cortex (first motor cortex, area 4, area FA)",bm25+exact+fuzzy,Primary motor cortex,Primary motor cortex,,1.0,frontal motor cortex (posterior frontal cortex),0.8342,correct,114,1_highconf_correct.csv,116,aligned,high,1.0,top1_name directly matches the query Primary motor cortex.,aligned,high,1.0,Exact match with additional canonical synonyms listed.,aligned,high,1.0,"Top1 directly names the primary motor cortex, listing classic cytoarchitectonic synonyms.",aligned,high,1.0,3/3,False,3-0,stable,"top1_name directly matches the query Primary motor cortex. | Exact match with additional canonical synonyms listed. | Top1 directly names the primary motor cortex, listing classic cytoarchitectonic synonyms.",,
corpus,Primary visual cortex,high_confidence,1.0,HOMBA:10269,"primary visual cortex (first visual cortex, striate cortex, area 17, area OC)",bm25+exact+fuzzy+hierarchy_parent,Primary visual cortex,Primary visual cortex,,1.0,dorsolateral extrastriate occipital cortex,0.9575,correct,115,1_highconf_correct.csv,117,aligned,high,1.0,top1_name is a direct synonym and exact match for query 'Primary visual cortex'.,aligned,high,1.0,Query and top1 are identical anatomical structure; top1 lists synonyms.,aligned,high,1.0,Exact match with aliases in parentheses; top1 directly names primary visual cortex.,aligned,high,1.0,3/3,False,3-0,stable,top1_name is a direct synonym and exact match for query 'Primary visual cortex'. | Query and top1 are identical anatomical structure; top1 lists synonyms. | Exact match with aliases in parentheses; top1 directly names primary visual cortex.,,
corpus,Principal sensory trigeminal nucleus,high_confidence,1.0,HOMBA:12444,principal sensory nucleus of trigeminal nerve,bm25+fuzzy,principal sensory principal sensory nucleus of trigeminal nerve,principal sensory nucleus of trigeminal nerve,principal,1.0,spinal trigeminal nucleus,0.960882,correct,116,1_highconf_correct.csv,118,aligned,high,1.0,top1_name is a standard synonym of the trigeminal nucleus query.,aligned,high,1.0,Top1 is a conventional synonym of the query with word order variation.,aligned,high,1.0,Synonymous: 'Principal sensory trigeminal nucleus' and 'principal sensory nucleus of trigeminal nerve' are the same structure.,aligned,high,1.0,3/3,False,3-0,stable,top1_name is a standard synonym of the trigeminal nucleus query. | Top1 is a conventional synonym of the query with word order variation. | Synonymous: 'Principal sensory trigeminal nucleus' and 'principal sensory nucleus of trigeminal nerve' are the same structure.,,
corpus,Pulvinar,high_confidence,1.0,HOMBA:10409,pulvinar of thalamus,bm25+exact+fuzzy+hierarchy_parent,Pulvinar,Pulvinar,,1.0,lateroposterior-pulvinar complex,0.622344,correct,117,1_highconf_correct.csv,119,aligned,high,1.0,'pulvinar of thalamus' is the same structure as 'Pulvinar'.,aligned,high,1.0,'Pulvinar' is a common shorthand for the pulvinar of thalamus; top1 directly names it.,aligned,high,1.0,'Pulvinar' and 'pulvinar of thalamus' refer to the same thalamic nucleus; qualifier does not change identity.,aligned,high,1.0,3/3,False,3-0,stable,'pulvinar of thalamus' is the same structure as 'Pulvinar'. | 'Pulvinar' is a common shorthand for the pulvinar of thalamus; top1 directly names it. | 'Pulvinar' and 'pulvinar of thalamus' refer to the same thalamic nucleus; qualifier does not change identity.,,
corpus,Pulvinar nucleus,high_confidence,1.0,HOMBA:10409,pulvinar of thalamus,bm25+exact+fuzzy+hierarchy_parent,Pulvinar nucleus,Pulvinar nucleus,,1.0,dorsal group of LNC,0.685677,correct,118,1_highconf_correct.csv,120,aligned,high,1.0,'Pulvinar nucleus' is synonymous with 'pulvinar of thalamus'.,aligned,high,1.0,Query 'Pulvinar nucleus' matches the same entity as 'pulvinar of thalamus'.,aligned,high,1.0,"'Pulvinar nucleus' is just the common alternate name for pulvinar, identical to top1.",aligned,high,1.0,3/3,False,3-0,stable,"'Pulvinar nucleus' is synonymous with 'pulvinar of thalamus'. | Query 'Pulvinar nucleus' matches the same entity as 'pulvinar of thalamus'. | 'Pulvinar nucleus' is just the common alternate name for pulvinar, identical to top1.",,
corpus,Putamen,high_confidence,1.0,HOMBA:10338,putamen (lateroventral division of the CP),bm25+exact+fuzzy+hierarchy_parent,Putamen,Putamen,,1.0,caudal putamen,0.7009,correct,119,1_highconf_correct.csv,121,aligned,high,1.0,"top1_name directly names the putamen, matching the query.",aligned,high,1.0,Top1 is the putamen with an alternative name; directly matches query.,aligned,high,1.0,"Exact match; top1 is 'putamen' with a parenthetical subdivision note, still the same structure.",aligned,high,1.0,3/3,False,3-0,stable,"top1_name directly names the putamen, matching the query. | Top1 is the putamen with an alternative name; directly matches query. | Exact match; top1 is 'putamen' with a parenthetical subdivision note, still the same structure.",,
corpus,Pyramidal decussation,high_confidence,1.0,HOMBA:12772,pyramidal decussation,bm25+exact+fuzzy,Pyramidal decussation,Pyramidal decussation,decussation,1.0,supraoptic decussation,0.387737,correct,120,1_highconf_correct.csv,122,aligned,high,1.0,Exact match after case normalization; 'pyramidal decussation' directly names the same structure.,aligned,high,1.0,Exact match with case difference: query 'Pyramidal decussation' and top1 'pyramidal decussation'.,aligned,high,1.0,Exact case-insensitive match with the query 'Pyramidal decussation'.,aligned,high,1.0,3/3,False,3-0,stable,Exact match after case normalization; 'pyramidal decussation' directly names the same structure. | Exact match with case difference: query 'Pyramidal decussation' and top1 'pyramidal decussation'. | Exact case-insensitive match with the query 'Pyramidal decussation'.,,
corpus,Raphe magnus,high_confidence,1.0,HOMBA:12642,raphe magnus nucleus,bm25+exact+fuzzy,Raphe magnus,Raphe magnus,,1.0,raphe nuclei in medulla oblongata,0.8342,correct,121,1_highconf_correct.csv,123,aligned,high,1.0,'raphe magnus nucleus' is the full name for the commonly used 'raphe magnus'; synonymous.,aligned,high,1.0,Accepted synonym: 'Raphe magnus' is a common shorthand for 'raphe magnus nucleus'.,aligned,high,0.99,"Query 'Raphe magnus' is the accepted short form for 'raphe magnus nucleus'; top1 adds 'nucleus', thus refers to the same structure.",aligned,high,0.9967,3/3,False,3-0,stable,"'raphe magnus nucleus' is the full name for the commonly used 'raphe magnus'; synonymous. | Accepted synonym: 'Raphe magnus' is a common shorthand for 'raphe magnus nucleus'. | Query 'Raphe magnus' is the accepted short form for 'raphe magnus nucleus'; top1 adds 'nucleus', thus refers to the same structure.",,
corpus,Raphe obscurus,high_confidence,1.0,HOMBA:12643,raphe obscurus nucleus,bm25+exact+fuzzy,Raphe obscurus,Raphe obscurus,,1.0,raphe nuclei in medulla oblongata,0.8342,correct,122,1_highconf_correct.csv,124,aligned,high,1.0,'raphe obscurus nucleus' is the full name for 'raphe obscurus'; same anatomical entity.,aligned,high,1.0,Accepted synonym: 'Raphe obscurus' is a common shorthand for 'raphe obscurus nucleus'.,aligned,high,0.99,Query 'Raphe obscurus' is standard abbreviation for 'raphe obscurus nucleus'; top1 expansion is consistent.,aligned,high,0.9967,3/3,False,3-0,stable,'raphe obscurus nucleus' is the full name for 'raphe obscurus'; same anatomical entity. | Accepted synonym: 'Raphe obscurus' is a common shorthand for 'raphe obscurus nucleus'. | Query 'Raphe obscurus' is standard abbreviation for 'raphe obscurus nucleus'; top1 expansion is consistent.,,
corpus,Red nucleus,high_confidence,1.0,HOMBA:12247,red nucleus,bm25+exact+fuzzy+hierarchy_parent,Red nucleus,Red nucleus,,1.0,"red nucleus, dorsomedial division",0.653352,correct,123,1_highconf_correct.csv,125,aligned,high,1.0,Exact match; 'red nucleus' is directly consistent with the query.,aligned,high,1.0,Exact match with case difference: query 'Red nucleus' and top1 'red nucleus'.,aligned,high,1.0,Identical query and top1 'Red nucleus' / 'red nucleus'.,aligned,high,1.0,3/3,False,3-0,stable,Exact match; 'red nucleus' is directly consistent with the query. | Exact match with case difference: query 'Red nucleus' and top1 'red nucleus'. | Identical query and top1 'Red nucleus' / 'red nucleus'.,,
corpus,Retroinsular cortex,high_confidence,1.0,HOMBA:13323,retroinsular cortex,bm25+exact+fuzzy,Retroinsular cortex,Retroinsular cortex,,1.0,dorsolateral temporal cortex,0.278749,correct,124,1_highconf_correct.csv,126,aligned,high,1.0,Exact match after case normalization; 'retroinsular cortex' directly names the same structure.,aligned,high,1.0,Exact match with case difference: query 'Retroinsular cortex' and top1 'retroinsular cortex'.,aligned,high,1.0,Exact match for 'Retroinsular cortex'.,aligned,high,1.0,3/3,False,3-0,stable,Exact match after case normalization; 'retroinsular cortex' directly names the same structure. | Exact match with case difference: query 'Retroinsular cortex' and top1 'retroinsular cortex'. | Exact match for 'Retroinsular cortex'.,,
corpus,Retrosplenial cortex,high_confidence,1.0,HOMBA:10324,retrosplenial cortex,bm25+exact+fuzzy+hierarchy_parent,Retrosplenial cortex,Retrosplenial cortex,,1.0,"agranular retrosplenial cortex (area 30, RSag)",0.854167,correct,125,1_highconf_correct.csv,127,aligned,high,1.0,Direct match: query and top1 are the same structure.,aligned,high,1.0,Exact match with case difference only.,aligned,high,1.0,Exact case-insensitive match for Retrosplenial cortex.,aligned,high,1.0,3/3,False,3-0,stable,Direct match: query and top1 are the same structure. | Exact match with case difference only. | Exact case-insensitive match for Retrosplenial cortex.,,
corpus,Roots of the abducens nerve,high_confidence,1.0,HOMBA:12861,root of abducens nerve,bm25+exact+fuzzy,Roots of the abducens nerve,Roots of the abducens nerve,,1.0,root of facial nerve,0.395335,correct,126,1_highconf_correct.csv,128,aligned,high,1.0,Minor plural/singular difference; same anatomical entity.,aligned,high,1.0,Singular vs plural variant of same anatomical term.,aligned,high,1.0,"Plural 'Roots' vs singular 'root' is a grammatical variant, same anatomical entity.",aligned,high,1.0,3/3,False,3-0,stable,"Minor plural/singular difference; same anatomical entity. | Singular vs plural variant of same anatomical term. | Plural 'Roots' vs singular 'root' is a grammatical variant, same anatomical entity.",,
corpus,Roots of the facial nerve,high_confidence,1.0,HOMBA:12862,root of facial nerve,bm25+exact+fuzzy+hierarchy_parent,Roots of the facial nerve,Roots of the facial nerve,,1.0,motor root of facial nerve,0.8775,correct,127,1_highconf_correct.csv,129,aligned,high,1.0,Minor plural/singular difference; same anatomical entity.,aligned,high,1.0,Singular vs plural variant of same anatomical term.,aligned,high,1.0,Plural/singular difference is negligible; same nerve root structure.,aligned,high,1.0,3/3,False,3-0,stable,Minor plural/singular difference; same anatomical entity. | Singular vs plural variant of same anatomical term. | Plural/singular difference is negligible; same nerve root structure.,,
corpus,Roots of the trigeminal nerve,high_confidence,1.0,HOMBA:12865,root of trigeminal nerve,bm25+exact+fuzzy+hierarchy_parent,Roots of the trigeminal nerve,Roots of the trigeminal nerve,,1.0,motor root of trigeminal nerve,0.8775,correct,128,1_highconf_correct.csv,130,aligned,high,1.0,Minor plural/singular difference; same anatomical entity.,aligned,high,1.0,Singular vs plural variant of same anatomical term.,aligned,high,1.0,Plural 'Roots' matches singular 'root' for the same trigeminal nerve root.,aligned,high,1.0,3/3,False,3-0,stable,Minor plural/singular difference; same anatomical entity. | Singular vs plural variant of same anatomical term. | Plural 'Roots' matches singular 'root' for the same trigeminal nerve root.,,
corpus,Septal area,high_confidence,1.0,HOMBA:10350,septal region (septal nuclear complex),bm25+exact+fuzzy+hierarchy_parent,Septal area,Septal area,,1.0,rostral septal nuclear complex,0.768,correct,129,1_highconf_correct.csv,131,aligned,high,1.0,Synonymous: 'septal area' and 'septal region' refer to the same structure.,aligned,high,1.0,Synonym: septal region is equivalent to septal area.,aligned,high,1.0,Septal area and septal region (septal nuclear complex) are accepted synonyms.,aligned,high,1.0,3/3,False,3-0,stable,Synonymous: 'septal area' and 'septal region' refer to the same structure. | Synonym: septal region is equivalent to septal area. | Septal area and septal region (septal nuclear complex) are accepted synonyms.,,
corpus,Solitary tract,high_confidence,1.0,HOMBA:12783,solitary tract,bm25+exact+fuzzy,Solitary tract,Solitary tract,,1.0,solitary nucleus,0.715038,correct,130,1_highconf_correct.csv,132,aligned,high,1.0,Exact match: query and top1 are identical.,aligned,high,1.0,Exact match (case-insensitive): query 'Solitary tract' and top1 'solitary tract' refer to the same anatomical structure.,aligned,high,1.0,top1 is identical to query (case-insensitive).,aligned,high,1.0,3/3,False,3-0,stable,Exact match: query and top1 are identical. | Exact match (case-insensitive): query 'Solitary tract' and top1 'solitary tract' refer to the same anatomical structure. | top1 is identical to query (case-insensitive).,,
corpus,Spinal trigeminal nucleus,high_confidence,1.0,HOMBA:12572,spinal trigeminal nucleus,bm25+exact+fuzzy+hierarchy_parent,Spinal trigeminal nucleus,Spinal trigeminal nucleus,,1.0,afferent nuclei of cranial nerves in pons,0.817465,correct,131,1_highconf_correct.csv,133,aligned,high,1.0,Exact match: query and top1 are identical.,aligned,high,1.0,Exact match (case-insensitive): query 'Spinal trigeminal nucleus' and top1 'spinal trigeminal nucleus' are identical.,aligned,high,1.0,Exact match for 'Spinal trigeminal nucleus'.,aligned,high,1.0,3/3,False,3-0,stable,Exact match: query and top1 are identical. | Exact match (case-insensitive): query 'Spinal trigeminal nucleus' and top1 'spinal trigeminal nucleus' are identical. | Exact match for 'Spinal trigeminal nucleus'.,,
corpus,Spinal trigeminal nucleus (caudalis),high_confidence,1.0,HOMBA:12573,"spinal trigeminal nucleus, caudal division",bm25+fuzzy,Spinal trigeminal nucleus (caudalis),spinal trigeminal nucleus caudalis part,caudalis,1.0,spinal trigeminal nucleus,0.88,correct,132,1_highconf_correct.csv,134,aligned,high,1.0,"top1 is the standard anatomical name for the caudalis subdivision of spinal trigeminal nucleus, matching query.",aligned,high,1.0,Synonym: query specifies 'caudalis' subdivision; top1 'caudal division' is the same part with conventional naming difference.,aligned,high,1.0,"Query specifies caudalis; top1 returns caudal division, consistent.",aligned,high,1.0,3/3,False,3-0,stable,"top1 is the standard anatomical name for the caudalis subdivision of spinal trigeminal nucleus, matching query. | Synonym: query specifies 'caudalis' subdivision; top1 'caudal division' is the same part with conventional naming difference. | Query specifies caudalis; top1 returns caudal division, consistent.",,
corpus,Spinal trigeminal nucleus (interpolaris),high_confidence,1.0,HOMBA:12578,"spinal trigeminal nucleus, interpolar division",bm25+fuzzy,Spinal trigeminal nucleus (interpolaris),spinal trigeminal nucleus interpolaris part,interpolaris,1.0,spinal trigeminal nucleus,0.88,correct,133,1_highconf_correct.csv,135,aligned,high,1.0,"top1 is the standard anatomical name for the interpolaris subdivision of spinal trigeminal nucleus, matching query.",aligned,high,1.0,Synonym: query specifies 'interpolaris' subdivision; top1 'interpolar division' is the same part with conventional naming difference.,aligned,high,1.0,"Query specifies interpolaris; top1 returns interpolar division, consistent.",aligned,high,1.0,3/3,False,3-0,stable,"top1 is the standard anatomical name for the interpolaris subdivision of spinal trigeminal nucleus, matching query. | Synonym: query specifies 'interpolaris' subdivision; top1 'interpolar division' is the same part with conventional naming difference. | Query specifies interpolaris; top1 returns interpolar division, consistent.",,
corpus,Spinal trigeminal tract,high_confidence,1.0,HOMBA:12792,spinal trigeminal tract,bm25+exact+fuzzy,Spinal trigeminal tract,Spinal trigeminal tract,,1.0,mesencephalic trigeminal tract,0.634568,correct,134,1_highconf_correct.csv,136,aligned,high,1.0,Exact match: query and top1 are identical.,aligned,high,1.0,Exact match (case-insensitive): query 'Spinal trigeminal tract' and top1 'spinal trigeminal tract' refer to the same structure.,aligned,high,1.0,Exact match for 'Spinal trigeminal tract'.,aligned,high,1.0,3/3,False,3-0,stable,Exact match: query and top1 are identical. | Exact match (case-insensitive): query 'Spinal trigeminal tract' and top1 'spinal trigeminal tract' refer to the same structure. | Exact match for 'Spinal trigeminal tract'.,,
corpus,Spinothalamic tract,high_confidence,1.0,HOMBA:12789,spinothalamic tract,bm25+exact+fuzzy,Spinothalamic tract,Spinothalamic tract,,1.0,dorsolateral spinothalamic tract in spinal cord,0.590598,correct,135,1_highconf_correct.csv,137,aligned,high,1.0,Exact match of query and top1 name with case difference only.,aligned,high,1.0,Exact match after case normalization; same anatomical structure.,aligned,high,1.0,"Exact case-insensitive match, same anatomical tract.",aligned,high,1.0,3/3,False,3-0,stable,"Exact match of query and top1 name with case difference only. | Exact match after case normalization; same anatomical structure. | Exact case-insensitive match, same anatomical tract.",,
corpus,Subiculum,high_confidence,1.0,HOMBA:10302,subiculum proper (strictly defined subiculum),bm25+exact+fuzzy+hierarchy_parent,Subiculum,Subiculum,,1.0,major division of subiculum,0.789559,correct,136,1_highconf_correct.csv,138,aligned,high,1.0,"Top1 is the same named entity (subiculum proper) as query, with clarifying description.",partial_or_narrower,medium,0.7,"Query 'Subiculum' refers to general structure; top1 'subiculum proper' is a specific subdivision, thus narrower.",aligned,high,1.0,"Query 'Subiculum' is matched to 'subiculum proper', an accepted synonym/strict definition of the subiculum.",aligned,medium,0.9,2/3,True,2-1,majority_vote,"Top1 is the same named entity (subiculum proper) as query, with clarifying description. | Query 'Subiculum' refers to general structure; top1 'subiculum proper' is a specific subdivision, thus narrower. | Query 'Subiculum' is matched to 'subiculum proper', an accepted synonym/strict definition of the subiculum.",,
corpus,Substantia nigra,high_confidence,1.0,HOMBA:12251,substantia nigra,bm25+exact+fuzzy+hierarchy_parent,Substantia nigra,Substantia nigra,,1.0,"substantia nigra, compact division",0.660445,correct,137,1_highconf_correct.csv,139,aligned,high,1.0,Exact match of query and top1 name with case difference only.,aligned,high,1.0,Exact match; query and top1 refer to the same structure.,aligned,high,1.0,"Exact case-insensitive match, same anatomical structure.",aligned,high,1.0,3/3,False,3-0,stable,"Exact match of query and top1 name with case difference only. | Exact match; query and top1 refer to the same structure. | Exact case-insensitive match, same anatomical structure.",,
corpus,Subthalamic nucleus,high_confidence,1.0,HOMBA:10466,subthalamic nucleus,bm25+exact+fuzzy,Subthalamic nucleus,Subthalamic nucleus,,1.0,subthalamic fasciculus,0.273382,correct,138,1_highconf_correct.csv,140,aligned,high,1.0,Exact match of query and top1 name with case difference only.,aligned,high,1.0,Exact match; identical anatomical entity.,aligned,high,1.0,"Exact case-insensitive match, same anatomical structure.",aligned,high,1.0,3/3,False,3-0,stable,"Exact match of query and top1 name with case difference only. | Exact match; identical anatomical entity. | Exact case-insensitive match, same anatomical structure.",,
corpus,Superior cerebellar peduncle,high_confidence,1.0,HOMBA:12354,superior cerebellar peduncle (brachium conjunctivum),bm25+exact+fuzzy,Superior cerebellar peduncle,Superior cerebellar peduncle,,1.0,decussation of superior cerebellar peduncle,0.7425,correct,139,1_highconf_correct.csv,141,aligned,high,1.0,Top1 includes query term plus synonym in parentheses; same structure.,aligned,high,1.0,Synonym provided in parentheses; same structure as query.,aligned,high,1.0,Accepted synonym: superior cerebellar peduncle = brachium conjunctivum.,aligned,high,1.0,3/3,False,3-0,stable,Top1 includes query term plus synonym in parentheses; same structure. | Synonym provided in parentheses; same structure as query. | Accepted synonym: superior cerebellar peduncle = brachium conjunctivum.,,
corpus,Superior cerebellar peduncle (decussation),high_confidence,1.0,HOMBA:12337,decussation of superior cerebellar peduncle,bm25+fuzzy,Superior cerebellar peduncle,decussation of superior cerebellar peduncle,decussation,1.0,superior cerebellar peduncle (brachium conjunctivum),0.88,correct,140,1_highconf_correct.csv,142,aligned,high,1.0,Query specifies decussation of superior cerebellar peduncle; top1 is exact synonym with different word order.,aligned,high,1.0,Top1 is a rephrasing of the query (decussation of superior cerebellar peduncle vs Superior cerebellar peduncle (decussation)) – same structure.,aligned,high,1.0,Query with modifier '(decussation)' directly matches top1 'decussation of superior cerebellar peduncle'; same structure.,aligned,high,1.0,3/3,False,3-0,stable,Query specifies decussation of superior cerebellar peduncle; top1 is exact synonym with different word order. | Top1 is a rephrasing of the query (decussation of superior cerebellar peduncle vs Superior cerebellar peduncle (decussation)) – same structure. | Query with modifier '(decussation)' directly matches top1 'decussation of superior cerebellar peduncle'; same structure.,,
corpus,Superior colliculus,high_confidence,1.0,HOMBA:12292,superior colliculus,bm25+exact+fuzzy+hierarchy_parent,Superior colliculus,Superior colliculus,,1.0,brachium of superior colliculus,0.813844,correct,141,1_highconf_correct.csv,143,aligned,high,1.0,Exact match of superior colliculus.,aligned,high,1.0,Exact match: query 'Superior colliculus' and top1 'superior colliculus'.,aligned,high,1.0,"Exact match, ignoring capitalization.",aligned,high,1.0,3/3,False,3-0,stable,"Exact match of superior colliculus. | Exact match: query 'Superior colliculus' and top1 'superior colliculus'. | Exact match, ignoring capitalization.",,
corpus,Superior occipital gyrus,high_confidence,1.0,HOMBA:12154,superior occipital gyrus,bm25+exact+fuzzy,Superior occipital gyrus,Superior occipital gyrus,,1.0,occipital lobe,0.97,correct,142,1_highconf_correct.csv,144,aligned,high,1.0,Exact match of superior occipital gyrus.,aligned,high,1.0,Exact match: query 'Superior occipital gyrus' and top1 'superior occipital gyrus'.,aligned,high,1.0,"Exact match, ignoring capitalization.",aligned,high,1.0,3/3,False,3-0,stable,"Exact match of superior occipital gyrus. | Exact match: query 'Superior occipital gyrus' and top1 'superior occipital gyrus'. | Exact match, ignoring capitalization.",,
corpus,Superior salivatory nucleus,high_confidence,1.0,HOMBA:12435,superior salivatory nucleus,bm25+exact+fuzzy,Superior salivatory nucleus,Superior salivatory nucleus,,1.0,superior olivary complex,0.363755,correct,143,1_highconf_correct.csv,145,aligned,high,1.0,Exact match of superior salivatory nucleus.,aligned,high,1.0,Exact match: query 'Superior salivatory nucleus' and top1 'superior salivatory nucleus'.,aligned,high,1.0,"Exact match; 'salivatory' is accepted variant of salivary, consistent with ontology.",aligned,high,1.0,3/3,False,3-0,stable,"Exact match of superior salivatory nucleus. | Exact match: query 'Superior salivatory nucleus' and top1 'superior salivatory nucleus'. | Exact match; 'salivatory' is accepted variant of salivary, consistent with ontology.",,
corpus,Superior temporal gyrus,high_confidence,1.0,HOMBA:12140,superior temporal gyrus,bm25+exact+fuzzy,Superior temporal gyrus,Superior temporal gyrus,,1.0,temporal lobe,0.97,correct,144,1_highconf_correct.csv,146,aligned,high,1.0,Exact match of superior temporal gyrus.,aligned,high,1.0,Exact match: query 'Superior temporal gyrus' and top1 'superior temporal gyrus'.,aligned,high,1.0,"Exact match, ignoring capitalization.",aligned,high,1.0,3/3,False,3-0,stable,"Exact match of superior temporal gyrus. | Exact match: query 'Superior temporal gyrus' and top1 'superior temporal gyrus'. | Exact match, ignoring capitalization.",,
corpus,Supplementary motor area,high_confidence,1.0,HOMBA:AA30012,medial division of area 6 (supplementary motor area),bm25+exact+fuzzy,Supplementary motor area,Supplementary motor area,,1.0,lamina IX of spinal cord (spinal motor neurons),0.302446,correct,145,1_highconf_correct.csv,147,aligned,high,1.0,Top1 is a synonym/description of supplementary motor area.,aligned,high,1.0,Top1 directly names the supplementary motor area via its anatomical synonym (medial area 6).,aligned,high,1.0,"top1 explicitly names the supplementary motor area, matching the query exactly.",aligned,high,1.0,3/3,False,3-0,stable,"Top1 is a synonym/description of supplementary motor area. | Top1 directly names the supplementary motor area via its anatomical synonym (medial area 6). | top1 explicitly names the supplementary motor area, matching the query exactly.",,
corpus,Supramarginal gyrus,high_confidence,1.0,HOMBA:12135,supramarginal gyrus,bm25+exact+fuzzy,Supramarginal gyrus,Supramarginal gyrus,,1.0,inferior parietal lobule (gyrus),0.8342,correct,146,1_highconf_correct.csv,148,aligned,high,1.0,Exact match with case difference.,aligned,high,1.0,Exact match: query and top1_name are identical.,aligned,high,1.0,"top1 is the exact same gyrus, case-insensitive match.",aligned,high,1.0,3/3,False,3-0,stable,"Exact match with case difference. | Exact match: query and top1_name are identical. | top1 is the exact same gyrus, case-insensitive match.",,
corpus,Temporal pole,high_confidence,1.0,HOMBA:12146,temporal pole (temporopolar cortex),bm25+exact+fuzzy,Temporal pole,Temporal pole,,1.0,temporal lobe,0.97,correct,147,1_highconf_correct.csv,149,aligned,high,1.0,Top1 includes temporal pole with synonym.,aligned,high,1.0,Exact match with synonym in parentheses; same structure.,aligned,high,1.0,"top1 includes 'temporal pole' directly, identical to query.",aligned,high,1.0,3/3,False,3-0,stable,"Top1 includes temporal pole with synonym. | Exact match with synonym in parentheses; same structure. | top1 includes 'temporal pole' directly, identical to query.",,
corpus,Thalamus,high_confidence,1.0,HOMBA:10390,thalamus,bm25+exact+fuzzy,Thalamus,Thalamus,,1.0,regions of thalamus,0.7554,correct,148,1_highconf_correct.csv,150,aligned,high,1.0,Exact match.,aligned,high,1.0,Exact match: query and top1_name are identical.,aligned,high,1.0,"top1 and query are identical, both 'thalamus'.",aligned,high,1.0,3/3,False,3-0,stable,"Exact match. | Exact match: query and top1_name are identical. | top1 and query are identical, both 'thalamus'.",,
corpus,Trigeminal nucleus (motor),high_confidence,1.0,HOMBA:12429,"motor nucleus of trigeminal nerve (motor trigeminal nucleus, Mo5)",bm25+fuzzy,principal sensory nucleus of trigeminal nerve motor,motor principal sensory nucleus of trigeminal nerve,motor,1.0,principal sensory nucleus of trigeminal nerve,0.88,correct,149,1_highconf_correct.csv,151,aligned,high,1.0,Top1 is the motor nucleus of trigeminal nerve as specified.,aligned,high,1.0,"Top1 is the motor nucleus of trigeminal nerve, matching the motor specification in query.",aligned,high,1.0,"query specifies 'Trigeminal nucleus (motor)', top1 is the motor nucleus of trigeminal nerve, exact correspondence.",aligned,high,1.0,3/3,False,3-0,stable,"Top1 is the motor nucleus of trigeminal nerve as specified. | Top1 is the motor nucleus of trigeminal nerve, matching the motor specification in query. | query specifies 'Trigeminal nucleus (motor)', top1 is the motor nucleus of trigeminal nerve, exact correspondence.",,
corpus,Trigeminal nucleus (principal sensory),high_confidence,1.0,HOMBA:12444,principal sensory nucleus of trigeminal nerve,bm25+exact+fuzzy,Trigeminal nucleus,Trigeminal nucleus,principal;sensory;principal sensory,1.0,spinal trigeminal nucleus,0.977518,correct,150,1_highconf_correct.csv,152,aligned,high,1.0,top1_name is a direct synonym for the query's principal sensory trigeminal nucleus.,aligned,high,1.0,Query 'Trigeminal nucleus (principal sensory)' matches top1 'principal sensory nucleus of trigeminal nerve' as a conventional synonym with reordered words.,aligned,high,0.99,Exact synonym: principal sensory nucleus of trigeminal nerve is the same structure as the principal sensory trigeminal nucleus.,aligned,high,0.9967,3/3,False,3-0,stable,top1_name is a direct synonym for the query's principal sensory trigeminal nucleus. | Query 'Trigeminal nucleus (principal sensory)' matches top1 'principal sensory nucleus of trigeminal nerve' as a conventional synonym with reordered words. | Exact synonym: principal sensory nucleus of trigeminal nerve is the same structure as the principal sensory trigeminal nucleus.,,
corpus,Trochlear nucleus,high_confidence,1.0,HOMBA:12206,trochlear nucleus,bm25+exact+fuzzy,Trochlear nucleus,Trochlear nucleus,,1.0,efferent nuclei of the cranial nerves in midbrain,0.97,correct,151,1_highconf_correct.csv,153,aligned,high,1.0,Exact match (case difference only) between query and top1_name.,aligned,high,1.0,Exact match between 'Trochlear nucleus' and 'trochlear nucleus'.,aligned,high,0.99,"Exact match, case-insensitive.",aligned,high,0.9967,3/3,False,3-0,stable,"Exact match (case difference only) between query and top1_name. | Exact match between 'Trochlear nucleus' and 'trochlear nucleus'. | Exact match, case-insensitive.",,
corpus,Uncinate fasciculus,high_confidence,1.0,HOMBA:10594,uncinate fasciculus,bm25+exact+fuzzy,Uncinate fasciculus,Uncinate fasciculus,,1.0,dorsal fasciculus (column) of spinal cord,0.281916,correct,152,1_highconf_correct.csv,154,aligned,high,1.0,Exact match (case difference only) between query and top1_name.,aligned,high,1.0,Exact match between 'Uncinate fasciculus' and 'uncinate fasciculus'.,aligned,high,0.99,Exact match.,aligned,high,0.9967,3/3,False,3-0,stable,Exact match (case difference only) between query and top1_name. | Exact match between 'Uncinate fasciculus' and 'uncinate fasciculus'. | Exact match.,,
corpus,Ventral anterior thalamic nucleus,high_confidence,1.0,HOMBA:10417,ventral anterior nucleus of thalamus,bm25+exact+fuzzy,Ventral anterior thalamic nucleus,Ventral anterior thalamic nucleus,ventral,1.0,anterior nuclear complex of thalamus,0.6952,correct,153,1_highconf_correct.csv,155,aligned,high,1.0,top1_name is a standard synonym with alternate word order for the same thalamic nucleus.,aligned,high,1.0,Query 'Ventral anterior thalamic nucleus' is synonymous with top1 'ventral anterior nucleus of thalamus'.,aligned,high,0.99,Synonym: ventral anterior nucleus of thalamus is the same as ventral anterior thalamic nucleus.,aligned,high,0.9967,3/3,False,3-0,stable,top1_name is a standard synonym with alternate word order for the same thalamic nucleus. | Query 'Ventral anterior thalamic nucleus' is synonymous with top1 'ventral anterior nucleus of thalamus'. | Synonym: ventral anterior nucleus of thalamus is the same as ventral anterior thalamic nucleus.,,
corpus,Ventral cochlear nucleus,high_confidence,1.0,HOMBA:12439,ventral cochlear nucleus,bm25+exact+fuzzy,Ventral cochlear nucleus,Ventral cochlear nucleus,ventral,1.0,"ventral cochlear nucleus, caudal division",0.995,correct,154,1_highconf_correct.csv,156,aligned,high,1.0,Exact match (case difference only) between query and top1_name.,aligned,high,1.0,Exact match between 'Ventral cochlear nucleus' and 'ventral cochlear nucleus'.,aligned,high,0.99,Exact match.,aligned,high,0.9967,3/3,False,3-0,stable,Exact match (case difference only) between query and top1_name. | Exact match between 'Ventral cochlear nucleus' and 'ventral cochlear nucleus'. | Exact match.,,
corpus,Ventral lateral thalamic nucleus,high_confidence,1.0,HOMBA:10420,ventral lateral nucleus of thalamus,bm25+exact+fuzzy,Ventral lateral thalamic nucleus,Ventral lateral thalamic nucleus,ventral;lateral,1.0,ventral medial nucleus of thalamus,0.808138,correct,155,1_highconf_correct.csv,157,aligned,high,1.0,Direct synonym: ventral lateral nucleus of thalamus,aligned,high,1.0,Query 'Ventral lateral thalamic nucleus' matches top1 'ventral lateral nucleus of thalamus' as a standard synonym with word order variation.,aligned,high,0.99,Query and top1 name refer to the same thalamic nucleus with a conventional word-order/synonym variation.,aligned,high,0.9967,3/3,False,3-0,stable,Direct synonym: ventral lateral nucleus of thalamus | Query 'Ventral lateral thalamic nucleus' matches top1 'ventral lateral nucleus of thalamus' as a standard synonym with word order variation. | Query and top1 name refer to the same thalamic nucleus with a conventional word-order/synonym variation.,,
corpus,Ventral medial thalamic nucleus,high_confidence,1.0,HOMBA:10427,ventral medial nucleus of thalamus,bm25+exact+fuzzy,Ventral medial thalamic nucleus,Ventral medial thalamic nucleus,ventral;medial,1.0,ventral lateral nucleus of thalamus,0.808138,correct,156,1_highconf_correct.csv,158,aligned,high,1.0,Direct synonym: ventral medial nucleus of thalamus,aligned,high,1.0,Query 'Ventral medial thalamic nucleus' matches top1 'ventral medial nucleus of thalamus' as a standard synonym with word order variation.,aligned,high,0.99,Query and top1 name refer to the same thalamic nucleus; solely a synonym phrasing difference.,aligned,high,0.9967,3/3,False,3-0,stable,Direct synonym: ventral medial nucleus of thalamus | Query 'Ventral medial thalamic nucleus' matches top1 'ventral medial nucleus of thalamus' as a standard synonym with word order variation. | Query and top1 name refer to the same thalamic nucleus; solely a synonym phrasing difference.,,
corpus,Ventral posterior thalamic nucleus,high_confidence,1.0,HOMBA:10423,ventral posterior nuclear complex of thalamus,bm25+exact+fuzzy,Ventral posterior thalamic nucleus,Ventral posterior thalamic nucleus,ventral;posterior,1.0,posterior nucleus of thalamus,0.9375,correct,157,1_highconf_correct.csv,159,broader_parent,high,0.95,Nuclear complex is broader parent of the queried nucleus,aligned,high,1.0,Query 'Ventral posterior thalamic nucleus' matches top1 'ventral posterior nuclear complex of thalamus' as an accepted synonym.,aligned,high,0.95,Query 'nucleus' and top1 'nuclear complex' are standard interchangeable designations for the ventral posterior group.,aligned,medium,0.9667,2/3,True,2-1,majority_vote,Nuclear complex is broader parent of the queried nucleus | Query 'Ventral posterior thalamic nucleus' matches top1 'ventral posterior nuclear complex of thalamus' as an accepted synonym. | Query 'nucleus' and top1 'nuclear complex' are standard interchangeable designations for the ventral posterior group.,,
corpus,Ventral tegmental area,high_confidence,1.0,HOMBA:12261,ventral tegmental area,bm25+exact+fuzzy,Ventral tegmental area,Ventral tegmental area,ventral,1.0,ventral tegmental tract in hindbrain,0.876515,correct,158,1_highconf_correct.csv,160,aligned,high,1.0,Exact match: ventral tegmental area,aligned,high,1.0,Query and top1 are identical: 'ventral tegmental area'.,aligned,high,1.0,Exact string match between query and top1 name.,aligned,high,1.0,3/3,False,3-0,stable,Exact match: ventral tegmental area | Query and top1 are identical: 'ventral tegmental area'. | Exact string match between query and top1 name.,,
corpus,Zona incerta,high_confidence,1.0,HOMBA:10463,zona incerta,bm25+exact+fuzzy,Zona incerta,Zona incerta,,1.0,,,correct,159,1_highconf_correct.csv,161,aligned,high,1.0,Exact match: zona incerta,aligned,high,1.0,Query and top1 are identical: 'zona incerta'.,aligned,high,1.0,Exact string match between query and top1 name.,aligned,high,1.0,3/3,False,3-0,stable,Exact match: zona incerta | Query and top1 are identical: 'zona incerta'. | Exact string match between query and top1 name.,,
corpus,Frontal orbital cortex (lateral),high_confidence,0.993571,HOMBA:10205,"lateral orbital frontal cortex (OFCl, area 12/47)",bm25+fuzzy,Frontal orbital cortex (lateral),lateral orbital frontal cortex,lateral,1.0,orbital frontal cortex,0.715158,correct,160,1_highconf_correct.csv,162,aligned,high,0.95,"The top1 candidate is a synonym variant of the query, matching the same structure with conventional word order difference.",aligned,high,0.99,Query 'Frontal orbital cortex (lateral)' directly matches 'lateral orbital frontal cortex' (OFCl) as the lateral subdivision.,aligned,high,0.98,Word-order variant of the same structure; lateral orbital frontal cortex = lateral frontal orbital cortex.,aligned,high,0.9733,3/3,False,3-0,stable,"The top1 candidate is a synonym variant of the query, matching the same structure with conventional word order difference. | Query 'Frontal orbital cortex (lateral)' directly matches 'lateral orbital frontal cortex' (OFCl) as the lateral subdivision. | Word-order variant of the same structure; lateral orbital frontal cortex = lateral frontal orbital cortex.",,
corpus,Frontal orbital cortex (medial),high_confidence,0.989407,HOMBA:10195,medial orbital frontal cortex (area 14),bm25+fuzzy,Frontal orbital cortex (medial),medial orbital frontal cortex,medial,1.0,orbital frontal cortex,0.715158,correct,161,1_highconf_correct.csv,163,aligned,high,0.95,"The top1 candidate is a synonym variant of the query, matching the same medial orbital frontal cortex.",aligned,high,0.99,Query 'Frontal orbital cortex (medial)' directly matches 'medial orbital frontal cortex' (area 14) as the medial subdivision.,aligned,high,0.98,Word-order variant; medial orbital frontal cortex is synonymous with medial frontal orbital cortex.,aligned,high,0.9733,3/3,False,3-0,stable,"The top1 candidate is a synonym variant of the query, matching the same medial orbital frontal cortex. | Query 'Frontal orbital cortex (medial)' directly matches 'medial orbital frontal cortex' (area 14) as the medial subdivision. | Word-order variant; medial orbital frontal cortex is synonymous with medial frontal orbital cortex.",,
corpus,Trigeminal tract (mesencephalic),high_confidence,0.982135,HOMBA:12767,mesencephalic trigeminal tract,bm25+fuzzy,Trigeminal tract (mesencephalic),mesencephalic trigeminal tract,mesencephalic,1.0,mesencephalic trigeminal nucleus,0.737812,correct,162,1_highconf_correct.csv,164,aligned,high,0.95,"The top1 candidate directly matches the query with accepted word rearrangement, same structure.",aligned,high,0.99,Query 'Trigeminal tract (mesencephalic)' matches 'mesencephalic trigeminal tract' exactly (word order variant).,aligned,high,0.98,Exact word-order variant; mesencephalic trigeminal tract = trigeminal tract (mesencephalic).,aligned,high,0.9733,3/3,False,3-0,stable,"The top1 candidate directly matches the query with accepted word rearrangement, same structure. | Query 'Trigeminal tract (mesencephalic)' matches 'mesencephalic trigeminal tract' exactly (word order variant). | Exact word-order variant; mesencephalic trigeminal tract = trigeminal tract (mesencephalic).",,
corpus,External globus pallidus,high_confidence,0.978625,HOMBA:10343,external division of globus pallidus,bm25+fuzzy,External globus pallidus,external division of globus pallidus,external,1.0,external medullary lamina of globus pallidus,0.806322,correct,163,1_highconf_correct.csv,165,aligned,high,0.95,The top1 candidate is a synonymous name (external division of globus pallidus) for the external globus pallidus.,aligned,high,0.99,Query 'External globus pallidus' is synonymous with 'external division of globus pallidus'.,aligned,high,0.98,External division of globus pallidus is a conventional synonym for external globus pallidus (GPe).,aligned,high,0.9733,3/3,False,3-0,stable,The top1 candidate is a synonymous name (external division of globus pallidus) for the external globus pallidus. | Query 'External globus pallidus' is synonymous with 'external division of globus pallidus'. | External division of globus pallidus is a conventional synonym for external globus pallidus (GPe).,,
corpus,Lateral ventricle,high_confidence,0.976667,HOMBA:10598,body of lateral ventricles,bm25+fuzzy,Lateral ventricle,body of lateral ventricle,lateral,1.0,atrium of lateral ventricles,0.946389,correct,164,1_highconf_correct.csv,166,partial_or_narrower,high,0.9,"Top1 names only the body of the lateral ventricle, which is a subpart, while the query refers to the entire lateral ventricle.",partial_or_narrower,high,0.95,Query 'Lateral ventricle' refers to entire structure; top1 'body of lateral ventricles' is a subdivision (narrower).,partial_or_narrower,high,0.95,"Query is whole lateral ventricle; top1 is only the body of the lateral ventricle, a subregion.",partial_or_narrower,high,0.9333,3/3,False,3-0,stable,"Top1 names only the body of the lateral ventricle, which is a subpart, while the query refers to the entire lateral ventricle. | Query 'Lateral ventricle' refers to entire structure; top1 'body of lateral ventricles' is a subdivision (narrower). | Query is whole lateral ventricle; top1 is only the body of the lateral ventricle, a subregion.",,
corpus,Internal capsule (posterior limb),high_confidence,0.95787,HOMBA:10584,caudal limb of internal capsule,bm25+fuzzy,Internal capsule (posterior limb),posterior limb of internal capsule,posterior;limb;posterior limb,1.0,internal capsule,0.88,correct,165,1_highconf_correct.csv,167,aligned,high,0.95,"caudal limb of internal capsule is a synonym for posterior limb of internal capsule, matching the query structure.",aligned,high,0.96,Top-1 'caudal limb of internal capsule' is a conventional synonym for 'posterior limb of internal capsule'. Both refer to the same structure.,aligned,high,0.99,caudal limb of internal capsule is a synonym for posterior limb of internal capsule; query specified posterior limb.,aligned,high,0.9667,3/3,False,3-0,stable,"caudal limb of internal capsule is a synonym for posterior limb of internal capsule, matching the query structure. | Top-1 'caudal limb of internal capsule' is a conventional synonym for 'posterior limb of internal capsule'. Both refer to the same structure. | caudal limb of internal capsule is a synonym for posterior limb of internal capsule; query specified posterior limb.",,
corpus,Cerebellar cortex (molecular layer),high_confidence,0.956353,HOMBA:AA30427,molecular layer of cerebellar cortex,bm25+fuzzy,Cerebellar cortex (molecular layer),molecular layer of cerebellar cortex,molecular;layer;molecular layer,1.0,cerebellar cortex,0.88,correct,166,1_highconf_correct.csv,168,aligned,high,0.95,molecular layer of cerebellar cortex directly names the same anatomical structure as the query.,aligned,high,0.96,Top-1 'molecular layer of cerebellar cortex' exactly matches the query 'Cerebellar cortex (molecular layer)'.,aligned,high,0.99,molecular layer of cerebellar cortex is an exact word-order variant of cerebellar cortex molecular layer; same anatomical layer.,aligned,high,0.9667,3/3,False,3-0,stable,molecular layer of cerebellar cortex directly names the same anatomical structure as the query. | Top-1 'molecular layer of cerebellar cortex' exactly matches the query 'Cerebellar cortex (molecular layer)'. | molecular layer of cerebellar cortex is an exact word-order variant of cerebellar cortex molecular layer; same anatomical layer.,,
corpus,Dorsal raphe,high_confidence,0.947851,HOMBA:12223,dorsal raphe nucleus,bm25+fuzzy,Dorsal raphe,dorsal raphe nuclei,dorsal,1.0,cap of dorsal raphe nucleus,0.778654,correct,167,1_highconf_correct.csv,169,aligned,high,0.95,"dorsal raphe nucleus is the full name for the query 'dorsal raphe', which is a commonly accepted shorthand.",aligned,high,0.95,Top-1 'dorsal raphe nucleus' is the standard anatomical name for the structure commonly referred to as 'dorsal raphe'.,aligned,high,0.99,dorsal raphe nucleus is the full name; query 'Dorsal raphe' is an accepted shorthand for this nucleus.,aligned,high,0.9633,3/3,False,3-0,stable,"dorsal raphe nucleus is the full name for the query 'dorsal raphe', which is a commonly accepted shorthand. | Top-1 'dorsal raphe nucleus' is the standard anatomical name for the structure commonly referred to as 'dorsal raphe'. | dorsal raphe nucleus is the full name; query 'Dorsal raphe' is an accepted shorthand for this nucleus.",,
corpus,Periaqueductal gray,high_confidence,0.94,HOMBA:AA30359,periaqueductal gray region,bm25+fuzzy,Periaqueductal gray,periaqueductal gray region,,1.0,periaqueductal gray substance,0.845546,correct,168,1_highconf_correct.csv,170,aligned,high,0.95,periaqueductal gray region is an accepted synonym for periaqueductal gray.,aligned,high,0.94,"Top-1 'periaqueductal gray region' is a synonym for 'periaqueductal gray', referring to the same brain region.",aligned,high,0.99,periaqueductal gray region is a longer variant name for periaqueductal gray; same brainstem region.,aligned,high,0.96,3/3,False,3-0,stable,"periaqueductal gray region is an accepted synonym for periaqueductal gray. | Top-1 'periaqueductal gray region' is a synonym for 'periaqueductal gray', referring to the same brain region. | periaqueductal gray region is a longer variant name for periaqueductal gray; same brainstem region.",,
species,Accumbens,high_confidence,1.0,HOMBA:10339,nucleus accumbens,bm25+exact+fuzzy+hierarchy_parent,Accumbens,Accumbens,,1.0,core of nucleus accumbens,0.7009,correct,169,1_highconf_correct.csv,171,aligned,high,0.95,nucleus accumbens is the full form of the common abbreviation 'accumbens'.,aligned,high,1.0,Top-1 'nucleus accumbens' is the full name of the structure abbreviated as 'Accumbens'.,aligned,high,0.99,nucleus accumbens is the full anatomical term; 'Accumbens' is a common shorthand for the same structure.,aligned,high,0.98,3/3,False,3-0,stable,nucleus accumbens is the full form of the common abbreviation 'accumbens'. | Top-1 'nucleus accumbens' is the full name of the structure abbreviated as 'Accumbens'. | nucleus accumbens is the full anatomical term; 'Accumbens' is a common shorthand for the same structure.,,
species,Amygdalohippocampal area,high_confidence,1.0,HOMBA:10377,amygdalohippocampal area,bm25+exact+fuzzy+hierarchy_parent,Amygdalohippocampal area,Amygdalohippocampal area,,1.0,amygdalohippocampal transition area,0.665675,correct,170,1_highconf_correct.csv,172,aligned,high,1.0,Exact match (case-insensitive) between query and top1_name.,aligned,high,1.0,Exact match between query and top1_name (case insensitive).,aligned,high,1.0,Exact match (case difference). Query and top1 name refer to the same amygdalohippocampal area.,aligned,high,1.0,3/3,False,3-0,stable,Exact match (case-insensitive) between query and top1_name. | Exact match between query and top1_name (case insensitive). | Exact match (case difference). Query and top1 name refer to the same amygdalohippocampal area.,,
species,Amygdalopiriform transition area,high_confidence,1.0,HOMBA:10382,amygdalocortical transition area (amygdalopiriform transition area),bm25+exact+fuzzy,Amygdalopiriform transition area,Amygdalopiriform transition area,,1.0,amygdaloid transition areas,0.97,correct,171,1_highconf_correct.csv,173,aligned,high,1.0,Top1_name includes query as a synonym in parentheses; same structure.,aligned,high,1.0,"top1_name includes query as an accepted alias in parentheses, consistent.",aligned,high,1.0,Top1 name includes the exact query as an alias in parentheses. Recognized synonym in HOMBA:10382.,aligned,high,1.0,3/3,False,3-0,stable,"Top1_name includes query as a synonym in parentheses; same structure. | top1_name includes query as an accepted alias in parentheses, consistent. | Top1 name includes the exact query as an alias in parentheses. Recognized synonym in HOMBA:10382.",,
species,Amygdalostriatal transition area,high_confidence,1.0,HOMBA:10381,amygdalostriatal transition area,bm25+exact+fuzzy,Amygdalostriatal transition area,Amygdalostriatal transition area,,1.0,amygdaloid transition areas,0.353645,correct,172,1_highconf_correct.csv,174,aligned,high,1.0,Exact match (case-insensitive) between query and top1_name.,aligned,high,1.0,Exact match between query and top1_name (case insensitive).,aligned,high,1.0,Exact match (case difference). Same amygdalostriatal transition area.,aligned,high,1.0,3/3,False,3-0,stable,Exact match (case-insensitive) between query and top1_name. | Exact match between query and top1_name (case insensitive). | Exact match (case difference). Same amygdalostriatal transition area.,,
species,Angular thalamic nucleus,high_confidence,1.0,HOMBA:AA30318,angular nucleus of thalamus,bm25+exact+fuzzy,Angular thalamic nucleus,Angular thalamic nucleus,,1.0,ventral midline nuclei of thalamus,0.369828,correct,173,1_highconf_correct.csv,175,aligned,high,1.0,Accepted synonym: 'angular nucleus of thalamus' equals 'Angular thalamic nucleus'.,aligned,high,1.0,Synonym: 'angular thalamic nucleus' and 'angular nucleus of thalamus' refer to the same structure.,aligned,high,1.0,Word-order variant: 'Angular thalamic nucleus' vs 'angular nucleus of thalamus'. Same entity.,aligned,high,1.0,3/3,False,3-0,stable,Accepted synonym: 'angular nucleus of thalamus' equals 'Angular thalamic nucleus'. | Synonym: 'angular thalamic nucleus' and 'angular nucleus of thalamus' refer to the same structure. | Word-order variant: 'Angular thalamic nucleus' vs 'angular nucleus of thalamus'. Same entity.,,
species,Ansa Lenticularis,high_confidence,1.0,HOMBA:10571,ansa lenticularis,bm25+exact+fuzzy,Ansa Lenticularis,Ansa Lenticularis,,1.0,ansa peduncularis,0.278056,correct,174,1_highconf_correct.csv,176,aligned,high,1.0,Exact match (case-insensitive) between query and top1_name.,aligned,high,1.0,Exact match ignoring case; top1_name is lowercase version of query.,aligned,high,1.0,Exact match with only capitalization difference ('Ansa Lenticularis' vs 'ansa lenticularis').,aligned,high,1.0,3/3,False,3-0,stable,Exact match (case-insensitive) between query and top1_name. | Exact match ignoring case; top1_name is lowercase version of query. | Exact match with only capitalization difference ('Ansa Lenticularis' vs 'ansa lenticularis').,,
species,Anterior amygdaloid area,high_confidence,1.0,HOMBA:10362,anterior amygdaloid area,bm25+exact+fuzzy+hierarchy_parent,Anterior amygdaloid area,Anterior amygdaloid area,,1.0,anterior-central nuclear group of amygdala,0.97,correct,175,1_highconf_correct.csv,177,aligned,high,1.0,Exact match with case normalization: query 'Anterior amygdaloid area' equals top1 'anterior amygdaloid area'.,aligned,high,1.0,top1_name is an exact case-insensitive match to the query.,aligned,high,1.0,"Exact match between query and top1_name, ignoring case.",aligned,high,1.0,3/3,False,3-0,stable,"Exact match with case normalization: query 'Anterior amygdaloid area' equals top1 'anterior amygdaloid area'. | top1_name is an exact case-insensitive match to the query. | Exact match between query and top1_name, ignoring case.",,
species,Anterior commissure,high_confidence,1.0,HOMBA:10559,anterior commissure,bm25+exact+fuzzy+hierarchy_parent,Anterior commissure,Anterior commissure,,1.0,rostral (anterior) branch of anterior commissure,0.697635,correct,176,1_highconf_correct.csv,178,aligned,high,1.0,Exact match with case normalization: query 'Anterior commissure' equals top1 'anterior commissure'.,aligned,high,1.0,top1_name is an exact case-insensitive match to the query.,aligned,high,1.0,"Exact match between query and top1_name, ignoring case.",aligned,high,1.0,3/3,False,3-0,stable,"Exact match with case normalization: query 'Anterior commissure' equals top1 'anterior commissure'. | top1_name is an exact case-insensitive match to the query. | Exact match between query and top1_name, ignoring case.",,
species,Anterior Hypothalamic Area,high_confidence,1.0,HOMBA:266441551,anterior hypothalamic area,bm25+exact+fuzzy,Anterior Hypothalamic Area,Anterior Hypothalamic Area,,1.0,anterior hypothalamic nucleus,0.650252,correct,177,1_highconf_correct.csv,179,aligned,high,1.0,Exact match with case normalization: query 'Anterior Hypothalamic Area' equals top1 'anterior hypothalamic area'.,aligned,high,1.0,top1_name is an exact case-insensitive match to the query.,aligned,high,1.0,"Exact match between query and top1_name, ignoring case.",aligned,high,1.0,3/3,False,3-0,stable,"Exact match with case normalization: query 'Anterior Hypothalamic Area' equals top1 'anterior hypothalamic area'. | top1_name is an exact case-insensitive match to the query. | Exact match between query and top1_name, ignoring case.",,
species,Anterior hypothalamic nucleus,high_confidence,1.0,HOMBA:10475,anterior hypothalamic nucleus,bm25+exact+fuzzy,Anterior hypothalamic nucleus,Anterior hypothalamic nucleus,,1.0,anterior hypothalamic area,0.756107,correct,178,1_highconf_correct.csv,180,aligned,high,1.0,Exact match with case normalization: query 'Anterior hypothalamic nucleus' equals top1 'anterior hypothalamic nucleus'.,aligned,high,1.0,top1_name is an exact case-insensitive match to the query.,aligned,high,1.0,"Exact match between query and top1_name, ignoring case.",aligned,high,1.0,3/3,False,3-0,stable,"Exact match with case normalization: query 'Anterior hypothalamic nucleus' equals top1 'anterior hypothalamic nucleus'. | top1_name is an exact case-insensitive match to the query. | Exact match between query and top1_name, ignoring case.",,
species,Anterior Tegmental Nucleus,high_confidence,1.0,HOMBA:AA30442,anterior tegmental nucleus,bm25+exact+fuzzy,Anterior Tegmental Nucleus,Anterior Tegmental Nucleus,,1.0,pontine raphe region,0.97,correct,179,1_highconf_correct.csv,181,aligned,high,1.0,Exact match with case normalization: query 'Anterior Tegmental Nucleus' equals top1 'anterior tegmental nucleus'.,aligned,high,1.0,top1_name is an exact case-insensitive match to the query.,aligned,high,1.0,"Exact match between query and top1_name, ignoring case.",aligned,high,1.0,3/3,False,3-0,stable,"Exact match with case normalization: query 'Anterior Tegmental Nucleus' equals top1 'anterior tegmental nucleus'. | top1_name is an exact case-insensitive match to the query. | Exact match between query and top1_name, ignoring case.",,
species,Anterior thalamic nucleus,high_confidence,1.0,HOMBA:10392,anterior nuclear complex of thalamus,bm25+exact+fuzzy+hierarchy_parent,anterior thalamic nuclei,anterior thalamic nuclei,,1.0,ventral anterior nucleus of thalamus,0.75465,correct,180,1_highconf_correct.csv,182,aligned,high,1.0,Anterior thalamic nucleus and anterior nuclear complex of thalamus are synonymous; top1 is the accepted anatomical term.,broader_parent,high,0.95,"Query is 'Anterior thalamic nucleus' (singular), top1 is 'anterior nuclear complex of thalamus' which is a broader grouping that includes the anterior nuclei.",aligned,high,0.97,Anterior thalamic nucleus commonly denotes the anterior nuclear complex; top1 uses equivalent anatomical nomenclature.,aligned,medium,0.9733,2/3,True,2-1,majority_vote,"Anterior thalamic nucleus and anterior nuclear complex of thalamus are synonymous; top1 is the accepted anatomical term. | Query is 'Anterior thalamic nucleus' (singular), top1 is 'anterior nuclear complex of thalamus' which is a broader grouping that includes the anterior nuclei. | Anterior thalamic nucleus commonly denotes the anterior nuclear complex; top1 uses equivalent anatomical nomenclature.",,
species,Anterodorsal thalamic nucleus,high_confidence,1.0,HOMBA:10393,anterodorsal nucleus of thalamus,bm25+exact+fuzzy,Anterodorsal thalamic nucleus,Anterodorsal thalamic nucleus,,1.0,anterior nuclear complex of thalamus,0.8342,correct,181,1_highconf_correct.csv,183,aligned,high,1.0,Anterodorsal thalamic nucleus directly matches anterodorsal nucleus of thalamus.,aligned,high,1.0,Exact match: 'Anterodorsal thalamic nucleus' and 'anterodorsal nucleus of thalamus' are synonyms.,aligned,high,0.99,Exact match; only morphosyntactic variation ('thalamic nucleus' vs 'nucleus of thalamus').,aligned,high,0.9967,3/3,False,3-0,stable,Anterodorsal thalamic nucleus directly matches anterodorsal nucleus of thalamus. | Exact match: 'Anterodorsal thalamic nucleus' and 'anterodorsal nucleus of thalamus' are synonyms. | Exact match; only morphosyntactic variation ('thalamic nucleus' vs 'nucleus of thalamus').,,
species,Anteromedial thalamic nucleus,high_confidence,1.0,HOMBA:10394,anteromedial nucleus of thalamus,bm25+exact+fuzzy,Anteromedial thalamic nucleus,Anteromedial thalamic nucleus,,1.0,anterior nuclear complex of thalamus,0.8342,correct,182,1_highconf_correct.csv,184,aligned,high,1.0,Anteromedial thalamic nucleus directly matches anteromedial nucleus of thalamus.,aligned,high,1.0,Exact match: 'Anteromedial thalamic nucleus' and 'anteromedial nucleus of thalamus' are synonyms.,aligned,high,0.99,Exact match; only morphosyntactic variation ('thalamic nucleus' vs 'nucleus of thalamus').,aligned,high,0.9967,3/3,False,3-0,stable,Anteromedial thalamic nucleus directly matches anteromedial nucleus of thalamus. | Exact match: 'Anteromedial thalamic nucleus' and 'anteromedial nucleus of thalamus' are synonyms. | Exact match; only morphosyntactic variation ('thalamic nucleus' vs 'nucleus of thalamus').,,
species,Ascending fibers of the facial nerve,high_confidence,1.0,HOMBA:12729,ascending fibers of the facial nerve in pons,bm25+exact+fuzzy,Ascending fibers of the facial nerve,Ascending fibers of the facial nerve,,1.0,genu of the facial nerve,0.286725,correct,183,1_highconf_correct.csv,185,aligned,high,1.0,"Ascending fibers of the facial nerve in pons is the same structure, with a locational qualifier added.",aligned,high,0.95,Top1 adds 'in pons' but same structure; consistent with query 'Ascending fibers of the facial nerve'.,aligned,high,0.96,Top1 adds location 'in pons' but refers to same ascending facial nerve fibers; accepted additional precision.,aligned,high,0.97,3/3,False,3-0,stable,"Ascending fibers of the facial nerve in pons is the same structure, with a locational qualifier added. | Top1 adds 'in pons' but same structure; consistent with query 'Ascending fibers of the facial nerve'. | Top1 adds location 'in pons' but refers to same ascending facial nerve fibers; accepted additional precision.",,
species,Basal nucleus (of Meynert),high_confidence,1.0,HOMBA:10353,basal nucleus of Meynert,bm25+exact+fuzzy,Basal nucleus (of Meynert),Basal nucleus (of Meynert),meynert,1.0,basal ganglia (basal nuclei),0.88,correct,184,1_highconf_correct.csv,186,aligned,high,1.0,Basal nucleus (of Meynert) and basal nucleus of Meynert are identical; parentheses are just formatting.,aligned,high,1.0,Exact match: 'Basal nucleus (of Meynert)' and 'basal nucleus of Meynert' are synonymous.,aligned,high,1.0,Identical eponym and structure; parentheses in query irrelevant.,aligned,high,1.0,3/3,False,3-0,stable,Basal nucleus (of Meynert) and basal nucleus of Meynert are identical; parentheses are just formatting. | Exact match: 'Basal nucleus (of Meynert)' and 'basal nucleus of Meynert' are synonymous. | Identical eponym and structure; parentheses in query irrelevant.,,
species,CA1 (hippocampus),high_confidence,1.0,HOMBA:10297,CA1 region of hippocampus,bm25+exact+fuzzy,CA1,CA1,hippocampus,1.0,"lamination of hippocampal proper (CA1, CA2, CA3)",1.0,correct,185,1_highconf_correct.csv,187,aligned,high,1.0,Query 'CA1 (hippocampus)' directly matches the standard term 'CA1 region of hippocampus'.,aligned,high,1.0,CA1 (hippocampus) directly corresponds to CA1 region of hippocampus; standard synonym.,aligned,high,1.0,CA1 (hippocampus) and CA1 region of hippocampus are equivalent.,aligned,high,1.0,3/3,False,3-0,stable,Query 'CA1 (hippocampus)' directly matches the standard term 'CA1 region of hippocampus'. | CA1 (hippocampus) directly corresponds to CA1 region of hippocampus; standard synonym. | CA1 (hippocampus) and CA1 region of hippocampus are equivalent.,,
species,Caudate Head,high_confidence,1.0,HOMBA:10335,head of caudate nucleus,bm25+exact+fuzzy,Caudate Head,Caudate Head,,1.0,caudate nucleus (mediodorsal division of the CP),0.8342,correct,186,1_highconf_correct.csv,188,aligned,high,1.0,Query 'Caudate Head' is a common synonym for 'head of caudate nucleus'.,aligned,high,1.0,Caudate Head is exactly the head of caudate nucleus.,aligned,high,1.0,Caudate Head and head of caudate nucleus are accepted variants for the same structure.,aligned,high,1.0,3/3,False,3-0,stable,Query 'Caudate Head' is a common synonym for 'head of caudate nucleus'. | Caudate Head is exactly the head of caudate nucleus. | Caudate Head and head of caudate nucleus are accepted variants for the same structure.,,
species,Caudate nucleus,high_confidence,1.0,HOMBA:10334,caudate nucleus (mediodorsal division of the CP),bm25+exact+fuzzy+hierarchy_parent,Caudate nucleus,Caudate nucleus,,1.0,body of caudate nucleus,0.843297,correct,187,1_highconf_correct.csv,189,aligned,high,1.0,"Top1 name includes 'caudate nucleus', matching the query directly; parenthetical adds subregion context but does not alter identity.",partial_or_narrower,high,1.0,"Query 'Caudate nucleus' is the whole structure, but top1 is a specific division (mediodorsal division of CP).",aligned,high,1.0,Caudate nucleus and caudate nucleus (with anatomical division context) align exactly.,aligned,medium,1.0,2/3,True,2-1,majority_vote,"Top1 name includes 'caudate nucleus', matching the query directly; parenthetical adds subregion context but does not alter identity. | Query 'Caudate nucleus' is the whole structure, but top1 is a specific division (mediodorsal division of CP). | Caudate nucleus and caudate nucleus (with anatomical division context) align exactly.",,
species,Caudate Tail,high_confidence,1.0,HOMBA:10337,tail of caudate nucleus (caudolateral division of the CP),bm25+exact+fuzzy,Caudate Tail,Caudate Tail,,1.0,caudate nucleus (mediodorsal division of the CP),0.8342,correct,188,1_highconf_correct.csv,190,aligned,high,1.0,Query 'Caudate Tail' matches 'tail of caudate nucleus'.,aligned,high,1.0,Caudate Tail matches tail of caudate nucleus; direct synonym.,aligned,high,1.0,Caudate Tail and tail of caudate nucleus are equivalent.,aligned,high,1.0,3/3,False,3-0,stable,Query 'Caudate Tail' matches 'tail of caudate nucleus'. | Caudate Tail matches tail of caudate nucleus; direct synonym. | Caudate Tail and tail of caudate nucleus are equivalent.,,
species,Central lateral thalamic nucleus,high_confidence,1.0,HOMBA:10444,central lateral nucleus of thalamus,bm25+exact+fuzzy,Central lateral thalamic nucleus,Central lateral thalamic nucleus,lateral,1.0,central dorsal nucleus of thalamus,0.658362,correct,189,1_highconf_correct.csv,191,aligned,high,1.0,Query 'Central lateral thalamic nucleus' is equivalent to 'central lateral nucleus of thalamus'.,aligned,high,1.0,Central lateral thalamic nucleus and central lateral nucleus of thalamus are the same structure.,aligned,high,1.0,Central lateral thalamic nucleus and central lateral nucleus of thalamus are synonymous.,aligned,high,1.0,3/3,False,3-0,stable,Query 'Central lateral thalamic nucleus' is equivalent to 'central lateral nucleus of thalamus'. | Central lateral thalamic nucleus and central lateral nucleus of thalamus are the same structure. | Central lateral thalamic nucleus and central lateral nucleus of thalamus are synonymous.,,
species,Central medial thalamic nucleus,high_confidence,1.0,HOMBA:10445,central medial nucleus of thalamus,bm25+exact+fuzzy,Central medial thalamic nucleus,Central medial thalamic nucleus,medial,1.0,central dorsal nucleus of thalamus,0.658801,correct,190,1_highconf_correct.csv,192,aligned,high,1.0,"The top1 candidate is a direct synonym of the query, referring to the same thalamic nucleus.",aligned,high,0.99,Synonym: 'central medial nucleus of thalamus' is the same as 'Central medial thalamic nucleus' with word order normalized.,aligned,high,1.0,Synonym; different word order (central medial thalamic nucleus = central medial nucleus of thalamus).,aligned,high,0.9967,3/3,False,3-0,stable,"The top1 candidate is a direct synonym of the query, referring to the same thalamic nucleus. | Synonym: 'central medial nucleus of thalamus' is the same as 'Central medial thalamic nucleus' with word order normalized. | Synonym; different word order (central medial thalamic nucleus = central medial nucleus of thalamus).",,
species,Cerebral peduncle,high_confidence,1.0,HOMBA:12330,cerebral peduncle (crus cerebri),bm25+exact+fuzzy,Cerebral peduncle,Cerebral peduncle,,1.0,telencephalon,0.308508,correct,191,1_highconf_correct.csv,193,aligned,high,1.0,The top1 candidate is exactly the same anatomical structure with an appended synonym in parentheses.,aligned,high,1.0,Exact match with accepted synonym in parentheses.,partial_or_narrower,medium,0.6,"Top1 name specifies crus cerebri in parentheses, which is narrower than the broader 'cerebral peduncle' that includes tegmentum.",aligned,medium,0.8667,2/3,True,2-1,majority_vote,"The top1 candidate is exactly the same anatomical structure with an appended synonym in parentheses. | Exact match with accepted synonym in parentheses. | Top1 name specifies crus cerebri in parentheses, which is narrower than the broader 'cerebral peduncle' that includes tegmentum.",,
species,Claustrum,high_confidence,1.0,HOMBA:10346,claustrum,bm25+exact+fuzzy+hierarchy_parent,Claustrum,Claustrum,,1.0,regions of claustrum-endopiriform nuclear complex,0.97,correct,192,1_highconf_correct.csv,194,aligned,high,1.0,The top1 candidate is identical to the query.,aligned,high,1.0,Exact match (case-insensitive).,aligned,high,1.0,"Exact match, case-insensitive.",aligned,high,1.0,3/3,False,3-0,stable,"The top1 candidate is identical to the query. | Exact match (case-insensitive). | Exact match, case-insensitive.",,
species,Cochlear Nucleus,high_confidence,1.0,HOMBA:12437,cochlear nuclei,bm25+exact+fuzzy+hierarchy_parent,Cochlear Nucleus,Cochlear Nucleus,,1.0,dorsal cochlear nucleus,0.736733,correct,193,1_highconf_correct.csv,195,aligned,high,1.0,"The top1 candidate is a plural form of the query, representing the same cochlear nucleus structure.",aligned,high,0.99,Singular/plural variant: 'cochlear nuclei' is the standard term for 'Cochlear Nucleus'.,aligned,high,1.0,Plural form variant; singular 'nucleus' commonly refers to the same cochlear nuclear complex.,aligned,high,0.9967,3/3,False,3-0,stable,"The top1 candidate is a plural form of the query, representing the same cochlear nucleus structure. | Singular/plural variant: 'cochlear nuclei' is the standard term for 'Cochlear Nucleus'. | Plural form variant; singular 'nucleus' commonly refers to the same cochlear nuclear complex.",,
species,Corticospinal Tract,high_confidence,1.0,HOMBA:12047,corticospinal tract,bm25+exact+fuzzy,Corticospinal Tract,Corticospinal Tract,,1.0,pyramidal tract,0.97,correct,194,1_highconf_correct.csv,196,aligned,high,1.0,The top1 candidate is identical to the query.,aligned,high,1.0,Exact match (case difference only).,aligned,high,1.0,Case-insensitive exact match.,aligned,high,1.0,3/3,False,3-0,stable,The top1 candidate is identical to the query. | Exact match (case difference only). | Case-insensitive exact match.,,
species,Crossing of the superior cerebellar peduncle,high_confidence,1.0,HOMBA:12337,decussation of superior cerebellar peduncle,bm25+exact+fuzzy,Crossing of the superior cerebellar peduncle,Crossing of the superior cerebellar peduncle,,1.0,superior cerebellar peduncle (brachium conjunctivum),0.389206,correct,195,1_highconf_correct.csv,197,aligned,high,1.0,Query 'Crossing of the superior cerebellar peduncle' matches synonym 'decussation of superior cerebellar peduncle'.,aligned,high,1.0,Crossing is synonymous with decussation; same anatomical structure.,aligned,high,0.99,Crossing and decussation are synonyms for the same structure.,aligned,high,0.9967,3/3,False,3-0,stable,Query 'Crossing of the superior cerebellar peduncle' matches synonym 'decussation of superior cerebellar peduncle'. | Crossing is synonymous with decussation; same anatomical structure. | Crossing and decussation are synonyms for the same structure.,,
species,Cuneiform Nucleus,high_confidence,1.0,HOMBA:12240,cuneiform nucleus,bm25+exact+fuzzy+hierarchy_parent,Cuneiform Nucleus,Cuneiform Nucleus,,1.0,dorsal division of cuneiform nucleus,0.609167,correct,196,1_highconf_correct.csv,198,aligned,high,1.0,Exact match with case normalization: 'Cuneiform Nucleus' equals 'cuneiform nucleus'.,aligned,high,1.0,Exact match after case normalization.,aligned,high,0.99,"Exact match, only capitalization difference.",aligned,high,0.9967,3/3,False,3-0,stable,"Exact match with case normalization: 'Cuneiform Nucleus' equals 'cuneiform nucleus'. | Exact match after case normalization. | Exact match, only capitalization difference.",,
species,Dentate gyrus,high_confidence,1.0,HOMBA:10295,dentate gyrus,bm25+exact+fuzzy+hierarchy_parent,Dentate gyrus,Dentate gyrus,,1.0,major division of dentate gyrus,0.898452,correct,197,1_highconf_correct.csv,199,aligned,high,1.0,Exact match: 'Dentate gyrus' equals 'dentate gyrus'.,aligned,high,1.0,Exact match.,aligned,high,0.99,"Exact match, only capitalization difference.",aligned,high,0.9967,3/3,False,3-0,stable,"Exact match: 'Dentate gyrus' equals 'dentate gyrus'. | Exact match. | Exact match, only capitalization difference.",,
species,Dorsal endopiriform claustrum,high_confidence,1.0,HOMBA:AA30264,dorsal endopiriform nucleus,bm25+exact+fuzzy,Dorsal endopiriform claustrum,Dorsal endopiriform claustrum,dorsal,1.0,endopiriform nucleus,0.753867,correct,198,1_highconf_correct.csv,200,wrong,medium,0.7,Query 'Dorsal endopiriform claustrum' refers to claustrum; top1 'dorsal endopiriform nucleus' is a different structure (nucleus vs claustrum).,aligned,high,1.0,Dorsal endopiriform nucleus is a synonym for dorsal endopiriform claustrum.,aligned,high,0.95,Query matches a known alias for dorsal endopiriform nucleus; claustrum and nucleus are interchangeable in this context.,aligned,medium,0.8833,2/3,True,2-1,majority_vote,Query 'Dorsal endopiriform claustrum' refers to claustrum; top1 'dorsal endopiriform nucleus' is a different structure (nucleus vs claustrum). | Dorsal endopiriform nucleus is a synonym for dorsal endopiriform claustrum. | Query matches a known alias for dorsal endopiriform nucleus; claustrum and nucleus are interchangeable in this context.,,
species,Dorsal lateral geniculate nucleus,high_confidence,1.0,HOMBA:10429,lateral geniculate nucleus (dorsal lateral geniculate nucleus),bm25+exact+fuzzy,Dorsal lateral geniculate nucleus,Dorsal lateral geniculate nucleus,dorsal;lateral,1.0,pregeniculate nucleus (ventral lateral geniculate nucleus),0.821572,correct,199,1_highconf_correct.csv,201,aligned,high,1.0,Top1 includes query as parenthetical synonym: 'lateral geniculate nucleus (dorsal lateral geniculate nucleus)'.,aligned,high,1.0,Top1 includes the query term in parentheses; same structure.,aligned,high,0.99,"Top1 is the dorsal lateral geniculate nucleus, specified parenthetically; exact match to query.",aligned,high,0.9967,3/3,False,3-0,stable,"Top1 includes query as parenthetical synonym: 'lateral geniculate nucleus (dorsal lateral geniculate nucleus)'. | Top1 includes the query term in parentheses; same structure. | Top1 is the dorsal lateral geniculate nucleus, specified parenthetically; exact match to query.",,
species,Dorsomedial hypothalamic nucleus,high_confidence,1.0,HOMBA:10485,dorsomedial hypothalamic nucleus,bm25+exact+fuzzy+hierarchy_parent,Dorsomedial hypothalamic nucleus,Dorsomedial hypothalamic nucleus,,1.0,diffuse division of dorsomedial hypothalamic nucleus,0.875,correct,200,1_highconf_correct.csv,202,aligned,high,1.0,Exact match (case variant) of dorsomedial hypothalamic nucleus.,aligned,high,1.0,Exact match: query and top1 are identical anatomical structure.,aligned,high,1.0,Exact string match (case-insensitive).,aligned,high,1.0,3/3,False,3-0,stable,Exact match (case variant) of dorsomedial hypothalamic nucleus. | Exact match: query and top1 are identical anatomical structure. | Exact string match (case-insensitive).,,
species,Dysgranular insular cortex,high_confidence,1.0,HOMBA:10289,dysgranular insular cortex (area Idg),bm25+exact+fuzzy+hierarchy_parent,Dysgranular insular cortex,Dysgranular insular cortex,,1.0,major insular cortex,0.97,correct,201,1_highconf_correct.csv,203,aligned,high,1.0,Top1 is same structure with parenthetical synonym (area Idg).,aligned,high,1.0,Synonym includes 'area Idg' but refers to the same cortical region.,aligned,high,1.0,Top1 name is identical base term with parenthetical specification; refers to same dysgranular insular cortex.,aligned,high,1.0,3/3,False,3-0,stable,Top1 is same structure with parenthetical synonym (area Idg). | Synonym includes 'area Idg' but refers to the same cortical region. | Top1 name is identical base term with parenthetical specification; refers to same dysgranular insular cortex.,,
species,Endopiriform nucleus,high_confidence,1.0,HOMBA:10371,endopiriform nucleus,bm25+exact+fuzzy+hierarchy_parent,Endopiriform nucleus,Endopiriform nucleus,,1.0,regions of claustrum-endopiriform nuclear complex,0.97,correct,202,1_highconf_correct.csv,204,aligned,high,1.0,Exact match of endopiriform nucleus.,aligned,high,1.0,Exact match (case variation only).,aligned,high,1.0,Exact string match (case-insensitive).,aligned,high,1.0,3/3,False,3-0,stable,Exact match of endopiriform nucleus. | Exact match (case variation only). | Exact string match (case-insensitive).,,
species,Entopeduncular nucleus,high_confidence,1.0,HOMBA:146034758,entopeduncular nucleus,bm25+exact+fuzzy,Entopeduncular nucleus,Entopeduncular nucleus,,1.0,cerebellar deep nuclei,0.260505,correct,203,1_highconf_correct.csv,205,aligned,high,1.0,Exact match of entopeduncular nucleus.,aligned,high,1.0,Exact match (case variation only).,aligned,high,1.0,Exact string match (case-insensitive).,aligned,high,1.0,3/3,False,3-0,stable,Exact match of entopeduncular nucleus. | Exact match (case variation only). | Exact string match (case-insensitive).,,
species,Entorhinal area (medial part),high_confidence,1.0,HOMBA:10319,medial (caudal) entorhinal cortex,bm25+fuzzy,Entorhinal area,medial entorhinal area,medial,1.0,intermediate entorhinal cortex,0.899167,correct,204,1_highconf_correct.csv,206,aligned,high,0.95,"Query specifies medial part of entorhinal area; top1 is medial entorhinal cortex, synonymous.",aligned,high,1.0,"Top1 matches the specific medial part of entorhinal area, consistent with query.",partial_or_narrower,medium,0.8,"Query is medial part of entorhinal area; top1 'medial (caudal) entorhinal cortex' denotes a subdivision (caudal part) of that medial region, thus too narrow.",aligned,medium,0.9167,2/3,True,2-1,majority_vote,"Query specifies medial part of entorhinal area; top1 is medial entorhinal cortex, synonymous. | Top1 matches the specific medial part of entorhinal area, consistent with query. | Query is medial part of entorhinal area; top1 'medial (caudal) entorhinal cortex' denotes a subdivision (caudal part) of that medial region, thus too narrow.",,
species,Extended amygdala,high_confidence,1.0,HOMBA:10383,extended amygdala,bm25+exact+fuzzy+hierarchy_parent,Extended amygdala,Extended amygdala,,1.0,regions of extended amygdala,0.94,correct,205,1_highconf_correct.csv,207,aligned,high,1.0,Exact case-insensitive match between query 'Extended amygdala' and top1_name 'extended amygdala'.,aligned,high,0.99,"top1_name is the lowercase version of query, identical anatomical structure (extended amygdala).",aligned,high,1.0,"Exact match, case-insensitive.",aligned,high,0.9967,3/3,False,3-0,stable,"Exact case-insensitive match between query 'Extended amygdala' and top1_name 'extended amygdala'. | top1_name is the lowercase version of query, identical anatomical structure (extended amygdala). | Exact match, case-insensitive.",,
species,Facial Motor Nucleus,high_confidence,1.0,HOMBA:12420,facial nucleus,bm25+exact+fuzzy+hierarchy_parent,Facial Motor Nucleus,Facial Motor Nucleus,,1.0,"facial nucleus, stylohyoid subnucleus",0.791667,correct,206,1_highconf_correct.csv,208,aligned,high,1.0,'facial nucleus' is the standard name for the facial motor nucleus; direct synonym.,aligned,high,0.99,"top1_name 'facial nucleus' is the standard name for the facial motor nucleus, matching query semantic.",aligned,high,1.0,Facial Motor Nucleus and facial nucleus are accepted synonyms.,aligned,high,0.9967,3/3,False,3-0,stable,"'facial nucleus' is the standard name for the facial motor nucleus; direct synonym. | top1_name 'facial nucleus' is the standard name for the facial motor nucleus, matching query semantic. | Facial Motor Nucleus and facial nucleus are accepted synonyms.",,
species,Fasciculus retroflexus,high_confidence,1.0,HOMBA:12342,fasciculus retroflexus (habenuno-interpeduncular tract),bm25+exact+fuzzy,Fasciculus retroflexus,Fasciculus retroflexus,,1.0,dorsal fasciculus (column) of spinal cord,0.281916,correct,207,1_highconf_correct.csv,209,aligned,high,1.0,Top1_name contains the exact query 'fasciculus retroflexus' with parenthetical alias.,aligned,high,0.99,"top1_name includes exact anatomical name with additional parenthetical, same structure.",aligned,high,1.0,"Same structure, with parenthesized alternative name.",aligned,high,0.9967,3/3,False,3-0,stable,"Top1_name contains the exact query 'fasciculus retroflexus' with parenthetical alias. | top1_name includes exact anatomical name with additional parenthetical, same structure. | Same structure, with parenthesized alternative name.",,
species,Fasciola cinereum,high_confidence,1.0,HOMBA:AA30112,fasciola cinereum (ectosplenial area 26),bm25+exact+fuzzy,Fasciola cinereum,Fasciola cinereum,,1.0,tuber cinereum,0.275439,correct,208,1_highconf_correct.csv,210,aligned,high,1.0,Top1_name includes the exact query 'fasciola cinereum' followed by an alternative name.,aligned,high,0.99,"top1_name exactly matches query ignoring case, with parenthetical descriptor for same region.",aligned,high,1.0,"Same structure, with parenthesized synonym.",aligned,high,0.9967,3/3,False,3-0,stable,"Top1_name includes the exact query 'fasciola cinereum' followed by an alternative name. | top1_name exactly matches query ignoring case, with parenthetical descriptor for same region. | Same structure, with parenthesized synonym.",,
species,Fimbria,high_confidence,1.0,HOMBA:10575,fimbria,bm25+exact+fuzzy,Fimbria,Fimbria,,1.0,hippocampus,0.206054,correct,209,1_highconf_correct.csv,211,aligned,high,1.0,Exact case-insensitive match between query 'Fimbria' and top1_name 'fimbria'.,aligned,high,0.99,"top1_name and query are identical apart from capitalization, same structure (fimbria).",aligned,high,1.0,Exact match.,aligned,high,0.9967,3/3,False,3-0,stable,"Exact case-insensitive match between query 'Fimbria' and top1_name 'fimbria'. | top1_name and query are identical apart from capitalization, same structure (fimbria). | Exact match.",,
species,Flocculus,high_confidence,1.0,HOMBA:AA30424,lobule Xa (flocculus),bm25+exact+fuzzy,Flocculus,Flocculus,,1.0,lobule X (nodulus and flocculus),0.642818,correct,210,1_highconf_correct.csv,212,aligned,high,1.0,Top1 is a direct synonym (lobule Xa) for the flocculus.,aligned,high,1.0,Flocculus is synonymous with lobule Xa (flocculus) in cerebellar anatomy.,aligned,high,1.0,top1_name 'lobule Xa (flocculus)' explicitly equates to the query 'Flocculus'; same structure.,aligned,high,1.0,3/3,False,3-0,stable,Top1 is a direct synonym (lobule Xa) for the flocculus. | Flocculus is synonymous with lobule Xa (flocculus) in cerebellar anatomy. | top1_name 'lobule Xa (flocculus)' explicitly equates to the query 'Flocculus'; same structure.,,
species,Fornix,high_confidence,1.0,HOMBA:10576,fornix,bm25+exact+fuzzy+hierarchy_parent,Fornix,Fornix,,1.0,body of the fornix,0.589807,correct,211,1_highconf_correct.csv,213,aligned,high,1.0,Exact anatomical match to query 'fornix'.,aligned,high,1.0,Exact match after case normalization (Fornix / fornix).,aligned,high,1.0,"Exact match, same anatomical structure (Fornix vs fornix).",aligned,high,1.0,3/3,False,3-0,stable,"Exact anatomical match to query 'fornix'. | Exact match after case normalization (Fornix / fornix). | Exact match, same anatomical structure (Fornix vs fornix).",,
species,Frontal pole,high_confidence,1.0,HOMBA:146034888,frontal pole,bm25+exact+fuzzy,Frontal pole,Frontal pole,,1.0,frontal lobe,0.97,correct,212,1_highconf_correct.csv,214,aligned,high,1.0,Exact match to query 'frontal pole'.,aligned,high,1.0,Exact match after case normalization (Frontal pole / frontal pole).,aligned,high,1.0,Exact match for Frontal pole.,aligned,high,1.0,3/3,False,3-0,stable,Exact match to query 'frontal pole'. | Exact match after case normalization (Frontal pole / frontal pole). | Exact match for Frontal pole.,,
species,Genu of the facial nerve,high_confidence,1.0,HOMBA:12738,genu of the facial nerve,bm25+exact+fuzzy,Genu of the facial nerve,Genu of the facial nerve,,1.0,root of facial nerve,0.357256,correct,213,1_highconf_correct.csv,215,aligned,high,1.0,Exact match to query 'genu of the facial nerve'.,aligned,high,1.0,Exact match after case normalization (Genu of the facial nerve / genu of the facial nerve).,aligned,high,1.0,Exact match for Genu of the facial nerve.,aligned,high,1.0,3/3,False,3-0,stable,Exact match to query 'genu of the facial nerve'. | Exact match after case normalization (Genu of the facial nerve / genu of the facial nerve). | Exact match for Genu of the facial nerve.,,
species,Gigantocellular Reticular Nucleus,high_confidence,1.0,HOMBA:12625,gigantocellular reticular nuclei,bm25+exact+fuzzy,Gigantocellular Reticular Nucleus,Gigantocellular Reticular Nucleus,reticular,1.0,alpha gigantocellular reticular nucleus,0.9975,correct,214,1_highconf_correct.csv,216,aligned,high,1.0,"Top1 is a plural variant of the same reticular nucleus, considered equivalent.",aligned,high,1.0,Nucleus vs nuclei is an accepted synonym for this structure.,aligned,high,1.0,Singular vs plural (nucleus vs nuclei) still refers to the same gigantocellular reticular structure.,aligned,high,1.0,3/3,False,3-0,stable,"Top1 is a plural variant of the same reticular nucleus, considered equivalent. | Nucleus vs nuclei is an accepted synonym for this structure. | Singular vs plural (nucleus vs nuclei) still refers to the same gigantocellular reticular structure.",,
species,Glomerular layer of the accessory olfactory bulb,high_confidence,1.0,HOMBA:AA30176,glomerular layer of accessory olfactory bulb,bm25+fuzzy,Glomerular layer of the accessory olfactory bulb,glomerular layer of accessory olfactory bulb,layer;accessory,1.0,glomerular layer of olfactory bulb,0.873561,correct,215,1_highconf_correct.csv,217,aligned,high,1.0,Query and top1_name are identical in meaning; capitalization difference only.,aligned,high,1.0,Query and top1_name are identical except for capitalization and optional article; accepted synonym.,aligned,high,1.0,Same structure; only minor case/article difference.,aligned,high,1.0,3/3,False,3-0,stable,Query and top1_name are identical in meaning; capitalization difference only. | Query and top1_name are identical except for capitalization and optional article; accepted synonym. | Same structure; only minor case/article difference.,,
species,Glomerular layer of the olfactory bulb,high_confidence,1.0,HOMBA:AA30170,glomerular layer of olfactory bulb,bm25+fuzzy,Glomerular layer of the olfactory bulb,glomerular layer of olfactory bulb,layer,1.0,glomerular layer of accessory olfactory bulb,0.94492,correct,216,1_highconf_correct.csv,218,aligned,high,1.0,Query and top1_name are identical; no discrepancies.,aligned,high,1.0,Exact match after case normalization; same anatomical structure.,aligned,high,1.0,Same structure; only minor case/article difference.,aligned,high,1.0,3/3,False,3-0,stable,Query and top1_name are identical; no discrepancies. | Exact match after case normalization; same anatomical structure. | Same structure; only minor case/article difference.,,
species,Granular insular cortex,high_confidence,1.0,HOMBA:10290,granular insular cortex (area Ig),bm25+exact+fuzzy,Granular insular cortex,Granular insular cortex,granular,1.0,caudal granular insular cortex,0.9975,correct,217,1_highconf_correct.csv,219,aligned,high,1.0,Top1_name includes the exact query plus (area Ig) as clarification; same structure.,aligned,high,1.0,Core name matches exactly; parenthetical area Ig is an accepted synonym/identifier.,aligned,high,1.0,Direct match with additional parenthetical synonym '(area Ig)'.,aligned,high,1.0,3/3,False,3-0,stable,Top1_name includes the exact query plus (area Ig) as clarification; same structure. | Core name matches exactly; parenthetical area Ig is an accepted synonym/identifier. | Direct match with additional parenthetical synonym '(area Ig)'.,,
species,Habenula,high_confidence,1.0,HOMBA:10452,habenular nuclei,bm25+exact+fuzzy+hierarchy_parent,Habenula,Habenula,,1.0,medial habenular nucleus,0.5934,correct,218,1_highconf_correct.csv,220,aligned,high,1.0,Top1_name 'habenular nuclei' is an accepted synonym for 'Habenula' as confirmed by matched alias.,partial_or_narrower,medium,0.8,"Query 'Habenula' is a broader region; top1 'habenular nuclei' is a subcomponent, not a synonym.",partial_or_narrower,medium,0.7,"Habenula is broader (nuclei + tracts); top1 only names the nuclei, thus narrower.",partial_or_narrower,medium,0.8333,2/3,True,2-1,majority_vote,"Top1_name 'habenular nuclei' is an accepted synonym for 'Habenula' as confirmed by matched alias. | Query 'Habenula' is a broader region; top1 'habenular nuclei' is a subcomponent, not a synonym. | Habenula is broader (nuclei + tracts); top1 only names the nuclei, thus narrower.",,
species,Habenular commissure,high_confidence,1.0,HOMBA:10566,habenular commissure,bm25+exact+fuzzy,Habenular commissure,Habenular commissure,,1.0,hippocampal commissure,0.271515,correct,219,1_highconf_correct.csv,221,aligned,high,1.0,Query and top1_name are identical; exact match.,aligned,high,1.0,Exact match after case normalization; same commissure structure.,aligned,high,1.0,Exact match; minor case difference.,aligned,high,1.0,3/3,False,3-0,stable,Query and top1_name are identical; exact match. | Exact match after case normalization; same commissure structure. | Exact match; minor case difference.,,
species,Head of caudate nucleus,high_confidence,1.0,HOMBA:10335,head of caudate nucleus,bm25+exact+fuzzy,Head of caudate nucleus,Head of caudate nucleus,,1.0,caudate nucleus (mediodorsal division of the CP),0.97,correct,220,1_highconf_correct.csv,222,aligned,high,1.0,Top1 name is exact match (case variant) to query: head of caudate nucleus.,aligned,high,1.0,Exact match or case variation of identical term.,aligned,high,1.0,Identical term except capitalization; exact anatomical match.,aligned,high,1.0,3/3,False,3-0,stable,Top1 name is exact match (case variant) to query: head of caudate nucleus. | Exact match or case variation of identical term. | Identical term except capitalization; exact anatomical match.,,
species,Hippocampus,high_confidence,1.0,HOMBA:AA30093,hippocampus,bm25+exact+fuzzy,Hippocampus,Hippocampus,,1.0,hippocampal proper (Cornu Ammonis),0.770833,correct,221,1_highconf_correct.csv,223,aligned,high,1.0,Top1 name is exact match (case variant) to query: hippocampus.,aligned,high,1.0,Exact match or case variation of identical term.,aligned,high,1.0,"Same structure, case variation only.",aligned,high,1.0,3/3,False,3-0,stable,"Top1 name is exact match (case variant) to query: hippocampus. | Exact match or case variation of identical term. | Same structure, case variation only.",,
species,Inferior Cerebellar Peduncle,high_confidence,1.0,HOMBA:12741,inferior cerebellar peduncle,bm25+exact+fuzzy,Inferior Cerebellar Peduncle,Inferior Cerebellar Peduncle,,1.0,middle cerebellar peduncle (brachium pontis),0.67705,correct,222,1_highconf_correct.csv,224,aligned,high,1.0,Top1 name is exact match (case variant) to query: inferior cerebellar peduncle.,aligned,high,1.0,Exact match or case variation of identical term.,aligned,high,1.0,"Direct match, difference only in capitalization.",aligned,high,1.0,3/3,False,3-0,stable,"Top1 name is exact match (case variant) to query: inferior cerebellar peduncle. | Exact match or case variation of identical term. | Direct match, difference only in capitalization.",,
species,Inferior cerebellar peduncle,high_confidence,1.0,HOMBA:12741,inferior cerebellar peduncle,bm25+exact+fuzzy,Inferior cerebellar peduncle,Inferior cerebellar peduncle,,1.0,middle cerebellar peduncle (brachium pontis),0.67705,correct,223,1_highconf_correct.csv,225,aligned,high,1.0,Top1 name is exact match (case variant) to query: inferior cerebellar peduncle.,aligned,high,1.0,Exact match or case variation of identical term.,aligned,high,1.0,Exact string match for inferior cerebellar peduncle.,aligned,high,1.0,3/3,False,3-0,stable,Top1 name is exact match (case variant) to query: inferior cerebellar peduncle. | Exact match or case variation of identical term. | Exact string match for inferior cerebellar peduncle.,,
species,Inferior colliculus,high_confidence,1.0,HOMBA:12305,inferior colliculus,bm25+exact+fuzzy+hierarchy_parent,Inferior colliculus,Inferior colliculus,,1.0,brachium of inferior colliculus,0.813844,correct,224,1_highconf_correct.csv,226,aligned,high,1.0,Top1 name is exact match (case variant) to query: inferior colliculus.,aligned,high,1.0,Exact match or case variation of identical term.,aligned,high,1.0,Case-insensitive identical match for inferior colliculus.,aligned,high,1.0,3/3,False,3-0,stable,Top1 name is exact match (case variant) to query: inferior colliculus. | Exact match or case variation of identical term. | Case-insensitive identical match for inferior colliculus.,,
species,Inferior frontal gyrus,high_confidence,1.0,HOMBA:12117,inferior frontal gyrus,bm25+exact+fuzzy+hierarchy_parent,Inferior frontal gyrus,Inferior frontal gyrus,,1.0,frontal lobe,0.97,correct,225,1_highconf_correct.csv,227,aligned,high,1.0,Exact match: query and top1_name refer to the same anatomical structure with case variation.,aligned,high,1.0,Exact synonym: 'Inferior frontal gyrus' matches 'inferior frontal gyrus'.,aligned,high,1.0,Exact match for Inferior frontal gyrus.,aligned,high,1.0,3/3,False,3-0,stable,Exact match: query and top1_name refer to the same anatomical structure with case variation. | Exact synonym: 'Inferior frontal gyrus' matches 'inferior frontal gyrus'. | Exact match for Inferior frontal gyrus.,,
species,Inferior Olive,high_confidence,1.0,HOMBA:12600,inferior olive,bm25+exact+fuzzy+hierarchy_parent,Inferior Olive,Inferior Olive,,1.0,hilus of the inferior olive,0.722962,correct,226,1_highconf_correct.csv,228,aligned,high,1.0,Exact match: 'Inferior Olive' and 'inferior olive' are the same structure.,aligned,high,1.0,Exact synonym: 'Inferior Olive' matches 'inferior olive'.,aligned,high,1.0,Exact match for Inferior Olive.,aligned,high,1.0,3/3,False,3-0,stable,Exact match: 'Inferior Olive' and 'inferior olive' are the same structure. | Exact synonym: 'Inferior Olive' matches 'inferior olive'. | Exact match for Inferior Olive.,,
species,Inferior olive,high_confidence,1.0,HOMBA:12600,inferior olive,bm25+exact+fuzzy+hierarchy_parent,Inferior olive,Inferior olive,,1.0,hilus of the inferior olive,0.722962,correct,227,1_highconf_correct.csv,229,aligned,high,1.0,Exact match: identical strings with case difference.,aligned,high,1.0,Exact synonym: 'Inferior olive' matches 'inferior olive'.,aligned,high,1.0,Exact match for Inferior olive.,aligned,high,1.0,3/3,False,3-0,stable,Exact match: identical strings with case difference. | Exact synonym: 'Inferior olive' matches 'inferior olive'. | Exact match for Inferior olive.,,
species,Inferior Pulvinar,high_confidence,1.0,HOMBA:10413,inferior division of pulvinar,bm25+exact+fuzzy,Inferior Pulvinar,Inferior Pulvinar,,1.0,pulvinar of thalamus,0.8342,correct,228,1_highconf_correct.csv,230,aligned,high,1.0,Synonym: 'inferior pulvinar' is equivalent to 'inferior division of pulvinar'.,aligned,high,1.0,'Inferior Pulvinar' and 'inferior division of pulvinar' are synonymous; subdivision is correctly matched.,aligned,high,1.0,Inferior Pulvinar is the accepted shorthand for inferior division of pulvinar; same structure.,aligned,high,1.0,3/3,False,3-0,stable,Synonym: 'inferior pulvinar' is equivalent to 'inferior division of pulvinar'. | 'Inferior Pulvinar' and 'inferior division of pulvinar' are synonymous; subdivision is correctly matched. | Inferior Pulvinar is the accepted shorthand for inferior division of pulvinar; same structure.,,
species,Inferior temporal gyrus,high_confidence,1.0,HOMBA:12142,inferior temporal gyrus,bm25+exact+fuzzy,Inferior temporal gyrus,Inferior temporal gyrus,,1.0,temporal lobe,0.97,correct,229,1_highconf_correct.csv,231,aligned,high,1.0,Exact match: query and top1_name are identical with case variation.,aligned,high,1.0,Exact synonym: 'Inferior temporal gyrus' matches 'inferior temporal gyrus'.,aligned,high,1.0,Exact match for Inferior temporal gyrus.,aligned,high,1.0,3/3,False,3-0,stable,Exact match: query and top1_name are identical with case variation. | Exact synonym: 'Inferior temporal gyrus' matches 'inferior temporal gyrus'. | Exact match for Inferior temporal gyrus.,,
species,Infundibulum,high_confidence,1.0,HOMBA:10643,infundibular stalk,bm25+exact+fuzzy,Infundibulum,Infundibulum,,1.0,infundibular recess of 3V,0.200572,correct,230,1_highconf_correct.csv,232,aligned,high,1.0,Infundibulum and infundibular stalk are anatomical synonyms; same structure.,aligned,high,0.99,'Infundibular stalk' is a synonym for infundibulum; direct anatomical match.,aligned,high,0.98,Infundibulum and infundibular stalk refer to the same pituitary stalk structure.,aligned,high,0.99,3/3,False,3-0,stable,Infundibulum and infundibular stalk are anatomical synonyms; same structure. | 'Infundibular stalk' is a synonym for infundibulum; direct anatomical match. | Infundibulum and infundibular stalk refer to the same pituitary stalk structure.,,
species,Insular cortex,high_confidence,1.0,HOMBA:10288,major insular cortex,bm25+exact+fuzzy+hierarchy_parent,Insular cortex,Insular cortex,,1.0,agranular insular cortex (area Iag),0.854167,correct,231,1_highconf_correct.csv,233,aligned,high,1.0,Major insular cortex is a synonym for insular cortex in HOMBA.,partial_or_narrower,medium,0.9,"Query is 'Insular cortex' but top1 is 'major insular cortex,' a subdivision, not the whole region.",partial_or_narrower,high,0.9,"Major insular cortex is a subdivision/part of the insular cortex, not the entire region.",partial_or_narrower,medium,0.9333,2/3,True,2-1,majority_vote,"Major insular cortex is a synonym for insular cortex in HOMBA. | Query is 'Insular cortex' but top1 is 'major insular cortex,' a subdivision, not the whole region. | Major insular cortex is a subdivision/part of the insular cortex, not the entire region.",,
species,Interanteromedial thalamic nucleus,high_confidence,1.0,HOMBA:13048,interanteromedial nucleus of thalamus,bm25+exact+fuzzy,Interanteromedial thalamic nucleus,Interanteromedial thalamic nucleus,,1.0,ventral midline nuclei of thalamus,0.97,correct,232,1_highconf_correct.csv,234,aligned,high,1.0,Interanteromedial thalamic nucleus matches interanteromedial nucleus of thalamus.,aligned,high,0.99,Standard rephrasing of the same thalamic nucleus; exact structure.,aligned,high,0.99,"Interanteromedial thalamic nucleus and interanteromedial nucleus of thalamus are the same thalamic nucleus, wording variant.",aligned,high,0.9933,3/3,False,3-0,stable,"Interanteromedial thalamic nucleus matches interanteromedial nucleus of thalamus. | Standard rephrasing of the same thalamic nucleus; exact structure. | Interanteromedial thalamic nucleus and interanteromedial nucleus of thalamus are the same thalamic nucleus, wording variant.",,
species,Intermediodorsal thalamic nucleus,high_confidence,1.0,HOMBA:13049,intermediodorsal  nucleus of thalamus,bm25+exact+fuzzy,Intermediodorsal thalamic nucleus,Intermediodorsal thalamic nucleus,,1.0,dorsal midline nuclei of thalamus,0.97,correct,233,1_highconf_correct.csv,235,aligned,high,1.0,Intermediodorsal thalamic nucleus matches intermediodorsal nucleus of thalamus.,aligned,high,0.99,Same thalamic nucleus with synonymous naming order.,aligned,high,0.99,"Intermediodorsal thalamic nucleus and intermediodorsal nucleus of thalamus are the same, minor wording difference.",aligned,high,0.9933,3/3,False,3-0,stable,"Intermediodorsal thalamic nucleus matches intermediodorsal nucleus of thalamus. | Same thalamic nucleus with synonymous naming order. | Intermediodorsal thalamic nucleus and intermediodorsal nucleus of thalamus are the same, minor wording difference.",,
species,Internal capsule,high_confidence,1.0,HOMBA:10581,internal capsule,bm25+exact+fuzzy+hierarchy_parent,Internal capsule,Internal capsule,,1.0,genu of internal capsule,0.854167,correct,234,1_highconf_correct.csv,236,aligned,high,1.0,Exact match: Internal capsule to internal capsule.,aligned,high,1.0,Exact match for internal capsule.,aligned,high,1.0,Exact match for internal capsule.,aligned,high,1.0,3/3,False,3-0,stable,Exact match: Internal capsule to internal capsule. | Exact match for internal capsule. | Exact match for internal capsule.,,
species,Interpeduncular Nucleus,high_confidence,1.0,HOMBA:12270,interpeduncular nucleus,bm25+exact+fuzzy+hierarchy_parent,Interpeduncular Nucleus,Interpeduncular Nucleus,,1.0,"interpeduncular nucleus, apical division",0.796474,correct,235,1_highconf_correct.csv,237,aligned,high,1.0,Exact match with capitalization difference.,aligned,high,1.0,"Exact match, differing only in letter case; same anatomical structure.",aligned,high,1.0,"Exact match, case-insensitive synonym.",aligned,high,1.0,3/3,False,3-0,stable,"Exact match with capitalization difference. | Exact match, differing only in letter case; same anatomical structure. | Exact match, case-insensitive synonym.",,
species,Interpeduncular nucleus,high_confidence,1.0,HOMBA:12270,interpeduncular nucleus,bm25+exact+fuzzy+hierarchy_parent,Interpeduncular nucleus,Interpeduncular nucleus,,1.0,"interpeduncular nucleus, apical division",0.796474,correct,236,1_highconf_correct.csv,238,aligned,high,1.0,Exact match with capitalization difference.,aligned,high,1.0,"Exact match, differing only in letter case; same anatomical structure.",aligned,high,1.0,"Exact match, case-insensitive synonym.",aligned,high,1.0,3/3,False,3-0,stable,"Exact match with capitalization difference. | Exact match, differing only in letter case; same anatomical structure. | Exact match, case-insensitive synonym.",,
species,Lamina Terminalis,high_confidence,1.0,HOMBA:12105,lamina terminalis,bm25+exact+fuzzy,Lamina Terminalis,Lamina Terminalis,,1.0,stria terminalis,0.266679,correct,237,1_highconf_correct.csv,239,aligned,high,1.0,Exact match with capitalization difference.,aligned,high,1.0,"Exact match, differing only in letter case; same anatomical structure.",aligned,high,1.0,"Exact match, case-insensitive synonym.",aligned,high,1.0,3/3,False,3-0,stable,"Exact match with capitalization difference. | Exact match, differing only in letter case; same anatomical structure. | Exact match, case-insensitive synonym.",,
species,Lateral entorhinal cortex,high_confidence,1.0,HOMBA:10318,lateral (rostral) entorhinal cortex,bm25+exact+fuzzy,Lateral entorhinal cortex,Lateral entorhinal cortex,lateral,1.0,lateral intermediate division of entorhinal cortex,0.84376,correct,238,1_highconf_correct.csv,240,aligned,high,1.0,Top1 includes the query plus an alternative descriptor in parentheses; same structure.,aligned,high,0.95,Top1 adds 'rostral' in parentheses but refers to the same lateral entorhinal cortex; accepted variant.,aligned,high,1.0,Top1 name includes parenthetical qualifier but refers to the same lateral entorhinal cortex.,aligned,high,0.9833,3/3,False,3-0,stable,Top1 includes the query plus an alternative descriptor in parentheses; same structure. | Top1 adds 'rostral' in parentheses but refers to the same lateral entorhinal cortex; accepted variant. | Top1 name includes parenthetical qualifier but refers to the same lateral entorhinal cortex.,,
species,Lateral habenular nucleus,high_confidence,1.0,HOMBA:10453,lateral habenular nucleus,bm25+exact+fuzzy,Lateral habenular nucleus,Lateral habenular nucleus,lateral,1.0,interstitial (dorsal) division of lateral habenular nucleus,0.87,correct,239,1_highconf_correct.csv,241,aligned,high,1.0,Exact match with capitalization difference.,aligned,high,1.0,"Exact match, differing only in letter case; same anatomical structure.",aligned,high,1.0,"Exact match, case-insensitive synonym.",aligned,high,1.0,3/3,False,3-0,stable,"Exact match with capitalization difference. | Exact match, differing only in letter case; same anatomical structure. | Exact match, case-insensitive synonym.",,
species,Lateral Lemniscus,high_confidence,1.0,HOMBA:12760,lateral lemniscus,bm25+exact+fuzzy,Lateral Lemniscus,Lateral Lemniscus,lateral,1.0,nuclei of lateral lemniscus,0.946389,correct,240,1_highconf_correct.csv,242,aligned,high,1.0,Exact case-insensitive match.,aligned,high,1.0,Exact case-insensitive match between query and top1_name.,aligned,high,1.0,"Identical structure, case difference only.",aligned,high,1.0,3/3,False,3-0,stable,"Exact case-insensitive match. | Exact case-insensitive match between query and top1_name. | Identical structure, case difference only.",,
species,Lateral Parabrachial Nucleus,high_confidence,1.0,HOMBA:12482,lateral parabrachial nucleus,bm25+exact+fuzzy,Lateral Parabrachial Nucleus,Lateral Parabrachial Nucleus,lateral,1.0,"lateral parabrachial nucleus, central division",0.9975,correct,241,1_highconf_correct.csv,243,aligned,high,1.0,Exact case-insensitive match.,aligned,high,1.0,Exact case-insensitive match.,aligned,high,1.0,"Exact match, same anatomical entity.",aligned,high,1.0,3/3,False,3-0,stable,"Exact case-insensitive match. | Exact case-insensitive match. | Exact match, same anatomical entity.",,
species,"Lateral parietal cortex, inferior",high_confidence,1.0,HOMBA:10225,inferior lateral parietal cortex,bm25+fuzzy,"Lateral parietal cortex, inferior",inferior lateral parietal cortex,lateral,1.0,inferior parietal lobule (gyrus),0.481047,correct,242,1_highconf_correct.csv,244,aligned,high,1.0,Synonymous word-order variant.,aligned,high,1.0,Word-order variant but identical components; conventional synonym.,aligned,high,1.0,"Word-order variant of the same cortical region, no anatomical discrepancy.",aligned,high,1.0,3/3,False,3-0,stable,"Synonymous word-order variant. | Word-order variant but identical components; conventional synonym. | Word-order variant of the same cortical region, no anatomical discrepancy.",,
species,Lateral Pulvinar,high_confidence,1.0,HOMBA:10412,lateral division of pulvinar,bm25+fuzzy,lateral pulvinar of thalamus,lateral division of pulvinar of thalamus,lateral,1.0,pulvinar of thalamus,0.7172,correct,243,1_highconf_correct.csv,245,aligned,high,1.0,Top1 is a more precise synonym (lateral division of pulvinar).,aligned,high,1.0,'lateral division of pulvinar' is the standard term for lateral pulvinar; direct synonym.,aligned,high,1.0,Lateral division of pulvinar is the full name for Lateral Pulvinar; same structure.,aligned,high,1.0,3/3,False,3-0,stable,Top1 is a more precise synonym (lateral division of pulvinar). | 'lateral division of pulvinar' is the standard term for lateral pulvinar; direct synonym. | Lateral division of pulvinar is the full name for Lateral Pulvinar; same structure.,,
species,Lateral Reticular Nucleus,high_confidence,1.0,HOMBA:12634,lateral reticular nucleus,bm25+exact+fuzzy,Lateral Reticular Nucleus,Lateral Reticular Nucleus,lateral;reticular,1.0,lateral reticular nuclei of pons,0.9975,correct,244,1_highconf_correct.csv,246,aligned,high,1.0,Exact case-insensitive match.,aligned,high,1.0,Exact case-insensitive match.,aligned,high,1.0,"Exact match, same nucleus.",aligned,high,1.0,3/3,False,3-0,stable,"Exact case-insensitive match. | Exact case-insensitive match. | Exact match, same nucleus.",,
species,Lateral superior olive,high_confidence,1.0,HOMBA:12469,lateral superior olivary nucleus,bm25+exact+fuzzy,Lateral superior olive,Lateral superior olive,lateral,1.0,superior olivary nucleus,0.6512,correct,245,1_highconf_correct.csv,247,aligned,high,1.0,'Lateral superior olive' is a synonym for 'lateral superior olivary nucleus'; exact anatomical match.,aligned,high,1.0,Lateral superior olive and lateral superior olivary nucleus are accepted synonyms.,aligned,high,1.0,Lateral superior olive is a synonym for lateral superior olivary nucleus; the matched alias confirms direct equivalence.,aligned,high,1.0,3/3,False,3-0,stable,'Lateral superior olive' is a synonym for 'lateral superior olivary nucleus'; exact anatomical match. | Lateral superior olive and lateral superior olivary nucleus are accepted synonyms. | Lateral superior olive is a synonym for lateral superior olivary nucleus; the matched alias confirms direct equivalence.,,
species,Mammillary nucleus,high_confidence,1.0,HOMBA:10498,mammillary nuclear complex,bm25+exact+fuzzy+hierarchy_parent,Mammillary nucleus,Mammillary nucleus,,1.0,mammillary (posterior) region of HTH,0.8342,correct,246,1_highconf_correct.csv,248,broader_parent,high,0.95,Query 'Mammillary nucleus' is a component of 'mammillary nuclear complex'; top1 is a broader parent structure.,aligned,high,1.0,Mammillary nucleus and mammillary nuclear complex are conventionally used interchangeably.,aligned,high,1.0,"Mammillary nucleus is a standard term for the mammillary body, which is a nuclear complex; the matched alias confirms consistency.",aligned,medium,0.9833,2/3,True,2-1,majority_vote,"Query 'Mammillary nucleus' is a component of 'mammillary nuclear complex'; top1 is a broader parent structure. | Mammillary nucleus and mammillary nuclear complex are conventionally used interchangeably. | Mammillary nucleus is a standard term for the mammillary body, which is a nuclear complex; the matched alias confirms consistency.",,
species,Mammillotegmental tract,high_confidence,1.0,HOMBA:12065,mammillotegmental tract,bm25+exact+fuzzy,Mammillotegmental tract,Mammillotegmental tract,,1.0,pyramidal tract,0.302708,correct,247,1_highconf_correct.csv,249,aligned,high,1.0,Exact string match: 'Mammillotegmental tract' equals top1 name.,aligned,high,1.0,Exact match between query and top1 name.,aligned,high,1.0,Exact match between query and top1_name; identical anatomical tract.,aligned,high,1.0,3/3,False,3-0,stable,Exact string match: 'Mammillotegmental tract' equals top1 name. | Exact match between query and top1 name. | Exact match between query and top1_name; identical anatomical tract.,,
species,Medial amygdaloid nucleus,high_confidence,1.0,HOMBA:10376,medial nuclear complex of amygdala,bm25+exact+fuzzy,Medial amygdaloid nucleus,Medial amygdaloid nucleus,medial,1.0,corticomedial nuclear group of amygdala,0.686995,correct,248,1_highconf_correct.csv,250,broader_parent,high,0.95,'Medial amygdaloid nucleus' is part of the 'medial nuclear complex of amygdala'; top1 is broader parent.,broader_parent,medium,0.9,Medial amygdaloid nucleus is a specific nucleus; medial nuclear complex of amygdala is a broader grouping containing it.,broader_parent,high,0.95,"Medial amygdaloid nucleus is a specific division; top1 'medial nuclear complex of amygdala' is the broader parent complex, not the exact nucleus.",broader_parent,high,0.9333,3/3,False,3-0,stable,"'Medial amygdaloid nucleus' is part of the 'medial nuclear complex of amygdala'; top1 is broader parent. | Medial amygdaloid nucleus is a specific nucleus; medial nuclear complex of amygdala is a broader grouping containing it. | Medial amygdaloid nucleus is a specific division; top1 'medial nuclear complex of amygdala' is the broader parent complex, not the exact nucleus.",,
species,Medial eminence,high_confidence,1.0,HOMBA:12820,medial eminence,bm25+exact+fuzzy,Medial eminence,Medial eminence,medial,1.0,medial ganglionic eminence,0.802404,correct,249,1_highconf_correct.csv,251,aligned,high,1.0,Exact string match: 'Medial eminence' equals top1 name.,aligned,high,1.0,Exact match between query and top1 name.,aligned,high,1.0,Exact spatial term match; both refer to the same ventricular floor landmark.,aligned,high,1.0,3/3,False,3-0,stable,Exact string match: 'Medial eminence' equals top1 name. | Exact match between query and top1 name. | Exact spatial term match; both refer to the same ventricular floor landmark.,,
species,Medial entorhinal cortex,high_confidence,1.0,HOMBA:10319,medial (caudal) entorhinal cortex,bm25+exact+fuzzy,Medial entorhinal cortex,Medial entorhinal cortex,medial,1.0,intermediate entorhinal cortex,0.84753,correct,250,1_highconf_correct.csv,252,aligned,high,1.0,top1 matches query exactly with an accepted synonym variant specifying 'caudal'.,aligned,high,1.0,"Exact match with accepted synonym, includes additional descriptive term.",partial_or_narrower,medium,0.7,"Top1 adds 'caudal' denoting a subregion of medial entorhinal cortex, narrower than the query.",aligned,medium,0.9,2/3,True,2-1,majority_vote,"top1 matches query exactly with an accepted synonym variant specifying 'caudal'. | Exact match with accepted synonym, includes additional descriptive term. | Top1 adds 'caudal' denoting a subregion of medial entorhinal cortex, narrower than the query.",,
species,Medial geniculate nucleus,high_confidence,1.0,HOMBA:10434,medial geniculate nucleus,bm25+exact+fuzzy,Medial geniculate nucleus,Medial geniculate nucleus,medial,1.0,dorsal (rostral) division of medial geniculate nucleus,0.9975,correct,251,1_highconf_correct.csv,253,aligned,high,1.0,Exact match 'medial geniculate nucleus'.,aligned,high,1.0,Exact case-insensitive match.,aligned,high,1.0,Top1 matches query exactly.,aligned,high,1.0,3/3,False,3-0,stable,Exact match 'medial geniculate nucleus'. | Exact case-insensitive match. | Top1 matches query exactly.,,
species,Medial habenular nucleus,high_confidence,1.0,HOMBA:10456,medial habenular nucleus,bm25+exact+fuzzy,Medial habenular nucleus,Medial habenular nucleus,medial,1.0,dorsal division of medial habenular nucleus,0.913605,correct,252,1_highconf_correct.csv,254,aligned,high,1.0,Exact match 'medial habenular nucleus'.,aligned,high,1.0,Exact case-insensitive match.,aligned,high,1.0,Top1 matches query exactly.,aligned,high,1.0,3/3,False,3-0,stable,Exact match 'medial habenular nucleus'. | Exact case-insensitive match. | Top1 matches query exactly.,,
species,Medial Lemniscus,high_confidence,1.0,HOMBA:12763,medial lemniscus,bm25+exact+fuzzy,Medial Lemniscus,Medial Lemniscus,medial,1.0,decussation of medial lemniscus,0.861263,correct,253,1_highconf_correct.csv,255,aligned,high,1.0,"Exact match, only case difference.",aligned,high,1.0,Exact case-insensitive match.,aligned,high,1.0,"Minor capitalisation and spelling variant ('lemniscus' vs 'Lemniscus'), same structure.",aligned,high,1.0,3/3,False,3-0,stable,"Exact match, only case difference. | Exact case-insensitive match. | Minor capitalisation and spelling variant ('lemniscus' vs 'Lemniscus'), same structure.",,
species,Medial longitudinal fascicle,high_confidence,1.0,HOMBA:12764,medial longitudinal fasciculus,bm25+exact+fuzzy,Medial longitudinal fascicle,Medial longitudinal fascicle,medial,1.0,medial longitudinal fasciculus in spinal cord,0.9325,correct,254,1_highconf_correct.csv,256,aligned,high,1.0,Synonym variant: 'fascicle' vs 'fasciculus' are used interchangeably.,aligned,high,1.0,"Synonym, fascicle and fasciculus are interchangeable.",aligned,high,1.0,'fascicle' and 'fasciculus' are accepted synonyms for the same tract.,aligned,high,1.0,3/3,False,3-0,stable,"Synonym variant: 'fascicle' vs 'fasciculus' are used interchangeably. | Synonym, fascicle and fasciculus are interchangeable. | 'fascicle' and 'fasciculus' are accepted synonyms for the same tract.",,
species,Medial Parabrachial Nucleus,high_confidence,1.0,HOMBA:12487,medial parabrachial nucleus,bm25+exact+fuzzy,Medial Parabrachial Nucleus,Medial Parabrachial Nucleus,medial,1.0,"medial parabrachial nucleus, medial division",1.0,correct,255,1_highconf_correct.csv,257,aligned,high,1.0,"top1_name is an exact lowercase match to the query, referring to the same structure.",aligned,high,1.0,Exact match (case-insensitive) for Medial Parabrachial Nucleus.,aligned,high,1.0,Exact match with case-insensitive normalization.,aligned,high,1.0,3/3,False,3-0,stable,"top1_name is an exact lowercase match to the query, referring to the same structure. | Exact match (case-insensitive) for Medial Parabrachial Nucleus. | Exact match with case-insensitive normalization.",,
species,Medial Pulvinar,high_confidence,1.0,HOMBA:10411,medial division of pulvinar,bm25+fuzzy,medial pulvinar of thalamus,medial division of pulvinar of thalamus,medial,1.0,pulvinar of thalamus,0.7172,correct,256,1_highconf_correct.csv,258,aligned,high,0.98,"'medial division of pulvinar' is the conventional full name for 'Medial Pulvinar', same anatomical entity.",aligned,high,1.0,Synonym: medial pulvinar is the medial division of pulvinar.,aligned,high,1.0,Medial pulvinar is synonymous with medial division of pulvinar of thalamus.,aligned,high,0.9933,3/3,False,3-0,stable,"'medial division of pulvinar' is the conventional full name for 'Medial Pulvinar', same anatomical entity. | Synonym: medial pulvinar is the medial division of pulvinar. | Medial pulvinar is synonymous with medial division of pulvinar of thalamus.",,
species,Medial superior olive,high_confidence,1.0,HOMBA:12470,medial superior olivary nucleus,bm25+exact+fuzzy,Medial superior olive,Medial superior olive,medial,1.0,superior olivary nucleus,0.6512,correct,257,1_highconf_correct.csv,259,aligned,high,0.98,"'medial superior olivary nucleus' is the formal name for 'Medial superior olive', standard synonym.",aligned,high,1.0,Synonym: medial superior olive and medial superior olivary nucleus refer to same structure.,aligned,high,1.0,Medial superior olive and medial superior olivary nucleus are interchangeable names for the same structure.,aligned,high,0.9933,3/3,False,3-0,stable,"'medial superior olivary nucleus' is the formal name for 'Medial superior olive', standard synonym. | Synonym: medial superior olive and medial superior olivary nucleus refer to same structure. | Medial superior olive and medial superior olivary nucleus are interchangeable names for the same structure.",,
species,Median eminence,high_confidence,1.0,HOMBA:13338,median eminence,bm25+exact+fuzzy+hierarchy_parent,Median eminence,Median eminence,,1.0,internal division of median eminence,0.695441,correct,258,1_highconf_correct.csv,260,aligned,high,1.0,"top1_name is identical to query apart from capitalization, same structure.",aligned,high,1.0,Exact match (case-insensitive) for Median eminence.,aligned,high,1.0,Exact match; same anatomical entity.,aligned,high,1.0,3/3,False,3-0,stable,"top1_name is identical to query apart from capitalization, same structure. | Exact match (case-insensitive) for Median eminence. | Exact match; same anatomical entity.",,
species,Mediodorsal thalamic nucleus,high_confidence,1.0,HOMBA:10398,mediodorsal nucleus of thalamus,bm25+exact+fuzzy,Mediodorsal thalamic nucleus,Mediodorsal thalamic nucleus,,1.0,ventral midline nuclei of thalamus,0.369828,correct,259,1_highconf_correct.csv,261,aligned,high,0.98,'mediodorsal nucleus of thalamus' and 'Mediodorsal thalamic nucleus' are accepted synonymous names.,aligned,high,1.0,Conventional word-order variant: mediodorsal thalamic nucleus equals mediodorsal nucleus of thalamus.,aligned,high,1.0,Mediodorsal thalamic nucleus is synonymous with mediodorsal nucleus of thalamus.,aligned,high,0.9933,3/3,False,3-0,stable,'mediodorsal nucleus of thalamus' and 'Mediodorsal thalamic nucleus' are accepted synonymous names. | Conventional word-order variant: mediodorsal thalamic nucleus equals mediodorsal nucleus of thalamus. | Mediodorsal thalamic nucleus is synonymous with mediodorsal nucleus of thalamus.,,
species,Mediodorsal Thalamus,high_confidence,1.0,HOMBA:10398,mediodorsal nucleus of thalamus,bm25+exact+fuzzy,Mediodorsal Thalamus,Mediodorsal Thalamus,,1.0,ventral midline nuclei of thalamus,0.284685,correct,260,1_highconf_correct.csv,262,aligned,high,1.0,Direct synonym; mediodorsal thalamus refers to the mediodorsal nucleus of thalamus.,aligned,high,1.0,Top1 is the precise anatomical structure; 'mediodorsal nucleus of thalamus' is a standard synonym for Mediodorsal Thalamus.,aligned,high,1.0,Direct synonym. Mediodorsal Thalamus refers to the mediodorsal nucleus of the thalamus.,aligned,high,1.0,3/3,False,3-0,stable,Direct synonym; mediodorsal thalamus refers to the mediodorsal nucleus of thalamus. | Top1 is the precise anatomical structure; 'mediodorsal nucleus of thalamus' is a standard synonym for Mediodorsal Thalamus. | Direct synonym. Mediodorsal Thalamus refers to the mediodorsal nucleus of the thalamus.,,
species,Midbrain reticular formation,high_confidence,1.0,HOMBA:12239,midbrain reticular formation,bm25+exact+fuzzy,Midbrain reticular formation,Midbrain reticular formation,reticular,1.0,isthmic reticular formation,0.439062,correct,261,1_highconf_correct.csv,263,aligned,high,1.0,Exact match of query and candidate name.,aligned,high,1.0,Exact match (case difference only) between query and top1 name.,aligned,high,1.0,"Exact match, only capitalization differs. Same structure.",aligned,high,1.0,3/3,False,3-0,stable,"Exact match of query and candidate name. | Exact match (case difference only) between query and top1 name. | Exact match, only capitalization differs. Same structure.",,
species,Middle cerebellar peduncle,high_confidence,1.0,HOMBA:12768,middle cerebellar peduncle (brachium pontis),bm25+exact+fuzzy,Middle cerebellar peduncle,Middle cerebellar peduncle,,1.0,cerebellar morphology,0.323616,correct,262,1_highconf_correct.csv,264,aligned,high,1.0,Exact match with parenthetical synonym.,aligned,high,1.0,Exact match with appended synonym in parentheses; same structure.,aligned,high,1.0,Same structure; top1 includes alternate name in parentheses.,aligned,high,1.0,3/3,False,3-0,stable,Exact match with parenthetical synonym. | Exact match with appended synonym in parentheses; same structure. | Same structure; top1 includes alternate name in parentheses.,,
species,Middle frontal gyrus,high_confidence,1.0,HOMBA:12116,middle frontal gyrus,bm25+exact+fuzzy,Middle frontal gyrus,Middle frontal gyrus,,1.0,frontal lobe,0.97,correct,263,1_highconf_correct.csv,265,aligned,high,1.0,Exact match of query and candidate name.,aligned,high,1.0,Exact match (case difference only) between query and top1 name.,aligned,high,1.0,"Exact match, same gyrus.",aligned,high,1.0,3/3,False,3-0,stable,"Exact match of query and candidate name. | Exact match (case difference only) between query and top1 name. | Exact match, same gyrus.",,
species,Motor Trigeminal Nucleus,high_confidence,1.0,HOMBA:12429,"motor nucleus of trigeminal nerve (motor trigeminal nucleus, Mo5)",bm25+exact+fuzzy+hierarchy_parent,Motor Trigeminal Nucleus,Motor Trigeminal Nucleus,,1.0,afferent nuclei of cranial nerves in pons,0.816733,correct,264,1_highconf_correct.csv,266,aligned,high,1.0,Exact match; 'motor trigeminal nucleus' is an alias provided.,aligned,high,1.0,Top1 is the full formal name including the query as an accepted synonym; same nucleus.,aligned,high,1.0,Motor Trigeminal Nucleus is the motor nucleus of trigeminal nerve; top1 lists synonyms.,aligned,high,1.0,3/3,False,3-0,stable,Exact match; 'motor trigeminal nucleus' is an alias provided. | Top1 is the full formal name including the query as an accepted synonym; same nucleus. | Motor Trigeminal Nucleus is the motor nucleus of trigeminal nerve; top1 lists synonyms.,,
species,Nucleus accumbens (core),high_confidence,1.0,HOMBA:10340,core of nucleus accumbens,bm25+fuzzy,Nucleus accumbens,core of nucleus accumbens,core,1.0,nucleus accumbens,0.88,correct,265,1_highconf_correct.csv,267,aligned,high,1.0,"Direct match: query specifies core of nucleus accumbens, top1 gives official name 'core of nucleus accumbens'.",aligned,high,1.0,Query specifies core subregion; top1_name directly names core of nucleus accumbens.,aligned,high,1.0,"Query specifies core of nucleus accumbens; top1 is 'core of nucleus accumbens', an exact match.",aligned,high,1.0,3/3,False,3-0,stable,"Direct match: query specifies core of nucleus accumbens, top1 gives official name 'core of nucleus accumbens'. | Query specifies core subregion; top1_name directly names core of nucleus accumbens. | Query specifies core of nucleus accumbens; top1 is 'core of nucleus accumbens', an exact match.",,
species,Nucleus accumbens (shell),high_confidence,1.0,HOMBA:10341,shell of nucleus accumbens,bm25+fuzzy,nucleus nucleus accumbens,shell of nucleus nucleus accumbens,shell,1.0,nucleus accumbens,0.88,correct,266,1_highconf_correct.csv,268,aligned,high,1.0,"Direct match: query specifies shell of nucleus accumbens, top1 gives official name 'shell of nucleus accumbens'.",aligned,high,1.0,Query specifies shell subregion; top1_name directly names shell of nucleus accumbens.,aligned,high,1.0,"Query specifies shell of nucleus accumbens; top1 is 'shell of nucleus accumbens', an exact match.",aligned,high,1.0,3/3,False,3-0,stable,"Direct match: query specifies shell of nucleus accumbens, top1 gives official name 'shell of nucleus accumbens'. | Query specifies shell subregion; top1_name directly names shell of nucleus accumbens. | Query specifies shell of nucleus accumbens; top1 is 'shell of nucleus accumbens', an exact match.",,
species,"Nucleus accumbens, core",high_confidence,1.0,HOMBA:10340,core of nucleus accumbens,bm25+fuzzy,nucleus nucleus accumbens core,core of nucleus nucleus accumbens,core,1.0,core of interstitial nucleus of Cajal,0.399673,correct,267,1_highconf_correct.csv,269,aligned,high,1.0,"Direct match: query 'Nucleus accumbens, core' corresponds to top1 'core of nucleus accumbens'.",aligned,high,1.0,Query specifies core with comma; top1_name directly names core of nucleus accumbens.,aligned,high,1.0,"Query 'Nucleus accumbens, core' and top1 'core of nucleus accumbens' are synonymous, same structure.",aligned,high,1.0,3/3,False,3-0,stable,"Direct match: query 'Nucleus accumbens, core' corresponds to top1 'core of nucleus accumbens'. | Query specifies core with comma; top1_name directly names core of nucleus accumbens. | Query 'Nucleus accumbens, core' and top1 'core of nucleus accumbens' are synonymous, same structure.",,
species,"Nucleus accumbens, shell",high_confidence,1.0,HOMBA:10341,shell of nucleus accumbens,bm25+fuzzy,nucleus nucleus accumbens shell,shell of nucleus nucleus accumbens,shell,1.0,"gracile nucleus, rostral division (shell)",0.399729,correct,268,1_highconf_correct.csv,270,aligned,high,1.0,"Direct match: query 'Nucleus accumbens, shell' corresponds to top1 'shell of nucleus accumbens'.",aligned,high,1.0,Query specifies shell with comma; top1_name directly names shell of nucleus accumbens.,aligned,high,1.0,"Query 'Nucleus accumbens, shell' and top1 'shell of nucleus accumbens' are synonymous, same structure.",aligned,high,1.0,3/3,False,3-0,stable,"Direct match: query 'Nucleus accumbens, shell' corresponds to top1 'shell of nucleus accumbens'. | Query specifies shell with comma; top1_name directly names shell of nucleus accumbens. | Query 'Nucleus accumbens, shell' and top1 'shell of nucleus accumbens' are synonymous, same structure.",,
species,Nucleus of the lateral olfactory tract,high_confidence,1.0,HOMBA:10309,nucleus of lateral olfactory tract,bm25+fuzzy,Nucleus of the lateral olfactory tract,nucleus of lateral olfactory tract,lateral,1.0,olfactory tract,0.566861,correct,269,1_highconf_correct.csv,271,aligned,high,1.0,"Synonym variant: query includes 'the', top1 omits it; same structure 'nucleus of lateral olfactory tract'.",aligned,high,1.0,"Query 'Nucleus of the lateral olfactory tract'; top1_name minor variant without 'the', accepted synonym.",aligned,high,1.0,"Query 'Nucleus of the lateral olfactory tract' and top1 'nucleus of lateral olfactory tract' are identical except for 'the', same anatomical entity.",aligned,high,1.0,3/3,False,3-0,stable,"Synonym variant: query includes 'the', top1 omits it; same structure 'nucleus of lateral olfactory tract'. | Query 'Nucleus of the lateral olfactory tract'; top1_name minor variant without 'the', accepted synonym. | Query 'Nucleus of the lateral olfactory tract' and top1 'nucleus of lateral olfactory tract' are identical except for 'the', same anatomical entity.",,
species,Nucleus sagulum,high_confidence,1.0,HOMBA:12313,sagulum nucleus (nucleus sagulum),bm25+exact+fuzzy,Nucleus sagulum,Nucleus sagulum,,1.0,cerebellar deep nuclei,0.260505,correct,270,1_highconf_correct.csv,272,aligned,high,1.0,"top1_name is a syntactic variant of the query, referring to the same anatomical structure.",aligned,high,0.98,Query 'Nucleus sagulum' matches top1 'sagulum nucleus (nucleus sagulum)' which is the same structure with word-order variation and synonym.,aligned,high,0.99,"Same nucleus, accepted word-order variant.",aligned,high,0.99,3/3,False,3-0,stable,"top1_name is a syntactic variant of the query, referring to the same anatomical structure. | Query 'Nucleus sagulum' matches top1 'sagulum nucleus (nucleus sagulum)' which is the same structure with word-order variation and synonym. | Same nucleus, accepted word-order variant.",,
species,Obex,high_confidence,1.0,HOMBA:12812,obex,bm25+exact+fuzzy,Obex,Obex,,1.0,,,correct,271,1_highconf_correct.csv,273,aligned,high,1.0,top1_name is an exact match to the query.,aligned,high,1.0,Exact match between query 'Obex' and top1 'obex'.,aligned,high,1.0,"Exact match, case difference only.",aligned,high,1.0,3/3,False,3-0,stable,"top1_name is an exact match to the query. | Exact match between query 'Obex' and top1 'obex'. | Exact match, case difference only.",,
species,Occulomotor Nuclei,high_confidence,1.0,HOMBA:12198,oculomotor nucleus,bm25+exact+fuzzy+hierarchy_parent,occulomotor nucleus,occulomotor nucleus,,1.0,efferent nuclei of the cranial nerves in midbrain,0.97,correct,272,1_highconf_correct.csv,274,aligned,high,0.95,"Minor spelling variant ('Occulomotor' vs 'oculomotor') and singular vs plural, but same structure.",aligned,high,0.95,"Query 'Occulomotor Nuclei' has a minor typo and plural, but top1 'oculomotor nucleus' is the same anatomical entity with corrected spelling and singular form.",aligned,high,0.98,Corrects misspelling and plural; same oculomotor nucleus.,aligned,high,0.96,3/3,False,3-0,stable,"Minor spelling variant ('Occulomotor' vs 'oculomotor') and singular vs plural, but same structure. | Query 'Occulomotor Nuclei' has a minor typo and plural, but top1 'oculomotor nucleus' is the same anatomical entity with corrected spelling and singular form. | Corrects misspelling and plural; same oculomotor nucleus.",,
species,Oculomotor complex,high_confidence,1.0,HOMBA:12198,oculomotor nucleus,bm25+exact+fuzzy+hierarchy_parent,Oculomotor complex,Oculomotor complex,,1.0,central oculomotor nucleus,0.736733,correct,273,1_highconf_correct.csv,275,partial_or_narrower,medium,0.75,"Query 'oculomotor complex' implies broader structure (nucleus plus associated fibers), top1 is only the nucleus.",partial_or_narrower,high,0.95,"Query 'Oculomotor complex' is a broader term encompassing multiple structures, but top1 'oculomotor nucleus' is only one component, narrower than the query.",aligned,high,0.97,Oculomotor complex and nucleus are synonymous in anatomy.,partial_or_narrower,medium,0.89,2/3,True,2-1,majority_vote,"Query 'oculomotor complex' implies broader structure (nucleus plus associated fibers), top1 is only the nucleus. | Query 'Oculomotor complex' is a broader term encompassing multiple structures, but top1 'oculomotor nucleus' is only one component, narrower than the query. | Oculomotor complex and nucleus are synonymous in anatomy.",,
species,Olfactory tubercle,high_confidence,1.0,HOMBA:10310,olfactory tubercle,bm25+exact+fuzzy+hierarchy_parent,Olfactory tubercle,Olfactory tubercle,,1.0,islands of Calleja of olfactory tubercle,0.674503,correct,274,1_highconf_correct.csv,276,aligned,high,1.0,Exact match between query and top1_name.,aligned,high,1.0,Exact match between query 'Olfactory tubercle' and top1 'olfactory tubercle'.,aligned,high,1.0,"Exact match, case difference only.",aligned,high,1.0,3/3,False,3-0,stable,"Exact match between query and top1_name. | Exact match between query 'Olfactory tubercle' and top1 'olfactory tubercle'. | Exact match, case difference only.",,
species,Olfactory Tubercule,high_confidence,1.0,HOMBA:10310,olfactory tubercle,bm25+exact+fuzzy+hierarchy_parent,Olfactory Tubercule,Olfactory Tubercule,,1.0,islands of Calleja of olfactory tubercle,0.674503,correct,275,1_highconf_correct.csv,277,aligned,high,1.0,"Query misspelling 'Tubercule' maps directly to 'olfactory tubercle', a conventional synonym.",aligned,high,1.0,Direct match with accepted spelling variant (Tubercule vs tubercle).,aligned,high,1.0,"Direct match, only difference is minor spelling variant (tubercule vs tubercle) with same intended structure.",aligned,high,1.0,3/3,False,3-0,stable,"Query misspelling 'Tubercule' maps directly to 'olfactory tubercle', a conventional synonym. | Direct match with accepted spelling variant (Tubercule vs tubercle). | Direct match, only difference is minor spelling variant (tubercule vs tubercle) with same intended structure.",,
species,Olivocerebellar Tract,high_confidence,1.0,HOMBA:12747,olivocerebellar tract,bm25+exact+fuzzy,Olivocerebellar Tract,Olivocerebellar Tract,,1.0,pyramidal tract,0.302708,correct,276,1_highconf_correct.csv,278,aligned,high,1.0,"Exact match except for case, same anatomical structure.",aligned,high,1.0,Direct match; identical term with normalized casing.,aligned,high,1.0,Direct case-insensitive match for the same anatomical tract.,aligned,high,1.0,3/3,False,3-0,stable,"Exact match except for case, same anatomical structure. | Direct match; identical term with normalized casing. | Direct case-insensitive match for the same anatomical tract.",,
species,Optic nerve,high_confidence,1.0,HOMBA:15544,optic nerve,bm25+exact+fuzzy,Optic nerve,Optic nerve,,1.0,optic nerve layer of superior colliculus,0.460638,correct,277,1_highconf_correct.csv,279,aligned,high,1.0,"Exact match except for case, same named entity.",aligned,high,1.0,Direct match; identical term with normalized casing.,aligned,high,1.0,Direct case-insensitive match for optic nerve.,aligned,high,1.0,3/3,False,3-0,stable,"Exact match except for case, same named entity. | Direct match; identical term with normalized casing. | Direct case-insensitive match for optic nerve.",,
species,Optic Tract,high_confidence,1.0,HOMBA:10589,optic tract,bm25+exact+fuzzy,Optic Tract,Optic Tract,,1.0,nucleus of the optic tract  (lentiform nucleus),0.590086,correct,278,1_highconf_correct.csv,280,aligned,high,1.0,"Exact match except for case, same named entity.",aligned,high,1.0,Direct match; identical term with normalized casing.,aligned,high,1.0,Direct case-insensitive match for optic tract.,aligned,high,1.0,3/3,False,3-0,stable,"Exact match except for case, same named entity. | Direct match; identical term with normalized casing. | Direct case-insensitive match for optic tract.",,
species,Parabigeminal Nucleus,high_confidence,1.0,HOMBA:12312,parabigeminal nucleus,bm25+exact+fuzzy,Parabigeminal Nucleus,Parabigeminal Nucleus,,1.0,cerebellar deep nuclei,0.260505,correct,279,1_highconf_correct.csv,281,aligned,high,1.0,"Exact match except for case, same named entity.",aligned,high,1.0,Direct match; identical term with normalized casing.,aligned,high,1.0,Direct case-insensitive match for parabigeminal nucleus.,aligned,high,1.0,3/3,False,3-0,stable,"Exact match except for case, same named entity. | Direct match; identical term with normalized casing. | Direct case-insensitive match for parabigeminal nucleus.",,
species,Paracentral thalamic nucleus,high_confidence,1.0,HOMBA:10446,paracentral nucleus of thalamus,bm25+exact+fuzzy,Paracentral thalamic nucleus,Paracentral thalamic nucleus,,1.0,ventral midline nuclei of thalamus,0.369828,correct,280,1_highconf_correct.csv,282,aligned,high,1.0,"The top1 is a direct synonym, naming the same thalamic nucleus.",aligned,high,1.0,Synonym of query: paracentral nucleus of thalamus is the same as Paracentral thalamic nucleus.,aligned,high,1.0,Paracentral thalamic nucleus and paracentral nucleus of thalamus are the same structure with conventional word-order variation.,aligned,high,1.0,3/3,False,3-0,stable,"The top1 is a direct synonym, naming the same thalamic nucleus. | Synonym of query: paracentral nucleus of thalamus is the same as Paracentral thalamic nucleus. | Paracentral thalamic nucleus and paracentral nucleus of thalamus are the same structure with conventional word-order variation.",,
species,Parafascicular thalamic nucleus,high_confidence,1.0,HOMBA:10450,parafascicular nucleus of thalamus,bm25+exact+fuzzy+hierarchy_parent,Parafascicular thalamic nucleus,Parafascicular thalamic nucleus,,1.0,caudal intralaminar nuclei of thalamus,0.97,correct,281,1_highconf_correct.csv,283,aligned,high,1.0,Direct synonym; same anatomical structure.,aligned,high,1.0,Synonym of query: parafascicular nucleus of thalamus matches Parafascicular thalamic nucleus.,aligned,high,1.0,Parafascicular thalamic nucleus and parafascicular nucleus of thalamus refer to the identical thalamic nucleus.,aligned,high,1.0,3/3,False,3-0,stable,Direct synonym; same anatomical structure. | Synonym of query: parafascicular nucleus of thalamus matches Parafascicular thalamic nucleus. | Parafascicular thalamic nucleus and parafascicular nucleus of thalamus refer to the identical thalamic nucleus.,,
species,Paraflocculus,high_confidence,1.0,HOMBA:AA30421,lobule IXb (paraflocculus),bm25+exact+fuzzy,Paraflocculus,Paraflocculus,,1.0,lobule IX (tonsil-paraflocculus),0.8,correct,282,1_highconf_correct.csv,284,aligned,high,1.0,"Top1 is a more specific name for the same cerebellar lobule, with 'paraflocculus' listed as an alias.",aligned,high,1.0,Top1 explicitly includes paraflocculus as alias; same structure.,aligned,high,1.0,"'Paraflocculus' is explicitly listed as a synonym within the HOMBA term 'lobule IXb (paraflocculus)', representing the same structure.",aligned,high,1.0,3/3,False,3-0,stable,"Top1 is a more specific name for the same cerebellar lobule, with 'paraflocculus' listed as an alias. | Top1 explicitly includes paraflocculus as alias; same structure. | 'Paraflocculus' is explicitly listed as a synonym within the HOMBA term 'lobule IXb (paraflocculus)', representing the same structure.",,
species,Parahippocampal gyrus,high_confidence,1.0,HOMBA:12162,parahippocampal gyrus,bm25+exact+fuzzy+hierarchy_parent,Parahippocampal gyrus,Parahippocampal gyrus,,1.0,anterior parahippocampal gyrus,0.736733,correct,283,1_highconf_correct.csv,285,aligned,high,1.0,Exact match with case difference.,aligned,high,1.0,Exact match: parahippocampal gyrus.,aligned,high,1.0,"'Parahippocampal gyrus' matches 'parahippocampal gyrus' exactly, differing only in capitalization.",aligned,high,1.0,3/3,False,3-0,stable,"Exact match with case difference. | Exact match: parahippocampal gyrus. | 'Parahippocampal gyrus' matches 'parahippocampal gyrus' exactly, differing only in capitalization.",,
species,Paramedian Lobule,high_confidence,1.0,HOMBA:AA30417,"lobule VIIIA (biventral lobule, part 1, paramedian lobule)",bm25+exact+fuzzy,Paramedian Lobule,Paramedian Lobule,,1.0,Lobule VIII (biventral lobule),0.97,correct,284,1_highconf_correct.csv,286,aligned,high,0.95,"Top1 includes 'paramedian lobule' as a synonym within its name, indicating the same structure.",aligned,high,1.0,Top1 contains paramedian lobule as explicit synonym; same structure.,aligned,high,1.0,'Paramedian Lobule' is a direct synonym of the lobule identified as 'lobule VIIIA (paramedian lobule)'.,aligned,high,0.9833,3/3,False,3-0,stable,"Top1 includes 'paramedian lobule' as a synonym within its name, indicating the same structure. | Top1 contains paramedian lobule as explicit synonym; same structure. | 'Paramedian Lobule' is a direct synonym of the lobule identified as 'lobule VIIIA (paramedian lobule)'.",,
species,Parasubiculum,high_confidence,1.0,HOMBA:10316,parasubiculum (parasubicular cortex),bm25+exact+fuzzy+hierarchy_parent,Parasubiculum,Parasubiculum,,1.0,distal division (subdivision a) of PaSr,0.8,correct,285,1_highconf_correct.csv,287,aligned,high,1.0,Direct match with accepted synonym (parasubiculum).,aligned,high,1.0,"Exact anatomical structure, case variation, with accepted synonym in parentheses.",aligned,high,1.0,Query 'Parasubiculum' exactly matches the primary part of top1 'parasubiculum (parasubicular cortex)'. Accepted direct equivalence.,aligned,high,1.0,3/3,False,3-0,stable,"Direct match with accepted synonym (parasubiculum). | Exact anatomical structure, case variation, with accepted synonym in parentheses. | Query 'Parasubiculum' exactly matches the primary part of top1 'parasubiculum (parasubicular cortex)'. Accepted direct equivalence.",,
species,Parataenial thalamic nucleus,high_confidence,1.0,HOMBA:10404,parataenial nucleus of thalamus,bm25+exact+fuzzy,Parataenial thalamic nucleus,Parataenial thalamic nucleus,,1.0,dorsal midline nuclei of thalamus,0.97,correct,286,1_highconf_correct.csv,288,aligned,high,1.0,Same structure; word-order variant (parataenial nucleus of thalamus).,aligned,high,1.0,Synonymous naming: 'parataenial thalamic nucleus' and 'parataenial nucleus of thalamus' refer to same structure.,aligned,high,1.0,'Parataenial thalamic nucleus' and 'parataenial nucleus of thalamus' are conventional word-order variants naming the same structure.,aligned,high,1.0,3/3,False,3-0,stable,Same structure; word-order variant (parataenial nucleus of thalamus). | Synonymous naming: 'parataenial thalamic nucleus' and 'parataenial nucleus of thalamus' refer to same structure. | 'Parataenial thalamic nucleus' and 'parataenial nucleus of thalamus' are conventional word-order variants naming the same structure.,,
species,Perifornical nucleus,high_confidence,1.0,HOMBA:11578,perifornical nucleus,bm25+exact+fuzzy,Perifornical nucleus,Perifornical nucleus,,1.0,cerebellar deep nuclei,0.260505,correct,287,1_highconf_correct.csv,289,aligned,high,1.0,Exact match (case difference) for perifornical nucleus.,aligned,high,1.0,"Identical term, case difference only.",aligned,high,1.0,Exact match between 'Perifornical nucleus' and 'perifornical nucleus' (case-insensitive).,aligned,high,1.0,3/3,False,3-0,stable,"Exact match (case difference) for perifornical nucleus. | Identical term, case difference only. | Exact match between 'Perifornical nucleus' and 'perifornical nucleus' (case-insensitive).",,
species,Peripeduncular nucleus,high_confidence,1.0,HOMBA:12285,peripeduncular nucleus,bm25+exact+fuzzy,Peripeduncular nucleus,Peripeduncular nucleus,,1.0,cerebellar deep nuclei,0.260505,correct,288,1_highconf_correct.csv,290,aligned,high,1.0,Exact match (case difference) for peripeduncular nucleus.,aligned,high,1.0,"Identical term, case difference only.",aligned,high,1.0,Exact match between 'Peripeduncular nucleus' and 'peripeduncular nucleus'.,aligned,high,1.0,3/3,False,3-0,stable,"Exact match (case difference) for peripeduncular nucleus. | Identical term, case difference only. | Exact match between 'Peripeduncular nucleus' and 'peripeduncular nucleus'.",,
species,Pineal gland,high_confidence,1.0,HOMBA:10460,pineal body,bm25+exact+fuzzy,Pineal gland,Pineal gland,,1.0,pituitary body/gland (hypophysis),0.278379,correct,289,1_highconf_correct.csv,291,aligned,high,1.0,Synonym: pineal gland and pineal body refer to same structure.,aligned,high,1.0,Synonymous: 'pineal gland' and 'pineal body' are standard synonyms.,aligned,high,1.0,'Pineal gland' and 'pineal body' are accepted synonyms for the same anatomical entity.,aligned,high,1.0,3/3,False,3-0,stable,Synonym: pineal gland and pineal body refer to same structure. | Synonymous: 'pineal gland' and 'pineal body' are standard synonyms. | 'Pineal gland' and 'pineal body' are accepted synonyms for the same anatomical entity.,,
species,Piriform cortex,high_confidence,1.0,HOMBA:10311,piriform cortex,bm25+exact+fuzzy,Piriform cortex,Piriform cortex,,1.0,dorsolateral temporal cortex,0.278749,correct,290,1_highconf_correct.csv,292,aligned,high,1.0,Top1 is identical to query (case variation only).,aligned,high,1.0,"Exact match, case variation only.",aligned,high,1.0,"Exact match, case-insensitive; same anatomical structure.",aligned,high,1.0,3/3,False,3-0,stable,"Top1 is identical to query (case variation only). | Exact match, case variation only. | Exact match, case-insensitive; same anatomical structure.",,
species,Pontine nuclei,high_confidence,1.0,HOMBA:12406,pontine nucleus,bm25+exact+fuzzy+hierarchy_parent,Pontine nuclei,Pontine nuclei,,1.0,pontine gamma nucleus,0.631263,correct,291,1_highconf_correct.csv,293,aligned,high,1.0,Top1 name is grammatical number variant (singular vs plural) of query; acceptable synonym.,aligned,high,1.0,Singular vs plural; standard synonym with same HOMBA ID.,aligned,high,1.0,Singular/plural variant; refers to the same pontine nuclei.,aligned,high,1.0,3/3,False,3-0,stable,Top1 name is grammatical number variant (singular vs plural) of query; acceptable synonym. | Singular vs plural; standard synonym with same HOMBA ID. | Singular/plural variant; refers to the same pontine nuclei.,,
species,Pontine nucleus,high_confidence,1.0,HOMBA:12406,pontine nucleus,bm25+exact+fuzzy+hierarchy_parent,Pontine nucleus,Pontine nucleus,,1.0,pontine gamma nucleus,0.734026,correct,292,1_highconf_correct.csv,294,aligned,high,1.0,Query and top1 name are exactly matching (case normalization).,aligned,high,1.0,"Exact match, case variation only.",aligned,high,1.0,"Exact match, case-insensitive; same structure.",aligned,high,1.0,3/3,False,3-0,stable,"Query and top1 name are exactly matching (case normalization). | Exact match, case variation only. | Exact match, case-insensitive; same structure.",,
species,Posterior Commissure,high_confidence,1.0,HOMBA:10567,posterior commissure,bm25+exact+fuzzy,Posterior Commissure,Posterior Commissure,posterior,1.0,interstitial nucleus of posterior commissure (nucleus of posterior commissure),0.974167,correct,293,1_highconf_correct.csv,295,aligned,high,1.0,Case variation only; top1 directly names the same structure.,aligned,high,1.0,"Exact match, case variation only.",aligned,high,1.0,"Exact match, case-insensitive; same posterior commissure.",aligned,high,1.0,3/3,False,3-0,stable,"Case variation only; top1 directly names the same structure. | Exact match, case variation only. | Exact match, case-insensitive; same posterior commissure.",,
species,Posterior commissure,high_confidence,1.0,HOMBA:10567,posterior commissure,bm25+exact+fuzzy,Posterior commissure,Posterior commissure,posterior,1.0,interstitial nucleus of posterior commissure (nucleus of posterior commissure),0.974167,correct,294,1_highconf_correct.csv,296,aligned,high,1.0,Case variation only; top1 directly names the same structure.,aligned,high,1.0,"Exact match, case variation only.",aligned,high,1.0,"Exact match, case-insensitive; same posterior commissure.",aligned,high,1.0,3/3,False,3-0,stable,"Case variation only; top1 directly names the same structure. | Exact match, case variation only. | Exact match, case-insensitive; same posterior commissure.",,
species,Posterior hypothalamic nucleus,high_confidence,1.0,HOMBA:10503,posterior hypothalamic nucleus,bm25+exact+fuzzy,Posterior hypothalamic nucleus,Posterior hypothalamic nucleus,posterior,1.0,interstitial nucleus of posterior commissure (nucleus of posterior commissure),0.397567,correct,295,1_highconf_correct.csv,297,aligned,high,1.0,Exact match with case variation; top1_name is identical to query.,aligned,high,0.99,Exact match (case insensitive) with query 'Posterior hypothalamic nucleus'.,aligned,high,1.0,"Exact match, ignoring case; top1_name is identical to query.",aligned,high,0.9967,3/3,False,3-0,stable,"Exact match with case variation; top1_name is identical to query. | Exact match (case insensitive) with query 'Posterior hypothalamic nucleus'. | Exact match, ignoring case; top1_name is identical to query.",,
species,Posterior thalamic nucleus,high_confidence,1.0,HOMBA:10440,posterior nucleus of thalamus,bm25+exact+fuzzy,Posterior thalamic nucleus,Posterior thalamic nucleus,posterior,1.0,lateral posterior nucleus of thalamus,0.9975,correct,296,1_highconf_correct.csv,298,aligned,high,1.0,Accepted synonym; 'posterior nucleus of thalamus' is standard name for 'posterior thalamic nucleus'.,aligned,high,0.98,Synonym: 'posterior nucleus of thalamus' is equivalent to 'Posterior thalamic nucleus'.,aligned,high,1.0,Alias match: posterior thalamic nucleus is synonymous with posterior nucleus of thalamus; same concept.,aligned,high,0.9933,3/3,False,3-0,stable,Accepted synonym; 'posterior nucleus of thalamus' is standard name for 'posterior thalamic nucleus'. | Synonym: 'posterior nucleus of thalamus' is equivalent to 'Posterior thalamic nucleus'. | Alias match: posterior thalamic nucleus is synonymous with posterior nucleus of thalamus; same concept.,,
species,Postrhinal cortex,high_confidence,1.0,HOMBA:10263,posterior parahippocampal region (postrhinal cortex),bm25+exact+fuzzy,Postrhinal cortex,Postrhinal cortex,,1.0,dorsolateral temporal cortex,0.278749,correct,297,1_highconf_correct.csv,299,aligned,medium,0.8,Top1 includes query as an explicit synonym in parentheses; likely same structure.,aligned,high,0.99,Top1 includes 'postrhinal cortex' in parentheses as direct synonym.,aligned,high,1.0,Top1 name explicitly includes the query as a parenthetical synonym; exact match.,aligned,high,0.93,3/3,False,3-0,stable,Top1 includes query as an explicit synonym in parentheses; likely same structure. | Top1 includes 'postrhinal cortex' in parentheses as direct synonym. | Top1 name explicitly includes the query as a parenthetical synonym; exact match.,,
species,Precommissural nucleus,high_confidence,1.0,HOMBA:12287,precommissural nucleus,bm25+exact+fuzzy,Precommissural nucleus,Precommissural nucleus,,1.0,cerebellar deep nuclei,0.260505,correct,298,1_highconf_correct.csv,300,aligned,high,1.0,Exact match (case variation).,aligned,high,0.99,Exact match (case insensitive) with query 'Precommissural nucleus'.,aligned,high,1.0,"Exact match, ignoring case; top1_name is identical to query.",aligned,high,0.9967,3/3,False,3-0,stable,"Exact match (case variation). | Exact match (case insensitive) with query 'Precommissural nucleus'. | Exact match, ignoring case; top1_name is identical to query.",,
species,Pregeniculate nucleus,high_confidence,1.0,HOMBA:13042,pregeniculate nucleus (ventral lateral geniculate nucleus),bm25+exact+fuzzy+hierarchy_parent,Pregeniculate nucleus,Pregeniculate nucleus,,1.0,oval body of pregeniculate nucleus,0.775735,correct,299,1_highconf_correct.csv,301,aligned,high,1.0,Accepted synonym; 'pregeniculate nucleus' is alternative name for ventral lateral geniculate nucleus.,aligned,high,0.99,"Top1 includes 'pregeniculate nucleus' as primary name, equivalent to query.",aligned,high,1.0,Top1 name explicitly includes the query as a parenthetical synonym; pregeniculate nucleus matches.,aligned,high,0.9967,3/3,False,3-0,stable,"Accepted synonym; 'pregeniculate nucleus' is alternative name for ventral lateral geniculate nucleus. | Top1 includes 'pregeniculate nucleus' as primary name, equivalent to query. | Top1 name explicitly includes the query as a parenthetical synonym; pregeniculate nucleus matches.",,
species,Prelunate gyrus,high_confidence,1.0,HOMBA:AA30555,prelunate gyrus,bm25+exact+fuzzy,Prelunate gyrus,Prelunate gyrus,,1.0,uncus of (para)hippocampal gyrus,0.310977,correct,300,1_highconf_correct.csv,302,aligned,high,1.0,Case-insensitive exact match for same anatomical structure.,aligned,high,1.0,Exact case-insensitive match: 'Prelunate gyrus' equals 'prelunate gyrus'.,aligned,high,1.0,Exact name match (case-insensitive): prelunate gyrus.,aligned,high,1.0,3/3,False,3-0,stable,Case-insensitive exact match for same anatomical structure. | Exact case-insensitive match: 'Prelunate gyrus' equals 'prelunate gyrus'. | Exact name match (case-insensitive): prelunate gyrus.,,
species,Prepositus Nucleus,high_confidence,1.0,HOMBA:12615,prepositus hypoglossal nucleus,bm25+exact+fuzzy,Prepositus Nucleus,Prepositus Nucleus,,1.0,other nuclei in dorsal medulla,0.97,correct,301,1_highconf_correct.csv,303,aligned,high,0.95,Accepted synonym: prepositus nucleus is the nucleus prepositus hypoglossi.,aligned,high,1.0,'Prepositus Nucleus' is a common abbreviation for the full name 'prepositus hypoglossal nucleus'.,aligned,high,1.0,Query 'Prepositus Nucleus' is an accepted synonym for the prepositus hypoglossal nucleus; top1 gives full canonical name.,aligned,high,0.9833,3/3,False,3-0,stable,Accepted synonym: prepositus nucleus is the nucleus prepositus hypoglossi. | 'Prepositus Nucleus' is a common abbreviation for the full name 'prepositus hypoglossal nucleus'. | Query 'Prepositus Nucleus' is an accepted synonym for the prepositus hypoglossal nucleus; top1 gives full canonical name.,,
species,Prerubral Field,high_confidence,1.0,HOMBA:AA30325,prerubral field (field H3),bm25+exact+fuzzy,Prerubral Field,Prerubral Field,,1.0,prerubral regions,0.321046,correct,302,1_highconf_correct.csv,304,aligned,high,1.0,Direct match; parenthetical addition does not alter core structure.,aligned,high,1.0,Exact match with parenthetical synonym: 'Prerubral Field' equals 'prerubral field (field H3)'.,aligned,high,1.0,"Top1 name is 'prerubral field (field H3)'; contains the exact query term as the primary label, just more detailed.",aligned,high,1.0,3/3,False,3-0,stable,"Direct match; parenthetical addition does not alter core structure. | Exact match with parenthetical synonym: 'Prerubral Field' equals 'prerubral field (field H3)'. | Top1 name is 'prerubral field (field H3)'; contains the exact query term as the primary label, just more detailed.",,
species,Presubiculum,high_confidence,1.0,HOMBA:10315,presubiculum (presubicular cortex),bm25+exact+fuzzy+hierarchy_parent,Presubiculum,Presubiculum,,1.0,caudal (dorsal) presubiculum (postsubiculum),0.676118,correct,303,1_highconf_correct.csv,305,aligned,high,1.0,Exact core name match; parenthetical is synonymous.,aligned,high,1.0,Exact match with parenthetical synonym: 'Presubiculum' equals 'presubiculum (presubicular cortex)'.,aligned,high,1.0,Top1 name 'presubiculum (presubicular cortex)' uses exact query term with a parenthetical synonym; clearly the same structure.,aligned,high,1.0,3/3,False,3-0,stable,Exact core name match; parenthetical is synonymous. | Exact match with parenthetical synonym: 'Presubiculum' equals 'presubiculum (presubicular cortex)'. | Top1 name 'presubiculum (presubicular cortex)' uses exact query term with a parenthetical synonym; clearly the same structure.,,
species,Pretectal region,high_confidence,1.0,HOMBA:12181,pretectal region,bm25+exact+fuzzy,Pretectal region,Pretectal region,,1.0,pretectal nuclear complex,0.499442,correct,304,1_highconf_correct.csv,306,aligned,high,1.0,Case-insensitive exact match.,aligned,high,1.0,Exact case-insensitive match: 'Pretectal region' equals 'pretectal region'.,aligned,high,1.0,Exact name match (case-insensitive): pretectal region.,aligned,high,1.0,3/3,False,3-0,stable,Case-insensitive exact match. | Exact case-insensitive match: 'Pretectal region' equals 'pretectal region'. | Exact name match (case-insensitive): pretectal region.,,
species,Primary auditory area,high_confidence,1.0,HOMBA:10236,"primary auditory cortex (first auditory cortex, auditory core region)",bm25+exact+fuzzy+hierarchy_parent,Primary auditory area,Primary auditory area,,1.0,"secondary auditory cortex (auditory belt region, area 42, area TB)",0.7009,correct,305,1_highconf_correct.csv,307,aligned,high,1.0,Primary auditory area is a synonym for primary auditory cortex.,aligned,high,1.0,"""Primary auditory area"" and ""primary auditory cortex"" are synonyms; direct match.",aligned,high,1.0,"""Primary auditory area"" is a direct synonym for primary auditory cortex; top1 names the identical structure.",aligned,high,1.0,3/3,False,3-0,stable,"Primary auditory area is a synonym for primary auditory cortex. | ""Primary auditory area"" and ""primary auditory cortex"" are synonyms; direct match. | ""Primary auditory area"" is a direct synonym for primary auditory cortex; top1 names the identical structure.",,
species,Primary motor area,high_confidence,1.0,HOMBA:10163,"primary motor cortex (first motor cortex, area 4, area FA)",bm25+exact+fuzzy,Primary motor area,Primary motor area,,1.0,frontal motor cortex (posterior frontal cortex),0.8342,correct,306,1_highconf_correct.csv,308,aligned,high,1.0,Primary motor area is a synonym for primary motor cortex.,aligned,high,1.0,"""Primary motor area"" and ""primary motor cortex"" are synonyms; direct match.",aligned,high,1.0,"""Primary motor area"" is a direct synonym for primary motor cortex; top1 names the identical structure.",aligned,high,1.0,3/3,False,3-0,stable,"Primary motor area is a synonym for primary motor cortex. | ""Primary motor area"" and ""primary motor cortex"" are synonyms; direct match. | ""Primary motor area"" is a direct synonym for primary motor cortex; top1 names the identical structure.",,
species,Primary visual area,high_confidence,1.0,HOMBA:10269,"primary visual cortex (first visual cortex, striate cortex, area 17, area OC)",bm25+exact+fuzzy+hierarchy_parent,Primary visual area,Primary visual area,,1.0,area x of visual cortex,0.7009,correct,307,1_highconf_correct.csv,309,aligned,high,1.0,Primary visual area is a synonym for primary visual cortex.,aligned,high,1.0,"""Primary visual area"" and ""primary visual cortex"" are synonyms; direct match.",aligned,high,1.0,"""Primary visual area"" is a direct synonym for primary visual cortex; top1 names the identical structure.",aligned,high,1.0,3/3,False,3-0,stable,"Primary visual area is a synonym for primary visual cortex. | ""Primary visual area"" and ""primary visual cortex"" are synonyms; direct match. | ""Primary visual area"" is a direct synonym for primary visual cortex; top1 names the identical structure.",,
species,Principal Trigeminal Nucleus,high_confidence,1.0,HOMBA:12444,principal sensory nucleus of trigeminal nerve,bm25+exact+fuzzy,Principal Trigeminal Nucleus,Principal Trigeminal Nucleus,principal,1.0,spinal trigeminal nucleus,0.949008,correct,308,1_highconf_correct.csv,310,aligned,high,1.0,Principal Trigeminal Nucleus is a standard abbreviation for the principal sensory nucleus of trigeminal nerve.,aligned,high,1.0,"""Principal Trigeminal Nucleus"" is a direct abbreviation/synonym for ""principal sensory nucleus of trigeminal nerve"".",aligned,high,1.0,"""Principal Trigeminal Nucleus"" is a standard synonym for principal sensory nucleus of trigeminal nerve; anatomically identical.",aligned,high,1.0,3/3,False,3-0,stable,"Principal Trigeminal Nucleus is a standard abbreviation for the principal sensory nucleus of trigeminal nerve. | ""Principal Trigeminal Nucleus"" is a direct abbreviation/synonym for ""principal sensory nucleus of trigeminal nerve"". | ""Principal Trigeminal Nucleus"" is a standard synonym for principal sensory nucleus of trigeminal nerve; anatomically identical.",,
species,Putamen,high_confidence,1.0,HOMBA:10338,putamen (lateroventral division of the CP),bm25+exact+fuzzy+hierarchy_parent,Putamen,Putamen,,1.0,caudal putamen,0.7009,correct,309,1_highconf_correct.csv,311,aligned,high,1.0,Exact anatomical name match.,aligned,high,1.0,"""Putamen"" exactly matches ""putamen"".",aligned,high,1.0,"""Putamen"" matches the top1 name exactly; parenthetical addition is an anatomical specification, not a mismatch.",aligned,high,1.0,3/3,False,3-0,stable,"Exact anatomical name match. | ""Putamen"" exactly matches ""putamen"". | ""Putamen"" matches the top1 name exactly; parenthetical addition is an anatomical specification, not a mismatch.",,
species,Pyramidal decussation,high_confidence,1.0,HOMBA:12772,pyramidal decussation,bm25+exact+fuzzy,Pyramidal decussation,Pyramidal decussation,decussation,1.0,supraoptic decussation,0.387737,correct,310,1_highconf_correct.csv,312,aligned,high,1.0,Query 'Pyramidal decussation' matches exactly with top1_name 'pyramidal decussation' (only case difference).,aligned,high,1.0,Exact match between query and top1 name (case-insensitive).,aligned,high,1.0,Exact match of 'Pyramidal decussation' (case-insensitive).,aligned,high,1.0,3/3,False,3-0,stable,Query 'Pyramidal decussation' matches exactly with top1_name 'pyramidal decussation' (only case difference). | Exact match between query and top1 name (case-insensitive). | Exact match of 'Pyramidal decussation' (case-insensitive).,,
species,Pyramidal Tract,high_confidence,1.0,HOMBA:12773,pyramidal tract,bm25+exact+fuzzy+hierarchy_parent,Pyramidal Tract,Pyramidal Tract,,1.0,pyramidal part of medulla oblongata,0.258155,correct,311,1_highconf_correct.csv,313,aligned,high,1.0,Query 'Pyramidal Tract' matches exactly with top1_name 'pyramidal tract' (only case difference).,aligned,high,1.0,Exact match between query and top1 name (case-insensitive).,aligned,high,1.0,Exact match of 'Pyramidal Tract' (case-insensitive).,aligned,high,1.0,3/3,False,3-0,stable,Query 'Pyramidal Tract' matches exactly with top1_name 'pyramidal tract' (only case difference). | Exact match between query and top1 name (case-insensitive). | Exact match of 'Pyramidal Tract' (case-insensitive).,,
species,Raphe Magnus Nucleus,high_confidence,1.0,HOMBA:12642,raphe magnus nucleus,bm25+exact+fuzzy,Raphe Magnus Nucleus,Raphe Magnus Nucleus,,1.0,raphe nuclei in medulla oblongata,0.97,correct,312,1_highconf_correct.csv,314,aligned,high,1.0,Query 'Raphe Magnus Nucleus' matches exactly with top1_name 'raphe magnus nucleus' (only case difference).,aligned,high,1.0,Exact match between query and top1 name (case-insensitive).,aligned,high,1.0,Exact match of 'Raphe Magnus Nucleus' (case-insensitive).,aligned,high,1.0,3/3,False,3-0,stable,Query 'Raphe Magnus Nucleus' matches exactly with top1_name 'raphe magnus nucleus' (only case difference). | Exact match between query and top1 name (case-insensitive). | Exact match of 'Raphe Magnus Nucleus' (case-insensitive).,,
species,Raphe Obscurus Nucleus,high_confidence,1.0,HOMBA:12643,raphe obscurus nucleus,bm25+exact+fuzzy,Raphe Obscurus Nucleus,Raphe Obscurus Nucleus,,1.0,raphe nuclei in medulla oblongata,0.97,correct,313,1_highconf_correct.csv,315,aligned,high,1.0,Query 'Raphe Obscurus Nucleus' matches exactly with top1_name 'raphe obscurus nucleus' (only case difference).,aligned,high,1.0,Exact match between query and top1 name (case-insensitive).,aligned,high,1.0,Exact match of 'Raphe Obscurus Nucleus' (case-insensitive).,aligned,high,1.0,3/3,False,3-0,stable,Query 'Raphe Obscurus Nucleus' matches exactly with top1_name 'raphe obscurus nucleus' (only case difference). | Exact match between query and top1 name (case-insensitive). | Exact match of 'Raphe Obscurus Nucleus' (case-insensitive).,,
species,Red nucleus,high_confidence,1.0,HOMBA:12247,red nucleus,bm25+exact+fuzzy+hierarchy_parent,Red nucleus,Red nucleus,,1.0,"red nucleus, dorsomedial division",0.653352,correct,314,1_highconf_correct.csv,316,aligned,high,1.0,Query 'Red nucleus' matches exactly with top1_name 'red nucleus' (only case difference).,aligned,high,1.0,Exact match between query and top1 name (case-insensitive).,aligned,high,1.0,Exact match of 'Red nucleus' (case-insensitive).,aligned,high,1.0,3/3,False,3-0,stable,Query 'Red nucleus' matches exactly with top1_name 'red nucleus' (only case difference). | Exact match between query and top1 name (case-insensitive). | Exact match of 'Red nucleus' (case-insensitive).,,
species,Reticular thalamic nucleus,high_confidence,1.0,HOMBA:10464,reticular nucleus of thalamus,bm25+exact+fuzzy,Reticular thalamic nucleus,Reticular thalamic nucleus,reticular,1.0,caudoventrolateral reticular nucleus,0.402654,correct,315,1_highconf_correct.csv,317,aligned,high,1.0,Synonym with different word order.,aligned,high,0.95,Query 'Reticular thalamic nucleus' and top1 'reticular nucleus of thalamus' are synonymous; standard naming variant.,aligned,high,1.0,Exact synonym; reticular thalamic nucleus is the same as reticular nucleus of thalamus.,aligned,high,0.9833,3/3,False,3-0,stable,Synonym with different word order. | Query 'Reticular thalamic nucleus' and top1 'reticular nucleus of thalamus' are synonymous; standard naming variant. | Exact synonym; reticular thalamic nucleus is the same as reticular nucleus of thalamus.,,
species,Reticular Thalamus,high_confidence,1.0,HOMBA:10464,reticular nucleus of thalamus,bm25+exact+fuzzy,Reticular Thalamus,Reticular Thalamus,reticular,1.0,caudoventrolateral reticular nucleus,0.349263,correct,316,1_highconf_correct.csv,318,aligned,high,1.0,Common shorthand for reticular nucleus of thalamus.,aligned,high,0.95,Query 'Reticular Thalamus' is an accepted alias for the reticular nucleus of thalamus.,aligned,high,1.0,Reticular thalamus is a common synonym for the reticular nucleus of thalamus.,aligned,high,0.9833,3/3,False,3-0,stable,Common shorthand for reticular nucleus of thalamus. | Query 'Reticular Thalamus' is an accepted alias for the reticular nucleus of thalamus. | Reticular thalamus is a common synonym for the reticular nucleus of thalamus.,,
species,Reticulotegmentum,high_confidence,1.0,HOMBA:12497,reticulotegmental nucleus,bm25+exact+fuzzy+hierarchy_parent,Reticulotegmentum,Reticulotegmentum,,1.0,"reticulotegmental nucleus, dorsal division",0.7009,correct,317,1_highconf_correct.csv,319,aligned,high,1.0,Abbreviation for reticulotegmental nucleus.,aligned,high,0.95,Query 'Reticulotegmentum' is a direct synonym for reticulotegmental nucleus.,aligned,high,1.0,Reticulotegmentum is a variant term for reticulotegmental nucleus.,aligned,high,0.9833,3/3,False,3-0,stable,Abbreviation for reticulotegmental nucleus. | Query 'Reticulotegmentum' is a direct synonym for reticulotegmental nucleus. | Reticulotegmentum is a variant term for reticulotegmental nucleus.,,
species,Retroisthmic Nucleus,high_confidence,1.0,HOMBA:12289,retrorubral field (retroisthmic nucleus),bm25+exact+fuzzy,Retroisthmic Nucleus,Retroisthmic Nucleus,,1.0,cerebellar deep nuclei,0.260505,correct,318,1_highconf_correct.csv,320,aligned,high,1.0,Exact synonym in parentheses.,aligned,high,0.95,Query 'Retroisthmic Nucleus' is one of the names listed in the top1 canonical name.,aligned,high,1.0,Retroisthmic nucleus is explicitly listed as an alias in top1_name.,aligned,high,0.9833,3/3,False,3-0,stable,Exact synonym in parentheses. | Query 'Retroisthmic Nucleus' is one of the names listed in the top1 canonical name. | Retroisthmic nucleus is explicitly listed as an alias in top1_name.,,
species,Retrorubral Field,high_confidence,1.0,HOMBA:12289,retrorubral field (retroisthmic nucleus),bm25+exact+fuzzy,Retrorubral Field,Retrorubral Field,,1.0,prerubral field (field H3),0.266565,correct,319,1_highconf_correct.csv,321,aligned,high,1.0,Direct synonym.,aligned,high,0.95,Query 'Retrorubral Field' matches the primary name of the top1 structure.,aligned,high,1.0,Retrorubral field matches the top1_name exactly.,aligned,high,0.9833,3/3,False,3-0,stable,Direct synonym. | Query 'Retrorubral Field' matches the primary name of the top1 structure. | Retrorubral field matches the top1_name exactly.,,
species,Reuniens thalamic nucleus,high_confidence,1.0,HOMBA:10403,reuniens (medioventral) nucleus of thalamus,bm25+exact+fuzzy,Reuniens thalamic nucleus,Reuniens thalamic nucleus,,1.0,ventral midline nuclei of thalamus,0.97,correct,320,1_highconf_correct.csv,322,aligned,high,1.0,'Reuniens thalamic nucleus' directly matches the accepted synonym 'reuniens (medioventral) nucleus of thalamus'.,aligned,high,1.0,top1 is a standard synonym for the Reuniens thalamic nucleus.,aligned,high,0.98,"top1_name is the same nucleus, with parenthetical synonym 'medioventral'. Directly consistent.",aligned,high,0.9933,3/3,False,3-0,stable,"'Reuniens thalamic nucleus' directly matches the accepted synonym 'reuniens (medioventral) nucleus of thalamus'. | top1 is a standard synonym for the Reuniens thalamic nucleus. | top1_name is the same nucleus, with parenthetical synonym 'medioventral'. Directly consistent.",,
species,Rhomboid thalamic nucleus,high_confidence,1.0,HOMBA:10447,rhomboid (central) nucleus of thalamus,bm25+exact+fuzzy,Rhomboid thalamic nucleus,Rhomboid thalamic nucleus,,1.0,ventral midline nuclei of thalamus,0.97,correct,321,1_highconf_correct.csv,323,aligned,high,1.0,'Rhomboid thalamic nucleus' directly matches the accepted synonym 'rhomboid (central) nucleus of thalamus'.,aligned,high,1.0,top1 is the same structure as the Rhomboid thalamic nucleus.,aligned,high,0.98,"top1_name is the same nucleus, adding parenthetical synonym 'central'. Direct match.",aligned,high,0.9933,3/3,False,3-0,stable,"'Rhomboid thalamic nucleus' directly matches the accepted synonym 'rhomboid (central) nucleus of thalamus'. | top1 is the same structure as the Rhomboid thalamic nucleus. | top1_name is the same nucleus, adding parenthetical synonym 'central'. Direct match.",,
species,Secondary somatosensory area,high_confidence,1.0,HOMBA:13010,subcentral cortex (area 43; secondary somatosensory cortex),bm25+exact+fuzzy,Secondary somatosensory area,Secondary somatosensory area,,1.0,"primary somatosensory cortex (first somatosensory cortex, areas 3,1,2)",0.250766,correct,322,1_highconf_correct.csv,324,aligned,high,1.0,'Secondary somatosensory area' is listed as a synonym within 'subcentral cortex (area 43; secondary somatosensory cortex)'.,aligned,high,1.0,top1 includes 'secondary somatosensory cortex' as a synonym for the query.,aligned,high,0.95,top1_name explicitly includes 'secondary somatosensory cortex' as a synonym; the concept matches query exactly.,aligned,high,0.9833,3/3,False,3-0,stable,'Secondary somatosensory area' is listed as a synonym within 'subcentral cortex (area 43; secondary somatosensory cortex)'. | top1 includes 'secondary somatosensory cortex' as a synonym for the query. | top1_name explicitly includes 'secondary somatosensory cortex' as a synonym; the concept matches query exactly.,,
species,Septal region,high_confidence,1.0,HOMBA:10350,septal region (septal nuclear complex),bm25+exact+fuzzy+hierarchy_parent,Septal region,Septal region,,1.0,rostral septal nuclear complex,0.77875,correct,323,1_highconf_correct.csv,325,aligned,high,1.0,'Septal region' directly matches the term 'septal region (septal nuclear complex)'.,aligned,high,1.0,top1 is exactly the same anatomical region as Septal region.,aligned,high,0.99,"top1_name is the same 'septal region', parenthetical adds synonym; clear alignment.",aligned,high,0.9967,3/3,False,3-0,stable,"'Septal region' directly matches the term 'septal region (septal nuclear complex)'. | top1 is exactly the same anatomical region as Septal region. | top1_name is the same 'septal region', parenthetical adds synonym; clear alignment.",,
species,Simple Lobule,high_confidence,1.0,HOMBA:AA30408,lobule VI (simple lobule),bm25+exact+fuzzy+hierarchy_parent,Simple Lobule,Simple Lobule,,1.0,"lobule VIA (simple lobule, rostral part)",1.0,correct,324,1_highconf_correct.csv,326,aligned,high,1.0,'Simple Lobule' is an accepted synonym for 'lobule VI (simple lobule)'.,aligned,high,1.0,Simple Lobule is another name for lobule VI; top1 matches directly.,aligned,high,0.99,"'Simple Lobule' is the classic name for lobule VI; top1_name gives both, fully consistent.",aligned,high,0.9967,3/3,False,3-0,stable,"'Simple Lobule' is an accepted synonym for 'lobule VI (simple lobule)'. | Simple Lobule is another name for lobule VI; top1 matches directly. | 'Simple Lobule' is the classic name for lobule VI; top1_name gives both, fully consistent.",,
species,Solitary Tract Nucleus,high_confidence,1.0,HOMBA:12557,solitary nucleus,bm25+exact+fuzzy+hierarchy_parent,Solitary Tract Nucleus,Solitary Tract Nucleus,,1.0,solitary tract,0.854167,correct,325,1_highconf_correct.csv,327,aligned,high,1.0,Query 'Solitary Tract Nucleus' is a synonym for 'solitary nucleus'; top1_name directly names the same structure.,aligned,high,1.0,Solitary Tract Nucleus is an exact synonym for solitary nucleus (nucleus tractus solitarius).,aligned,high,1.0,Solitary Tract Nucleus and solitary nucleus are accepted synonyms for the same structure.,aligned,high,1.0,3/3,False,3-0,stable,Query 'Solitary Tract Nucleus' is a synonym for 'solitary nucleus'; top1_name directly names the same structure. | Solitary Tract Nucleus is an exact synonym for solitary nucleus (nucleus tractus solitarius). | Solitary Tract Nucleus and solitary nucleus are accepted synonyms for the same structure.,,
species,Spinal cord,high_confidence,1.0,HOMBA:AA30565,spinal cord,bm25+exact+fuzzy+hierarchy_parent,Spinal cord,Spinal cord,,1.0,gray matter of spinal cord,0.8925,correct,326,1_highconf_correct.csv,328,aligned,high,1.0,Exact match between query and top1_name 'spinal cord'.,aligned,high,1.0,Exact match between query and top1_name.,aligned,high,1.0,"Identical term, case difference only.",aligned,high,1.0,3/3,False,3-0,stable,"Exact match between query and top1_name 'spinal cord'. | Exact match between query and top1_name. | Identical term, case difference only.",,
species,Spinal trigeminal nucleus,high_confidence,1.0,HOMBA:12572,spinal trigeminal nucleus,bm25+exact+fuzzy+hierarchy_parent,Spinal trigeminal nucleus,Spinal trigeminal nucleus,,1.0,afferent nuclei of cranial nerves in pons,0.817465,correct,327,1_highconf_correct.csv,329,aligned,high,1.0,Exact match between query and top1_name 'spinal trigeminal nucleus'.,aligned,high,1.0,Exact match between query and top1_name.,aligned,high,1.0,"Identical term, case difference only.",aligned,high,1.0,3/3,False,3-0,stable,"Exact match between query and top1_name 'spinal trigeminal nucleus'. | Exact match between query and top1_name. | Identical term, case difference only.",,
species,Spinal Trigeminal Nucleus Caudal,high_confidence,1.0,HOMBA:12573,"spinal trigeminal nucleus, caudal division",bm25+fuzzy,spinal principal sensory nucleus of trigeminal nerve caudal,spinal principal sensory nucleus of trigeminal nerve caudal part,caudal,1.0,spinal trigeminal nucleus,0.77259,correct,328,1_highconf_correct.csv,330,aligned,high,0.95,"Query 'Spinal Trigeminal Nucleus Caudal' matches top1_name 'spinal trigeminal nucleus, caudal division' accurately.",aligned,high,1.0,"Query 'Spinal Trigeminal Nucleus Caudal' corresponds to spinal trigeminal nucleus, caudal division.",aligned,high,1.0,"Query specifies Caudal division; top1 'spinal trigeminal nucleus, caudal division' is an exact match, not partial.",aligned,high,0.9833,3/3,False,3-0,stable,"Query 'Spinal Trigeminal Nucleus Caudal' matches top1_name 'spinal trigeminal nucleus, caudal division' accurately. | Query 'Spinal Trigeminal Nucleus Caudal' corresponds to spinal trigeminal nucleus, caudal division. | Query specifies Caudal division; top1 'spinal trigeminal nucleus, caudal division' is an exact match, not partial.",,
species,Spinal trigeminal tract,high_confidence,1.0,HOMBA:12792,spinal trigeminal tract,bm25+exact+fuzzy,Spinal trigeminal tract,Spinal trigeminal tract,,1.0,mesencephalic trigeminal tract,0.634568,correct,329,1_highconf_correct.csv,331,aligned,high,1.0,Exact match between query and top1_name 'spinal trigeminal tract'.,aligned,high,1.0,Exact match between query and top1_name.,aligned,high,1.0,Identical anatomical tract.,aligned,high,1.0,3/3,False,3-0,stable,Exact match between query and top1_name 'spinal trigeminal tract'. | Exact match between query and top1_name. | Identical anatomical tract.,,
species,Stria terminalis,high_confidence,1.0,HOMBA:10591,stria terminalis,bm25+exact+fuzzy,Stria terminalis,Stria terminalis,,1.0,remaining caudal extension of BST (along stria terminalis),0.736733,correct,330,1_highconf_correct.csv,332,aligned,high,1.0,"Exact anatomical structure, only case difference.",aligned,high,1.0,"Exact match, case variation only",aligned,high,1.0,"Exact match, case-insensitive identical naming.",aligned,high,1.0,3/3,False,3-0,stable,"Exact anatomical structure, only case difference. | Exact match, case variation only | Exact match, case-insensitive identical naming.",,
species,Striatum,high_confidence,1.0,HOMBA:10333,striatum (neostriatum),bm25+exact+fuzzy+hierarchy_parent,Striatum,Striatum,,1.0,regions of striatum,0.7554,correct,331,1_highconf_correct.csv,333,aligned,high,1.0,Accepted synonym: 'striatum' includes neostriatum.,aligned,high,1.0,"Direct match, includes parenthetical synonym",aligned,high,1.0,"Top1 is 'striatum (neostriatum)', directly naming the same structure; parenthetical synonym clarifies neostriatal membership.",aligned,high,1.0,3/3,False,3-0,stable,"Accepted synonym: 'striatum' includes neostriatum. | Direct match, includes parenthetical synonym | Top1 is 'striatum (neostriatum)', directly naming the same structure; parenthetical synonym clarifies neostriatal membership.",,
species,Subceruleus,high_confidence,1.0,HOMBA:12500,subcoeruleus nucleus,bm25+exact+fuzzy+hierarchy_parent,Subceruleus,Subceruleus,,1.0,"subcoeruleus nucleus, dorsal division",0.671875,correct,332,1_highconf_correct.csv,334,aligned,high,1.0,Conventional spelling variant (subceruleus ≈ subcoeruleus).,aligned,high,1.0,Accepted spelling variant of same structure,aligned,high,0.95,Subceruleus is a common spelling variant of subcoeruleus nucleus; top1 denotes the same nucleus.,aligned,high,0.9833,3/3,False,3-0,stable,Conventional spelling variant (subceruleus ≈ subcoeruleus). | Accepted spelling variant of same structure | Subceruleus is a common spelling variant of subcoeruleus nucleus; top1 denotes the same nucleus.,,
species,Subgeniculate nucleus,high_confidence,1.0,HOMBA:AA30324,subgeniculate nucleus,bm25+exact+fuzzy,Subgeniculate nucleus,Subgeniculate nucleus,,1.0,cerebellar deep nuclei,0.260505,correct,333,1_highconf_correct.csv,335,aligned,high,1.0,"Exact match, only case difference.",aligned,high,1.0,"Exact match, case variation only",aligned,high,1.0,"Identical name, case-insensitive.",aligned,high,1.0,3/3,False,3-0,stable,"Exact match, only case difference. | Exact match, case variation only | Identical name, case-insensitive.",,
species,Subicular complex,high_confidence,1.0,HOMBA:266441673,subicular complex,bm25+exact+fuzzy,Subicular complex,Subicular complex,,1.0,subplate-derived cell layer of subicular complex,0.493497,correct,334,1_highconf_correct.csv,336,aligned,high,1.0,"Exact match, only case difference.",aligned,high,1.0,"Exact match, case variation only",aligned,high,1.0,"Identical name, case-insensitive.",aligned,high,1.0,3/3,False,3-0,stable,"Exact match, only case difference. | Exact match, case variation only | Identical name, case-insensitive.",,
species,Subiculum,high_confidence,1.0,HOMBA:10302,subiculum proper (strictly defined subiculum),bm25+exact+fuzzy+hierarchy_parent,Subiculum,Subiculum,,1.0,major division of subiculum,0.789559,correct,335,1_highconf_correct.csv,337,aligned,high,1.0,The top1 is an accepted synonym naming the same subiculum structure.,aligned,high,1.0,top1_name is a more precise term for the same structure.,partial_or_narrower,high,0.95,"Subiculum encompasses subiculum proper plus transitional fields; top1 is only the strictly defined subiculum proper, a narrower subcomponent.",aligned,medium,0.9833,2/3,True,2-1,majority_vote,"The top1 is an accepted synonym naming the same subiculum structure. | top1_name is a more precise term for the same structure. | Subiculum encompasses subiculum proper plus transitional fields; top1 is only the strictly defined subiculum proper, a narrower subcomponent.",,
species,Submedius thalamic nucleus,high_confidence,1.0,HOMBA:AA30278,submedius thalamic nucleus,bm25+exact+fuzzy,Submedius thalamic nucleus,Submedius thalamic nucleus,,1.0,ventral midline nuclei of thalamus,0.97,correct,336,1_highconf_correct.csv,338,aligned,high,1.0,"Exact match with case variation, identical anatomical structure.",aligned,high,1.0,Exact match.,aligned,high,1.0,"Exact match, case-insensitive, same thalamic nucleus.",aligned,high,1.0,3/3,False,3-0,stable,"Exact match with case variation, identical anatomical structure. | Exact match. | Exact match, case-insensitive, same thalamic nucleus.",,
species,Subparafascicular Nucleus,high_confidence,1.0,HOMBA:13054,subparafascicular nucleus of thalamus,bm25+exact+fuzzy,Subparafascicular Nucleus,Subparafascicular Nucleus,,1.0,ventral midline nuclei of thalamus,0.8342,correct,337,1_highconf_correct.csv,339,aligned,high,1.0,"Top1 is the same nucleus with a clarifying phrase, fully consistent.",aligned,high,1.0,Synonym with added location specifier.,aligned,high,1.0,"Same nucleus, top1 merely adds 'of thalamus' as a clarifying phrase.",aligned,high,1.0,3/3,False,3-0,stable,"Top1 is the same nucleus with a clarifying phrase, fully consistent. | Synonym with added location specifier. | Same nucleus, top1 merely adds 'of thalamus' as a clarifying phrase.",,
species,Subparafascicular nucleus,high_confidence,1.0,HOMBA:13054,subparafascicular nucleus of thalamus,bm25+exact+fuzzy,Subparafascicular nucleus,Subparafascicular nucleus,,1.0,ventral midline nuclei of thalamus,0.8342,correct,338,1_highconf_correct.csv,340,aligned,high,1.0,"Exact same structure as query, only case difference.",aligned,high,1.0,"Same as previous, exact anatomical match.",aligned,high,1.0,"Same as record 337; exact match in meaning, case variation only.",aligned,high,1.0,3/3,False,3-0,stable,"Exact same structure as query, only case difference. | Same as previous, exact anatomical match. | Same as record 337; exact match in meaning, case variation only.",,
species,Substantia nigra,high_confidence,1.0,HOMBA:12251,substantia nigra,bm25+exact+fuzzy+hierarchy_parent,Substantia nigra,Substantia nigra,,1.0,"substantia nigra, compact division",0.660445,correct,339,1_highconf_correct.csv,341,aligned,high,1.0,"Exact match with case variation, identical substantia nigra.",aligned,high,1.0,Exact match.,aligned,high,1.0,"Exact match, identical structure.",aligned,high,1.0,3/3,False,3-0,stable,"Exact match with case variation, identical substantia nigra. | Exact match. | Exact match, identical structure.",,
species,Substantia nigra (compact part),high_confidence,1.0,HOMBA:12252,"substantia nigra, compact division",bm25+exact+fuzzy,Substantia nigra (compact part),Substantia nigra (compact part),compact,1.0,"substantia nigra, compact division, dorsal subdivision",0.948125,correct,340,1_highconf_correct.csv,342,aligned,high,1.0,"Query 'Substantia nigra (compact part)' matches synonym 'substantia nigra, compact division'.",aligned,high,1.0,"Query 'Substantia nigra (compact part)' matches top1 'substantia nigra, compact division' as a synonym with punctuation variation.",aligned,high,0.98,"top1 name 'substantia nigra, compact division' is a conventional synonym for 'Substantia nigra (compact part)'; matches the same structure exactly.",aligned,high,0.9933,3/3,False,3-0,stable,"Query 'Substantia nigra (compact part)' matches synonym 'substantia nigra, compact division'. | Query 'Substantia nigra (compact part)' matches top1 'substantia nigra, compact division' as a synonym with punctuation variation. | top1 name 'substantia nigra, compact division' is a conventional synonym for 'Substantia nigra (compact part)'; matches the same structure exactly.",,
species,Substantia nigra (lateral part),high_confidence,1.0,HOMBA:12257,"substantia nigra, lateral division",bm25+exact+fuzzy,Substantia nigra (lateral part),Substantia nigra (lateral part),lateral,1.0,substantia nigra,0.88,correct,341,1_highconf_correct.csv,343,aligned,high,1.0,"Query 'Substantia nigra (lateral part)' matches synonym 'substantia nigra, lateral division'.",aligned,high,1.0,"Query 'Substantia nigra (lateral part)' matches top1 'substantia nigra, lateral division' as a synonym with punctuation variation.",aligned,high,0.98,"top1 name 'substantia nigra, lateral division' is a conventional synonym for 'Substantia nigra (lateral part)'; matches the same structure.",aligned,high,0.9933,3/3,False,3-0,stable,"Query 'Substantia nigra (lateral part)' matches synonym 'substantia nigra, lateral division'. | Query 'Substantia nigra (lateral part)' matches top1 'substantia nigra, lateral division' as a synonym with punctuation variation. | top1 name 'substantia nigra, lateral division' is a conventional synonym for 'Substantia nigra (lateral part)'; matches the same structure.",,
species,Substantia nigra (reticular part),high_confidence,1.0,HOMBA:12259,"substantia nigra, reticular division",bm25+exact+fuzzy,Substantia nigra (reticular part),Substantia nigra (reticular part),reticular,1.0,substantia nigra,0.88,correct,342,1_highconf_correct.csv,344,aligned,high,1.0,"Query 'Substantia nigra (reticular part)' matches synonym 'substantia nigra, reticular division'.",aligned,high,1.0,"Query 'Substantia nigra (reticular part)' matches top1 'substantia nigra, reticular division' as a synonym with punctuation variation.",aligned,high,0.98,"top1 name 'substantia nigra, reticular division' is a conventional synonym for 'Substantia nigra (reticular part)'; matches the same structure.",aligned,high,0.9933,3/3,False,3-0,stable,"Query 'Substantia nigra (reticular part)' matches synonym 'substantia nigra, reticular division'. | Query 'Substantia nigra (reticular part)' matches top1 'substantia nigra, reticular division' as a synonym with punctuation variation. | top1 name 'substantia nigra, reticular division' is a conventional synonym for 'Substantia nigra (reticular part)'; matches the same structure.",,
species,"Substantia nigra, compact part",high_confidence,1.0,HOMBA:12252,"substantia nigra, compact division",bm25+exact+fuzzy,"Substantia nigra, compact part","Substantia nigra, compact part",compact,1.0,"substantia nigra, compact division, dorsal subdivision",0.948125,correct,343,1_highconf_correct.csv,345,aligned,high,1.0,"Query 'Substantia nigra, compact part' matches synonym 'substantia nigra, compact division'.",aligned,high,1.0,"Query 'Substantia nigra, compact part' matches top1 'substantia nigra, compact division' as a synonym (part vs division).",aligned,high,0.98,"'part' vs 'division' are interchangeable for substantia nigra subdivisions; top1 matches query 'Substantia nigra, compact part' exactly.",aligned,high,0.9933,3/3,False,3-0,stable,"Query 'Substantia nigra, compact part' matches synonym 'substantia nigra, compact division'. | Query 'Substantia nigra, compact part' matches top1 'substantia nigra, compact division' as a synonym (part vs division). | 'part' vs 'division' are interchangeable for substantia nigra subdivisions; top1 matches query 'Substantia nigra, compact part' exactly.",,
species,"Substantia nigra, lateral part",high_confidence,1.0,HOMBA:12257,"substantia nigra, lateral division",bm25+exact+fuzzy,"Substantia nigra, lateral part","Substantia nigra, lateral part",lateral,1.0,substantia nigra,0.675805,correct,344,1_highconf_correct.csv,346,aligned,high,1.0,"Query 'Substantia nigra, lateral part' matches synonym 'substantia nigra, lateral division'.",aligned,high,1.0,"Query 'Substantia nigra, lateral part' matches top1 'substantia nigra, lateral division' as a synonym (part vs division).",aligned,high,0.98,"'part' vs 'division' are interchangeable for substantia nigra subdivisions; top1 matches query 'Substantia nigra, lateral part' exactly.",aligned,high,0.9933,3/3,False,3-0,stable,"Query 'Substantia nigra, lateral part' matches synonym 'substantia nigra, lateral division'. | Query 'Substantia nigra, lateral part' matches top1 'substantia nigra, lateral division' as a synonym (part vs division). | 'part' vs 'division' are interchangeable for substantia nigra subdivisions; top1 matches query 'Substantia nigra, lateral part' exactly.",,
species,"Substantia nigra, reticular part",high_confidence,1.0,HOMBA:12259,"substantia nigra, reticular division",bm25+exact+fuzzy,"Substantia nigra, reticular part","Substantia nigra, reticular part",reticular,1.0,substantia nigra,0.655583,correct,345,1_highconf_correct.csv,347,aligned,high,1.0,Top1 uses accepted synonym 'reticular division' for query's 'reticular part'.,aligned,high,1.0,"The top1 'substantia nigra, reticular division' is a synonym of 'Substantia nigra, reticular part'; both refer to the same anatomical structure.",aligned,high,1.0,Exact synonym: 'reticular part' vs 'reticular division' of substantia nigra.,aligned,high,1.0,3/3,False,3-0,stable,"Top1 uses accepted synonym 'reticular division' for query's 'reticular part'. | The top1 'substantia nigra, reticular division' is a synonym of 'Substantia nigra, reticular part'; both refer to the same anatomical structure. | Exact synonym: 'reticular part' vs 'reticular division' of substantia nigra.",,
species,Subthalamic nucleus,high_confidence,1.0,HOMBA:10466,subthalamic nucleus,bm25+exact+fuzzy,Subthalamic nucleus,Subthalamic nucleus,,1.0,subthalamic fasciculus,0.273382,correct,346,1_highconf_correct.csv,348,aligned,high,1.0,Exact match with standard anatomical name.,aligned,high,1.0,Exact match between query 'Subthalamic nucleus' and top1 'subthalamic nucleus'.,aligned,high,1.0,Exact string match for subthalamic nucleus.,aligned,high,1.0,3/3,False,3-0,stable,Exact match with standard anatomical name. | Exact match between query 'Subthalamic nucleus' and top1 'subthalamic nucleus'. | Exact string match for subthalamic nucleus.,,
species,Superficial gray layer of the superior colliculus,high_confidence,1.0,HOMBA:12295,superficial gray layer of superior colliculus,bm25+fuzzy,Superficial gray layer of the superior colliculus,superficial gray layer of superior colliculus,layer,1.0,superficial layer of superior colliculus,0.522306,correct,347,1_highconf_correct.csv,349,aligned,high,1.0,Same layer of superior colliculus; only minor word order variation.,aligned,high,1.0,"The top1 omits the article 'the', which is a conventional variant of the same structure name.",aligned,high,1.0,"Identical structure, only missing optional article 'the'.",aligned,high,1.0,3/3,False,3-0,stable,"Same layer of superior colliculus; only minor word order variation. | The top1 omits the article 'the', which is a conventional variant of the same structure name. | Identical structure, only missing optional article 'the'.",,
species,Superior Cerebellar Peduncle,high_confidence,1.0,HOMBA:12354,superior cerebellar peduncle (brachium conjunctivum),bm25+exact+fuzzy,Superior Cerebellar Peduncle,Superior Cerebellar Peduncle,,1.0,decussation of superior cerebellar peduncle,0.7425,correct,348,1_highconf_correct.csv,350,aligned,high,1.0,Exact structure with parenthetical synonym (brachium conjunctivum).,aligned,high,1.0,"Top1 includes the Latin synonym in parentheses, but refers to the same structure as the query.",aligned,high,1.0,Same structure with Latin synonym in parentheses.,aligned,high,1.0,3/3,False,3-0,stable,"Exact structure with parenthetical synonym (brachium conjunctivum). | Top1 includes the Latin synonym in parentheses, but refers to the same structure as the query. | Same structure with Latin synonym in parentheses.",,
species,Superior Cerebellar Peduncle Decussation,high_confidence,1.0,HOMBA:12337,decussation of superior cerebellar peduncle,bm25+fuzzy,Superior Cerebellar Peduncle Decussation,decussation of superior cerebellar peduncle,decussation,1.0,pyramidal decussation,0.36107,correct,349,1_highconf_correct.csv,351,aligned,high,1.0,Same decussation structure; word order and phrasing are equivalent.,aligned,high,1.0,The top1 'decussation of superior cerebellar peduncle' is a reordering of the query 'Superior Cerebellar Peduncle Decussation'; both denote the same entity.,aligned,high,1.0,"Same anatomical crossing, just reworded order.",aligned,high,1.0,3/3,False,3-0,stable,"Same decussation structure; word order and phrasing are equivalent. | The top1 'decussation of superior cerebellar peduncle' is a reordering of the query 'Superior Cerebellar Peduncle Decussation'; both denote the same entity. | Same anatomical crossing, just reworded order.",,
species,Superior colliculus,high_confidence,1.0,HOMBA:12292,superior colliculus,bm25+exact+fuzzy+hierarchy_parent,Superior colliculus,Superior colliculus,,1.0,brachium of superior colliculus,0.813844,correct,350,1_highconf_correct.csv,352,aligned,high,1.0,Exact match between query 'Superior colliculus' and top1_name 'superior colliculus' (case-insensitive).,aligned,high,1.0,Exact match: query 'Superior colliculus' is identical to top1_name 'superior colliculus'.,aligned,high,1.0,"Exact match, only case difference.",aligned,high,1.0,3/3,False,3-0,stable,"Exact match between query 'Superior colliculus' and top1_name 'superior colliculus' (case-insensitive). | Exact match: query 'Superior colliculus' is identical to top1_name 'superior colliculus'. | Exact match, only case difference.",,
species,Superior frontal gyrus,high_confidence,1.0,HOMBA:12115,superior frontal gyrus,bm25+exact+fuzzy,Superior frontal gyrus,Superior frontal gyrus,,1.0,frontal lobe,0.97,correct,351,1_highconf_correct.csv,353,aligned,high,1.0,Exact match between query 'Superior frontal gyrus' and top1_name 'superior frontal gyrus'.,aligned,high,1.0,Exact match: query 'Superior frontal gyrus' is identical to top1_name 'superior frontal gyrus'.,aligned,high,1.0,"Exact match, only case difference.",aligned,high,1.0,3/3,False,3-0,stable,"Exact match between query 'Superior frontal gyrus' and top1_name 'superior frontal gyrus'. | Exact match: query 'Superior frontal gyrus' is identical to top1_name 'superior frontal gyrus'. | Exact match, only case difference.",,
species,Superior paraolivary nucleus,high_confidence,1.0,HOMBA:12463,superior paraolivary nucleus,bm25+exact+fuzzy,Superior paraolivary nucleus,Superior paraolivary nucleus,,1.0,superior olivary complex,0.97,correct,352,1_highconf_correct.csv,354,aligned,high,1.0,Exact match between query 'Superior paraolivary nucleus' and top1_name 'superior paraolivary nucleus'.,aligned,high,1.0,Exact match: query 'Superior paraolivary nucleus' is identical to top1_name 'superior paraolivary nucleus'.,aligned,high,1.0,"Exact match, only case difference.",aligned,high,1.0,3/3,False,3-0,stable,"Exact match between query 'Superior paraolivary nucleus' and top1_name 'superior paraolivary nucleus'. | Exact match: query 'Superior paraolivary nucleus' is identical to top1_name 'superior paraolivary nucleus'. | Exact match, only case difference.",,
species,Superior temporal gyrus,high_confidence,1.0,HOMBA:12140,superior temporal gyrus,bm25+exact+fuzzy,Superior temporal gyrus,Superior temporal gyrus,,1.0,temporal lobe,0.97,correct,353,1_highconf_correct.csv,355,aligned,high,1.0,Exact match between query 'Superior temporal gyrus' and top1_name 'superior temporal gyrus'.,aligned,high,1.0,Exact match: query 'Superior temporal gyrus' is identical to top1_name 'superior temporal gyrus'.,aligned,high,1.0,"Exact match, only case difference.",aligned,high,1.0,3/3,False,3-0,stable,"Exact match between query 'Superior temporal gyrus' and top1_name 'superior temporal gyrus'. | Exact match: query 'Superior temporal gyrus' is identical to top1_name 'superior temporal gyrus'. | Exact match, only case difference.",,
species,Suprageniculate nucleus,high_confidence,1.0,HOMBA:13044,suprageniculate nucleus,bm25+exact+fuzzy,Suprageniculate nucleus,Suprageniculate nucleus,,1.0,cerebellar deep nuclei,0.260505,correct,354,1_highconf_correct.csv,356,aligned,high,1.0,Exact match between query 'Suprageniculate nucleus' and top1_name 'suprageniculate nucleus'.,aligned,high,1.0,Exact match: query 'Suprageniculate nucleus' is identical to top1_name 'suprageniculate nucleus'.,aligned,high,1.0,"Exact match, only case difference.",aligned,high,1.0,3/3,False,3-0,stable,"Exact match between query 'Suprageniculate nucleus' and top1_name 'suprageniculate nucleus'. | Exact match: query 'Suprageniculate nucleus' is identical to top1_name 'suprageniculate nucleus'. | Exact match, only case difference.",,
species,Supraoptic decussation,high_confidence,1.0,HOMBA:13216,supraoptic decussation,bm25+exact+fuzzy,Supraoptic decussation,Supraoptic decussation,decussation,1.0,pyramidal decussation,0.387737,correct,355,1_highconf_correct.csv,357,aligned,high,1.0,Exact match (case-insensitive).,aligned,high,1.0,Exact match between query and top1_name.,aligned,high,1.0,Exact match; supraoptic decussation is the same structure.,aligned,high,1.0,3/3,False,3-0,stable,Exact match (case-insensitive). | Exact match between query and top1_name. | Exact match; supraoptic decussation is the same structure.,,
species,Supraoptic nucleus,high_confidence,1.0,HOMBA:10481,supraoptic nucleus,bm25+exact+fuzzy+hierarchy_parent,Supraoptic nucleus,Supraoptic nucleus,,1.0,supraoptic region of HTH,0.97,correct,356,1_highconf_correct.csv,358,aligned,high,1.0,Exact match (case-insensitive).,aligned,high,1.0,Exact match between query and top1_name.,aligned,high,1.0,Exact match; supraoptic nucleus is the same structure.,aligned,high,1.0,3/3,False,3-0,stable,Exact match (case-insensitive). | Exact match between query and top1_name. | Exact match; supraoptic nucleus is the same structure.,,
species,Tail of caudate nucleus,high_confidence,1.0,HOMBA:10337,tail of caudate nucleus (caudolateral division of the CP),bm25+exact+fuzzy,Tail of caudate nucleus,Tail of caudate nucleus,,1.0,caudate nucleus (mediodorsal division of the CP),0.97,correct,357,1_highconf_correct.csv,359,aligned,high,1.0,Core name matches query exactly; additional parenthetical is annotation.,aligned,high,1.0,Top1 includes the exact query phrase with additional qualifier; same structure.,aligned,high,1.0,"Top1 names the tail of caudate nucleus with a parenthetical synonym, aligned.",aligned,high,1.0,3/3,False,3-0,stable,"Core name matches query exactly; additional parenthetical is annotation. | Top1 includes the exact query phrase with additional qualifier; same structure. | Top1 names the tail of caudate nucleus with a parenthetical synonym, aligned.",,
species,Temporal pole,high_confidence,1.0,HOMBA:12146,temporal pole (temporopolar cortex),bm25+exact+fuzzy,Temporal pole,Temporal pole,,1.0,temporal lobe,0.97,correct,358,1_highconf_correct.csv,360,aligned,high,1.0,Core name matches query exactly; additional parenthetical is annotation.,aligned,high,1.0,Top1 includes the exact query name with synonymous parenthetical; same structure.,aligned,high,1.0,Temporal pole and temporopolar cortex are synonymous; aligned.,aligned,high,1.0,3/3,False,3-0,stable,Core name matches query exactly; additional parenthetical is annotation. | Top1 includes the exact query name with synonymous parenthetical; same structure. | Temporal pole and temporopolar cortex are synonymous; aligned.,,
species,Third ventricle,high_confidence,1.0,HOMBA:10602,third ventricle,bm25+exact+fuzzy+hierarchy_parent,Third ventricle,Third ventricle,,1.0,regions of third ventricle,0.870192,correct,359,1_highconf_correct.csv,361,aligned,high,1.0,Exact match (case-insensitive).,aligned,high,1.0,Exact match between query and top1_name.,aligned,high,1.0,Exact match; third ventricle is the same structure.,aligned,high,1.0,3/3,False,3-0,stable,Exact match (case-insensitive). | Exact match between query and top1_name. | Exact match; third ventricle is the same structure.,,
species,Transverse Fibers,high_confidence,1.0,HOMBA:AA30879,transverse fibers,bm25+exact+fuzzy,Transverse Fibers,Transverse Fibers,,1.0,transverse fibers of pons (pontine crossing tract),0.736733,correct,360,1_highconf_correct.csv,362,aligned,high,1.0,Exact match between query and top1 candidate (case-insensitive).,aligned,high,1.0,Exact match (case varies) for 'Transverse Fibers'.,aligned,high,1.0,Exact match except capitalization; same anatomical structure.,aligned,high,1.0,3/3,False,3-0,stable,Exact match between query and top1 candidate (case-insensitive). | Exact match (case varies) for 'Transverse Fibers'. | Exact match except capitalization; same anatomical structure.,,
species,Trapezoid body,high_confidence,1.0,HOMBA:12796,trapezoid body,bm25+exact+fuzzy,Trapezoid body,Trapezoid body,,1.0,nucleus of trapezoid body,0.680833,correct,361,1_highconf_correct.csv,363,aligned,high,1.0,Exact match between query and top1 candidate.,aligned,high,1.0,Exact match for 'Trapezoid body'.,aligned,high,1.0,Exact match except capitalization; same structure.,aligned,high,1.0,3/3,False,3-0,stable,Exact match between query and top1 candidate. | Exact match for 'Trapezoid body'. | Exact match except capitalization; same structure.,,
species,Ventral anterior thalamic nucleus,high_confidence,1.0,HOMBA:10417,ventral anterior nucleus of thalamus,bm25+exact+fuzzy,Ventral anterior thalamic nucleus,Ventral anterior thalamic nucleus,ventral,1.0,anterior nuclear complex of thalamus,0.6952,correct,362,1_highconf_correct.csv,364,aligned,high,1.0,Accepted synonym: ventral anterior thalamic nucleus and ventral anterior nucleus of thalamus are the same structure.,aligned,high,1.0,Standard synonym: 'ventral anterior nucleus of thalamus' for 'ventral anterior thalamic nucleus'.,aligned,high,1.0,Synonymous phrase: 'ventral anterior thalamic nucleus' and 'ventral anterior nucleus of thalamus' refer to the same thalamic nucleus.,aligned,high,1.0,3/3,False,3-0,stable,Accepted synonym: ventral anterior thalamic nucleus and ventral anterior nucleus of thalamus are the same structure. | Standard synonym: 'ventral anterior nucleus of thalamus' for 'ventral anterior thalamic nucleus'. | Synonymous phrase: 'ventral anterior thalamic nucleus' and 'ventral anterior nucleus of thalamus' refer to the same thalamic nucleus.,,
species,Ventral endopiriform claustrum,high_confidence,1.0,HOMBA:AA30854,ventral endopiriform nucleus,bm25+exact+fuzzy,Ventral endopiriform claustrum,Ventral endopiriform claustrum,ventral,1.0,endopiriform nucleus,0.753867,correct,363,1_highconf_correct.csv,365,wrong,medium,0.8,"Top1 names a nucleus, but query specifies 'claustrum'; likely different anatomical structures despite same modifier.",aligned,medium,0.85,Query 'ventral endopiriform claustrum' likely refers to same structure as 'ventral endopiriform nucleus' in HOMBA.,aligned,high,1.0,'Ventral endopiriform claustrum' is a synonym for ventral endopiriform nucleus in many neuroanatomical contexts.,aligned,medium,0.8833,2/3,True,2-1,majority_vote,"Top1 names a nucleus, but query specifies 'claustrum'; likely different anatomical structures despite same modifier. | Query 'ventral endopiriform claustrum' likely refers to same structure as 'ventral endopiriform nucleus' in HOMBA. | 'Ventral endopiriform claustrum' is a synonym for ventral endopiriform nucleus in many neuroanatomical contexts.",,
species,Ventral hippocampal commissure,high_confidence,1.0,HOMBA:12023,ventral hippocampal commissure,bm25+exact+fuzzy,Ventral hippocampal commissure,Ventral hippocampal commissure,ventral,1.0,hippocampal commissure,0.753867,correct,364,1_highconf_correct.csv,366,aligned,high,1.0,Exact match between query and top1 candidate (case-insensitive).,aligned,high,1.0,Exact match for 'Ventral hippocampal commissure'.,aligned,high,1.0,Exact match except capitalization; same structure.,aligned,high,1.0,3/3,False,3-0,stable,Exact match between query and top1 candidate (case-insensitive). | Exact match for 'Ventral hippocampal commissure'. | Exact match except capitalization; same structure.,,
species,Ventral pallidum,high_confidence,1.0,HOMBA:10345,ventral pallidum,bm25+exact+fuzzy,Ventral pallidum,Ventral pallidum,ventral,1.0,globus pallidus (paleostriatum),0.705435,correct,365,1_highconf_correct.csv,367,aligned,high,1.0,Exact match between query and top1_name.,aligned,high,1.0,top1_name 'ventral pallidum' exactly matches query 'Ventral pallidum' (case variant).,aligned,high,1.0,"Exact match, case-insensitive: 'Ventral pallidum' = 'ventral pallidum'.",aligned,high,1.0,3/3,False,3-0,stable,"Exact match between query and top1_name. | top1_name 'ventral pallidum' exactly matches query 'Ventral pallidum' (case variant). | Exact match, case-insensitive: 'Ventral pallidum' = 'ventral pallidum'.",,
species,Ventral tegmental area,high_confidence,1.0,HOMBA:12261,ventral tegmental area,bm25+exact+fuzzy,Ventral tegmental area,Ventral tegmental area,ventral,1.0,ventral tegmental tract in hindbrain,0.876515,correct,366,1_highconf_correct.csv,368,aligned,high,1.0,Exact match between query and top1_name.,aligned,high,1.0,top1_name 'ventral tegmental area' exactly matches query 'Ventral tegmental area' (case variant).,aligned,high,1.0,"Exact match, case-insensitive: 'Ventral tegmental area' = 'ventral tegmental area'.",aligned,high,1.0,3/3,False,3-0,stable,"Exact match between query and top1_name. | top1_name 'ventral tegmental area' exactly matches query 'Ventral tegmental area' (case variant). | Exact match, case-insensitive: 'Ventral tegmental area' = 'ventral tegmental area'.",,
species,Ventromedial hypothalamic nucleus,high_confidence,1.0,HOMBA:10488,ventromedial hypothalamic nucleus,bm25+exact+fuzzy+hierarchy_parent,Ventromedial hypothalamic nucleus,Ventromedial hypothalamic nucleus,,1.0,core of ventromedial hypothalamic nucleus,0.75465,correct,367,1_highconf_correct.csv,369,aligned,high,1.0,Exact match between query and top1_name.,aligned,high,1.0,top1_name 'ventromedial hypothalamic nucleus' exactly matches query 'Ventromedial hypothalamic nucleus' (case variant).,aligned,high,1.0,"Exact match, case-insensitive: 'Ventromedial hypothalamic nucleus' = 'ventromedial hypothalamic nucleus'.",aligned,high,1.0,3/3,False,3-0,stable,"Exact match between query and top1_name. | top1_name 'ventromedial hypothalamic nucleus' exactly matches query 'Ventromedial hypothalamic nucleus' (case variant). | Exact match, case-insensitive: 'Ventromedial hypothalamic nucleus' = 'ventromedial hypothalamic nucleus'.",,
species,Xiphoid thalamic nucleus,high_confidence,1.0,HOMBA:AA30277,xiphoid thalamic nucleus,bm25+exact+fuzzy,Xiphoid thalamic nucleus,Xiphoid thalamic nucleus,,1.0,ventral midline nuclei of thalamus,0.97,correct,368,1_highconf_correct.csv,370,aligned,high,1.0,Exact match between query and top1_name.,aligned,high,1.0,top1_name 'xiphoid thalamic nucleus' exactly matches query 'Xiphoid thalamic nucleus' (case variant).,aligned,high,1.0,"Exact match, case-insensitive: 'Xiphoid thalamic nucleus' = 'xiphoid thalamic nucleus'.",aligned,high,1.0,3/3,False,3-0,stable,"Exact match between query and top1_name. | top1_name 'xiphoid thalamic nucleus' exactly matches query 'Xiphoid thalamic nucleus' (case variant). | Exact match, case-insensitive: 'Xiphoid thalamic nucleus' = 'xiphoid thalamic nucleus'.",,
species,Dorsal Lateral Geniculate,high_confidence,0.9975,HOMBA:10429,lateral geniculate nucleus (dorsal lateral geniculate nucleus),bm25+fuzzy,Dorsal Lateral Geniculate,dorsal lateral geniculate nucleus,dorsal;lateral,1.0,pregeniculate nucleus (ventral lateral geniculate nucleus),0.660104,correct,369,1_highconf_correct.csv,371,aligned,high,1.0,"Top1 includes 'dorsal lateral geniculate nucleus' as an alias, matching the query.",aligned,high,1.0,top1_name includes 'dorsal lateral geniculate nucleus' which is the full form of query 'Dorsal Lateral Geniculate'; synonymous.,aligned,high,0.99,"Query 'Dorsal Lateral Geniculate' is a conventional shorthand for dorsal lateral geniculate nucleus, explicitly included in top1 name.",aligned,high,0.9967,3/3,False,3-0,stable,"Top1 includes 'dorsal lateral geniculate nucleus' as an alias, matching the query. | top1_name includes 'dorsal lateral geniculate nucleus' which is the full form of query 'Dorsal Lateral Geniculate'; synonymous. | Query 'Dorsal Lateral Geniculate' is a conventional shorthand for dorsal lateral geniculate nucleus, explicitly included in top1 name.",,
species,Ventral posterolateral thalamic nucleus,high_confidence,0.9975,HOMBA:10424,ventral posterior lateral nucleus,bm25+fuzzy,ventral posterolateral nucleus of thalamus,ventral posterolateral nucleus,ventral,1.0,ventral lateral nucleus of thalamus,0.888079,correct,370,1_highconf_correct.csv,372,aligned,high,0.98,Ventral posterolateral nucleus and ventral posterior lateral nucleus are synonymous; conventional word-order variant.,aligned,high,0.98,Top1 is a synonym: ventral posterior lateral nucleus is the same as ventral posterolateral thalamic nucleus.,aligned,high,1.0,Synonym: 'ventral posterolateral' equals 'ventral posterior lateral'. Same thalamic nucleus.,aligned,high,0.9867,3/3,False,3-0,stable,Ventral posterolateral nucleus and ventral posterior lateral nucleus are synonymous; conventional word-order variant. | Top1 is a synonym: ventral posterior lateral nucleus is the same as ventral posterolateral thalamic nucleus. | Synonym: 'ventral posterolateral' equals 'ventral posterior lateral'. Same thalamic nucleus.,,
species,Ventral posteromedial thalamic nucleus,high_confidence,0.9975,HOMBA:10425,ventral posterior medial nucleus,bm25+fuzzy,ventral posteromedial nucleus of thalamus,ventral posteromedial nucleus,ventral,1.0,ventral medial nucleus of thalamus,0.880708,correct,371,1_highconf_correct.csv,373,aligned,high,0.98,Ventral posteromedial nucleus and ventral posterior medial nucleus are synonymous; conventional word-order variant.,aligned,high,0.98,Top1 is a synonym: ventral posterior medial nucleus is the same as ventral posteromedial thalamic nucleus.,aligned,high,1.0,Synonym: 'ventral posteromedial' equals 'ventral posterior medial'. Same thalamic nucleus.,aligned,high,0.9867,3/3,False,3-0,stable,Ventral posteromedial nucleus and ventral posterior medial nucleus are synonymous; conventional word-order variant. | Top1 is a synonym: ventral posterior medial nucleus is the same as ventral posteromedial thalamic nucleus. | Synonym: 'ventral posteromedial' equals 'ventral posterior medial'. Same thalamic nucleus.,,
species,"Lateral lemniscus, unspecified",high_confidence,0.997155,HOMBA:12760,lateral lemniscus,bm25+fuzzy,"Lateral lemniscus, unspecified",lateral lemniscus,lateral,1.0,nuclei of lateral lemniscus,0.75538,correct,372,1_highconf_correct.csv,374,aligned,high,1.0,Unspecific qualifier does not change anatomy; top1 names the same structure.,aligned,high,0.99,"Top1 is the exact anatomical structure; 'unspecified' is a qualifier, not part of the anatomical name.",aligned,high,1.0,"Top1 matches the core anatomical name; 'unspecified' is a source qualifier, not a structure difference.",aligned,high,0.9967,3/3,False,3-0,stable,"Unspecific qualifier does not change anatomy; top1 names the same structure. | Top1 is the exact anatomical structure; 'unspecified' is a qualifier, not part of the anatomical name. | Top1 matches the core anatomical name; 'unspecified' is a source qualifier, not a structure difference.",,
species,"Cingulate gyrus, posterior",high_confidence,0.996027,HOMBA:10285,posterior cingulate cortex (PCC),bm25+fuzzy,cingulate cortex posterior,posterior cingulate cortex,posterior,1.0,"cingulate gyrus, caudal (posterior) part",0.889801,correct,373,1_highconf_correct.csv,375,aligned,high,0.95,Posterior cingulate gyrus and posterior cingulate cortex refer to the same region; synonymous.,aligned,high,0.97,Posterior cingulate cortex is the same as posterior part of cingulate gyrus; synonymous.,aligned,high,0.99,Posterior cingulate cortex is standard term for posterior cingulate gyrus; used interchangeably.,aligned,high,0.97,3/3,False,3-0,stable,Posterior cingulate gyrus and posterior cingulate cortex refer to the same region; synonymous. | Posterior cingulate cortex is the same as posterior part of cingulate gyrus; synonymous. | Posterior cingulate cortex is standard term for posterior cingulate gyrus; used interchangeably.,,
species,"Frontal orbital cortex, lateral",high_confidence,0.993571,HOMBA:10205,"lateral orbital frontal cortex (OFCl, area 12/47)",bm25+fuzzy,"Frontal orbital cortex, lateral",lateral orbital frontal cortex,lateral,1.0,orbital frontal cortex,0.63524,correct,374,1_highconf_correct.csv,376,aligned,high,0.98,Lateral part of frontal orbital cortex maps directly to lateral orbital frontal cortex.,aligned,high,0.98,Lateral orbital frontal cortex is the same as lateral part of frontal orbital cortex.,aligned,high,1.0,"'Frontal orbital cortex, lateral' and 'lateral orbital frontal cortex' are word-order variants of same region.",aligned,high,0.9867,3/3,False,3-0,stable,"Lateral part of frontal orbital cortex maps directly to lateral orbital frontal cortex. | Lateral orbital frontal cortex is the same as lateral part of frontal orbital cortex. | 'Frontal orbital cortex, lateral' and 'lateral orbital frontal cortex' are word-order variants of same region.",,
species,"Frontal orbital cortex, medial",high_confidence,0.989407,HOMBA:10195,medial orbital frontal cortex (area 14),bm25+fuzzy,"Frontal orbital cortex, medial",medial orbital frontal cortex,medial,1.0,orbital frontal cortex,0.638476,correct,375,1_highconf_correct.csv,377,aligned,high,0.98,The top1 matches the query as a reordered synonym for medial orbital frontal cortex.,aligned,high,0.99,"Query 'Frontal orbital cortex, medial' matches top1 'medial orbital frontal cortex (area 14)' as a synonym with acceptable word-order variation.",aligned,high,0.98,"top1 'medial orbital frontal cortex' is a direct synonym for 'frontal orbital cortex, medial', matching the modifier medial.",aligned,high,0.9833,3/3,False,3-0,stable,"The top1 matches the query as a reordered synonym for medial orbital frontal cortex. | Query 'Frontal orbital cortex, medial' matches top1 'medial orbital frontal cortex (area 14)' as a synonym with acceptable word-order variation. | top1 'medial orbital frontal cortex' is a direct synonym for 'frontal orbital cortex, medial', matching the modifier medial.",,
species,"Medial lemniscus, unspecified",high_confidence,0.986071,HOMBA:12763,medial lemniscus,bm25+fuzzy,"Medial lemniscus, unspecified",medial lemniscus,medial,1.0,decussation of medial lemniscus,0.737214,correct,376,1_highconf_correct.csv,378,aligned,high,0.99,"Directly matches medial lemniscus, 'unspecified' is just a qualifier.",aligned,high,0.99,"Query 'Medial lemniscus, unspecified' is exactly matched by top1 'medial lemniscus'; 'unspecified' is a modifier, not a structural element.",aligned,high,0.98,top1 'medial lemniscus' is the same structure; 'unspecified' is a descriptive modifier not altering anatomical identity.,aligned,high,0.9867,3/3,False,3-0,stable,"Directly matches medial lemniscus, 'unspecified' is just a qualifier. | Query 'Medial lemniscus, unspecified' is exactly matched by top1 'medial lemniscus'; 'unspecified' is a modifier, not a structural element. | top1 'medial lemniscus' is the same structure; 'unspecified' is a descriptive modifier not altering anatomical identity.",,
species,Sensory Root of the Trigeminal Nerve,high_confidence,0.984079,HOMBA:12867,sensory root of trigeminal nerve,bm25+fuzzy,sensory roots of the the trigeminal nerve,sensory roots of the trigeminal nerve,,1.0,root of trigeminal nerve,0.97,correct,377,1_highconf_correct.csv,379,aligned,high,0.98,"Directly matches sensory root of trigeminal nerve, minor typographical variation.",aligned,high,0.99,"Query 'Sensory Root of the Trigeminal Nerve' and top1 'sensory root of trigeminal nerve' are essentially identical, differing only in article and word order.",aligned,high,0.98,top1 'sensory root of trigeminal nerve' matches query; minor singular/plural variation is inconsequential.,aligned,high,0.9833,3/3,False,3-0,stable,"Directly matches sensory root of trigeminal nerve, minor typographical variation. | Query 'Sensory Root of the Trigeminal Nerve' and top1 'sensory root of trigeminal nerve' are essentially identical, differing only in article and word order. | top1 'sensory root of trigeminal nerve' matches query; minor singular/plural variation is inconsequential.",,
species,External globus pallidus,high_confidence,0.978625,HOMBA:10343,external division of globus pallidus,bm25+fuzzy,External globus pallidus,external division of globus pallidus,external,1.0,external medullary lamina of globus pallidus,0.806322,correct,378,1_highconf_correct.csv,380,aligned,high,0.98,External globus pallidus is synonymous with external division of globus pallidus.,aligned,high,0.99,Query 'External globus pallidus' and top1 'external division of globus pallidus' are synonymous; 'division' is an accepted synonym.,aligned,high,0.98,top1 'external division of globus pallidus' is a synonymous term for 'external globus pallidus' (GPe).,aligned,high,0.9833,3/3,False,3-0,stable,External globus pallidus is synonymous with external division of globus pallidus. | Query 'External globus pallidus' and top1 'external division of globus pallidus' are synonymous; 'division' is an accepted synonym. | top1 'external division of globus pallidus' is a synonymous term for 'external globus pallidus' (GPe).,,
species,Lateral ventricle,high_confidence,0.976667,HOMBA:10598,body of lateral ventricles,bm25+fuzzy,Lateral ventricle,body of lateral ventricle,lateral,1.0,atrium of lateral ventricles,0.946389,correct,379,1_highconf_correct.csv,381,partial_or_narrower,high,0.95,"Query is whole lateral ventricle, top1 is restricted to its body.",partial_or_narrower,high,0.95,"Query 'Lateral ventricle' refers to the whole structure, but top1 'body of lateral ventricles' is a subpart (the body), which is narrower.",partial_or_narrower,high,0.95,"top1 'body of lateral ventricles' is only a subdivision of the lateral ventricle, not the whole ventricle as queried.",partial_or_narrower,high,0.95,3/3,False,3-0,stable,"Query is whole lateral ventricle, top1 is restricted to its body. | Query 'Lateral ventricle' refers to the whole structure, but top1 'body of lateral ventricles' is a subpart (the body), which is narrower. | top1 'body of lateral ventricles' is only a subdivision of the lateral ventricle, not the whole ventricle as queried.",,
species,Medial Geniculate,high_confidence,0.976667,HOMBA:10434,medial geniculate nucleus,bm25+fuzzy,Medial Geniculate,medial geniculate nucleus,medial,1.0,dorsal (rostral) division of medial geniculate nucleus,0.84379,correct,380,1_highconf_correct.csv,382,aligned,high,0.99,"Query 'Medial Geniculate' is a common shorthand for the medial geniculate nucleus, which is the top1 candidate.",aligned,high,0.98,Medial geniculate nucleus is the standard term for Medial Geniculate; direct synonym.,aligned,high,0.99,"""Medial Geniculate"" is standard abbreviation for medial geniculate nucleus; top1 adds only the implicit term ""nucleus"".",aligned,high,0.9867,3/3,False,3-0,stable,"Query 'Medial Geniculate' is a common shorthand for the medial geniculate nucleus, which is the top1 candidate. | Medial geniculate nucleus is the standard term for Medial Geniculate; direct synonym. | ""Medial Geniculate"" is standard abbreviation for medial geniculate nucleus; top1 adds only the implicit term ""nucleus"".",,
species,"Inferior colliculus, external cortex",high_confidence,0.965739,HOMBA:12308,external shell (cortex) of inferior colliculus,bm25+fuzzy,"Inferior colliculus, external cortex",external cortex of inferior colliculus,external,1.0,external capsule,0.339071,correct,381,1_highconf_correct.csv,383,aligned,high,0.99,"Top1 name 'external shell (cortex) of inferior colliculus' is fully consistent with query 'Inferior colliculus, external cortex'.",aligned,high,0.97,"External shell (cortex) of inferior colliculus matches query 'Inferior colliculus, external cortex'.",aligned,high,0.99,"""Inferior colliculus, external cortex"" directly matches top1 ""external shell (cortex) of inferior colliculus"".",aligned,high,0.9833,3/3,False,3-0,stable,"Top1 name 'external shell (cortex) of inferior colliculus' is fully consistent with query 'Inferior colliculus, external cortex'. | External shell (cortex) of inferior colliculus matches query 'Inferior colliculus, external cortex'. | ""Inferior colliculus, external cortex"" directly matches top1 ""external shell (cortex) of inferior colliculus"".",,
species,Medial lemniscus decussation,high_confidence,0.965498,HOMBA:12732,decussation of medial lemniscus,bm25+fuzzy,Medial lemniscus decussation,decussation of medial lemniscus,medial;decussation,1.0,medial lemniscus,0.41295,correct,382,1_highconf_correct.csv,384,aligned,high,0.99,"'decussation of medial lemniscus' is a conventional word-order variant of 'Medial lemniscus decussation', same structure.",aligned,high,0.97,Decussation of medial lemniscus is word-order variant of Medial lemniscus decussation.,aligned,high,0.99,"""Medial lemniscus decussation"" and ""decussation of medial lemniscus"" are synonymous, differing only in word order.",aligned,high,0.9833,3/3,False,3-0,stable,"'decussation of medial lemniscus' is a conventional word-order variant of 'Medial lemniscus decussation', same structure. | Decussation of medial lemniscus is word-order variant of Medial lemniscus decussation. | ""Medial lemniscus decussation"" and ""decussation of medial lemniscus"" are synonymous, differing only in word order.",,
species,"Lateral lemniscus, dorsal nucleus",high_confidence,0.963718,HOMBA:12455,dorsal nucleus of lateral lemniscus,bm25+fuzzy,lateral lemniscus dorsal nuclei,dorsal nuclei of lateral lemniscus,lateral;dorsal,1.0,nuclei of lateral lemniscus,0.784314,correct,383,1_highconf_correct.csv,385,aligned,high,0.99,"Top1 'dorsal nucleus of lateral lemniscus' exactly matches the query 'Lateral lemniscus, dorsal nucleus'.",aligned,high,0.96,"Dorsal nucleus of lateral lemniscus exactly matches query 'Lateral lemniscus, dorsal nucleus'.",aligned,high,0.99,"""Lateral lemniscus, dorsal nucleus"" exactly matches top1 ""dorsal nucleus of lateral lemniscus"".",aligned,high,0.98,3/3,False,3-0,stable,"Top1 'dorsal nucleus of lateral lemniscus' exactly matches the query 'Lateral lemniscus, dorsal nucleus'. | Dorsal nucleus of lateral lemniscus exactly matches query 'Lateral lemniscus, dorsal nucleus'. | ""Lateral lemniscus, dorsal nucleus"" exactly matches top1 ""dorsal nucleus of lateral lemniscus"".",,
species,"Lateral lemniscus, intermediate nucleus",high_confidence,0.963418,HOMBA:12456,intermediate nucleus of lateral lemniscus,bm25+fuzzy,"Lateral lemniscus, intermediate nucleus",intermediate nucleus of lateral lemniscus,lateral,1.0,nuclei of lateral lemniscus,0.490664,correct,384,1_highconf_correct.csv,386,aligned,high,0.99,"Top1 'intermediate nucleus of lateral lemniscus' is a precise match for query 'Lateral lemniscus, intermediate nucleus'.",aligned,high,0.96,"Intermediate nucleus of lateral lemniscus exactly matches query 'Lateral lemniscus, intermediate nucleus'.",aligned,high,0.99,"""Lateral lemniscus, intermediate nucleus"" exactly matches top1 ""intermediate nucleus of lateral lemniscus"".",aligned,high,0.98,3/3,False,3-0,stable,"Top1 'intermediate nucleus of lateral lemniscus' is a precise match for query 'Lateral lemniscus, intermediate nucleus'. | Intermediate nucleus of lateral lemniscus exactly matches query 'Lateral lemniscus, intermediate nucleus'. | ""Lateral lemniscus, intermediate nucleus"" exactly matches top1 ""intermediate nucleus of lateral lemniscus"".",,
species,"Lateral lemniscus, ventral nucleus",high_confidence,0.959619,HOMBA:12457,ventral nucleus of lateral lemniscus,bm25+fuzzy,lateral lemniscus ventral nuclei,ventral nuclei of lateral lemniscus,lateral;ventral,1.0,lateral subdivision of LaV,0.47003,correct,385,1_highconf_correct.csv,387,aligned,high,0.95,Direct anatomical match; synonym with word order variation.,aligned,high,1.0,"The top1_name is the standard form of the query's 'Lateral lemniscus, ventral nucleus'.",aligned,high,0.98,Query names the ventral nucleus of lateral lemniscus; top1 exactly matches.,aligned,high,0.9767,3/3,False,3-0,stable,"Direct anatomical match; synonym with word order variation. | The top1_name is the standard form of the query's 'Lateral lemniscus, ventral nucleus'. | Query names the ventral nucleus of lateral lemniscus; top1 exactly matches.",,
species,Brachium Superior Colliculus,high_confidence,0.954229,HOMBA:12328,brachium of superior colliculus,bm25+fuzzy,Brachium Superior Colliculus,brachium of superior colliculus,,1.0,superior colliculus,0.752528,correct,386,1_highconf_correct.csv,388,aligned,high,0.95,Direct match; same named entity with word order variation.,aligned,high,1.0,The top1_name matches the query with conventional preposition insertion; same structure.,aligned,high,0.99,Brachium of superior colliculus is the same structure; minor word-order variant.,aligned,high,0.98,3/3,False,3-0,stable,Direct match; same named entity with word order variation. | The top1_name matches the query with conventional preposition insertion; same structure. | Brachium of superior colliculus is the same structure; minor word-order variant.,,
species,Amygdalostriatal Transition,high_confidence,0.951216,HOMBA:10381,amygdalostriatal transition area,bm25+fuzzy,Amygdalostriatal Transition,amygdalostriatal transition area,,1.0,amygdaloid transition areas,0.353645,correct,387,1_highconf_correct.csv,389,aligned,high,0.95,Direct match; top1 expands query with 'area' which is part of the standard name.,aligned,high,1.0,The top1_name adds 'area' but refers to the same amygdalostriatal transition region.,aligned,high,0.95,Amygdalostriatal transition area is same entity; 'area' is conventional suffix.,aligned,high,0.9667,3/3,False,3-0,stable,Direct match; top1 expands query with 'area' which is part of the standard name. | The top1_name adds 'area' but refers to the same amygdalostriatal transition region. | Amygdalostriatal transition area is same entity; 'area' is conventional suffix.,,
species,Commissure of the superior colliculus,high_confidence,0.950756,HOMBA:AA30487,commissure of superior colliculus,bm25+fuzzy,Commissure of the superior colliculus,commissure of superior colliculus,,1.0,commissure of inferior colliculus,0.602064,correct,388,1_highconf_correct.csv,390,aligned,high,0.95,Direct match; minor article difference ('the' omitted) - accepted synonym.,aligned,high,1.0,The top1_name is a synonym without the article 'the'; same commissure of superior colliculus.,aligned,high,0.99,Same commissure; only missing 'the' from query.,aligned,high,0.98,3/3,False,3-0,stable,Direct match; minor article difference ('the' omitted) - accepted synonym. | The top1_name is a synonym without the article 'the'; same commissure of superior colliculus. | Same commissure; only missing 'the' from query.,,
species,Nucleus of the trapezoid body,high_confidence,0.950614,HOMBA:12458,nucleus of trapezoid body,bm25+fuzzy+hierarchy_parent,Nucleus of the trapezoid body,nucleus of trapezoid body,,1.0,trapezoid body,0.741462,correct,389,1_highconf_correct.csv,391,aligned,high,0.95,Direct match; minor article difference ('the' omitted) - accepted synonym.,aligned,high,1.0,The top1_name removes 'the' but denotes the identical nucleus of trapezoid body.,aligned,high,0.99,Same nucleus; minor stop-word difference.,aligned,high,0.98,3/3,False,3-0,stable,Direct match; minor article difference ('the' omitted) - accepted synonym. | The top1_name removes 'the' but denotes the identical nucleus of trapezoid body. | Same nucleus; minor stop-word difference.,,
species,Brachium of the superior colliculus,high_confidence,0.948553,HOMBA:12328,brachium of superior colliculus,bm25+fuzzy,Brachium of the superior colliculus,brachium of superior colliculus,,1.0,superior colliculus,0.753545,correct,390,1_highconf_correct.csv,392,aligned,high,1.0,"top1_name is a direct synonym with 'the' omitted, standard variant.",aligned,high,1.0,Exact match after minor word-order variation ('of the' vs 'of').,aligned,high,0.98,Minor word-order variation; same anatomical structure.,aligned,high,0.9933,3/3,False,3-0,stable,"top1_name is a direct synonym with 'the' omitted, standard variant. | Exact match after minor word-order variation ('of the' vs 'of'). | Minor word-order variation; same anatomical structure.",,
species,Dorsal raphe,high_confidence,0.947851,HOMBA:12223,dorsal raphe nucleus,bm25+fuzzy,Dorsal raphe,dorsal raphe nuclei,dorsal,1.0,cap of dorsal raphe nucleus,0.778654,correct,391,1_highconf_correct.csv,393,aligned,high,1.0,top1_name is the full name of the same structure; 'dorsal raphe' commonly refers to the nucleus.,aligned,high,1.0,'Dorsal raphe' is a standard abbreviation for dorsal raphe nucleus.,aligned,high,0.95,'Dorsal raphe' is a standard shorthand for the dorsal raphe nucleus.,aligned,high,0.9833,3/3,False,3-0,stable,top1_name is the full name of the same structure; 'dorsal raphe' commonly refers to the nucleus. | 'Dorsal raphe' is a standard abbreviation for dorsal raphe nucleus. | 'Dorsal raphe' is a standard shorthand for the dorsal raphe nucleus.,,
species,Bed nucleus of the stria terminalis,high_confidence,0.947234,HOMBA:10384,bed nucleus of stria terminalis,bm25+fuzzy,Bed nucleus of the stria terminalis,bed nucleus of stria terminalis,,1.0,stria terminalis,0.338265,correct,392,1_highconf_correct.csv,394,aligned,high,1.0,Synonym with 'the' omitted; identical structure.,aligned,high,1.0,Minor synonym: 'bed nucleus of the stria terminalis' matches 'bed nucleus of stria terminalis'.,aligned,high,0.98,Difference only in a definite article; same entity.,aligned,high,0.9933,3/3,False,3-0,stable,Synonym with 'the' omitted; identical structure. | Minor synonym: 'bed nucleus of the stria terminalis' matches 'bed nucleus of stria terminalis'. | Difference only in a definite article; same entity.,,
species,Accumbens nucleus,high_confidence,0.94,HOMBA:10339,nucleus accumbens,bm25+fuzzy+hierarchy_parent,nucleus accumbens nucleus,nucleus accumbens,,1.0,core of nucleus accumbens,0.613926,correct,393,1_highconf_correct.csv,395,aligned,high,1.0,Standard word-order variant of the same structure.,aligned,high,1.0,'Accumbens nucleus' and 'nucleus accumbens' are standard synonyms.,aligned,high,0.99,'Accumbens nucleus' and 'nucleus accumbens' are equivalent terms.,aligned,high,0.9967,3/3,False,3-0,stable,Standard word-order variant of the same structure. | 'Accumbens nucleus' and 'nucleus accumbens' are standard synonyms. | 'Accumbens nucleus' and 'nucleus accumbens' are equivalent terms.,,
species,Periaqueductal gray,high_confidence,0.94,HOMBA:AA30359,periaqueductal gray region,bm25+fuzzy,Periaqueductal gray,periaqueductal gray region,,1.0,periaqueductal gray substance,0.845546,correct,394,1_highconf_correct.csv,396,aligned,high,1.0,"top1_name is a synonym including 'region', same structure.",aligned,high,1.0,'Periaqueductal gray' and 'periaqueductal gray region' refer to the same structure.,aligned,high,0.97,'Periaqueductal gray' and 'periaqueductal gray region' refer to the same structure.,aligned,high,0.99,3/3,False,3-0,stable,"top1_name is a synonym including 'region', same structure. | 'Periaqueductal gray' and 'periaqueductal gray region' refer to the same structure. | 'Periaqueductal gray' and 'periaqueductal gray region' refer to the same structure.",,
species,Fimbria of the hippocampus,high_confidence,0.928336,HOMBA:10575,fimbria,bm25+fuzzy,Fimbria of the hippocampus,fimbria of hippocampus,,1.0,hippocampal proper (Cornu Ammonis),0.381246,correct,395,1_highconf_correct.csv,397,aligned,high,1.0,top1_name 'fimbria' is a direct synonym for the query 'Fimbria of the hippocampus'.,aligned,high,1.0,"Top1 'fimbria' is a standard short form for 'fimbria of the hippocampus', directly naming the same structure.",aligned,high,0.99,"'fimbria' is standard shorthand for fimbria of hippocampus, directly matching the query.",aligned,high,0.9967,3/3,False,3-0,stable,"top1_name 'fimbria' is a direct synonym for the query 'Fimbria of the hippocampus'. | Top1 'fimbria' is a standard short form for 'fimbria of the hippocampus', directly naming the same structure. | 'fimbria' is standard shorthand for fimbria of hippocampus, directly matching the query.",,
species,Lateral Posterior Thalamus,high_confidence,0.904161,HOMBA:10408,lateral posterior nucleus of thalamus,bm25+fuzzy,Lateral Posterior Thalamus,lateral posterior nuclei of thalamus,lateral;posterior,1.0,posterior nucleus of thalamus,0.672721,correct,396,1_highconf_correct.csv,398,aligned,high,1.0,top1_name 'lateral posterior nucleus of thalamus' is a standard name for 'Lateral Posterior Thalamus'.,aligned,high,1.0,Top1 'lateral posterior nucleus of thalamus' matches the query 'Lateral Posterior Thalamus' as the specific nucleus.,aligned,high,0.99,'Lateral Posterior Thalamus' is common shorthand for lateral posterior nucleus of thalamus.,aligned,high,0.9967,3/3,False,3-0,stable,top1_name 'lateral posterior nucleus of thalamus' is a standard name for 'Lateral Posterior Thalamus'. | Top1 'lateral posterior nucleus of thalamus' matches the query 'Lateral Posterior Thalamus' as the specific nucleus. | 'Lateral Posterior Thalamus' is common shorthand for lateral posterior nucleus of thalamus.,,
species,Ventral Anterior Thalamus,high_confidence,0.90125,HOMBA:10417,ventral anterior nucleus of thalamus,bm25+fuzzy,Ventral Anterior Thalamus,ventral anterior nuclei of thalamus,ventral,1.0,anterior nuclear complex of thalamus,0.463345,correct,397,1_highconf_correct.csv,399,aligned,high,1.0,top1_name 'ventral anterior nucleus of thalamus' matches the query 'Ventral Anterior Thalamus'.,aligned,high,1.0,Top1 'ventral anterior nucleus of thalamus' matches the query 'Ventral Anterior Thalamus' as the specific nucleus.,aligned,high,0.99,'Ventral Anterior Thalamus' is common shorthand for ventral anterior nucleus of thalamus.,aligned,high,0.9967,3/3,False,3-0,stable,top1_name 'ventral anterior nucleus of thalamus' matches the query 'Ventral Anterior Thalamus'. | Top1 'ventral anterior nucleus of thalamus' matches the query 'Ventral Anterior Thalamus' as the specific nucleus. | 'Ventral Anterior Thalamus' is common shorthand for ventral anterior nucleus of thalamus.,,
corpus,Area 43,high_confidence,1.0,HOMBA:AA30017,caudal division of subcentral cortex (area 43),bm25+exact+fuzzy,Area 43,Area 43,,1.0,rostral division of subcentral cortex (area 43),1.0,questionable,398,2_highconf_incorrect.csv,2,aligned,high,1.0,"top1_name includes 'area 43' explicitly, aligning with query 'Area 43'.",aligned,high,1.0,"Top1 includes 'area 43' explicitly, directly matching the query.",aligned,high,1.0,"'Area 43' matches Brodmann area 43, exactly the top1 name with its parenthetical synonym.",aligned,high,1.0,3/3,False,3-0,stable,"top1_name includes 'area 43' explicitly, aligning with query 'Area 43'. | Top1 includes 'area 43' explicitly, directly matching the query. | 'Area 43' matches Brodmann area 43, exactly the top1 name with its parenthetical synonym.",,
corpus,Middle frontal gyrus (middle),high_confidence,1.0,HOMBA:12116,middle frontal gyrus,bm25+exact+fuzzy,Middle frontal gyrus,Middle frontal gyrus,middle,1.0,middle ectosylvian gyrus,0.456844,correct_parent,399,2_highconf_incorrect.csv,3,aligned,high,1.0,"top1_name 'middle frontal gyrus' directly matches the core query term, ignoring redundant modifier.",aligned,high,1.0,Top1 'middle frontal gyrus' matches the core query 'Middle frontal gyrus'; parenthetical 'middle' does not conflict.,broader_parent,medium,0.7,"Query likely specifies middle subregion of middle frontal gyrus; top1 is the whole gyrus, a broader parent.",aligned,medium,0.9,2/3,True,2-1,majority_vote,"top1_name 'middle frontal gyrus' directly matches the core query term, ignoring redundant modifier. | Top1 'middle frontal gyrus' matches the core query 'Middle frontal gyrus'; parenthetical 'middle' does not conflict. | Query likely specifies middle subregion of middle frontal gyrus; top1 is the whole gyrus, a broader parent.",,
corpus,Vestibular nucleus,high_confidence,1.0,HOMBA:12448,vestibular nuclei in pons,bm25+exact+fuzzy+hierarchy_parent,Vestibular nucleus,Vestibular nucleus,,1.0,vestibular nuclei in medulla,0.816733,questionable,400,2_highconf_incorrect.csv,4,aligned,high,0.95,'Vestibular nuclei in pons' is a conventional plural and locational variant of 'Vestibular nucleus'; synonymous.,aligned,high,0.95,Top1 matches the query; plural form and location specification are acceptable synonyms.,aligned,high,0.95,Query 'Vestibular nucleus' is commonly used for the vestibular nuclear complex; top1 adds location but refers to same structure.,aligned,high,0.95,3/3,False,3-0,stable,'Vestibular nuclei in pons' is a conventional plural and locational variant of 'Vestibular nucleus'; synonymous. | Top1 matches the query; plural form and location specification are acceptable synonyms. | Query 'Vestibular nucleus' is commonly used for the vestibular nuclear complex; top1 adds location but refers to same structure.,,
corpus,Ventral posterior internal thalamic nucleus,high_confidence,0.968565,HOMBA:10423,ventral posterior nuclear complex of thalamus,bm25+fuzzy,Ventral posterior internal thalamic nucleus,ventral posterior thalamic nucleus,ventral;posterior,1.0,ventral posterior inferior nucleus,0.784292,questionable,401,2_highconf_incorrect.csv,5,broader_parent,high,0.95,'Ventral posterior internal thalamic nucleus' is a subnucleus of 'ventral posterior nuclear complex'; top1 is broader parent.,broader_parent,high,0.9,Top1 is the broader nuclear complex that includes the internal subnucleus; accurate parent.,broader_parent,high,0.95,"Query likely refers to ventral posterior medial nucleus; top1 is the entire ventral posterior complex, anatomically correct parent.",broader_parent,high,0.9333,3/3,False,3-0,stable,"'Ventral posterior internal thalamic nucleus' is a subnucleus of 'ventral posterior nuclear complex'; top1 is broader parent. | Top1 is the broader nuclear complex that includes the internal subnucleus; accurate parent. | Query likely refers to ventral posterior medial nucleus; top1 is the entire ventral posterior complex, anatomically correct parent.",,
corpus,Internal globus pallidus,high_confidence,0.938625,HOMBA:10342,globus pallidus (paleostriatum),bm25+fuzzy+hierarchy_parent,Internal globus pallidus,globus pallidus (paleostriatum),,1.0,internal division of globus pallidus,0.858625,questionable,402,2_highconf_incorrect.csv,6,broader_parent,high,0.95,'Internal globus pallidus' is a subdivision of 'globus pallidus'; top1 is the whole structure (parent).,broader_parent,high,0.9,"Top1 is the whole globus pallidus, broader than the internal segment; valid parent.",broader_parent,high,0.95,"Query specifies internal segment of globus pallidus; top1 is the whole globus pallidus, the broader parent structure.",broader_parent,high,0.9333,3/3,False,3-0,stable,"'Internal globus pallidus' is a subdivision of 'globus pallidus'; top1 is the whole structure (parent). | Top1 is the whole globus pallidus, broader than the internal segment; valid parent. | Query specifies internal segment of globus pallidus; top1 is the whole globus pallidus, the broader parent structure.",,
corpus,Anterior nucleus (thalamus),high_confidence,0.923571,HOMBA:10410,rostral division of pulvinar,bm25+fuzzy,Anterior nucleus,anterior nucleus of pulvinar,thalamus,1.0,ventral anterior nucleus of thalamus,0.905634,wrong,403,2_highconf_incorrect.csv,7,wrong,high,0.98,Anterior nucleus (thalamus) is distinct from rostral division of pulvinar; top1 is a different thalamic nucleus.,wrong,medium,0.7,"Query likely refers to anterior thalamic nucleus, but top1 is rostral pulvinar; different structures.",wrong,high,0.98,"Anterior nucleus (thalamus) is a distinct limbic thalamic nucleus; pulvinar's rostral division is a different structure, not a match.",wrong,high,0.8867,3/3,False,3-0,stable,"Anterior nucleus (thalamus) is distinct from rostral division of pulvinar; top1 is a different thalamic nucleus. | Query likely refers to anterior thalamic nucleus, but top1 is rostral pulvinar; different structures. | Anterior nucleus (thalamus) is a distinct limbic thalamic nucleus; pulvinar's rostral division is a different structure, not a match.",,
species,Basal Nucleus,high_confidence,1.0,HOMBA:10332,basal ganglia (basal nuclei),bm25+exact+fuzzy+hierarchy_parent,Basal Nucleus,Basal Nucleus,,1.0,basolateral nucleus (basal nucleus) of amygdala,1.0,questionable,404,2_highconf_incorrect.csv,8,aligned,medium,0.8,"'Basal Nucleus' can synonymously refer to 'basal ganglia (basal nuclei)', though singular/plural difference; plausible.",ambiguous,medium,0.6,Query singular 'Basal Nucleus' may refer to nucleus basalis or be a variant for basal ganglia; top1 is basal ganglia.,aligned,high,0.95,Basal Nucleus is a synonym for basal ganglia; top1 is exactly the same anatomical entity.,aligned,medium,0.7833,2/3,True,2-1,majority_vote,"'Basal Nucleus' can synonymously refer to 'basal ganglia (basal nuclei)', though singular/plural difference; plausible. | Query singular 'Basal Nucleus' may refer to nucleus basalis or be a variant for basal ganglia; top1 is basal ganglia. | Basal Nucleus is a synonym for basal ganglia; top1 is exactly the same anatomical entity.",,
species,"Lateral posterior thalamic nucleus, lateral part",high_confidence,1.0,HOMBA:10408,lateral posterior nucleus of thalamus,bm25+fuzzy,"Lateral posterior thalamic nucleus, lateral part",lateral posterior thalamic nucleus,lateral;posterior,1.0,posterior nucleus of thalamus,0.87,correct_parent,405,2_highconf_incorrect.csv,9,broader_parent,high,0.95,Top1 names the parent nucleus (lateral posterior nucleus of thalamus) while query specifies a subpart (lateral part). Anatomically correct but broader.,broader_parent,high,1.0,Top1 is the parent nucleus of the queried subpart (lateral part) minus the modifier.,partial_or_narrower,high,0.95,"Query specifies 'lateral part' of lateral posterior thalamic nucleus; top1 is the whole nucleus, missing the part-specific subdivision.",broader_parent,medium,0.9667,2/3,True,2-1,majority_vote,"Top1 names the parent nucleus (lateral posterior nucleus of thalamus) while query specifies a subpart (lateral part). Anatomically correct but broader. | Top1 is the parent nucleus of the queried subpart (lateral part) minus the modifier. | Query specifies 'lateral part' of lateral posterior thalamic nucleus; top1 is the whole nucleus, missing the part-specific subdivision.",,
species,"Lateral posterior thalamic nucleus, mediocaudal part",high_confidence,1.0,HOMBA:10408,lateral posterior nucleus of thalamus,bm25+fuzzy,lateral posterior nucleus of thalamus mediocaudal part,lateral posterior nucleus of thalamus,lateral;posterior,1.0,posterior nucleus of thalamus,0.800278,correct_parent,406,2_highconf_incorrect.csv,10,broader_parent,high,0.95,"Top1 names the parent nucleus, query specifies mediocaudal part. Broader but correct parent.",broader_parent,high,1.0,Top1 is the parent nucleus of the queried subpart (mediocaudal part) minus the modifier.,partial_or_narrower,high,0.95,"Query specifies 'mediocaudal part'; top1 is the entire lateral posterior nucleus, not the subregion.",broader_parent,medium,0.9667,2/3,True,2-1,majority_vote,"Top1 names the parent nucleus, query specifies mediocaudal part. Broader but correct parent. | Top1 is the parent nucleus of the queried subpart (mediocaudal part) minus the modifier. | Query specifies 'mediocaudal part'; top1 is the entire lateral posterior nucleus, not the subregion.",,
species,"Lateral posterior thalamic nucleus, mediorostral part",high_confidence,1.0,HOMBA:10408,lateral posterior nucleus of thalamus,bm25+fuzzy,lateral posterior nucleus of thalamus mediorostral part,lateral posterior nucleus of thalamus,lateral;posterior,1.0,posterior nucleus of thalamus,0.792955,correct_parent,407,2_highconf_incorrect.csv,11,broader_parent,high,0.95,"Top1 names the parent nucleus, query specifies mediorostral part. Broader but correct parent.",broader_parent,high,1.0,Top1 is the parent nucleus of the queried subpart (mediorostral part) minus the modifier.,partial_or_narrower,high,0.95,"Query specifies 'mediorostral part'; top1 is the whole nucleus, not the requested subpart.",broader_parent,medium,0.9667,2/3,True,2-1,majority_vote,"Top1 names the parent nucleus, query specifies mediorostral part. Broader but correct parent. | Top1 is the parent nucleus of the queried subpart (mediorostral part) minus the modifier. | Query specifies 'mediorostral part'; top1 is the whole nucleus, not the requested subpart.",,
species,Vestibular Nucleus,high_confidence,1.0,HOMBA:12448,vestibular nuclei in pons,bm25+exact+fuzzy+hierarchy_parent,Vestibular Nucleus,Vestibular Nucleus,,1.0,vestibular nuclei in medulla,0.816733,questionable,408,2_highconf_incorrect.csv,12,partial_or_narrower,medium,0.85,"Query is general 'Vestibular Nucleus', top1 specifies 'vestibular nuclei in pons', a narrower region. Anatomically related but more specific.",broader_parent,medium,0.8,"Query 'Vestibular Nucleus' singular may refer to a specific nucleus; top1 is the plural group 'vestibular nuclei in pons', a valid parent.",aligned,high,0.95,"Vestibular Nucleus refers to the vestibular nuclear complex; top1 'vestibular nuclei in pons' is the same entity, plural form and locational qualifier do not change identity.",no_consensus,low,0.8667,1/3,True,1-1-1,split_vote,"Query is general 'Vestibular Nucleus', top1 specifies 'vestibular nuclei in pons', a narrower region. Anatomically related but more specific. | Query 'Vestibular Nucleus' singular may refer to a specific nucleus; top1 is the plural group 'vestibular nuclei in pons', a valid parent. | Vestibular Nucleus refers to the vestibular nuclear complex; top1 'vestibular nuclei in pons' is the same entity, plural form and locational qualifier do not change identity.",,
species,Lateral olfactory tract,high_confidence,0.9975,HOMBA:10309,nucleus of lateral olfactory tract,bm25+fuzzy,Lateral olfactory tract,nucleus of lateral olfactory tract,lateral,1.0,olfactory tract,0.742101,questionable,409,2_highconf_incorrect.csv,13,wrong,high,0.95,"Query is a tract (lateral olfactory tract), top1 is a nucleus (nucleus of lateral olfactory tract). Different anatomical structures.",wrong,high,1.0,"Query is a tract (fiber bundle), top1 is a nucleus; these are anatomically distinct structures.",wrong,high,1.0,"Query is the lateral olfactory tract (fiber bundle); top1 is the nucleus of the lateral olfactory tract, a distinct cell group.",wrong,high,0.9833,3/3,False,3-0,stable,"Query is a tract (lateral olfactory tract), top1 is a nucleus (nucleus of lateral olfactory tract). Different anatomical structures. | Query is a tract (fiber bundle), top1 is a nucleus; these are anatomically distinct structures. | Query is the lateral olfactory tract (fiber bundle); top1 is the nucleus of the lateral olfactory tract, a distinct cell group.",,
species,Medial parietal cortex,high_confidence,0.9975,HOMBA:10215,superior medial parietal cortex,bm25+fuzzy,Medial parietal cortex,superior medial parietal cortex,medial,1.0,medial (caudal) entorhinal cortex,0.395176,questionable,410,2_highconf_incorrect.csv,14,partial_or_narrower,high,0.95,"top1 is a subdivision (superior part) of the queried medial parietal cortex, thus narrower.",partial_or_narrower,high,0.95,"Top1 names a subdivision (superior part) of the query's medial parietal cortex, so it is narrower.",partial_or_narrower,high,0.95,"top1 is superior medial parietal cortex, a specific subregion of the broader medial parietal cortex queried.",partial_or_narrower,high,0.95,3/3,False,3-0,stable,"top1 is a subdivision (superior part) of the queried medial parietal cortex, thus narrower. | Top1 names a subdivision (superior part) of the query's medial parietal cortex, so it is narrower. | top1 is superior medial parietal cortex, a specific subregion of the broader medial parietal cortex queried.",,
species,"Ventral cochlear nucleus, cap area",high_confidence,0.9975,HOMBA:12439,ventral cochlear nucleus,bm25+fuzzy,"Ventral cochlear nucleus, cap area",ventral cochlear nucleus,ventral,1.0,"ventral cochlear nucleus, caudal division",0.872049,correct_parent,411,2_highconf_incorrect.csv,15,broader_parent,high,0.98,Query specifies cap area of ventral cochlear nucleus; top1 is the parent structure without the subregion.,broader_parent,high,0.95,"Top1 is the whole ventral cochlear nucleus, while query specified its cap area; top1 is parent structure.",broader_parent,high,0.95,query specifies the cap area of the ventral cochlear nucleus; top1 returns the entire nucleus (broader parent).,broader_parent,high,0.96,3/3,False,3-0,stable,"Query specifies cap area of ventral cochlear nucleus; top1 is the parent structure without the subregion. | Top1 is the whole ventral cochlear nucleus, while query specified its cap area; top1 is parent structure. | query specifies the cap area of the ventral cochlear nucleus; top1 returns the entire nucleus (broader parent).",,
species,"Inferior colliculus, dorsal cortex",high_confidence,0.972659,HOMBA:12307,dorsal central nucleus of inferior colliculus,bm25+fuzzy,"Inferior colliculus, dorsal cortex",dorsal cortex of inferior colliculus,dorsal,1.0,inferior colliculus,0.655,questionable,412,2_highconf_incorrect.csv,16,wrong,medium,0.7,"Query asks for dorsal cortex of inferior colliculus, but top1 is dorsal central nucleus, a different subregion.",wrong,high,0.95,"Top1 is dorsal central nucleus of inferior colliculus, not the dorsal cortex as queried; different subregion.",wrong,high,0.95,dorsal cortex of inferior colliculus is not the same as dorsal central nucleus; they are distinct subdivisions.,wrong,high,0.8667,3/3,False,3-0,stable,"Query asks for dorsal cortex of inferior colliculus, but top1 is dorsal central nucleus, a different subregion. | Top1 is dorsal central nucleus of inferior colliculus, not the dorsal cortex as queried; different subregion. | dorsal cortex of inferior colliculus is not the same as dorsal central nucleus; they are distinct subdivisions.",,
species,"Ventral cochlear nucleus, anterior part",high_confidence,0.968684,HOMBA:12439,ventral cochlear nucleus,bm25+fuzzy,"Ventral cochlear nucleus, anterior part",ventral cochlear nucleus,ventral,1.0,"ventral cochlear nucleus, rostral division",0.829934,correct_parent,413,2_highconf_incorrect.csv,17,broader_parent,high,0.98,Query specifies anterior part of ventral cochlear nucleus; top1 is the broader ventral cochlear nucleus.,broader_parent,high,0.95,"Top1 is the whole ventral cochlear nucleus, while query asked for anterior part; parent structure.",broader_parent,high,0.95,query specifies anterior part of ventral cochlear nucleus; top1 is the entire nucleus (broader parent).,broader_parent,high,0.96,3/3,False,3-0,stable,"Query specifies anterior part of ventral cochlear nucleus; top1 is the broader ventral cochlear nucleus. | Top1 is the whole ventral cochlear nucleus, while query asked for anterior part; parent structure. | query specifies anterior part of ventral cochlear nucleus; top1 is the entire nucleus (broader parent).",,
species,Lateral hypothalamic area,high_confidence,0.967588,HOMBA:10494,"lateral hypothalamic area, tuberal part",bm25+fuzzy,Lateral hypothalamic area,tuberal part lateral hypothalamic area,lateral,1.0,"lateral  hypothalamic area, mammillary part",0.931484,questionable,414,2_highconf_incorrect.csv,18,partial_or_narrower,high,0.95,"Query is lateral hypothalamic area; top1 is a specific part (tuberal part), so narrower.",partial_or_narrower,high,0.95,Top1 is a specific subdivision (tuberal part) of the broader lateral hypothalamic area queried.,partial_or_narrower,high,0.95,"top1 is tuberal part of lateral hypothalamic area, a narrower subregion of the queried broader area.",partial_or_narrower,high,0.95,3/3,False,3-0,stable,"Query is lateral hypothalamic area; top1 is a specific part (tuberal part), so narrower. | Top1 is a specific subdivision (tuberal part) of the broader lateral hypothalamic area queried. | top1 is tuberal part of lateral hypothalamic area, a narrower subregion of the queried broader area.",,
species,Posterior interstitial nucleus of the anterior commissure,high_confidence,0.956666,HOMBA:12194,interstitial nucleus of posterior commissure (nucleus of posterior commissure),bm25+fuzzy,Posterior interstitial nucleus of the anterior commissure,interstitial nucleus of posterior commissure,posterior,1.0,interstitial nucleus of posterior limb of anterior commissure (fundus of striatum),0.94138,questionable,415,2_highconf_incorrect.csv,19,wrong,high,0.95,"Query specifies anterior commissure, top1 returns posterior commissure; these are different structures.",wrong,high,0.95,"Query specifies anterior commissure; top1 is interstitial nucleus of posterior commissure, which is anatomically distinct.",wrong,high,0.99,Query refers to nucleus near anterior commissure; top1 is nucleus of posterior commissure. Distinct structures.,wrong,high,0.9633,3/3,False,3-0,stable,"Query specifies anterior commissure, top1 returns posterior commissure; these are different structures. | Query specifies anterior commissure; top1 is interstitial nucleus of posterior commissure, which is anatomically distinct. | Query refers to nucleus near anterior commissure; top1 is nucleus of posterior commissure. Distinct structures.",,
species,Internal globus pallidus,high_confidence,0.938625,HOMBA:10342,globus pallidus (paleostriatum),bm25+fuzzy+hierarchy_parent,Internal globus pallidus,globus pallidus (paleostriatum),,1.0,internal division of globus pallidus,0.858625,questionable,416,2_highconf_incorrect.csv,20,broader_parent,high,0.95,Internal globus pallidus is a subdivision of globus pallidus; top1 is the parent structure.,broader_parent,high,0.95,"Query refers to internal segment; top1 is the whole globus pallidus, which is a broader anatomical structure but correct parent.",broader_parent,high,0.96,"'Internal globus pallidus' is GPi, a subdivision of globus pallidus; top1 is the full pallidum, a broader parent.",broader_parent,high,0.9533,3/3,False,3-0,stable,"Internal globus pallidus is a subdivision of globus pallidus; top1 is the parent structure. | Query refers to internal segment; top1 is the whole globus pallidus, which is a broader anatomical structure but correct parent. | 'Internal globus pallidus' is GPi, a subdivision of globus pallidus; top1 is the full pallidum, a broader parent.",,
species,Ansiform Lobule Crus1,high_confidence,0.936667,HOMBA:AA30411,lobule VII (semilunar-gracile lobule),bm25+hierarchy_parent,Ansiform Lobule Crus1,lobule VII (semilunar-gracile lobule),,1.0,lobule VIIA (semilunar lobule/ansiform lobule),0.856667,questionable,417,2_highconf_incorrect.csv,21,wrong,high,0.95,Ansiform lobule crus1 is a hemispheric cerebellar structure; lobule VII is vermian and not equivalent.,broader_parent,medium,0.8,"Query is Ansiform Lobule Crus1, which is a subdivision of lobule VII; top1 is lobule VII, a broader parent.",broader_parent,high,0.95,"'Ansiform Lobule Crus1' is part of ansiform lobule/lobule VII; top1 is lobule VII (parent), which contains both crura.",broader_parent,medium,0.9,2/3,True,2-1,majority_vote,"Ansiform lobule crus1 is a hemispheric cerebellar structure; lobule VII is vermian and not equivalent. | Query is Ansiform Lobule Crus1, which is a subdivision of lobule VII; top1 is lobule VII, a broader parent. | 'Ansiform Lobule Crus1' is part of ansiform lobule/lobule VII; top1 is lobule VII (parent), which contains both crura.",,
species,Ansiform Lobule Crus2,high_confidence,0.936667,HOMBA:AA30411,lobule VII (semilunar-gracile lobule),bm25+hierarchy_parent,Ansiform Lobule Crus2,lobule VII (semilunar-gracile lobule),,1.0,lobule VIIA (semilunar lobule/ansiform lobule),0.856667,questionable,418,2_highconf_incorrect.csv,22,wrong,high,0.95,"Ansiform lobule crus2 is hemispheric, not equivalent to vermian lobule VII.",broader_parent,medium,0.8,"Query is Ansiform Lobule Crus2, which is a subdivision of lobule VII; top1 is lobule VII, a broader parent.",broader_parent,high,0.95,"'Ansiform Lobule Crus2' is part of ansiform lobule/lobule VII; top1 is lobule VII (parent), which contains both crura.",broader_parent,medium,0.9,2/3,True,2-1,majority_vote,"Ansiform lobule crus2 is hemispheric, not equivalent to vermian lobule VII. | Query is Ansiform Lobule Crus2, which is a subdivision of lobule VII; top1 is lobule VII, a broader parent. | 'Ansiform Lobule Crus2' is part of ansiform lobule/lobule VII; top1 is lobule VII (parent), which contains both crura.",,
species,Posterior intralaminar nucleus,high_confidence,0.934768,HOMBA:10448,caudal intralaminar nuclei of thalamus,bm25+fuzzy,Posterior intralaminar nucleus,posterior group of intralaminar nucleus,posterior,1.0,posterior marginal (intralaminar) nucleus of thalamus (PIL),0.788928,questionable,419,2_highconf_incorrect.csv,23,broader_parent,high,0.95,Posterior intralaminar nucleus is part of the caudal intralaminar nuclei group; top1 is the broader group.,broader_parent,high,0.9,"Query is posterior intralaminar nucleus; top1 is broader group of caudal intralaminar nuclei, which includes the posterior part.",aligned,high,0.98,"'Posterior intralaminar nucleus' matches caudal/posterior intralaminar group; top1 is the same, just plural.",broader_parent,medium,0.9433,2/3,True,2-1,majority_vote,"Posterior intralaminar nucleus is part of the caudal intralaminar nuclei group; top1 is the broader group. | Query is posterior intralaminar nucleus; top1 is broader group of caudal intralaminar nuclei, which includes the posterior part. | 'Posterior intralaminar nucleus' matches caudal/posterior intralaminar group; top1 is the same, just plural.",,
species,"Inferior colliculus, central nucleus",high_confidence,0.933772,HOMBA:12305,inferior colliculus,bm25+hierarchy_parent,"Inferior colliculus, central nucleus",inferior colliculus,,1.0,central nucleus of inferior colliculus,0.853772,questionable,420,2_highconf_incorrect.csv,24,broader_parent,high,0.95,"Query specifies a subregion (central nucleus) of the inferior colliculus; top1 is the parent structure, anatomically correct.",broader_parent,high,0.95,Top1 returns the parent structure (inferior colliculus) for query referring to its central nucleus.,partial_or_narrower,high,0.95,"Query specifies central nucleus of inferior colliculus; top1 is only the broader inferior colliculus, missing the nucleus subdivision.",broader_parent,medium,0.95,2/3,True,2-1,majority_vote,"Query specifies a subregion (central nucleus) of the inferior colliculus; top1 is the parent structure, anatomically correct. | Top1 returns the parent structure (inferior colliculus) for query referring to its central nucleus. | Query specifies central nucleus of inferior colliculus; top1 is only the broader inferior colliculus, missing the nucleus subdivision.",,
species,"Lateral lemniscus, commissure",high_confidence,0.929524,HOMBA:12760,lateral lemniscus,bm25+fuzzy,"Lateral lemniscus, commissure",lateral lemniscus,lateral,1.0,nuclei of lateral lemniscus,0.730481,correct_parent,421,2_highconf_incorrect.csv,25,broader_parent,high,0.95,Query specifies commissure of lateral lemniscus; top1 is the broader lateral lemniscus.,broader_parent,high,0.95,"Query specifies commissure of lateral lemniscus; top1 is the whole lateral lemniscus, a valid parent.",partial_or_narrower,high,0.95,"Query requests commissure of lateral lemniscus; top1 is the lateral lemniscus itself, not the commissure.",broader_parent,medium,0.95,2/3,True,2-1,majority_vote,"Query specifies commissure of lateral lemniscus; top1 is the broader lateral lemniscus. | Query specifies commissure of lateral lemniscus; top1 is the whole lateral lemniscus, a valid parent. | Query requests commissure of lateral lemniscus; top1 is the lateral lemniscus itself, not the commissure.",,
species,Medial geniculate complex (medial division),high_confidence,0.923334,HOMBA:AA30307,medial geniculate nuclear complex,bm25+fuzzy,Medial geniculate complex,medial geniculate nuclear complex,medial,1.0,lateral geniculate nuclear complex,0.535495,questionable,422,2_highconf_incorrect.csv,26,broader_parent,high,0.95,Query specifies medial division of medial geniculate complex; top1 is the entire nuclear complex.,broader_parent,high,0.9,Top1 is the parent complex; query specifies a division within it.,partial_or_narrower,high,0.95,"Query specifies medial division of medial geniculate complex; top1 is the whole complex, not the specific division.",broader_parent,medium,0.9333,2/3,True,2-1,majority_vote,"Query specifies medial division of medial geniculate complex; top1 is the entire nuclear complex. | Top1 is the parent complex; query specifies a division within it. | Query specifies medial division of medial geniculate complex; top1 is the whole complex, not the specific division.",,
corpus,Frontal eye field,needs_review,0.617023,HOMBA:AA30010,frontal eye field of premotor cortex,bm25+fuzzy,Frontal eye field,frontal eye field of premotor cortex,,1.0,frontal lobe,0.304528,,423,3_unresolved_correct.csv,2,aligned,high,0.98,Top1 is a more descriptive synonym for the frontal eye field.,aligned,high,0.95,Top1 is an expanded name for the same structure (frontal eye field).,aligned,high,0.9,Frontal eye field is synonymous with frontal eye field of premotor cortex; same anatomical structure.,aligned,high,0.9433,3/3,False,3-0,stable,Top1 is a more descriptive synonym for the frontal eye field. | Top1 is an expanded name for the same structure (frontal eye field). | Frontal eye field is synonymous with frontal eye field of premotor cortex; same anatomical structure.,A_effectively_correct,synonym/parent match (review-only flag)
corpus,Fundal superior temporal area,needs_review,0.623143,HOMBA:12139,temporal lobe,bm25+hierarchy_parent,Fundal superior temporal area,temporal lobe,,1.0,medial superior temporal area,0.615103,,424,3_unresolved_correct.csv,3,broader_parent,high,0.95,Query specifies a specific area within the temporal lobe; top1 is the broader temporal lobe.,broader_parent,high,0.95,Top1 returns the broader temporal lobe for a specific subarea.,broader_parent,medium,0.7,Fundal superior temporal area is a specific region within temporal lobe; top1 temporal lobe is a valid higher-order anatomical container but lacks specificity.,broader_parent,high,0.8667,3/3,False,3-0,stable,Query specifies a specific area within the temporal lobe; top1 is the broader temporal lobe. | Top1 returns the broader temporal lobe for a specific subarea. | Fundal superior temporal area is a specific region within temporal lobe; top1 temporal lobe is a valid higher-order anatomical container but lacks specificity.,A_effectively_correct,synonym/parent match (review-only flag)
corpus,Visual area V3,needs_review,0.624612,HOMBA:AA30824,"dorsal third visual area (V3D, V3)",bm25+fuzzy,visual cortex v3,dorsal third visual cortex v3,,1.0,sixth visual area,0.23572,,425,3_unresolved_correct.csv,4,partial_or_narrower,high,0.9,Query 'Visual area V3' is broader; top1 is a specific subdivision (dorsal third visual area) and not the whole V3.,aligned,high,0.95,Top1 is a synonym for V3; includes V3D and V3.,partial_or_narrower,high,0.9,"top1 is dorsal third visual area (V3D, V3), a dorsal subdivision of V3, not the full visual area V3 (which includes ventral V3).",partial_or_narrower,medium,0.9167,2/3,True,2-1,majority_vote,"Query 'Visual area V3' is broader; top1 is a specific subdivision (dorsal third visual area) and not the whole V3. | Top1 is a synonym for V3; includes V3D and V3. | top1 is dorsal third visual area (V3D, V3), a dorsal subdivision of V3, not the full visual area V3 (which includes ventral V3).",A_effectively_correct,synonym/parent match (review-only flag)
corpus,Olfactory cortex,needs_review,0.640353,HOMBA:11371,olfactory division of entorhinal cortex,bm25+fuzzy,Olfactory cortex,olfactory division of entorhinal cortex,,1.0,olfactory tubercle,0.27741,,426,3_unresolved_correct.csv,5,partial_or_narrower,high,0.9,Query 'Olfactory cortex' is a broader region; top1 'olfactory division of entorhinal cortex' is a specific subdivision.,partial_or_narrower,medium,0.75,"Top1 is a specific subdivision (olfactory division of entorhinal cortex), narrower than general olfactory cortex.",partial_or_narrower,high,0.85,"top1 is olfactory division of entorhinal cortex, a small subregion within the broader olfactory cortex; too narrow for the query.",partial_or_narrower,high,0.8333,3/3,False,3-0,stable,"Query 'Olfactory cortex' is a broader region; top1 'olfactory division of entorhinal cortex' is a specific subdivision. | Top1 is a specific subdivision (olfactory division of entorhinal cortex), narrower than general olfactory cortex. | top1 is olfactory division of entorhinal cortex, a small subregion within the broader olfactory cortex; too narrow for the query.",A_effectively_correct,synonym/parent match (review-only flag)
corpus,Middle occipital gyrus,needs_review,0.643905,HOMBA:12148,occipital lobe,bm25+fuzzy+hierarchy_parent,Middle occipital gyrus,occipital lobe,,1.0,middle ectosylvian gyrus,0.576258,,427,3_unresolved_correct.csv,6,broader_parent,high,0.95,"Query 'Middle occipital gyrus' is a gyrus within the top1 'occipital lobe', which is a broader anatomical parent.",broader_parent,high,0.95,Occipital lobe is the broader parent structure containing the middle occipital gyrus.,broader_parent,high,0.95,"top1 is occipital lobe, the parent anatomical structure that contains the middle occipital gyrus; correct but broader.",broader_parent,high,0.95,3/3,False,3-0,stable,"Query 'Middle occipital gyrus' is a gyrus within the top1 'occipital lobe', which is a broader anatomical parent. | Occipital lobe is the broader parent structure containing the middle occipital gyrus. | top1 is occipital lobe, the parent anatomical structure that contains the middle occipital gyrus; correct but broader.",A_effectively_correct,synonym/parent match (review-only flag)
corpus,Medial insular area,needs_review,0.649001,HOMBA:AA30006,medial division of orbitofrontal insular cortex,bm25+fuzzy,Medial insular area,medial division of orbitofrontal insular cortex,medial,1.0,fastigial (medial) nucleus,0.374934,,428,3_unresolved_correct.csv,7,partial_or_narrower,medium,0.7,"Top1 'medial division of orbitofrontal insular cortex' is a specific subdivision that may partially correspond to 'medial insular area', but adds 'orbitofrontal' which is not explicit in query.",aligned,medium,0.7,Medial division of orbitofrontal insular cortex likely corresponds to medial insular area.,partial_or_narrower,medium,0.7,"top1 is medial division of orbitofrontal insular cortex, a specific subregion of the insula; likely a narrower component of the more general 'medial insular area'.",partial_or_narrower,medium,0.7,2/3,True,2-1,majority_vote,"Top1 'medial division of orbitofrontal insular cortex' is a specific subdivision that may partially correspond to 'medial insular area', but adds 'orbitofrontal' which is not explicit in query. | Medial division of orbitofrontal insular cortex likely corresponds to medial insular area. | top1 is medial division of orbitofrontal insular cortex, a specific subregion of the insula; likely a narrower component of the more general 'medial insular area'.",A_effectively_correct,synonym/parent match (review-only flag)
corpus,Visual area V6,needs_review,0.660445,HOMBA:267499151,"sixth visual area V6 , part A",bm25+fuzzy,visual cortex v6,sixth visual cortex v6 part a,,1.0,sixth visual area,0.636783,,429,3_unresolved_correct.csv,8,partial_or_narrower,high,0.95,"Query 'Visual area V6' is general; top1 'sixth visual area V6, part A' is a specific part of V6.",partial_or_narrower,high,0.95,"Top1 is a subpart (part A) of V6, narrower than the general V6 query.",partial_or_narrower,high,0.9,"top1 is sixth visual area V6, part A (V6A), a distinct component of the V6 complex, not the whole visual area V6.",partial_or_narrower,high,0.9333,3/3,False,3-0,stable,"Query 'Visual area V6' is general; top1 'sixth visual area V6, part A' is a specific part of V6. | Top1 is a subpart (part A) of V6, narrower than the general V6 query. | top1 is sixth visual area V6, part A (V6A), a distinct component of the V6 complex, not the whole visual area V6.",A_effectively_correct,synonym/parent match (review-only flag)
corpus,Temporal occipital fusiform cortex,needs_review,0.674326,HOMBA:13324,ventrolateral temporal cortex,bm25+hierarchy_parent,Temporal occipital fusiform cortex,ventrolateral temporal cortex,,1.0,temporal cortex,0.61694,,430,3_unresolved_correct.csv,9,partial_or_narrower,high,0.9,"Top1 is ventrolateral temporal cortex, which does not include occipital or fusiform parts of the query compound region.",wrong,medium,0.7,"Query 'Temporal occipital fusiform cortex' is a specific fusiform region spanning temporal and occipital lobes, but top1 'ventrolateral temporal cortex' is a different lateral temporal area, not an accepted synonym or parent.",broader_parent,high,0.9,Fusiform cortex is part of the ventrolateral temporal cortex; top1 is the correct anatomical parent region.,no_consensus,low,0.8333,1/3,True,1-1-1,split_vote,"Top1 is ventrolateral temporal cortex, which does not include occipital or fusiform parts of the query compound region. | Query 'Temporal occipital fusiform cortex' is a specific fusiform region spanning temporal and occipital lobes, but top1 'ventrolateral temporal cortex' is a different lateral temporal area, not an accepted synonym or parent. | Fusiform cortex is part of the ventrolateral temporal cortex; top1 is the correct anatomical parent region.",A_effectively_correct,synonym/parent match (review-only flag)
corpus,Parietal opercular cortex,needs_review,0.697975,HOMBA:10208,parietal cortex,bm25+fuzzy+hierarchy_parent,Parietal opercular cortex,parietal cortex,,1.0,parietal lobe,0.645648,,431,3_unresolved_correct.csv,10,broader_parent,high,0.95,"Top1 'parietal cortex' is broader than the query 'parietal opercular cortex', which is a subregion.",broader_parent,high,0.95,Query 'Parietal opercular cortex' is a subdivision of the parietal cortex; top1 'parietal cortex' is the valid anatomical parent.,broader_parent,high,0.95,Parietal opercular cortex is a subdivision of the parietal cortex; top1 is the broader parent lobe.,broader_parent,high,0.95,3/3,False,3-0,stable,"Top1 'parietal cortex' is broader than the query 'parietal opercular cortex', which is a subregion. | Query 'Parietal opercular cortex' is a subdivision of the parietal cortex; top1 'parietal cortex' is the valid anatomical parent. | Parietal opercular cortex is a subdivision of the parietal cortex; top1 is the broader parent lobe.",A_effectively_correct,synonym/parent match (review-only flag)
corpus,Anterior pulvinar,needs_review,0.7009,HOMBA:10409,pulvinar of thalamus,bm25+fuzzy+hierarchy_parent,anterior pulvinar of thalamus,pulvinar of thalamus,,1.0,rostral division of pulvinar,0.665213,,432,3_unresolved_correct.csv,11,broader_parent,high,0.95,"Top1 'pulvinar of thalamus' is broader than 'anterior pulvinar', which is a subdivision.",broader_parent,high,0.95,Query 'Anterior pulvinar' specifies a subregion; top1 'pulvinar of thalamus' is the correct parent structure.,broader_parent,high,0.9,"Anterior pulvinar is a part of the pulvinar of thalamus; top1 is the whole nucleus, a broader parent.",broader_parent,high,0.9333,3/3,False,3-0,stable,"Top1 'pulvinar of thalamus' is broader than 'anterior pulvinar', which is a subdivision. | Query 'Anterior pulvinar' specifies a subregion; top1 'pulvinar of thalamus' is the correct parent structure. | Anterior pulvinar is a part of the pulvinar of thalamus; top1 is the whole nucleus, a broader parent.",A_effectively_correct,synonym/parent match (review-only flag)
corpus,Frontal orbital cortex (anterior),needs_review,0.715158,HOMBA:10194,orbital frontal cortex,bm25+fuzzy,Frontal orbital cortex,orbital frontal cortex,anterior,0.0,"lateral orbital frontal cortex (OFCl, area 12/47)",0.643089,,433,3_unresolved_correct.csv,12,broader_parent,high,0.95,Top1 'orbital frontal cortex' is broader than the query's anterior subdivision.,broader_parent,high,0.95,Query 'Frontal orbital cortex (anterior)' requests the anterior part; top1 'orbital frontal cortex' is the broader region without the modifier.,broader_parent,high,0.9,"Query specifies anterior subdivision of frontal orbital cortex; top1 is the whole orbital frontal cortex, a broader parent.",broader_parent,high,0.9333,3/3,False,3-0,stable,"Top1 'orbital frontal cortex' is broader than the query's anterior subdivision. | Query 'Frontal orbital cortex (anterior)' requests the anterior part; top1 'orbital frontal cortex' is the broader region without the modifier. | Query specifies anterior subdivision of frontal orbital cortex; top1 is the whole orbital frontal cortex, a broader parent.",A_effectively_correct,synonym/parent match (review-only flag)
corpus,Frontal orbital cortex (posterior),needs_review,0.715158,HOMBA:10194,orbital frontal cortex,bm25+fuzzy,Frontal orbital cortex,orbital frontal cortex,posterior,0.0,"lateral orbital frontal cortex (OFCl, area 12/47)",0.643089,,434,3_unresolved_correct.csv,13,broader_parent,high,0.95,Top1 'orbital frontal cortex' is broader than the query's posterior subdivision.,broader_parent,high,0.95,Query 'Frontal orbital cortex (posterior)' requests the posterior part; top1 'orbital frontal cortex' is the broader region without the modifier.,broader_parent,high,0.9,"Query specifies posterior subdivision of frontal orbital cortex; top1 is the whole orbital frontal cortex, a broader parent.",broader_parent,high,0.9333,3/3,False,3-0,stable,"Top1 'orbital frontal cortex' is broader than the query's posterior subdivision. | Query 'Frontal orbital cortex (posterior)' requests the posterior part; top1 'orbital frontal cortex' is the broader region without the modifier. | Query specifies posterior subdivision of frontal orbital cortex; top1 is the whole orbital frontal cortex, a broader parent.",A_effectively_correct,synonym/parent match (review-only flag)
corpus,Pre-supplementary motor area (inferior),needs_review,0.7172,HOMBA:AA30012,medial division of area 6 (supplementary motor area),bm25+fuzzy,Pre-supplementary motor area,supplementary motor area,inferior,0.0,"caudal (posterior, inferior) medullary velum",0.57656,,435,3_unresolved_correct.csv,14,wrong,high,0.95,"Query is pre-supplementary motor area, but top1 is supplementary motor area proper; these are distinct adjacent areas.",broader_parent,high,0.9,"Query is Pre-SMA (inferior), top1 is SMA proper (medial division of area 6). Pre-SMA is a subdivision of SMA complex, so top1 is a broader parent.",wrong,high,0.95,"Pre-supplementary motor area is distinct from supplementary motor area (SMA); top1 returns SMA only, not the pre-SMA.",wrong,medium,0.9333,2/3,True,2-1,majority_vote,"Query is pre-supplementary motor area, but top1 is supplementary motor area proper; these are distinct adjacent areas. | Query is Pre-SMA (inferior), top1 is SMA proper (medial division of area 6). Pre-SMA is a subdivision of SMA complex, so top1 is a broader parent. | Pre-supplementary motor area is distinct from supplementary motor area (SMA); top1 returns SMA only, not the pre-SMA.",A_effectively_correct,synonym/parent match (review-only flag)
corpus,Pre-supplementary motor area (superior),needs_review,0.7172,HOMBA:AA30012,medial division of area 6 (supplementary motor area),bm25+fuzzy,Pre-supplementary motor area,supplementary motor area,superior,0.0,"rostral (anterior, superior) medullary velum",0.584945,,436,3_unresolved_correct.csv,15,wrong,high,0.95,"Same issue as 435: pre-supplementary motor area queried, top1 is SMA proper, not pre-SMA.",broader_parent,high,0.9,"Query is Pre-SMA (superior), top1 is SMA proper. Pre-SMA is a subdivision of SMA, making top1 a broader parent.",wrong,high,0.95,"Pre-supplementary motor area is distinct from supplementary motor area (SMA); top1 returns SMA only, not the pre-SMA.",wrong,medium,0.9333,2/3,True,2-1,majority_vote,"Same issue as 435: pre-supplementary motor area queried, top1 is SMA proper, not pre-SMA. | Query is Pre-SMA (superior), top1 is SMA proper. Pre-SMA is a subdivision of SMA, making top1 a broader parent. | Pre-supplementary motor area is distinct from supplementary motor area (SMA); top1 returns SMA only, not the pre-SMA.",A_effectively_correct,synonym/parent match (review-only flag)
corpus,Ventrolateral medulla,needs_review,0.72379,HOMBA:10662,myelencephalon (medulla oblongata),bm25+fuzzy+hierarchy_parent,ventrolateral medulla oblongata,medulla oblongata,,1.0,tegmentum of medulla oblongata,0.604563,,437,3_unresolved_correct.csv,16,broader_parent,high,0.95,"Query is ventrolateral medulla, a subregion; top1 is entire medulla oblongata (parent structure).",broader_parent,high,0.9,"Query is ventrolateral medulla, top1 is entire medulla oblongata (myelencephalon). Ventrolateral medulla is a subregion, so top1 is a broader parent.",broader_parent,high,0.9,"Ventrolateral medulla is a subdivision of the medulla oblongata; top1 returns the whole medulla, a broader parent structure.",broader_parent,high,0.9167,3/3,False,3-0,stable,"Query is ventrolateral medulla, a subregion; top1 is entire medulla oblongata (parent structure). | Query is ventrolateral medulla, top1 is entire medulla oblongata (myelencephalon). Ventrolateral medulla is a subregion, so top1 is a broader parent. | Ventrolateral medulla is a subdivision of the medulla oblongata; top1 returns the whole medulla, a broader parent structure.",A_effectively_correct,synonym/parent match (review-only flag)
corpus,Vagus (spinal accessory) neurons,needs_review,0.729697,HOMBA:AA30587,spinal accessory nucleus,bm25+fuzzy,Vagus (spinal accessory) neurons,spinal accessory nucleus,spinal;accessory;spinal accessory,1.0,roots of spinal accessory nerve,0.680368,,438,3_unresolved_correct.csv,17,partial_or_narrower,high,0.95,Query mentions both vagus and spinal accessory neurons; top1 only covers spinal accessory nucleus.,partial_or_narrower,medium,0.8,"Query mentions both vagus and spinal accessory neurons; top1 covers only spinal accessory nucleus, missing the vagus component.",partial_or_narrower,medium,0.7,"Query references both vagus and spinal accessory neurons; top1 only captures the spinal accessory nucleus, missing the vagus component.",partial_or_narrower,high,0.8167,3/3,False,3-0,stable,"Query mentions both vagus and spinal accessory neurons; top1 only covers spinal accessory nucleus. | Query mentions both vagus and spinal accessory neurons; top1 covers only spinal accessory nucleus, missing the vagus component. | Query references both vagus and spinal accessory neurons; top1 only captures the spinal accessory nucleus, missing the vagus component.",A_effectively_correct,synonym/parent match (review-only flag)
corpus,Visual area V7,needs_review,0.734583,HOMBA:267499179,seventh visual area V7,bm25+fuzzy,visual cortex v7,seventh visual cortex v7,,1.0,sixth visual area,0.23572,,439,3_unresolved_correct.csv,18,aligned,high,0.95,Query 'visual area V7' directly matches top1 'seventh visual area V7'.,aligned,high,1.0,Top1 'seventh visual area V7' is a direct synonym for 'Visual area V7'.,aligned,high,0.98,Top1 name 'seventh visual area V7' is a direct synonym for the query 'Visual area V7'.,aligned,high,0.9767,3/3,False,3-0,stable,Query 'visual area V7' directly matches top1 'seventh visual area V7'. | Top1 'seventh visual area V7' is a direct synonym for 'Visual area V7'. | Top1 name 'seventh visual area V7' is a direct synonym for the query 'Visual area V7'.,A_effectively_correct,synonym/parent match (review-only flag)
corpus,Temporal frontal cortex (anterior),needs_review,0.759299,HOMBA:10241,rostral division of area 22,bm25+fuzzy,Temporal frontal cortex (anterior),anterior   superior temporal cortex,anterior,1.0,frontal cortex,0.676739,,440,3_unresolved_correct.csv,19,partial_or_narrower,high,0.95,"Query 'Temporal frontal cortex (anterior)' suggests both temporal and frontal components; top1 is only temporal (anterior superior temporal cortex), missing frontal.",partial_or_narrower,medium,0.7,"Query includes 'frontal' but top1 is only rostral area 22 (temporal). Matched alias suggests anterior superior temporal cortex, missing frontal part.",source_or_ontology_issue,low,0.3,Query 'Temporal frontal cortex (anterior)' appears misspelled or source-specific. Top1 'rostral division of area 22' is a specific superior temporal region; no clear anatomical mapping to the query.,partial_or_narrower,medium,0.65,2/3,True,2-1,majority_vote+low_certainty,"Query 'Temporal frontal cortex (anterior)' suggests both temporal and frontal components; top1 is only temporal (anterior superior temporal cortex), missing frontal. | Query includes 'frontal' but top1 is only rostral area 22 (temporal). Matched alias suggests anterior superior temporal cortex, missing frontal part. | Query 'Temporal frontal cortex (anterior)' appears misspelled or source-specific. Top1 'rostral division of area 22' is a specific superior temporal region; no clear anatomical mapping to the query.",A_effectively_correct,synonym/parent match (review-only flag)
corpus,Pedunculopontine tegmentum,needs_review,0.761218,HOMBA:12416,pontine tegmentum,bm25+fuzzy+hierarchy_parent,Pedunculopontine tegmentum,pontine tegmentum,,1.0,midbrain tegmentum,0.488982,,441,3_unresolved_correct.csv,20,broader_parent,high,0.95,Pedunculopontine tegmentum is a part of the pontine tegmentum; top1 is the broader parent region.,broader_parent,high,0.9,Top1 'pontine tegmentum' is a broader parent of the more specific 'pedunculopontine tegmentum'.,broader_parent,high,0.95,Pedunculopontine tegmentum is a specific tegmental region; pontine tegmentum is the broader parent structure containing it.,broader_parent,high,0.9333,3/3,False,3-0,stable,Pedunculopontine tegmentum is a part of the pontine tegmentum; top1 is the broader parent region. | Top1 'pontine tegmentum' is a broader parent of the more specific 'pedunculopontine tegmentum'. | Pedunculopontine tegmentum is a specific tegmental region; pontine tegmentum is the broader parent structure containing it.,A_effectively_correct,synonym/parent match (review-only flag)
corpus,Forel's field H1,needs_review,0.766321,HOMBA:10593,thalamic fasciculus (field H1),bm25+fuzzy,Forel's field H1,field H1,,1.0,prerubral field (field H3),0.504949,,442,3_unresolved_correct.csv,21,aligned,high,1.0,Forel's field H1 is directly synonymous with thalamic fasciculus (field H1).,aligned,high,1.0,Forel's field H1 is synonymous with thalamic fasciculus (field H1). Exact match.,aligned,high,0.99,Forel's field H1 is synonymous with the thalamic fasciculus (field H1). Perfect match.,aligned,high,0.9967,3/3,False,3-0,stable,Forel's field H1 is directly synonymous with thalamic fasciculus (field H1). | Forel's field H1 is synonymous with thalamic fasciculus (field H1). Exact match. | Forel's field H1 is synonymous with the thalamic fasciculus (field H1). Perfect match.,A_effectively_correct,synonym/parent match (review-only flag)
corpus,Forel's field H2,needs_review,0.766321,HOMBA:10585,lenticular fasciculus (field H2),bm25+fuzzy,Forel's field H2,field H2,,1.0,prerubral field (field H3),0.504949,,443,3_unresolved_correct.csv,22,aligned,high,1.0,Forel's field H2 is directly synonymous with lenticular fasciculus (field H2).,aligned,high,1.0,Forel's field H2 is synonymous with lenticular fasciculus (field H2). Exact match.,aligned,high,0.99,Forel's field H2 is synonymous with the lenticular fasciculus (field H2). Perfect match.,aligned,high,0.9967,3/3,False,3-0,stable,Forel's field H2 is directly synonymous with lenticular fasciculus (field H2). | Forel's field H2 is synonymous with lenticular fasciculus (field H2). Exact match. | Forel's field H2 is synonymous with the lenticular fasciculus (field H2). Perfect match.,A_effectively_correct,synonym/parent match (review-only flag)
corpus,Paracentral lobule,needs_review,0.789651,HOMBA:12126,"paracentral lobule, rostral part",bm25+fuzzy,Paracentral lobule,"paracentral lobule, rostral part",,1.0,"paracentral lobule, caudal part",0.691583,,444,3_unresolved_correct.csv,23,partial_or_narrower,high,0.95,"Query 'Paracentral lobule' refers to the whole structure; top1 is only the rostral part, a subdivision.",partial_or_narrower,high,0.95,"Query 'Paracentral lobule' is the whole structure, but top1 is only its rostral part.",partial_or_narrower,high,0.95,"Query is the whole paracentral lobule; top1 is only its rostral part, a subdivision.",partial_or_narrower,high,0.95,3/3,False,3-0,stable,"Query 'Paracentral lobule' refers to the whole structure; top1 is only the rostral part, a subdivision. | Query 'Paracentral lobule' is the whole structure, but top1 is only its rostral part. | Query is the whole paracentral lobule; top1 is only its rostral part, a subdivision.",A_effectively_correct,synonym/parent match (review-only flag)
corpus,Occipital fusiform gyrus,needs_review,0.791667,HOMBA:AA30549,fusiform (occipitotemporal) gyrus,bm25+fuzzy,Occipital fusiform gyrus,fusiform   gyrus,,1.0,occipital lobe,0.597979,,445,3_unresolved_correct.csv,24,broader_parent,high,0.9,"Query specifies occipital fusiform gyrus; top1 is the whole fusiform gyrus (occipitotemporal), which is the broader parent structure.",broader_parent,high,0.9,query specifies occipital portion of fusiform gyrus; top1 is whole fusiform gyrus (parent structure).,broader_parent,high,0.95,"Query 'Occipital fusiform gyrus' is a subregion; top1 'fusiform (occipitotemporal) gyrus' is the whole gyrus, anatomically the correct parent structure.",broader_parent,high,0.9167,3/3,False,3-0,stable,"Query specifies occipital fusiform gyrus; top1 is the whole fusiform gyrus (occipitotemporal), which is the broader parent structure. | query specifies occipital portion of fusiform gyrus; top1 is whole fusiform gyrus (parent structure). | Query 'Occipital fusiform gyrus' is a subregion; top1 'fusiform (occipitotemporal) gyrus' is the whole gyrus, anatomically the correct parent structure.",A_effectively_correct,synonym/parent match (review-only flag)
corpus,Secondary visual cortex,needs_review,0.83465,HOMBA:AA30822,dorsolateral extrastriate occipital cortex,hierarchy_parent,Secondary visual cortex,dorsolateral extrastriate occipital cortex,,1.0,ventromedial extrastriate occipital cortex,0.83465,,446,3_unresolved_correct.csv,25,partial_or_narrower,high,0.95,"Query is secondary visual cortex (broad); top1 specifies dorsolateral extrastriate occipital cortex, a narrower subdivision.",aligned,high,0.95,"Secondary visual cortex is synonym for extrastriate cortex; top1 is specific extrastriate region, accepted alias.",broader_parent,high,0.95,"Secondary visual cortex (V2) is a specific area within the broader extrastriate occipital cortex, which the top1 names.",no_consensus,low,0.95,1/3,True,1-1-1,split_vote,"Query is secondary visual cortex (broad); top1 specifies dorsolateral extrastriate occipital cortex, a narrower subdivision. | Secondary visual cortex is synonym for extrastriate cortex; top1 is specific extrastriate region, accepted alias. | Secondary visual cortex (V2) is a specific area within the broader extrastriate occipital cortex, which the top1 names.",A_effectively_correct,synonym/parent match (review-only flag)
corpus,Frontal medial cortex,needs_review,0.837395,HOMBA:10195,medial orbital frontal cortex (area 14),bm25+fuzzy,Frontal medial cortex,medial orbital frontal cortex,medial,1.0,medial (caudal) entorhinal cortex,0.395176,,447,3_unresolved_correct.csv,26,partial_or_narrower,high,0.9,"Query is frontal medial cortex (broad medial frontal); top1 is medial orbital frontal cortex (area 14), a specific part.",partial_or_narrower,medium,0.7,"Frontal medial cortex is broad; top1 medial orbital frontal cortex is a specific subregion, not exact match.",partial_or_narrower,high,0.95,"Query 'Frontal medial cortex' is broad; top1 'medial orbital frontal cortex' is a narrow subdivision, not covering the whole medial frontal surface.",partial_or_narrower,high,0.85,3/3,False,3-0,stable,"Query is frontal medial cortex (broad medial frontal); top1 is medial orbital frontal cortex (area 14), a specific part. | Frontal medial cortex is broad; top1 medial orbital frontal cortex is a specific subregion, not exact match. | Query 'Frontal medial cortex' is broad; top1 'medial orbital frontal cortex' is a narrow subdivision, not covering the whole medial frontal surface.",A_effectively_correct,synonym/parent match (review-only flag)
corpus,Reticular perithalamic nucleus,needs_review,0.851793,HOMBA:10464,reticular nucleus of thalamus,bm25+fuzzy,Reticular perithalamic nucleus,reticular thalamic nucleus,reticular,1.0,parvicellular division of reticular nucleus (perireticular nucleus),0.704547,,448,3_unresolved_correct.csv,27,aligned,high,0.95,Reticular perithalamic nucleus and reticular nucleus of thalamus are the same structure; accepted synonym/variant.,aligned,high,0.95,Reticular perithalamic nucleus is synonym for reticular nucleus of thalamus.,aligned,high,0.95,'Reticular perithalamic nucleus' and 'reticular nucleus of thalamus' are synonyms for the same perithalamic structure.,aligned,high,0.95,3/3,False,3-0,stable,Reticular perithalamic nucleus and reticular nucleus of thalamus are the same structure; accepted synonym/variant. | Reticular perithalamic nucleus is synonym for reticular nucleus of thalamus. | 'Reticular perithalamic nucleus' and 'reticular nucleus of thalamus' are synonyms for the same perithalamic structure.,A_effectively_correct,synonym/parent match (review-only flag)
corpus,Temporal frontal cortex (posterior),needs_review,0.868214,HOMBA:AA30009,frontal motor cortex (posterior frontal cortex),bm25+fuzzy,Temporal frontal cortex (posterior),posterior frontal cortex,posterior,1.0,caudal division of area 22,0.754612,,449,3_unresolved_correct.csv,28,wrong,medium,0.8,"Query includes 'temporal frontal cortex'; top1 is only frontal motor cortex, ignoring the temporal component.",wrong,medium,0.8,"Query includes temporal and frontal; top1 only frontal motor cortex (posterior frontal), missing temporal component.",source_or_ontology_issue,medium,0.8,Query 'Temporal frontal cortex (posterior)' is anatomically contradictory; likely a typo for 'posterior frontal cortex'. Top1 matches the intended meaning but query is unreliable.,wrong,medium,0.8,2/3,True,2-1,majority_vote,"Query includes 'temporal frontal cortex'; top1 is only frontal motor cortex, ignoring the temporal component. | Query includes temporal and frontal; top1 only frontal motor cortex (posterior frontal), missing temporal component. | Query 'Temporal frontal cortex (posterior)' is anatomically contradictory; likely a typo for 'posterior frontal cortex'. Top1 matches the intended meaning but query is unreliable.",A_effectively_correct,synonym/parent match (review-only flag)
corpus,Superior parietal gyrus,needs_review,0.877148,HOMBA:12131,parietal lobe,bm25+hierarchy_parent,Superior parietal gyrus,parietal lobe,,1.0,superior parietal lobule (gyrus),0.797148,,450,3_unresolved_correct.csv,29,broader_parent,high,0.95,"Top1 is parietal lobe, which is the parent structure of the more specific superior parietal gyrus.",broader_parent,high,0.95,"top1 is the parent lobe containing the query, not the specific gyrus.",broader_parent,high,0.95,"Superior parietal gyrus is a specific gyrus within the parietal lobe; top1 names the lobe, which is the broader anatomical parent.",broader_parent,high,0.95,3/3,False,3-0,stable,"Top1 is parietal lobe, which is the parent structure of the more specific superior parietal gyrus. | top1 is the parent lobe containing the query, not the specific gyrus. | Superior parietal gyrus is a specific gyrus within the parietal lobe; top1 names the lobe, which is the broader anatomical parent.",A_effectively_correct,synonym/parent match (review-only flag)
corpus,Angular gyrus (anterior),needs_review,0.88,HOMBA:12136,angular gyrus,bm25+exact+fuzzy,Angular gyrus,Angular gyrus,anterior,0.0,anterior cingulate  cortex (ventromedial prefrontal cortex),0.420222,,451,3_unresolved_correct.csv,30,broader_parent,high,0.9,"Top1 is angular gyrus; query includes 'anterior' modifier, specifying a subregion. Top1 is the whole structure.",broader_parent,high,0.95,"Query specifies a subregion (anterior) of angular gyrus; top1 returns the whole angular gyrus, a valid parent.",partial_or_narrower,medium,0.7,"Query specifies anterior part of angular gyrus; top1 is the whole gyrus. Top1 is broader than query's specific subregion, not an exact match.",broader_parent,medium,0.85,2/3,True,2-1,majority_vote,"Top1 is angular gyrus; query includes 'anterior' modifier, specifying a subregion. Top1 is the whole structure. | Query specifies a subregion (anterior) of angular gyrus; top1 returns the whole angular gyrus, a valid parent. | Query specifies anterior part of angular gyrus; top1 is the whole gyrus. Top1 is broader than query's specific subregion, not an exact match.",A_effectively_correct,exact base match; subdivision not in HOMBA
corpus,Angular gyrus (posterior),needs_review,0.88,HOMBA:12136,angular gyrus,bm25+exact+fuzzy,Angular gyrus,Angular gyrus,posterior,0.0,posterior cingulate cortex (PCC),0.418552,,452,3_unresolved_correct.csv,31,broader_parent,high,0.9,"Top1 is angular gyrus; query includes 'posterior' modifier, specifying a subregion. Top1 is the whole structure.",broader_parent,high,0.95,"Query specifies a subregion (posterior) of angular gyrus; top1 returns the whole angular gyrus, a valid parent.",partial_or_narrower,medium,0.7,Query specifies posterior part of angular gyrus; top1 is the whole gyrus. Top1 is broader than query's specific subregion.,broader_parent,medium,0.85,2/3,True,2-1,majority_vote,"Top1 is angular gyrus; query includes 'posterior' modifier, specifying a subregion. Top1 is the whole structure. | Query specifies a subregion (posterior) of angular gyrus; top1 returns the whole angular gyrus, a valid parent. | Query specifies posterior part of angular gyrus; top1 is the whole gyrus. Top1 is broader than query's specific subregion.",A_effectively_correct,exact base match; subdivision not in HOMBA
corpus,CA4 (dentate hilus),needs_review,0.88,HOMBA:10300,CA4 region of hippocampus,bm25+exact+fuzzy,CA4,CA4,dentate;hilus;dentate hilus,0.0,dentate gyrus,0.558436,,453,3_unresolved_correct.csv,32,aligned,high,0.95,"Top1 is CA4 region of hippocampus, which exactly matches the query 'CA4 (dentate hilus)'.",aligned,high,0.98,"top1 is the same hippocampal subfield referred to by the query (CA4, also called dentate hilus).",aligned,high,0.99,"CA4 is the dentate hilus; top1 'CA4 region of hippocampus' refers to the same structure, so aligned.",aligned,high,0.9733,3/3,False,3-0,stable,"Top1 is CA4 region of hippocampus, which exactly matches the query 'CA4 (dentate hilus)'. | top1 is the same hippocampal subfield referred to by the query (CA4, also called dentate hilus). | CA4 is the dentate hilus; top1 'CA4 region of hippocampus' refers to the same structure, so aligned.",A_effectively_correct,exact base match; subdivision not in HOMBA
corpus,Cerebellar cortex (granular layer),needs_review,0.88,HOMBA:10657,cerebellar cortex,bm25+exact+fuzzy,Cerebellar cortex,Cerebellar cortex,granular;layer;granular layer,0.0,granular cell layer of cerebellar cortex,0.824443,,454,3_unresolved_correct.csv,33,broader_parent,high,0.9,"Top1 is cerebellar cortex; query includes 'granular layer' modifier, specifying a sublayer. Top1 is the whole structure.",broader_parent,high,0.95,"Query specifies a layer (granular) of cerebellar cortex; top1 returns the whole cerebellar cortex, a valid parent.",partial_or_narrower,medium,0.7,Query specifies granular layer of cerebellar cortex; top1 is the whole cortex. Top1 is broader than query's specific layer.,broader_parent,medium,0.85,2/3,True,2-1,majority_vote,"Top1 is cerebellar cortex; query includes 'granular layer' modifier, specifying a sublayer. Top1 is the whole structure. | Query specifies a layer (granular) of cerebellar cortex; top1 returns the whole cerebellar cortex, a valid parent. | Query specifies granular layer of cerebellar cortex; top1 is the whole cortex. Top1 is broader than query's specific layer.",A_effectively_correct,exact base match; subdivision not in HOMBA
corpus,Corticospinal tract (pyramids),needs_review,0.88,HOMBA:12047,corticospinal tract,bm25+exact+fuzzy,Corticospinal tract,Corticospinal tract,pyramids,0.0,lateral corticospinal tract,0.7172,,455,3_unresolved_correct.csv,34,aligned,high,0.95,"Top1 'corticospinal tract' directly names the core structure; 'pyramids' is a synonym/qualifier, not a separate entity.",aligned,high,1.0,"Query 'Corticospinal tract (pyramids)' matches top1 'corticospinal tract'; parentheses indicate synonym, not a separate structure.",aligned,high,0.95,"Query uses synonym 'pyramids' for corticospinal tract; top1 is the same structure, exact match.",aligned,high,0.9667,3/3,False,3-0,stable,"Top1 'corticospinal tract' directly names the core structure; 'pyramids' is a synonym/qualifier, not a separate entity. | Query 'Corticospinal tract (pyramids)' matches top1 'corticospinal tract'; parentheses indicate synonym, not a separate structure. | Query uses synonym 'pyramids' for corticospinal tract; top1 is the same structure, exact match.",A_effectively_correct,exact base match; subdivision not in HOMBA
corpus,Edinger-Westphal nucleus (preganglionic),needs_review,0.88,HOMBA:12197,Edinger-Westphal nucleus (accessory oculomotor nucleus),bm25+exact+fuzzy,Edinger-Westphal nucleus,Edinger-Westphal nucleus,preganglionic,0.0,pre-Edinger-Westphal nucleus,0.7392,,456,3_unresolved_correct.csv,35,aligned,high,0.95,Top1 'Edinger-Westphal nucleus' matches the main query; parenthetical synonym is acceptable; 'preganglionic' is a modifier.,aligned,high,1.0,Query 'Edinger-Westphal nucleus (preganglionic)' matches top1 'Edinger-Westphal nucleus'; alternative name in parentheses does not change core identity.,broader_parent,medium,0.8,"Query specifies the preganglionic subdivision; top1 is the entire Edinger-Westphal nucleus, the broader parent structure.",aligned,medium,0.9167,2/3,True,2-1,majority_vote,"Top1 'Edinger-Westphal nucleus' matches the main query; parenthetical synonym is acceptable; 'preganglionic' is a modifier. | Query 'Edinger-Westphal nucleus (preganglionic)' matches top1 'Edinger-Westphal nucleus'; alternative name in parentheses does not change core identity. | Query specifies the preganglionic subdivision; top1 is the entire Edinger-Westphal nucleus, the broader parent structure.",A_effectively_correct,exact base match; subdivision not in HOMBA
corpus,Fornix (anterior columns),needs_review,0.88,HOMBA:10576,fornix,bm25+exact+fuzzy,Fornix,Fornix,anterior;columns;anterior columns,0.0,"cingulate gyrus, rostral (anterior) part",0.5817,,457,3_unresolved_correct.csv,36,broader_parent,high,0.9,"Query specifies 'anterior columns' of fornix; top1 is whole 'fornix' (parent structure), not wrong but broader.",broader_parent,high,1.0,"Query specifies 'anterior columns' of fornix, but top1 is 'fornix' (the whole structure). Anatomically correct parent.",broader_parent,high,0.95,"Query is anterior columns of fornix; top1 is the whole fornix, anatomically the parent structure.",broader_parent,high,0.95,3/3,False,3-0,stable,"Query specifies 'anterior columns' of fornix; top1 is whole 'fornix' (parent structure), not wrong but broader. | Query specifies 'anterior columns' of fornix, but top1 is 'fornix' (the whole structure). Anatomically correct parent. | Query is anterior columns of fornix; top1 is the whole fornix, anatomically the parent structure.",A_effectively_correct,exact base match; subdivision not in HOMBA
corpus,Frontal pole (lateral),needs_review,0.88,HOMBA:146034888,frontal pole,bm25+exact+fuzzy,Frontal pole,Frontal pole,lateral,0.0,"lateral orbital frontal cortex (OFCl, area 12/47)",0.385433,,458,3_unresolved_correct.csv,37,broader_parent,high,0.9,"Query specifies 'lateral' part of frontal pole; top1 is generic 'frontal pole', which is the broader parent.",broader_parent,high,1.0,"Query specifies 'lateral' part of frontal pole, but top1 is 'frontal pole' (the whole region). Valid broader match.",broader_parent,high,0.95,"Query is lateral part of frontal pole; top1 is the entire frontal pole, the broader parent region.",broader_parent,high,0.95,3/3,False,3-0,stable,"Query specifies 'lateral' part of frontal pole; top1 is generic 'frontal pole', which is the broader parent. | Query specifies 'lateral' part of frontal pole, but top1 is 'frontal pole' (the whole region). Valid broader match. | Query is lateral part of frontal pole; top1 is the entire frontal pole, the broader parent region.",A_effectively_correct,exact base match; subdivision not in HOMBA
corpus,Frontal pole (medial),needs_review,0.88,HOMBA:146034888,frontal pole,bm25+exact+fuzzy,Frontal pole,Frontal pole,medial,0.0,medial orbital frontal cortex (area 14),0.38715,,459,3_unresolved_correct.csv,38,broader_parent,high,0.9,"Query specifies 'medial' part of frontal pole; top1 is generic 'frontal pole', the broader parent structure.",broader_parent,high,1.0,"Query specifies 'medial' part of frontal pole, but top1 is 'frontal pole' (the whole region). Valid broader match.",broader_parent,high,0.95,"Query is medial part of frontal pole; top1 is the entire frontal pole, the broader parent region.",broader_parent,high,0.95,3/3,False,3-0,stable,"Query specifies 'medial' part of frontal pole; top1 is generic 'frontal pole', the broader parent structure. | Query specifies 'medial' part of frontal pole, but top1 is 'frontal pole' (the whole region). Valid broader match. | Query is medial part of frontal pole; top1 is the entire frontal pole, the broader parent region.",A_effectively_correct,exact base match; subdivision not in HOMBA
corpus,Inferior frontal gyrus (anterior),needs_review,0.88,HOMBA:12117,inferior frontal gyrus,bm25+exact+fuzzy,Inferior frontal gyrus,Inferior frontal gyrus,anterior,0.0,"inferior frontal gyrus, opercular part",0.689432,,460,3_unresolved_correct.csv,39,broader_parent,high,0.95,top1 names the broader parent structure (inferior frontal gyrus) which anatomically contains the specified subregion (anterior).,broader_parent,high,0.95,"Query specifies anterior part of inferior frontal gyrus; top1 returns the parent gyrus, which is anatomically valid but broader.",broader_parent,high,0.9,"Query ‘Inferior frontal gyrus (anterior)’ specifies anterior part; top1 is the entire gyrus, the correct parent structure.",broader_parent,high,0.9333,3/3,False,3-0,stable,"top1 names the broader parent structure (inferior frontal gyrus) which anatomically contains the specified subregion (anterior). | Query specifies anterior part of inferior frontal gyrus; top1 returns the parent gyrus, which is anatomically valid but broader. | Query ‘Inferior frontal gyrus (anterior)’ specifies anterior part; top1 is the entire gyrus, the correct parent structure.",A_effectively_correct,exact base match; subdivision not in HOMBA
corpus,Inferior frontal gyrus (orbital part),needs_review,0.88,HOMBA:12117,inferior frontal gyrus,bm25+exact+fuzzy,Inferior frontal gyrus,Inferior frontal gyrus,orbital,0.0,"inferior frontal gyrus, opercular part",0.689432,,461,3_unresolved_correct.csv,40,broader_parent,high,0.95,top1 names the broader parent structure (inferior frontal gyrus) which anatomically contains the specified subregion (orbital part).,broader_parent,high,0.95,"Query specifies orbital part of inferior frontal gyrus; top1 returns the parent gyrus, which is broader but anatomically correct.",broader_parent,high,0.9,"Query specifies orbital part of IFG; top1 returns the whole inferior frontal gyrus, the parent region.",broader_parent,high,0.9333,3/3,False,3-0,stable,"top1 names the broader parent structure (inferior frontal gyrus) which anatomically contains the specified subregion (orbital part). | Query specifies orbital part of inferior frontal gyrus; top1 returns the parent gyrus, which is broader but anatomically correct. | Query specifies orbital part of IFG; top1 returns the whole inferior frontal gyrus, the parent region.",A_effectively_correct,exact base match; subdivision not in HOMBA
corpus,Inferior frontal gyrus (pars opercularis),needs_review,0.88,HOMBA:12117,inferior frontal gyrus,bm25+exact+fuzzy,Inferior frontal gyrus,Inferior frontal gyrus,pars;opercularis;pars opercularis,0.0,"inferior frontal gyrus, opercular part",0.667432,,462,3_unresolved_correct.csv,41,broader_parent,high,0.95,top1 names the broader parent structure (inferior frontal gyrus) which anatomically contains the specified subregion (pars opercularis).,broader_parent,high,0.95,"Query specifies pars opercularis of inferior frontal gyrus; top1 returns the parent gyrus, which is broader but anatomically correct.",broader_parent,high,0.9,"Query asks for pars opercularis within IFG; top1 is the full IFG, an anatomically correct parent.",broader_parent,high,0.9333,3/3,False,3-0,stable,"top1 names the broader parent structure (inferior frontal gyrus) which anatomically contains the specified subregion (pars opercularis). | Query specifies pars opercularis of inferior frontal gyrus; top1 returns the parent gyrus, which is broader but anatomically correct. | Query asks for pars opercularis within IFG; top1 is the full IFG, an anatomically correct parent.",A_effectively_correct,exact base match; subdivision not in HOMBA
corpus,Inferior frontal gyrus (pars orbitalis),needs_review,0.88,HOMBA:12117,inferior frontal gyrus,bm25+exact+fuzzy,Inferior frontal gyrus,Inferior frontal gyrus,pars;orbitalis;pars orbitalis,0.0,"inferior frontal gyrus, opercular part",0.667432,,463,3_unresolved_correct.csv,42,broader_parent,high,0.95,top1 names the broader parent structure (inferior frontal gyrus) which anatomically contains the specified subregion (pars orbitalis).,broader_parent,high,0.95,"Query specifies pars orbitalis of inferior frontal gyrus; top1 returns the parent gyrus, which is broader but anatomically correct.",broader_parent,high,0.9,"Query specifies pars orbitalis of IFG; top1 is the entire gyrus, which is broader but valid parent.",broader_parent,high,0.9333,3/3,False,3-0,stable,"top1 names the broader parent structure (inferior frontal gyrus) which anatomically contains the specified subregion (pars orbitalis). | Query specifies pars orbitalis of inferior frontal gyrus; top1 returns the parent gyrus, which is broader but anatomically correct. | Query specifies pars orbitalis of IFG; top1 is the entire gyrus, which is broader but valid parent.",A_effectively_correct,exact base match; subdivision not in HOMBA
corpus,Inferior frontal gyrus (pars triangularis),needs_review,0.88,HOMBA:12117,inferior frontal gyrus,bm25+exact+fuzzy,Inferior frontal gyrus,Inferior frontal gyrus,pars;triangularis;pars triangularis,0.0,"inferior frontal gyrus, opercular part",0.667432,,464,3_unresolved_correct.csv,43,broader_parent,high,0.95,top1 names the broader parent structure (inferior frontal gyrus) which anatomically contains the specified subregion (pars triangularis).,broader_parent,high,0.95,"Query specifies pars triangularis of inferior frontal gyrus; top1 returns the parent gyrus, which is broader but anatomically correct.",broader_parent,high,0.9,"Query targets pars triangularis of IFG; top1 returns the whole inferior frontal gyrus, the parent.",broader_parent,high,0.9333,3/3,False,3-0,stable,"top1 names the broader parent structure (inferior frontal gyrus) which anatomically contains the specified subregion (pars triangularis). | Query specifies pars triangularis of inferior frontal gyrus; top1 returns the parent gyrus, which is broader but anatomically correct. | Query targets pars triangularis of IFG; top1 returns the whole inferior frontal gyrus, the parent.",A_effectively_correct,exact base match; subdivision not in HOMBA
corpus,Inferior temporal gyrus (anterior),needs_review,0.88,HOMBA:12142,inferior temporal gyrus,bm25+exact+fuzzy,Inferior temporal gyrus,Inferior temporal gyrus,anterior,0.0,superior temporal gyrus,0.604975,,465,3_unresolved_correct.csv,44,broader_parent,high,0.95,"Query specifies anterior part of inferior temporal gyrus; HOMBA top1 is the whole gyrus, which is the correct anatomical parent. No finer subdivision exists.",broader_parent,high,0.95,"Query specifies anterior subregion of inferior temporal gyrus; top1 is the full gyrus, which is the anatomically correct parent.",broader_parent,high,0.95,"Query specifies anterior part of inferior temporal gyrus; top1 is the whole gyrus, a correct broader parent structure.",broader_parent,high,0.95,3/3,False,3-0,stable,"Query specifies anterior part of inferior temporal gyrus; HOMBA top1 is the whole gyrus, which is the correct anatomical parent. No finer subdivision exists. | Query specifies anterior subregion of inferior temporal gyrus; top1 is the full gyrus, which is the anatomically correct parent. | Query specifies anterior part of inferior temporal gyrus; top1 is the whole gyrus, a correct broader parent structure.",A_effectively_correct,exact base match; subdivision not in HOMBA
corpus,Inferior temporal gyrus (posterior),needs_review,0.88,HOMBA:12142,inferior temporal gyrus,bm25+exact+fuzzy,Inferior temporal gyrus,Inferior temporal gyrus,posterior,0.0,superior temporal gyrus,0.604975,,466,3_unresolved_correct.csv,45,broader_parent,high,0.95,"Query specifies posterior part of inferior temporal gyrus; HOMBA top1 is the whole gyrus, the immediate parent structure.",broader_parent,high,0.95,"Query specifies posterior subregion of inferior temporal gyrus; top1 is the full gyrus, an appropriate broader term.",broader_parent,high,0.95,"Query specifies posterior part; top1 is the entire inferior temporal gyrus, a correct broader parent.",broader_parent,high,0.95,3/3,False,3-0,stable,"Query specifies posterior part of inferior temporal gyrus; HOMBA top1 is the whole gyrus, the immediate parent structure. | Query specifies posterior subregion of inferior temporal gyrus; top1 is the full gyrus, an appropriate broader term. | Query specifies posterior part; top1 is the entire inferior temporal gyrus, a correct broader parent.",A_effectively_correct,exact base match; subdivision not in HOMBA
corpus,Inferior temporal gyrus (temporo-occipital),needs_review,0.88,HOMBA:12142,inferior temporal gyrus,bm25+exact+fuzzy,Inferior temporal gyrus,Inferior temporal gyrus,temporo;occipital;temporo occipital,0.0,inferior occipital gyrus,0.72859,,467,3_unresolved_correct.csv,46,broader_parent,high,0.95,"Query specifies temporo-occipital part of inferior temporal gyrus; HOMBA top1 is the full gyrus, anatomically correct parent.",broader_parent,high,0.95,"Query specifies temporo-occipital part of inferior temporal gyrus; top1 is the full gyrus, covering the region.",broader_parent,high,0.95,"Query specifies temporo-occipital part; top1 is the entire inferior temporal gyrus, a correct broader parent.",broader_parent,high,0.95,3/3,False,3-0,stable,"Query specifies temporo-occipital part of inferior temporal gyrus; HOMBA top1 is the full gyrus, anatomically correct parent. | Query specifies temporo-occipital part of inferior temporal gyrus; top1 is the full gyrus, covering the region. | Query specifies temporo-occipital part; top1 is the entire inferior temporal gyrus, a correct broader parent.",A_effectively_correct,exact base match; subdivision not in HOMBA
corpus,Insular cortex (anterior),needs_review,0.88,HOMBA:10288,major insular cortex,bm25+exact+fuzzy,Insular cortex,Insular cortex,anterior,0.0,granular insular cortex (area Ig),0.7172,,468,3_unresolved_correct.csv,47,broader_parent,high,0.95,"Query specifies anterior part of insular cortex; HOMBA top1 is 'major insular cortex', which represents the whole structure and is the appropriate parent.",broader_parent,high,0.9,"Query specifies anterior insular cortex; top1 is major insular cortex, a broader term for the whole insula.",broader_parent,high,0.95,"Query specifies anterior insular cortex; top1 'major insular cortex' is the whole insula, a correct broader parent.",broader_parent,high,0.9333,3/3,False,3-0,stable,"Query specifies anterior part of insular cortex; HOMBA top1 is 'major insular cortex', which represents the whole structure and is the appropriate parent. | Query specifies anterior insular cortex; top1 is major insular cortex, a broader term for the whole insula. | Query specifies anterior insular cortex; top1 'major insular cortex' is the whole insula, a correct broader parent.",A_effectively_correct,exact base match; subdivision not in HOMBA
corpus,Insular cortex (posterior),needs_review,0.88,HOMBA:10288,major insular cortex,bm25+exact+fuzzy,Insular cortex,Insular cortex,posterior,0.0,granular insular cortex (area Ig),0.7172,,469,3_unresolved_correct.csv,48,broader_parent,high,0.95,"Query specifies posterior part of insular cortex; HOMBA top1 is the whole insular cortex, correct parent for the subregion.",broader_parent,high,0.9,"Query specifies posterior insular cortex; top1 is major insular cortex, a broader term encompassing the whole structure.",broader_parent,high,0.95,"Query specifies posterior insular cortex; top1 is the whole insula, a correct broader parent.",broader_parent,high,0.9333,3/3,False,3-0,stable,"Query specifies posterior part of insular cortex; HOMBA top1 is the whole insular cortex, correct parent for the subregion. | Query specifies posterior insular cortex; top1 is major insular cortex, a broader term encompassing the whole structure. | Query specifies posterior insular cortex; top1 is the whole insula, a correct broader parent.",A_effectively_correct,exact base match; subdivision not in HOMBA
corpus,Lenticular nucleus (pallidum),needs_review,0.88,HOMBA:10338,putamen (lateroventral division of the CP),bm25+exact+fuzzy,Lenticular nucleus,Lenticular nucleus,pallidum,0.0,globus pallidus (paleostriatum),0.798376,,470,3_unresolved_correct.csv,49,wrong,high,0.9,"Query specifies pallidum (part of lenticular nucleus), but top1 is putamen, a different component.",wrong,high,0.95,"Query requests pallidum part of lenticular nucleus, but top1 is putamen, a different component.",wrong,high,0.95,"Query specifies pallidum (globus pallidus) component of lenticular nucleus; top1 is putamen, a different component, not the pallidum.",wrong,high,0.9333,3/3,False,3-0,stable,"Query specifies pallidum (part of lenticular nucleus), but top1 is putamen, a different component. | Query requests pallidum part of lenticular nucleus, but top1 is putamen, a different component. | Query specifies pallidum (globus pallidus) component of lenticular nucleus; top1 is putamen, a different component, not the pallidum.",A_effectively_correct,exact base match; subdivision not in HOMBA
corpus,Middle frontal gyrus (anterior),needs_review,0.88,HOMBA:12116,middle frontal gyrus,bm25+exact+fuzzy,Middle frontal gyrus,Middle frontal gyrus,anterior,0.0,anterior cingulate  cortex (ventromedial prefrontal cortex),0.400222,,471,3_unresolved_correct.csv,50,broader_parent,high,0.95,"Top1 names whole middle frontal gyrus; query specifies anterior part, so top1 is the parent structure.",broader_parent,high,0.95,"Query specifies anterior part of middle frontal gyrus, but top1 is the whole gyrus without subdivision.",broader_parent,high,0.9,"Query specifies anterior part of middle frontal gyrus; top1 is the whole gyrus, which is broader but anatomically correct parent.",broader_parent,high,0.9333,3/3,False,3-0,stable,"Top1 names whole middle frontal gyrus; query specifies anterior part, so top1 is the parent structure. | Query specifies anterior part of middle frontal gyrus, but top1 is the whole gyrus without subdivision. | Query specifies anterior part of middle frontal gyrus; top1 is the whole gyrus, which is broader but anatomically correct parent.",A_effectively_correct,exact base match; subdivision not in HOMBA
corpus,Middle frontal gyrus (orbital part),needs_review,0.88,HOMBA:12116,middle frontal gyrus,bm25+exact+fuzzy,Middle frontal gyrus,Middle frontal gyrus,orbital,0.0,medial orbital gyrus,0.656148,,472,3_unresolved_correct.csv,51,broader_parent,high,0.95,"Top1 names whole middle frontal gyrus; query specifies orbital part, so top1 is broader parent.",broader_parent,high,0.95,"Query specifies orbital part of middle frontal gyrus, but top1 is the whole gyrus without subdivision.",broader_parent,high,0.9,"Query specifies orbital part of middle frontal gyrus; top1 is the whole gyrus, broader parent.",broader_parent,high,0.9333,3/3,False,3-0,stable,"Top1 names whole middle frontal gyrus; query specifies orbital part, so top1 is broader parent. | Query specifies orbital part of middle frontal gyrus, but top1 is the whole gyrus without subdivision. | Query specifies orbital part of middle frontal gyrus; top1 is the whole gyrus, broader parent.",A_effectively_correct,exact base match; subdivision not in HOMBA
corpus,Middle frontal gyrus (posterior),needs_review,0.88,HOMBA:12116,middle frontal gyrus,bm25+exact+fuzzy,Middle frontal gyrus,Middle frontal gyrus,posterior,0.0,frontal motor cortex (posterior frontal cortex),0.403519,,473,3_unresolved_correct.csv,52,broader_parent,high,0.95,"Top1 names whole middle frontal gyrus; query specifies posterior part, so top1 is broader parent.",broader_parent,high,0.95,"Query specifies posterior part of middle frontal gyrus, but top1 is the whole gyrus without subdivision.",broader_parent,high,0.9,"Query specifies posterior part of middle frontal gyrus; top1 is the whole gyrus, broader parent.",broader_parent,high,0.9333,3/3,False,3-0,stable,"Top1 names whole middle frontal gyrus; query specifies posterior part, so top1 is broader parent. | Query specifies posterior part of middle frontal gyrus, but top1 is the whole gyrus without subdivision. | Query specifies posterior part of middle frontal gyrus; top1 is the whole gyrus, broader parent.",A_effectively_correct,exact base match; subdivision not in HOMBA
corpus,Middle temporal gyrus (anterior),needs_review,0.88,HOMBA:12141,middle temporal gyrus,bm25+exact+fuzzy,Middle temporal gyrus,Middle temporal gyrus,anterior,0.0,"inferior temporal sulcus, rostral portion (anterior middle temporal sulcus)",0.795551,,474,3_unresolved_correct.csv,53,broader_parent,high,0.95,"Top1 names whole middle temporal gyrus; query specifies anterior part, so top1 is broader parent.",broader_parent,high,0.95,"Query specifies anterior part of middle temporal gyrus, but top1 is the whole gyrus without subdivision.",broader_parent,high,0.9,"Query specifies anterior part of middle temporal gyrus; top1 is the whole gyrus, broader parent.",broader_parent,high,0.9333,3/3,False,3-0,stable,"Top1 names whole middle temporal gyrus; query specifies anterior part, so top1 is broader parent. | Query specifies anterior part of middle temporal gyrus, but top1 is the whole gyrus without subdivision. | Query specifies anterior part of middle temporal gyrus; top1 is the whole gyrus, broader parent.",A_effectively_correct,exact base match; subdivision not in HOMBA
corpus,Middle temporal gyrus (posterior),needs_review,0.88,HOMBA:12141,middle temporal gyrus,bm25+exact+fuzzy,Middle temporal gyrus,Middle temporal gyrus,posterior,0.0,"inferior temporal sulcus, caudal portion (posterior middle temporal sulcus)",0.792564,,475,3_unresolved_correct.csv,54,broader_parent,high,0.95,"Top1 is the whole middle temporal gyrus, which anatomically contains the specified posterior subregion; broader parent.",broader_parent,high,0.98,"top1 is the whole middle temporal gyrus; query specifies posterior subregion, so top1 is a broader anatomical parent.",broader_parent,high,0.95,"Query specifies “posterior” portion of the middle temporal gyrus; top1 returns the entire gyrus, which is the correct broader parent.",broader_parent,high,0.96,3/3,False,3-0,stable,"Top1 is the whole middle temporal gyrus, which anatomically contains the specified posterior subregion; broader parent. | top1 is the whole middle temporal gyrus; query specifies posterior subregion, so top1 is a broader anatomical parent. | Query specifies “posterior” portion of the middle temporal gyrus; top1 returns the entire gyrus, which is the correct broader parent.",A_effectively_correct,exact base match; subdivision not in HOMBA
corpus,Middle temporal gyrus (temporo-occipital),needs_review,0.88,HOMBA:12141,middle temporal gyrus,bm25+exact+fuzzy,Middle temporal gyrus,Middle temporal gyrus,temporo;occipital;temporo occipital,0.0,"fifth visual area (middle temporal area, MT)",0.599054,,476,3_unresolved_correct.csv,55,broader_parent,high,0.95,"Top1 is the whole middle temporal gyrus, which anatomically contains the specified temporo-occipital subregion; broader parent.",broader_parent,high,0.98,"top1 is the whole middle temporal gyrus; query specifies temporo-occipital subregion, so top1 is a broader anatomical parent.",broader_parent,high,0.95,"Query specifies “temporo-occipital” portion of the middle temporal gyrus; top1 is the whole gyrus, a broader parent.",broader_parent,high,0.96,3/3,False,3-0,stable,"Top1 is the whole middle temporal gyrus, which anatomically contains the specified temporo-occipital subregion; broader parent. | top1 is the whole middle temporal gyrus; query specifies temporo-occipital subregion, so top1 is a broader anatomical parent. | Query specifies “temporo-occipital” portion of the middle temporal gyrus; top1 is the whole gyrus, a broader parent.",A_effectively_correct,exact base match; subdivision not in HOMBA
corpus,Postcentral gyrus (lateral inferior),needs_review,0.88,HOMBA:12132,postcentral gyrus,bm25+exact+fuzzy,Postcentral gyrus,Postcentral gyrus,lateral;inferior;lateral inferior,0.0,inferior horn of lateral ventricles,0.322718,,477,3_unresolved_correct.csv,56,broader_parent,high,0.95,"Top1 is the whole postcentral gyrus, which anatomically contains the specified lateral inferior subregion; broader parent.",broader_parent,high,0.98,"top1 is the whole postcentral gyrus; query specifies lateral inferior subregion, so top1 is a broader anatomical parent.",broader_parent,high,0.95,"Query specifies “lateral inferior” part of the postcentral gyrus; top1 is the whole postcentral gyrus, a broader anatomical parent.",broader_parent,high,0.96,3/3,False,3-0,stable,"Top1 is the whole postcentral gyrus, which anatomically contains the specified lateral inferior subregion; broader parent. | top1 is the whole postcentral gyrus; query specifies lateral inferior subregion, so top1 is a broader anatomical parent. | Query specifies “lateral inferior” part of the postcentral gyrus; top1 is the whole postcentral gyrus, a broader anatomical parent.",A_effectively_correct,exact base match; subdivision not in HOMBA
corpus,Postcentral gyrus (lateral middle),needs_review,0.88,HOMBA:12132,postcentral gyrus,bm25+exact+fuzzy,Postcentral gyrus,Postcentral gyrus,lateral;middle;lateral middle,0.0,middle temporal gyrus,0.570126,,478,3_unresolved_correct.csv,57,broader_parent,high,0.95,"Top1 is the whole postcentral gyrus, which anatomically contains the specified lateral middle subregion; broader parent.",broader_parent,high,0.98,"top1 is the whole postcentral gyrus; query specifies lateral middle subregion, so top1 is a broader anatomical parent.",broader_parent,high,0.95,"Query specifies “lateral middle” part of the postcentral gyrus; top1 is the whole gyrus, a broader parent.",broader_parent,high,0.96,3/3,False,3-0,stable,"Top1 is the whole postcentral gyrus, which anatomically contains the specified lateral middle subregion; broader parent. | top1 is the whole postcentral gyrus; query specifies lateral middle subregion, so top1 is a broader anatomical parent. | Query specifies “lateral middle” part of the postcentral gyrus; top1 is the whole gyrus, a broader parent.",A_effectively_correct,exact base match; subdivision not in HOMBA
corpus,Postcentral gyrus (lateral superior),needs_review,0.88,HOMBA:12132,postcentral gyrus,bm25+exact+fuzzy,Postcentral gyrus,Postcentral gyrus,lateral;superior;lateral superior,0.0,lateral superior olivary nucleus,0.659887,,479,3_unresolved_correct.csv,58,broader_parent,high,0.95,"Top1 is the whole postcentral gyrus, which anatomically contains the specified lateral superior subregion; broader parent.",broader_parent,high,0.98,"top1 is the whole postcentral gyrus; query specifies lateral superior subregion, so top1 is a broader anatomical parent.",broader_parent,high,0.95,"Query specifies “lateral superior” part of the postcentral gyrus; top1 is the whole gyrus, a broader parent.",broader_parent,high,0.96,3/3,False,3-0,stable,"Top1 is the whole postcentral gyrus, which anatomically contains the specified lateral superior subregion; broader parent. | top1 is the whole postcentral gyrus; query specifies lateral superior subregion, so top1 is a broader anatomical parent. | Query specifies “lateral superior” part of the postcentral gyrus; top1 is the whole gyrus, a broader parent.",A_effectively_correct,exact base match; subdivision not in HOMBA
corpus,Postcentral gyrus (medial),needs_review,0.88,HOMBA:12132,postcentral gyrus,bm25+exact+fuzzy,Postcentral gyrus,Postcentral gyrus,medial,0.0,medial orbital gyrus,0.411391,,480,3_unresolved_correct.csv,59,broader_parent,high,0.95,"Top1 is the parent gyrus of the specified subregion; query includes a modifier indicating a part, but top1 correctly names the overall structure.",broader_parent,high,1.0,top1 is the parent gyrus (postcentral gyrus) but query specifies medial subregion; anatomically correct parent but not exact.,broader_parent,high,0.95,"Query specifies the medial part of postcentral gyrus; top1 is the entire gyrus, which is the correct parent structure.",broader_parent,high,0.9667,3/3,False,3-0,stable,"Top1 is the parent gyrus of the specified subregion; query includes a modifier indicating a part, but top1 correctly names the overall structure. | top1 is the parent gyrus (postcentral gyrus) but query specifies medial subregion; anatomically correct parent but not exact. | Query specifies the medial part of postcentral gyrus; top1 is the entire gyrus, which is the correct parent structure.",A_effectively_correct,exact base match; subdivision not in HOMBA
corpus,Precentral gyrus (lateral inferior),needs_review,0.88,HOMBA:12114,precentral gyrus,bm25+exact+fuzzy,Precentral gyrus,Precentral gyrus,lateral;inferior;lateral inferior,0.0,inferior horn of lateral ventricles,0.322718,,481,3_unresolved_correct.csv,60,broader_parent,high,0.95,"Top1 is the parent gyrus of the specified subregion; query includes a modifier indicating a part, but top1 correctly names the overall structure.",broader_parent,high,1.0,top1 is the parent gyrus (precentral gyrus) but query specifies lateral inferior subregion; anatomically correct parent but not exact.,broader_parent,high,0.95,"Query specifies lateral inferior precentral gyrus; top1 is the broader precentral gyrus, anatomically correct parent.",broader_parent,high,0.9667,3/3,False,3-0,stable,"Top1 is the parent gyrus of the specified subregion; query includes a modifier indicating a part, but top1 correctly names the overall structure. | top1 is the parent gyrus (precentral gyrus) but query specifies lateral inferior subregion; anatomically correct parent but not exact. | Query specifies lateral inferior precentral gyrus; top1 is the broader precentral gyrus, anatomically correct parent.",A_effectively_correct,exact base match; subdivision not in HOMBA
corpus,Precentral gyrus (lateral middle),needs_review,0.88,HOMBA:12114,precentral gyrus,bm25+exact+fuzzy,Precentral gyrus,Precentral gyrus,lateral;middle;lateral middle,0.0,"lateral fissure, main (caudal) ramus",0.575999,,482,3_unresolved_correct.csv,61,broader_parent,high,0.95,"Top1 is the parent gyrus of the specified subregion; query includes a modifier indicating a part, but top1 correctly names the overall structure.",broader_parent,high,1.0,top1 is the parent gyrus (precentral gyrus) but query specifies lateral middle subregion; anatomically correct parent but not exact.,broader_parent,high,0.95,Query specifies lateral middle precentral gyrus; top1 is the broader precentral gyrus parent.,broader_parent,high,0.9667,3/3,False,3-0,stable,"Top1 is the parent gyrus of the specified subregion; query includes a modifier indicating a part, but top1 correctly names the overall structure. | top1 is the parent gyrus (precentral gyrus) but query specifies lateral middle subregion; anatomically correct parent but not exact. | Query specifies lateral middle precentral gyrus; top1 is the broader precentral gyrus parent.",A_effectively_correct,exact base match; subdivision not in HOMBA
corpus,Precentral gyrus (lateral superior),needs_review,0.88,HOMBA:12114,precentral gyrus,bm25+exact+fuzzy,Precentral gyrus,Precentral gyrus,lateral;superior;lateral superior,0.0,lateral superior olivary nucleus,0.664603,,483,3_unresolved_correct.csv,62,broader_parent,high,0.95,"Top1 is the parent gyrus of the specified subregion; query includes a modifier indicating a part, but top1 correctly names the overall structure.",broader_parent,high,1.0,top1 is the parent gyrus (precentral gyrus) but query specifies lateral superior subregion; anatomically correct parent but not exact.,broader_parent,high,0.95,Query specifies lateral superior precentral gyrus; top1 is the broader parent gyrus.,broader_parent,high,0.9667,3/3,False,3-0,stable,"Top1 is the parent gyrus of the specified subregion; query includes a modifier indicating a part, but top1 correctly names the overall structure. | top1 is the parent gyrus (precentral gyrus) but query specifies lateral superior subregion; anatomically correct parent but not exact. | Query specifies lateral superior precentral gyrus; top1 is the broader parent gyrus.",A_effectively_correct,exact base match; subdivision not in HOMBA
corpus,Precentral gyrus (medial),needs_review,0.88,HOMBA:12114,precentral gyrus,bm25+exact+fuzzy,Precentral gyrus,Precentral gyrus,medial,0.0,medial orbital gyrus,0.411391,,484,3_unresolved_correct.csv,63,broader_parent,high,0.95,"Top1 is the parent gyrus of the specified subregion; query includes a modifier indicating a part, but top1 correctly names the overall structure.",broader_parent,high,1.0,top1 is the parent gyrus (precentral gyrus) but query specifies medial subregion; anatomically correct parent but not exact.,broader_parent,high,0.95,Query specifies medial precentral gyrus; top1 is the broader parent gyrus.,broader_parent,high,0.9667,3/3,False,3-0,stable,"Top1 is the parent gyrus of the specified subregion; query includes a modifier indicating a part, but top1 correctly names the overall structure. | top1 is the parent gyrus (precentral gyrus) but query specifies medial subregion; anatomically correct parent but not exact. | Query specifies medial precentral gyrus; top1 is the broader parent gyrus.",A_effectively_correct,exact base match; subdivision not in HOMBA
corpus,Spinal trigeminal nucleus (oralis),needs_review,0.88,HOMBA:12572,spinal trigeminal nucleus,bm25+exact+fuzzy,Spinal trigeminal nucleus,Spinal trigeminal nucleus,oralis,0.0,"spinal nucleus of trigeminal nerve, rostral subnucleus",0.848222,,485,3_unresolved_correct.csv,64,broader_parent,high,0.95,Query 'Spinal trigeminal nucleus (oralis)' specifies a subdivision; top1 'spinal trigeminal nucleus' is the broader parent structure.,broader_parent,high,0.95,Query specifies a subnucleus (oralis) of the spinal trigeminal nucleus; top1 covers the parent nucleus.,broader_parent,high,0.95,"Query specifies oralis subdivision; top1 is the whole spinal trigeminal nucleus, the correct parent structure.",broader_parent,high,0.95,3/3,False,3-0,stable,"Query 'Spinal trigeminal nucleus (oralis)' specifies a subdivision; top1 'spinal trigeminal nucleus' is the broader parent structure. | Query specifies a subnucleus (oralis) of the spinal trigeminal nucleus; top1 covers the parent nucleus. | Query specifies oralis subdivision; top1 is the whole spinal trigeminal nucleus, the correct parent structure.",A_effectively_correct,exact base match; subdivision not in HOMBA
corpus,Superior frontal gyrus (dorsolateral),needs_review,0.88,HOMBA:12115,superior frontal gyrus,bm25+exact+fuzzy,Superior frontal gyrus,Superior frontal gyrus,dorsolateral,0.0,dorsolateral prefrontal gyrus,0.713422,,486,3_unresolved_correct.csv,65,broader_parent,high,0.95,Query 'Superior frontal gyrus (dorsolateral)' specifies a subdivision; top1 'superior frontal gyrus' is the broader parent structure.,broader_parent,high,0.95,Query 'superior frontal gyrus (dorsolateral)' indicates a subregion; top1 is the whole gyrus.,broader_parent,high,0.95,"Query specifies dorsolateral part; top1 is the whole superior frontal gyrus, the correct parent.",broader_parent,high,0.95,3/3,False,3-0,stable,"Query 'Superior frontal gyrus (dorsolateral)' specifies a subdivision; top1 'superior frontal gyrus' is the broader parent structure. | Query 'superior frontal gyrus (dorsolateral)' indicates a subregion; top1 is the whole gyrus. | Query specifies dorsolateral part; top1 is the whole superior frontal gyrus, the correct parent.",A_effectively_correct,exact base match; subdivision not in HOMBA
corpus,Superior frontal gyrus (lateral anterior),needs_review,0.88,HOMBA:12115,superior frontal gyrus,bm25+exact+fuzzy,Superior frontal gyrus,Superior frontal gyrus,lateral;anterior;lateral anterior,0.0,superior frontal sulcus,0.563907,,487,3_unresolved_correct.csv,66,broader_parent,high,0.95,Query 'Superior frontal gyrus (lateral anterior)' specifies a subdivision; top1 'superior frontal gyrus' is the broader parent structure.,broader_parent,high,0.95,Query 'superior frontal gyrus (lateral anterior)' indicates a subregion; top1 is the whole gyrus.,broader_parent,high,0.95,"Query specifies lateral anterior part; top1 is the whole superior frontal gyrus, the correct parent.",broader_parent,high,0.95,3/3,False,3-0,stable,"Query 'Superior frontal gyrus (lateral anterior)' specifies a subdivision; top1 'superior frontal gyrus' is the broader parent structure. | Query 'superior frontal gyrus (lateral anterior)' indicates a subregion; top1 is the whole gyrus. | Query specifies lateral anterior part; top1 is the whole superior frontal gyrus, the correct parent.",A_effectively_correct,exact base match; subdivision not in HOMBA
corpus,Superior frontal gyrus (lateral middle),needs_review,0.88,HOMBA:12115,superior frontal gyrus,bm25+exact+fuzzy,Superior frontal gyrus,Superior frontal gyrus,lateral;middle;lateral middle,0.0,middle frontal gyrus,0.691044,,488,3_unresolved_correct.csv,67,broader_parent,high,0.95,Query 'Superior frontal gyrus (lateral middle)' specifies a subdivision; top1 'superior frontal gyrus' is the broader parent structure.,broader_parent,high,0.95,Query 'superior frontal gyrus (lateral middle)' indicates a subregion; top1 is the whole gyrus.,broader_parent,high,0.95,"Query specifies lateral middle part; top1 is the whole superior frontal gyrus, the correct parent.",broader_parent,high,0.95,3/3,False,3-0,stable,"Query 'Superior frontal gyrus (lateral middle)' specifies a subdivision; top1 'superior frontal gyrus' is the broader parent structure. | Query 'superior frontal gyrus (lateral middle)' indicates a subregion; top1 is the whole gyrus. | Query specifies lateral middle part; top1 is the whole superior frontal gyrus, the correct parent.",A_effectively_correct,exact base match; subdivision not in HOMBA
corpus,Superior frontal gyrus (lateral posterior),needs_review,0.88,HOMBA:12115,superior frontal gyrus,bm25+exact+fuzzy,Superior frontal gyrus,Superior frontal gyrus,lateral;posterior;lateral posterior,0.0,superior frontal sulcus,0.563907,,489,3_unresolved_correct.csv,68,broader_parent,high,0.95,Query 'Superior frontal gyrus (lateral posterior)' specifies a subdivision; top1 'superior frontal gyrus' is the broader parent structure.,broader_parent,high,0.95,Query 'superior frontal gyrus (lateral posterior)' indicates a subregion; top1 is the whole gyrus.,broader_parent,high,0.95,"Query specifies lateral posterior part; top1 is the whole superior frontal gyrus, the correct parent.",broader_parent,high,0.95,3/3,False,3-0,stable,"Query 'Superior frontal gyrus (lateral posterior)' specifies a subdivision; top1 'superior frontal gyrus' is the broader parent structure. | Query 'superior frontal gyrus (lateral posterior)' indicates a subregion; top1 is the whole gyrus. | Query specifies lateral posterior part; top1 is the whole superior frontal gyrus, the correct parent.",A_effectively_correct,exact base match; subdivision not in HOMBA
corpus,Superior frontal gyrus (medial orbital),needs_review,0.88,HOMBA:12115,superior frontal gyrus,bm25+exact+fuzzy,Superior frontal gyrus,Superior frontal gyrus,medial;orbital;medial orbital,0.0,medial orbital frontal cortex (area 14),0.698679,,490,3_unresolved_correct.csv,69,broader_parent,high,0.95,"Query specifies 'medial orbital' part of superior frontal gyrus; top1 names the whole gyrus, which is the anatomically correct parent structure.",broader_parent,high,0.98,Top1 is the parent structure (superior frontal gyrus) without the subregion modifier 'medial orbital'. It is anatomically broader but consistent.,broader_parent,high,0.95,"Top1 is the whole superior frontal gyrus; query specifies its medial orbital subdivision, anatomically correct parent.",broader_parent,high,0.96,3/3,False,3-0,stable,"Query specifies 'medial orbital' part of superior frontal gyrus; top1 names the whole gyrus, which is the anatomically correct parent structure. | Top1 is the parent structure (superior frontal gyrus) without the subregion modifier 'medial orbital'. It is anatomically broader but consistent. | Top1 is the whole superior frontal gyrus; query specifies its medial orbital subdivision, anatomically correct parent.",A_effectively_correct,exact base match; subdivision not in HOMBA
corpus,Superior frontal gyrus (medial),needs_review,0.88,HOMBA:12115,superior frontal gyrus,bm25+exact+fuzzy,Superior frontal gyrus,Superior frontal gyrus,medial,0.0,superior frontal sulcus,0.57564,,491,3_unresolved_correct.csv,70,broader_parent,high,0.95,"Query specifies 'medial' part of superior frontal gyrus; top1 names the whole gyrus, a broader parent.",broader_parent,high,0.98,Top1 is the parent structure (superior frontal gyrus) without the subregion modifier 'medial'. It is anatomically broader but consistent.,broader_parent,high,0.95,"Top1 is the whole superior frontal gyrus; query specifies its medial subdivision, anatomically correct parent.",broader_parent,high,0.96,3/3,False,3-0,stable,"Query specifies 'medial' part of superior frontal gyrus; top1 names the whole gyrus, a broader parent. | Top1 is the parent structure (superior frontal gyrus) without the subregion modifier 'medial'. It is anatomically broader but consistent. | Top1 is the whole superior frontal gyrus; query specifies its medial subdivision, anatomically correct parent.",A_effectively_correct,exact base match; subdivision not in HOMBA
corpus,Superior frontal gyrus (orbital part),needs_review,0.88,HOMBA:12115,superior frontal gyrus,bm25+exact+fuzzy,Superior frontal gyrus,Superior frontal gyrus,orbital,0.0,orbital frontal cortex,0.644399,,492,3_unresolved_correct.csv,71,broader_parent,high,0.95,"Query specifies 'orbital part' of superior frontal gyrus; top1 names the whole gyrus, which is the parent structure.",broader_parent,high,0.98,Top1 is the parent structure (superior frontal gyrus) without the subregion modifier 'orbital part'. It is anatomically broader but consistent.,broader_parent,high,0.95,"Top1 is the whole superior frontal gyrus; query specifies its orbital part, anatomically correct parent.",broader_parent,high,0.96,3/3,False,3-0,stable,"Query specifies 'orbital part' of superior frontal gyrus; top1 names the whole gyrus, which is the parent structure. | Top1 is the parent structure (superior frontal gyrus) without the subregion modifier 'orbital part'. It is anatomically broader but consistent. | Top1 is the whole superior frontal gyrus; query specifies its orbital part, anatomically correct parent.",A_effectively_correct,exact base match; subdivision not in HOMBA
corpus,Superior parietal lobule (anterior),needs_review,0.88,HOMBA:12133,superior parietal lobule (gyrus),bm25+exact+fuzzy,Superior parietal lobule,Superior parietal lobule,anterior,0.0,superior medial parietal cortex,0.498394,,493,3_unresolved_correct.csv,72,broader_parent,high,0.95,"Query specifies 'anterior' part of superior parietal lobule; top1 names the whole lobule (with synonym), a broader parent.",broader_parent,high,0.98,"Top1 is the whole superior parietal lobule, broader than the query which specifies 'anterior' subregion. Anatomically correct parent.",broader_parent,high,0.95,"Top1 is the whole superior parietal lobule; query targets only the anterior part, anatomically correct parent.",broader_parent,high,0.96,3/3,False,3-0,stable,"Query specifies 'anterior' part of superior parietal lobule; top1 names the whole lobule (with synonym), a broader parent. | Top1 is the whole superior parietal lobule, broader than the query which specifies 'anterior' subregion. Anatomically correct parent. | Top1 is the whole superior parietal lobule; query targets only the anterior part, anatomically correct parent.",A_effectively_correct,exact base match; subdivision not in HOMBA
corpus,Superior parietal lobule (posterior),needs_review,0.88,HOMBA:12133,superior parietal lobule (gyrus),bm25+exact+fuzzy,Superior parietal lobule,Superior parietal lobule,posterior,0.0,superior medial parietal cortex,0.498394,,494,3_unresolved_correct.csv,73,broader_parent,high,0.95,"Query specifies 'posterior' part of superior parietal lobule; top1 names the whole lobule, a broader parent.",broader_parent,high,0.98,"Top1 is the whole superior parietal lobule, broader than the query which specifies 'posterior' subregion. Anatomically correct parent.",broader_parent,high,0.95,"Top1 is the whole superior parietal lobule; query targets only the posterior part, anatomically correct parent.",broader_parent,high,0.96,3/3,False,3-0,stable,"Query specifies 'posterior' part of superior parietal lobule; top1 names the whole lobule, a broader parent. | Top1 is the whole superior parietal lobule, broader than the query which specifies 'posterior' subregion. Anatomically correct parent. | Top1 is the whole superior parietal lobule; query targets only the posterior part, anatomically correct parent.",A_effectively_correct,exact base match; subdivision not in HOMBA
corpus,Superior temporal gyrus (anterior),needs_review,0.88,HOMBA:12140,superior temporal gyrus,bm25+exact+fuzzy,Superior temporal gyrus,Superior temporal gyrus,anterior,0.0,rostral division of area 22,0.800164,,495,3_unresolved_correct.csv,74,broader_parent,high,1.0,"Top1 is the entire superior temporal gyrus; query specifies anterior part, but top1 is the broader parent.",broader_parent,high,0.95,"Query specifies anterior part of superior temporal gyrus; top1 is the whole gyrus, which is the anatomically correct parent.",broader_parent,high,0.95,"Query asks for anterior part of superior temporal gyrus; top1 returns the whole gyrus, which is the correct broader parent structure.",broader_parent,high,0.9667,3/3,False,3-0,stable,"Top1 is the entire superior temporal gyrus; query specifies anterior part, but top1 is the broader parent. | Query specifies anterior part of superior temporal gyrus; top1 is the whole gyrus, which is the anatomically correct parent. | Query asks for anterior part of superior temporal gyrus; top1 returns the whole gyrus, which is the correct broader parent structure.",A_effectively_correct,exact base match; subdivision not in HOMBA
corpus,Superior temporal gyrus (posterior),needs_review,0.88,HOMBA:12140,superior temporal gyrus,bm25+exact+fuzzy,Superior temporal gyrus,Superior temporal gyrus,posterior,0.0,caudal division of area 22,0.796981,,496,3_unresolved_correct.csv,75,broader_parent,high,1.0,"Top1 is the entire superior temporal gyrus; query specifies posterior part, but top1 is the broader parent.",broader_parent,high,0.95,"Query specifies posterior part of superior temporal gyrus; top1 is the whole gyrus, which is the anatomically correct parent.",broader_parent,high,0.95,"Query asks for posterior part of superior temporal gyrus; top1 is the whole gyrus, the appropriate broader parent.",broader_parent,high,0.9667,3/3,False,3-0,stable,"Top1 is the entire superior temporal gyrus; query specifies posterior part, but top1 is the broader parent. | Query specifies posterior part of superior temporal gyrus; top1 is the whole gyrus, which is the anatomically correct parent. | Query asks for posterior part of superior temporal gyrus; top1 is the whole gyrus, the appropriate broader parent.",A_effectively_correct,exact base match; subdivision not in HOMBA
corpus,Supramarginal gyrus (anterior),needs_review,0.88,HOMBA:12135,supramarginal gyrus,bm25+exact+fuzzy,Supramarginal gyrus,Supramarginal gyrus,anterior,0.0,anterior cingulate  cortex (ventromedial prefrontal cortex),0.420222,,497,3_unresolved_correct.csv,76,broader_parent,high,1.0,"Top1 is the entire supramarginal gyrus; query specifies anterior part, but top1 is the broader parent.",broader_parent,high,0.95,"Query specifies anterior part of supramarginal gyrus; top1 is the whole gyrus, which is the anatomically correct parent.",broader_parent,high,0.95,"Query specifies anterior supramarginal gyrus; top1 is the complete gyrus, a correct broader container.",broader_parent,high,0.9667,3/3,False,3-0,stable,"Top1 is the entire supramarginal gyrus; query specifies anterior part, but top1 is the broader parent. | Query specifies anterior part of supramarginal gyrus; top1 is the whole gyrus, which is the anatomically correct parent. | Query specifies anterior supramarginal gyrus; top1 is the complete gyrus, a correct broader container.",A_effectively_correct,exact base match; subdivision not in HOMBA
corpus,Supramarginal gyrus (posterior),needs_review,0.88,HOMBA:12135,supramarginal gyrus,bm25+exact+fuzzy,Supramarginal gyrus,Supramarginal gyrus,posterior,0.0,posterior cingulate cortex (PCC),0.418552,,498,3_unresolved_correct.csv,77,broader_parent,high,1.0,"Top1 is the entire supramarginal gyrus; query specifies posterior part, but top1 is the broader parent.",broader_parent,high,0.95,"Query specifies posterior part of supramarginal gyrus; top1 is the whole gyrus, which is the anatomically correct parent.",broader_parent,high,0.95,"Query specifies posterior supramarginal gyrus; top1 is the whole gyrus, an anatomically correct broader parent.",broader_parent,high,0.9667,3/3,False,3-0,stable,"Top1 is the entire supramarginal gyrus; query specifies posterior part, but top1 is the broader parent. | Query specifies posterior part of supramarginal gyrus; top1 is the whole gyrus, which is the anatomically correct parent. | Query specifies posterior supramarginal gyrus; top1 is the whole gyrus, an anatomically correct broader parent.",A_effectively_correct,exact base match; subdivision not in HOMBA
corpus,Thalamus (excluding pulvinar),needs_review,0.88,HOMBA:10390,thalamus,bm25+exact+fuzzy,Thalamus,Thalamus,excluding;pulvinar;excluding pulvinar,0.0,pulvinar of thalamus,0.798195,,499,3_unresolved_correct.csv,78,broader_parent,high,1.0,"Top1 is the entire thalamus; query specifies thalamus excluding pulvinar, but top1 is the broader parent.",broader_parent,high,0.9,"Query is thalamus excluding pulvinar; top1 is thalamus (including pulvinar), which is a broader parent structure.",broader_parent,high,0.95,"Query asks for thalamus excluding pulvinar; top1 returns entire thalamus, a broader parent that includes the excluded part.",broader_parent,high,0.95,3/3,False,3-0,stable,"Top1 is the entire thalamus; query specifies thalamus excluding pulvinar, but top1 is the broader parent. | Query is thalamus excluding pulvinar; top1 is thalamus (including pulvinar), which is a broader parent structure. | Query asks for thalamus excluding pulvinar; top1 returns entire thalamus, a broader parent that includes the excluded part.",A_effectively_correct,exact base match; subdivision not in HOMBA
corpus,Lateral intraparietal area (ventral),modifier_conflict,0.579282,HOMBA:267498979,lateral subdivision of area 7,bm25+fuzzy,Lateral intraparietal area (ventral),intraparietal subdivision of area 7,ventral;lateral,0.5,parvicellular (ventral) division of BL,0.571534,,500,3_unresolved_correct.csv,79,broader_parent,medium,0.7,"Top1 is lateral subdivision of area 7, broader than query lateral intraparietal area; matched alias indicates intraparietal subdivision, so likely a parent structure.",broader_parent,high,0.9,"top1 is the entire lateral subdivision of area 7, while query specifies ventral part; top1 is valid parent.",partial_or_narrower,medium,0.7,"Query specifies both lateral and ventral aspects; top1 matches only lateral subdivision of area 7, missing the 'ventral' modifier.",broader_parent,medium,0.7667,2/3,True,2-1,majority_vote,"Top1 is lateral subdivision of area 7, broader than query lateral intraparietal area; matched alias indicates intraparietal subdivision, so likely a parent structure. | top1 is the entire lateral subdivision of area 7, while query specifies ventral part; top1 is valid parent. | Query specifies both lateral and ventral aspects; top1 matches only lateral subdivision of area 7, missing the 'ventral' modifier.",A_effectively_correct,modifier de-specified to correct parent
corpus,Transverse temporal gyri (Heschl's gyri),modifier_conflict,0.825032,HOMBA:12144,transverse temporal gyrus (Heschl's gyrus),bm25+fuzzy,Transverse temporal gyri (Heschl's gyri),transverse temporal gyrus (Heschl's gyrus),heschls;gyri;heschls gyri,0.333333,transverse temporal sulcus,0.58161,,501,3_unresolved_correct.csv,80,aligned,high,0.95,Singular form matches plural query; conventional synonym.,aligned,high,0.98,top1 is the singular form but same anatomical structure as query; accepted synonym.,partial_or_narrower,high,0.9,"Query uses plural 'gyri', while top1 is singular 'gyrus', only covering one Heschl’s gyrus, not the full set.",aligned,medium,0.9433,2/3,True,2-1,majority_vote,"Singular form matches plural query; conventional synonym. | top1 is the singular form but same anatomical structure as query; accepted synonym. | Query uses plural 'gyri', while top1 is singular 'gyrus', only covering one Heschl’s gyrus, not the full set.",A_effectively_correct,modifier de-specified to correct parent
corpus,Lateral occipital cortex (inferior),modifier_conflict,0.840855,HOMBA:AA30024,"lateral temporal-occipital cortex (area 37l, area TEO)",bm25+fuzzy,Lateral occipital cortex,lateral temporal-occipital cortex,inferior;lateral,0.5,inferior occipital sulcus,0.614363,,502,3_unresolved_correct.csv,81,wrong,high,0.9,"Top1 is lateral temporal-occipital cortex, not specifically lateral occipital cortex; different anatomical region.",wrong,medium,0.75,"top1 is lateral temporal-occipital cortex (area 37l), which is not the same as lateral occipital cortex; query is occipital, top1 includes temporal.",wrong,medium,0.75,"Top1 extends into temporal lobe (lateral temporal-occipital), not strictly the lateral occipital cortex, and ignores the 'inferior' specificity.",wrong,medium,0.8,3/3,False,3-0,stable,"Top1 is lateral temporal-occipital cortex, not specifically lateral occipital cortex; different anatomical region. | top1 is lateral temporal-occipital cortex (area 37l), which is not the same as lateral occipital cortex; query is occipital, top1 includes temporal. | Top1 extends into temporal lobe (lateral temporal-occipital), not strictly the lateral occipital cortex, and ignores the 'inferior' specificity.",A_effectively_correct,modifier de-specified to correct parent
corpus,Lateral occipital cortex (superior),modifier_conflict,0.840855,HOMBA:AA30024,"lateral temporal-occipital cortex (area 37l, area TEO)",bm25+fuzzy,Lateral occipital cortex,lateral temporal-occipital cortex,superior;lateral,0.5,superior occipital gyrus,0.622427,,503,3_unresolved_correct.csv,82,wrong,high,0.9,"Top1 is lateral temporal-occipital cortex, not specifically lateral occipital cortex; different anatomical region.",wrong,medium,0.75,"top1 is lateral temporal-occipital cortex (area 37l), which is not the same as lateral occipital cortex; query is occipital, top1 includes temporal.",broader_parent,high,0.92,"Query: lateral occipital cortex (superior part); top1 is lateral temporal-occipital cortex, a broader region encompassing both lateral temporal and occipital areas.",wrong,medium,0.8567,2/3,True,2-1,majority_vote,"Top1 is lateral temporal-occipital cortex, not specifically lateral occipital cortex; different anatomical region. | top1 is lateral temporal-occipital cortex (area 37l), which is not the same as lateral occipital cortex; query is occipital, top1 includes temporal. | Query: lateral occipital cortex (superior part); top1 is lateral temporal-occipital cortex, a broader region encompassing both lateral temporal and occipital areas.",A_effectively_correct,modifier de-specified to correct parent
corpus,Cingulate gyrus (anterior posterior part),modifier_conflict,0.895,HOMBA:10278,anterior cingulate  cortex (ventromedial prefrontal cortex),bm25+fuzzy,cingulate cortex,anterior cingulate  cortex,anterior;posterior;anterior posterior part,0.333333,cingulate cortex,0.88,,504,3_unresolved_correct.csv,83,partial_or_narrower,medium,0.7,"Top1 anterior cingulate cortex is only the anterior part, while query specifies anterior posterior part, which seems to include both; top1 is narrower.",ambiguous,low,0.6,"query modifier 'anterior posterior part' is ambiguous; top1 is anterior cingulate cortex, which may be partial or misinterpretation.",partial_or_narrower,high,0.95,"Query: cingulate gyrus (anterior posterior part); top1 covers only anterior cingulate cortex, missing the posterior component.",partial_or_narrower,medium,0.75,2/3,True,2-1,majority_vote+low_certainty,"Top1 anterior cingulate cortex is only the anterior part, while query specifies anterior posterior part, which seems to include both; top1 is narrower. | query modifier 'anterior posterior part' is ambiguous; top1 is anterior cingulate cortex, which may be partial or misinterpretation. | Query: cingulate gyrus (anterior posterior part); top1 covers only anterior cingulate cortex, missing the posterior component.",A_effectively_correct,modifier de-specified to correct parent
corpus,Ventral posterior external thalamic nucleus,modifier_conflict,0.9231,HOMBA:10423,ventral posterior nuclear complex of thalamus,bm25+fuzzy,Ventral posterior external thalamic nucleus,ventral posterior thalamic nucleus,ventral;posterior;external,0.666667,posterior nucleus of thalamus,0.733646,,505,3_unresolved_correct.csv,84,broader_parent,high,0.95,"Query specifies the external subdivision of the ventral posterior thalamic nucleus; top1 is the broader nuclear complex, which anatomically contains it.",broader_parent,high,0.9,"Top1 is the ventral posterior nuclear complex, which is the parent structure of the ventral posterior external nucleus; not exact match but valid parent.",broader_parent,high,0.9,"Top1 is the ventral posterior nuclear complex, containing the queried external subnucleus. Query is a specific subdivision.",broader_parent,high,0.9167,3/3,False,3-0,stable,"Query specifies the external subdivision of the ventral posterior thalamic nucleus; top1 is the broader nuclear complex, which anatomically contains it. | Top1 is the ventral posterior nuclear complex, which is the parent structure of the ventral posterior external nucleus; not exact match but valid parent. | Top1 is the ventral posterior nuclear complex, containing the queried external subnucleus. Query is a specific subdivision.",A_effectively_correct,modifier de-specified to correct parent
corpus,Cingulate gyrus (anterior anterior part),modifier_conflict,0.9775,HOMBA:10278,anterior cingulate  cortex (ventromedial prefrontal cortex),bm25+fuzzy,cingulate cortex,anterior cingulate  cortex,anterior;anterior anterior part,0.5,cingulate cortex,0.88,,506,3_unresolved_correct.csv,85,broader_parent,medium,0.85,"Query refers to the anterior anterior part of the cingulate gyrus; top1 is the anterior cingulate cortex, a broader region that includes this area.",partial_or_narrower,medium,0.7,"Top1 is anterior cingulate cortex, the cortical part of the anterior cingulate gyrus; query specifies whole gyrus region, so top1 is narrower.",broader_parent,medium,0.8,"Top1 is anterior cingulate cortex, which forms the anterior cingulate gyrus; query's 'anterior anterior part' indicates an even finer subregion, making top1 a broader parent.",broader_parent,medium,0.7833,2/3,True,2-1,majority_vote,"Query refers to the anterior anterior part of the cingulate gyrus; top1 is the anterior cingulate cortex, a broader region that includes this area. | Top1 is anterior cingulate cortex, the cortical part of the anterior cingulate gyrus; query specifies whole gyrus region, so top1 is narrower. | Top1 is anterior cingulate cortex, which forms the anterior cingulate gyrus; query's 'anterior anterior part' indicates an even finer subregion, making top1 a broader parent.",A_effectively_correct,modifier de-specified to correct parent
corpus,Inferior olive (principal nucleus),modifier_conflict,1.0,HOMBA:12600,inferior olive,bm25+exact+fuzzy,Inferior olive,Inferior olive,principal;nucleus;principal nucleus,0.333333,"inferior olive, principal division",1.0,,507,3_unresolved_correct.csv,86,broader_parent,high,0.95,"Query specifies the principal nucleus of the inferior olive; top1 is the whole inferior olive, which is the parent structure.",broader_parent,high,0.95,"Top1 is the entire inferior olive, while query specifies principal nucleus; top1 is the parent structure.",broader_parent,high,0.95,"Top1 is the whole inferior olive; query specifies its principal nucleus, a component. Top1 is the correct parent structure.",broader_parent,high,0.95,3/3,False,3-0,stable,"Query specifies the principal nucleus of the inferior olive; top1 is the whole inferior olive, which is the parent structure. | Top1 is the entire inferior olive, while query specifies principal nucleus; top1 is the parent structure. | Top1 is the whole inferior olive; query specifies its principal nucleus, a component. Top1 is the correct parent structure.",A_effectively_correct,exact base match; subdivision not in HOMBA
corpus,Lateral reticular nucleus (magnocellular),modifier_conflict,1.0,HOMBA:12634,lateral reticular nucleus,bm25+exact+fuzzy,Lateral reticular nucleus,Lateral reticular nucleus,magnocellular;lateral;reticular,0.666667,"lateral reticular nucleus, magnocellular division",1.0,,508,3_unresolved_correct.csv,87,broader_parent,high,0.95,"Query specifies the magnocellular part of the lateral reticular nucleus; top1 is the entire lateral reticular nucleus, the broader parent.",broader_parent,high,0.95,"Top1 is the lateral reticular nucleus, broader than query specifying magnocellular subdivision.",broader_parent,high,0.95,Top1 is the lateral reticular nucleus; query specifies its magnocellular subdivision. Top1 is the parent.,broader_parent,high,0.95,3/3,False,3-0,stable,"Query specifies the magnocellular part of the lateral reticular nucleus; top1 is the entire lateral reticular nucleus, the broader parent. | Top1 is the lateral reticular nucleus, broader than query specifying magnocellular subdivision. | Top1 is the lateral reticular nucleus; query specifies its magnocellular subdivision. Top1 is the parent.",A_effectively_correct,exact base match; subdivision not in HOMBA
corpus,Lateral reticular nucleus (parvicellular),modifier_conflict,1.0,HOMBA:12634,lateral reticular nucleus,bm25+exact+fuzzy,Lateral reticular nucleus,Lateral reticular nucleus,parvicellular;lateral;reticular,0.666667,"lateral reticular nucleus, parvicellular division",1.0,,509,3_unresolved_correct.csv,88,broader_parent,high,0.95,"Query specifies the parvicellular part of the lateral reticular nucleus; top1 is the entire lateral reticular nucleus, the broader parent.",broader_parent,high,0.95,"Top1 is the lateral reticular nucleus, broader than query specifying parvicellular subdivision.",broader_parent,high,0.95,Top1 is the lateral reticular nucleus; query specifies its parvicellular subdivision. Top1 is the parent.,broader_parent,high,0.95,3/3,False,3-0,stable,"Query specifies the parvicellular part of the lateral reticular nucleus; top1 is the entire lateral reticular nucleus, the broader parent. | Top1 is the lateral reticular nucleus, broader than query specifying parvicellular subdivision. | Top1 is the lateral reticular nucleus; query specifies its parvicellular subdivision. Top1 is the parent.",A_effectively_correct,exact base match; subdivision not in HOMBA
corpus,Temporal pole (middle temporal gyrus),modifier_conflict,1.0,HOMBA:12146,temporal pole (temporopolar cortex),bm25+exact+fuzzy,Temporal pole,Temporal pole,middle;temporal;gyrus;middle temporal gyrus,0.25,middle temporal gyrus,0.945,,510,3_unresolved_correct.csv,89,partial_or_narrower,high,0.95,"Query includes both temporal pole and middle temporal gyrus; top1 only covers temporal pole, missing the specified gyrus component.",partial_or_narrower,high,0.95,"Top1 matches 'Temporal pole' but ignores parenthetical 'middle temporal gyrus', covering only part of the compound query.",broader_parent,high,0.95,"Query specifies temporal pole on the middle temporal gyrus; top1 is the entire temporal pole, a broader parent region.",partial_or_narrower,medium,0.95,2/3,True,2-1,majority_vote,"Query includes both temporal pole and middle temporal gyrus; top1 only covers temporal pole, missing the specified gyrus component. | Top1 matches 'Temporal pole' but ignores parenthetical 'middle temporal gyrus', covering only part of the compound query. | Query specifies temporal pole on the middle temporal gyrus; top1 is the entire temporal pole, a broader parent region.",A_effectively_correct,exact base match; subdivision not in HOMBA
corpus,Temporal pole (superior temporal gyrus),modifier_conflict,1.0,HOMBA:12146,temporal pole (temporopolar cortex),bm25+exact+fuzzy,Temporal pole,Temporal pole,superior;temporal;gyrus;superior temporal gyrus,0.25,superior temporal gyrus,0.513302,,511,3_unresolved_correct.csv,90,partial_or_narrower,high,0.95,"Query includes both temporal pole and superior temporal gyrus; top1 only covers temporal pole, missing the gyrus part.",partial_or_narrower,high,0.95,"Top1 matches 'Temporal pole' but ignores parenthetical 'superior temporal gyrus', covering only part of the compound query.",broader_parent,high,0.95,"Query specifies temporal pole on the superior temporal gyrus; top1 is the entire temporal pole, a broader parent region.",partial_or_narrower,medium,0.95,2/3,True,2-1,majority_vote,"Query includes both temporal pole and superior temporal gyrus; top1 only covers temporal pole, missing the gyrus part. | Top1 matches 'Temporal pole' but ignores parenthetical 'superior temporal gyrus', covering only part of the compound query. | Query specifies temporal pole on the superior temporal gyrus; top1 is the entire temporal pole, a broader parent region.",A_effectively_correct,exact base match; subdivision not in HOMBA
corpus,Uncus,low_confidence,0.224002,HOMBA:12165,uncus of (para)hippocampal gyrus,bm25,Uncus,uncus of parahippocampal gyrus,,1.0,,,,512,3_unresolved_correct.csv,91,aligned,high,0.98,Top1 directly names uncus with standard anatomical qualification; synonymous match.,aligned,high,1.0,'Uncus' is synonymous with 'uncus of (para)hippocampal gyrus'; exact match.,aligned,high,0.99,Uncus directly matches uncus of parahippocampal gyrus; minor parenthetical spelling variant is conventional.,aligned,high,0.99,3/3,False,3-0,stable,Top1 directly names uncus with standard anatomical qualification; synonymous match. | 'Uncus' is synonymous with 'uncus of (para)hippocampal gyrus'; exact match. | Uncus directly matches uncus of parahippocampal gyrus; minor parenthetical spelling variant is conventional.,A_effectively_correct,correct entry/parent at rank 1 (low score)
corpus,Median cingulate and paracingulate gyri,low_confidence,0.455738,HOMBA:146034872,paracingulate gyrus,bm25+fuzzy,Median cingulate and paracingulate gyri,paracingulate gyrus,,1.0,paracingulate sulcus,0.410247,,513,3_unresolved_correct.csv,92,partial_or_narrower,high,0.95,Query explicitly names two gyri (median cingulate and paracingulate); top1 only returns paracingulate gyrus.,partial_or_narrower,high,0.95,Query includes both median cingulate and paracingulate gyri; top1 only returns paracingulate gyrus.,partial_or_narrower,high,0.99,Query lists both median cingulate and paracingulate gyri; top1 covers only the paracingulate gyrus.,partial_or_narrower,high,0.9633,3/3,False,3-0,stable,Query explicitly names two gyri (median cingulate and paracingulate); top1 only returns paracingulate gyrus. | Query includes both median cingulate and paracingulate gyri; top1 only returns paracingulate gyrus. | Query lists both median cingulate and paracingulate gyri; top1 covers only the paracingulate gyrus.,A_effectively_correct,correct entry/parent at rank 1 (low score)
corpus,V4 transitional area,low_confidence,0.465391,HOMBA:AA30818,transitional fourth visual area (V4T),bm25+fuzzy,V4 transitional area,transitional fourth visual area,,1.0,amygdaloid transition areas,0.391388,,514,3_unresolved_correct.csv,93,aligned,high,0.98,Top1 is full standard name for V4 transitional area; terminology synonymous.,aligned,high,1.0,'V4 transitional area' is equivalent to 'transitional fourth visual area (V4T)'.,aligned,high,0.99,V4 transitional area and transitional fourth visual area (V4T) are synonymous names for the same region.,aligned,high,0.99,3/3,False,3-0,stable,Top1 is full standard name for V4 transitional area; terminology synonymous. | 'V4 transitional area' is equivalent to 'transitional fourth visual area (V4T)'. | V4 transitional area and transitional fourth visual area (V4T) are synonymous names for the same region.,A_effectively_correct,correct entry/parent at rank 1 (low score)
corpus,Rolandic operculum,low_confidence,0.483531,HOMBA:12127,frontal operculum,bm25+fuzzy,Rolandic operculum,frontal operculum,,1.0,parietal operculum,0.462011,,515,3_unresolved_correct.csv,94,wrong,high,0.9,"Rolandic operculum refers to central/sensorimotor operculum, not frontal operculum; anatomically different region.",broader_parent,high,0.9,"Top1 is a broader region; Rolandic operculum is a specific part of the operculum, frontal operculum is a more general region.",partial_or_narrower,medium,0.7,Rolandic operculum consists of both precentral (frontal) and postcentral (parietal) opercular parts; frontal operculum covers only the anterior component.,no_consensus,low,0.8333,1/3,True,1-1-1,split_vote,"Rolandic operculum refers to central/sensorimotor operculum, not frontal operculum; anatomically different region. | Top1 is a broader region; Rolandic operculum is a specific part of the operculum, frontal operculum is a more general region. | Rolandic operculum consists of both precentral (frontal) and postcentral (parietal) opercular parts; frontal operculum covers only the anterior component.",A_effectively_correct,correct entry/parent at rank 1 (low score)
corpus,Subcallosal cortex,low_confidence,0.494196,HOMBA:10281,subgenual (subcallosal) cingulate cortex (area 25),bm25+fuzzy,Subcallosal cortex,subcallosal,,1.0,cingulate cortex,0.493809,,516,3_unresolved_correct.csv,95,aligned,high,1.0,Subcallosal cortex is directly synonymous with subgenual (subcallosal) cingulate cortex as named in top1.,aligned,high,0.95,Top1 is an accepted synonym for subcallosal cortex; 'subgenual (subcallosal) cingulate cortex' directly references subcallosal.,aligned,high,0.95,"Subcallosal cortex is a direct synonym for subgenual (subcallosal) cingulate cortex (area 25), with 'subcallosal' explicitly listed as an alias in HOMBA.",aligned,high,0.9667,3/3,False,3-0,stable,"Subcallosal cortex is directly synonymous with subgenual (subcallosal) cingulate cortex as named in top1. | Top1 is an accepted synonym for subcallosal cortex; 'subgenual (subcallosal) cingulate cortex' directly references subcallosal. | Subcallosal cortex is a direct synonym for subgenual (subcallosal) cingulate cortex (area 25), with 'subcallosal' explicitly listed as an alias in HOMBA.",A_effectively_correct,correct entry/parent at rank 1 (low score)
corpus,Parahippocampal area PeEc,low_confidence,0.497208,HOMBA:12162,parahippocampal gyrus,bm25+fuzzy+hierarchy_parent,Parahippocampal area PeEc,parahippocampal gyrus,,1.0,cingulate-parahippocampal isthmus,0.482411,,517,3_unresolved_correct.csv,96,broader_parent,medium,0.8,Parahippocampal area PeEc is a subregion of the parahippocampal gyrus; top1 is the broader parent structure.,broader_parent,high,0.9,Parahippocampal area PeEc is a subdivision of the parahippocampal gyrus; top1 is the parent structure.,broader_parent,high,0.9,Parahippocampal area PeEc is a specific cytoarchitectonic subarea within the parahippocampal gyrus; top1 is the broader parent structure.,broader_parent,high,0.8667,3/3,False,3-0,stable,Parahippocampal area PeEc is a subregion of the parahippocampal gyrus; top1 is the broader parent structure. | Parahippocampal area PeEc is a subdivision of the parahippocampal gyrus; top1 is the parent structure. | Parahippocampal area PeEc is a specific cytoarchitectonic subarea within the parahippocampal gyrus; top1 is the broader parent structure.,A_effectively_correct,correct entry/parent at rank 1 (low score)
corpus,Frontal opercular cortex,low_confidence,0.498321,HOMBA:12119,"inferior frontal gyrus, opercular part",bm25+fuzzy,Frontal opercular cortex,"inferior frontal gyrus, opercular part",,1.0,inferior frontal gyrus,0.497356,,518,3_unresolved_correct.csv,97,partial_or_narrower,high,0.95,Frontal opercular cortex is broader than the opercular part of IFG alone; top1 covers only a subregion.,aligned,high,0.95,Top1 is the exact anatomical region; 'frontal opercular cortex' refers to the opercular part of inferior frontal gyrus.,partial_or_narrower,medium,0.7,"Frontal opercular cortex encompasses more than just the pars opercularis (e.g., precentral operculum); top1 is a specific subregion.",partial_or_narrower,medium,0.8667,2/3,True,2-1,majority_vote,"Frontal opercular cortex is broader than the opercular part of IFG alone; top1 covers only a subregion. | Top1 is the exact anatomical region; 'frontal opercular cortex' refers to the opercular part of inferior frontal gyrus. | Frontal opercular cortex encompasses more than just the pars opercularis (e.g., precentral operculum); top1 is a specific subregion.",A_effectively_correct,correct entry/parent at rank 1 (low score)
corpus,Anterior cingulate and paracingulate gyri,low_confidence,0.53058,HOMBA:10278,anterior cingulate  cortex (ventromedial prefrontal cortex),bm25+fuzzy,Anterior cingulate and paracingulate gyri,anterior cingulate  cortex,,1.0,cingulate cortex,0.525099,,519,3_unresolved_correct.csv,98,partial_or_narrower,high,0.9,Query includes both anterior cingulate and paracingulate gyri; top1 only covers anterior cingulate cortex.,partial_or_narrower,high,0.9,"Query includes both anterior cingulate and paracingulate gyri; top1 only covers anterior cingulate, missing the paracingulate component.",partial_or_narrower,high,0.9,"Query specifies both anterior cingulate and paracingulate gyri; top1 only matches anterior cingulate cortex, missing the paracingulate component.",partial_or_narrower,high,0.9,3/3,False,3-0,stable,"Query includes both anterior cingulate and paracingulate gyri; top1 only covers anterior cingulate cortex. | Query includes both anterior cingulate and paracingulate gyri; top1 only covers anterior cingulate, missing the paracingulate component. | Query specifies both anterior cingulate and paracingulate gyri; top1 only matches anterior cingulate cortex, missing the paracingulate component.",A_effectively_correct,correct entry/parent at rank 1 (low score)
corpus,Meyer's loop (geniculocalcarine tract),low_confidence,0.53796,HOMBA:266441617,Meyer's loop of optic radiation,bm25+fuzzy,Meyer's loop (geniculocalcarine tract),Meyer's loop of optic radiation,geniculocalcarine;tract;geniculocalcarine tract,0.0,capsular part of optic radiation (geniculocalcarine tract),0.451388,,520,3_unresolved_correct.csv,99,aligned,high,0.95,Direct synonym: Meyer's loop is also known as Meyer's loop of optic radiation.,aligned,high,0.95,Top1 is a direct synonym; 'Meyer's loop' is the same structure as 'Meyer's loop of optic radiation'.,aligned,high,0.95,Meyer's loop and Meyer's loop of optic radiation refer to the same specific part of the optic radiation; geniculocalcarine tract is a synonym for optic radiation.,aligned,high,0.95,3/3,False,3-0,stable,Direct synonym: Meyer's loop is also known as Meyer's loop of optic radiation. | Top1 is a direct synonym; 'Meyer's loop' is the same structure as 'Meyer's loop of optic radiation'. | Meyer's loop and Meyer's loop of optic radiation refer to the same specific part of the optic radiation; geniculocalcarine tract is a synonym for optic radiation.,A_effectively_correct,correct entry/parent at rank 1 (low score)
corpus,Premotor eye field,low_confidence,0.552394,HOMBA:AA30010,frontal eye field of premotor cortex,bm25+fuzzy,Premotor eye field,frontal eye field of premotor cortex,,1.0,prerubral field (field H3),0.249898,,521,3_unresolved_correct.csv,100,aligned,medium,0.85,Premotor eye field is synonymous with frontal eye field of premotor cortex.,aligned,medium,0.7,Top1 appears synonymous; 'premotor eye field' is commonly considered part of the frontal eye field in premotor cortex.,aligned,high,0.9,"Premotor eye field denotes the frontal eye field located in premotor cortex, which matches 'frontal eye field of premotor cortex'.",aligned,high,0.8167,3/3,False,3-0,stable,"Premotor eye field is synonymous with frontal eye field of premotor cortex. | Top1 appears synonymous; 'premotor eye field' is commonly considered part of the frontal eye field in premotor cortex. | Premotor eye field denotes the frontal eye field located in premotor cortex, which matches 'frontal eye field of premotor cortex'.",A_effectively_correct,correct entry/parent at rank 1 (low score)
corpus,Calcarine fissure and surrounding cortex,low_confidence,0.572195,HOMBA:10612,calcarine sulcus (fissure),bm25+fuzzy+hierarchy_parent,Calcarine fissure and surrounding cortex,calcarine fissure,,1.0,rostral (common) portion of calcarine sulcus,0.436355,,522,3_unresolved_correct.csv,101,partial_or_narrower,high,0.95,"Query includes 'surrounding cortex' but top1 only names the fissure, missing cortex.",partial_or_narrower,high,0.9,"Query includes surrounding cortex; top1 only covers the fissure itself, missing the cortex component.",partial_or_narrower,high,0.95,"Query includes both the calcarine fissure and surrounding cortex; top1 covers only the fissure, missing the cortical component.",partial_or_narrower,high,0.9333,3/3,False,3-0,stable,"Query includes 'surrounding cortex' but top1 only names the fissure, missing cortex. | Query includes surrounding cortex; top1 only covers the fissure itself, missing the cortex component. | Query includes both the calcarine fissure and surrounding cortex; top1 covers only the fissure, missing the cortical component.",A_effectively_correct,correct entry/parent at rank 1 (low score)
corpus,Intralaminar thalamic nuclei,low_confidence,0.592628,HOMBA:AA30311,posterior marginal (intralaminar) nucleus of thalamus (PIL),bm25+fuzzy,intralaminar thalamic nucleus,posterior marginal intralaminar thalamic nucleus pil,,1.0,ventral midline nuclei of thalamus,0.329252,,523,3_unresolved_correct.csv,102,partial_or_narrower,high,0.95,"Query refers to multiple intralaminar nuclei, top1 is a single nucleus (PIL).",partial_or_narrower,high,0.95,"Top1 is one specific intralaminar nucleus (PIL); query requests intralaminar nuclei (plural), which is broader.",partial_or_narrower,high,0.95,"Query is the plural group 'intralaminar thalamic nuclei'; top1 is a single specific nucleus (PIL), a subset of the group.",partial_or_narrower,high,0.95,3/3,False,3-0,stable,"Query refers to multiple intralaminar nuclei, top1 is a single nucleus (PIL). | Top1 is one specific intralaminar nucleus (PIL); query requests intralaminar nuclei (plural), which is broader. | Query is the plural group 'intralaminar thalamic nuclei'; top1 is a single specific nucleus (PIL), a subset of the group.",A_effectively_correct,correct entry/parent at rank 1 (low score)
species,Basolateral Ventral Amygdaloid Nucleus,needs_review,0.601371,HOMBA:10368,basolateral nucleus (basal nucleus) of amygdala,bm25+fuzzy,Basolateral Ventral Amygdaloid Nucleus,basolateral nucleus of amygdaloid complex,ventral,0.0,parvicellular (ventral) division of BL,0.487394,,524,3_unresolved_correct.csv,103,partial_or_narrower,medium,0.8,"Query specifies 'Ventral' but top1 is general basolateral nucleus, missing ventral specification.",broader_parent,medium,0.65,"Top1 is the general basolateral nucleus; query specifies 'ventral' subdivision, so top1 is broader parent but not exact.",broader_parent,high,0.95,Basolateral Ventral Amygdaloid Nucleus is a ventral subdivision of the basolateral nucleus; top1 is the broader parent basolateral nucleus.,broader_parent,medium,0.8,2/3,True,2-1,majority_vote,"Query specifies 'Ventral' but top1 is general basolateral nucleus, missing ventral specification. | Top1 is the general basolateral nucleus; query specifies 'ventral' subdivision, so top1 is broader parent but not exact. | Basolateral Ventral Amygdaloid Nucleus is a ventral subdivision of the basolateral nucleus; top1 is the broader parent basolateral nucleus.",A_effectively_correct,synonym/parent match (review-only flag)
species,Basolateral Dorsal Amygdaloid Nucleus,needs_review,0.60277,HOMBA:10368,basolateral nucleus (basal nucleus) of amygdala,bm25+fuzzy,Basolateral Dorsal Amygdaloid Nucleus,basolateral nucleus of amygdaloid complex,dorsal,0.0,magnocellular (dorsal) division of BL,0.485827,,525,3_unresolved_correct.csv,104,broader_parent,high,0.95,"Query specifies 'dorsal' subdivision of basolateral amygdaloid nucleus; top1 is the full basolateral nucleus, a broader parent structure.",broader_parent,high,0.95,"Query specifies 'dorsal' subdivision; top1 is the general basolateral nucleus, which is the broader parent.",broader_parent,high,0.9,"Query specifies dorsal subdivision of basolateral amygdaloid nucleus; top1 is the whole basolateral nucleus, the correct parent structure.",broader_parent,high,0.9333,3/3,False,3-0,stable,"Query specifies 'dorsal' subdivision of basolateral amygdaloid nucleus; top1 is the full basolateral nucleus, a broader parent structure. | Query specifies 'dorsal' subdivision; top1 is the general basolateral nucleus, which is the broader parent. | Query specifies dorsal subdivision of basolateral amygdaloid nucleus; top1 is the whole basolateral nucleus, the correct parent structure.",A_effectively_correct,synonym/parent match (review-only flag)
species,Medial cerebellar peduncle,needs_review,0.607109,HOMBA:12768,middle cerebellar peduncle (brachium pontis),bm25+fuzzy,Medial cerebellar peduncle,middle cerebellar peduncle,medial,0.0,superior cerebellar peduncle (brachium conjunctivum),0.597611,,526,3_unresolved_correct.csv,105,aligned,medium,0.8,'Medial cerebellar peduncle' is a synonym for 'middle cerebellar peduncle'; top1 matches the intended structure.,wrong,medium,0.8,"Query 'Medial cerebellar peduncle' is not a standard term; top1 is 'middle cerebellar peduncle', a distinct structure.",aligned,high,0.95,'Medial' is a conventional synonym for 'middle' in reference to cerebellar peduncle; same structure as top1.,aligned,medium,0.85,2/3,True,2-1,majority_vote,"'Medial cerebellar peduncle' is a synonym for 'middle cerebellar peduncle'; top1 matches the intended structure. | Query 'Medial cerebellar peduncle' is not a standard term; top1 is 'middle cerebellar peduncle', a distinct structure. | 'Medial' is a conventional synonym for 'middle' in reference to cerebellar peduncle; same structure as top1.",A_effectively_correct,synonym/parent match (review-only flag)
species,"Amygdaloid area, unspecified",needs_review,0.610807,HOMBA:AA30222,regions of amygdaloid complex,bm25+hierarchy_parent,"Amygdaloid area, unspecified",regions of amygdaloid complex,,1.0,amygdaloid transition areas,0.530807,,527,3_unresolved_correct.csv,106,aligned,high,0.95,"Query is generic 'amygdaloid area'; top1 broadly covers the region, consistent.",aligned,high,0.95,Top1 'regions of amygdaloid complex' is a direct synonym for the general 'amygdaloid area' query.,aligned,medium,0.7,"Query 'amygdaloid area, unspecified' is vague but top1 'regions of amygdaloid complex' covers the same general concept acceptably.",aligned,high,0.8667,3/3,False,3-0,stable,"Query is generic 'amygdaloid area'; top1 broadly covers the region, consistent. | Top1 'regions of amygdaloid complex' is a direct synonym for the general 'amygdaloid area' query. | Query 'amygdaloid area, unspecified' is vague but top1 'regions of amygdaloid complex' covers the same general concept acceptably.",A_effectively_correct,synonym/parent match (review-only flag)
species,"Facial nerve, unspecified",needs_review,0.611513,HOMBA:12862,root of facial nerve,bm25+fuzzy+hierarchy_parent,"Facial nerve, unspecified",root of facial nerve,,1.0,genu of the facial nerve,0.589029,,528,3_unresolved_correct.csv,107,partial_or_narrower,high,0.95,"Query for unspecified facial nerve; top1 is only the root, a narrow component.",partial_or_narrower,high,0.95,"Query is the general facial nerve; top1 'root of facial nerve' is a specific part, narrower than the whole nerve.",partial_or_narrower,high,0.9,"Query is the entire facial nerve; top1 is only the root of the facial nerve, a specific part, not the whole nerve.",partial_or_narrower,high,0.9333,3/3,False,3-0,stable,"Query for unspecified facial nerve; top1 is only the root, a narrow component. | Query is the general facial nerve; top1 'root of facial nerve' is a specific part, narrower than the whole nerve. | Query is the entire facial nerve; top1 is only the root of the facial nerve, a specific part, not the whole nerve.",A_effectively_correct,synonym/parent match (review-only flag)
species,Mesencephalic Trigeminal Nerve,needs_review,0.612807,HOMBA:12208,mesencephalic trigeminal nucleus,bm25+fuzzy,Mesencephalic Trigeminal Nerve,mesencephalic trigeminal nuclei,,1.0,mesencephalic trigeminal tract,0.608878,,529,3_unresolved_correct.csv,108,wrong,high,0.95,"Query refers to a nerve, top1 is a nucleus; anatomically different structures.",wrong,high,0.95,"Query refers to 'nerve', but top1 is 'mesencephalic trigeminal nucleus', a different anatomical structure (nucleus vs nerve).",wrong,high,0.9,"Query refers to a nerve (axons), top1 is the mesencephalic trigeminal nucleus (cell bodies); anatomically distinct structures.",wrong,high,0.9333,3/3,False,3-0,stable,"Query refers to a nerve, top1 is a nucleus; anatomically different structures. | Query refers to 'nerve', but top1 is 'mesencephalic trigeminal nucleus', a different anatomical structure (nucleus vs nerve). | Query refers to a nerve (axons), top1 is the mesencephalic trigeminal nucleus (cell bodies); anatomically distinct structures.",A_effectively_correct,synonym/parent match (review-only flag)
species,Ventrolateral thalamic nucleus (posterodorsal part),needs_review,0.613897,HOMBA:10420,ventral lateral nucleus of thalamus,bm25+fuzzy,Ventrolateral thalamic nucleus,ventral lateral thalamic nucleus,posterodorsal,0.0,central lateral nucleus of thalamus,0.594634,,530,3_unresolved_correct.csv,109,broader_parent,high,0.95,"Query specifies 'posterodorsal part' of ventrolateral thalamic nucleus, but top1 is the whole nucleus.",broader_parent,high,0.85,Query specifies posterodorsal part; top1 is the parent nucleus (ventral lateral nucleus). Anatomically correct broader structure.,broader_parent,high,0.95,Top1 is whole ventrolateral nucleus; query specifies posterodorsal subdivision; correct parent.,broader_parent,high,0.9167,3/3,False,3-0,stable,"Query specifies 'posterodorsal part' of ventrolateral thalamic nucleus, but top1 is the whole nucleus. | Query specifies posterodorsal part; top1 is the parent nucleus (ventral lateral nucleus). Anatomically correct broader structure. | Top1 is whole ventrolateral nucleus; query specifies posterodorsal subdivision; correct parent.",A_effectively_correct,synonym/parent match (review-only flag)
species,Ventrolateral thalamic nucleus (posteroventral part),needs_review,0.613897,HOMBA:10420,ventral lateral nucleus of thalamus,bm25+fuzzy,Ventrolateral thalamic nucleus,ventral lateral thalamic nucleus,posteroventral,0.0,central lateral nucleus of thalamus,0.594634,,531,3_unresolved_correct.csv,110,broader_parent,high,0.95,"Query specifies 'posteroventral part' of ventrolateral thalamic nucleus, but top1 is the whole nucleus.",broader_parent,high,0.85,Query specifies posteroventral part; top1 is the parent nucleus (ventral lateral nucleus). Anatomically correct broader structure.,broader_parent,high,0.95,Top1 is whole ventrolateral nucleus; query specifies posteroventral subdivision; correct parent.,broader_parent,high,0.9167,3/3,False,3-0,stable,"Query specifies 'posteroventral part' of ventrolateral thalamic nucleus, but top1 is the whole nucleus. | Query specifies posteroventral part; top1 is the parent nucleus (ventral lateral nucleus). Anatomically correct broader structure. | Top1 is whole ventrolateral nucleus; query specifies posteroventral subdivision; correct parent.",A_effectively_correct,synonym/parent match (review-only flag)
species,Justaparaventricular Lateral Hypothalamus,needs_review,0.61498,HOMBA:13337,accessory secretory cells of lateral hypothalamus,bm25+fuzzy,Justaparaventricular Lateral Hypothalamus,accessory secretory cells of lateral hypothalamus,lateral,1.0,"lateral hypothalamic area, tuberal part",0.545832,,532,3_unresolved_correct.csv,111,partial_or_narrower,medium,0.8,Query refers to a lateral hypothalamic region; top1 is a specific cell subset within that area.,partial_or_narrower,medium,0.7,"Query is a lateral hypothalamus region; top1 is a specific cell type (accessory secretory cells) within that region, narrower than the region query.",partial_or_narrower,medium,0.7,"Query is a region of lateral hypothalamus; top1 names a specific cell population within that region, narrower.",partial_or_narrower,medium,0.7333,3/3,False,3-0,stable,"Query refers to a lateral hypothalamic region; top1 is a specific cell subset within that area. | Query is a lateral hypothalamus region; top1 is a specific cell type (accessory secretory cells) within that region, narrower than the region query. | Query is a region of lateral hypothalamus; top1 names a specific cell population within that region, narrower.",A_effectively_correct,synonym/parent match (review-only flag)
species,Centromedial-parafascicular Thalamus,needs_review,0.616913,HOMBA:10448,caudal intralaminar nuclei of thalamus,hierarchy_parent,Centromedial-parafascicular Thalamus,caudal intralaminar nuclei of thalamus,,1.0,ventral midline nuclei of thalamus,0.600389,,533,3_unresolved_correct.csv,112,aligned,high,0.9,Caudal intralaminar nuclei is an accepted term for the centromedial-parafascicular complex.,broader_parent,high,0.9,Query combines centromedial and parafascicular nuclei; top1 is caudal intralaminar nuclei which includes both as a valid parent group.,broader_parent,high,0.95,Centromedial-parafascicular complex is a subdivision of caudal intralaminar nuclei; top1 is correct parent.,broader_parent,medium,0.9167,2/3,True,2-1,majority_vote,Caudal intralaminar nuclei is an accepted term for the centromedial-parafascicular complex. | Query combines centromedial and parafascicular nuclei; top1 is caudal intralaminar nuclei which includes both as a valid parent group. | Centromedial-parafascicular complex is a subdivision of caudal intralaminar nuclei; top1 is correct parent.,A_effectively_correct,synonym/parent match (review-only flag)
species,Central Gray Nucleus,needs_review,0.621583,HOMBA:146034964,central gray region of pons,bm25+fuzzy,Central Gray Nucleus,central gray region of pons,,1.0,central gray of medulla oblongata,0.607415,,534,3_unresolved_correct.csv,113,wrong,high,0.95,"Central gray nucleus typically refers to periaqueductal gray, not central gray region of pons.",wrong,medium,0.7,"Query 'Central Gray Nucleus' typically refers to periaqueductal gray (midbrain); top1 specifies pons region, anatomically different location.",wrong,medium,0.7,"Central Gray Nucleus usually refers to midbrain periaqueductal gray; top1 is pontine central gray, a different structure.",wrong,medium,0.7833,3/3,False,3-0,stable,"Central gray nucleus typically refers to periaqueductal gray, not central gray region of pons. | Query 'Central Gray Nucleus' typically refers to periaqueductal gray (midbrain); top1 specifies pons region, anatomically different location. | Central Gray Nucleus usually refers to midbrain periaqueductal gray; top1 is pontine central gray, a different structure.",A_effectively_correct,synonym/parent match (review-only flag)
species,"Frontal orbital cortex, posterior",needs_review,0.6246,HOMBA:10194,orbital frontal cortex,bm25+fuzzy,"Frontal orbital cortex, posterior",orbital frontal cortex,posterior,0.0,"lateral orbital frontal cortex (OFCl, area 12/47)",0.589755,,535,3_unresolved_correct.csv,114,broader_parent,high,0.95,"Top1 is 'orbital frontal cortex', the parent region of the posterior part specified in the query. The synonym matches the base structure.",broader_parent,high,0.9,Top1 'orbital frontal cortex' is the whole region; query specifies 'posterior' subregion but base structure matches.,broader_parent,high,0.95,Top1 'orbital frontal cortex' is synonym but misses posterior modifier; it is the appropriate parent region.,broader_parent,high,0.9333,3/3,False,3-0,stable,"Top1 is 'orbital frontal cortex', the parent region of the posterior part specified in the query. The synonym matches the base structure. | Top1 'orbital frontal cortex' is the whole region; query specifies 'posterior' subregion but base structure matches. | Top1 'orbital frontal cortex' is synonym but misses posterior modifier; it is the appropriate parent region.",A_effectively_correct,synonym/parent match (review-only flag)
species,Paratenial-paraventral-thalamus,needs_review,0.627903,HOMBA:AA30265,regions of thalamus,bm25+hierarchy_parent,Paratenial-paraventral-thalamus,regions of thalamus,,1.0,ventral thalamus,0.547903,,536,3_unresolved_correct.csv,115,broader_parent,high,0.95,Top1 'regions of thalamus' is a broad parent container for the specific paratenial and paraventral thalamic nuclei in the query.,broader_parent,high,0.9,Top1 'regions of thalamus' is a broader parent of the specific paratenial-paraventral thalamus compounds.,broader_parent,medium,0.8,"Query is a specific combined thalamic region; 'regions of thalamus' is a broad parent class, consistent but imprecise.",broader_parent,high,0.8833,3/3,False,3-0,stable,"Top1 'regions of thalamus' is a broad parent container for the specific paratenial and paraventral thalamic nuclei in the query. | Top1 'regions of thalamus' is a broader parent of the specific paratenial-paraventral thalamus compounds. | Query is a specific combined thalamic region; 'regions of thalamus' is a broad parent class, consistent but imprecise.",A_effectively_correct,synonym/parent match (review-only flag)
species,Peduncular Lateral Hypothalamus,needs_review,0.631824,HOMBA:13337,accessory secretory cells of lateral hypothalamus,bm25+fuzzy,Peduncular Lateral Hypothalamus,accessory secretory cells of lateral hypothalamus,lateral,1.0,dentate (lateral) nucleus,0.574682,,537,3_unresolved_correct.csv,116,partial_or_narrower,high,0.95,"Top1 refers to a specific cell type (accessory secretory cells) within lateral hypothalamus, while query asks for the region 'Peduncular Lateral Hypothalamus'. Too narrow.",wrong,high,0.95,"Query is a region (Peduncular Lateral Hypothalamus), top1 is a cell type (accessory secretory cells), anatomically off-structure.",partial_or_narrower,high,0.95,"Top1 is a specific cell type within lateral hypothalamus, much narrower than the queried peduncular lateral hypothalamic region.",partial_or_narrower,medium,0.95,2/3,True,2-1,majority_vote,"Top1 refers to a specific cell type (accessory secretory cells) within lateral hypothalamus, while query asks for the region 'Peduncular Lateral Hypothalamus'. Too narrow. | Query is a region (Peduncular Lateral Hypothalamus), top1 is a cell type (accessory secretory cells), anatomically off-structure. | Top1 is a specific cell type within lateral hypothalamus, much narrower than the queried peduncular lateral hypothalamic region.",A_effectively_correct,synonym/parent match (review-only flag)
species,Basolateral amygdaloid nucleus (dorsal),needs_review,0.631948,HOMBA:10368,basolateral nucleus (basal nucleus) of amygdala,bm25+fuzzy,Basolateral amygdaloid nucleus,basolateral nucleus of amygdaloid complex,dorsal,0.0,basolateral nuclear group of amygdala,0.492582,,538,3_unresolved_correct.csv,117,broader_parent,high,0.95,Top1 'basolateral nucleus of amygdala' is the parent region of the dorsal part specified in the query. Correct base structure.,broader_parent,high,0.9,Top1 'basolateral nucleus of amygdala' is the whole nucleus; query includes 'dorsal' subdivision.,broader_parent,high,0.95,"Top1 is the basolateral nucleus, correctly broader than the queried dorsal subdivision.",broader_parent,high,0.9333,3/3,False,3-0,stable,"Top1 'basolateral nucleus of amygdala' is the parent region of the dorsal part specified in the query. Correct base structure. | Top1 'basolateral nucleus of amygdala' is the whole nucleus; query includes 'dorsal' subdivision. | Top1 is the basolateral nucleus, correctly broader than the queried dorsal subdivision.",A_effectively_correct,synonym/parent match (review-only flag)
species,Basolateral amygdaloid nucleus (intermediate),needs_review,0.631948,HOMBA:10368,basolateral nucleus (basal nucleus) of amygdala,bm25+fuzzy,Basolateral amygdaloid nucleus,basolateral nucleus of amygdaloid complex,intermediate,0.0,basolateral nuclear group of amygdala,0.492582,,539,3_unresolved_correct.csv,118,broader_parent,high,0.95,Top1 'basolateral nucleus of amygdala' is the parent region of the intermediate part specified in the query. Correct base structure.,broader_parent,high,0.9,Top1 'basolateral nucleus of amygdala' is the whole nucleus; query includes 'intermediate' subdivision.,broader_parent,high,0.95,"Top1 is the basolateral nucleus, correctly broader than the queried intermediate subdivision.",broader_parent,high,0.9333,3/3,False,3-0,stable,"Top1 'basolateral nucleus of amygdala' is the parent region of the intermediate part specified in the query. Correct base structure. | Top1 'basolateral nucleus of amygdala' is the whole nucleus; query includes 'intermediate' subdivision. | Top1 is the basolateral nucleus, correctly broader than the queried intermediate subdivision.",A_effectively_correct,synonym/parent match (review-only flag)
species,Basolateral amygdaloid nucleus (ventral),needs_review,0.631948,HOMBA:10368,basolateral nucleus (basal nucleus) of amygdala,bm25+fuzzy,Basolateral amygdaloid nucleus,basolateral nucleus of amygdaloid complex,ventral,0.0,basolateral nuclear group of amygdala,0.492582,,540,3_unresolved_correct.csv,119,broader_parent,medium,0.8,"Top1 is the whole basolateral nucleus, while query specifies the ventral subregion; top1 is a broader parent structure.",broader_parent,high,0.95,"top1 is the whole basolateral nucleus; query specifies ventral subdivision, so top1 is the parent structure.",broader_parent,high,0.95,"Query is the ventral part of the basolateral amygdaloid nucleus, top1 is the whole basolateral nucleus. Broader but anatomically correct parent.",broader_parent,high,0.9,3/3,False,3-0,stable,"Top1 is the whole basolateral nucleus, while query specifies the ventral subregion; top1 is a broader parent structure. | top1 is the whole basolateral nucleus; query specifies ventral subdivision, so top1 is the parent structure. | Query is the ventral part of the basolateral amygdaloid nucleus, top1 is the whole basolateral nucleus. Broader but anatomically correct parent.",A_effectively_correct,synonym/parent match (review-only flag)
species,"Striate cortex, dorsolateral, inferior",needs_review,0.634968,HOMBA:10269,"primary visual cortex (first visual cortex, striate cortex, area 17, area OC)",bm25+fuzzy,"Striate cortex, dorsolateral, inferior",striate cortex,,1.0,temporal cortex,0.542117,,541,3_unresolved_correct.csv,120,broader_parent,high,0.9,"Top1 is the entire striate (primary visual) cortex; query includes spatial modifiers 'dorsolateral, inferior' specifying a subregion.",aligned,medium,0.85,"top1 is primary visual cortex (striate cortex), same core structure as query; spatial modifiers dorsolateral/inferior not captured but do not change core identity.",broader_parent,high,0.9,"Query specifies a dorsolateral inferior subdivision of striate cortex, top1 is the entire primary visual cortex (striate cortex). Broader but correct.",broader_parent,medium,0.8833,2/3,True,2-1,majority_vote,"Top1 is the entire striate (primary visual) cortex; query includes spatial modifiers 'dorsolateral, inferior' specifying a subregion. | top1 is primary visual cortex (striate cortex), same core structure as query; spatial modifiers dorsolateral/inferior not captured but do not change core identity. | Query specifies a dorsolateral inferior subdivision of striate cortex, top1 is the entire primary visual cortex (striate cortex). Broader but correct.",A_effectively_correct,synonym/parent match (review-only flag)
species,"Striate cortex, dorsolateral, superior",needs_review,0.634968,HOMBA:10269,"primary visual cortex (first visual cortex, striate cortex, area 17, area OC)",bm25+fuzzy,"Striate cortex, dorsolateral, superior",striate cortex,,1.0,dorsolateral prefrontal cortex,0.534353,,542,3_unresolved_correct.csv,121,broader_parent,high,0.9,"Top1 is the entire striate (primary visual) cortex; query includes spatial modifiers 'dorsolateral, superior' specifying a subregion.",aligned,medium,0.85,"top1 is primary visual cortex (striate cortex), same core structure; spatial modifiers dorsolateral/superior not captured but core identity matches.",broader_parent,high,0.9,"Query specifies a dorsolateral superior subdivision of striate cortex, top1 is the whole primary visual cortex. Broader parent.",broader_parent,medium,0.8833,2/3,True,2-1,majority_vote,"Top1 is the entire striate (primary visual) cortex; query includes spatial modifiers 'dorsolateral, superior' specifying a subregion. | top1 is primary visual cortex (striate cortex), same core structure; spatial modifiers dorsolateral/superior not captured but core identity matches. | Query specifies a dorsolateral superior subdivision of striate cortex, top1 is the whole primary visual cortex. Broader parent.",A_effectively_correct,synonym/parent match (review-only flag)
species,Anterior olfactory area,needs_review,0.635146,HOMBA:10308,anterior olfactory nuclear complex,bm25+fuzzy+hierarchy_parent,Anterior olfactory area,anterior olfactory nuclei,,1.0,medial division of anterior olfactory nucleus,0.496468,,543,3_unresolved_correct.csv,122,aligned,high,0.95,'Anterior olfactory nuclear complex' is a synonym for the anterior olfactory area/ nucleus; top1 directly matches the query.,aligned,high,0.95,Anterior olfactory area and anterior olfactory nuclear complex are synonymous names for the same structure.,aligned,high,0.95,Anterior olfactory area and anterior olfactory nuclear complex are synonymous terms for the same anatomical region.,aligned,high,0.95,3/3,False,3-0,stable,'Anterior olfactory nuclear complex' is a synonym for the anterior olfactory area/ nucleus; top1 directly matches the query. | Anterior olfactory area and anterior olfactory nuclear complex are synonymous names for the same structure. | Anterior olfactory area and anterior olfactory nuclear complex are synonymous terms for the same anatomical region.,A_effectively_correct,synonym/parent match (review-only flag)
species,Zona Incerta and Lenticular Fascicles,needs_review,0.637706,HOMBA:10463,zona incerta,bm25+fuzzy,Zona Incerta and Lenticular Fascicles,zona incerta,,1.0,lenticular fasciculus (field H2),0.622635,,544,3_unresolved_correct.csv,123,partial_or_narrower,high,0.95,"Query is a compound structure ('Zona Incerta and Lenticular Fascicles'), but top1 only covers zona incerta, missing lenticular fascicles.",partial_or_narrower,high,0.98,"Query has two structures joined by 'and'; top1 only covers one (zona incerta), missing lenticular fascicles.",partial_or_narrower,high,0.95,"Query is a compound of 'Zona Incerta' and 'Lenticular Fascicles'; top1 matches only the zona incerta, missing the lenticular fascicles.",partial_or_narrower,high,0.96,3/3,False,3-0,stable,"Query is a compound structure ('Zona Incerta and Lenticular Fascicles'), but top1 only covers zona incerta, missing lenticular fascicles. | Query has two structures joined by 'and'; top1 only covers one (zona incerta), missing lenticular fascicles. | Query is a compound of 'Zona Incerta' and 'Lenticular Fascicles'; top1 matches only the zona incerta, missing the lenticular fascicles.",A_effectively_correct,synonym/parent match (review-only flag)
species,Secondary motor area,needs_review,0.640938,HOMBA:10168,"premotor cortex (area 6, area FB, secondary motor cortex)",bm25+fuzzy,Secondary motor area,secondary motor cortex,,1.0,frontal motor cortex (posterior frontal cortex),0.620006,,545,3_unresolved_correct.csv,124,aligned,high,0.95,Query synonym 'Secondary motor area' matches top1 'secondary motor cortex' directly.,aligned,high,0.99,top1_name includes 'secondary motor cortex' which is a direct synonym for 'Secondary motor area'.,aligned,high,0.95,top1 includes 'secondary motor cortex' which is an exact accepted synonym for 'Secondary motor area'.,aligned,high,0.9633,3/3,False,3-0,stable,Query synonym 'Secondary motor area' matches top1 'secondary motor cortex' directly. | top1_name includes 'secondary motor cortex' which is a direct synonym for 'Secondary motor area'. | top1 includes 'secondary motor cortex' which is an exact accepted synonym for 'Secondary motor area'.,A_effectively_correct,synonym/parent match (review-only flag)
species,"Zona incerta, A11 dopamine cells",needs_review,0.649092,HOMBA:10463,zona incerta,bm25+fuzzy,"Zona incerta, A11 dopamine cells",zona incerta,,1.0,rostral intermediate orbital frontal cortex (area 11),0.229454,,546,3_unresolved_correct.csv,125,partial_or_narrower,high,0.9,"Compound query 'Zona incerta, A11 dopamine cells' only partly covered by top1 'zona incerta'.",partial_or_narrower,high,0.99,"Query is compound ('Zona incerta, A11 dopamine cells'); top1 only covers 'zona incerta', missing the A11 cell group.",partial_or_narrower,high,0.9,"Query is a compound: zona incerta + A11 dopamine cells. Top1 only captures zona incerta, omitting the specific A11 cell group.",partial_or_narrower,high,0.93,3/3,False,3-0,stable,"Compound query 'Zona incerta, A11 dopamine cells' only partly covered by top1 'zona incerta'. | Query is compound ('Zona incerta, A11 dopamine cells'); top1 only covers 'zona incerta', missing the A11 cell group. | Query is a compound: zona incerta + A11 dopamine cells. Top1 only captures zona incerta, omitting the specific A11 cell group.",A_effectively_correct,synonym/parent match (review-only flag)
species,"Zona incerta, A13 dopamine cells",needs_review,0.649092,HOMBA:10463,zona incerta,bm25+fuzzy,"Zona incerta, A13 dopamine cells",zona incerta,,1.0,caudal intermediate orbital frontal cortex (area 13),0.229454,,547,3_unresolved_correct.csv,126,partial_or_narrower,high,0.9,"Compound query 'Zona incerta, A13 dopamine cells' only partly covered by top1 'zona incerta'.",partial_or_narrower,high,0.99,"Query is compound ('Zona incerta, A13 dopamine cells'); top1 only covers 'zona incerta', missing the A13 cell group.",partial_or_narrower,high,0.9,"Query is a compound: zona incerta + A13 dopamine cells. Top1 only captures zona incerta, omitting the specific A13 cell group.",partial_or_narrower,high,0.93,3/3,False,3-0,stable,"Compound query 'Zona incerta, A13 dopamine cells' only partly covered by top1 'zona incerta'. | Query is compound ('Zona incerta, A13 dopamine cells'); top1 only covers 'zona incerta', missing the A13 cell group. | Query is a compound: zona incerta + A13 dopamine cells. Top1 only captures zona incerta, omitting the specific A13 cell group.",A_effectively_correct,synonym/parent match (review-only flag)
species,Alveus of the hippocampus,needs_review,0.651054,HOMBA:AA30093,hippocampus,bm25+fuzzy,Alveus of the hippocampus,hippocampus,,1.0,hippocampal proper (Cornu Ammonis),0.605333,,548,3_unresolved_correct.csv,127,broader_parent,high,0.95,"Query specifies 'Alveus of hippocampus', top1 is parent 'hippocampus' which is broader but correct container.",broader_parent,high,0.98,"Query specifies 'Alveus of the hippocampus' (a part); top1 is 'hippocampus' (the whole structure), anatomically broader but correct parent.",broader_parent,high,0.85,"Query asks for alveus (a subdivision of hippocampus). Top1 is hippocampus, the immediate parent structure.",broader_parent,high,0.9267,3/3,False,3-0,stable,"Query specifies 'Alveus of hippocampus', top1 is parent 'hippocampus' which is broader but correct container. | Query specifies 'Alveus of the hippocampus' (a part); top1 is 'hippocampus' (the whole structure), anatomically broader but correct parent. | Query asks for alveus (a subdivision of hippocampus). Top1 is hippocampus, the immediate parent structure.",A_effectively_correct,synonym/parent match (review-only flag)
species,Paraventricular Hypothalamus,needs_review,0.655644,HOMBA:10476,paraventricular nucleus of hypothalamus,bm25+fuzzy+hierarchy_parent,Paraventricular Hypothalamus,paraventricular nuclei of hypothalamus,,1.0,hypothalamus,0.391235,,549,3_unresolved_correct.csv,128,aligned,high,0.95,Query 'Paraventricular Hypothalamus' and top1 'paraventricular nucleus of hypothalamus' are synonyms.,aligned,high,0.99,'Paraventricular Hypothalamus' refers to the paraventricular nucleus; top1 'paraventricular nucleus of hypothalamus' is the same structure.,aligned,high,0.95,"Query 'Paraventricular Hypothalamus' is a common shorthand for the paraventricular nucleus of hypothalamus, an exact match.",aligned,high,0.9633,3/3,False,3-0,stable,"Query 'Paraventricular Hypothalamus' and top1 'paraventricular nucleus of hypothalamus' are synonyms. | 'Paraventricular Hypothalamus' refers to the paraventricular nucleus; top1 'paraventricular nucleus of hypothalamus' is the same structure. | Query 'Paraventricular Hypothalamus' is a common shorthand for the paraventricular nucleus of hypothalamus, an exact match.",A_effectively_correct,synonym/parent match (review-only flag)
species,Corticofugal tract and corona radiata,needs_review,0.655791,HOMBA:12030,corona radiata,bm25+fuzzy+hierarchy_parent,Corticofugal tract and corona radiata,corona radiata,,1.0,pyramidal tract,0.503037,,550,3_unresolved_correct.csv,129,partial_or_narrower,high,0.95,Query includes two structures (corticofugal tract and corona radiata); top1 covers only corona radiata.,partial_or_narrower,high,0.95,"Query is compound (two structures); top1 covers only 'corona radiata', missing 'corticofugal tract'.",partial_or_narrower,high,0.95,"top1 covers only corona radiata, missing corticofugal tract from the compound query.",partial_or_narrower,high,0.95,3/3,False,3-0,stable,"Query includes two structures (corticofugal tract and corona radiata); top1 covers only corona radiata. | Query is compound (two structures); top1 covers only 'corona radiata', missing 'corticofugal tract'. | top1 covers only corona radiata, missing corticofugal tract from the compound query.",A_effectively_correct,synonym/parent match (review-only flag)
species,"Zona incerta, ventral part",needs_review,0.659012,HOMBA:10463,zona incerta,bm25+fuzzy,"Zona incerta, ventral part",zona incerta,ventral,0.0,anterior (ventral /principal) pretectal nucleus,0.343592,,551,3_unresolved_correct.csv,130,broader_parent,high,0.95,Query specifies ventral part of zona incerta; top1 is the broader parent structure zona incerta.,broader_parent,high,0.95,Top1 is the parent structure of the specified ventral part; broader_parent.,broader_parent,high,0.95,"top1 is the entire zona incerta, which is the anatomically correct parent of the ventral part in the query.",broader_parent,high,0.95,3/3,False,3-0,stable,"Query specifies ventral part of zona incerta; top1 is the broader parent structure zona incerta. | Top1 is the parent structure of the specified ventral part; broader_parent. | top1 is the entire zona incerta, which is the anatomically correct parent of the ventral part in the query.",A_effectively_correct,synonym/parent match (review-only flag)
species,Retromammillary Hypothalamus,needs_review,0.664676,HOMBA:10467,hypothalamus,bm25+fuzzy+hierarchy_parent,Retromammillary Hypothalamus,hypothalamus,,1.0,retromammillary area,0.657462,,552,3_unresolved_correct.csv,131,broader_parent,high,0.95,Query is retromammillary hypothalamus (subregion); top1 is the broader hypothalamus.,broader_parent,high,0.95,Top1 'hypothalamus' is broader than 'Retromammillary Hypothalamus' subdivision.,broader_parent,high,0.9,Retromammillary hypothalamus is a specific region; top1 'hypothalamus' is its broader anatomical parent.,broader_parent,high,0.9333,3/3,False,3-0,stable,Query is retromammillary hypothalamus (subregion); top1 is the broader hypothalamus. | Top1 'hypothalamus' is broader than 'Retromammillary Hypothalamus' subdivision. | Retromammillary hypothalamus is a specific region; top1 'hypothalamus' is its broader anatomical parent.,A_effectively_correct,synonym/parent match (review-only flag)
species,Vestibular nerve,needs_review,0.665229,HOMBA:12868,root of vestibulocochlear nerve,bm25+hierarchy_parent,Vestibular nerve,root of vestibulocochlear nerve,,1.0,vestibular root of vestibulocochlear nerve,0.585229,,553,3_unresolved_correct.csv,132,partial_or_narrower,medium,0.7,"Query is the whole vestibular nerve; top1 is its root (root of vestibulocochlear nerve), which is a subpart and includes both components.",broader_parent,medium,0.85,Top1 'root of vestibulocochlear nerve' is broader than the specific 'vestibular nerve' branch.,partial_or_narrower,medium,0.7,"Vestibular nerve is the full nerve; root of vestibulocochlear nerve is only part of the nerve pathway, making top1 narrower.",partial_or_narrower,medium,0.75,2/3,True,2-1,majority_vote,"Query is the whole vestibular nerve; top1 is its root (root of vestibulocochlear nerve), which is a subpart and includes both components. | Top1 'root of vestibulocochlear nerve' is broader than the specific 'vestibular nerve' branch. | Vestibular nerve is the full nerve; root of vestibulocochlear nerve is only part of the nerve pathway, making top1 narrower.",A_effectively_correct,synonym/parent match (review-only flag)
species,Limitans Thalamus,needs_review,0.665441,HOMBA:10390,thalamus,bm25+fuzzy,Limitans Thalamus,thalamus,,1.0,regions of thalamus,0.549854,,554,3_unresolved_correct.csv,133,broader_parent,high,0.95,Query is limitans thalamus (specific nucleus); top1 is the broader thalamus.,broader_parent,high,0.95,Top1 'thalamus' is broader than the specific 'Limitans thalamus' nucleus.,broader_parent,high,0.95,Limitans nucleus is a subpart of the thalamus; top1 'thalamus' is the broader correct parent.,broader_parent,high,0.95,3/3,False,3-0,stable,Query is limitans thalamus (specific nucleus); top1 is the broader thalamus. | Top1 'thalamus' is broader than the specific 'Limitans thalamus' nucleus. | Limitans nucleus is a subpart of the thalamus; top1 'thalamus' is the broader correct parent.,A_effectively_correct,synonym/parent match (review-only flag)
species,"Zona incerta, caudal part",needs_review,0.667812,HOMBA:10463,zona incerta,bm25+fuzzy,"Zona incerta, caudal part",zona incerta,caudal,0.0,(caudal) collateral sulcus (medial occipitotemporal sulcus),0.356678,,555,3_unresolved_correct.csv,134,broader_parent,high,0.95,"Query specifies caudal part of zona incerta; top1 is the whole zona incerta, which is the correct parent structure.",broader_parent,high,0.95,top1 is the parent structure of the specified subregion (caudal part),broader_parent,high,0.95,"Query specifies caudal part; top1 is whole zona incerta, anatomically correct parent but broader than requested.",broader_parent,high,0.95,3/3,False,3-0,stable,"Query specifies caudal part of zona incerta; top1 is the whole zona incerta, which is the correct parent structure. | top1 is the parent structure of the specified subregion (caudal part) | Query specifies caudal part; top1 is whole zona incerta, anatomically correct parent but broader than requested.",A_effectively_correct,synonym/parent match (review-only flag)
species,"Zona incerta, dorsal part",needs_review,0.667812,HOMBA:10463,zona incerta,bm25+fuzzy,"Zona incerta, dorsal part",zona incerta,dorsal,0.0,caudal (dorsal) parasubiculum (subdivision b only),0.336594,,556,3_unresolved_correct.csv,135,broader_parent,high,0.95,"Query specifies dorsal part of zona incerta; top1 is the whole zona incerta, the appropriate parent.",broader_parent,high,0.95,top1 is the parent structure of the specified subregion (dorsal part),broader_parent,high,0.95,"Query specifies dorsal part; top1 is whole zona incerta, anatomically correct parent but broader than requested.",broader_parent,high,0.95,3/3,False,3-0,stable,"Query specifies dorsal part of zona incerta; top1 is the whole zona incerta, the appropriate parent. | top1 is the parent structure of the specified subregion (dorsal part) | Query specifies dorsal part; top1 is whole zona incerta, anatomically correct parent but broader than requested.",A_effectively_correct,synonym/parent match (review-only flag)
species,Temporal association cortex,needs_review,0.669859,HOMBA:10235,temporal cortex,bm25+fuzzy+hierarchy_parent,Temporal association cortex,temporal cortex,,1.0,major ventrolateral temporal cortex (area TE),0.641088,,557,3_unresolved_correct.csv,136,broader_parent,high,0.95,"Temporal association cortex is a subregion; top1 temporal cortex is the broader, correct parent structure.",broader_parent,high,0.95,top1 is broader parent; temporal association cortex is a subdivision of temporal cortex,broader_parent,high,0.9,Temporal association cortex is a functional subdivision; top1 'temporal cortex' is broader but anatomically correct parent.,broader_parent,high,0.9333,3/3,False,3-0,stable,"Temporal association cortex is a subregion; top1 temporal cortex is the broader, correct parent structure. | top1 is broader parent; temporal association cortex is a subdivision of temporal cortex | Temporal association cortex is a functional subdivision; top1 'temporal cortex' is broader but anatomically correct parent.",A_effectively_correct,synonym/parent match (review-only flag)
species,Ventral striatal region (unspecified),needs_review,0.677984,HOMBA:AA30195,ventral striatum (STRv),bm25+fuzzy,Ventral striatal region,ventral striatum,ventral,1.0,anterior (ventral /principal) pretectal nucleus,0.660761,,558,3_unresolved_correct.csv,137,aligned,high,0.95,Ventral striatal region (unspecified) directly corresponds to ventral striatum; top1 is an exact match.,aligned,high,0.95,'ventral striatal region (unspecified)' is synonymous with ventral striatum; top1 directly matches,aligned,high,0.95,Ventral striatal region and ventral striatum are synonymous; top1 directly names the same structure.,aligned,high,0.95,3/3,False,3-0,stable,Ventral striatal region (unspecified) directly corresponds to ventral striatum; top1 is an exact match. | 'ventral striatal region (unspecified)' is synonymous with ventral striatum; top1 directly matches | Ventral striatal region and ventral striatum are synonymous; top1 directly names the same structure.,A_effectively_correct,synonym/parent match (review-only flag)
species,Amygdaloid area (unspecified),needs_review,0.678214,HOMBA:AA30222,regions of amygdaloid complex,bm25+fuzzy+hierarchy_parent,Amygdaloid area (unspecified),regions of amygdaloid complex,,1.0,anterior amygdaloid area,0.671875,,559,3_unresolved_correct.csv,138,broader_parent,high,0.95,Amygdaloid area refers to the amygdala; top1 'regions of amygdaloid complex' is the broader parent grouping.,aligned,high,0.95,'amygdaloid area (unspecified)' is synonymous with regions of amygdaloid complex; direct match,aligned,medium,0.8,Amygdaloid area (unspecified) likely maps to entire amygdala; 'regions of amygdaloid complex' appears to be a grouping synonym in HOMBA.,aligned,medium,0.9,2/3,True,2-1,majority_vote,Amygdaloid area refers to the amygdala; top1 'regions of amygdaloid complex' is the broader parent grouping. | 'amygdaloid area (unspecified)' is synonymous with regions of amygdaloid complex; direct match | Amygdaloid area (unspecified) likely maps to entire amygdala; 'regions of amygdaloid complex' appears to be a grouping synonym in HOMBA.,A_effectively_correct,synonym/parent match (review-only flag)
species,Ventromedial Posterior+basal Thalamus,needs_review,0.683433,HOMBA:10423,ventral posterior nuclear complex of thalamus,bm25+fuzzy,Ventromedial Posterior+basal Thalamus,ventral posterior nucleus of thalamus,posterior,1.0,periventricular area of posterior thalamus,0.671595,,560,3_unresolved_correct.csv,139,partial_or_narrower,high,0.95,"Query names two regions (Ventromedial Posterior and basal Thalamus). Top1 covers only the ventral posterior nuclear complex, not the basal part.",partial_or_narrower,medium,0.7,"Query combines ventromedial, posterior, and basal thalamus; top1 only covers ventral posterior complex, missing other components.",partial_or_narrower,high,0.9,"Query is a compound structure (Ventromedial Posterior+basal Thalamus); top1 corresponds to only the ventral posterior part, ignoring the basal thalamus.",partial_or_narrower,high,0.85,3/3,False,3-0,stable,"Query names two regions (Ventromedial Posterior and basal Thalamus). Top1 covers only the ventral posterior nuclear complex, not the basal part. | Query combines ventromedial, posterior, and basal thalamus; top1 only covers ventral posterior complex, missing other components. | Query is a compound structure (Ventromedial Posterior+basal Thalamus); top1 corresponds to only the ventral posterior part, ignoring the basal thalamus.",A_effectively_correct,synonym/parent match (review-only flag)
species,Cochlear nerve,needs_review,0.683495,HOMBA:12868,root of vestibulocochlear nerve,bm25+hierarchy_parent,Cochlear nerve,root of vestibulocochlear nerve,,1.0,cochlear root of vestibulocochlear nerve,0.603495,,561,3_unresolved_correct.csv,140,broader_parent,high,0.9,Query 'Cochlear nerve' is a component of the vestibulocochlear nerve; top1 'root of vestibulocochlear nerve' is the parent structure.,broader_parent,high,0.9,Cochlear nerve is a component of vestibulocochlear nerve; top1 root includes both cochlear and vestibular parts.,broader_parent,high,0.95,"Cochlear nerve is a component of the vestibulocochlear nerve; top1 is the root of the entire nerve, a broader parent structure.",broader_parent,high,0.9167,3/3,False,3-0,stable,"Query 'Cochlear nerve' is a component of the vestibulocochlear nerve; top1 'root of vestibulocochlear nerve' is the parent structure. | Cochlear nerve is a component of vestibulocochlear nerve; top1 root includes both cochlear and vestibular parts. | Cochlear nerve is a component of the vestibulocochlear nerve; top1 is the root of the entire nerve, a broader parent structure.",A_effectively_correct,synonym/parent match (review-only flag)
species,Deeper layers of the superior colliculus,needs_review,0.684228,HOMBA:12292,superior colliculus,bm25+fuzzy+hierarchy_parent,Deeper layers of the superior colliculus,superior colliculus,,1.0,brachium of superior colliculus,0.587644,,562,3_unresolved_correct.csv,141,broader_parent,high,0.95,"Query specifies 'Deeper layers of the superior colliculus'; top1 is the whole superior colliculus, a broader parent structure.",broader_parent,high,0.95,"Query specifies deeper layers, top1 is the whole superior colliculus, a valid parent structure.",broader_parent,high,0.95,"Query specifies a subregion (deeper layers) of the superior colliculus; top1 is the whole superior colliculus, a broader parent.",broader_parent,high,0.95,3/3,False,3-0,stable,"Query specifies 'Deeper layers of the superior colliculus'; top1 is the whole superior colliculus, a broader parent structure. | Query specifies deeper layers, top1 is the whole superior colliculus, a valid parent structure. | Query specifies a subregion (deeper layers) of the superior colliculus; top1 is the whole superior colliculus, a broader parent.",A_effectively_correct,synonym/parent match (review-only flag)
species,Prefornical Hypothalamus,needs_review,0.6875,HOMBA:10467,hypothalamus,bm25+fuzzy+hierarchy_parent,Prefornical Hypothalamus,hypothalamus,,1.0,regions of hypothalamus,0.603555,,563,3_unresolved_correct.csv,142,broader_parent,high,0.95,"Query specifies 'Prefornical Hypothalamus'; top1 is hypothalamus, a broader parent structure.",broader_parent,high,0.9,Prefornical hypothalamus is a subdivision; top1 hypothalamus is the broader parent structure.,broader_parent,high,0.95,"Prefornical hypothalamus is a specific anterior region; top1 is the entire hypothalamus, which is a broader parent.",broader_parent,high,0.9333,3/3,False,3-0,stable,"Query specifies 'Prefornical Hypothalamus'; top1 is hypothalamus, a broader parent structure. | Prefornical hypothalamus is a subdivision; top1 hypothalamus is the broader parent structure. | Prefornical hypothalamus is a specific anterior region; top1 is the entire hypothalamus, which is a broader parent.",A_effectively_correct,synonym/parent match (review-only flag)
species,Lamina terminalis and vascular organ,needs_review,0.690325,HOMBA:12105,lamina terminalis,bm25+fuzzy,Lamina terminalis and vascular organ,lamina terminalis,,1.0,organum vasculosum laminae terminalis,0.452204,,564,3_unresolved_correct.csv,143,partial_or_narrower,high,0.95,Query names two structures (lamina terminalis and vascular organ); top1 only covers lamina terminalis.,partial_or_narrower,high,0.9,"Query includes lamina terminalis and vascular organ; top1 covers only lamina terminalis, missing the vascular organ.",partial_or_narrower,high,0.95,"Query includes 'vascular organ' (likely organum vasculosum of lamina terminalis) in addition to lamina terminalis; top1 only matches the lamina terminalis, missing the vascular organ.",partial_or_narrower,high,0.9333,3/3,False,3-0,stable,"Query names two structures (lamina terminalis and vascular organ); top1 only covers lamina terminalis. | Query includes lamina terminalis and vascular organ; top1 covers only lamina terminalis, missing the vascular organ. | Query includes 'vascular organ' (likely organum vasculosum of lamina terminalis) in addition to lamina terminalis; top1 only matches the lamina terminalis, missing the vascular organ.",A_effectively_correct,synonym/parent match (review-only flag)
species,"Posterior thalamic nuclear group, triangular part",needs_review,0.693668,HOMBA:10440,posterior nucleus of thalamus,bm25+fuzzy,"Posterior thalamic nuclear group, triangular part",posterior thalamic nucleus,posterior,1.0,lateral posterior nucleus of thalamus,0.648575,,565,3_unresolved_correct.csv,144,partial_or_narrower,medium,0.7,Query specifies 'triangular part' of posterior thalamic nuclear group; top1 is posterior nucleus (a component of the group) but not the triangular subdivision.,broader_parent,high,0.9,"Query specifies triangular part of posterior thalamic nuclear group; top1 is posterior nucleus of thalamus, a broader structure.",broader_parent,high,0.9,"Top1 is the whole posterior nucleus of thalamus; query specifies the triangular part of the posterior nuclear group, so top1 is broader parent.",broader_parent,medium,0.8333,2/3,True,2-1,majority_vote,"Query specifies 'triangular part' of posterior thalamic nuclear group; top1 is posterior nucleus (a component of the group) but not the triangular subdivision. | Query specifies triangular part of posterior thalamic nuclear group; top1 is posterior nucleus of thalamus, a broader structure. | Top1 is the whole posterior nucleus of thalamus; query specifies the triangular part of the posterior nuclear group, so top1 is broader parent.",A_effectively_correct,synonym/parent match (review-only flag)
species,Parietal opercular cortex,needs_review,0.697975,HOMBA:10208,parietal cortex,bm25+fuzzy+hierarchy_parent,Parietal opercular cortex,parietal cortex,,1.0,parietal lobe,0.645648,,566,3_unresolved_correct.csv,145,broader_parent,high,0.95,Top1 'parietal cortex' is the broader region containing the more specific 'parietal opercular cortex'.,broader_parent,high,0.9,"Query is parietal opercular cortex; top1 is parietal cortex, which is broader.",broader_parent,high,0.9,"Top1 'parietal cortex' is the broader region; query is specifically the opercular part of parietal cortex, so broader parent.",broader_parent,high,0.9167,3/3,False,3-0,stable,"Top1 'parietal cortex' is the broader region containing the more specific 'parietal opercular cortex'. | Query is parietal opercular cortex; top1 is parietal cortex, which is broader. | Top1 'parietal cortex' is the broader region; query is specifically the opercular part of parietal cortex, so broader parent.",A_effectively_correct,synonym/parent match (review-only flag)
species,Intra-amygdaloid division of the bed nucleus of the stria terminalis,needs_review,0.700362,HOMBA:10384,bed nucleus of stria terminalis,bm25+fuzzy,intra amygdaloid division of the bed nuclei of the stria terminalis,bed nuclei of stria terminalis,,1.0,stria terminalis,0.549334,,567,3_unresolved_correct.csv,146,broader_parent,high,0.95,Top1 'bed nucleus of stria terminalis' is the parent structure of the intra-amygdaloid division.,broader_parent,high,0.9,"Query is intra-amygdaloid division of bed nucleus; top1 is whole bed nucleus of stria terminalis, broader parent.",broader_parent,high,0.9,"Top1 is the entire bed nucleus of stria terminalis; query is its intra-amygdaloid division, so top1 is broader parent.",broader_parent,high,0.9167,3/3,False,3-0,stable,"Top1 'bed nucleus of stria terminalis' is the parent structure of the intra-amygdaloid division. | Query is intra-amygdaloid division of bed nucleus; top1 is whole bed nucleus of stria terminalis, broader parent. | Top1 is the entire bed nucleus of stria terminalis; query is its intra-amygdaloid division, so top1 is broader parent.",A_effectively_correct,synonym/parent match (review-only flag)
species,Anterior Pulvinar,needs_review,0.7009,HOMBA:10409,pulvinar of thalamus,bm25+fuzzy+hierarchy_parent,anterior pulvinar of thalamus,pulvinar of thalamus,,1.0,rostral division of pulvinar,0.665213,,568,3_unresolved_correct.csv,147,broader_parent,high,0.95,Top1 'pulvinar of thalamus' is the broader structure encompassing the anterior subdivision.,broader_parent,high,0.9,"Query is anterior pulvinar; top1 is pulvinar of thalamus, broader parent.",broader_parent,high,0.9,"Top1 'pulvinar of thalamus' is the whole pulvinar; query is anterior pulvinar, a subregion, making top1 broader parent.",broader_parent,high,0.9167,3/3,False,3-0,stable,"Top1 'pulvinar of thalamus' is the broader structure encompassing the anterior subdivision. | Query is anterior pulvinar; top1 is pulvinar of thalamus, broader parent. | Top1 'pulvinar of thalamus' is the whole pulvinar; query is anterior pulvinar, a subregion, making top1 broader parent.",A_effectively_correct,synonym/parent match (review-only flag)
species,Mammillary Hypothalamus,needs_review,0.703804,HOMBA:10467,hypothalamus,bm25+fuzzy+hierarchy_parent,Mammillary Hypothalamus,hypothalamus,,1.0,regions of hypothalamus,0.589552,,569,3_unresolved_correct.csv,148,broader_parent,high,0.95,Top1 'hypothalamus' is the broader region containing the mammillary region specified in query.,broader_parent,high,0.9,"Query is mammillary hypothalamus; top1 is hypothalamus, broader parent.",broader_parent,high,0.9,"Top1 'hypothalamus' is the broader structure; query is mammillary hypothalamus, a specific region, so broader parent.",broader_parent,high,0.9167,3/3,False,3-0,stable,"Top1 'hypothalamus' is the broader region containing the mammillary region specified in query. | Query is mammillary hypothalamus; top1 is hypothalamus, broader parent. | Top1 'hypothalamus' is the broader structure; query is mammillary hypothalamus, a specific region, so broader parent.",A_effectively_correct,synonym/parent match (review-only flag)
species,Supraoptic Hypothalamus,needs_review,0.703804,HOMBA:10467,hypothalamus,bm25+fuzzy+hierarchy_parent,Supraoptic Hypothalamus,hypothalamus,,1.0,regions of hypothalamus,0.593721,,570,3_unresolved_correct.csv,149,broader_parent,high,0.95,Supraoptic hypothalamus is a specific subdivision of the hypothalamus; top1 is the broader parent structure.,broader_parent,high,0.95,"Supraoptic hypothalamus is a subregion of hypothalamus; top1 is the parent structure, anatomically correct but not exact.",broader_parent,high,0.9,"Hypothalamus is the parent structure; 'supraoptic' specifies a subregion, so top1 is broader but anatomically correct parent.",broader_parent,high,0.9333,3/3,False,3-0,stable,"Supraoptic hypothalamus is a specific subdivision of the hypothalamus; top1 is the broader parent structure. | Supraoptic hypothalamus is a subregion of hypothalamus; top1 is the parent structure, anatomically correct but not exact. | Hypothalamus is the parent structure; 'supraoptic' specifies a subregion, so top1 is broader but anatomically correct parent.",A_effectively_correct,synonym/parent match (review-only flag)
species,Zona incerta and H fields,needs_review,0.715544,HOMBA:10463,zona incerta,bm25+fuzzy,Zona incerta and H fields,zona incerta,,1.0,gray matter of hindbrain (rhombencephalon),0.269158,,571,3_unresolved_correct.csv,150,partial_or_narrower,high,0.95,"Query includes both zona incerta and H fields; top1 only covers zona incerta, missing H fields.",partial_or_narrower,high,0.9,"Query specifies 'zona incerta and H fields' but top1 covers only zona incerta, missing the H fields component.",partial_or_narrower,high,0.9,"Top1 only covers 'zona incerta', missing 'H fields' (fields of Forel); partial match to compound query.",partial_or_narrower,high,0.9167,3/3,False,3-0,stable,"Query includes both zona incerta and H fields; top1 only covers zona incerta, missing H fields. | Query specifies 'zona incerta and H fields' but top1 covers only zona incerta, missing the H fields component. | Top1 only covers 'zona incerta', missing 'H fields' (fields of Forel); partial match to compound query.",A_effectively_correct,synonym/parent match (review-only flag)
species,"Parietal association cortex, medial area",needs_review,0.716234,HOMBA:10215,superior medial parietal cortex,bm25+fuzzy,"Parietal association cortex, medial area",superior medial parietal cortex,medial,1.0,medial orbital frontal cortex (area 14),0.602313,,572,3_unresolved_correct.csv,151,partial_or_narrower,medium,0.7,"Query specifies parietal medial area; top1 is superior medial parietal cortex, a more specific subregion (narrower).",partial_or_narrower,medium,0.7,"Query is medial area of parietal association cortex; top1 is 'superior medial' which is a more specific subdivision, thus narrower.",partial_or_narrower,medium,0.7,"Top1 is 'superior medial parietal cortex', a subdivision of the larger 'medial area' of parietal association cortex; likely narrower.",partial_or_narrower,medium,0.7,3/3,False,3-0,stable,"Query specifies parietal medial area; top1 is superior medial parietal cortex, a more specific subregion (narrower). | Query is medial area of parietal association cortex; top1 is 'superior medial' which is a more specific subdivision, thus narrower. | Top1 is 'superior medial parietal cortex', a subdivision of the larger 'medial area' of parietal association cortex; likely narrower.",A_effectively_correct,synonym/parent match (review-only flag)
species,"Anterior commissure, anterior limb",needs_review,0.716512,HOMBA:10388,interstitial nucleus of posterior limb of anterior commissure (fundus of striatum),bm25+fuzzy,"Anterior commissure, anterior limb",interstitial nucleus of posterior limb of anterior commissure,limb,1.0,rostral (anterior) limb of internal capsule,0.425718,,573,3_unresolved_correct.csv,152,wrong,high,0.95,"Query targets anterior limb of anterior commissure, but top1 is interstitial nucleus of posterior limb, a different component.",wrong,high,0.95,"Query is anterior limb of anterior commissure; top1 is interstitial nucleus of posterior limb, which is a different anatomical component.",wrong,high,0.95,"Query is anterior limb of anterior commissure, top1 is interstitial nucleus of posterior limb; anatomically different structure.",wrong,high,0.95,3/3,False,3-0,stable,"Query targets anterior limb of anterior commissure, but top1 is interstitial nucleus of posterior limb, a different component. | Query is anterior limb of anterior commissure; top1 is interstitial nucleus of posterior limb, which is a different anatomical component. | Query is anterior limb of anterior commissure, top1 is interstitial nucleus of posterior limb; anatomically different structure.",A_effectively_correct,synonym/parent match (review-only flag)
species,"Parietal association cortex, lateral area",needs_review,0.717914,HOMBA:10225,inferior lateral parietal cortex,bm25+fuzzy,"Parietal association cortex, lateral area",inferior lateral parietal cortex,lateral,1.0,"lateral orbital frontal cortex (OFCl, area 12/47)",0.600603,,574,3_unresolved_correct.csv,153,partial_or_narrower,medium,0.7,"Query is parietal lateral area; top1 is inferior lateral parietal cortex, a more specific inferior subregion (narrower).",partial_or_narrower,medium,0.7,"Query is lateral area of parietal association cortex; top1 is 'inferior lateral' which is a more specific subdivision, thus narrower.",partial_or_narrower,medium,0.7,"Top1 'inferior lateral parietal cortex' is a part of the lateral parietal association cortex, not the entire lateral area; likely narrower.",partial_or_narrower,medium,0.7,3/3,False,3-0,stable,"Query is parietal lateral area; top1 is inferior lateral parietal cortex, a more specific inferior subregion (narrower). | Query is lateral area of parietal association cortex; top1 is 'inferior lateral' which is a more specific subdivision, thus narrower. | Top1 'inferior lateral parietal cortex' is a part of the lateral parietal association cortex, not the entire lateral area; likely narrower.",A_effectively_correct,synonym/parent match (review-only flag)
species,Anterior pituitary,needs_review,0.718111,HOMBA:10505,pituitary body/gland (hypophysis),bm25+hierarchy_parent,Anterior pituitary,pituitary body/gland (hypophysis),,1.0,anterior lobe of pituitary body (adenohypophysis),0.638111,,575,3_unresolved_correct.csv,154,broader_parent,high,0.95,"Query specifies anterior pituitary; top1 is whole pituitary gland, which is the parent structure.",broader_parent,high,0.95,Query 'Anterior pituitary' is a subdivision; top1 is the whole pituitary gland (parent).,broader_parent,high,0.95,"Query 'Anterior pituitary' refers specifically to the anterior lobe; top1 'pituitary body/gland (hypophysis)' is the whole pituitary, a correct parent structure.",broader_parent,high,0.95,3/3,False,3-0,stable,"Query specifies anterior pituitary; top1 is whole pituitary gland, which is the parent structure. | Query 'Anterior pituitary' is a subdivision; top1 is the whole pituitary gland (parent). | Query 'Anterior pituitary' refers specifically to the anterior lobe; top1 'pituitary body/gland (hypophysis)' is the whole pituitary, a correct parent structure.",A_effectively_correct,synonym/parent match (review-only flag)
species,Pontine Reticulum Caudal,needs_review,0.719448,HOMBA:12493,"pontine reticular nucleus, caudal division",bm25+fuzzy,pontine reticulum caudalis,pontine reticular nucleus caudalis part,caudal,1.0,(caudal) collateral sulcus (medial occipitotemporal sulcus),0.635524,,576,3_unresolved_correct.csv,155,aligned,high,0.95,"Pontine Reticulum Caudal is synonymous with pontine reticular nucleus, caudal division.",aligned,high,0.98,Pontine reticular nucleus caudal division matches query.,aligned,high,0.99,"'Pontine Reticulum Caudal' and 'pontine reticular nucleus, caudal division' denote the same anatomical entity; caudal is the accepted directional term.",aligned,high,0.9733,3/3,False,3-0,stable,"Pontine Reticulum Caudal is synonymous with pontine reticular nucleus, caudal division. | Pontine reticular nucleus caudal division matches query. | 'Pontine Reticulum Caudal' and 'pontine reticular nucleus, caudal division' denote the same anatomical entity; caudal is the accepted directional term.",A_effectively_correct,synonym/parent match (review-only flag)
species,Molecular cell layer of the cerebellum,needs_review,0.719816,HOMBA:AA30427,molecular layer of cerebellar cortex,bm25+fuzzy,Molecular cell layer of the cerebellum,molecular layer of cerebellar cortex,molecular;layer,1.0,layer 1 (molecular layer) of ERC,0.717728,,577,3_unresolved_correct.csv,156,aligned,high,0.95,Molecular cell layer of cerebellum is synonymous with molecular layer of cerebellar cortex.,aligned,high,0.99,Molecular cell layer of cerebellum equals molecular layer of cerebellar cortex.,aligned,high,0.99,'Molecular cell layer of the cerebellum' is a synonym for the molecular layer of the cerebellar cortex; exact match.,aligned,high,0.9767,3/3,False,3-0,stable,Molecular cell layer of cerebellum is synonymous with molecular layer of cerebellar cortex. | Molecular cell layer of cerebellum equals molecular layer of cerebellar cortex. | 'Molecular cell layer of the cerebellum' is a synonym for the molecular layer of the cerebellar cortex; exact match.,A_effectively_correct,synonym/parent match (review-only flag)
species,Central amygdaloid nucleus,needs_review,0.729451,HOMBA:10363,central nucleus of amygdala,bm25+fuzzy+hierarchy_parent,Central amygdaloid nucleus,central nucleus of amygdaloid complex,,1.0,anterior-central nuclear group of amygdala,0.696128,,578,3_unresolved_correct.csv,157,aligned,high,0.95,Central amygdaloid nucleus is synonymous with central nucleus of amygdala.,aligned,high,0.99,Central amygdaloid nucleus and central nucleus of amygdala are synonyms.,aligned,high,0.99,'Central amygdaloid nucleus' and 'central nucleus of amygdala' are synonymous terms for the same structure.,aligned,high,0.9767,3/3,False,3-0,stable,Central amygdaloid nucleus is synonymous with central nucleus of amygdala. | Central amygdaloid nucleus and central nucleus of amygdala are synonyms. | 'Central amygdaloid nucleus' and 'central nucleus of amygdala' are synonymous terms for the same structure.,A_effectively_correct,synonym/parent match (review-only flag)
species,Pontine Reticulum Oral,needs_review,0.733874,HOMBA:12494,"pontine reticular nucleus, rostral division",bm25+fuzzy,pontine reticulum oralis,pontine reticular nucleus oralis part,oral,1.0,rostral (oral) dorsal paramedian nucleus,0.651696,,579,3_unresolved_correct.csv,158,aligned,high,0.95,"Pontine Reticulum Oral is synonymous with pontine reticular nucleus, rostral division.",aligned,medium,0.85,Oral likely means rostral; top1 rostral division matches query.,aligned,high,0.99,'Pontine Reticulum Oral' corresponds to rostral division of pontine reticular nucleus; 'oral' is used interchangeably with 'rostral' in this context.,aligned,high,0.93,3/3,False,3-0,stable,"Pontine Reticulum Oral is synonymous with pontine reticular nucleus, rostral division. | Oral likely means rostral; top1 rostral division matches query. | 'Pontine Reticulum Oral' corresponds to rostral division of pontine reticular nucleus; 'oral' is used interchangeably with 'rostral' in this context.",A_effectively_correct,synonym/parent match (review-only flag)
species,Pre-supplementary motor area,needs_review,0.736733,HOMBA:AA30012,medial division of area 6 (supplementary motor area),bm25+fuzzy,Pre-supplementary motor area,supplementary motor area,,1.0,frontal motor cortex (posterior frontal cortex),0.431626,,580,3_unresolved_correct.csv,159,wrong,high,0.9,Query 'Pre-supplementary motor area' is distinct from top1 'Supplementary motor area' (SMA); pre-SMA is a separate rostral region.,wrong,medium,0.7,"Pre-supplementary motor area is distinct from supplementary motor area; top1 is SMA, not pre-SMA.",broader_parent,high,0.95,"Pre-supplementary motor area (pre-SMA) is a specific anterior subregion of the medial area 6/SMA complex. Top1 names the entire medial division of area 6, which is the correct parent structure.",wrong,medium,0.85,2/3,True,2-1,majority_vote,"Query 'Pre-supplementary motor area' is distinct from top1 'Supplementary motor area' (SMA); pre-SMA is a separate rostral region. | Pre-supplementary motor area is distinct from supplementary motor area; top1 is SMA, not pre-SMA. | Pre-supplementary motor area (pre-SMA) is a specific anterior subregion of the medial area 6/SMA complex. Top1 names the entire medial division of area 6, which is the correct parent structure.",A_effectively_correct,synonym/parent match (review-only flag)
species,"Premotor cortex, ventral",needs_review,0.742101,HOMBA:10168,"premotor cortex (area 6, area FB, secondary motor cortex)",bm25+fuzzy,"Premotor cortex, ventral",premotor cortex,ventral,0.0,anterior (ventral /principal) pretectal nucleus,0.620766,,581,3_unresolved_correct.csv,160,broader_parent,high,0.95,Query specifies 'ventral' part of premotor cortex; top1 is the broader premotor cortex region.,broader_parent,high,0.95,"Top1 is premotor cortex, query specifies ventral part; top1 is valid parent.",broader_parent,high,0.95,"Query specifies 'ventral' premotor cortex, a subdivision. Top1 returns the full 'premotor cortex'—the correct parent that includes both dorsal and ventral parts.",broader_parent,high,0.95,3/3,False,3-0,stable,"Query specifies 'ventral' part of premotor cortex; top1 is the broader premotor cortex region. | Top1 is premotor cortex, query specifies ventral part; top1 is valid parent. | Query specifies 'ventral' premotor cortex, a subdivision. Top1 returns the full 'premotor cortex'—the correct parent that includes both dorsal and ventral parts.",A_effectively_correct,synonym/parent match (review-only flag)
species,"Secondary auditory area, ventral part",needs_review,0.745877,HOMBA:10239,"secondary auditory cortex (auditory belt region, area 42, area TB)",bm25+fuzzy,secondary auditory cortex ventral part,secondary auditory cortex,ventral,0.0,"ventral secondary visual cortex (ventral area 18, ventral area OB, area 18b)",0.427372,,582,3_unresolved_correct.csv,161,broader_parent,high,0.95,Query specifies 'ventral part' of secondary auditory area; top1 is the broader secondary auditory cortex.,broader_parent,high,0.95,"Top1 is secondary auditory cortex, query specifies ventral part; parent structure.",broader_parent,high,0.95,"Query asks for 'ventral part' of secondary auditory area. Top1 is the whole secondary auditory cortex, the correct parent covering ventral and dorsal subdivisions.",broader_parent,high,0.95,3/3,False,3-0,stable,"Query specifies 'ventral part' of secondary auditory area; top1 is the broader secondary auditory cortex. | Top1 is secondary auditory cortex, query specifies ventral part; parent structure. | Query asks for 'ventral part' of secondary auditory area. Top1 is the whole secondary auditory cortex, the correct parent covering ventral and dorsal subdivisions.",A_effectively_correct,synonym/parent match (review-only flag)
species,Intraamygdaloid Stria Terminalis,needs_review,0.746598,HOMBA:10591,stria terminalis,bm25+fuzzy,Intraamygdaloid Stria Terminalis,stria terminalis,,1.0,remaining caudal extension of BST (along stria terminalis),0.563612,,583,3_unresolved_correct.csv,162,broader_parent,high,0.95,Query 'Intraamygdaloid Stria Terminalis' is a specific part; top1 is the broader 'stria terminalis'.,broader_parent,high,0.95,"Top1 is stria terminalis, query specifies intraamygdaloid part; parent structure.",broader_parent,high,0.95,Intraamygdaloid stria terminalis is the portion within the amygdala. Top1 'stria terminalis' is the full tract—the correct broader parent structure.,broader_parent,high,0.95,3/3,False,3-0,stable,"Query 'Intraamygdaloid Stria Terminalis' is a specific part; top1 is the broader 'stria terminalis'. | Top1 is stria terminalis, query specifies intraamygdaloid part; parent structure. | Intraamygdaloid stria terminalis is the portion within the amygdala. Top1 'stria terminalis' is the full tract—the correct broader parent structure.",A_effectively_correct,synonym/parent match (review-only flag)
species,"Zona incerta, rostral part",needs_review,0.748877,HOMBA:10463,zona incerta,bm25+fuzzy,"Zona incerta, rostral part",zona incerta,,1.0,"lobule II (central lobule, rostral part)",0.230615,,584,3_unresolved_correct.csv,163,broader_parent,high,0.95,Query specifies 'rostral part' of zona incerta; top1 is the broader zona incerta.,broader_parent,high,0.95,"Top1 is zona incerta, query specifies rostral part; parent structure.",broader_parent,high,0.95,"Rostral part of zona incerta is a subdivision. Top1 'zona incerta' is the whole structure, the correct anatomical parent.",broader_parent,high,0.95,3/3,False,3-0,stable,"Query specifies 'rostral part' of zona incerta; top1 is the broader zona incerta. | Top1 is zona incerta, query specifies rostral part; parent structure. | Rostral part of zona incerta is a subdivision. Top1 'zona incerta' is the whole structure, the correct anatomical parent.",A_effectively_correct,synonym/parent match (review-only flag)
species,"Anterior commissure, intrabulbar part",needs_review,0.75,HOMBA:10559,anterior commissure,bm25+fuzzy+hierarchy_parent,"Anterior commissure, intrabulbar part",anterior commissure,,1.0,rostral (anterior) branch of anterior commissure,0.563579,,585,3_unresolved_correct.csv,164,broader_parent,high,0.9,top1 is the parent structure (anterior commissure) of the queried intrabulbar part.,broader_parent,high,0.95,Query specifies intrabulbar part of anterior commissure; top1 is the whole anterior commissure.,broader_parent,high,0.95,"Query specifies intrabulbar part of anterior commissure; top1 is the whole anterior commissure, a correct parent structure.",broader_parent,high,0.9333,3/3,False,3-0,stable,"top1 is the parent structure (anterior commissure) of the queried intrabulbar part. | Query specifies intrabulbar part of anterior commissure; top1 is the whole anterior commissure. | Query specifies intrabulbar part of anterior commissure; top1 is the whole anterior commissure, a correct parent structure.",A_effectively_correct,synonym/parent match (review-only flag)
species,Basolateral Intermediate Amygdaloid Nucleus,needs_review,0.750773,HOMBA:10366,basolateral nuclear group of amygdala,bm25+fuzzy+hierarchy_parent,Basolateral Intermediate Amygdaloid Nucleus,basolateral nuclear group of amygdala,,1.0,basolateral nucleus (basal nucleus) of amygdala,0.670773,,586,3_unresolved_correct.csv,165,broader_parent,high,0.9,"top1 is the broader nuclear group, not the specific intermediate nucleus.",broader_parent,high,0.95,Query is a specific nucleus within basolateral nuclear group; top1 is the whole group.,broader_parent,high,0.95,"Query is a specific nucleus within basolateral nuclear group; top1 is the broader group, correct parent.",broader_parent,high,0.9333,3/3,False,3-0,stable,"top1 is the broader nuclear group, not the specific intermediate nucleus. | Query is a specific nucleus within basolateral nuclear group; top1 is the whole group. | Query is a specific nucleus within basolateral nuclear group; top1 is the broader group, correct parent.",A_effectively_correct,synonym/parent match (review-only flag)
species,"Precentral gyrus, lateral",needs_review,0.751667,HOMBA:12114,precentral gyrus,bm25+fuzzy,"Precentral gyrus, lateral",precentral gyrus,lateral,0.0,lateral orbital gyrus,0.409552,,587,3_unresolved_correct.csv,166,broader_parent,high,0.9,"top1 is the whole precentral gyrus, not specifically the lateral part.",broader_parent,high,0.95,Query includes lateral modifier of precentral gyrus; top1 is the whole gyrus.,broader_parent,high,0.95,"Query describes lateral part of precentral gyrus; top1 is the whole gyrus, anatomically correct parent.",broader_parent,high,0.9333,3/3,False,3-0,stable,"top1 is the whole precentral gyrus, not specifically the lateral part. | Query includes lateral modifier of precentral gyrus; top1 is the whole gyrus. | Query describes lateral part of precentral gyrus; top1 is the whole gyrus, anatomically correct parent.",A_effectively_correct,synonym/parent match (review-only flag)
species,"Striate cortex, medial",needs_review,0.751667,HOMBA:10269,"primary visual cortex (first visual cortex, striate cortex, area 17, area OC)",bm25+fuzzy,"Striate cortex, medial",striate cortex,medial,0.0,medial (caudal) entorhinal cortex,0.637626,,588,3_unresolved_correct.csv,167,broader_parent,high,0.9,"top1 is the entire striate cortex, not specifically the medial part.",broader_parent,high,0.95,Query specifies medial part of striate cortex; top1 is the whole striate cortex.,broader_parent,high,0.95,"Query indicates medial striate cortex; top1 is the full primary visual cortex, correct parent area.",broader_parent,high,0.9333,3/3,False,3-0,stable,"top1 is the entire striate cortex, not specifically the medial part. | Query specifies medial part of striate cortex; top1 is the whole striate cortex. | Query indicates medial striate cortex; top1 is the full primary visual cortex, correct parent area.",A_effectively_correct,synonym/parent match (review-only flag)
species,Paralaminar amygdaloid nucleus,needs_review,0.752254,HOMBA:10370,paralaminar nucleus of amygdala,bm25+fuzzy,Paralaminar amygdaloid nucleus,paralaminar nucleus of amygdaloid complex,,1.0,corticomedial nuclear group of amygdala,0.37308,,589,3_unresolved_correct.csv,168,aligned,high,0.95,top1 is a direct synonym for the queried paralaminar amygdaloid nucleus.,aligned,high,0.98,Top1 is a direct synonym (paralaminar nucleus of amygdala) for the query.,aligned,high,0.98,Top1 name 'paralaminar nucleus of amygdala' is synonymous with 'Paralaminar amygdaloid nucleus'.,aligned,high,0.97,3/3,False,3-0,stable,top1 is a direct synonym for the queried paralaminar amygdaloid nucleus. | Top1 is a direct synonym (paralaminar nucleus of amygdala) for the query. | Top1 name 'paralaminar nucleus of amygdala' is synonymous with 'Paralaminar amygdaloid nucleus'.,A_effectively_correct,synonym/parent match (review-only flag)
species,"Medial geniculate body, medial division",needs_review,0.752733,HOMBA:10439,medial division of medial geniculate nucleus,bm25+fuzzy,"Medial geniculate body, medial division",medial division of medial geniculate nucleus,medial,1.0,medial geniculate nucleus,0.742624,,590,3_unresolved_correct.csv,169,aligned,high,0.95,top1 directly names the same anatomical structure with accepted synonym (body vs nucleus) and matches the division specification.,aligned,high,0.95,"Top1 is a direct synonym: medial division of medial geniculate nucleus exactly matches medial geniculate body, medial division.",aligned,high,0.98,"""Medial geniculate body, medial division"" and ""medial division of medial geniculate nucleus"" are accepted synonyms (body = nucleus), exact match.",aligned,high,0.96,3/3,False,3-0,stable,"top1 directly names the same anatomical structure with accepted synonym (body vs nucleus) and matches the division specification. | Top1 is a direct synonym: medial division of medial geniculate nucleus exactly matches medial geniculate body, medial division. | ""Medial geniculate body, medial division"" and ""medial division of medial geniculate nucleus"" are accepted synonyms (body = nucleus), exact match.",A_effectively_correct,synonym/parent match (review-only flag)
species,"Postcentral gyrus, lateral",needs_review,0.753867,HOMBA:12132,postcentral gyrus,bm25+fuzzy,"Postcentral gyrus, lateral",postcentral gyrus,lateral,0.0,lateral orbital gyrus,0.409552,,591,3_unresolved_correct.csv,170,broader_parent,high,0.9,"Query specifies lateral part of postcentral gyrus; top1 is the whole gyrus, which is the anatomically correct parent.",broader_parent,high,0.9,"Query specifies 'lateral' part of postcentral gyrus; top1 is the whole gyrus, a valid parent structure.",broader_parent,high,0.95,"Query specifies 'lateral' part of postcentral gyrus; top1 is the entire gyrus, a correct anatomical parent/container.",broader_parent,high,0.9167,3/3,False,3-0,stable,"Query specifies lateral part of postcentral gyrus; top1 is the whole gyrus, which is the anatomically correct parent. | Query specifies 'lateral' part of postcentral gyrus; top1 is the whole gyrus, a valid parent structure. | Query specifies 'lateral' part of postcentral gyrus; top1 is the entire gyrus, a correct anatomical parent/container.",A_effectively_correct,synonym/parent match (review-only flag)
species,"Postcentral gyrus, medial",needs_review,0.753867,HOMBA:12132,postcentral gyrus,bm25+fuzzy,"Postcentral gyrus, medial",postcentral gyrus,medial,0.0,medial orbital gyrus,0.411391,,592,3_unresolved_correct.csv,171,broader_parent,high,0.9,"Query specifies medial part of postcentral gyrus; top1 is the whole gyrus, which is the anatomically correct parent.",broader_parent,high,0.9,"Query specifies 'medial' part of postcentral gyrus; top1 is the whole gyrus, a valid parent structure.",broader_parent,high,0.95,"Query specifies 'medial' part of postcentral gyrus; top1 is the whole gyrus, a correct anatomical parent/container.",broader_parent,high,0.9167,3/3,False,3-0,stable,"Query specifies medial part of postcentral gyrus; top1 is the whole gyrus, which is the anatomically correct parent. | Query specifies 'medial' part of postcentral gyrus; top1 is the whole gyrus, a valid parent structure. | Query specifies 'medial' part of postcentral gyrus; top1 is the whole gyrus, a correct anatomical parent/container.",A_effectively_correct,synonym/parent match (review-only flag)
species,"Premotor cortex, dorsal",needs_review,0.753867,HOMBA:10168,"premotor cortex (area 6, area FB, secondary motor cortex)",bm25+fuzzy,"Premotor cortex, dorsal",premotor cortex,dorsal,0.0,caudal (dorsal) parasubiculum (subdivision b only),0.597957,,593,3_unresolved_correct.csv,172,broader_parent,high,0.9,"Query specifies dorsal part of premotor cortex; top1 is the whole premotor cortex, which is the anatomically correct parent.",broader_parent,high,0.9,"Query specifies 'dorsal' part of premotor cortex; top1 is the whole premotor cortex, a valid parent.",broader_parent,high,0.95,"Query specifies 'dorsal' premotor cortex; top1 is the entire premotor cortex, broader but correct parent structure.",broader_parent,high,0.9167,3/3,False,3-0,stable,"Query specifies dorsal part of premotor cortex; top1 is the whole premotor cortex, which is the anatomically correct parent. | Query specifies 'dorsal' part of premotor cortex; top1 is the whole premotor cortex, a valid parent. | Query specifies 'dorsal' premotor cortex; top1 is the entire premotor cortex, broader but correct parent structure.",A_effectively_correct,synonym/parent match (review-only flag)
species,"Secondary auditory area, dorsal part",needs_review,0.753867,HOMBA:10239,"secondary auditory cortex (auditory belt region, area 42, area TB)",bm25+fuzzy,secondary auditory cortex dorsal part,secondary auditory cortex,dorsal,0.0,"dorsal secondary visual cortex (dorsal area 18, dorsal area OB, area 18a)",0.425667,,594,3_unresolved_correct.csv,173,broader_parent,high,0.9,"Query specifies dorsal part of secondary auditory area; top1 is the whole secondary auditory cortex, which is the anatomically correct parent.",broader_parent,high,0.9,"Query specifies 'dorsal part' of secondary auditory area; top1 is whole secondary auditory cortex, a valid parent.",broader_parent,high,0.95,"Query specifies 'dorsal part' of secondary auditory area; top1 is the whole secondary auditory cortex, broader parent.",broader_parent,high,0.9167,3/3,False,3-0,stable,"Query specifies dorsal part of secondary auditory area; top1 is the whole secondary auditory cortex, which is the anatomically correct parent. | Query specifies 'dorsal part' of secondary auditory area; top1 is whole secondary auditory cortex, a valid parent. | Query specifies 'dorsal part' of secondary auditory area; top1 is the whole secondary auditory cortex, broader parent.",A_effectively_correct,synonym/parent match (review-only flag)
species,"Cingulate gyrus, anterior",needs_review,0.757957,HOMBA:10278,anterior cingulate  cortex (ventromedial prefrontal cortex),bm25+fuzzy,cingulate cortex anterior,anterior cingulate  cortex,,1.0,cingulate cortex,0.720643,,595,3_unresolved_correct.csv,174,partial_or_narrower,high,0.9,"Query specifies anterior cingulate gyrus; top1 is anterior cingulate cortex (cortical part of that gyrus), so it is a component rather than the full structure.",aligned,high,0.95,anterior cingulate cortex is a standard synonym for anterior cingulate gyrus,aligned,high,0.96,"Query: cingulate gyrus, anterior; top1: anterior cingulate cortex—directly matches the intended anterior subdivision.",aligned,medium,0.9367,2/3,True,2-1,majority_vote,"Query specifies anterior cingulate gyrus; top1 is anterior cingulate cortex (cortical part of that gyrus), so it is a component rather than the full structure. | anterior cingulate cortex is a standard synonym for anterior cingulate gyrus | Query: cingulate gyrus, anterior; top1: anterior cingulate cortex—directly matches the intended anterior subdivision.",A_effectively_correct,synonym/parent match (review-only flag)
species,Central canal,needs_review,0.760417,HOMBA:12826,central canal of medulla oblongata,bm25+fuzzy,Central canal,central canal of medulla,,1.0,central canal of spinal cord,0.669763,,596,3_unresolved_correct.csv,175,partial_or_narrower,high,0.95,"Query is general 'central canal'; top1 is limited to central canal of medulla oblongata, missing the spinal cord portion.",partial_or_narrower,medium,0.7,"top1 refers to medullary portion, query covers entire central canal",partial_or_narrower,high,0.9,"Central canal refers to the entire spinal cord central canal; top1 is only its medullary portion, a narrower component.",partial_or_narrower,high,0.85,3/3,False,3-0,stable,"Query is general 'central canal'; top1 is limited to central canal of medulla oblongata, missing the spinal cord portion. | top1 refers to medullary portion, query covers entire central canal | Central canal refers to the entire spinal cord central canal; top1 is only its medullary portion, a narrower component.",A_effectively_correct,synonym/parent match (review-only flag)
species,Peduncular lateral hypothalamic nucleus,needs_review,0.761175,HOMBA:13070,magnocellular nucleus of lateral hypothalamic area,bm25+fuzzy,peduncular lateral hypothalamic nuclei,magnocellular nuclei of lateral hypothalamic area,lateral,1.0,"lateral hypothalamic area, tuberal part",0.686178,,597,3_unresolved_correct.csv,176,wrong,high,0.9,"Query is peduncular lateral hypothalamic nucleus; top1 is magnocellular nucleus of lateral hypothalamic area, which are distinct nuclei.",wrong,medium,0.6,"top1 is magnocellular nucleus, query is peduncular nucleus; different nuclei",wrong,high,0.9,Peduncular lateral hypothalamic nucleus is a distinct nucleus separate from the magnocellular nucleus of the lateral hypothalamic area.,wrong,medium,0.8,3/3,False,3-0,stable,"Query is peduncular lateral hypothalamic nucleus; top1 is magnocellular nucleus of lateral hypothalamic area, which are distinct nuclei. | top1 is magnocellular nucleus, query is peduncular nucleus; different nuclei | Peduncular lateral hypothalamic nucleus is a distinct nucleus separate from the magnocellular nucleus of the lateral hypothalamic area.",A_effectively_correct,synonym/parent match (review-only flag)
species,Posterior pituitary,needs_review,0.762133,HOMBA:AA30783,posterior lobe of pituitary body (neurohypophysis),bm25+fuzzy,Posterior pituitary,posterior lobe of pituitary body,posterior,1.0,caudal (posterior) branch of anterior commissure,0.392347,,598,3_unresolved_correct.csv,177,aligned,high,1.0,Posterior pituitary and posterior lobe of pituitary body (neurohypophysis) are synonymous terms.,aligned,high,0.99,posterior lobe of pituitary is exact synonym for posterior pituitary,aligned,high,1.0,Posterior pituitary is a well-established synonym for the posterior lobe of the pituitary body (neurohypophysis).,aligned,high,0.9967,3/3,False,3-0,stable,Posterior pituitary and posterior lobe of pituitary body (neurohypophysis) are synonymous terms. | posterior lobe of pituitary is exact synonym for posterior pituitary | Posterior pituitary is a well-established synonym for the posterior lobe of the pituitary body (neurohypophysis).,A_effectively_correct,synonym/parent match (review-only flag)
species,Ventral Lateral Posterodorsal Thalamus,needs_review,0.765825,HOMBA:10420,ventral lateral nucleus of thalamus,bm25+fuzzy,Ventral Lateral Posterodorsal Thalamus,ventral lateral nucleus of thalamus,ventral;lateral,1.0,ventral thalamus,0.656565,,599,3_unresolved_correct.csv,178,broader_parent,high,0.9,Query targets the posterodorsal subdivision of ventral lateral thalamus; top1 is the parent ventral lateral nucleus.,broader_parent,medium,0.75,"top1 is the broader VL nucleus, query specifies posterodorsal subdivision",broader_parent,high,0.95,"Query specifies posterodorsal part of ventral lateral thalamus; top1 is the entire ventral lateral nucleus, a broader parent structure.",broader_parent,high,0.8667,3/3,False,3-0,stable,"Query targets the posterodorsal subdivision of ventral lateral thalamus; top1 is the parent ventral lateral nucleus. | top1 is the broader VL nucleus, query specifies posterodorsal subdivision | Query specifies posterodorsal part of ventral lateral thalamus; top1 is the entire ventral lateral nucleus, a broader parent structure.",A_effectively_correct,synonym/parent match (review-only flag)
species,"Agranular insular cortex, posterior area",needs_review,0.77,HOMBA:10328,agranular insular cortex (area Iag),bm25+fuzzy,agranular major insular cortex posterior area,agranular major insular cortex,posterior,0.0,agranular temporal insular cortex (area TI),0.634058,,600,3_unresolved_correct.csv,179,broader_parent,high,0.95,"Top1 is the general agranular insular cortex, which is broader than the specified posterior area.",broader_parent,high,0.95,"top1 is the whole agranular insular cortex, broader than query's posterior area subdivision but anatomically correct parent.",broader_parent,high,0.9,"Top1 is the full agranular insular cortex; query asks for posterior area. Top1 is the anatomical parent region, missing the subdivision.",broader_parent,high,0.9333,3/3,False,3-0,stable,"Top1 is the general agranular insular cortex, which is broader than the specified posterior area. | top1 is the whole agranular insular cortex, broader than query's posterior area subdivision but anatomically correct parent. | Top1 is the full agranular insular cortex; query asks for posterior area. Top1 is the anatomical parent region, missing the subdivision.",A_effectively_correct,synonym/parent match (review-only flag)
species,Agranular insular cortex dorsal area,needs_review,0.7722,HOMBA:10328,agranular insular cortex (area Iag),bm25+fuzzy,agranular major insular cortex dorsal area,agranular major insular cortex,dorsal,0.0,agranular temporal insular cortex (area TI),0.643778,,601,3_unresolved_correct.csv,180,broader_parent,high,0.95,"Top1 is the broader agranular insular cortex, not the specific dorsal area.",broader_parent,high,0.95,"top1 is the whole agranular insular cortex, broader than query's dorsal area subdivision but anatomically correct parent.",broader_parent,high,0.9,"Top1 is the entire agranular insular cortex; query specifies dorsal area. Top1 is the parent structure, not the subregion.",broader_parent,high,0.9333,3/3,False,3-0,stable,"Top1 is the broader agranular insular cortex, not the specific dorsal area. | top1 is the whole agranular insular cortex, broader than query's dorsal area subdivision but anatomically correct parent. | Top1 is the entire agranular insular cortex; query specifies dorsal area. Top1 is the parent structure, not the subregion.",A_effectively_correct,synonym/parent match (review-only flag)
species,"Agranular insular cortex, ventral area",needs_review,0.7722,HOMBA:10328,agranular insular cortex (area Iag),bm25+fuzzy,agranular major insular cortex ventral area,agranular major insular cortex,ventral,0.0,agranular frontal insular cortex (area FI),0.642812,,602,3_unresolved_correct.csv,181,broader_parent,high,0.95,"Top1 is the broader agranular insular cortex, not the specific ventral area.",broader_parent,high,0.95,"top1 is the whole agranular insular cortex, broader than query's ventral area subdivision but anatomically correct parent.",broader_parent,high,0.9,"Top1 is the whole agranular insular cortex; query asks for ventral area. Top1 is anatomically the parent, lacking subdivisional detail.",broader_parent,high,0.9333,3/3,False,3-0,stable,"Top1 is the broader agranular insular cortex, not the specific ventral area. | top1 is the whole agranular insular cortex, broader than query's ventral area subdivision but anatomically correct parent. | Top1 is the whole agranular insular cortex; query asks for ventral area. Top1 is anatomically the parent, lacking subdivisional detail.",A_effectively_correct,synonym/parent match (review-only flag)
species,"Mediodorsal thalamic nucleus, lateral part",needs_review,0.7722,HOMBA:10398,mediodorsal nucleus of thalamus,bm25+fuzzy,"Mediodorsal thalamic nucleus, lateral part",mediodorsal thalamic nucleus,lateral,0.0,"dentate nucleus, mediodorsal division",0.448762,,603,3_unresolved_correct.csv,182,broader_parent,high,0.95,"Top1 is the mediodorsal nucleus of thalamus (whole), broader than the lateral part.",broader_parent,high,0.95,"top1 is the whole mediodorsal nucleus of thalamus, broader than query's lateral part but anatomically correct parent.",broader_parent,high,0.9,Top1 is the mediodorsal nucleus of thalamus; query seeks the lateral part. Top1 represents the undivided parent nucleus.,broader_parent,high,0.9333,3/3,False,3-0,stable,"Top1 is the mediodorsal nucleus of thalamus (whole), broader than the lateral part. | top1 is the whole mediodorsal nucleus of thalamus, broader than query's lateral part but anatomically correct parent. | Top1 is the mediodorsal nucleus of thalamus; query seeks the lateral part. Top1 represents the undivided parent nucleus.",A_effectively_correct,synonym/parent match (review-only flag)
species,"Mediodorsal thalamic nucleus, medial part",needs_review,0.7722,HOMBA:10398,mediodorsal nucleus of thalamus,bm25+fuzzy,"Mediodorsal thalamic nucleus, medial part",mediodorsal thalamic nucleus,medial,0.0,central medial nucleus of thalamus,0.442277,,604,3_unresolved_correct.csv,183,broader_parent,high,0.95,"Top1 is the mediodorsal nucleus of thalamus (whole), broader than the medial part.",broader_parent,high,0.95,"top1 is the whole mediodorsal nucleus of thalamus, broader than query's medial part but anatomically correct parent.",broader_parent,high,0.9,"Top1 is the mediodorsal nucleus of thalamus; query asks for medial part. Top1 is the broader parent structure, not the specific subdivision.",broader_parent,high,0.9333,3/3,False,3-0,stable,"Top1 is the mediodorsal nucleus of thalamus (whole), broader than the medial part. | top1 is the whole mediodorsal nucleus of thalamus, broader than query's medial part but anatomically correct parent. | Top1 is the mediodorsal nucleus of thalamus; query asks for medial part. Top1 is the broader parent structure, not the specific subdivision.",A_effectively_correct,synonym/parent match (review-only flag)
species,"Superior frontal gyrus, medial",needs_review,0.7722,HOMBA:12115,superior frontal gyrus,bm25+fuzzy,"Superior frontal gyrus, medial",superior frontal gyrus,medial,0.0,superior frontal sulcus,0.530608,,605,3_unresolved_correct.csv,184,broader_parent,high,0.95,top1 is the parent structure (superior frontal gyrus) for the specified medial subdivision in query.,broader_parent,high,0.95,"Query specifies medial part of superior frontal gyrus, but top1 is whole gyrus, a valid parent.",broader_parent,high,0.95,"Query specifies 'medial' subdivision of superior frontal gyrus; top1 is the entire gyrus, a correct parent structure.",broader_parent,high,0.95,3/3,False,3-0,stable,"top1 is the parent structure (superior frontal gyrus) for the specified medial subdivision in query. | Query specifies medial part of superior frontal gyrus, but top1 is whole gyrus, a valid parent. | Query specifies 'medial' subdivision of superior frontal gyrus; top1 is the entire gyrus, a correct parent structure.",A_effectively_correct,synonym/parent match (review-only flag)
species,Ventral cortical amygdaloid nucleus,needs_review,0.7722,HOMBA:10373,cortical nucleus of amygdala,bm25+fuzzy,Ventral cortical amygdaloid nucleus,cortical amygdaloid nucleus,ventral,0.0,anterior (rostral) cortical nucleus of amygdala,0.539536,,606,3_unresolved_correct.csv,185,broader_parent,high,0.95,top1 is the parent structure (cortical nucleus of amygdala) for the specified ventral subdivision.,broader_parent,high,0.9,"Query specifies ventral part of cortical amygdaloid nucleus, top1 is the whole nucleus without ventral specification.",broader_parent,high,0.95,"Query is 'Ventral cortical amygdaloid nucleus', a subregion; top1 is the whole cortical nucleus of amygdala, not the ventral part.",broader_parent,high,0.9333,3/3,False,3-0,stable,"top1 is the parent structure (cortical nucleus of amygdala) for the specified ventral subdivision. | Query specifies ventral part of cortical amygdaloid nucleus, top1 is the whole nucleus without ventral specification. | Query is 'Ventral cortical amygdaloid nucleus', a subregion; top1 is the whole cortical nucleus of amygdala, not the ventral part.",A_effectively_correct,synonym/parent match (review-only flag)
species,"Medial geniculate body, dorsal division",needs_review,0.774841,HOMBA:10435,dorsal (rostral) division of medial geniculate nucleus,bm25+fuzzy,"Medial geniculate body, dorsal division",dorsal   division of medial geniculate nucleus,medial;dorsal,1.0,medial division of medial geniculate nucleus,0.629342,,607,3_unresolved_correct.csv,186,aligned,high,0.98,top1 is a synonym and matches the dorsal division of medial geniculate body/nucleus.,aligned,high,0.98,"Top1 directly names the dorsal division of medial geniculate nucleus, synonymous with query.",aligned,high,0.98,"Top1 'dorsal (rostral) division of medial geniculate nucleus' directly matches query 'Medial geniculate body, dorsal division'.",aligned,high,0.98,3/3,False,3-0,stable,"top1 is a synonym and matches the dorsal division of medial geniculate body/nucleus. | Top1 directly names the dorsal division of medial geniculate nucleus, synonymous with query. | Top1 'dorsal (rostral) division of medial geniculate nucleus' directly matches query 'Medial geniculate body, dorsal division'.",A_effectively_correct,synonym/parent match (review-only flag)
species,Ventral Lateral Posteroventral Thalamus,needs_review,0.774846,HOMBA:10420,ventral lateral nucleus of thalamus,bm25+fuzzy,Ventral Lateral Posteroventral Thalamus,ventral lateral nucleus of thalamus,ventral;lateral,1.0,ventral thalamus,0.692649,,608,3_unresolved_correct.csv,187,partial_or_narrower,medium,0.7,"top1 matches only 'ventral lateral' part of query, missing 'posteroventral' modifier; likely a subdivision.",aligned,medium,0.7,Query 'Ventral Lateral Posteroventral Thalamus' matches ventral lateral nucleus of thalamus; top1 is synonym despite extra words.,source_or_ontology_issue,low,0.65,"Query 'Ventral Lateral Posteroventral Thalamus' is oddly phrased; HOMBA top1 is ventral lateral nucleus, but 'posteroventral' modifier is unclear, likely source-specific or misspelling.",no_consensus,low,0.6833,1/3,True,1-1-1,split_vote+low_certainty,"top1 matches only 'ventral lateral' part of query, missing 'posteroventral' modifier; likely a subdivision. | Query 'Ventral Lateral Posteroventral Thalamus' matches ventral lateral nucleus of thalamus; top1 is synonym despite extra words. | Query 'Ventral Lateral Posteroventral Thalamus' is oddly phrased; HOMBA top1 is ventral lateral nucleus, but 'posteroventral' modifier is unclear, likely source-specific or misspelling.",A_effectively_correct,synonym/parent match (review-only flag)
species,"Medial geniculate body, ventral division",needs_review,0.774918,HOMBA:10438,ventral (caudal) division of medial geniculate nucleus,bm25+fuzzy,"Medial geniculate body, ventral division",ventral   division of medial geniculate nucleus,medial;ventral,1.0,medial division of medial geniculate nucleus,0.62723,,609,3_unresolved_correct.csv,188,aligned,high,0.98,top1 is a synonym and matches the ventral division of medial geniculate body/nucleus.,aligned,high,0.98,"Top1 directly names the ventral division of medial geniculate nucleus, consistent with query.",aligned,high,0.98,"Top1 'ventral (caudal) division of medial geniculate nucleus' is exact match for 'Medial geniculate body, ventral division'.",aligned,high,0.98,3/3,False,3-0,stable,"top1 is a synonym and matches the ventral division of medial geniculate body/nucleus. | Top1 directly names the ventral division of medial geniculate nucleus, consistent with query. | Top1 'ventral (caudal) division of medial geniculate nucleus' is exact match for 'Medial geniculate body, ventral division'.",A_effectively_correct,synonym/parent match (review-only flag)
species,Superior cerebellar peduncle and prerubral field,needs_review,0.775873,HOMBA:12354,superior cerebellar peduncle (brachium conjunctivum),bm25+fuzzy,Superior cerebellar peduncle and prerubral field,superior cerebellar peduncle,,1.0,prerubral field (field H3),0.602571,,610,3_unresolved_correct.csv,189,partial_or_narrower,high,0.9,Query includes both superior cerebellar peduncle and prerubral field; top1 covers only the peduncle.,partial_or_narrower,high,0.9,"Query includes two structures; top1 only covers superior cerebellar peduncle, missing prerubral field.",partial_or_narrower,high,0.95,Compound query: superior cerebellar peduncle AND prerubral field. Top1 matches only the peduncle; prerubral field is missing.,partial_or_narrower,high,0.9167,3/3,False,3-0,stable,"Query includes both superior cerebellar peduncle and prerubral field; top1 covers only the peduncle. | Query includes two structures; top1 only covers superior cerebellar peduncle, missing prerubral field. | Compound query: superior cerebellar peduncle AND prerubral field. Top1 matches only the peduncle; prerubral field is missing.",A_effectively_correct,synonym/parent match (review-only flag)
species,"Cerebellum, unspecified",needs_review,0.778409,HOMBA:10656,cerebellum,bm25+fuzzy,"Cerebellum, unspecified",cerebellum,,1.0,paravermis of cerebellar hemisphere,0.290471,,611,3_unresolved_correct.csv,190,aligned,high,1.0,"Query 'cerebellum, unspecified' matches top1 'cerebellum'; 'unspecified' is a clinical modifier.",aligned,high,1.0,"Query is 'cerebellum, unspecified'; top1 'cerebellum' is exact anatomical match.",aligned,high,0.98,"Query is 'Cerebellum, unspecified'; top1 'cerebellum' refers to the same organ. The modifier 'unspecified' does not alter the core identity.",aligned,high,0.9933,3/3,False,3-0,stable,"Query 'cerebellum, unspecified' matches top1 'cerebellum'; 'unspecified' is a clinical modifier. | Query is 'cerebellum, unspecified'; top1 'cerebellum' is exact anatomical match. | Query is 'Cerebellum, unspecified'; top1 'cerebellum' refers to the same organ. The modifier 'unspecified' does not alter the core identity.",A_effectively_correct,synonym/parent match (review-only flag)
species,"Anterior commissure, posterior limb",needs_review,0.778847,HOMBA:10388,interstitial nucleus of posterior limb of anterior commissure (fundus of striatum),bm25+fuzzy,"Anterior commissure, posterior limb",interstitial nucleus of posterior limb of anterior commissure,posterior;limb,1.0,caudal limb of internal capsule,0.391264,,612,3_unresolved_correct.csv,191,partial_or_narrower,high,0.95,"Query 'anterior commissure, posterior limb' is the tract; top1 is the interstitial nucleus within that limb, a narrower component.",partial_or_narrower,medium,0.7,"Query 'anterior commissure, posterior limb' likely refers to fiber tract; top1 is a nucleus within that limb, narrower scope.",wrong,high,0.9,"Query is the posterior limb of the anterior commissure (fiber tract). Top1 is the interstitial nucleus within that limb, a distinct grey matter structure.",partial_or_narrower,medium,0.85,2/3,True,2-1,majority_vote,"Query 'anterior commissure, posterior limb' is the tract; top1 is the interstitial nucleus within that limb, a narrower component. | Query 'anterior commissure, posterior limb' likely refers to fiber tract; top1 is a nucleus within that limb, narrower scope. | Query is the posterior limb of the anterior commissure (fiber tract). Top1 is the interstitial nucleus within that limb, a distinct grey matter structure.",A_effectively_correct,synonym/parent match (review-only flag)
species,Stria medullaris,needs_review,0.782738,HOMBA:10590,stria medullaris of thalamus,bm25+fuzzy,Stria medullaris,stria medullaris of thalamus,,1.0,stria terminalis,0.261738,,613,3_unresolved_correct.csv,192,aligned,high,1.0,Query 'stria medullaris' matches top1 'stria medullaris of thalamus'; accepted synonym.,aligned,high,1.0,"Top1 is full name of the same structure, aligned.",aligned,high,0.95,'Stria medullaris' standardly denotes stria medullaris of thalamus; the top1 adds only the conventional full name.,aligned,high,0.9833,3/3,False,3-0,stable,"Query 'stria medullaris' matches top1 'stria medullaris of thalamus'; accepted synonym. | Top1 is full name of the same structure, aligned. | 'Stria medullaris' standardly denotes stria medullaris of thalamus; the top1 adds only the conventional full name.",A_effectively_correct,synonym/parent match (review-only flag)
species,Arcuate nucleus,needs_review,0.786859,HOMBA:12536,arcuate nucleus of medulla oblongata,bm25+fuzzy,Arcuate nucleus,arcuate nucleus of medulla,,1.0,arcuate nucleus of hypothalamus,0.71707,,614,3_unresolved_correct.csv,193,ambiguous,medium,0.7,"Query 'arcuate nucleus' is ambiguous (hypothalamic vs medullary); top1 specifies medullary, but no context to determine intent.",ambiguous,medium,0.6,"Query 'arcuate nucleus' ambiguous (hypothalamus vs medulla); top1 picks medulla, but not clearly aligned or wrong.",ambiguous,medium,0.5,"Query 'Arcuate nucleus' is ambiguous (hypothalamic vs. medullary). Without context, cannot determine if top1's medullary choice is correct.",ambiguous,medium,0.6,3/3,False,3-0,stable,"Query 'arcuate nucleus' is ambiguous (hypothalamic vs medullary); top1 specifies medullary, but no context to determine intent. | Query 'arcuate nucleus' ambiguous (hypothalamus vs medulla); top1 picks medulla, but not clearly aligned or wrong. | Query 'Arcuate nucleus' is ambiguous (hypothalamic vs. medullary). Without context, cannot determine if top1's medullary choice is correct.",A_effectively_correct,synonym/parent match (review-only flag)
species,"Parietal association cortex, posterior area",needs_review,0.787578,HOMBA:10214,posterior parietal cortex,bm25+fuzzy,"Parietal association cortex, posterior area",posterior parietal cortex,posterior,1.0,posterior limiting parietal cortex,0.711256,,615,3_unresolved_correct.csv,194,aligned,high,0.95,posterior parietal cortex is a direct synonym for parietal association cortex posterior area,aligned,high,0.95,"Posterior parietal cortex is a direct anatomical synonym for parietal association cortex, posterior area.",aligned,high,0.98,"Query ‘Posterior area of parietal association cortex’ matches ‘posterior parietal cortex’, a widely accepted synonym for that region.",aligned,high,0.96,3/3,False,3-0,stable,"posterior parietal cortex is a direct synonym for parietal association cortex posterior area | Posterior parietal cortex is a direct anatomical synonym for parietal association cortex, posterior area. | Query ‘Posterior area of parietal association cortex’ matches ‘posterior parietal cortex’, a widely accepted synonym for that region.",A_effectively_correct,synonym/parent match (review-only flag)
species,Posterior Commissural Nuclei,needs_review,0.788483,HOMBA:12194,interstitial nucleus of posterior commissure (nucleus of posterior commissure),bm25+fuzzy,Posterior Commissural Nuclei,nuclei of posterior commissure,posterior,1.0,posterior (caudal) cortical nucleus of amygdala,0.782298,,616,3_unresolved_correct.csv,195,aligned,high,0.95,nuclei of posterior commissure matches query; top1 includes both singular and plural forms,aligned,high,0.95,Interstitial nucleus of posterior commissure (nucleus of posterior commissure) matches the query Posterior Commissural Nuclei.,partial_or_narrower,high,0.9,"Query ‘Posterior Commissural Nuclei’ generally covers multiple nuclei; top1 is one specific nucleus (interstitial nucleus), thus narrower.",aligned,medium,0.9333,2/3,True,2-1,majority_vote,"nuclei of posterior commissure matches query; top1 includes both singular and plural forms | Interstitial nucleus of posterior commissure (nucleus of posterior commissure) matches the query Posterior Commissural Nuclei. | Query ‘Posterior Commissural Nuclei’ generally covers multiple nuclei; top1 is one specific nucleus (interstitial nucleus), thus narrower.",A_effectively_correct,synonym/parent match (review-only flag)
species,Commissural stria terminalis,needs_review,0.795711,HOMBA:AA30882,commissural branch of stria terminalis,bm25+fuzzy,Commissural stria terminalis,commissural branch of stria terminalis,,1.0,stria terminalis,0.782738,,617,3_unresolved_correct.csv,196,aligned,high,0.95,commissural branch of stria terminalis is the standard term for the commissural stria terminalis,aligned,high,0.9,Commissural branch of stria terminalis is a direct match for commissural stria terminalis.,aligned,high,0.99,‘Commissural stria terminalis’ and ‘commissural branch of stria terminalis’ refer to the same structure.,aligned,high,0.9467,3/3,False,3-0,stable,commissural branch of stria terminalis is the standard term for the commissural stria terminalis | Commissural branch of stria terminalis is a direct match for commissural stria terminalis. | ‘Commissural stria terminalis’ and ‘commissural branch of stria terminalis’ refer to the same structure.,A_effectively_correct,synonym/parent match (review-only flag)
species,"Frontal orbital cortex, anterior",needs_review,0.798344,HOMBA:10161,frontal cortex,bm25+hierarchy_parent,"Frontal orbital cortex, anterior",frontal cortex,,1.0,orbital frontal cortex,0.725347,,618,3_unresolved_correct.csv,197,broader_parent,high,0.9,"frontal cortex is broader than frontal orbital cortex, anterior; query specifies subregion and subregion-modifier",broader_parent,high,0.9,"Frontal cortex is a broader parent of frontal orbital cortex, anterior; not exact but anatomically valid.",broader_parent,high,0.95,"Query is ‘anterior orbital frontal cortex’; top1 ‘frontal cortex’ is the correct broader parent region, anatomically appropriate but not precise.",broader_parent,high,0.9167,3/3,False,3-0,stable,"frontal cortex is broader than frontal orbital cortex, anterior; query specifies subregion and subregion-modifier | Frontal cortex is a broader parent of frontal orbital cortex, anterior; not exact but anatomically valid. | Query is ‘anterior orbital frontal cortex’; top1 ‘frontal cortex’ is the correct broader parent region, anatomically appropriate but not precise.",A_effectively_correct,synonym/parent match (review-only flag)
species,Transverse fibers of the pons,needs_review,0.80058,HOMBA:12795,transverse fibers of pons (pontine crossing tract),bm25+fuzzy,Transverse fibers of the pons,transverse fibers of pons,,1.0,transverse fibers,0.793822,,619,3_unresolved_correct.csv,198,aligned,high,0.95,transverse fibers of pons is exactly the same structure as query,aligned,high,0.95,Transverse fibers of pons (pontine crossing tract) is an exact synonym for transverse fibers of the pons.,aligned,high,0.99,"‘Transverse fibers of the pons’ directly matches top1, which includes the synonymous term ‘pontine crossing tract’.",aligned,high,0.9633,3/3,False,3-0,stable,"transverse fibers of pons is exactly the same structure as query | Transverse fibers of pons (pontine crossing tract) is an exact synonym for transverse fibers of the pons. | ‘Transverse fibers of the pons’ directly matches top1, which includes the synonymous term ‘pontine crossing tract’.",A_effectively_correct,synonym/parent match (review-only flag)
species,Cuneate Gracile Nuclei,needs_review,0.805236,HOMBA:12587,sensory relay nuclei in medulla oblongata,hierarchy_parent,Cuneate Gracile Nuclei,sensory relay nuclei in medulla oblongata,,1.0,gracile nucleus,0.725236,,620,3_unresolved_correct.csv,199,broader_parent,high,0.95,top1 is a broader functional group (sensory relay nuclei in medulla) that includes both cuneate and gracile nuclei; anatomically correct parent.,broader_parent,high,0.95,Query specifies cuneate and gracile nuclei; top1 is a broader grouping 'sensory relay nuclei in medulla oblongata' which includes them. Anatomically correct parent.,broader_parent,high,0.95,"Query names cuneate and gracile nuclei; top1 is the parent category 'sensory relay nuclei in medulla oblongata', which is anatomically correct but broader.",broader_parent,high,0.95,3/3,False,3-0,stable,"top1 is a broader functional group (sensory relay nuclei in medulla) that includes both cuneate and gracile nuclei; anatomically correct parent. | Query specifies cuneate and gracile nuclei; top1 is a broader grouping 'sensory relay nuclei in medulla oblongata' which includes them. Anatomically correct parent. | Query names cuneate and gracile nuclei; top1 is the parent category 'sensory relay nuclei in medulla oblongata', which is anatomically correct but broader.",A_effectively_correct,synonym/parent match (review-only flag)
species,Preoptic area,needs_review,0.815,HOMBA:10468,preoptic region of HTH,bm25+fuzzy+hierarchy_parent,preoptic region,preoptic region of HTH,,1.0,medial preoptic area,0.7009,,621,3_unresolved_correct.csv,200,aligned,high,0.95,'preoptic region of HTH' is synonymous with 'Preoptic area'; direct match.,aligned,high,0.98,Top1 'preoptic region of HTH' is a synonymous term for 'Preoptic area' (hypothalamus region). Direct match.,aligned,high,0.97,'Preoptic area' is a standard name for the preoptic region of the hypothalamus. Top1 matches exactly.,aligned,high,0.9667,3/3,False,3-0,stable,'preoptic region of HTH' is synonymous with 'Preoptic area'; direct match. | Top1 'preoptic region of HTH' is a synonymous term for 'Preoptic area' (hypothalamus region). Direct match. | 'Preoptic area' is a standard name for the preoptic region of the hypothalamus. Top1 matches exactly.,A_effectively_correct,synonym/parent match (review-only flag)
species,Medullar Reticular Nucleus,needs_review,0.816244,HOMBA:12640,"medullary reticular nucleus, ventral division (medial reticular nucleus)",bm25+fuzzy,Medullar Reticular Nucleus,medial reticular nucleus,reticular,1.0,parvicellular reticular nucleus,0.784446,,622,3_unresolved_correct.csv,201,partial_or_narrower,medium,0.8,"Query refers to medullary reticular nucleus generally, but top1 is specifically the ventral division (medial reticular nucleus), a narrower subdivision.",partial_or_narrower,high,0.95,"Query 'Medullar Reticular Nucleus' is general; top1 specifies 'ventral division (medial reticular nucleus)', which is a subdivision, thus narrower.",partial_or_narrower,high,0.9,"Query likely refers to the whole medullary reticular nucleus; top1 specifies only the ventral/medial division, which is a narrower component.",partial_or_narrower,high,0.8833,3/3,False,3-0,stable,"Query refers to medullary reticular nucleus generally, but top1 is specifically the ventral division (medial reticular nucleus), a narrower subdivision. | Query 'Medullar Reticular Nucleus' is general; top1 specifies 'ventral division (medial reticular nucleus)', which is a subdivision, thus narrower. | Query likely refers to the whole medullary reticular nucleus; top1 specifies only the ventral/medial division, which is a narrower component.",A_effectively_correct,synonym/parent match (review-only flag)
species,Retrosplenial granular area,needs_review,0.816308,HOMBA:10325,"granular retrosplenial cortex (area 29, RSg)",bm25+fuzzy,Retrosplenial granular area,granular retrosplenial cortex,granular,1.0,"agranular retrosplenial cortex (area 30, RSag)",0.354871,,623,3_unresolved_correct.csv,202,aligned,high,0.95,'granular retrosplenial cortex' is an accepted synonym for 'Retrosplenial granular area'.,aligned,high,0.98,"Top1 'granular retrosplenial cortex' is a synonym for 'Retrosplenial granular area', same structure.",aligned,high,0.97,'Retrosplenial granular area' is synonymous with granular retrosplenial cortex (area 29). Perfect match.,aligned,high,0.9667,3/3,False,3-0,stable,"'granular retrosplenial cortex' is an accepted synonym for 'Retrosplenial granular area'. | Top1 'granular retrosplenial cortex' is a synonym for 'Retrosplenial granular area', same structure. | 'Retrosplenial granular area' is synonymous with granular retrosplenial cortex (area 29). Perfect match.",A_effectively_correct,synonym/parent match (review-only flag)
species,"Basal forebrain region, unspecified",needs_review,0.8171,HOMBA:10349,basal forebrain,bm25+fuzzy+hierarchy_parent,"Basal forebrain region, unspecified",basal forebrain,,1.0,regions of basal forebrain,0.7371,,624,3_unresolved_correct.csv,203,aligned,high,0.95,"'basal forebrain' is equivalent to 'Basal forebrain region, unspecified'; same structure.",aligned,high,0.97,"Top1 'basal forebrain' matches the query 'Basal forebrain region, unspecified' – 'unspecified' does not change identity.",aligned,high,0.97,"'Basal forebrain region, unspecified' is essentially the same structure as 'basal forebrain'. The modifier 'unspecified' does not change the identity.",aligned,high,0.9633,3/3,False,3-0,stable,"'basal forebrain' is equivalent to 'Basal forebrain region, unspecified'; same structure. | Top1 'basal forebrain' matches the query 'Basal forebrain region, unspecified' – 'unspecified' does not change identity. | 'Basal forebrain region, unspecified' is essentially the same structure as 'basal forebrain'. The modifier 'unspecified' does not change the identity.",A_effectively_correct,synonym/parent match (review-only flag)
species,"Medial geniculate body, marginal zone",needs_review,0.81798,HOMBA:266441523,marginal zone of medial geniculate nucleus,bm25+fuzzy,"Medial geniculate body, marginal zone",marginal zone of medial geniculate nucleus,medial,1.0,medial division of medial geniculate nucleus,0.390675,,625,3_unresolved_correct.csv,204,aligned,high,0.98,top1 directly matches the marginal zone of the medial geniculate body/nucleus.,aligned,high,0.95,Top1 exactly matches query as synonym (marginal zone of medial geniculate nucleus vs medial geniculate body marginal zone).,aligned,high,0.98,"Top1 is exact synonym for the marginal zone of medial geniculate body, matching the query's compound description.",aligned,high,0.97,3/3,False,3-0,stable,"top1 directly matches the marginal zone of the medial geniculate body/nucleus. | Top1 exactly matches query as synonym (marginal zone of medial geniculate nucleus vs medial geniculate body marginal zone). | Top1 is exact synonym for the marginal zone of medial geniculate body, matching the query's compound description.",A_effectively_correct,synonym/parent match (review-only flag)
species,Medial geniculate complex (marginal zone),needs_review,0.818624,HOMBA:266441523,marginal zone of medial geniculate nucleus,bm25+fuzzy,Medial geniculate complex (marginal zone),marginal zone of medial geniculate nucleus,marginal;zone;marginal zone;medial,1.0,medial geniculate nuclear complex,0.770834,,626,3_unresolved_correct.csv,205,aligned,high,0.97,top1 directly matches the marginal zone component of the medial geniculate complex.,aligned,high,0.95,Top1 is direct synonym for the queried subdivision (marginal zone of medial geniculate complex).,aligned,high,0.98,Top1 exactly matches the marginal zone of medial geniculate complex indicated by the parenthetical.,aligned,high,0.9667,3/3,False,3-0,stable,top1 directly matches the marginal zone component of the medial geniculate complex. | Top1 is direct synonym for the queried subdivision (marginal zone of medial geniculate complex). | Top1 exactly matches the marginal zone of medial geniculate complex indicated by the parenthetical.,A_effectively_correct,synonym/parent match (review-only flag)
species,"Medial geniculate body, suprageniculate nucleus",needs_review,0.820237,HOMBA:10434,medial geniculate nucleus,bm25+fuzzy,"Medial geniculate body, suprageniculate nucleus",medial geniculate nucleus,medial,1.0,medial division of medial geniculate nucleus,0.762556,,627,3_unresolved_correct.csv,206,broader_parent,high,0.95,"top1 is the parent medial geniculate nucleus, while query specifies the suprageniculate nucleus within it.",broader_parent,high,0.95,Top1 is the parent nucleus of the queried suprageniculate nucleus; anatomically broader but correct container.,partial_or_narrower,high,0.97,Top1 corresponds to only the first part (medial geniculate body) of a two-part query; suprageniculate nucleus is missing.,broader_parent,medium,0.9567,2/3,True,2-1,majority_vote,"top1 is the parent medial geniculate nucleus, while query specifies the suprageniculate nucleus within it. | Top1 is the parent nucleus of the queried suprageniculate nucleus; anatomically broader but correct container. | Top1 corresponds to only the first part (medial geniculate body) of a two-part query; suprageniculate nucleus is missing.",A_effectively_correct,synonym/parent match (review-only flag)
species,Posterior Interstitial Nucleus,needs_review,0.821001,HOMBA:12194,interstitial nucleus of posterior commissure (nucleus of posterior commissure),bm25+fuzzy,posterior interstitial nuclei,interstitial nuclei of posterior commissure,posterior,1.0,interstitial nucleus of posterior limb of anterior commissure (fundus of striatum),0.692834,,628,3_unresolved_correct.csv,207,aligned,high,0.98,top1 is the same anatomical entity as the posterior interstitial nucleus.,aligned,high,0.9,Top1 matches the query as synonymous term (interstitial nucleus of posterior commissure).,aligned,high,0.99,Top1 is the standard anatomical term for Posterior Interstitial Nucleus (interstitial nucleus of posterior commissure).,aligned,high,0.9567,3/3,False,3-0,stable,top1 is the same anatomical entity as the posterior interstitial nucleus. | Top1 matches the query as synonymous term (interstitial nucleus of posterior commissure). | Top1 is the standard anatomical term for Posterior Interstitial Nucleus (interstitial nucleus of posterior commissure).,A_effectively_correct,synonym/parent match (review-only flag)
species,"Precentral gyrus, medial/supplementary motor area",needs_review,0.827822,HOMBA:AA30012,medial division of area 6 (supplementary motor area),bm25+fuzzy,"Precentral gyrus, medial/supplementary motor area",supplementary motor area,medial,1.0,precentral gyrus,0.529377,,629,3_unresolved_correct.csv,208,partial_or_narrower,high,0.97,"top1 covers only the supplementary motor area, ignoring the precentral gyrus part of the query.",partial_or_narrower,medium,0.7,"Top1 covers only the supplementary motor area component of the compound query, missing the precentral gyrus part.",partial_or_narrower,high,0.97,"Top1 covers only the supplementary motor area portion, not the precentral gyrus; query is compound.",partial_or_narrower,high,0.88,3/3,False,3-0,stable,"top1 covers only the supplementary motor area, ignoring the precentral gyrus part of the query. | Top1 covers only the supplementary motor area component of the compound query, missing the precentral gyrus part. | Top1 covers only the supplementary motor area portion, not the precentral gyrus; query is compound.",A_effectively_correct,synonym/parent match (review-only flag)
species,Frontal medial cortex,needs_review,0.837395,HOMBA:10195,medial orbital frontal cortex (area 14),bm25+fuzzy,Frontal medial cortex,medial orbital frontal cortex,medial,1.0,medial (caudal) entorhinal cortex,0.395176,,630,3_unresolved_correct.csv,209,partial_or_narrower,medium,0.7,Top1 is a specific subregion (medial orbital frontal cortex) of the broader query 'Frontal medial cortex'; not exact match.,partial_or_narrower,medium,0.7,Query 'Frontal medial cortex' is broader; top1 'medial orbital frontal cortex' is a specific subregion. Narrower match.,wrong,high,0.9,"Medial orbital frontal cortex is on the ventral (orbital) surface, not the medial surface of the frontal lobe.",partial_or_narrower,medium,0.7667,2/3,True,2-1,majority_vote,"Top1 is a specific subregion (medial orbital frontal cortex) of the broader query 'Frontal medial cortex'; not exact match. | Query 'Frontal medial cortex' is broader; top1 'medial orbital frontal cortex' is a specific subregion. Narrower match. | Medial orbital frontal cortex is on the ventral (orbital) surface, not the medial surface of the frontal lobe.",A_effectively_correct,synonym/parent match (review-only flag)
species,"Olfactory bulb, unspecified",needs_review,0.841346,HOMBA:10307,olfactory bulb,bm25+fuzzy,"Olfactory bulb, unspecified",olfactory bulb,,1.0,lamination of olfactory bulb,0.610515,,631,3_unresolved_correct.csv,210,aligned,high,0.95,"Direct match: olfactory bulb matches query, 'unspecified' is a non-anatomical qualifier.",aligned,high,0.9,"Query 'Olfactory bulb, unspecified' exactly matches top1 'olfactory bulb'. Aligned.",aligned,high,1.0,Exact match; 'unspecified' adds no specificity.,aligned,high,0.95,3/3,False,3-0,stable,"Direct match: olfactory bulb matches query, 'unspecified' is a non-anatomical qualifier. | Query 'Olfactory bulb, unspecified' exactly matches top1 'olfactory bulb'. Aligned. | Exact match; 'unspecified' adds no specificity.",A_effectively_correct,synonym/parent match (review-only flag)
species,Medial orbital area,needs_review,0.841567,HOMBA:12122,medial orbital gyrus,bm25+fuzzy,Medial orbital area,medial orbital gyrus,medial,1.0,medial orbital sulcus,0.815573,,632,3_unresolved_correct.csv,211,partial_or_narrower,medium,0.7,"Query 'Medial orbital area' is broader than top1 'medial orbital gyrus', which is a specific gyrus.",partial_or_narrower,medium,0.7,Query 'Medial orbital area' is broader; top1 'medial orbital gyrus' is a specific gyrus. Partial match.,aligned,high,1.0,Medial orbital area is a standard synonym for medial orbital gyrus.,partial_or_narrower,medium,0.8,2/3,True,2-1,majority_vote,"Query 'Medial orbital area' is broader than top1 'medial orbital gyrus', which is a specific gyrus. | Query 'Medial orbital area' is broader; top1 'medial orbital gyrus' is a specific gyrus. Partial match. | Medial orbital area is a standard synonym for medial orbital gyrus.",A_effectively_correct,synonym/parent match (review-only flag)
species,"External medullary lamina, unspecified",needs_review,0.843619,HOMBA:12038,external medullary lamina of thalamus,bm25+fuzzy,"External medullary lamina, unspecified",external medullary lamina of thalamus,external,1.0,external medullary lamina of globus pallidus,0.837814,,633,3_unresolved_correct.csv,212,aligned,high,0.9,External medullary lamina is the same structure; 'unspecified' does not affect identity.,aligned,high,0.9,"Query 'External medullary lamina, unspecified' exactly matches top1 with specification 'of thalamus'. Aligned.",aligned,high,1.0,"External medullary lamina is the same structure, top1 adds clarifying 'of thalamus'.",aligned,high,0.9333,3/3,False,3-0,stable,"External medullary lamina is the same structure; 'unspecified' does not affect identity. | Query 'External medullary lamina, unspecified' exactly matches top1 with specification 'of thalamus'. Aligned. | External medullary lamina is the same structure, top1 adds clarifying 'of thalamus'.",A_effectively_correct,synonym/parent match (review-only flag)
species,Spinal Trigeminal Nucleus Oral,needs_review,0.848095,HOMBA:12447,"spinal nucleus of trigeminal nerve, rostral subnucleus",bm25+fuzzy,spinal principal sensory nucleus of trigeminal nerve oral,"spinal nucleus of trigeminal nerve, oral subnucleus",oral,1.0,spinal trigeminal nucleus,0.785316,,634,3_unresolved_correct.csv,213,aligned,medium,0.8,Rostral subnucleus is synonymous with oral subnucleus of spinal trigeminal nucleus; acceptable match.,aligned,medium,0.7,"Query 'Spinal Trigeminal Nucleus Oral' refers to oral subnucleus; top1 'spinal nucleus of trigeminal nerve, rostral subnucleus' is synonymous. Aligned, though matched_query suggests possible confusion.",aligned,high,1.0,Oral subnucleus of spinal trigeminal nucleus is equivalent to rostral subnucleus.,aligned,high,0.8333,3/3,False,3-0,stable,"Rostral subnucleus is synonymous with oral subnucleus of spinal trigeminal nucleus; acceptable match. | Query 'Spinal Trigeminal Nucleus Oral' refers to oral subnucleus; top1 'spinal nucleus of trigeminal nerve, rostral subnucleus' is synonymous. Aligned, though matched_query suggests possible confusion. | Oral subnucleus of spinal trigeminal nucleus is equivalent to rostral subnucleus.",A_effectively_correct,synonym/parent match (review-only flag)
species,"Anteroventral thalamic nucleus, ventrolateral part",needs_review,0.850962,HOMBA:10395,anteroventral nucleus of thalamus,bm25+fuzzy,anteroventral nucleus of thalamus ventrolateral part,anteroventral nucleus of thalamus,,1.0,anterior nuclear complex of thalamus,0.800627,,635,3_unresolved_correct.csv,214,broader_parent,high,0.95,"top1 is the parent nucleus of the specified subpart, broader but anatomically correct.",broader_parent,high,0.9,top1_name 'anteroventral nucleus of thalamus' is the parent structure of the query's specified ventrolateral part.,broader_parent,high,0.9,"Top1 is the whole anteroventral nucleus of thalamus; query specifies only its ventrolateral part, so top1 is the correct parent.",broader_parent,high,0.9167,3/3,False,3-0,stable,"top1 is the parent nucleus of the specified subpart, broader but anatomically correct. | top1_name 'anteroventral nucleus of thalamus' is the parent structure of the query's specified ventrolateral part. | Top1 is the whole anteroventral nucleus of thalamus; query specifies only its ventrolateral part, so top1 is the correct parent.",A_effectively_correct,synonym/parent match (review-only flag)
species,Copula of the Pyramis,needs_review,0.852241,HOMBA:AA30418,"lobule VIIIB (biventral lobule, part 2, copula pyramis)",bm25+fuzzy,Copula of the Pyramis,copula pyramis,,1.0,Lobule VIII (pyramis),0.384543,,636,3_unresolved_correct.csv,215,aligned,high,0.95,"Copula of the Pyramis is synonymous with copula pyramis, included in top1 name.",aligned,high,0.95,top1_name includes 'copula pyramis' which is a direct synonym for 'Copula of the Pyramis'.,aligned,high,0.95,"Copula of the Pyramis directly maps to lobule VIIIB, as 'copula pyramis' is explicitly listed in the top1 name as a synonym.",aligned,high,0.95,3/3,False,3-0,stable,"Copula of the Pyramis is synonymous with copula pyramis, included in top1 name. | top1_name includes 'copula pyramis' which is a direct synonym for 'Copula of the Pyramis'. | Copula of the Pyramis directly maps to lobule VIIIB, as 'copula pyramis' is explicitly listed in the top1 name as a synonym.",A_effectively_correct,synonym/parent match (review-only flag)
species,Lateral orbital area,needs_review,0.854066,HOMBA:12125,lateral orbital gyrus,bm25+fuzzy,Lateral orbital area,lateral orbital gyrus,lateral,1.0,lateral orbital sulcus,0.828913,,637,3_unresolved_correct.csv,216,aligned,high,0.9,Lateral orbital area and lateral orbital gyrus are commonly used synonyms.,aligned,high,0.9,"'lateral orbital gyrus' is the standard anatomical name for 'lateral orbital area', considered synonymous.",aligned,medium,0.85,"In standard neuroanatomy, lateral orbital area and lateral orbital gyrus are equivalent structures.",aligned,high,0.8833,3/3,False,3-0,stable,"Lateral orbital area and lateral orbital gyrus are commonly used synonyms. | 'lateral orbital gyrus' is the standard anatomical name for 'lateral orbital area', considered synonymous. | In standard neuroanatomy, lateral orbital area and lateral orbital gyrus are equivalent structures.",A_effectively_correct,synonym/parent match (review-only flag)
species,Septum and diagonal band,needs_review,0.854167,HOMBA:12034,diagonal band,bm25+fuzzy,septum and diagonal band of broca,diagonal band of broca,,1.0,nucleus of diagonal band,0.592062,,638,3_unresolved_correct.csv,217,partial_or_narrower,high,0.95,"query includes both septum and diagonal band; top1 only covers diagonal band, missing septum.",partial_or_narrower,high,0.9,"Query includes both septum and diagonal band; top1_name only covers diagonal band, missing septum.",partial_or_narrower,high,0.95,"Query is a compound structure (septum + diagonal band); top1 only covers the diagonal band component, missing the septum entirely.",partial_or_narrower,high,0.9333,3/3,False,3-0,stable,"query includes both septum and diagonal band; top1 only covers diagonal band, missing septum. | Query includes both septum and diagonal band; top1_name only covers diagonal band, missing septum. | Query is a compound structure (septum + diagonal band); top1 only covers the diagonal band component, missing the septum entirely.",A_effectively_correct,synonym/parent match (review-only flag)
species,Cornu ammonis 1,needs_review,0.856667,HOMBA:10296,hippocampal proper (Cornu Ammonis),bm25+fuzzy,Cornu ammonis 1,Cornu Ammonis,,1.0,"lobule VIIAt (tuber, part 1)",0.262197,,639,3_unresolved_correct.csv,218,broader_parent,high,0.95,"top1 is the entire Cornu Ammonis; query specifies subfield CA1, so top1 is broader parent.",broader_parent,high,0.9,top1_name 'Cornu Ammonis' is the broader parent of the specific subfield CA1 (Cornu ammonis 1).,broader_parent,high,0.9,"Top1 is hippocampal proper (entire Cornu Ammonis), while query is Cornu ammonis 1 (CA1), a subfield. Top1 is the correct parent structure.",broader_parent,high,0.9167,3/3,False,3-0,stable,"top1 is the entire Cornu Ammonis; query specifies subfield CA1, so top1 is broader parent. | top1_name 'Cornu Ammonis' is the broader parent of the specific subfield CA1 (Cornu ammonis 1). | Top1 is hippocampal proper (entire Cornu Ammonis), while query is Cornu ammonis 1 (CA1), a subfield. Top1 is the correct parent structure.",A_effectively_correct,synonym/parent match (review-only flag)
species,Cornu ammonis 2,needs_review,0.856667,HOMBA:10296,hippocampal proper (Cornu Ammonis),bm25+fuzzy,Cornu ammonis 2,Cornu Ammonis,,1.0,"lobule VIIB (tuber, part 2)",0.262197,,640,3_unresolved_correct.csv,219,broader_parent,high,0.95,"Top1 is hippocampal proper (Cornu Ammonis), which is the broader parent of the specific subfield CA2.",broader_parent,high,0.95,"Top1 is the whole Cornu Ammonis region, while query specifies CA2 subfield. Anatomically correct parent.",broader_parent,high,0.9,"Query is 'Cornu ammonis 2' (CA2 subfield); top1 is the whole hippocampal proper, which is the anatomically correct parent but not the specific subfield.",broader_parent,high,0.9333,3/3,False,3-0,stable,"Top1 is hippocampal proper (Cornu Ammonis), which is the broader parent of the specific subfield CA2. | Top1 is the whole Cornu Ammonis region, while query specifies CA2 subfield. Anatomically correct parent. | Query is 'Cornu ammonis 2' (CA2 subfield); top1 is the whole hippocampal proper, which is the anatomically correct parent but not the specific subfield.",A_effectively_correct,synonym/parent match (review-only flag)
species,Cornu ammonis 3,needs_review,0.856667,HOMBA:10296,hippocampal proper (Cornu Ammonis),bm25+fuzzy,Cornu ammonis 3,Cornu Ammonis,,1.0,area 3 of primary somatosensory cortex,0.266446,,641,3_unresolved_correct.csv,220,broader_parent,high,0.95,"Top1 is hippocampal proper (Cornu Ammonis), broader parent of CA3.",broader_parent,high,0.95,"Top1 is the whole Cornu Ammonis region, while query specifies CA3 subfield. Anatomically correct parent.",broader_parent,high,0.9,"Query is 'Cornu ammonis 3' (CA3 subfield); top1 is whole hippocampal proper, broader parent structure, not exact but not wrong.",broader_parent,high,0.9333,3/3,False,3-0,stable,"Top1 is hippocampal proper (Cornu Ammonis), broader parent of CA3. | Top1 is the whole Cornu Ammonis region, while query specifies CA3 subfield. Anatomically correct parent. | Query is 'Cornu ammonis 3' (CA3 subfield); top1 is whole hippocampal proper, broader parent structure, not exact but not wrong.",A_effectively_correct,synonym/parent match (review-only flag)
species,Periventricular gray,needs_review,0.856667,HOMBA:AA30845,periventricular gray of pons,bm25+fuzzy,Periventricular gray,periventricular gray of pons,,1.0,gray matter of brain,0.301669,,642,3_unresolved_correct.csv,221,partial_or_narrower,medium,0.7,"Query 'Periventricular gray' is general; top1 specifies periventricular gray of pons, a narrower locus.",partial_or_narrower,medium,0.7,"Query 'Periventricular gray' is broader (brainstem-wide); top1 is specifically periventricular gray of pons, covering only part of the query's likely scope.",partial_or_narrower,high,0.9,"Query is general 'Periventricular gray'; top1 is 'periventricular gray of pons', a specific part too narrow for the broad query.",partial_or_narrower,medium,0.7667,3/3,False,3-0,stable,"Query 'Periventricular gray' is general; top1 specifies periventricular gray of pons, a narrower locus. | Query 'Periventricular gray' is broader (brainstem-wide); top1 is specifically periventricular gray of pons, covering only part of the query's likely scope. | Query is general 'Periventricular gray'; top1 is 'periventricular gray of pons', a specific part too narrow for the broad query.",A_effectively_correct,synonym/parent match (review-only flag)
species,Retro-mammillary nucleus,needs_review,0.856667,HOMBA:10498,mammillary nuclear complex,bm25+fuzzy+hierarchy_parent,Retro-mammillary nucleus,mammillary nucleus,,1.0,mammillary (posterior) region of HTH,0.805533,,643,3_unresolved_correct.csv,222,wrong,high,0.9,Retro-mammillary nucleus is distinct from mammillary nuclear complex; top1 is anatomically different.,broader_parent,high,0.95,"Top1 is the mammillary nuclear complex, which includes retromammillary nucleus. Correct broader parent.",wrong,medium,0.8,Retro-mammillary nucleus (posterior to mammillary) vs. mammillary nuclear complex are distinct structures; top1 is anatomically off.,wrong,medium,0.8833,2/3,True,2-1,majority_vote,"Retro-mammillary nucleus is distinct from mammillary nuclear complex; top1 is anatomically different. | Top1 is the mammillary nuclear complex, which includes retromammillary nucleus. Correct broader parent. | Retro-mammillary nucleus (posterior to mammillary) vs. mammillary nuclear complex are distinct structures; top1 is anatomically off.",A_effectively_correct,synonym/parent match (review-only flag)
species,Septum Diagonal Band,needs_review,0.856667,HOMBA:12034,diagonal band,bm25+fuzzy,septum diagonal band of broca,diagonal band of broca,,1.0,nucleus of diagonal band,0.59842,,644,3_unresolved_correct.csv,223,partial_or_narrower,medium,0.75,Top1 'diagonal band' covers only part of query 'Septum Diagonal Band'; missing septum component.,aligned,high,0.95,"Top1 'diagonal band' is a synonym/abbreviation for the diagonal band of Broca, matching the query structure.",aligned,medium,0.85,'Septum Diagonal Band' is a variant term for the diagonal band; top1 'diagonal band' names the correct entity despite extra descriptor.,aligned,medium,0.85,2/3,True,2-1,majority_vote,"Top1 'diagonal band' covers only part of query 'Septum Diagonal Band'; missing septum component. | Top1 'diagonal band' is a synonym/abbreviation for the diagonal band of Broca, matching the query structure. | 'Septum Diagonal Band' is a variant term for the diagonal band; top1 'diagonal band' names the correct entity despite extra descriptor.",A_effectively_correct,synonym/parent match (review-only flag)
species,Ventromedial occipital cortex,needs_review,0.863622,HOMBA:10270,extrastriate occipital cortex,bm25+hierarchy_parent,Ventromedial occipital cortex,extrastriate occipital cortex,,1.0,ventromedial extrastriate occipital cortex,0.783622,,645,3_unresolved_correct.csv,224,broader_parent,high,0.9,top1 (extrastriate occipital cortex) is broader than query (ventromedial occipital cortex) but is the anatomically correct parent region.,broader_parent,high,0.95,Ventromedial occipital cortex is a subdivision; extrastriate occipital cortex is a broader visual association area.,broader_parent,high,0.9,Extrastriate occipital cortex is a broader region that includes the ventromedial occipital cortex.,broader_parent,high,0.9167,3/3,False,3-0,stable,top1 (extrastriate occipital cortex) is broader than query (ventromedial occipital cortex) but is the anatomically correct parent region. | Ventromedial occipital cortex is a subdivision; extrastriate occipital cortex is a broader visual association area. | Extrastriate occipital cortex is a broader region that includes the ventromedial occipital cortex.,A_effectively_correct,synonym/parent match (review-only flag)
species,"Inferior colliculus, commissure",needs_review,0.865278,HOMBA:12333,commissure of inferior colliculus,bm25+fuzzy,"Inferior colliculus, commissure",commissure of inferior colliculus,,1.0,commissure of superior colliculus,0.559182,,646,3_unresolved_correct.csv,225,aligned,high,0.95,Top1 is a conventional word-order variant of the same anatomical structure (commissure of inferior colliculus).,aligned,high,0.99,Exact synonym after word-order adjustment: 'commissure of inferior colliculus'.,aligned,high,0.95,"Same structure, different word order.",aligned,high,0.9633,3/3,False,3-0,stable,"Top1 is a conventional word-order variant of the same anatomical structure (commissure of inferior colliculus). | Exact synonym after word-order adjustment: 'commissure of inferior colliculus'. | Same structure, different word order.",A_effectively_correct,synonym/parent match (review-only flag)
species,"Anteroventral thalamic nucleus, dorsomedial part",needs_review,0.87,HOMBA:10395,anteroventral nucleus of thalamus,bm25+fuzzy,anteroventral nucleus of thalamus dorsomedial part,anteroventral nucleus of thalamus,,1.0,anterior nuclear complex of thalamus,0.817,,647,3_unresolved_correct.csv,226,broader_parent,high,0.9,top1 (anteroventral nucleus of thalamus) is the parent nucleus of the specified dorsomedial part; broader but anatomically correct.,broader_parent,high,0.95,"Query specifies dorsomedial part; top1 is the whole nucleus, a valid parent structure.",broader_parent,high,0.9,Anteroventral nucleus of thalamus is the parent structure of its dorsomedial part.,broader_parent,high,0.9167,3/3,False,3-0,stable,"top1 (anteroventral nucleus of thalamus) is the parent nucleus of the specified dorsomedial part; broader but anatomically correct. | Query specifies dorsomedial part; top1 is the whole nucleus, a valid parent structure. | Anteroventral nucleus of thalamus is the parent structure of its dorsomedial part.",A_effectively_correct,synonym/parent match (review-only flag)
species,"Inferior colliculus, brachium",needs_review,0.874145,HOMBA:12327,brachium of inferior colliculus,bm25+fuzzy,"Inferior colliculus, brachium",brachium of inferior colliculus,,1.0,inferior colliculus,0.698074,,648,3_unresolved_correct.csv,227,aligned,high,0.95,Top1 is a conventional word-order variant of the same structure (brachium of inferior colliculus).,aligned,high,0.99,Exact synonym: 'brachium of inferior colliculus' matches query.,aligned,high,0.95,"Same structure, different word order.",aligned,high,0.9633,3/3,False,3-0,stable,"Top1 is a conventional word-order variant of the same structure (brachium of inferior colliculus). | Exact synonym: 'brachium of inferior colliculus' matches query. | Same structure, different word order.",A_effectively_correct,synonym/parent match (review-only flag)
species,Parvicellular and Intermediate Reticular Nuclei,needs_review,0.876067,HOMBA:12618,parvicellular reticular nucleus,bm25+fuzzy,parvicellular and intermediate reticular nucleus,parvicellular reticular nucleus,parvicellular;reticular,1.0,parvicellular division of reticular nucleus (perireticular nucleus),0.842117,,649,3_unresolved_correct.csv,228,partial_or_narrower,high,0.95,"Query refers to both parvicellular and intermediate reticular nuclei, but top1 only covers parvicellular; missing the intermediate component.",partial_or_narrower,high,0.97,Query includes both parvicellular and intermediate reticular nuclei; top1 only covers parvicellular.,partial_or_narrower,high,0.95,"Query includes two nuclei; top1 covers only parvicellular reticular nucleus, missing intermediate reticular nucleus.",partial_or_narrower,high,0.9567,3/3,False,3-0,stable,"Query refers to both parvicellular and intermediate reticular nuclei, but top1 only covers parvicellular; missing the intermediate component. | Query includes both parvicellular and intermediate reticular nuclei; top1 only covers parvicellular. | Query includes two nuclei; top1 covers only parvicellular reticular nucleus, missing intermediate reticular nucleus.",A_effectively_correct,synonym/parent match (review-only flag)
species,Internal medullary lamina,needs_review,0.8775,HOMBA:12062,internal medullary lamina of globus pallidus,bm25+fuzzy,Internal medullary lamina,internal medullary lamina of pallidum,,1.0,internal medullary lamina of thalamus,0.8775,,650,3_unresolved_correct.csv,229,aligned,high,0.95,"top1 is the same anatomical structure as query, with additional anatomical context specifying location within globus pallidus.",ambiguous,low,0.6,"Query 'Internal medullary lamina' could refer to thalamic or pallidal lamina; top1 specifies pallidal variant, but ambiguity remains.",ambiguous,medium,0.6,Internal medullary lamina could refer to thalamic or pallidal structure. Top1 specifies globus pallidus; ambiguous without context.,ambiguous,medium,0.7167,2/3,True,2-1,majority_vote+low_certainty,"top1 is the same anatomical structure as query, with additional anatomical context specifying location within globus pallidus. | Query 'Internal medullary lamina' could refer to thalamic or pallidal lamina; top1 specifies pallidal variant, but ambiguity remains. | Internal medullary lamina could refer to thalamic or pallidal structure. Top1 specifies globus pallidus; ambiguous without context.",A_effectively_correct,synonym/parent match (review-only flag)
species,"Mediodorsal thalamic nucleus, central part",needs_review,0.8775,HOMBA:10398,mediodorsal nucleus of thalamus,bm25+fuzzy,"Mediodorsal thalamic nucleus, central part",mediodorsal thalamic nucleus,,1.0,ventral midline nuclei of thalamus,0.408617,,651,3_unresolved_correct.csv,230,partial_or_narrower,high,0.95,"Query specifies 'central part' of mediodorsal thalamic nucleus, but top1 is the whole mediodorsal nucleus, which is broader.",broader_parent,high,0.95,Top1 is parent nucleus of the queried subpart (central part of mediodorsal nucleus).,broader_parent,high,0.95,Top1 is the broader parent nucleus (mediodorsal) while query is specific central part; anatomically correct parent.,broader_parent,medium,0.95,2/3,True,2-1,majority_vote,"Query specifies 'central part' of mediodorsal thalamic nucleus, but top1 is the whole mediodorsal nucleus, which is broader. | Top1 is parent nucleus of the queried subpart (central part of mediodorsal nucleus). | Top1 is the broader parent nucleus (mediodorsal) while query is specific central part; anatomically correct parent.",A_effectively_correct,synonym/parent match (review-only flag)
species,Habenula (lateral part),needs_review,0.88,HOMBA:10452,habenular nuclei,bm25+exact+fuzzy,Habenula,Habenula,lateral,0.0,lateral habenular nucleus,0.87,,652,3_unresolved_correct.csv,231,partial_or_narrower,high,0.95,"Query asks for 'lateral part' of habenula, but top1 is the general habenular nuclei, which is broader.",broader_parent,high,0.95,"Top1 is the habenular nuclei group, while query specifies lateral part.",broader_parent,high,0.95,"Query specifies lateral part of habenula; top1 is the broader habenular nuclei, correct parent.",broader_parent,medium,0.95,2/3,True,2-1,majority_vote,"Query asks for 'lateral part' of habenula, but top1 is the general habenular nuclei, which is broader. | Top1 is the habenular nuclei group, while query specifies lateral part. | Query specifies lateral part of habenula; top1 is the broader habenular nuclei, correct parent.",A_effectively_correct,exact base match; subdivision not in HOMBA
species,Habenula (medial part),needs_review,0.88,HOMBA:10452,habenular nuclei,bm25+exact+fuzzy,Habenula,Habenula,medial,0.0,medial habenular nucleus,0.8725,,653,3_unresolved_correct.csv,232,partial_or_narrower,high,0.95,"Query asks for 'medial part' of habenula, but top1 is the general habenular nuclei, which is broader.",broader_parent,high,0.95,"Top1 is the habenular nuclei group, while query specifies medial part.",broader_parent,high,0.95,"Query specifies medial part of habenula; top1 is the broader habenular nuclei, correct parent.",broader_parent,medium,0.95,2/3,True,2-1,majority_vote,"Query asks for 'medial part' of habenula, but top1 is the general habenular nuclei, which is broader. | Top1 is the habenular nuclei group, while query specifies medial part. | Query specifies medial part of habenula; top1 is the broader habenular nuclei, correct parent.",A_effectively_correct,exact base match; subdivision not in HOMBA
species,Paraventricular thalamic nuclei (anterior and posterior),needs_review,0.88,HOMBA:10457,paraventricular nucleus of thalamus,bm25+exact+fuzzy,paraventricular thalamic nucleus,paraventricular thalamic nucleus,anterior;posterior;anterior and posterior,0.0,caudal paraventricular nucleus of thalamus,0.680533,,654,3_unresolved_correct.csv,233,partial_or_narrower,high,0.95,"Query specifies 'anterior and posterior' parts of paraventricular thalamic nuclei, but top1 is the general paraventricular nucleus, broader.",broader_parent,high,0.95,"Top1 is the paraventricular nucleus, while query specifies anterior and posterior parts.",broader_parent,high,0.95,"Query refers to anterior/posterior parts of paraventricular thalamic nuclei; top1 is the broader paraventricular nucleus, correct parent.",broader_parent,medium,0.95,2/3,True,2-1,majority_vote,"Query specifies 'anterior and posterior' parts of paraventricular thalamic nuclei, but top1 is the general paraventricular nucleus, broader. | Top1 is the paraventricular nucleus, while query specifies anterior and posterior parts. | Query refers to anterior/posterior parts of paraventricular thalamic nuclei; top1 is the broader paraventricular nucleus, correct parent.",A_effectively_correct,exact base match; subdivision not in HOMBA
species,Zona incerta (caudal part),needs_review,0.88,HOMBA:10463,zona incerta,bm25+exact+fuzzy,Zona incerta,Zona incerta,caudal,0.0,(caudal) collateral sulcus (medial occipitotemporal sulcus),0.356678,,655,3_unresolved_correct.csv,234,broader_parent,high,0.95,"Top1 is the whole zona incerta, while query specifies the caudal part; top1 is anatomically correct parent.",broader_parent,high,0.95,Query specifies 'caudal part' of zona incerta but top1 is whole structure zona incerta; anatomically correct parent.,broader_parent,high,0.98,"Query specifies caudal part of zona incerta; top1 is the whole zona incerta, which is the anatomically correct parent structure.",broader_parent,high,0.96,3/3,False,3-0,stable,"Top1 is the whole zona incerta, while query specifies the caudal part; top1 is anatomically correct parent. | Query specifies 'caudal part' of zona incerta but top1 is whole structure zona incerta; anatomically correct parent. | Query specifies caudal part of zona incerta; top1 is the whole zona incerta, which is the anatomically correct parent structure.",A_effectively_correct,exact base match; subdivision not in HOMBA
species,Zona incerta (dorsal part),needs_review,0.88,HOMBA:10463,zona incerta,bm25+exact+fuzzy,Zona incerta,Zona incerta,dorsal,0.0,caudal (dorsal) parasubiculum (subdivision b only),0.336594,,656,3_unresolved_correct.csv,235,broader_parent,high,0.95,"Top1 is the whole zona incerta, while query specifies the dorsal part; top1 is anatomically correct parent.",broader_parent,high,0.95,Query specifies 'dorsal part' of zona incerta but top1 is whole structure zona incerta; anatomically correct parent.,broader_parent,high,0.98,"Query specifies dorsal part; top1 is the whole zona incerta, the correct parent.",broader_parent,high,0.96,3/3,False,3-0,stable,"Top1 is the whole zona incerta, while query specifies the dorsal part; top1 is anatomically correct parent. | Query specifies 'dorsal part' of zona incerta but top1 is whole structure zona incerta; anatomically correct parent. | Query specifies dorsal part; top1 is the whole zona incerta, the correct parent.",A_effectively_correct,exact base match; subdivision not in HOMBA
species,Zona incerta (rostral part),needs_review,0.88,HOMBA:10463,zona incerta,bm25+exact+fuzzy,Zona incerta,Zona incerta,rostral,0.0,anterior (rostral) cortical nucleus of amygdala,0.350615,,657,3_unresolved_correct.csv,236,broader_parent,high,0.95,"Top1 is the whole zona incerta, while query specifies the rostral part; top1 is anatomically correct parent.",broader_parent,high,0.95,Query specifies 'rostral part' of zona incerta but top1 is whole structure zona incerta; anatomically correct parent.,broader_parent,high,0.98,"Query specifies rostral part; top1 is the whole zona incerta, the correct parent.",broader_parent,high,0.96,3/3,False,3-0,stable,"Top1 is the whole zona incerta, while query specifies the rostral part; top1 is anatomically correct parent. | Query specifies 'rostral part' of zona incerta but top1 is whole structure zona incerta; anatomically correct parent. | Query specifies rostral part; top1 is the whole zona incerta, the correct parent.",A_effectively_correct,exact base match; subdivision not in HOMBA
species,Zona incerta (ventral part),needs_review,0.88,HOMBA:10463,zona incerta,bm25+exact+fuzzy,Zona incerta,Zona incerta,ventral,0.0,anterior (ventral /principal) pretectal nucleus,0.343592,,658,3_unresolved_correct.csv,237,broader_parent,high,0.95,"Top1 is the whole zona incerta, while query specifies the ventral part; top1 is anatomically correct parent.",broader_parent,high,0.95,Query specifies 'ventral part' of zona incerta but top1 is whole structure zona incerta; anatomically correct parent.,broader_parent,high,0.98,"Query specifies ventral part; top1 is the whole zona incerta, the correct parent.",broader_parent,high,0.96,3/3,False,3-0,stable,"Top1 is the whole zona incerta, while query specifies the ventral part; top1 is anatomically correct parent. | Query specifies 'ventral part' of zona incerta but top1 is whole structure zona incerta; anatomically correct parent. | Query specifies ventral part; top1 is the whole zona incerta, the correct parent.",A_effectively_correct,exact base match; subdivision not in HOMBA
species,Lateral Dorsal Thalamus,needs_review,0.889352,HOMBA:10396,lateral dorsal nucleus of thalamus,bm25+fuzzy,Lateral Dorsal Thalamus,lateral dorsal nuclei of thalamus,lateral;dorsal,1.0,lateral division of pulvinar,0.619609,,659,3_unresolved_correct.csv,238,aligned,high,0.95,Top1 'lateral dorsal nucleus of thalamus' is a direct and standard name for 'Lateral Dorsal Thalamus'.,aligned,high,0.98,Query 'Lateral Dorsal Thalamus' commonly refers to the lateral dorsal nucleus of thalamus; top1 is exact synonym.,aligned,high,0.98,Lateral Dorsal Thalamus is an accepted synonym for the lateral dorsal nucleus of thalamus; exact match.,aligned,high,0.97,3/3,False,3-0,stable,Top1 'lateral dorsal nucleus of thalamus' is a direct and standard name for 'Lateral Dorsal Thalamus'. | Query 'Lateral Dorsal Thalamus' commonly refers to the lateral dorsal nucleus of thalamus; top1 is exact synonym. | Lateral Dorsal Thalamus is an accepted synonym for the lateral dorsal nucleus of thalamus; exact match.,A_effectively_correct,synonym/parent match (review-only flag)
species,Central Medial Thalamus,needs_review,0.891381,HOMBA:10445,central medial nucleus of thalamus,bm25+fuzzy,Central Medial Thalamus,central medial nuclei of thalamus,medial,1.0,central dorsal nucleus of thalamus,0.484542,,660,3_unresolved_correct.csv,239,aligned,high,1.0,Query 'Central Medial Thalamus' directly corresponds to the accepted anatomical term 'central medial nucleus of thalamus'.,aligned,high,0.98,Query 'Central Medial Thalamus' matches accepted synonym 'central medial nucleus of thalamus'.,aligned,high,0.98,"Top1 is formal name of same thalamic nucleus, central medial nucleus.",aligned,high,0.9867,3/3,False,3-0,stable,"Query 'Central Medial Thalamus' directly corresponds to the accepted anatomical term 'central medial nucleus of thalamus'. | Query 'Central Medial Thalamus' matches accepted synonym 'central medial nucleus of thalamus'. | Top1 is formal name of same thalamic nucleus, central medial nucleus.",A_effectively_correct,synonym/parent match (review-only flag)
species,Ventral Medial Thalamus,needs_review,0.891381,HOMBA:10427,ventral medial nucleus of thalamus,bm25+fuzzy,Ventral Medial Thalamus,ventral medial nuclei of thalamus,ventral;medial,1.0,ventral thalamus,0.821184,,661,3_unresolved_correct.csv,240,aligned,high,1.0,Query 'Ventral Medial Thalamus' matches the standard term 'ventral medial nucleus of thalamus'.,aligned,high,0.98,Query 'Ventral Medial Thalamus' matches accepted synonym 'ventral medial nucleus of thalamus'.,aligned,high,0.98,"Top1 is formal name of same thalamic nucleus, ventral medial nucleus.",aligned,high,0.9867,3/3,False,3-0,stable,"Query 'Ventral Medial Thalamus' matches the standard term 'ventral medial nucleus of thalamus'. | Query 'Ventral Medial Thalamus' matches accepted synonym 'ventral medial nucleus of thalamus'. | Top1 is formal name of same thalamic nucleus, ventral medial nucleus.",A_effectively_correct,synonym/parent match (review-only flag)
species,Pyramidal Tract Decussation,needs_review,0.895779,HOMBA:12772,pyramidal decussation,bm25+fuzzy,Pyramidal Tract Decussation,pyramidal decussation,decussation,1.0,decussation of rubrospinal tract,0.437474,,662,3_unresolved_correct.csv,241,aligned,high,1.0,Query 'Pyramidal Tract Decussation' is synonymous with top1 'pyramidal decussation'.,aligned,high,0.98,Query 'Pyramidal Tract Decussation' matches common alternate name 'pyramidal decussation'.,aligned,high,0.98,Top1 'pyramidal decussation' is standard term for pyramidal tract decussation.,aligned,high,0.9867,3/3,False,3-0,stable,Query 'Pyramidal Tract Decussation' is synonymous with top1 'pyramidal decussation'. | Query 'Pyramidal Tract Decussation' matches common alternate name 'pyramidal decussation'. | Top1 'pyramidal decussation' is standard term for pyramidal tract decussation.,A_effectively_correct,synonym/parent match (review-only flag)
species,Lateral Dorsal Tegmentum,modifier_conflict,0.574506,HOMBA:AA30457,lateral cell group of medulla tegmentum,bm25+fuzzy,Lateral Dorsal Tegmentum,lateral cell group of medulla tegmentum,lateral;dorsal,0.5,lateral subdivision of LaD,0.399731,,663,3_unresolved_correct.csv,242,partial_or_narrower,high,0.95,Top1 'lateral cell group of medulla tegmentum' is a specific sub-structure within the broader region 'Lateral Dorsal Tegmentum'.,wrong,high,0.95,Top1 'lateral cell group of medulla tegmentum' is anatomically different (medulla) from query 'Lateral Dorsal Tegmentum' (pons/midbrain).,wrong,high,0.95,"Top1 is lateral cell group of medulla tegmentum, not pontine lateral dorsal tegmentum; different structure.",wrong,medium,0.95,2/3,True,2-1,majority_vote,"Top1 'lateral cell group of medulla tegmentum' is a specific sub-structure within the broader region 'Lateral Dorsal Tegmentum'. | Top1 'lateral cell group of medulla tegmentum' is anatomically different (medulla) from query 'Lateral Dorsal Tegmentum' (pons/midbrain). | Top1 is lateral cell group of medulla tegmentum, not pontine lateral dorsal tegmentum; different structure.",A_effectively_correct,modifier de-specified to correct parent
species,Ventroposterior Medial and Lateral Thalamus,modifier_conflict,0.591376,HOMBA:10420,ventral lateral nucleus of thalamus,bm25+fuzzy,Ventroposterior Medial and Lateral Thalamus,ventral lateral nucleus of thalamus,medial;lateral,0.5,medial subdivision of LaV,0.582465,,664,3_unresolved_correct.csv,243,wrong,high,1.0,"Query 'Ventroposterior Medial and Lateral Thalamus' refers to VP complex, but top1 'ventral lateral nucleus of thalamus' is a different nucleus (VL).",wrong,high,0.95,"Top1 'ventral lateral nucleus of thalamus' is a different nucleus, not part of ventroposterior complex as implied by query.",wrong,high,0.95,"Query compound VPM/VPL thalamus; top1 is ventral lateral nucleus, a separate motor nucleus, not corresponding component.",wrong,high,0.9667,3/3,False,3-0,stable,"Query 'Ventroposterior Medial and Lateral Thalamus' refers to VP complex, but top1 'ventral lateral nucleus of thalamus' is a different nucleus (VL). | Top1 'ventral lateral nucleus of thalamus' is a different nucleus, not part of ventroposterior complex as implied by query. | Query compound VPM/VPL thalamus; top1 is ventral lateral nucleus, a separate motor nucleus, not corresponding component.",A_effectively_correct,modifier de-specified to correct parent
species,Posterior thalamic nuclear group (triangular part),modifier_conflict,0.633668,HOMBA:10440,posterior nucleus of thalamus,bm25+fuzzy,Posterior thalamic nuclear group (triangular part),posterior thalamic nucleus,triangular;posterior,0.5,lateral posterior nucleus of thalamus,0.588575,,665,3_unresolved_correct.csv,244,partial_or_narrower,high,0.95,"Top1 is 'posterior nucleus of thalamus', a specific nucleus within the broader 'posterior thalamic nuclear group'; query includes 'triangular part' modifier, so top1 is narrower/partial.",partial_or_narrower,high,0.9,"top1 names only the posterior nucleus, not the full posterior thalamic nuclear group including triangular part",broader_parent,medium,0.7,"Query asks for triangular part of posterior thalamic group; top1 is the whole posterior nucleus, a likely parent structure.",partial_or_narrower,medium,0.85,2/3,True,2-1,majority_vote,"Top1 is 'posterior nucleus of thalamus', a specific nucleus within the broader 'posterior thalamic nuclear group'; query includes 'triangular part' modifier, so top1 is narrower/partial. | top1 names only the posterior nucleus, not the full posterior thalamic nuclear group including triangular part | Query asks for triangular part of posterior thalamic group; top1 is the whole posterior nucleus, a likely parent structure.",A_effectively_correct,modifier de-specified to correct parent
species,Ventromedial thalamic nucleus (posterior and basal),modifier_conflict,0.67122,HOMBA:10423,ventral posterior nuclear complex of thalamus,bm25+fuzzy,Ventromedial thalamic nucleus (posterior and basal),ventral posterior thalamic nucleus,posterior;basal;posterior and basal,0.333333,centromedian nucleus of thalamus,0.617774,,666,3_unresolved_correct.csv,245,wrong,high,0.9,"Query is 'ventromedial thalamic nucleus', top1 is 'ventral posterior nuclear complex'; these are distinct thalamic nuclei.",wrong,high,0.95,ventromedial thalamic nucleus and ventral posterior nuclear complex are anatomically distinct structures,wrong,high,0.95,Ventromedial thalamic nucleus is anatomically distinct from ventral posterior nuclear complex; they are different thalamic nuclei.,wrong,high,0.9333,3/3,False,3-0,stable,"Query is 'ventromedial thalamic nucleus', top1 is 'ventral posterior nuclear complex'; these are distinct thalamic nuclei. | ventromedial thalamic nucleus and ventral posterior nuclear complex are anatomically distinct structures | Ventromedial thalamic nucleus is anatomically distinct from ventral posterior nuclear complex; they are different thalamic nuclei.",A_effectively_correct,modifier de-specified to correct parent
species,Lateral Dorsal Amygdaloid Nucleus,modifier_conflict,0.713584,HOMBA:10367,lateral nucleus of amygdala,bm25+fuzzy,Lateral Dorsal Amygdaloid Nucleus,lateral nucleus of amygdaloid complex,lateral;dorsal,0.5,lateral division of anterior amygdaloid area,0.604508,,667,3_unresolved_correct.csv,246,broader_parent,high,0.85,Top1 'lateral nucleus of amygdala' is the parent structure; query specifies 'Lateral Dorsal' which is a subdivision of the lateral nucleus.,broader_parent,high,0.9,"top1 is the lateral nucleus of amygdala, which is the parent of the specified lateral dorsal subdivision",broader_parent,medium,0.75,"Query specifies dorsal subdivision of lateral amygdaloid nucleus; top1 is the lateral nucleus overall, a broader parent.",broader_parent,high,0.8333,3/3,False,3-0,stable,"Top1 'lateral nucleus of amygdala' is the parent structure; query specifies 'Lateral Dorsal' which is a subdivision of the lateral nucleus. | top1 is the lateral nucleus of amygdala, which is the parent of the specified lateral dorsal subdivision | Query specifies dorsal subdivision of lateral amygdaloid nucleus; top1 is the lateral nucleus overall, a broader parent.",A_effectively_correct,modifier de-specified to correct parent
species,"Dorsal cochlear nucleus, fusiform and granule layer",modifier_conflict,0.732002,HOMBA:12438,dorsal cochlear nucleus,bm25+fuzzy,dorsal cochlear nuclei fusiform and granule layer,dorsal cochlear nuclei,dorsal;layer,0.5,granular cell layer of cochlear nuclei,0.58857,,668,3_unresolved_correct.csv,247,broader_parent,high,0.9,"Top1 'dorsal cochlear nucleus' is the whole nucleus; query specifies layers (fusiform and granule), so top1 is the broader container.",broader_parent,high,0.9,"top1 names the dorsal cochlear nucleus without the layer specification, which is a broader structure",broader_parent,high,0.95,"Query names specific layers of dorsal cochlear nucleus; top1 is the entire dorsal cochlear nucleus, a valid parent structure.",broader_parent,high,0.9167,3/3,False,3-0,stable,"Top1 'dorsal cochlear nucleus' is the whole nucleus; query specifies layers (fusiform and granule), so top1 is the broader container. | top1 names the dorsal cochlear nucleus without the layer specification, which is a broader structure | Query names specific layers of dorsal cochlear nucleus; top1 is the entire dorsal cochlear nucleus, a valid parent structure.",A_effectively_correct,modifier de-specified to correct parent
species,Ventral Lateral Anterior Thalamus,modifier_conflict,0.743407,HOMBA:10417,ventral anterior nucleus of thalamus,bm25+fuzzy,Ventral Lateral Anterior Thalamus,ventral anterior nuclei of thalamus,ventral;lateral,0.5,ventral lateral nucleus of thalamus,0.443893,,669,3_unresolved_correct.csv,248,wrong,high,0.9,"Query 'Ventral Lateral Anterior Thalamus' likely refers to a combination of ventral lateral and ventral anterior; top1 'ventral anterior nucleus' omits 'lateral', so mismatched.",partial_or_narrower,medium,0.7,"top1 covers only the anterior component, missing the lateral part indicated in the query",aligned,medium,0.8,"Ventral lateral anterior thalamus likely refers to the ventral anterior nucleus; top1 matches that nucleus exactly, ignoring superfluous lateral modifier.",no_consensus,low,0.8,1/3,True,1-1-1,split_vote,"Query 'Ventral Lateral Anterior Thalamus' likely refers to a combination of ventral lateral and ventral anterior; top1 'ventral anterior nucleus' omits 'lateral', so mismatched. | top1 covers only the anterior component, missing the lateral part indicated in the query | Ventral lateral anterior thalamus likely refers to the ventral anterior nucleus; top1 matches that nucleus exactly, ignoring superfluous lateral modifier.",A_effectively_correct,modifier de-specified to correct parent
species,Lateral amygdaloid nucleus (dorsal),modifier_conflict,0.754779,HOMBA:10367,lateral nucleus of amygdala,bm25+fuzzy,Lateral amygdaloid nucleus,lateral nucleus of amygdaloid complex,dorsal;lateral,0.5,lateral division of anterior amygdaloid area,0.603733,,670,3_unresolved_correct.csv,249,broader_parent,high,0.95,"Query is dorsal part of lateral amygdaloid nucleus; top1 is the whole lateral nucleus, which is the parent structure.",broader_parent,high,0.9,"top1 is the lateral nucleus, which is the parent of the specified dorsal part.",broader_parent,high,0.95,"Query specifies dorsal part of lateral amygdaloid nucleus; top1 is the entire lateral nucleus, anatomically the correct parent structure.",broader_parent,high,0.9333,3/3,False,3-0,stable,"Query is dorsal part of lateral amygdaloid nucleus; top1 is the whole lateral nucleus, which is the parent structure. | top1 is the lateral nucleus, which is the parent of the specified dorsal part. | Query specifies dorsal part of lateral amygdaloid nucleus; top1 is the entire lateral nucleus, anatomically the correct parent structure.",A_effectively_correct,modifier de-specified to correct parent
species,Lateral amygdaloid nucleus (ventral),modifier_conflict,0.754779,HOMBA:10367,lateral nucleus of amygdala,bm25+fuzzy,Lateral amygdaloid nucleus,lateral nucleus of amygdaloid complex,ventral;lateral,0.5,lateral division of anterior amygdaloid area,0.663733,,671,3_unresolved_correct.csv,250,broader_parent,high,0.95,"Query is ventral part of lateral amygdaloid nucleus; top1 is the whole lateral nucleus, the parent structure.",broader_parent,high,0.9,"top1 is the lateral nucleus, which is the parent of the specified ventral part.",broader_parent,high,0.95,"Query specifies ventral part of lateral amygdaloid nucleus; top1 is the whole lateral nucleus, correct parent.",broader_parent,high,0.9333,3/3,False,3-0,stable,"Query is ventral part of lateral amygdaloid nucleus; top1 is the whole lateral nucleus, the parent structure. | top1 is the lateral nucleus, which is the parent of the specified ventral part. | Query specifies ventral part of lateral amygdaloid nucleus; top1 is the whole lateral nucleus, correct parent.",A_effectively_correct,modifier de-specified to correct parent
species,"Ventral posterior nucleus of the thalamus, parvicellular part",modifier_conflict,0.780837,HOMBA:AA30312,parvicellular nucleus of posterior thalamus,bm25+fuzzy,ventral posterior nuclei of the thalamus parvicellular part,parvicellular nuclei of posterior thalamus,ventral;posterior;parvicellular,0.666667,parvicellular ventral posterior (medial) nucleus (VPMpc),0.502718,,672,3_unresolved_correct.csv,251,aligned,high,0.95,Query specifies parvicellular part of ventral posterior thalamus; top1 names the same parvicellular nucleus of posterior thalamus.,ambiguous,low,0.5,Query specifies ventral posterior nucleus parvicellular part; top1 omits 'ventral' and may be a different structure or synonym.,aligned,high,0.95,"Query is ventral posterior nucleus parvicellular part; top1 'parvicellular nucleus of posterior thalamus' is the same subnucleus, matched alias confirms equivalence.",aligned,medium,0.8,2/3,True,2-1,majority_vote+low_certainty,"Query specifies parvicellular part of ventral posterior thalamus; top1 names the same parvicellular nucleus of posterior thalamus. | Query specifies ventral posterior nucleus parvicellular part; top1 omits 'ventral' and may be a different structure or synonym. | Query is ventral posterior nucleus parvicellular part; top1 'parvicellular nucleus of posterior thalamus' is the same subnucleus, matched alias confirms equivalence.",A_effectively_correct,modifier de-specified to correct parent
species,"Ventral cochlear nucleus, granule cell layer",modifier_conflict,0.791105,HOMBA:12439,ventral cochlear nucleus,bm25+fuzzy,"Ventral cochlear nucleus, granule cell layer",ventral cochlear nucleus,ventral;layer,0.5,granular cell layer of cochlear nuclei,0.712585,,673,3_unresolved_correct.csv,252,broader_parent,high,0.95,"Query specifies granule cell layer of ventral cochlear nucleus; top1 is the whole ventral cochlear nucleus, the parent structure.",broader_parent,high,0.9,"top1 is the ventral cochlear nucleus, parent of the granule cell layer.",broader_parent,high,0.95,"Query asks for granule cell layer of ventral cochlear nucleus; top1 is the whole nucleus, correct parent.",broader_parent,high,0.9333,3/3,False,3-0,stable,"Query specifies granule cell layer of ventral cochlear nucleus; top1 is the whole ventral cochlear nucleus, the parent structure. | top1 is the ventral cochlear nucleus, parent of the granule cell layer. | Query asks for granule cell layer of ventral cochlear nucleus; top1 is the whole nucleus, correct parent.",A_effectively_correct,modifier de-specified to correct parent
species,"Dorsal cochlear nucleus, molecular layer",modifier_conflict,0.819808,HOMBA:12438,dorsal cochlear nucleus,bm25+fuzzy,"Dorsal cochlear nucleus, molecular layer",dorsal cochlear nucleus,dorsal;molecular;layer,0.333333,layer 1 (molecular layer) of ERC,0.709096,,674,3_unresolved_correct.csv,253,broader_parent,high,0.95,"Query specifies molecular layer of dorsal cochlear nucleus; top1 is the whole dorsal cochlear nucleus, the parent structure.",broader_parent,high,0.9,"top1 is the dorsal cochlear nucleus, parent of the molecular layer.",broader_parent,high,0.95,"Query asks for molecular layer of dorsal cochlear nucleus; top1 is the whole nucleus, correct parent.",broader_parent,high,0.9333,3/3,False,3-0,stable,"Query specifies molecular layer of dorsal cochlear nucleus; top1 is the whole dorsal cochlear nucleus, the parent structure. | top1 is the dorsal cochlear nucleus, parent of the molecular layer. | Query asks for molecular layer of dorsal cochlear nucleus; top1 is the whole nucleus, correct parent.",A_effectively_correct,modifier de-specified to correct parent
species,Medial geniculate complex (dorsal division),modifier_conflict,0.825834,HOMBA:AA30307,medial geniculate nuclear complex,bm25+fuzzy,Medial geniculate complex,medial geniculate nuclear complex,dorsal;medial,0.5,lateral geniculate nuclear complex,0.523762,,675,3_unresolved_correct.csv,254,broader_parent,high,0.95,"Top1 is the whole medial geniculate complex, broader than query's dorsal division.",broader_parent,high,0.95,"Top1 is the whole medial geniculate nuclear complex, broader than the query's dorsal division.",broader_parent,high,0.95,"Query specifies dorsal division of medial geniculate complex; top1 is the whole complex, which is the correct parent structure but not the subdivision.",broader_parent,high,0.95,3/3,False,3-0,stable,"Top1 is the whole medial geniculate complex, broader than query's dorsal division. | Top1 is the whole medial geniculate nuclear complex, broader than the query's dorsal division. | Query specifies dorsal division of medial geniculate complex; top1 is the whole complex, which is the correct parent structure but not the subdivision.",A_effectively_correct,modifier de-specified to correct parent
species,Medial geniculate complex (ventral division),modifier_conflict,0.825834,HOMBA:AA30307,medial geniculate nuclear complex,bm25+fuzzy,Medial geniculate complex,medial geniculate nuclear complex,ventral;medial,0.5,lateral geniculate nuclear complex,0.523762,,676,3_unresolved_correct.csv,255,broader_parent,high,0.95,"Top1 is the whole medial geniculate complex, broader than query's ventral division.",broader_parent,high,0.95,"Top1 is the whole medial geniculate nuclear complex, broader than the query's ventral division.",broader_parent,high,0.95,"Query specifies ventral division of medial geniculate complex; top1 is the whole complex, a broader parent but anatomically correct.",broader_parent,high,0.95,3/3,False,3-0,stable,"Top1 is the whole medial geniculate complex, broader than query's ventral division. | Top1 is the whole medial geniculate nuclear complex, broader than the query's ventral division. | Query specifies ventral division of medial geniculate complex; top1 is the whole complex, a broader parent but anatomically correct.",A_effectively_correct,modifier de-specified to correct parent
species,"Reticular (pre)thalamic nucleus, auditory segment",modifier_conflict,0.845326,HOMBA:10464,reticular nucleus of thalamus,bm25+fuzzy,reticular nucleus of thalamus auditory segment,reticular nucleus of thalamus,pre;reticular,0.5,central reticular nuclei of pontine tegmentum,0.520324,,677,3_unresolved_correct.csv,256,broader_parent,high,0.95,"Top1 is the entire reticular nucleus of thalamus, broader than the auditory segment.",broader_parent,high,0.95,"Top1 is the whole reticular nucleus of thalamus, broader than the query's auditory segment.",broader_parent,high,0.95,"Query is auditory segment of reticular thalamic nucleus; top1 is the entire nucleus, a broader parent structure.",broader_parent,high,0.95,3/3,False,3-0,stable,"Top1 is the entire reticular nucleus of thalamus, broader than the auditory segment. | Top1 is the whole reticular nucleus of thalamus, broader than the query's auditory segment. | Query is auditory segment of reticular thalamic nucleus; top1 is the entire nucleus, a broader parent structure.",A_effectively_correct,modifier de-specified to correct parent
species,Intermediate+ventral Lateral Lemniscus Nuclei,modifier_conflict,0.860049,HOMBA:12456,intermediate nucleus of lateral lemniscus,bm25+fuzzy,Intermediate+ventral Lateral Lemniscus Nuclei,intermediate nuclei of lateral lemniscus,ventral;lateral,0.5,ventral nucleus of lateral lemniscus,0.50622,,678,3_unresolved_correct.csv,257,partial_or_narrower,high,0.95,"Top1 covers only the intermediate nucleus, missing the ventral nucleus of lateral lemniscus.",partial_or_narrower,high,0.95,Query includes both intermediate and ventral nuclei of lateral lemniscus; top1 only covers intermediate.,partial_or_narrower,high,0.95,"Query combines intermediate and ventral nuclei of lateral lemniscus; top1 only covers the intermediate nucleus, missing the ventral component.",partial_or_narrower,high,0.95,3/3,False,3-0,stable,"Top1 covers only the intermediate nucleus, missing the ventral nucleus of lateral lemniscus. | Query includes both intermediate and ventral nuclei of lateral lemniscus; top1 only covers intermediate. | Query combines intermediate and ventral nuclei of lateral lemniscus; top1 only covers the intermediate nucleus, missing the ventral component.",A_effectively_correct,modifier de-specified to correct parent
species,External globus pallidus (lateral part),modifier_conflict,0.860346,HOMBA:10343,external division of globus pallidus,bm25+fuzzy,External globus pallidus (lateral part),external division of globus pallidus,lateral;external,0.5,external medullary lamina of globus pallidus,0.726322,,679,3_unresolved_correct.csv,258,broader_parent,high,0.95,"Top1 is the whole external globus pallidus, broader than the lateral part.",broader_parent,high,0.95,"Top1 is whole external division of globus pallidus; query specifies lateral part, a subregion.",broader_parent,medium,0.9,"Query possibly refers to a lateral subpart of external globus pallidus. Top1 is the whole external division, broader but anatomically correct parent.",broader_parent,high,0.9333,3/3,False,3-0,stable,"Top1 is the whole external globus pallidus, broader than the lateral part. | Top1 is whole external division of globus pallidus; query specifies lateral part, a subregion. | Query possibly refers to a lateral subpart of external globus pallidus. Top1 is the whole external division, broader but anatomically correct parent.",A_effectively_correct,modifier de-specified to correct parent
species,External globus pallidus (medial part),modifier_conflict,0.860346,HOMBA:10343,external division of globus pallidus,bm25+fuzzy,External globus pallidus (medial part),external division of globus pallidus,medial;external,0.5,external medullary lamina of globus pallidus,0.726322,,680,3_unresolved_correct.csv,259,broader_parent,high,1.0,"top1 is the whole external division, broader than the medial part specified in query",broader_parent,high,0.95,"Top1 is the whole external globus pallidus; query specifies medial part, so broader parent.",broader_parent,high,0.9,top1 is the whole external globus pallidus; query is its medial part. Correct parent.,broader_parent,high,0.95,3/3,False,3-0,stable,"top1 is the whole external division, broader than the medial part specified in query | Top1 is the whole external globus pallidus; query specifies medial part, so broader parent. | top1 is the whole external globus pallidus; query is its medial part. Correct parent.",A_effectively_correct,modifier de-specified to correct parent
species,Dorsal Paragigantocellular Reticular Nucleus,modifier_conflict,0.893629,HOMBA:12628,dorsal paragigantocellular nucleus,bm25+fuzzy,Dorsal Paragigantocellular Reticular Nucleus,dorsal paragigantocellular nucleus,dorsal;reticular,0.5,gigantocellular reticular nuclei,0.85,,681,3_unresolved_correct.csv,260,aligned,medium,0.8,"top1 is a standard name for the structure; 'Reticular' is an accepted additional descriptor, not a different structure",aligned,medium,0.85,Top1 omits 'Reticular' but refers to the same nucleus; accepted synonym.,aligned,high,0.95,top1 'dorsal paragigantocellular nucleus' matches query; 'reticular' commonly omitted synonym.,aligned,high,0.8667,3/3,False,3-0,stable,"top1 is a standard name for the structure; 'Reticular' is an accepted additional descriptor, not a different structure | Top1 omits 'Reticular' but refers to the same nucleus; accepted synonym. | top1 'dorsal paragigantocellular nucleus' matches query; 'reticular' commonly omitted synonym.",A_effectively_correct,modifier de-specified to correct parent
species,"Ventral cochlear nucleus, posterior part",modifier_conflict,0.896538,HOMBA:12439,ventral cochlear nucleus,bm25+fuzzy,"Ventral cochlear nucleus, posterior part",ventral cochlear nucleus,ventral;posterior,0.5,"ventral cochlear nucleus, rostral division",0.798701,,682,3_unresolved_correct.csv,261,broader_parent,high,1.0,"top1 is the whole ventral cochlear nucleus, broader than the posterior part",broader_parent,high,0.95,"Top1 is whole ventral cochlear nucleus; query specifies posterior part, so broader parent.",broader_parent,high,0.9,top1 is the entire ventral cochlear nucleus; query is posterior part. Correct parent.,broader_parent,high,0.95,3/3,False,3-0,stable,"top1 is the whole ventral cochlear nucleus, broader than the posterior part | Top1 is whole ventral cochlear nucleus; query specifies posterior part, so broader parent. | top1 is the entire ventral cochlear nucleus; query is posterior part. Correct parent.",A_effectively_correct,modifier de-specified to correct parent
species,"Dorsal cochlear nucleus, deep core",modifier_conflict,0.9,HOMBA:12438,dorsal cochlear nucleus,bm25+fuzzy,"Dorsal cochlear nucleus, deep core",dorsal cochlear nucleus,dorsal;core,0.5,dorsal part of pontine nucleus,0.582396,,683,3_unresolved_correct.csv,262,broader_parent,high,1.0,"top1 is the whole dorsal cochlear nucleus, broader than the deep core",broader_parent,high,0.95,"Top1 is whole dorsal cochlear nucleus; query specifies deep core, so broader parent.",broader_parent,high,0.9,top1 is entire dorsal cochlear nucleus; query is deep core part. Correct parent.,broader_parent,high,0.95,3/3,False,3-0,stable,"top1 is the whole dorsal cochlear nucleus, broader than the deep core | Top1 is whole dorsal cochlear nucleus; query specifies deep core, so broader parent. | top1 is entire dorsal cochlear nucleus; query is deep core part. Correct parent.",A_effectively_correct,modifier de-specified to correct parent
species,"Globus pallidus external, lateral part",modifier_conflict,0.901216,HOMBA:10343,external division of globus pallidus,bm25+fuzzy,"Globus pallidus external, lateral part",globus pallidus externa,external;lateral,0.5,external medullary lamina of globus pallidus,0.65151,,684,3_unresolved_correct.csv,263,broader_parent,high,1.0,"top1 is the whole external division, broader than the lateral part",broader_parent,high,0.95,"Top1 is whole external globus pallidus; query specifies lateral part, so broader parent.",broader_parent,high,0.9,top1 is whole external globus pallidus; query is lateral part. Correct parent.,broader_parent,high,0.95,3/3,False,3-0,stable,"top1 is the whole external division, broader than the lateral part | Top1 is whole external globus pallidus; query specifies lateral part, so broader parent. | top1 is whole external globus pallidus; query is lateral part. Correct parent.",A_effectively_correct,modifier de-specified to correct parent
species,"Globus pallidus external, medial part",modifier_conflict,0.914167,HOMBA:10343,external division of globus pallidus,bm25+fuzzy,"Globus pallidus external, medial part",globus pallidus externa,external;medial,0.5,external medullary lamina of globus pallidus,0.664638,,685,3_unresolved_correct.csv,264,broader_parent,high,0.9,"Query specifies medial part of external globus pallidus; top1 is whole external division, so broader parent.",broader_parent,high,0.9,"Query specifies medial part of external globus pallidus; top1 covers entire external division, a valid parent.",partial_or_narrower,medium,0.7,"Query mentions both external and medial parts; top1 is only external division, missing medial part.",broader_parent,medium,0.8333,2/3,True,2-1,majority_vote,"Query specifies medial part of external globus pallidus; top1 is whole external division, so broader parent. | Query specifies medial part of external globus pallidus; top1 covers entire external division, a valid parent. | Query mentions both external and medial parts; top1 is only external division, missing medial part.",A_effectively_correct,modifier de-specified to correct parent
species,"Reticular (pre)thalamic nucleus, unspecified",modifier_conflict,0.9375,HOMBA:10464,reticular nucleus of thalamus,bm25+fuzzy,"Reticular  thalamic nucleus, unspecified",reticular thalamic nucleus,pre;reticular,0.5,ventral reticular nuclei of pons,0.516942,,686,3_unresolved_correct.csv,265,aligned,medium,0.8,Top1 is a synonym for reticular nucleus of thalamus; query uses (pre)thalamic variant but core structure matches.,aligned,medium,0.7,Top1 matches reticular nucleus of thalamus; query includes 'pre' and 'unspecified' but core structure is same.,aligned,high,0.9,Reticular thalamic nucleus is a direct synonym for reticular nucleus of thalamus; (pre) likely irrelevant.,aligned,medium,0.8,3/3,False,3-0,stable,Top1 is a synonym for reticular nucleus of thalamus; query uses (pre)thalamic variant but core structure matches. | Top1 matches reticular nucleus of thalamus; query includes 'pre' and 'unspecified' but core structure is same. | Reticular thalamic nucleus is a direct synonym for reticular nucleus of thalamus; (pre) likely irrelevant.,A_effectively_correct,modifier de-specified to correct parent
species,Lateral septal nucleus (rostral division),modifier_conflict,1.0,HOMBA:10352,lateral septal nuclear complex,bm25+exact+fuzzy,Lateral septal nucleus,Lateral septal nucleus,rostral;lateral,0.5,rostral extension of lateral septal nucleus (semilunar nucleus),0.891221,,687,3_unresolved_correct.csv,266,broader_parent,high,0.9,Query is rostral division of lateral septal nucleus; top1 is the broader lateral septal nuclear complex.,broader_parent,high,0.9,"Query specifies rostral division of lateral septal nucleus; top1 is lateral septal nuclear complex, a broader parent.",broader_parent,high,0.85,"Query is a specific rostral division; top1 is the whole lateral septal nuclear complex, the correct parent.",broader_parent,high,0.8833,3/3,False,3-0,stable,"Query is rostral division of lateral septal nucleus; top1 is the broader lateral septal nuclear complex. | Query specifies rostral division of lateral septal nucleus; top1 is lateral septal nuclear complex, a broader parent. | Query is a specific rostral division; top1 is the whole lateral septal nuclear complex, the correct parent.",A_effectively_correct,exact base match; subdivision not in HOMBA
species,Reticular (pre)thalamic nucleus,modifier_conflict,1.0,HOMBA:10464,reticular nucleus of thalamus,bm25+exact+fuzzy,Reticular  thalamic nucleus,Reticular  thalamic nucleus,pre;reticular,0.5,dorsal reticular nucleus,0.614593,,688,3_unresolved_correct.csv,267,aligned,medium,0.8,Top1 is a synonym for reticular nucleus of thalamus; query uses (pre)thalamic variant but core structure matches.,aligned,medium,0.8,Top1 matches reticular nucleus of thalamus; query adds '(pre)' but core structure aligned.,aligned,high,0.9,Reticular (pre)thalamic nucleus matches reticular nucleus of thalamus; the parenthetical does not change identity.,aligned,high,0.8333,3/3,False,3-0,stable,Top1 is a synonym for reticular nucleus of thalamus; query uses (pre)thalamic variant but core structure matches. | Top1 matches reticular nucleus of thalamus; query adds '(pre)' but core structure aligned. | Reticular (pre)thalamic nucleus matches reticular nucleus of thalamus; the parenthetical does not change identity.,A_effectively_correct,exact base match; subdivision not in HOMBA
species,Supra Geniculate,low_confidence,0.429875,HOMBA:AA30307,medial geniculate nuclear complex,bm25+hierarchy_parent,Supra Geniculate,medial geniculate nuclear complex,,1.0,lateral geniculate nuclear complex,0.428574,,689,3_unresolved_correct.csv,268,wrong,high,0.95,"Suprageniculate is a distinct nucleus; top1 is medial geniculate nuclear complex, different structure.",wrong,medium,0.6,"Query 'Supra Geniculate' likely refers to suprageniculate nucleus; top1 is medial geniculate nuclear complex, an anatomically different structure.",wrong,medium,0.6,"Supra Geniculate likely refers to suprageniculate nucleus, not medial geniculate complex. Anatomically different structure.",wrong,medium,0.7167,3/3,False,3-0,stable,"Suprageniculate is a distinct nucleus; top1 is medial geniculate nuclear complex, different structure. | Query 'Supra Geniculate' likely refers to suprageniculate nucleus; top1 is medial geniculate nuclear complex, an anatomically different structure. | Supra Geniculate likely refers to suprageniculate nucleus, not medial geniculate complex. Anatomically different structure.",A_effectively_correct,correct entry/parent at rank 1 (low score)
species,Ventral Lateral X Thalamus,low_confidence,0.443893,HOMBA:10420,ventral lateral nucleus of thalamus,bm25,Ventral Lateral X Thalamus,ventral lateral nucleus of thalamus,ventral;lateral,1.0,lateral subdivision of LaV,0.382489,,690,3_unresolved_correct.csv,269,aligned,high,0.95,top1_name 'ventral lateral nucleus of thalamus' is a direct synonym/standardization of query 'Ventral Lateral X Thalamus' (likely 'X' is a typo/stand-in for nucleus).,aligned,high,0.95,"top1 is the standard name for the structure implied by 'Ventral Lateral X Thalamus', assuming 'X' indicates nucleus.",aligned,high,0.95,Query likely intended ventral lateral nucleus of thalamus; 'X' may be a placeholder for 'nucleus'. Top1 directly matches.,aligned,high,0.95,3/3,False,3-0,stable,"top1_name 'ventral lateral nucleus of thalamus' is a direct synonym/standardization of query 'Ventral Lateral X Thalamus' (likely 'X' is a typo/stand-in for nucleus). | top1 is the standard name for the structure implied by 'Ventral Lateral X Thalamus', assuming 'X' indicates nucleus. | Query likely intended ventral lateral nucleus of thalamus; 'X' may be a placeholder for 'nucleus'. Top1 directly matches.",A_effectively_correct,correct entry/parent at rank 1 (low score)
species,Fields of Forel,low_confidence,0.446861,HOMBA:10462,nucleus of the field of Forel,bm25+fuzzy,Fields of Forel,nuclei of the field of forel,,1.0,,,,691,3_unresolved_correct.csv,270,partial_or_narrower,medium,0.75,"Query 'Fields of Forel' refers to a broader region including multiple fields; top1 'nucleus of the field of Forel' is a specific nucleus within that region, not the entire fields.",partial_or_narrower,medium,0.7,"Fields of Forel are white matter zones; top1 is a specific nucleus within that region, narrower in scope.",partial_or_narrower,high,0.95,"Query refers to the entire Fields of Forel region; top1 is a specific nucleus within it, therefore narrower.",partial_or_narrower,medium,0.8,3/3,False,3-0,stable,"Query 'Fields of Forel' refers to a broader region including multiple fields; top1 'nucleus of the field of Forel' is a specific nucleus within that region, not the entire fields. | Fields of Forel are white matter zones; top1 is a specific nucleus within that region, narrower in scope. | Query refers to the entire Fields of Forel region; top1 is a specific nucleus within it, therefore narrower.",A_effectively_correct,correct entry/parent at rank 1 (low score)
species,Subcallosal cortex,low_confidence,0.494196,HOMBA:10281,subgenual (subcallosal) cingulate cortex (area 25),bm25+fuzzy,Subcallosal cortex,subcallosal,,1.0,cingulate cortex,0.493809,,692,3_unresolved_correct.csv,271,aligned,high,0.95,Subcallosal cortex is synonymous with subgenual (subcallosal) cingulate cortex; top1 includes the query term in parentheses.,partial_or_narrower,medium,0.7,"Subcallosal cortex is a broad region; top1 specifies subgenual cingulate area 25, a narrower subdivision.",aligned,high,0.95,"Subcallosal cortex is a standard synonym for subcallosal cingulate cortex (area 25), directly aligned.",aligned,medium,0.8667,2/3,True,2-1,majority_vote,"Subcallosal cortex is synonymous with subgenual (subcallosal) cingulate cortex; top1 includes the query term in parentheses. | Subcallosal cortex is a broad region; top1 specifies subgenual cingulate area 25, a narrower subdivision. | Subcallosal cortex is a standard synonym for subcallosal cingulate cortex (area 25), directly aligned.",A_effectively_correct,correct entry/parent at rank 1 (low score)
species,Ventrolateral Tegmentum,low_confidence,0.508195,HOMBA:12416,pontine tegmentum,bm25+fuzzy+hierarchy_parent,Ventrolateral Tegmentum,pontine tegmentum,,1.0,paracollicular tegmentum,0.506735,,693,3_unresolved_correct.csv,272,wrong,medium,0.7,Query 'Ventrolateral Tegmentum' likely refers to ventral tegmental area (midbrain); top1 'pontine tegmentum' is a different anatomical region (pons). Not a correct parent or synonym.,ambiguous,low,0.5,Ventrolateral tegmentum is ambiguous; may refer to VTA or part of pontine tegmentum; top1 is broader but not clearly matching.,broader_parent,medium,0.75,"Pontine tegmentum is the parent region; query specifies a ventrolateral subdivision, so top1 is broader.",no_consensus,low,0.65,1/3,True,1-1-1,split_vote+low_certainty,"Query 'Ventrolateral Tegmentum' likely refers to ventral tegmental area (midbrain); top1 'pontine tegmentum' is a different anatomical region (pons). Not a correct parent or synonym. | Ventrolateral tegmentum is ambiguous; may refer to VTA or part of pontine tegmentum; top1 is broader but not clearly matching. | Pontine tegmentum is the parent region; query specifies a ventrolateral subdivision, so top1 is broader.",A_effectively_correct,correct entry/parent at rank 1 (low score)
species,Centromedian and parafascicular thalamic complex,low_confidence,0.512572,HOMBA:10450,parafascicular nucleus of thalamus,bm25+fuzzy+hierarchy_parent,Centromedian and parafascicular thalamic complex,parafascicular thalamic nucleus,,1.0,centromedian nucleus of thalamus,0.498646,,694,3_unresolved_correct.csv,273,partial_or_narrower,high,0.95,"Query specifies 'Centromedian and parafascicular thalamic complex' (two components); top1 only covers 'parafascicular nucleus', missing centromedian component.",partial_or_narrower,high,0.9,"Query names centromedian and parafascicular complex; top1 covers only the parafascicular nucleus, missing half.",partial_or_narrower,high,0.95,"Query includes both centromedian and parafascicular thalamic nuclei; top1 covers only parafascicular, partial match.",partial_or_narrower,high,0.9333,3/3,False,3-0,stable,"Query specifies 'Centromedian and parafascicular thalamic complex' (two components); top1 only covers 'parafascicular nucleus', missing centromedian component. | Query names centromedian and parafascicular complex; top1 covers only the parafascicular nucleus, missing half. | Query includes both centromedian and parafascicular thalamic nuclei; top1 covers only parafascicular, partial match.",A_effectively_correct,correct entry/parent at rank 1 (low score)
species,Visceral Motor Nuclei,low_confidence,0.514851,HOMBA:12196,efferent nuclei of the cranial nerves in midbrain,hierarchy_parent,Visceral Motor Nuclei,efferent nuclei of the cranial nerves in midbrain,,1.0,facial nucleus,0.508517,,695,3_unresolved_correct.csv,274,partial_or_narrower,medium,0.65,"Top1 covers only midbrain efferent nuclei, not all visceral motor nuclei; partial match.",partial_or_narrower,medium,0.7,"Visceral Motor Nuclei include all cranial nerve visceral motor nuclei, but top1 is limited to those in the midbrain.",partial_or_narrower,high,0.9,"Query is general visceral motor nuclei; top1 specifies only the midbrain subset, making it narrower.",partial_or_narrower,medium,0.75,3/3,False,3-0,stable,"Top1 covers only midbrain efferent nuclei, not all visceral motor nuclei; partial match. | Visceral Motor Nuclei include all cranial nerve visceral motor nuclei, but top1 is limited to those in the midbrain. | Query is general visceral motor nuclei; top1 specifies only the midbrain subset, making it narrower.",A_effectively_correct,correct entry/parent at rank 1 (low score)
species,Ventrolateral orbital area,low_confidence,0.521543,HOMBA:AA30533,orbital gyri,bm25+hierarchy_parent,Ventrolateral orbital area,orbital gyri,,1.0,ventrolateral division of AV,0.503628,,696,3_unresolved_correct.csv,275,broader_parent,high,0.95,Top1 'orbital gyri' is the parent region containing ventrolateral orbital area.,broader_parent,high,0.9,"Orbital gyri is the broader region containing the ventrolateral orbital area, which is a specific subregion.",broader_parent,high,0.95,"Ventrolateral orbital area is a specific subregion of the orbital gyri, so top1 is a broader parent.",broader_parent,high,0.9333,3/3,False,3-0,stable,"Top1 'orbital gyri' is the parent region containing ventrolateral orbital area. | Orbital gyri is the broader region containing the ventrolateral orbital area, which is a specific subregion. | Ventrolateral orbital area is a specific subregion of the orbital gyri, so top1 is a broader parent.",A_effectively_correct,correct entry/parent at rank 1 (low score)
species,Dorsolateral orbital area,low_confidence,0.529075,HOMBA:AA30533,orbital gyri,bm25+hierarchy_parent,Dorsolateral orbital area,orbital gyri,,1.0,"dorsal fourth visual area (dorsolateral visual cortex, DL)",0.51508,,697,3_unresolved_correct.csv,276,broader_parent,high,0.95,Top1 'orbital gyri' is the parent region containing dorsolateral orbital area.,broader_parent,high,0.9,"Orbital gyri is the broader region containing the dorsolateral orbital area, which is a specific subregion.",broader_parent,high,0.95,"Dorsolateral orbital area is a subregion of the orbital gyri, making top1 anatomically broader.",broader_parent,high,0.9333,3/3,False,3-0,stable,"Top1 'orbital gyri' is the parent region containing dorsolateral orbital area. | Orbital gyri is the broader region containing the dorsolateral orbital area, which is a specific subregion. | Dorsolateral orbital area is a subregion of the orbital gyri, making top1 anatomically broader.",A_effectively_correct,correct entry/parent at rank 1 (low score)
species,Trapezoid Bundle Region,low_confidence,0.537171,HOMBA:12796,trapezoid body,bm25+fuzzy,Trapezoid Bundle Region,trapezoid body,,1.0,nucleus of trapezoid body,0.39883,,698,3_unresolved_correct.csv,277,aligned,high,0.95,Trapezoid body is synonymous with trapezoid bundle; top1 directly matches the query.,aligned,high,0.95,Trapezoid body is a conventional synonym for the trapezoid bundle region; they refer to the same structure.,aligned,medium,0.7,"Trapezoid bundle and trapezoid body are likely synonyms; 'region' may be a loose spatial term, but the core structure aligns.",aligned,high,0.8667,3/3,False,3-0,stable,"Trapezoid body is synonymous with trapezoid bundle; top1 directly matches the query. | Trapezoid body is a conventional synonym for the trapezoid bundle region; they refer to the same structure. | Trapezoid bundle and trapezoid body are likely synonyms; 'region' may be a loose spatial term, but the core structure aligns.",A_effectively_correct,correct entry/parent at rank 1 (low score)
species,Superior periolivary region,low_confidence,0.538222,HOMBA:12462,superior olivary complex,bm25+fuzzy+hierarchy_parent,Superior periolivary region,superior olivary complex,,1.0,"rostral (anterior, superior) medullary velum",0.477287,,699,3_unresolved_correct.csv,278,broader_parent,high,0.9,Top1 'superior olivary complex' is the parent structure containing the superior periolivary region.,broader_parent,high,0.9,Superior olivary complex includes the superior olive and periolivary regions; top1 is a broader structure.,wrong,high,0.95,"Superior periolivary region is adjacent to, not the same as, the superior olivary complex; top1 names the complex itself.",broader_parent,medium,0.9167,2/3,True,2-1,majority_vote,"Top1 'superior olivary complex' is the parent structure containing the superior periolivary region. | Superior olivary complex includes the superior olive and periolivary regions; top1 is a broader structure. | Superior periolivary region is adjacent to, not the same as, the superior olivary complex; top1 names the complex itself.",A_effectively_correct,correct entry/parent at rank 1 (low score)
species,Prelimbic area,low_confidence,0.542288,HOMBA:10280,"pregenual cingulate  cortex (area 32, prelimbic cortex)",bm25+fuzzy,Prelimbic area,prelimbic cortex,,1.0,,,,700,3_unresolved_correct.csv,279,aligned,high,0.95,"Top1 explicitly includes prelimbic cortex, a direct synonym for prelimbic area.",aligned,high,0.95,"top1 explicitly includes 'prelimbic cortex' as synonym, directly matching query.",aligned,high,0.95,"Top1 name includes 'prelimbic cortex' as alias, directly matching query 'Prelimbic area'. Aligned synonym.",aligned,high,0.95,3/3,False,3-0,stable,"Top1 explicitly includes prelimbic cortex, a direct synonym for prelimbic area. | top1 explicitly includes 'prelimbic cortex' as synonym, directly matching query. | Top1 name includes 'prelimbic cortex' as alias, directly matching query 'Prelimbic area'. Aligned synonym.",A_effectively_correct,correct entry/parent at rank 1 (low score)
species,Infralimbic area,low_confidence,0.561688,HOMBA:AA30037,rostrodorsal division of A25 (infralimbic cortex),bm25+fuzzy,Infralimbic area,infralimbic cortex,,1.0,,,,701,3_unresolved_correct.csv,280,aligned,high,0.95,"Top1 includes infralimbic cortex, a direct synonym for infralimbic area.",aligned,high,0.95,"top1 includes 'infralimbic cortex' in parentheses, matching query directly.",partial_or_narrower,medium,0.8,"Top1 specifies rostrodorsal division of A25, narrower than the entire infralimbic area. Partial, not full match.",aligned,medium,0.9,2/3,True,2-1,majority_vote,"Top1 includes infralimbic cortex, a direct synonym for infralimbic area. | top1 includes 'infralimbic cortex' in parentheses, matching query directly. | Top1 specifies rostrodorsal division of A25, narrower than the entire infralimbic area. Partial, not full match.",A_effectively_correct,correct entry/parent at rank 1 (low score)
species,Peri-basal region,low_confidence,0.569163,HOMBA:10349,basal forebrain,bm25+hierarchy_parent,Peri-basal region,basal forebrain,,1.0,regions of basal forebrain,0.489163,,702,3_unresolved_correct.csv,281,ambiguous,low,0.4,Query 'Peri-basal region' is non-standard; top1 'basal forebrain' could be related but not clearly equivalent or broader.,broader_parent,medium,0.75,'Peri-basal region' likely refers to area around basal forebrain; top1 is the broader parent structure.,ambiguous,low,0.5,"Query 'Peri-basal region' likely means area surrounding basal forebrain, but top1 is basal forebrain itself. Ambiguous mapping.",ambiguous,medium,0.55,2/3,True,2-1,majority_vote+low_certainty,"Query 'Peri-basal region' is non-standard; top1 'basal forebrain' could be related but not clearly equivalent or broader. | 'Peri-basal region' likely refers to area around basal forebrain; top1 is the broader parent structure. | Query 'Peri-basal region' likely means area surrounding basal forebrain, but top1 is basal forebrain itself. Ambiguous mapping.",A_effectively_correct,correct entry/parent at rank 1 (low score)
species,Paraventricular Posterior Thalamus,low_confidence,0.571494,HOMBA:10457,paraventricular nucleus of thalamus,bm25+fuzzy,Paraventricular Posterior Thalamus,paraventricular nucleus of thalamus,posterior,0.0,rostral paraventricular nucleus of thalamus,0.523361,,703,3_unresolved_correct.csv,282,broader_parent,medium,0.6,"Query specifies posterior part of paraventricular thalamus, but top1 is the whole nucleus (paraventricular nucleus of thalamus), which is a broader parent.",broader_parent,high,0.85,"Query specifies paraventricular posterior thalamus; top1 is general paraventricular nucleus, a valid parent.",broader_parent,high,0.9,"Query asks for posterior paraventricular thalamus; top1 is whole nucleus, the parent container. Broader but anatomically correct.",broader_parent,medium,0.7833,3/3,False,3-0,stable,"Query specifies posterior part of paraventricular thalamus, but top1 is the whole nucleus (paraventricular nucleus of thalamus), which is a broader parent. | Query specifies paraventricular posterior thalamus; top1 is general paraventricular nucleus, a valid parent. | Query asks for posterior paraventricular thalamus; top1 is whole nucleus, the parent container. Broader but anatomically correct.",A_effectively_correct,correct entry/parent at rank 1 (low score)
species,Paraventricular Anterior Thalamus,low_confidence,0.579991,HOMBA:10457,paraventricular nucleus of thalamus,bm25+fuzzy+hierarchy_parent,Paraventricular Anterior Thalamus,paraventricular nuclei of thalamus,,1.0,caudal paraventricular nucleus of thalamus,0.521508,,704,3_unresolved_correct.csv,283,broader_parent,medium,0.6,"Query specifies anterior part of paraventricular thalamus, but top1 is the whole nucleus, broader parent.",broader_parent,high,0.85,"Query specifies paraventricular anterior thalamus; top1 is general paraventricular nucleus, a valid parent.",broader_parent,high,0.9,"Query asks for anterior paraventricular thalamus; top1 is whole nucleus, the parent container. Broader but anatomically correct.",broader_parent,medium,0.7833,3/3,False,3-0,stable,"Query specifies anterior part of paraventricular thalamus, but top1 is the whole nucleus, broader parent. | Query specifies paraventricular anterior thalamus; top1 is general paraventricular nucleus, a valid parent. | Query asks for anterior paraventricular thalamus; top1 is whole nucleus, the parent container. Broader but anatomically correct.",A_effectively_correct,correct entry/parent at rank 1 (low score)
species,"Secondary visual area, lateral part",low_confidence,0.582451,HOMBA:AA30827,"ventral secondary visual cortex (ventral area 18, ventral area OB, area 18b)",bm25+fuzzy,secondary visual cortex lateral part,ventral secondary visual cortex,lateral,0.0,"dorsal secondary visual cortex (dorsal area 18, dorsal area OB, area 18a)",0.581028,,705,3_unresolved_correct.csv,284,wrong,high,0.95,"Query specifies 'lateral part' of secondary visual area, but top1 is 'ventral secondary visual cortex', which is a different subdivision (ventral vs lateral).",wrong,medium,0.8,"Query specifies lateral part, but top1 is ventral secondary visual cortex, a different subdivision.",wrong,high,0.95,Query specifies lateral part; top1 is ventral secondary visual cortex. Different anatomical subdivisions (lateral vs ventral).,wrong,high,0.9,3/3,False,3-0,stable,"Query specifies 'lateral part' of secondary visual area, but top1 is 'ventral secondary visual cortex', which is a different subdivision (ventral vs lateral). | Query specifies lateral part, but top1 is ventral secondary visual cortex, a different subdivision. | Query specifies lateral part; top1 is ventral secondary visual cortex. Different anatomical subdivisions (lateral vs ventral).",A_effectively_correct,correct entry/parent at rank 1 (low score)
species,"Secondary visual area, medial part",low_confidence,0.583805,HOMBA:AA30823,"dorsal secondary visual cortex (dorsal area 18, dorsal area OB, area 18a)",bm25+fuzzy,secondary visual cortex medial part,dorsal secondary visual cortex,medial,0.0,"ventral secondary visual cortex (ventral area 18, ventral area OB, area 18b)",0.577682,,706,3_unresolved_correct.csv,285,wrong,high,0.95,"Query specifies 'medial part' of secondary visual area, but top1 is 'dorsal secondary visual cortex', which is a different subdivision (dorsal vs medial).",wrong,medium,0.8,"Query specifies medial part, but top1 is dorsal secondary visual cortex, a different subdivision.",aligned,high,0.9,Medial secondary visual area corresponds to dorsal secondary visual cortex (area 18a); accepted synonym.,wrong,medium,0.8833,2/3,True,2-1,majority_vote,"Query specifies 'medial part' of secondary visual area, but top1 is 'dorsal secondary visual cortex', which is a different subdivision (dorsal vs medial). | Query specifies medial part, but top1 is dorsal secondary visual cortex, a different subdivision. | Medial secondary visual area corresponds to dorsal secondary visual cortex (area 18a); accepted synonym.",A_effectively_correct,correct entry/parent at rank 1 (low score)
corpus,Lateral intraparietal area (dorsal),needs_review,0.612878,HOMBA:12227,"dorsal raphe nucleus, lateral division",bm25+fuzzy,Lateral intraparietal area (dorsal),"dorsal raphe nucleus, lateral division",dorsal;lateral,1.0,"lateral parabrachial nucleus, dorsal division",0.608614,,707,4_unresolved_incorrect.csv,2,wrong,high,0.98,"Query 'Lateral intraparietal area (dorsal)' is anatomically distinct from 'dorsal raphe nucleus, lateral division'; these are different structures.",wrong,high,0.95,Lateral intraparietal area vs dorsal raphe nucleus: completely different regions.,wrong,high,0.98,"Lateral intraparietal area is parietal cortex; top1 is dorsal raphe nucleus (brainstem), completely different structure.",wrong,high,0.97,3/3,False,3-0,stable,"Query 'Lateral intraparietal area (dorsal)' is anatomically distinct from 'dorsal raphe nucleus, lateral division'; these are different structures. | Lateral intraparietal area vs dorsal raphe nucleus: completely different regions. | Lateral intraparietal area is parietal cortex; top1 is dorsal raphe nucleus (brainstem), completely different structure.",B_algo,wrong top-1 (better candidate exists)
corpus,Prefrontal area 46,needs_review,0.629168,HOMBA:10184,"rostroventral division of DFC (area 46, DFCv)",bm25+fuzzy+hierarchy_parent,Prefrontal area 46,area 46,,1.0,dorsolateral prefrontal cortex,0.609884,,708,4_unresolved_incorrect.csv,3,aligned,medium,0.8,"Top1 includes 'area 46' as an alias and is a division of DFC, consistent with 'Prefrontal area 46'.",aligned,high,0.95,"Top1 includes area 46, consistent with query Prefrontal area 46.",aligned,high,0.95,"Prefrontal area 46 matches; top1 includes 'area 46' as its synonym, same prefrontal region.",aligned,high,0.9,3/3,False,3-0,stable,"Top1 includes 'area 46' as an alias and is a division of DFC, consistent with 'Prefrontal area 46'. | Top1 includes area 46, consistent with query Prefrontal area 46. | Prefrontal area 46 matches; top1 includes 'area 46' as its synonym, same prefrontal region.",D_homba_gap,HOMBA lacks this granularity
corpus,Posterior opercular area POS2,needs_review,0.639186,HOMBA:AA30485,caudal (posterior) branch of anterior commissure,bm25+fuzzy,Posterior opercular area POS2,posterior,posterior,1.0,caudal (posterior) extramural migratory stream,0.639186,,709,4_unresolved_incorrect.csv,4,wrong,high,0.97,"Query 'Posterior opercular area POS2' is a cortical region; top1 'caudal branch of anterior commissure' is a white matter tract, anatomically unrelated.",wrong,high,0.95,Posterior opercular area vs branch of anterior commissure: different structures.,wrong,high,0.98,"Query is a cortical opercular area (POS2); top1 is caudal branch of anterior commissure, a tract, unrelated.",wrong,high,0.9667,3/3,False,3-0,stable,"Query 'Posterior opercular area POS2' is a cortical region; top1 'caudal branch of anterior commissure' is a white matter tract, anatomically unrelated. | Posterior opercular area vs branch of anterior commissure: different structures. | Query is a cortical opercular area (POS2); top1 is caudal branch of anterior commissure, a tract, unrelated.",B_algo,weak/lone-token fuzzy trap
corpus,Ventral intraparietal area,needs_review,0.641675,HOMBA:12261,ventral tegmental area,bm25+fuzzy,Ventral intraparietal area,ventral tegmental area,ventral,1.0,anterior (ventral /principal) pretectal nucleus,0.636541,,710,4_unresolved_incorrect.csv,5,wrong,high,0.95,"Ventral intraparietal area is a parietal region; ventral tegmental area is a midbrain structure, anatomically different.",wrong,high,0.95,"Ventral intraparietal area is a parietal region, but top1 'ventral tegmental area' is a midbrain structure; anatomically distinct.",wrong,high,0.95,"Ventral intraparietal area is a cortical parietal region, while ventral tegmental area is a midbrain structure; anatomically unrelated.",wrong,high,0.95,3/3,False,3-0,stable,"Ventral intraparietal area is a parietal region; ventral tegmental area is a midbrain structure, anatomically different. | Ventral intraparietal area is a parietal region, but top1 'ventral tegmental area' is a midbrain structure; anatomically distinct. | Ventral intraparietal area is a cortical parietal region, while ventral tegmental area is a midbrain structure; anatomically unrelated.",B_algo,weak/lone-token fuzzy trap
corpus,Central opercular cortex (posterior),needs_review,0.646011,HOMBA:AA30009,frontal motor cortex (posterior frontal cortex),bm25+fuzzy,Central opercular cortex (posterior),posterior frontal cortex,posterior,1.0,medial (caudal) entorhinal cortex,0.632966,,711,4_unresolved_incorrect.csv,6,wrong,high,0.95,"Central opercular cortex (posterior) is in the insular/opercular region; top1 is frontal motor cortex, anatomically different.",wrong,high,0.95,Central opercular cortex (posterior) is not the same as frontal motor cortex; top1 is a different brain region.,wrong,high,0.9,"Central opercular cortex (posterior) is opercular region around central sulcus, not frontal motor cortex; distinct cortical areas.",wrong,high,0.9333,3/3,False,3-0,stable,"Central opercular cortex (posterior) is in the insular/opercular region; top1 is frontal motor cortex, anatomically different. | Central opercular cortex (posterior) is not the same as frontal motor cortex; top1 is a different brain region. | Central opercular cortex (posterior) is opercular region around central sulcus, not frontal motor cortex; distinct cortical areas.",B_algo,LLM re-review: operculum -> frontal motor cortex via lone 'posterior' (weak-token trap)
corpus,Central opercular cortex (anterior),needs_review,0.651574,HOMBA:10318,lateral (rostral) entorhinal cortex,bm25+fuzzy,Central opercular cortex (anterior),lateral (anterior) entorhinal cortex,anterior,1.0,anterior cingulate  cortex (ventromedial prefrontal cortex),0.636614,,712,4_unresolved_incorrect.csv,7,wrong,high,0.95,"Central opercular cortex (anterior) is not entorhinal cortex; entorhinal cortex is in temporal lobe, anatomically wrong.",wrong,high,0.95,Central opercular cortex (anterior) and lateral entorhinal cortex are completely different structures (temporal vs. frontal).,wrong,high,0.98,"Central opercular cortex (anterior) is an opercular region, while lateral (rostral) entorhinal cortex is in medial temporal lobe; completely different.",wrong,high,0.96,3/3,False,3-0,stable,"Central opercular cortex (anterior) is not entorhinal cortex; entorhinal cortex is in temporal lobe, anatomically wrong. | Central opercular cortex (anterior) and lateral entorhinal cortex are completely different structures (temporal vs. frontal). | Central opercular cortex (anterior) is an opercular region, while lateral (rostral) entorhinal cortex is in medial temporal lobe; completely different.",B_algo,wrong top-1 (better candidate exists)
corpus,Parietal area PF,needs_review,0.661335,HOMBA:10226,"rostral division of IPC (IPCr, area 40, area PF)",bm25+fuzzy,Parietal area PF,area PF,,1.0,parietal lobe,0.580856,,713,4_unresolved_incorrect.csv,8,aligned,high,0.95,Parietal area PF matches alias 'area PF' included in top1 name; consistent anatomical structure.,aligned,high,0.95,Top1 includes 'area PF' as a synonym; query 'Parietal area PF' matches exactly to the same anatomical structure.,aligned,high,0.98,Top1 'rostral division of IPC (area PF)' directly names the query's 'Parietal area PF'; accepted synonym/expansion.,aligned,high,0.96,3/3,False,3-0,stable,Parietal area PF matches alias 'area PF' included in top1 name; consistent anatomical structure. | Top1 includes 'area PF' as a synonym; query 'Parietal area PF' matches exactly to the same anatomical structure. | Top1 'rostral division of IPC (area PF)' directly names the query's 'Parietal area PF'; accepted synonym/expansion.,D_homba_gap,HOMBA lacks this granularity
corpus,Somatosensory area 3a,needs_review,0.665067,HOMBA:10209,"primary somatosensory cortex (first somatosensory cortex, areas 3,1,2)",bm25+fuzzy+hierarchy_parent,somatosensory cortex 3a,somatosensory cortex,,1.0,somatosensory radiation,0.540332,,714,4_unresolved_incorrect.csv,9,broader_parent,high,0.95,"Area 3a is a subdivision of primary somatosensory cortex; top1 names the broader parent including areas 3,1,2.",broader_parent,high,0.95,"Area 3a is a subdivision of primary somatosensory cortex (areas 3,1,2); top1 is the valid parent structure.",broader_parent,high,0.95,"Area 3a is a specific subfield of primary somatosensory cortex; top1 names the entire parent region (areas 3,1,2).",broader_parent,high,0.95,3/3,False,3-0,stable,"Area 3a is a subdivision of primary somatosensory cortex; top1 names the broader parent including areas 3,1,2. | Area 3a is a subdivision of primary somatosensory cortex (areas 3,1,2); top1 is the valid parent structure. | Area 3a is a specific subfield of primary somatosensory cortex; top1 names the entire parent region (areas 3,1,2).",D_homba_gap,HOMBA lacks this granularity
corpus,Somatosensory area 3b,needs_review,0.665067,HOMBA:10209,"primary somatosensory cortex (first somatosensory cortex, areas 3,1,2)",bm25+fuzzy+hierarchy_parent,somatosensory cortex 3b,somatosensory cortex,,1.0,somatosensory radiation,0.540332,,715,4_unresolved_incorrect.csv,10,broader_parent,high,0.95,"Query is area 3b, a subdivision of primary somatosensory cortex; top1 correctly names the broader parent structure.",broader_parent,high,1.0,"Query 'Somatosensory area 3b' is a subdivision of area 3; top1 'primary somatosensory cortex' includes area 3b as part of S1, so it is a broader parent.",broader_parent,high,0.95,"Area 3b is a subregion of primary somatosensory cortex (areas 3,1,2), so top1 is the broader anatomical parent.",broader_parent,high,0.9667,3/3,False,3-0,stable,"Query is area 3b, a subdivision of primary somatosensory cortex; top1 correctly names the broader parent structure. | Query 'Somatosensory area 3b' is a subdivision of area 3; top1 'primary somatosensory cortex' includes area 3b as part of S1, so it is a broader parent. | Area 3b is a subregion of primary somatosensory cortex (areas 3,1,2), so top1 is the broader anatomical parent.",D_homba_gap,HOMBA lacks this granularity
corpus,Visual area V3A,needs_review,0.665067,HOMBA:10269,"primary visual cortex (first visual cortex, striate cortex, area 17, area OC)",bm25+fuzzy+hierarchy_parent,visual cortex v3a,visual cortex,,1.0,"fifth visual area (middle temporal area, MT)",0.509601,,716,4_unresolved_incorrect.csv,11,wrong,high,0.95,"V3A is an extrastriate visual area, not part of primary visual cortex (area 17).",wrong,high,1.0,"Query 'Visual area V3A' is an extrastriate area, but top1 'primary visual cortex' is V1, a different anatomical structure.",wrong,high,0.99,"V3A is an extrastriate visual area, not primary visual cortex (V1). Anatomically different.",wrong,high,0.98,3/3,False,3-0,stable,"V3A is an extrastriate visual area, not part of primary visual cortex (area 17). | Query 'Visual area V3A' is an extrastriate area, but top1 'primary visual cortex' is V1, a different anatomical structure. | V3A is an extrastriate visual area, not primary visual cortex (V1). Anatomically different.",D_homba_gap,HOMBA lacks this granularity
corpus,Visual area V3B,needs_review,0.665067,HOMBA:10269,"primary visual cortex (first visual cortex, striate cortex, area 17, area OC)",bm25+fuzzy+hierarchy_parent,visual cortex v3b,visual cortex,,1.0,"fifth visual area (middle temporal area, MT)",0.509601,,717,4_unresolved_incorrect.csv,12,wrong,high,0.95,"V3B is an extrastriate visual area, not part of primary visual cortex (area 17).",wrong,high,1.0,"Query 'Visual area V3B' is an extrastriate area, but top1 'primary visual cortex' is V1, a different anatomical structure.",wrong,high,0.99,"V3B is an extrastriate visual area, not primary visual cortex (V1). Anatomically different.",wrong,high,0.98,3/3,False,3-0,stable,"V3B is an extrastriate visual area, not part of primary visual cortex (area 17). | Query 'Visual area V3B' is an extrastriate area, but top1 'primary visual cortex' is V1, a different anatomical structure. | V3B is an extrastriate visual area, not primary visual cortex (V1). Anatomically different.",D_homba_gap,HOMBA lacks this granularity
corpus,Visual area V4,needs_review,0.665067,HOMBA:10269,"primary visual cortex (first visual cortex, striate cortex, area 17, area OC)",bm25+fuzzy+hierarchy_parent,visual cortex v4,visual cortex,,1.0,ventral fourth visual area (V4V),0.5375,,718,4_unresolved_incorrect.csv,13,wrong,high,0.95,"V4 is an extrastriate visual area, not part of primary visual cortex (area 17).",wrong,high,1.0,"Query 'Visual area V4' is an extrastriate area, but top1 'primary visual cortex' is V1, a different anatomical structure.",wrong,high,0.99,"V4 is an extrastriate visual area, not primary visual cortex (V1). Anatomically different.",wrong,high,0.98,3/3,False,3-0,stable,"V4 is an extrastriate visual area, not part of primary visual cortex (area 17). | Query 'Visual area V4' is an extrastriate area, but top1 'primary visual cortex' is V1, a different anatomical structure. | V4 is an extrastriate visual area, not primary visual cortex (V1). Anatomically different.",D_homba_gap,HOMBA lacks this granularity
corpus,Visual area V6A,needs_review,0.665067,HOMBA:10269,"primary visual cortex (first visual cortex, striate cortex, area 17, area OC)",bm25+fuzzy+hierarchy_parent,visual cortex v6a,visual cortex,,1.0,"sixth visual area V6 , part A",0.556725,,719,4_unresolved_incorrect.csv,14,wrong,high,0.95,"V6A is a dorsomedial visual area, not part of primary visual cortex (area 17).",wrong,high,1.0,"Query 'Visual area V6A' is an extrastriate area, but top1 'primary visual cortex' is V1, a different anatomical structure.",wrong,high,0.99,"V6A is an extrastriate visual area, not primary visual cortex (V1). Anatomically different.",wrong,high,0.98,3/3,False,3-0,stable,"V6A is a dorsomedial visual area, not part of primary visual cortex (area 17). | Query 'Visual area V6A' is an extrastriate area, but top1 'primary visual cortex' is V1, a different anatomical structure. | V6A is an extrastriate visual area, not primary visual cortex (V1). Anatomically different.",D_homba_gap,HOMBA lacks this granularity
corpus,Visual area V8,needs_review,0.665067,HOMBA:10269,"primary visual cortex (first visual cortex, striate cortex, area 17, area OC)",bm25+fuzzy+hierarchy_parent,visual cortex v8,visual cortex,,1.0,"fifth visual area (middle temporal area, MT)",0.52175,,720,4_unresolved_incorrect.csv,15,wrong,high,0.95,"Visual area V8 is a higher-order visual area, but top1 is primary visual cortex (V1), a distinct region.",wrong,high,0.95,"Query 'Visual area V8' (higher visual area) but top1 is primary visual cortex (V1), which is anatomically different.",wrong,high,0.95,"Visual area V8 is an extrastriate cortical area, not primary visual cortex (V1). Top1 incorrectly matches to V1.",wrong,high,0.95,3/3,False,3-0,stable,"Visual area V8 is a higher-order visual area, but top1 is primary visual cortex (V1), a distinct region. | Query 'Visual area V8' (higher visual area) but top1 is primary visual cortex (V1), which is anatomically different. | Visual area V8 is an extrastriate cortical area, not primary visual cortex (V1). Top1 incorrectly matches to V1.",D_homba_gap,HOMBA lacks this granularity
corpus,Intracalcarine cortex (superior),needs_review,0.666353,HOMBA:10215,superior medial parietal cortex,bm25+fuzzy,Intracalcarine cortex (superior),superior,superior,1.0,rostral division of area 22,0.635325,,721,4_unresolved_incorrect.csv,16,wrong,high,0.95,"Intracalcarine cortex is occipital; superior medial parietal cortex is parietal, anatomically distinct.",wrong,high,0.95,"Query 'Intracalcarine cortex (superior)' is in occipital lobe; top1 'superior medial parietal cortex' is in parietal lobe, different structure.",wrong,high,0.9,Intracalcarine cortex (superior) is within the calcarine sulcus; top1 'superior medial parietal cortex' is a different lobe and region anatomically.,wrong,high,0.9333,3/3,False,3-0,stable,"Intracalcarine cortex is occipital; superior medial parietal cortex is parietal, anatomically distinct. | Query 'Intracalcarine cortex (superior)' is in occipital lobe; top1 'superior medial parietal cortex' is in parietal lobe, different structure. | Intracalcarine cortex (superior) is within the calcarine sulcus; top1 'superior medial parietal cortex' is a different lobe and region anatomically.",B_algo,LLM re-review: occipital intracalcarine (V1) -> parietal cortex (wrong lobe)
corpus,A8 catecholaminergic cell group,needs_review,0.674151,HOMBA:AA30843,A8 dopamine cell group,bm25+fuzzy,A8 catecholaminergic cell group,A8 dopamine cell group,,1.0,A2 noradrenaline cell group,0.505414,,722,4_unresolved_incorrect.csv,17,aligned,high,0.98,A8 dopamine cell group is an accepted synonym for A8 catecholaminergic cell group.,aligned,high,0.98,Query 'A8 catecholaminergic cell group' matches top1 'A8 dopamine cell group' as dopamine is a catecholamine; synonymous.,aligned,high,0.98,"A8 cell group is dopaminergic; 'A8 dopamine cell group' is the accepted specific name, so it aligns with 'catecholaminergic' query.",aligned,high,0.98,3/3,False,3-0,stable,"A8 dopamine cell group is an accepted synonym for A8 catecholaminergic cell group. | Query 'A8 catecholaminergic cell group' matches top1 'A8 dopamine cell group' as dopamine is a catecholamine; synonymous. | A8 cell group is dopaminergic; 'A8 dopamine cell group' is the accepted specific name, so it aligns with 'catecholaminergic' query.",D_homba_gap,HOMBA lacks this granularity
corpus,Somatosensory area 1,needs_review,0.679416,HOMBA:AA30014,area 1 of primary somatosensory cortex,bm25+fuzzy,somatosensory cortex 1,area 1 of somatosensory cortex,,1.0,subareas of primary somatosensory cortex,0.653098,,723,4_unresolved_incorrect.csv,18,aligned,high,0.98,Area 1 of primary somatosensory cortex is the standard name for somatosensory area 1.,aligned,high,0.99,Query 'Somatosensory area 1' is exactly 'area 1 of primary somatosensory cortex'; direct match.,aligned,high,1.0,Somatosensory area 1 is area 1 of primary somatosensory cortex; top1 directly matches the query.,aligned,high,0.99,3/3,False,3-0,stable,Area 1 of primary somatosensory cortex is the standard name for somatosensory area 1. | Query 'Somatosensory area 1' is exactly 'area 1 of primary somatosensory cortex'; direct match. | Somatosensory area 1 is area 1 of primary somatosensory cortex; top1 directly matches the query.,D_homba_gap,HOMBA lacks this granularity
corpus,Somatosensory area 2,needs_review,0.679416,HOMBA:AA30015,area 2 of primary somatosensory cortex,bm25+fuzzy,somatosensory cortex 2,area 2 of somatosensory cortex,,1.0,subareas of primary somatosensory cortex,0.653098,,724,4_unresolved_incorrect.csv,19,aligned,high,0.98,Area 2 of primary somatosensory cortex is the standard name for somatosensory area 2.,aligned,high,0.99,Query 'Somatosensory area 2' is exactly 'area 2 of primary somatosensory cortex'; direct match.,aligned,high,1.0,Somatosensory area 2 is area 2 of primary somatosensory cortex; top1 directly matches the query.,aligned,high,0.99,3/3,False,3-0,stable,Area 2 of primary somatosensory cortex is the standard name for somatosensory area 2. | Query 'Somatosensory area 2' is exactly 'area 2 of primary somatosensory cortex'; direct match. | Somatosensory area 2 is area 2 of primary somatosensory cortex; top1 directly matches the query.,D_homba_gap,HOMBA lacks this granularity
corpus,Intracalcarine cortex (inferior),needs_review,0.681521,HOMBA:10225,inferior lateral parietal cortex,bm25+fuzzy,Intracalcarine cortex (inferior),posteroventral parietal cortex inferior,inferior,1.0,inferior temporal cortex,0.646765,,725,4_unresolved_incorrect.csv,20,wrong,high,0.95,"Intracalcarine cortex is a visual area, top1 is parietal cortex, anatomically distinct.",wrong,high,0.95,"Intracalcarine cortex is a visual area in occipital lobe; top1 is parietal cortex, anatomically different.",wrong,high,0.98,"Intracalcarine cortex is occipital visual cortex; inferior lateral parietal cortex is parietal association cortex, anatomically distinct.",wrong,high,0.96,3/3,False,3-0,stable,"Intracalcarine cortex is a visual area, top1 is parietal cortex, anatomically distinct. | Intracalcarine cortex is a visual area in occipital lobe; top1 is parietal cortex, anatomically different. | Intracalcarine cortex is occipital visual cortex; inferior lateral parietal cortex is parietal association cortex, anatomically distinct.",B_algo,LLM re-review: occipital intracalcarine (V1) -> parietal cortex (wrong lobe)
corpus,Anterior ventral insular area,needs_review,0.717423,HOMBA:AA30890,anterior (ventral) spinal artery,bm25+fuzzy,Anterior ventral insular area,anterior (ventral) spinal artery,ventral,1.0,anterior (ventral /principal) pretectal nucleus,0.645205,,726,4_unresolved_incorrect.csv,21,wrong,high,0.98,"Query is insular area, top1 is spinal artery, completely different structures.",wrong,high,0.99,"Query is insular cortex; top1 is a spinal artery, completely different structure.",wrong,high,0.98,"Anterior ventral insular area is a cortical region; anterior spinal artery is a vascular structure, not anatomically related.",wrong,high,0.9833,3/3,False,3-0,stable,"Query is insular area, top1 is spinal artery, completely different structures. | Query is insular cortex; top1 is a spinal artery, completely different structure. | Anterior ventral insular area is a cortical region; anterior spinal artery is a vascular structure, not anatomically related.",B_algo,weak/lone-token fuzzy trap
corpus,Posterior insular area,needs_review,0.739318,HOMBA:AA30485,caudal (posterior) branch of anterior commissure,bm25+fuzzy,Posterior insular area,posterior,posterior,1.0,caudal (posterior) extramural migratory stream,0.739318,,727,4_unresolved_incorrect.csv,22,wrong,high,0.97,"Query posterior insular area, top1 is caudal branch of anterior commissure, not insula.",wrong,high,0.99,Posterior insular area vs. branch of anterior commissure; distinct brain regions.,wrong,high,0.98,"Posterior insular area is insular cortex; posterior branch of anterior commissure is a white matter pathway, not a cortical area.",wrong,high,0.98,3/3,False,3-0,stable,"Query posterior insular area, top1 is caudal branch of anterior commissure, not insula. | Posterior insular area vs. branch of anterior commissure; distinct brain regions. | Posterior insular area is insular cortex; posterior branch of anterior commissure is a white matter pathway, not a cortical area.",B_algo,weak/lone-token fuzzy trap
corpus,Accessory trigeminal nucleus,needs_review,0.760807,HOMBA:12419,accessory facial nucleus,bm25+fuzzy,Accessory trigeminal nucleus,accessory facial nucleus,accessory,1.0,accessory nerve nucleus (supraspinal nucleus),0.758288,,728,4_unresolved_incorrect.csv,23,wrong,high,0.96,Accessory trigeminal nucleus vs accessory facial nucleus: different cranial nerve nuclei.,wrong,high,0.95,Accessory trigeminal nucleus (CN V) vs. accessory facial nucleus (CN VII); different cranial nerve nuclei.,wrong,high,0.98,Accessory trigeminal nucleus (CN V sensory) vs. accessory facial nucleus (CN VII motor); distinct brainstem nuclei.,wrong,high,0.9633,3/3,False,3-0,stable,Accessory trigeminal nucleus vs accessory facial nucleus: different cranial nerve nuclei. | Accessory trigeminal nucleus (CN V) vs. accessory facial nucleus (CN VII); different cranial nerve nuclei. | Accessory trigeminal nucleus (CN V sensory) vs. accessory facial nucleus (CN VII motor); distinct brainstem nuclei.,B_algo,wrong top-1 (better candidate exists)
corpus,Temporal horn of the lateral ventricle,needs_review,0.831652,HOMBA:10597,rostral horn of lateral ventricles,bm25+fuzzy,Temporal horn of the lateral ventricle,anterior horn of lateral ventricle,lateral,1.0,caudal horn of lateral ventricles,0.829634,,729,4_unresolved_incorrect.csv,24,wrong,high,0.95,"Query temporal horn, top1 rostral horn (anterior horn), different lateral ventricle horn.",wrong,high,0.95,Temporal horn of lateral ventricle vs. rostral/anterior horn; different ventricular subdivisions.,wrong,high,0.98,"Temporal horn is the inferior horn of lateral ventricle; rostral horn is anterior/frontal horn, different ventricular compartment.",wrong,high,0.96,3/3,False,3-0,stable,"Query temporal horn, top1 rostral horn (anterior horn), different lateral ventricle horn. | Temporal horn of lateral ventricle vs. rostral/anterior horn; different ventricular subdivisions. | Temporal horn is the inferior horn of lateral ventricle; rostral horn is anterior/frontal horn, different ventricular compartment.",B_algo,LLM re-review: temporal(inferior) horn -> rostral/anterior horn (wrong sibling horn)
corpus,Medial dorsal thalamic nucleus,modifier_conflict,0.765336,HOMBA:10445,central medial nucleus of thalamus,bm25+fuzzy,medial dorsal nucleus of thalamus,central medial nucleus of thalamus,medial;dorsal,0.5,ventral medial nucleus of thalamus,0.765336,,730,4_unresolved_incorrect.csv,25,wrong,high,1.0,Medial dorsal thalamic nucleus (MD) and central medial nucleus are distinct thalamic nuclei.,wrong,high,0.95,Central medial nucleus is a distinct thalamic nucleus from medial dorsal nucleus.,wrong,high,0.95,Medial dorsal thalamic nucleus (mediodorsal) is not the central medial nucleus; they are distinct thalamic nuclei with different locations and functions.,wrong,high,0.9667,3/3,False,3-0,stable,Medial dorsal thalamic nucleus (MD) and central medial nucleus are distinct thalamic nuclei. | Central medial nucleus is a distinct thalamic nucleus from medial dorsal nucleus. | Medial dorsal thalamic nucleus (mediodorsal) is not the central medial nucleus; they are distinct thalamic nuclei with different locations and functions.,C_dict,medial dorsal -> mediodorsal (fused) nucleus of thalamus
corpus,Ventralis intermedius,low_confidence,0.37625,HOMBA:12187,anterior (ventral /principal) pretectal nucleus,fuzzy,Ventralis intermedius,ventral,,1.0,anterior (ventral) spinal artery,0.37625,,731,4_unresolved_incorrect.csv,26,wrong,high,1.0,Ventralis intermedius (ventral intermediate nucleus) is not the anterior pretectal nucleus.,wrong,high,0.95,"Ventralis intermedius likely refers to ventral intermediate nucleus of thalamus, not pretectal nucleus.",wrong,high,0.95,"Ventralis intermedius is a motor thalamic nucleus, not the anterior pretectal nucleus. Anatomy is different.",wrong,high,0.9667,3/3,False,3-0,stable,"Ventralis intermedius (ventral intermediate nucleus) is not the anterior pretectal nucleus. | Ventralis intermedius likely refers to ventral intermediate nucleus of thalamus, not pretectal nucleus. | Ventralis intermedius is a motor thalamic nucleus, not the anterior pretectal nucleus. Anatomy is different.",B_algo,weak/lone-token fuzzy trap
corpus,Frontoinsular area,low_confidence,0.4375,HOMBA:12176,insular lobe,fuzzy,Frontoinsular area,insula,,1.0,subincertal nucleus (area),0.304583,,732,4_unresolved_incorrect.csv,27,broader_parent,high,1.0,Frontoinsular area is a subdivision of the insular lobe; top1 is the broader structure.,partial_or_narrower,high,0.9,Frontoinsular area includes frontal and insular cortex; top1 insular lobe only covers the insular component.,broader_parent,high,0.9,"Frontoinsular area is a specific cortical region within the insula; insular lobe is the parent structure, thus a broader but anatomically correct container.",broader_parent,medium,0.9333,2/3,True,2-1,majority_vote,"Frontoinsular area is a subdivision of the insular lobe; top1 is the broader structure. | Frontoinsular area includes frontal and insular cortex; top1 insular lobe only covers the insular component. | Frontoinsular area is a specific cortical region within the insula; insular lobe is the parent structure, thus a broader but anatomically correct container.",B_algo,weak/lone-token fuzzy trap
corpus,Prefrontal area 10pp,low_confidence,0.466685,HOMBA:10172,prefrontal cortex,bm25+fuzzy+hierarchy_parent,Prefrontal area 10pp,prefrontal cortex,,1.0,anterior cingulate  cortex (ventromedial prefrontal cortex),0.444361,,733,4_unresolved_incorrect.csv,28,broader_parent,high,1.0,Prefrontal area 10pp is a specific region within prefrontal cortex; top1 is broader.,broader_parent,high,0.95,Prefrontal area 10pp is a subregion of prefrontal cortex; top1 is the broader parent structure.,broader_parent,high,0.9,"Prefrontal area 10pp is a subarea of the prefrontal cortex, which is the broader parent region.",broader_parent,high,0.95,3/3,False,3-0,stable,"Prefrontal area 10pp is a specific region within prefrontal cortex; top1 is broader. | Prefrontal area 10pp is a subregion of prefrontal cortex; top1 is the broader parent structure. | Prefrontal area 10pp is a subarea of the prefrontal cortex, which is the broader parent region.",D_homba_gap,HOMBA lacks this granularity
corpus,Area 55b,low_confidence,0.468125,HOMBA:AA30011,area 55b of premotor cortex,bm25+fuzzy,Area 55b,area 55b of premotor cortex,,1.0,,,,734,4_unresolved_incorrect.csv,29,aligned,high,1.0,Area 55b directly matches area 55b of premotor cortex.,aligned,high,0.99,Direct match; top1 specifies the same area with additional context.,aligned,high,0.98,"Area 55b is the same entity as area 55b of premotor cortex, just a longer explicit name.",aligned,high,0.99,3/3,False,3-0,stable,"Area 55b directly matches area 55b of premotor cortex. | Direct match; top1 specifies the same area with additional context. | Area 55b is the same entity as area 55b of premotor cortex, just a longer explicit name.",D_homba_gap,HOMBA lacks this granularity
corpus,Paracentral area 5mv,low_confidence,0.468271,HOMBA:12126,"paracentral lobule, rostral part",bm25+fuzzy,Paracentral area 5mv,"paracentral lobule, rostral part",,1.0,paracentral nucleus of thalamus,0.414023,,735,4_unresolved_incorrect.csv,30,partial_or_narrower,medium,0.7,"Top1 is a specific part of paracentral lobule, but query refers to area 5mv, not necessarily the rostral part.",aligned,medium,0.65,"Paracentral area is synonymous with paracentral lobule; rostral part is a valid subdivision, although '5mv' modifier not explicitly captured.",wrong,medium,0.7,"Paracentral area 5 is likely Brodmann area 5 in the superior parietal lobule, not in the rostral part of the paracentral lobule.",no_consensus,low,0.6833,1/3,True,1-1-1,split_vote,"Top1 is a specific part of paracentral lobule, but query refers to area 5mv, not necessarily the rostral part. | Paracentral area is synonymous with paracentral lobule; rostral part is a valid subdivision, although '5mv' modifier not explicitly captured. | Paracentral area 5 is likely Brodmann area 5 in the superior parietal lobule, not in the rostral part of the paracentral lobule.",D_homba_gap,HOMBA lacks this granularity
corpus,Paracentral area 5L,low_confidence,0.473193,HOMBA:12126,"paracentral lobule, rostral part",bm25+fuzzy,Paracentral area 5L,"paracentral lobule, rostral part",,1.0,"rostral division of SPC (area 5, area PE)",0.424342,,736,4_unresolved_incorrect.csv,31,partial_or_narrower,medium,0.7,"Top1 is a specific part of paracentral lobule, but query refers to area 5L, not necessarily the rostral part.",aligned,medium,0.65,"Paracentral area is synonymous with paracentral lobule; rostral part is valid, though '5L' modifier not explicitly captured.",wrong,medium,0.7,"Paracentral area 5L is a subdivision of area 5, which is not part of the paracentral lobule; top1 is anatomically misaligned.",no_consensus,low,0.6833,1/3,True,1-1-1,split_vote,"Top1 is a specific part of paracentral lobule, but query refers to area 5L, not necessarily the rostral part. | Paracentral area is synonymous with paracentral lobule; rostral part is valid, though '5L' modifier not explicitly captured. | Paracentral area 5L is a subdivision of area 5, which is not part of the paracentral lobule; top1 is anatomically misaligned.",D_homba_gap,HOMBA lacks this granularity
corpus,Paracentral area 5m,low_confidence,0.473193,HOMBA:12126,"paracentral lobule, rostral part",bm25+fuzzy,Paracentral area 5m,"paracentral lobule, rostral part",,1.0,"rostral division of SPC (area 5, area PE)",0.424342,,737,4_unresolved_incorrect.csv,32,partial_or_narrower,medium,0.7,"Top1 is a specific part of paracentral lobule, but query refers to area 5m, not necessarily the rostral part.",aligned,medium,0.65,"Paracentral area is synonymous with paracentral lobule; rostral part is valid, though '5m' modifier not explicitly captured.",wrong,medium,0.7,"Paracentral area 5m is a subarea of area 5, which is not located in the rostral paracentral lobule; mismatch.",no_consensus,low,0.6833,1/3,True,1-1-1,split_vote,"Top1 is a specific part of paracentral lobule, but query refers to area 5m, not necessarily the rostral part. | Paracentral area is synonymous with paracentral lobule; rostral part is valid, though '5m' modifier not explicitly captured. | Paracentral area 5m is a subarea of area 5, which is not located in the rostral paracentral lobule; mismatch.",D_homba_gap,HOMBA lacks this granularity
corpus,Prefrontal area 10d,low_confidence,0.473285,HOMBA:10172,prefrontal cortex,bm25+fuzzy+hierarchy_parent,Prefrontal area 10d,prefrontal cortex,,1.0,anterior cingulate  cortex (ventromedial prefrontal cortex),0.450426,,738,4_unresolved_incorrect.csv,33,broader_parent,high,0.9,"Prefrontal area 10d is a subregion of prefrontal cortex, which is the broader anatomically correct parent.",broader_parent,high,0.9,Prefrontal cortex is a valid broader anatomical parent of the specific 'Prefrontal area 10d'.,broader_parent,high,0.95,"Prefrontal area 10d is a specific subdivision of the prefrontal cortex, so top1 is the correct parent region.",broader_parent,high,0.9167,3/3,False,3-0,stable,"Prefrontal area 10d is a subregion of prefrontal cortex, which is the broader anatomically correct parent. | Prefrontal cortex is a valid broader anatomical parent of the specific 'Prefrontal area 10d'. | Prefrontal area 10d is a specific subdivision of the prefrontal cortex, so top1 is the correct parent region.",D_homba_gap,HOMBA lacks this granularity
corpus,Prefrontal area 10r,low_confidence,0.473285,HOMBA:10172,prefrontal cortex,bm25+fuzzy+hierarchy_parent,Prefrontal area 10r,prefrontal cortex,,1.0,anterior cingulate  cortex (ventromedial prefrontal cortex),0.450426,,739,4_unresolved_incorrect.csv,34,broader_parent,high,0.9,"Prefrontal area 10r is a subregion of prefrontal cortex, which is the broader anatomically correct parent.",broader_parent,high,0.9,Prefrontal cortex is a valid broader anatomical parent of the specific 'Prefrontal area 10r'.,broader_parent,high,0.95,Prefrontal area 10r is a subregion of prefrontal cortex; top1 is the appropriate broader anatomical parent.,broader_parent,high,0.9167,3/3,False,3-0,stable,"Prefrontal area 10r is a subregion of prefrontal cortex, which is the broader anatomically correct parent. | Prefrontal cortex is a valid broader anatomical parent of the specific 'Prefrontal area 10r'. | Prefrontal area 10r is a subregion of prefrontal cortex; top1 is the appropriate broader anatomical parent.",D_homba_gap,HOMBA lacks this granularity
corpus,Prefrontal area 47l,low_confidence,0.473285,HOMBA:10172,prefrontal cortex,bm25+fuzzy+hierarchy_parent,Prefrontal area 47l,prefrontal cortex,,1.0,anterior cingulate  cortex (ventromedial prefrontal cortex),0.450426,,740,4_unresolved_incorrect.csv,35,broader_parent,high,0.95,top1 'prefrontal cortex' is the broader anatomical region containing the specific 'Prefrontal area 47l'.,broader_parent,high,0.95,"Query is a specific subarea (area 47l) within prefrontal cortex; top1 is the entire prefrontal cortex, a valid parent.",broader_parent,high,0.95,Query 'Prefrontal area 47l' is a specific subregion of prefrontal cortex; top1 'prefrontal cortex' is the anatomically correct broader parent region.,broader_parent,high,0.95,3/3,False,3-0,stable,"top1 'prefrontal cortex' is the broader anatomical region containing the specific 'Prefrontal area 47l'. | Query is a specific subarea (area 47l) within prefrontal cortex; top1 is the entire prefrontal cortex, a valid parent. | Query 'Prefrontal area 47l' is a specific subregion of prefrontal cortex; top1 'prefrontal cortex' is the anatomically correct broader parent region.",D_homba_gap,HOMBA lacks this granularity
corpus,Prefrontal area 47m,low_confidence,0.473285,HOMBA:10172,prefrontal cortex,bm25+fuzzy+hierarchy_parent,Prefrontal area 47m,prefrontal cortex,,1.0,anterior cingulate  cortex (ventromedial prefrontal cortex),0.450426,,741,4_unresolved_incorrect.csv,36,broader_parent,high,0.95,top1 'prefrontal cortex' is the broader anatomical region containing the specific 'Prefrontal area 47m'.,broader_parent,high,0.95,"Query is a specific subarea (area 47m) within prefrontal cortex; top1 is the entire prefrontal cortex, a valid parent.",broader_parent,high,0.95,Query 'Prefrontal area 47m' is a specific subregion of prefrontal cortex; top1 'prefrontal cortex' is the anatomically correct broader parent region.,broader_parent,high,0.95,3/3,False,3-0,stable,"top1 'prefrontal cortex' is the broader anatomical region containing the specific 'Prefrontal area 47m'. | Query is a specific subarea (area 47m) within prefrontal cortex; top1 is the entire prefrontal cortex, a valid parent. | Query 'Prefrontal area 47m' is a specific subregion of prefrontal cortex; top1 'prefrontal cortex' is the anatomically correct broader parent region.",D_homba_gap,HOMBA lacks this granularity
corpus,Prefrontal area 47r,low_confidence,0.473285,HOMBA:10172,prefrontal cortex,bm25+fuzzy+hierarchy_parent,Prefrontal area 47r,prefrontal cortex,,1.0,anterior cingulate  cortex (ventromedial prefrontal cortex),0.450426,,742,4_unresolved_incorrect.csv,37,broader_parent,high,0.95,top1 'prefrontal cortex' is the broader anatomical region containing the specific 'Prefrontal area 47r'.,broader_parent,high,0.95,"Query is a specific subarea (area 47r) within prefrontal cortex; top1 is the entire prefrontal cortex, a valid parent.",broader_parent,high,0.95,Query 'Prefrontal area 47r' is a specific subregion of prefrontal cortex; top1 'prefrontal cortex' is the anatomically correct broader parent region.,broader_parent,high,0.95,3/3,False,3-0,stable,"top1 'prefrontal cortex' is the broader anatomical region containing the specific 'Prefrontal area 47r'. | Query is a specific subarea (area 47r) within prefrontal cortex; top1 is the entire prefrontal cortex, a valid parent. | Query 'Prefrontal area 47r' is a specific subregion of prefrontal cortex; top1 'prefrontal cortex' is the anatomically correct broader parent region.",D_homba_gap,HOMBA lacks this granularity
corpus,Prefrontal area 47s,low_confidence,0.473285,HOMBA:10172,prefrontal cortex,bm25+fuzzy+hierarchy_parent,Prefrontal area 47s,prefrontal cortex,,1.0,anterior cingulate  cortex (ventromedial prefrontal cortex),0.450426,,743,4_unresolved_incorrect.csv,38,broader_parent,high,0.95,top1 'prefrontal cortex' is the broader anatomical region containing the specific 'Prefrontal area 47s'.,broader_parent,high,0.95,"Query is a specific subarea (area 47s) within prefrontal cortex; top1 is the entire prefrontal cortex, a valid parent.",broader_parent,high,0.95,Query 'Prefrontal area 47s' is a specific subregion of prefrontal cortex; top1 'prefrontal cortex' is the anatomically correct broader parent region.,broader_parent,high,0.95,3/3,False,3-0,stable,"top1 'prefrontal cortex' is the broader anatomical region containing the specific 'Prefrontal area 47s'. | Query is a specific subarea (area 47s) within prefrontal cortex; top1 is the entire prefrontal cortex, a valid parent. | Query 'Prefrontal area 47s' is a specific subregion of prefrontal cortex; top1 'prefrontal cortex' is the anatomically correct broader parent region.",D_homba_gap,HOMBA lacks this granularity
corpus,Prefrontal area 8Ad,low_confidence,0.473285,HOMBA:10172,prefrontal cortex,bm25+fuzzy+hierarchy_parent,Prefrontal area 8Ad,prefrontal cortex,,1.0,anterior cingulate  cortex (ventromedial prefrontal cortex),0.450426,,744,4_unresolved_incorrect.csv,39,broader_parent,high,0.95,top1 'prefrontal cortex' is the broader anatomical region containing the specific 'Prefrontal area 8Ad'.,broader_parent,high,0.95,"Query is a specific subarea (area 8Ad) within prefrontal cortex; top1 is the entire prefrontal cortex, a valid parent.",broader_parent,high,0.95,Query 'Prefrontal area 8Ad' is a specific subregion of prefrontal cortex; top1 'prefrontal cortex' is the anatomically correct broader parent region.,broader_parent,high,0.95,3/3,False,3-0,stable,"top1 'prefrontal cortex' is the broader anatomical region containing the specific 'Prefrontal area 8Ad'. | Query is a specific subarea (area 8Ad) within prefrontal cortex; top1 is the entire prefrontal cortex, a valid parent. | Query 'Prefrontal area 8Ad' is a specific subregion of prefrontal cortex; top1 'prefrontal cortex' is the anatomically correct broader parent region.",D_homba_gap,HOMBA lacks this granularity
corpus,Prefrontal area 8Av,low_confidence,0.473285,HOMBA:10172,prefrontal cortex,bm25+fuzzy+hierarchy_parent,Prefrontal area 8Av,prefrontal cortex,,1.0,anterior cingulate  cortex (ventromedial prefrontal cortex),0.450426,,745,4_unresolved_incorrect.csv,40,broader_parent,high,0.95,Top1 returns the broader parent region 'prefrontal cortex' for the specific subarea 'Prefrontal area 8Av'.,broader_parent,high,0.95,Prefrontal area 8Av is a subregion of prefrontal cortex; top1 correctly identifies the parent structure.,broader_parent,high,0.95,Query is a specific prefrontal cytoarchitectonic area (8Av); top1 is the broader parent region prefrontal cortex.,broader_parent,high,0.95,3/3,False,3-0,stable,Top1 returns the broader parent region 'prefrontal cortex' for the specific subarea 'Prefrontal area 8Av'. | Prefrontal area 8Av is a subregion of prefrontal cortex; top1 correctly identifies the parent structure. | Query is a specific prefrontal cytoarchitectonic area (8Av); top1 is the broader parent region prefrontal cortex.,D_homba_gap,HOMBA lacks this granularity
corpus,Prefrontal area 8BL,low_confidence,0.473285,HOMBA:10172,prefrontal cortex,bm25+fuzzy+hierarchy_parent,Prefrontal area 8BL,prefrontal cortex,,1.0,anterior cingulate  cortex (ventromedial prefrontal cortex),0.450426,,746,4_unresolved_incorrect.csv,41,broader_parent,high,0.95,Top1 returns the broader parent region 'prefrontal cortex' for the specific subarea 'Prefrontal area 8BL'.,broader_parent,high,0.95,Prefrontal area 8BL is a subregion of prefrontal cortex; top1 correctly identifies the parent structure.,broader_parent,high,0.95,Query is a specific prefrontal area (8BL); top1 is the broader parent region prefrontal cortex.,broader_parent,high,0.95,3/3,False,3-0,stable,Top1 returns the broader parent region 'prefrontal cortex' for the specific subarea 'Prefrontal area 8BL'. | Prefrontal area 8BL is a subregion of prefrontal cortex; top1 correctly identifies the parent structure. | Query is a specific prefrontal area (8BL); top1 is the broader parent region prefrontal cortex.,D_homba_gap,HOMBA lacks this granularity
corpus,Prefrontal area 8BM,low_confidence,0.473285,HOMBA:10172,prefrontal cortex,bm25+fuzzy+hierarchy_parent,Prefrontal area 8BM,prefrontal cortex,,1.0,anterior cingulate  cortex (ventromedial prefrontal cortex),0.450426,,747,4_unresolved_incorrect.csv,42,broader_parent,high,0.95,Top1 returns the broader parent region 'prefrontal cortex' for the specific subarea 'Prefrontal area 8BM'.,broader_parent,high,0.95,Prefrontal area 8BM is a subregion of prefrontal cortex; top1 correctly identifies the parent structure.,broader_parent,high,0.95,Query is a specific prefrontal area (8BM); top1 is the broader parent region prefrontal cortex.,broader_parent,high,0.95,3/3,False,3-0,stable,Top1 returns the broader parent region 'prefrontal cortex' for the specific subarea 'Prefrontal area 8BM'. | Prefrontal area 8BM is a subregion of prefrontal cortex; top1 correctly identifies the parent structure. | Query is a specific prefrontal area (8BM); top1 is the broader parent region prefrontal cortex.,D_homba_gap,HOMBA lacks this granularity
corpus,Prefrontal area 8C,low_confidence,0.48031,HOMBA:10172,prefrontal cortex,bm25+fuzzy+hierarchy_parent,Prefrontal area 8C,prefrontal cortex,,1.0,anterior cingulate  cortex (ventromedial prefrontal cortex),0.456893,,748,4_unresolved_incorrect.csv,43,broader_parent,high,0.95,Top1 returns the broader parent region 'prefrontal cortex' for the specific subarea 'Prefrontal area 8C'.,broader_parent,high,0.95,Prefrontal area 8C is a subregion of prefrontal cortex; top1 correctly identifies the parent structure.,broader_parent,high,0.95,Query is a specific prefrontal area (8C); top1 is the broader parent region prefrontal cortex.,broader_parent,high,0.95,3/3,False,3-0,stable,Top1 returns the broader parent region 'prefrontal cortex' for the specific subarea 'Prefrontal area 8C'. | Prefrontal area 8C is a subregion of prefrontal cortex; top1 correctly identifies the parent structure. | Query is a specific prefrontal area (8C); top1 is the broader parent region prefrontal cortex.,D_homba_gap,HOMBA lacks this granularity
corpus,Prefrontal area 9a,low_confidence,0.48031,HOMBA:10172,prefrontal cortex,bm25+fuzzy+hierarchy_parent,Prefrontal area 9a,prefrontal cortex,,1.0,anterior cingulate  cortex (ventromedial prefrontal cortex),0.456893,,749,4_unresolved_incorrect.csv,44,broader_parent,high,0.95,Top1 returns the broader parent region 'prefrontal cortex' for the specific subarea 'Prefrontal area 9a'.,broader_parent,high,0.95,Prefrontal area 9a is a subregion of prefrontal cortex; top1 correctly identifies the parent structure.,broader_parent,high,0.95,Query is a specific prefrontal area (9a); top1 is the broader parent region prefrontal cortex.,broader_parent,high,0.95,3/3,False,3-0,stable,Top1 returns the broader parent region 'prefrontal cortex' for the specific subarea 'Prefrontal area 9a'. | Prefrontal area 9a is a subregion of prefrontal cortex; top1 correctly identifies the parent structure. | Query is a specific prefrontal area (9a); top1 is the broader parent region prefrontal cortex.,D_homba_gap,HOMBA lacks this granularity
corpus,Prefrontal area 9m,low_confidence,0.48031,HOMBA:10172,prefrontal cortex,bm25+fuzzy+hierarchy_parent,Prefrontal area 9m,prefrontal cortex,,1.0,anterior cingulate  cortex (ventromedial prefrontal cortex),0.456893,,750,4_unresolved_incorrect.csv,45,broader_parent,high,0.95,Query specifies a specific subregion of prefrontal cortex; top1 is the broader parent cortex. Anatomically consistent container.,broader_parent,high,0.95,"'Prefrontal cortex' is a valid parent region of 'Prefrontal area 9m', which is a specific subarea.",broader_parent,high,0.95,"Query specifies area 9m, a subsection of prefrontal cortex; top1 is the broader parent region.",broader_parent,high,0.95,3/3,False,3-0,stable,"Query specifies a specific subregion of prefrontal cortex; top1 is the broader parent cortex. Anatomically consistent container. | 'Prefrontal cortex' is a valid parent region of 'Prefrontal area 9m', which is a specific subarea. | Query specifies area 9m, a subsection of prefrontal cortex; top1 is the broader parent region.",D_homba_gap,HOMBA lacks this granularity
corpus,Prefrontal area 9p,low_confidence,0.48031,HOMBA:10172,prefrontal cortex,bm25+fuzzy+hierarchy_parent,Prefrontal area 9p,prefrontal cortex,,1.0,anterior cingulate  cortex (ventromedial prefrontal cortex),0.456893,,751,4_unresolved_incorrect.csv,46,broader_parent,high,0.95,Query specifies a specific subregion of prefrontal cortex; top1 is the broader parent cortex. Anatomically consistent container.,broader_parent,high,0.95,'Prefrontal cortex' is a valid parent region of 'Prefrontal area 9p'.,broader_parent,high,0.95,"Query specifies area 9p, a subsection of prefrontal cortex; top1 is the broader parent region.",broader_parent,high,0.95,3/3,False,3-0,stable,"Query specifies a specific subregion of prefrontal cortex; top1 is the broader parent cortex. Anatomically consistent container. | 'Prefrontal cortex' is a valid parent region of 'Prefrontal area 9p'. | Query specifies area 9p, a subsection of prefrontal cortex; top1 is the broader parent region.",D_homba_gap,HOMBA lacks this granularity
corpus,Vestigial hippocampal sulcus,low_confidence,0.488391,HOMBA:10560,hippocampal commissure,bm25+fuzzy+hierarchy_parent,Vestigial hippocampal sulcus,hippocampal commissure,,1.0,hippocampal fissure,0.483353,,752,4_unresolved_incorrect.csv,47,wrong,high,0.95,"Vestigial hippocampal sulcus is a sulcus, while hippocampal commissure is a fiber bundle. Anatomically different structures.",wrong,high,0.95,"'Hippocampal commissure' is a fiber tract, not the same as the 'Vestigial hippocampal sulcus'.",wrong,high,0.9,Hippocampal sulcus (vestigial) is a sulcal structure; hippocampal commissure is a commissural fiber bundle. Anatomically distinct.,wrong,high,0.9333,3/3,False,3-0,stable,"Vestigial hippocampal sulcus is a sulcus, while hippocampal commissure is a fiber bundle. Anatomically different structures. | 'Hippocampal commissure' is a fiber tract, not the same as the 'Vestigial hippocampal sulcus'. | Hippocampal sulcus (vestigial) is a sulcal structure; hippocampal commissure is a commissural fiber bundle. Anatomically distinct.",B_algo,wrong top-1 (better candidate exists)
corpus,Cingulate area 24dd,low_confidence,0.488395,HOMBA:10217,cingulate subdivision of area 5,bm25+fuzzy,Cingulate area 24dd,cingulate subdivision of area 5,,1.0,cingulate cortex,0.440965,,753,4_unresolved_incorrect.csv,48,wrong,high,0.9,Query is cingulate area 24 (cingulate cortex); top1 is a subdivision of area 5 (parietal lobe). Anatomically mismatched.,wrong,high,0.95,"'Cingulate area 24dd' is in cingulate gyrus, while 'cingulate subdivision of area 5' refers to parietal area 5.",wrong,high,0.9,"Cingulate area 24dd is part of the cingulate gyrus, not a subdivision of parietal area 5. Top1 is off-structure.",wrong,high,0.9167,3/3,False,3-0,stable,"Query is cingulate area 24 (cingulate cortex); top1 is a subdivision of area 5 (parietal lobe). Anatomically mismatched. | 'Cingulate area 24dd' is in cingulate gyrus, while 'cingulate subdivision of area 5' refers to parietal area 5. | Cingulate area 24dd is part of the cingulate gyrus, not a subdivision of parietal area 5. Top1 is off-structure.",D_homba_gap,HOMBA lacks this granularity
corpus,Cingulate area 24dv,low_confidence,0.488395,HOMBA:10217,cingulate subdivision of area 5,bm25+fuzzy,Cingulate area 24dv,cingulate subdivision of area 5,,1.0,cingulate cortex,0.440965,,754,4_unresolved_incorrect.csv,49,wrong,high,0.9,Query is cingulate area 24 (cingulate cortex); top1 is a subdivision of area 5 (parietal lobe). Anatomically mismatched.,wrong,high,0.95,"'Cingulate area 24dv' is in cingulate cortex, not matching 'cingulate subdivision of area 5'.",wrong,high,0.9,"Cingulate area 24dv is part of the cingulate gyrus, not a subdivision of parietal area 5. Top1 is off-structure.",wrong,high,0.9167,3/3,False,3-0,stable,"Query is cingulate area 24 (cingulate cortex); top1 is a subdivision of area 5 (parietal lobe). Anatomically mismatched. | 'Cingulate area 24dv' is in cingulate cortex, not matching 'cingulate subdivision of area 5'. | Cingulate area 24dv is part of the cingulate gyrus, not a subdivision of parietal area 5. Top1 is off-structure.",D_homba_gap,HOMBA lacks this granularity
corpus,Opercular area OP2-3,low_confidence,0.48908,HOMBA:266441161,opercular subdivision of area 44,bm25+fuzzy,Opercular area OP2-3,opercular subdivision of area 44,,1.0,subincertal nucleus (area),0.29025,,755,4_unresolved_incorrect.csv,50,broader_parent,medium,0.7,"Query specifies Opercular area OP2-3, a subregion of opercular cortex. Top1 is broader region covering the whole opercular subdivision of area 44.",broader_parent,medium,0.6,Query 'Opercular area OP2-3' likely refers to subregions of opercular cortex; top1 'opercular subdivision of area 44' is broader encompassing OP2-3.,wrong,high,0.9,"Opercular area OP2-3 is in parietal operculum, not a subdivision of area 44 (frontal operculum). Anatomically different.",broader_parent,medium,0.7333,2/3,True,2-1,majority_vote,"Query specifies Opercular area OP2-3, a subregion of opercular cortex. Top1 is broader region covering the whole opercular subdivision of area 44. | Query 'Opercular area OP2-3' likely refers to subregions of opercular cortex; top1 'opercular subdivision of area 44' is broader encompassing OP2-3. | Opercular area OP2-3 is in parietal operculum, not a subdivision of area 44 (frontal operculum). Anatomically different.",D_homba_gap,HOMBA lacks this granularity
corpus,Premotor area 6mp,low_confidence,0.490741,HOMBA:10168,"premotor cortex (area 6, area FB, secondary motor cortex)",bm25+fuzzy,Premotor area 6mp,premotor cortex,,1.0,area 55b of premotor cortex,0.399311,,756,4_unresolved_incorrect.csv,51,broader_parent,high,0.85,"Query specifies Premotor area 6mp, a medial subdivision of area 6. Top1 is the entire premotor cortex, a broader parent region.",broader_parent,medium,0.7,Query 'Premotor area 6mp' is a specific part of area 6; top1 'premotor cortex (area 6...)' is broader covering entire area 6.,broader_parent,high,0.85,"Premotor area 6mp is a part of area 6 premotor cortex, so top1 (premotor cortex area 6) is broader parent.",broader_parent,medium,0.8,3/3,False,3-0,stable,"Query specifies Premotor area 6mp, a medial subdivision of area 6. Top1 is the entire premotor cortex, a broader parent region. | Query 'Premotor area 6mp' is a specific part of area 6; top1 'premotor cortex (area 6...)' is broader covering entire area 6. | Premotor area 6mp is a part of area 6 premotor cortex, so top1 (premotor cortex area 6) is broader parent.",D_homba_gap,HOMBA lacks this granularity
corpus,Cingulate area 23c,low_confidence,0.493369,HOMBA:10217,cingulate subdivision of area 5,bm25+fuzzy,Cingulate area 23c,cingulate subdivision of area 5,,1.0,cingulate cortex,0.447868,,757,4_unresolved_incorrect.csv,52,wrong,high,0.95,"Query is Cingulate area 23c, a cingulate region. Top1 is cingulate subdivision of area 5, which is anatomically distinct (area 5 is parietal).",wrong,high,0.9,"Query 'Cingulate area 23c' is a cingulate area; top1 'cingulate subdivision of area 5' is anatomically wrong (area 5 is parietal, not cingulate).",wrong,high,0.95,"Cingulate area 23c is part of area 23, not a cingulate subdivision of area 5 (parietal). Wrong region.",wrong,high,0.9333,3/3,False,3-0,stable,"Query is Cingulate area 23c, a cingulate region. Top1 is cingulate subdivision of area 5, which is anatomically distinct (area 5 is parietal). | Query 'Cingulate area 23c' is a cingulate area; top1 'cingulate subdivision of area 5' is anatomically wrong (area 5 is parietal, not cingulate). | Cingulate area 23c is part of area 23, not a cingulate subdivision of area 5 (parietal). Wrong region.",D_homba_gap,HOMBA lacks this granularity
corpus,Cingulate area 23d,low_confidence,0.493369,HOMBA:10217,cingulate subdivision of area 5,bm25+fuzzy,Cingulate area 23d,cingulate subdivision of area 5,,1.0,cingulate cortex,0.447868,,758,4_unresolved_incorrect.csv,53,wrong,high,0.95,"Query is Cingulate area 23d, a cingulate region. Top1 is cingulate subdivision of area 5, which is not part of cingulate cortex (area 5 is parietal).",wrong,high,0.9,Query 'Cingulate area 23d' is cingulate; top1 'cingulate subdivision of area 5' is incorrect (area 5 is parietal).,wrong,high,0.95,"Cingulate area 23d is part of area 23, not area 5. Wrong anatomical assignment.",wrong,high,0.9333,3/3,False,3-0,stable,"Query is Cingulate area 23d, a cingulate region. Top1 is cingulate subdivision of area 5, which is not part of cingulate cortex (area 5 is parietal). | Query 'Cingulate area 23d' is cingulate; top1 'cingulate subdivision of area 5' is incorrect (area 5 is parietal). | Cingulate area 23d is part of area 23, not area 5. Wrong anatomical assignment.",D_homba_gap,HOMBA lacks this granularity
corpus,Cingulate area 31a,low_confidence,0.493369,HOMBA:10217,cingulate subdivision of area 5,bm25+fuzzy,Cingulate area 31a,cingulate subdivision of area 5,,1.0,cingulate cortex,0.447868,,759,4_unresolved_incorrect.csv,54,wrong,high,0.95,"Query is Cingulate area 31a, a posterior cingulate region. Top1 is cingulate subdivision of area 5, which refers to a different anatomical area (area 5 is parietal).",wrong,high,0.9,Query 'Cingulate area 31a' is cingulate; top1 'cingulate subdivision of area 5' is wrong (area 5 is not cingulate).,wrong,high,0.95,"Cingulate area 31a is part of area 31, not area 5. Top1 is anatomically incorrect.",wrong,high,0.9333,3/3,False,3-0,stable,"Query is Cingulate area 31a, a posterior cingulate region. Top1 is cingulate subdivision of area 5, which refers to a different anatomical area (area 5 is parietal). | Query 'Cingulate area 31a' is cingulate; top1 'cingulate subdivision of area 5' is wrong (area 5 is not cingulate). | Cingulate area 31a is part of area 31, not area 5. Top1 is anatomically incorrect.",D_homba_gap,HOMBA lacks this granularity
corpus,Cingulate area a24,low_confidence,0.493369,HOMBA:10217,cingulate subdivision of area 5,bm25+fuzzy,Cingulate area a24,cingulate subdivision of area 5,,1.0,cingulate cortex,0.447868,,760,4_unresolved_incorrect.csv,55,wrong,high,0.95,"Query refers to cingulate area a24 (cingulate gyrus); top1 is cingulate subdivision of area 5, which is parietal, anatomically different.",wrong,high,0.95,"Query is Cingulate area a24 (area 24), but top1 is cingulate subdivision of area 5, which is a different anatomical region.",wrong,high,0.95,"Query is cingulate area a24 (a subdivision of cingulate cortex), not the parietal area 5. Top1 'cingulate subdivision of area 5' is anatomically different.",wrong,high,0.95,3/3,False,3-0,stable,"Query refers to cingulate area a24 (cingulate gyrus); top1 is cingulate subdivision of area 5, which is parietal, anatomically different. | Query is Cingulate area a24 (area 24), but top1 is cingulate subdivision of area 5, which is a different anatomical region. | Query is cingulate area a24 (a subdivision of cingulate cortex), not the parietal area 5. Top1 'cingulate subdivision of area 5' is anatomically different.",D_homba_gap,HOMBA lacks this granularity
corpus,Cingulate area p24,low_confidence,0.493369,HOMBA:10217,cingulate subdivision of area 5,bm25+fuzzy,Cingulate area p24,cingulate subdivision of area 5,,1.0,cingulate cortex,0.447868,,761,4_unresolved_incorrect.csv,56,wrong,high,0.95,"Query refers to cingulate area p24 (cingulate gyrus); top1 is cingulate subdivision of area 5, which is parietal, anatomically different.",wrong,high,0.95,"Query is Cingulate area p24 (area 24), but top1 is cingulate subdivision of area 5, which is a different anatomical region.",wrong,high,0.95,"Query is cingulate area p24 (cingulate subdivision), top1 refers to a subdivision of area 5 (parietal). No anatomical match.",wrong,high,0.95,3/3,False,3-0,stable,"Query refers to cingulate area p24 (cingulate gyrus); top1 is cingulate subdivision of area 5, which is parietal, anatomically different. | Query is Cingulate area p24 (area 24), but top1 is cingulate subdivision of area 5, which is a different anatomical region. | Query is cingulate area p24 (cingulate subdivision), top1 refers to a subdivision of area 5 (parietal). No anatomical match.",D_homba_gap,HOMBA lacks this granularity
corpus,Premotor area 6a,low_confidence,0.498215,HOMBA:10168,"premotor cortex (area 6, area FB, secondary motor cortex)",bm25+fuzzy,Premotor area 6a,premotor cortex,,1.0,area 55b of premotor cortex,0.404119,,762,4_unresolved_incorrect.csv,57,broader_parent,high,0.95,"Query specifies premotor area 6a (subdivision of area 6); top1 is premotor cortex (area 6), the broader parent region.",broader_parent,high,0.9,"Query is Premotor area 6a, a subdivision of premotor cortex; top1 is premotor cortex (area 6), valid broader parent.",broader_parent,high,0.99,"Premotor area 6a is a specific part of premotor cortex (area 6). Top1 is the whole premotor cortex, a valid parent structure.",broader_parent,high,0.9467,3/3,False,3-0,stable,"Query specifies premotor area 6a (subdivision of area 6); top1 is premotor cortex (area 6), the broader parent region. | Query is Premotor area 6a, a subdivision of premotor cortex; top1 is premotor cortex (area 6), valid broader parent. | Premotor area 6a is a specific part of premotor cortex (area 6). Top1 is the whole premotor cortex, a valid parent structure.",D_homba_gap,HOMBA lacks this granularity
corpus,Premotor area 6d,low_confidence,0.498215,HOMBA:10168,"premotor cortex (area 6, area FB, secondary motor cortex)",bm25+fuzzy,Premotor area 6d,premotor cortex,,1.0,area 55b of premotor cortex,0.404119,,763,4_unresolved_incorrect.csv,58,broader_parent,high,0.95,"Query specifies premotor area 6d (subdivision of area 6); top1 is premotor cortex (area 6), the broader parent region.",broader_parent,high,0.9,"Query is Premotor area 6d, a subdivision of premotor cortex; top1 is premotor cortex, valid broader parent.",broader_parent,high,0.99,Premotor area 6d is a subdivision of premotor cortex; top1 correctly names the parent region.,broader_parent,high,0.9467,3/3,False,3-0,stable,"Query specifies premotor area 6d (subdivision of area 6); top1 is premotor cortex (area 6), the broader parent region. | Query is Premotor area 6d, a subdivision of premotor cortex; top1 is premotor cortex, valid broader parent. | Premotor area 6d is a subdivision of premotor cortex; top1 correctly names the parent region.",D_homba_gap,HOMBA lacks this granularity
corpus,Premotor area 6m,low_confidence,0.498215,HOMBA:10168,"premotor cortex (area 6, area FB, secondary motor cortex)",bm25+fuzzy,Premotor area 6m,premotor cortex,,1.0,area 55b of premotor cortex,0.404119,,764,4_unresolved_incorrect.csv,59,broader_parent,high,0.95,"Query specifies premotor area 6m (subdivision of area 6); top1 is premotor cortex (area 6), the broader parent region.",broader_parent,high,0.9,"Query is Premotor area 6m, a subdivision of premotor cortex; top1 is premotor cortex, valid broader parent.",broader_parent,high,0.99,"Premotor area 6m is a subdivision; top1 is the overarching premotor cortex, anatomically compatible.",broader_parent,high,0.9467,3/3,False,3-0,stable,"Query specifies premotor area 6m (subdivision of area 6); top1 is premotor cortex (area 6), the broader parent region. | Query is Premotor area 6m, a subdivision of premotor cortex; top1 is premotor cortex, valid broader parent. | Premotor area 6m is a subdivision; top1 is the overarching premotor cortex, anatomically compatible.",D_homba_gap,HOMBA lacks this granularity
corpus,Premotor area 6r,low_confidence,0.498215,HOMBA:10168,"premotor cortex (area 6, area FB, secondary motor cortex)",bm25+fuzzy,Premotor area 6r,premotor cortex,,1.0,area 55b of premotor cortex,0.404119,,765,4_unresolved_incorrect.csv,60,broader_parent,high,0.95,Premotor area 6r is a subdivision of premotor cortex; top1 is the broader premotor cortex.,aligned,high,0.95,top1_name includes 'premotor cortex (area 6)' which directly matches the query 'Premotor area 6r'.,broader_parent,high,0.95,Top1 is the entire premotor cortex; query specifies subregion 6r. Anatomically correct parent.,broader_parent,medium,0.95,2/3,True,2-1,majority_vote,Premotor area 6r is a subdivision of premotor cortex; top1 is the broader premotor cortex. | top1_name includes 'premotor cortex (area 6)' which directly matches the query 'Premotor area 6r'. | Top1 is the entire premotor cortex; query specifies subregion 6r. Anatomically correct parent.,D_homba_gap,HOMBA lacks this granularity
corpus,Premotor area 6v,low_confidence,0.498215,HOMBA:10168,"premotor cortex (area 6, area FB, secondary motor cortex)",bm25+fuzzy,Premotor area 6v,premotor cortex,,1.0,area 55b of premotor cortex,0.404119,,766,4_unresolved_incorrect.csv,61,broader_parent,high,0.95,Premotor area 6v is a subdivision of premotor cortex; top1 is the broader premotor cortex.,aligned,high,0.95,top1_name includes 'premotor cortex (area 6)' which directly matches the query 'Premotor area 6v'.,broader_parent,high,0.95,"Top1 is premotor cortex; query is a subarea (6v). Broader parent, not wrong.",broader_parent,medium,0.95,2/3,True,2-1,majority_vote,"Premotor area 6v is a subdivision of premotor cortex; top1 is the broader premotor cortex. | top1_name includes 'premotor cortex (area 6)' which directly matches the query 'Premotor area 6v'. | Top1 is premotor cortex; query is a subarea (6v). Broader parent, not wrong.",D_homba_gap,HOMBA lacks this granularity
corpus,Centre median parafascicular complex,low_confidence,0.501895,HOMBA:10428,posterior nuclear complex of thalamus,hierarchy_parent,Centre median parafascicular complex,posterior nuclear complex of thalamus,,1.0,subicular complex,0.454027,,767,4_unresolved_incorrect.csv,62,wrong,high,0.95,"Centre median parafascicular complex is part of intralaminar thalamic nuclei, not posterior nuclear complex.",wrong,high,0.95,"Centre median parafascicular complex is an intralaminar nuclear group, not the posterior nuclear complex of thalamus.",wrong,high,0.95,"Centromedian-parafascicular complex is intralaminar, not part of posterior nuclear complex. Anatomically different thalamic structures.",wrong,high,0.95,3/3,False,3-0,stable,"Centre median parafascicular complex is part of intralaminar thalamic nuclei, not posterior nuclear complex. | Centre median parafascicular complex is an intralaminar nuclear group, not the posterior nuclear complex of thalamus. | Centromedian-parafascicular complex is intralaminar, not part of posterior nuclear complex. Anatomically different thalamic structures.",B_algo,wrong top-1 (better candidate exists)
corpus,Laterodorsal tegmentum,low_confidence,0.504843,HOMBA:AA30860,laterodorsal subdivision of PuM,bm25+fuzzy,Laterodorsal tegmentum,laterodorsal subdivision of PuM,,1.0,pontine tegmentum,0.500243,,768,4_unresolved_incorrect.csv,63,wrong,high,0.95,Laterodorsal tegmentum refers to brainstem tegmental nucleus; top1 laterodorsal subdivision of PuM is a different structure.,partial_or_narrower,medium,0.8,"top1_name 'laterodorsal subdivision of PuM' is a specific subregion, whereas query 'Laterodorsal tegmentum' likely refers to a broader tegmental region.",wrong,high,0.95,"Laterodorsal tegmentum is a brainstem nucleus, not a thalamic subdivision (laterodorsal subdivision of PuM). Entirely different structures.",wrong,medium,0.9,2/3,True,2-1,majority_vote,"Laterodorsal tegmentum refers to brainstem tegmental nucleus; top1 laterodorsal subdivision of PuM is a different structure. | top1_name 'laterodorsal subdivision of PuM' is a specific subregion, whereas query 'Laterodorsal tegmentum' likely refers to a broader tegmental region. | Laterodorsal tegmentum is a brainstem nucleus, not a thalamic subdivision (laterodorsal subdivision of PuM). Entirely different structures.",B_algo,wrong top-1 (better candidate exists)
corpus,Temporal area STSda,low_confidence,0.505197,HOMBA:12139,temporal lobe,bm25+fuzzy+hierarchy_parent,Temporal area STSda,temporal lobe,,1.0,temporal claustrum,0.493558,,769,4_unresolved_incorrect.csv,64,broader_parent,high,0.95,Temporal area STSda is part of temporal lobe; top1 temporal lobe is broader parent.,broader_parent,high,0.95,temporal lobe is a broader anatomical region that contains the temporal area STSda.,broader_parent,high,0.95,"Top1 is temporal lobe; query is a specific cortical area within it (STSda). Correct parent, too broad.",broader_parent,high,0.95,3/3,False,3-0,stable,"Temporal area STSda is part of temporal lobe; top1 temporal lobe is broader parent. | temporal lobe is a broader anatomical region that contains the temporal area STSda. | Top1 is temporal lobe; query is a specific cortical area within it (STSda). Correct parent, too broad.",D_homba_gap,HOMBA lacks this granularity
corpus,Temporal area STSdp,low_confidence,0.505197,HOMBA:12139,temporal lobe,bm25+fuzzy+hierarchy_parent,Temporal area STSdp,temporal lobe,,1.0,temporal claustrum,0.493558,,770,4_unresolved_incorrect.csv,65,broader_parent,high,0.95,Query specifies a subregion of temporal lobe (STSdp); top1 is the parent structure temporal lobe.,broader_parent,high,0.95,Query 'Temporal area STSdp' is a specific subregion of temporal lobe; top1 'temporal lobe' is the broader anatomical parent.,broader_parent,high,0.95,"Query is a specific cortical area (STSdp) within the temporal lobe; top1 is the broader temporal lobe, a correct parent region.",broader_parent,high,0.95,3/3,False,3-0,stable,"Query specifies a subregion of temporal lobe (STSdp); top1 is the parent structure temporal lobe. | Query 'Temporal area STSdp' is a specific subregion of temporal lobe; top1 'temporal lobe' is the broader anatomical parent. | Query is a specific cortical area (STSdp) within the temporal lobe; top1 is the broader temporal lobe, a correct parent region.",D_homba_gap,HOMBA lacks this granularity
corpus,Temporal area STSva,low_confidence,0.505197,HOMBA:12139,temporal lobe,bm25+fuzzy+hierarchy_parent,Temporal area STSva,temporal lobe,,1.0,temporal claustrum,0.493558,,771,4_unresolved_incorrect.csv,66,broader_parent,high,0.95,Query specifies a subregion of temporal lobe (STSva); top1 is the parent structure temporal lobe.,broader_parent,high,0.95,Query 'Temporal area STSva' is a specific subregion of temporal lobe; top1 'temporal lobe' is the broader anatomical parent.,broader_parent,high,0.95,"Query is a specific cortical area (STSva) within the temporal lobe; top1 is the broader temporal lobe, a correct parent region.",broader_parent,high,0.95,3/3,False,3-0,stable,"Query specifies a subregion of temporal lobe (STSva); top1 is the parent structure temporal lobe. | Query 'Temporal area STSva' is a specific subregion of temporal lobe; top1 'temporal lobe' is the broader anatomical parent. | Query is a specific cortical area (STSva) within the temporal lobe; top1 is the broader temporal lobe, a correct parent region.",D_homba_gap,HOMBA lacks this granularity
corpus,Temporal area STSvp,low_confidence,0.505197,HOMBA:12139,temporal lobe,bm25+fuzzy+hierarchy_parent,Temporal area STSvp,temporal lobe,,1.0,temporal claustrum,0.493558,,772,4_unresolved_incorrect.csv,67,broader_parent,high,0.95,Query specifies a subregion of temporal lobe (STSvp); top1 is the parent structure temporal lobe.,broader_parent,high,0.95,Query 'Temporal area STSvp' is a specific subregion of temporal lobe; top1 'temporal lobe' is the broader anatomical parent.,broader_parent,high,0.95,"Query is a specific cortical area (STSvp) within the temporal lobe; top1 is the broader temporal lobe, a correct parent region.",broader_parent,high,0.95,3/3,False,3-0,stable,"Query specifies a subregion of temporal lobe (STSvp); top1 is the parent structure temporal lobe. | Query 'Temporal area STSvp' is a specific subregion of temporal lobe; top1 'temporal lobe' is the broader anatomical parent. | Query is a specific cortical area (STSvp) within the temporal lobe; top1 is the broader temporal lobe, a correct parent region.",D_homba_gap,HOMBA lacks this granularity
corpus,Temporal area STGg,low_confidence,0.512266,HOMBA:12139,temporal lobe,bm25+fuzzy+hierarchy_parent,Temporal area STGg,temporal lobe,,1.0,temporal claustrum,0.500359,,773,4_unresolved_incorrect.csv,68,broader_parent,high,0.95,Query specifies a subregion of temporal lobe (STGg); top1 is the parent structure temporal lobe.,broader_parent,high,0.95,Query 'Temporal area STGg' is a specific subregion of temporal lobe; top1 'temporal lobe' is the broader anatomical parent.,broader_parent,high,0.95,"Query is a specific cortical area (STGg) within the temporal lobe; top1 is the broader temporal lobe, a correct parent region.",broader_parent,high,0.95,3/3,False,3-0,stable,"Query specifies a subregion of temporal lobe (STGg); top1 is the parent structure temporal lobe. | Query 'Temporal area STGg' is a specific subregion of temporal lobe; top1 'temporal lobe' is the broader anatomical parent. | Query is a specific cortical area (STGg) within the temporal lobe; top1 is the broader temporal lobe, a correct parent region.",D_homba_gap,HOMBA lacks this granularity
corpus,Supracalcarine cortex,low_confidence,0.513508,HOMBA:13322,dorsolateral temporal cortex,hierarchy_parent,Supracalcarine cortex,dorsolateral temporal cortex,,1.0,"primary visual cortex (first visual cortex, striate cortex, area 17, area OC)",0.460206,,774,4_unresolved_incorrect.csv,69,wrong,high,0.99,"Supracalcarine cortex is occipital visual cortex, not part of temporal lobe; dorsolateral temporal cortex is off-structure.",wrong,high,0.95,Query 'Supracalcarine cortex' is located in occipital lobe; top1 'dorsolateral temporal cortex' is anatomically different (temporal vs occipital).,wrong,high,0.98,"Supracalcarine cortex is occipital/medial (above calcarine sulcus), not temporal. Top1 dorsolateral temporal cortex is anatomically incorrect.",wrong,high,0.9733,3/3,False,3-0,stable,"Supracalcarine cortex is occipital visual cortex, not part of temporal lobe; dorsolateral temporal cortex is off-structure. | Query 'Supracalcarine cortex' is located in occipital lobe; top1 'dorsolateral temporal cortex' is anatomically different (temporal vs occipital). | Supracalcarine cortex is occipital/medial (above calcarine sulcus), not temporal. Top1 dorsolateral temporal cortex is anatomically incorrect.",B_algo,wrong top-1 (better candidate exists)
corpus,Temporal area TE1a,low_confidence,0.514775,HOMBA:12139,temporal lobe,bm25+fuzzy+hierarchy_parent,Temporal area TE1a,temporal lobe,,1.0,temporal claustrum,0.484723,,775,4_unresolved_incorrect.csv,70,broader_parent,high,0.95,Query is a specific subregion (TE1a) of temporal lobe; top1 is the broader parent structure.,broader_parent,high,0.95,"top1 is temporal lobe, a broader parent of the specified temporal area subregion TE1a.",broader_parent,high,0.95,"Query is specific cytoarchitectonic area TE1a in temporal lobe; top1 is temporal lobe, correct parent container but too broad.",broader_parent,high,0.95,3/3,False,3-0,stable,"Query is a specific subregion (TE1a) of temporal lobe; top1 is the broader parent structure. | top1 is temporal lobe, a broader parent of the specified temporal area subregion TE1a. | Query is specific cytoarchitectonic area TE1a in temporal lobe; top1 is temporal lobe, correct parent container but too broad.",D_homba_gap,HOMBA lacks this granularity
corpus,Temporal area TE1m,low_confidence,0.514775,HOMBA:12139,temporal lobe,bm25+fuzzy+hierarchy_parent,Temporal area TE1m,temporal lobe,,1.0,temporal claustrum,0.494445,,776,4_unresolved_incorrect.csv,71,broader_parent,high,0.95,Query is a specific subregion (TE1m) of temporal lobe; top1 is the broader parent structure.,broader_parent,high,0.95,"top1 is temporal lobe, a broader parent of the specified temporal area subregion TE1m.",broader_parent,high,0.95,"Query TE1m is a temporal subregion; top1 temporal lobe is the anatomically correct parent, though much broader.",broader_parent,high,0.95,3/3,False,3-0,stable,"Query is a specific subregion (TE1m) of temporal lobe; top1 is the broader parent structure. | top1 is temporal lobe, a broader parent of the specified temporal area subregion TE1m. | Query TE1m is a temporal subregion; top1 temporal lobe is the anatomically correct parent, though much broader.",D_homba_gap,HOMBA lacks this granularity
corpus,Temporal area TE1p,low_confidence,0.514775,HOMBA:12139,temporal lobe,bm25+fuzzy+hierarchy_parent,Temporal area TE1p,temporal lobe,,1.0,temporal claustrum,0.484723,,777,4_unresolved_incorrect.csv,72,broader_parent,high,0.95,Query is a specific subregion (TE1p) of temporal lobe; top1 is the broader parent structure.,broader_parent,high,0.95,"top1 is temporal lobe, a broader parent of the specified temporal area subregion TE1p.",broader_parent,high,0.95,"Query TE1p is a temporal lobe subarea; top1 returns the lobe itself, a broader but correct parent structure.",broader_parent,high,0.95,3/3,False,3-0,stable,"Query is a specific subregion (TE1p) of temporal lobe; top1 is the broader parent structure. | top1 is temporal lobe, a broader parent of the specified temporal area subregion TE1p. | Query TE1p is a temporal lobe subarea; top1 returns the lobe itself, a broader but correct parent structure.",D_homba_gap,HOMBA lacks this granularity
corpus,Temporal area TE2a,low_confidence,0.514775,HOMBA:12139,temporal lobe,bm25+fuzzy+hierarchy_parent,Temporal area TE2a,temporal lobe,,1.0,temporal claustrum,0.484723,,778,4_unresolved_incorrect.csv,73,broader_parent,high,0.95,Query is a specific subregion (TE2a) of temporal lobe; top1 is the broader parent structure.,broader_parent,high,0.95,"top1 is temporal lobe, a broader parent of the specified temporal area subregion TE2a.",broader_parent,high,0.95,"Specific area TE2a lies within temporal lobe; top1 lobe is the immediate anatomical parent, acceptable as broader.",broader_parent,high,0.95,3/3,False,3-0,stable,"Query is a specific subregion (TE2a) of temporal lobe; top1 is the broader parent structure. | top1 is temporal lobe, a broader parent of the specified temporal area subregion TE2a. | Specific area TE2a lies within temporal lobe; top1 lobe is the immediate anatomical parent, acceptable as broader.",D_homba_gap,HOMBA lacks this granularity
corpus,Forel's field H,low_confidence,0.51772,HOMBA:AA30325,prerubral field (field H3),bm25+fuzzy,Forel's field H,prerubral field (field H3),,1.0,lenticular fasciculus (field H2),0.511592,,779,4_unresolved_incorrect.csv,74,wrong,medium,0.7,Forel's field H is not conventionally equivalent to prerubral field (field H3); likely mismatched ontology entry.,aligned,high,0.95,"top1 is a synonym for Forel's field H (prerubral field), also known as field H3.",aligned,medium,0.7,"Forel's field H is the prerubral field; top1 includes 'prerubral field' as core name, but unconventional 'H3' designation adds slight ambiguity.",aligned,medium,0.7833,2/3,True,2-1,majority_vote,"Forel's field H is not conventionally equivalent to prerubral field (field H3); likely mismatched ontology entry. | top1 is a synonym for Forel's field H (prerubral field), also known as field H3. | Forel's field H is the prerubral field; top1 includes 'prerubral field' as core name, but unconventional 'H3' designation adds slight ambiguity.",D_homba_gap,HOMBA lacks this granularity
corpus,Temporal area PSL,low_confidence,0.519881,HOMBA:12139,temporal lobe,bm25+fuzzy+hierarchy_parent,Temporal area PSL,temporal lobe,,1.0,temporal claustrum,0.489256,,780,4_unresolved_incorrect.csv,75,broader_parent,medium,0.8,Query specifies a subregion (PSL) within the temporal area; top1 'temporal lobe' is the broader parent structure.,broader_parent,medium,0.8,Query 'Temporal area PSL' likely a specific subregion; top1 'temporal lobe' is the broader parent region.,broader_parent,high,0.9,Temporal area PSL is a specific cortical area within the temporal lobe; temporal lobe is the correct higher-level structure.,broader_parent,high,0.8333,3/3,False,3-0,stable,Query specifies a subregion (PSL) within the temporal area; top1 'temporal lobe' is the broader parent structure. | Query 'Temporal area PSL' likely a specific subregion; top1 'temporal lobe' is the broader parent region. | Temporal area PSL is a specific cortical area within the temporal lobe; temporal lobe is the correct higher-level structure.,D_homba_gap,HOMBA lacks this granularity
corpus,Temporal area TGd,low_confidence,0.519881,HOMBA:12139,temporal lobe,bm25+fuzzy+hierarchy_parent,Temporal area TGd,temporal lobe,,1.0,temporal claustrum,0.489256,,781,4_unresolved_incorrect.csv,76,broader_parent,medium,0.8,Query specifies a subregion (TGd) within the temporal area; top1 'temporal lobe' is the broader parent structure.,broader_parent,medium,0.8,Query 'Temporal area TGd' likely a specific subregion; top1 'temporal lobe' is the broader parent.,broader_parent,high,0.9,Temporal area TGd is a subregion of the temporal lobe; temporal lobe is the appropriate broader parent.,broader_parent,high,0.8333,3/3,False,3-0,stable,Query specifies a subregion (TGd) within the temporal area; top1 'temporal lobe' is the broader parent structure. | Query 'Temporal area TGd' likely a specific subregion; top1 'temporal lobe' is the broader parent. | Temporal area TGd is a subregion of the temporal lobe; temporal lobe is the appropriate broader parent.,D_homba_gap,HOMBA lacks this granularity
corpus,Opercular area OP1,low_confidence,0.520818,HOMBA:266441161,opercular subdivision of area 44,bm25+fuzzy,Opercular area OP1,opercular subdivision of area 44,,1.0,subincertal nucleus (area),0.304583,,782,4_unresolved_incorrect.csv,77,wrong,medium,0.8,"Query 'Opercular area OP1' refers to parietal operculum; top1 'opercular subdivision of area 44' is in frontal operculum, anatomically different.",wrong,high,0.9,"Query 'OP1' is a specific opercular area; top1 'opercular subdivision of area 44' is a different parcellation, not synonymous.",broader_parent,medium,0.85,Opercular area OP1 is a subdivision of the opercular region; opercular subdivision of area 44 is the correct broader parent region.,wrong,medium,0.85,2/3,True,2-1,majority_vote,"Query 'Opercular area OP1' refers to parietal operculum; top1 'opercular subdivision of area 44' is in frontal operculum, anatomically different. | Query 'OP1' is a specific opercular area; top1 'opercular subdivision of area 44' is a different parcellation, not synonymous. | Opercular area OP1 is a subdivision of the opercular region; opercular subdivision of area 44 is the correct broader parent region.",D_homba_gap,HOMBA lacks this granularity
corpus,Opercular area OP4,low_confidence,0.527818,HOMBA:266441161,opercular subdivision of area 44,bm25+fuzzy,Opercular area OP4,opercular subdivision of area 44,,1.0,subincertal nucleus (area),0.304583,,783,4_unresolved_incorrect.csv,78,wrong,medium,0.8,"Query 'Opercular area OP4' refers to parietal operculum; top1 'opercular subdivision of area 44' is in frontal operculum, anatomically different.",wrong,high,0.9,Query 'OP4' is a distinct opercular area; top1 'opercular subdivision of area 44' is not the same structure.,broader_parent,medium,0.85,Opercular area OP4 is a subdivision of the opercular region; opercular subdivision of area 44 is the correct broader parent region.,wrong,medium,0.85,2/3,True,2-1,majority_vote,"Query 'Opercular area OP4' refers to parietal operculum; top1 'opercular subdivision of area 44' is in frontal operculum, anatomically different. | Query 'OP4' is a distinct opercular area; top1 'opercular subdivision of area 44' is not the same structure. | Opercular area OP4 is a subdivision of the opercular region; opercular subdivision of area 44 is the correct broader parent region.",D_homba_gap,HOMBA lacks this granularity
corpus,Area PH,low_confidence,0.529821,HOMBA:AA30351,subincertal nucleus (area),fuzzy,Area PH,area,,1.0,ventral tuberomammillary nucleus (area),0.529821,,784,4_unresolved_incorrect.csv,79,wrong,low,0.6,"Query 'Area PH' likely refers to parahippocampal area; top1 'subincertal nucleus (area)' is a hypothalamic structure, unrelated.",wrong,medium,0.8,Query 'Area PH' typically refers to perihypoglossal nucleus; top1 'subincertal nucleus' is a different brain region.,wrong,high,0.95,Area PH (likely posterior hypothalamic area) is anatomically distinct from subincertal nucleus; the match is based solely on the word 'area'.,wrong,medium,0.7833,3/3,False,3-0,stable+low_certainty,"Query 'Area PH' likely refers to parahippocampal area; top1 'subincertal nucleus (area)' is a hypothalamic structure, unrelated. | Query 'Area PH' typically refers to perihypoglossal nucleus; top1 'subincertal nucleus' is a different brain region. | Area PH (likely posterior hypothalamic area) is anatomically distinct from subincertal nucleus; the match is based solely on the word 'area'.",B_algo,weak/lone-token fuzzy trap
corpus,Precuneal cortex,low_confidence,0.534309,HOMBA:10172,prefrontal cortex,bm25+fuzzy,Precuneal cortex,prefrontal cortex,,1.0,frontal cortex,0.528305,,785,4_unresolved_incorrect.csv,80,wrong,high,0.98,Precuneal cortex is parietal; prefrontal cortex is frontal; different lobe.,wrong,high,0.95,Precuneal cortex is parietal; prefrontal cortex is frontal; anatomically different structures.,wrong,high,0.98,"Precuneal cortex is parietal lobe, prefrontal cortex is frontal lobe; anatomically distinct structures.",wrong,high,0.97,3/3,False,3-0,stable,"Precuneal cortex is parietal; prefrontal cortex is frontal; different lobe. | Precuneal cortex is parietal; prefrontal cortex is frontal; anatomically different structures. | Precuneal cortex is parietal lobe, prefrontal cortex is frontal lobe; anatomically distinct structures.",B_algo,wrong top-1 (better candidate exists)
corpus,Prefrontal area 9-46d,low_confidence,0.544979,HOMBA:10181,intermediate division of DFC (area 9/46),bm25+fuzzy,Prefrontal area 9-46d,area 9,,1.0,"rostrodorsal division of DFC (area 9, DFCd)",0.544979,,786,4_unresolved_incorrect.csv,81,wrong,high,0.98,Dorsal part of area 9/46 vs intermediate division; different subdivisions.,broader_parent,high,0.9,"Query specifies dorsal division of area 9/46; top1 is the parent area 9/46 (intermediate division of DFC), anatomically valid broader region.",broader_parent,high,0.95,Area 9-46d is a specific dorsolateral prefrontal subdivision; area 9/46 is its parent region.,broader_parent,medium,0.9433,2/3,True,2-1,majority_vote,"Dorsal part of area 9/46 vs intermediate division; different subdivisions. | Query specifies dorsal division of area 9/46; top1 is the parent area 9/46 (intermediate division of DFC), anatomically valid broader region. | Area 9-46d is a specific dorsolateral prefrontal subdivision; area 9/46 is its parent region.",D_homba_gap,HOMBA lacks this granularity
corpus,Prefrontal area 9-46v,low_confidence,0.544979,HOMBA:10181,intermediate division of DFC (area 9/46),bm25+fuzzy,Prefrontal area 9-46v,area 9,,1.0,"rostrodorsal division of DFC (area 9, DFCd)",0.544979,,787,4_unresolved_incorrect.csv,82,wrong,high,0.98,Ventral part of area 9/46 vs intermediate division; different subdivisions.,broader_parent,high,0.9,"Query specifies ventral division of area 9/46; top1 is the parent area 9/46, anatomically valid broader region.",broader_parent,high,0.95,Area 9-46v is a specific dorsolateral prefrontal subdivision; area 9/46 is its parent region.,broader_parent,medium,0.9433,2/3,True,2-1,majority_vote,"Ventral part of area 9/46 vs intermediate division; different subdivisions. | Query specifies ventral division of area 9/46; top1 is the parent area 9/46, anatomically valid broader region. | Area 9-46v is a specific dorsolateral prefrontal subdivision; area 9/46 is its parent region.",D_homba_gap,HOMBA lacks this granularity
corpus,A1 catecholaminergic cell group,low_confidence,0.546631,HOMBA:AA30843,A8 dopamine cell group,bm25+fuzzy,A1 catecholaminergic cell group,A8 dopamine cell group,,1.0,A2 noradrenaline cell group,0.505414,,788,4_unresolved_incorrect.csv,83,wrong,high,0.98,A1 is noradrenergic medullary group; A8 is dopaminergic midbrain group; different.,wrong,high,0.95,A1 catecholaminergic cell group is in medulla; A8 dopamine cell group is in midbrain; distinct cell groups.,wrong,high,0.98,A1 catecholaminergic cell group is noradrenergic; A8 dopamine cell group is a different cell group.,wrong,high,0.97,3/3,False,3-0,stable,A1 is noradrenergic medullary group; A8 is dopaminergic midbrain group; different. | A1 catecholaminergic cell group is in medulla; A8 dopamine cell group is in midbrain; distinct cell groups. | A1 catecholaminergic cell group is noradrenergic; A8 dopamine cell group is a different cell group.,D_homba_gap,HOMBA lacks this granularity
corpus,A4 catecholaminergic cell group,low_confidence,0.546631,HOMBA:AA30843,A8 dopamine cell group,bm25+fuzzy,A4 catecholaminergic cell group,A8 dopamine cell group,,1.0,A2 noradrenaline cell group,0.505414,,789,4_unresolved_incorrect.csv,84,wrong,high,0.98,A4 is noradrenergic medullary group; A8 is dopaminergic midbrain group; different.,wrong,high,0.95,A4 catecholaminergic cell group is distinct from A8 dopamine cell group; different locations and neurotransmitter.,wrong,high,0.98,A4 catecholaminergic cell group is noradrenergic; A8 dopamine cell group is a different cell group.,wrong,high,0.97,3/3,False,3-0,stable,A4 is noradrenergic medullary group; A8 is dopaminergic midbrain group; different. | A4 catecholaminergic cell group is distinct from A8 dopamine cell group; different locations and neurotransmitter. | A4 catecholaminergic cell group is noradrenergic; A8 dopamine cell group is a different cell group.,D_homba_gap,HOMBA lacks this granularity
corpus,A5 catecholaminergic cell group,low_confidence,0.546631,HOMBA:AA30843,A8 dopamine cell group,bm25+fuzzy,A5 catecholaminergic cell group,A8 dopamine cell group,,1.0,A2 noradrenaline cell group,0.505414,,790,4_unresolved_incorrect.csv,85,wrong,high,0.95,A5 and A8 are distinct catecholaminergic cell groups; top1 anatomically different from query.,wrong,high,0.95,A5 catecholaminergic cell group and A8 dopamine cell group are distinct brainstem cell groups.,wrong,high,0.95,"A5 and A8 are distinct brainstem catecholaminergic cell groups; A5 is in ventrolateral pons, A8 in retrorubral field.",wrong,high,0.95,3/3,False,3-0,stable,"A5 and A8 are distinct catecholaminergic cell groups; top1 anatomically different from query. | A5 catecholaminergic cell group and A8 dopamine cell group are distinct brainstem cell groups. | A5 and A8 are distinct brainstem catecholaminergic cell groups; A5 is in ventrolateral pons, A8 in retrorubral field.",D_homba_gap,HOMBA lacks this granularity
corpus,Insular area FOP1,low_confidence,0.547455,HOMBA:12176,insular lobe,bm25+fuzzy+hierarchy_parent,Insular area FOP1,insula,,1.0,major insular cortex,0.424743,,791,4_unresolved_incorrect.csv,86,broader_parent,high,0.9,FOP1 is a subregion within the insular lobe; top1 is broader parent structure.,broader_parent,high,0.95,FOP1 is a specific area within insular lobe; insular lobe is the broader parent structure.,broader_parent,high,0.9,FOP1 is a specific insular area; insular lobe is the correct parent region.,broader_parent,high,0.9167,3/3,False,3-0,stable,FOP1 is a subregion within the insular lobe; top1 is broader parent structure. | FOP1 is a specific area within insular lobe; insular lobe is the broader parent structure. | FOP1 is a specific insular area; insular lobe is the correct parent region.,D_homba_gap,HOMBA lacks this granularity
corpus,Insular area FOP2,low_confidence,0.547455,HOMBA:12176,insular lobe,bm25+fuzzy+hierarchy_parent,Insular area FOP2,insula,,1.0,major insular cortex,0.424743,,792,4_unresolved_incorrect.csv,87,broader_parent,high,0.9,FOP2 is a subregion of the insular lobe; top1 is broader parent structure.,broader_parent,high,0.95,FOP2 is a specific area within insular lobe; insular lobe is the broader parent structure.,broader_parent,high,0.9,FOP2 is a specific insular area; insular lobe is the correct parent region.,broader_parent,high,0.9167,3/3,False,3-0,stable,FOP2 is a subregion of the insular lobe; top1 is broader parent structure. | FOP2 is a specific area within insular lobe; insular lobe is the broader parent structure. | FOP2 is a specific insular area; insular lobe is the correct parent region.,D_homba_gap,HOMBA lacks this granularity
corpus,Insular area FOP3,low_confidence,0.547455,HOMBA:12176,insular lobe,bm25+fuzzy+hierarchy_parent,Insular area FOP3,insula,,1.0,major insular cortex,0.424743,,793,4_unresolved_incorrect.csv,88,broader_parent,high,0.9,FOP3 is a subregion of the insular lobe; top1 is broader parent structure.,broader_parent,high,0.95,FOP3 is a specific area within insular lobe; insular lobe is the broader parent structure.,broader_parent,high,0.9,FOP3 is a specific insular area; insular lobe is the correct parent region.,broader_parent,high,0.9167,3/3,False,3-0,stable,FOP3 is a subregion of the insular lobe; top1 is broader parent structure. | FOP3 is a specific area within insular lobe; insular lobe is the broader parent structure. | FOP3 is a specific insular area; insular lobe is the correct parent region.,D_homba_gap,HOMBA lacks this granularity
corpus,Insular area FOP4,low_confidence,0.547455,HOMBA:12176,insular lobe,bm25+fuzzy+hierarchy_parent,Insular area FOP4,insula,,1.0,major insular cortex,0.424743,,794,4_unresolved_incorrect.csv,89,broader_parent,high,0.9,FOP4 is a subregion of the insular lobe; top1 is broader parent structure.,broader_parent,high,0.95,FOP4 is a specific area within insular lobe; insular lobe is the broader parent structure.,broader_parent,high,0.9,FOP4 is a specific insular area; insular lobe is the correct parent region.,broader_parent,high,0.9167,3/3,False,3-0,stable,FOP4 is a subregion of the insular lobe; top1 is broader parent structure. | FOP4 is a specific area within insular lobe; insular lobe is the broader parent structure. | FOP4 is a specific insular area; insular lobe is the correct parent region.,D_homba_gap,HOMBA lacks this granularity
corpus,Insular area FOP5,low_confidence,0.547455,HOMBA:12176,insular lobe,bm25+fuzzy+hierarchy_parent,Insular area FOP5,insula,,1.0,major insular cortex,0.424743,,795,4_unresolved_incorrect.csv,90,broader_parent,high,0.95,Insular area FOP5 is a specific subregion; insular lobe is its broader parent.,broader_parent,high,0.95,"Query specifies insular area FOP5, but top1 is the entire insular lobe. Anatomically valid parent for this region.",broader_parent,high,0.95,"Insular area FOP5 is a subdivision of the insular lobe; top1 names the entire lobe, a correct broader parent.",broader_parent,high,0.95,3/3,False,3-0,stable,"Insular area FOP5 is a specific subregion; insular lobe is its broader parent. | Query specifies insular area FOP5, but top1 is the entire insular lobe. Anatomically valid parent for this region. | Insular area FOP5 is a subdivision of the insular lobe; top1 names the entire lobe, a correct broader parent.",D_homba_gap,HOMBA lacks this granularity
corpus,Anterior intraparietal area,low_confidence,0.554875,HOMBA:12840,"lobule II (central lobule and wing, anterior part)",bm25+fuzzy,Anterior intraparietal area,anterior part,,1.0,"lobule IV (culmen and quadrangular lobule, anterior part)",0.554875,,796,4_unresolved_incorrect.csv,91,wrong,high,0.98,"Anterior intraparietal area is in parietal lobe, not cerebellar lobule II.",wrong,high,0.95,"'Anterior intraparietal area' is in parietal cortex, but top1 refers to cerebellar lobule II, a completely different structure.",wrong,high,0.99,"Anterior intraparietal area is a parietal cortical region; top1 is a cerebellar lobule (II), anatomically different.",wrong,high,0.9733,3/3,False,3-0,stable,"Anterior intraparietal area is in parietal lobe, not cerebellar lobule II. | 'Anterior intraparietal area' is in parietal cortex, but top1 refers to cerebellar lobule II, a completely different structure. | Anterior intraparietal area is a parietal cortical region; top1 is a cerebellar lobule (II), anatomically different.",B_algo,wrong top-1 (better candidate exists)
corpus,Cuneal cortex,low_confidence,0.566442,HOMBA:12308,external shell (cortex) of inferior colliculus,bm25+fuzzy,Cuneal cortex,cortex,,1.0,"primary visual cortex (first visual cortex, striate cortex, area 17, area OC)",0.544575,,797,4_unresolved_incorrect.csv,92,wrong,high,0.98,Cuneal cortex is in occipital lobe; top1 is inferior colliculus (midbrain).,wrong,high,0.95,"'Cuneal cortex' is occipital visual cortex, top1 is inferior colliculus (auditory midbrain), anatomically unrelated.",wrong,high,0.99,"Cuneal cortex is the cuneus (occipital lobe); top1 is external shell of inferior colliculus, a brainstem auditory structure, anatomically different.",wrong,high,0.9733,3/3,False,3-0,stable,"Cuneal cortex is in occipital lobe; top1 is inferior colliculus (midbrain). | 'Cuneal cortex' is occipital visual cortex, top1 is inferior colliculus (auditory midbrain), anatomically unrelated. | Cuneal cortex is the cuneus (occipital lobe); top1 is external shell of inferior colliculus, a brainstem auditory structure, anatomically different.",B_algo,wrong top-1 (better candidate exists)
corpus,Temporal area TF,low_confidence,0.568748,HOMBA:10260,lateral division of PHC (area TF),bm25+fuzzy,Temporal area TF,area TF,,1.0,temporal lobe,0.528107,,798,4_unresolved_incorrect.csv,93,aligned,high,0.97,Temporal area TF is synonymous with lateral division of PHC (area TF).,aligned,high,0.95,"'Temporal area TF' matches 'lateral division of PHC (area TF)', a known synonym for parahippocampal area TF.",aligned,high,0.95,"Area TF is a subdivision of PHC, top1 explicitly names 'area TF' in 'lateral division of PHC (area TF)', exact match.",aligned,high,0.9567,3/3,False,3-0,stable,"Temporal area TF is synonymous with lateral division of PHC (area TF). | 'Temporal area TF' matches 'lateral division of PHC (area TF)', a known synonym for parahippocampal area TF. | Area TF is a subdivision of PHC, top1 explicitly names 'area TF' in 'lateral division of PHC (area TF)', exact match.",D_homba_gap,HOMBA lacks this granularity
corpus,Parietal area IP0,low_confidence,0.574173,HOMBA:12131,parietal lobe,bm25+fuzzy+hierarchy_parent,Parietal area IP0,parietal lobe,,1.0,parietal operculum,0.494173,,799,4_unresolved_incorrect.csv,94,broader_parent,high,0.95,Parietal area IP0 is a specific area; parietal lobe is its broader parent.,broader_parent,high,0.95,"Query is 'parietal area IP0', top1 is 'parietal lobe', a valid broader anatomical container.",broader_parent,high,0.9,"Parietal area IP0 is a specific intraparietal region; top1 is the entire parietal lobe, a correct broader parent.",broader_parent,high,0.9333,3/3,False,3-0,stable,"Parietal area IP0 is a specific area; parietal lobe is its broader parent. | Query is 'parietal area IP0', top1 is 'parietal lobe', a valid broader anatomical container. | Parietal area IP0 is a specific intraparietal region; top1 is the entire parietal lobe, a correct broader parent.",D_homba_gap,HOMBA lacks this granularity
corpus,Parietal area IP1,low_confidence,0.574173,HOMBA:12131,parietal lobe,bm25+fuzzy+hierarchy_parent,Parietal area IP1,parietal lobe,,1.0,parietal operculum,0.494173,,800,4_unresolved_incorrect.csv,95,broader_parent,high,0.95,"Query is a specific parietal area (IP1); top1 is the broader parietal lobe, its correct parent.",broader_parent,high,1.0,"The query is a specific parietal area (IP1), but top1 is the broader parietal lobe, an anatomically valid parent.",broader_parent,high,0.95,Query 'Parietal area IP1' is a specific cortical region within the parietal lobe; top1 'parietal lobe' is the anatomically correct broader parent.,broader_parent,high,0.9667,3/3,False,3-0,stable,"Query is a specific parietal area (IP1); top1 is the broader parietal lobe, its correct parent. | The query is a specific parietal area (IP1), but top1 is the broader parietal lobe, an anatomically valid parent. | Query 'Parietal area IP1' is a specific cortical region within the parietal lobe; top1 'parietal lobe' is the anatomically correct broader parent.",D_homba_gap,HOMBA lacks this granularity
corpus,Parietal area IP2,low_confidence,0.574173,HOMBA:12131,parietal lobe,bm25+fuzzy+hierarchy_parent,Parietal area IP2,parietal lobe,,1.0,parietal operculum,0.494173,,801,4_unresolved_incorrect.csv,96,broader_parent,high,0.95,"Query is a specific parietal area (IP2); top1 is the broader parietal lobe, its correct parent.",broader_parent,high,1.0,"The query is a specific parietal area (IP2), but top1 is the broader parietal lobe, an anatomically valid parent.",broader_parent,high,0.95,Query 'Parietal area IP2' is a specific cortical region within the parietal lobe; top1 'parietal lobe' is the anatomically correct broader parent.,broader_parent,high,0.9667,3/3,False,3-0,stable,"Query is a specific parietal area (IP2); top1 is the broader parietal lobe, its correct parent. | The query is a specific parietal area (IP2), but top1 is the broader parietal lobe, an anatomically valid parent. | Query 'Parietal area IP2' is a specific cortical region within the parietal lobe; top1 'parietal lobe' is the anatomically correct broader parent.",D_homba_gap,HOMBA lacks this granularity
corpus,Parietal area PFt,low_confidence,0.574173,HOMBA:12131,parietal lobe,bm25+fuzzy+hierarchy_parent,Parietal area PFt,parietal lobe,,1.0,"rostral division of IPC (IPCr, area 40, area PF)",0.496324,,802,4_unresolved_incorrect.csv,97,broader_parent,high,0.95,"Query is a specific parietal area (PFt); top1 is the broader parietal lobe, its correct parent.",broader_parent,high,1.0,"The query is a specific parietal area (PFt), but top1 is the broader parietal lobe, an anatomically valid parent.",broader_parent,high,0.95,Query 'Parietal area PFt' is a specific cortical region within the parietal lobe; top1 'parietal lobe' is the anatomically correct broader parent.,broader_parent,high,0.9667,3/3,False,3-0,stable,"Query is a specific parietal area (PFt); top1 is the broader parietal lobe, its correct parent. | The query is a specific parietal area (PFt), but top1 is the broader parietal lobe, an anatomically valid parent. | Query 'Parietal area PFt' is a specific cortical region within the parietal lobe; top1 'parietal lobe' is the anatomically correct broader parent.",D_homba_gap,HOMBA lacks this granularity
corpus,Parietal area PGi,low_confidence,0.574173,HOMBA:12131,parietal lobe,bm25+fuzzy+hierarchy_parent,Parietal area PGi,parietal lobe,,1.0,parietal operculum,0.494173,,803,4_unresolved_incorrect.csv,98,broader_parent,high,0.95,"Query is a specific parietal area (PGi); top1 is the broader parietal lobe, its correct parent.",broader_parent,high,1.0,"The query is a specific parietal area (PGi), but top1 is the broader parietal lobe, an anatomically valid parent.",broader_parent,high,0.95,Query 'Parietal area PGi' is a specific cortical region within the parietal lobe; top1 'parietal lobe' is the anatomically correct broader parent.,broader_parent,high,0.9667,3/3,False,3-0,stable,"Query is a specific parietal area (PGi); top1 is the broader parietal lobe, its correct parent. | The query is a specific parietal area (PGi), but top1 is the broader parietal lobe, an anatomically valid parent. | Query 'Parietal area PGi' is a specific cortical region within the parietal lobe; top1 'parietal lobe' is the anatomically correct broader parent.",D_homba_gap,HOMBA lacks this granularity
corpus,Parietal area PGp,low_confidence,0.574173,HOMBA:12131,parietal lobe,bm25+fuzzy+hierarchy_parent,Parietal area PGp,parietal lobe,,1.0,parietal operculum,0.494173,,804,4_unresolved_incorrect.csv,99,broader_parent,high,0.95,"Query is a specific parietal area (PGp); top1 is the broader parietal lobe, its correct parent.",broader_parent,high,1.0,"The query is a specific parietal area (PGp), but top1 is the broader parietal lobe, an anatomically valid parent.",broader_parent,high,0.95,Query 'Parietal area PGp' is a specific cortical region within the parietal lobe; top1 'parietal lobe' is the anatomically correct broader parent.,broader_parent,high,0.9667,3/3,False,3-0,stable,"Query is a specific parietal area (PGp); top1 is the broader parietal lobe, its correct parent. | The query is a specific parietal area (PGp), but top1 is the broader parietal lobe, an anatomically valid parent. | Query 'Parietal area PGp' is a specific cortical region within the parietal lobe; top1 'parietal lobe' is the anatomically correct broader parent.",D_homba_gap,HOMBA lacks this granularity
corpus,Parietal area PGs,low_confidence,0.574173,HOMBA:12131,parietal lobe,bm25+fuzzy+hierarchy_parent,Parietal area PGs,parietal lobe,,1.0,parietal operculum,0.494173,,805,4_unresolved_incorrect.csv,100,broader_parent,high,0.95,top1 is the parent lobe of the specified cortical area,broader_parent,high,0.9,Query 'Parietal area PGs' is a specific subdivision of the parietal lobe; top1 is the broader lobe itself.,broader_parent,high,0.9,"Query 'Parietal area PGs' is a specific parietal cortical area; top1 'parietal lobe' is its anatomical parent lobe, which is broader but correct container.",broader_parent,high,0.9167,3/3,False,3-0,stable,"top1 is the parent lobe of the specified cortical area | Query 'Parietal area PGs' is a specific subdivision of the parietal lobe; top1 is the broader lobe itself. | Query 'Parietal area PGs' is a specific parietal cortical area; top1 'parietal lobe' is its anatomical parent lobe, which is broader but correct container.",D_homba_gap,HOMBA lacks this granularity
corpus,Frontal area SFL,low_confidence,0.579864,HOMBA:12113,frontal lobe,bm25+fuzzy+hierarchy_parent,Frontal area SFL,frontal lobe,,1.0,frontal pole,0.499864,,806,4_unresolved_incorrect.csv,101,broader_parent,high,0.95,top1 is the parent lobe of the specified cortical area,broader_parent,high,0.9,Query 'Frontal area SFL' is a specific subdivision of the frontal lobe; top1 is the broader lobe itself.,broader_parent,high,0.9,"Query 'Frontal area SFL' is a specific frontal cortical area; top1 'frontal lobe' is its anatomical parent lobe, a broader correct container.",broader_parent,high,0.9167,3/3,False,3-0,stable,"top1 is the parent lobe of the specified cortical area | Query 'Frontal area SFL' is a specific subdivision of the frontal lobe; top1 is the broader lobe itself. | Query 'Frontal area SFL' is a specific frontal cortical area; top1 'frontal lobe' is its anatomical parent lobe, a broader correct container.",D_homba_gap,HOMBA lacks this granularity
corpus,Parietal area PFm,low_confidence,0.584173,HOMBA:12131,parietal lobe,bm25+fuzzy+hierarchy_parent,Parietal area PFm,parietal lobe,,1.0,parietal operculum,0.504173,,807,4_unresolved_incorrect.csv,102,broader_parent,high,0.95,top1 is the parent lobe of the specified cortical area,broader_parent,high,0.9,Query 'Parietal area PFm' is a specific subdivision of the parietal lobe; top1 is the broader lobe itself.,broader_parent,high,0.9,"Query 'Parietal area PFm' is a specific parietal cortical area; top1 'parietal lobe' is its parent lobe, a broader but correct anatomical container.",broader_parent,high,0.9167,3/3,False,3-0,stable,"top1 is the parent lobe of the specified cortical area | Query 'Parietal area PFm' is a specific subdivision of the parietal lobe; top1 is the broader lobe itself. | Query 'Parietal area PFm' is a specific parietal cortical area; top1 'parietal lobe' is its parent lobe, a broader but correct anatomical container.",D_homba_gap,HOMBA lacks this granularity
corpus,Parietal area PFop,low_confidence,0.585961,HOMBA:12131,parietal lobe,bm25+fuzzy+hierarchy_parent,Parietal area PFop,parietal lobe,,1.0,parietal operculum,0.505961,,808,4_unresolved_incorrect.csv,103,broader_parent,high,0.95,top1 is the parent lobe of the specified cortical area,broader_parent,high,0.9,Query 'Parietal area PFop' is a specific subdivision of the parietal lobe; top1 is the broader lobe itself.,broader_parent,high,0.9,"Query 'Parietal area PFop' is a specific parietal cortical area; top1 'parietal lobe' is the anatomically correct parent lobe, broader than the query.",broader_parent,high,0.9167,3/3,False,3-0,stable,"top1 is the parent lobe of the specified cortical area | Query 'Parietal area PFop' is a specific subdivision of the parietal lobe; top1 is the broader lobe itself. | Query 'Parietal area PFop' is a specific parietal cortical area; top1 'parietal lobe' is the anatomically correct parent lobe, broader than the query.",D_homba_gap,HOMBA lacks this granularity
corpus,Parietal area PFcm,low_confidence,0.58735,HOMBA:12131,parietal lobe,bm25+fuzzy+hierarchy_parent,Parietal area PFcm,parietal lobe,,1.0,parietal operculum,0.50735,,809,4_unresolved_incorrect.csv,104,broader_parent,high,0.95,top1 is the parent lobe of the specified cortical area,broader_parent,high,0.9,Query 'Parietal area PFcm' is a specific subdivision of the parietal lobe; top1 is the broader lobe itself.,broader_parent,high,0.9,"Query 'Parietal area PFcm' is a specific parietal cortical area; top1 'parietal lobe' is its broader anatomical parent, not the exact area but not wrong.",broader_parent,high,0.9167,3/3,False,3-0,stable,"top1 is the parent lobe of the specified cortical area | Query 'Parietal area PFcm' is a specific subdivision of the parietal lobe; top1 is the broader lobe itself. | Query 'Parietal area PFcm' is a specific parietal cortical area; top1 'parietal lobe' is its broader anatomical parent, not the exact area but not wrong.",D_homba_gap,HOMBA lacks this granularity
species,Centrolateral and Paracentral Thalamus,needs_review,0.601481,HOMBA:10443,rostral intralaminar nuclei of thalamus,hierarchy_parent,Centrolateral and Paracentral Thalamus,rostral intralaminar nuclei of thalamus,,1.0,ventroanterior-ventrolateral nuclear complex of thalamus,0.553369,,810,4_unresolved_incorrect.csv,105,broader_parent,high,0.95,"top1 names rostral intralaminar nuclei, which is the broader group containing centrolateral and paracentral nuclei.",broader_parent,high,0.95,top1 is the broader rostral intralaminar nuclei which includes centrolateral and paracentral thalamus.,broader_parent,high,0.9,Top1 (rostral intralaminar nuclei) is the parent group containing centrolateral and paracentral thalamic nuclei; query names two specific members.,broader_parent,high,0.9333,3/3,False,3-0,stable,"top1 names rostral intralaminar nuclei, which is the broader group containing centrolateral and paracentral nuclei. | top1 is the broader rostral intralaminar nuclei which includes centrolateral and paracentral thalamus. | Top1 (rostral intralaminar nuclei) is the parent group containing centrolateral and paracentral thalamic nuclei; query names two specific members.",B_algo,hierarchy_parent over-promotion
species,"Ventral striatal region, unspecified",needs_review,0.601926,HOMBA:12187,anterior (ventral /principal) pretectal nucleus,bm25+fuzzy,"Ventral striatal region, unspecified",ventral,ventral,1.0,anterior (ventral) spinal artery,0.601926,,811,4_unresolved_incorrect.csv,106,wrong,high,0.98,"top1 (anterior pretectal nucleus) is anatomically unrelated to ventral striatal region; it is in the midbrain, not basal ganglia.",wrong,high,0.99,"Top1 is anterior pretectal nucleus, not related to ventral striatal region.",wrong,high,0.95,"Ventral striatal region is striatal (basal ganglia); top1 is anterior pretectal nucleus, anatomically unrelated.",wrong,high,0.9733,3/3,False,3-0,stable,"top1 (anterior pretectal nucleus) is anatomically unrelated to ventral striatal region; it is in the midbrain, not basal ganglia. | Top1 is anterior pretectal nucleus, not related to ventral striatal region. | Ventral striatal region is striatal (basal ganglia); top1 is anterior pretectal nucleus, anatomically unrelated.",B_algo,weak/lone-token fuzzy trap
species,Fastigial Cerebellar Nucleus,needs_review,0.609505,HOMBA:10660,cerebellar deep nuclei,bm25+fuzzy,fastigial cerebellar nuclei,cerebellar deep nuclei,,1.0,fastigial (medial) nucleus,0.594249,,812,4_unresolved_incorrect.csv,107,broader_parent,high,0.95,top1 (cerebellar deep nuclei) is the broader group that includes the fastigial nucleus.,broader_parent,high,0.95,"Top1 is cerebellar deep nuclei, which includes the fastigial nucleus.",broader_parent,high,0.9,"Fastigial nucleus is one of the cerebellar deep nuclei; top1 is the entire group, a correct anatomical parent.",broader_parent,high,0.9333,3/3,False,3-0,stable,"top1 (cerebellar deep nuclei) is the broader group that includes the fastigial nucleus. | Top1 is cerebellar deep nuclei, which includes the fastigial nucleus. | Fastigial nucleus is one of the cerebellar deep nuclei; top1 is the entire group, a correct anatomical parent.",B_algo,wrong top-1 (better candidate exists)
species,Saginum Nucleus,needs_review,0.610833,HOMBA:12313,sagulum nucleus (nucleus sagulum),bm25+fuzzy,Saginum Nucleus,sagulum nucleus,,1.0,lateral reticular nuclei of pons,0.568213,,813,4_unresolved_incorrect.csv,108,aligned,high,0.97,top1 correctly identifies the sagulum nucleus despite the misspelling 'Saginum' in the query.,aligned,high,0.98,Top1 is correct anatomical structure (sagulum nucleus) despite query typo 'Saginum'.,aligned,high,0.95,Query 'Saginum' is a clear misspelling of sagulum; top1 is the correct nucleus. Consistent despite typo.,aligned,high,0.9667,3/3,False,3-0,stable,top1 correctly identifies the sagulum nucleus despite the misspelling 'Saginum' in the query. | Top1 is correct anatomical structure (sagulum nucleus) despite query typo 'Saginum'. | Query 'Saginum' is a clear misspelling of sagulum; top1 is the correct nucleus. Consistent despite typo.,C_dict,sagulum spelling
species,"Primary somatosensory area, forelimb representation",needs_review,0.616768,HOMBA:10209,"primary somatosensory cortex (first somatosensory cortex, areas 3,1,2)",bm25+fuzzy+hierarchy_parent,primary somatosensory cortex forelimb representation,primary somatosensory cortex,,1.0,area 1 of primary somatosensory cortex,0.522104,,814,4_unresolved_incorrect.csv,109,broader_parent,medium,0.85,"top1 is the primary somatosensory cortex as a whole, which is the broader region containing the forelimb representation.",broader_parent,high,0.95,"Top1 is primary somatosensory cortex, the broader area containing the forelimb representation.",broader_parent,high,0.9,Top1 is the entire primary somatosensory cortex; query specifies the forelimb representation subregion. Parent correct.,broader_parent,high,0.9,3/3,False,3-0,stable,"top1 is the primary somatosensory cortex as a whole, which is the broader region containing the forelimb representation. | Top1 is primary somatosensory cortex, the broader area containing the forelimb representation. | Top1 is the entire primary somatosensory cortex; query specifies the forelimb representation subregion. Parent correct.",D_homba_gap,HOMBA lacks this granularity
species,"Primary somatosensory area, hindlimb representation",needs_review,0.616768,HOMBA:10209,"primary somatosensory cortex (first somatosensory cortex, areas 3,1,2)",bm25+fuzzy+hierarchy_parent,primary somatosensory cortex hindlimb representation,primary somatosensory cortex,,1.0,area 1 of primary somatosensory cortex,0.51972,,815,4_unresolved_incorrect.csv,110,broader_parent,high,0.9,"top1 is the entire primary somatosensory cortex, while query specifies hindlimb representation within it.",broader_parent,high,0.9,"top1 is primary somatosensory cortex, which contains the hindlimb representation; broader but correct parent.",broader_parent,high,0.9,"Query is a specific subregion (hindlimb) within primary somatosensory cortex; top1 correctly names the whole cortex, which is the parent structure.",broader_parent,high,0.9,3/3,False,3-0,stable,"top1 is the entire primary somatosensory cortex, while query specifies hindlimb representation within it. | top1 is primary somatosensory cortex, which contains the hindlimb representation; broader but correct parent. | Query is a specific subregion (hindlimb) within primary somatosensory cortex; top1 correctly names the whole cortex, which is the parent structure.",D_homba_gap,HOMBA lacks this granularity
species,Perirhinal area 36,needs_review,0.623878,HOMBA:AA30025,perirhinal cortical region,bm25+fuzzy+hierarchy_parent,Perirhinal area 36,perirhinal cortical region,,1.0,ectorhinal cortex (area 36),0.543878,,816,4_unresolved_incorrect.csv,111,broader_parent,high,0.85,"top1 is the broader perirhinal cortical region, query specifies area 36.",broader_parent,high,0.9,"top1 is perirhinal cortical region, broader than area 36 but correct parent.",broader_parent,high,0.9,Perirhinal area 36 is a specific cytoarchitectonic subarea of the perirhinal cortical region; top1 returns the broader parent region.,broader_parent,high,0.8833,3/3,False,3-0,stable,"top1 is the broader perirhinal cortical region, query specifies area 36. | top1 is perirhinal cortical region, broader than area 36 but correct parent. | Perirhinal area 36 is a specific cytoarchitectonic subarea of the perirhinal cortical region; top1 returns the broader parent region.",D_homba_gap,HOMBA lacks this granularity
species,Orbital cortex (ventral),needs_review,0.62947,HOMBA:12187,anterior (ventral /principal) pretectal nucleus,bm25+fuzzy,Orbital cortex (ventral),ventral,ventral,1.0,anterior (ventral) spinal artery,0.62947,,817,4_unresolved_incorrect.csv,112,wrong,high,0.95,"top1 is a pretectal nucleus (midbrain), not orbital cortex (prefrontal).",wrong,high,0.95,"top1 is anterior pretectal nucleus (midbrain), not orbital cortex (frontal cortex).",wrong,high,0.95,Orbital cortex is a frontal lobe region; anterior pretectal nucleus is a midbrain structure. Anatomically unrelated.,wrong,high,0.95,3/3,False,3-0,stable,"top1 is a pretectal nucleus (midbrain), not orbital cortex (prefrontal). | top1 is anterior pretectal nucleus (midbrain), not orbital cortex (frontal cortex). | Orbital cortex is a frontal lobe region; anterior pretectal nucleus is a midbrain structure. Anatomically unrelated.",B_algo,weak/lone-token fuzzy trap
species,Ethmoid-Limitans nucleus,needs_review,0.63091,HOMBA:AA30314,ethmoid thalamic nucleus,bm25+fuzzy,ethmoid limitans nuclei,ethmoid thalamic nuclei,,1.0,posterior limitans nucleus,0.544874,,818,4_unresolved_incorrect.csv,113,partial_or_narrower,medium,0.7,Query 'Ethmoid-Limitans' likely includes limitans; top1 only covers ethmoid thalamic nucleus.,partial_or_narrower,medium,0.75,"top1 only covers ethmoid part; query includes both ethmoid and limitans, so top1 is partial.",partial_or_narrower,medium,0.7,"Query 'Ethmoid-Limitans nucleus' likely combines ethmoid and limitans components; top1 'ethmoid thalamic nucleus' covers only the ethmoid part, missing limitans.",partial_or_narrower,medium,0.7167,3/3,False,3-0,stable,"Query 'Ethmoid-Limitans' likely includes limitans; top1 only covers ethmoid thalamic nucleus. | top1 only covers ethmoid part; query includes both ethmoid and limitans, so top1 is partial. | Query 'Ethmoid-Limitans nucleus' likely combines ethmoid and limitans components; top1 'ethmoid thalamic nucleus' covers only the ethmoid part, missing limitans.",C_dict,ethmoid thalamic nucleus synonym
species,"Primary somatosensory area, trunk representation",needs_review,0.637321,HOMBA:10209,"primary somatosensory cortex (first somatosensory cortex, areas 3,1,2)",bm25+fuzzy+hierarchy_parent,primary somatosensory cortex trunk representation,primary somatosensory cortex,,1.0,area 1 of primary somatosensory cortex,0.527565,,819,4_unresolved_incorrect.csv,114,broader_parent,high,0.9,"top1 is the entire primary somatosensory cortex, while query specifies trunk representation.",broader_parent,high,0.9,"top1 is primary somatosensory cortex, broader than trunk representation but correct parent.",broader_parent,high,0.9,"Query is trunk representation within primary somatosensory cortex; top1 returns the whole primary somatosensory cortex, correct parent structure.",broader_parent,high,0.9,3/3,False,3-0,stable,"top1 is the entire primary somatosensory cortex, while query specifies trunk representation. | top1 is primary somatosensory cortex, broader than trunk representation but correct parent. | Query is trunk representation within primary somatosensory cortex; top1 returns the whole primary somatosensory cortex, correct parent structure.",D_homba_gap,HOMBA lacks this granularity
species,"Supratemporal plane, posterior",needs_review,0.639186,HOMBA:AA30485,caudal (posterior) branch of anterior commissure,bm25+fuzzy,"Supratemporal plane, posterior",posterior,posterior,1.0,caudal (posterior) extramural migratory stream,0.639186,,820,4_unresolved_incorrect.csv,115,wrong,high,0.95,"Supratemporal plane is part of temporal lobe; top1 is a branch of anterior commissure, anatomically different.",wrong,high,0.95,"Query 'Supratemporal plane, posterior' refers to a region of the temporal lobe. Top1 candidate 'caudal (posterior) branch of anterior commissure' is a different structure (commissural fiber tract), not anatomically related.",wrong,high,0.9,"Supratemporal plane is cortical region; anterior commissure branch is white matter tract, anatomically different.",wrong,high,0.9333,3/3,False,3-0,stable,"Supratemporal plane is part of temporal lobe; top1 is a branch of anterior commissure, anatomically different. | Query 'Supratemporal plane, posterior' refers to a region of the temporal lobe. Top1 candidate 'caudal (posterior) branch of anterior commissure' is a different structure (commissural fiber tract), not anatomically related. | Supratemporal plane is cortical region; anterior commissure branch is white matter tract, anatomically different.",B_algo,LLM re-review: temporal plane -> caudal branch of anterior commissure (weak-token trap)
species,"Lateral parietal cortex, superior",needs_review,0.639812,HOMBA:10215,superior medial parietal cortex,bm25+fuzzy,"Lateral parietal cortex, superior",posterodorsal parietal cortex superior,lateral,0.0,superior parietal lobule (gyrus),0.483572,,821,4_unresolved_incorrect.csv,116,wrong,high,0.95,"Query specifies lateral parietal cortex, but top1 is medial parietal cortex; lateral vs medial are distinct regions.",wrong,high,0.95,"Query specifies 'Lateral parietal cortex, superior', but top1 is 'superior medial parietal cortex', which is medial, not lateral. Anatomically different region.",wrong,high,0.95,Lateral parietal cortex vs superior medial parietal cortex are anatomically distinct locations (lateral vs medial).,wrong,high,0.95,3/3,False,3-0,stable,"Query specifies lateral parietal cortex, but top1 is medial parietal cortex; lateral vs medial are distinct regions. | Query specifies 'Lateral parietal cortex, superior', but top1 is 'superior medial parietal cortex', which is medial, not lateral. Anatomically different region. | Lateral parietal cortex vs superior medial parietal cortex are anatomically distinct locations (lateral vs medial).",B_algo,LLM re-review: lateral parietal -> superior MEDIAL parietal (lateral vs medial mismatch)
species,Perirhinal area 35,needs_review,0.643533,HOMBA:10320,perirhinal cortex (area 35),bm25+fuzzy+hierarchy_parent,Perirhinal area 35,perirhinal cortex (area 35),,1.0,perirhinal cortical region,0.271672,,822,4_unresolved_incorrect.csv,117,aligned,high,0.95,"Top1 directly names perirhinal cortex (area 35), which matches the query exactly.",aligned,high,1.0,Query 'Perirhinal area 35' directly matches top1 'perirhinal cortex (area 35)'. Synonym and exact structure.,aligned,high,0.99,Perirhinal area 35 is a synonym for perirhinal cortex (area 35).,aligned,high,0.98,3/3,False,3-0,stable,"Top1 directly names perirhinal cortex (area 35), which matches the query exactly. | Query 'Perirhinal area 35' directly matches top1 'perirhinal cortex (area 35)'. Synonym and exact structure. | Perirhinal area 35 is a synonym for perirhinal cortex (area 35).",D_homba_gap,HOMBA lacks this granularity
species,"Primary somatosensory area, face representation",needs_review,0.645,HOMBA:10209,"primary somatosensory cortex (first somatosensory cortex, areas 3,1,2)",bm25+fuzzy+hierarchy_parent,primary somatosensory cortex face representation,primary somatosensory cortex,,1.0,area 1 of primary somatosensory cortex,0.530727,,823,4_unresolved_incorrect.csv,118,broader_parent,high,0.9,"Query specifies face representation of primary somatosensory area; top1 is whole primary somatosensory cortex, a broader parent.",broader_parent,high,0.95,"Query specifies 'face representation' within primary somatosensory area. Top1 is whole primary somatosensory cortex, which is the valid parent containing that representation. Not an exact match but anatomically correct parent.",broader_parent,high,0.9,"Query specifies face representation subregion of S1; top1 is the whole primary somatosensory cortex, anatomically correct parent.",broader_parent,high,0.9167,3/3,False,3-0,stable,"Query specifies face representation of primary somatosensory area; top1 is whole primary somatosensory cortex, a broader parent. | Query specifies 'face representation' within primary somatosensory area. Top1 is whole primary somatosensory cortex, which is the valid parent containing that representation. Not an exact match but anatomically correct parent. | Query specifies face representation subregion of S1; top1 is the whole primary somatosensory cortex, anatomically correct parent.",D_homba_gap,HOMBA lacks this granularity
species,Nucleus of the stria medullaris,needs_review,0.645767,HOMBA:10590,stria medullaris of thalamus,bm25+fuzzy,Nucleus of the stria medullaris,stria medullaris of thalamus,,1.0,bed nucleus of stria terminalis,0.273228,,824,4_unresolved_incorrect.csv,119,wrong,high,0.95,"Query asks for nucleus of stria medullaris; top1 is the fiber tract (stria medullaris), not the nucleus.",wrong,medium,0.8,"Query 'Nucleus of the stria medullaris' is a specific nucleus (gray matter) associated with the stria medullaris. Top1 'stria medullaris of thalamus' is a fiber tract, not the nucleus. Different anatomical entity.",wrong,high,0.9,"Query refers to a nucleus (gray matter), top1 is the stria medullaris tract (white matter), different structures.",wrong,high,0.8833,3/3,False,3-0,stable,"Query asks for nucleus of stria medullaris; top1 is the fiber tract (stria medullaris), not the nucleus. | Query 'Nucleus of the stria medullaris' is a specific nucleus (gray matter) associated with the stria medullaris. Top1 'stria medullaris of thalamus' is a fiber tract, not the nucleus. Different anatomical entity. | Query refers to a nucleus (gray matter), top1 is the stria medullaris tract (white matter), different structures.",C_dict,stria medullaris (of thalamus)
species,"Central opercular cortex, posterior",needs_review,0.646011,HOMBA:AA30009,frontal motor cortex (posterior frontal cortex),bm25+fuzzy,"Central opercular cortex, posterior",posterior frontal cortex,posterior,1.0,medial (caudal) entorhinal cortex,0.632966,,825,4_unresolved_incorrect.csv,120,wrong,high,0.95,"Central opercular cortex, posterior is not synonymous with frontal motor cortex; posterior frontal cortex is a broader region, not specifically opercular.",wrong,medium,0.75,"Query is posterior central opercular cortex; top1 is frontal motor cortex, anatomically different region.",broader_parent,high,0.95,"Central opercular cortex is part of the frontal operculum, a component of the frontal lobe. Top1 'frontal motor cortex (posterior frontal cortex)' is a broader parent region that includes this area.",wrong,medium,0.8833,2/3,True,2-1,majority_vote,"Central opercular cortex, posterior is not synonymous with frontal motor cortex; posterior frontal cortex is a broader region, not specifically opercular. | Query is posterior central opercular cortex; top1 is frontal motor cortex, anatomically different region. | Central opercular cortex is part of the frontal operculum, a component of the frontal lobe. Top1 'frontal motor cortex (posterior frontal cortex)' is a broader parent region that includes this area.",B_algo,LLM re-review: operculum -> frontal motor cortex via lone 'posterior' (weak-token trap)
species,"Laterodorsal thalamic nucleus, ventrolateral part",needs_review,0.647906,HOMBA:10443,rostral intralaminar nuclei of thalamus,hierarchy_parent,"Laterodorsal thalamic nucleus, ventrolateral part",rostral intralaminar nuclei of thalamus,,1.0,ventral midline nuclei of thalamus,0.636578,,826,4_unresolved_incorrect.csv,121,wrong,high,0.95,"Laterodorsal thalamic nucleus, ventrolateral part is a lateral nucleus, not rostral intralaminar nuclei.",wrong,high,0.95,"Laterodorsal thalamic nucleus is a specific nucleus, not part of rostral intralaminar nuclei.",wrong,high,0.95,"Laterodorsal thalamic nucleus is a distinct limbic nucleus, not part of the intralaminar system. Top1 'rostral intralaminar nuclei of thalamus' is a different thalamic group.",wrong,high,0.95,3/3,False,3-0,stable,"Laterodorsal thalamic nucleus, ventrolateral part is a lateral nucleus, not rostral intralaminar nuclei. | Laterodorsal thalamic nucleus is a specific nucleus, not part of rostral intralaminar nuclei. | Laterodorsal thalamic nucleus is a distinct limbic nucleus, not part of the intralaminar system. Top1 'rostral intralaminar nuclei of thalamus' is a different thalamic group.",B_algo,hierarchy_parent over-promotion
species,Anterior Interposed Cerebellar Nucleus,needs_review,0.649711,HOMBA:12471,pontine raphe region,hierarchy_parent,Anterior Interposed Cerebellar Nucleus,pontine raphe region,,1.0,interpositus (intermediate) nucleus,0.618063,,827,4_unresolved_incorrect.csv,122,wrong,high,0.95,"Anterior Interposed Cerebellar Nucleus is a deep cerebellar nucleus, not pontine raphe region.",wrong,high,0.98,"Anterior interposed cerebellar nucleus is a cerebellar nucleus, not pontine raphe region.",wrong,high,0.95,"Anterior interposed nucleus is a deep cerebellar nucleus; 'pontine raphe region' lies in the pons, completely outside the cerebellum. Anatomically off-structure.",wrong,high,0.96,3/3,False,3-0,stable,"Anterior Interposed Cerebellar Nucleus is a deep cerebellar nucleus, not pontine raphe region. | Anterior interposed cerebellar nucleus is a cerebellar nucleus, not pontine raphe region. | Anterior interposed nucleus is a deep cerebellar nucleus; 'pontine raphe region' lies in the pons, completely outside the cerebellum. Anatomically off-structure.",B_algo,hierarchy_parent over-promotion
species,Frontal association cortex,needs_review,0.663516,HOMBA:10161,frontal cortex,bm25+fuzzy+hierarchy_parent,Frontal association cortex,frontal cortex,,1.0,"frontal polar cortex (FP, area 10)",0.590448,,828,4_unresolved_incorrect.csv,123,broader_parent,high,0.95,Frontal association cortex is a subdivision of frontal cortex; top1 is the parent region.,broader_parent,high,0.95,Frontal association cortex is a subdivision of frontal cortex; top1 is broader parent.,broader_parent,high,0.95,Frontal association cortex (prefrontal) is a subdivision of the frontal cortex. Top1 'frontal cortex' is its broader parent region.,broader_parent,high,0.95,3/3,False,3-0,stable,Frontal association cortex is a subdivision of frontal cortex; top1 is the parent region. | Frontal association cortex is a subdivision of frontal cortex; top1 is broader parent. | Frontal association cortex (prefrontal) is a subdivision of the frontal cortex. Top1 'frontal cortex' is its broader parent region.,D_homba_gap,HOMBA lacks this granularity
species,"Laterodorsal thalamic nucleus, dorsomedial part",needs_review,0.664608,HOMBA:AA30276,ventral midline nuclei of thalamus,hierarchy_parent,"Laterodorsal thalamic nucleus, dorsomedial part",ventral midline nuclei of thalamus,,1.0,rostral intralaminar nuclei of thalamus,0.627037,,829,4_unresolved_incorrect.csv,124,wrong,high,0.95,"Laterodorsal thalamic nucleus, dorsomedial part is a lateral nucleus, not ventral midline nuclei.",wrong,high,0.95,Laterodorsal thalamic nucleus is lateral; ventral midline nuclei are different group.,wrong,high,0.95,"Laterodorsal nucleus is a limbic thalamic nucleus, not a ventral midline nucleus. Top1 'ventral midline nuclei of thalamus' is a different group.",wrong,high,0.95,3/3,False,3-0,stable,"Laterodorsal thalamic nucleus, dorsomedial part is a lateral nucleus, not ventral midline nuclei. | Laterodorsal thalamic nucleus is lateral; ventral midline nuclei are different group. | Laterodorsal nucleus is a limbic thalamic nucleus, not a ventral midline nucleus. Top1 'ventral midline nuclei of thalamus' is a different group.",B_algo,LLM re-review: LD nucleus -> ventral midline nuclei (parent over-promotion; LD exists)
species,Posterior Interposed Cerebellar Nucleus,needs_review,0.665441,HOMBA:12844,posterior lobe of cerebellar cortex,bm25+fuzzy,Posterior Interposed Cerebellar Nucleus,posterior lobe of cerebellar cortex,posterior,1.0,"posterior lobe, vermis part",0.653192,,830,4_unresolved_incorrect.csv,125,wrong,high,0.95,"Query is a cerebellar nucleus; top1 is the cerebellar cortex lobe, anatomically different structure.",wrong,high,0.95,"Query is a cerebellar nucleus (posterior interposed), top1 is cerebellar cortical lobe, anatomically distinct.",wrong,high,0.95,"Query is a deep cerebellar nucleus; top1 is the posterior lobe of cerebellar cortex, a different structure.",wrong,high,0.95,3/3,False,3-0,stable,"Query is a cerebellar nucleus; top1 is the cerebellar cortex lobe, anatomically different structure. | Query is a cerebellar nucleus (posterior interposed), top1 is cerebellar cortical lobe, anatomically distinct. | Query is a deep cerebellar nucleus; top1 is the posterior lobe of cerebellar cortex, a different structure.",B_algo,wrong top-1 (better candidate exists)
species,"Primary somatosensory area, dysgranular zone",needs_review,0.670083,HOMBA:10209,"primary somatosensory cortex (first somatosensory cortex, areas 3,1,2)",bm25+fuzzy+hierarchy_parent,primary somatosensory cortex dysgranular zone,primary somatosensory cortex,,1.0,area 1 of primary somatosensory cortex,0.532383,,831,4_unresolved_incorrect.csv,126,broader_parent,high,0.9,Query specifies dysgranular zone; top1 is the broader primary somatosensory cortex without the zone.,broader_parent,medium,0.8,"Top1 is the broader primary somatosensory cortex; query specifies dysgranular zone, which is a subdivision contained within it.",broader_parent,high,0.9,Dysgranular zone is a subregion of primary somatosensory cortex; top1 names the whole correct parent region.,broader_parent,high,0.8667,3/3,False,3-0,stable,"Query specifies dysgranular zone; top1 is the broader primary somatosensory cortex without the zone. | Top1 is the broader primary somatosensory cortex; query specifies dysgranular zone, which is a subdivision contained within it. | Dysgranular zone is a subregion of primary somatosensory cortex; top1 names the whole correct parent region.",D_homba_gap,HOMBA lacks this granularity
species,Septimbrial nucleus,needs_review,0.672904,HOMBA:13032,septofimbrial nucleus,fuzzy,Septimbrial nucleus,septofimbrial nucleus,,1.0,septal region (septal nuclear complex),0.598302,,832,4_unresolved_incorrect.csv,127,aligned,high,0.95,Septimbrial nucleus and septofimbrial nucleus are accepted synonyms.,aligned,high,0.95,Septimbrial is a variant spelling of septofimbrial; top1 names the same nucleus.,aligned,high,0.95,'Septimbrial' is a variant spelling of septofimbrial nucleus; they refer to the same anatomical entity.,aligned,high,0.95,3/3,False,3-0,stable,Septimbrial nucleus and septofimbrial nucleus are accepted synonyms. | Septimbrial is a variant spelling of septofimbrial; top1 names the same nucleus. | 'Septimbrial' is a variant spelling of septofimbrial nucleus; they refer to the same anatomical entity.,C_dict,septofimbrial spelling
species,Ventroposterior medial and lateral thalamic nuclei,needs_review,0.681714,HOMBA:11515,medial subdivision of LaV,bm25+fuzzy,Ventroposterior medial and lateral thalamic nuclei,ventral medial subdivision of lateral nuclei,medial;lateral,1.0,ventral lateral nucleus of thalamus,0.661991,,833,4_unresolved_incorrect.csv,128,wrong,high,0.9,"Query is ventroposterior thalamic nuclei; top1 is 'medial subdivision of LaV' (likely lateral ventricle), not thalamic.",wrong,high,0.9,"Query refers to ventroposterior thalamic nuclei (VPM/VPL); top1 is a subdivision of lateral ventral nucleus (LaV), a different group.",wrong,high,0.9,"Query specifies ventroposterior medial & lateral thalamic nuclei (VPM/VPL); top1 is a medial subdivision of LaV, not matching.",wrong,high,0.9,3/3,False,3-0,stable,"Query is ventroposterior thalamic nuclei; top1 is 'medial subdivision of LaV' (likely lateral ventricle), not thalamic. | Query refers to ventroposterior thalamic nuclei (VPM/VPL); top1 is a subdivision of lateral ventral nucleus (LaV), a different group. | Query specifies ventroposterior medial & lateral thalamic nuclei (VPM/VPL); top1 is a medial subdivision of LaV, not matching.",B_algo,LLM re-review: VPM/VPL thalamus -> LaV amygdala subdivision (wrong structure)
species,Ventral orbital area,needs_review,0.695,HOMBA:12187,anterior (ventral /principal) pretectal nucleus,bm25+fuzzy,Ventral orbital area,ventral,ventral,1.0,anterior (ventral) spinal artery,0.695,,834,4_unresolved_incorrect.csv,129,wrong,high,0.95,"Ventral orbital area is cortical; top1 is a pretectal nucleus in brainstem, anatomically off.",wrong,high,0.95,"Ventral orbital area is frontal cortex; top1 is a pretectal nucleus, anatomically distinct.",wrong,high,0.95,"Ventral orbital area is a prefrontal cortical region; top1 is an anterior pretectal nucleus, anatomically distinct.",wrong,high,0.95,3/3,False,3-0,stable,"Ventral orbital area is cortical; top1 is a pretectal nucleus in brainstem, anatomically off. | Ventral orbital area is frontal cortex; top1 is a pretectal nucleus, anatomically distinct. | Ventral orbital area is a prefrontal cortical region; top1 is an anterior pretectal nucleus, anatomically distinct.",B_algo,weak/lone-token fuzzy trap
species,Caudate putamen,needs_review,0.69875,HOMBA:146034746,caudate-putamen cell bridges,bm25+fuzzy,caudate lenticular nucleus,caudate lenticular nucleus cell bridges,,1.0,putamen (lateroventral division of the CP),0.266276,,835,4_unresolved_incorrect.csv,130,partial_or_narrower,high,0.9,"top1 is a component (cell bridges) of the caudate-putamen, not the whole structure.",partial_or_narrower,high,0.95,"query 'Caudate putamen' is the combined caudate and putamen; top1 'caudate-putamen cell bridges' is a specific subcomponent, not the whole.",partial_or_narrower,high,0.9,"top1 'caudate-putamen cell bridges' is a specific subcomponent (cell bridges) within the broader caudate putamen complex, not the whole structure.",partial_or_narrower,high,0.9167,3/3,False,3-0,stable,"top1 is a component (cell bridges) of the caudate-putamen, not the whole structure. | query 'Caudate putamen' is the combined caudate and putamen; top1 'caudate-putamen cell bridges' is a specific subcomponent, not the whole. | top1 'caudate-putamen cell bridges' is a specific subcomponent (cell bridges) within the broader caudate putamen complex, not the whole structure.",B_algo,wrong top-1 (better candidate exists)
species,Lateral Cerebellar Nucleus,needs_review,0.700172,HOMBA:AA30564,lateral region of cerebellar hemisphere,bm25+fuzzy,Lateral Cerebellar Nucleus,lateral region of cerebellar hemisphere,lateral,1.0,lateral nucleus of amygdala,0.429884,,836,4_unresolved_incorrect.csv,131,wrong,high,0.95,"top1 is a cortical region, not the deep cerebellar nucleus queried.",wrong,high,0.95,"query 'Lateral Cerebellar Nucleus' is a deep cerebellar nucleus; top1 'lateral region of cerebellar hemisphere' is a cortical region, anatomically different.",wrong,high,0.95,"Lateral Cerebellar Nucleus is a deep cerebellar nucleus (dentate), while top1 'lateral region of cerebellar hemisphere' is a cortical region, anatomically different.",wrong,high,0.95,3/3,False,3-0,stable,"top1 is a cortical region, not the deep cerebellar nucleus queried. | query 'Lateral Cerebellar Nucleus' is a deep cerebellar nucleus; top1 'lateral region of cerebellar hemisphere' is a cortical region, anatomically different. | Lateral Cerebellar Nucleus is a deep cerebellar nucleus (dentate), while top1 'lateral region of cerebellar hemisphere' is a cortical region, anatomically different.",B_algo,wrong top-1 (better candidate exists)
species,Ventroposterior inferior thalamic nucleus,needs_review,0.700393,HOMBA:10409,pulvinar of thalamus,bm25+hierarchy_parent,Ventroposterior inferior thalamic nucleus,pulvinar of thalamus,,1.0,caudal intralaminar nuclei of thalamus,0.653024,,837,4_unresolved_incorrect.csv,132,wrong,high,0.95,"top1 is a different thalamic nucleus (pulvinar), not the ventroposterior inferior nucleus.",wrong,high,0.95,query 'Ventroposterior inferior thalamic nucleus' is a specific thalamic nucleus; top1 'pulvinar of thalamus' is a different thalamic nucleus.,wrong,high,0.95,"Ventroposterior inferior thalamic nucleus is a specific sensory thalamic nucleus, distinct from the pulvinar, which is a separate thalamic nuclear complex.",wrong,high,0.95,3/3,False,3-0,stable,"top1 is a different thalamic nucleus (pulvinar), not the ventroposterior inferior nucleus. | query 'Ventroposterior inferior thalamic nucleus' is a specific thalamic nucleus; top1 'pulvinar of thalamus' is a different thalamic nucleus. | Ventroposterior inferior thalamic nucleus is a specific sensory thalamic nucleus, distinct from the pulvinar, which is a separate thalamic nuclear complex.",B_algo,hierarchy_parent over-promotion
species,"Piriform cortex, layer 1",needs_review,0.705435,HOMBA:10311,piriform cortex,bm25+fuzzy,"Piriform cortex, layer 1",piriform cortex,layer,0.0,layer 1 (molecular layer) of ERC,0.408128,,838,4_unresolved_incorrect.csv,133,broader_parent,high,0.9,"top1 is the whole piriform cortex, which contains layer 1.",broader_parent,high,0.9,"query 'Piriform cortex, layer 1' specifies a layer; top1 'piriform cortex' is the parent structure containing all layers.",broader_parent,high,0.9,"Query specifies layer 1 of piriform cortex; top1 'piriform cortex' is the parent structure, broader but anatomically correct.",broader_parent,high,0.9,3/3,False,3-0,stable,"top1 is the whole piriform cortex, which contains layer 1. | query 'Piriform cortex, layer 1' specifies a layer; top1 'piriform cortex' is the parent structure containing all layers. | Query specifies layer 1 of piriform cortex; top1 'piriform cortex' is the parent structure, broader but anatomically correct.",D_homba_gap,HOMBA lacks this granularity
species,"Piriform cortex, layer 2",needs_review,0.705435,HOMBA:10311,piriform cortex,bm25+fuzzy,"Piriform cortex, layer 2",piriform cortex,layer,0.0,layer 2 (outer granular cell layer) of NCx,0.408128,,839,4_unresolved_incorrect.csv,134,broader_parent,high,0.9,"top1 is the whole piriform cortex, which contains layer 2.",broader_parent,high,0.9,"query 'Piriform cortex, layer 2' specifies a layer; top1 'piriform cortex' is the parent structure containing all layers.",broader_parent,high,0.9,"Query specifies layer 2 of piriform cortex; top1 'piriform cortex' is the parent structure, broader but anatomically correct.",broader_parent,high,0.9,3/3,False,3-0,stable,"top1 is the whole piriform cortex, which contains layer 2. | query 'Piriform cortex, layer 2' specifies a layer; top1 'piriform cortex' is the parent structure containing all layers. | Query specifies layer 2 of piriform cortex; top1 'piriform cortex' is the parent structure, broader but anatomically correct.",D_homba_gap,HOMBA lacks this granularity
species,"Piriform cortex, layer 3",needs_review,0.705435,HOMBA:10311,piriform cortex,bm25+fuzzy,"Piriform cortex, layer 3",piriform cortex,layer,0.0,unique layer 3 of primary visual cortex (primates),0.426757,,840,4_unresolved_incorrect.csv,135,broader_parent,high,0.95,"top1 returns the parent structure piriform cortex, which is broader than the specific layer 3 query; anatomically correct parent.",broader_parent,high,0.95,"Top1 names the cortex without layer specification; layer 3 is a subdivision of piriform cortex, so top1 is a valid broader parent.",partial_or_narrower,high,0.9,"Query specifies layer 3 of piriform cortex; top1 only matches piriform cortex overall, missing the layer.",broader_parent,medium,0.9333,2/3,True,2-1,majority_vote,"top1 returns the parent structure piriform cortex, which is broader than the specific layer 3 query; anatomically correct parent. | Top1 names the cortex without layer specification; layer 3 is a subdivision of piriform cortex, so top1 is a valid broader parent. | Query specifies layer 3 of piriform cortex; top1 only matches piriform cortex overall, missing the layer.",D_homba_gap,HOMBA lacks this granularity
species,Orbital cortex (ventrolateral),needs_review,0.715939,HOMBA:13324,ventrolateral temporal cortex,bm25+fuzzy,Orbital cortex (ventrolateral),ventrolateral temporal cortex,ventrolateral,1.0,ventrolateral prefrontal cortex (Broca's area in dominant hemisphere),0.711977,,841,4_unresolved_incorrect.csv,136,wrong,high,0.98,"top1 identifies ventrolateral temporal cortex, which is a different region from orbital cortex; mismatch in lobe (temporal vs frontal).",wrong,high,0.98,"Orbital cortex is frontal lobe; ventrolateral temporal cortex is temporal lobe, anatomically different region.",wrong,high,0.95,Orbital cortex (frontal lobe) vs ventrolateral temporal cortex (temporal lobe); anatomically different.,wrong,high,0.97,3/3,False,3-0,stable,"top1 identifies ventrolateral temporal cortex, which is a different region from orbital cortex; mismatch in lobe (temporal vs frontal). | Orbital cortex is frontal lobe; ventrolateral temporal cortex is temporal lobe, anatomically different region. | Orbital cortex (frontal lobe) vs ventrolateral temporal cortex (temporal lobe); anatomically different.",B_algo,LLM re-review: orbitofrontal -> ventrolateral TEMPORAL cortex (wrong lobe)
species,Centrolateral and paracentral thalamic nuclei,needs_review,0.719859,HOMBA:10443,rostral intralaminar nuclei of thalamus,hierarchy_parent,Centrolateral and paracentral thalamic nuclei,rostral intralaminar nuclei of thalamus,,1.0,paracentral nucleus of thalamus,0.639859,,842,4_unresolved_incorrect.csv,137,broader_parent,high,0.9,"top1 returns rostral intralaminar nuclei, which is the parent group containing both centrolateral and paracentral nuclei; broader but anatomically correct.",broader_parent,medium,0.85,Centrolateral and paracentral nuclei are part of rostral intralaminar nuclei; top1 is a broader grouping that includes them.,broader_parent,high,0.9,Centrolateral and paracentral nuclei are subtypes of rostral intralaminar nuclei; top1 is the parent group.,broader_parent,high,0.8833,3/3,False,3-0,stable,"top1 returns rostral intralaminar nuclei, which is the parent group containing both centrolateral and paracentral nuclei; broader but anatomically correct. | Centrolateral and paracentral nuclei are part of rostral intralaminar nuclei; top1 is a broader grouping that includes them. | Centrolateral and paracentral nuclei are subtypes of rostral intralaminar nuclei; top1 is the parent group.",B_algo,hierarchy_parent over-promotion
species,Interanteromedial Thalamus,needs_review,0.724368,HOMBA:AA30276,ventral midline nuclei of thalamus,hierarchy_parent,Interanteromedial Thalamus,ventral midline nuclei of thalamus,,1.0,interanteromedial nucleus of thalamus,0.644368,,843,4_unresolved_incorrect.csv,138,wrong,medium,0.85,"top1 identifies ventral midline nuclei, whereas interanteromedial is a distinct midline nucleus; not a correct match.",wrong,medium,0.75,"Interanteromedial nucleus is a specific midline nucleus; ventral midline nuclei typically refer to reuniens and rhomboid, not including interanteromedial.",wrong,medium,0.7,"Interanteromedial thalamus is a dorsal midline nucleus, not part of ventral midline nuclei; different sub-group.",wrong,medium,0.7667,3/3,False,3-0,stable,"top1 identifies ventral midline nuclei, whereas interanteromedial is a distinct midline nucleus; not a correct match. | Interanteromedial nucleus is a specific midline nucleus; ventral midline nuclei typically refer to reuniens and rhomboid, not including interanteromedial. | Interanteromedial thalamus is a dorsal midline nucleus, not part of ventral midline nuclei; different sub-group.",B_algo,hierarchy_parent over-promotion
species,Stria medullaris thalami,needs_review,0.7255,HOMBA:10590,stria medullaris of thalamus,bm25+fuzzy,Stria medullaris thalami,stria medullaris of thalamus,,1.0,myelencephalon (medulla oblongata),0.40625,,844,4_unresolved_incorrect.csv,139,aligned,high,1.0,top1 is the English equivalent of the Latin query; direct synonym.,aligned,high,0.99,Stria medullaris of thalamus is the standard English equivalent of Stria medullaris thalami; same structure.,aligned,high,0.99,Synonym: Stria medullaris thalami = stria medullaris of thalamus.,aligned,high,0.9933,3/3,False,3-0,stable,top1 is the English equivalent of the Latin query; direct synonym. | Stria medullaris of thalamus is the standard English equivalent of Stria medullaris thalami; same structure. | Synonym: Stria medullaris thalami = stria medullaris of thalamus.,C_dict,latin word-order -> stria medullaris of thalamus
species,Basomedial amygdaloid nucleus,needs_review,0.725873,HOMBA:10366,basolateral nuclear group of amygdala,bm25+hierarchy_parent,Basomedial amygdaloid nucleus,basolateral nuclear group of amygdala,,1.0,basomedial nucleus (accessory basal nucleus) of amygdala,0.645873,,845,4_unresolved_incorrect.csv,140,broader_parent,high,0.95,Basomedial nucleus is part of the basolateral nuclear group; top1 is a broader parent structure.,broader_parent,high,0.95,Basomedial amygdaloid nucleus is part of basolateral nuclear group; top1 is a valid broader parent.,wrong,high,0.9,Basomedial amygdaloid nucleus is distinct from basolateral nuclear group; they are different subdivisions of the amygdala.,broader_parent,medium,0.9333,2/3,True,2-1,majority_vote,Basomedial nucleus is part of the basolateral nuclear group; top1 is a broader parent structure. | Basomedial amygdaloid nucleus is part of basolateral nuclear group; top1 is a valid broader parent. | Basomedial amygdaloid nucleus is distinct from basolateral nuclear group; they are different subdivisions of the amygdala.,B_algo,LLM re-review: basomedial -> basolateral group (distinct nucleus; correct at rank2)
species,Optic tract and optic chiasm,needs_review,0.727822,HOMBA:10644,optic chiasm,bm25+fuzzy,Optic tract and optic chiasm,optic chiasm,,1.0,optic tract,0.376167,,846,4_unresolved_incorrect.csv,141,partial_or_narrower,high,0.98,"Query includes both optic tract and chiasm; top1 only covers chiasm, missing tract.",partial_or_narrower,high,0.95,"Query includes optic tract and optic chiasm; top1 only covers optic chiasm, missing tract.",partial_or_narrower,high,0.95,Query includes both optic tract and optic chiasm; top1 only matches the optic chiasm component.,partial_or_narrower,high,0.96,3/3,False,3-0,stable,"Query includes both optic tract and chiasm; top1 only covers chiasm, missing tract. | Query includes optic tract and optic chiasm; top1 only covers optic chiasm, missing tract. | Query includes both optic tract and optic chiasm; top1 only matches the optic chiasm component.",C_dict,compound enumeration
species,Intermediodorsal Thalamus,needs_review,0.729483,HOMBA:AA30274,dorsal midline nuclei of thalamus,hierarchy_parent,Intermediodorsal Thalamus,dorsal midline nuclei of thalamus,,1.0,intermediodorsal  nucleus of thalamus,0.649483,,847,4_unresolved_incorrect.csv,142,broader_parent,high,0.9,Intermediodorsal nucleus is part of dorsal midline nuclei; top1 is broader.,broader_parent,high,0.95,Intermediodorsal thalamus is part of dorsal midline nuclei; top1 is a broader parent group.,broader_parent,high,0.85,Intermediodorsal thalamus is a specific nucleus within the dorsal midline nuclear group; top1 is the broader parent group.,broader_parent,high,0.9,3/3,False,3-0,stable,Intermediodorsal nucleus is part of dorsal midline nuclei; top1 is broader. | Intermediodorsal thalamus is part of dorsal midline nuclei; top1 is a broader parent group. | Intermediodorsal thalamus is a specific nucleus within the dorsal midline nuclear group; top1 is the broader parent group.,B_algo,hierarchy_parent over-promotion
species,Superior Olive,needs_review,0.734583,HOMBA:12470,medial superior olivary nucleus,bm25+fuzzy,Superior Olive,medial superior olive,,1.0,lateral superior olivary nucleus,0.715038,,848,4_unresolved_incorrect.csv,143,partial_or_narrower,high,0.95,Query refers to entire superior olivary complex; top1 is only the medial nucleus.,partial_or_narrower,high,0.95,Superior olive includes medial and lateral nuclei; top1 medial superior olivary nucleus is a subdivision.,partial_or_narrower,high,0.9,Superior Olive typically denotes the entire superior olivary complex; medial superior olivary nucleus is only one subnucleus.,partial_or_narrower,high,0.9333,3/3,False,3-0,stable,Query refers to entire superior olivary complex; top1 is only the medial nucleus. | Superior olive includes medial and lateral nuclei; top1 medial superior olivary nucleus is a subdivision. | Superior Olive typically denotes the entire superior olivary complex; medial superior olivary nucleus is only one subnucleus.,B_algo,wrong top-1 (better candidate exists)
species,Pedunculopontine Nucleus,needs_review,0.739583,HOMBA:12406,pontine nucleus,fuzzy+hierarchy_parent,Pedunculopontine Nucleus,pontine nucleus,,1.0,peduncular part of pontine nucleus,0.598279,,849,4_unresolved_incorrect.csv,144,wrong,high,0.95,Pedunculopontine nucleus is distinct from pontine nuclei; top1 is a different anatomical entity.,wrong,high,0.95,Pedunculopontine nucleus is distinct from pontine nucleus (pontine nuclei in pons); anatomically different.,wrong,high,0.95,"Pedunculopontine nucleus is a tegmental nucleus, distinct from the basilar pontine nuclei; anatomically different structures.",wrong,high,0.95,3/3,False,3-0,stable,"Pedunculopontine nucleus is distinct from pontine nuclei; top1 is a different anatomical entity. | Pedunculopontine nucleus is distinct from pontine nucleus (pontine nuclei in pons); anatomically different. | Pedunculopontine nucleus is a tegmental nucleus, distinct from the basilar pontine nuclei; anatomically different structures.",B_algo,wrong top-1 (better candidate exists)
species,Ventrolateral thalamic nucleus,needs_review,0.744627,HOMBA:10443,rostral intralaminar nuclei of thalamus,hierarchy_parent,Ventrolateral thalamic nucleus,rostral intralaminar nuclei of thalamus,,1.0,dorsal midline nuclei of thalamus,0.720288,,850,4_unresolved_incorrect.csv,145,wrong,high,0.95,Ventrolateral thalamic nucleus is distinct from rostral intralaminar nuclei; different nuclear groups.,wrong,high,0.95,Ventrolateral thalamic nucleus is part of lateral nuclear group; rostral intralaminar nuclei are a different group. Not the same structure.,wrong,high,0.9,"Ventrolateral thalamic nucleus vs. rostral intralaminar nuclei are different nuclear groups in thalamus, not synonyms.",wrong,high,0.9333,3/3,False,3-0,stable,"Ventrolateral thalamic nucleus is distinct from rostral intralaminar nuclei; different nuclear groups. | Ventrolateral thalamic nucleus is part of lateral nuclear group; rostral intralaminar nuclei are a different group. Not the same structure. | Ventrolateral thalamic nucleus vs. rostral intralaminar nuclei are different nuclear groups in thalamus, not synonyms.",B_algo,hierarchy_parent over-promotion
species,Kolliker-Fuse Nucleus,needs_review,0.756395,HOMBA:12518,Koelliker-Fuse nucleus,bm25+fuzzy,Kolliker-Fuse Nucleus,Koelliker-Fuse nucleus,,1.0,cerebellar deep nuclei,0.492784,,851,4_unresolved_incorrect.csv,146,aligned,high,0.98,Koelliker-Fuse nucleus is a spelling variant (ö→oe) of Kolliker-Fuse nucleus; same structure.,aligned,high,0.95,Koelliker-Fuse nucleus is a standard spelling variant of Kolliker-Fuse nucleus. Accepted synonym.,aligned,high,1.0,Kolliker-Fuse and Koelliker-Fuse are spelling variants of the same pontine nucleus.,aligned,high,0.9767,3/3,False,3-0,stable,Koelliker-Fuse nucleus is a spelling variant (ö→oe) of Kolliker-Fuse nucleus; same structure. | Koelliker-Fuse nucleus is a standard spelling variant of Kolliker-Fuse nucleus. Accepted synonym. | Kolliker-Fuse and Koelliker-Fuse are spelling variants of the same pontine nucleus.,C_dict,Kolliker -> Koelliker spelling
species,Laterodorsal thalamic nucleus,needs_review,0.769656,HOMBA:10393,anterodorsal nucleus of thalamus,bm25+fuzzy,laterodorsal nucleus of thalamus,anterodorsal nucleus of thalamus,,1.0,interanterodorsal nucleus of thalamus,0.73726,,852,4_unresolved_incorrect.csv,147,wrong,high,0.95,Laterodorsal thalamic nucleus and anterodorsal nucleus are distinct thalamic nuclei; not synonyms.,wrong,high,0.95,Laterodorsal thalamic nucleus is distinct from anterodorsal nucleus of thalamus. Different nuclei.,wrong,high,0.9,"Laterodorsal nucleus and anterodorsal nucleus are distinct anterior thalamic nuclei, not parent or synonym.",wrong,high,0.9333,3/3,False,3-0,stable,"Laterodorsal thalamic nucleus and anterodorsal nucleus are distinct thalamic nuclei; not synonyms. | Laterodorsal thalamic nucleus is distinct from anterodorsal nucleus of thalamus. Different nuclei. | Laterodorsal nucleus and anterodorsal nucleus are distinct anterior thalamic nuclei, not parent or synonym.",C_dict,laterodorsal -> lateral dorsal nucleus of thalamus
species,Intergeniculate leaflet,needs_review,0.773333,HOMBA:AA30305,intergeniculate leaf,bm25+fuzzy,Intergeniculate leaflet,intergeniculate leaf,,1.0,lateral geniculate nucleus (dorsal lateral geniculate nucleus),0.305917,,853,4_unresolved_incorrect.csv,148,aligned,medium,0.8,Intergeniculate leaflet and intergeniculate leaf likely refer to the same structure; leaf is a variant.,aligned,high,0.95,Intergeniculate leaflet and intergeniculate leaf are synonyms; same anatomical structure.,aligned,high,1.0,Intergeniculate leaflet and intergeniculate leaf are synonymous names for the same structure.,aligned,high,0.9167,3/3,False,3-0,stable,Intergeniculate leaflet and intergeniculate leaf likely refer to the same structure; leaf is a variant. | Intergeniculate leaflet and intergeniculate leaf are synonyms; same anatomical structure. | Intergeniculate leaflet and intergeniculate leaf are synonymous names for the same structure.,C_dict,leaflet -> leaf
species,Juxtaparaventricular nucleus,needs_review,0.773333,HOMBA:10457,paraventricular nucleus of thalamus,fuzzy+hierarchy_parent,Juxtaparaventricular nucleus,paraventricular nucleus,,1.0,subventricular nucleus,0.594091,,854,4_unresolved_incorrect.csv,149,wrong,high,0.95,"Juxtaparaventricular nucleus is a distinct nucleus adjacent to paraventricular nucleus, not the same.",wrong,high,0.95,Juxtaparaventricular nucleus is adjacent to but distinct from paraventricular nucleus of thalamus. Not the same.,wrong,high,0.9,"Juxtaparaventricular nucleus is adjacent to paraventricular nucleus, not the same structure.",wrong,high,0.9333,3/3,False,3-0,stable,"Juxtaparaventricular nucleus is a distinct nucleus adjacent to paraventricular nucleus, not the same. | Juxtaparaventricular nucleus is adjacent to but distinct from paraventricular nucleus of thalamus. Not the same. | Juxtaparaventricular nucleus is adjacent to paraventricular nucleus, not the same structure.",B_algo,wrong top-1 (better candidate exists)
species,Precuneiform Nucleus,needs_review,0.773333,HOMBA:12240,cuneiform nucleus,bm25+fuzzy+hierarchy_parent,Precuneiform Nucleus,cuneiform nucleus,,1.0,precuneiform area,0.671252,,855,4_unresolved_incorrect.csv,150,wrong,high,0.95,Precuneiform nucleus and cuneiform nucleus are distinct structures; 'precuneiform' is not a synonym or variant of 'cuneiform'.,wrong,high,0.95,Precuneiform nucleus is a distinct structure anterior to the cuneiform nucleus; top1 is different.,wrong,high,0.9,Precuneiform nucleus is distinct from cuneiform nucleus; top1 names a different structure.,wrong,high,0.9333,3/3,False,3-0,stable,Precuneiform nucleus and cuneiform nucleus are distinct structures; 'precuneiform' is not a synonym or variant of 'cuneiform'. | Precuneiform nucleus is a distinct structure anterior to the cuneiform nucleus; top1 is different. | Precuneiform nucleus is distinct from cuneiform nucleus; top1 names a different structure.,C_dict,precuneiform area/nucleus
species,A11 dopamine cell group,needs_review,0.776304,HOMBA:AA30843,A8 dopamine cell group,bm25+fuzzy,A11 dopamine cell group,A8 dopamine cell group,,1.0,A2 noradrenaline cell group,0.543902,,856,4_unresolved_incorrect.csv,151,wrong,high,0.95,A11 dopamine cell group is a different catecholaminergic cluster than A8 dopamine cell group.,wrong,high,0.95,A11 dopamine cell group is a different brainstem nucleus from A8; top1 is anatomically distinct.,wrong,high,0.95,A11 dopamine cell group is distinct from A8; they are separate populations.,wrong,high,0.95,3/3,False,3-0,stable,A11 dopamine cell group is a different catecholaminergic cluster than A8 dopamine cell group. | A11 dopamine cell group is a different brainstem nucleus from A8; top1 is anatomically distinct. | A11 dopamine cell group is distinct from A8; they are separate populations.,D_homba_gap,HOMBA lacks this granularity
species,A13 dopamine cell group,needs_review,0.776304,HOMBA:AA30843,A8 dopamine cell group,bm25+fuzzy,A13 dopamine cell group,A8 dopamine cell group,,1.0,A2 noradrenaline cell group,0.543902,,857,4_unresolved_incorrect.csv,152,wrong,high,0.95,"A13 dopamine cell group is a distinct hypothalamic group, not equivalent to A8 dopamine cell group.",wrong,high,0.95,A13 dopamine cell group is in hypothalamus; top1 A8 is retrorubral field; not the same.,wrong,high,0.95,A13 dopamine cell group is distinct from A8; separate hypothalamic vs midbrain group.,wrong,high,0.95,3/3,False,3-0,stable,"A13 dopamine cell group is a distinct hypothalamic group, not equivalent to A8 dopamine cell group. | A13 dopamine cell group is in hypothalamus; top1 A8 is retrorubral field; not the same. | A13 dopamine cell group is distinct from A8; separate hypothalamic vs midbrain group.",D_homba_gap,HOMBA lacks this granularity
species,Mesencephalic Reticular Formation,needs_review,0.777459,HOMBA:15547,isthmic reticular formation,bm25+fuzzy,Mesencephalic Reticular Formation,isthmic reticular formation,reticular,1.0,medullary reticular formation in  medulla oblongata,0.764278,,858,4_unresolved_incorrect.csv,153,wrong,medium,0.7,Isthmic reticular formation is not synonymous with mesencephalic reticular formation; the queries differ in region.,partial_or_narrower,medium,0.7,Isthmic reticular formation is a subregion of the reticular formation; mesencephalic reticular formation is broader midbrain region; top1 is narrower.,wrong,high,0.9,"Mesencephalic reticular formation is midbrain; isthmic reticular formation is in isthmus, different region.",wrong,medium,0.7667,2/3,True,2-1,majority_vote,"Isthmic reticular formation is not synonymous with mesencephalic reticular formation; the queries differ in region. | Isthmic reticular formation is a subregion of the reticular formation; mesencephalic reticular formation is broader midbrain region; top1 is narrower. | Mesencephalic reticular formation is midbrain; isthmic reticular formation is in isthmus, different region.",B_algo,LLM re-review: mesencephalic -> isthmic RF (midbrain reticular formation exists)
species,Spinal Trigeminal Nucleus Intermediate,needs_review,0.7809,HOMBA:12436,afferent nuclei of cranial nerves in pons,hierarchy_parent,Spinal Trigeminal Nucleus Intermediate,afferent nuclei of cranial nerves in pons,,1.0,spinal trigeminal nucleus,0.75465,,859,4_unresolved_incorrect.csv,154,wrong,high,0.95,Spinal trigeminal nucleus intermediate is not the same as afferent nuclei of cranial nerves in pons; they are anatomically different.,broader_parent,medium,0.75,"Spinal trigeminal nucleus intermediate is a specific nucleus; top1 is a group of afferent nuclei in pons, a broader category that likely includes it.",wrong,high,0.9,"Spinal trigeminal nucleus intermediate lies in medulla, not pons; top1 is a pontine grouping, different structure.",wrong,medium,0.8667,2/3,True,2-1,majority_vote,"Spinal trigeminal nucleus intermediate is not the same as afferent nuclei of cranial nerves in pons; they are anatomically different. | Spinal trigeminal nucleus intermediate is a specific nucleus; top1 is a group of afferent nuclei in pons, a broader category that likely includes it. | Spinal trigeminal nucleus intermediate lies in medulla, not pons; top1 is a pontine grouping, different structure.",B_algo,hierarchy_parent over-promotion
species,Ventral periolivary nuclei,needs_review,0.78137,HOMBA:12568,"solitary nucleus, ventral division",bm25+fuzzy,ventral periolivary nucleus,ventral part solitary nucleus,ventral,1.0,periolivary nuclei,0.753867,,860,4_unresolved_incorrect.csv,155,wrong,high,0.95,Ventral periolivary nuclei and solitary nucleus ventral division are distinct brainstem structures; not synonyms or related.,wrong,high,0.95,"Ventral periolivary nuclei and solitary nucleus, ventral division are anatomically distinct structures; incorrect mapping.",wrong,high,0.95,Periolivary nuclei are part of superior olivary complex in pons; solitary nucleus is a distinct medullary complex. Anatomically unrelated.,wrong,high,0.95,3/3,False,3-0,stable,"Ventral periolivary nuclei and solitary nucleus ventral division are distinct brainstem structures; not synonyms or related. | Ventral periolivary nuclei and solitary nucleus, ventral division are anatomically distinct structures; incorrect mapping. | Periolivary nuclei are part of superior olivary complex in pons; solitary nucleus is a distinct medullary complex. Anatomically unrelated.",B_algo,LLM re-review: periolivary -> solitary nucleus via 'ventral' (correct at rank2)
species,Optic tract/chiasma,needs_review,0.788377,HOMBA:10589,optic tract,bm25+fuzzy,Optic tract/chiasma,optic tract,,1.0,optic chiasm,0.542626,,861,4_unresolved_incorrect.csv,156,partial_or_narrower,high,0.9,"Query includes both optic tract and chiasma, but top1 only covers optic tract, missing the chiasma component.",partial_or_narrower,high,0.95,"Query is compound 'Optic tract/chiasma'; top1 covers only 'optic tract', missing chiasma.",partial_or_narrower,high,0.93,"Query is a compound 'Optic tract/chiasma'; top1 names only the optic tract, missing the optic chiasma component.",partial_or_narrower,high,0.9267,3/3,False,3-0,stable,"Query includes both optic tract and chiasma, but top1 only covers optic tract, missing the chiasma component. | Query is compound 'Optic tract/chiasma'; top1 covers only 'optic tract', missing chiasma. | Query is a compound 'Optic tract/chiasma'; top1 names only the optic tract, missing the optic chiasma component.",C_dict,compound; chiasma -> chiasm
species,Cerebellar Lobule 10 Vermis,needs_review,0.792065,HOMBA:AA30563,cerebellar morphology,bm25+hierarchy_parent,Cerebellar Lobule 10 Vermis,cerebellar morphology,,1.0,cerebellar vermis,0.712065,,862,4_unresolved_incorrect.csv,157,wrong,high,0.95,"Cerebellar morphology is a general descriptor, not the specific cerebellar lobule 10 vermis structure.",broader_parent,medium,0.8,Query 'Cerebellar Lobule 10 Vermis' is a specific subregion; top1 'cerebellar morphology' is a very broad but valid parent.,wrong,high,0.9,"Query is a specific cerebellar lobule (X); 'cerebellar morphology' is a high-level morphological category, not a correct anatomical parent or the lobule itself.",wrong,medium,0.8833,2/3,True,2-1,majority_vote,"Cerebellar morphology is a general descriptor, not the specific cerebellar lobule 10 vermis structure. | Query 'Cerebellar Lobule 10 Vermis' is a specific subregion; top1 'cerebellar morphology' is a very broad but valid parent. | Query is a specific cerebellar lobule (X); 'cerebellar morphology' is a high-level morphological category, not a correct anatomical parent or the lobule itself.",D_homba_gap,HOMBA lacks this granularity
species,Cerebellar Lobule 1 Vermis,needs_review,0.798634,HOMBA:AA30563,cerebellar morphology,bm25+fuzzy+hierarchy_parent,Cerebellar Lobule 1 Vermis,cerebellar morphology,,1.0,cerebellar vermis,0.718634,,863,4_unresolved_incorrect.csv,158,wrong,high,0.95,Cerebellar morphology is too broad and not an anatomical part for cerebellar lobule 1 vermis.,broader_parent,medium,0.8,Query 'Cerebellar Lobule 1 Vermis' is a specific subregion; top1 'cerebellar morphology' is a very broad but valid parent.,wrong,high,0.9,"Query is a specific cerebellar lobule (I); 'cerebellar morphology' is a general morphological category, not a valid anatomical container or the lobule.",wrong,medium,0.8833,2/3,True,2-1,majority_vote,"Cerebellar morphology is too broad and not an anatomical part for cerebellar lobule 1 vermis. | Query 'Cerebellar Lobule 1 Vermis' is a specific subregion; top1 'cerebellar morphology' is a very broad but valid parent. | Query is a specific cerebellar lobule (I); 'cerebellar morphology' is a general morphological category, not a valid anatomical container or the lobule.",D_homba_gap,HOMBA lacks this granularity
species,Cerebellar Lobule 2 Vermis,needs_review,0.798634,HOMBA:AA30563,cerebellar morphology,bm25+fuzzy+hierarchy_parent,Cerebellar Lobule 2 Vermis,cerebellar morphology,,1.0,cerebellar vermis,0.718634,,864,4_unresolved_incorrect.csv,159,wrong,high,0.95,Cerebellar morphology is not a specific structure matching cerebellar lobule 2 vermis.,broader_parent,medium,0.8,Query 'Cerebellar Lobule 2 Vermis' is a specific subregion; top1 'cerebellar morphology' is a very broad but valid parent.,wrong,high,0.9,"Query is a specific cerebellar lobule (II); 'cerebellar morphology' is a general morphological category, not a valid anatomical container or the lobule.",wrong,medium,0.8833,2/3,True,2-1,majority_vote,"Cerebellar morphology is not a specific structure matching cerebellar lobule 2 vermis. | Query 'Cerebellar Lobule 2 Vermis' is a specific subregion; top1 'cerebellar morphology' is a very broad but valid parent. | Query is a specific cerebellar lobule (II); 'cerebellar morphology' is a general morphological category, not a valid anatomical container or the lobule.",D_homba_gap,HOMBA lacks this granularity
species,Cerebellar Lobule 3 Vermis,needs_review,0.798634,HOMBA:AA30563,cerebellar morphology,bm25+hierarchy_parent,Cerebellar Lobule 3 Vermis,cerebellar morphology,,1.0,cerebellar vermis,0.718634,,865,4_unresolved_incorrect.csv,160,broader_parent,high,1.0,"top1 is general cerebellar morphology, which is the broader parent of specific lobule+vermis query.",broader_parent,high,0.9,"Query 'Cerebellar Lobule 3 Vermis' is a specific cerebellar lobule; top1 'cerebellar morphology' is a broad parent term covering the cerebellum, anatomically valid but not exact.",broader_parent,high,0.95,Cerebellar morphology is the broader parent region for any cerebellar vermis lobule; top1 is anatomically appropriate but less specific.,broader_parent,high,0.95,3/3,False,3-0,stable,"top1 is general cerebellar morphology, which is the broader parent of specific lobule+vermis query. | Query 'Cerebellar Lobule 3 Vermis' is a specific cerebellar lobule; top1 'cerebellar morphology' is a broad parent term covering the cerebellum, anatomically valid but not exact. | Cerebellar morphology is the broader parent region for any cerebellar vermis lobule; top1 is anatomically appropriate but less specific.",D_homba_gap,HOMBA lacks this granularity
species,Cerebellar Lobule 4 Vermis,needs_review,0.798634,HOMBA:AA30563,cerebellar morphology,bm25+fuzzy+hierarchy_parent,Cerebellar Lobule 4 Vermis,cerebellar morphology,,1.0,cerebellar vermis,0.718634,,866,4_unresolved_incorrect.csv,161,broader_parent,high,1.0,"top1 is general cerebellar morphology, broader parent of Cerebellar Lobule 4 Vermis.",broader_parent,high,0.9,"Query 'Cerebellar Lobule 4 Vermis' is a specific cerebellar lobule; top1 'cerebellar morphology' is a broad parent term covering the cerebellum, anatomically valid but not exact.",broader_parent,high,0.95,Cerebellar morphology is the broader parent region for any cerebellar vermis lobule; top1 is anatomically appropriate but less specific.,broader_parent,high,0.95,3/3,False,3-0,stable,"top1 is general cerebellar morphology, broader parent of Cerebellar Lobule 4 Vermis. | Query 'Cerebellar Lobule 4 Vermis' is a specific cerebellar lobule; top1 'cerebellar morphology' is a broad parent term covering the cerebellum, anatomically valid but not exact. | Cerebellar morphology is the broader parent region for any cerebellar vermis lobule; top1 is anatomically appropriate but less specific.",D_homba_gap,HOMBA lacks this granularity
species,Cerebellar Lobule 5 Vermis,needs_review,0.798634,HOMBA:AA30563,cerebellar morphology,bm25+fuzzy+hierarchy_parent,Cerebellar Lobule 5 Vermis,cerebellar morphology,,1.0,cerebellar vermis,0.718634,,867,4_unresolved_incorrect.csv,162,broader_parent,high,1.0,"top1 is general cerebellar morphology, broader parent of Cerebellar Lobule 5 Vermis.",broader_parent,high,0.9,"Query 'Cerebellar Lobule 5 Vermis' is a specific cerebellar lobule; top1 'cerebellar morphology' is a broad parent term covering the cerebellum, anatomically valid but not exact.",broader_parent,high,0.95,Cerebellar morphology is the broader parent region for any cerebellar vermis lobule; top1 is anatomically appropriate but less specific.,broader_parent,high,0.95,3/3,False,3-0,stable,"top1 is general cerebellar morphology, broader parent of Cerebellar Lobule 5 Vermis. | Query 'Cerebellar Lobule 5 Vermis' is a specific cerebellar lobule; top1 'cerebellar morphology' is a broad parent term covering the cerebellum, anatomically valid but not exact. | Cerebellar morphology is the broader parent region for any cerebellar vermis lobule; top1 is anatomically appropriate but less specific.",D_homba_gap,HOMBA lacks this granularity
species,Cerebellar Lobule 6 Vermis,needs_review,0.798634,HOMBA:AA30563,cerebellar morphology,bm25+fuzzy+hierarchy_parent,Cerebellar Lobule 6 Vermis,cerebellar morphology,,1.0,cerebellar vermis,0.718634,,868,4_unresolved_incorrect.csv,163,broader_parent,high,1.0,"top1 is general cerebellar morphology, broader parent of Cerebellar Lobule 6 Vermis.",broader_parent,high,0.9,"Query 'Cerebellar Lobule 6 Vermis' is a specific cerebellar lobule; top1 'cerebellar morphology' is a broad parent term covering the cerebellum, anatomically valid but not exact.",broader_parent,high,0.95,Cerebellar morphology is the broader parent region for any cerebellar vermis lobule; top1 is anatomically appropriate but less specific.,broader_parent,high,0.95,3/3,False,3-0,stable,"top1 is general cerebellar morphology, broader parent of Cerebellar Lobule 6 Vermis. | Query 'Cerebellar Lobule 6 Vermis' is a specific cerebellar lobule; top1 'cerebellar morphology' is a broad parent term covering the cerebellum, anatomically valid but not exact. | Cerebellar morphology is the broader parent region for any cerebellar vermis lobule; top1 is anatomically appropriate but less specific.",D_homba_gap,HOMBA lacks this granularity
species,Cerebellar Lobule 7 Vermis,needs_review,0.798634,HOMBA:AA30563,cerebellar morphology,bm25+fuzzy+hierarchy_parent,Cerebellar Lobule 7 Vermis,cerebellar morphology,,1.0,cerebellar vermis,0.718634,,869,4_unresolved_incorrect.csv,164,broader_parent,high,1.0,"top1 is general cerebellar morphology, broader parent of Cerebellar Lobule 7 Vermis.",broader_parent,high,0.9,"Query 'Cerebellar Lobule 7 Vermis' is a specific cerebellar lobule; top1 'cerebellar morphology' is a broad parent term covering the cerebellum, anatomically valid but not exact.",broader_parent,high,0.95,Cerebellar morphology is the broader parent region for any cerebellar vermis lobule; top1 is anatomically appropriate but less specific.,broader_parent,high,0.95,3/3,False,3-0,stable,"top1 is general cerebellar morphology, broader parent of Cerebellar Lobule 7 Vermis. | Query 'Cerebellar Lobule 7 Vermis' is a specific cerebellar lobule; top1 'cerebellar morphology' is a broad parent term covering the cerebellum, anatomically valid but not exact. | Cerebellar morphology is the broader parent region for any cerebellar vermis lobule; top1 is anatomically appropriate but less specific.",D_homba_gap,HOMBA lacks this granularity
species,Cerebellar Lobule 8 Vermis,needs_review,0.798634,HOMBA:AA30563,cerebellar morphology,bm25+fuzzy+hierarchy_parent,Cerebellar Lobule 8 Vermis,cerebellar morphology,,1.0,cerebellar vermis,0.718634,,870,4_unresolved_incorrect.csv,165,broader_parent,medium,0.7,"Query specifies a cerebellar lobule and vermis; top1 is general cerebellar morphology, which is broader but still cerebellar.",broader_parent,high,0.95,Cerebellar Lobule 8 Vermis is a specific cerebellar subdivision; top1 'cerebellar morphology' is a general term for the whole cerebellum.,wrong,high,0.95,"Query is specific cerebellar vermis lobule; top1 is broad 'cerebellar morphology' concept, not a structure match.",broader_parent,medium,0.8667,2/3,True,2-1,majority_vote,"Query specifies a cerebellar lobule and vermis; top1 is general cerebellar morphology, which is broader but still cerebellar. | Cerebellar Lobule 8 Vermis is a specific cerebellar subdivision; top1 'cerebellar morphology' is a general term for the whole cerebellum. | Query is specific cerebellar vermis lobule; top1 is broad 'cerebellar morphology' concept, not a structure match.",D_homba_gap,HOMBA lacks this granularity
species,Cerebellar Lobule 9 Vermis,needs_review,0.798634,HOMBA:AA30563,cerebellar morphology,bm25+fuzzy+hierarchy_parent,Cerebellar Lobule 9 Vermis,cerebellar morphology,,1.0,cerebellar vermis,0.718634,,871,4_unresolved_incorrect.csv,166,broader_parent,medium,0.7,"Query specifies a cerebellar lobule and vermis; top1 is general cerebellar morphology, which is broader but still cerebellar.",broader_parent,high,0.95,Cerebellar Lobule 9 Vermis is a specific cerebellar subdivision; top1 'cerebellar morphology' is a general term for the whole cerebellum.,wrong,high,0.95,"Same as 870, specific lobule vermis vs. broad morphology term.",broader_parent,medium,0.8667,2/3,True,2-1,majority_vote,"Query specifies a cerebellar lobule and vermis; top1 is general cerebellar morphology, which is broader but still cerebellar. | Cerebellar Lobule 9 Vermis is a specific cerebellar subdivision; top1 'cerebellar morphology' is a general term for the whole cerebellum. | Same as 870, specific lobule vermis vs. broad morphology term.",D_homba_gap,HOMBA lacks this granularity
species,Medial Raphe,needs_review,0.8075,HOMBA:12402,fastigial (medial) nucleus,bm25+fuzzy,Medial Raphe,medial,medial,1.0,medial (magnocellular) division of MD,0.8075,,872,4_unresolved_incorrect.csv,167,wrong,high,0.95,"Medial Raphe refers to brainstem raphe nuclei; top1 fastigial nucleus is a cerebellar nucleus, anatomically different.",wrong,high,0.98,"Medial Raphe refers to brainstem raphe nuclei; top1 'fastigial (medial) nucleus' is a deep cerebellar nucleus, anatomically different.",wrong,high,0.95,"Medial Raphe refers to raphe nucleus; top1 is fastigial (medial) cerebellar nucleus, different structure.",wrong,high,0.96,3/3,False,3-0,stable,"Medial Raphe refers to brainstem raphe nuclei; top1 fastigial nucleus is a cerebellar nucleus, anatomically different. | Medial Raphe refers to brainstem raphe nuclei; top1 'fastigial (medial) nucleus' is a deep cerebellar nucleus, anatomically different. | Medial Raphe refers to raphe nucleus; top1 is fastigial (medial) cerebellar nucleus, different structure.",B_algo,weak/lone-token fuzzy trap
species,Locus-coeruleus Region,needs_review,0.8084,HOMBA:12499,nucleus coeruleus (locus coeruleus),bm25+fuzzy,Locus-coeruleus Region,locus coeruleus,,1.0,,,,873,4_unresolved_incorrect.csv,168,aligned,high,0.98,"Top1 is nucleus coeruleus (locus coeruleus), equivalent to query Locus-coeruleus Region.",aligned,high,0.99,Locus-coeruleus Region directly matches 'nucleus coeruleus (locus coeruleus)' as accepted synonym.,aligned,high,1.0,Locus-coeruleus Region with top1 nucleus coeruleus (locus coeruleus) is an exact match; region includes nucleus.,aligned,high,0.99,3/3,False,3-0,stable,"Top1 is nucleus coeruleus (locus coeruleus), equivalent to query Locus-coeruleus Region. | Locus-coeruleus Region directly matches 'nucleus coeruleus (locus coeruleus)' as accepted synonym. | Locus-coeruleus Region with top1 nucleus coeruleus (locus coeruleus) is an exact match; region includes nucleus.",C_dict,locus coeruleus region -> nucleus coeruleus
species,Dorsal Lateral Leminscus Nucleus,needs_review,0.81101,HOMBA:10429,lateral geniculate nucleus (dorsal lateral geniculate nucleus),bm25+fuzzy,Dorsal Lateral Leminscus Nucleus,dorsal lateral geniculate nucleus,dorsal;lateral,1.0,dorsal nucleus of lateral lemniscus,0.794715,,874,4_unresolved_incorrect.csv,169,wrong,high,0.95,"Query likely dorsal lateral lemniscus nucleus; top1 is lateral geniculate nucleus, an anatomically distinct thalamic nucleus.",wrong,high,0.99,Dorsal Lateral Leminscus Nucleus (likely misspelling of lemniscus) refers to auditory brainstem nucleus; top1 'lateral geniculate nucleus' is thalamic visual structure.,source_or_ontology_issue,medium,0.7,"'Leminscus' is likely a misspelling; ambiguous whether intended lemniscus (auditory) or geniculate, preventing definite consistency judgment.",wrong,medium,0.88,2/3,True,2-1,majority_vote,"Query likely dorsal lateral lemniscus nucleus; top1 is lateral geniculate nucleus, an anatomically distinct thalamic nucleus. | Dorsal Lateral Leminscus Nucleus (likely misspelling of lemniscus) refers to auditory brainstem nucleus; top1 'lateral geniculate nucleus' is thalamic visual structure. | 'Leminscus' is likely a misspelling; ambiguous whether intended lemniscus (auditory) or geniculate, preventing definite consistency judgment.",C_dict,Leminscus -> lemniscus; dorsal nucleus of lateral lemniscus
species,4th ventricle,needs_review,0.815,HOMBA:AA30475,olfactory recess (ventricle) and ependyma,bm25+fuzzy,4th ventricle,ventricle,,1.0,fourth ventricle,0.617966,,875,4_unresolved_incorrect.csv,170,wrong,high,0.95,"top1 is olfactory recess/ventricle, not 4th ventricle; anatomically different structure",wrong,high,0.95,"4th ventricle is a distinct brain ventricle; top1 refers to olfactory recess and ependyma, not 4th ventricle.",wrong,high,0.95,"4th ventricle is a hindbrain cavity; olfactory recess is a forebrain ventricular extension, anatomically different.",wrong,high,0.95,3/3,False,3-0,stable,"top1 is olfactory recess/ventricle, not 4th ventricle; anatomically different structure | 4th ventricle is a distinct brain ventricle; top1 refers to olfactory recess and ependyma, not 4th ventricle. | 4th ventricle is a hindbrain cavity; olfactory recess is a forebrain ventricular extension, anatomically different.",B_algo,LLM re-review: -> olfactory recess via 'ventricle' (fourth ventricle is rank2)
species,Retroreuniens thalamic nucleus,needs_review,0.815,HOMBA:10403,reuniens (medioventral) nucleus of thalamus,bm25+fuzzy,Retroreuniens thalamic nucleus,reuniens thalamic nucleus,,1.0,ventral midline nuclei of thalamus,0.7697,,876,4_unresolved_incorrect.csv,171,wrong,high,0.95,top1 is reuniens nucleus; query 'retroreuniens' is a distinct nucleus behind reuniens,wrong,high,0.9,"Query specifies retroreuniens nucleus; top1 is reuniens nucleus, a different thalamic nucleus.",wrong,high,0.9,"Retroreuniens nucleus is a distinct thalamic nucleus posterior to reuniens, not the reuniens nucleus itself.",wrong,high,0.9167,3/3,False,3-0,stable,"top1 is reuniens nucleus; query 'retroreuniens' is a distinct nucleus behind reuniens | Query specifies retroreuniens nucleus; top1 is reuniens nucleus, a different thalamic nucleus. | Retroreuniens nucleus is a distinct thalamic nucleus posterior to reuniens, not the reuniens nucleus itself.",C_dict,reuniens word-order; reuniens nucleus of thalamus
species,Abducens Motor Nucleus,needs_review,0.819332,HOMBA:12417,efferent nuclei of cranial nerves in pons,hierarchy_parent,Abducens Motor Nucleus,efferent nuclei of cranial nerves in pons,,1.0,abducens nucleus,0.739332,,877,4_unresolved_incorrect.csv,172,broader_parent,high,0.9,top1 is a group of efferent cranial nerve nuclei including abducens; broader but anatomically correct,broader_parent,high,0.95,Top1 is a broader group containing the abducens nucleus; anatomically valid parent.,broader_parent,high,0.95,Abducens motor nucleus is a specific efferent nucleus; top1 is the broader set of pontine cranial nerve efferent nuclei.,broader_parent,high,0.9333,3/3,False,3-0,stable,top1 is a group of efferent cranial nerve nuclei including abducens; broader but anatomically correct | Top1 is a broader group containing the abducens nucleus; anatomically valid parent. | Abducens motor nucleus is a specific efferent nucleus; top1 is the broader set of pontine cranial nerve efferent nuclei.,B_algo,hierarchy_parent over-promotion
species,Medial Emminence,needs_review,0.819921,HOMBA:12820,medial eminence,bm25+fuzzy,Medial Emminence,medial eminence,medial,1.0,fastigial (medial) nucleus,0.71375,,878,4_unresolved_incorrect.csv,173,aligned,high,0.95,query is misspelling of 'medial eminence'; top1 matches the correct structure,aligned,high,0.98,Top1 is correct spelling of same structure; query misspelling 'Emminence'.,aligned,high,1.0,"Query 'Medial Emminence' is a misspelling of 'medial eminence', a perfect synonym for the top1 structure.",aligned,high,0.9767,3/3,False,3-0,stable,"query is misspelling of 'medial eminence'; top1 matches the correct structure | Top1 is correct spelling of same structure; query misspelling 'Emminence'. | Query 'Medial Emminence' is a misspelling of 'medial eminence', a perfect synonym for the top1 structure.",E_source_typo,transcription typo in dataset
species,Ventromedial thalamic nucleus,needs_review,0.823683,HOMBA:10448,caudal intralaminar nuclei of thalamus,hierarchy_parent,Ventromedial thalamic nucleus,caudal intralaminar nuclei of thalamus,,1.0,rostral intralaminar nuclei of thalamus,0.746714,,879,4_unresolved_incorrect.csv,174,wrong,high,0.95,top1 is caudal intralaminar nuclei; ventromedial thalamic nucleus is a different nucleus,wrong,high,0.95,Ventromedial thalamic nucleus is not part of caudal intralaminar nuclei; different structure.,wrong,high,0.95,"Ventromedial thalamic nucleus is a ventral relay nucleus, not a caudal intralaminar nucleus; anatomically distinct.",wrong,high,0.95,3/3,False,3-0,stable,"top1 is caudal intralaminar nuclei; ventromedial thalamic nucleus is a different nucleus | Ventromedial thalamic nucleus is not part of caudal intralaminar nuclei; different structure. | Ventromedial thalamic nucleus is a ventral relay nucleus, not a caudal intralaminar nucleus; anatomically distinct.",B_algo,hierarchy_parent over-promotion
species,Dorsal Medial Hypothalamic Nucleus,needs_review,0.842294,HOMBA:10489,dorsal division of VMHco,bm25+fuzzy,Dorsal Medial Hypothalamic Nucleus,dorsal part of ventromedial hypothalamic nucleus,dorsal;medial,1.0,dorsomedial hypothalamic nucleus,0.772277,,880,4_unresolved_incorrect.csv,175,wrong,high,0.95,"'Dorsal Medial Hypothalamic Nucleus' refers to dorsomedial hypothalamic nucleus, but top1 is dorsal division of VMHco (ventromedial hypothalamic nucleus), a different structure.",wrong,high,0.95,"Query 'Dorsal Medial Hypothalamic Nucleus' likely refers to dorsomedial hypothalamic nucleus (DMH), but top1 is a division of ventromedial nucleus (VMH), a different structure.",wrong,high,0.9,"Query likely dorsomedial hypothalamic nucleus; top1 is dorsal part of ventromedial nucleus, anatomically separate.",wrong,high,0.9333,3/3,False,3-0,stable,"'Dorsal Medial Hypothalamic Nucleus' refers to dorsomedial hypothalamic nucleus, but top1 is dorsal division of VMHco (ventromedial hypothalamic nucleus), a different structure. | Query 'Dorsal Medial Hypothalamic Nucleus' likely refers to dorsomedial hypothalamic nucleus (DMH), but top1 is a division of ventromedial nucleus (VMH), a different structure. | Query likely dorsomedial hypothalamic nucleus; top1 is dorsal part of ventromedial nucleus, anatomically separate.",B_algo,LLM re-review: DMH -> ventromedial hypothalamic division (DMH is rank2)
species,Occulomotor Nerve,needs_review,0.856667,HOMBA:12376,root of occulomotor nerve,bm25+fuzzy,Occulomotor Nerve,root of occulomotor nerve,,1.0,root of facial nerve,0.282022,,881,4_unresolved_incorrect.csv,176,partial_or_narrower,high,0.9,"Query 'Occulomotor Nerve' is the whole nerve; top1 'root of occulomotor nerve' is a part of it, thus narrower.",partial_or_narrower,high,0.95,"Query is 'Occulomotor Nerve'; top1 is 'root of occulomotor nerve', a subcomponent of the nerve, not the whole nerve itself.",partial_or_narrower,high,0.95,"Top1 is root of occulomotor nerve, a specific part, not the whole nerve.",partial_or_narrower,high,0.9333,3/3,False,3-0,stable,"Query 'Occulomotor Nerve' is the whole nerve; top1 'root of occulomotor nerve' is a part of it, thus narrower. | Query is 'Occulomotor Nerve'; top1 is 'root of occulomotor nerve', a subcomponent of the nerve, not the whole nerve itself. | Top1 is root of occulomotor nerve, a specific part, not the whole nerve.",E_source_typo,transcription typo in dataset
species,Paraventricular hypothalamic nucleus,needs_review,0.866136,HOMBA:AA30274,dorsal midline nuclei of thalamus,hierarchy_parent,Paraventricular hypothalamic nucleus,dorsal midline nuclei of thalamus,,1.0,paraventricular nucleus of thalamus,0.786136,,882,4_unresolved_incorrect.csv,177,wrong,high,0.98,"Top1 'dorsal midline nuclei of thalamus' is in thalamus, while query 'Paraventricular hypothalamic nucleus' is in hypothalamus; anatomically different.",wrong,high,0.98,"Query 'Paraventricular hypothalamic nucleus' is a hypothalamic structure; top1 'dorsal midline nuclei of thalamus' is from the thalamus, anatomically distinct.",wrong,high,1.0,"Query is hypothalamic nucleus; top1 is thalamic nuclei, entirely different brain region.",wrong,high,0.9867,3/3,False,3-0,stable,"Top1 'dorsal midline nuclei of thalamus' is in thalamus, while query 'Paraventricular hypothalamic nucleus' is in hypothalamus; anatomically different. | Query 'Paraventricular hypothalamic nucleus' is a hypothalamic structure; top1 'dorsal midline nuclei of thalamus' is from the thalamus, anatomically distinct. | Query is hypothalamic nucleus; top1 is thalamic nuclei, entirely different brain region.",B_algo,hierarchy_parent over-promotion
species,Subparafascicular parvocellular thalamic nucleus,needs_review,0.89591,HOMBA:AA30276,ventral midline nuclei of thalamus,hierarchy_parent,Subparafascicular parvocellular thalamic nucleus,ventral midline nuclei of thalamus,,1.0,subparafascicular nucleus of thalamus,0.81591,,883,4_unresolved_incorrect.csv,178,wrong,medium,0.7,Query is specific thalamic nucleus (subparafascicular parvocellular); top1 'ventral midline nuclei' is a different group not typically containing this nucleus.,broader_parent,high,0.9,Query 'Subparafascicular parvocellular thalamic nucleus' is a specific thalamic nucleus; top1 'ventral midline nuclei of thalamus' is a broader parent category.,broader_parent,high,0.9,Subparafascicular nucleus belongs to ventral midline thalamic nuclei; top1 is broader grouping.,broader_parent,medium,0.8333,2/3,True,2-1,majority_vote,Query is specific thalamic nucleus (subparafascicular parvocellular); top1 'ventral midline nuclei' is a different group not typically containing this nucleus. | Query 'Subparafascicular parvocellular thalamic nucleus' is a specific thalamic nucleus; top1 'ventral midline nuclei of thalamus' is a broader parent category. | Subparafascicular nucleus belongs to ventral midline thalamic nuclei; top1 is broader grouping.,B_algo,hierarchy_parent over-promotion
species,Lateral Ventral Amygdaloid Nucleus,modifier_conflict,0.601114,HOMBA:12093,ventral amygdaloid efferent path,bm25+fuzzy,Lateral Ventral Amygdaloid Nucleus,ventral amygdaloid efferent path,lateral;ventral,0.5,lateral subdivision of LaV,0.47003,,884,4_unresolved_incorrect.csv,179,wrong,high,0.95,"Query is a nucleus (lateral ventral amygdaloid nucleus); top1 is a fiber tract (ventral amygdaloid efferent path), different structure type.",wrong,high,0.97,"Query 'Lateral Ventral Amygdaloid Nucleus' is a nucleus; top1 'ventral amygdaloid efferent path' is a fiber tract, not the same anatomical entity.",wrong,high,1.0,"Query is an amygdaloid nucleus; top1 is an efferent pathway, not a nucleus.",wrong,high,0.9733,3/3,False,3-0,stable,"Query is a nucleus (lateral ventral amygdaloid nucleus); top1 is a fiber tract (ventral amygdaloid efferent path), different structure type. | Query 'Lateral Ventral Amygdaloid Nucleus' is a nucleus; top1 'ventral amygdaloid efferent path' is a fiber tract, not the same anatomical entity. | Query is an amygdaloid nucleus; top1 is an efferent pathway, not a nucleus.",B_algo,LLM re-review: nucleus -> ventral amygdaloid efferent PATH (wrong structure type)
species,Paraventricular hypothalamic nucleus (medial parvicellular dorsal zone),modifier_conflict,0.640426,HOMBA:10489,dorsal division of VMHco,bm25+fuzzy,paraventricular hypothalamic nuclei medial parvicellular dorsal zone,dorsal part of ventromedial hypothalamic nuclei,medial;parvicellular;dorsal;zone;medial parvicellular dorsal zone,0.4,ventromedial hypothalamic nucleus,0.617716,,885,4_unresolved_incorrect.csv,180,wrong,high,0.98,"Query specifies paraventricular hypothalamic nucleus, but top1 is dorsal division of ventromedial hypothalamic nucleus (VMHco), a different nucleus.",wrong,high,0.95,"VMHco is ventromedial hypothalamus, not paraventricular nucleus.",wrong,high,0.9,"Query is paraventricular hypothalamic nucleus subdivision; top1 is dorsal division of ventromedial hypothalamic nucleus, a different hypothalamic nucleus.",wrong,high,0.9433,3/3,False,3-0,stable,"Query specifies paraventricular hypothalamic nucleus, but top1 is dorsal division of ventromedial hypothalamic nucleus (VMHco), a different nucleus. | VMHco is ventromedial hypothalamus, not paraventricular nucleus. | Query is paraventricular hypothalamic nucleus subdivision; top1 is dorsal division of ventromedial hypothalamic nucleus, a different hypothalamic nucleus.",B_algo,LLM re-review: PVN -> ventromedial hypothalamic division (wrong nucleus)
species,Pretectothalamic lamina,low_confidence,0.290576,HOMBA:12357,dentatothalamic tract,fuzzy,Pretectothalamic lamina,dentatothalamic tract,,1.0,lamina III and IV of lumbar spinal cord,0.246639,,886,4_unresolved_incorrect.csv,181,wrong,high,0.99,"Query 'Pretectothalamic lamina' refers to pretectum lamina, but top1 is 'dentatothalamic tract', a fiber tract from cerebellum.",wrong,high,0.95,Pretectothalamic lamina and dentatothalamic tract are different structures.,wrong,high,0.95,Pretectothalamic lamina involves pretectum; dentatothalamic tract originates from cerebellar dentate nucleus. Anatomically distinct.,wrong,high,0.9633,3/3,False,3-0,stable,"Query 'Pretectothalamic lamina' refers to pretectum lamina, but top1 is 'dentatothalamic tract', a fiber tract from cerebellum. | Pretectothalamic lamina and dentatothalamic tract are different structures. | Pretectothalamic lamina involves pretectum; dentatothalamic tract originates from cerebellar dentate nucleus. Anatomically distinct.",B_algo,wrong top-1 (better candidate exists)
species,Frontal association area 3,low_confidence,0.304528,HOMBA:12113,frontal lobe,bm25+hierarchy_parent,Frontal association area 3,frontal lobe,,1.0,area 3 of primary somatosensory cortex,0.266446,,887,4_unresolved_incorrect.csv,182,broader_parent,high,0.97,Query 'Frontal association area 3' is a specific region within frontal lobe; top1 'frontal lobe' is its broader anatomical parent.,broader_parent,high,0.95,Frontal lobe is broader than Frontal association area 3.,broader_parent,high,0.9,Query 'Frontal association area 3' is a specific cortical area; top1 'frontal lobe' is the correct parent region.,broader_parent,high,0.94,3/3,False,3-0,stable,Query 'Frontal association area 3' is a specific region within frontal lobe; top1 'frontal lobe' is its broader anatomical parent. | Frontal lobe is broader than Frontal association area 3. | Query 'Frontal association area 3' is a specific cortical area; top1 'frontal lobe' is the correct parent region.,D_homba_gap,HOMBA lacks this granularity
species,"Primary somatosensory area, barrel field",low_confidence,0.314206,HOMBA:AA30880,barrel field of S1fm (rodents),bm25,"Primary somatosensory area, barrel field",barrel field of S1fm,,1.0,"primary somatosensory cortex (first somatosensory cortex, areas 3,1,2)",0.287974,,888,4_unresolved_incorrect.csv,183,aligned,high,0.99,"Query 'Primary somatosensory area, barrel field' matches top1 'barrel field of S1fm' which is synonymous for rodents.",aligned,high,0.95,Barrel field of S1fm is synonymous with Primary somatosensory area barrel field.,aligned,high,0.95,"Query 'Primary somatosensory area, barrel field' refers to barrel field of primary somatosensory cortex; top1 'barrel field of S1fm (rodents)' is an aligned synonym.",aligned,high,0.9633,3/3,False,3-0,stable,"Query 'Primary somatosensory area, barrel field' matches top1 'barrel field of S1fm' which is synonymous for rodents. | Barrel field of S1fm is synonymous with Primary somatosensory area barrel field. | Query 'Primary somatosensory area, barrel field' refers to barrel field of primary somatosensory cortex; top1 'barrel field of S1fm (rodents)' is an aligned synonym.",D_homba_gap,HOMBA lacks this granularity
species,Spiral ganglion,low_confidence,0.325676,HOMBA:10332,basal ganglia (basal nuclei),fuzzy,Spiral ganglion,basal ganglia,,1.0,,,,889,4_unresolved_incorrect.csv,184,wrong,high,0.99,"Query 'Spiral ganglion' is a cochlear structure, but top1 'basal ganglia' are forebrain nuclei; completely different systems.",wrong,high,0.95,Spiral ganglion (cochlear) vs basal ganglia (cerebral) are different.,wrong,high,1.0,Spiral ganglion is cochlear (inner ear); basal ganglia are cerebral nuclei. Anatomically unrelated.,wrong,high,0.98,3/3,False,3-0,stable,"Query 'Spiral ganglion' is a cochlear structure, but top1 'basal ganglia' are forebrain nuclei; completely different systems. | Spiral ganglion (cochlear) vs basal ganglia (cerebral) are different. | Spiral ganglion is cochlear (inner ear); basal ganglia are cerebral nuclei. Anatomically unrelated.",D_homba_gap,HOMBA lacks this granularity
species,Intramedullary thalamic area,low_confidence,0.381754,HOMBA:13048,interanteromedial nucleus of thalamus,bm25+fuzzy,Intramedullary thalamic area,interanteromedial thalamic nucleus,,1.0,centromedian nucleus of thalamus,0.378996,,890,4_unresolved_incorrect.csv,185,partial_or_narrower,medium,0.7,"Query refers to a thalamic area; top1 is a specific nucleus, likely narrower.",partial_or_narrower,high,0.9,"Top1 is a specific thalamic nucleus, but query is a broader area ('Intramedullary thalamic area'), so top1 is narrower.",wrong,high,0.98,"Intramedullary thalamic area refers to internal medullary lamina region; interanteromedial nucleus is a distinct specific nucleus, not the medullary area.",partial_or_narrower,medium,0.86,2/3,True,2-1,majority_vote,"Query refers to a thalamic area; top1 is a specific nucleus, likely narrower. | Top1 is a specific thalamic nucleus, but query is a broader area ('Intramedullary thalamic area'), so top1 is narrower. | Intramedullary thalamic area refers to internal medullary lamina region; interanteromedial nucleus is a distinct specific nucleus, not the medullary area.",B_algo,wrong top-1 (better candidate exists)
species,P1 Mesencephalic Reticulum,low_confidence,0.406954,HOMBA:12767,mesencephalic trigeminal tract,bm25+fuzzy,P1 Mesencephalic Reticulum,mesencephalic trigeminal tract,,1.0,mesencephalic trigeminal nucleus,0.406299,,891,4_unresolved_incorrect.csv,186,wrong,high,0.9,"Query is mesencephalic reticulum; top1 is a specific tract, not the reticular formation.",wrong,high,0.95,"Query 'P1 Mesencephalic Reticulum' likely refers to midbrain reticular formation, but top1 is the mesencephalic trigeminal tract, a different structure.",wrong,high,0.98,"P1 Mesencephalic Reticulum is a reticular formation region of midbrain; mesencephalic trigeminal tract is a fiber bundle, not a reticular area.",wrong,high,0.9433,3/3,False,3-0,stable,"Query is mesencephalic reticulum; top1 is a specific tract, not the reticular formation. | Query 'P1 Mesencephalic Reticulum' likely refers to midbrain reticular formation, but top1 is the mesencephalic trigeminal tract, a different structure. | P1 Mesencephalic Reticulum is a reticular formation region of midbrain; mesencephalic trigeminal tract is a fiber bundle, not a reticular area.",B_algo,wrong top-1 (better candidate exists)
species,"External medullary lamina, auditory radiation",low_confidence,0.445726,HOMBA:12037,external medullary lamina of globus pallidus,bm25,"External medullary lamina, auditory radiation",external medullary lamina of pallidum,external,1.0,external medullary lamina of thalamus,0.445726,,892,4_unresolved_incorrect.csv,187,partial_or_narrower,high,0.95,"Compound query; top1 covers only first part (external medullary lamina), missing auditory radiation.",partial_or_narrower,high,0.9,"Top1 covers only 'external medullary lamina', missing 'auditory radiation' component of compound query.",partial_or_narrower,high,0.95,"Query is compound (External medullary lamina + auditory radiation). Top1 matches only the external medullary lamina, missing the auditory radiation entirely.",partial_or_narrower,high,0.9333,3/3,False,3-0,stable,"Compound query; top1 covers only first part (external medullary lamina), missing auditory radiation. | Top1 covers only 'external medullary lamina', missing 'auditory radiation' component of compound query. | Query is compound (External medullary lamina + auditory radiation). Top1 matches only the external medullary lamina, missing the auditory radiation entirely.",B_algo,wrong top-1 (better candidate exists)
species,Vestibular apparatus,low_confidence,0.450809,HOMBA:12448,vestibular nuclei in pons,bm25+fuzzy+hierarchy_parent,Vestibular apparatus,vestibular nucleus,,1.0,vestibular nuclei in medulla,0.399762,,893,4_unresolved_incorrect.csv,188,partial_or_narrower,high,0.9,Vestibular apparatus includes peripheral and central parts; top1 is only central nuclei.,wrong,high,0.95,"Query 'Vestibular apparatus' refers to peripheral inner ear structures, but top1 is central vestibular nuclei in pons, anatomically different.",wrong,high,0.9,"Vestibular apparatus is the peripheral balance organ (semi-circular canals, utricle, saccule). Top1 (vestibular nuclei in pons) is a brainstem nucleus receiving its input, anatomically a different structure.",wrong,medium,0.9167,2/3,True,2-1,majority_vote,"Vestibular apparatus includes peripheral and central parts; top1 is only central nuclei. | Query 'Vestibular apparatus' refers to peripheral inner ear structures, but top1 is central vestibular nuclei in pons, anatomically different. | Vestibular apparatus is the peripheral balance organ (semi-circular canals, utricle, saccule). Top1 (vestibular nuclei in pons) is a brainstem nucleus receiving its input, anatomically a different structure.",D_homba_gap,HOMBA lacks this granularity
species,"Hypothalamic region, unspecified",low_confidence,0.453071,HOMBA:10607,hypothalamic sulcus,bm25+fuzzy,"Hypothalamic region, unspecified",hypothalamic sulcus,,1.0,ventricular-subventricular zone of hypothalamus,0.44451,,894,4_unresolved_incorrect.csv,189,partial_or_narrower,high,0.85,Hypothalamic region is broad; top1 is a specific sulcus within it.,partial_or_narrower,high,0.9,"Query is a broad hypothalamic region, top1 is a specific sulcus, which is a narrower structure within the hypothalamus.",partial_or_narrower,medium,0.7,"Query is the broad hypothalamic region. Top1 hypothalamic sulcus is a specific groove on the third ventricle wall, a very narrow landmark within that region, not the region itself.",partial_or_narrower,high,0.8167,3/3,False,3-0,stable,"Hypothalamic region is broad; top1 is a specific sulcus within it. | Query is a broad hypothalamic region, top1 is a specific sulcus, which is a narrower structure within the hypothalamus. | Query is the broad hypothalamic region. Top1 hypothalamic sulcus is a specific groove on the third ventricle wall, a very narrow landmark within that region, not the region itself.",B_algo,wrong top-1 (better candidate exists)
species,Cochlea,low_confidence,0.46225,HOMBA:12437,cochlear nuclei,fuzzy,Cochlea,cochlear nuclei,,1.0,olivocochlear bundle,0.45,,895,4_unresolved_incorrect.csv,190,wrong,high,0.95,Cochlea is the inner ear organ; cochlear nuclei are brainstem auditory nuclei. Anatomically distinct structures.,wrong,high,0.95,"Cochlea is a sensory organ in the inner ear; cochlear nuclei are brainstem nuclei that process auditory input from the cochlea, anatomically distinct structures.",wrong,high,0.95,Cochlea is the peripheral auditory organ; cochlear nuclei are in the brainstem. Anatomically distinct.,wrong,high,0.95,3/3,False,3-0,stable,"Cochlea is the inner ear organ; cochlear nuclei are brainstem auditory nuclei. Anatomically distinct structures. | Cochlea is a sensory organ in the inner ear; cochlear nuclei are brainstem nuclei that process auditory input from the cochlea, anatomically distinct structures. | Cochlea is the peripheral auditory organ; cochlear nuclei are in the brainstem. Anatomically distinct.",D_homba_gap,HOMBA lacks this granularity
species,"Central opercular cortex, anterior",low_confidence,0.472507,HOMBA:12838,anterior lobe of cerebellar cortex,bm25+fuzzy,"Central opercular cortex, anterior",anterior lobe of cerebellar cortex,,1.0,rostral (anterior) branch of anterior commissure,0.472332,,896,4_unresolved_incorrect.csv,191,wrong,high,0.95,Central opercular cortex (frontal lobe) and anterior lobe of cerebellar cortex are different brain regions; no anatomical relation.,wrong,high,0.95,"Central opercular cortex is part of the frontal lobe; anterior lobe of cerebellar cortex is part of the cerebellum, different brain regions.",wrong,high,0.95,Central opercular cortex is cerebral; anterior lobe of cerebellar cortex is cerebellar. Distinct structures.,wrong,high,0.95,3/3,False,3-0,stable,"Central opercular cortex (frontal lobe) and anterior lobe of cerebellar cortex are different brain regions; no anatomical relation. | Central opercular cortex is part of the frontal lobe; anterior lobe of cerebellar cortex is part of the cerebellum, different brain regions. | Central opercular cortex is cerebral; anterior lobe of cerebellar cortex is cerebellar. Distinct structures.",B_algo,wrong top-1 (better candidate exists)
species,Linear raphe,low_confidence,0.476073,HOMBA:12230,linear nucleus of the midbrain,bm25+hierarchy_parent,Linear raphe,linear nucleus of the midbrain,,1.0,caudal linear nucleus of the raphe,0.473574,,897,4_unresolved_incorrect.csv,192,wrong,medium,0.8,"Linear raphe typically refers to raphe linearis (medulla/pons), not the linear nucleus of the midbrain; likely different structure.",ambiguous,low,0.4,"Linear raphe may refer to the linear nucleus of the midbrain (raphe linearis), but the term is not standard; unclear if it is a direct synonym or different structure.",aligned,medium,0.8,"Linear raphe likely denotes the linear raphe nucleus, synonymous with linear nucleus of the midbrain. Minor name variant.",no_consensus,low,0.6667,1/3,True,1-1-1,split_vote+low_certainty,"Linear raphe typically refers to raphe linearis (medulla/pons), not the linear nucleus of the midbrain; likely different structure. | Linear raphe may refer to the linear nucleus of the midbrain (raphe linearis), but the term is not standard; unclear if it is a direct synonym or different structure. | Linear raphe likely denotes the linear raphe nucleus, synonymous with linear nucleus of the midbrain. Minor name variant.",B_algo,wrong top-1 (better candidate exists)
species,"Ventricular system, unspecified",low_confidence,0.483204,HOMBA:10542,ventricular zone of neocortex,bm25+fuzzy+hierarchy_parent,"Ventricular system, unspecified",ventricular zone,,1.0,central nervous system (neural tube),0.237518,,898,4_unresolved_incorrect.csv,193,wrong,high,0.95,Ventricular system (brain ventricles) is not the ventricular zone of neocortex; completely different anatomical entities.,wrong,high,0.95,"Ventricular system comprises brain ventricles; ventricular zone is a developmental germinal layer, not part of the adult ventricular system.",wrong,high,0.95,Ventricular system refers to brain ventricles; ventricular zone of neocortex is an embryonic germinal layer.,wrong,high,0.95,3/3,False,3-0,stable,"Ventricular system (brain ventricles) is not the ventricular zone of neocortex; completely different anatomical entities. | Ventricular system comprises brain ventricles; ventricular zone is a developmental germinal layer, not part of the adult ventricular system. | Ventricular system refers to brain ventricles; ventricular zone of neocortex is an embryonic germinal layer.",B_algo,wrong top-1 (better candidate exists)
species,Capsule of the Antherior Thalamus,low_confidence,0.49017,HOMBA:10390,thalamus,bm25+fuzzy,Capsule of the Antherior Thalamus,thalamus,,1.0,ventral midline nuclei of thalamus,0.463581,,899,4_unresolved_incorrect.csv,194,wrong,medium,0.8,"Query specifies 'capsule' of anterior thalamus; top1 is just thalamus, missing the capsule component and not equivalent.",broader_parent,high,0.95,"Query specifies capsule of anterior thalamus; top1 is thalamus, the broader parent structure, anatomically correct but not exact.",ambiguous,low,0.5,Query misspelled. 'Capsule of the Antherior Thalamus' is ambiguous; unclear if it refers to a capsule-like structure or if top1 thalamus is broader or wrong.,no_consensus,low,0.75,1/3,True,1-1-1,split_vote+low_certainty,"Query specifies 'capsule' of anterior thalamus; top1 is just thalamus, missing the capsule component and not equivalent. | Query specifies capsule of anterior thalamus; top1 is thalamus, the broader parent structure, anatomically correct but not exact. | Query misspelled. 'Capsule of the Antherior Thalamus' is ambiguous; unclear if it refers to a capsule-like structure or if top1 thalamus is broader or wrong.",E_source_typo,transcription typo in dataset
species,Retrosplenial dysgranular area,low_confidence,0.491053,HOMBA:AA30028,dysgranular division of area prostriata,bm25+fuzzy,Retrosplenial dysgranular area,dysgranular division of area prostriata,,1.0,retrosplenial cortex,0.456751,,900,4_unresolved_incorrect.csv,195,wrong,medium,0.7,Retrosplenial dysgranular area is not the same as dysgranular division of area prostriata; area prostriata is a different cortical region.,aligned,medium,0.85,Retrosplenial dysgranular area is synonymous with dysgranular division of area prostriata in the retrosplenial cortex.,wrong,high,0.95,"Retrosplenial dysgranular area resides in retrosplenial cortex, not in area prostriata, which is a distinct cortical region.",wrong,medium,0.8333,2/3,True,2-1,majority_vote,"Retrosplenial dysgranular area is not the same as dysgranular division of area prostriata; area prostriata is a different cortical region. | Retrosplenial dysgranular area is synonymous with dysgranular division of area prostriata in the retrosplenial cortex. | Retrosplenial dysgranular area resides in retrosplenial cortex, not in area prostriata, which is a distinct cortical region.",B_algo,LLM re-review: retrosplenial -> area prostriata (distinct area; retrosplenial is rank2)
species,Fourth Nerve,low_confidence,0.496163,HOMBA:12805,fourth ventricle,bm25+fuzzy+hierarchy_parent,Fourth Nerve,fourth ventricle,,1.0,optic nerve,0.474218,,901,4_unresolved_incorrect.csv,196,wrong,high,0.95,Fourth Nerve (cranial nerve IV) is completely different from fourth ventricle (brain ventricle).,wrong,high,1.0,"Fourth Nerve (cranial nerve IV) is anatomically distinct from the fourth ventricle, a brain cavity.",wrong,high,0.99,'Fourth Nerve' is the trochlear nerve (CN IV); 'fourth ventricle' is a brainstem CSF cavity. Anatomically unrelated.,wrong,high,0.98,3/3,False,3-0,stable,"Fourth Nerve (cranial nerve IV) is completely different from fourth ventricle (brain ventricle). | Fourth Nerve (cranial nerve IV) is anatomically distinct from the fourth ventricle, a brain cavity. | 'Fourth Nerve' is the trochlear nerve (CN IV); 'fourth ventricle' is a brainstem CSF cavity. Anatomically unrelated.",B_algo,wrong top-1 (better candidate exists)
species,Ventroposterior Inferior Thalamus,low_confidence,0.502419,HOMBA:AA30276,ventral midline nuclei of thalamus,hierarchy_parent,Ventroposterior Inferior Thalamus,ventral midline nuclei of thalamus,,1.0,ventroanterior-ventrolateral nuclear complex of thalamus,0.49476,,902,4_unresolved_incorrect.csv,197,wrong,high,0.95,Ventroposterior Inferior Thalamus (VPI nucleus) is not the same as ventral midline nuclei of thalamus.,wrong,high,0.95,"Ventroposterior inferior thalamus (VPi) is a specific nucleus, not equivalent to ventral midline nuclei of thalamus.",wrong,high,0.95,'Ventroposterior Inferior Thalamus' likely denotes VPI nucleus; 'ventral midline nuclei' are a different intralaminar thalamic group.,wrong,high,0.95,3/3,False,3-0,stable,"Ventroposterior Inferior Thalamus (VPI nucleus) is not the same as ventral midline nuclei of thalamus. | Ventroposterior inferior thalamus (VPi) is a specific nucleus, not equivalent to ventral midline nuclei of thalamus. | 'Ventroposterior Inferior Thalamus' likely denotes VPI nucleus; 'ventral midline nuclei' are a different intralaminar thalamic group.",B_algo,hierarchy_parent over-promotion
species,Cingulate area 1,low_confidence,0.504041,HOMBA:10217,cingulate subdivision of area 5,bm25+fuzzy,Cingulate area 1,cingulate subdivision of area 5,,1.0,cingulate cortex,0.463172,,903,4_unresolved_incorrect.csv,198,wrong,high,0.95,"Cingulate area 1 is part of cingulate cortex; area 5 is parietal cortex, not cingulate.",wrong,medium,0.8,Cingulate area 1 is a distinct cingulate cortical area; cingulate subdivision of area 5 refers to a different region in area 5.,wrong,high,0.9,"'Cingulate area 1' is a cingulate parcel; 'cingulate subdivision of area 5' belongs to area 5 in parietal lobe, not area 1.",wrong,high,0.8833,3/3,False,3-0,stable,"Cingulate area 1 is part of cingulate cortex; area 5 is parietal cortex, not cingulate. | Cingulate area 1 is a distinct cingulate cortical area; cingulate subdivision of area 5 refers to a different region in area 5. | 'Cingulate area 1' is a cingulate parcel; 'cingulate subdivision of area 5' belongs to area 5 in parietal lobe, not area 1.",D_homba_gap,HOMBA lacks this granularity
species,Cingulate area 2,low_confidence,0.504041,HOMBA:10217,cingulate subdivision of area 5,bm25+fuzzy,Cingulate area 2,cingulate subdivision of area 5,,1.0,cingulate cortex,0.463172,,904,4_unresolved_incorrect.csv,199,wrong,high,0.95,Cingulate area 2 is not synonymous with cingulate subdivision of area 5; area 5 is parietal.,wrong,medium,0.8,"Cingulate area 2 is a distinct cingulate cortical area; the top1 matches cingulate subdivision of area 5, not the same.",wrong,high,0.9,"'Cingulate area 2' is a cingulate parcel; 'cingulate subdivision of area 5' is a parietal area 5 subdivision, not area 2.",wrong,high,0.8833,3/3,False,3-0,stable,"Cingulate area 2 is not synonymous with cingulate subdivision of area 5; area 5 is parietal. | Cingulate area 2 is a distinct cingulate cortical area; the top1 matches cingulate subdivision of area 5, not the same. | 'Cingulate area 2' is a cingulate parcel; 'cingulate subdivision of area 5' is a parietal area 5 subdivision, not area 2.",D_homba_gap,HOMBA lacks this granularity
species,"Intracalcarine cortex, inferior",low_confidence,0.506184,HOMBA:12305,inferior colliculus,bm25+hierarchy_parent,"Intracalcarine cortex, inferior",inferior colliculus,,1.0,inferior lateral parietal cortex,0.482908,,905,4_unresolved_incorrect.csv,200,wrong,high,0.95,"Intracalcarine cortex is occipital visual area; inferior colliculus is midbrain auditory structure, anatomically distinct.",wrong,high,0.95,Intracalcarine cortex (occipital lobe) is anatomically distinct from inferior colliculus (midbrain auditory).,wrong,high,0.95,Intracalcarine cortex is visual cortex; inferior colliculus is a midbrain auditory structure. Anatomically distinct.,wrong,high,0.95,3/3,False,3-0,stable,"Intracalcarine cortex is occipital visual area; inferior colliculus is midbrain auditory structure, anatomically distinct. | Intracalcarine cortex (occipital lobe) is anatomically distinct from inferior colliculus (midbrain auditory). | Intracalcarine cortex is visual cortex; inferior colliculus is a midbrain auditory structure. Anatomically distinct.",B_algo,wrong top-1 (better candidate exists)
species,"Supratemporal plane, anterior",low_confidence,0.510644,HOMBA:AA30484,rostral (anterior) branch of anterior commissure,bm25+fuzzy,"Supratemporal plane, anterior",anterior,,1.0,rostral (anterior) division of BM,0.510644,,906,4_unresolved_incorrect.csv,201,wrong,high,0.95,"Supratemporal plane is temporal lobe surface; rostral branch of anterior commissure is forebrain tract, not related.",wrong,high,0.95,"Supratemporal plane is temporal cortex; top1 is anterior branch of anterior commissure (white matter tract), not the same region.",wrong,high,0.95,Supratemporal plane is a cortical surface of the temporal lobe; anterior commissure branch is a white matter tract. Unrelated.,wrong,high,0.95,3/3,False,3-0,stable,"Supratemporal plane is temporal lobe surface; rostral branch of anterior commissure is forebrain tract, not related. | Supratemporal plane is temporal cortex; top1 is anterior branch of anterior commissure (white matter tract), not the same region. | Supratemporal plane is a cortical surface of the temporal lobe; anterior commissure branch is a white matter tract. Unrelated.",B_algo,weak/lone-token fuzzy trap
species,"Brainstem, unspecified",low_confidence,0.530552,HOMBA:10648,"gray matter of midbrain (mesencephalon, upper brainstem)",bm25+fuzzy,"Brainstem, unspecified",upper brainstem,,1.0,developing transient structures of lower brainstem (pons and medulla),0.298065,,907,4_unresolved_incorrect.csv,202,partial_or_narrower,high,0.9,"Query is whole brainstem; top1 is only midbrain gray matter, a subcomponent.",partial_or_narrower,medium,0.8,"Top1 is gray matter of midbrain, a specific subpart of brainstem; query 'brainstem, unspecified' is broader.",partial_or_narrower,high,0.9,"Query is entire brainstem; top1 is only the gray matter of the midbrain, a subregion. Partial/narrower coverage.",partial_or_narrower,high,0.8667,3/3,False,3-0,stable,"Query is whole brainstem; top1 is only midbrain gray matter, a subcomponent. | Top1 is gray matter of midbrain, a specific subpart of brainstem; query 'brainstem, unspecified' is broader. | Query is entire brainstem; top1 is only the gray matter of the midbrain, a subregion. Partial/narrower coverage.",D_homba_gap,HOMBA lacks this granularity
species,Mediolateral Fascicle,low_confidence,0.537009,HOMBA:12731,cuneate fasciculus,bm25+fuzzy,Mediolateral Fascicle,cuneate fascicle,,1.0,uncinate fasciculus,0.530467,,908,4_unresolved_incorrect.csv,203,source_or_ontology_issue,medium,0.7,Query 'Mediolateral Fascicle' not standard; top1 'cuneate fasciculus' suggests possible misspelling or nonstandard term.,source_or_ontology_issue,medium,0.7,"'Mediolateral Fascicle' is non-standard; cuneate fasciculus may be a different tract, likely misspelling or missing in ontology.",source_or_ontology_issue,medium,0.7,"Query 'Mediolateral Fascicle' is not a standard, unambiguous anatomical term; likely source-specific. Cannot strictly judge consistency.",source_or_ontology_issue,medium,0.7,3/3,False,3-0,stable,"Query 'Mediolateral Fascicle' not standard; top1 'cuneate fasciculus' suggests possible misspelling or nonstandard term. | 'Mediolateral Fascicle' is non-standard; cuneate fasciculus may be a different tract, likely misspelling or missing in ontology. | Query 'Mediolateral Fascicle' is not a standard, unambiguous anatomical term; likely source-specific. Cannot strictly judge consistency.",C_dict,ambiguous source label (cuneate fascicle?)
species,Cerebellar Lobule 3 Intermediate,low_confidence,0.547161,HOMBA:AA30563,cerebellar morphology,bm25+hierarchy_parent,Cerebellar Lobule 3 Intermediate,cerebellar morphology,,1.0,cerebellar lobules,0.514773,,909,4_unresolved_incorrect.csv,204,wrong,medium,0.75,"Query specific cerebellar lobule; top1 'cerebellar morphology' is a general concept, not a structure or parent.",wrong,high,0.95,"Cerebellar Lobule 3 Intermediate is a specific lobule; 'cerebellar morphology' is a broad concept, not the named structure.",wrong,high,0.95,"Query is a specific cerebellar lobule; top1 is a generic concept ('cerebellar morphology'), not the corresponding structure.",wrong,high,0.8833,3/3,False,3-0,stable,"Query specific cerebellar lobule; top1 'cerebellar morphology' is a general concept, not a structure or parent. | Cerebellar Lobule 3 Intermediate is a specific lobule; 'cerebellar morphology' is a broad concept, not the named structure. | Query is a specific cerebellar lobule; top1 is a generic concept ('cerebellar morphology'), not the corresponding structure.",D_homba_gap,HOMBA lacks this granularity
species,Cerebellar Lobule 4 Intermediate,low_confidence,0.547161,HOMBA:AA30563,cerebellar morphology,bm25+hierarchy_parent,Cerebellar Lobule 4 Intermediate,cerebellar morphology,,1.0,cerebellar lobules,0.514773,,910,4_unresolved_incorrect.csv,205,broader_parent,medium,0.8,"Cerebellar morphology is a broad term encompassing all cerebellar structures, not specific to lobule 4 intermediate.",broader_parent,high,0.95,Query specifies a particular cerebellar lobule; top1 is the broader 'cerebellar morphology' (valid parent).,wrong,high,0.95,"Cerebellar Lobule 4 Intermediate is a specific lobule; cerebellar morphology is a broad trait concept, not an anatomical structure or direct parent.",broader_parent,medium,0.9,2/3,True,2-1,majority_vote,"Cerebellar morphology is a broad term encompassing all cerebellar structures, not specific to lobule 4 intermediate. | Query specifies a particular cerebellar lobule; top1 is the broader 'cerebellar morphology' (valid parent). | Cerebellar Lobule 4 Intermediate is a specific lobule; cerebellar morphology is a broad trait concept, not an anatomical structure or direct parent.",D_homba_gap,HOMBA lacks this granularity
species,Cerebellar Lobule 5 Intermediate,low_confidence,0.547161,HOMBA:AA30563,cerebellar morphology,bm25+hierarchy_parent,Cerebellar Lobule 5 Intermediate,cerebellar morphology,,1.0,cerebellar lobules,0.514773,,911,4_unresolved_incorrect.csv,206,broader_parent,medium,0.8,Same as 910; cerebellar morphology is broader than the specific lobule 5 intermediate.,broader_parent,high,0.95,Query specifies a particular cerebellar lobule; top1 is the broader 'cerebellar morphology' (valid parent).,wrong,high,0.95,"Cerebellar Lobule 5 Intermediate is a specific lobule; cerebellar morphology is a trait concept, anatomically off-target.",broader_parent,medium,0.9,2/3,True,2-1,majority_vote,"Same as 910; cerebellar morphology is broader than the specific lobule 5 intermediate. | Query specifies a particular cerebellar lobule; top1 is the broader 'cerebellar morphology' (valid parent). | Cerebellar Lobule 5 Intermediate is a specific lobule; cerebellar morphology is a trait concept, anatomically off-target.",D_homba_gap,HOMBA lacks this granularity
species,Cerebellar Lobule 6 Intermediate,low_confidence,0.547161,HOMBA:AA30563,cerebellar morphology,bm25+hierarchy_parent,Cerebellar Lobule 6 Intermediate,cerebellar morphology,,1.0,cerebellar lobules,0.514773,,912,4_unresolved_incorrect.csv,207,broader_parent,medium,0.8,Cerebellar morphology is a broad parent of cerebellar lobule 6 intermediate.,broader_parent,high,0.95,Query specifies a particular cerebellar lobule; top1 is the broader 'cerebellar morphology' (valid parent).,wrong,high,0.95,"Cerebellar Lobule 6 Intermediate is a specific lobule; cerebellar morphology is a broad non-structural term, not a valid container.",broader_parent,medium,0.9,2/3,True,2-1,majority_vote,"Cerebellar morphology is a broad parent of cerebellar lobule 6 intermediate. | Query specifies a particular cerebellar lobule; top1 is the broader 'cerebellar morphology' (valid parent). | Cerebellar Lobule 6 Intermediate is a specific lobule; cerebellar morphology is a broad non-structural term, not a valid container.",D_homba_gap,HOMBA lacks this granularity
species,Acoustic striae,low_confidence,0.548026,HOMBA:266441583,acoustic radiation,bm25+fuzzy,Acoustic striae,acoustic radiation,,1.0,intermediate acoustic stria,0.528734,,913,4_unresolved_incorrect.csv,208,wrong,high,0.95,Acoustic striae (brainstem fibers) and acoustic radiation (temporal lobe) are anatomically distinct auditory structures.,wrong,high,0.95,Acoustic striae is a brainstem auditory structure; acoustic radiation is a different thalamocortical tract.,wrong,high,0.95,"Acoustic striae are brainstem auditory pathways; acoustic radiation is a thalamocortical tract, a different anatomical entity.",wrong,high,0.95,3/3,False,3-0,stable,"Acoustic striae (brainstem fibers) and acoustic radiation (temporal lobe) are anatomically distinct auditory structures. | Acoustic striae is a brainstem auditory structure; acoustic radiation is a different thalamocortical tract. | Acoustic striae are brainstem auditory pathways; acoustic radiation is a thalamocortical tract, a different anatomical entity.",B_algo,wrong top-1 (better candidate exists)
species,"Intracalcarine cortex, superior",low_confidence,0.549864,HOMBA:10214,posterior parietal cortex,hierarchy_parent,"Intracalcarine cortex, superior",posterior parietal cortex,,1.0,superolateral temporal cortex (area 22),0.52318,,914,4_unresolved_incorrect.csv,209,wrong,high,0.95,"Intracalcarine cortex is in occipital lobe; posterior parietal cortex is in parietal lobe, different anatomical regions.",wrong,high,0.95,Intracalcarine cortex (primary visual) is anatomically distinct from posterior parietal cortex.,wrong,high,0.95,Intracalcarine cortex (superior) is primary visual cortex in occipital lobe; posterior parietal cortex is a different cortical region.,wrong,high,0.95,3/3,False,3-0,stable,"Intracalcarine cortex is in occipital lobe; posterior parietal cortex is in parietal lobe, different anatomical regions. | Intracalcarine cortex (primary visual) is anatomically distinct from posterior parietal cortex. | Intracalcarine cortex (superior) is primary visual cortex in occipital lobe; posterior parietal cortex is a different cortical region.",B_algo,wrong top-1 (better candidate exists)
species,Mircrocellular Tegmentum,low_confidence,0.556024,HOMBA:12282,paracollicular tegmentum,bm25+fuzzy,Mircrocellular Tegmentum,paracollicular tegmentum,,1.0,midbrain tegmentum,0.505887,,915,4_unresolved_incorrect.csv,210,source_or_ontology_issue,medium,0.7,"Query 'Mircrocellular Tegmentum' appears to be a misspelling; top1 'paracollicular tegmentum' is not a known synonym, making consistency judgment unreliable.",wrong,low,0.3,Query 'Mircrocellular Tegmentum' (likely misspelled) is not a direct synonym of 'paracollicular tegmentum'; these are distinct structures.,wrong,medium,0.2,"Query 'Mircrocellular Tegmentum' (likely microcellular tegmental nucleus) is not the same as top1 'paracollicular tegmentum', which is a different part of the tegmentum.",wrong,medium,0.4,2/3,True,2-1,majority_vote+low_certainty,"Query 'Mircrocellular Tegmentum' appears to be a misspelling; top1 'paracollicular tegmentum' is not a known synonym, making consistency judgment unreliable. | Query 'Mircrocellular Tegmentum' (likely misspelled) is not a direct synonym of 'paracollicular tegmentum'; these are distinct structures. | Query 'Mircrocellular Tegmentum' (likely microcellular tegmental nucleus) is not the same as top1 'paracollicular tegmentum', which is a different part of the tegmentum.",E_source_typo,transcription typo in dataset
species,Reuniens-rhomboid-xiphoid Thalamus,low_confidence,0.570161,HOMBA:AA30276,ventral midline nuclei of thalamus,hierarchy_parent,Reuniens-rhomboid-xiphoid Thalamus,ventral midline nuclei of thalamus,,1.0,rhomboid (central) nucleus of thalamus,0.490161,,916,4_unresolved_incorrect.csv,211,broader_parent,high,0.9,"Query lists specific midline nuclei (reuniens, rhomboid, xiphoid); top1 'ventral midline nuclei of thalamus' is the broader parent group encompassing these.",broader_parent,high,0.9,Ventral midline nuclei of thalamus is the broader parent of the reuniens-rhomboid-xiphoid thalamic nuclei listed in the query.,broader_parent,medium,0.8,"Query lists three specific midline thalamic nuclei (reuniens, rhomboid, xiphoid); top1 'ventral midline nuclei of thalamus' is the overarching nuclear group containing them.",broader_parent,high,0.8667,3/3,False,3-0,stable,"Query lists specific midline nuclei (reuniens, rhomboid, xiphoid); top1 'ventral midline nuclei of thalamus' is the broader parent group encompassing these. | Ventral midline nuclei of thalamus is the broader parent of the reuniens-rhomboid-xiphoid thalamic nuclei listed in the query. | Query lists three specific midline thalamic nuclei (reuniens, rhomboid, xiphoid); top1 'ventral midline nuclei of thalamus' is the overarching nuclear group containing them.",B_algo,hierarchy_parent over-promotion
species,Vestibulochoclear Nerve,low_confidence,0.585,HOMBA:12868,root of vestibulocochlear nerve,bm25+fuzzy+hierarchy_parent,Vestibulochoclear Nerve,root of vestibulocochlear nerve,,1.0,cochlear root of vestibulocochlear nerve,0.505,,917,4_unresolved_incorrect.csv,212,partial_or_narrower,high,0.95,"Query 'Vestibulochoclear Nerve' refers to the whole nerve; top1 'root of vestibulocochlear nerve' is a specific subdivision, thus narrower.",partial_or_narrower,high,0.9,"Query is 'Vestibulochoclear Nerve', but top1 'root of vestibulocochlear nerve' is a subpart (root) of the whole nerve.",partial_or_narrower,high,0.95,"Top1 'root of vestibulocochlear nerve' is only the proximal portion, not the entire nerve queried.",partial_or_narrower,high,0.9333,3/3,False,3-0,stable,"Query 'Vestibulochoclear Nerve' refers to the whole nerve; top1 'root of vestibulocochlear nerve' is a specific subdivision, thus narrower. | Query is 'Vestibulochoclear Nerve', but top1 'root of vestibulocochlear nerve' is a subpart (root) of the whole nerve. | Top1 'root of vestibulocochlear nerve' is only the proximal portion, not the entire nerve queried.",E_source_typo,transcription typo in dataset
species,Medial Dorsal Tegmentum,low_confidence,0.592028,HOMBA:11522,magnocellular (dorsal) division of BM,bm25+fuzzy,Medial Dorsal Tegmentum,dorsal,medial;dorsal,1.0,dorsal cell group of medulla tegmentum,0.558909,,918,4_unresolved_incorrect.csv,213,wrong,high,0.95,"Query 'Medial Dorsal Tegmentum' is midbrain tegmentum; top1 'magnocellular (dorsal) division of BM' is in basal forebrain, anatomically different.",wrong,high,0.9,"Medial Dorsal Tegmentum is a tegmental region; top1 'magnocellular (dorsal) division of BM' is a basal forebrain structure, anatomically different.",wrong,high,0.9,"Top1 is magnocellular dorsal division of nucleus basalis (BM), a basal forebrain structure, not the tegmental region 'Medial Dorsal Tegmentum'.",wrong,high,0.9167,3/3,False,3-0,stable,"Query 'Medial Dorsal Tegmentum' is midbrain tegmentum; top1 'magnocellular (dorsal) division of BM' is in basal forebrain, anatomically different. | Medial Dorsal Tegmentum is a tegmental region; top1 'magnocellular (dorsal) division of BM' is a basal forebrain structure, anatomically different. | Top1 is magnocellular dorsal division of nucleus basalis (BM), a basal forebrain structure, not the tegmental region 'Medial Dorsal Tegmentum'.",B_algo,wrong top-1 (better candidate exists)
species,Anterior Thalamus,low_confidence,0.592982,HOMBA:AA30289,ventroanterior-ventrolateral nuclear complex of thalamus,hierarchy_parent,Anterior Thalamus,ventroanterior-ventrolateral nuclear complex of thalamus,,1.0,anterior nuclear complex of thalamus,0.584146,,919,4_unresolved_incorrect.csv,214,wrong,high,0.95,"Query 'Anterior Thalamus' refers to anterior nuclear group; top1 'ventroanterior-ventrolateral complex' is a ventral group, not the same.",wrong,high,0.9,"Anterior Thalamus refers to anterior nuclear group, not ventroanterior-ventrolateral complex which is more ventral/lateral.",partial_or_narrower,medium,0.7,"Query 'Anterior Thalamus' is the whole anterior region; top1 'ventroanterior-ventrolateral nuclear complex' is a specific subcomponent, not the full anterior thalamus.",wrong,medium,0.85,2/3,True,2-1,majority_vote,"Query 'Anterior Thalamus' refers to anterior nuclear group; top1 'ventroanterior-ventrolateral complex' is a ventral group, not the same. | Anterior Thalamus refers to anterior nuclear group, not ventroanterior-ventrolateral complex which is more ventral/lateral. | Query 'Anterior Thalamus' is the whole anterior region; top1 'ventroanterior-ventrolateral nuclear complex' is a specific subcomponent, not the full anterior thalamus.",B_algo,hierarchy_parent over-promotion
species,Corpus callosum and associated subcortical white matter,low_confidence,0.598768,HOMBA:AA30482,white matter of brain,bm25+hierarchy_parent,Corpus callosum and associated subcortical white matter,white matter of brain,,1.0,corpus callosum,0.564446,,920,4_unresolved_incorrect.csv,215,broader_parent,high,0.95,top1_name 'white matter of brain' is a broader term that includes both corpus callosum and subcortical white matter; anatomically correct parent.,broader_parent,high,0.9,"Top1 is a parent term (white matter of brain) that encompasses both corpus callosum and subcortical white matter, but does not specifically name corpus callosum.",broader_parent,high,0.9,"Query refers to corpus callosum plus subcortical white matter; top1 'white matter of brain' is the anatomical parent that contains both structures, making it broader but not incorrect.",broader_parent,high,0.9167,3/3,False,3-0,stable,"top1_name 'white matter of brain' is a broader term that includes both corpus callosum and subcortical white matter; anatomically correct parent. | Top1 is a parent term (white matter of brain) that encompasses both corpus callosum and subcortical white matter, but does not specifically name corpus callosum. | Query refers to corpus callosum plus subcortical white matter; top1 'white matter of brain' is the anatomical parent that contains both structures, making it broader but not incorrect.",B_algo,wrong top-1 (better candidate exists)
