dataset,query,review_flag,score,top_homba_id,top_name,methods,matched_query,matched_alias,modifier_terms,modifier_match_score,rank2_name,rank2_score,llm_check,review_record_id,source_file,source_row,pass1_label,pass1_certainty,pass1_confidence,pass1_reason,pass2_label,pass2_certainty,pass2_confidence,pass2_reason,pass3_label,pass3_certainty,pass3_confidence,pass3_reason,final_consistency_label,final_certainty,final_confidence,vote_agreement,has_vote_disagreement,vote_split_pattern,uncertainty_tag,final_reason,_category,_mechanism
corpus,Abducens nucleus,high_confidence,1.0,HOMBA:12418,abducens nucleus,bm25+exact+fuzzy,Abducens nucleus,Abducens nucleus,,1.0,efferent nuclei of the cranial nerves in midbrain,0.260505,correct,0,1_highconf_correct.csv,2,aligned,high,1.0,"Query 'Abducens nucleus' matches top1 'abducens nucleus' exactly except for case, referring to the same structure.",aligned,high,1.0,Exact match with case variation; same anatomical structure.,aligned,high,1.0,Exact match except case.,aligned,high,1.0,3/3,False,3-0,stable,"Query 'Abducens nucleus' matches top1 'abducens nucleus' exactly except for case, referring to the same structure. | Exact match with case variation; same anatomical structure. | Exact match except case.",,
corpus,Accessory facial nucleus,high_confidence,1.0,HOMBA:12419,accessory facial nucleus,bm25+exact+fuzzy,Accessory facial nucleus,Accessory facial nucleus,accessory,1.0,accessory nerve nucleus (supraspinal nucleus),0.407986,correct,1,1_highconf_correct.csv,3,aligned,high,1.0,"Query 'Accessory facial nucleus' matches top1 'accessory facial nucleus' exactly, identical structure.",aligned,high,1.0,"Exact match, including modifier 'accessory'.",aligned,high,1.0,Exact match except case.,aligned,high,1.0,3/3,False,3-0,stable,"Query 'Accessory facial nucleus' matches top1 'accessory facial nucleus' exactly, identical structure. | Exact match, including modifier 'accessory'. | Exact match except case.",,
corpus,Alveus,high_confidence,1.0,HOMBA:10570,alveus,bm25+exact+fuzzy,Alveus,Alveus,,1.0,,,correct,2,1_highconf_correct.csv,4,aligned,high,1.0,"Query 'Alveus' matches top1 'alveus' exactly, same anatomical structure.",aligned,high,1.0,Exact match.,aligned,high,1.0,Exact match except case.,aligned,high,1.0,3/3,False,3-0,stable,"Query 'Alveus' matches top1 'alveus' exactly, same anatomical structure. | Exact match. | Exact match except case.",,
corpus,Amygdala,high_confidence,1.0,HOMBA:10361,amygdaloid complex,bm25+exact+fuzzy,Amygdala,Amygdala,,1.0,regions of amygdaloid complex,0.903017,correct,3,1_highconf_correct.csv,5,aligned,high,0.99,"Query 'Amygdala' is a common synonym for top1 'amygdaloid complex'; accepted alternative name, consistent.",aligned,high,1.0,'amygdaloid complex' is the standard term for amygdala; accepted synonym.,aligned,high,1.0,'Amygdala' and 'amygdaloid complex' are synonymous in neuroanatomy.,aligned,high,0.9967,3/3,False,3-0,stable,"Query 'Amygdala' is a common synonym for top1 'amygdaloid complex'; accepted alternative name, consistent. | 'amygdaloid complex' is the standard term for amygdala; accepted synonym. | 'Amygdala' and 'amygdaloid complex' are synonymous in neuroanatomy.",,
corpus,Angular gyrus,high_confidence,1.0,HOMBA:12136,angular gyrus,bm25+exact+fuzzy,Angular gyrus,Angular gyrus,,1.0,inferior parietal lobule (gyrus),0.8342,correct,4,1_highconf_correct.csv,6,aligned,high,1.0,"Query 'Angular gyrus' matches top1 'angular gyrus' exactly except for case, same structure.",aligned,high,1.0,Exact match.,aligned,high,1.0,Exact match except case.,aligned,high,1.0,3/3,False,3-0,stable,"Query 'Angular gyrus' matches top1 'angular gyrus' exactly except for case, same structure. | Exact match. | Exact match except case.",,
corpus,Ansa lenticularis,high_confidence,1.0,HOMBA:10571,ansa lenticularis,bm25+exact+fuzzy,Ansa lenticularis,Ansa lenticularis,,1.0,ansa peduncularis,0.278056,correct,5,1_highconf_correct.csv,7,aligned,high,1.0,Exact match (case-insensitive) between query and top1_name.,aligned,high,1.0,Exact match (case-insensitive).,aligned,high,1.0,Exact case-insensitive match.,aligned,high,1.0,3/3,False,3-0,stable,Exact match (case-insensitive) between query and top1_name. | Exact match (case-insensitive). | Exact case-insensitive match.,,
corpus,Anterior commissure,high_confidence,1.0,HOMBA:10559,anterior commissure,bm25+exact+fuzzy+hierarchy_parent,Anterior commissure,Anterior commissure,,1.0,rostral (anterior) branch of anterior commissure,0.697635,correct,6,1_highconf_correct.csv,8,aligned,high,1.0,Exact match (case-insensitive) between query and top1_name.,aligned,high,1.0,Exact match (case-insensitive).,aligned,high,1.0,Exact case-insensitive match.,aligned,high,1.0,3/3,False,3-0,stable,Exact match (case-insensitive) between query and top1_name. | Exact match (case-insensitive). | Exact case-insensitive match.,,
corpus,Anterior thalamic nucleus,high_confidence,1.0,HOMBA:10392,anterior nuclear complex of thalamus,bm25+exact+fuzzy+hierarchy_parent,anterior thalamic nuclei,anterior thalamic nuclei,,1.0,ventral anterior nucleus of thalamus,0.75465,correct,7,1_highconf_correct.csv,9,broader_parent,medium,0.8,Query 'anterior thalamic nucleus' (singular) is a component of 'anterior nuclear complex of thalamus'; top1 is broader parent.,broader_parent,high,0.9,Top1 is broader: anterior nuclear complex includes the anterior thalamic nucleus. Anatomically correct parent.,aligned,high,0.95,Query refers to anterior thalamic nucleus group; top1 is the accepted complex (anterior nuclear complex of thalamus). Singular/plural variation does not change the anatomical entity.,broader_parent,medium,0.8833,2/3,True,2-1,majority_vote,Query 'anterior thalamic nucleus' (singular) is a component of 'anterior nuclear complex of thalamus'; top1 is broader parent. | Top1 is broader: anterior nuclear complex includes the anterior thalamic nucleus. Anatomically correct parent. | Query refers to anterior thalamic nucleus group; top1 is the accepted complex (anterior nuclear complex of thalamus). Singular/plural variation does not change the anatomical entity.,,
corpus,Arcuate fasciculus,high_confidence,1.0,HOMBA:10569,arcuate fasciculus,bm25+exact+fuzzy,Arcuate fasciculus,Arcuate fasciculus,,1.0,dorsal fasciculus (column) of spinal cord,0.281916,correct,8,1_highconf_correct.csv,10,aligned,high,1.0,Exact match (case-insensitive) between query and top1_name.,aligned,high,1.0,Exact match (case-insensitive).,aligned,high,1.0,Exact case-insensitive match.,aligned,high,1.0,3/3,False,3-0,stable,Exact match (case-insensitive) between query and top1_name. | Exact match (case-insensitive). | Exact case-insensitive match.,,
corpus,Area 52,high_confidence,1.0,HOMBA:10267,parainsular cortex (area 52),bm25+exact+fuzzy,Area 52,Area 52,,1.0,,,correct,9,1_highconf_correct.csv,11,aligned,high,1.0,Top1 includes query as parenthetical alias; same anatomical structure.,aligned,high,1.0,Synonym match: 'parainsular cortex (area 52)' contains 'Area 52'.,aligned,high,1.0,"Area 52 is parainsular cortex; top1 explicitly includes 'area 52' in name, exact correspondence.",aligned,high,1.0,3/3,False,3-0,stable,"Top1 includes query as parenthetical alias; same anatomical structure. | Synonym match: 'parainsular cortex (area 52)' contains 'Area 52'. | Area 52 is parainsular cortex; top1 explicitly includes 'area 52' in name, exact correspondence.",,
corpus,Area postrema,high_confidence,1.0,HOMBA:12807,area postrema,bm25+exact+fuzzy,Area postrema,Area postrema,,1.0,,,correct,10,1_highconf_correct.csv,12,aligned,high,1.0,Direct match: 'area postrema' is the same structure as 'Area postrema' with case variation.,aligned,high,1.0,Exact match with case difference; same anatomical structure.,aligned,high,1.0,Direct match ignoring capitalization; same anatomical structure.,aligned,high,1.0,3/3,False,3-0,stable,Direct match: 'area postrema' is the same structure as 'Area postrema' with case variation. | Exact match with case difference; same anatomical structure. | Direct match ignoring capitalization; same anatomical structure.,,
corpus,Brachium conjunctivum,high_confidence,1.0,HOMBA:12354,superior cerebellar peduncle (brachium conjunctivum),bm25+exact+fuzzy,Brachium conjunctivum,Brachium conjunctivum,,1.0,middle cerebellar peduncle (brachium pontis),0.265707,correct,11,1_highconf_correct.csv,13,aligned,high,1.0,Top1 includes the query as a synonym in parentheses; 'Brachium conjunctivum' is the same as 'superior cerebellar peduncle'.,aligned,high,1.0,Brachium conjunctivum is a synonym for superior cerebellar peduncle; top1_name includes the synonym parenthetically.,aligned,high,1.0,Accepted synonym: brachium conjunctivum is the superior cerebellar peduncle.,aligned,high,1.0,3/3,False,3-0,stable,Top1 includes the query as a synonym in parentheses; 'Brachium conjunctivum' is the same as 'superior cerebellar peduncle'. | Brachium conjunctivum is a synonym for superior cerebellar peduncle; top1_name includes the synonym parenthetically. | Accepted synonym: brachium conjunctivum is the superior cerebellar peduncle.,,
corpus,CA1,high_confidence,1.0,HOMBA:10297,CA1 region of hippocampus,bm25+exact+fuzzy+hierarchy_parent,CA1,CA1,,1.0,"lamination of hippocampal proper (CA1, CA2, CA3)",1.0,correct,12,1_highconf_correct.csv,14,aligned,high,1.0,Top1 'CA1 region of hippocampus' directly expands the abbreviation 'CA1' naming the same structure.,aligned,high,1.0,CA1 is the standard abbreviation for CA1 region of hippocampus.,aligned,high,1.0,"CA1 is the abbreviation for CA1 region of hippocampus, same entity.",aligned,high,1.0,3/3,False,3-0,stable,"Top1 'CA1 region of hippocampus' directly expands the abbreviation 'CA1' naming the same structure. | CA1 is the standard abbreviation for CA1 region of hippocampus. | CA1 is the abbreviation for CA1 region of hippocampus, same entity.",,
corpus,CA2,high_confidence,1.0,HOMBA:10298,CA2 region of hippocampus,bm25+exact+fuzzy+hierarchy_parent,CA2,CA2,,1.0,"lamination of hippocampal proper (CA1, CA2, CA3)",1.0,correct,13,1_highconf_correct.csv,15,aligned,high,1.0,Top1 'CA2 region of hippocampus' directly expands the abbreviation 'CA2' naming the same structure.,aligned,high,1.0,CA2 is the standard abbreviation for CA2 region of hippocampus.,aligned,high,1.0,"CA2 is the abbreviation for CA2 region of hippocampus, same entity.",aligned,high,1.0,3/3,False,3-0,stable,"Top1 'CA2 region of hippocampus' directly expands the abbreviation 'CA2' naming the same structure. | CA2 is the standard abbreviation for CA2 region of hippocampus. | CA2 is the abbreviation for CA2 region of hippocampus, same entity.",,
corpus,CA3,high_confidence,1.0,HOMBA:10299,CA3 region of hippocampus,bm25+exact+fuzzy+hierarchy_parent,CA3,CA3,,1.0,"lamination of hippocampal proper (CA1, CA2, CA3)",1.0,correct,14,1_highconf_correct.csv,16,aligned,high,1.0,Top1 'CA3 region of hippocampus' directly expands the abbreviation 'CA3' naming the same structure.,aligned,high,1.0,CA3 is the standard abbreviation for CA3 region of hippocampus.,aligned,high,1.0,"CA3 is the abbreviation for CA3 region of hippocampus, same entity.",aligned,high,1.0,3/3,False,3-0,stable,"Top1 'CA3 region of hippocampus' directly expands the abbreviation 'CA3' naming the same structure. | CA3 is the standard abbreviation for CA3 region of hippocampus. | CA3 is the abbreviation for CA3 region of hippocampus, same entity.",,
corpus,Caudate nucleus,high_confidence,1.0,HOMBA:10334,caudate nucleus (mediodorsal division of the CP),bm25+exact+fuzzy+hierarchy_parent,Caudate nucleus,Caudate nucleus,,1.0,body of caudate nucleus,0.843297,correct,15,1_highconf_correct.csv,17,partial_or_narrower,high,0.95,"Top1 specifies a subdivision (mediodorsal division of CP) of the caudate nucleus, narrowing the query.",aligned,high,1.0,"Exact anatomical structure name, with a parenthetical qualifier specifying a sub-division, still consistent.",aligned,high,1.0,"Top1 name 'caudate nucleus (mediodorsal division of the CP)' directly contains the query 'Caudate nucleus'; the parenthetical is a clarifying description, not a different structure.",aligned,medium,0.9833,2/3,True,2-1,majority_vote,"Top1 specifies a subdivision (mediodorsal division of CP) of the caudate nucleus, narrowing the query. | Exact anatomical structure name, with a parenthetical qualifier specifying a sub-division, still consistent. | Top1 name 'caudate nucleus (mediodorsal division of the CP)' directly contains the query 'Caudate nucleus'; the parenthetical is a clarifying description, not a different structure.",,
corpus,Cerebellar cortex (Purkinje cell layer),high_confidence,1.0,HOMBA:AA30428,Purkinje cell layer of cerebellar cortex,bm25+fuzzy,cerebellar cortex purkinje cell layer of cerebellar cortex,Purkinje cell layer of cerebellar cortex,purkinje;cell;layer;purkinje cell layer,1.0,cerebellar cortex,0.88,correct,16,1_highconf_correct.csv,18,aligned,high,1.0,Top1 exactly matches the Purkinje cell layer of cerebellar cortex as specified in the query.,aligned,high,1.0,Query specifies 'cerebellar cortex (Purkinje cell layer)' and top1 names that exact layer.,aligned,high,1.0,Top1 'Purkinje cell layer of cerebellar cortex' matches query 'Cerebellar cortex (Purkinje cell layer)' exactly; accepted synonym.,aligned,high,1.0,3/3,False,3-0,stable,Top1 exactly matches the Purkinje cell layer of cerebellar cortex as specified in the query. | Query specifies 'cerebellar cortex (Purkinje cell layer)' and top1 names that exact layer. | Top1 'Purkinje cell layer of cerebellar cortex' matches query 'Cerebellar cortex (Purkinje cell layer)' exactly; accepted synonym.,,
corpus,Cerebellar hemisphere,high_confidence,1.0,HOMBA:10659,cerebellar hemisphere,bm25+exact+fuzzy+hierarchy_parent,Cerebellar hemisphere,Cerebellar hemisphere,,1.0,cerebellar morphology,0.97,correct,17,1_highconf_correct.csv,19,aligned,high,1.0,Exact match: cerebellar hemisphere.,aligned,high,1.0,Exact match: 'cerebellar hemisphere' same as query.,aligned,high,1.0,Top1 'cerebellar hemisphere' is identical to query 'Cerebellar hemisphere' ignoring case.,aligned,high,1.0,3/3,False,3-0,stable,Exact match: cerebellar hemisphere. | Exact match: 'cerebellar hemisphere' same as query. | Top1 'cerebellar hemisphere' is identical to query 'Cerebellar hemisphere' ignoring case.,,
corpus,Cerebellar vermis,high_confidence,1.0,HOMBA:10658,cerebellar vermis,bm25+exact+fuzzy,Cerebellar vermis,Cerebellar vermis,,1.0,cerebellar morphology,0.97,correct,18,1_highconf_correct.csv,20,aligned,high,1.0,Exact match: cerebellar vermis.,aligned,high,1.0,Exact match: 'cerebellar vermis' same as query.,aligned,high,1.0,Top1 'cerebellar vermis' is identical to query 'Cerebellar vermis' ignoring case.,aligned,high,1.0,3/3,False,3-0,stable,Exact match: cerebellar vermis. | Exact match: 'cerebellar vermis' same as query. | Top1 'cerebellar vermis' is identical to query 'Cerebellar vermis' ignoring case.,,
corpus,Cerebral aqueduct,high_confidence,1.0,HOMBA:12369,cerebral aqueduct,bm25+exact+fuzzy,Cerebral aqueduct,Cerebral aqueduct,,1.0,telencephalon,0.308508,correct,19,1_highconf_correct.csv,21,aligned,high,1.0,Exact match: cerebral aqueduct.,aligned,high,1.0,Exact match: 'cerebral aqueduct' same as query.,aligned,high,1.0,Top1 'cerebral aqueduct' is identical to query 'Cerebral aqueduct' ignoring case.,aligned,high,1.0,3/3,False,3-0,stable,Exact match: cerebral aqueduct. | Exact match: 'cerebral aqueduct' same as query. | Top1 'cerebral aqueduct' is identical to query 'Cerebral aqueduct' ignoring case.,,
corpus,Cerebral peduncle,high_confidence,1.0,HOMBA:12330,cerebral peduncle (crus cerebri),bm25+exact+fuzzy,Cerebral peduncle,Cerebral peduncle,,1.0,telencephalon,0.308508,correct,20,1_highconf_correct.csv,22,aligned,high,1.0,top1_name exactly matches query and includes synonym.,aligned,high,1.0,Exact match with parenthetical synonym (crus cerebri).,aligned,high,1.0,Top1 name exactly matches query; parenthetical synonym for clarification.,aligned,high,1.0,3/3,False,3-0,stable,top1_name exactly matches query and includes synonym. | Exact match with parenthetical synonym (crus cerebri). | Top1 name exactly matches query; parenthetical synonym for clarification.,,
corpus,Cingulate gyrus (posterior),high_confidence,1.0,HOMBA:10285,posterior cingulate cortex (PCC),bm25+fuzzy,cingulate cortex,posterior cingulate cortex,posterior,1.0,"cingulate gyrus, caudal (posterior) part",0.923571,correct,21,1_highconf_correct.csv,23,partial_or_narrower,medium,0.6,Query specifies 'Cingulate gyrus (posterior)' but top1 is 'posterior cingulate cortex'; gyrus vs cortex difference.,aligned,high,1.0,Matching posterior subdivision of cingulate gyrus/cortex. 'Cingulate gyrus (posterior)' equivalent to posterior cingulate cortex.,aligned,high,0.95,Posterior cingulate cortex is standard equivalent term for posterior cingulate gyrus.,aligned,medium,0.85,2/3,True,2-1,majority_vote,Query specifies 'Cingulate gyrus (posterior)' but top1 is 'posterior cingulate cortex'; gyrus vs cortex difference. | Matching posterior subdivision of cingulate gyrus/cortex. 'Cingulate gyrus (posterior)' equivalent to posterior cingulate cortex. | Posterior cingulate cortex is standard equivalent term for posterior cingulate gyrus.,,
corpus,Corticospinal tract,high_confidence,1.0,HOMBA:12047,corticospinal tract,bm25+exact+fuzzy,Corticospinal tract,Corticospinal tract,,1.0,pyramidal tract,0.97,correct,22,1_highconf_correct.csv,24,aligned,high,1.0,Exact match between query and top1_name.,aligned,high,1.0,Exact match for corticospinal tract.,aligned,high,1.0,Exact match of corticospinal tract.,aligned,high,1.0,3/3,False,3-0,stable,Exact match between query and top1_name. | Exact match for corticospinal tract. | Exact match of corticospinal tract.,,
corpus,Cuneate fasciculus,high_confidence,1.0,HOMBA:12731,cuneate fasciculus,bm25+exact+fuzzy,Cuneate fasciculus,Cuneate fasciculus,,1.0,cuneate fasciculus in spinal cord,0.696591,correct,23,1_highconf_correct.csv,25,aligned,high,1.0,Exact match between query and top1_name.,aligned,high,1.0,Exact match for cuneate fasciculus.,aligned,high,1.0,Exact match of cuneate fasciculus.,aligned,high,1.0,3/3,False,3-0,stable,Exact match between query and top1_name. | Exact match for cuneate fasciculus. | Exact match of cuneate fasciculus.,,
corpus,Cuneate nucleus,high_confidence,1.0,HOMBA:12589,cuneate nucleus,bm25+exact+fuzzy+hierarchy_parent,Cuneate nucleus,Cuneate nucleus,,1.0,sensory relay nuclei in medulla oblongata,0.97,correct,24,1_highconf_correct.csv,26,aligned,high,1.0,Exact match between query and top1_name.,aligned,high,1.0,Exact match for cuneate nucleus.,aligned,high,1.0,Exact match of cuneate nucleus.,aligned,high,1.0,3/3,False,3-0,stable,Exact match between query and top1_name. | Exact match for cuneate nucleus. | Exact match of cuneate nucleus.,,
corpus,Cuneate nucleus (external),high_confidence,1.0,HOMBA:12588,external (accessory/lateral) cuneate nucleus,bm25+fuzzy,Cuneate nucleus,external   cuneate nucleus,external,1.0,cuneate nucleus,0.88,correct,25,1_highconf_correct.csv,27,aligned,high,1.0,top1_name is a synonym/expanded form of query 'Cuneate nucleus (external)'.,aligned,high,0.99,"Top1 matches the query's external cuneate nucleus, including the modifier 'external' as a synonym.",aligned,high,1.0,top1 exactly matches 'external cuneate nucleus' with parenthetical alternate name; same structure.,aligned,high,0.9967,3/3,False,3-0,stable,"top1_name is a synonym/expanded form of query 'Cuneate nucleus (external)'. | Top1 matches the query's external cuneate nucleus, including the modifier 'external' as a synonym. | top1 exactly matches 'external cuneate nucleus' with parenthetical alternate name; same structure.",,
corpus,Cuneus,high_confidence,1.0,HOMBA:12150,cuneus (gyrus),bm25+exact+fuzzy,Cuneus,Cuneus,,1.0,,,correct,26,1_highconf_correct.csv,28,aligned,high,1.0,top1_name matches query exactly with parenthetical clarification.,aligned,high,0.99,"Top1 is identical to the query, with parenthetical gyrus specification.",aligned,high,1.0,'cuneus (gyrus)' is an accepted synonymous clarification of 'Cuneus'.,aligned,high,0.9967,3/3,False,3-0,stable,"top1_name matches query exactly with parenthetical clarification. | Top1 is identical to the query, with parenthetical gyrus specification. | 'cuneus (gyrus)' is an accepted synonymous clarification of 'Cuneus'.",,
corpus,Dentate gyrus,high_confidence,1.0,HOMBA:10295,dentate gyrus,bm25+exact+fuzzy+hierarchy_parent,Dentate gyrus,Dentate gyrus,,1.0,major division of dentate gyrus,0.898452,correct,27,1_highconf_correct.csv,29,aligned,high,1.0,top1_name is identical to query.,aligned,high,0.99,Exact match: 'dentate gyrus'.,aligned,high,1.0,Exact match between query and top1 name.,aligned,high,0.9967,3/3,False,3-0,stable,top1_name is identical to query. | Exact match: 'dentate gyrus'. | Exact match between query and top1 name.,,
corpus,Dentate nucleus,high_confidence,1.0,HOMBA:12396,dentate (lateral) nucleus,bm25+exact+fuzzy+hierarchy_parent,Dentate nucleus,Dentate nucleus,,1.0,"dentate nucleus, mediodorsal division",0.675458,correct,28,1_highconf_correct.csv,30,aligned,high,1.0,top1_name is a synonym for query 'Dentate nucleus'.,aligned,high,0.99,Top1 is a synonym (lateral nucleus) for dentate nucleus.,aligned,high,1.0,'dentate (lateral) nucleus' is a synonym for 'Dentate nucleus'; same structure.,aligned,high,0.9967,3/3,False,3-0,stable,top1_name is a synonym for query 'Dentate nucleus'. | Top1 is a synonym (lateral nucleus) for dentate nucleus. | 'dentate (lateral) nucleus' is a synonym for 'Dentate nucleus'; same structure.,,
corpus,Dorsal cochlear nucleus,high_confidence,1.0,HOMBA:12438,dorsal cochlear nucleus,bm25+exact+fuzzy,Dorsal cochlear nucleus,Dorsal cochlear nucleus,dorsal,1.0,dorsal part of pontine nucleus,0.429781,correct,29,1_highconf_correct.csv,31,aligned,high,1.0,top1_name matches query exactly.,aligned,high,0.99,Exact match: 'dorsal cochlear nucleus'.,aligned,high,1.0,Exact match for 'Dorsal cochlear nucleus'.,aligned,high,0.9967,3/3,False,3-0,stable,top1_name matches query exactly. | Exact match: 'dorsal cochlear nucleus'. | Exact match for 'Dorsal cochlear nucleus'.,,
corpus,Dorsal motor nucleus of vagus,high_confidence,1.0,HOMBA:12550,dorsal motor nucleus of the vagus (vagal nerve nucleus),bm25+fuzzy,Dorsal motor nucleus of vagus,dorsal motor nucleus of the vagus,dorsal,1.0,"dorsal motor nucleus of vagus, caudal division",0.990833,correct,30,1_highconf_correct.csv,32,aligned,high,1.0,"Top1 is a conventional variant (dorsal motor nucleus of the vagus) with synonym, directly matching the query structure.",aligned,high,1.0,Top1 is a direct synonym with added parentheses; same structure.,aligned,high,1.0,Identical structure; 'vagus' vs 'the vagus' and parenthetical clarification are minor wording variants.,aligned,high,1.0,3/3,False,3-0,stable,"Top1 is a conventional variant (dorsal motor nucleus of the vagus) with synonym, directly matching the query structure. | Top1 is a direct synonym with added parentheses; same structure. | Identical structure; 'vagus' vs 'the vagus' and parenthetical clarification are minor wording variants.",,
corpus,Emboliform nucleus,high_confidence,1.0,HOMBA:12401,lateral interpositus (emboliform) nucleus,bm25+exact+fuzzy,Emboliform nucleus,Emboliform nucleus,,1.0,interpositus (intermediate) nucleus,0.97,correct,31,1_highconf_correct.csv,33,aligned,high,1.0,Emboliform nucleus is a direct synonym of lateral interpositus (emboliform) nucleus; exact anatomical match.,aligned,high,1.0,Top1 includes the query synonym in parentheses; lateral interpositus (emboliform) nucleus.,aligned,high,1.0,Lateral interpositus (emboliform) nucleus is the accepted synonym for emboliform nucleus.,aligned,high,1.0,3/3,False,3-0,stable,Emboliform nucleus is a direct synonym of lateral interpositus (emboliform) nucleus; exact anatomical match. | Top1 includes the query synonym in parentheses; lateral interpositus (emboliform) nucleus. | Lateral interpositus (emboliform) nucleus is the accepted synonym for emboliform nucleus.,,
corpus,Entorhinal area,high_confidence,1.0,HOMBA:10317,entorhinal cortex,bm25+exact+fuzzy+hierarchy_parent,Entorhinal area,Entorhinal area,,1.0,lateral (rostral) entorhinal cortex,0.7009,correct,32,1_highconf_correct.csv,34,aligned,high,1.0,Entorhinal area and entorhinal cortex are synonymous; top1 directly names the same region.,aligned,high,1.0,'Entorhinal area' and 'entorhinal cortex' are standard synonyms.,aligned,high,1.0,Entorhinal area and entorhinal cortex refer to the same anatomical region.,aligned,high,1.0,3/3,False,3-0,stable,Entorhinal area and entorhinal cortex are synonymous; top1 directly names the same region. | 'Entorhinal area' and 'entorhinal cortex' are standard synonyms. | Entorhinal area and entorhinal cortex refer to the same anatomical region.,,
corpus,Entorhinal cortex,high_confidence,1.0,HOMBA:10317,entorhinal cortex,bm25+exact+fuzzy+hierarchy_parent,Entorhinal cortex,Entorhinal cortex,,1.0,lamination of entorhinal cortex,0.765457,correct,33,1_highconf_correct.csv,35,aligned,high,1.0,Exact match between query and top1 name (entorhinal cortex).,aligned,high,1.0,Exact match: query and top1 are identical.,aligned,high,1.0,Exact match.,aligned,high,1.0,3/3,False,3-0,stable,Exact match between query and top1 name (entorhinal cortex). | Exact match: query and top1 are identical. | Exact match.,,
corpus,External lateral parabrachial nucleus,high_confidence,1.0,HOMBA:12485,"lateral parabrachial nucleus, external division",bm25+fuzzy,External lateral parabrachial nucleus,external part lateral parabrachial nucleus,external;lateral,1.0,"medial parabrachial nucleus, external division",0.817259,correct,34,1_highconf_correct.csv,36,aligned,high,1.0,External lateral parabrachial nucleus is the same as lateral parabrachial nucleus external division; phrasing variant.,aligned,high,1.0,Top1 is same structure with word order variant 'external division' vs 'External lateral'.,aligned,high,1.0,External lateral parabrachial nucleus is the external division of the lateral parabrachial nucleus; word-order variant.,aligned,high,1.0,3/3,False,3-0,stable,External lateral parabrachial nucleus is the same as lateral parabrachial nucleus external division; phrasing variant. | Top1 is same structure with word order variant 'external division' vs 'External lateral'. | External lateral parabrachial nucleus is the external division of the lateral parabrachial nucleus; word-order variant.,,
corpus,Facial nucleus,high_confidence,1.0,HOMBA:12420,facial nucleus,bm25+exact+fuzzy+hierarchy_parent,Facial nucleus,Facial nucleus,,1.0,"facial nucleus, stylohyoid subnucleus",0.770833,correct,35,1_highconf_correct.csv,37,aligned,high,1.0,Exact match to 'facial nucleus'.,aligned,high,1.0,Exact match with case variant.,aligned,high,1.0,"Exact match, case-insensitive. Both refer to the same structure.",aligned,high,1.0,3/3,False,3-0,stable,"Exact match to 'facial nucleus'. | Exact match with case variant. | Exact match, case-insensitive. Both refer to the same structure.",,
corpus,Fastigial nucleus,high_confidence,1.0,HOMBA:12402,fastigial (medial) nucleus,bm25+exact+fuzzy+hierarchy_parent,Fastigial nucleus,Fastigial nucleus,,1.0,"fastigial nucleus, medial division",0.734583,correct,36,1_highconf_correct.csv,38,aligned,high,1.0,Synonym: 'fastigial (medial) nucleus' is the same as fastigial nucleus.,aligned,high,1.0,Accepted synonym with descriptor in parentheses.,aligned,high,1.0,Accepted synonym: fastigial nucleus is the medial (fastigial) nucleus.,aligned,high,1.0,3/3,False,3-0,stable,Synonym: 'fastigial (medial) nucleus' is the same as fastigial nucleus. | Accepted synonym with descriptor in parentheses. | Accepted synonym: fastigial nucleus is the medial (fastigial) nucleus.,,
corpus,Fimbria,high_confidence,1.0,HOMBA:10575,fimbria,bm25+exact+fuzzy,Fimbria,Fimbria,,1.0,hippocampus,0.206054,correct,37,1_highconf_correct.csv,39,aligned,high,1.0,Exact match to 'fimbria'.,aligned,high,1.0,Exact match.,aligned,high,1.0,"Exact match, case-insensitive. Query and top1 name identical.",aligned,high,1.0,3/3,False,3-0,stable,"Exact match to 'fimbria'. | Exact match. | Exact match, case-insensitive. Query and top1 name identical.",,
corpus,Flocculus,high_confidence,1.0,HOMBA:AA30424,lobule Xa (flocculus),bm25+exact+fuzzy,Flocculus,Flocculus,,1.0,lobule X (nodulus and flocculus),0.642818,correct,38,1_highconf_correct.csv,40,aligned,high,1.0,Synonym: 'lobule Xa (flocculus)' refers to the flocculus.,aligned,high,1.0,Alternative name for the same structure.,aligned,high,1.0,"Flocculus is explicitly listed with parentheses, confirming it is the same as lobule Xa (flocculus).",aligned,high,1.0,3/3,False,3-0,stable,"Synonym: 'lobule Xa (flocculus)' refers to the flocculus. | Alternative name for the same structure. | Flocculus is explicitly listed with parentheses, confirming it is the same as lobule Xa (flocculus).",,
corpus,Fornix,high_confidence,1.0,HOMBA:10576,fornix,bm25+exact+fuzzy+hierarchy_parent,Fornix,Fornix,,1.0,body of the fornix,0.589807,correct,39,1_highconf_correct.csv,41,aligned,high,1.0,Exact match to 'fornix'.,aligned,high,1.0,Exact match.,aligned,high,1.0,"Direct match, case-insensitive. Fornix matches exactly.",aligned,high,1.0,3/3,False,3-0,stable,"Exact match to 'fornix'. | Exact match. | Direct match, case-insensitive. Fornix matches exactly.",,
corpus,Fourth ventricle,high_confidence,1.0,HOMBA:12805,fourth ventricle,bm25+exact+fuzzy+hierarchy_parent,Fourth ventricle,Fourth ventricle,,1.0,region of fourth ventricle,0.899038,correct,40,1_highconf_correct.csv,42,aligned,high,1.0,Direct exact match (case-insensitive) of query 'Fourth ventricle' with top1 'fourth ventricle'.,aligned,high,1.0,Exact match after case normalization.,aligned,high,1.0,"Exact match, same structure name.",aligned,high,1.0,3/3,False,3-0,stable,"Direct exact match (case-insensitive) of query 'Fourth ventricle' with top1 'fourth ventricle'. | Exact match after case normalization. | Exact match, same structure name.",,
corpus,Fusiform gyrus,high_confidence,1.0,HOMBA:AA30549,fusiform (occipitotemporal) gyrus,bm25+exact+fuzzy,Fusiform gyrus,Fusiform gyrus,,1.0,uncus of (para)hippocampal gyrus,0.310977,correct,41,1_highconf_correct.csv,43,aligned,high,1.0,Top1 'fusiform (occipitotemporal) gyrus' is a standard synonym including query 'Fusiform gyrus'.,aligned,high,1.0,Synonym: fusiform gyrus is the same as fusiform (occipitotemporal) gyrus.,aligned,high,1.0,Fusiform gyrus is a common synonym of fusiform (occipitotemporal) gyrus. Same entity.,aligned,high,1.0,3/3,False,3-0,stable,Top1 'fusiform (occipitotemporal) gyrus' is a standard synonym including query 'Fusiform gyrus'. | Synonym: fusiform gyrus is the same as fusiform (occipitotemporal) gyrus. | Fusiform gyrus is a common synonym of fusiform (occipitotemporal) gyrus. Same entity.,,
corpus,Globose nucleus,high_confidence,1.0,HOMBA:12400,medial interpositus (globose) nucleus,bm25+exact+fuzzy,Globose nucleus,Globose nucleus,,1.0,interpositus (intermediate) nucleus,0.97,correct,42,1_highconf_correct.csv,44,aligned,high,1.0,Top1 'medial interpositus (globose) nucleus' lists 'globose' as synonym; query 'Globose nucleus' matches.,aligned,high,1.0,Synonym: globose nucleus is also known as medial interpositus nucleus.,aligned,high,1.0,Globose nucleus is synonymous with medial interpositus nucleus. HOMBA includes both.,aligned,high,1.0,3/3,False,3-0,stable,Top1 'medial interpositus (globose) nucleus' lists 'globose' as synonym; query 'Globose nucleus' matches. | Synonym: globose nucleus is also known as medial interpositus nucleus. | Globose nucleus is synonymous with medial interpositus nucleus. HOMBA includes both.,,
corpus,Gracile fasciculus,high_confidence,1.0,HOMBA:12739,gracile fasciculus,bm25+exact+fuzzy,Gracile fasciculus,Gracile fasciculus,,1.0,gracile fasciculus in spinal cord,0.696591,correct,43,1_highconf_correct.csv,45,aligned,high,1.0,Exact match (case difference only) of query 'Gracile fasciculus' with top1 'gracile fasciculus'.,aligned,high,1.0,Exact match after case normalization.,aligned,high,1.0,"Exact match, same structure.",aligned,high,1.0,3/3,False,3-0,stable,"Exact match (case difference only) of query 'Gracile fasciculus' with top1 'gracile fasciculus'. | Exact match after case normalization. | Exact match, same structure.",,
corpus,Gracile nucleus,high_confidence,1.0,HOMBA:12592,gracile nucleus,bm25+exact+fuzzy+hierarchy_parent,Gracile nucleus,Gracile nucleus,,1.0,"gracile nucleus, central division",0.755952,correct,44,1_highconf_correct.csv,46,aligned,high,1.0,Exact match (case difference only) of query 'Gracile nucleus' with top1 'gracile nucleus'.,aligned,high,1.0,Exact match after case normalization.,aligned,high,1.0,"Exact match, same structure.",aligned,high,1.0,3/3,False,3-0,stable,"Exact match (case difference only) of query 'Gracile nucleus' with top1 'gracile nucleus'. | Exact match after case normalization. | Exact match, same structure.",,
corpus,Gyrus rectus,high_confidence,1.0,HOMBA:12121,rectus gyrus,bm25+exact+fuzzy,Gyrus rectus,Gyrus rectus,,1.0,uncus of (para)hippocampal gyrus,0.310977,correct,45,1_highconf_correct.csv,47,aligned,high,1.0,"rectus gyrus is a conventional word-order variant of Gyrus rectus, same structure",aligned,high,1.0,Word order variant of 'Gyrus rectus'.,aligned,high,0.99,rectus gyrus is a direct synonym and accepted variant of Gyrus rectus.,aligned,high,0.9967,3/3,False,3-0,stable,"rectus gyrus is a conventional word-order variant of Gyrus rectus, same structure | Word order variant of 'Gyrus rectus'. | rectus gyrus is a direct synonym and accepted variant of Gyrus rectus.",,
corpus,Heschl gyrus,high_confidence,1.0,HOMBA:12144,transverse temporal gyrus (Heschl's gyrus),bm25+exact+fuzzy,Heschl gyrus,Heschl gyrus,,1.0,transverse temporal sulcus,0.510606,correct,46,1_highconf_correct.csv,48,aligned,high,1.0,transverse temporal gyrus (Heschl's gyrus) includes Heschl gyrus as an accepted synonym,aligned,high,1.0,'Heschl gyrus' is a synonym for transverse temporal gyrus.,aligned,high,0.99,transverse temporal gyrus (Heschl's gyrus) is the full standard name; Heschl gyrus refers to the same structure.,aligned,high,0.9967,3/3,False,3-0,stable,transverse temporal gyrus (Heschl's gyrus) includes Heschl gyrus as an accepted synonym | 'Heschl gyrus' is a synonym for transverse temporal gyrus. | transverse temporal gyrus (Heschl's gyrus) is the full standard name; Heschl gyrus refers to the same structure.,,
corpus,Heschl's gyrus,high_confidence,1.0,HOMBA:12144,transverse temporal gyrus (Heschl's gyrus),bm25+exact+fuzzy,Heschl's gyrus,Heschl's gyrus,,1.0,transverse temporal sulcus,0.510606,correct,47,1_highconf_correct.csv,49,aligned,high,1.0,transverse temporal gyrus (Heschl's gyrus) matches Heschl's gyrus exactly,aligned,high,1.0,'Heschl's gyrus' is a synonym for transverse temporal gyrus.,aligned,high,0.99,Same as Heschl gyrus; top1 exactly names Heschl's gyrus.,aligned,high,0.9967,3/3,False,3-0,stable,transverse temporal gyrus (Heschl's gyrus) matches Heschl's gyrus exactly | 'Heschl's gyrus' is a synonym for transverse temporal gyrus. | Same as Heschl gyrus; top1 exactly names Heschl's gyrus.,,
corpus,Hippocampal formation,high_confidence,1.0,HOMBA:12170,hippocampal formation,bm25+exact+fuzzy,Hippocampal formation,Hippocampal formation,,1.0,hippocampal commissure,0.277958,correct,48,1_highconf_correct.csv,50,aligned,high,1.0,top1_name is identical to query,aligned,high,1.0,Exact match (case-insensitive).,aligned,high,0.99,"hippocampal formation is an exact string match, referring to the same anatomical entity.",aligned,high,0.9967,3/3,False,3-0,stable,"top1_name is identical to query | Exact match (case-insensitive). | hippocampal formation is an exact string match, referring to the same anatomical entity.",,
corpus,Hippocampus,high_confidence,1.0,HOMBA:AA30093,hippocampus,bm25+exact+fuzzy,Hippocampus,Hippocampus,,1.0,hippocampal proper (Cornu Ammonis),0.770833,correct,49,1_highconf_correct.csv,51,aligned,high,1.0,top1_name is identical to query,aligned,high,1.0,Exact match.,aligned,high,0.99,"hippocampus is an exact match, same structure.",aligned,high,0.9967,3/3,False,3-0,stable,"top1_name is identical to query | Exact match. | hippocampus is an exact match, same structure.",,
corpus,Hypoglossal nucleus,high_confidence,1.0,HOMBA:12545,hypoglossal nucleus,bm25+exact+fuzzy+hierarchy_parent,Hypoglossal nucleus,Hypoglossal nucleus,,1.0,other nuclei in dorsal medulla,0.909167,correct,50,1_highconf_correct.csv,52,aligned,high,1.0,Exact match ignoring case: 'Hypoglossal nucleus' matches 'hypoglossal nucleus'.,aligned,high,1.0,"Exact match: query and top1 refer to the same structure, only case difference.",aligned,high,0.99,Identical anatomical structure; case-insensitive string match to the hypoglossal nucleus.,aligned,high,0.9967,3/3,False,3-0,stable,"Exact match ignoring case: 'Hypoglossal nucleus' matches 'hypoglossal nucleus'. | Exact match: query and top1 refer to the same structure, only case difference. | Identical anatomical structure; case-insensitive string match to the hypoglossal nucleus.",,
corpus,Inferior cerebellar peduncle,high_confidence,1.0,HOMBA:12741,inferior cerebellar peduncle,bm25+exact+fuzzy,Inferior cerebellar peduncle,Inferior cerebellar peduncle,,1.0,middle cerebellar peduncle (brachium pontis),0.67705,correct,51,1_highconf_correct.csv,53,aligned,high,1.0,Exact match ignoring case: 'Inferior cerebellar peduncle' matches 'inferior cerebellar peduncle'.,aligned,high,1.0,Exact match: query and top1 are identical terms for the same structure.,aligned,high,0.99,"Exact match; inferior cerebellar peduncle is directly named, no variation.",aligned,high,0.9967,3/3,False,3-0,stable,"Exact match ignoring case: 'Inferior cerebellar peduncle' matches 'inferior cerebellar peduncle'. | Exact match: query and top1 are identical terms for the same structure. | Exact match; inferior cerebellar peduncle is directly named, no variation.",,
corpus,Inferior colliculus,high_confidence,1.0,HOMBA:12305,inferior colliculus,bm25+exact+fuzzy+hierarchy_parent,Inferior colliculus,Inferior colliculus,,1.0,brachium of inferior colliculus,0.813844,correct,52,1_highconf_correct.csv,54,aligned,high,1.0,Exact match ignoring case: 'Inferior colliculus' matches 'inferior colliculus'.,aligned,high,1.0,Exact match: query and top1 are identical terms for the same structure.,aligned,high,0.99,Direct match; inferior colliculus matches query precisely.,aligned,high,0.9967,3/3,False,3-0,stable,Exact match ignoring case: 'Inferior colliculus' matches 'inferior colliculus'. | Exact match: query and top1 are identical terms for the same structure. | Direct match; inferior colliculus matches query precisely.,,
corpus,Inferior frontal gyrus (opercular part),high_confidence,1.0,HOMBA:12119,"inferior frontal gyrus, opercular part",bm25+exact+fuzzy,Inferior frontal gyrus (opercular part),Inferior frontal gyrus (opercular part),opercular,1.0,inferior frontal gyrus,0.88,correct,53,1_highconf_correct.csv,55,aligned,high,1.0,Synonym variant: parenthetical 'opercular part' maps to comma-separated form; same anatomical entity.,aligned,high,1.0,Exact match: top1 uses comma instead of parentheses but refers to the same specific part.,aligned,high,0.99,Same structure; comma vs parentheses is a conventional formatting variant for 'opercular part'.,aligned,high,0.9967,3/3,False,3-0,stable,Synonym variant: parenthetical 'opercular part' maps to comma-separated form; same anatomical entity. | Exact match: top1 uses comma instead of parentheses but refers to the same specific part. | Same structure; comma vs parentheses is a conventional formatting variant for 'opercular part'.,,
corpus,Inferior frontal gyrus (triangular part),high_confidence,1.0,HOMBA:12118,"inferior frontal gyrus, triangular part",bm25+exact+fuzzy,Inferior frontal gyrus (triangular part),Inferior frontal gyrus (triangular part),triangular,1.0,inferior frontal gyrus,0.88,correct,54,1_highconf_correct.csv,56,aligned,high,1.0,Synonym variant: parenthetical 'triangular part' maps to comma-separated form; same anatomical entity.,aligned,high,1.0,Exact match: top1 uses comma instead of parentheses but refers to the same specific part.,aligned,high,0.99,Same structure; comma vs parentheses for 'triangular part' is an accepted synonym/format.,aligned,high,0.9967,3/3,False,3-0,stable,Synonym variant: parenthetical 'triangular part' maps to comma-separated form; same anatomical entity. | Exact match: top1 uses comma instead of parentheses but refers to the same specific part. | Same structure; comma vs parentheses for 'triangular part' is an accepted synonym/format.,,
corpus,Inferior longitudinal fasciculus,high_confidence,1.0,HOMBA:10580,inferior longitudinal fasciculus,bm25+exact+fuzzy,Inferior longitudinal fasciculus,Inferior longitudinal fasciculus,,1.0,longitudinal fasciculus,0.856667,correct,55,1_highconf_correct.csv,57,aligned,high,1.0,Exact match between query and top1_name; same anatomical structure.,aligned,high,1.0,"Query and top1_name are identical except for case, same anatomical structure.",aligned,high,1.0,Exact case-insensitive match between query and top1_name.,aligned,high,1.0,3/3,False,3-0,stable,"Exact match between query and top1_name; same anatomical structure. | Query and top1_name are identical except for case, same anatomical structure. | Exact case-insensitive match between query and top1_name.",,
corpus,Inferior occipital gyrus,high_confidence,1.0,HOMBA:12153,inferior occipital gyrus,bm25+exact+fuzzy,Inferior occipital gyrus,Inferior occipital gyrus,,1.0,occipital lobe,0.97,correct,56,1_highconf_correct.csv,58,aligned,high,1.0,Exact match between query and top1_name; same anatomical structure.,aligned,high,1.0,"Query and top1_name are identical except for case, same anatomical structure.",aligned,high,1.0,Exact case-insensitive match between query and top1_name.,aligned,high,1.0,3/3,False,3-0,stable,"Exact match between query and top1_name; same anatomical structure. | Query and top1_name are identical except for case, same anatomical structure. | Exact case-insensitive match between query and top1_name.",,
corpus,Inferior olive,high_confidence,1.0,HOMBA:12600,inferior olive,bm25+exact+fuzzy+hierarchy_parent,Inferior olive,Inferior olive,,1.0,hilus of the inferior olive,0.722962,correct,57,1_highconf_correct.csv,59,aligned,high,1.0,Exact match between query and top1_name; same anatomical structure.,aligned,high,1.0,"Query and top1_name are identical except for case, same anatomical structure.",aligned,high,1.0,Exact match for 'inferior olive'.,aligned,high,1.0,3/3,False,3-0,stable,"Exact match between query and top1_name; same anatomical structure. | Query and top1_name are identical except for case, same anatomical structure. | Exact match for 'inferior olive'.",,
corpus,Inferior parietal lobule,high_confidence,1.0,HOMBA:12134,inferior parietal lobule (gyrus),bm25+exact+fuzzy,Inferior parietal lobule,Inferior parietal lobule,,1.0,parietal lobe,0.97,correct,58,1_highconf_correct.csv,60,aligned,high,1.0,Top1_name includes a parenthetical variation but directly names the same structure as query.,aligned,high,1.0,"Top1_name includes parenthetical synonym, but refers to the same structure (inferior parietal lobule).",aligned,high,1.0,Parenthetical '(gyrus)' is a conventional synonym; match is correct.,aligned,high,1.0,3/3,False,3-0,stable,"Top1_name includes a parenthetical variation but directly names the same structure as query. | Top1_name includes parenthetical synonym, but refers to the same structure (inferior parietal lobule). | Parenthetical '(gyrus)' is a conventional synonym; match is correct.",,
corpus,Inferior pulvinar,high_confidence,1.0,HOMBA:10413,inferior division of pulvinar,bm25+exact+fuzzy,Inferior pulvinar,Inferior pulvinar,,1.0,pulvinar of thalamus,0.8342,correct,59,1_highconf_correct.csv,61,aligned,high,1.0,Top1_name is a direct synonym for the query; inferior division of pulvinar equals inferior pulvinar.,aligned,high,1.0,Inferior pulvinar is synonymous with inferior division of pulvinar; same anatomical entity.,aligned,high,1.0,Inferior pulvinar and inferior division of pulvinar are synonymous.,aligned,high,1.0,3/3,False,3-0,stable,Top1_name is a direct synonym for the query; inferior division of pulvinar equals inferior pulvinar. | Inferior pulvinar is synonymous with inferior division of pulvinar; same anatomical entity. | Inferior pulvinar and inferior division of pulvinar are synonymous.,,
corpus,Inferior salivatory nucleus,high_confidence,1.0,HOMBA:12544,inferior salivatory nucleus,bm25+exact+fuzzy,Inferior salivatory nucleus,Inferior salivatory nucleus,,1.0,inferior colliculus,0.327761,correct,60,1_highconf_correct.csv,62,aligned,high,1.0,Exact match with case variation,aligned,high,1.0,Exact match; case difference only.,aligned,high,1.0,Exact name match (case difference irrelevant).,aligned,high,1.0,3/3,False,3-0,stable,Exact match with case variation | Exact match; case difference only. | Exact name match (case difference irrelevant).,,
corpus,Inferior temporal gyrus,high_confidence,1.0,HOMBA:12142,inferior temporal gyrus,bm25+exact+fuzzy,Inferior temporal gyrus,Inferior temporal gyrus,,1.0,temporal lobe,0.97,correct,61,1_highconf_correct.csv,63,aligned,high,1.0,Exact match with case variation,aligned,high,1.0,Exact match; case difference only.,aligned,high,1.0,Exact name match (case difference irrelevant).,aligned,high,1.0,3/3,False,3-0,stable,Exact match with case variation | Exact match; case difference only. | Exact name match (case difference irrelevant).,,
corpus,Insula,high_confidence,1.0,HOMBA:12176,insular lobe,bm25+exact+fuzzy+hierarchy_parent,Insula,Insula,,1.0,limen insula,0.8125,correct,62,1_highconf_correct.csv,64,aligned,high,1.0,'Insular lobe' is a common synonym for 'Insula',aligned,high,1.0,Insula is synonymous with insular lobe.,aligned,high,1.0,Insula is a conventional synonym for insular lobe; HOMBA alias confirms.,aligned,high,1.0,3/3,False,3-0,stable,'Insular lobe' is a common synonym for 'Insula' | Insula is synonymous with insular lobe. | Insula is a conventional synonym for insular lobe; HOMBA alias confirms.,,
corpus,Intermediate reticular zone,high_confidence,1.0,HOMBA:12620,intermediate reticular nucleus,bm25+exact+fuzzy,Intermediate reticular zone,Intermediate reticular zone,reticular,1.0,reticular nucleus of thalamus,0.349263,correct,63,1_highconf_correct.csv,65,aligned,medium,0.9,'Intermediate reticular nucleus' is the standard name for 'Intermediate reticular zone',aligned,high,1.0,Intermediate reticular zone and intermediate reticular nucleus refer to the same structure.,aligned,high,0.98,Query 'Intermediate reticular zone' is a listed alias for 'intermediate reticular nucleus' in HOMBA; synonymous.,aligned,high,0.96,3/3,False,3-0,stable,'Intermediate reticular nucleus' is the standard name for 'Intermediate reticular zone' | Intermediate reticular zone and intermediate reticular nucleus refer to the same structure. | Query 'Intermediate reticular zone' is a listed alias for 'intermediate reticular nucleus' in HOMBA; synonymous.,,
corpus,Internal capsule,high_confidence,1.0,HOMBA:10581,internal capsule,bm25+exact+fuzzy+hierarchy_parent,Internal capsule,Internal capsule,,1.0,genu of internal capsule,0.854167,correct,64,1_highconf_correct.csv,66,aligned,high,1.0,Exact match with case variation,aligned,high,1.0,Exact match; case difference only.,aligned,high,1.0,Exact name match (case difference irrelevant).,aligned,high,1.0,3/3,False,3-0,stable,Exact match with case variation | Exact match; case difference only. | Exact name match (case difference irrelevant).,,
corpus,Lateral geniculate nucleus,high_confidence,1.0,HOMBA:10429,lateral geniculate nucleus (dorsal lateral geniculate nucleus),bm25+exact+fuzzy,Lateral geniculate nucleus,Lateral geniculate nucleus,lateral,1.0,pregeniculate nucleus (ventral lateral geniculate nucleus),0.9975,correct,65,1_highconf_correct.csv,67,aligned,high,1.0,Exact synonym match with alternative name.,aligned,high,1.0,Exact match with standard name and synonym provided.,aligned,high,1.0,Exact match; top1 is lateral geniculate nucleus (with dorsal part noted).,aligned,high,1.0,3/3,False,3-0,stable,Exact synonym match with alternative name. | Exact match with standard name and synonym provided. | Exact match; top1 is lateral geniculate nucleus (with dorsal part noted).,,
corpus,Lateral parabrachial nucleus,high_confidence,1.0,HOMBA:12482,lateral parabrachial nucleus,bm25+exact+fuzzy,Lateral parabrachial nucleus,Lateral parabrachial nucleus,lateral,1.0,"lateral parabrachial nucleus, central division",0.9975,correct,66,1_highconf_correct.csv,68,aligned,high,1.0,Exact match.,aligned,high,1.0,Exact match.,aligned,high,1.0,Exact match.,aligned,high,1.0,3/3,False,3-0,stable,Exact match. | Exact match. | Exact match.,,
corpus,Lateral posterior thalamic nucleus,high_confidence,1.0,HOMBA:10408,lateral posterior nucleus of thalamus,bm25+exact+fuzzy,Lateral posterior thalamic nucleus,Lateral posterior thalamic nucleus,lateral;posterior,1.0,posterior nucleus of thalamus,0.9375,correct,67,1_highconf_correct.csv,69,aligned,high,1.0,Synonym variant: 'nucleus of thalamus' vs 'thalamic nucleus'.,aligned,high,1.0,Synonym; same structure.,aligned,high,1.0,Same nucleus; difference in phrasing ('thalamic nucleus' vs 'nucleus of thalamus').,aligned,high,1.0,3/3,False,3-0,stable,Synonym variant: 'nucleus of thalamus' vs 'thalamic nucleus'. | Synonym; same structure. | Same nucleus; difference in phrasing ('thalamic nucleus' vs 'nucleus of thalamus').,,
corpus,Lateral pulvinar,high_confidence,1.0,HOMBA:10412,lateral division of pulvinar,bm25+fuzzy,lateral pulvinar of thalamus,lateral division of pulvinar of thalamus,lateral,1.0,pulvinar of thalamus,0.7172,correct,68,1_highconf_correct.csv,70,aligned,high,1.0,Exact match of lateral division of pulvinar.,aligned,high,1.0,Synonym; lateral pulvinar equals lateral division of pulvinar.,aligned,high,1.0,Lateral pulvinar is synonymous with lateral division of pulvinar.,aligned,high,1.0,3/3,False,3-0,stable,Exact match of lateral division of pulvinar. | Synonym; lateral pulvinar equals lateral division of pulvinar. | Lateral pulvinar is synonymous with lateral division of pulvinar.,,
corpus,Lenticular nucleus (putamen),high_confidence,1.0,HOMBA:10338,putamen (lateroventral division of the CP),bm25+exact+fuzzy,Lenticular nucleus,Lenticular nucleus,putamen,1.0,caudal putamen,0.935,correct,69,1_highconf_correct.csv,71,partial_or_narrower,medium,0.7,"Query 'Lenticular nucleus (putamen)' includes broader term; top1 is only putamen, a part of the lenticular nucleus.",partial_or_narrower,medium,0.8,Top1 covers only putamen part of lenticular nucleus; query specifies putamen but primary term includes full nucleus.,partial_or_narrower,high,0.9,"Query includes both lenticular nucleus and putamen; top1 is only putamen, a part of lenticular nucleus.",partial_or_narrower,medium,0.8,3/3,False,3-0,stable,"Query 'Lenticular nucleus (putamen)' includes broader term; top1 is only putamen, a part of the lenticular nucleus. | Top1 covers only putamen part of lenticular nucleus; query specifies putamen but primary term includes full nucleus. | Query includes both lenticular nucleus and putamen; top1 is only putamen, a part of lenticular nucleus.",,
corpus,Limen insulae,high_confidence,1.0,HOMBA:12179,limen insula,bm25+exact+fuzzy,Limen insulae,Limen insulae,,1.0,insular lobe,0.219158,correct,70,1_highconf_correct.csv,72,aligned,high,1.0,"Minor spelling variant (insula vs insulae), same anatomical structure.",aligned,high,1.0,"top1_name 'limen insula' is a conventional spelling variant of query 'Limen insulae', indicating the same anatomical structure.",aligned,high,1.0,"Exact anatomical structure, minor spelling variant ('insulae' vs 'insula'); matched alias confirms.",aligned,high,1.0,3/3,False,3-0,stable,"Minor spelling variant (insula vs insulae), same anatomical structure. | top1_name 'limen insula' is a conventional spelling variant of query 'Limen insulae', indicating the same anatomical structure. | Exact anatomical structure, minor spelling variant ('insulae' vs 'insula'); matched alias confirms.",,
corpus,Lingual gyrus,high_confidence,1.0,HOMBA:12151,lingual gyrus,bm25+exact+fuzzy,Lingual gyrus,Lingual gyrus,,1.0,uncus of (para)hippocampal gyrus,0.310977,correct,71,1_highconf_correct.csv,73,aligned,high,1.0,Exact match: query and top1_name are identical.,aligned,high,1.0,Exact match between query 'Lingual gyrus' and top1_name 'lingual gyrus'.,aligned,high,1.0,Exact match.,aligned,high,1.0,3/3,False,3-0,stable,Exact match: query and top1_name are identical. | Exact match between query 'Lingual gyrus' and top1_name 'lingual gyrus'. | Exact match.,,
corpus,Locus coeruleus,high_confidence,1.0,HOMBA:12499,nucleus coeruleus (locus coeruleus),bm25+exact+fuzzy,Locus coeruleus,Locus coeruleus,,1.0,,,correct,72,1_highconf_correct.csv,74,aligned,high,1.0,Synonym: nucleus coeruleus is an accepted alternative name for locus coeruleus.,aligned,high,1.0,"top1_name 'nucleus coeruleus (locus coeruleus)' includes the query 'Locus coeruleus' as a synonym, referring to the same structure.",aligned,high,1.0,Accepted synonym; top1 includes both names.,aligned,high,1.0,3/3,False,3-0,stable,"Synonym: nucleus coeruleus is an accepted alternative name for locus coeruleus. | top1_name 'nucleus coeruleus (locus coeruleus)' includes the query 'Locus coeruleus' as a synonym, referring to the same structure. | Accepted synonym; top1 includes both names.",,
corpus,Mammillary body,high_confidence,1.0,HOMBA:15546,mammillary body,bm25+exact+fuzzy,Mammillary body,Mammillary body,,1.0,body of corpus callosum,0.27635,correct,73,1_highconf_correct.csv,75,aligned,high,1.0,Exact match: query and top1_name are identical.,aligned,high,1.0,Exact match between query 'Mammillary body' and top1_name 'mammillary body'.,aligned,high,1.0,Exact match.,aligned,high,1.0,3/3,False,3-0,stable,Exact match: query and top1_name are identical. | Exact match between query 'Mammillary body' and top1_name 'mammillary body'. | Exact match.,,
corpus,Mammillothalamic tract,high_confidence,1.0,HOMBA:10586,mammillothalamic tract,bm25+exact+fuzzy,Mammillothalamic tract,Mammillothalamic tract,,1.0,pyramidal tract,0.302708,correct,74,1_highconf_correct.csv,76,aligned,high,1.0,Exact match: query and top1_name are identical.,aligned,high,1.0,Exact match between query 'Mammillothalamic tract' and top1_name 'mammillothalamic tract'.,aligned,high,1.0,Exact match.,aligned,high,1.0,3/3,False,3-0,stable,Exact match: query and top1_name are identical. | Exact match between query 'Mammillothalamic tract' and top1_name 'mammillothalamic tract'. | Exact match.,,
corpus,Medial geniculate nucleus,high_confidence,1.0,HOMBA:10434,medial geniculate nucleus,bm25+exact+fuzzy,Medial geniculate nucleus,Medial geniculate nucleus,medial,1.0,dorsal (rostral) division of medial geniculate nucleus,0.9975,correct,75,1_highconf_correct.csv,77,aligned,high,1.0,Exact anatomical match with case difference only.,aligned,high,1.0,Query 'Medial geniculate nucleus' exactly matches top1 'medial geniculate nucleus' (case variant).,aligned,high,1.0,Exact match: 'Medial geniculate nucleus'.,aligned,high,1.0,3/3,False,3-0,stable,Exact anatomical match with case difference only. | Query 'Medial geniculate nucleus' exactly matches top1 'medial geniculate nucleus' (case variant). | Exact match: 'Medial geniculate nucleus'.,,
corpus,Medial lemniscus,high_confidence,1.0,HOMBA:12763,medial lemniscus,bm25+exact+fuzzy,Medial lemniscus,Medial lemniscus,medial,1.0,decussation of medial lemniscus,0.861263,correct,76,1_highconf_correct.csv,78,aligned,high,1.0,Exact anatomical match with case difference only.,aligned,high,1.0,Query 'Medial lemniscus' exactly matches top1 'medial lemniscus' (case variant).,aligned,high,1.0,Exact match: 'Medial lemniscus'.,aligned,high,1.0,3/3,False,3-0,stable,Exact anatomical match with case difference only. | Query 'Medial lemniscus' exactly matches top1 'medial lemniscus' (case variant). | Exact match: 'Medial lemniscus'.,,
corpus,Medial longitudinal fasciculus,high_confidence,1.0,HOMBA:12764,medial longitudinal fasciculus,bm25+exact+fuzzy,Medial longitudinal fasciculus,Medial longitudinal fasciculus,medial,1.0,medial longitudinal fasciculus in spinal cord,0.9325,correct,77,1_highconf_correct.csv,79,aligned,high,1.0,Exact anatomical match with case difference only.,aligned,high,1.0,Query 'Medial longitudinal fasciculus' exactly matches top1 'medial longitudinal fasciculus' (case variant).,aligned,high,1.0,Exact match: 'Medial longitudinal fasciculus'.,aligned,high,1.0,3/3,False,3-0,stable,Exact anatomical match with case difference only. | Query 'Medial longitudinal fasciculus' exactly matches top1 'medial longitudinal fasciculus' (case variant). | Exact match: 'Medial longitudinal fasciculus'.,,
corpus,Medial parabrachial nucleus,high_confidence,1.0,HOMBA:12487,medial parabrachial nucleus,bm25+exact+fuzzy,Medial parabrachial nucleus,Medial parabrachial nucleus,medial,1.0,"medial parabrachial nucleus, medial division",1.0,correct,78,1_highconf_correct.csv,80,aligned,high,1.0,Exact anatomical match with case difference only.,aligned,high,1.0,Query 'Medial parabrachial nucleus' exactly matches top1 'medial parabrachial nucleus' (case variant).,aligned,high,1.0,Exact match: 'Medial parabrachial nucleus'.,aligned,high,1.0,3/3,False,3-0,stable,Exact anatomical match with case difference only. | Query 'Medial parabrachial nucleus' exactly matches top1 'medial parabrachial nucleus' (case variant). | Exact match: 'Medial parabrachial nucleus'.,,
corpus,Medial pulvinar,high_confidence,1.0,HOMBA:10411,medial division of pulvinar,bm25+fuzzy,medial pulvinar of thalamus,medial division of pulvinar of thalamus,medial,1.0,pulvinar of thalamus,0.7172,correct,79,1_highconf_correct.csv,81,aligned,high,1.0,Top1 name 'medial division of pulvinar' is a conventional synonym for the query 'Medial pulvinar'.,aligned,high,1.0,Query 'Medial pulvinar' directly corresponds to top1 'medial division of pulvinar' (synonym).,aligned,high,1.0,Synonym: 'Medial pulvinar' refers to the medial division of pulvinar.,aligned,high,1.0,3/3,False,3-0,stable,Top1 name 'medial division of pulvinar' is a conventional synonym for the query 'Medial pulvinar'. | Query 'Medial pulvinar' directly corresponds to top1 'medial division of pulvinar' (synonym). | Synonym: 'Medial pulvinar' refers to the medial division of pulvinar.,,
corpus,Medial superior temporal area,high_confidence,1.0,HOMBA:AA30021,medial superior temporal area,bm25+exact+fuzzy,Medial superior temporal area,Medial superior temporal area,medial,1.0,superior (dorsal) temporal sulcus,0.559775,correct,80,1_highconf_correct.csv,82,aligned,high,1.0,top1_name is identical to query after case normalization; same anatomical structure.,aligned,high,1.0,Exact match with case variation; same anatomical structure.,aligned,high,1.0,"Direct match: query and top1 are identical except for minor capitalization, same anatomical structure.",aligned,high,1.0,3/3,False,3-0,stable,"top1_name is identical to query after case normalization; same anatomical structure. | Exact match with case variation; same anatomical structure. | Direct match: query and top1 are identical except for minor capitalization, same anatomical structure.",,
corpus,Median raphe,high_confidence,1.0,HOMBA:12235,median raphe nucleus,bm25+exact+fuzzy,Median raphe,Median raphe,,1.0,pontine raphe region,0.8342,correct,81,1_highconf_correct.csv,83,aligned,high,1.0,Median raphe is a common shorthand for median raphe nucleus; widely accepted synonym.,aligned,high,1.0,Query is common abbreviation for median raphe nucleus; same structure.,aligned,high,1.0,"Query 'Median raphe' is a conventional shorthand for 'median raphe nucleus'. Top1 adds 'nucleus', same entity.",aligned,high,1.0,3/3,False,3-0,stable,"Median raphe is a common shorthand for median raphe nucleus; widely accepted synonym. | Query is common abbreviation for median raphe nucleus; same structure. | Query 'Median raphe' is a conventional shorthand for 'median raphe nucleus'. Top1 adds 'nucleus', same entity.",,
corpus,Mediodorsal thalamic nucleus,high_confidence,1.0,HOMBA:10398,mediodorsal nucleus of thalamus,bm25+exact+fuzzy,Mediodorsal thalamic nucleus,Mediodorsal thalamic nucleus,,1.0,ventral midline nuclei of thalamus,0.369828,correct,82,1_highconf_correct.csv,84,aligned,high,1.0,Mediodorsal thalamic nucleus and mediodorsal nucleus of thalamus are synonymous terms.,aligned,high,1.0,Synonym with word order variant; both refer to same thalamic nucleus.,aligned,high,1.0,Word-order variant: 'Mediodorsal thalamic nucleus' vs 'mediodorsal nucleus of thalamus' refer to the same nucleus.,aligned,high,1.0,3/3,False,3-0,stable,Mediodorsal thalamic nucleus and mediodorsal nucleus of thalamus are synonymous terms. | Synonym with word order variant; both refer to same thalamic nucleus. | Word-order variant: 'Mediodorsal thalamic nucleus' vs 'mediodorsal nucleus of thalamus' refer to the same nucleus.,,
corpus,Middle cerebellar peduncle,high_confidence,1.0,HOMBA:12768,middle cerebellar peduncle (brachium pontis),bm25+exact+fuzzy,Middle cerebellar peduncle,Middle cerebellar peduncle,,1.0,cerebellar morphology,0.323616,correct,83,1_highconf_correct.csv,85,aligned,high,1.0,Exact match with alternative synonym in parentheses; same peduncular structure.,aligned,high,1.0,Exact match with parenthetical Latin synonym; same structure.,aligned,high,1.0,Top1 includes an accepted synonym in parentheses; 'middle cerebellar peduncle (brachium pontis)' is exactly the same structure.,aligned,high,1.0,3/3,False,3-0,stable,Exact match with alternative synonym in parentheses; same peduncular structure. | Exact match with parenthetical Latin synonym; same structure. | Top1 includes an accepted synonym in parentheses; 'middle cerebellar peduncle (brachium pontis)' is exactly the same structure.,,
corpus,Middle frontal gyrus,high_confidence,1.0,HOMBA:12116,middle frontal gyrus,bm25+exact+fuzzy,Middle frontal gyrus,Middle frontal gyrus,,1.0,frontal lobe,0.97,correct,84,1_highconf_correct.csv,86,aligned,high,1.0,Exact match of anatomical names; middle frontal gyrus is directly identified.,aligned,high,1.0,Exact match; middle frontal gyrus correctly identified.,aligned,high,1.0,Exact match: 'Middle frontal gyrus' and top1 are identical.,aligned,high,1.0,3/3,False,3-0,stable,Exact match of anatomical names; middle frontal gyrus is directly identified. | Exact match; middle frontal gyrus correctly identified. | Exact match: 'Middle frontal gyrus' and top1 are identical.,,
corpus,Middle temporal area,high_confidence,1.0,HOMBA:267499039,"fifth visual area (middle temporal area, MT)",bm25+exact+fuzzy,Middle temporal area,Middle temporal area,,1.0,dorsolateral temporal cortex,0.8342,correct,85,1_highconf_correct.csv,87,aligned,high,1.0,"top1_name includes 'middle temporal area' as an accepted synonym, directly matching the query.",aligned,high,1.0,top1_name directly includes 'middle temporal area' as an alias.,aligned,high,1.0,Middle temporal area is a standard synonym for MT/V5; top1 explicitly includes that alias.,aligned,high,1.0,3/3,False,3-0,stable,"top1_name includes 'middle temporal area' as an accepted synonym, directly matching the query. | top1_name directly includes 'middle temporal area' as an alias. | Middle temporal area is a standard synonym for MT/V5; top1 explicitly includes that alias.",,
corpus,Middle temporal gyrus,high_confidence,1.0,HOMBA:12141,middle temporal gyrus,bm25+exact+fuzzy,Middle temporal gyrus,Middle temporal gyrus,,1.0,temporal lobe,0.97,correct,86,1_highconf_correct.csv,88,aligned,high,1.0,Exact match of 'middle temporal gyrus' (case-insensitive).,aligned,high,1.0,Exact match with query 'Middle temporal gyrus'.,aligned,high,1.0,"Exact match, same gyral structure.",aligned,high,1.0,3/3,False,3-0,stable,"Exact match of 'middle temporal gyrus' (case-insensitive). | Exact match with query 'Middle temporal gyrus'. | Exact match, same gyral structure.",,
corpus,Motor trigeminal nucleus,high_confidence,1.0,HOMBA:12429,"motor nucleus of trigeminal nerve (motor trigeminal nucleus, Mo5)",bm25+exact+fuzzy+hierarchy_parent,Motor trigeminal nucleus,Motor trigeminal nucleus,,1.0,afferent nuclei of cranial nerves in pons,0.816733,correct,87,1_highconf_correct.csv,89,aligned,high,1.0,top1_name contains 'motor trigeminal nucleus' in parentheses as a synonym.,aligned,high,1.0,top1_name includes 'motor trigeminal nucleus' as an alias.,aligned,high,1.0,Motor trigeminal nucleus is a well-established alias for the motor nucleus of V.,aligned,high,1.0,3/3,False,3-0,stable,top1_name contains 'motor trigeminal nucleus' in parentheses as a synonym. | top1_name includes 'motor trigeminal nucleus' as an alias. | Motor trigeminal nucleus is a well-established alias for the motor nucleus of V.,,
corpus,Nucleus accumbens,high_confidence,1.0,HOMBA:10339,nucleus accumbens,bm25+exact+fuzzy+hierarchy_parent,Nucleus accumbens,Nucleus accumbens,,1.0,core of nucleus accumbens,0.736733,correct,88,1_highconf_correct.csv,90,aligned,high,1.0,Exact match of 'nucleus accumbens' (case-insensitive).,aligned,high,1.0,Exact match with query 'Nucleus accumbens'.,aligned,high,1.0,"Identical entity, nucleus accumbens.",aligned,high,1.0,3/3,False,3-0,stable,"Exact match of 'nucleus accumbens' (case-insensitive). | Exact match with query 'Nucleus accumbens'. | Identical entity, nucleus accumbens.",,
corpus,Nucleus ambiguus,high_confidence,1.0,HOMBA:12540,ambiguus nucleus,bm25+exact+fuzzy+hierarchy_parent,Nucleus ambiguus,Nucleus ambiguus,,1.0,"ambiguus nucleus, loose division",0.798611,correct,89,1_highconf_correct.csv,91,aligned,high,1.0,'ambiguus nucleus' is a conventional spelling and word-order variant of 'Nucleus ambiguus'.,aligned,high,1.0,Synonym with word-order variant 'ambiguus nucleus' for 'Nucleus ambiguus'.,aligned,high,1.0,Nucleus ambiguus and ambiguus nucleus are accepted word-order variants for the same structure.,aligned,high,1.0,3/3,False,3-0,stable,'ambiguus nucleus' is a conventional spelling and word-order variant of 'Nucleus ambiguus'. | Synonym with word-order variant 'ambiguus nucleus' for 'Nucleus ambiguus'. | Nucleus ambiguus and ambiguus nucleus are accepted word-order variants for the same structure.,,
corpus,Nucleus of the solitary tract,high_confidence,1.0,HOMBA:12557,solitary nucleus,bm25+exact+fuzzy+hierarchy_parent,Nucleus of the solitary tract,Nucleus of the solitary tract,,1.0,"solitary nucleus, gelatinous division",0.858333,correct,90,1_highconf_correct.csv,92,aligned,high,1.0,Top1 'solitary nucleus' is a standard synonym for 'Nucleus of the solitary tract'.,aligned,high,1.0,top1 'solitary nucleus' is a direct synonym for 'Nucleus of the solitary tract'.,aligned,high,1.0,Accepted synonym: Nucleus of the solitary tract is the solitary nucleus.,aligned,high,1.0,3/3,False,3-0,stable,Top1 'solitary nucleus' is a standard synonym for 'Nucleus of the solitary tract'. | top1 'solitary nucleus' is a direct synonym for 'Nucleus of the solitary tract'. | Accepted synonym: Nucleus of the solitary tract is the solitary nucleus.,,
corpus,Obex,high_confidence,1.0,HOMBA:12812,obex,bm25+exact+fuzzy,Obex,Obex,,1.0,,,correct,91,1_highconf_correct.csv,93,aligned,high,1.0,"Exact match, identical anatomical structure.",aligned,high,1.0,"Exact match, only case difference.",aligned,high,1.0,Exact match (case-insensitive).,aligned,high,1.0,3/3,False,3-0,stable,"Exact match, identical anatomical structure. | Exact match, only case difference. | Exact match (case-insensitive).",,
corpus,Occipital pole,high_confidence,1.0,HOMBA:12149,occipital pole,bm25+exact+fuzzy,Occipital pole,Occipital pole,,1.0,occipital lobe,0.97,correct,92,1_highconf_correct.csv,94,aligned,high,1.0,"Exact match, same anatomical structure.",aligned,high,1.0,"Exact match, only case difference.",aligned,high,1.0,Exact match (case-insensitive).,aligned,high,1.0,3/3,False,3-0,stable,"Exact match, same anatomical structure. | Exact match, only case difference. | Exact match (case-insensitive).",,
corpus,Oculomotor nucleus,high_confidence,1.0,HOMBA:12198,oculomotor nucleus,bm25+exact+fuzzy+hierarchy_parent,Oculomotor nucleus,Oculomotor nucleus,,1.0,efferent nuclei of the cranial nerves in midbrain,0.97,correct,93,1_highconf_correct.csv,95,aligned,high,1.0,"Exact match, same anatomical structure.",aligned,high,1.0,"Exact match, only case difference.",aligned,high,1.0,Exact match (case-insensitive).,aligned,high,1.0,3/3,False,3-0,stable,"Exact match, same anatomical structure. | Exact match, only case difference. | Exact match (case-insensitive).",,
corpus,Optic chiasm,high_confidence,1.0,HOMBA:10644,optic chiasm,bm25+exact+fuzzy,Optic chiasm,Optic chiasm,,1.0,optic nerve,0.250475,correct,94,1_highconf_correct.csv,96,aligned,high,1.0,"Exact match, same anatomical structure.",aligned,high,1.0,"Exact match, only case difference.",aligned,high,1.0,Exact match (case-insensitive).,aligned,high,1.0,3/3,False,3-0,stable,"Exact match, same anatomical structure. | Exact match, only case difference. | Exact match (case-insensitive).",,
corpus,Optic tract,high_confidence,1.0,HOMBA:10589,optic tract,bm25+exact+fuzzy,Optic tract,Optic tract,,1.0,nucleus of the optic tract  (lentiform nucleus),0.590086,correct,95,1_highconf_correct.csv,97,aligned,high,1.0,Exact match: 'optic tract' is same as query modulo case.,aligned,high,1.0,Exact match with case difference only.,aligned,high,1.0,"Direct match, identical structure name.",aligned,high,1.0,3/3,False,3-0,stable,"Exact match: 'optic tract' is same as query modulo case. | Exact match with case difference only. | Direct match, identical structure name.",,
corpus,Paracingulate gyrus,high_confidence,1.0,HOMBA:146034872,paracingulate gyrus,bm25+exact+fuzzy,Paracingulate gyrus,Paracingulate gyrus,,1.0,uncus of (para)hippocampal gyrus,0.310977,correct,96,1_highconf_correct.csv,98,aligned,high,1.0,Exact match: 'paracingulate gyrus' is identical to query.,aligned,high,1.0,Exact match with case difference only.,aligned,high,1.0,"Direct match, identical structure name.",aligned,high,1.0,3/3,False,3-0,stable,"Exact match: 'paracingulate gyrus' is identical to query. | Exact match with case difference only. | Direct match, identical structure name.",,
corpus,Parahippocampal gyrus,high_confidence,1.0,HOMBA:12162,parahippocampal gyrus,bm25+exact+fuzzy+hierarchy_parent,Parahippocampal gyrus,Parahippocampal gyrus,,1.0,anterior parahippocampal gyrus,0.736733,correct,97,1_highconf_correct.csv,99,aligned,high,1.0,Exact match: 'parahippocampal gyrus' is identical to query.,aligned,high,1.0,Exact match with case difference only.,aligned,high,1.0,"Direct match, identical structure name.",aligned,high,1.0,3/3,False,3-0,stable,"Exact match: 'parahippocampal gyrus' is identical to query. | Exact match with case difference only. | Direct match, identical structure name.",,
corpus,Parahippocampal gyrus (anterior),high_confidence,1.0,HOMBA:12163,anterior parahippocampal gyrus,bm25+fuzzy,Parahippocampal gyrus,anterior parahippocampal gyrus,anterior,1.0,parahippocampal gyrus,0.88,correct,98,1_highconf_correct.csv,100,aligned,high,1.0,Same structure; modifier reordered from (anterior) to anterior as prefix.,aligned,high,1.0,Query specifies anterior; top1 is the exact subregion name.,aligned,high,1.0,Query specifies anterior parahippocampal gyrus; top1 matches exactly.,aligned,high,1.0,3/3,False,3-0,stable,Same structure; modifier reordered from (anterior) to anterior as prefix. | Query specifies anterior; top1 is the exact subregion name. | Query specifies anterior parahippocampal gyrus; top1 matches exactly.,,
corpus,Parahippocampal gyrus (posterior),high_confidence,1.0,HOMBA:12164,posterior parahippocampal gyrus,bm25+fuzzy,Parahippocampal gyrus,posterior parahippocampal gyrus,posterior,1.0,posterior parahippocampal region (postrhinal cortex),1.0,correct,99,1_highconf_correct.csv,101,aligned,high,1.0,Same structure; modifier reordered from (posterior) to posterior as prefix.,aligned,high,1.0,Query specifies posterior; top1 is the exact subregion name.,aligned,high,1.0,Query specifies posterior parahippocampal gyrus; top1 matches exactly.,aligned,high,1.0,3/3,False,3-0,stable,Same structure; modifier reordered from (posterior) to posterior as prefix. | Query specifies posterior; top1 is the exact subregion name. | Query specifies posterior parahippocampal gyrus; top1 matches exactly.,,
corpus,Periamygdaloid cortex,high_confidence,1.0,HOMBA:AA30225,periamygdaloid cortex,bm25+exact+fuzzy+hierarchy_parent,Periamygdaloid cortex,Periamygdaloid cortex,,1.0,sulcal periamygdaloid cortex,0.856667,correct,100,1_highconf_correct.csv,102,aligned,high,1.0,Exact match except capitalization; same anatomical structure.,aligned,high,1.0,Exact match (case-insensitive) of 'Periamygdaloid cortex' to 'periamygdaloid cortex'.,aligned,high,1.0,Exact match between query and top1_name (case-insensitive).,aligned,high,1.0,3/3,False,3-0,stable,Exact match except capitalization; same anatomical structure. | Exact match (case-insensitive) of 'Periamygdaloid cortex' to 'periamygdaloid cortex'. | Exact match between query and top1_name (case-insensitive).,,
corpus,Pineal gland,high_confidence,1.0,HOMBA:10460,pineal body,bm25+exact+fuzzy,Pineal gland,Pineal gland,,1.0,pituitary body/gland (hypophysis),0.278379,correct,101,1_highconf_correct.csv,103,aligned,high,1.0,'pineal body' is a standard synonym for 'pineal gland'; identical structure.,aligned,high,1.0,'Pineal gland' and 'pineal body' are accepted synonyms for the same anatomical structure.,aligned,high,1.0,Pineal gland and pineal body are established synonyms for the same anatomical structure.,aligned,high,1.0,3/3,False,3-0,stable,'pineal body' is a standard synonym for 'pineal gland'; identical structure. | 'Pineal gland' and 'pineal body' are accepted synonyms for the same anatomical structure. | Pineal gland and pineal body are established synonyms for the same anatomical structure.,,
corpus,Planum polare,high_confidence,1.0,HOMBA:12147,planum polare,bm25+exact+fuzzy,Planum polare,Planum polare,,1.0,planum temporale,0.278056,correct,102,1_highconf_correct.csv,104,aligned,high,1.0,Exact match except capitalization; same anatomical structure.,aligned,high,1.0,Exact match (case-insensitive) of 'Planum polare' to 'planum polare'.,aligned,high,1.0,"Exact match, planum polare is the same structure.",aligned,high,1.0,3/3,False,3-0,stable,"Exact match except capitalization; same anatomical structure. | Exact match (case-insensitive) of 'Planum polare' to 'planum polare'. | Exact match, planum polare is the same structure.",,
corpus,Planum temporale,high_confidence,1.0,HOMBA:12145,planum temporale,bm25+exact+fuzzy,Planum temporale,Planum temporale,,1.0,planum polare,0.278056,correct,103,1_highconf_correct.csv,105,aligned,high,1.0,Exact match except capitalization; same anatomical structure.,aligned,high,1.0,Exact match (case-insensitive) of 'Planum temporale' to 'planum temporale'.,aligned,high,1.0,"Exact match, planum temporale is the same structure.",aligned,high,1.0,3/3,False,3-0,stable,"Exact match except capitalization; same anatomical structure. | Exact match (case-insensitive) of 'Planum temporale' to 'planum temporale'. | Exact match, planum temporale is the same structure.",,
corpus,Pontobulbar nucleus,high_confidence,1.0,HOMBA:12614,pontobulbar nucleus,bm25+exact+fuzzy,Pontobulbar nucleus,Pontobulbar nucleus,,1.0,"pontobulbar nucleus, inferior division",0.675947,correct,104,1_highconf_correct.csv,106,aligned,high,1.0,Exact match except capitalization; same anatomical structure.,aligned,high,1.0,Exact match (case-insensitive) of 'Pontobulbar nucleus' to 'pontobulbar nucleus'.,aligned,high,1.0,"Exact match, pontobulbar nucleus is the same structure.",aligned,high,1.0,3/3,False,3-0,stable,"Exact match except capitalization; same anatomical structure. | Exact match (case-insensitive) of 'Pontobulbar nucleus' to 'pontobulbar nucleus'. | Exact match, pontobulbar nucleus is the same structure.",,
corpus,Postcentral gyrus,high_confidence,1.0,HOMBA:12132,postcentral gyrus,bm25+exact+fuzzy,Postcentral gyrus,Postcentral gyrus,,1.0,cuneus (gyrus),0.279101,correct,105,1_highconf_correct.csv,107,aligned,high,1.0,Exact match of anatomical structure name.,aligned,high,1.0,Exact match (case-insensitive).,aligned,high,1.0,Exact match (case-insensitive).,aligned,high,1.0,3/3,False,3-0,stable,Exact match of anatomical structure name. | Exact match (case-insensitive). | Exact match (case-insensitive).,,
corpus,Posterior cingulate gyrus,high_confidence,1.0,HOMBA:10285,posterior cingulate cortex (PCC),bm25+exact+fuzzy,Posterior cingulate gyrus,Posterior cingulate gyrus,posterior,1.0,"cingulate gyrus, caudal (posterior) part",0.889801,correct,106,1_highconf_correct.csv,108,broader_parent,medium,0.7,"Query specifies 'gyrus' but top1 is 'cortex', which is a broader region containing the gyrus.",aligned,high,1.0,Posterior cingulate cortex is a synonym for posterior cingulate gyrus.,aligned,high,1.0,Posterior cingulate gyrus and posterior cingulate cortex are accepted synonyms.,aligned,medium,0.9,2/3,True,2-1,majority_vote,"Query specifies 'gyrus' but top1 is 'cortex', which is a broader region containing the gyrus. | Posterior cingulate cortex is a synonym for posterior cingulate gyrus. | Posterior cingulate gyrus and posterior cingulate cortex are accepted synonyms.",,
corpus,Posterior commissure,high_confidence,1.0,HOMBA:10567,posterior commissure,bm25+exact+fuzzy,Posterior commissure,Posterior commissure,posterior,1.0,interstitial nucleus of posterior commissure (nucleus of posterior commissure),0.974167,correct,107,1_highconf_correct.csv,109,aligned,high,1.0,Exact match of anatomical structure name.,aligned,high,1.0,Exact match (case-insensitive).,aligned,high,1.0,Exact match.,aligned,high,1.0,3/3,False,3-0,stable,Exact match of anatomical structure name. | Exact match (case-insensitive). | Exact match.,,
corpus,Posterior thalamic nucleus,high_confidence,1.0,HOMBA:10440,posterior nucleus of thalamus,bm25+exact+fuzzy,Posterior thalamic nucleus,Posterior thalamic nucleus,posterior,1.0,lateral posterior nucleus of thalamus,0.9975,correct,108,1_highconf_correct.csv,110,aligned,high,1.0,Top1 is a conventional synonym for the query structure.,aligned,high,1.0,Synonym: posterior nucleus of thalamus = posterior thalamic nucleus.,aligned,high,1.0,Posterior thalamic nucleus is synonymous with posterior nucleus of thalamus.,aligned,high,1.0,3/3,False,3-0,stable,Top1 is a conventional synonym for the query structure. | Synonym: posterior nucleus of thalamus = posterior thalamic nucleus. | Posterior thalamic nucleus is synonymous with posterior nucleus of thalamus.,,
corpus,Precentral gyrus,high_confidence,1.0,HOMBA:12114,precentral gyrus,bm25+exact+fuzzy,Precentral gyrus,Precentral gyrus,,1.0,uncus of (para)hippocampal gyrus,0.310977,correct,109,1_highconf_correct.csv,111,aligned,high,1.0,Exact match of anatomical structure name.,aligned,high,1.0,Exact match (case-insensitive).,aligned,high,1.0,Exact match (case-insensitive).,aligned,high,1.0,3/3,False,3-0,stable,Exact match of anatomical structure name. | Exact match (case-insensitive). | Exact match (case-insensitive).,,
corpus,Precuneus,high_confidence,1.0,HOMBA:12137,precuneaus (gyrus),bm25+exact+fuzzy,Precuneus,Precuneus,,1.0,,,correct,110,1_highconf_correct.csv,112,aligned,high,1.0,top1_name is a spelling variant and accepted synonym for Precuneus.,aligned,high,1.0,"The top1 name 'precuneaus (gyrus)' is a spelling variant of the query 'Precuneus', referring to the same anatomical structure.",aligned,high,1.0,"Top1 is a spelling variant ('precuneaus' for precuneus), same anatomical structure.",aligned,high,1.0,3/3,False,3-0,stable,"top1_name is a spelling variant and accepted synonym for Precuneus. | The top1 name 'precuneaus (gyrus)' is a spelling variant of the query 'Precuneus', referring to the same anatomical structure. | Top1 is a spelling variant ('precuneaus' for precuneus), same anatomical structure.",,
corpus,Prepositus nucleus,high_confidence,1.0,HOMBA:12615,prepositus hypoglossal nucleus,bm25+exact+fuzzy,Prepositus nucleus,Prepositus nucleus,,1.0,other nuclei in dorsal medulla,0.97,correct,111,1_highconf_correct.csv,113,aligned,high,1.0,top1_name is a synonym (nucleus prepositus hypoglossi) for Prepositus nucleus.,aligned,high,1.0,"The top1 name 'prepositus hypoglossal nucleus' is the full name for the query 'Prepositus nucleus', which is a standard abbreviation.",aligned,high,1.0,Top1 is the full name (prepositus hypoglossal nucleus) matching the abbreviated query.,aligned,high,1.0,3/3,False,3-0,stable,"top1_name is a synonym (nucleus prepositus hypoglossi) for Prepositus nucleus. | The top1 name 'prepositus hypoglossal nucleus' is the full name for the query 'Prepositus nucleus', which is a standard abbreviation. | Top1 is the full name (prepositus hypoglossal nucleus) matching the abbreviated query.",,
corpus,Presubiculum,high_confidence,1.0,HOMBA:10315,presubiculum (presubicular cortex),bm25+exact+fuzzy+hierarchy_parent,Presubiculum,Presubiculum,,1.0,caudal (dorsal) presubiculum (postsubiculum),0.676118,correct,112,1_highconf_correct.csv,114,aligned,high,1.0,top1_name directly matches the query Presubiculum.,aligned,high,1.0,Exact match of 'Presubiculum' with the synonym 'presubiculum (presubicular cortex)' provided.,aligned,high,1.0,"Top1 exactly names the query 'presubiculum', with a parenthetical synonym.",aligned,high,1.0,3/3,False,3-0,stable,"top1_name directly matches the query Presubiculum. | Exact match of 'Presubiculum' with the synonym 'presubiculum (presubicular cortex)' provided. | Top1 exactly names the query 'presubiculum', with a parenthetical synonym.",,
corpus,Primary auditory cortex,high_confidence,1.0,HOMBA:10236,"primary auditory cortex (first auditory cortex, auditory core region)",bm25+exact+fuzzy+hierarchy_parent,Primary auditory cortex,Primary auditory cortex,,1.0,dorsolateral temporal cortex,0.97,correct,113,1_highconf_correct.csv,115,aligned,high,1.0,top1_name directly matches the query Primary auditory cortex.,aligned,high,1.0,Exact match with additional canonical synonyms listed.,aligned,high,1.0,"Top1 directly names the primary auditory cortex, with accepted alternative names.",aligned,high,1.0,3/3,False,3-0,stable,"top1_name directly matches the query Primary auditory cortex. | Exact match with additional canonical synonyms listed. | Top1 directly names the primary auditory cortex, with accepted alternative names.",,
corpus,Primary motor cortex,high_confidence,1.0,HOMBA:10163,"primary motor cortex (first motor cortex, area 4, area FA)",bm25+exact+fuzzy,Primary motor cortex,Primary motor cortex,,1.0,frontal motor cortex (posterior frontal cortex),0.8342,correct,114,1_highconf_correct.csv,116,aligned,high,1.0,top1_name directly matches the query Primary motor cortex.,aligned,high,1.0,Exact match with additional canonical synonyms listed.,aligned,high,1.0,"Top1 directly names the primary motor cortex, listing classic cytoarchitectonic synonyms.",aligned,high,1.0,3/3,False,3-0,stable,"top1_name directly matches the query Primary motor cortex. | Exact match with additional canonical synonyms listed. | Top1 directly names the primary motor cortex, listing classic cytoarchitectonic synonyms.",,
corpus,Primary visual cortex,high_confidence,1.0,HOMBA:10269,"primary visual cortex (first visual cortex, striate cortex, area 17, area OC)",bm25+exact+fuzzy+hierarchy_parent,Primary visual cortex,Primary visual cortex,,1.0,dorsolateral extrastriate occipital cortex,0.9575,correct,115,1_highconf_correct.csv,117,aligned,high,1.0,top1_name is a direct synonym and exact match for query 'Primary visual cortex'.,aligned,high,1.0,Query and top1 are identical anatomical structure; top1 lists synonyms.,aligned,high,1.0,Exact match with aliases in parentheses; top1 directly names primary visual cortex.,aligned,high,1.0,3/3,False,3-0,stable,top1_name is a direct synonym and exact match for query 'Primary visual cortex'. | Query and top1 are identical anatomical structure; top1 lists synonyms. | Exact match with aliases in parentheses; top1 directly names primary visual cortex.,,
corpus,Principal sensory trigeminal nucleus,high_confidence,1.0,HOMBA:12444,principal sensory nucleus of trigeminal nerve,bm25+fuzzy,principal sensory principal sensory nucleus of trigeminal nerve,principal sensory nucleus of trigeminal nerve,principal,1.0,spinal trigeminal nucleus,0.960882,correct,116,1_highconf_correct.csv,118,aligned,high,1.0,top1_name is a standard synonym of the trigeminal nucleus query.,aligned,high,1.0,Top1 is a conventional synonym of the query with word order variation.,aligned,high,1.0,Synonymous: 'Principal sensory trigeminal nucleus' and 'principal sensory nucleus of trigeminal nerve' are the same structure.,aligned,high,1.0,3/3,False,3-0,stable,top1_name is a standard synonym of the trigeminal nucleus query. | Top1 is a conventional synonym of the query with word order variation. | Synonymous: 'Principal sensory trigeminal nucleus' and 'principal sensory nucleus of trigeminal nerve' are the same structure.,,
corpus,Pulvinar,high_confidence,1.0,HOMBA:10409,pulvinar of thalamus,bm25+exact+fuzzy+hierarchy_parent,Pulvinar,Pulvinar,,1.0,lateroposterior-pulvinar complex,0.622344,correct,117,1_highconf_correct.csv,119,aligned,high,1.0,'pulvinar of thalamus' is the same structure as 'Pulvinar'.,aligned,high,1.0,'Pulvinar' is a common shorthand for the pulvinar of thalamus; top1 directly names it.,aligned,high,1.0,'Pulvinar' and 'pulvinar of thalamus' refer to the same thalamic nucleus; qualifier does not change identity.,aligned,high,1.0,3/3,False,3-0,stable,'pulvinar of thalamus' is the same structure as 'Pulvinar'. | 'Pulvinar' is a common shorthand for the pulvinar of thalamus; top1 directly names it. | 'Pulvinar' and 'pulvinar of thalamus' refer to the same thalamic nucleus; qualifier does not change identity.,,
corpus,Pulvinar nucleus,high_confidence,1.0,HOMBA:10409,pulvinar of thalamus,bm25+exact+fuzzy+hierarchy_parent,Pulvinar nucleus,Pulvinar nucleus,,1.0,dorsal group of LNC,0.685677,correct,118,1_highconf_correct.csv,120,aligned,high,1.0,'Pulvinar nucleus' is synonymous with 'pulvinar of thalamus'.,aligned,high,1.0,Query 'Pulvinar nucleus' matches the same entity as 'pulvinar of thalamus'.,aligned,high,1.0,"'Pulvinar nucleus' is just the common alternate name for pulvinar, identical to top1.",aligned,high,1.0,3/3,False,3-0,stable,"'Pulvinar nucleus' is synonymous with 'pulvinar of thalamus'. | Query 'Pulvinar nucleus' matches the same entity as 'pulvinar of thalamus'. | 'Pulvinar nucleus' is just the common alternate name for pulvinar, identical to top1.",,
corpus,Putamen,high_confidence,1.0,HOMBA:10338,putamen (lateroventral division of the CP),bm25+exact+fuzzy+hierarchy_parent,Putamen,Putamen,,1.0,caudal putamen,0.7009,correct,119,1_highconf_correct.csv,121,aligned,high,1.0,"top1_name directly names the putamen, matching the query.",aligned,high,1.0,Top1 is the putamen with an alternative name; directly matches query.,aligned,high,1.0,"Exact match; top1 is 'putamen' with a parenthetical subdivision note, still the same structure.",aligned,high,1.0,3/3,False,3-0,stable,"top1_name directly names the putamen, matching the query. | Top1 is the putamen with an alternative name; directly matches query. | Exact match; top1 is 'putamen' with a parenthetical subdivision note, still the same structure.",,
corpus,Pyramidal decussation,high_confidence,1.0,HOMBA:12772,pyramidal decussation,bm25+exact+fuzzy,Pyramidal decussation,Pyramidal decussation,decussation,1.0,supraoptic decussation,0.387737,correct,120,1_highconf_correct.csv,122,aligned,high,1.0,Exact match after case normalization; 'pyramidal decussation' directly names the same structure.,aligned,high,1.0,Exact match with case difference: query 'Pyramidal decussation' and top1 'pyramidal decussation'.,aligned,high,1.0,Exact case-insensitive match with the query 'Pyramidal decussation'.,aligned,high,1.0,3/3,False,3-0,stable,Exact match after case normalization; 'pyramidal decussation' directly names the same structure. | Exact match with case difference: query 'Pyramidal decussation' and top1 'pyramidal decussation'. | Exact case-insensitive match with the query 'Pyramidal decussation'.,,
corpus,Raphe magnus,high_confidence,1.0,HOMBA:12642,raphe magnus nucleus,bm25+exact+fuzzy,Raphe magnus,Raphe magnus,,1.0,raphe nuclei in medulla oblongata,0.8342,correct,121,1_highconf_correct.csv,123,aligned,high,1.0,'raphe magnus nucleus' is the full name for the commonly used 'raphe magnus'; synonymous.,aligned,high,1.0,Accepted synonym: 'Raphe magnus' is a common shorthand for 'raphe magnus nucleus'.,aligned,high,0.99,"Query 'Raphe magnus' is the accepted short form for 'raphe magnus nucleus'; top1 adds 'nucleus', thus refers to the same structure.",aligned,high,0.9967,3/3,False,3-0,stable,"'raphe magnus nucleus' is the full name for the commonly used 'raphe magnus'; synonymous. | Accepted synonym: 'Raphe magnus' is a common shorthand for 'raphe magnus nucleus'. | Query 'Raphe magnus' is the accepted short form for 'raphe magnus nucleus'; top1 adds 'nucleus', thus refers to the same structure.",,
corpus,Raphe obscurus,high_confidence,1.0,HOMBA:12643,raphe obscurus nucleus,bm25+exact+fuzzy,Raphe obscurus,Raphe obscurus,,1.0,raphe nuclei in medulla oblongata,0.8342,correct,122,1_highconf_correct.csv,124,aligned,high,1.0,'raphe obscurus nucleus' is the full name for 'raphe obscurus'; same anatomical entity.,aligned,high,1.0,Accepted synonym: 'Raphe obscurus' is a common shorthand for 'raphe obscurus nucleus'.,aligned,high,0.99,Query 'Raphe obscurus' is standard abbreviation for 'raphe obscurus nucleus'; top1 expansion is consistent.,aligned,high,0.9967,3/3,False,3-0,stable,'raphe obscurus nucleus' is the full name for 'raphe obscurus'; same anatomical entity. | Accepted synonym: 'Raphe obscurus' is a common shorthand for 'raphe obscurus nucleus'. | Query 'Raphe obscurus' is standard abbreviation for 'raphe obscurus nucleus'; top1 expansion is consistent.,,
corpus,Red nucleus,high_confidence,1.0,HOMBA:12247,red nucleus,bm25+exact+fuzzy+hierarchy_parent,Red nucleus,Red nucleus,,1.0,"red nucleus, dorsomedial division",0.653352,correct,123,1_highconf_correct.csv,125,aligned,high,1.0,Exact match; 'red nucleus' is directly consistent with the query.,aligned,high,1.0,Exact match with case difference: query 'Red nucleus' and top1 'red nucleus'.,aligned,high,1.0,Identical query and top1 'Red nucleus' / 'red nucleus'.,aligned,high,1.0,3/3,False,3-0,stable,Exact match; 'red nucleus' is directly consistent with the query. | Exact match with case difference: query 'Red nucleus' and top1 'red nucleus'. | Identical query and top1 'Red nucleus' / 'red nucleus'.,,
corpus,Retroinsular cortex,high_confidence,1.0,HOMBA:13323,retroinsular cortex,bm25+exact+fuzzy,Retroinsular cortex,Retroinsular cortex,,1.0,dorsolateral temporal cortex,0.278749,correct,124,1_highconf_correct.csv,126,aligned,high,1.0,Exact match after case normalization; 'retroinsular cortex' directly names the same structure.,aligned,high,1.0,Exact match with case difference: query 'Retroinsular cortex' and top1 'retroinsular cortex'.,aligned,high,1.0,Exact match for 'Retroinsular cortex'.,aligned,high,1.0,3/3,False,3-0,stable,Exact match after case normalization; 'retroinsular cortex' directly names the same structure. | Exact match with case difference: query 'Retroinsular cortex' and top1 'retroinsular cortex'. | Exact match for 'Retroinsular cortex'.,,
corpus,Retrosplenial cortex,high_confidence,1.0,HOMBA:10324,retrosplenial cortex,bm25+exact+fuzzy+hierarchy_parent,Retrosplenial cortex,Retrosplenial cortex,,1.0,"agranular retrosplenial cortex (area 30, RSag)",0.854167,correct,125,1_highconf_correct.csv,127,aligned,high,1.0,Direct match: query and top1 are the same structure.,aligned,high,1.0,Exact match with case difference only.,aligned,high,1.0,Exact case-insensitive match for Retrosplenial cortex.,aligned,high,1.0,3/3,False,3-0,stable,Direct match: query and top1 are the same structure. | Exact match with case difference only. | Exact case-insensitive match for Retrosplenial cortex.,,
corpus,Roots of the abducens nerve,high_confidence,1.0,HOMBA:12861,root of abducens nerve,bm25+exact+fuzzy,Roots of the abducens nerve,Roots of the abducens nerve,,1.0,root of facial nerve,0.395335,correct,126,1_highconf_correct.csv,128,aligned,high,1.0,Minor plural/singular difference; same anatomical entity.,aligned,high,1.0,Singular vs plural variant of same anatomical term.,aligned,high,1.0,"Plural 'Roots' vs singular 'root' is a grammatical variant, same anatomical entity.",aligned,high,1.0,3/3,False,3-0,stable,"Minor plural/singular difference; same anatomical entity. | Singular vs plural variant of same anatomical term. | Plural 'Roots' vs singular 'root' is a grammatical variant, same anatomical entity.",,
corpus,Roots of the facial nerve,high_confidence,1.0,HOMBA:12862,root of facial nerve,bm25+exact+fuzzy+hierarchy_parent,Roots of the facial nerve,Roots of the facial nerve,,1.0,motor root of facial nerve,0.8775,correct,127,1_highconf_correct.csv,129,aligned,high,1.0,Minor plural/singular difference; same anatomical entity.,aligned,high,1.0,Singular vs plural variant of same anatomical term.,aligned,high,1.0,Plural/singular difference is negligible; same nerve root structure.,aligned,high,1.0,3/3,False,3-0,stable,Minor plural/singular difference; same anatomical entity. | Singular vs plural variant of same anatomical term. | Plural/singular difference is negligible; same nerve root structure.,,
corpus,Roots of the trigeminal nerve,high_confidence,1.0,HOMBA:12865,root of trigeminal nerve,bm25+exact+fuzzy+hierarchy_parent,Roots of the trigeminal nerve,Roots of the trigeminal nerve,,1.0,motor root of trigeminal nerve,0.8775,correct,128,1_highconf_correct.csv,130,aligned,high,1.0,Minor plural/singular difference; same anatomical entity.,aligned,high,1.0,Singular vs plural variant of same anatomical term.,aligned,high,1.0,Plural 'Roots' matches singular 'root' for the same trigeminal nerve root.,aligned,high,1.0,3/3,False,3-0,stable,Minor plural/singular difference; same anatomical entity. | Singular vs plural variant of same anatomical term. | Plural 'Roots' matches singular 'root' for the same trigeminal nerve root.,,
corpus,Septal area,high_confidence,1.0,HOMBA:10350,septal region (septal nuclear complex),bm25+exact+fuzzy+hierarchy_parent,Septal area,Septal area,,1.0,rostral septal nuclear complex,0.768,correct,129,1_highconf_correct.csv,131,aligned,high,1.0,Synonymous: 'septal area' and 'septal region' refer to the same structure.,aligned,high,1.0,Synonym: septal region is equivalent to septal area.,aligned,high,1.0,Septal area and septal region (septal nuclear complex) are accepted synonyms.,aligned,high,1.0,3/3,False,3-0,stable,Synonymous: 'septal area' and 'septal region' refer to the same structure. | Synonym: septal region is equivalent to septal area. | Septal area and septal region (septal nuclear complex) are accepted synonyms.,,
corpus,Solitary tract,high_confidence,1.0,HOMBA:12783,solitary tract,bm25+exact+fuzzy,Solitary tract,Solitary tract,,1.0,solitary nucleus,0.715038,correct,130,1_highconf_correct.csv,132,aligned,high,1.0,Exact match: query and top1 are identical.,aligned,high,1.0,Exact match (case-insensitive): query 'Solitary tract' and top1 'solitary tract' refer to the same anatomical structure.,aligned,high,1.0,top1 is identical to query (case-insensitive).,aligned,high,1.0,3/3,False,3-0,stable,Exact match: query and top1 are identical. | Exact match (case-insensitive): query 'Solitary tract' and top1 'solitary tract' refer to the same anatomical structure. | top1 is identical to query (case-insensitive).,,
corpus,Spinal trigeminal nucleus,high_confidence,1.0,HOMBA:12572,spinal trigeminal nucleus,bm25+exact+fuzzy+hierarchy_parent,Spinal trigeminal nucleus,Spinal trigeminal nucleus,,1.0,afferent nuclei of cranial nerves in pons,0.817465,correct,131,1_highconf_correct.csv,133,aligned,high,1.0,Exact match: query and top1 are identical.,aligned,high,1.0,Exact match (case-insensitive): query 'Spinal trigeminal nucleus' and top1 'spinal trigeminal nucleus' are identical.,aligned,high,1.0,Exact match for 'Spinal trigeminal nucleus'.,aligned,high,1.0,3/3,False,3-0,stable,Exact match: query and top1 are identical. | Exact match (case-insensitive): query 'Spinal trigeminal nucleus' and top1 'spinal trigeminal nucleus' are identical. | Exact match for 'Spinal trigeminal nucleus'.,,
corpus,Spinal trigeminal nucleus (caudalis),high_confidence,1.0,HOMBA:12573,"spinal trigeminal nucleus, caudal division",bm25+fuzzy,Spinal trigeminal nucleus (caudalis),spinal trigeminal nucleus caudalis part,caudalis,1.0,spinal trigeminal nucleus,0.88,correct,132,1_highconf_correct.csv,134,aligned,high,1.0,"top1 is the standard anatomical name for the caudalis subdivision of spinal trigeminal nucleus, matching query.",aligned,high,1.0,Synonym: query specifies 'caudalis' subdivision; top1 'caudal division' is the same part with conventional naming difference.,aligned,high,1.0,"Query specifies caudalis; top1 returns caudal division, consistent.",aligned,high,1.0,3/3,False,3-0,stable,"top1 is the standard anatomical name for the caudalis subdivision of spinal trigeminal nucleus, matching query. | Synonym: query specifies 'caudalis' subdivision; top1 'caudal division' is the same part with conventional naming difference. | Query specifies caudalis; top1 returns caudal division, consistent.",,
corpus,Spinal trigeminal nucleus (interpolaris),high_confidence,1.0,HOMBA:12578,"spinal trigeminal nucleus, interpolar division",bm25+fuzzy,Spinal trigeminal nucleus (interpolaris),spinal trigeminal nucleus interpolaris part,interpolaris,1.0,spinal trigeminal nucleus,0.88,correct,133,1_highconf_correct.csv,135,aligned,high,1.0,"top1 is the standard anatomical name for the interpolaris subdivision of spinal trigeminal nucleus, matching query.",aligned,high,1.0,Synonym: query specifies 'interpolaris' subdivision; top1 'interpolar division' is the same part with conventional naming difference.,aligned,high,1.0,"Query specifies interpolaris; top1 returns interpolar division, consistent.",aligned,high,1.0,3/3,False,3-0,stable,"top1 is the standard anatomical name for the interpolaris subdivision of spinal trigeminal nucleus, matching query. | Synonym: query specifies 'interpolaris' subdivision; top1 'interpolar division' is the same part with conventional naming difference. | Query specifies interpolaris; top1 returns interpolar division, consistent.",,
corpus,Spinal trigeminal tract,high_confidence,1.0,HOMBA:12792,spinal trigeminal tract,bm25+exact+fuzzy,Spinal trigeminal tract,Spinal trigeminal tract,,1.0,mesencephalic trigeminal tract,0.634568,correct,134,1_highconf_correct.csv,136,aligned,high,1.0,Exact match: query and top1 are identical.,aligned,high,1.0,Exact match (case-insensitive): query 'Spinal trigeminal tract' and top1 'spinal trigeminal tract' refer to the same structure.,aligned,high,1.0,Exact match for 'Spinal trigeminal tract'.,aligned,high,1.0,3/3,False,3-0,stable,Exact match: query and top1 are identical. | Exact match (case-insensitive): query 'Spinal trigeminal tract' and top1 'spinal trigeminal tract' refer to the same structure. | Exact match for 'Spinal trigeminal tract'.,,
corpus,Spinothalamic tract,high_confidence,1.0,HOMBA:12789,spinothalamic tract,bm25+exact+fuzzy,Spinothalamic tract,Spinothalamic tract,,1.0,dorsolateral spinothalamic tract in spinal cord,0.590598,correct,135,1_highconf_correct.csv,137,aligned,high,1.0,Exact match of query and top1 name with case difference only.,aligned,high,1.0,Exact match after case normalization; same anatomical structure.,aligned,high,1.0,"Exact case-insensitive match, same anatomical tract.",aligned,high,1.0,3/3,False,3-0,stable,"Exact match of query and top1 name with case difference only. | Exact match after case normalization; same anatomical structure. | Exact case-insensitive match, same anatomical tract.",,
corpus,Subiculum,high_confidence,1.0,HOMBA:10302,subiculum proper (strictly defined subiculum),bm25+exact+fuzzy+hierarchy_parent,Subiculum,Subiculum,,1.0,major division of subiculum,0.789559,correct,136,1_highconf_correct.csv,138,aligned,high,1.0,"Top1 is the same named entity (subiculum proper) as query, with clarifying description.",partial_or_narrower,medium,0.7,"Query 'Subiculum' refers to general structure; top1 'subiculum proper' is a specific subdivision, thus narrower.",aligned,high,1.0,"Query 'Subiculum' is matched to 'subiculum proper', an accepted synonym/strict definition of the subiculum.",aligned,medium,0.9,2/3,True,2-1,majority_vote,"Top1 is the same named entity (subiculum proper) as query, with clarifying description. | Query 'Subiculum' refers to general structure; top1 'subiculum proper' is a specific subdivision, thus narrower. | Query 'Subiculum' is matched to 'subiculum proper', an accepted synonym/strict definition of the subiculum.",,
corpus,Substantia nigra,high_confidence,1.0,HOMBA:12251,substantia nigra,bm25+exact+fuzzy+hierarchy_parent,Substantia nigra,Substantia nigra,,1.0,"substantia nigra, compact division",0.660445,correct,137,1_highconf_correct.csv,139,aligned,high,1.0,Exact match of query and top1 name with case difference only.,aligned,high,1.0,Exact match; query and top1 refer to the same structure.,aligned,high,1.0,"Exact case-insensitive match, same anatomical structure.",aligned,high,1.0,3/3,False,3-0,stable,"Exact match of query and top1 name with case difference only. | Exact match; query and top1 refer to the same structure. | Exact case-insensitive match, same anatomical structure.",,
corpus,Subthalamic nucleus,high_confidence,1.0,HOMBA:10466,subthalamic nucleus,bm25+exact+fuzzy,Subthalamic nucleus,Subthalamic nucleus,,1.0,subthalamic fasciculus,0.273382,correct,138,1_highconf_correct.csv,140,aligned,high,1.0,Exact match of query and top1 name with case difference only.,aligned,high,1.0,Exact match; identical anatomical entity.,aligned,high,1.0,"Exact case-insensitive match, same anatomical structure.",aligned,high,1.0,3/3,False,3-0,stable,"Exact match of query and top1 name with case difference only. | Exact match; identical anatomical entity. | Exact case-insensitive match, same anatomical structure.",,
corpus,Superior cerebellar peduncle,high_confidence,1.0,HOMBA:12354,superior cerebellar peduncle (brachium conjunctivum),bm25+exact+fuzzy,Superior cerebellar peduncle,Superior cerebellar peduncle,,1.0,decussation of superior cerebellar peduncle,0.7425,correct,139,1_highconf_correct.csv,141,aligned,high,1.0,Top1 includes query term plus synonym in parentheses; same structure.,aligned,high,1.0,Synonym provided in parentheses; same structure as query.,aligned,high,1.0,Accepted synonym: superior cerebellar peduncle = brachium conjunctivum.,aligned,high,1.0,3/3,False,3-0,stable,Top1 includes query term plus synonym in parentheses; same structure. | Synonym provided in parentheses; same structure as query. | Accepted synonym: superior cerebellar peduncle = brachium conjunctivum.,,
corpus,Superior cerebellar peduncle (decussation),high_confidence,1.0,HOMBA:12337,decussation of superior cerebellar peduncle,bm25+fuzzy,Superior cerebellar peduncle,decussation of superior cerebellar peduncle,decussation,1.0,superior cerebellar peduncle (brachium conjunctivum),0.88,correct,140,1_highconf_correct.csv,142,aligned,high,1.0,Query specifies decussation of superior cerebellar peduncle; top1 is exact synonym with different word order.,aligned,high,1.0,Top1 is a rephrasing of the query (decussation of superior cerebellar peduncle vs Superior cerebellar peduncle (decussation)) – same structure.,aligned,high,1.0,Query with modifier '(decussation)' directly matches top1 'decussation of superior cerebellar peduncle'; same structure.,aligned,high,1.0,3/3,False,3-0,stable,Query specifies decussation of superior cerebellar peduncle; top1 is exact synonym with different word order. | Top1 is a rephrasing of the query (decussation of superior cerebellar peduncle vs Superior cerebellar peduncle (decussation)) – same structure. | Query with modifier '(decussation)' directly matches top1 'decussation of superior cerebellar peduncle'; same structure.,,
corpus,Superior colliculus,high_confidence,1.0,HOMBA:12292,superior colliculus,bm25+exact+fuzzy+hierarchy_parent,Superior colliculus,Superior colliculus,,1.0,brachium of superior colliculus,0.813844,correct,141,1_highconf_correct.csv,143,aligned,high,1.0,Exact match of superior colliculus.,aligned,high,1.0,Exact match: query 'Superior colliculus' and top1 'superior colliculus'.,aligned,high,1.0,"Exact match, ignoring capitalization.",aligned,high,1.0,3/3,False,3-0,stable,"Exact match of superior colliculus. | Exact match: query 'Superior colliculus' and top1 'superior colliculus'. | Exact match, ignoring capitalization.",,
corpus,Superior occipital gyrus,high_confidence,1.0,HOMBA:12154,superior occipital gyrus,bm25+exact+fuzzy,Superior occipital gyrus,Superior occipital gyrus,,1.0,occipital lobe,0.97,correct,142,1_highconf_correct.csv,144,aligned,high,1.0,Exact match of superior occipital gyrus.,aligned,high,1.0,Exact match: query 'Superior occipital gyrus' and top1 'superior occipital gyrus'.,aligned,high,1.0,"Exact match, ignoring capitalization.",aligned,high,1.0,3/3,False,3-0,stable,"Exact match of superior occipital gyrus. | Exact match: query 'Superior occipital gyrus' and top1 'superior occipital gyrus'. | Exact match, ignoring capitalization.",,
corpus,Superior salivatory nucleus,high_confidence,1.0,HOMBA:12435,superior salivatory nucleus,bm25+exact+fuzzy,Superior salivatory nucleus,Superior salivatory nucleus,,1.0,superior olivary complex,0.363755,correct,143,1_highconf_correct.csv,145,aligned,high,1.0,Exact match of superior salivatory nucleus.,aligned,high,1.0,Exact match: query 'Superior salivatory nucleus' and top1 'superior salivatory nucleus'.,aligned,high,1.0,"Exact match; 'salivatory' is accepted variant of salivary, consistent with ontology.",aligned,high,1.0,3/3,False,3-0,stable,"Exact match of superior salivatory nucleus. | Exact match: query 'Superior salivatory nucleus' and top1 'superior salivatory nucleus'. | Exact match; 'salivatory' is accepted variant of salivary, consistent with ontology.",,
corpus,Superior temporal gyrus,high_confidence,1.0,HOMBA:12140,superior temporal gyrus,bm25+exact+fuzzy,Superior temporal gyrus,Superior temporal gyrus,,1.0,temporal lobe,0.97,correct,144,1_highconf_correct.csv,146,aligned,high,1.0,Exact match of superior temporal gyrus.,aligned,high,1.0,Exact match: query 'Superior temporal gyrus' and top1 'superior temporal gyrus'.,aligned,high,1.0,"Exact match, ignoring capitalization.",aligned,high,1.0,3/3,False,3-0,stable,"Exact match of superior temporal gyrus. | Exact match: query 'Superior temporal gyrus' and top1 'superior temporal gyrus'. | Exact match, ignoring capitalization.",,
corpus,Supplementary motor area,high_confidence,1.0,HOMBA:AA30012,medial division of area 6 (supplementary motor area),bm25+exact+fuzzy,Supplementary motor area,Supplementary motor area,,1.0,lamina IX of spinal cord (spinal motor neurons),0.302446,correct,145,1_highconf_correct.csv,147,aligned,high,1.0,Top1 is a synonym/description of supplementary motor area.,aligned,high,1.0,Top1 directly names the supplementary motor area via its anatomical synonym (medial area 6).,aligned,high,1.0,"top1 explicitly names the supplementary motor area, matching the query exactly.",aligned,high,1.0,3/3,False,3-0,stable,"Top1 is a synonym/description of supplementary motor area. | Top1 directly names the supplementary motor area via its anatomical synonym (medial area 6). | top1 explicitly names the supplementary motor area, matching the query exactly.",,
corpus,Supramarginal gyrus,high_confidence,1.0,HOMBA:12135,supramarginal gyrus,bm25+exact+fuzzy,Supramarginal gyrus,Supramarginal gyrus,,1.0,inferior parietal lobule (gyrus),0.8342,correct,146,1_highconf_correct.csv,148,aligned,high,1.0,Exact match with case difference.,aligned,high,1.0,Exact match: query and top1_name are identical.,aligned,high,1.0,"top1 is the exact same gyrus, case-insensitive match.",aligned,high,1.0,3/3,False,3-0,stable,"Exact match with case difference. | Exact match: query and top1_name are identical. | top1 is the exact same gyrus, case-insensitive match.",,
corpus,Temporal pole,high_confidence,1.0,HOMBA:12146,temporal pole (temporopolar cortex),bm25+exact+fuzzy,Temporal pole,Temporal pole,,1.0,temporal lobe,0.97,correct,147,1_highconf_correct.csv,149,aligned,high,1.0,Top1 includes temporal pole with synonym.,aligned,high,1.0,Exact match with synonym in parentheses; same structure.,aligned,high,1.0,"top1 includes 'temporal pole' directly, identical to query.",aligned,high,1.0,3/3,False,3-0,stable,"Top1 includes temporal pole with synonym. | Exact match with synonym in parentheses; same structure. | top1 includes 'temporal pole' directly, identical to query.",,
corpus,Thalamus,high_confidence,1.0,HOMBA:10390,thalamus,bm25+exact+fuzzy,Thalamus,Thalamus,,1.0,regions of thalamus,0.7554,correct,148,1_highconf_correct.csv,150,aligned,high,1.0,Exact match.,aligned,high,1.0,Exact match: query and top1_name are identical.,aligned,high,1.0,"top1 and query are identical, both 'thalamus'.",aligned,high,1.0,3/3,False,3-0,stable,"Exact match. | Exact match: query and top1_name are identical. | top1 and query are identical, both 'thalamus'.",,
corpus,Trigeminal nucleus (motor),high_confidence,1.0,HOMBA:12429,"motor nucleus of trigeminal nerve (motor trigeminal nucleus, Mo5)",bm25+fuzzy,principal sensory nucleus of trigeminal nerve motor,motor principal sensory nucleus of trigeminal nerve,motor,1.0,principal sensory nucleus of trigeminal nerve,0.88,correct,149,1_highconf_correct.csv,151,aligned,high,1.0,Top1 is the motor nucleus of trigeminal nerve as specified.,aligned,high,1.0,"Top1 is the motor nucleus of trigeminal nerve, matching the motor specification in query.",aligned,high,1.0,"query specifies 'Trigeminal nucleus (motor)', top1 is the motor nucleus of trigeminal nerve, exact correspondence.",aligned,high,1.0,3/3,False,3-0,stable,"Top1 is the motor nucleus of trigeminal nerve as specified. | Top1 is the motor nucleus of trigeminal nerve, matching the motor specification in query. | query specifies 'Trigeminal nucleus (motor)', top1 is the motor nucleus of trigeminal nerve, exact correspondence.",,
corpus,Trigeminal nucleus (principal sensory),high_confidence,1.0,HOMBA:12444,principal sensory nucleus of trigeminal nerve,bm25+exact+fuzzy,Trigeminal nucleus,Trigeminal nucleus,principal;sensory;principal sensory,1.0,spinal trigeminal nucleus,0.977518,correct,150,1_highconf_correct.csv,152,aligned,high,1.0,top1_name is a direct synonym for the query's principal sensory trigeminal nucleus.,aligned,high,1.0,Query 'Trigeminal nucleus (principal sensory)' matches top1 'principal sensory nucleus of trigeminal nerve' as a conventional synonym with reordered words.,aligned,high,0.99,Exact synonym: principal sensory nucleus of trigeminal nerve is the same structure as the principal sensory trigeminal nucleus.,aligned,high,0.9967,3/3,False,3-0,stable,top1_name is a direct synonym for the query's principal sensory trigeminal nucleus. | Query 'Trigeminal nucleus (principal sensory)' matches top1 'principal sensory nucleus of trigeminal nerve' as a conventional synonym with reordered words. | Exact synonym: principal sensory nucleus of trigeminal nerve is the same structure as the principal sensory trigeminal nucleus.,,
corpus,Trochlear nucleus,high_confidence,1.0,HOMBA:12206,trochlear nucleus,bm25+exact+fuzzy,Trochlear nucleus,Trochlear nucleus,,1.0,efferent nuclei of the cranial nerves in midbrain,0.97,correct,151,1_highconf_correct.csv,153,aligned,high,1.0,Exact match (case difference only) between query and top1_name.,aligned,high,1.0,Exact match between 'Trochlear nucleus' and 'trochlear nucleus'.,aligned,high,0.99,"Exact match, case-insensitive.",aligned,high,0.9967,3/3,False,3-0,stable,"Exact match (case difference only) between query and top1_name. | Exact match between 'Trochlear nucleus' and 'trochlear nucleus'. | Exact match, case-insensitive.",,
corpus,Uncinate fasciculus,high_confidence,1.0,HOMBA:10594,uncinate fasciculus,bm25+exact+fuzzy,Uncinate fasciculus,Uncinate fasciculus,,1.0,dorsal fasciculus (column) of spinal cord,0.281916,correct,152,1_highconf_correct.csv,154,aligned,high,1.0,Exact match (case difference only) between query and top1_name.,aligned,high,1.0,Exact match between 'Uncinate fasciculus' and 'uncinate fasciculus'.,aligned,high,0.99,Exact match.,aligned,high,0.9967,3/3,False,3-0,stable,Exact match (case difference only) between query and top1_name. | Exact match between 'Uncinate fasciculus' and 'uncinate fasciculus'. | Exact match.,,
corpus,Ventral anterior thalamic nucleus,high_confidence,1.0,HOMBA:10417,ventral anterior nucleus of thalamus,bm25+exact+fuzzy,Ventral anterior thalamic nucleus,Ventral anterior thalamic nucleus,ventral,1.0,anterior nuclear complex of thalamus,0.6952,correct,153,1_highconf_correct.csv,155,aligned,high,1.0,top1_name is a standard synonym with alternate word order for the same thalamic nucleus.,aligned,high,1.0,Query 'Ventral anterior thalamic nucleus' is synonymous with top1 'ventral anterior nucleus of thalamus'.,aligned,high,0.99,Synonym: ventral anterior nucleus of thalamus is the same as ventral anterior thalamic nucleus.,aligned,high,0.9967,3/3,False,3-0,stable,top1_name is a standard synonym with alternate word order for the same thalamic nucleus. | Query 'Ventral anterior thalamic nucleus' is synonymous with top1 'ventral anterior nucleus of thalamus'. | Synonym: ventral anterior nucleus of thalamus is the same as ventral anterior thalamic nucleus.,,
corpus,Ventral cochlear nucleus,high_confidence,1.0,HOMBA:12439,ventral cochlear nucleus,bm25+exact+fuzzy,Ventral cochlear nucleus,Ventral cochlear nucleus,ventral,1.0,"ventral cochlear nucleus, caudal division",0.995,correct,154,1_highconf_correct.csv,156,aligned,high,1.0,Exact match (case difference only) between query and top1_name.,aligned,high,1.0,Exact match between 'Ventral cochlear nucleus' and 'ventral cochlear nucleus'.,aligned,high,0.99,Exact match.,aligned,high,0.9967,3/3,False,3-0,stable,Exact match (case difference only) between query and top1_name. | Exact match between 'Ventral cochlear nucleus' and 'ventral cochlear nucleus'. | Exact match.,,
corpus,Ventral lateral thalamic nucleus,high_confidence,1.0,HOMBA:10420,ventral lateral nucleus of thalamus,bm25+exact+fuzzy,Ventral lateral thalamic nucleus,Ventral lateral thalamic nucleus,ventral;lateral,1.0,ventral medial nucleus of thalamus,0.808138,correct,155,1_highconf_correct.csv,157,aligned,high,1.0,Direct synonym: ventral lateral nucleus of thalamus,aligned,high,1.0,Query 'Ventral lateral thalamic nucleus' matches top1 'ventral lateral nucleus of thalamus' as a standard synonym with word order variation.,aligned,high,0.99,Query and top1 name refer to the same thalamic nucleus with a conventional word-order/synonym variation.,aligned,high,0.9967,3/3,False,3-0,stable,Direct synonym: ventral lateral nucleus of thalamus | Query 'Ventral lateral thalamic nucleus' matches top1 'ventral lateral nucleus of thalamus' as a standard synonym with word order variation. | Query and top1 name refer to the same thalamic nucleus with a conventional word-order/synonym variation.,,
corpus,Ventral medial thalamic nucleus,high_confidence,1.0,HOMBA:10427,ventral medial nucleus of thalamus,bm25+exact+fuzzy,Ventral medial thalamic nucleus,Ventral medial thalamic nucleus,ventral;medial,1.0,ventral lateral nucleus of thalamus,0.808138,correct,156,1_highconf_correct.csv,158,aligned,high,1.0,Direct synonym: ventral medial nucleus of thalamus,aligned,high,1.0,Query 'Ventral medial thalamic nucleus' matches top1 'ventral medial nucleus of thalamus' as a standard synonym with word order variation.,aligned,high,0.99,Query and top1 name refer to the same thalamic nucleus; solely a synonym phrasing difference.,aligned,high,0.9967,3/3,False,3-0,stable,Direct synonym: ventral medial nucleus of thalamus | Query 'Ventral medial thalamic nucleus' matches top1 'ventral medial nucleus of thalamus' as a standard synonym with word order variation. | Query and top1 name refer to the same thalamic nucleus; solely a synonym phrasing difference.,,
corpus,Ventral posterior thalamic nucleus,high_confidence,1.0,HOMBA:10423,ventral posterior nuclear complex of thalamus,bm25+exact+fuzzy,Ventral posterior thalamic nucleus,Ventral posterior thalamic nucleus,ventral;posterior,1.0,posterior nucleus of thalamus,0.9375,correct,157,1_highconf_correct.csv,159,broader_parent,high,0.95,Nuclear complex is broader parent of the queried nucleus,aligned,high,1.0,Query 'Ventral posterior thalamic nucleus' matches top1 'ventral posterior nuclear complex of thalamus' as an accepted synonym.,aligned,high,0.95,Query 'nucleus' and top1 'nuclear complex' are standard interchangeable designations for the ventral posterior group.,aligned,medium,0.9667,2/3,True,2-1,majority_vote,Nuclear complex is broader parent of the queried nucleus | Query 'Ventral posterior thalamic nucleus' matches top1 'ventral posterior nuclear complex of thalamus' as an accepted synonym. | Query 'nucleus' and top1 'nuclear complex' are standard interchangeable designations for the ventral posterior group.,,
corpus,Ventral tegmental area,high_confidence,1.0,HOMBA:12261,ventral tegmental area,bm25+exact+fuzzy,Ventral tegmental area,Ventral tegmental area,ventral,1.0,ventral tegmental tract in hindbrain,0.876515,correct,158,1_highconf_correct.csv,160,aligned,high,1.0,Exact match: ventral tegmental area,aligned,high,1.0,Query and top1 are identical: 'ventral tegmental area'.,aligned,high,1.0,Exact string match between query and top1 name.,aligned,high,1.0,3/3,False,3-0,stable,Exact match: ventral tegmental area | Query and top1 are identical: 'ventral tegmental area'. | Exact string match between query and top1 name.,,
corpus,Zona incerta,high_confidence,1.0,HOMBA:10463,zona incerta,bm25+exact+fuzzy,Zona incerta,Zona incerta,,1.0,,,correct,159,1_highconf_correct.csv,161,aligned,high,1.0,Exact match: zona incerta,aligned,high,1.0,Query and top1 are identical: 'zona incerta'.,aligned,high,1.0,Exact string match between query and top1 name.,aligned,high,1.0,3/3,False,3-0,stable,Exact match: zona incerta | Query and top1 are identical: 'zona incerta'. | Exact string match between query and top1 name.,,
corpus,Frontal orbital cortex (lateral),high_confidence,0.993571,HOMBA:10205,"lateral orbital frontal cortex (OFCl, area 12/47)",bm25+fuzzy,Frontal orbital cortex (lateral),lateral orbital frontal cortex,lateral,1.0,orbital frontal cortex,0.715158,correct,160,1_highconf_correct.csv,162,aligned,high,0.95,"The top1 candidate is a synonym variant of the query, matching the same structure with conventional word order difference.",aligned,high,0.99,Query 'Frontal orbital cortex (lateral)' directly matches 'lateral orbital frontal cortex' (OFCl) as the lateral subdivision.,aligned,high,0.98,Word-order variant of the same structure; lateral orbital frontal cortex = lateral frontal orbital cortex.,aligned,high,0.9733,3/3,False,3-0,stable,"The top1 candidate is a synonym variant of the query, matching the same structure with conventional word order difference. | Query 'Frontal orbital cortex (lateral)' directly matches 'lateral orbital frontal cortex' (OFCl) as the lateral subdivision. | Word-order variant of the same structure; lateral orbital frontal cortex = lateral frontal orbital cortex.",,
corpus,Frontal orbital cortex (medial),high_confidence,0.989407,HOMBA:10195,medial orbital frontal cortex (area 14),bm25+fuzzy,Frontal orbital cortex (medial),medial orbital frontal cortex,medial,1.0,orbital frontal cortex,0.715158,correct,161,1_highconf_correct.csv,163,aligned,high,0.95,"The top1 candidate is a synonym variant of the query, matching the same medial orbital frontal cortex.",aligned,high,0.99,Query 'Frontal orbital cortex (medial)' directly matches 'medial orbital frontal cortex' (area 14) as the medial subdivision.,aligned,high,0.98,Word-order variant; medial orbital frontal cortex is synonymous with medial frontal orbital cortex.,aligned,high,0.9733,3/3,False,3-0,stable,"The top1 candidate is a synonym variant of the query, matching the same medial orbital frontal cortex. | Query 'Frontal orbital cortex (medial)' directly matches 'medial orbital frontal cortex' (area 14) as the medial subdivision. | Word-order variant; medial orbital frontal cortex is synonymous with medial frontal orbital cortex.",,
corpus,Trigeminal tract (mesencephalic),high_confidence,0.982135,HOMBA:12767,mesencephalic trigeminal tract,bm25+fuzzy,Trigeminal tract (mesencephalic),mesencephalic trigeminal tract,mesencephalic,1.0,mesencephalic trigeminal nucleus,0.737812,correct,162,1_highconf_correct.csv,164,aligned,high,0.95,"The top1 candidate directly matches the query with accepted word rearrangement, same structure.",aligned,high,0.99,Query 'Trigeminal tract (mesencephalic)' matches 'mesencephalic trigeminal tract' exactly (word order variant).,aligned,high,0.98,Exact word-order variant; mesencephalic trigeminal tract = trigeminal tract (mesencephalic).,aligned,high,0.9733,3/3,False,3-0,stable,"The top1 candidate directly matches the query with accepted word rearrangement, same structure. | Query 'Trigeminal tract (mesencephalic)' matches 'mesencephalic trigeminal tract' exactly (word order variant). | Exact word-order variant; mesencephalic trigeminal tract = trigeminal tract (mesencephalic).",,
corpus,External globus pallidus,high_confidence,0.978625,HOMBA:10343,external division of globus pallidus,bm25+fuzzy,External globus pallidus,external division of globus pallidus,external,1.0,external medullary lamina of globus pallidus,0.806322,correct,163,1_highconf_correct.csv,165,aligned,high,0.95,The top1 candidate is a synonymous name (external division of globus pallidus) for the external globus pallidus.,aligned,high,0.99,Query 'External globus pallidus' is synonymous with 'external division of globus pallidus'.,aligned,high,0.98,External division of globus pallidus is a conventional synonym for external globus pallidus (GPe).,aligned,high,0.9733,3/3,False,3-0,stable,The top1 candidate is a synonymous name (external division of globus pallidus) for the external globus pallidus. | Query 'External globus pallidus' is synonymous with 'external division of globus pallidus'. | External division of globus pallidus is a conventional synonym for external globus pallidus (GPe).,,
corpus,Lateral ventricle,high_confidence,0.976667,HOMBA:10598,body of lateral ventricles,bm25+fuzzy,Lateral ventricle,body of lateral ventricle,lateral,1.0,atrium of lateral ventricles,0.946389,correct,164,1_highconf_correct.csv,166,partial_or_narrower,high,0.9,"Top1 names only the body of the lateral ventricle, which is a subpart, while the query refers to the entire lateral ventricle.",partial_or_narrower,high,0.95,Query 'Lateral ventricle' refers to entire structure; top1 'body of lateral ventricles' is a subdivision (narrower).,partial_or_narrower,high,0.95,"Query is whole lateral ventricle; top1 is only the body of the lateral ventricle, a subregion.",partial_or_narrower,high,0.9333,3/3,False,3-0,stable,"Top1 names only the body of the lateral ventricle, which is a subpart, while the query refers to the entire lateral ventricle. | Query 'Lateral ventricle' refers to entire structure; top1 'body of lateral ventricles' is a subdivision (narrower). | Query is whole lateral ventricle; top1 is only the body of the lateral ventricle, a subregion.",,
corpus,Internal capsule (posterior limb),high_confidence,0.95787,HOMBA:10584,caudal limb of internal capsule,bm25+fuzzy,Internal capsule (posterior limb),posterior limb of internal capsule,posterior;limb;posterior limb,1.0,internal capsule,0.88,correct,165,1_highconf_correct.csv,167,aligned,high,0.95,"caudal limb of internal capsule is a synonym for posterior limb of internal capsule, matching the query structure.",aligned,high,0.96,Top-1 'caudal limb of internal capsule' is a conventional synonym for 'posterior limb of internal capsule'. Both refer to the same structure.,aligned,high,0.99,caudal limb of internal capsule is a synonym for posterior limb of internal capsule; query specified posterior limb.,aligned,high,0.9667,3/3,False,3-0,stable,"caudal limb of internal capsule is a synonym for posterior limb of internal capsule, matching the query structure. | Top-1 'caudal limb of internal capsule' is a conventional synonym for 'posterior limb of internal capsule'. Both refer to the same structure. | caudal limb of internal capsule is a synonym for posterior limb of internal capsule; query specified posterior limb.",,
corpus,Cerebellar cortex (molecular layer),high_confidence,0.956353,HOMBA:AA30427,molecular layer of cerebellar cortex,bm25+fuzzy,Cerebellar cortex (molecular layer),molecular layer of cerebellar cortex,molecular;layer;molecular layer,1.0,cerebellar cortex,0.88,correct,166,1_highconf_correct.csv,168,aligned,high,0.95,molecular layer of cerebellar cortex directly names the same anatomical structure as the query.,aligned,high,0.96,Top-1 'molecular layer of cerebellar cortex' exactly matches the query 'Cerebellar cortex (molecular layer)'.,aligned,high,0.99,molecular layer of cerebellar cortex is an exact word-order variant of cerebellar cortex molecular layer; same anatomical layer.,aligned,high,0.9667,3/3,False,3-0,stable,molecular layer of cerebellar cortex directly names the same anatomical structure as the query. | Top-1 'molecular layer of cerebellar cortex' exactly matches the query 'Cerebellar cortex (molecular layer)'. | molecular layer of cerebellar cortex is an exact word-order variant of cerebellar cortex molecular layer; same anatomical layer.,,
corpus,Dorsal raphe,high_confidence,0.947851,HOMBA:12223,dorsal raphe nucleus,bm25+fuzzy,Dorsal raphe,dorsal raphe nuclei,dorsal,1.0,cap of dorsal raphe nucleus,0.778654,correct,167,1_highconf_correct.csv,169,aligned,high,0.95,"dorsal raphe nucleus is the full name for the query 'dorsal raphe', which is a commonly accepted shorthand.",aligned,high,0.95,Top-1 'dorsal raphe nucleus' is the standard anatomical name for the structure commonly referred to as 'dorsal raphe'.,aligned,high,0.99,dorsal raphe nucleus is the full name; query 'Dorsal raphe' is an accepted shorthand for this nucleus.,aligned,high,0.9633,3/3,False,3-0,stable,"dorsal raphe nucleus is the full name for the query 'dorsal raphe', which is a commonly accepted shorthand. | Top-1 'dorsal raphe nucleus' is the standard anatomical name for the structure commonly referred to as 'dorsal raphe'. | dorsal raphe nucleus is the full name; query 'Dorsal raphe' is an accepted shorthand for this nucleus.",,
corpus,Periaqueductal gray,high_confidence,0.94,HOMBA:AA30359,periaqueductal gray region,bm25+fuzzy,Periaqueductal gray,periaqueductal gray region,,1.0,periaqueductal gray substance,0.845546,correct,168,1_highconf_correct.csv,170,aligned,high,0.95,periaqueductal gray region is an accepted synonym for periaqueductal gray.,aligned,high,0.94,"Top-1 'periaqueductal gray region' is a synonym for 'periaqueductal gray', referring to the same brain region.",aligned,high,0.99,periaqueductal gray region is a longer variant name for periaqueductal gray; same brainstem region.,aligned,high,0.96,3/3,False,3-0,stable,"periaqueductal gray region is an accepted synonym for periaqueductal gray. | Top-1 'periaqueductal gray region' is a synonym for 'periaqueductal gray', referring to the same brain region. | periaqueductal gray region is a longer variant name for periaqueductal gray; same brainstem region.",,
species,Accumbens,high_confidence,1.0,HOMBA:10339,nucleus accumbens,bm25+exact+fuzzy+hierarchy_parent,Accumbens,Accumbens,,1.0,core of nucleus accumbens,0.7009,correct,169,1_highconf_correct.csv,171,aligned,high,0.95,nucleus accumbens is the full form of the common abbreviation 'accumbens'.,aligned,high,1.0,Top-1 'nucleus accumbens' is the full name of the structure abbreviated as 'Accumbens'.,aligned,high,0.99,nucleus accumbens is the full anatomical term; 'Accumbens' is a common shorthand for the same structure.,aligned,high,0.98,3/3,False,3-0,stable,nucleus accumbens is the full form of the common abbreviation 'accumbens'. | Top-1 'nucleus accumbens' is the full name of the structure abbreviated as 'Accumbens'. | nucleus accumbens is the full anatomical term; 'Accumbens' is a common shorthand for the same structure.,,
species,Amygdalohippocampal area,high_confidence,1.0,HOMBA:10377,amygdalohippocampal area,bm25+exact+fuzzy+hierarchy_parent,Amygdalohippocampal area,Amygdalohippocampal area,,1.0,amygdalohippocampal transition area,0.665675,correct,170,1_highconf_correct.csv,172,aligned,high,1.0,Exact match (case-insensitive) between query and top1_name.,aligned,high,1.0,Exact match between query and top1_name (case insensitive).,aligned,high,1.0,Exact match (case difference). Query and top1 name refer to the same amygdalohippocampal area.,aligned,high,1.0,3/3,False,3-0,stable,Exact match (case-insensitive) between query and top1_name. | Exact match between query and top1_name (case insensitive). | Exact match (case difference). Query and top1 name refer to the same amygdalohippocampal area.,,
species,Amygdalopiriform transition area,high_confidence,1.0,HOMBA:10382,amygdalocortical transition area (amygdalopiriform transition area),bm25+exact+fuzzy,Amygdalopiriform transition area,Amygdalopiriform transition area,,1.0,amygdaloid transition areas,0.97,correct,171,1_highconf_correct.csv,173,aligned,high,1.0,Top1_name includes query as a synonym in parentheses; same structure.,aligned,high,1.0,"top1_name includes query as an accepted alias in parentheses, consistent.",aligned,high,1.0,Top1 name includes the exact query as an alias in parentheses. Recognized synonym in HOMBA:10382.,aligned,high,1.0,3/3,False,3-0,stable,"Top1_name includes query as a synonym in parentheses; same structure. | top1_name includes query as an accepted alias in parentheses, consistent. | Top1 name includes the exact query as an alias in parentheses. Recognized synonym in HOMBA:10382.",,
species,Amygdalostriatal transition area,high_confidence,1.0,HOMBA:10381,amygdalostriatal transition area,bm25+exact+fuzzy,Amygdalostriatal transition area,Amygdalostriatal transition area,,1.0,amygdaloid transition areas,0.353645,correct,172,1_highconf_correct.csv,174,aligned,high,1.0,Exact match (case-insensitive) between query and top1_name.,aligned,high,1.0,Exact match between query and top1_name (case insensitive).,aligned,high,1.0,Exact match (case difference). Same amygdalostriatal transition area.,aligned,high,1.0,3/3,False,3-0,stable,Exact match (case-insensitive) between query and top1_name. | Exact match between query and top1_name (case insensitive). | Exact match (case difference). Same amygdalostriatal transition area.,,
species,Angular thalamic nucleus,high_confidence,1.0,HOMBA:AA30318,angular nucleus of thalamus,bm25+exact+fuzzy,Angular thalamic nucleus,Angular thalamic nucleus,,1.0,ventral midline nuclei of thalamus,0.369828,correct,173,1_highconf_correct.csv,175,aligned,high,1.0,Accepted synonym: 'angular nucleus of thalamus' equals 'Angular thalamic nucleus'.,aligned,high,1.0,Synonym: 'angular thalamic nucleus' and 'angular nucleus of thalamus' refer to the same structure.,aligned,high,1.0,Word-order variant: 'Angular thalamic nucleus' vs 'angular nucleus of thalamus'. Same entity.,aligned,high,1.0,3/3,False,3-0,stable,Accepted synonym: 'angular nucleus of thalamus' equals 'Angular thalamic nucleus'. | Synonym: 'angular thalamic nucleus' and 'angular nucleus of thalamus' refer to the same structure. | Word-order variant: 'Angular thalamic nucleus' vs 'angular nucleus of thalamus'. Same entity.,,
species,Ansa Lenticularis,high_confidence,1.0,HOMBA:10571,ansa lenticularis,bm25+exact+fuzzy,Ansa Lenticularis,Ansa Lenticularis,,1.0,ansa peduncularis,0.278056,correct,174,1_highconf_correct.csv,176,aligned,high,1.0,Exact match (case-insensitive) between query and top1_name.,aligned,high,1.0,Exact match ignoring case; top1_name is lowercase version of query.,aligned,high,1.0,Exact match with only capitalization difference ('Ansa Lenticularis' vs 'ansa lenticularis').,aligned,high,1.0,3/3,False,3-0,stable,Exact match (case-insensitive) between query and top1_name. | Exact match ignoring case; top1_name is lowercase version of query. | Exact match with only capitalization difference ('Ansa Lenticularis' vs 'ansa lenticularis').,,
species,Anterior amygdaloid area,high_confidence,1.0,HOMBA:10362,anterior amygdaloid area,bm25+exact+fuzzy+hierarchy_parent,Anterior amygdaloid area,Anterior amygdaloid area,,1.0,anterior-central nuclear group of amygdala,0.97,correct,175,1_highconf_correct.csv,177,aligned,high,1.0,Exact match with case normalization: query 'Anterior amygdaloid area' equals top1 'anterior amygdaloid area'.,aligned,high,1.0,top1_name is an exact case-insensitive match to the query.,aligned,high,1.0,"Exact match between query and top1_name, ignoring case.",aligned,high,1.0,3/3,False,3-0,stable,"Exact match with case normalization: query 'Anterior amygdaloid area' equals top1 'anterior amygdaloid area'. | top1_name is an exact case-insensitive match to the query. | Exact match between query and top1_name, ignoring case.",,
species,Anterior commissure,high_confidence,1.0,HOMBA:10559,anterior commissure,bm25+exact+fuzzy+hierarchy_parent,Anterior commissure,Anterior commissure,,1.0,rostral (anterior) branch of anterior commissure,0.697635,correct,176,1_highconf_correct.csv,178,aligned,high,1.0,Exact match with case normalization: query 'Anterior commissure' equals top1 'anterior commissure'.,aligned,high,1.0,top1_name is an exact case-insensitive match to the query.,aligned,high,1.0,"Exact match between query and top1_name, ignoring case.",aligned,high,1.0,3/3,False,3-0,stable,"Exact match with case normalization: query 'Anterior commissure' equals top1 'anterior commissure'. | top1_name is an exact case-insensitive match to the query. | Exact match between query and top1_name, ignoring case.",,
species,Anterior Hypothalamic Area,high_confidence,1.0,HOMBA:266441551,anterior hypothalamic area,bm25+exact+fuzzy,Anterior Hypothalamic Area,Anterior Hypothalamic Area,,1.0,anterior hypothalamic nucleus,0.650252,correct,177,1_highconf_correct.csv,179,aligned,high,1.0,Exact match with case normalization: query 'Anterior Hypothalamic Area' equals top1 'anterior hypothalamic area'.,aligned,high,1.0,top1_name is an exact case-insensitive match to the query.,aligned,high,1.0,"Exact match between query and top1_name, ignoring case.",aligned,high,1.0,3/3,False,3-0,stable,"Exact match with case normalization: query 'Anterior Hypothalamic Area' equals top1 'anterior hypothalamic area'. | top1_name is an exact case-insensitive match to the query. | Exact match between query and top1_name, ignoring case.",,
species,Anterior hypothalamic nucleus,high_confidence,1.0,HOMBA:10475,anterior hypothalamic nucleus,bm25+exact+fuzzy,Anterior hypothalamic nucleus,Anterior hypothalamic nucleus,,1.0,anterior hypothalamic area,0.756107,correct,178,1_highconf_correct.csv,180,aligned,high,1.0,Exact match with case normalization: query 'Anterior hypothalamic nucleus' equals top1 'anterior hypothalamic nucleus'.,aligned,high,1.0,top1_name is an exact case-insensitive match to the query.,aligned,high,1.0,"Exact match between query and top1_name, ignoring case.",aligned,high,1.0,3/3,False,3-0,stable,"Exact match with case normalization: query 'Anterior hypothalamic nucleus' equals top1 'anterior hypothalamic nucleus'. | top1_name is an exact case-insensitive match to the query. | Exact match between query and top1_name, ignoring case.",,
species,Anterior Tegmental Nucleus,high_confidence,1.0,HOMBA:AA30442,anterior tegmental nucleus,bm25+exact+fuzzy,Anterior Tegmental Nucleus,Anterior Tegmental Nucleus,,1.0,pontine raphe region,0.97,correct,179,1_highconf_correct.csv,181,aligned,high,1.0,Exact match with case normalization: query 'Anterior Tegmental Nucleus' equals top1 'anterior tegmental nucleus'.,aligned,high,1.0,top1_name is an exact case-insensitive match to the query.,aligned,high,1.0,"Exact match between query and top1_name, ignoring case.",aligned,high,1.0,3/3,False,3-0,stable,"Exact match with case normalization: query 'Anterior Tegmental Nucleus' equals top1 'anterior tegmental nucleus'. | top1_name is an exact case-insensitive match to the query. | Exact match between query and top1_name, ignoring case.",,
species,Anterior thalamic nucleus,high_confidence,1.0,HOMBA:10392,anterior nuclear complex of thalamus,bm25+exact+fuzzy+hierarchy_parent,anterior thalamic nuclei,anterior thalamic nuclei,,1.0,ventral anterior nucleus of thalamus,0.75465,correct,180,1_highconf_correct.csv,182,aligned,high,1.0,Anterior thalamic nucleus and anterior nuclear complex of thalamus are synonymous; top1 is the accepted anatomical term.,broader_parent,high,0.95,"Query is 'Anterior thalamic nucleus' (singular), top1 is 'anterior nuclear complex of thalamus' which is a broader grouping that includes the anterior nuclei.",aligned,high,0.97,Anterior thalamic nucleus commonly denotes the anterior nuclear complex; top1 uses equivalent anatomical nomenclature.,aligned,medium,0.9733,2/3,True,2-1,majority_vote,"Anterior thalamic nucleus and anterior nuclear complex of thalamus are synonymous; top1 is the accepted anatomical term. | Query is 'Anterior thalamic nucleus' (singular), top1 is 'anterior nuclear complex of thalamus' which is a broader grouping that includes the anterior nuclei. | Anterior thalamic nucleus commonly denotes the anterior nuclear complex; top1 uses equivalent anatomical nomenclature.",,
species,Anterodorsal thalamic nucleus,high_confidence,1.0,HOMBA:10393,anterodorsal nucleus of thalamus,bm25+exact+fuzzy,Anterodorsal thalamic nucleus,Anterodorsal thalamic nucleus,,1.0,anterior nuclear complex of thalamus,0.8342,correct,181,1_highconf_correct.csv,183,aligned,high,1.0,Anterodorsal thalamic nucleus directly matches anterodorsal nucleus of thalamus.,aligned,high,1.0,Exact match: 'Anterodorsal thalamic nucleus' and 'anterodorsal nucleus of thalamus' are synonyms.,aligned,high,0.99,Exact match; only morphosyntactic variation ('thalamic nucleus' vs 'nucleus of thalamus').,aligned,high,0.9967,3/3,False,3-0,stable,Anterodorsal thalamic nucleus directly matches anterodorsal nucleus of thalamus. | Exact match: 'Anterodorsal thalamic nucleus' and 'anterodorsal nucleus of thalamus' are synonyms. | Exact match; only morphosyntactic variation ('thalamic nucleus' vs 'nucleus of thalamus').,,
species,Anteromedial thalamic nucleus,high_confidence,1.0,HOMBA:10394,anteromedial nucleus of thalamus,bm25+exact+fuzzy,Anteromedial thalamic nucleus,Anteromedial thalamic nucleus,,1.0,anterior nuclear complex of thalamus,0.8342,correct,182,1_highconf_correct.csv,184,aligned,high,1.0,Anteromedial thalamic nucleus directly matches anteromedial nucleus of thalamus.,aligned,high,1.0,Exact match: 'Anteromedial thalamic nucleus' and 'anteromedial nucleus of thalamus' are synonyms.,aligned,high,0.99,Exact match; only morphosyntactic variation ('thalamic nucleus' vs 'nucleus of thalamus').,aligned,high,0.9967,3/3,False,3-0,stable,Anteromedial thalamic nucleus directly matches anteromedial nucleus of thalamus. | Exact match: 'Anteromedial thalamic nucleus' and 'anteromedial nucleus of thalamus' are synonyms. | Exact match; only morphosyntactic variation ('thalamic nucleus' vs 'nucleus of thalamus').,,
species,Ascending fibers of the facial nerve,high_confidence,1.0,HOMBA:12729,ascending fibers of the facial nerve in pons,bm25+exact+fuzzy,Ascending fibers of the facial nerve,Ascending fibers of the facial nerve,,1.0,genu of the facial nerve,0.286725,correct,183,1_highconf_correct.csv,185,aligned,high,1.0,"Ascending fibers of the facial nerve in pons is the same structure, with a locational qualifier added.",aligned,high,0.95,Top1 adds 'in pons' but same structure; consistent with query 'Ascending fibers of the facial nerve'.,aligned,high,0.96,Top1 adds location 'in pons' but refers to same ascending facial nerve fibers; accepted additional precision.,aligned,high,0.97,3/3,False,3-0,stable,"Ascending fibers of the facial nerve in pons is the same structure, with a locational qualifier added. | Top1 adds 'in pons' but same structure; consistent with query 'Ascending fibers of the facial nerve'. | Top1 adds location 'in pons' but refers to same ascending facial nerve fibers; accepted additional precision.",,
species,Basal nucleus (of Meynert),high_confidence,1.0,HOMBA:10353,basal nucleus of Meynert,bm25+exact+fuzzy,Basal nucleus (of Meynert),Basal nucleus (of Meynert),meynert,1.0,basal ganglia (basal nuclei),0.88,correct,184,1_highconf_correct.csv,186,aligned,high,1.0,Basal nucleus (of Meynert) and basal nucleus of Meynert are identical; parentheses are just formatting.,aligned,high,1.0,Exact match: 'Basal nucleus (of Meynert)' and 'basal nucleus of Meynert' are synonymous.,aligned,high,1.0,Identical eponym and structure; parentheses in query irrelevant.,aligned,high,1.0,3/3,False,3-0,stable,Basal nucleus (of Meynert) and basal nucleus of Meynert are identical; parentheses are just formatting. | Exact match: 'Basal nucleus (of Meynert)' and 'basal nucleus of Meynert' are synonymous. | Identical eponym and structure; parentheses in query irrelevant.,,
species,CA1 (hippocampus),high_confidence,1.0,HOMBA:10297,CA1 region of hippocampus,bm25+exact+fuzzy,CA1,CA1,hippocampus,1.0,"lamination of hippocampal proper (CA1, CA2, CA3)",1.0,correct,185,1_highconf_correct.csv,187,aligned,high,1.0,Query 'CA1 (hippocampus)' directly matches the standard term 'CA1 region of hippocampus'.,aligned,high,1.0,CA1 (hippocampus) directly corresponds to CA1 region of hippocampus; standard synonym.,aligned,high,1.0,CA1 (hippocampus) and CA1 region of hippocampus are equivalent.,aligned,high,1.0,3/3,False,3-0,stable,Query 'CA1 (hippocampus)' directly matches the standard term 'CA1 region of hippocampus'. | CA1 (hippocampus) directly corresponds to CA1 region of hippocampus; standard synonym. | CA1 (hippocampus) and CA1 region of hippocampus are equivalent.,,
species,Caudate Head,high_confidence,1.0,HOMBA:10335,head of caudate nucleus,bm25+exact+fuzzy,Caudate Head,Caudate Head,,1.0,caudate nucleus (mediodorsal division of the CP),0.8342,correct,186,1_highconf_correct.csv,188,aligned,high,1.0,Query 'Caudate Head' is a common synonym for 'head of caudate nucleus'.,aligned,high,1.0,Caudate Head is exactly the head of caudate nucleus.,aligned,high,1.0,Caudate Head and head of caudate nucleus are accepted variants for the same structure.,aligned,high,1.0,3/3,False,3-0,stable,Query 'Caudate Head' is a common synonym for 'head of caudate nucleus'. | Caudate Head is exactly the head of caudate nucleus. | Caudate Head and head of caudate nucleus are accepted variants for the same structure.,,
species,Caudate nucleus,high_confidence,1.0,HOMBA:10334,caudate nucleus (mediodorsal division of the CP),bm25+exact+fuzzy+hierarchy_parent,Caudate nucleus,Caudate nucleus,,1.0,body of caudate nucleus,0.843297,correct,187,1_highconf_correct.csv,189,aligned,high,1.0,"Top1 name includes 'caudate nucleus', matching the query directly; parenthetical adds subregion context but does not alter identity.",partial_or_narrower,high,1.0,"Query 'Caudate nucleus' is the whole structure, but top1 is a specific division (mediodorsal division of CP).",aligned,high,1.0,Caudate nucleus and caudate nucleus (with anatomical division context) align exactly.,aligned,medium,1.0,2/3,True,2-1,majority_vote,"Top1 name includes 'caudate nucleus', matching the query directly; parenthetical adds subregion context but does not alter identity. | Query 'Caudate nucleus' is the whole structure, but top1 is a specific division (mediodorsal division of CP). | Caudate nucleus and caudate nucleus (with anatomical division context) align exactly.",,
species,Caudate Tail,high_confidence,1.0,HOMBA:10337,tail of caudate nucleus (caudolateral division of the CP),bm25+exact+fuzzy,Caudate Tail,Caudate Tail,,1.0,caudate nucleus (mediodorsal division of the CP),0.8342,correct,188,1_highconf_correct.csv,190,aligned,high,1.0,Query 'Caudate Tail' matches 'tail of caudate nucleus'.,aligned,high,1.0,Caudate Tail matches tail of caudate nucleus; direct synonym.,aligned,high,1.0,Caudate Tail and tail of caudate nucleus are equivalent.,aligned,high,1.0,3/3,False,3-0,stable,Query 'Caudate Tail' matches 'tail of caudate nucleus'. | Caudate Tail matches tail of caudate nucleus; direct synonym. | Caudate Tail and tail of caudate nucleus are equivalent.,,
species,Central lateral thalamic nucleus,high_confidence,1.0,HOMBA:10444,central lateral nucleus of thalamus,bm25+exact+fuzzy,Central lateral thalamic nucleus,Central lateral thalamic nucleus,lateral,1.0,central dorsal nucleus of thalamus,0.658362,correct,189,1_highconf_correct.csv,191,aligned,high,1.0,Query 'Central lateral thalamic nucleus' is equivalent to 'central lateral nucleus of thalamus'.,aligned,high,1.0,Central lateral thalamic nucleus and central lateral nucleus of thalamus are the same structure.,aligned,high,1.0,Central lateral thalamic nucleus and central lateral nucleus of thalamus are synonymous.,aligned,high,1.0,3/3,False,3-0,stable,Query 'Central lateral thalamic nucleus' is equivalent to 'central lateral nucleus of thalamus'. | Central lateral thalamic nucleus and central lateral nucleus of thalamus are the same structure. | Central lateral thalamic nucleus and central lateral nucleus of thalamus are synonymous.,,
species,Central medial thalamic nucleus,high_confidence,1.0,HOMBA:10445,central medial nucleus of thalamus,bm25+exact+fuzzy,Central medial thalamic nucleus,Central medial thalamic nucleus,medial,1.0,central dorsal nucleus of thalamus,0.658801,correct,190,1_highconf_correct.csv,192,aligned,high,1.0,"The top1 candidate is a direct synonym of the query, referring to the same thalamic nucleus.",aligned,high,0.99,Synonym: 'central medial nucleus of thalamus' is the same as 'Central medial thalamic nucleus' with word order normalized.,aligned,high,1.0,Synonym; different word order (central medial thalamic nucleus = central medial nucleus of thalamus).,aligned,high,0.9967,3/3,False,3-0,stable,"The top1 candidate is a direct synonym of the query, referring to the same thalamic nucleus. | Synonym: 'central medial nucleus of thalamus' is the same as 'Central medial thalamic nucleus' with word order normalized. | Synonym; different word order (central medial thalamic nucleus = central medial nucleus of thalamus).",,
species,Cerebral peduncle,high_confidence,1.0,HOMBA:12330,cerebral peduncle (crus cerebri),bm25+exact+fuzzy,Cerebral peduncle,Cerebral peduncle,,1.0,telencephalon,0.308508,correct,191,1_highconf_correct.csv,193,aligned,high,1.0,The top1 candidate is exactly the same anatomical structure with an appended synonym in parentheses.,aligned,high,1.0,Exact match with accepted synonym in parentheses.,partial_or_narrower,medium,0.6,"Top1 name specifies crus cerebri in parentheses, which is narrower than the broader 'cerebral peduncle' that includes tegmentum.",aligned,medium,0.8667,2/3,True,2-1,majority_vote,"The top1 candidate is exactly the same anatomical structure with an appended synonym in parentheses. | Exact match with accepted synonym in parentheses. | Top1 name specifies crus cerebri in parentheses, which is narrower than the broader 'cerebral peduncle' that includes tegmentum.",,
species,Claustrum,high_confidence,1.0,HOMBA:10346,claustrum,bm25+exact+fuzzy+hierarchy_parent,Claustrum,Claustrum,,1.0,regions of claustrum-endopiriform nuclear complex,0.97,correct,192,1_highconf_correct.csv,194,aligned,high,1.0,The top1 candidate is identical to the query.,aligned,high,1.0,Exact match (case-insensitive).,aligned,high,1.0,"Exact match, case-insensitive.",aligned,high,1.0,3/3,False,3-0,stable,"The top1 candidate is identical to the query. | Exact match (case-insensitive). | Exact match, case-insensitive.",,
species,Cochlear Nucleus,high_confidence,1.0,HOMBA:12437,cochlear nuclei,bm25+exact+fuzzy+hierarchy_parent,Cochlear Nucleus,Cochlear Nucleus,,1.0,dorsal cochlear nucleus,0.736733,correct,193,1_highconf_correct.csv,195,aligned,high,1.0,"The top1 candidate is a plural form of the query, representing the same cochlear nucleus structure.",aligned,high,0.99,Singular/plural variant: 'cochlear nuclei' is the standard term for 'Cochlear Nucleus'.,aligned,high,1.0,Plural form variant; singular 'nucleus' commonly refers to the same cochlear nuclear complex.,aligned,high,0.9967,3/3,False,3-0,stable,"The top1 candidate is a plural form of the query, representing the same cochlear nucleus structure. | Singular/plural variant: 'cochlear nuclei' is the standard term for 'Cochlear Nucleus'. | Plural form variant; singular 'nucleus' commonly refers to the same cochlear nuclear complex.",,
species,Corticospinal Tract,high_confidence,1.0,HOMBA:12047,corticospinal tract,bm25+exact+fuzzy,Corticospinal Tract,Corticospinal Tract,,1.0,pyramidal tract,0.97,correct,194,1_highconf_correct.csv,196,aligned,high,1.0,The top1 candidate is identical to the query.,aligned,high,1.0,Exact match (case difference only).,aligned,high,1.0,Case-insensitive exact match.,aligned,high,1.0,3/3,False,3-0,stable,The top1 candidate is identical to the query. | Exact match (case difference only). | Case-insensitive exact match.,,
species,Crossing of the superior cerebellar peduncle,high_confidence,1.0,HOMBA:12337,decussation of superior cerebellar peduncle,bm25+exact+fuzzy,Crossing of the superior cerebellar peduncle,Crossing of the superior cerebellar peduncle,,1.0,superior cerebellar peduncle (brachium conjunctivum),0.389206,correct,195,1_highconf_correct.csv,197,aligned,high,1.0,Query 'Crossing of the superior cerebellar peduncle' matches synonym 'decussation of superior cerebellar peduncle'.,aligned,high,1.0,Crossing is synonymous with decussation; same anatomical structure.,aligned,high,0.99,Crossing and decussation are synonyms for the same structure.,aligned,high,0.9967,3/3,False,3-0,stable,Query 'Crossing of the superior cerebellar peduncle' matches synonym 'decussation of superior cerebellar peduncle'. | Crossing is synonymous with decussation; same anatomical structure. | Crossing and decussation are synonyms for the same structure.,,
species,Cuneiform Nucleus,high_confidence,1.0,HOMBA:12240,cuneiform nucleus,bm25+exact+fuzzy+hierarchy_parent,Cuneiform Nucleus,Cuneiform Nucleus,,1.0,dorsal division of cuneiform nucleus,0.609167,correct,196,1_highconf_correct.csv,198,aligned,high,1.0,Exact match with case normalization: 'Cuneiform Nucleus' equals 'cuneiform nucleus'.,aligned,high,1.0,Exact match after case normalization.,aligned,high,0.99,"Exact match, only capitalization difference.",aligned,high,0.9967,3/3,False,3-0,stable,"Exact match with case normalization: 'Cuneiform Nucleus' equals 'cuneiform nucleus'. | Exact match after case normalization. | Exact match, only capitalization difference.",,
species,Dentate gyrus,high_confidence,1.0,HOMBA:10295,dentate gyrus,bm25+exact+fuzzy+hierarchy_parent,Dentate gyrus,Dentate gyrus,,1.0,major division of dentate gyrus,0.898452,correct,197,1_highconf_correct.csv,199,aligned,high,1.0,Exact match: 'Dentate gyrus' equals 'dentate gyrus'.,aligned,high,1.0,Exact match.,aligned,high,0.99,"Exact match, only capitalization difference.",aligned,high,0.9967,3/3,False,3-0,stable,"Exact match: 'Dentate gyrus' equals 'dentate gyrus'. | Exact match. | Exact match, only capitalization difference.",,
species,Dorsal endopiriform claustrum,high_confidence,1.0,HOMBA:AA30264,dorsal endopiriform nucleus,bm25+exact+fuzzy,Dorsal endopiriform claustrum,Dorsal endopiriform claustrum,dorsal,1.0,endopiriform nucleus,0.753867,correct,198,1_highconf_correct.csv,200,wrong,medium,0.7,Query 'Dorsal endopiriform claustrum' refers to claustrum; top1 'dorsal endopiriform nucleus' is a different structure (nucleus vs claustrum).,aligned,high,1.0,Dorsal endopiriform nucleus is a synonym for dorsal endopiriform claustrum.,aligned,high,0.95,Query matches a known alias for dorsal endopiriform nucleus; claustrum and nucleus are interchangeable in this context.,aligned,medium,0.8833,2/3,True,2-1,majority_vote,Query 'Dorsal endopiriform claustrum' refers to claustrum; top1 'dorsal endopiriform nucleus' is a different structure (nucleus vs claustrum). | Dorsal endopiriform nucleus is a synonym for dorsal endopiriform claustrum. | Query matches a known alias for dorsal endopiriform nucleus; claustrum and nucleus are interchangeable in this context.,,
species,Dorsal lateral geniculate nucleus,high_confidence,1.0,HOMBA:10429,lateral geniculate nucleus (dorsal lateral geniculate nucleus),bm25+exact+fuzzy,Dorsal lateral geniculate nucleus,Dorsal lateral geniculate nucleus,dorsal;lateral,1.0,pregeniculate nucleus (ventral lateral geniculate nucleus),0.821572,correct,199,1_highconf_correct.csv,201,aligned,high,1.0,Top1 includes query as parenthetical synonym: 'lateral geniculate nucleus (dorsal lateral geniculate nucleus)'.,aligned,high,1.0,Top1 includes the query term in parentheses; same structure.,aligned,high,0.99,"Top1 is the dorsal lateral geniculate nucleus, specified parenthetically; exact match to query.",aligned,high,0.9967,3/3,False,3-0,stable,"Top1 includes query as parenthetical synonym: 'lateral geniculate nucleus (dorsal lateral geniculate nucleus)'. | Top1 includes the query term in parentheses; same structure. | Top1 is the dorsal lateral geniculate nucleus, specified parenthetically; exact match to query.",,
species,Dorsomedial hypothalamic nucleus,high_confidence,1.0,HOMBA:10485,dorsomedial hypothalamic nucleus,bm25+exact+fuzzy+hierarchy_parent,Dorsomedial hypothalamic nucleus,Dorsomedial hypothalamic nucleus,,1.0,diffuse division of dorsomedial hypothalamic nucleus,0.875,correct,200,1_highconf_correct.csv,202,aligned,high,1.0,Exact match (case variant) of dorsomedial hypothalamic nucleus.,aligned,high,1.0,Exact match: query and top1 are identical anatomical structure.,aligned,high,1.0,Exact string match (case-insensitive).,aligned,high,1.0,3/3,False,3-0,stable,Exact match (case variant) of dorsomedial hypothalamic nucleus. | Exact match: query and top1 are identical anatomical structure. | Exact string match (case-insensitive).,,
species,Dysgranular insular cortex,high_confidence,1.0,HOMBA:10289,dysgranular insular cortex (area Idg),bm25+exact+fuzzy+hierarchy_parent,Dysgranular insular cortex,Dysgranular insular cortex,,1.0,major insular cortex,0.97,correct,201,1_highconf_correct.csv,203,aligned,high,1.0,Top1 is same structure with parenthetical synonym (area Idg).,aligned,high,1.0,Synonym includes 'area Idg' but refers to the same cortical region.,aligned,high,1.0,Top1 name is identical base term with parenthetical specification; refers to same dysgranular insular cortex.,aligned,high,1.0,3/3,False,3-0,stable,Top1 is same structure with parenthetical synonym (area Idg). | Synonym includes 'area Idg' but refers to the same cortical region. | Top1 name is identical base term with parenthetical specification; refers to same dysgranular insular cortex.,,
species,Endopiriform nucleus,high_confidence,1.0,HOMBA:10371,endopiriform nucleus,bm25+exact+fuzzy+hierarchy_parent,Endopiriform nucleus,Endopiriform nucleus,,1.0,regions of claustrum-endopiriform nuclear complex,0.97,correct,202,1_highconf_correct.csv,204,aligned,high,1.0,Exact match of endopiriform nucleus.,aligned,high,1.0,Exact match (case variation only).,aligned,high,1.0,Exact string match (case-insensitive).,aligned,high,1.0,3/3,False,3-0,stable,Exact match of endopiriform nucleus. | Exact match (case variation only). | Exact string match (case-insensitive).,,
species,Entopeduncular nucleus,high_confidence,1.0,HOMBA:146034758,entopeduncular nucleus,bm25+exact+fuzzy,Entopeduncular nucleus,Entopeduncular nucleus,,1.0,cerebellar deep nuclei,0.260505,correct,203,1_highconf_correct.csv,205,aligned,high,1.0,Exact match of entopeduncular nucleus.,aligned,high,1.0,Exact match (case variation only).,aligned,high,1.0,Exact string match (case-insensitive).,aligned,high,1.0,3/3,False,3-0,stable,Exact match of entopeduncular nucleus. | Exact match (case variation only). | Exact string match (case-insensitive).,,
species,Entorhinal area (medial part),high_confidence,1.0,HOMBA:10319,medial (caudal) entorhinal cortex,bm25+fuzzy,Entorhinal area,medial entorhinal area,medial,1.0,intermediate entorhinal cortex,0.899167,correct,204,1_highconf_correct.csv,206,aligned,high,0.95,"Query specifies medial part of entorhinal area; top1 is medial entorhinal cortex, synonymous.",aligned,high,1.0,"Top1 matches the specific medial part of entorhinal area, consistent with query.",partial_or_narrower,medium,0.8,"Query is medial part of entorhinal area; top1 'medial (caudal) entorhinal cortex' denotes a subdivision (caudal part) of that medial region, thus too narrow.",aligned,medium,0.9167,2/3,True,2-1,majority_vote,"Query specifies medial part of entorhinal area; top1 is medial entorhinal cortex, synonymous. | Top1 matches the specific medial part of entorhinal area, consistent with query. | Query is medial part of entorhinal area; top1 'medial (caudal) entorhinal cortex' denotes a subdivision (caudal part) of that medial region, thus too narrow.",,
species,Extended amygdala,high_confidence,1.0,HOMBA:10383,extended amygdala,bm25+exact+fuzzy+hierarchy_parent,Extended amygdala,Extended amygdala,,1.0,regions of extended amygdala,0.94,correct,205,1_highconf_correct.csv,207,aligned,high,1.0,Exact case-insensitive match between query 'Extended amygdala' and top1_name 'extended amygdala'.,aligned,high,0.99,"top1_name is the lowercase version of query, identical anatomical structure (extended amygdala).",aligned,high,1.0,"Exact match, case-insensitive.",aligned,high,0.9967,3/3,False,3-0,stable,"Exact case-insensitive match between query 'Extended amygdala' and top1_name 'extended amygdala'. | top1_name is the lowercase version of query, identical anatomical structure (extended amygdala). | Exact match, case-insensitive.",,
species,Facial Motor Nucleus,high_confidence,1.0,HOMBA:12420,facial nucleus,bm25+exact+fuzzy+hierarchy_parent,Facial Motor Nucleus,Facial Motor Nucleus,,1.0,"facial nucleus, stylohyoid subnucleus",0.791667,correct,206,1_highconf_correct.csv,208,aligned,high,1.0,'facial nucleus' is the standard name for the facial motor nucleus; direct synonym.,aligned,high,0.99,"top1_name 'facial nucleus' is the standard name for the facial motor nucleus, matching query semantic.",aligned,high,1.0,Facial Motor Nucleus and facial nucleus are accepted synonyms.,aligned,high,0.9967,3/3,False,3-0,stable,"'facial nucleus' is the standard name for the facial motor nucleus; direct synonym. | top1_name 'facial nucleus' is the standard name for the facial motor nucleus, matching query semantic. | Facial Motor Nucleus and facial nucleus are accepted synonyms.",,
species,Fasciculus retroflexus,high_confidence,1.0,HOMBA:12342,fasciculus retroflexus (habenuno-interpeduncular tract),bm25+exact+fuzzy,Fasciculus retroflexus,Fasciculus retroflexus,,1.0,dorsal fasciculus (column) of spinal cord,0.281916,correct,207,1_highconf_correct.csv,209,aligned,high,1.0,Top1_name contains the exact query 'fasciculus retroflexus' with parenthetical alias.,aligned,high,0.99,"top1_name includes exact anatomical name with additional parenthetical, same structure.",aligned,high,1.0,"Same structure, with parenthesized alternative name.",aligned,high,0.9967,3/3,False,3-0,stable,"Top1_name contains the exact query 'fasciculus retroflexus' with parenthetical alias. | top1_name includes exact anatomical name with additional parenthetical, same structure. | Same structure, with parenthesized alternative name.",,
species,Fasciola cinereum,high_confidence,1.0,HOMBA:AA30112,fasciola cinereum (ectosplenial area 26),bm25+exact+fuzzy,Fasciola cinereum,Fasciola cinereum,,1.0,tuber cinereum,0.275439,correct,208,1_highconf_correct.csv,210,aligned,high,1.0,Top1_name includes the exact query 'fasciola cinereum' followed by an alternative name.,aligned,high,0.99,"top1_name exactly matches query ignoring case, with parenthetical descriptor for same region.",aligned,high,1.0,"Same structure, with parenthesized synonym.",aligned,high,0.9967,3/3,False,3-0,stable,"Top1_name includes the exact query 'fasciola cinereum' followed by an alternative name. | top1_name exactly matches query ignoring case, with parenthetical descriptor for same region. | Same structure, with parenthesized synonym.",,
species,Fimbria,high_confidence,1.0,HOMBA:10575,fimbria,bm25+exact+fuzzy,Fimbria,Fimbria,,1.0,hippocampus,0.206054,correct,209,1_highconf_correct.csv,211,aligned,high,1.0,Exact case-insensitive match between query 'Fimbria' and top1_name 'fimbria'.,aligned,high,0.99,"top1_name and query are identical apart from capitalization, same structure (fimbria).",aligned,high,1.0,Exact match.,aligned,high,0.9967,3/3,False,3-0,stable,"Exact case-insensitive match between query 'Fimbria' and top1_name 'fimbria'. | top1_name and query are identical apart from capitalization, same structure (fimbria). | Exact match.",,
species,Flocculus,high_confidence,1.0,HOMBA:AA30424,lobule Xa (flocculus),bm25+exact+fuzzy,Flocculus,Flocculus,,1.0,lobule X (nodulus and flocculus),0.642818,correct,210,1_highconf_correct.csv,212,aligned,high,1.0,Top1 is a direct synonym (lobule Xa) for the flocculus.,aligned,high,1.0,Flocculus is synonymous with lobule Xa (flocculus) in cerebellar anatomy.,aligned,high,1.0,top1_name 'lobule Xa (flocculus)' explicitly equates to the query 'Flocculus'; same structure.,aligned,high,1.0,3/3,False,3-0,stable,Top1 is a direct synonym (lobule Xa) for the flocculus. | Flocculus is synonymous with lobule Xa (flocculus) in cerebellar anatomy. | top1_name 'lobule Xa (flocculus)' explicitly equates to the query 'Flocculus'; same structure.,,
species,Fornix,high_confidence,1.0,HOMBA:10576,fornix,bm25+exact+fuzzy+hierarchy_parent,Fornix,Fornix,,1.0,body of the fornix,0.589807,correct,211,1_highconf_correct.csv,213,aligned,high,1.0,Exact anatomical match to query 'fornix'.,aligned,high,1.0,Exact match after case normalization (Fornix / fornix).,aligned,high,1.0,"Exact match, same anatomical structure (Fornix vs fornix).",aligned,high,1.0,3/3,False,3-0,stable,"Exact anatomical match to query 'fornix'. | Exact match after case normalization (Fornix / fornix). | Exact match, same anatomical structure (Fornix vs fornix).",,
species,Frontal pole,high_confidence,1.0,HOMBA:146034888,frontal pole,bm25+exact+fuzzy,Frontal pole,Frontal pole,,1.0,frontal lobe,0.97,correct,212,1_highconf_correct.csv,214,aligned,high,1.0,Exact match to query 'frontal pole'.,aligned,high,1.0,Exact match after case normalization (Frontal pole / frontal pole).,aligned,high,1.0,Exact match for Frontal pole.,aligned,high,1.0,3/3,False,3-0,stable,Exact match to query 'frontal pole'. | Exact match after case normalization (Frontal pole / frontal pole). | Exact match for Frontal pole.,,
species,Genu of the facial nerve,high_confidence,1.0,HOMBA:12738,genu of the facial nerve,bm25+exact+fuzzy,Genu of the facial nerve,Genu of the facial nerve,,1.0,root of facial nerve,0.357256,correct,213,1_highconf_correct.csv,215,aligned,high,1.0,Exact match to query 'genu of the facial nerve'.,aligned,high,1.0,Exact match after case normalization (Genu of the facial nerve / genu of the facial nerve).,aligned,high,1.0,Exact match for Genu of the facial nerve.,aligned,high,1.0,3/3,False,3-0,stable,Exact match to query 'genu of the facial nerve'. | Exact match after case normalization (Genu of the facial nerve / genu of the facial nerve). | Exact match for Genu of the facial nerve.,,
species,Gigantocellular Reticular Nucleus,high_confidence,1.0,HOMBA:12625,gigantocellular reticular nuclei,bm25+exact+fuzzy,Gigantocellular Reticular Nucleus,Gigantocellular Reticular Nucleus,reticular,1.0,alpha gigantocellular reticular nucleus,0.9975,correct,214,1_highconf_correct.csv,216,aligned,high,1.0,"Top1 is a plural variant of the same reticular nucleus, considered equivalent.",aligned,high,1.0,Nucleus vs nuclei is an accepted synonym for this structure.,aligned,high,1.0,Singular vs plural (nucleus vs nuclei) still refers to the same gigantocellular reticular structure.,aligned,high,1.0,3/3,False,3-0,stable,"Top1 is a plural variant of the same reticular nucleus, considered equivalent. | Nucleus vs nuclei is an accepted synonym for this structure. | Singular vs plural (nucleus vs nuclei) still refers to the same gigantocellular reticular structure.",,
species,Glomerular layer of the accessory olfactory bulb,high_confidence,1.0,HOMBA:AA30176,glomerular layer of accessory olfactory bulb,bm25+fuzzy,Glomerular layer of the accessory olfactory bulb,glomerular layer of accessory olfactory bulb,layer;accessory,1.0,glomerular layer of olfactory bulb,0.873561,correct,215,1_highconf_correct.csv,217,aligned,high,1.0,Query and top1_name are identical in meaning; capitalization difference only.,aligned,high,1.0,Query and top1_name are identical except for capitalization and optional article; accepted synonym.,aligned,high,1.0,Same structure; only minor case/article difference.,aligned,high,1.0,3/3,False,3-0,stable,Query and top1_name are identical in meaning; capitalization difference only. | Query and top1_name are identical except for capitalization and optional article; accepted synonym. | Same structure; only minor case/article difference.,,
species,Glomerular layer of the olfactory bulb,high_confidence,1.0,HOMBA:AA30170,glomerular layer of olfactory bulb,bm25+fuzzy,Glomerular layer of the olfactory bulb,glomerular layer of olfactory bulb,layer,1.0,glomerular layer of accessory olfactory bulb,0.94492,correct,216,1_highconf_correct.csv,218,aligned,high,1.0,Query and top1_name are identical; no discrepancies.,aligned,high,1.0,Exact match after case normalization; same anatomical structure.,aligned,high,1.0,Same structure; only minor case/article difference.,aligned,high,1.0,3/3,False,3-0,stable,Query and top1_name are identical; no discrepancies. | Exact match after case normalization; same anatomical structure. | Same structure; only minor case/article difference.,,
species,Granular insular cortex,high_confidence,1.0,HOMBA:10290,granular insular cortex (area Ig),bm25+exact+fuzzy,Granular insular cortex,Granular insular cortex,granular,1.0,caudal granular insular cortex,0.9975,correct,217,1_highconf_correct.csv,219,aligned,high,1.0,Top1_name includes the exact query plus (area Ig) as clarification; same structure.,aligned,high,1.0,Core name matches exactly; parenthetical area Ig is an accepted synonym/identifier.,aligned,high,1.0,Direct match with additional parenthetical synonym '(area Ig)'.,aligned,high,1.0,3/3,False,3-0,stable,Top1_name includes the exact query plus (area Ig) as clarification; same structure. | Core name matches exactly; parenthetical area Ig is an accepted synonym/identifier. | Direct match with additional parenthetical synonym '(area Ig)'.,,
species,Habenula,high_confidence,1.0,HOMBA:10452,habenular nuclei,bm25+exact+fuzzy+hierarchy_parent,Habenula,Habenula,,1.0,medial habenular nucleus,0.5934,correct,218,1_highconf_correct.csv,220,aligned,high,1.0,Top1_name 'habenular nuclei' is an accepted synonym for 'Habenula' as confirmed by matched alias.,partial_or_narrower,medium,0.8,"Query 'Habenula' is a broader region; top1 'habenular nuclei' is a subcomponent, not a synonym.",partial_or_narrower,medium,0.7,"Habenula is broader (nuclei + tracts); top1 only names the nuclei, thus narrower.",partial_or_narrower,medium,0.8333,2/3,True,2-1,majority_vote,"Top1_name 'habenular nuclei' is an accepted synonym for 'Habenula' as confirmed by matched alias. | Query 'Habenula' is a broader region; top1 'habenular nuclei' is a subcomponent, not a synonym. | Habenula is broader (nuclei + tracts); top1 only names the nuclei, thus narrower.",,
species,Habenular commissure,high_confidence,1.0,HOMBA:10566,habenular commissure,bm25+exact+fuzzy,Habenular commissure,Habenular commissure,,1.0,hippocampal commissure,0.271515,correct,219,1_highconf_correct.csv,221,aligned,high,1.0,Query and top1_name are identical; exact match.,aligned,high,1.0,Exact match after case normalization; same commissure structure.,aligned,high,1.0,Exact match; minor case difference.,aligned,high,1.0,3/3,False,3-0,stable,Query and top1_name are identical; exact match. | Exact match after case normalization; same commissure structure. | Exact match; minor case difference.,,
species,Head of caudate nucleus,high_confidence,1.0,HOMBA:10335,head of caudate nucleus,bm25+exact+fuzzy,Head of caudate nucleus,Head of caudate nucleus,,1.0,caudate nucleus (mediodorsal division of the CP),0.97,correct,220,1_highconf_correct.csv,222,aligned,high,1.0,Top1 name is exact match (case variant) to query: head of caudate nucleus.,aligned,high,1.0,Exact match or case variation of identical term.,aligned,high,1.0,Identical term except capitalization; exact anatomical match.,aligned,high,1.0,3/3,False,3-0,stable,Top1 name is exact match (case variant) to query: head of caudate nucleus. | Exact match or case variation of identical term. | Identical term except capitalization; exact anatomical match.,,
species,Hippocampus,high_confidence,1.0,HOMBA:AA30093,hippocampus,bm25+exact+fuzzy,Hippocampus,Hippocampus,,1.0,hippocampal proper (Cornu Ammonis),0.770833,correct,221,1_highconf_correct.csv,223,aligned,high,1.0,Top1 name is exact match (case variant) to query: hippocampus.,aligned,high,1.0,Exact match or case variation of identical term.,aligned,high,1.0,"Same structure, case variation only.",aligned,high,1.0,3/3,False,3-0,stable,"Top1 name is exact match (case variant) to query: hippocampus. | Exact match or case variation of identical term. | Same structure, case variation only.",,
species,Inferior Cerebellar Peduncle,high_confidence,1.0,HOMBA:12741,inferior cerebellar peduncle,bm25+exact+fuzzy,Inferior Cerebellar Peduncle,Inferior Cerebellar Peduncle,,1.0,middle cerebellar peduncle (brachium pontis),0.67705,correct,222,1_highconf_correct.csv,224,aligned,high,1.0,Top1 name is exact match (case variant) to query: inferior cerebellar peduncle.,aligned,high,1.0,Exact match or case variation of identical term.,aligned,high,1.0,"Direct match, difference only in capitalization.",aligned,high,1.0,3/3,False,3-0,stable,"Top1 name is exact match (case variant) to query: inferior cerebellar peduncle. | Exact match or case variation of identical term. | Direct match, difference only in capitalization.",,
species,Inferior cerebellar peduncle,high_confidence,1.0,HOMBA:12741,inferior cerebellar peduncle,bm25+exact+fuzzy,Inferior cerebellar peduncle,Inferior cerebellar peduncle,,1.0,middle cerebellar peduncle (brachium pontis),0.67705,correct,223,1_highconf_correct.csv,225,aligned,high,1.0,Top1 name is exact match (case variant) to query: inferior cerebellar peduncle.,aligned,high,1.0,Exact match or case variation of identical term.,aligned,high,1.0,Exact string match for inferior cerebellar peduncle.,aligned,high,1.0,3/3,False,3-0,stable,Top1 name is exact match (case variant) to query: inferior cerebellar peduncle. | Exact match or case variation of identical term. | Exact string match for inferior cerebellar peduncle.,,
species,Inferior colliculus,high_confidence,1.0,HOMBA:12305,inferior colliculus,bm25+exact+fuzzy+hierarchy_parent,Inferior colliculus,Inferior colliculus,,1.0,brachium of inferior colliculus,0.813844,correct,224,1_highconf_correct.csv,226,aligned,high,1.0,Top1 name is exact match (case variant) to query: inferior colliculus.,aligned,high,1.0,Exact match or case variation of identical term.,aligned,high,1.0,Case-insensitive identical match for inferior colliculus.,aligned,high,1.0,3/3,False,3-0,stable,Top1 name is exact match (case variant) to query: inferior colliculus. | Exact match or case variation of identical term. | Case-insensitive identical match for inferior colliculus.,,
species,Inferior frontal gyrus,high_confidence,1.0,HOMBA:12117,inferior frontal gyrus,bm25+exact+fuzzy+hierarchy_parent,Inferior frontal gyrus,Inferior frontal gyrus,,1.0,frontal lobe,0.97,correct,225,1_highconf_correct.csv,227,aligned,high,1.0,Exact match: query and top1_name refer to the same anatomical structure with case variation.,aligned,high,1.0,Exact synonym: 'Inferior frontal gyrus' matches 'inferior frontal gyrus'.,aligned,high,1.0,Exact match for Inferior frontal gyrus.,aligned,high,1.0,3/3,False,3-0,stable,Exact match: query and top1_name refer to the same anatomical structure with case variation. | Exact synonym: 'Inferior frontal gyrus' matches 'inferior frontal gyrus'. | Exact match for Inferior frontal gyrus.,,
species,Inferior Olive,high_confidence,1.0,HOMBA:12600,inferior olive,bm25+exact+fuzzy+hierarchy_parent,Inferior Olive,Inferior Olive,,1.0,hilus of the inferior olive,0.722962,correct,226,1_highconf_correct.csv,228,aligned,high,1.0,Exact match: 'Inferior Olive' and 'inferior olive' are the same structure.,aligned,high,1.0,Exact synonym: 'Inferior Olive' matches 'inferior olive'.,aligned,high,1.0,Exact match for Inferior Olive.,aligned,high,1.0,3/3,False,3-0,stable,Exact match: 'Inferior Olive' and 'inferior olive' are the same structure. | Exact synonym: 'Inferior Olive' matches 'inferior olive'. | Exact match for Inferior Olive.,,
species,Inferior olive,high_confidence,1.0,HOMBA:12600,inferior olive,bm25+exact+fuzzy+hierarchy_parent,Inferior olive,Inferior olive,,1.0,hilus of the inferior olive,0.722962,correct,227,1_highconf_correct.csv,229,aligned,high,1.0,Exact match: identical strings with case difference.,aligned,high,1.0,Exact synonym: 'Inferior olive' matches 'inferior olive'.,aligned,high,1.0,Exact match for Inferior olive.,aligned,high,1.0,3/3,False,3-0,stable,Exact match: identical strings with case difference. | Exact synonym: 'Inferior olive' matches 'inferior olive'. | Exact match for Inferior olive.,,
species,Inferior Pulvinar,high_confidence,1.0,HOMBA:10413,inferior division of pulvinar,bm25+exact+fuzzy,Inferior Pulvinar,Inferior Pulvinar,,1.0,pulvinar of thalamus,0.8342,correct,228,1_highconf_correct.csv,230,aligned,high,1.0,Synonym: 'inferior pulvinar' is equivalent to 'inferior division of pulvinar'.,aligned,high,1.0,'Inferior Pulvinar' and 'inferior division of pulvinar' are synonymous; subdivision is correctly matched.,aligned,high,1.0,Inferior Pulvinar is the accepted shorthand for inferior division of pulvinar; same structure.,aligned,high,1.0,3/3,False,3-0,stable,Synonym: 'inferior pulvinar' is equivalent to 'inferior division of pulvinar'. | 'Inferior Pulvinar' and 'inferior division of pulvinar' are synonymous; subdivision is correctly matched. | Inferior Pulvinar is the accepted shorthand for inferior division of pulvinar; same structure.,,
species,Inferior temporal gyrus,high_confidence,1.0,HOMBA:12142,inferior temporal gyrus,bm25+exact+fuzzy,Inferior temporal gyrus,Inferior temporal gyrus,,1.0,temporal lobe,0.97,correct,229,1_highconf_correct.csv,231,aligned,high,1.0,Exact match: query and top1_name are identical with case variation.,aligned,high,1.0,Exact synonym: 'Inferior temporal gyrus' matches 'inferior temporal gyrus'.,aligned,high,1.0,Exact match for Inferior temporal gyrus.,aligned,high,1.0,3/3,False,3-0,stable,Exact match: query and top1_name are identical with case variation. | Exact synonym: 'Inferior temporal gyrus' matches 'inferior temporal gyrus'. | Exact match for Inferior temporal gyrus.,,
species,Infundibulum,high_confidence,1.0,HOMBA:10643,infundibular stalk,bm25+exact+fuzzy,Infundibulum,Infundibulum,,1.0,infundibular recess of 3V,0.200572,correct,230,1_highconf_correct.csv,232,aligned,high,1.0,Infundibulum and infundibular stalk are anatomical synonyms; same structure.,aligned,high,0.99,'Infundibular stalk' is a synonym for infundibulum; direct anatomical match.,aligned,high,0.98,Infundibulum and infundibular stalk refer to the same pituitary stalk structure.,aligned,high,0.99,3/3,False,3-0,stable,Infundibulum and infundibular stalk are anatomical synonyms; same structure. | 'Infundibular stalk' is a synonym for infundibulum; direct anatomical match. | Infundibulum and infundibular stalk refer to the same pituitary stalk structure.,,
species,Insular cortex,high_confidence,1.0,HOMBA:10288,major insular cortex,bm25+exact+fuzzy+hierarchy_parent,Insular cortex,Insular cortex,,1.0,agranular insular cortex (area Iag),0.854167,correct,231,1_highconf_correct.csv,233,aligned,high,1.0,Major insular cortex is a synonym for insular cortex in HOMBA.,partial_or_narrower,medium,0.9,"Query is 'Insular cortex' but top1 is 'major insular cortex,' a subdivision, not the whole region.",partial_or_narrower,high,0.9,"Major insular cortex is a subdivision/part of the insular cortex, not the entire region.",partial_or_narrower,medium,0.9333,2/3,True,2-1,majority_vote,"Major insular cortex is a synonym for insular cortex in HOMBA. | Query is 'Insular cortex' but top1 is 'major insular cortex,' a subdivision, not the whole region. | Major insular cortex is a subdivision/part of the insular cortex, not the entire region.",,
species,Interanteromedial thalamic nucleus,high_confidence,1.0,HOMBA:13048,interanteromedial nucleus of thalamus,bm25+exact+fuzzy,Interanteromedial thalamic nucleus,Interanteromedial thalamic nucleus,,1.0,ventral midline nuclei of thalamus,0.97,correct,232,1_highconf_correct.csv,234,aligned,high,1.0,Interanteromedial thalamic nucleus matches interanteromedial nucleus of thalamus.,aligned,high,0.99,Standard rephrasing of the same thalamic nucleus; exact structure.,aligned,high,0.99,"Interanteromedial thalamic nucleus and interanteromedial nucleus of thalamus are the same thalamic nucleus, wording variant.",aligned,high,0.9933,3/3,False,3-0,stable,"Interanteromedial thalamic nucleus matches interanteromedial nucleus of thalamus. | Standard rephrasing of the same thalamic nucleus; exact structure. | Interanteromedial thalamic nucleus and interanteromedial nucleus of thalamus are the same thalamic nucleus, wording variant.",,
species,Intermediodorsal thalamic nucleus,high_confidence,1.0,HOMBA:13049,intermediodorsal  nucleus of thalamus,bm25+exact+fuzzy,Intermediodorsal thalamic nucleus,Intermediodorsal thalamic nucleus,,1.0,dorsal midline nuclei of thalamus,0.97,correct,233,1_highconf_correct.csv,235,aligned,high,1.0,Intermediodorsal thalamic nucleus matches intermediodorsal nucleus of thalamus.,aligned,high,0.99,Same thalamic nucleus with synonymous naming order.,aligned,high,0.99,"Intermediodorsal thalamic nucleus and intermediodorsal nucleus of thalamus are the same, minor wording difference.",aligned,high,0.9933,3/3,False,3-0,stable,"Intermediodorsal thalamic nucleus matches intermediodorsal nucleus of thalamus. | Same thalamic nucleus with synonymous naming order. | Intermediodorsal thalamic nucleus and intermediodorsal nucleus of thalamus are the same, minor wording difference.",,
species,Internal capsule,high_confidence,1.0,HOMBA:10581,internal capsule,bm25+exact+fuzzy+hierarchy_parent,Internal capsule,Internal capsule,,1.0,genu of internal capsule,0.854167,correct,234,1_highconf_correct.csv,236,aligned,high,1.0,Exact match: Internal capsule to internal capsule.,aligned,high,1.0,Exact match for internal capsule.,aligned,high,1.0,Exact match for internal capsule.,aligned,high,1.0,3/3,False,3-0,stable,Exact match: Internal capsule to internal capsule. | Exact match for internal capsule. | Exact match for internal capsule.,,
species,Interpeduncular Nucleus,high_confidence,1.0,HOMBA:12270,interpeduncular nucleus,bm25+exact+fuzzy+hierarchy_parent,Interpeduncular Nucleus,Interpeduncular Nucleus,,1.0,"interpeduncular nucleus, apical division",0.796474,correct,235,1_highconf_correct.csv,237,aligned,high,1.0,Exact match with capitalization difference.,aligned,high,1.0,"Exact match, differing only in letter case; same anatomical structure.",aligned,high,1.0,"Exact match, case-insensitive synonym.",aligned,high,1.0,3/3,False,3-0,stable,"Exact match with capitalization difference. | Exact match, differing only in letter case; same anatomical structure. | Exact match, case-insensitive synonym.",,
species,Interpeduncular nucleus,high_confidence,1.0,HOMBA:12270,interpeduncular nucleus,bm25+exact+fuzzy+hierarchy_parent,Interpeduncular nucleus,Interpeduncular nucleus,,1.0,"interpeduncular nucleus, apical division",0.796474,correct,236,1_highconf_correct.csv,238,aligned,high,1.0,Exact match with capitalization difference.,aligned,high,1.0,"Exact match, differing only in letter case; same anatomical structure.",aligned,high,1.0,"Exact match, case-insensitive synonym.",aligned,high,1.0,3/3,False,3-0,stable,"Exact match with capitalization difference. | Exact match, differing only in letter case; same anatomical structure. | Exact match, case-insensitive synonym.",,
species,Lamina Terminalis,high_confidence,1.0,HOMBA:12105,lamina terminalis,bm25+exact+fuzzy,Lamina Terminalis,Lamina Terminalis,,1.0,stria terminalis,0.266679,correct,237,1_highconf_correct.csv,239,aligned,high,1.0,Exact match with capitalization difference.,aligned,high,1.0,"Exact match, differing only in letter case; same anatomical structure.",aligned,high,1.0,"Exact match, case-insensitive synonym.",aligned,high,1.0,3/3,False,3-0,stable,"Exact match with capitalization difference. | Exact match, differing only in letter case; same anatomical structure. | Exact match, case-insensitive synonym.",,
species,Lateral entorhinal cortex,high_confidence,1.0,HOMBA:10318,lateral (rostral) entorhinal cortex,bm25+exact+fuzzy,Lateral entorhinal cortex,Lateral entorhinal cortex,lateral,1.0,lateral intermediate division of entorhinal cortex,0.84376,correct,238,1_highconf_correct.csv,240,aligned,high,1.0,Top1 includes the query plus an alternative descriptor in parentheses; same structure.,aligned,high,0.95,Top1 adds 'rostral' in parentheses but refers to the same lateral entorhinal cortex; accepted variant.,aligned,high,1.0,Top1 name includes parenthetical qualifier but refers to the same lateral entorhinal cortex.,aligned,high,0.9833,3/3,False,3-0,stable,Top1 includes the query plus an alternative descriptor in parentheses; same structure. | Top1 adds 'rostral' in parentheses but refers to the same lateral entorhinal cortex; accepted variant. | Top1 name includes parenthetical qualifier but refers to the same lateral entorhinal cortex.,,
species,Lateral habenular nucleus,high_confidence,1.0,HOMBA:10453,lateral habenular nucleus,bm25+exact+fuzzy,Lateral habenular nucleus,Lateral habenular nucleus,lateral,1.0,interstitial (dorsal) division of lateral habenular nucleus,0.87,correct,239,1_highconf_correct.csv,241,aligned,high,1.0,Exact match with capitalization difference.,aligned,high,1.0,"Exact match, differing only in letter case; same anatomical structure.",aligned,high,1.0,"Exact match, case-insensitive synonym.",aligned,high,1.0,3/3,False,3-0,stable,"Exact match with capitalization difference. | Exact match, differing only in letter case; same anatomical structure. | Exact match, case-insensitive synonym.",,
species,Lateral Lemniscus,high_confidence,1.0,HOMBA:12760,lateral lemniscus,bm25+exact+fuzzy,Lateral Lemniscus,Lateral Lemniscus,lateral,1.0,nuclei of lateral lemniscus,0.946389,correct,240,1_highconf_correct.csv,242,aligned,high,1.0,Exact case-insensitive match.,aligned,high,1.0,Exact case-insensitive match between query and top1_name.,aligned,high,1.0,"Identical structure, case difference only.",aligned,high,1.0,3/3,False,3-0,stable,"Exact case-insensitive match. | Exact case-insensitive match between query and top1_name. | Identical structure, case difference only.",,
species,Lateral Parabrachial Nucleus,high_confidence,1.0,HOMBA:12482,lateral parabrachial nucleus,bm25+exact+fuzzy,Lateral Parabrachial Nucleus,Lateral Parabrachial Nucleus,lateral,1.0,"lateral parabrachial nucleus, central division",0.9975,correct,241,1_highconf_correct.csv,243,aligned,high,1.0,Exact case-insensitive match.,aligned,high,1.0,Exact case-insensitive match.,aligned,high,1.0,"Exact match, same anatomical entity.",aligned,high,1.0,3/3,False,3-0,stable,"Exact case-insensitive match. | Exact case-insensitive match. | Exact match, same anatomical entity.",,
species,"Lateral parietal cortex, inferior",high_confidence,1.0,HOMBA:10225,inferior lateral parietal cortex,bm25+fuzzy,"Lateral parietal cortex, inferior",inferior lateral parietal cortex,lateral,1.0,inferior parietal lobule (gyrus),0.481047,correct,242,1_highconf_correct.csv,244,aligned,high,1.0,Synonymous word-order variant.,aligned,high,1.0,Word-order variant but identical components; conventional synonym.,aligned,high,1.0,"Word-order variant of the same cortical region, no anatomical discrepancy.",aligned,high,1.0,3/3,False,3-0,stable,"Synonymous word-order variant. | Word-order variant but identical components; conventional synonym. | Word-order variant of the same cortical region, no anatomical discrepancy.",,
species,Lateral Pulvinar,high_confidence,1.0,HOMBA:10412,lateral division of pulvinar,bm25+fuzzy,lateral pulvinar of thalamus,lateral division of pulvinar of thalamus,lateral,1.0,pulvinar of thalamus,0.7172,correct,243,1_highconf_correct.csv,245,aligned,high,1.0,Top1 is a more precise synonym (lateral division of pulvinar).,aligned,high,1.0,'lateral division of pulvinar' is the standard term for lateral pulvinar; direct synonym.,aligned,high,1.0,Lateral division of pulvinar is the full name for Lateral Pulvinar; same structure.,aligned,high,1.0,3/3,False,3-0,stable,Top1 is a more precise synonym (lateral division of pulvinar). | 'lateral division of pulvinar' is the standard term for lateral pulvinar; direct synonym. | Lateral division of pulvinar is the full name for Lateral Pulvinar; same structure.,,
species,Lateral Reticular Nucleus,high_confidence,1.0,HOMBA:12634,lateral reticular nucleus,bm25+exact+fuzzy,Lateral Reticular Nucleus,Lateral Reticular Nucleus,lateral;reticular,1.0,lateral reticular nuclei of pons,0.9975,correct,244,1_highconf_correct.csv,246,aligned,high,1.0,Exact case-insensitive match.,aligned,high,1.0,Exact case-insensitive match.,aligned,high,1.0,"Exact match, same nucleus.",aligned,high,1.0,3/3,False,3-0,stable,"Exact case-insensitive match. | Exact case-insensitive match. | Exact match, same nucleus.",,
species,Lateral superior olive,high_confidence,1.0,HOMBA:12469,lateral superior olivary nucleus,bm25+exact+fuzzy,Lateral superior olive,Lateral superior olive,lateral,1.0,superior olivary nucleus,0.6512,correct,245,1_highconf_correct.csv,247,aligned,high,1.0,'Lateral superior olive' is a synonym for 'lateral superior olivary nucleus'; exact anatomical match.,aligned,high,1.0,Lateral superior olive and lateral superior olivary nucleus are accepted synonyms.,aligned,high,1.0,Lateral superior olive is a synonym for lateral superior olivary nucleus; the matched alias confirms direct equivalence.,aligned,high,1.0,3/3,False,3-0,stable,'Lateral superior olive' is a synonym for 'lateral superior olivary nucleus'; exact anatomical match. | Lateral superior olive and lateral superior olivary nucleus are accepted synonyms. | Lateral superior olive is a synonym for lateral superior olivary nucleus; the matched alias confirms direct equivalence.,,
species,Mammillary nucleus,high_confidence,1.0,HOMBA:10498,mammillary nuclear complex,bm25+exact+fuzzy+hierarchy_parent,Mammillary nucleus,Mammillary nucleus,,1.0,mammillary (posterior) region of HTH,0.8342,correct,246,1_highconf_correct.csv,248,broader_parent,high,0.95,Query 'Mammillary nucleus' is a component of 'mammillary nuclear complex'; top1 is a broader parent structure.,aligned,high,1.0,Mammillary nucleus and mammillary nuclear complex are conventionally used interchangeably.,aligned,high,1.0,"Mammillary nucleus is a standard term for the mammillary body, which is a nuclear complex; the matched alias confirms consistency.",aligned,medium,0.9833,2/3,True,2-1,majority_vote,"Query 'Mammillary nucleus' is a component of 'mammillary nuclear complex'; top1 is a broader parent structure. | Mammillary nucleus and mammillary nuclear complex are conventionally used interchangeably. | Mammillary nucleus is a standard term for the mammillary body, which is a nuclear complex; the matched alias confirms consistency.",,
species,Mammillotegmental tract,high_confidence,1.0,HOMBA:12065,mammillotegmental tract,bm25+exact+fuzzy,Mammillotegmental tract,Mammillotegmental tract,,1.0,pyramidal tract,0.302708,correct,247,1_highconf_correct.csv,249,aligned,high,1.0,Exact string match: 'Mammillotegmental tract' equals top1 name.,aligned,high,1.0,Exact match between query and top1 name.,aligned,high,1.0,Exact match between query and top1_name; identical anatomical tract.,aligned,high,1.0,3/3,False,3-0,stable,Exact string match: 'Mammillotegmental tract' equals top1 name. | Exact match between query and top1 name. | Exact match between query and top1_name; identical anatomical tract.,,
species,Medial amygdaloid nucleus,high_confidence,1.0,HOMBA:10376,medial nuclear complex of amygdala,bm25+exact+fuzzy,Medial amygdaloid nucleus,Medial amygdaloid nucleus,medial,1.0,corticomedial nuclear group of amygdala,0.686995,correct,248,1_highconf_correct.csv,250,broader_parent,high,0.95,'Medial amygdaloid nucleus' is part of the 'medial nuclear complex of amygdala'; top1 is broader parent.,broader_parent,medium,0.9,Medial amygdaloid nucleus is a specific nucleus; medial nuclear complex of amygdala is a broader grouping containing it.,broader_parent,high,0.95,"Medial amygdaloid nucleus is a specific division; top1 'medial nuclear complex of amygdala' is the broader parent complex, not the exact nucleus.",broader_parent,high,0.9333,3/3,False,3-0,stable,"'Medial amygdaloid nucleus' is part of the 'medial nuclear complex of amygdala'; top1 is broader parent. | Medial amygdaloid nucleus is a specific nucleus; medial nuclear complex of amygdala is a broader grouping containing it. | Medial amygdaloid nucleus is a specific division; top1 'medial nuclear complex of amygdala' is the broader parent complex, not the exact nucleus.",,
species,Medial eminence,high_confidence,1.0,HOMBA:12820,medial eminence,bm25+exact+fuzzy,Medial eminence,Medial eminence,medial,1.0,medial ganglionic eminence,0.802404,correct,249,1_highconf_correct.csv,251,aligned,high,1.0,Exact string match: 'Medial eminence' equals top1 name.,aligned,high,1.0,Exact match between query and top1 name.,aligned,high,1.0,Exact spatial term match; both refer to the same ventricular floor landmark.,aligned,high,1.0,3/3,False,3-0,stable,Exact string match: 'Medial eminence' equals top1 name. | Exact match between query and top1 name. | Exact spatial term match; both refer to the same ventricular floor landmark.,,
species,Medial entorhinal cortex,high_confidence,1.0,HOMBA:10319,medial (caudal) entorhinal cortex,bm25+exact+fuzzy,Medial entorhinal cortex,Medial entorhinal cortex,medial,1.0,intermediate entorhinal cortex,0.84753,correct,250,1_highconf_correct.csv,252,aligned,high,1.0,top1 matches query exactly with an accepted synonym variant specifying 'caudal'.,aligned,high,1.0,"Exact match with accepted synonym, includes additional descriptive term.",partial_or_narrower,medium,0.7,"Top1 adds 'caudal' denoting a subregion of medial entorhinal cortex, narrower than the query.",aligned,medium,0.9,2/3,True,2-1,majority_vote,"top1 matches query exactly with an accepted synonym variant specifying 'caudal'. | Exact match with accepted synonym, includes additional descriptive term. | Top1 adds 'caudal' denoting a subregion of medial entorhinal cortex, narrower than the query.",,
species,Medial geniculate nucleus,high_confidence,1.0,HOMBA:10434,medial geniculate nucleus,bm25+exact+fuzzy,Medial geniculate nucleus,Medial geniculate nucleus,medial,1.0,dorsal (rostral) division of medial geniculate nucleus,0.9975,correct,251,1_highconf_correct.csv,253,aligned,high,1.0,Exact match 'medial geniculate nucleus'.,aligned,high,1.0,Exact case-insensitive match.,aligned,high,1.0,Top1 matches query exactly.,aligned,high,1.0,3/3,False,3-0,stable,Exact match 'medial geniculate nucleus'. | Exact case-insensitive match. | Top1 matches query exactly.,,
species,Medial habenular nucleus,high_confidence,1.0,HOMBA:10456,medial habenular nucleus,bm25+exact+fuzzy,Medial habenular nucleus,Medial habenular nucleus,medial,1.0,dorsal division of medial habenular nucleus,0.913605,correct,252,1_highconf_correct.csv,254,aligned,high,1.0,Exact match 'medial habenular nucleus'.,aligned,high,1.0,Exact case-insensitive match.,aligned,high,1.0,Top1 matches query exactly.,aligned,high,1.0,3/3,False,3-0,stable,Exact match 'medial habenular nucleus'. | Exact case-insensitive match. | Top1 matches query exactly.,,
species,Medial Lemniscus,high_confidence,1.0,HOMBA:12763,medial lemniscus,bm25+exact+fuzzy,Medial Lemniscus,Medial Lemniscus,medial,1.0,decussation of medial lemniscus,0.861263,correct,253,1_highconf_correct.csv,255,aligned,high,1.0,"Exact match, only case difference.",aligned,high,1.0,Exact case-insensitive match.,aligned,high,1.0,"Minor capitalisation and spelling variant ('lemniscus' vs 'Lemniscus'), same structure.",aligned,high,1.0,3/3,False,3-0,stable,"Exact match, only case difference. | Exact case-insensitive match. | Minor capitalisation and spelling variant ('lemniscus' vs 'Lemniscus'), same structure.",,
species,Medial longitudinal fascicle,high_confidence,1.0,HOMBA:12764,medial longitudinal fasciculus,bm25+exact+fuzzy,Medial longitudinal fascicle,Medial longitudinal fascicle,medial,1.0,medial longitudinal fasciculus in spinal cord,0.9325,correct,254,1_highconf_correct.csv,256,aligned,high,1.0,Synonym variant: 'fascicle' vs 'fasciculus' are used interchangeably.,aligned,high,1.0,"Synonym, fascicle and fasciculus are interchangeable.",aligned,high,1.0,'fascicle' and 'fasciculus' are accepted synonyms for the same tract.,aligned,high,1.0,3/3,False,3-0,stable,"Synonym variant: 'fascicle' vs 'fasciculus' are used interchangeably. | Synonym, fascicle and fasciculus are interchangeable. | 'fascicle' and 'fasciculus' are accepted synonyms for the same tract.",,
species,Medial Parabrachial Nucleus,high_confidence,1.0,HOMBA:12487,medial parabrachial nucleus,bm25+exact+fuzzy,Medial Parabrachial Nucleus,Medial Parabrachial Nucleus,medial,1.0,"medial parabrachial nucleus, medial division",1.0,correct,255,1_highconf_correct.csv,257,aligned,high,1.0,"top1_name is an exact lowercase match to the query, referring to the same structure.",aligned,high,1.0,Exact match (case-insensitive) for Medial Parabrachial Nucleus.,aligned,high,1.0,Exact match with case-insensitive normalization.,aligned,high,1.0,3/3,False,3-0,stable,"top1_name is an exact lowercase match to the query, referring to the same structure. | Exact match (case-insensitive) for Medial Parabrachial Nucleus. | Exact match with case-insensitive normalization.",,
species,Medial Pulvinar,high_confidence,1.0,HOMBA:10411,medial division of pulvinar,bm25+fuzzy,medial pulvinar of thalamus,medial division of pulvinar of thalamus,medial,1.0,pulvinar of thalamus,0.7172,correct,256,1_highconf_correct.csv,258,aligned,high,0.98,"'medial division of pulvinar' is the conventional full name for 'Medial Pulvinar', same anatomical entity.",aligned,high,1.0,Synonym: medial pulvinar is the medial division of pulvinar.,aligned,high,1.0,Medial pulvinar is synonymous with medial division of pulvinar of thalamus.,aligned,high,0.9933,3/3,False,3-0,stable,"'medial division of pulvinar' is the conventional full name for 'Medial Pulvinar', same anatomical entity. | Synonym: medial pulvinar is the medial division of pulvinar. | Medial pulvinar is synonymous with medial division of pulvinar of thalamus.",,
species,Medial superior olive,high_confidence,1.0,HOMBA:12470,medial superior olivary nucleus,bm25+exact+fuzzy,Medial superior olive,Medial superior olive,medial,1.0,superior olivary nucleus,0.6512,correct,257,1_highconf_correct.csv,259,aligned,high,0.98,"'medial superior olivary nucleus' is the formal name for 'Medial superior olive', standard synonym.",aligned,high,1.0,Synonym: medial superior olive and medial superior olivary nucleus refer to same structure.,aligned,high,1.0,Medial superior olive and medial superior olivary nucleus are interchangeable names for the same structure.,aligned,high,0.9933,3/3,False,3-0,stable,"'medial superior olivary nucleus' is the formal name for 'Medial superior olive', standard synonym. | Synonym: medial superior olive and medial superior olivary nucleus refer to same structure. | Medial superior olive and medial superior olivary nucleus are interchangeable names for the same structure.",,
species,Median eminence,high_confidence,1.0,HOMBA:13338,median eminence,bm25+exact+fuzzy+hierarchy_parent,Median eminence,Median eminence,,1.0,internal division of median eminence,0.695441,correct,258,1_highconf_correct.csv,260,aligned,high,1.0,"top1_name is identical to query apart from capitalization, same structure.",aligned,high,1.0,Exact match (case-insensitive) for Median eminence.,aligned,high,1.0,Exact match; same anatomical entity.,aligned,high,1.0,3/3,False,3-0,stable,"top1_name is identical to query apart from capitalization, same structure. | Exact match (case-insensitive) for Median eminence. | Exact match; same anatomical entity.",,
species,Mediodorsal thalamic nucleus,high_confidence,1.0,HOMBA:10398,mediodorsal nucleus of thalamus,bm25+exact+fuzzy,Mediodorsal thalamic nucleus,Mediodorsal thalamic nucleus,,1.0,ventral midline nuclei of thalamus,0.369828,correct,259,1_highconf_correct.csv,261,aligned,high,0.98,'mediodorsal nucleus of thalamus' and 'Mediodorsal thalamic nucleus' are accepted synonymous names.,aligned,high,1.0,Conventional word-order variant: mediodorsal thalamic nucleus equals mediodorsal nucleus of thalamus.,aligned,high,1.0,Mediodorsal thalamic nucleus is synonymous with mediodorsal nucleus of thalamus.,aligned,high,0.9933,3/3,False,3-0,stable,'mediodorsal nucleus of thalamus' and 'Mediodorsal thalamic nucleus' are accepted synonymous names. | Conventional word-order variant: mediodorsal thalamic nucleus equals mediodorsal nucleus of thalamus. | Mediodorsal thalamic nucleus is synonymous with mediodorsal nucleus of thalamus.,,
species,Mediodorsal Thalamus,high_confidence,1.0,HOMBA:10398,mediodorsal nucleus of thalamus,bm25+exact+fuzzy,Mediodorsal Thalamus,Mediodorsal Thalamus,,1.0,ventral midline nuclei of thalamus,0.284685,correct,260,1_highconf_correct.csv,262,aligned,high,1.0,Direct synonym; mediodorsal thalamus refers to the mediodorsal nucleus of thalamus.,aligned,high,1.0,Top1 is the precise anatomical structure; 'mediodorsal nucleus of thalamus' is a standard synonym for Mediodorsal Thalamus.,aligned,high,1.0,Direct synonym. Mediodorsal Thalamus refers to the mediodorsal nucleus of the thalamus.,aligned,high,1.0,3/3,False,3-0,stable,Direct synonym; mediodorsal thalamus refers to the mediodorsal nucleus of thalamus. | Top1 is the precise anatomical structure; 'mediodorsal nucleus of thalamus' is a standard synonym for Mediodorsal Thalamus. | Direct synonym. Mediodorsal Thalamus refers to the mediodorsal nucleus of the thalamus.,,
species,Midbrain reticular formation,high_confidence,1.0,HOMBA:12239,midbrain reticular formation,bm25+exact+fuzzy,Midbrain reticular formation,Midbrain reticular formation,reticular,1.0,isthmic reticular formation,0.439062,correct,261,1_highconf_correct.csv,263,aligned,high,1.0,Exact match of query and candidate name.,aligned,high,1.0,Exact match (case difference only) between query and top1 name.,aligned,high,1.0,"Exact match, only capitalization differs. Same structure.",aligned,high,1.0,3/3,False,3-0,stable,"Exact match of query and candidate name. | Exact match (case difference only) between query and top1 name. | Exact match, only capitalization differs. Same structure.",,
species,Middle cerebellar peduncle,high_confidence,1.0,HOMBA:12768,middle cerebellar peduncle (brachium pontis),bm25+exact+fuzzy,Middle cerebellar peduncle,Middle cerebellar peduncle,,1.0,cerebellar morphology,0.323616,correct,262,1_highconf_correct.csv,264,aligned,high,1.0,Exact match with parenthetical synonym.,aligned,high,1.0,Exact match with appended synonym in parentheses; same structure.,aligned,high,1.0,Same structure; top1 includes alternate name in parentheses.,aligned,high,1.0,3/3,False,3-0,stable,Exact match with parenthetical synonym. | Exact match with appended synonym in parentheses; same structure. | Same structure; top1 includes alternate name in parentheses.,,
species,Middle frontal gyrus,high_confidence,1.0,HOMBA:12116,middle frontal gyrus,bm25+exact+fuzzy,Middle frontal gyrus,Middle frontal gyrus,,1.0,frontal lobe,0.97,correct,263,1_highconf_correct.csv,265,aligned,high,1.0,Exact match of query and candidate name.,aligned,high,1.0,Exact match (case difference only) between query and top1 name.,aligned,high,1.0,"Exact match, same gyrus.",aligned,high,1.0,3/3,False,3-0,stable,"Exact match of query and candidate name. | Exact match (case difference only) between query and top1 name. | Exact match, same gyrus.",,
species,Motor Trigeminal Nucleus,high_confidence,1.0,HOMBA:12429,"motor nucleus of trigeminal nerve (motor trigeminal nucleus, Mo5)",bm25+exact+fuzzy+hierarchy_parent,Motor Trigeminal Nucleus,Motor Trigeminal Nucleus,,1.0,afferent nuclei of cranial nerves in pons,0.816733,correct,264,1_highconf_correct.csv,266,aligned,high,1.0,Exact match; 'motor trigeminal nucleus' is an alias provided.,aligned,high,1.0,Top1 is the full formal name including the query as an accepted synonym; same nucleus.,aligned,high,1.0,Motor Trigeminal Nucleus is the motor nucleus of trigeminal nerve; top1 lists synonyms.,aligned,high,1.0,3/3,False,3-0,stable,Exact match; 'motor trigeminal nucleus' is an alias provided. | Top1 is the full formal name including the query as an accepted synonym; same nucleus. | Motor Trigeminal Nucleus is the motor nucleus of trigeminal nerve; top1 lists synonyms.,,
species,Nucleus accumbens (core),high_confidence,1.0,HOMBA:10340,core of nucleus accumbens,bm25+fuzzy,Nucleus accumbens,core of nucleus accumbens,core,1.0,nucleus accumbens,0.88,correct,265,1_highconf_correct.csv,267,aligned,high,1.0,"Direct match: query specifies core of nucleus accumbens, top1 gives official name 'core of nucleus accumbens'.",aligned,high,1.0,Query specifies core subregion; top1_name directly names core of nucleus accumbens.,aligned,high,1.0,"Query specifies core of nucleus accumbens; top1 is 'core of nucleus accumbens', an exact match.",aligned,high,1.0,3/3,False,3-0,stable,"Direct match: query specifies core of nucleus accumbens, top1 gives official name 'core of nucleus accumbens'. | Query specifies core subregion; top1_name directly names core of nucleus accumbens. | Query specifies core of nucleus accumbens; top1 is 'core of nucleus accumbens', an exact match.",,
species,Nucleus accumbens (shell),high_confidence,1.0,HOMBA:10341,shell of nucleus accumbens,bm25+fuzzy,nucleus nucleus accumbens,shell of nucleus nucleus accumbens,shell,1.0,nucleus accumbens,0.88,correct,266,1_highconf_correct.csv,268,aligned,high,1.0,"Direct match: query specifies shell of nucleus accumbens, top1 gives official name 'shell of nucleus accumbens'.",aligned,high,1.0,Query specifies shell subregion; top1_name directly names shell of nucleus accumbens.,aligned,high,1.0,"Query specifies shell of nucleus accumbens; top1 is 'shell of nucleus accumbens', an exact match.",aligned,high,1.0,3/3,False,3-0,stable,"Direct match: query specifies shell of nucleus accumbens, top1 gives official name 'shell of nucleus accumbens'. | Query specifies shell subregion; top1_name directly names shell of nucleus accumbens. | Query specifies shell of nucleus accumbens; top1 is 'shell of nucleus accumbens', an exact match.",,
species,"Nucleus accumbens, core",high_confidence,1.0,HOMBA:10340,core of nucleus accumbens,bm25+fuzzy,nucleus nucleus accumbens core,core of nucleus nucleus accumbens,core,1.0,core of interstitial nucleus of Cajal,0.399673,correct,267,1_highconf_correct.csv,269,aligned,high,1.0,"Direct match: query 'Nucleus accumbens, core' corresponds to top1 'core of nucleus accumbens'.",aligned,high,1.0,Query specifies core with comma; top1_name directly names core of nucleus accumbens.,aligned,high,1.0,"Query 'Nucleus accumbens, core' and top1 'core of nucleus accumbens' are synonymous, same structure.",aligned,high,1.0,3/3,False,3-0,stable,"Direct match: query 'Nucleus accumbens, core' corresponds to top1 'core of nucleus accumbens'. | Query specifies core with comma; top1_name directly names core of nucleus accumbens. | Query 'Nucleus accumbens, core' and top1 'core of nucleus accumbens' are synonymous, same structure.",,
species,"Nucleus accumbens, shell",high_confidence,1.0,HOMBA:10341,shell of nucleus accumbens,bm25+fuzzy,nucleus nucleus accumbens shell,shell of nucleus nucleus accumbens,shell,1.0,"gracile nucleus, rostral division (shell)",0.399729,correct,268,1_highconf_correct.csv,270,aligned,high,1.0,"Direct match: query 'Nucleus accumbens, shell' corresponds to top1 'shell of nucleus accumbens'.",aligned,high,1.0,Query specifies shell with comma; top1_name directly names shell of nucleus accumbens.,aligned,high,1.0,"Query 'Nucleus accumbens, shell' and top1 'shell of nucleus accumbens' are synonymous, same structure.",aligned,high,1.0,3/3,False,3-0,stable,"Direct match: query 'Nucleus accumbens, shell' corresponds to top1 'shell of nucleus accumbens'. | Query specifies shell with comma; top1_name directly names shell of nucleus accumbens. | Query 'Nucleus accumbens, shell' and top1 'shell of nucleus accumbens' are synonymous, same structure.",,
species,Nucleus of the lateral olfactory tract,high_confidence,1.0,HOMBA:10309,nucleus of lateral olfactory tract,bm25+fuzzy,Nucleus of the lateral olfactory tract,nucleus of lateral olfactory tract,lateral,1.0,olfactory tract,0.566861,correct,269,1_highconf_correct.csv,271,aligned,high,1.0,"Synonym variant: query includes 'the', top1 omits it; same structure 'nucleus of lateral olfactory tract'.",aligned,high,1.0,"Query 'Nucleus of the lateral olfactory tract'; top1_name minor variant without 'the', accepted synonym.",aligned,high,1.0,"Query 'Nucleus of the lateral olfactory tract' and top1 'nucleus of lateral olfactory tract' are identical except for 'the', same anatomical entity.",aligned,high,1.0,3/3,False,3-0,stable,"Synonym variant: query includes 'the', top1 omits it; same structure 'nucleus of lateral olfactory tract'. | Query 'Nucleus of the lateral olfactory tract'; top1_name minor variant without 'the', accepted synonym. | Query 'Nucleus of the lateral olfactory tract' and top1 'nucleus of lateral olfactory tract' are identical except for 'the', same anatomical entity.",,
species,Nucleus sagulum,high_confidence,1.0,HOMBA:12313,sagulum nucleus (nucleus sagulum),bm25+exact+fuzzy,Nucleus sagulum,Nucleus sagulum,,1.0,cerebellar deep nuclei,0.260505,correct,270,1_highconf_correct.csv,272,aligned,high,1.0,"top1_name is a syntactic variant of the query, referring to the same anatomical structure.",aligned,high,0.98,Query 'Nucleus sagulum' matches top1 'sagulum nucleus (nucleus sagulum)' which is the same structure with word-order variation and synonym.,aligned,high,0.99,"Same nucleus, accepted word-order variant.",aligned,high,0.99,3/3,False,3-0,stable,"top1_name is a syntactic variant of the query, referring to the same anatomical structure. | Query 'Nucleus sagulum' matches top1 'sagulum nucleus (nucleus sagulum)' which is the same structure with word-order variation and synonym. | Same nucleus, accepted word-order variant.",,
species,Obex,high_confidence,1.0,HOMBA:12812,obex,bm25+exact+fuzzy,Obex,Obex,,1.0,,,correct,271,1_highconf_correct.csv,273,aligned,high,1.0,top1_name is an exact match to the query.,aligned,high,1.0,Exact match between query 'Obex' and top1 'obex'.,aligned,high,1.0,"Exact match, case difference only.",aligned,high,1.0,3/3,False,3-0,stable,"top1_name is an exact match to the query. | Exact match between query 'Obex' and top1 'obex'. | Exact match, case difference only.",,
species,Occulomotor Nuclei,high_confidence,1.0,HOMBA:12198,oculomotor nucleus,bm25+exact+fuzzy+hierarchy_parent,occulomotor nucleus,occulomotor nucleus,,1.0,efferent nuclei of the cranial nerves in midbrain,0.97,correct,272,1_highconf_correct.csv,274,aligned,high,0.95,"Minor spelling variant ('Occulomotor' vs 'oculomotor') and singular vs plural, but same structure.",aligned,high,0.95,"Query 'Occulomotor Nuclei' has a minor typo and plural, but top1 'oculomotor nucleus' is the same anatomical entity with corrected spelling and singular form.",aligned,high,0.98,Corrects misspelling and plural; same oculomotor nucleus.,aligned,high,0.96,3/3,False,3-0,stable,"Minor spelling variant ('Occulomotor' vs 'oculomotor') and singular vs plural, but same structure. | Query 'Occulomotor Nuclei' has a minor typo and plural, but top1 'oculomotor nucleus' is the same anatomical entity with corrected spelling and singular form. | Corrects misspelling and plural; same oculomotor nucleus.",,
species,Oculomotor complex,high_confidence,1.0,HOMBA:12198,oculomotor nucleus,bm25+exact+fuzzy+hierarchy_parent,Oculomotor complex,Oculomotor complex,,1.0,central oculomotor nucleus,0.736733,correct,273,1_highconf_correct.csv,275,partial_or_narrower,medium,0.75,"Query 'oculomotor complex' implies broader structure (nucleus plus associated fibers), top1 is only the nucleus.",partial_or_narrower,high,0.95,"Query 'Oculomotor complex' is a broader term encompassing multiple structures, but top1 'oculomotor nucleus' is only one component, narrower than the query.",aligned,high,0.97,Oculomotor complex and nucleus are synonymous in anatomy.,partial_or_narrower,medium,0.89,2/3,True,2-1,majority_vote,"Query 'oculomotor complex' implies broader structure (nucleus plus associated fibers), top1 is only the nucleus. | Query 'Oculomotor complex' is a broader term encompassing multiple structures, but top1 'oculomotor nucleus' is only one component, narrower than the query. | Oculomotor complex and nucleus are synonymous in anatomy.",,
species,Olfactory tubercle,high_confidence,1.0,HOMBA:10310,olfactory tubercle,bm25+exact+fuzzy+hierarchy_parent,Olfactory tubercle,Olfactory tubercle,,1.0,islands of Calleja of olfactory tubercle,0.674503,correct,274,1_highconf_correct.csv,276,aligned,high,1.0,Exact match between query and top1_name.,aligned,high,1.0,Exact match between query 'Olfactory tubercle' and top1 'olfactory tubercle'.,aligned,high,1.0,"Exact match, case difference only.",aligned,high,1.0,3/3,False,3-0,stable,"Exact match between query and top1_name. | Exact match between query 'Olfactory tubercle' and top1 'olfactory tubercle'. | Exact match, case difference only.",,
species,Olfactory Tubercule,high_confidence,1.0,HOMBA:10310,olfactory tubercle,bm25+exact+fuzzy+hierarchy_parent,Olfactory Tubercule,Olfactory Tubercule,,1.0,islands of Calleja of olfactory tubercle,0.674503,correct,275,1_highconf_correct.csv,277,aligned,high,1.0,"Query misspelling 'Tubercule' maps directly to 'olfactory tubercle', a conventional synonym.",aligned,high,1.0,Direct match with accepted spelling variant (Tubercule vs tubercle).,aligned,high,1.0,"Direct match, only difference is minor spelling variant (tubercule vs tubercle) with same intended structure.",aligned,high,1.0,3/3,False,3-0,stable,"Query misspelling 'Tubercule' maps directly to 'olfactory tubercle', a conventional synonym. | Direct match with accepted spelling variant (Tubercule vs tubercle). | Direct match, only difference is minor spelling variant (tubercule vs tubercle) with same intended structure.",,
species,Olivocerebellar Tract,high_confidence,1.0,HOMBA:12747,olivocerebellar tract,bm25+exact+fuzzy,Olivocerebellar Tract,Olivocerebellar Tract,,1.0,pyramidal tract,0.302708,correct,276,1_highconf_correct.csv,278,aligned,high,1.0,"Exact match except for case, same anatomical structure.",aligned,high,1.0,Direct match; identical term with normalized casing.,aligned,high,1.0,Direct case-insensitive match for the same anatomical tract.,aligned,high,1.0,3/3,False,3-0,stable,"Exact match except for case, same anatomical structure. | Direct match; identical term with normalized casing. | Direct case-insensitive match for the same anatomical tract.",,
species,Optic nerve,high_confidence,1.0,HOMBA:15544,optic nerve,bm25+exact+fuzzy,Optic nerve,Optic nerve,,1.0,optic nerve layer of superior colliculus,0.460638,correct,277,1_highconf_correct.csv,279,aligned,high,1.0,"Exact match except for case, same named entity.",aligned,high,1.0,Direct match; identical term with normalized casing.,aligned,high,1.0,Direct case-insensitive match for optic nerve.,aligned,high,1.0,3/3,False,3-0,stable,"Exact match except for case, same named entity. | Direct match; identical term with normalized casing. | Direct case-insensitive match for optic nerve.",,
species,Optic Tract,high_confidence,1.0,HOMBA:10589,optic tract,bm25+exact+fuzzy,Optic Tract,Optic Tract,,1.0,nucleus of the optic tract  (lentiform nucleus),0.590086,correct,278,1_highconf_correct.csv,280,aligned,high,1.0,"Exact match except for case, same named entity.",aligned,high,1.0,Direct match; identical term with normalized casing.,aligned,high,1.0,Direct case-insensitive match for optic tract.,aligned,high,1.0,3/3,False,3-0,stable,"Exact match except for case, same named entity. | Direct match; identical term with normalized casing. | Direct case-insensitive match for optic tract.",,
species,Parabigeminal Nucleus,high_confidence,1.0,HOMBA:12312,parabigeminal nucleus,bm25+exact+fuzzy,Parabigeminal Nucleus,Parabigeminal Nucleus,,1.0,cerebellar deep nuclei,0.260505,correct,279,1_highconf_correct.csv,281,aligned,high,1.0,"Exact match except for case, same named entity.",aligned,high,1.0,Direct match; identical term with normalized casing.,aligned,high,1.0,Direct case-insensitive match for parabigeminal nucleus.,aligned,high,1.0,3/3,False,3-0,stable,"Exact match except for case, same named entity. | Direct match; identical term with normalized casing. | Direct case-insensitive match for parabigeminal nucleus.",,
species,Paracentral thalamic nucleus,high_confidence,1.0,HOMBA:10446,paracentral nucleus of thalamus,bm25+exact+fuzzy,Paracentral thalamic nucleus,Paracentral thalamic nucleus,,1.0,ventral midline nuclei of thalamus,0.369828,correct,280,1_highconf_correct.csv,282,aligned,high,1.0,"The top1 is a direct synonym, naming the same thalamic nucleus.",aligned,high,1.0,Synonym of query: paracentral nucleus of thalamus is the same as Paracentral thalamic nucleus.,aligned,high,1.0,Paracentral thalamic nucleus and paracentral nucleus of thalamus are the same structure with conventional word-order variation.,aligned,high,1.0,3/3,False,3-0,stable,"The top1 is a direct synonym, naming the same thalamic nucleus. | Synonym of query: paracentral nucleus of thalamus is the same as Paracentral thalamic nucleus. | Paracentral thalamic nucleus and paracentral nucleus of thalamus are the same structure with conventional word-order variation.",,
species,Parafascicular thalamic nucleus,high_confidence,1.0,HOMBA:10450,parafascicular nucleus of thalamus,bm25+exact+fuzzy+hierarchy_parent,Parafascicular thalamic nucleus,Parafascicular thalamic nucleus,,1.0,caudal intralaminar nuclei of thalamus,0.97,correct,281,1_highconf_correct.csv,283,aligned,high,1.0,Direct synonym; same anatomical structure.,aligned,high,1.0,Synonym of query: parafascicular nucleus of thalamus matches Parafascicular thalamic nucleus.,aligned,high,1.0,Parafascicular thalamic nucleus and parafascicular nucleus of thalamus refer to the identical thalamic nucleus.,aligned,high,1.0,3/3,False,3-0,stable,Direct synonym; same anatomical structure. | Synonym of query: parafascicular nucleus of thalamus matches Parafascicular thalamic nucleus. | Parafascicular thalamic nucleus and parafascicular nucleus of thalamus refer to the identical thalamic nucleus.,,
species,Paraflocculus,high_confidence,1.0,HOMBA:AA30421,lobule IXb (paraflocculus),bm25+exact+fuzzy,Paraflocculus,Paraflocculus,,1.0,lobule IX (tonsil-paraflocculus),0.8,correct,282,1_highconf_correct.csv,284,aligned,high,1.0,"Top1 is a more specific name for the same cerebellar lobule, with 'paraflocculus' listed as an alias.",aligned,high,1.0,Top1 explicitly includes paraflocculus as alias; same structure.,aligned,high,1.0,"'Paraflocculus' is explicitly listed as a synonym within the HOMBA term 'lobule IXb (paraflocculus)', representing the same structure.",aligned,high,1.0,3/3,False,3-0,stable,"Top1 is a more specific name for the same cerebellar lobule, with 'paraflocculus' listed as an alias. | Top1 explicitly includes paraflocculus as alias; same structure. | 'Paraflocculus' is explicitly listed as a synonym within the HOMBA term 'lobule IXb (paraflocculus)', representing the same structure.",,
species,Parahippocampal gyrus,high_confidence,1.0,HOMBA:12162,parahippocampal gyrus,bm25+exact+fuzzy+hierarchy_parent,Parahippocampal gyrus,Parahippocampal gyrus,,1.0,anterior parahippocampal gyrus,0.736733,correct,283,1_highconf_correct.csv,285,aligned,high,1.0,Exact match with case difference.,aligned,high,1.0,Exact match: parahippocampal gyrus.,aligned,high,1.0,"'Parahippocampal gyrus' matches 'parahippocampal gyrus' exactly, differing only in capitalization.",aligned,high,1.0,3/3,False,3-0,stable,"Exact match with case difference. | Exact match: parahippocampal gyrus. | 'Parahippocampal gyrus' matches 'parahippocampal gyrus' exactly, differing only in capitalization.",,
species,Paramedian Lobule,high_confidence,1.0,HOMBA:AA30417,"lobule VIIIA (biventral lobule, part 1, paramedian lobule)",bm25+exact+fuzzy,Paramedian Lobule,Paramedian Lobule,,1.0,Lobule VIII (biventral lobule),0.97,correct,284,1_highconf_correct.csv,286,aligned,high,0.95,"Top1 includes 'paramedian lobule' as a synonym within its name, indicating the same structure.",aligned,high,1.0,Top1 contains paramedian lobule as explicit synonym; same structure.,aligned,high,1.0,'Paramedian Lobule' is a direct synonym of the lobule identified as 'lobule VIIIA (paramedian lobule)'.,aligned,high,0.9833,3/3,False,3-0,stable,"Top1 includes 'paramedian lobule' as a synonym within its name, indicating the same structure. | Top1 contains paramedian lobule as explicit synonym; same structure. | 'Paramedian Lobule' is a direct synonym of the lobule identified as 'lobule VIIIA (paramedian lobule)'.",,
species,Parasubiculum,high_confidence,1.0,HOMBA:10316,parasubiculum (parasubicular cortex),bm25+exact+fuzzy+hierarchy_parent,Parasubiculum,Parasubiculum,,1.0,distal division (subdivision a) of PaSr,0.8,correct,285,1_highconf_correct.csv,287,aligned,high,1.0,Direct match with accepted synonym (parasubiculum).,aligned,high,1.0,"Exact anatomical structure, case variation, with accepted synonym in parentheses.",aligned,high,1.0,Query 'Parasubiculum' exactly matches the primary part of top1 'parasubiculum (parasubicular cortex)'. Accepted direct equivalence.,aligned,high,1.0,3/3,False,3-0,stable,"Direct match with accepted synonym (parasubiculum). | Exact anatomical structure, case variation, with accepted synonym in parentheses. | Query 'Parasubiculum' exactly matches the primary part of top1 'parasubiculum (parasubicular cortex)'. Accepted direct equivalence.",,
species,Parataenial thalamic nucleus,high_confidence,1.0,HOMBA:10404,parataenial nucleus of thalamus,bm25+exact+fuzzy,Parataenial thalamic nucleus,Parataenial thalamic nucleus,,1.0,dorsal midline nuclei of thalamus,0.97,correct,286,1_highconf_correct.csv,288,aligned,high,1.0,Same structure; word-order variant (parataenial nucleus of thalamus).,aligned,high,1.0,Synonymous naming: 'parataenial thalamic nucleus' and 'parataenial nucleus of thalamus' refer to same structure.,aligned,high,1.0,'Parataenial thalamic nucleus' and 'parataenial nucleus of thalamus' are conventional word-order variants naming the same structure.,aligned,high,1.0,3/3,False,3-0,stable,Same structure; word-order variant (parataenial nucleus of thalamus). | Synonymous naming: 'parataenial thalamic nucleus' and 'parataenial nucleus of thalamus' refer to same structure. | 'Parataenial thalamic nucleus' and 'parataenial nucleus of thalamus' are conventional word-order variants naming the same structure.,,
species,Perifornical nucleus,high_confidence,1.0,HOMBA:11578,perifornical nucleus,bm25+exact+fuzzy,Perifornical nucleus,Perifornical nucleus,,1.0,cerebellar deep nuclei,0.260505,correct,287,1_highconf_correct.csv,289,aligned,high,1.0,Exact match (case difference) for perifornical nucleus.,aligned,high,1.0,"Identical term, case difference only.",aligned,high,1.0,Exact match between 'Perifornical nucleus' and 'perifornical nucleus' (case-insensitive).,aligned,high,1.0,3/3,False,3-0,stable,"Exact match (case difference) for perifornical nucleus. | Identical term, case difference only. | Exact match between 'Perifornical nucleus' and 'perifornical nucleus' (case-insensitive).",,
species,Peripeduncular nucleus,high_confidence,1.0,HOMBA:12285,peripeduncular nucleus,bm25+exact+fuzzy,Peripeduncular nucleus,Peripeduncular nucleus,,1.0,cerebellar deep nuclei,0.260505,correct,288,1_highconf_correct.csv,290,aligned,high,1.0,Exact match (case difference) for peripeduncular nucleus.,aligned,high,1.0,"Identical term, case difference only.",aligned,high,1.0,Exact match between 'Peripeduncular nucleus' and 'peripeduncular nucleus'.,aligned,high,1.0,3/3,False,3-0,stable,"Exact match (case difference) for peripeduncular nucleus. | Identical term, case difference only. | Exact match between 'Peripeduncular nucleus' and 'peripeduncular nucleus'.",,
species,Pineal gland,high_confidence,1.0,HOMBA:10460,pineal body,bm25+exact+fuzzy,Pineal gland,Pineal gland,,1.0,pituitary body/gland (hypophysis),0.278379,correct,289,1_highconf_correct.csv,291,aligned,high,1.0,Synonym: pineal gland and pineal body refer to same structure.,aligned,high,1.0,Synonymous: 'pineal gland' and 'pineal body' are standard synonyms.,aligned,high,1.0,'Pineal gland' and 'pineal body' are accepted synonyms for the same anatomical entity.,aligned,high,1.0,3/3,False,3-0,stable,Synonym: pineal gland and pineal body refer to same structure. | Synonymous: 'pineal gland' and 'pineal body' are standard synonyms. | 'Pineal gland' and 'pineal body' are accepted synonyms for the same anatomical entity.,,
species,Piriform cortex,high_confidence,1.0,HOMBA:10311,piriform cortex,bm25+exact+fuzzy,Piriform cortex,Piriform cortex,,1.0,dorsolateral temporal cortex,0.278749,correct,290,1_highconf_correct.csv,292,aligned,high,1.0,Top1 is identical to query (case variation only).,aligned,high,1.0,"Exact match, case variation only.",aligned,high,1.0,"Exact match, case-insensitive; same anatomical structure.",aligned,high,1.0,3/3,False,3-0,stable,"Top1 is identical to query (case variation only). | Exact match, case variation only. | Exact match, case-insensitive; same anatomical structure.",,
species,Pontine nuclei,high_confidence,1.0,HOMBA:12406,pontine nucleus,bm25+exact+fuzzy+hierarchy_parent,Pontine nuclei,Pontine nuclei,,1.0,pontine gamma nucleus,0.631263,correct,291,1_highconf_correct.csv,293,aligned,high,1.0,Top1 name is grammatical number variant (singular vs plural) of query; acceptable synonym.,aligned,high,1.0,Singular vs plural; standard synonym with same HOMBA ID.,aligned,high,1.0,Singular/plural variant; refers to the same pontine nuclei.,aligned,high,1.0,3/3,False,3-0,stable,Top1 name is grammatical number variant (singular vs plural) of query; acceptable synonym. | Singular vs plural; standard synonym with same HOMBA ID. | Singular/plural variant; refers to the same pontine nuclei.,,
species,Pontine nucleus,high_confidence,1.0,HOMBA:12406,pontine nucleus,bm25+exact+fuzzy+hierarchy_parent,Pontine nucleus,Pontine nucleus,,1.0,pontine gamma nucleus,0.734026,correct,292,1_highconf_correct.csv,294,aligned,high,1.0,Query and top1 name are exactly matching (case normalization).,aligned,high,1.0,"Exact match, case variation only.",aligned,high,1.0,"Exact match, case-insensitive; same structure.",aligned,high,1.0,3/3,False,3-0,stable,"Query and top1 name are exactly matching (case normalization). | Exact match, case variation only. | Exact match, case-insensitive; same structure.",,
species,Posterior Commissure,high_confidence,1.0,HOMBA:10567,posterior commissure,bm25+exact+fuzzy,Posterior Commissure,Posterior Commissure,posterior,1.0,interstitial nucleus of posterior commissure (nucleus of posterior commissure),0.974167,correct,293,1_highconf_correct.csv,295,aligned,high,1.0,Case variation only; top1 directly names the same structure.,aligned,high,1.0,"Exact match, case variation only.",aligned,high,1.0,"Exact match, case-insensitive; same posterior commissure.",aligned,high,1.0,3/3,False,3-0,stable,"Case variation only; top1 directly names the same structure. | Exact match, case variation only. | Exact match, case-insensitive; same posterior commissure.",,
species,Posterior commissure,high_confidence,1.0,HOMBA:10567,posterior commissure,bm25+exact+fuzzy,Posterior commissure,Posterior commissure,posterior,1.0,interstitial nucleus of posterior commissure (nucleus of posterior commissure),0.974167,correct,294,1_highconf_correct.csv,296,aligned,high,1.0,Case variation only; top1 directly names the same structure.,aligned,high,1.0,"Exact match, case variation only.",aligned,high,1.0,"Exact match, case-insensitive; same posterior commissure.",aligned,high,1.0,3/3,False,3-0,stable,"Case variation only; top1 directly names the same structure. | Exact match, case variation only. | Exact match, case-insensitive; same posterior commissure.",,
species,Posterior hypothalamic nucleus,high_confidence,1.0,HOMBA:10503,posterior hypothalamic nucleus,bm25+exact+fuzzy,Posterior hypothalamic nucleus,Posterior hypothalamic nucleus,posterior,1.0,interstitial nucleus of posterior commissure (nucleus of posterior commissure),0.397567,correct,295,1_highconf_correct.csv,297,aligned,high,1.0,Exact match with case variation; top1_name is identical to query.,aligned,high,0.99,Exact match (case insensitive) with query 'Posterior hypothalamic nucleus'.,aligned,high,1.0,"Exact match, ignoring case; top1_name is identical to query.",aligned,high,0.9967,3/3,False,3-0,stable,"Exact match with case variation; top1_name is identical to query. | Exact match (case insensitive) with query 'Posterior hypothalamic nucleus'. | Exact match, ignoring case; top1_name is identical to query.",,
species,Posterior thalamic nucleus,high_confidence,1.0,HOMBA:10440,posterior nucleus of thalamus,bm25+exact+fuzzy,Posterior thalamic nucleus,Posterior thalamic nucleus,posterior,1.0,lateral posterior nucleus of thalamus,0.9975,correct,296,1_highconf_correct.csv,298,aligned,high,1.0,Accepted synonym; 'posterior nucleus of thalamus' is standard name for 'posterior thalamic nucleus'.,aligned,high,0.98,Synonym: 'posterior nucleus of thalamus' is equivalent to 'Posterior thalamic nucleus'.,aligned,high,1.0,Alias match: posterior thalamic nucleus is synonymous with posterior nucleus of thalamus; same concept.,aligned,high,0.9933,3/3,False,3-0,stable,Accepted synonym; 'posterior nucleus of thalamus' is standard name for 'posterior thalamic nucleus'. | Synonym: 'posterior nucleus of thalamus' is equivalent to 'Posterior thalamic nucleus'. | Alias match: posterior thalamic nucleus is synonymous with posterior nucleus of thalamus; same concept.,,
species,Postrhinal cortex,high_confidence,1.0,HOMBA:10263,posterior parahippocampal region (postrhinal cortex),bm25+exact+fuzzy,Postrhinal cortex,Postrhinal cortex,,1.0,dorsolateral temporal cortex,0.278749,correct,297,1_highconf_correct.csv,299,aligned,medium,0.8,Top1 includes query as an explicit synonym in parentheses; likely same structure.,aligned,high,0.99,Top1 includes 'postrhinal cortex' in parentheses as direct synonym.,aligned,high,1.0,Top1 name explicitly includes the query as a parenthetical synonym; exact match.,aligned,high,0.93,3/3,False,3-0,stable,Top1 includes query as an explicit synonym in parentheses; likely same structure. | Top1 includes 'postrhinal cortex' in parentheses as direct synonym. | Top1 name explicitly includes the query as a parenthetical synonym; exact match.,,
species,Precommissural nucleus,high_confidence,1.0,HOMBA:12287,precommissural nucleus,bm25+exact+fuzzy,Precommissural nucleus,Precommissural nucleus,,1.0,cerebellar deep nuclei,0.260505,correct,298,1_highconf_correct.csv,300,aligned,high,1.0,Exact match (case variation).,aligned,high,0.99,Exact match (case insensitive) with query 'Precommissural nucleus'.,aligned,high,1.0,"Exact match, ignoring case; top1_name is identical to query.",aligned,high,0.9967,3/3,False,3-0,stable,"Exact match (case variation). | Exact match (case insensitive) with query 'Precommissural nucleus'. | Exact match, ignoring case; top1_name is identical to query.",,
species,Pregeniculate nucleus,high_confidence,1.0,HOMBA:13042,pregeniculate nucleus (ventral lateral geniculate nucleus),bm25+exact+fuzzy+hierarchy_parent,Pregeniculate nucleus,Pregeniculate nucleus,,1.0,oval body of pregeniculate nucleus,0.775735,correct,299,1_highconf_correct.csv,301,aligned,high,1.0,Accepted synonym; 'pregeniculate nucleus' is alternative name for ventral lateral geniculate nucleus.,aligned,high,0.99,"Top1 includes 'pregeniculate nucleus' as primary name, equivalent to query.",aligned,high,1.0,Top1 name explicitly includes the query as a parenthetical synonym; pregeniculate nucleus matches.,aligned,high,0.9967,3/3,False,3-0,stable,"Accepted synonym; 'pregeniculate nucleus' is alternative name for ventral lateral geniculate nucleus. | Top1 includes 'pregeniculate nucleus' as primary name, equivalent to query. | Top1 name explicitly includes the query as a parenthetical synonym; pregeniculate nucleus matches.",,
species,Prelunate gyrus,high_confidence,1.0,HOMBA:AA30555,prelunate gyrus,bm25+exact+fuzzy,Prelunate gyrus,Prelunate gyrus,,1.0,uncus of (para)hippocampal gyrus,0.310977,correct,300,1_highconf_correct.csv,302,aligned,high,1.0,Case-insensitive exact match for same anatomical structure.,aligned,high,1.0,Exact case-insensitive match: 'Prelunate gyrus' equals 'prelunate gyrus'.,aligned,high,1.0,Exact name match (case-insensitive): prelunate gyrus.,aligned,high,1.0,3/3,False,3-0,stable,Case-insensitive exact match for same anatomical structure. | Exact case-insensitive match: 'Prelunate gyrus' equals 'prelunate gyrus'. | Exact name match (case-insensitive): prelunate gyrus.,,
species,Prepositus Nucleus,high_confidence,1.0,HOMBA:12615,prepositus hypoglossal nucleus,bm25+exact+fuzzy,Prepositus Nucleus,Prepositus Nucleus,,1.0,other nuclei in dorsal medulla,0.97,correct,301,1_highconf_correct.csv,303,aligned,high,0.95,Accepted synonym: prepositus nucleus is the nucleus prepositus hypoglossi.,aligned,high,1.0,'Prepositus Nucleus' is a common abbreviation for the full name 'prepositus hypoglossal nucleus'.,aligned,high,1.0,Query 'Prepositus Nucleus' is an accepted synonym for the prepositus hypoglossal nucleus; top1 gives full canonical name.,aligned,high,0.9833,3/3,False,3-0,stable,Accepted synonym: prepositus nucleus is the nucleus prepositus hypoglossi. | 'Prepositus Nucleus' is a common abbreviation for the full name 'prepositus hypoglossal nucleus'. | Query 'Prepositus Nucleus' is an accepted synonym for the prepositus hypoglossal nucleus; top1 gives full canonical name.,,
species,Prerubral Field,high_confidence,1.0,HOMBA:AA30325,prerubral field (field H3),bm25+exact+fuzzy,Prerubral Field,Prerubral Field,,1.0,prerubral regions,0.321046,correct,302,1_highconf_correct.csv,304,aligned,high,1.0,Direct match; parenthetical addition does not alter core structure.,aligned,high,1.0,Exact match with parenthetical synonym: 'Prerubral Field' equals 'prerubral field (field H3)'.,aligned,high,1.0,"Top1 name is 'prerubral field (field H3)'; contains the exact query term as the primary label, just more detailed.",aligned,high,1.0,3/3,False,3-0,stable,"Direct match; parenthetical addition does not alter core structure. | Exact match with parenthetical synonym: 'Prerubral Field' equals 'prerubral field (field H3)'. | Top1 name is 'prerubral field (field H3)'; contains the exact query term as the primary label, just more detailed.",,
species,Presubiculum,high_confidence,1.0,HOMBA:10315,presubiculum (presubicular cortex),bm25+exact+fuzzy+hierarchy_parent,Presubiculum,Presubiculum,,1.0,caudal (dorsal) presubiculum (postsubiculum),0.676118,correct,303,1_highconf_correct.csv,305,aligned,high,1.0,Exact core name match; parenthetical is synonymous.,aligned,high,1.0,Exact match with parenthetical synonym: 'Presubiculum' equals 'presubiculum (presubicular cortex)'.,aligned,high,1.0,Top1 name 'presubiculum (presubicular cortex)' uses exact query term with a parenthetical synonym; clearly the same structure.,aligned,high,1.0,3/3,False,3-0,stable,Exact core name match; parenthetical is synonymous. | Exact match with parenthetical synonym: 'Presubiculum' equals 'presubiculum (presubicular cortex)'. | Top1 name 'presubiculum (presubicular cortex)' uses exact query term with a parenthetical synonym; clearly the same structure.,,
species,Pretectal region,high_confidence,1.0,HOMBA:12181,pretectal region,bm25+exact+fuzzy,Pretectal region,Pretectal region,,1.0,pretectal nuclear complex,0.499442,correct,304,1_highconf_correct.csv,306,aligned,high,1.0,Case-insensitive exact match.,aligned,high,1.0,Exact case-insensitive match: 'Pretectal region' equals 'pretectal region'.,aligned,high,1.0,Exact name match (case-insensitive): pretectal region.,aligned,high,1.0,3/3,False,3-0,stable,Case-insensitive exact match. | Exact case-insensitive match: 'Pretectal region' equals 'pretectal region'. | Exact name match (case-insensitive): pretectal region.,,
species,Primary auditory area,high_confidence,1.0,HOMBA:10236,"primary auditory cortex (first auditory cortex, auditory core region)",bm25+exact+fuzzy+hierarchy_parent,Primary auditory area,Primary auditory area,,1.0,"secondary auditory cortex (auditory belt region, area 42, area TB)",0.7009,correct,305,1_highconf_correct.csv,307,aligned,high,1.0,Primary auditory area is a synonym for primary auditory cortex.,aligned,high,1.0,"""Primary auditory area"" and ""primary auditory cortex"" are synonyms; direct match.",aligned,high,1.0,"""Primary auditory area"" is a direct synonym for primary auditory cortex; top1 names the identical structure.",aligned,high,1.0,3/3,False,3-0,stable,"Primary auditory area is a synonym for primary auditory cortex. | ""Primary auditory area"" and ""primary auditory cortex"" are synonyms; direct match. | ""Primary auditory area"" is a direct synonym for primary auditory cortex; top1 names the identical structure.",,
species,Primary motor area,high_confidence,1.0,HOMBA:10163,"primary motor cortex (first motor cortex, area 4, area FA)",bm25+exact+fuzzy,Primary motor area,Primary motor area,,1.0,frontal motor cortex (posterior frontal cortex),0.8342,correct,306,1_highconf_correct.csv,308,aligned,high,1.0,Primary motor area is a synonym for primary motor cortex.,aligned,high,1.0,"""Primary motor area"" and ""primary motor cortex"" are synonyms; direct match.",aligned,high,1.0,"""Primary motor area"" is a direct synonym for primary motor cortex; top1 names the identical structure.",aligned,high,1.0,3/3,False,3-0,stable,"Primary motor area is a synonym for primary motor cortex. | ""Primary motor area"" and ""primary motor cortex"" are synonyms; direct match. | ""Primary motor area"" is a direct synonym for primary motor cortex; top1 names the identical structure.",,
species,Primary visual area,high_confidence,1.0,HOMBA:10269,"primary visual cortex (first visual cortex, striate cortex, area 17, area OC)",bm25+exact+fuzzy+hierarchy_parent,Primary visual area,Primary visual area,,1.0,area x of visual cortex,0.7009,correct,307,1_highconf_correct.csv,309,aligned,high,1.0,Primary visual area is a synonym for primary visual cortex.,aligned,high,1.0,"""Primary visual area"" and ""primary visual cortex"" are synonyms; direct match.",aligned,high,1.0,"""Primary visual area"" is a direct synonym for primary visual cortex; top1 names the identical structure.",aligned,high,1.0,3/3,False,3-0,stable,"Primary visual area is a synonym for primary visual cortex. | ""Primary visual area"" and ""primary visual cortex"" are synonyms; direct match. | ""Primary visual area"" is a direct synonym for primary visual cortex; top1 names the identical structure.",,
species,Principal Trigeminal Nucleus,high_confidence,1.0,HOMBA:12444,principal sensory nucleus of trigeminal nerve,bm25+exact+fuzzy,Principal Trigeminal Nucleus,Principal Trigeminal Nucleus,principal,1.0,spinal trigeminal nucleus,0.949008,correct,308,1_highconf_correct.csv,310,aligned,high,1.0,Principal Trigeminal Nucleus is a standard abbreviation for the principal sensory nucleus of trigeminal nerve.,aligned,high,1.0,"""Principal Trigeminal Nucleus"" is a direct abbreviation/synonym for ""principal sensory nucleus of trigeminal nerve"".",aligned,high,1.0,"""Principal Trigeminal Nucleus"" is a standard synonym for principal sensory nucleus of trigeminal nerve; anatomically identical.",aligned,high,1.0,3/3,False,3-0,stable,"Principal Trigeminal Nucleus is a standard abbreviation for the principal sensory nucleus of trigeminal nerve. | ""Principal Trigeminal Nucleus"" is a direct abbreviation/synonym for ""principal sensory nucleus of trigeminal nerve"". | ""Principal Trigeminal Nucleus"" is a standard synonym for principal sensory nucleus of trigeminal nerve; anatomically identical.",,
species,Putamen,high_confidence,1.0,HOMBA:10338,putamen (lateroventral division of the CP),bm25+exact+fuzzy+hierarchy_parent,Putamen,Putamen,,1.0,caudal putamen,0.7009,correct,309,1_highconf_correct.csv,311,aligned,high,1.0,Exact anatomical name match.,aligned,high,1.0,"""Putamen"" exactly matches ""putamen"".",aligned,high,1.0,"""Putamen"" matches the top1 name exactly; parenthetical addition is an anatomical specification, not a mismatch.",aligned,high,1.0,3/3,False,3-0,stable,"Exact anatomical name match. | ""Putamen"" exactly matches ""putamen"". | ""Putamen"" matches the top1 name exactly; parenthetical addition is an anatomical specification, not a mismatch.",,
species,Pyramidal decussation,high_confidence,1.0,HOMBA:12772,pyramidal decussation,bm25+exact+fuzzy,Pyramidal decussation,Pyramidal decussation,decussation,1.0,supraoptic decussation,0.387737,correct,310,1_highconf_correct.csv,312,aligned,high,1.0,Query 'Pyramidal decussation' matches exactly with top1_name 'pyramidal decussation' (only case difference).,aligned,high,1.0,Exact match between query and top1 name (case-insensitive).,aligned,high,1.0,Exact match of 'Pyramidal decussation' (case-insensitive).,aligned,high,1.0,3/3,False,3-0,stable,Query 'Pyramidal decussation' matches exactly with top1_name 'pyramidal decussation' (only case difference). | Exact match between query and top1 name (case-insensitive). | Exact match of 'Pyramidal decussation' (case-insensitive).,,
species,Pyramidal Tract,high_confidence,1.0,HOMBA:12773,pyramidal tract,bm25+exact+fuzzy+hierarchy_parent,Pyramidal Tract,Pyramidal Tract,,1.0,pyramidal part of medulla oblongata,0.258155,correct,311,1_highconf_correct.csv,313,aligned,high,1.0,Query 'Pyramidal Tract' matches exactly with top1_name 'pyramidal tract' (only case difference).,aligned,high,1.0,Exact match between query and top1 name (case-insensitive).,aligned,high,1.0,Exact match of 'Pyramidal Tract' (case-insensitive).,aligned,high,1.0,3/3,False,3-0,stable,Query 'Pyramidal Tract' matches exactly with top1_name 'pyramidal tract' (only case difference). | Exact match between query and top1 name (case-insensitive). | Exact match of 'Pyramidal Tract' (case-insensitive).,,
species,Raphe Magnus Nucleus,high_confidence,1.0,HOMBA:12642,raphe magnus nucleus,bm25+exact+fuzzy,Raphe Magnus Nucleus,Raphe Magnus Nucleus,,1.0,raphe nuclei in medulla oblongata,0.97,correct,312,1_highconf_correct.csv,314,aligned,high,1.0,Query 'Raphe Magnus Nucleus' matches exactly with top1_name 'raphe magnus nucleus' (only case difference).,aligned,high,1.0,Exact match between query and top1 name (case-insensitive).,aligned,high,1.0,Exact match of 'Raphe Magnus Nucleus' (case-insensitive).,aligned,high,1.0,3/3,False,3-0,stable,Query 'Raphe Magnus Nucleus' matches exactly with top1_name 'raphe magnus nucleus' (only case difference). | Exact match between query and top1 name (case-insensitive). | Exact match of 'Raphe Magnus Nucleus' (case-insensitive).,,
species,Raphe Obscurus Nucleus,high_confidence,1.0,HOMBA:12643,raphe obscurus nucleus,bm25+exact+fuzzy,Raphe Obscurus Nucleus,Raphe Obscurus Nucleus,,1.0,raphe nuclei in medulla oblongata,0.97,correct,313,1_highconf_correct.csv,315,aligned,high,1.0,Query 'Raphe Obscurus Nucleus' matches exactly with top1_name 'raphe obscurus nucleus' (only case difference).,aligned,high,1.0,Exact match between query and top1 name (case-insensitive).,aligned,high,1.0,Exact match of 'Raphe Obscurus Nucleus' (case-insensitive).,aligned,high,1.0,3/3,False,3-0,stable,Query 'Raphe Obscurus Nucleus' matches exactly with top1_name 'raphe obscurus nucleus' (only case difference). | Exact match between query and top1 name (case-insensitive). | Exact match of 'Raphe Obscurus Nucleus' (case-insensitive).,,
species,Red nucleus,high_confidence,1.0,HOMBA:12247,red nucleus,bm25+exact+fuzzy+hierarchy_parent,Red nucleus,Red nucleus,,1.0,"red nucleus, dorsomedial division",0.653352,correct,314,1_highconf_correct.csv,316,aligned,high,1.0,Query 'Red nucleus' matches exactly with top1_name 'red nucleus' (only case difference).,aligned,high,1.0,Exact match between query and top1 name (case-insensitive).,aligned,high,1.0,Exact match of 'Red nucleus' (case-insensitive).,aligned,high,1.0,3/3,False,3-0,stable,Query 'Red nucleus' matches exactly with top1_name 'red nucleus' (only case difference). | Exact match between query and top1 name (case-insensitive). | Exact match of 'Red nucleus' (case-insensitive).,,
species,Reticular thalamic nucleus,high_confidence,1.0,HOMBA:10464,reticular nucleus of thalamus,bm25+exact+fuzzy,Reticular thalamic nucleus,Reticular thalamic nucleus,reticular,1.0,caudoventrolateral reticular nucleus,0.402654,correct,315,1_highconf_correct.csv,317,aligned,high,1.0,Synonym with different word order.,aligned,high,0.95,Query 'Reticular thalamic nucleus' and top1 'reticular nucleus of thalamus' are synonymous; standard naming variant.,aligned,high,1.0,Exact synonym; reticular thalamic nucleus is the same as reticular nucleus of thalamus.,aligned,high,0.9833,3/3,False,3-0,stable,Synonym with different word order. | Query 'Reticular thalamic nucleus' and top1 'reticular nucleus of thalamus' are synonymous; standard naming variant. | Exact synonym; reticular thalamic nucleus is the same as reticular nucleus of thalamus.,,
species,Reticular Thalamus,high_confidence,1.0,HOMBA:10464,reticular nucleus of thalamus,bm25+exact+fuzzy,Reticular Thalamus,Reticular Thalamus,reticular,1.0,caudoventrolateral reticular nucleus,0.349263,correct,316,1_highconf_correct.csv,318,aligned,high,1.0,Common shorthand for reticular nucleus of thalamus.,aligned,high,0.95,Query 'Reticular Thalamus' is an accepted alias for the reticular nucleus of thalamus.,aligned,high,1.0,Reticular thalamus is a common synonym for the reticular nucleus of thalamus.,aligned,high,0.9833,3/3,False,3-0,stable,Common shorthand for reticular nucleus of thalamus. | Query 'Reticular Thalamus' is an accepted alias for the reticular nucleus of thalamus. | Reticular thalamus is a common synonym for the reticular nucleus of thalamus.,,
species,Reticulotegmentum,high_confidence,1.0,HOMBA:12497,reticulotegmental nucleus,bm25+exact+fuzzy+hierarchy_parent,Reticulotegmentum,Reticulotegmentum,,1.0,"reticulotegmental nucleus, dorsal division",0.7009,correct,317,1_highconf_correct.csv,319,aligned,high,1.0,Abbreviation for reticulotegmental nucleus.,aligned,high,0.95,Query 'Reticulotegmentum' is a direct synonym for reticulotegmental nucleus.,aligned,high,1.0,Reticulotegmentum is a variant term for reticulotegmental nucleus.,aligned,high,0.9833,3/3,False,3-0,stable,Abbreviation for reticulotegmental nucleus. | Query 'Reticulotegmentum' is a direct synonym for reticulotegmental nucleus. | Reticulotegmentum is a variant term for reticulotegmental nucleus.,,
species,Retroisthmic Nucleus,high_confidence,1.0,HOMBA:12289,retrorubral field (retroisthmic nucleus),bm25+exact+fuzzy,Retroisthmic Nucleus,Retroisthmic Nucleus,,1.0,cerebellar deep nuclei,0.260505,correct,318,1_highconf_correct.csv,320,aligned,high,1.0,Exact synonym in parentheses.,aligned,high,0.95,Query 'Retroisthmic Nucleus' is one of the names listed in the top1 canonical name.,aligned,high,1.0,Retroisthmic nucleus is explicitly listed as an alias in top1_name.,aligned,high,0.9833,3/3,False,3-0,stable,Exact synonym in parentheses. | Query 'Retroisthmic Nucleus' is one of the names listed in the top1 canonical name. | Retroisthmic nucleus is explicitly listed as an alias in top1_name.,,
species,Retrorubral Field,high_confidence,1.0,HOMBA:12289,retrorubral field (retroisthmic nucleus),bm25+exact+fuzzy,Retrorubral Field,Retrorubral Field,,1.0,prerubral field (field H3),0.266565,correct,319,1_highconf_correct.csv,321,aligned,high,1.0,Direct synonym.,aligned,high,0.95,Query 'Retrorubral Field' matches the primary name of the top1 structure.,aligned,high,1.0,Retrorubral field matches the top1_name exactly.,aligned,high,0.9833,3/3,False,3-0,stable,Direct synonym. | Query 'Retrorubral Field' matches the primary name of the top1 structure. | Retrorubral field matches the top1_name exactly.,,
species,Reuniens thalamic nucleus,high_confidence,1.0,HOMBA:10403,reuniens (medioventral) nucleus of thalamus,bm25+exact+fuzzy,Reuniens thalamic nucleus,Reuniens thalamic nucleus,,1.0,ventral midline nuclei of thalamus,0.97,correct,320,1_highconf_correct.csv,322,aligned,high,1.0,'Reuniens thalamic nucleus' directly matches the accepted synonym 'reuniens (medioventral) nucleus of thalamus'.,aligned,high,1.0,top1 is a standard synonym for the Reuniens thalamic nucleus.,aligned,high,0.98,"top1_name is the same nucleus, with parenthetical synonym 'medioventral'. Directly consistent.",aligned,high,0.9933,3/3,False,3-0,stable,"'Reuniens thalamic nucleus' directly matches the accepted synonym 'reuniens (medioventral) nucleus of thalamus'. | top1 is a standard synonym for the Reuniens thalamic nucleus. | top1_name is the same nucleus, with parenthetical synonym 'medioventral'. Directly consistent.",,
species,Rhomboid thalamic nucleus,high_confidence,1.0,HOMBA:10447,rhomboid (central) nucleus of thalamus,bm25+exact+fuzzy,Rhomboid thalamic nucleus,Rhomboid thalamic nucleus,,1.0,ventral midline nuclei of thalamus,0.97,correct,321,1_highconf_correct.csv,323,aligned,high,1.0,'Rhomboid thalamic nucleus' directly matches the accepted synonym 'rhomboid (central) nucleus of thalamus'.,aligned,high,1.0,top1 is the same structure as the Rhomboid thalamic nucleus.,aligned,high,0.98,"top1_name is the same nucleus, adding parenthetical synonym 'central'. Direct match.",aligned,high,0.9933,3/3,False,3-0,stable,"'Rhomboid thalamic nucleus' directly matches the accepted synonym 'rhomboid (central) nucleus of thalamus'. | top1 is the same structure as the Rhomboid thalamic nucleus. | top1_name is the same nucleus, adding parenthetical synonym 'central'. Direct match.",,
species,Secondary somatosensory area,high_confidence,1.0,HOMBA:13010,subcentral cortex (area 43; secondary somatosensory cortex),bm25+exact+fuzzy,Secondary somatosensory area,Secondary somatosensory area,,1.0,"primary somatosensory cortex (first somatosensory cortex, areas 3,1,2)",0.250766,correct,322,1_highconf_correct.csv,324,aligned,high,1.0,'Secondary somatosensory area' is listed as a synonym within 'subcentral cortex (area 43; secondary somatosensory cortex)'.,aligned,high,1.0,top1 includes 'secondary somatosensory cortex' as a synonym for the query.,aligned,high,0.95,top1_name explicitly includes 'secondary somatosensory cortex' as a synonym; the concept matches query exactly.,aligned,high,0.9833,3/3,False,3-0,stable,'Secondary somatosensory area' is listed as a synonym within 'subcentral cortex (area 43; secondary somatosensory cortex)'. | top1 includes 'secondary somatosensory cortex' as a synonym for the query. | top1_name explicitly includes 'secondary somatosensory cortex' as a synonym; the concept matches query exactly.,,
species,Septal region,high_confidence,1.0,HOMBA:10350,septal region (septal nuclear complex),bm25+exact+fuzzy+hierarchy_parent,Septal region,Septal region,,1.0,rostral septal nuclear complex,0.77875,correct,323,1_highconf_correct.csv,325,aligned,high,1.0,'Septal region' directly matches the term 'septal region (septal nuclear complex)'.,aligned,high,1.0,top1 is exactly the same anatomical region as Septal region.,aligned,high,0.99,"top1_name is the same 'septal region', parenthetical adds synonym; clear alignment.",aligned,high,0.9967,3/3,False,3-0,stable,"'Septal region' directly matches the term 'septal region (septal nuclear complex)'. | top1 is exactly the same anatomical region as Septal region. | top1_name is the same 'septal region', parenthetical adds synonym; clear alignment.",,
species,Simple Lobule,high_confidence,1.0,HOMBA:AA30408,lobule VI (simple lobule),bm25+exact+fuzzy+hierarchy_parent,Simple Lobule,Simple Lobule,,1.0,"lobule VIA (simple lobule, rostral part)",1.0,correct,324,1_highconf_correct.csv,326,aligned,high,1.0,'Simple Lobule' is an accepted synonym for 'lobule VI (simple lobule)'.,aligned,high,1.0,Simple Lobule is another name for lobule VI; top1 matches directly.,aligned,high,0.99,"'Simple Lobule' is the classic name for lobule VI; top1_name gives both, fully consistent.",aligned,high,0.9967,3/3,False,3-0,stable,"'Simple Lobule' is an accepted synonym for 'lobule VI (simple lobule)'. | Simple Lobule is another name for lobule VI; top1 matches directly. | 'Simple Lobule' is the classic name for lobule VI; top1_name gives both, fully consistent.",,
species,Solitary Tract Nucleus,high_confidence,1.0,HOMBA:12557,solitary nucleus,bm25+exact+fuzzy+hierarchy_parent,Solitary Tract Nucleus,Solitary Tract Nucleus,,1.0,solitary tract,0.854167,correct,325,1_highconf_correct.csv,327,aligned,high,1.0,Query 'Solitary Tract Nucleus' is a synonym for 'solitary nucleus'; top1_name directly names the same structure.,aligned,high,1.0,Solitary Tract Nucleus is an exact synonym for solitary nucleus (nucleus tractus solitarius).,aligned,high,1.0,Solitary Tract Nucleus and solitary nucleus are accepted synonyms for the same structure.,aligned,high,1.0,3/3,False,3-0,stable,Query 'Solitary Tract Nucleus' is a synonym for 'solitary nucleus'; top1_name directly names the same structure. | Solitary Tract Nucleus is an exact synonym for solitary nucleus (nucleus tractus solitarius). | Solitary Tract Nucleus and solitary nucleus are accepted synonyms for the same structure.,,
species,Spinal cord,high_confidence,1.0,HOMBA:AA30565,spinal cord,bm25+exact+fuzzy+hierarchy_parent,Spinal cord,Spinal cord,,1.0,gray matter of spinal cord,0.8925,correct,326,1_highconf_correct.csv,328,aligned,high,1.0,Exact match between query and top1_name 'spinal cord'.,aligned,high,1.0,Exact match between query and top1_name.,aligned,high,1.0,"Identical term, case difference only.",aligned,high,1.0,3/3,False,3-0,stable,"Exact match between query and top1_name 'spinal cord'. | Exact match between query and top1_name. | Identical term, case difference only.",,
species,Spinal trigeminal nucleus,high_confidence,1.0,HOMBA:12572,spinal trigeminal nucleus,bm25+exact+fuzzy+hierarchy_parent,Spinal trigeminal nucleus,Spinal trigeminal nucleus,,1.0,afferent nuclei of cranial nerves in pons,0.817465,correct,327,1_highconf_correct.csv,329,aligned,high,1.0,Exact match between query and top1_name 'spinal trigeminal nucleus'.,aligned,high,1.0,Exact match between query and top1_name.,aligned,high,1.0,"Identical term, case difference only.",aligned,high,1.0,3/3,False,3-0,stable,"Exact match between query and top1_name 'spinal trigeminal nucleus'. | Exact match between query and top1_name. | Identical term, case difference only.",,
species,Spinal Trigeminal Nucleus Caudal,high_confidence,1.0,HOMBA:12573,"spinal trigeminal nucleus, caudal division",bm25+fuzzy,spinal principal sensory nucleus of trigeminal nerve caudal,spinal principal sensory nucleus of trigeminal nerve caudal part,caudal,1.0,spinal trigeminal nucleus,0.77259,correct,328,1_highconf_correct.csv,330,aligned,high,0.95,"Query 'Spinal Trigeminal Nucleus Caudal' matches top1_name 'spinal trigeminal nucleus, caudal division' accurately.",aligned,high,1.0,"Query 'Spinal Trigeminal Nucleus Caudal' corresponds to spinal trigeminal nucleus, caudal division.",aligned,high,1.0,"Query specifies Caudal division; top1 'spinal trigeminal nucleus, caudal division' is an exact match, not partial.",aligned,high,0.9833,3/3,False,3-0,stable,"Query 'Spinal Trigeminal Nucleus Caudal' matches top1_name 'spinal trigeminal nucleus, caudal division' accurately. | Query 'Spinal Trigeminal Nucleus Caudal' corresponds to spinal trigeminal nucleus, caudal division. | Query specifies Caudal division; top1 'spinal trigeminal nucleus, caudal division' is an exact match, not partial.",,
species,Spinal trigeminal tract,high_confidence,1.0,HOMBA:12792,spinal trigeminal tract,bm25+exact+fuzzy,Spinal trigeminal tract,Spinal trigeminal tract,,1.0,mesencephalic trigeminal tract,0.634568,correct,329,1_highconf_correct.csv,331,aligned,high,1.0,Exact match between query and top1_name 'spinal trigeminal tract'.,aligned,high,1.0,Exact match between query and top1_name.,aligned,high,1.0,Identical anatomical tract.,aligned,high,1.0,3/3,False,3-0,stable,Exact match between query and top1_name 'spinal trigeminal tract'. | Exact match between query and top1_name. | Identical anatomical tract.,,
species,Stria terminalis,high_confidence,1.0,HOMBA:10591,stria terminalis,bm25+exact+fuzzy,Stria terminalis,Stria terminalis,,1.0,remaining caudal extension of BST (along stria terminalis),0.736733,correct,330,1_highconf_correct.csv,332,aligned,high,1.0,"Exact anatomical structure, only case difference.",aligned,high,1.0,"Exact match, case variation only",aligned,high,1.0,"Exact match, case-insensitive identical naming.",aligned,high,1.0,3/3,False,3-0,stable,"Exact anatomical structure, only case difference. | Exact match, case variation only | Exact match, case-insensitive identical naming.",,
species,Striatum,high_confidence,1.0,HOMBA:10333,striatum (neostriatum),bm25+exact+fuzzy+hierarchy_parent,Striatum,Striatum,,1.0,regions of striatum,0.7554,correct,331,1_highconf_correct.csv,333,aligned,high,1.0,Accepted synonym: 'striatum' includes neostriatum.,aligned,high,1.0,"Direct match, includes parenthetical synonym",aligned,high,1.0,"Top1 is 'striatum (neostriatum)', directly naming the same structure; parenthetical synonym clarifies neostriatal membership.",aligned,high,1.0,3/3,False,3-0,stable,"Accepted synonym: 'striatum' includes neostriatum. | Direct match, includes parenthetical synonym | Top1 is 'striatum (neostriatum)', directly naming the same structure; parenthetical synonym clarifies neostriatal membership.",,
species,Subceruleus,high_confidence,1.0,HOMBA:12500,subcoeruleus nucleus,bm25+exact+fuzzy+hierarchy_parent,Subceruleus,Subceruleus,,1.0,"subcoeruleus nucleus, dorsal division",0.671875,correct,332,1_highconf_correct.csv,334,aligned,high,1.0,Conventional spelling variant (subceruleus ≈ subcoeruleus).,aligned,high,1.0,Accepted spelling variant of same structure,aligned,high,0.95,Subceruleus is a common spelling variant of subcoeruleus nucleus; top1 denotes the same nucleus.,aligned,high,0.9833,3/3,False,3-0,stable,Conventional spelling variant (subceruleus ≈ subcoeruleus). | Accepted spelling variant of same structure | Subceruleus is a common spelling variant of subcoeruleus nucleus; top1 denotes the same nucleus.,,
species,Subgeniculate nucleus,high_confidence,1.0,HOMBA:AA30324,subgeniculate nucleus,bm25+exact+fuzzy,Subgeniculate nucleus,Subgeniculate nucleus,,1.0,cerebellar deep nuclei,0.260505,correct,333,1_highconf_correct.csv,335,aligned,high,1.0,"Exact match, only case difference.",aligned,high,1.0,"Exact match, case variation only",aligned,high,1.0,"Identical name, case-insensitive.",aligned,high,1.0,3/3,False,3-0,stable,"Exact match, only case difference. | Exact match, case variation only | Identical name, case-insensitive.",,
species,Subicular complex,high_confidence,1.0,HOMBA:266441673,subicular complex,bm25+exact+fuzzy,Subicular complex,Subicular complex,,1.0,subplate-derived cell layer of subicular complex,0.493497,correct,334,1_highconf_correct.csv,336,aligned,high,1.0,"Exact match, only case difference.",aligned,high,1.0,"Exact match, case variation only",aligned,high,1.0,"Identical name, case-insensitive.",aligned,high,1.0,3/3,False,3-0,stable,"Exact match, only case difference. | Exact match, case variation only | Identical name, case-insensitive.",,
species,Subiculum,high_confidence,1.0,HOMBA:10302,subiculum proper (strictly defined subiculum),bm25+exact+fuzzy+hierarchy_parent,Subiculum,Subiculum,,1.0,major division of subiculum,0.789559,correct,335,1_highconf_correct.csv,337,aligned,high,1.0,The top1 is an accepted synonym naming the same subiculum structure.,aligned,high,1.0,top1_name is a more precise term for the same structure.,partial_or_narrower,high,0.95,"Subiculum encompasses subiculum proper plus transitional fields; top1 is only the strictly defined subiculum proper, a narrower subcomponent.",aligned,medium,0.9833,2/3,True,2-1,majority_vote,"The top1 is an accepted synonym naming the same subiculum structure. | top1_name is a more precise term for the same structure. | Subiculum encompasses subiculum proper plus transitional fields; top1 is only the strictly defined subiculum proper, a narrower subcomponent.",,
species,Submedius thalamic nucleus,high_confidence,1.0,HOMBA:AA30278,submedius thalamic nucleus,bm25+exact+fuzzy,Submedius thalamic nucleus,Submedius thalamic nucleus,,1.0,ventral midline nuclei of thalamus,0.97,correct,336,1_highconf_correct.csv,338,aligned,high,1.0,"Exact match with case variation, identical anatomical structure.",aligned,high,1.0,Exact match.,aligned,high,1.0,"Exact match, case-insensitive, same thalamic nucleus.",aligned,high,1.0,3/3,False,3-0,stable,"Exact match with case variation, identical anatomical structure. | Exact match. | Exact match, case-insensitive, same thalamic nucleus.",,
species,Subparafascicular Nucleus,high_confidence,1.0,HOMBA:13054,subparafascicular nucleus of thalamus,bm25+exact+fuzzy,Subparafascicular Nucleus,Subparafascicular Nucleus,,1.0,ventral midline nuclei of thalamus,0.8342,correct,337,1_highconf_correct.csv,339,aligned,high,1.0,"Top1 is the same nucleus with a clarifying phrase, fully consistent.",aligned,high,1.0,Synonym with added location specifier.,aligned,high,1.0,"Same nucleus, top1 merely adds 'of thalamus' as a clarifying phrase.",aligned,high,1.0,3/3,False,3-0,stable,"Top1 is the same nucleus with a clarifying phrase, fully consistent. | Synonym with added location specifier. | Same nucleus, top1 merely adds 'of thalamus' as a clarifying phrase.",,
species,Subparafascicular nucleus,high_confidence,1.0,HOMBA:13054,subparafascicular nucleus of thalamus,bm25+exact+fuzzy,Subparafascicular nucleus,Subparafascicular nucleus,,1.0,ventral midline nuclei of thalamus,0.8342,correct,338,1_highconf_correct.csv,340,aligned,high,1.0,"Exact same structure as query, only case difference.",aligned,high,1.0,"Same as previous, exact anatomical match.",aligned,high,1.0,"Same as record 337; exact match in meaning, case variation only.",aligned,high,1.0,3/3,False,3-0,stable,"Exact same structure as query, only case difference. | Same as previous, exact anatomical match. | Same as record 337; exact match in meaning, case variation only.",,
species,Substantia nigra,high_confidence,1.0,HOMBA:12251,substantia nigra,bm25+exact+fuzzy+hierarchy_parent,Substantia nigra,Substantia nigra,,1.0,"substantia nigra, compact division",0.660445,correct,339,1_highconf_correct.csv,341,aligned,high,1.0,"Exact match with case variation, identical substantia nigra.",aligned,high,1.0,Exact match.,aligned,high,1.0,"Exact match, identical structure.",aligned,high,1.0,3/3,False,3-0,stable,"Exact match with case variation, identical substantia nigra. | Exact match. | Exact match, identical structure.",,
species,Substantia nigra (compact part),high_confidence,1.0,HOMBA:12252,"substantia nigra, compact division",bm25+exact+fuzzy,Substantia nigra (compact part),Substantia nigra (compact part),compact,1.0,"substantia nigra, compact division, dorsal subdivision",0.948125,correct,340,1_highconf_correct.csv,342,aligned,high,1.0,"Query 'Substantia nigra (compact part)' matches synonym 'substantia nigra, compact division'.",aligned,high,1.0,"Query 'Substantia nigra (compact part)' matches top1 'substantia nigra, compact division' as a synonym with punctuation variation.",aligned,high,0.98,"top1 name 'substantia nigra, compact division' is a conventional synonym for 'Substantia nigra (compact part)'; matches the same structure exactly.",aligned,high,0.9933,3/3,False,3-0,stable,"Query 'Substantia nigra (compact part)' matches synonym 'substantia nigra, compact division'. | Query 'Substantia nigra (compact part)' matches top1 'substantia nigra, compact division' as a synonym with punctuation variation. | top1 name 'substantia nigra, compact division' is a conventional synonym for 'Substantia nigra (compact part)'; matches the same structure exactly.",,
species,Substantia nigra (lateral part),high_confidence,1.0,HOMBA:12257,"substantia nigra, lateral division",bm25+exact+fuzzy,Substantia nigra (lateral part),Substantia nigra (lateral part),lateral,1.0,substantia nigra,0.88,correct,341,1_highconf_correct.csv,343,aligned,high,1.0,"Query 'Substantia nigra (lateral part)' matches synonym 'substantia nigra, lateral division'.",aligned,high,1.0,"Query 'Substantia nigra (lateral part)' matches top1 'substantia nigra, lateral division' as a synonym with punctuation variation.",aligned,high,0.98,"top1 name 'substantia nigra, lateral division' is a conventional synonym for 'Substantia nigra (lateral part)'; matches the same structure.",aligned,high,0.9933,3/3,False,3-0,stable,"Query 'Substantia nigra (lateral part)' matches synonym 'substantia nigra, lateral division'. | Query 'Substantia nigra (lateral part)' matches top1 'substantia nigra, lateral division' as a synonym with punctuation variation. | top1 name 'substantia nigra, lateral division' is a conventional synonym for 'Substantia nigra (lateral part)'; matches the same structure.",,
species,Substantia nigra (reticular part),high_confidence,1.0,HOMBA:12259,"substantia nigra, reticular division",bm25+exact+fuzzy,Substantia nigra (reticular part),Substantia nigra (reticular part),reticular,1.0,substantia nigra,0.88,correct,342,1_highconf_correct.csv,344,aligned,high,1.0,"Query 'Substantia nigra (reticular part)' matches synonym 'substantia nigra, reticular division'.",aligned,high,1.0,"Query 'Substantia nigra (reticular part)' matches top1 'substantia nigra, reticular division' as a synonym with punctuation variation.",aligned,high,0.98,"top1 name 'substantia nigra, reticular division' is a conventional synonym for 'Substantia nigra (reticular part)'; matches the same structure.",aligned,high,0.9933,3/3,False,3-0,stable,"Query 'Substantia nigra (reticular part)' matches synonym 'substantia nigra, reticular division'. | Query 'Substantia nigra (reticular part)' matches top1 'substantia nigra, reticular division' as a synonym with punctuation variation. | top1 name 'substantia nigra, reticular division' is a conventional synonym for 'Substantia nigra (reticular part)'; matches the same structure.",,
species,"Substantia nigra, compact part",high_confidence,1.0,HOMBA:12252,"substantia nigra, compact division",bm25+exact+fuzzy,"Substantia nigra, compact part","Substantia nigra, compact part",compact,1.0,"substantia nigra, compact division, dorsal subdivision",0.948125,correct,343,1_highconf_correct.csv,345,aligned,high,1.0,"Query 'Substantia nigra, compact part' matches synonym 'substantia nigra, compact division'.",aligned,high,1.0,"Query 'Substantia nigra, compact part' matches top1 'substantia nigra, compact division' as a synonym (part vs division).",aligned,high,0.98,"'part' vs 'division' are interchangeable for substantia nigra subdivisions; top1 matches query 'Substantia nigra, compact part' exactly.",aligned,high,0.9933,3/3,False,3-0,stable,"Query 'Substantia nigra, compact part' matches synonym 'substantia nigra, compact division'. | Query 'Substantia nigra, compact part' matches top1 'substantia nigra, compact division' as a synonym (part vs division). | 'part' vs 'division' are interchangeable for substantia nigra subdivisions; top1 matches query 'Substantia nigra, compact part' exactly.",,
species,"Substantia nigra, lateral part",high_confidence,1.0,HOMBA:12257,"substantia nigra, lateral division",bm25+exact+fuzzy,"Substantia nigra, lateral part","Substantia nigra, lateral part",lateral,1.0,substantia nigra,0.675805,correct,344,1_highconf_correct.csv,346,aligned,high,1.0,"Query 'Substantia nigra, lateral part' matches synonym 'substantia nigra, lateral division'.",aligned,high,1.0,"Query 'Substantia nigra, lateral part' matches top1 'substantia nigra, lateral division' as a synonym (part vs division).",aligned,high,0.98,"'part' vs 'division' are interchangeable for substantia nigra subdivisions; top1 matches query 'Substantia nigra, lateral part' exactly.",aligned,high,0.9933,3/3,False,3-0,stable,"Query 'Substantia nigra, lateral part' matches synonym 'substantia nigra, lateral division'. | Query 'Substantia nigra, lateral part' matches top1 'substantia nigra, lateral division' as a synonym (part vs division). | 'part' vs 'division' are interchangeable for substantia nigra subdivisions; top1 matches query 'Substantia nigra, lateral part' exactly.",,
species,"Substantia nigra, reticular part",high_confidence,1.0,HOMBA:12259,"substantia nigra, reticular division",bm25+exact+fuzzy,"Substantia nigra, reticular part","Substantia nigra, reticular part",reticular,1.0,substantia nigra,0.655583,correct,345,1_highconf_correct.csv,347,aligned,high,1.0,Top1 uses accepted synonym 'reticular division' for query's 'reticular part'.,aligned,high,1.0,"The top1 'substantia nigra, reticular division' is a synonym of 'Substantia nigra, reticular part'; both refer to the same anatomical structure.",aligned,high,1.0,Exact synonym: 'reticular part' vs 'reticular division' of substantia nigra.,aligned,high,1.0,3/3,False,3-0,stable,"Top1 uses accepted synonym 'reticular division' for query's 'reticular part'. | The top1 'substantia nigra, reticular division' is a synonym of 'Substantia nigra, reticular part'; both refer to the same anatomical structure. | Exact synonym: 'reticular part' vs 'reticular division' of substantia nigra.",,
species,Subthalamic nucleus,high_confidence,1.0,HOMBA:10466,subthalamic nucleus,bm25+exact+fuzzy,Subthalamic nucleus,Subthalamic nucleus,,1.0,subthalamic fasciculus,0.273382,correct,346,1_highconf_correct.csv,348,aligned,high,1.0,Exact match with standard anatomical name.,aligned,high,1.0,Exact match between query 'Subthalamic nucleus' and top1 'subthalamic nucleus'.,aligned,high,1.0,Exact string match for subthalamic nucleus.,aligned,high,1.0,3/3,False,3-0,stable,Exact match with standard anatomical name. | Exact match between query 'Subthalamic nucleus' and top1 'subthalamic nucleus'. | Exact string match for subthalamic nucleus.,,
species,Superficial gray layer of the superior colliculus,high_confidence,1.0,HOMBA:12295,superficial gray layer of superior colliculus,bm25+fuzzy,Superficial gray layer of the superior colliculus,superficial gray layer of superior colliculus,layer,1.0,superficial layer of superior colliculus,0.522306,correct,347,1_highconf_correct.csv,349,aligned,high,1.0,Same layer of superior colliculus; only minor word order variation.,aligned,high,1.0,"The top1 omits the article 'the', which is a conventional variant of the same structure name.",aligned,high,1.0,"Identical structure, only missing optional article 'the'.",aligned,high,1.0,3/3,False,3-0,stable,"Same layer of superior colliculus; only minor word order variation. | The top1 omits the article 'the', which is a conventional variant of the same structure name. | Identical structure, only missing optional article 'the'.",,
species,Superior Cerebellar Peduncle,high_confidence,1.0,HOMBA:12354,superior cerebellar peduncle (brachium conjunctivum),bm25+exact+fuzzy,Superior Cerebellar Peduncle,Superior Cerebellar Peduncle,,1.0,decussation of superior cerebellar peduncle,0.7425,correct,348,1_highconf_correct.csv,350,aligned,high,1.0,Exact structure with parenthetical synonym (brachium conjunctivum).,aligned,high,1.0,"Top1 includes the Latin synonym in parentheses, but refers to the same structure as the query.",aligned,high,1.0,Same structure with Latin synonym in parentheses.,aligned,high,1.0,3/3,False,3-0,stable,"Exact structure with parenthetical synonym (brachium conjunctivum). | Top1 includes the Latin synonym in parentheses, but refers to the same structure as the query. | Same structure with Latin synonym in parentheses.",,
species,Superior Cerebellar Peduncle Decussation,high_confidence,1.0,HOMBA:12337,decussation of superior cerebellar peduncle,bm25+fuzzy,Superior Cerebellar Peduncle Decussation,decussation of superior cerebellar peduncle,decussation,1.0,pyramidal decussation,0.36107,correct,349,1_highconf_correct.csv,351,aligned,high,1.0,Same decussation structure; word order and phrasing are equivalent.,aligned,high,1.0,The top1 'decussation of superior cerebellar peduncle' is a reordering of the query 'Superior Cerebellar Peduncle Decussation'; both denote the same entity.,aligned,high,1.0,"Same anatomical crossing, just reworded order.",aligned,high,1.0,3/3,False,3-0,stable,"Same decussation structure; word order and phrasing are equivalent. | The top1 'decussation of superior cerebellar peduncle' is a reordering of the query 'Superior Cerebellar Peduncle Decussation'; both denote the same entity. | Same anatomical crossing, just reworded order.",,
species,Superior colliculus,high_confidence,1.0,HOMBA:12292,superior colliculus,bm25+exact+fuzzy+hierarchy_parent,Superior colliculus,Superior colliculus,,1.0,brachium of superior colliculus,0.813844,correct,350,1_highconf_correct.csv,352,aligned,high,1.0,Exact match between query 'Superior colliculus' and top1_name 'superior colliculus' (case-insensitive).,aligned,high,1.0,Exact match: query 'Superior colliculus' is identical to top1_name 'superior colliculus'.,aligned,high,1.0,"Exact match, only case difference.",aligned,high,1.0,3/3,False,3-0,stable,"Exact match between query 'Superior colliculus' and top1_name 'superior colliculus' (case-insensitive). | Exact match: query 'Superior colliculus' is identical to top1_name 'superior colliculus'. | Exact match, only case difference.",,
species,Superior frontal gyrus,high_confidence,1.0,HOMBA:12115,superior frontal gyrus,bm25+exact+fuzzy,Superior frontal gyrus,Superior frontal gyrus,,1.0,frontal lobe,0.97,correct,351,1_highconf_correct.csv,353,aligned,high,1.0,Exact match between query 'Superior frontal gyrus' and top1_name 'superior frontal gyrus'.,aligned,high,1.0,Exact match: query 'Superior frontal gyrus' is identical to top1_name 'superior frontal gyrus'.,aligned,high,1.0,"Exact match, only case difference.",aligned,high,1.0,3/3,False,3-0,stable,"Exact match between query 'Superior frontal gyrus' and top1_name 'superior frontal gyrus'. | Exact match: query 'Superior frontal gyrus' is identical to top1_name 'superior frontal gyrus'. | Exact match, only case difference.",,
species,Superior paraolivary nucleus,high_confidence,1.0,HOMBA:12463,superior paraolivary nucleus,bm25+exact+fuzzy,Superior paraolivary nucleus,Superior paraolivary nucleus,,1.0,superior olivary complex,0.97,correct,352,1_highconf_correct.csv,354,aligned,high,1.0,Exact match between query 'Superior paraolivary nucleus' and top1_name 'superior paraolivary nucleus'.,aligned,high,1.0,Exact match: query 'Superior paraolivary nucleus' is identical to top1_name 'superior paraolivary nucleus'.,aligned,high,1.0,"Exact match, only case difference.",aligned,high,1.0,3/3,False,3-0,stable,"Exact match between query 'Superior paraolivary nucleus' and top1_name 'superior paraolivary nucleus'. | Exact match: query 'Superior paraolivary nucleus' is identical to top1_name 'superior paraolivary nucleus'. | Exact match, only case difference.",,
species,Superior temporal gyrus,high_confidence,1.0,HOMBA:12140,superior temporal gyrus,bm25+exact+fuzzy,Superior temporal gyrus,Superior temporal gyrus,,1.0,temporal lobe,0.97,correct,353,1_highconf_correct.csv,355,aligned,high,1.0,Exact match between query 'Superior temporal gyrus' and top1_name 'superior temporal gyrus'.,aligned,high,1.0,Exact match: query 'Superior temporal gyrus' is identical to top1_name 'superior temporal gyrus'.,aligned,high,1.0,"Exact match, only case difference.",aligned,high,1.0,3/3,False,3-0,stable,"Exact match between query 'Superior temporal gyrus' and top1_name 'superior temporal gyrus'. | Exact match: query 'Superior temporal gyrus' is identical to top1_name 'superior temporal gyrus'. | Exact match, only case difference.",,
species,Suprageniculate nucleus,high_confidence,1.0,HOMBA:13044,suprageniculate nucleus,bm25+exact+fuzzy,Suprageniculate nucleus,Suprageniculate nucleus,,1.0,cerebellar deep nuclei,0.260505,correct,354,1_highconf_correct.csv,356,aligned,high,1.0,Exact match between query 'Suprageniculate nucleus' and top1_name 'suprageniculate nucleus'.,aligned,high,1.0,Exact match: query 'Suprageniculate nucleus' is identical to top1_name 'suprageniculate nucleus'.,aligned,high,1.0,"Exact match, only case difference.",aligned,high,1.0,3/3,False,3-0,stable,"Exact match between query 'Suprageniculate nucleus' and top1_name 'suprageniculate nucleus'. | Exact match: query 'Suprageniculate nucleus' is identical to top1_name 'suprageniculate nucleus'. | Exact match, only case difference.",,
species,Supraoptic decussation,high_confidence,1.0,HOMBA:13216,supraoptic decussation,bm25+exact+fuzzy,Supraoptic decussation,Supraoptic decussation,decussation,1.0,pyramidal decussation,0.387737,correct,355,1_highconf_correct.csv,357,aligned,high,1.0,Exact match (case-insensitive).,aligned,high,1.0,Exact match between query and top1_name.,aligned,high,1.0,Exact match; supraoptic decussation is the same structure.,aligned,high,1.0,3/3,False,3-0,stable,Exact match (case-insensitive). | Exact match between query and top1_name. | Exact match; supraoptic decussation is the same structure.,,
species,Supraoptic nucleus,high_confidence,1.0,HOMBA:10481,supraoptic nucleus,bm25+exact+fuzzy+hierarchy_parent,Supraoptic nucleus,Supraoptic nucleus,,1.0,supraoptic region of HTH,0.97,correct,356,1_highconf_correct.csv,358,aligned,high,1.0,Exact match (case-insensitive).,aligned,high,1.0,Exact match between query and top1_name.,aligned,high,1.0,Exact match; supraoptic nucleus is the same structure.,aligned,high,1.0,3/3,False,3-0,stable,Exact match (case-insensitive). | Exact match between query and top1_name. | Exact match; supraoptic nucleus is the same structure.,,
species,Tail of caudate nucleus,high_confidence,1.0,HOMBA:10337,tail of caudate nucleus (caudolateral division of the CP),bm25+exact+fuzzy,Tail of caudate nucleus,Tail of caudate nucleus,,1.0,caudate nucleus (mediodorsal division of the CP),0.97,correct,357,1_highconf_correct.csv,359,aligned,high,1.0,Core name matches query exactly; additional parenthetical is annotation.,aligned,high,1.0,Top1 includes the exact query phrase with additional qualifier; same structure.,aligned,high,1.0,"Top1 names the tail of caudate nucleus with a parenthetical synonym, aligned.",aligned,high,1.0,3/3,False,3-0,stable,"Core name matches query exactly; additional parenthetical is annotation. | Top1 includes the exact query phrase with additional qualifier; same structure. | Top1 names the tail of caudate nucleus with a parenthetical synonym, aligned.",,
species,Temporal pole,high_confidence,1.0,HOMBA:12146,temporal pole (temporopolar cortex),bm25+exact+fuzzy,Temporal pole,Temporal pole,,1.0,temporal lobe,0.97,correct,358,1_highconf_correct.csv,360,aligned,high,1.0,Core name matches query exactly; additional parenthetical is annotation.,aligned,high,1.0,Top1 includes the exact query name with synonymous parenthetical; same structure.,aligned,high,1.0,Temporal pole and temporopolar cortex are synonymous; aligned.,aligned,high,1.0,3/3,False,3-0,stable,Core name matches query exactly; additional parenthetical is annotation. | Top1 includes the exact query name with synonymous parenthetical; same structure. | Temporal pole and temporopolar cortex are synonymous; aligned.,,
species,Third ventricle,high_confidence,1.0,HOMBA:10602,third ventricle,bm25+exact+fuzzy+hierarchy_parent,Third ventricle,Third ventricle,,1.0,regions of third ventricle,0.870192,correct,359,1_highconf_correct.csv,361,aligned,high,1.0,Exact match (case-insensitive).,aligned,high,1.0,Exact match between query and top1_name.,aligned,high,1.0,Exact match; third ventricle is the same structure.,aligned,high,1.0,3/3,False,3-0,stable,Exact match (case-insensitive). | Exact match between query and top1_name. | Exact match; third ventricle is the same structure.,,
species,Transverse Fibers,high_confidence,1.0,HOMBA:AA30879,transverse fibers,bm25+exact+fuzzy,Transverse Fibers,Transverse Fibers,,1.0,transverse fibers of pons (pontine crossing tract),0.736733,correct,360,1_highconf_correct.csv,362,aligned,high,1.0,Exact match between query and top1 candidate (case-insensitive).,aligned,high,1.0,Exact match (case varies) for 'Transverse Fibers'.,aligned,high,1.0,Exact match except capitalization; same anatomical structure.,aligned,high,1.0,3/3,False,3-0,stable,Exact match between query and top1 candidate (case-insensitive). | Exact match (case varies) for 'Transverse Fibers'. | Exact match except capitalization; same anatomical structure.,,
species,Trapezoid body,high_confidence,1.0,HOMBA:12796,trapezoid body,bm25+exact+fuzzy,Trapezoid body,Trapezoid body,,1.0,nucleus of trapezoid body,0.680833,correct,361,1_highconf_correct.csv,363,aligned,high,1.0,Exact match between query and top1 candidate.,aligned,high,1.0,Exact match for 'Trapezoid body'.,aligned,high,1.0,Exact match except capitalization; same structure.,aligned,high,1.0,3/3,False,3-0,stable,Exact match between query and top1 candidate. | Exact match for 'Trapezoid body'. | Exact match except capitalization; same structure.,,
species,Ventral anterior thalamic nucleus,high_confidence,1.0,HOMBA:10417,ventral anterior nucleus of thalamus,bm25+exact+fuzzy,Ventral anterior thalamic nucleus,Ventral anterior thalamic nucleus,ventral,1.0,anterior nuclear complex of thalamus,0.6952,correct,362,1_highconf_correct.csv,364,aligned,high,1.0,Accepted synonym: ventral anterior thalamic nucleus and ventral anterior nucleus of thalamus are the same structure.,aligned,high,1.0,Standard synonym: 'ventral anterior nucleus of thalamus' for 'ventral anterior thalamic nucleus'.,aligned,high,1.0,Synonymous phrase: 'ventral anterior thalamic nucleus' and 'ventral anterior nucleus of thalamus' refer to the same thalamic nucleus.,aligned,high,1.0,3/3,False,3-0,stable,Accepted synonym: ventral anterior thalamic nucleus and ventral anterior nucleus of thalamus are the same structure. | Standard synonym: 'ventral anterior nucleus of thalamus' for 'ventral anterior thalamic nucleus'. | Synonymous phrase: 'ventral anterior thalamic nucleus' and 'ventral anterior nucleus of thalamus' refer to the same thalamic nucleus.,,
species,Ventral endopiriform claustrum,high_confidence,1.0,HOMBA:AA30854,ventral endopiriform nucleus,bm25+exact+fuzzy,Ventral endopiriform claustrum,Ventral endopiriform claustrum,ventral,1.0,endopiriform nucleus,0.753867,correct,363,1_highconf_correct.csv,365,wrong,medium,0.8,"Top1 names a nucleus, but query specifies 'claustrum'; likely different anatomical structures despite same modifier.",aligned,medium,0.85,Query 'ventral endopiriform claustrum' likely refers to same structure as 'ventral endopiriform nucleus' in HOMBA.,aligned,high,1.0,'Ventral endopiriform claustrum' is a synonym for ventral endopiriform nucleus in many neuroanatomical contexts.,aligned,medium,0.8833,2/3,True,2-1,majority_vote,"Top1 names a nucleus, but query specifies 'claustrum'; likely different anatomical structures despite same modifier. | Query 'ventral endopiriform claustrum' likely refers to same structure as 'ventral endopiriform nucleus' in HOMBA. | 'Ventral endopiriform claustrum' is a synonym for ventral endopiriform nucleus in many neuroanatomical contexts.",,
species,Ventral hippocampal commissure,high_confidence,1.0,HOMBA:12023,ventral hippocampal commissure,bm25+exact+fuzzy,Ventral hippocampal commissure,Ventral hippocampal commissure,ventral,1.0,hippocampal commissure,0.753867,correct,364,1_highconf_correct.csv,366,aligned,high,1.0,Exact match between query and top1 candidate (case-insensitive).,aligned,high,1.0,Exact match for 'Ventral hippocampal commissure'.,aligned,high,1.0,Exact match except capitalization; same structure.,aligned,high,1.0,3/3,False,3-0,stable,Exact match between query and top1 candidate (case-insensitive). | Exact match for 'Ventral hippocampal commissure'. | Exact match except capitalization; same structure.,,
species,Ventral pallidum,high_confidence,1.0,HOMBA:10345,ventral pallidum,bm25+exact+fuzzy,Ventral pallidum,Ventral pallidum,ventral,1.0,globus pallidus (paleostriatum),0.705435,correct,365,1_highconf_correct.csv,367,aligned,high,1.0,Exact match between query and top1_name.,aligned,high,1.0,top1_name 'ventral pallidum' exactly matches query 'Ventral pallidum' (case variant).,aligned,high,1.0,"Exact match, case-insensitive: 'Ventral pallidum' = 'ventral pallidum'.",aligned,high,1.0,3/3,False,3-0,stable,"Exact match between query and top1_name. | top1_name 'ventral pallidum' exactly matches query 'Ventral pallidum' (case variant). | Exact match, case-insensitive: 'Ventral pallidum' = 'ventral pallidum'.",,
species,Ventral tegmental area,high_confidence,1.0,HOMBA:12261,ventral tegmental area,bm25+exact+fuzzy,Ventral tegmental area,Ventral tegmental area,ventral,1.0,ventral tegmental tract in hindbrain,0.876515,correct,366,1_highconf_correct.csv,368,aligned,high,1.0,Exact match between query and top1_name.,aligned,high,1.0,top1_name 'ventral tegmental area' exactly matches query 'Ventral tegmental area' (case variant).,aligned,high,1.0,"Exact match, case-insensitive: 'Ventral tegmental area' = 'ventral tegmental area'.",aligned,high,1.0,3/3,False,3-0,stable,"Exact match between query and top1_name. | top1_name 'ventral tegmental area' exactly matches query 'Ventral tegmental area' (case variant). | Exact match, case-insensitive: 'Ventral tegmental area' = 'ventral tegmental area'.",,
species,Ventromedial hypothalamic nucleus,high_confidence,1.0,HOMBA:10488,ventromedial hypothalamic nucleus,bm25+exact+fuzzy+hierarchy_parent,Ventromedial hypothalamic nucleus,Ventromedial hypothalamic nucleus,,1.0,core of ventromedial hypothalamic nucleus,0.75465,correct,367,1_highconf_correct.csv,369,aligned,high,1.0,Exact match between query and top1_name.,aligned,high,1.0,top1_name 'ventromedial hypothalamic nucleus' exactly matches query 'Ventromedial hypothalamic nucleus' (case variant).,aligned,high,1.0,"Exact match, case-insensitive: 'Ventromedial hypothalamic nucleus' = 'ventromedial hypothalamic nucleus'.",aligned,high,1.0,3/3,False,3-0,stable,"Exact match between query and top1_name. | top1_name 'ventromedial hypothalamic nucleus' exactly matches query 'Ventromedial hypothalamic nucleus' (case variant). | Exact match, case-insensitive: 'Ventromedial hypothalamic nucleus' = 'ventromedial hypothalamic nucleus'.",,
species,Xiphoid thalamic nucleus,high_confidence,1.0,HOMBA:AA30277,xiphoid thalamic nucleus,bm25+exact+fuzzy,Xiphoid thalamic nucleus,Xiphoid thalamic nucleus,,1.0,ventral midline nuclei of thalamus,0.97,correct,368,1_highconf_correct.csv,370,aligned,high,1.0,Exact match between query and top1_name.,aligned,high,1.0,top1_name 'xiphoid thalamic nucleus' exactly matches query 'Xiphoid thalamic nucleus' (case variant).,aligned,high,1.0,"Exact match, case-insensitive: 'Xiphoid thalamic nucleus' = 'xiphoid thalamic nucleus'.",aligned,high,1.0,3/3,False,3-0,stable,"Exact match between query and top1_name. | top1_name 'xiphoid thalamic nucleus' exactly matches query 'Xiphoid thalamic nucleus' (case variant). | Exact match, case-insensitive: 'Xiphoid thalamic nucleus' = 'xiphoid thalamic nucleus'.",,
species,Dorsal Lateral Geniculate,high_confidence,0.9975,HOMBA:10429,lateral geniculate nucleus (dorsal lateral geniculate nucleus),bm25+fuzzy,Dorsal Lateral Geniculate,dorsal lateral geniculate nucleus,dorsal;lateral,1.0,pregeniculate nucleus (ventral lateral geniculate nucleus),0.660104,correct,369,1_highconf_correct.csv,371,aligned,high,1.0,"Top1 includes 'dorsal lateral geniculate nucleus' as an alias, matching the query.",aligned,high,1.0,top1_name includes 'dorsal lateral geniculate nucleus' which is the full form of query 'Dorsal Lateral Geniculate'; synonymous.,aligned,high,0.99,"Query 'Dorsal Lateral Geniculate' is a conventional shorthand for dorsal lateral geniculate nucleus, explicitly included in top1 name.",aligned,high,0.9967,3/3,False,3-0,stable,"Top1 includes 'dorsal lateral geniculate nucleus' as an alias, matching the query. | top1_name includes 'dorsal lateral geniculate nucleus' which is the full form of query 'Dorsal Lateral Geniculate'; synonymous. | Query 'Dorsal Lateral Geniculate' is a conventional shorthand for dorsal lateral geniculate nucleus, explicitly included in top1 name.",,
species,Ventral posterolateral thalamic nucleus,high_confidence,0.9975,HOMBA:10424,ventral posterior lateral nucleus,bm25+fuzzy,ventral posterolateral nucleus of thalamus,ventral posterolateral nucleus,ventral,1.0,ventral lateral nucleus of thalamus,0.888079,correct,370,1_highconf_correct.csv,372,aligned,high,0.98,Ventral posterolateral nucleus and ventral posterior lateral nucleus are synonymous; conventional word-order variant.,aligned,high,0.98,Top1 is a synonym: ventral posterior lateral nucleus is the same as ventral posterolateral thalamic nucleus.,aligned,high,1.0,Synonym: 'ventral posterolateral' equals 'ventral posterior lateral'. Same thalamic nucleus.,aligned,high,0.9867,3/3,False,3-0,stable,Ventral posterolateral nucleus and ventral posterior lateral nucleus are synonymous; conventional word-order variant. | Top1 is a synonym: ventral posterior lateral nucleus is the same as ventral posterolateral thalamic nucleus. | Synonym: 'ventral posterolateral' equals 'ventral posterior lateral'. Same thalamic nucleus.,,
species,Ventral posteromedial thalamic nucleus,high_confidence,0.9975,HOMBA:10425,ventral posterior medial nucleus,bm25+fuzzy,ventral posteromedial nucleus of thalamus,ventral posteromedial nucleus,ventral,1.0,ventral medial nucleus of thalamus,0.880708,correct,371,1_highconf_correct.csv,373,aligned,high,0.98,Ventral posteromedial nucleus and ventral posterior medial nucleus are synonymous; conventional word-order variant.,aligned,high,0.98,Top1 is a synonym: ventral posterior medial nucleus is the same as ventral posteromedial thalamic nucleus.,aligned,high,1.0,Synonym: 'ventral posteromedial' equals 'ventral posterior medial'. Same thalamic nucleus.,aligned,high,0.9867,3/3,False,3-0,stable,Ventral posteromedial nucleus and ventral posterior medial nucleus are synonymous; conventional word-order variant. | Top1 is a synonym: ventral posterior medial nucleus is the same as ventral posteromedial thalamic nucleus. | Synonym: 'ventral posteromedial' equals 'ventral posterior medial'. Same thalamic nucleus.,,
species,"Lateral lemniscus, unspecified",high_confidence,0.997155,HOMBA:12760,lateral lemniscus,bm25+fuzzy,"Lateral lemniscus, unspecified",lateral lemniscus,lateral,1.0,nuclei of lateral lemniscus,0.75538,correct,372,1_highconf_correct.csv,374,aligned,high,1.0,Unspecific qualifier does not change anatomy; top1 names the same structure.,aligned,high,0.99,"Top1 is the exact anatomical structure; 'unspecified' is a qualifier, not part of the anatomical name.",aligned,high,1.0,"Top1 matches the core anatomical name; 'unspecified' is a source qualifier, not a structure difference.",aligned,high,0.9967,3/3,False,3-0,stable,"Unspecific qualifier does not change anatomy; top1 names the same structure. | Top1 is the exact anatomical structure; 'unspecified' is a qualifier, not part of the anatomical name. | Top1 matches the core anatomical name; 'unspecified' is a source qualifier, not a structure difference.",,
species,"Cingulate gyrus, posterior",high_confidence,0.996027,HOMBA:10285,posterior cingulate cortex (PCC),bm25+fuzzy,cingulate cortex posterior,posterior cingulate cortex,posterior,1.0,"cingulate gyrus, caudal (posterior) part",0.889801,correct,373,1_highconf_correct.csv,375,aligned,high,0.95,Posterior cingulate gyrus and posterior cingulate cortex refer to the same region; synonymous.,aligned,high,0.97,Posterior cingulate cortex is the same as posterior part of cingulate gyrus; synonymous.,aligned,high,0.99,Posterior cingulate cortex is standard term for posterior cingulate gyrus; used interchangeably.,aligned,high,0.97,3/3,False,3-0,stable,Posterior cingulate gyrus and posterior cingulate cortex refer to the same region; synonymous. | Posterior cingulate cortex is the same as posterior part of cingulate gyrus; synonymous. | Posterior cingulate cortex is standard term for posterior cingulate gyrus; used interchangeably.,,
species,"Frontal orbital cortex, lateral",high_confidence,0.993571,HOMBA:10205,"lateral orbital frontal cortex (OFCl, area 12/47)",bm25+fuzzy,"Frontal orbital cortex, lateral",lateral orbital frontal cortex,lateral,1.0,orbital frontal cortex,0.63524,correct,374,1_highconf_correct.csv,376,aligned,high,0.98,Lateral part of frontal orbital cortex maps directly to lateral orbital frontal cortex.,aligned,high,0.98,Lateral orbital frontal cortex is the same as lateral part of frontal orbital cortex.,aligned,high,1.0,"'Frontal orbital cortex, lateral' and 'lateral orbital frontal cortex' are word-order variants of same region.",aligned,high,0.9867,3/3,False,3-0,stable,"Lateral part of frontal orbital cortex maps directly to lateral orbital frontal cortex. | Lateral orbital frontal cortex is the same as lateral part of frontal orbital cortex. | 'Frontal orbital cortex, lateral' and 'lateral orbital frontal cortex' are word-order variants of same region.",,
species,"Frontal orbital cortex, medial",high_confidence,0.989407,HOMBA:10195,medial orbital frontal cortex (area 14),bm25+fuzzy,"Frontal orbital cortex, medial",medial orbital frontal cortex,medial,1.0,orbital frontal cortex,0.638476,correct,375,1_highconf_correct.csv,377,aligned,high,0.98,The top1 matches the query as a reordered synonym for medial orbital frontal cortex.,aligned,high,0.99,"Query 'Frontal orbital cortex, medial' matches top1 'medial orbital frontal cortex (area 14)' as a synonym with acceptable word-order variation.",aligned,high,0.98,"top1 'medial orbital frontal cortex' is a direct synonym for 'frontal orbital cortex, medial', matching the modifier medial.",aligned,high,0.9833,3/3,False,3-0,stable,"The top1 matches the query as a reordered synonym for medial orbital frontal cortex. | Query 'Frontal orbital cortex, medial' matches top1 'medial orbital frontal cortex (area 14)' as a synonym with acceptable word-order variation. | top1 'medial orbital frontal cortex' is a direct synonym for 'frontal orbital cortex, medial', matching the modifier medial.",,
species,"Medial lemniscus, unspecified",high_confidence,0.986071,HOMBA:12763,medial lemniscus,bm25+fuzzy,"Medial lemniscus, unspecified",medial lemniscus,medial,1.0,decussation of medial lemniscus,0.737214,correct,376,1_highconf_correct.csv,378,aligned,high,0.99,"Directly matches medial lemniscus, 'unspecified' is just a qualifier.",aligned,high,0.99,"Query 'Medial lemniscus, unspecified' is exactly matched by top1 'medial lemniscus'; 'unspecified' is a modifier, not a structural element.",aligned,high,0.98,top1 'medial lemniscus' is the same structure; 'unspecified' is a descriptive modifier not altering anatomical identity.,aligned,high,0.9867,3/3,False,3-0,stable,"Directly matches medial lemniscus, 'unspecified' is just a qualifier. | Query 'Medial lemniscus, unspecified' is exactly matched by top1 'medial lemniscus'; 'unspecified' is a modifier, not a structural element. | top1 'medial lemniscus' is the same structure; 'unspecified' is a descriptive modifier not altering anatomical identity.",,
species,Sensory Root of the Trigeminal Nerve,high_confidence,0.984079,HOMBA:12867,sensory root of trigeminal nerve,bm25+fuzzy,sensory roots of the the trigeminal nerve,sensory roots of the trigeminal nerve,,1.0,root of trigeminal nerve,0.97,correct,377,1_highconf_correct.csv,379,aligned,high,0.98,"Directly matches sensory root of trigeminal nerve, minor typographical variation.",aligned,high,0.99,"Query 'Sensory Root of the Trigeminal Nerve' and top1 'sensory root of trigeminal nerve' are essentially identical, differing only in article and word order.",aligned,high,0.98,top1 'sensory root of trigeminal nerve' matches query; minor singular/plural variation is inconsequential.,aligned,high,0.9833,3/3,False,3-0,stable,"Directly matches sensory root of trigeminal nerve, minor typographical variation. | Query 'Sensory Root of the Trigeminal Nerve' and top1 'sensory root of trigeminal nerve' are essentially identical, differing only in article and word order. | top1 'sensory root of trigeminal nerve' matches query; minor singular/plural variation is inconsequential.",,
species,External globus pallidus,high_confidence,0.978625,HOMBA:10343,external division of globus pallidus,bm25+fuzzy,External globus pallidus,external division of globus pallidus,external,1.0,external medullary lamina of globus pallidus,0.806322,correct,378,1_highconf_correct.csv,380,aligned,high,0.98,External globus pallidus is synonymous with external division of globus pallidus.,aligned,high,0.99,Query 'External globus pallidus' and top1 'external division of globus pallidus' are synonymous; 'division' is an accepted synonym.,aligned,high,0.98,top1 'external division of globus pallidus' is a synonymous term for 'external globus pallidus' (GPe).,aligned,high,0.9833,3/3,False,3-0,stable,External globus pallidus is synonymous with external division of globus pallidus. | Query 'External globus pallidus' and top1 'external division of globus pallidus' are synonymous; 'division' is an accepted synonym. | top1 'external division of globus pallidus' is a synonymous term for 'external globus pallidus' (GPe).,,
species,Lateral ventricle,high_confidence,0.976667,HOMBA:10598,body of lateral ventricles,bm25+fuzzy,Lateral ventricle,body of lateral ventricle,lateral,1.0,atrium of lateral ventricles,0.946389,correct,379,1_highconf_correct.csv,381,partial_or_narrower,high,0.95,"Query is whole lateral ventricle, top1 is restricted to its body.",partial_or_narrower,high,0.95,"Query 'Lateral ventricle' refers to the whole structure, but top1 'body of lateral ventricles' is a subpart (the body), which is narrower.",partial_or_narrower,high,0.95,"top1 'body of lateral ventricles' is only a subdivision of the lateral ventricle, not the whole ventricle as queried.",partial_or_narrower,high,0.95,3/3,False,3-0,stable,"Query is whole lateral ventricle, top1 is restricted to its body. | Query 'Lateral ventricle' refers to the whole structure, but top1 'body of lateral ventricles' is a subpart (the body), which is narrower. | top1 'body of lateral ventricles' is only a subdivision of the lateral ventricle, not the whole ventricle as queried.",,
species,Medial Geniculate,high_confidence,0.976667,HOMBA:10434,medial geniculate nucleus,bm25+fuzzy,Medial Geniculate,medial geniculate nucleus,medial,1.0,dorsal (rostral) division of medial geniculate nucleus,0.84379,correct,380,1_highconf_correct.csv,382,aligned,high,0.99,"Query 'Medial Geniculate' is a common shorthand for the medial geniculate nucleus, which is the top1 candidate.",aligned,high,0.98,Medial geniculate nucleus is the standard term for Medial Geniculate; direct synonym.,aligned,high,0.99,"""Medial Geniculate"" is standard abbreviation for medial geniculate nucleus; top1 adds only the implicit term ""nucleus"".",aligned,high,0.9867,3/3,False,3-0,stable,"Query 'Medial Geniculate' is a common shorthand for the medial geniculate nucleus, which is the top1 candidate. | Medial geniculate nucleus is the standard term for Medial Geniculate; direct synonym. | ""Medial Geniculate"" is standard abbreviation for medial geniculate nucleus; top1 adds only the implicit term ""nucleus"".",,
species,"Inferior colliculus, external cortex",high_confidence,0.965739,HOMBA:12308,external shell (cortex) of inferior colliculus,bm25+fuzzy,"Inferior colliculus, external cortex",external cortex of inferior colliculus,external,1.0,external capsule,0.339071,correct,381,1_highconf_correct.csv,383,aligned,high,0.99,"Top1 name 'external shell (cortex) of inferior colliculus' is fully consistent with query 'Inferior colliculus, external cortex'.",aligned,high,0.97,"External shell (cortex) of inferior colliculus matches query 'Inferior colliculus, external cortex'.",aligned,high,0.99,"""Inferior colliculus, external cortex"" directly matches top1 ""external shell (cortex) of inferior colliculus"".",aligned,high,0.9833,3/3,False,3-0,stable,"Top1 name 'external shell (cortex) of inferior colliculus' is fully consistent with query 'Inferior colliculus, external cortex'. | External shell (cortex) of inferior colliculus matches query 'Inferior colliculus, external cortex'. | ""Inferior colliculus, external cortex"" directly matches top1 ""external shell (cortex) of inferior colliculus"".",,
species,Medial lemniscus decussation,high_confidence,0.965498,HOMBA:12732,decussation of medial lemniscus,bm25+fuzzy,Medial lemniscus decussation,decussation of medial lemniscus,medial;decussation,1.0,medial lemniscus,0.41295,correct,382,1_highconf_correct.csv,384,aligned,high,0.99,"'decussation of medial lemniscus' is a conventional word-order variant of 'Medial lemniscus decussation', same structure.",aligned,high,0.97,Decussation of medial lemniscus is word-order variant of Medial lemniscus decussation.,aligned,high,0.99,"""Medial lemniscus decussation"" and ""decussation of medial lemniscus"" are synonymous, differing only in word order.",aligned,high,0.9833,3/3,False,3-0,stable,"'decussation of medial lemniscus' is a conventional word-order variant of 'Medial lemniscus decussation', same structure. | Decussation of medial lemniscus is word-order variant of Medial lemniscus decussation. | ""Medial lemniscus decussation"" and ""decussation of medial lemniscus"" are synonymous, differing only in word order.",,
species,"Lateral lemniscus, dorsal nucleus",high_confidence,0.963718,HOMBA:12455,dorsal nucleus of lateral lemniscus,bm25+fuzzy,lateral lemniscus dorsal nuclei,dorsal nuclei of lateral lemniscus,lateral;dorsal,1.0,nuclei of lateral lemniscus,0.784314,correct,383,1_highconf_correct.csv,385,aligned,high,0.99,"Top1 'dorsal nucleus of lateral lemniscus' exactly matches the query 'Lateral lemniscus, dorsal nucleus'.",aligned,high,0.96,"Dorsal nucleus of lateral lemniscus exactly matches query 'Lateral lemniscus, dorsal nucleus'.",aligned,high,0.99,"""Lateral lemniscus, dorsal nucleus"" exactly matches top1 ""dorsal nucleus of lateral lemniscus"".",aligned,high,0.98,3/3,False,3-0,stable,"Top1 'dorsal nucleus of lateral lemniscus' exactly matches the query 'Lateral lemniscus, dorsal nucleus'. | Dorsal nucleus of lateral lemniscus exactly matches query 'Lateral lemniscus, dorsal nucleus'. | ""Lateral lemniscus, dorsal nucleus"" exactly matches top1 ""dorsal nucleus of lateral lemniscus"".",,
species,"Lateral lemniscus, intermediate nucleus",high_confidence,0.963418,HOMBA:12456,intermediate nucleus of lateral lemniscus,bm25+fuzzy,"Lateral lemniscus, intermediate nucleus",intermediate nucleus of lateral lemniscus,lateral,1.0,nuclei of lateral lemniscus,0.490664,correct,384,1_highconf_correct.csv,386,aligned,high,0.99,"Top1 'intermediate nucleus of lateral lemniscus' is a precise match for query 'Lateral lemniscus, intermediate nucleus'.",aligned,high,0.96,"Intermediate nucleus of lateral lemniscus exactly matches query 'Lateral lemniscus, intermediate nucleus'.",aligned,high,0.99,"""Lateral lemniscus, intermediate nucleus"" exactly matches top1 ""intermediate nucleus of lateral lemniscus"".",aligned,high,0.98,3/3,False,3-0,stable,"Top1 'intermediate nucleus of lateral lemniscus' is a precise match for query 'Lateral lemniscus, intermediate nucleus'. | Intermediate nucleus of lateral lemniscus exactly matches query 'Lateral lemniscus, intermediate nucleus'. | ""Lateral lemniscus, intermediate nucleus"" exactly matches top1 ""intermediate nucleus of lateral lemniscus"".",,
species,"Lateral lemniscus, ventral nucleus",high_confidence,0.959619,HOMBA:12457,ventral nucleus of lateral lemniscus,bm25+fuzzy,lateral lemniscus ventral nuclei,ventral nuclei of lateral lemniscus,lateral;ventral,1.0,lateral subdivision of LaV,0.47003,correct,385,1_highconf_correct.csv,387,aligned,high,0.95,Direct anatomical match; synonym with word order variation.,aligned,high,1.0,"The top1_name is the standard form of the query's 'Lateral lemniscus, ventral nucleus'.",aligned,high,0.98,Query names the ventral nucleus of lateral lemniscus; top1 exactly matches.,aligned,high,0.9767,3/3,False,3-0,stable,"Direct anatomical match; synonym with word order variation. | The top1_name is the standard form of the query's 'Lateral lemniscus, ventral nucleus'. | Query names the ventral nucleus of lateral lemniscus; top1 exactly matches.",,
species,Brachium Superior Colliculus,high_confidence,0.954229,HOMBA:12328,brachium of superior colliculus,bm25+fuzzy,Brachium Superior Colliculus,brachium of superior colliculus,,1.0,superior colliculus,0.752528,correct,386,1_highconf_correct.csv,388,aligned,high,0.95,Direct match; same named entity with word order variation.,aligned,high,1.0,The top1_name matches the query with conventional preposition insertion; same structure.,aligned,high,0.99,Brachium of superior colliculus is the same structure; minor word-order variant.,aligned,high,0.98,3/3,False,3-0,stable,Direct match; same named entity with word order variation. | The top1_name matches the query with conventional preposition insertion; same structure. | Brachium of superior colliculus is the same structure; minor word-order variant.,,
species,Amygdalostriatal Transition,high_confidence,0.951216,HOMBA:10381,amygdalostriatal transition area,bm25+fuzzy,Amygdalostriatal Transition,amygdalostriatal transition area,,1.0,amygdaloid transition areas,0.353645,correct,387,1_highconf_correct.csv,389,aligned,high,0.95,Direct match; top1 expands query with 'area' which is part of the standard name.,aligned,high,1.0,The top1_name adds 'area' but refers to the same amygdalostriatal transition region.,aligned,high,0.95,Amygdalostriatal transition area is same entity; 'area' is conventional suffix.,aligned,high,0.9667,3/3,False,3-0,stable,Direct match; top1 expands query with 'area' which is part of the standard name. | The top1_name adds 'area' but refers to the same amygdalostriatal transition region. | Amygdalostriatal transition area is same entity; 'area' is conventional suffix.,,
species,Commissure of the superior colliculus,high_confidence,0.950756,HOMBA:AA30487,commissure of superior colliculus,bm25+fuzzy,Commissure of the superior colliculus,commissure of superior colliculus,,1.0,commissure of inferior colliculus,0.602064,correct,388,1_highconf_correct.csv,390,aligned,high,0.95,Direct match; minor article difference ('the' omitted) - accepted synonym.,aligned,high,1.0,The top1_name is a synonym without the article 'the'; same commissure of superior colliculus.,aligned,high,0.99,Same commissure; only missing 'the' from query.,aligned,high,0.98,3/3,False,3-0,stable,Direct match; minor article difference ('the' omitted) - accepted synonym. | The top1_name is a synonym without the article 'the'; same commissure of superior colliculus. | Same commissure; only missing 'the' from query.,,
species,Nucleus of the trapezoid body,high_confidence,0.950614,HOMBA:12458,nucleus of trapezoid body,bm25+fuzzy+hierarchy_parent,Nucleus of the trapezoid body,nucleus of trapezoid body,,1.0,trapezoid body,0.741462,correct,389,1_highconf_correct.csv,391,aligned,high,0.95,Direct match; minor article difference ('the' omitted) - accepted synonym.,aligned,high,1.0,The top1_name removes 'the' but denotes the identical nucleus of trapezoid body.,aligned,high,0.99,Same nucleus; minor stop-word difference.,aligned,high,0.98,3/3,False,3-0,stable,Direct match; minor article difference ('the' omitted) - accepted synonym. | The top1_name removes 'the' but denotes the identical nucleus of trapezoid body. | Same nucleus; minor stop-word difference.,,
species,Brachium of the superior colliculus,high_confidence,0.948553,HOMBA:12328,brachium of superior colliculus,bm25+fuzzy,Brachium of the superior colliculus,brachium of superior colliculus,,1.0,superior colliculus,0.753545,correct,390,1_highconf_correct.csv,392,aligned,high,1.0,"top1_name is a direct synonym with 'the' omitted, standard variant.",aligned,high,1.0,Exact match after minor word-order variation ('of the' vs 'of').,aligned,high,0.98,Minor word-order variation; same anatomical structure.,aligned,high,0.9933,3/3,False,3-0,stable,"top1_name is a direct synonym with 'the' omitted, standard variant. | Exact match after minor word-order variation ('of the' vs 'of'). | Minor word-order variation; same anatomical structure.",,
species,Dorsal raphe,high_confidence,0.947851,HOMBA:12223,dorsal raphe nucleus,bm25+fuzzy,Dorsal raphe,dorsal raphe nuclei,dorsal,1.0,cap of dorsal raphe nucleus,0.778654,correct,391,1_highconf_correct.csv,393,aligned,high,1.0,top1_name is the full name of the same structure; 'dorsal raphe' commonly refers to the nucleus.,aligned,high,1.0,'Dorsal raphe' is a standard abbreviation for dorsal raphe nucleus.,aligned,high,0.95,'Dorsal raphe' is a standard shorthand for the dorsal raphe nucleus.,aligned,high,0.9833,3/3,False,3-0,stable,top1_name is the full name of the same structure; 'dorsal raphe' commonly refers to the nucleus. | 'Dorsal raphe' is a standard abbreviation for dorsal raphe nucleus. | 'Dorsal raphe' is a standard shorthand for the dorsal raphe nucleus.,,
species,Bed nucleus of the stria terminalis,high_confidence,0.947234,HOMBA:10384,bed nucleus of stria terminalis,bm25+fuzzy,Bed nucleus of the stria terminalis,bed nucleus of stria terminalis,,1.0,stria terminalis,0.338265,correct,392,1_highconf_correct.csv,394,aligned,high,1.0,Synonym with 'the' omitted; identical structure.,aligned,high,1.0,Minor synonym: 'bed nucleus of the stria terminalis' matches 'bed nucleus of stria terminalis'.,aligned,high,0.98,Difference only in a definite article; same entity.,aligned,high,0.9933,3/3,False,3-0,stable,Synonym with 'the' omitted; identical structure. | Minor synonym: 'bed nucleus of the stria terminalis' matches 'bed nucleus of stria terminalis'. | Difference only in a definite article; same entity.,,
species,Accumbens nucleus,high_confidence,0.94,HOMBA:10339,nucleus accumbens,bm25+fuzzy+hierarchy_parent,nucleus accumbens nucleus,nucleus accumbens,,1.0,core of nucleus accumbens,0.613926,correct,393,1_highconf_correct.csv,395,aligned,high,1.0,Standard word-order variant of the same structure.,aligned,high,1.0,'Accumbens nucleus' and 'nucleus accumbens' are standard synonyms.,aligned,high,0.99,'Accumbens nucleus' and 'nucleus accumbens' are equivalent terms.,aligned,high,0.9967,3/3,False,3-0,stable,Standard word-order variant of the same structure. | 'Accumbens nucleus' and 'nucleus accumbens' are standard synonyms. | 'Accumbens nucleus' and 'nucleus accumbens' are equivalent terms.,,
species,Periaqueductal gray,high_confidence,0.94,HOMBA:AA30359,periaqueductal gray region,bm25+fuzzy,Periaqueductal gray,periaqueductal gray region,,1.0,periaqueductal gray substance,0.845546,correct,394,1_highconf_correct.csv,396,aligned,high,1.0,"top1_name is a synonym including 'region', same structure.",aligned,high,1.0,'Periaqueductal gray' and 'periaqueductal gray region' refer to the same structure.,aligned,high,0.97,'Periaqueductal gray' and 'periaqueductal gray region' refer to the same structure.,aligned,high,0.99,3/3,False,3-0,stable,"top1_name is a synonym including 'region', same structure. | 'Periaqueductal gray' and 'periaqueductal gray region' refer to the same structure. | 'Periaqueductal gray' and 'periaqueductal gray region' refer to the same structure.",,
species,Fimbria of the hippocampus,high_confidence,0.928336,HOMBA:10575,fimbria,bm25+fuzzy,Fimbria of the hippocampus,fimbria of hippocampus,,1.0,hippocampal proper (Cornu Ammonis),0.381246,correct,395,1_highconf_correct.csv,397,aligned,high,1.0,top1_name 'fimbria' is a direct synonym for the query 'Fimbria of the hippocampus'.,aligned,high,1.0,"Top1 'fimbria' is a standard short form for 'fimbria of the hippocampus', directly naming the same structure.",aligned,high,0.99,"'fimbria' is standard shorthand for fimbria of hippocampus, directly matching the query.",aligned,high,0.9967,3/3,False,3-0,stable,"top1_name 'fimbria' is a direct synonym for the query 'Fimbria of the hippocampus'. | Top1 'fimbria' is a standard short form for 'fimbria of the hippocampus', directly naming the same structure. | 'fimbria' is standard shorthand for fimbria of hippocampus, directly matching the query.",,
species,Lateral Posterior Thalamus,high_confidence,0.904161,HOMBA:10408,lateral posterior nucleus of thalamus,bm25+fuzzy,Lateral Posterior Thalamus,lateral posterior nuclei of thalamus,lateral;posterior,1.0,posterior nucleus of thalamus,0.672721,correct,396,1_highconf_correct.csv,398,aligned,high,1.0,top1_name 'lateral posterior nucleus of thalamus' is a standard name for 'Lateral Posterior Thalamus'.,aligned,high,1.0,Top1 'lateral posterior nucleus of thalamus' matches the query 'Lateral Posterior Thalamus' as the specific nucleus.,aligned,high,0.99,'Lateral Posterior Thalamus' is common shorthand for lateral posterior nucleus of thalamus.,aligned,high,0.9967,3/3,False,3-0,stable,top1_name 'lateral posterior nucleus of thalamus' is a standard name for 'Lateral Posterior Thalamus'. | Top1 'lateral posterior nucleus of thalamus' matches the query 'Lateral Posterior Thalamus' as the specific nucleus. | 'Lateral Posterior Thalamus' is common shorthand for lateral posterior nucleus of thalamus.,,
species,Ventral Anterior Thalamus,high_confidence,0.90125,HOMBA:10417,ventral anterior nucleus of thalamus,bm25+fuzzy,Ventral Anterior Thalamus,ventral anterior nuclei of thalamus,ventral,1.0,anterior nuclear complex of thalamus,0.463345,correct,397,1_highconf_correct.csv,399,aligned,high,1.0,top1_name 'ventral anterior nucleus of thalamus' matches the query 'Ventral Anterior Thalamus'.,aligned,high,1.0,Top1 'ventral anterior nucleus of thalamus' matches the query 'Ventral Anterior Thalamus' as the specific nucleus.,aligned,high,0.99,'Ventral Anterior Thalamus' is common shorthand for ventral anterior nucleus of thalamus.,aligned,high,0.9967,3/3,False,3-0,stable,top1_name 'ventral anterior nucleus of thalamus' matches the query 'Ventral Anterior Thalamus'. | Top1 'ventral anterior nucleus of thalamus' matches the query 'Ventral Anterior Thalamus' as the specific nucleus. | 'Ventral Anterior Thalamus' is common shorthand for ventral anterior nucleus of thalamus.,,
