dataset,query,review_flag,score,top_homba_id,top_name,methods,matched_query,matched_alias,modifier_terms,modifier_match_score,rank2_name,rank2_score,_category,_mechanism
corpus,Uncus,low_confidence,0.224002,HOMBA:12165,uncus of (para)hippocampal gyrus,bm25,Uncus,uncus of parahippocampal gyrus,,1.0,,,A_effectively_correct,correct entry/parent at rank 1 (low score)
corpus,Ventralis intermedius,low_confidence,0.37625,HOMBA:12187,anterior (ventral /principal) pretectal nucleus,fuzzy,Ventralis intermedius,ventral,,1.0,anterior (ventral) spinal artery,0.37625,B_algo,weak/lone-token fuzzy trap
corpus,Frontoinsular area,low_confidence,0.4375,HOMBA:12176,insular lobe,fuzzy,Frontoinsular area,insula,,1.0,subincertal nucleus (area),0.304583,B_algo,weak/lone-token fuzzy trap
corpus,Median cingulate and paracingulate gyri,low_confidence,0.455738,HOMBA:146034872,paracingulate gyrus,bm25+fuzzy,Median cingulate and paracingulate gyri,paracingulate gyrus,,1.0,paracingulate sulcus,0.410247,A_effectively_correct,correct entry/parent at rank 1 (low score)
corpus,V4 transitional area,low_confidence,0.465391,HOMBA:AA30818,transitional fourth visual area (V4T),bm25+fuzzy,V4 transitional area,transitional fourth visual area,,1.0,amygdaloid transition areas,0.391388,A_effectively_correct,correct entry/parent at rank 1 (low score)
corpus,Prefrontal area 10pp,low_confidence,0.466685,HOMBA:10172,prefrontal cortex,bm25+fuzzy+hierarchy_parent,Prefrontal area 10pp,prefrontal cortex,,1.0,anterior cingulate  cortex (ventromedial prefrontal cortex),0.444361,D_homba_gap,HOMBA lacks this granularity
corpus,Area 55b,low_confidence,0.468125,HOMBA:AA30011,area 55b of premotor cortex,bm25+fuzzy,Area 55b,area 55b of premotor cortex,,1.0,,,D_homba_gap,HOMBA lacks this granularity
corpus,Paracentral area 5mv,low_confidence,0.468271,HOMBA:12126,"paracentral lobule, rostral part",bm25+fuzzy,Paracentral area 5mv,"paracentral lobule, rostral part",,1.0,paracentral nucleus of thalamus,0.414023,D_homba_gap,HOMBA lacks this granularity
corpus,Paracentral area 5L,low_confidence,0.473193,HOMBA:12126,"paracentral lobule, rostral part",bm25+fuzzy,Paracentral area 5L,"paracentral lobule, rostral part",,1.0,"rostral division of SPC (area 5, area PE)",0.424342,D_homba_gap,HOMBA lacks this granularity
corpus,Paracentral area 5m,low_confidence,0.473193,HOMBA:12126,"paracentral lobule, rostral part",bm25+fuzzy,Paracentral area 5m,"paracentral lobule, rostral part",,1.0,"rostral division of SPC (area 5, area PE)",0.424342,D_homba_gap,HOMBA lacks this granularity
corpus,Prefrontal area 10d,low_confidence,0.473285,HOMBA:10172,prefrontal cortex,bm25+fuzzy+hierarchy_parent,Prefrontal area 10d,prefrontal cortex,,1.0,anterior cingulate  cortex (ventromedial prefrontal cortex),0.450426,D_homba_gap,HOMBA lacks this granularity
corpus,Prefrontal area 10r,low_confidence,0.473285,HOMBA:10172,prefrontal cortex,bm25+fuzzy+hierarchy_parent,Prefrontal area 10r,prefrontal cortex,,1.0,anterior cingulate  cortex (ventromedial prefrontal cortex),0.450426,D_homba_gap,HOMBA lacks this granularity
corpus,Prefrontal area 47l,low_confidence,0.473285,HOMBA:10172,prefrontal cortex,bm25+fuzzy+hierarchy_parent,Prefrontal area 47l,prefrontal cortex,,1.0,anterior cingulate  cortex (ventromedial prefrontal cortex),0.450426,D_homba_gap,HOMBA lacks this granularity
corpus,Prefrontal area 47m,low_confidence,0.473285,HOMBA:10172,prefrontal cortex,bm25+fuzzy+hierarchy_parent,Prefrontal area 47m,prefrontal cortex,,1.0,anterior cingulate  cortex (ventromedial prefrontal cortex),0.450426,D_homba_gap,HOMBA lacks this granularity
corpus,Prefrontal area 47r,low_confidence,0.473285,HOMBA:10172,prefrontal cortex,bm25+fuzzy+hierarchy_parent,Prefrontal area 47r,prefrontal cortex,,1.0,anterior cingulate  cortex (ventromedial prefrontal cortex),0.450426,D_homba_gap,HOMBA lacks this granularity
corpus,Prefrontal area 47s,low_confidence,0.473285,HOMBA:10172,prefrontal cortex,bm25+fuzzy+hierarchy_parent,Prefrontal area 47s,prefrontal cortex,,1.0,anterior cingulate  cortex (ventromedial prefrontal cortex),0.450426,D_homba_gap,HOMBA lacks this granularity
corpus,Prefrontal area 8Ad,low_confidence,0.473285,HOMBA:10172,prefrontal cortex,bm25+fuzzy+hierarchy_parent,Prefrontal area 8Ad,prefrontal cortex,,1.0,anterior cingulate  cortex (ventromedial prefrontal cortex),0.450426,D_homba_gap,HOMBA lacks this granularity
corpus,Prefrontal area 8Av,low_confidence,0.473285,HOMBA:10172,prefrontal cortex,bm25+fuzzy+hierarchy_parent,Prefrontal area 8Av,prefrontal cortex,,1.0,anterior cingulate  cortex (ventromedial prefrontal cortex),0.450426,D_homba_gap,HOMBA lacks this granularity
corpus,Prefrontal area 8BL,low_confidence,0.473285,HOMBA:10172,prefrontal cortex,bm25+fuzzy+hierarchy_parent,Prefrontal area 8BL,prefrontal cortex,,1.0,anterior cingulate  cortex (ventromedial prefrontal cortex),0.450426,D_homba_gap,HOMBA lacks this granularity
corpus,Prefrontal area 8BM,low_confidence,0.473285,HOMBA:10172,prefrontal cortex,bm25+fuzzy+hierarchy_parent,Prefrontal area 8BM,prefrontal cortex,,1.0,anterior cingulate  cortex (ventromedial prefrontal cortex),0.450426,D_homba_gap,HOMBA lacks this granularity
corpus,Prefrontal area 8C,low_confidence,0.48031,HOMBA:10172,prefrontal cortex,bm25+fuzzy+hierarchy_parent,Prefrontal area 8C,prefrontal cortex,,1.0,anterior cingulate  cortex (ventromedial prefrontal cortex),0.456893,D_homba_gap,HOMBA lacks this granularity
corpus,Prefrontal area 9a,low_confidence,0.48031,HOMBA:10172,prefrontal cortex,bm25+fuzzy+hierarchy_parent,Prefrontal area 9a,prefrontal cortex,,1.0,anterior cingulate  cortex (ventromedial prefrontal cortex),0.456893,D_homba_gap,HOMBA lacks this granularity
corpus,Prefrontal area 9m,low_confidence,0.48031,HOMBA:10172,prefrontal cortex,bm25+fuzzy+hierarchy_parent,Prefrontal area 9m,prefrontal cortex,,1.0,anterior cingulate  cortex (ventromedial prefrontal cortex),0.456893,D_homba_gap,HOMBA lacks this granularity
corpus,Prefrontal area 9p,low_confidence,0.48031,HOMBA:10172,prefrontal cortex,bm25+fuzzy+hierarchy_parent,Prefrontal area 9p,prefrontal cortex,,1.0,anterior cingulate  cortex (ventromedial prefrontal cortex),0.456893,D_homba_gap,HOMBA lacks this granularity
corpus,Rolandic operculum,low_confidence,0.483531,HOMBA:12127,frontal operculum,bm25+fuzzy,Rolandic operculum,frontal operculum,,1.0,parietal operculum,0.462011,A_effectively_correct,correct entry/parent at rank 1 (low score)
corpus,Vestigial hippocampal sulcus,low_confidence,0.488391,HOMBA:10560,hippocampal commissure,bm25+fuzzy+hierarchy_parent,Vestigial hippocampal sulcus,hippocampal commissure,,1.0,hippocampal fissure,0.483353,B_algo,wrong top-1 (better candidate exists)
corpus,Cingulate area 24dd,low_confidence,0.488395,HOMBA:10217,cingulate subdivision of area 5,bm25+fuzzy,Cingulate area 24dd,cingulate subdivision of area 5,,1.0,cingulate cortex,0.440965,D_homba_gap,HOMBA lacks this granularity
corpus,Cingulate area 24dv,low_confidence,0.488395,HOMBA:10217,cingulate subdivision of area 5,bm25+fuzzy,Cingulate area 24dv,cingulate subdivision of area 5,,1.0,cingulate cortex,0.440965,D_homba_gap,HOMBA lacks this granularity
corpus,Opercular area OP2-3,low_confidence,0.48908,HOMBA:266441161,opercular subdivision of area 44,bm25+fuzzy,Opercular area OP2-3,opercular subdivision of area 44,,1.0,subincertal nucleus (area),0.29025,D_homba_gap,HOMBA lacks this granularity
corpus,Premotor area 6mp,low_confidence,0.490741,HOMBA:10168,"premotor cortex (area 6, area FB, secondary motor cortex)",bm25+fuzzy,Premotor area 6mp,premotor cortex,,1.0,area 55b of premotor cortex,0.399311,D_homba_gap,HOMBA lacks this granularity
corpus,Cingulate area 23c,low_confidence,0.493369,HOMBA:10217,cingulate subdivision of area 5,bm25+fuzzy,Cingulate area 23c,cingulate subdivision of area 5,,1.0,cingulate cortex,0.447868,D_homba_gap,HOMBA lacks this granularity
corpus,Cingulate area 23d,low_confidence,0.493369,HOMBA:10217,cingulate subdivision of area 5,bm25+fuzzy,Cingulate area 23d,cingulate subdivision of area 5,,1.0,cingulate cortex,0.447868,D_homba_gap,HOMBA lacks this granularity
corpus,Cingulate area 31a,low_confidence,0.493369,HOMBA:10217,cingulate subdivision of area 5,bm25+fuzzy,Cingulate area 31a,cingulate subdivision of area 5,,1.0,cingulate cortex,0.447868,D_homba_gap,HOMBA lacks this granularity
corpus,Cingulate area a24,low_confidence,0.493369,HOMBA:10217,cingulate subdivision of area 5,bm25+fuzzy,Cingulate area a24,cingulate subdivision of area 5,,1.0,cingulate cortex,0.447868,D_homba_gap,HOMBA lacks this granularity
corpus,Cingulate area p24,low_confidence,0.493369,HOMBA:10217,cingulate subdivision of area 5,bm25+fuzzy,Cingulate area p24,cingulate subdivision of area 5,,1.0,cingulate cortex,0.447868,D_homba_gap,HOMBA lacks this granularity
corpus,Subcallosal cortex,low_confidence,0.494196,HOMBA:10281,subgenual (subcallosal) cingulate cortex (area 25),bm25+fuzzy,Subcallosal cortex,subcallosal,,1.0,cingulate cortex,0.493809,A_effectively_correct,correct entry/parent at rank 1 (low score)
corpus,Parahippocampal area PeEc,low_confidence,0.497208,HOMBA:12162,parahippocampal gyrus,bm25+fuzzy+hierarchy_parent,Parahippocampal area PeEc,parahippocampal gyrus,,1.0,cingulate-parahippocampal isthmus,0.482411,A_effectively_correct,correct entry/parent at rank 1 (low score)
corpus,Premotor area 6a,low_confidence,0.498215,HOMBA:10168,"premotor cortex (area 6, area FB, secondary motor cortex)",bm25+fuzzy,Premotor area 6a,premotor cortex,,1.0,area 55b of premotor cortex,0.404119,D_homba_gap,HOMBA lacks this granularity
corpus,Premotor area 6d,low_confidence,0.498215,HOMBA:10168,"premotor cortex (area 6, area FB, secondary motor cortex)",bm25+fuzzy,Premotor area 6d,premotor cortex,,1.0,area 55b of premotor cortex,0.404119,D_homba_gap,HOMBA lacks this granularity
corpus,Premotor area 6m,low_confidence,0.498215,HOMBA:10168,"premotor cortex (area 6, area FB, secondary motor cortex)",bm25+fuzzy,Premotor area 6m,premotor cortex,,1.0,area 55b of premotor cortex,0.404119,D_homba_gap,HOMBA lacks this granularity
corpus,Premotor area 6r,low_confidence,0.498215,HOMBA:10168,"premotor cortex (area 6, area FB, secondary motor cortex)",bm25+fuzzy,Premotor area 6r,premotor cortex,,1.0,area 55b of premotor cortex,0.404119,D_homba_gap,HOMBA lacks this granularity
corpus,Premotor area 6v,low_confidence,0.498215,HOMBA:10168,"premotor cortex (area 6, area FB, secondary motor cortex)",bm25+fuzzy,Premotor area 6v,premotor cortex,,1.0,area 55b of premotor cortex,0.404119,D_homba_gap,HOMBA lacks this granularity
corpus,Frontal opercular cortex,low_confidence,0.498321,HOMBA:12119,"inferior frontal gyrus, opercular part",bm25+fuzzy,Frontal opercular cortex,"inferior frontal gyrus, opercular part",,1.0,inferior frontal gyrus,0.497356,A_effectively_correct,correct entry/parent at rank 1 (low score)
corpus,Centre median parafascicular complex,low_confidence,0.501895,HOMBA:10428,posterior nuclear complex of thalamus,hierarchy_parent,Centre median parafascicular complex,posterior nuclear complex of thalamus,,1.0,subicular complex,0.454027,B_algo,wrong top-1 (better candidate exists)
corpus,Laterodorsal tegmentum,low_confidence,0.504843,HOMBA:AA30860,laterodorsal subdivision of PuM,bm25+fuzzy,Laterodorsal tegmentum,laterodorsal subdivision of PuM,,1.0,pontine tegmentum,0.500243,B_algo,wrong top-1 (better candidate exists)
corpus,Temporal area STSda,low_confidence,0.505197,HOMBA:12139,temporal lobe,bm25+fuzzy+hierarchy_parent,Temporal area STSda,temporal lobe,,1.0,temporal claustrum,0.493558,D_homba_gap,HOMBA lacks this granularity
corpus,Temporal area STSdp,low_confidence,0.505197,HOMBA:12139,temporal lobe,bm25+fuzzy+hierarchy_parent,Temporal area STSdp,temporal lobe,,1.0,temporal claustrum,0.493558,D_homba_gap,HOMBA lacks this granularity
corpus,Temporal area STSva,low_confidence,0.505197,HOMBA:12139,temporal lobe,bm25+fuzzy+hierarchy_parent,Temporal area STSva,temporal lobe,,1.0,temporal claustrum,0.493558,D_homba_gap,HOMBA lacks this granularity
corpus,Temporal area STSvp,low_confidence,0.505197,HOMBA:12139,temporal lobe,bm25+fuzzy+hierarchy_parent,Temporal area STSvp,temporal lobe,,1.0,temporal claustrum,0.493558,D_homba_gap,HOMBA lacks this granularity
corpus,Temporal area STGg,low_confidence,0.512266,HOMBA:12139,temporal lobe,bm25+fuzzy+hierarchy_parent,Temporal area STGg,temporal lobe,,1.0,temporal claustrum,0.500359,D_homba_gap,HOMBA lacks this granularity
corpus,Supracalcarine cortex,low_confidence,0.513508,HOMBA:13322,dorsolateral temporal cortex,hierarchy_parent,Supracalcarine cortex,dorsolateral temporal cortex,,1.0,"primary visual cortex (first visual cortex, striate cortex, area 17, area OC)",0.460206,B_algo,wrong top-1 (better candidate exists)
corpus,Temporal area TE1a,low_confidence,0.514775,HOMBA:12139,temporal lobe,bm25+fuzzy+hierarchy_parent,Temporal area TE1a,temporal lobe,,1.0,temporal claustrum,0.484723,D_homba_gap,HOMBA lacks this granularity
corpus,Temporal area TE1m,low_confidence,0.514775,HOMBA:12139,temporal lobe,bm25+fuzzy+hierarchy_parent,Temporal area TE1m,temporal lobe,,1.0,temporal claustrum,0.494445,D_homba_gap,HOMBA lacks this granularity
corpus,Temporal area TE1p,low_confidence,0.514775,HOMBA:12139,temporal lobe,bm25+fuzzy+hierarchy_parent,Temporal area TE1p,temporal lobe,,1.0,temporal claustrum,0.484723,D_homba_gap,HOMBA lacks this granularity
corpus,Temporal area TE2a,low_confidence,0.514775,HOMBA:12139,temporal lobe,bm25+fuzzy+hierarchy_parent,Temporal area TE2a,temporal lobe,,1.0,temporal claustrum,0.484723,D_homba_gap,HOMBA lacks this granularity
corpus,Forel's field H,low_confidence,0.51772,HOMBA:AA30325,prerubral field (field H3),bm25+fuzzy,Forel's field H,prerubral field (field H3),,1.0,lenticular fasciculus (field H2),0.511592,D_homba_gap,HOMBA lacks this granularity
corpus,Temporal area PSL,low_confidence,0.519881,HOMBA:12139,temporal lobe,bm25+fuzzy+hierarchy_parent,Temporal area PSL,temporal lobe,,1.0,temporal claustrum,0.489256,D_homba_gap,HOMBA lacks this granularity
corpus,Temporal area TGd,low_confidence,0.519881,HOMBA:12139,temporal lobe,bm25+fuzzy+hierarchy_parent,Temporal area TGd,temporal lobe,,1.0,temporal claustrum,0.489256,D_homba_gap,HOMBA lacks this granularity
corpus,Opercular area OP1,low_confidence,0.520818,HOMBA:266441161,opercular subdivision of area 44,bm25+fuzzy,Opercular area OP1,opercular subdivision of area 44,,1.0,subincertal nucleus (area),0.304583,D_homba_gap,HOMBA lacks this granularity
corpus,Opercular area OP4,low_confidence,0.527818,HOMBA:266441161,opercular subdivision of area 44,bm25+fuzzy,Opercular area OP4,opercular subdivision of area 44,,1.0,subincertal nucleus (area),0.304583,D_homba_gap,HOMBA lacks this granularity
corpus,Area PH,low_confidence,0.529821,HOMBA:AA30351,subincertal nucleus (area),fuzzy,Area PH,area,,1.0,ventral tuberomammillary nucleus (area),0.529821,B_algo,weak/lone-token fuzzy trap
corpus,Anterior cingulate and paracingulate gyri,low_confidence,0.53058,HOMBA:10278,anterior cingulate  cortex (ventromedial prefrontal cortex),bm25+fuzzy,Anterior cingulate and paracingulate gyri,anterior cingulate  cortex,,1.0,cingulate cortex,0.525099,A_effectively_correct,correct entry/parent at rank 1 (low score)
corpus,Precuneal cortex,low_confidence,0.534309,HOMBA:10172,prefrontal cortex,bm25+fuzzy,Precuneal cortex,prefrontal cortex,,1.0,frontal cortex,0.528305,B_algo,wrong top-1 (better candidate exists)
corpus,Meyer's loop (geniculocalcarine tract),low_confidence,0.53796,HOMBA:266441617,Meyer's loop of optic radiation,bm25+fuzzy,Meyer's loop (geniculocalcarine tract),Meyer's loop of optic radiation,geniculocalcarine;tract;geniculocalcarine tract,0.0,capsular part of optic radiation (geniculocalcarine tract),0.451388,A_effectively_correct,correct entry/parent at rank 1 (low score)
corpus,Prefrontal area 9-46d,low_confidence,0.544979,HOMBA:10181,intermediate division of DFC (area 9/46),bm25+fuzzy,Prefrontal area 9-46d,area 9,,1.0,"rostrodorsal division of DFC (area 9, DFCd)",0.544979,D_homba_gap,HOMBA lacks this granularity
corpus,Prefrontal area 9-46v,low_confidence,0.544979,HOMBA:10181,intermediate division of DFC (area 9/46),bm25+fuzzy,Prefrontal area 9-46v,area 9,,1.0,"rostrodorsal division of DFC (area 9, DFCd)",0.544979,D_homba_gap,HOMBA lacks this granularity
corpus,A1 catecholaminergic cell group,low_confidence,0.546631,HOMBA:AA30843,A8 dopamine cell group,bm25+fuzzy,A1 catecholaminergic cell group,A8 dopamine cell group,,1.0,A2 noradrenaline cell group,0.505414,D_homba_gap,HOMBA lacks this granularity
corpus,A4 catecholaminergic cell group,low_confidence,0.546631,HOMBA:AA30843,A8 dopamine cell group,bm25+fuzzy,A4 catecholaminergic cell group,A8 dopamine cell group,,1.0,A2 noradrenaline cell group,0.505414,D_homba_gap,HOMBA lacks this granularity
corpus,A5 catecholaminergic cell group,low_confidence,0.546631,HOMBA:AA30843,A8 dopamine cell group,bm25+fuzzy,A5 catecholaminergic cell group,A8 dopamine cell group,,1.0,A2 noradrenaline cell group,0.505414,D_homba_gap,HOMBA lacks this granularity
corpus,Insular area FOP1,low_confidence,0.547455,HOMBA:12176,insular lobe,bm25+fuzzy+hierarchy_parent,Insular area FOP1,insula,,1.0,major insular cortex,0.424743,D_homba_gap,HOMBA lacks this granularity
corpus,Insular area FOP2,low_confidence,0.547455,HOMBA:12176,insular lobe,bm25+fuzzy+hierarchy_parent,Insular area FOP2,insula,,1.0,major insular cortex,0.424743,D_homba_gap,HOMBA lacks this granularity
corpus,Insular area FOP3,low_confidence,0.547455,HOMBA:12176,insular lobe,bm25+fuzzy+hierarchy_parent,Insular area FOP3,insula,,1.0,major insular cortex,0.424743,D_homba_gap,HOMBA lacks this granularity
corpus,Insular area FOP4,low_confidence,0.547455,HOMBA:12176,insular lobe,bm25+fuzzy+hierarchy_parent,Insular area FOP4,insula,,1.0,major insular cortex,0.424743,D_homba_gap,HOMBA lacks this granularity
corpus,Insular area FOP5,low_confidence,0.547455,HOMBA:12176,insular lobe,bm25+fuzzy+hierarchy_parent,Insular area FOP5,insula,,1.0,major insular cortex,0.424743,D_homba_gap,HOMBA lacks this granularity
corpus,Premotor eye field,low_confidence,0.552394,HOMBA:AA30010,frontal eye field of premotor cortex,bm25+fuzzy,Premotor eye field,frontal eye field of premotor cortex,,1.0,prerubral field (field H3),0.249898,A_effectively_correct,correct entry/parent at rank 1 (low score)
corpus,Anterior intraparietal area,low_confidence,0.554875,HOMBA:12840,"lobule II (central lobule and wing, anterior part)",bm25+fuzzy,Anterior intraparietal area,anterior part,,1.0,"lobule IV (culmen and quadrangular lobule, anterior part)",0.554875,B_algo,wrong top-1 (better candidate exists)
corpus,Cuneal cortex,low_confidence,0.566442,HOMBA:12308,external shell (cortex) of inferior colliculus,bm25+fuzzy,Cuneal cortex,cortex,,1.0,"primary visual cortex (first visual cortex, striate cortex, area 17, area OC)",0.544575,B_algo,wrong top-1 (better candidate exists)
corpus,Temporal area TF,low_confidence,0.568748,HOMBA:10260,lateral division of PHC (area TF),bm25+fuzzy,Temporal area TF,area TF,,1.0,temporal lobe,0.528107,D_homba_gap,HOMBA lacks this granularity
corpus,Calcarine fissure and surrounding cortex,low_confidence,0.572195,HOMBA:10612,calcarine sulcus (fissure),bm25+fuzzy+hierarchy_parent,Calcarine fissure and surrounding cortex,calcarine fissure,,1.0,rostral (common) portion of calcarine sulcus,0.436355,A_effectively_correct,correct entry/parent at rank 1 (low score)
corpus,Parietal area IP0,low_confidence,0.574173,HOMBA:12131,parietal lobe,bm25+fuzzy+hierarchy_parent,Parietal area IP0,parietal lobe,,1.0,parietal operculum,0.494173,D_homba_gap,HOMBA lacks this granularity
corpus,Parietal area IP1,low_confidence,0.574173,HOMBA:12131,parietal lobe,bm25+fuzzy+hierarchy_parent,Parietal area IP1,parietal lobe,,1.0,parietal operculum,0.494173,D_homba_gap,HOMBA lacks this granularity
corpus,Parietal area IP2,low_confidence,0.574173,HOMBA:12131,parietal lobe,bm25+fuzzy+hierarchy_parent,Parietal area IP2,parietal lobe,,1.0,parietal operculum,0.494173,D_homba_gap,HOMBA lacks this granularity
corpus,Parietal area PFt,low_confidence,0.574173,HOMBA:12131,parietal lobe,bm25+fuzzy+hierarchy_parent,Parietal area PFt,parietal lobe,,1.0,"rostral division of IPC (IPCr, area 40, area PF)",0.496324,D_homba_gap,HOMBA lacks this granularity
corpus,Parietal area PGi,low_confidence,0.574173,HOMBA:12131,parietal lobe,bm25+fuzzy+hierarchy_parent,Parietal area PGi,parietal lobe,,1.0,parietal operculum,0.494173,D_homba_gap,HOMBA lacks this granularity
corpus,Parietal area PGp,low_confidence,0.574173,HOMBA:12131,parietal lobe,bm25+fuzzy+hierarchy_parent,Parietal area PGp,parietal lobe,,1.0,parietal operculum,0.494173,D_homba_gap,HOMBA lacks this granularity
corpus,Parietal area PGs,low_confidence,0.574173,HOMBA:12131,parietal lobe,bm25+fuzzy+hierarchy_parent,Parietal area PGs,parietal lobe,,1.0,parietal operculum,0.494173,D_homba_gap,HOMBA lacks this granularity
corpus,Frontal area SFL,low_confidence,0.579864,HOMBA:12113,frontal lobe,bm25+fuzzy+hierarchy_parent,Frontal area SFL,frontal lobe,,1.0,frontal pole,0.499864,D_homba_gap,HOMBA lacks this granularity
corpus,Parietal area PFm,low_confidence,0.584173,HOMBA:12131,parietal lobe,bm25+fuzzy+hierarchy_parent,Parietal area PFm,parietal lobe,,1.0,parietal operculum,0.504173,D_homba_gap,HOMBA lacks this granularity
corpus,Parietal area PFop,low_confidence,0.585961,HOMBA:12131,parietal lobe,bm25+fuzzy+hierarchy_parent,Parietal area PFop,parietal lobe,,1.0,parietal operculum,0.505961,D_homba_gap,HOMBA lacks this granularity
corpus,Parietal area PFcm,low_confidence,0.58735,HOMBA:12131,parietal lobe,bm25+fuzzy+hierarchy_parent,Parietal area PFcm,parietal lobe,,1.0,parietal operculum,0.50735,D_homba_gap,HOMBA lacks this granularity
corpus,Intralaminar thalamic nuclei,low_confidence,0.592628,HOMBA:AA30311,posterior marginal (intralaminar) nucleus of thalamus (PIL),bm25+fuzzy,intralaminar thalamic nucleus,posterior marginal intralaminar thalamic nucleus pil,,1.0,ventral midline nuclei of thalamus,0.329252,A_effectively_correct,correct entry/parent at rank 1 (low score)
corpus,Lateral intraparietal area (ventral),modifier_conflict,0.579282,HOMBA:267498979,lateral subdivision of area 7,bm25+fuzzy,Lateral intraparietal area (ventral),intraparietal subdivision of area 7,ventral;lateral,0.5,parvicellular (ventral) division of BL,0.571534,A_effectively_correct,modifier de-specified to correct parent
corpus,Medial dorsal thalamic nucleus,modifier_conflict,0.765336,HOMBA:10445,central medial nucleus of thalamus,bm25+fuzzy,medial dorsal nucleus of thalamus,central medial nucleus of thalamus,medial;dorsal,0.5,ventral medial nucleus of thalamus,0.765336,C_dict,medial dorsal -> mediodorsal (fused) nucleus of thalamus
corpus,Transverse temporal gyri (Heschl's gyri),modifier_conflict,0.825032,HOMBA:12144,transverse temporal gyrus (Heschl's gyrus),bm25+fuzzy,Transverse temporal gyri (Heschl's gyri),transverse temporal gyrus (Heschl's gyrus),heschls;gyri;heschls gyri,0.333333,transverse temporal sulcus,0.58161,A_effectively_correct,modifier de-specified to correct parent
corpus,Lateral occipital cortex (inferior),modifier_conflict,0.840855,HOMBA:AA30024,"lateral temporal-occipital cortex (area 37l, area TEO)",bm25+fuzzy,Lateral occipital cortex,lateral temporal-occipital cortex,inferior;lateral,0.5,inferior occipital sulcus,0.614363,A_effectively_correct,modifier de-specified to correct parent
corpus,Lateral occipital cortex (superior),modifier_conflict,0.840855,HOMBA:AA30024,"lateral temporal-occipital cortex (area 37l, area TEO)",bm25+fuzzy,Lateral occipital cortex,lateral temporal-occipital cortex,superior;lateral,0.5,superior occipital gyrus,0.622427,A_effectively_correct,modifier de-specified to correct parent
corpus,Cingulate gyrus (anterior posterior part),modifier_conflict,0.895,HOMBA:10278,anterior cingulate  cortex (ventromedial prefrontal cortex),bm25+fuzzy,cingulate cortex,anterior cingulate  cortex,anterior;posterior;anterior posterior part,0.333333,cingulate cortex,0.88,A_effectively_correct,modifier de-specified to correct parent
corpus,Ventral posterior external thalamic nucleus,modifier_conflict,0.9231,HOMBA:10423,ventral posterior nuclear complex of thalamus,bm25+fuzzy,Ventral posterior external thalamic nucleus,ventral posterior thalamic nucleus,ventral;posterior;external,0.666667,posterior nucleus of thalamus,0.733646,A_effectively_correct,modifier de-specified to correct parent
corpus,Cingulate gyrus (anterior anterior part),modifier_conflict,0.9775,HOMBA:10278,anterior cingulate  cortex (ventromedial prefrontal cortex),bm25+fuzzy,cingulate cortex,anterior cingulate  cortex,anterior;anterior anterior part,0.5,cingulate cortex,0.88,A_effectively_correct,modifier de-specified to correct parent
corpus,Inferior olive (principal nucleus),modifier_conflict,1.0,HOMBA:12600,inferior olive,bm25+exact+fuzzy,Inferior olive,Inferior olive,principal;nucleus;principal nucleus,0.333333,"inferior olive, principal division",1.0,A_effectively_correct,exact base match; subdivision not in HOMBA
corpus,Lateral reticular nucleus (magnocellular),modifier_conflict,1.0,HOMBA:12634,lateral reticular nucleus,bm25+exact+fuzzy,Lateral reticular nucleus,Lateral reticular nucleus,magnocellular;lateral;reticular,0.666667,"lateral reticular nucleus, magnocellular division",1.0,A_effectively_correct,exact base match; subdivision not in HOMBA
corpus,Lateral reticular nucleus (parvicellular),modifier_conflict,1.0,HOMBA:12634,lateral reticular nucleus,bm25+exact+fuzzy,Lateral reticular nucleus,Lateral reticular nucleus,parvicellular;lateral;reticular,0.666667,"lateral reticular nucleus, parvicellular division",1.0,A_effectively_correct,exact base match; subdivision not in HOMBA
corpus,Temporal pole (middle temporal gyrus),modifier_conflict,1.0,HOMBA:12146,temporal pole (temporopolar cortex),bm25+exact+fuzzy,Temporal pole,Temporal pole,middle;temporal;gyrus;middle temporal gyrus,0.25,middle temporal gyrus,0.945,A_effectively_correct,exact base match; subdivision not in HOMBA
corpus,Temporal pole (superior temporal gyrus),modifier_conflict,1.0,HOMBA:12146,temporal pole (temporopolar cortex),bm25+exact+fuzzy,Temporal pole,Temporal pole,superior;temporal;gyrus;superior temporal gyrus,0.25,superior temporal gyrus,0.513302,A_effectively_correct,exact base match; subdivision not in HOMBA
corpus,Lateral intraparietal area (dorsal),needs_review,0.612878,HOMBA:12227,"dorsal raphe nucleus, lateral division",bm25+fuzzy,Lateral intraparietal area (dorsal),"dorsal raphe nucleus, lateral division",dorsal;lateral,1.0,"lateral parabrachial nucleus, dorsal division",0.608614,B_algo,wrong top-1 (better candidate exists)
corpus,Frontal eye field,needs_review,0.617023,HOMBA:AA30010,frontal eye field of premotor cortex,bm25+fuzzy,Frontal eye field,frontal eye field of premotor cortex,,1.0,frontal lobe,0.304528,A_effectively_correct,synonym/parent match (review-only flag)
corpus,Fundal superior temporal area,needs_review,0.623143,HOMBA:12139,temporal lobe,bm25+hierarchy_parent,Fundal superior temporal area,temporal lobe,,1.0,medial superior temporal area,0.615103,A_effectively_correct,synonym/parent match (review-only flag)
corpus,Visual area V3,needs_review,0.624612,HOMBA:AA30824,"dorsal third visual area (V3D, V3)",bm25+fuzzy,visual cortex v3,dorsal third visual cortex v3,,1.0,sixth visual area,0.23572,A_effectively_correct,synonym/parent match (review-only flag)
corpus,Prefrontal area 46,needs_review,0.629168,HOMBA:10184,"rostroventral division of DFC (area 46, DFCv)",bm25+fuzzy+hierarchy_parent,Prefrontal area 46,area 46,,1.0,dorsolateral prefrontal cortex,0.609884,D_homba_gap,HOMBA lacks this granularity
corpus,Posterior opercular area POS2,needs_review,0.639186,HOMBA:AA30485,caudal (posterior) branch of anterior commissure,bm25+fuzzy,Posterior opercular area POS2,posterior,posterior,1.0,caudal (posterior) extramural migratory stream,0.639186,B_algo,weak/lone-token fuzzy trap
corpus,Olfactory cortex,needs_review,0.640353,HOMBA:11371,olfactory division of entorhinal cortex,bm25+fuzzy,Olfactory cortex,olfactory division of entorhinal cortex,,1.0,olfactory tubercle,0.27741,A_effectively_correct,synonym/parent match (review-only flag)
corpus,Ventral intraparietal area,needs_review,0.641675,HOMBA:12261,ventral tegmental area,bm25+fuzzy,Ventral intraparietal area,ventral tegmental area,ventral,1.0,anterior (ventral /principal) pretectal nucleus,0.636541,B_algo,weak/lone-token fuzzy trap
corpus,Middle occipital gyrus,needs_review,0.643905,HOMBA:12148,occipital lobe,bm25+fuzzy+hierarchy_parent,Middle occipital gyrus,occipital lobe,,1.0,middle ectosylvian gyrus,0.576258,A_effectively_correct,synonym/parent match (review-only flag)
corpus,Central opercular cortex (posterior),needs_review,0.646011,HOMBA:AA30009,frontal motor cortex (posterior frontal cortex),bm25+fuzzy,Central opercular cortex (posterior),posterior frontal cortex,posterior,1.0,medial (caudal) entorhinal cortex,0.632966,A_effectively_correct,synonym/parent match (review-only flag)
corpus,Medial insular area,needs_review,0.649001,HOMBA:AA30006,medial division of orbitofrontal insular cortex,bm25+fuzzy,Medial insular area,medial division of orbitofrontal insular cortex,medial,1.0,fastigial (medial) nucleus,0.374934,A_effectively_correct,synonym/parent match (review-only flag)
corpus,Central opercular cortex (anterior),needs_review,0.651574,HOMBA:10318,lateral (rostral) entorhinal cortex,bm25+fuzzy,Central opercular cortex (anterior),lateral (anterior) entorhinal cortex,anterior,1.0,anterior cingulate  cortex (ventromedial prefrontal cortex),0.636614,B_algo,wrong top-1 (better candidate exists)
corpus,Visual area V6,needs_review,0.660445,HOMBA:267499151,"sixth visual area V6 , part A",bm25+fuzzy,visual cortex v6,sixth visual cortex v6 part a,,1.0,sixth visual area,0.636783,A_effectively_correct,synonym/parent match (review-only flag)
corpus,Parietal area PF,needs_review,0.661335,HOMBA:10226,"rostral division of IPC (IPCr, area 40, area PF)",bm25+fuzzy,Parietal area PF,area PF,,1.0,parietal lobe,0.580856,D_homba_gap,HOMBA lacks this granularity
corpus,Somatosensory area 3a,needs_review,0.665067,HOMBA:10209,"primary somatosensory cortex (first somatosensory cortex, areas 3,1,2)",bm25+fuzzy+hierarchy_parent,somatosensory cortex 3a,somatosensory cortex,,1.0,somatosensory radiation,0.540332,D_homba_gap,HOMBA lacks this granularity
corpus,Somatosensory area 3b,needs_review,0.665067,HOMBA:10209,"primary somatosensory cortex (first somatosensory cortex, areas 3,1,2)",bm25+fuzzy+hierarchy_parent,somatosensory cortex 3b,somatosensory cortex,,1.0,somatosensory radiation,0.540332,D_homba_gap,HOMBA lacks this granularity
corpus,Visual area V3A,needs_review,0.665067,HOMBA:10269,"primary visual cortex (first visual cortex, striate cortex, area 17, area OC)",bm25+fuzzy+hierarchy_parent,visual cortex v3a,visual cortex,,1.0,"fifth visual area (middle temporal area, MT)",0.509601,D_homba_gap,HOMBA lacks this granularity
corpus,Visual area V3B,needs_review,0.665067,HOMBA:10269,"primary visual cortex (first visual cortex, striate cortex, area 17, area OC)",bm25+fuzzy+hierarchy_parent,visual cortex v3b,visual cortex,,1.0,"fifth visual area (middle temporal area, MT)",0.509601,D_homba_gap,HOMBA lacks this granularity
corpus,Visual area V4,needs_review,0.665067,HOMBA:10269,"primary visual cortex (first visual cortex, striate cortex, area 17, area OC)",bm25+fuzzy+hierarchy_parent,visual cortex v4,visual cortex,,1.0,ventral fourth visual area (V4V),0.5375,D_homba_gap,HOMBA lacks this granularity
corpus,Visual area V6A,needs_review,0.665067,HOMBA:10269,"primary visual cortex (first visual cortex, striate cortex, area 17, area OC)",bm25+fuzzy+hierarchy_parent,visual cortex v6a,visual cortex,,1.0,"sixth visual area V6 , part A",0.556725,D_homba_gap,HOMBA lacks this granularity
corpus,Visual area V8,needs_review,0.665067,HOMBA:10269,"primary visual cortex (first visual cortex, striate cortex, area 17, area OC)",bm25+fuzzy+hierarchy_parent,visual cortex v8,visual cortex,,1.0,"fifth visual area (middle temporal area, MT)",0.52175,D_homba_gap,HOMBA lacks this granularity
corpus,Intracalcarine cortex (superior),needs_review,0.666353,HOMBA:10215,superior medial parietal cortex,bm25+fuzzy,Intracalcarine cortex (superior),superior,superior,1.0,rostral division of area 22,0.635325,A_effectively_correct,synonym/parent match (review-only flag)
corpus,A8 catecholaminergic cell group,needs_review,0.674151,HOMBA:AA30843,A8 dopamine cell group,bm25+fuzzy,A8 catecholaminergic cell group,A8 dopamine cell group,,1.0,A2 noradrenaline cell group,0.505414,D_homba_gap,HOMBA lacks this granularity
corpus,Temporal occipital fusiform cortex,needs_review,0.674326,HOMBA:13324,ventrolateral temporal cortex,bm25+hierarchy_parent,Temporal occipital fusiform cortex,ventrolateral temporal cortex,,1.0,temporal cortex,0.61694,A_effectively_correct,synonym/parent match (review-only flag)
corpus,Somatosensory area 1,needs_review,0.679416,HOMBA:AA30014,area 1 of primary somatosensory cortex,bm25+fuzzy,somatosensory cortex 1,area 1 of somatosensory cortex,,1.0,subareas of primary somatosensory cortex,0.653098,D_homba_gap,HOMBA lacks this granularity
corpus,Somatosensory area 2,needs_review,0.679416,HOMBA:AA30015,area 2 of primary somatosensory cortex,bm25+fuzzy,somatosensory cortex 2,area 2 of somatosensory cortex,,1.0,subareas of primary somatosensory cortex,0.653098,D_homba_gap,HOMBA lacks this granularity
corpus,Intracalcarine cortex (inferior),needs_review,0.681521,HOMBA:10225,inferior lateral parietal cortex,bm25+fuzzy,Intracalcarine cortex (inferior),posteroventral parietal cortex inferior,inferior,1.0,inferior temporal cortex,0.646765,A_effectively_correct,synonym/parent match (review-only flag)
corpus,Parietal opercular cortex,needs_review,0.697975,HOMBA:10208,parietal cortex,bm25+fuzzy+hierarchy_parent,Parietal opercular cortex,parietal cortex,,1.0,parietal lobe,0.645648,A_effectively_correct,synonym/parent match (review-only flag)
corpus,Anterior pulvinar,needs_review,0.7009,HOMBA:10409,pulvinar of thalamus,bm25+fuzzy+hierarchy_parent,anterior pulvinar of thalamus,pulvinar of thalamus,,1.0,rostral division of pulvinar,0.665213,A_effectively_correct,synonym/parent match (review-only flag)
corpus,Frontal orbital cortex (anterior),needs_review,0.715158,HOMBA:10194,orbital frontal cortex,bm25+fuzzy,Frontal orbital cortex,orbital frontal cortex,anterior,0.0,"lateral orbital frontal cortex (OFCl, area 12/47)",0.643089,A_effectively_correct,synonym/parent match (review-only flag)
corpus,Frontal orbital cortex (posterior),needs_review,0.715158,HOMBA:10194,orbital frontal cortex,bm25+fuzzy,Frontal orbital cortex,orbital frontal cortex,posterior,0.0,"lateral orbital frontal cortex (OFCl, area 12/47)",0.643089,A_effectively_correct,synonym/parent match (review-only flag)
corpus,Pre-supplementary motor area (inferior),needs_review,0.7172,HOMBA:AA30012,medial division of area 6 (supplementary motor area),bm25+fuzzy,Pre-supplementary motor area,supplementary motor area,inferior,0.0,"caudal (posterior, inferior) medullary velum",0.57656,A_effectively_correct,synonym/parent match (review-only flag)
corpus,Pre-supplementary motor area (superior),needs_review,0.7172,HOMBA:AA30012,medial division of area 6 (supplementary motor area),bm25+fuzzy,Pre-supplementary motor area,supplementary motor area,superior,0.0,"rostral (anterior, superior) medullary velum",0.584945,A_effectively_correct,synonym/parent match (review-only flag)
corpus,Anterior ventral insular area,needs_review,0.717423,HOMBA:AA30890,anterior (ventral) spinal artery,bm25+fuzzy,Anterior ventral insular area,anterior (ventral) spinal artery,ventral,1.0,anterior (ventral /principal) pretectal nucleus,0.645205,B_algo,weak/lone-token fuzzy trap
corpus,Ventrolateral medulla,needs_review,0.72379,HOMBA:10662,myelencephalon (medulla oblongata),bm25+fuzzy+hierarchy_parent,ventrolateral medulla oblongata,medulla oblongata,,1.0,tegmentum of medulla oblongata,0.604563,A_effectively_correct,synonym/parent match (review-only flag)
corpus,Vagus (spinal accessory) neurons,needs_review,0.729697,HOMBA:AA30587,spinal accessory nucleus,bm25+fuzzy,Vagus (spinal accessory) neurons,spinal accessory nucleus,spinal;accessory;spinal accessory,1.0,roots of spinal accessory nerve,0.680368,A_effectively_correct,synonym/parent match (review-only flag)
corpus,Visual area V7,needs_review,0.734583,HOMBA:267499179,seventh visual area V7,bm25+fuzzy,visual cortex v7,seventh visual cortex v7,,1.0,sixth visual area,0.23572,A_effectively_correct,synonym/parent match (review-only flag)
corpus,Posterior insular area,needs_review,0.739318,HOMBA:AA30485,caudal (posterior) branch of anterior commissure,bm25+fuzzy,Posterior insular area,posterior,posterior,1.0,caudal (posterior) extramural migratory stream,0.739318,B_algo,weak/lone-token fuzzy trap
corpus,Temporal frontal cortex (anterior),needs_review,0.759299,HOMBA:10241,rostral division of area 22,bm25+fuzzy,Temporal frontal cortex (anterior),anterior   superior temporal cortex,anterior,1.0,frontal cortex,0.676739,A_effectively_correct,synonym/parent match (review-only flag)
corpus,Accessory trigeminal nucleus,needs_review,0.760807,HOMBA:12419,accessory facial nucleus,bm25+fuzzy,Accessory trigeminal nucleus,accessory facial nucleus,accessory,1.0,accessory nerve nucleus (supraspinal nucleus),0.758288,B_algo,wrong top-1 (better candidate exists)
corpus,Pedunculopontine tegmentum,needs_review,0.761218,HOMBA:12416,pontine tegmentum,bm25+fuzzy+hierarchy_parent,Pedunculopontine tegmentum,pontine tegmentum,,1.0,midbrain tegmentum,0.488982,A_effectively_correct,synonym/parent match (review-only flag)
corpus,Forel's field H1,needs_review,0.766321,HOMBA:10593,thalamic fasciculus (field H1),bm25+fuzzy,Forel's field H1,field H1,,1.0,prerubral field (field H3),0.504949,A_effectively_correct,synonym/parent match (review-only flag)
corpus,Forel's field H2,needs_review,0.766321,HOMBA:10585,lenticular fasciculus (field H2),bm25+fuzzy,Forel's field H2,field H2,,1.0,prerubral field (field H3),0.504949,A_effectively_correct,synonym/parent match (review-only flag)
corpus,Paracentral lobule,needs_review,0.789651,HOMBA:12126,"paracentral lobule, rostral part",bm25+fuzzy,Paracentral lobule,"paracentral lobule, rostral part",,1.0,"paracentral lobule, caudal part",0.691583,A_effectively_correct,synonym/parent match (review-only flag)
corpus,Occipital fusiform gyrus,needs_review,0.791667,HOMBA:AA30549,fusiform (occipitotemporal) gyrus,bm25+fuzzy,Occipital fusiform gyrus,fusiform   gyrus,,1.0,occipital lobe,0.597979,A_effectively_correct,synonym/parent match (review-only flag)
corpus,Temporal horn of the lateral ventricle,needs_review,0.831652,HOMBA:10597,rostral horn of lateral ventricles,bm25+fuzzy,Temporal horn of the lateral ventricle,anterior horn of lateral ventricle,lateral,1.0,caudal horn of lateral ventricles,0.829634,A_effectively_correct,synonym/parent match (review-only flag)
corpus,Secondary visual cortex,needs_review,0.83465,HOMBA:AA30822,dorsolateral extrastriate occipital cortex,hierarchy_parent,Secondary visual cortex,dorsolateral extrastriate occipital cortex,,1.0,ventromedial extrastriate occipital cortex,0.83465,A_effectively_correct,synonym/parent match (review-only flag)
corpus,Frontal medial cortex,needs_review,0.837395,HOMBA:10195,medial orbital frontal cortex (area 14),bm25+fuzzy,Frontal medial cortex,medial orbital frontal cortex,medial,1.0,medial (caudal) entorhinal cortex,0.395176,A_effectively_correct,synonym/parent match (review-only flag)
corpus,Reticular perithalamic nucleus,needs_review,0.851793,HOMBA:10464,reticular nucleus of thalamus,bm25+fuzzy,Reticular perithalamic nucleus,reticular thalamic nucleus,reticular,1.0,parvicellular division of reticular nucleus (perireticular nucleus),0.704547,A_effectively_correct,synonym/parent match (review-only flag)
corpus,Temporal frontal cortex (posterior),needs_review,0.868214,HOMBA:AA30009,frontal motor cortex (posterior frontal cortex),bm25+fuzzy,Temporal frontal cortex (posterior),posterior frontal cortex,posterior,1.0,caudal division of area 22,0.754612,A_effectively_correct,synonym/parent match (review-only flag)
corpus,Superior parietal gyrus,needs_review,0.877148,HOMBA:12131,parietal lobe,bm25+hierarchy_parent,Superior parietal gyrus,parietal lobe,,1.0,superior parietal lobule (gyrus),0.797148,A_effectively_correct,synonym/parent match (review-only flag)
corpus,Angular gyrus (anterior),needs_review,0.88,HOMBA:12136,angular gyrus,bm25+exact+fuzzy,Angular gyrus,Angular gyrus,anterior,0.0,anterior cingulate  cortex (ventromedial prefrontal cortex),0.420222,A_effectively_correct,exact base match; subdivision not in HOMBA
corpus,Angular gyrus (posterior),needs_review,0.88,HOMBA:12136,angular gyrus,bm25+exact+fuzzy,Angular gyrus,Angular gyrus,posterior,0.0,posterior cingulate cortex (PCC),0.418552,A_effectively_correct,exact base match; subdivision not in HOMBA
corpus,CA4 (dentate hilus),needs_review,0.88,HOMBA:10300,CA4 region of hippocampus,bm25+exact+fuzzy,CA4,CA4,dentate;hilus;dentate hilus,0.0,dentate gyrus,0.558436,A_effectively_correct,exact base match; subdivision not in HOMBA
corpus,Cerebellar cortex (granular layer),needs_review,0.88,HOMBA:10657,cerebellar cortex,bm25+exact+fuzzy,Cerebellar cortex,Cerebellar cortex,granular;layer;granular layer,0.0,granular cell layer of cerebellar cortex,0.824443,A_effectively_correct,exact base match; subdivision not in HOMBA
corpus,Corticospinal tract (pyramids),needs_review,0.88,HOMBA:12047,corticospinal tract,bm25+exact+fuzzy,Corticospinal tract,Corticospinal tract,pyramids,0.0,lateral corticospinal tract,0.7172,A_effectively_correct,exact base match; subdivision not in HOMBA
corpus,Edinger-Westphal nucleus (preganglionic),needs_review,0.88,HOMBA:12197,Edinger-Westphal nucleus (accessory oculomotor nucleus),bm25+exact+fuzzy,Edinger-Westphal nucleus,Edinger-Westphal nucleus,preganglionic,0.0,pre-Edinger-Westphal nucleus,0.7392,A_effectively_correct,exact base match; subdivision not in HOMBA
corpus,Fornix (anterior columns),needs_review,0.88,HOMBA:10576,fornix,bm25+exact+fuzzy,Fornix,Fornix,anterior;columns;anterior columns,0.0,"cingulate gyrus, rostral (anterior) part",0.5817,A_effectively_correct,exact base match; subdivision not in HOMBA
corpus,Frontal pole (lateral),needs_review,0.88,HOMBA:146034888,frontal pole,bm25+exact+fuzzy,Frontal pole,Frontal pole,lateral,0.0,"lateral orbital frontal cortex (OFCl, area 12/47)",0.385433,A_effectively_correct,exact base match; subdivision not in HOMBA
corpus,Frontal pole (medial),needs_review,0.88,HOMBA:146034888,frontal pole,bm25+exact+fuzzy,Frontal pole,Frontal pole,medial,0.0,medial orbital frontal cortex (area 14),0.38715,A_effectively_correct,exact base match; subdivision not in HOMBA
corpus,Inferior frontal gyrus (anterior),needs_review,0.88,HOMBA:12117,inferior frontal gyrus,bm25+exact+fuzzy,Inferior frontal gyrus,Inferior frontal gyrus,anterior,0.0,"inferior frontal gyrus, opercular part",0.689432,A_effectively_correct,exact base match; subdivision not in HOMBA
corpus,Inferior frontal gyrus (orbital part),needs_review,0.88,HOMBA:12117,inferior frontal gyrus,bm25+exact+fuzzy,Inferior frontal gyrus,Inferior frontal gyrus,orbital,0.0,"inferior frontal gyrus, opercular part",0.689432,A_effectively_correct,exact base match; subdivision not in HOMBA
corpus,Inferior frontal gyrus (pars opercularis),needs_review,0.88,HOMBA:12117,inferior frontal gyrus,bm25+exact+fuzzy,Inferior frontal gyrus,Inferior frontal gyrus,pars;opercularis;pars opercularis,0.0,"inferior frontal gyrus, opercular part",0.667432,A_effectively_correct,exact base match; subdivision not in HOMBA
corpus,Inferior frontal gyrus (pars orbitalis),needs_review,0.88,HOMBA:12117,inferior frontal gyrus,bm25+exact+fuzzy,Inferior frontal gyrus,Inferior frontal gyrus,pars;orbitalis;pars orbitalis,0.0,"inferior frontal gyrus, opercular part",0.667432,A_effectively_correct,exact base match; subdivision not in HOMBA
corpus,Inferior frontal gyrus (pars triangularis),needs_review,0.88,HOMBA:12117,inferior frontal gyrus,bm25+exact+fuzzy,Inferior frontal gyrus,Inferior frontal gyrus,pars;triangularis;pars triangularis,0.0,"inferior frontal gyrus, opercular part",0.667432,A_effectively_correct,exact base match; subdivision not in HOMBA
corpus,Inferior temporal gyrus (anterior),needs_review,0.88,HOMBA:12142,inferior temporal gyrus,bm25+exact+fuzzy,Inferior temporal gyrus,Inferior temporal gyrus,anterior,0.0,superior temporal gyrus,0.604975,A_effectively_correct,exact base match; subdivision not in HOMBA
corpus,Inferior temporal gyrus (posterior),needs_review,0.88,HOMBA:12142,inferior temporal gyrus,bm25+exact+fuzzy,Inferior temporal gyrus,Inferior temporal gyrus,posterior,0.0,superior temporal gyrus,0.604975,A_effectively_correct,exact base match; subdivision not in HOMBA
corpus,Inferior temporal gyrus (temporo-occipital),needs_review,0.88,HOMBA:12142,inferior temporal gyrus,bm25+exact+fuzzy,Inferior temporal gyrus,Inferior temporal gyrus,temporo;occipital;temporo occipital,0.0,inferior occipital gyrus,0.72859,A_effectively_correct,exact base match; subdivision not in HOMBA
corpus,Insular cortex (anterior),needs_review,0.88,HOMBA:10288,major insular cortex,bm25+exact+fuzzy,Insular cortex,Insular cortex,anterior,0.0,granular insular cortex (area Ig),0.7172,A_effectively_correct,exact base match; subdivision not in HOMBA
corpus,Insular cortex (posterior),needs_review,0.88,HOMBA:10288,major insular cortex,bm25+exact+fuzzy,Insular cortex,Insular cortex,posterior,0.0,granular insular cortex (area Ig),0.7172,A_effectively_correct,exact base match; subdivision not in HOMBA
corpus,Lenticular nucleus (pallidum),needs_review,0.88,HOMBA:10338,putamen (lateroventral division of the CP),bm25+exact+fuzzy,Lenticular nucleus,Lenticular nucleus,pallidum,0.0,globus pallidus (paleostriatum),0.798376,A_effectively_correct,exact base match; subdivision not in HOMBA
corpus,Middle frontal gyrus (anterior),needs_review,0.88,HOMBA:12116,middle frontal gyrus,bm25+exact+fuzzy,Middle frontal gyrus,Middle frontal gyrus,anterior,0.0,anterior cingulate  cortex (ventromedial prefrontal cortex),0.400222,A_effectively_correct,exact base match; subdivision not in HOMBA
corpus,Middle frontal gyrus (orbital part),needs_review,0.88,HOMBA:12116,middle frontal gyrus,bm25+exact+fuzzy,Middle frontal gyrus,Middle frontal gyrus,orbital,0.0,medial orbital gyrus,0.656148,A_effectively_correct,exact base match; subdivision not in HOMBA
corpus,Middle frontal gyrus (posterior),needs_review,0.88,HOMBA:12116,middle frontal gyrus,bm25+exact+fuzzy,Middle frontal gyrus,Middle frontal gyrus,posterior,0.0,frontal motor cortex (posterior frontal cortex),0.403519,A_effectively_correct,exact base match; subdivision not in HOMBA
corpus,Middle temporal gyrus (anterior),needs_review,0.88,HOMBA:12141,middle temporal gyrus,bm25+exact+fuzzy,Middle temporal gyrus,Middle temporal gyrus,anterior,0.0,"inferior temporal sulcus, rostral portion (anterior middle temporal sulcus)",0.795551,A_effectively_correct,exact base match; subdivision not in HOMBA
corpus,Middle temporal gyrus (posterior),needs_review,0.88,HOMBA:12141,middle temporal gyrus,bm25+exact+fuzzy,Middle temporal gyrus,Middle temporal gyrus,posterior,0.0,"inferior temporal sulcus, caudal portion (posterior middle temporal sulcus)",0.792564,A_effectively_correct,exact base match; subdivision not in HOMBA
corpus,Middle temporal gyrus (temporo-occipital),needs_review,0.88,HOMBA:12141,middle temporal gyrus,bm25+exact+fuzzy,Middle temporal gyrus,Middle temporal gyrus,temporo;occipital;temporo occipital,0.0,"fifth visual area (middle temporal area, MT)",0.599054,A_effectively_correct,exact base match; subdivision not in HOMBA
corpus,Postcentral gyrus (lateral inferior),needs_review,0.88,HOMBA:12132,postcentral gyrus,bm25+exact+fuzzy,Postcentral gyrus,Postcentral gyrus,lateral;inferior;lateral inferior,0.0,inferior horn of lateral ventricles,0.322718,A_effectively_correct,exact base match; subdivision not in HOMBA
corpus,Postcentral gyrus (lateral middle),needs_review,0.88,HOMBA:12132,postcentral gyrus,bm25+exact+fuzzy,Postcentral gyrus,Postcentral gyrus,lateral;middle;lateral middle,0.0,middle temporal gyrus,0.570126,A_effectively_correct,exact base match; subdivision not in HOMBA
corpus,Postcentral gyrus (lateral superior),needs_review,0.88,HOMBA:12132,postcentral gyrus,bm25+exact+fuzzy,Postcentral gyrus,Postcentral gyrus,lateral;superior;lateral superior,0.0,lateral superior olivary nucleus,0.659887,A_effectively_correct,exact base match; subdivision not in HOMBA
corpus,Postcentral gyrus (medial),needs_review,0.88,HOMBA:12132,postcentral gyrus,bm25+exact+fuzzy,Postcentral gyrus,Postcentral gyrus,medial,0.0,medial orbital gyrus,0.411391,A_effectively_correct,exact base match; subdivision not in HOMBA
corpus,Precentral gyrus (lateral inferior),needs_review,0.88,HOMBA:12114,precentral gyrus,bm25+exact+fuzzy,Precentral gyrus,Precentral gyrus,lateral;inferior;lateral inferior,0.0,inferior horn of lateral ventricles,0.322718,A_effectively_correct,exact base match; subdivision not in HOMBA
corpus,Precentral gyrus (lateral middle),needs_review,0.88,HOMBA:12114,precentral gyrus,bm25+exact+fuzzy,Precentral gyrus,Precentral gyrus,lateral;middle;lateral middle,0.0,"lateral fissure, main (caudal) ramus",0.575999,A_effectively_correct,exact base match; subdivision not in HOMBA
corpus,Precentral gyrus (lateral superior),needs_review,0.88,HOMBA:12114,precentral gyrus,bm25+exact+fuzzy,Precentral gyrus,Precentral gyrus,lateral;superior;lateral superior,0.0,lateral superior olivary nucleus,0.664603,A_effectively_correct,exact base match; subdivision not in HOMBA
corpus,Precentral gyrus (medial),needs_review,0.88,HOMBA:12114,precentral gyrus,bm25+exact+fuzzy,Precentral gyrus,Precentral gyrus,medial,0.0,medial orbital gyrus,0.411391,A_effectively_correct,exact base match; subdivision not in HOMBA
corpus,Spinal trigeminal nucleus (oralis),needs_review,0.88,HOMBA:12572,spinal trigeminal nucleus,bm25+exact+fuzzy,Spinal trigeminal nucleus,Spinal trigeminal nucleus,oralis,0.0,"spinal nucleus of trigeminal nerve, rostral subnucleus",0.848222,A_effectively_correct,exact base match; subdivision not in HOMBA
corpus,Superior frontal gyrus (dorsolateral),needs_review,0.88,HOMBA:12115,superior frontal gyrus,bm25+exact+fuzzy,Superior frontal gyrus,Superior frontal gyrus,dorsolateral,0.0,dorsolateral prefrontal gyrus,0.713422,A_effectively_correct,exact base match; subdivision not in HOMBA
corpus,Superior frontal gyrus (lateral anterior),needs_review,0.88,HOMBA:12115,superior frontal gyrus,bm25+exact+fuzzy,Superior frontal gyrus,Superior frontal gyrus,lateral;anterior;lateral anterior,0.0,superior frontal sulcus,0.563907,A_effectively_correct,exact base match; subdivision not in HOMBA
corpus,Superior frontal gyrus (lateral middle),needs_review,0.88,HOMBA:12115,superior frontal gyrus,bm25+exact+fuzzy,Superior frontal gyrus,Superior frontal gyrus,lateral;middle;lateral middle,0.0,middle frontal gyrus,0.691044,A_effectively_correct,exact base match; subdivision not in HOMBA
corpus,Superior frontal gyrus (lateral posterior),needs_review,0.88,HOMBA:12115,superior frontal gyrus,bm25+exact+fuzzy,Superior frontal gyrus,Superior frontal gyrus,lateral;posterior;lateral posterior,0.0,superior frontal sulcus,0.563907,A_effectively_correct,exact base match; subdivision not in HOMBA
corpus,Superior frontal gyrus (medial orbital),needs_review,0.88,HOMBA:12115,superior frontal gyrus,bm25+exact+fuzzy,Superior frontal gyrus,Superior frontal gyrus,medial;orbital;medial orbital,0.0,medial orbital frontal cortex (area 14),0.698679,A_effectively_correct,exact base match; subdivision not in HOMBA
corpus,Superior frontal gyrus (medial),needs_review,0.88,HOMBA:12115,superior frontal gyrus,bm25+exact+fuzzy,Superior frontal gyrus,Superior frontal gyrus,medial,0.0,superior frontal sulcus,0.57564,A_effectively_correct,exact base match; subdivision not in HOMBA
corpus,Superior frontal gyrus (orbital part),needs_review,0.88,HOMBA:12115,superior frontal gyrus,bm25+exact+fuzzy,Superior frontal gyrus,Superior frontal gyrus,orbital,0.0,orbital frontal cortex,0.644399,A_effectively_correct,exact base match; subdivision not in HOMBA
corpus,Superior parietal lobule (anterior),needs_review,0.88,HOMBA:12133,superior parietal lobule (gyrus),bm25+exact+fuzzy,Superior parietal lobule,Superior parietal lobule,anterior,0.0,superior medial parietal cortex,0.498394,A_effectively_correct,exact base match; subdivision not in HOMBA
corpus,Superior parietal lobule (posterior),needs_review,0.88,HOMBA:12133,superior parietal lobule (gyrus),bm25+exact+fuzzy,Superior parietal lobule,Superior parietal lobule,posterior,0.0,superior medial parietal cortex,0.498394,A_effectively_correct,exact base match; subdivision not in HOMBA
corpus,Superior temporal gyrus (anterior),needs_review,0.88,HOMBA:12140,superior temporal gyrus,bm25+exact+fuzzy,Superior temporal gyrus,Superior temporal gyrus,anterior,0.0,rostral division of area 22,0.800164,A_effectively_correct,exact base match; subdivision not in HOMBA
corpus,Superior temporal gyrus (posterior),needs_review,0.88,HOMBA:12140,superior temporal gyrus,bm25+exact+fuzzy,Superior temporal gyrus,Superior temporal gyrus,posterior,0.0,caudal division of area 22,0.796981,A_effectively_correct,exact base match; subdivision not in HOMBA
corpus,Supramarginal gyrus (anterior),needs_review,0.88,HOMBA:12135,supramarginal gyrus,bm25+exact+fuzzy,Supramarginal gyrus,Supramarginal gyrus,anterior,0.0,anterior cingulate  cortex (ventromedial prefrontal cortex),0.420222,A_effectively_correct,exact base match; subdivision not in HOMBA
corpus,Supramarginal gyrus (posterior),needs_review,0.88,HOMBA:12135,supramarginal gyrus,bm25+exact+fuzzy,Supramarginal gyrus,Supramarginal gyrus,posterior,0.0,posterior cingulate cortex (PCC),0.418552,A_effectively_correct,exact base match; subdivision not in HOMBA
corpus,Thalamus (excluding pulvinar),needs_review,0.88,HOMBA:10390,thalamus,bm25+exact+fuzzy,Thalamus,Thalamus,excluding;pulvinar;excluding pulvinar,0.0,pulvinar of thalamus,0.798195,A_effectively_correct,exact base match; subdivision not in HOMBA
species,Pretectothalamic lamina,low_confidence,0.290576,HOMBA:12357,dentatothalamic tract,fuzzy,Pretectothalamic lamina,dentatothalamic tract,,1.0,lamina III and IV of lumbar spinal cord,0.246639,B_algo,wrong top-1 (better candidate exists)
species,Frontal association area 3,low_confidence,0.304528,HOMBA:12113,frontal lobe,bm25+hierarchy_parent,Frontal association area 3,frontal lobe,,1.0,area 3 of primary somatosensory cortex,0.266446,D_homba_gap,HOMBA lacks this granularity
species,"Primary somatosensory area, barrel field",low_confidence,0.314206,HOMBA:AA30880,barrel field of S1fm (rodents),bm25,"Primary somatosensory area, barrel field",barrel field of S1fm,,1.0,"primary somatosensory cortex (first somatosensory cortex, areas 3,1,2)",0.287974,D_homba_gap,HOMBA lacks this granularity
species,Spiral ganglion,low_confidence,0.325676,HOMBA:10332,basal ganglia (basal nuclei),fuzzy,Spiral ganglion,basal ganglia,,1.0,,,D_homba_gap,HOMBA lacks this granularity
species,Intramedullary thalamic area,low_confidence,0.381754,HOMBA:13048,interanteromedial nucleus of thalamus,bm25+fuzzy,Intramedullary thalamic area,interanteromedial thalamic nucleus,,1.0,centromedian nucleus of thalamus,0.378996,B_algo,wrong top-1 (better candidate exists)
species,P1 Mesencephalic Reticulum,low_confidence,0.406954,HOMBA:12767,mesencephalic trigeminal tract,bm25+fuzzy,P1 Mesencephalic Reticulum,mesencephalic trigeminal tract,,1.0,mesencephalic trigeminal nucleus,0.406299,B_algo,wrong top-1 (better candidate exists)
species,Supra Geniculate,low_confidence,0.429875,HOMBA:AA30307,medial geniculate nuclear complex,bm25+hierarchy_parent,Supra Geniculate,medial geniculate nuclear complex,,1.0,lateral geniculate nuclear complex,0.428574,A_effectively_correct,correct entry/parent at rank 1 (low score)
species,Ventral Lateral X Thalamus,low_confidence,0.443893,HOMBA:10420,ventral lateral nucleus of thalamus,bm25,Ventral Lateral X Thalamus,ventral lateral nucleus of thalamus,ventral;lateral,1.0,lateral subdivision of LaV,0.382489,A_effectively_correct,correct entry/parent at rank 1 (low score)
species,"External medullary lamina, auditory radiation",low_confidence,0.445726,HOMBA:12037,external medullary lamina of globus pallidus,bm25,"External medullary lamina, auditory radiation",external medullary lamina of pallidum,external,1.0,external medullary lamina of thalamus,0.445726,B_algo,wrong top-1 (better candidate exists)
species,Fields of Forel,low_confidence,0.446861,HOMBA:10462,nucleus of the field of Forel,bm25+fuzzy,Fields of Forel,nuclei of the field of forel,,1.0,,,A_effectively_correct,correct entry/parent at rank 1 (low score)
species,Vestibular apparatus,low_confidence,0.450809,HOMBA:12448,vestibular nuclei in pons,bm25+fuzzy+hierarchy_parent,Vestibular apparatus,vestibular nucleus,,1.0,vestibular nuclei in medulla,0.399762,D_homba_gap,HOMBA lacks this granularity
species,"Hypothalamic region, unspecified",low_confidence,0.453071,HOMBA:10607,hypothalamic sulcus,bm25+fuzzy,"Hypothalamic region, unspecified",hypothalamic sulcus,,1.0,ventricular-subventricular zone of hypothalamus,0.44451,B_algo,wrong top-1 (better candidate exists)
species,Cochlea,low_confidence,0.46225,HOMBA:12437,cochlear nuclei,fuzzy,Cochlea,cochlear nuclei,,1.0,olivocochlear bundle,0.45,D_homba_gap,HOMBA lacks this granularity
species,"Central opercular cortex, anterior",low_confidence,0.472507,HOMBA:12838,anterior lobe of cerebellar cortex,bm25+fuzzy,"Central opercular cortex, anterior",anterior lobe of cerebellar cortex,,1.0,rostral (anterior) branch of anterior commissure,0.472332,B_algo,wrong top-1 (better candidate exists)
species,Linear raphe,low_confidence,0.476073,HOMBA:12230,linear nucleus of the midbrain,bm25+hierarchy_parent,Linear raphe,linear nucleus of the midbrain,,1.0,caudal linear nucleus of the raphe,0.473574,B_algo,wrong top-1 (better candidate exists)
species,"Ventricular system, unspecified",low_confidence,0.483204,HOMBA:10542,ventricular zone of neocortex,bm25+fuzzy+hierarchy_parent,"Ventricular system, unspecified",ventricular zone,,1.0,central nervous system (neural tube),0.237518,B_algo,wrong top-1 (better candidate exists)
species,Capsule of the Antherior Thalamus,low_confidence,0.49017,HOMBA:10390,thalamus,bm25+fuzzy,Capsule of the Antherior Thalamus,thalamus,,1.0,ventral midline nuclei of thalamus,0.463581,E_source_typo,transcription typo in dataset
species,Retrosplenial dysgranular area,low_confidence,0.491053,HOMBA:AA30028,dysgranular division of area prostriata,bm25+fuzzy,Retrosplenial dysgranular area,dysgranular division of area prostriata,,1.0,retrosplenial cortex,0.456751,A_effectively_correct,correct entry/parent at rank 1 (low score)
species,Subcallosal cortex,low_confidence,0.494196,HOMBA:10281,subgenual (subcallosal) cingulate cortex (area 25),bm25+fuzzy,Subcallosal cortex,subcallosal,,1.0,cingulate cortex,0.493809,A_effectively_correct,correct entry/parent at rank 1 (low score)
species,Fourth Nerve,low_confidence,0.496163,HOMBA:12805,fourth ventricle,bm25+fuzzy+hierarchy_parent,Fourth Nerve,fourth ventricle,,1.0,optic nerve,0.474218,B_algo,wrong top-1 (better candidate exists)
species,Ventroposterior Inferior Thalamus,low_confidence,0.502419,HOMBA:AA30276,ventral midline nuclei of thalamus,hierarchy_parent,Ventroposterior Inferior Thalamus,ventral midline nuclei of thalamus,,1.0,ventroanterior-ventrolateral nuclear complex of thalamus,0.49476,B_algo,hierarchy_parent over-promotion
species,Cingulate area 1,low_confidence,0.504041,HOMBA:10217,cingulate subdivision of area 5,bm25+fuzzy,Cingulate area 1,cingulate subdivision of area 5,,1.0,cingulate cortex,0.463172,D_homba_gap,HOMBA lacks this granularity
species,Cingulate area 2,low_confidence,0.504041,HOMBA:10217,cingulate subdivision of area 5,bm25+fuzzy,Cingulate area 2,cingulate subdivision of area 5,,1.0,cingulate cortex,0.463172,D_homba_gap,HOMBA lacks this granularity
species,"Intracalcarine cortex, inferior",low_confidence,0.506184,HOMBA:12305,inferior colliculus,bm25+hierarchy_parent,"Intracalcarine cortex, inferior",inferior colliculus,,1.0,inferior lateral parietal cortex,0.482908,B_algo,wrong top-1 (better candidate exists)
species,Ventrolateral Tegmentum,low_confidence,0.508195,HOMBA:12416,pontine tegmentum,bm25+fuzzy+hierarchy_parent,Ventrolateral Tegmentum,pontine tegmentum,,1.0,paracollicular tegmentum,0.506735,A_effectively_correct,correct entry/parent at rank 1 (low score)
species,"Supratemporal plane, anterior",low_confidence,0.510644,HOMBA:AA30484,rostral (anterior) branch of anterior commissure,bm25+fuzzy,"Supratemporal plane, anterior",anterior,,1.0,rostral (anterior) division of BM,0.510644,B_algo,weak/lone-token fuzzy trap
species,Centromedian and parafascicular thalamic complex,low_confidence,0.512572,HOMBA:10450,parafascicular nucleus of thalamus,bm25+fuzzy+hierarchy_parent,Centromedian and parafascicular thalamic complex,parafascicular thalamic nucleus,,1.0,centromedian nucleus of thalamus,0.498646,A_effectively_correct,correct entry/parent at rank 1 (low score)
species,Visceral Motor Nuclei,low_confidence,0.514851,HOMBA:12196,efferent nuclei of the cranial nerves in midbrain,hierarchy_parent,Visceral Motor Nuclei,efferent nuclei of the cranial nerves in midbrain,,1.0,facial nucleus,0.508517,A_effectively_correct,correct entry/parent at rank 1 (low score)
species,Ventrolateral orbital area,low_confidence,0.521543,HOMBA:AA30533,orbital gyri,bm25+hierarchy_parent,Ventrolateral orbital area,orbital gyri,,1.0,ventrolateral division of AV,0.503628,A_effectively_correct,correct entry/parent at rank 1 (low score)
species,Dorsolateral orbital area,low_confidence,0.529075,HOMBA:AA30533,orbital gyri,bm25+hierarchy_parent,Dorsolateral orbital area,orbital gyri,,1.0,"dorsal fourth visual area (dorsolateral visual cortex, DL)",0.51508,A_effectively_correct,correct entry/parent at rank 1 (low score)
species,"Brainstem, unspecified",low_confidence,0.530552,HOMBA:10648,"gray matter of midbrain (mesencephalon, upper brainstem)",bm25+fuzzy,"Brainstem, unspecified",upper brainstem,,1.0,developing transient structures of lower brainstem (pons and medulla),0.298065,D_homba_gap,HOMBA lacks this granularity
species,Mediolateral Fascicle,low_confidence,0.537009,HOMBA:12731,cuneate fasciculus,bm25+fuzzy,Mediolateral Fascicle,cuneate fascicle,,1.0,uncinate fasciculus,0.530467,C_dict,ambiguous source label (cuneate fascicle?)
species,Trapezoid Bundle Region,low_confidence,0.537171,HOMBA:12796,trapezoid body,bm25+fuzzy,Trapezoid Bundle Region,trapezoid body,,1.0,nucleus of trapezoid body,0.39883,A_effectively_correct,correct entry/parent at rank 1 (low score)
species,Superior periolivary region,low_confidence,0.538222,HOMBA:12462,superior olivary complex,bm25+fuzzy+hierarchy_parent,Superior periolivary region,superior olivary complex,,1.0,"rostral (anterior, superior) medullary velum",0.477287,A_effectively_correct,correct entry/parent at rank 1 (low score)
species,Prelimbic area,low_confidence,0.542288,HOMBA:10280,"pregenual cingulate  cortex (area 32, prelimbic cortex)",bm25+fuzzy,Prelimbic area,prelimbic cortex,,1.0,,,A_effectively_correct,correct entry/parent at rank 1 (low score)
species,Cerebellar Lobule 3 Intermediate,low_confidence,0.547161,HOMBA:AA30563,cerebellar morphology,bm25+hierarchy_parent,Cerebellar Lobule 3 Intermediate,cerebellar morphology,,1.0,cerebellar lobules,0.514773,D_homba_gap,HOMBA lacks this granularity
species,Cerebellar Lobule 4 Intermediate,low_confidence,0.547161,HOMBA:AA30563,cerebellar morphology,bm25+hierarchy_parent,Cerebellar Lobule 4 Intermediate,cerebellar morphology,,1.0,cerebellar lobules,0.514773,D_homba_gap,HOMBA lacks this granularity
species,Cerebellar Lobule 5 Intermediate,low_confidence,0.547161,HOMBA:AA30563,cerebellar morphology,bm25+hierarchy_parent,Cerebellar Lobule 5 Intermediate,cerebellar morphology,,1.0,cerebellar lobules,0.514773,D_homba_gap,HOMBA lacks this granularity
species,Cerebellar Lobule 6 Intermediate,low_confidence,0.547161,HOMBA:AA30563,cerebellar morphology,bm25+hierarchy_parent,Cerebellar Lobule 6 Intermediate,cerebellar morphology,,1.0,cerebellar lobules,0.514773,D_homba_gap,HOMBA lacks this granularity
species,Acoustic striae,low_confidence,0.548026,HOMBA:266441583,acoustic radiation,bm25+fuzzy,Acoustic striae,acoustic radiation,,1.0,intermediate acoustic stria,0.528734,B_algo,wrong top-1 (better candidate exists)
species,"Intracalcarine cortex, superior",low_confidence,0.549864,HOMBA:10214,posterior parietal cortex,hierarchy_parent,"Intracalcarine cortex, superior",posterior parietal cortex,,1.0,superolateral temporal cortex (area 22),0.52318,B_algo,wrong top-1 (better candidate exists)
species,Mircrocellular Tegmentum,low_confidence,0.556024,HOMBA:12282,paracollicular tegmentum,bm25+fuzzy,Mircrocellular Tegmentum,paracollicular tegmentum,,1.0,midbrain tegmentum,0.505887,E_source_typo,transcription typo in dataset
species,Infralimbic area,low_confidence,0.561688,HOMBA:AA30037,rostrodorsal division of A25 (infralimbic cortex),bm25+fuzzy,Infralimbic area,infralimbic cortex,,1.0,,,A_effectively_correct,correct entry/parent at rank 1 (low score)
species,Peri-basal region,low_confidence,0.569163,HOMBA:10349,basal forebrain,bm25+hierarchy_parent,Peri-basal region,basal forebrain,,1.0,regions of basal forebrain,0.489163,A_effectively_correct,correct entry/parent at rank 1 (low score)
species,Reuniens-rhomboid-xiphoid Thalamus,low_confidence,0.570161,HOMBA:AA30276,ventral midline nuclei of thalamus,hierarchy_parent,Reuniens-rhomboid-xiphoid Thalamus,ventral midline nuclei of thalamus,,1.0,rhomboid (central) nucleus of thalamus,0.490161,B_algo,hierarchy_parent over-promotion
species,Paraventricular Posterior Thalamus,low_confidence,0.571494,HOMBA:10457,paraventricular nucleus of thalamus,bm25+fuzzy,Paraventricular Posterior Thalamus,paraventricular nucleus of thalamus,posterior,0.0,rostral paraventricular nucleus of thalamus,0.523361,A_effectively_correct,correct entry/parent at rank 1 (low score)
species,Paraventricular Anterior Thalamus,low_confidence,0.579991,HOMBA:10457,paraventricular nucleus of thalamus,bm25+fuzzy+hierarchy_parent,Paraventricular Anterior Thalamus,paraventricular nuclei of thalamus,,1.0,caudal paraventricular nucleus of thalamus,0.521508,A_effectively_correct,correct entry/parent at rank 1 (low score)
species,"Secondary visual area, lateral part",low_confidence,0.582451,HOMBA:AA30827,"ventral secondary visual cortex (ventral area 18, ventral area OB, area 18b)",bm25+fuzzy,secondary visual cortex lateral part,ventral secondary visual cortex,lateral,0.0,"dorsal secondary visual cortex (dorsal area 18, dorsal area OB, area 18a)",0.581028,A_effectively_correct,correct entry/parent at rank 1 (low score)
species,"Secondary visual area, medial part",low_confidence,0.583805,HOMBA:AA30823,"dorsal secondary visual cortex (dorsal area 18, dorsal area OB, area 18a)",bm25+fuzzy,secondary visual cortex medial part,dorsal secondary visual cortex,medial,0.0,"ventral secondary visual cortex (ventral area 18, ventral area OB, area 18b)",0.577682,A_effectively_correct,correct entry/parent at rank 1 (low score)
species,Vestibulochoclear Nerve,low_confidence,0.585,HOMBA:12868,root of vestibulocochlear nerve,bm25+fuzzy+hierarchy_parent,Vestibulochoclear Nerve,root of vestibulocochlear nerve,,1.0,cochlear root of vestibulocochlear nerve,0.505,E_source_typo,transcription typo in dataset
species,Medial Dorsal Tegmentum,low_confidence,0.592028,HOMBA:11522,magnocellular (dorsal) division of BM,bm25+fuzzy,Medial Dorsal Tegmentum,dorsal,medial;dorsal,1.0,dorsal cell group of medulla tegmentum,0.558909,B_algo,wrong top-1 (better candidate exists)
species,Anterior Thalamus,low_confidence,0.592982,HOMBA:AA30289,ventroanterior-ventrolateral nuclear complex of thalamus,hierarchy_parent,Anterior Thalamus,ventroanterior-ventrolateral nuclear complex of thalamus,,1.0,anterior nuclear complex of thalamus,0.584146,B_algo,hierarchy_parent over-promotion
species,Corpus callosum and associated subcortical white matter,low_confidence,0.598768,HOMBA:AA30482,white matter of brain,bm25+hierarchy_parent,Corpus callosum and associated subcortical white matter,white matter of brain,,1.0,corpus callosum,0.564446,B_algo,wrong top-1 (better candidate exists)
species,Lateral Dorsal Tegmentum,modifier_conflict,0.574506,HOMBA:AA30457,lateral cell group of medulla tegmentum,bm25+fuzzy,Lateral Dorsal Tegmentum,lateral cell group of medulla tegmentum,lateral;dorsal,0.5,lateral subdivision of LaD,0.399731,A_effectively_correct,modifier de-specified to correct parent
species,Ventroposterior Medial and Lateral Thalamus,modifier_conflict,0.591376,HOMBA:10420,ventral lateral nucleus of thalamus,bm25+fuzzy,Ventroposterior Medial and Lateral Thalamus,ventral lateral nucleus of thalamus,medial;lateral,0.5,medial subdivision of LaV,0.582465,A_effectively_correct,modifier de-specified to correct parent
species,Lateral Ventral Amygdaloid Nucleus,modifier_conflict,0.601114,HOMBA:12093,ventral amygdaloid efferent path,bm25+fuzzy,Lateral Ventral Amygdaloid Nucleus,ventral amygdaloid efferent path,lateral;ventral,0.5,lateral subdivision of LaV,0.47003,A_effectively_correct,modifier de-specified to correct parent
species,Posterior thalamic nuclear group (triangular part),modifier_conflict,0.633668,HOMBA:10440,posterior nucleus of thalamus,bm25+fuzzy,Posterior thalamic nuclear group (triangular part),posterior thalamic nucleus,triangular;posterior,0.5,lateral posterior nucleus of thalamus,0.588575,A_effectively_correct,modifier de-specified to correct parent
species,Paraventricular hypothalamic nucleus (medial parvicellular dorsal zone),modifier_conflict,0.640426,HOMBA:10489,dorsal division of VMHco,bm25+fuzzy,paraventricular hypothalamic nuclei medial parvicellular dorsal zone,dorsal part of ventromedial hypothalamic nuclei,medial;parvicellular;dorsal;zone;medial parvicellular dorsal zone,0.4,ventromedial hypothalamic nucleus,0.617716,A_effectively_correct,modifier de-specified to correct parent
species,Ventromedial thalamic nucleus (posterior and basal),modifier_conflict,0.67122,HOMBA:10423,ventral posterior nuclear complex of thalamus,bm25+fuzzy,Ventromedial thalamic nucleus (posterior and basal),ventral posterior thalamic nucleus,posterior;basal;posterior and basal,0.333333,centromedian nucleus of thalamus,0.617774,A_effectively_correct,modifier de-specified to correct parent
species,Lateral Dorsal Amygdaloid Nucleus,modifier_conflict,0.713584,HOMBA:10367,lateral nucleus of amygdala,bm25+fuzzy,Lateral Dorsal Amygdaloid Nucleus,lateral nucleus of amygdaloid complex,lateral;dorsal,0.5,lateral division of anterior amygdaloid area,0.604508,A_effectively_correct,modifier de-specified to correct parent
species,"Dorsal cochlear nucleus, fusiform and granule layer",modifier_conflict,0.732002,HOMBA:12438,dorsal cochlear nucleus,bm25+fuzzy,dorsal cochlear nuclei fusiform and granule layer,dorsal cochlear nuclei,dorsal;layer,0.5,granular cell layer of cochlear nuclei,0.58857,A_effectively_correct,modifier de-specified to correct parent
species,Ventral Lateral Anterior Thalamus,modifier_conflict,0.743407,HOMBA:10417,ventral anterior nucleus of thalamus,bm25+fuzzy,Ventral Lateral Anterior Thalamus,ventral anterior nuclei of thalamus,ventral;lateral,0.5,ventral lateral nucleus of thalamus,0.443893,A_effectively_correct,modifier de-specified to correct parent
species,Lateral amygdaloid nucleus (dorsal),modifier_conflict,0.754779,HOMBA:10367,lateral nucleus of amygdala,bm25+fuzzy,Lateral amygdaloid nucleus,lateral nucleus of amygdaloid complex,dorsal;lateral,0.5,lateral division of anterior amygdaloid area,0.603733,A_effectively_correct,modifier de-specified to correct parent
species,Lateral amygdaloid nucleus (ventral),modifier_conflict,0.754779,HOMBA:10367,lateral nucleus of amygdala,bm25+fuzzy,Lateral amygdaloid nucleus,lateral nucleus of amygdaloid complex,ventral;lateral,0.5,lateral division of anterior amygdaloid area,0.663733,A_effectively_correct,modifier de-specified to correct parent
species,"Ventral posterior nucleus of the thalamus, parvicellular part",modifier_conflict,0.780837,HOMBA:AA30312,parvicellular nucleus of posterior thalamus,bm25+fuzzy,ventral posterior nuclei of the thalamus parvicellular part,parvicellular nuclei of posterior thalamus,ventral;posterior;parvicellular,0.666667,parvicellular ventral posterior (medial) nucleus (VPMpc),0.502718,A_effectively_correct,modifier de-specified to correct parent
species,"Ventral cochlear nucleus, granule cell layer",modifier_conflict,0.791105,HOMBA:12439,ventral cochlear nucleus,bm25+fuzzy,"Ventral cochlear nucleus, granule cell layer",ventral cochlear nucleus,ventral;layer,0.5,granular cell layer of cochlear nuclei,0.712585,A_effectively_correct,modifier de-specified to correct parent
species,"Dorsal cochlear nucleus, molecular layer",modifier_conflict,0.819808,HOMBA:12438,dorsal cochlear nucleus,bm25+fuzzy,"Dorsal cochlear nucleus, molecular layer",dorsal cochlear nucleus,dorsal;molecular;layer,0.333333,layer 1 (molecular layer) of ERC,0.709096,A_effectively_correct,modifier de-specified to correct parent
species,Medial geniculate complex (dorsal division),modifier_conflict,0.825834,HOMBA:AA30307,medial geniculate nuclear complex,bm25+fuzzy,Medial geniculate complex,medial geniculate nuclear complex,dorsal;medial,0.5,lateral geniculate nuclear complex,0.523762,A_effectively_correct,modifier de-specified to correct parent
species,Medial geniculate complex (ventral division),modifier_conflict,0.825834,HOMBA:AA30307,medial geniculate nuclear complex,bm25+fuzzy,Medial geniculate complex,medial geniculate nuclear complex,ventral;medial,0.5,lateral geniculate nuclear complex,0.523762,A_effectively_correct,modifier de-specified to correct parent
species,"Reticular (pre)thalamic nucleus, auditory segment",modifier_conflict,0.845326,HOMBA:10464,reticular nucleus of thalamus,bm25+fuzzy,reticular nucleus of thalamus auditory segment,reticular nucleus of thalamus,pre;reticular,0.5,central reticular nuclei of pontine tegmentum,0.520324,A_effectively_correct,modifier de-specified to correct parent
species,Intermediate+ventral Lateral Lemniscus Nuclei,modifier_conflict,0.860049,HOMBA:12456,intermediate nucleus of lateral lemniscus,bm25+fuzzy,Intermediate+ventral Lateral Lemniscus Nuclei,intermediate nuclei of lateral lemniscus,ventral;lateral,0.5,ventral nucleus of lateral lemniscus,0.50622,A_effectively_correct,modifier de-specified to correct parent
species,External globus pallidus (lateral part),modifier_conflict,0.860346,HOMBA:10343,external division of globus pallidus,bm25+fuzzy,External globus pallidus (lateral part),external division of globus pallidus,lateral;external,0.5,external medullary lamina of globus pallidus,0.726322,A_effectively_correct,modifier de-specified to correct parent
species,External globus pallidus (medial part),modifier_conflict,0.860346,HOMBA:10343,external division of globus pallidus,bm25+fuzzy,External globus pallidus (medial part),external division of globus pallidus,medial;external,0.5,external medullary lamina of globus pallidus,0.726322,A_effectively_correct,modifier de-specified to correct parent
species,Dorsal Paragigantocellular Reticular Nucleus,modifier_conflict,0.893629,HOMBA:12628,dorsal paragigantocellular nucleus,bm25+fuzzy,Dorsal Paragigantocellular Reticular Nucleus,dorsal paragigantocellular nucleus,dorsal;reticular,0.5,gigantocellular reticular nuclei,0.85,A_effectively_correct,modifier de-specified to correct parent
species,"Ventral cochlear nucleus, posterior part",modifier_conflict,0.896538,HOMBA:12439,ventral cochlear nucleus,bm25+fuzzy,"Ventral cochlear nucleus, posterior part",ventral cochlear nucleus,ventral;posterior,0.5,"ventral cochlear nucleus, rostral division",0.798701,A_effectively_correct,modifier de-specified to correct parent
species,"Dorsal cochlear nucleus, deep core",modifier_conflict,0.9,HOMBA:12438,dorsal cochlear nucleus,bm25+fuzzy,"Dorsal cochlear nucleus, deep core",dorsal cochlear nucleus,dorsal;core,0.5,dorsal part of pontine nucleus,0.582396,A_effectively_correct,modifier de-specified to correct parent
species,"Globus pallidus external, lateral part",modifier_conflict,0.901216,HOMBA:10343,external division of globus pallidus,bm25+fuzzy,"Globus pallidus external, lateral part",globus pallidus externa,external;lateral,0.5,external medullary lamina of globus pallidus,0.65151,A_effectively_correct,modifier de-specified to correct parent
species,"Globus pallidus external, medial part",modifier_conflict,0.914167,HOMBA:10343,external division of globus pallidus,bm25+fuzzy,"Globus pallidus external, medial part",globus pallidus externa,external;medial,0.5,external medullary lamina of globus pallidus,0.664638,A_effectively_correct,modifier de-specified to correct parent
species,"Reticular (pre)thalamic nucleus, unspecified",modifier_conflict,0.9375,HOMBA:10464,reticular nucleus of thalamus,bm25+fuzzy,"Reticular  thalamic nucleus, unspecified",reticular thalamic nucleus,pre;reticular,0.5,ventral reticular nuclei of pons,0.516942,A_effectively_correct,modifier de-specified to correct parent
species,Lateral septal nucleus (rostral division),modifier_conflict,1.0,HOMBA:10352,lateral septal nuclear complex,bm25+exact+fuzzy,Lateral septal nucleus,Lateral septal nucleus,rostral;lateral,0.5,rostral extension of lateral septal nucleus (semilunar nucleus),0.891221,A_effectively_correct,exact base match; subdivision not in HOMBA
species,Reticular (pre)thalamic nucleus,modifier_conflict,1.0,HOMBA:10464,reticular nucleus of thalamus,bm25+exact+fuzzy,Reticular  thalamic nucleus,Reticular  thalamic nucleus,pre;reticular,0.5,dorsal reticular nucleus,0.614593,A_effectively_correct,exact base match; subdivision not in HOMBA
species,Basolateral Ventral Amygdaloid Nucleus,needs_review,0.601371,HOMBA:10368,basolateral nucleus (basal nucleus) of amygdala,bm25+fuzzy,Basolateral Ventral Amygdaloid Nucleus,basolateral nucleus of amygdaloid complex,ventral,0.0,parvicellular (ventral) division of BL,0.487394,A_effectively_correct,synonym/parent match (review-only flag)
species,Centrolateral and Paracentral Thalamus,needs_review,0.601481,HOMBA:10443,rostral intralaminar nuclei of thalamus,hierarchy_parent,Centrolateral and Paracentral Thalamus,rostral intralaminar nuclei of thalamus,,1.0,ventroanterior-ventrolateral nuclear complex of thalamus,0.553369,B_algo,hierarchy_parent over-promotion
species,"Ventral striatal region, unspecified",needs_review,0.601926,HOMBA:12187,anterior (ventral /principal) pretectal nucleus,bm25+fuzzy,"Ventral striatal region, unspecified",ventral,ventral,1.0,anterior (ventral) spinal artery,0.601926,B_algo,weak/lone-token fuzzy trap
species,Basolateral Dorsal Amygdaloid Nucleus,needs_review,0.60277,HOMBA:10368,basolateral nucleus (basal nucleus) of amygdala,bm25+fuzzy,Basolateral Dorsal Amygdaloid Nucleus,basolateral nucleus of amygdaloid complex,dorsal,0.0,magnocellular (dorsal) division of BL,0.485827,A_effectively_correct,synonym/parent match (review-only flag)
species,Medial cerebellar peduncle,needs_review,0.607109,HOMBA:12768,middle cerebellar peduncle (brachium pontis),bm25+fuzzy,Medial cerebellar peduncle,middle cerebellar peduncle,medial,0.0,superior cerebellar peduncle (brachium conjunctivum),0.597611,A_effectively_correct,synonym/parent match (review-only flag)
species,Fastigial Cerebellar Nucleus,needs_review,0.609505,HOMBA:10660,cerebellar deep nuclei,bm25+fuzzy,fastigial cerebellar nuclei,cerebellar deep nuclei,,1.0,fastigial (medial) nucleus,0.594249,B_algo,wrong top-1 (better candidate exists)
species,"Amygdaloid area, unspecified",needs_review,0.610807,HOMBA:AA30222,regions of amygdaloid complex,bm25+hierarchy_parent,"Amygdaloid area, unspecified",regions of amygdaloid complex,,1.0,amygdaloid transition areas,0.530807,A_effectively_correct,synonym/parent match (review-only flag)
species,Saginum Nucleus,needs_review,0.610833,HOMBA:12313,sagulum nucleus (nucleus sagulum),bm25+fuzzy,Saginum Nucleus,sagulum nucleus,,1.0,lateral reticular nuclei of pons,0.568213,C_dict,sagulum spelling
species,"Facial nerve, unspecified",needs_review,0.611513,HOMBA:12862,root of facial nerve,bm25+fuzzy+hierarchy_parent,"Facial nerve, unspecified",root of facial nerve,,1.0,genu of the facial nerve,0.589029,A_effectively_correct,synonym/parent match (review-only flag)
species,Mesencephalic Trigeminal Nerve,needs_review,0.612807,HOMBA:12208,mesencephalic trigeminal nucleus,bm25+fuzzy,Mesencephalic Trigeminal Nerve,mesencephalic trigeminal nuclei,,1.0,mesencephalic trigeminal tract,0.608878,A_effectively_correct,synonym/parent match (review-only flag)
species,Ventrolateral thalamic nucleus (posterodorsal part),needs_review,0.613897,HOMBA:10420,ventral lateral nucleus of thalamus,bm25+fuzzy,Ventrolateral thalamic nucleus,ventral lateral thalamic nucleus,posterodorsal,0.0,central lateral nucleus of thalamus,0.594634,A_effectively_correct,synonym/parent match (review-only flag)
species,Ventrolateral thalamic nucleus (posteroventral part),needs_review,0.613897,HOMBA:10420,ventral lateral nucleus of thalamus,bm25+fuzzy,Ventrolateral thalamic nucleus,ventral lateral thalamic nucleus,posteroventral,0.0,central lateral nucleus of thalamus,0.594634,A_effectively_correct,synonym/parent match (review-only flag)
species,Justaparaventricular Lateral Hypothalamus,needs_review,0.61498,HOMBA:13337,accessory secretory cells of lateral hypothalamus,bm25+fuzzy,Justaparaventricular Lateral Hypothalamus,accessory secretory cells of lateral hypothalamus,lateral,1.0,"lateral hypothalamic area, tuberal part",0.545832,A_effectively_correct,synonym/parent match (review-only flag)
species,"Primary somatosensory area, forelimb representation",needs_review,0.616768,HOMBA:10209,"primary somatosensory cortex (first somatosensory cortex, areas 3,1,2)",bm25+fuzzy+hierarchy_parent,primary somatosensory cortex forelimb representation,primary somatosensory cortex,,1.0,area 1 of primary somatosensory cortex,0.522104,D_homba_gap,HOMBA lacks this granularity
species,"Primary somatosensory area, hindlimb representation",needs_review,0.616768,HOMBA:10209,"primary somatosensory cortex (first somatosensory cortex, areas 3,1,2)",bm25+fuzzy+hierarchy_parent,primary somatosensory cortex hindlimb representation,primary somatosensory cortex,,1.0,area 1 of primary somatosensory cortex,0.51972,D_homba_gap,HOMBA lacks this granularity
species,Centromedial-parafascicular Thalamus,needs_review,0.616913,HOMBA:10448,caudal intralaminar nuclei of thalamus,hierarchy_parent,Centromedial-parafascicular Thalamus,caudal intralaminar nuclei of thalamus,,1.0,ventral midline nuclei of thalamus,0.600389,A_effectively_correct,synonym/parent match (review-only flag)
species,Central Gray Nucleus,needs_review,0.621583,HOMBA:146034964,central gray region of pons,bm25+fuzzy,Central Gray Nucleus,central gray region of pons,,1.0,central gray of medulla oblongata,0.607415,A_effectively_correct,synonym/parent match (review-only flag)
species,Perirhinal area 36,needs_review,0.623878,HOMBA:AA30025,perirhinal cortical region,bm25+fuzzy+hierarchy_parent,Perirhinal area 36,perirhinal cortical region,,1.0,ectorhinal cortex (area 36),0.543878,D_homba_gap,HOMBA lacks this granularity
species,"Frontal orbital cortex, posterior",needs_review,0.6246,HOMBA:10194,orbital frontal cortex,bm25+fuzzy,"Frontal orbital cortex, posterior",orbital frontal cortex,posterior,0.0,"lateral orbital frontal cortex (OFCl, area 12/47)",0.589755,A_effectively_correct,synonym/parent match (review-only flag)
species,Paratenial-paraventral-thalamus,needs_review,0.627903,HOMBA:AA30265,regions of thalamus,bm25+hierarchy_parent,Paratenial-paraventral-thalamus,regions of thalamus,,1.0,ventral thalamus,0.547903,A_effectively_correct,synonym/parent match (review-only flag)
species,Orbital cortex (ventral),needs_review,0.62947,HOMBA:12187,anterior (ventral /principal) pretectal nucleus,bm25+fuzzy,Orbital cortex (ventral),ventral,ventral,1.0,anterior (ventral) spinal artery,0.62947,B_algo,weak/lone-token fuzzy trap
species,Ethmoid-Limitans nucleus,needs_review,0.63091,HOMBA:AA30314,ethmoid thalamic nucleus,bm25+fuzzy,ethmoid limitans nuclei,ethmoid thalamic nuclei,,1.0,posterior limitans nucleus,0.544874,C_dict,ethmoid thalamic nucleus synonym
species,Peduncular Lateral Hypothalamus,needs_review,0.631824,HOMBA:13337,accessory secretory cells of lateral hypothalamus,bm25+fuzzy,Peduncular Lateral Hypothalamus,accessory secretory cells of lateral hypothalamus,lateral,1.0,dentate (lateral) nucleus,0.574682,A_effectively_correct,synonym/parent match (review-only flag)
species,Basolateral amygdaloid nucleus (dorsal),needs_review,0.631948,HOMBA:10368,basolateral nucleus (basal nucleus) of amygdala,bm25+fuzzy,Basolateral amygdaloid nucleus,basolateral nucleus of amygdaloid complex,dorsal,0.0,basolateral nuclear group of amygdala,0.492582,A_effectively_correct,synonym/parent match (review-only flag)
species,Basolateral amygdaloid nucleus (intermediate),needs_review,0.631948,HOMBA:10368,basolateral nucleus (basal nucleus) of amygdala,bm25+fuzzy,Basolateral amygdaloid nucleus,basolateral nucleus of amygdaloid complex,intermediate,0.0,basolateral nuclear group of amygdala,0.492582,A_effectively_correct,synonym/parent match (review-only flag)
species,Basolateral amygdaloid nucleus (ventral),needs_review,0.631948,HOMBA:10368,basolateral nucleus (basal nucleus) of amygdala,bm25+fuzzy,Basolateral amygdaloid nucleus,basolateral nucleus of amygdaloid complex,ventral,0.0,basolateral nuclear group of amygdala,0.492582,A_effectively_correct,synonym/parent match (review-only flag)
species,"Striate cortex, dorsolateral, inferior",needs_review,0.634968,HOMBA:10269,"primary visual cortex (first visual cortex, striate cortex, area 17, area OC)",bm25+fuzzy,"Striate cortex, dorsolateral, inferior",striate cortex,,1.0,temporal cortex,0.542117,A_effectively_correct,synonym/parent match (review-only flag)
species,"Striate cortex, dorsolateral, superior",needs_review,0.634968,HOMBA:10269,"primary visual cortex (first visual cortex, striate cortex, area 17, area OC)",bm25+fuzzy,"Striate cortex, dorsolateral, superior",striate cortex,,1.0,dorsolateral prefrontal cortex,0.534353,A_effectively_correct,synonym/parent match (review-only flag)
species,Anterior olfactory area,needs_review,0.635146,HOMBA:10308,anterior olfactory nuclear complex,bm25+fuzzy+hierarchy_parent,Anterior olfactory area,anterior olfactory nuclei,,1.0,medial division of anterior olfactory nucleus,0.496468,A_effectively_correct,synonym/parent match (review-only flag)
species,"Primary somatosensory area, trunk representation",needs_review,0.637321,HOMBA:10209,"primary somatosensory cortex (first somatosensory cortex, areas 3,1,2)",bm25+fuzzy+hierarchy_parent,primary somatosensory cortex trunk representation,primary somatosensory cortex,,1.0,area 1 of primary somatosensory cortex,0.527565,D_homba_gap,HOMBA lacks this granularity
species,Zona Incerta and Lenticular Fascicles,needs_review,0.637706,HOMBA:10463,zona incerta,bm25+fuzzy,Zona Incerta and Lenticular Fascicles,zona incerta,,1.0,lenticular fasciculus (field H2),0.622635,A_effectively_correct,synonym/parent match (review-only flag)
species,"Supratemporal plane, posterior",needs_review,0.639186,HOMBA:AA30485,caudal (posterior) branch of anterior commissure,bm25+fuzzy,"Supratemporal plane, posterior",posterior,posterior,1.0,caudal (posterior) extramural migratory stream,0.639186,A_effectively_correct,synonym/parent match (review-only flag)
species,"Lateral parietal cortex, superior",needs_review,0.639812,HOMBA:10215,superior medial parietal cortex,bm25+fuzzy,"Lateral parietal cortex, superior",posterodorsal parietal cortex superior,lateral,0.0,superior parietal lobule (gyrus),0.483572,A_effectively_correct,synonym/parent match (review-only flag)
species,Secondary motor area,needs_review,0.640938,HOMBA:10168,"premotor cortex (area 6, area FB, secondary motor cortex)",bm25+fuzzy,Secondary motor area,secondary motor cortex,,1.0,frontal motor cortex (posterior frontal cortex),0.620006,A_effectively_correct,synonym/parent match (review-only flag)
species,Perirhinal area 35,needs_review,0.643533,HOMBA:10320,perirhinal cortex (area 35),bm25+fuzzy+hierarchy_parent,Perirhinal area 35,perirhinal cortex (area 35),,1.0,perirhinal cortical region,0.271672,D_homba_gap,HOMBA lacks this granularity
species,"Primary somatosensory area, face representation",needs_review,0.645,HOMBA:10209,"primary somatosensory cortex (first somatosensory cortex, areas 3,1,2)",bm25+fuzzy+hierarchy_parent,primary somatosensory cortex face representation,primary somatosensory cortex,,1.0,area 1 of primary somatosensory cortex,0.530727,D_homba_gap,HOMBA lacks this granularity
species,Nucleus of the stria medullaris,needs_review,0.645767,HOMBA:10590,stria medullaris of thalamus,bm25+fuzzy,Nucleus of the stria medullaris,stria medullaris of thalamus,,1.0,bed nucleus of stria terminalis,0.273228,C_dict,stria medullaris (of thalamus)
species,"Central opercular cortex, posterior",needs_review,0.646011,HOMBA:AA30009,frontal motor cortex (posterior frontal cortex),bm25+fuzzy,"Central opercular cortex, posterior",posterior frontal cortex,posterior,1.0,medial (caudal) entorhinal cortex,0.632966,A_effectively_correct,synonym/parent match (review-only flag)
species,"Laterodorsal thalamic nucleus, ventrolateral part",needs_review,0.647906,HOMBA:10443,rostral intralaminar nuclei of thalamus,hierarchy_parent,"Laterodorsal thalamic nucleus, ventrolateral part",rostral intralaminar nuclei of thalamus,,1.0,ventral midline nuclei of thalamus,0.636578,B_algo,hierarchy_parent over-promotion
species,"Zona incerta, A11 dopamine cells",needs_review,0.649092,HOMBA:10463,zona incerta,bm25+fuzzy,"Zona incerta, A11 dopamine cells",zona incerta,,1.0,rostral intermediate orbital frontal cortex (area 11),0.229454,A_effectively_correct,synonym/parent match (review-only flag)
species,"Zona incerta, A13 dopamine cells",needs_review,0.649092,HOMBA:10463,zona incerta,bm25+fuzzy,"Zona incerta, A13 dopamine cells",zona incerta,,1.0,caudal intermediate orbital frontal cortex (area 13),0.229454,A_effectively_correct,synonym/parent match (review-only flag)
species,Anterior Interposed Cerebellar Nucleus,needs_review,0.649711,HOMBA:12471,pontine raphe region,hierarchy_parent,Anterior Interposed Cerebellar Nucleus,pontine raphe region,,1.0,interpositus (intermediate) nucleus,0.618063,B_algo,hierarchy_parent over-promotion
species,Alveus of the hippocampus,needs_review,0.651054,HOMBA:AA30093,hippocampus,bm25+fuzzy,Alveus of the hippocampus,hippocampus,,1.0,hippocampal proper (Cornu Ammonis),0.605333,A_effectively_correct,synonym/parent match (review-only flag)
species,Paraventricular Hypothalamus,needs_review,0.655644,HOMBA:10476,paraventricular nucleus of hypothalamus,bm25+fuzzy+hierarchy_parent,Paraventricular Hypothalamus,paraventricular nuclei of hypothalamus,,1.0,hypothalamus,0.391235,A_effectively_correct,synonym/parent match (review-only flag)
species,Corticofugal tract and corona radiata,needs_review,0.655791,HOMBA:12030,corona radiata,bm25+fuzzy+hierarchy_parent,Corticofugal tract and corona radiata,corona radiata,,1.0,pyramidal tract,0.503037,A_effectively_correct,synonym/parent match (review-only flag)
species,"Zona incerta, ventral part",needs_review,0.659012,HOMBA:10463,zona incerta,bm25+fuzzy,"Zona incerta, ventral part",zona incerta,ventral,0.0,anterior (ventral /principal) pretectal nucleus,0.343592,A_effectively_correct,synonym/parent match (review-only flag)
species,Frontal association cortex,needs_review,0.663516,HOMBA:10161,frontal cortex,bm25+fuzzy+hierarchy_parent,Frontal association cortex,frontal cortex,,1.0,"frontal polar cortex (FP, area 10)",0.590448,D_homba_gap,HOMBA lacks this granularity
species,"Laterodorsal thalamic nucleus, dorsomedial part",needs_review,0.664608,HOMBA:AA30276,ventral midline nuclei of thalamus,hierarchy_parent,"Laterodorsal thalamic nucleus, dorsomedial part",ventral midline nuclei of thalamus,,1.0,rostral intralaminar nuclei of thalamus,0.627037,A_effectively_correct,synonym/parent match (review-only flag)
species,Retromammillary Hypothalamus,needs_review,0.664676,HOMBA:10467,hypothalamus,bm25+fuzzy+hierarchy_parent,Retromammillary Hypothalamus,hypothalamus,,1.0,retromammillary area,0.657462,A_effectively_correct,synonym/parent match (review-only flag)
species,Vestibular nerve,needs_review,0.665229,HOMBA:12868,root of vestibulocochlear nerve,bm25+hierarchy_parent,Vestibular nerve,root of vestibulocochlear nerve,,1.0,vestibular root of vestibulocochlear nerve,0.585229,A_effectively_correct,synonym/parent match (review-only flag)
species,Limitans Thalamus,needs_review,0.665441,HOMBA:10390,thalamus,bm25+fuzzy,Limitans Thalamus,thalamus,,1.0,regions of thalamus,0.549854,A_effectively_correct,synonym/parent match (review-only flag)
species,Posterior Interposed Cerebellar Nucleus,needs_review,0.665441,HOMBA:12844,posterior lobe of cerebellar cortex,bm25+fuzzy,Posterior Interposed Cerebellar Nucleus,posterior lobe of cerebellar cortex,posterior,1.0,"posterior lobe, vermis part",0.653192,B_algo,wrong top-1 (better candidate exists)
species,"Zona incerta, caudal part",needs_review,0.667812,HOMBA:10463,zona incerta,bm25+fuzzy,"Zona incerta, caudal part",zona incerta,caudal,0.0,(caudal) collateral sulcus (medial occipitotemporal sulcus),0.356678,A_effectively_correct,synonym/parent match (review-only flag)
species,"Zona incerta, dorsal part",needs_review,0.667812,HOMBA:10463,zona incerta,bm25+fuzzy,"Zona incerta, dorsal part",zona incerta,dorsal,0.0,caudal (dorsal) parasubiculum (subdivision b only),0.336594,A_effectively_correct,synonym/parent match (review-only flag)
species,Temporal association cortex,needs_review,0.669859,HOMBA:10235,temporal cortex,bm25+fuzzy+hierarchy_parent,Temporal association cortex,temporal cortex,,1.0,major ventrolateral temporal cortex (area TE),0.641088,A_effectively_correct,synonym/parent match (review-only flag)
species,"Primary somatosensory area, dysgranular zone",needs_review,0.670083,HOMBA:10209,"primary somatosensory cortex (first somatosensory cortex, areas 3,1,2)",bm25+fuzzy+hierarchy_parent,primary somatosensory cortex dysgranular zone,primary somatosensory cortex,,1.0,area 1 of primary somatosensory cortex,0.532383,D_homba_gap,HOMBA lacks this granularity
species,Septimbrial nucleus,needs_review,0.672904,HOMBA:13032,septofimbrial nucleus,fuzzy,Septimbrial nucleus,septofimbrial nucleus,,1.0,septal region (septal nuclear complex),0.598302,C_dict,septofimbrial spelling
species,Ventral striatal region (unspecified),needs_review,0.677984,HOMBA:AA30195,ventral striatum (STRv),bm25+fuzzy,Ventral striatal region,ventral striatum,ventral,1.0,anterior (ventral /principal) pretectal nucleus,0.660761,A_effectively_correct,synonym/parent match (review-only flag)
species,Amygdaloid area (unspecified),needs_review,0.678214,HOMBA:AA30222,regions of amygdaloid complex,bm25+fuzzy+hierarchy_parent,Amygdaloid area (unspecified),regions of amygdaloid complex,,1.0,anterior amygdaloid area,0.671875,A_effectively_correct,synonym/parent match (review-only flag)
species,Ventroposterior medial and lateral thalamic nuclei,needs_review,0.681714,HOMBA:11515,medial subdivision of LaV,bm25+fuzzy,Ventroposterior medial and lateral thalamic nuclei,ventral medial subdivision of lateral nuclei,medial;lateral,1.0,ventral lateral nucleus of thalamus,0.661991,A_effectively_correct,synonym/parent match (review-only flag)
species,Ventromedial Posterior+basal Thalamus,needs_review,0.683433,HOMBA:10423,ventral posterior nuclear complex of thalamus,bm25+fuzzy,Ventromedial Posterior+basal Thalamus,ventral posterior nucleus of thalamus,posterior,1.0,periventricular area of posterior thalamus,0.671595,A_effectively_correct,synonym/parent match (review-only flag)
species,Cochlear nerve,needs_review,0.683495,HOMBA:12868,root of vestibulocochlear nerve,bm25+hierarchy_parent,Cochlear nerve,root of vestibulocochlear nerve,,1.0,cochlear root of vestibulocochlear nerve,0.603495,A_effectively_correct,synonym/parent match (review-only flag)
species,Deeper layers of the superior colliculus,needs_review,0.684228,HOMBA:12292,superior colliculus,bm25+fuzzy+hierarchy_parent,Deeper layers of the superior colliculus,superior colliculus,,1.0,brachium of superior colliculus,0.587644,A_effectively_correct,synonym/parent match (review-only flag)
species,Prefornical Hypothalamus,needs_review,0.6875,HOMBA:10467,hypothalamus,bm25+fuzzy+hierarchy_parent,Prefornical Hypothalamus,hypothalamus,,1.0,regions of hypothalamus,0.603555,A_effectively_correct,synonym/parent match (review-only flag)
species,Lamina terminalis and vascular organ,needs_review,0.690325,HOMBA:12105,lamina terminalis,bm25+fuzzy,Lamina terminalis and vascular organ,lamina terminalis,,1.0,organum vasculosum laminae terminalis,0.452204,A_effectively_correct,synonym/parent match (review-only flag)
species,"Posterior thalamic nuclear group, triangular part",needs_review,0.693668,HOMBA:10440,posterior nucleus of thalamus,bm25+fuzzy,"Posterior thalamic nuclear group, triangular part",posterior thalamic nucleus,posterior,1.0,lateral posterior nucleus of thalamus,0.648575,A_effectively_correct,synonym/parent match (review-only flag)
species,Ventral orbital area,needs_review,0.695,HOMBA:12187,anterior (ventral /principal) pretectal nucleus,bm25+fuzzy,Ventral orbital area,ventral,ventral,1.0,anterior (ventral) spinal artery,0.695,B_algo,weak/lone-token fuzzy trap
species,Parietal opercular cortex,needs_review,0.697975,HOMBA:10208,parietal cortex,bm25+fuzzy+hierarchy_parent,Parietal opercular cortex,parietal cortex,,1.0,parietal lobe,0.645648,A_effectively_correct,synonym/parent match (review-only flag)
species,Caudate putamen,needs_review,0.69875,HOMBA:146034746,caudate-putamen cell bridges,bm25+fuzzy,caudate lenticular nucleus,caudate lenticular nucleus cell bridges,,1.0,putamen (lateroventral division of the CP),0.266276,B_algo,wrong top-1 (better candidate exists)
species,Lateral Cerebellar Nucleus,needs_review,0.700172,HOMBA:AA30564,lateral region of cerebellar hemisphere,bm25+fuzzy,Lateral Cerebellar Nucleus,lateral region of cerebellar hemisphere,lateral,1.0,lateral nucleus of amygdala,0.429884,B_algo,wrong top-1 (better candidate exists)
species,Intra-amygdaloid division of the bed nucleus of the stria terminalis,needs_review,0.700362,HOMBA:10384,bed nucleus of stria terminalis,bm25+fuzzy,intra amygdaloid division of the bed nuclei of the stria terminalis,bed nuclei of stria terminalis,,1.0,stria terminalis,0.549334,A_effectively_correct,synonym/parent match (review-only flag)
species,Ventroposterior inferior thalamic nucleus,needs_review,0.700393,HOMBA:10409,pulvinar of thalamus,bm25+hierarchy_parent,Ventroposterior inferior thalamic nucleus,pulvinar of thalamus,,1.0,caudal intralaminar nuclei of thalamus,0.653024,B_algo,hierarchy_parent over-promotion
species,Anterior Pulvinar,needs_review,0.7009,HOMBA:10409,pulvinar of thalamus,bm25+fuzzy+hierarchy_parent,anterior pulvinar of thalamus,pulvinar of thalamus,,1.0,rostral division of pulvinar,0.665213,A_effectively_correct,synonym/parent match (review-only flag)
species,Mammillary Hypothalamus,needs_review,0.703804,HOMBA:10467,hypothalamus,bm25+fuzzy+hierarchy_parent,Mammillary Hypothalamus,hypothalamus,,1.0,regions of hypothalamus,0.589552,A_effectively_correct,synonym/parent match (review-only flag)
species,Supraoptic Hypothalamus,needs_review,0.703804,HOMBA:10467,hypothalamus,bm25+fuzzy+hierarchy_parent,Supraoptic Hypothalamus,hypothalamus,,1.0,regions of hypothalamus,0.593721,A_effectively_correct,synonym/parent match (review-only flag)
species,"Piriform cortex, layer 1",needs_review,0.705435,HOMBA:10311,piriform cortex,bm25+fuzzy,"Piriform cortex, layer 1",piriform cortex,layer,0.0,layer 1 (molecular layer) of ERC,0.408128,D_homba_gap,HOMBA lacks this granularity
species,"Piriform cortex, layer 2",needs_review,0.705435,HOMBA:10311,piriform cortex,bm25+fuzzy,"Piriform cortex, layer 2",piriform cortex,layer,0.0,layer 2 (outer granular cell layer) of NCx,0.408128,D_homba_gap,HOMBA lacks this granularity
species,"Piriform cortex, layer 3",needs_review,0.705435,HOMBA:10311,piriform cortex,bm25+fuzzy,"Piriform cortex, layer 3",piriform cortex,layer,0.0,unique layer 3 of primary visual cortex (primates),0.426757,D_homba_gap,HOMBA lacks this granularity
species,Zona incerta and H fields,needs_review,0.715544,HOMBA:10463,zona incerta,bm25+fuzzy,Zona incerta and H fields,zona incerta,,1.0,gray matter of hindbrain (rhombencephalon),0.269158,A_effectively_correct,synonym/parent match (review-only flag)
species,Orbital cortex (ventrolateral),needs_review,0.715939,HOMBA:13324,ventrolateral temporal cortex,bm25+fuzzy,Orbital cortex (ventrolateral),ventrolateral temporal cortex,ventrolateral,1.0,ventrolateral prefrontal cortex (Broca's area in dominant hemisphere),0.711977,A_effectively_correct,synonym/parent match (review-only flag)
species,"Parietal association cortex, medial area",needs_review,0.716234,HOMBA:10215,superior medial parietal cortex,bm25+fuzzy,"Parietal association cortex, medial area",superior medial parietal cortex,medial,1.0,medial orbital frontal cortex (area 14),0.602313,A_effectively_correct,synonym/parent match (review-only flag)
species,"Anterior commissure, anterior limb",needs_review,0.716512,HOMBA:10388,interstitial nucleus of posterior limb of anterior commissure (fundus of striatum),bm25+fuzzy,"Anterior commissure, anterior limb",interstitial nucleus of posterior limb of anterior commissure,limb,1.0,rostral (anterior) limb of internal capsule,0.425718,A_effectively_correct,synonym/parent match (review-only flag)
species,"Parietal association cortex, lateral area",needs_review,0.717914,HOMBA:10225,inferior lateral parietal cortex,bm25+fuzzy,"Parietal association cortex, lateral area",inferior lateral parietal cortex,lateral,1.0,"lateral orbital frontal cortex (OFCl, area 12/47)",0.600603,A_effectively_correct,synonym/parent match (review-only flag)
species,Anterior pituitary,needs_review,0.718111,HOMBA:10505,pituitary body/gland (hypophysis),bm25+hierarchy_parent,Anterior pituitary,pituitary body/gland (hypophysis),,1.0,anterior lobe of pituitary body (adenohypophysis),0.638111,A_effectively_correct,synonym/parent match (review-only flag)
species,Pontine Reticulum Caudal,needs_review,0.719448,HOMBA:12493,"pontine reticular nucleus, caudal division",bm25+fuzzy,pontine reticulum caudalis,pontine reticular nucleus caudalis part,caudal,1.0,(caudal) collateral sulcus (medial occipitotemporal sulcus),0.635524,A_effectively_correct,synonym/parent match (review-only flag)
species,Molecular cell layer of the cerebellum,needs_review,0.719816,HOMBA:AA30427,molecular layer of cerebellar cortex,bm25+fuzzy,Molecular cell layer of the cerebellum,molecular layer of cerebellar cortex,molecular;layer,1.0,layer 1 (molecular layer) of ERC,0.717728,A_effectively_correct,synonym/parent match (review-only flag)
species,Centrolateral and paracentral thalamic nuclei,needs_review,0.719859,HOMBA:10443,rostral intralaminar nuclei of thalamus,hierarchy_parent,Centrolateral and paracentral thalamic nuclei,rostral intralaminar nuclei of thalamus,,1.0,paracentral nucleus of thalamus,0.639859,B_algo,hierarchy_parent over-promotion
species,Interanteromedial Thalamus,needs_review,0.724368,HOMBA:AA30276,ventral midline nuclei of thalamus,hierarchy_parent,Interanteromedial Thalamus,ventral midline nuclei of thalamus,,1.0,interanteromedial nucleus of thalamus,0.644368,B_algo,hierarchy_parent over-promotion
species,Stria medullaris thalami,needs_review,0.7255,HOMBA:10590,stria medullaris of thalamus,bm25+fuzzy,Stria medullaris thalami,stria medullaris of thalamus,,1.0,myelencephalon (medulla oblongata),0.40625,C_dict,latin word-order -> stria medullaris of thalamus
species,Basomedial amygdaloid nucleus,needs_review,0.725873,HOMBA:10366,basolateral nuclear group of amygdala,bm25+hierarchy_parent,Basomedial amygdaloid nucleus,basolateral nuclear group of amygdala,,1.0,basomedial nucleus (accessory basal nucleus) of amygdala,0.645873,A_effectively_correct,synonym/parent match (review-only flag)
species,Optic tract and optic chiasm,needs_review,0.727822,HOMBA:10644,optic chiasm,bm25+fuzzy,Optic tract and optic chiasm,optic chiasm,,1.0,optic tract,0.376167,C_dict,compound enumeration
species,Central amygdaloid nucleus,needs_review,0.729451,HOMBA:10363,central nucleus of amygdala,bm25+fuzzy+hierarchy_parent,Central amygdaloid nucleus,central nucleus of amygdaloid complex,,1.0,anterior-central nuclear group of amygdala,0.696128,A_effectively_correct,synonym/parent match (review-only flag)
species,Intermediodorsal Thalamus,needs_review,0.729483,HOMBA:AA30274,dorsal midline nuclei of thalamus,hierarchy_parent,Intermediodorsal Thalamus,dorsal midline nuclei of thalamus,,1.0,intermediodorsal  nucleus of thalamus,0.649483,B_algo,hierarchy_parent over-promotion
species,Pontine Reticulum Oral,needs_review,0.733874,HOMBA:12494,"pontine reticular nucleus, rostral division",bm25+fuzzy,pontine reticulum oralis,pontine reticular nucleus oralis part,oral,1.0,rostral (oral) dorsal paramedian nucleus,0.651696,A_effectively_correct,synonym/parent match (review-only flag)
species,Superior Olive,needs_review,0.734583,HOMBA:12470,medial superior olivary nucleus,bm25+fuzzy,Superior Olive,medial superior olive,,1.0,lateral superior olivary nucleus,0.715038,B_algo,wrong top-1 (better candidate exists)
species,Pre-supplementary motor area,needs_review,0.736733,HOMBA:AA30012,medial division of area 6 (supplementary motor area),bm25+fuzzy,Pre-supplementary motor area,supplementary motor area,,1.0,frontal motor cortex (posterior frontal cortex),0.431626,A_effectively_correct,synonym/parent match (review-only flag)
species,Pedunculopontine Nucleus,needs_review,0.739583,HOMBA:12406,pontine nucleus,fuzzy+hierarchy_parent,Pedunculopontine Nucleus,pontine nucleus,,1.0,peduncular part of pontine nucleus,0.598279,B_algo,wrong top-1 (better candidate exists)
species,"Premotor cortex, ventral",needs_review,0.742101,HOMBA:10168,"premotor cortex (area 6, area FB, secondary motor cortex)",bm25+fuzzy,"Premotor cortex, ventral",premotor cortex,ventral,0.0,anterior (ventral /principal) pretectal nucleus,0.620766,A_effectively_correct,synonym/parent match (review-only flag)
species,Ventrolateral thalamic nucleus,needs_review,0.744627,HOMBA:10443,rostral intralaminar nuclei of thalamus,hierarchy_parent,Ventrolateral thalamic nucleus,rostral intralaminar nuclei of thalamus,,1.0,dorsal midline nuclei of thalamus,0.720288,B_algo,hierarchy_parent over-promotion
species,"Secondary auditory area, ventral part",needs_review,0.745877,HOMBA:10239,"secondary auditory cortex (auditory belt region, area 42, area TB)",bm25+fuzzy,secondary auditory cortex ventral part,secondary auditory cortex,ventral,0.0,"ventral secondary visual cortex (ventral area 18, ventral area OB, area 18b)",0.427372,A_effectively_correct,synonym/parent match (review-only flag)
species,Intraamygdaloid Stria Terminalis,needs_review,0.746598,HOMBA:10591,stria terminalis,bm25+fuzzy,Intraamygdaloid Stria Terminalis,stria terminalis,,1.0,remaining caudal extension of BST (along stria terminalis),0.563612,A_effectively_correct,synonym/parent match (review-only flag)
species,"Zona incerta, rostral part",needs_review,0.748877,HOMBA:10463,zona incerta,bm25+fuzzy,"Zona incerta, rostral part",zona incerta,,1.0,"lobule II (central lobule, rostral part)",0.230615,A_effectively_correct,synonym/parent match (review-only flag)
species,"Anterior commissure, intrabulbar part",needs_review,0.75,HOMBA:10559,anterior commissure,bm25+fuzzy+hierarchy_parent,"Anterior commissure, intrabulbar part",anterior commissure,,1.0,rostral (anterior) branch of anterior commissure,0.563579,A_effectively_correct,synonym/parent match (review-only flag)
species,Basolateral Intermediate Amygdaloid Nucleus,needs_review,0.750773,HOMBA:10366,basolateral nuclear group of amygdala,bm25+fuzzy+hierarchy_parent,Basolateral Intermediate Amygdaloid Nucleus,basolateral nuclear group of amygdala,,1.0,basolateral nucleus (basal nucleus) of amygdala,0.670773,A_effectively_correct,synonym/parent match (review-only flag)
species,"Precentral gyrus, lateral",needs_review,0.751667,HOMBA:12114,precentral gyrus,bm25+fuzzy,"Precentral gyrus, lateral",precentral gyrus,lateral,0.0,lateral orbital gyrus,0.409552,A_effectively_correct,synonym/parent match (review-only flag)
species,"Striate cortex, medial",needs_review,0.751667,HOMBA:10269,"primary visual cortex (first visual cortex, striate cortex, area 17, area OC)",bm25+fuzzy,"Striate cortex, medial",striate cortex,medial,0.0,medial (caudal) entorhinal cortex,0.637626,A_effectively_correct,synonym/parent match (review-only flag)
species,Paralaminar amygdaloid nucleus,needs_review,0.752254,HOMBA:10370,paralaminar nucleus of amygdala,bm25+fuzzy,Paralaminar amygdaloid nucleus,paralaminar nucleus of amygdaloid complex,,1.0,corticomedial nuclear group of amygdala,0.37308,A_effectively_correct,synonym/parent match (review-only flag)
species,"Medial geniculate body, medial division",needs_review,0.752733,HOMBA:10439,medial division of medial geniculate nucleus,bm25+fuzzy,"Medial geniculate body, medial division",medial division of medial geniculate nucleus,medial,1.0,medial geniculate nucleus,0.742624,A_effectively_correct,synonym/parent match (review-only flag)
species,"Postcentral gyrus, lateral",needs_review,0.753867,HOMBA:12132,postcentral gyrus,bm25+fuzzy,"Postcentral gyrus, lateral",postcentral gyrus,lateral,0.0,lateral orbital gyrus,0.409552,A_effectively_correct,synonym/parent match (review-only flag)
species,"Postcentral gyrus, medial",needs_review,0.753867,HOMBA:12132,postcentral gyrus,bm25+fuzzy,"Postcentral gyrus, medial",postcentral gyrus,medial,0.0,medial orbital gyrus,0.411391,A_effectively_correct,synonym/parent match (review-only flag)
species,"Premotor cortex, dorsal",needs_review,0.753867,HOMBA:10168,"premotor cortex (area 6, area FB, secondary motor cortex)",bm25+fuzzy,"Premotor cortex, dorsal",premotor cortex,dorsal,0.0,caudal (dorsal) parasubiculum (subdivision b only),0.597957,A_effectively_correct,synonym/parent match (review-only flag)
species,"Secondary auditory area, dorsal part",needs_review,0.753867,HOMBA:10239,"secondary auditory cortex (auditory belt region, area 42, area TB)",bm25+fuzzy,secondary auditory cortex dorsal part,secondary auditory cortex,dorsal,0.0,"dorsal secondary visual cortex (dorsal area 18, dorsal area OB, area 18a)",0.425667,A_effectively_correct,synonym/parent match (review-only flag)
species,Kolliker-Fuse Nucleus,needs_review,0.756395,HOMBA:12518,Koelliker-Fuse nucleus,bm25+fuzzy,Kolliker-Fuse Nucleus,Koelliker-Fuse nucleus,,1.0,cerebellar deep nuclei,0.492784,C_dict,Kolliker -> Koelliker spelling
species,"Cingulate gyrus, anterior",needs_review,0.757957,HOMBA:10278,anterior cingulate  cortex (ventromedial prefrontal cortex),bm25+fuzzy,cingulate cortex anterior,anterior cingulate  cortex,,1.0,cingulate cortex,0.720643,A_effectively_correct,synonym/parent match (review-only flag)
species,Central canal,needs_review,0.760417,HOMBA:12826,central canal of medulla oblongata,bm25+fuzzy,Central canal,central canal of medulla,,1.0,central canal of spinal cord,0.669763,A_effectively_correct,synonym/parent match (review-only flag)
species,Peduncular lateral hypothalamic nucleus,needs_review,0.761175,HOMBA:13070,magnocellular nucleus of lateral hypothalamic area,bm25+fuzzy,peduncular lateral hypothalamic nuclei,magnocellular nuclei of lateral hypothalamic area,lateral,1.0,"lateral hypothalamic area, tuberal part",0.686178,A_effectively_correct,synonym/parent match (review-only flag)
species,Posterior pituitary,needs_review,0.762133,HOMBA:AA30783,posterior lobe of pituitary body (neurohypophysis),bm25+fuzzy,Posterior pituitary,posterior lobe of pituitary body,posterior,1.0,caudal (posterior) branch of anterior commissure,0.392347,A_effectively_correct,synonym/parent match (review-only flag)
species,Ventral Lateral Posterodorsal Thalamus,needs_review,0.765825,HOMBA:10420,ventral lateral nucleus of thalamus,bm25+fuzzy,Ventral Lateral Posterodorsal Thalamus,ventral lateral nucleus of thalamus,ventral;lateral,1.0,ventral thalamus,0.656565,A_effectively_correct,synonym/parent match (review-only flag)
species,Laterodorsal thalamic nucleus,needs_review,0.769656,HOMBA:10393,anterodorsal nucleus of thalamus,bm25+fuzzy,laterodorsal nucleus of thalamus,anterodorsal nucleus of thalamus,,1.0,interanterodorsal nucleus of thalamus,0.73726,C_dict,laterodorsal -> lateral dorsal nucleus of thalamus
species,"Agranular insular cortex, posterior area",needs_review,0.77,HOMBA:10328,agranular insular cortex (area Iag),bm25+fuzzy,agranular major insular cortex posterior area,agranular major insular cortex,posterior,0.0,agranular temporal insular cortex (area TI),0.634058,A_effectively_correct,synonym/parent match (review-only flag)
species,Agranular insular cortex dorsal area,needs_review,0.7722,HOMBA:10328,agranular insular cortex (area Iag),bm25+fuzzy,agranular major insular cortex dorsal area,agranular major insular cortex,dorsal,0.0,agranular temporal insular cortex (area TI),0.643778,A_effectively_correct,synonym/parent match (review-only flag)
species,"Agranular insular cortex, ventral area",needs_review,0.7722,HOMBA:10328,agranular insular cortex (area Iag),bm25+fuzzy,agranular major insular cortex ventral area,agranular major insular cortex,ventral,0.0,agranular frontal insular cortex (area FI),0.642812,A_effectively_correct,synonym/parent match (review-only flag)
species,"Mediodorsal thalamic nucleus, lateral part",needs_review,0.7722,HOMBA:10398,mediodorsal nucleus of thalamus,bm25+fuzzy,"Mediodorsal thalamic nucleus, lateral part",mediodorsal thalamic nucleus,lateral,0.0,"dentate nucleus, mediodorsal division",0.448762,A_effectively_correct,synonym/parent match (review-only flag)
species,"Mediodorsal thalamic nucleus, medial part",needs_review,0.7722,HOMBA:10398,mediodorsal nucleus of thalamus,bm25+fuzzy,"Mediodorsal thalamic nucleus, medial part",mediodorsal thalamic nucleus,medial,0.0,central medial nucleus of thalamus,0.442277,A_effectively_correct,synonym/parent match (review-only flag)
species,"Superior frontal gyrus, medial",needs_review,0.7722,HOMBA:12115,superior frontal gyrus,bm25+fuzzy,"Superior frontal gyrus, medial",superior frontal gyrus,medial,0.0,superior frontal sulcus,0.530608,A_effectively_correct,synonym/parent match (review-only flag)
species,Ventral cortical amygdaloid nucleus,needs_review,0.7722,HOMBA:10373,cortical nucleus of amygdala,bm25+fuzzy,Ventral cortical amygdaloid nucleus,cortical amygdaloid nucleus,ventral,0.0,anterior (rostral) cortical nucleus of amygdala,0.539536,A_effectively_correct,synonym/parent match (review-only flag)
species,Intergeniculate leaflet,needs_review,0.773333,HOMBA:AA30305,intergeniculate leaf,bm25+fuzzy,Intergeniculate leaflet,intergeniculate leaf,,1.0,lateral geniculate nucleus (dorsal lateral geniculate nucleus),0.305917,C_dict,leaflet -> leaf
species,Juxtaparaventricular nucleus,needs_review,0.773333,HOMBA:10457,paraventricular nucleus of thalamus,fuzzy+hierarchy_parent,Juxtaparaventricular nucleus,paraventricular nucleus,,1.0,subventricular nucleus,0.594091,B_algo,wrong top-1 (better candidate exists)
species,Precuneiform Nucleus,needs_review,0.773333,HOMBA:12240,cuneiform nucleus,bm25+fuzzy+hierarchy_parent,Precuneiform Nucleus,cuneiform nucleus,,1.0,precuneiform area,0.671252,C_dict,precuneiform area/nucleus
species,"Medial geniculate body, dorsal division",needs_review,0.774841,HOMBA:10435,dorsal (rostral) division of medial geniculate nucleus,bm25+fuzzy,"Medial geniculate body, dorsal division",dorsal   division of medial geniculate nucleus,medial;dorsal,1.0,medial division of medial geniculate nucleus,0.629342,A_effectively_correct,synonym/parent match (review-only flag)
species,Ventral Lateral Posteroventral Thalamus,needs_review,0.774846,HOMBA:10420,ventral lateral nucleus of thalamus,bm25+fuzzy,Ventral Lateral Posteroventral Thalamus,ventral lateral nucleus of thalamus,ventral;lateral,1.0,ventral thalamus,0.692649,A_effectively_correct,synonym/parent match (review-only flag)
species,"Medial geniculate body, ventral division",needs_review,0.774918,HOMBA:10438,ventral (caudal) division of medial geniculate nucleus,bm25+fuzzy,"Medial geniculate body, ventral division",ventral   division of medial geniculate nucleus,medial;ventral,1.0,medial division of medial geniculate nucleus,0.62723,A_effectively_correct,synonym/parent match (review-only flag)
species,Superior cerebellar peduncle and prerubral field,needs_review,0.775873,HOMBA:12354,superior cerebellar peduncle (brachium conjunctivum),bm25+fuzzy,Superior cerebellar peduncle and prerubral field,superior cerebellar peduncle,,1.0,prerubral field (field H3),0.602571,A_effectively_correct,synonym/parent match (review-only flag)
species,A11 dopamine cell group,needs_review,0.776304,HOMBA:AA30843,A8 dopamine cell group,bm25+fuzzy,A11 dopamine cell group,A8 dopamine cell group,,1.0,A2 noradrenaline cell group,0.543902,D_homba_gap,HOMBA lacks this granularity
species,A13 dopamine cell group,needs_review,0.776304,HOMBA:AA30843,A8 dopamine cell group,bm25+fuzzy,A13 dopamine cell group,A8 dopamine cell group,,1.0,A2 noradrenaline cell group,0.543902,D_homba_gap,HOMBA lacks this granularity
species,Mesencephalic Reticular Formation,needs_review,0.777459,HOMBA:15547,isthmic reticular formation,bm25+fuzzy,Mesencephalic Reticular Formation,isthmic reticular formation,reticular,1.0,medullary reticular formation in  medulla oblongata,0.764278,A_effectively_correct,synonym/parent match (review-only flag)
species,"Cerebellum, unspecified",needs_review,0.778409,HOMBA:10656,cerebellum,bm25+fuzzy,"Cerebellum, unspecified",cerebellum,,1.0,paravermis of cerebellar hemisphere,0.290471,A_effectively_correct,synonym/parent match (review-only flag)
species,"Anterior commissure, posterior limb",needs_review,0.778847,HOMBA:10388,interstitial nucleus of posterior limb of anterior commissure (fundus of striatum),bm25+fuzzy,"Anterior commissure, posterior limb",interstitial nucleus of posterior limb of anterior commissure,posterior;limb,1.0,caudal limb of internal capsule,0.391264,A_effectively_correct,synonym/parent match (review-only flag)
species,Spinal Trigeminal Nucleus Intermediate,needs_review,0.7809,HOMBA:12436,afferent nuclei of cranial nerves in pons,hierarchy_parent,Spinal Trigeminal Nucleus Intermediate,afferent nuclei of cranial nerves in pons,,1.0,spinal trigeminal nucleus,0.75465,B_algo,hierarchy_parent over-promotion
species,Ventral periolivary nuclei,needs_review,0.78137,HOMBA:12568,"solitary nucleus, ventral division",bm25+fuzzy,ventral periolivary nucleus,ventral part solitary nucleus,ventral,1.0,periolivary nuclei,0.753867,A_effectively_correct,synonym/parent match (review-only flag)
species,Stria medullaris,needs_review,0.782738,HOMBA:10590,stria medullaris of thalamus,bm25+fuzzy,Stria medullaris,stria medullaris of thalamus,,1.0,stria terminalis,0.261738,A_effectively_correct,synonym/parent match (review-only flag)
species,Arcuate nucleus,needs_review,0.786859,HOMBA:12536,arcuate nucleus of medulla oblongata,bm25+fuzzy,Arcuate nucleus,arcuate nucleus of medulla,,1.0,arcuate nucleus of hypothalamus,0.71707,A_effectively_correct,synonym/parent match (review-only flag)
species,"Parietal association cortex, posterior area",needs_review,0.787578,HOMBA:10214,posterior parietal cortex,bm25+fuzzy,"Parietal association cortex, posterior area",posterior parietal cortex,posterior,1.0,posterior limiting parietal cortex,0.711256,A_effectively_correct,synonym/parent match (review-only flag)
species,Optic tract/chiasma,needs_review,0.788377,HOMBA:10589,optic tract,bm25+fuzzy,Optic tract/chiasma,optic tract,,1.0,optic chiasm,0.542626,C_dict,compound; chiasma -> chiasm
species,Posterior Commissural Nuclei,needs_review,0.788483,HOMBA:12194,interstitial nucleus of posterior commissure (nucleus of posterior commissure),bm25+fuzzy,Posterior Commissural Nuclei,nuclei of posterior commissure,posterior,1.0,posterior (caudal) cortical nucleus of amygdala,0.782298,A_effectively_correct,synonym/parent match (review-only flag)
species,Cerebellar Lobule 10 Vermis,needs_review,0.792065,HOMBA:AA30563,cerebellar morphology,bm25+hierarchy_parent,Cerebellar Lobule 10 Vermis,cerebellar morphology,,1.0,cerebellar vermis,0.712065,D_homba_gap,HOMBA lacks this granularity
species,Commissural stria terminalis,needs_review,0.795711,HOMBA:AA30882,commissural branch of stria terminalis,bm25+fuzzy,Commissural stria terminalis,commissural branch of stria terminalis,,1.0,stria terminalis,0.782738,A_effectively_correct,synonym/parent match (review-only flag)
species,"Frontal orbital cortex, anterior",needs_review,0.798344,HOMBA:10161,frontal cortex,bm25+hierarchy_parent,"Frontal orbital cortex, anterior",frontal cortex,,1.0,orbital frontal cortex,0.725347,A_effectively_correct,synonym/parent match (review-only flag)
species,Cerebellar Lobule 1 Vermis,needs_review,0.798634,HOMBA:AA30563,cerebellar morphology,bm25+fuzzy+hierarchy_parent,Cerebellar Lobule 1 Vermis,cerebellar morphology,,1.0,cerebellar vermis,0.718634,D_homba_gap,HOMBA lacks this granularity
species,Cerebellar Lobule 2 Vermis,needs_review,0.798634,HOMBA:AA30563,cerebellar morphology,bm25+fuzzy+hierarchy_parent,Cerebellar Lobule 2 Vermis,cerebellar morphology,,1.0,cerebellar vermis,0.718634,D_homba_gap,HOMBA lacks this granularity
species,Cerebellar Lobule 3 Vermis,needs_review,0.798634,HOMBA:AA30563,cerebellar morphology,bm25+hierarchy_parent,Cerebellar Lobule 3 Vermis,cerebellar morphology,,1.0,cerebellar vermis,0.718634,D_homba_gap,HOMBA lacks this granularity
species,Cerebellar Lobule 4 Vermis,needs_review,0.798634,HOMBA:AA30563,cerebellar morphology,bm25+fuzzy+hierarchy_parent,Cerebellar Lobule 4 Vermis,cerebellar morphology,,1.0,cerebellar vermis,0.718634,D_homba_gap,HOMBA lacks this granularity
species,Cerebellar Lobule 5 Vermis,needs_review,0.798634,HOMBA:AA30563,cerebellar morphology,bm25+fuzzy+hierarchy_parent,Cerebellar Lobule 5 Vermis,cerebellar morphology,,1.0,cerebellar vermis,0.718634,D_homba_gap,HOMBA lacks this granularity
species,Cerebellar Lobule 6 Vermis,needs_review,0.798634,HOMBA:AA30563,cerebellar morphology,bm25+fuzzy+hierarchy_parent,Cerebellar Lobule 6 Vermis,cerebellar morphology,,1.0,cerebellar vermis,0.718634,D_homba_gap,HOMBA lacks this granularity
species,Cerebellar Lobule 7 Vermis,needs_review,0.798634,HOMBA:AA30563,cerebellar morphology,bm25+fuzzy+hierarchy_parent,Cerebellar Lobule 7 Vermis,cerebellar morphology,,1.0,cerebellar vermis,0.718634,D_homba_gap,HOMBA lacks this granularity
species,Cerebellar Lobule 8 Vermis,needs_review,0.798634,HOMBA:AA30563,cerebellar morphology,bm25+fuzzy+hierarchy_parent,Cerebellar Lobule 8 Vermis,cerebellar morphology,,1.0,cerebellar vermis,0.718634,D_homba_gap,HOMBA lacks this granularity
species,Cerebellar Lobule 9 Vermis,needs_review,0.798634,HOMBA:AA30563,cerebellar morphology,bm25+fuzzy+hierarchy_parent,Cerebellar Lobule 9 Vermis,cerebellar morphology,,1.0,cerebellar vermis,0.718634,D_homba_gap,HOMBA lacks this granularity
species,Transverse fibers of the pons,needs_review,0.80058,HOMBA:12795,transverse fibers of pons (pontine crossing tract),bm25+fuzzy,Transverse fibers of the pons,transverse fibers of pons,,1.0,transverse fibers,0.793822,A_effectively_correct,synonym/parent match (review-only flag)
species,Cuneate Gracile Nuclei,needs_review,0.805236,HOMBA:12587,sensory relay nuclei in medulla oblongata,hierarchy_parent,Cuneate Gracile Nuclei,sensory relay nuclei in medulla oblongata,,1.0,gracile nucleus,0.725236,A_effectively_correct,synonym/parent match (review-only flag)
species,Medial Raphe,needs_review,0.8075,HOMBA:12402,fastigial (medial) nucleus,bm25+fuzzy,Medial Raphe,medial,medial,1.0,medial (magnocellular) division of MD,0.8075,B_algo,weak/lone-token fuzzy trap
species,Locus-coeruleus Region,needs_review,0.8084,HOMBA:12499,nucleus coeruleus (locus coeruleus),bm25+fuzzy,Locus-coeruleus Region,locus coeruleus,,1.0,,,C_dict,locus coeruleus region -> nucleus coeruleus
species,Dorsal Lateral Leminscus Nucleus,needs_review,0.81101,HOMBA:10429,lateral geniculate nucleus (dorsal lateral geniculate nucleus),bm25+fuzzy,Dorsal Lateral Leminscus Nucleus,dorsal lateral geniculate nucleus,dorsal;lateral,1.0,dorsal nucleus of lateral lemniscus,0.794715,C_dict,Leminscus -> lemniscus; dorsal nucleus of lateral lemniscus
species,4th ventricle,needs_review,0.815,HOMBA:AA30475,olfactory recess (ventricle) and ependyma,bm25+fuzzy,4th ventricle,ventricle,,1.0,fourth ventricle,0.617966,A_effectively_correct,synonym/parent match (review-only flag)
species,Preoptic area,needs_review,0.815,HOMBA:10468,preoptic region of HTH,bm25+fuzzy+hierarchy_parent,preoptic region,preoptic region of HTH,,1.0,medial preoptic area,0.7009,A_effectively_correct,synonym/parent match (review-only flag)
species,Retroreuniens thalamic nucleus,needs_review,0.815,HOMBA:10403,reuniens (medioventral) nucleus of thalamus,bm25+fuzzy,Retroreuniens thalamic nucleus,reuniens thalamic nucleus,,1.0,ventral midline nuclei of thalamus,0.7697,C_dict,reuniens word-order; reuniens nucleus of thalamus
species,Medullar Reticular Nucleus,needs_review,0.816244,HOMBA:12640,"medullary reticular nucleus, ventral division (medial reticular nucleus)",bm25+fuzzy,Medullar Reticular Nucleus,medial reticular nucleus,reticular,1.0,parvicellular reticular nucleus,0.784446,A_effectively_correct,synonym/parent match (review-only flag)
species,Retrosplenial granular area,needs_review,0.816308,HOMBA:10325,"granular retrosplenial cortex (area 29, RSg)",bm25+fuzzy,Retrosplenial granular area,granular retrosplenial cortex,granular,1.0,"agranular retrosplenial cortex (area 30, RSag)",0.354871,A_effectively_correct,synonym/parent match (review-only flag)
species,"Basal forebrain region, unspecified",needs_review,0.8171,HOMBA:10349,basal forebrain,bm25+fuzzy+hierarchy_parent,"Basal forebrain region, unspecified",basal forebrain,,1.0,regions of basal forebrain,0.7371,A_effectively_correct,synonym/parent match (review-only flag)
species,"Medial geniculate body, marginal zone",needs_review,0.81798,HOMBA:266441523,marginal zone of medial geniculate nucleus,bm25+fuzzy,"Medial geniculate body, marginal zone",marginal zone of medial geniculate nucleus,medial,1.0,medial division of medial geniculate nucleus,0.390675,A_effectively_correct,synonym/parent match (review-only flag)
species,Medial geniculate complex (marginal zone),needs_review,0.818624,HOMBA:266441523,marginal zone of medial geniculate nucleus,bm25+fuzzy,Medial geniculate complex (marginal zone),marginal zone of medial geniculate nucleus,marginal;zone;marginal zone;medial,1.0,medial geniculate nuclear complex,0.770834,A_effectively_correct,synonym/parent match (review-only flag)
species,Abducens Motor Nucleus,needs_review,0.819332,HOMBA:12417,efferent nuclei of cranial nerves in pons,hierarchy_parent,Abducens Motor Nucleus,efferent nuclei of cranial nerves in pons,,1.0,abducens nucleus,0.739332,B_algo,hierarchy_parent over-promotion
species,Medial Emminence,needs_review,0.819921,HOMBA:12820,medial eminence,bm25+fuzzy,Medial Emminence,medial eminence,medial,1.0,fastigial (medial) nucleus,0.71375,E_source_typo,transcription typo in dataset
species,"Medial geniculate body, suprageniculate nucleus",needs_review,0.820237,HOMBA:10434,medial geniculate nucleus,bm25+fuzzy,"Medial geniculate body, suprageniculate nucleus",medial geniculate nucleus,medial,1.0,medial division of medial geniculate nucleus,0.762556,A_effectively_correct,synonym/parent match (review-only flag)
species,Posterior Interstitial Nucleus,needs_review,0.821001,HOMBA:12194,interstitial nucleus of posterior commissure (nucleus of posterior commissure),bm25+fuzzy,posterior interstitial nuclei,interstitial nuclei of posterior commissure,posterior,1.0,interstitial nucleus of posterior limb of anterior commissure (fundus of striatum),0.692834,A_effectively_correct,synonym/parent match (review-only flag)
species,Ventromedial thalamic nucleus,needs_review,0.823683,HOMBA:10448,caudal intralaminar nuclei of thalamus,hierarchy_parent,Ventromedial thalamic nucleus,caudal intralaminar nuclei of thalamus,,1.0,rostral intralaminar nuclei of thalamus,0.746714,B_algo,hierarchy_parent over-promotion
species,"Precentral gyrus, medial/supplementary motor area",needs_review,0.827822,HOMBA:AA30012,medial division of area 6 (supplementary motor area),bm25+fuzzy,"Precentral gyrus, medial/supplementary motor area",supplementary motor area,medial,1.0,precentral gyrus,0.529377,A_effectively_correct,synonym/parent match (review-only flag)
species,Frontal medial cortex,needs_review,0.837395,HOMBA:10195,medial orbital frontal cortex (area 14),bm25+fuzzy,Frontal medial cortex,medial orbital frontal cortex,medial,1.0,medial (caudal) entorhinal cortex,0.395176,A_effectively_correct,synonym/parent match (review-only flag)
species,"Olfactory bulb, unspecified",needs_review,0.841346,HOMBA:10307,olfactory bulb,bm25+fuzzy,"Olfactory bulb, unspecified",olfactory bulb,,1.0,lamination of olfactory bulb,0.610515,A_effectively_correct,synonym/parent match (review-only flag)
species,Medial orbital area,needs_review,0.841567,HOMBA:12122,medial orbital gyrus,bm25+fuzzy,Medial orbital area,medial orbital gyrus,medial,1.0,medial orbital sulcus,0.815573,A_effectively_correct,synonym/parent match (review-only flag)
species,Dorsal Medial Hypothalamic Nucleus,needs_review,0.842294,HOMBA:10489,dorsal division of VMHco,bm25+fuzzy,Dorsal Medial Hypothalamic Nucleus,dorsal part of ventromedial hypothalamic nucleus,dorsal;medial,1.0,dorsomedial hypothalamic nucleus,0.772277,A_effectively_correct,synonym/parent match (review-only flag)
species,"External medullary lamina, unspecified",needs_review,0.843619,HOMBA:12038,external medullary lamina of thalamus,bm25+fuzzy,"External medullary lamina, unspecified",external medullary lamina of thalamus,external,1.0,external medullary lamina of globus pallidus,0.837814,A_effectively_correct,synonym/parent match (review-only flag)
species,Spinal Trigeminal Nucleus Oral,needs_review,0.848095,HOMBA:12447,"spinal nucleus of trigeminal nerve, rostral subnucleus",bm25+fuzzy,spinal principal sensory nucleus of trigeminal nerve oral,"spinal nucleus of trigeminal nerve, oral subnucleus",oral,1.0,spinal trigeminal nucleus,0.785316,A_effectively_correct,synonym/parent match (review-only flag)
species,"Anteroventral thalamic nucleus, ventrolateral part",needs_review,0.850962,HOMBA:10395,anteroventral nucleus of thalamus,bm25+fuzzy,anteroventral nucleus of thalamus ventrolateral part,anteroventral nucleus of thalamus,,1.0,anterior nuclear complex of thalamus,0.800627,A_effectively_correct,synonym/parent match (review-only flag)
species,Copula of the Pyramis,needs_review,0.852241,HOMBA:AA30418,"lobule VIIIB (biventral lobule, part 2, copula pyramis)",bm25+fuzzy,Copula of the Pyramis,copula pyramis,,1.0,Lobule VIII (pyramis),0.384543,A_effectively_correct,synonym/parent match (review-only flag)
species,Lateral orbital area,needs_review,0.854066,HOMBA:12125,lateral orbital gyrus,bm25+fuzzy,Lateral orbital area,lateral orbital gyrus,lateral,1.0,lateral orbital sulcus,0.828913,A_effectively_correct,synonym/parent match (review-only flag)
species,Septum and diagonal band,needs_review,0.854167,HOMBA:12034,diagonal band,bm25+fuzzy,septum and diagonal band of broca,diagonal band of broca,,1.0,nucleus of diagonal band,0.592062,A_effectively_correct,synonym/parent match (review-only flag)
species,Cornu ammonis 1,needs_review,0.856667,HOMBA:10296,hippocampal proper (Cornu Ammonis),bm25+fuzzy,Cornu ammonis 1,Cornu Ammonis,,1.0,"lobule VIIAt (tuber, part 1)",0.262197,A_effectively_correct,synonym/parent match (review-only flag)
species,Cornu ammonis 2,needs_review,0.856667,HOMBA:10296,hippocampal proper (Cornu Ammonis),bm25+fuzzy,Cornu ammonis 2,Cornu Ammonis,,1.0,"lobule VIIB (tuber, part 2)",0.262197,A_effectively_correct,synonym/parent match (review-only flag)
species,Cornu ammonis 3,needs_review,0.856667,HOMBA:10296,hippocampal proper (Cornu Ammonis),bm25+fuzzy,Cornu ammonis 3,Cornu Ammonis,,1.0,area 3 of primary somatosensory cortex,0.266446,A_effectively_correct,synonym/parent match (review-only flag)
species,Occulomotor Nerve,needs_review,0.856667,HOMBA:12376,root of occulomotor nerve,bm25+fuzzy,Occulomotor Nerve,root of occulomotor nerve,,1.0,root of facial nerve,0.282022,E_source_typo,transcription typo in dataset
species,Periventricular gray,needs_review,0.856667,HOMBA:AA30845,periventricular gray of pons,bm25+fuzzy,Periventricular gray,periventricular gray of pons,,1.0,gray matter of brain,0.301669,A_effectively_correct,synonym/parent match (review-only flag)
species,Retro-mammillary nucleus,needs_review,0.856667,HOMBA:10498,mammillary nuclear complex,bm25+fuzzy+hierarchy_parent,Retro-mammillary nucleus,mammillary nucleus,,1.0,mammillary (posterior) region of HTH,0.805533,A_effectively_correct,synonym/parent match (review-only flag)
species,Septum Diagonal Band,needs_review,0.856667,HOMBA:12034,diagonal band,bm25+fuzzy,septum diagonal band of broca,diagonal band of broca,,1.0,nucleus of diagonal band,0.59842,A_effectively_correct,synonym/parent match (review-only flag)
species,Ventromedial occipital cortex,needs_review,0.863622,HOMBA:10270,extrastriate occipital cortex,bm25+hierarchy_parent,Ventromedial occipital cortex,extrastriate occipital cortex,,1.0,ventromedial extrastriate occipital cortex,0.783622,A_effectively_correct,synonym/parent match (review-only flag)
species,"Inferior colliculus, commissure",needs_review,0.865278,HOMBA:12333,commissure of inferior colliculus,bm25+fuzzy,"Inferior colliculus, commissure",commissure of inferior colliculus,,1.0,commissure of superior colliculus,0.559182,A_effectively_correct,synonym/parent match (review-only flag)
species,Paraventricular hypothalamic nucleus,needs_review,0.866136,HOMBA:AA30274,dorsal midline nuclei of thalamus,hierarchy_parent,Paraventricular hypothalamic nucleus,dorsal midline nuclei of thalamus,,1.0,paraventricular nucleus of thalamus,0.786136,B_algo,hierarchy_parent over-promotion
species,"Anteroventral thalamic nucleus, dorsomedial part",needs_review,0.87,HOMBA:10395,anteroventral nucleus of thalamus,bm25+fuzzy,anteroventral nucleus of thalamus dorsomedial part,anteroventral nucleus of thalamus,,1.0,anterior nuclear complex of thalamus,0.817,A_effectively_correct,synonym/parent match (review-only flag)
species,"Inferior colliculus, brachium",needs_review,0.874145,HOMBA:12327,brachium of inferior colliculus,bm25+fuzzy,"Inferior colliculus, brachium",brachium of inferior colliculus,,1.0,inferior colliculus,0.698074,A_effectively_correct,synonym/parent match (review-only flag)
species,Parvicellular and Intermediate Reticular Nuclei,needs_review,0.876067,HOMBA:12618,parvicellular reticular nucleus,bm25+fuzzy,parvicellular and intermediate reticular nucleus,parvicellular reticular nucleus,parvicellular;reticular,1.0,parvicellular division of reticular nucleus (perireticular nucleus),0.842117,A_effectively_correct,synonym/parent match (review-only flag)
species,Internal medullary lamina,needs_review,0.8775,HOMBA:12062,internal medullary lamina of globus pallidus,bm25+fuzzy,Internal medullary lamina,internal medullary lamina of pallidum,,1.0,internal medullary lamina of thalamus,0.8775,A_effectively_correct,synonym/parent match (review-only flag)
species,"Mediodorsal thalamic nucleus, central part",needs_review,0.8775,HOMBA:10398,mediodorsal nucleus of thalamus,bm25+fuzzy,"Mediodorsal thalamic nucleus, central part",mediodorsal thalamic nucleus,,1.0,ventral midline nuclei of thalamus,0.408617,A_effectively_correct,synonym/parent match (review-only flag)
species,Habenula (lateral part),needs_review,0.88,HOMBA:10452,habenular nuclei,bm25+exact+fuzzy,Habenula,Habenula,lateral,0.0,lateral habenular nucleus,0.87,A_effectively_correct,exact base match; subdivision not in HOMBA
species,Habenula (medial part),needs_review,0.88,HOMBA:10452,habenular nuclei,bm25+exact+fuzzy,Habenula,Habenula,medial,0.0,medial habenular nucleus,0.8725,A_effectively_correct,exact base match; subdivision not in HOMBA
species,Paraventricular thalamic nuclei (anterior and posterior),needs_review,0.88,HOMBA:10457,paraventricular nucleus of thalamus,bm25+exact+fuzzy,paraventricular thalamic nucleus,paraventricular thalamic nucleus,anterior;posterior;anterior and posterior,0.0,caudal paraventricular nucleus of thalamus,0.680533,A_effectively_correct,exact base match; subdivision not in HOMBA
species,Zona incerta (caudal part),needs_review,0.88,HOMBA:10463,zona incerta,bm25+exact+fuzzy,Zona incerta,Zona incerta,caudal,0.0,(caudal) collateral sulcus (medial occipitotemporal sulcus),0.356678,A_effectively_correct,exact base match; subdivision not in HOMBA
species,Zona incerta (dorsal part),needs_review,0.88,HOMBA:10463,zona incerta,bm25+exact+fuzzy,Zona incerta,Zona incerta,dorsal,0.0,caudal (dorsal) parasubiculum (subdivision b only),0.336594,A_effectively_correct,exact base match; subdivision not in HOMBA
species,Zona incerta (rostral part),needs_review,0.88,HOMBA:10463,zona incerta,bm25+exact+fuzzy,Zona incerta,Zona incerta,rostral,0.0,anterior (rostral) cortical nucleus of amygdala,0.350615,A_effectively_correct,exact base match; subdivision not in HOMBA
species,Zona incerta (ventral part),needs_review,0.88,HOMBA:10463,zona incerta,bm25+exact+fuzzy,Zona incerta,Zona incerta,ventral,0.0,anterior (ventral /principal) pretectal nucleus,0.343592,A_effectively_correct,exact base match; subdivision not in HOMBA
species,Lateral Dorsal Thalamus,needs_review,0.889352,HOMBA:10396,lateral dorsal nucleus of thalamus,bm25+fuzzy,Lateral Dorsal Thalamus,lateral dorsal nuclei of thalamus,lateral;dorsal,1.0,lateral division of pulvinar,0.619609,A_effectively_correct,synonym/parent match (review-only flag)
species,Central Medial Thalamus,needs_review,0.891381,HOMBA:10445,central medial nucleus of thalamus,bm25+fuzzy,Central Medial Thalamus,central medial nuclei of thalamus,medial,1.0,central dorsal nucleus of thalamus,0.484542,A_effectively_correct,synonym/parent match (review-only flag)
species,Ventral Medial Thalamus,needs_review,0.891381,HOMBA:10427,ventral medial nucleus of thalamus,bm25+fuzzy,Ventral Medial Thalamus,ventral medial nuclei of thalamus,ventral;medial,1.0,ventral thalamus,0.821184,A_effectively_correct,synonym/parent match (review-only flag)
species,Pyramidal Tract Decussation,needs_review,0.895779,HOMBA:12772,pyramidal decussation,bm25+fuzzy,Pyramidal Tract Decussation,pyramidal decussation,decussation,1.0,decussation of rubrospinal tract,0.437474,A_effectively_correct,synonym/parent match (review-only flag)
species,Subparafascicular parvocellular thalamic nucleus,needs_review,0.89591,HOMBA:AA30276,ventral midline nuclei of thalamus,hierarchy_parent,Subparafascicular parvocellular thalamic nucleus,ventral midline nuclei of thalamus,,1.0,subparafascicular nucleus of thalamus,0.81591,B_algo,hierarchy_parent over-promotion
