lit_name,rank,bna_l2_abbr,bna_l2_name,bna_lobe,p_raw,p,n_papers,n_coords,k_papers,eff_n,n80,n_observed,top1_p
a cerebellum anterior lobe,1,FuG,Fusiform Gyrus,Temporal Lobe,1.0,0.1154,1.0,1,1.0,22.91,19,1,0.1153
a47,1,STG,Superior Temporal Gyrus,Temporal Lobe,1.0,0.1154,1.0,1,1.0,22.91,19,1,0.1153
acc 24,1,CG,Cingulate Gyrus,Limbic Lobe,1.0,0.1786,2.0,3,2.0,21.0,19,1,0.1787
acc 32,1,BG,Basal Ganglia,Subcortical Nuclei,0.5,0.1071,1.0,1,2.0,22.13,19,2,0.1071
acc 32,2,SFG,Superior Frontal Gyrus,Frontal Lobe,0.5,0.1071,1.0,1,2.0,22.13,19,2,0.1071
acc and medial frontal gyrus,1,SFG,Superior Frontal Gyrus,Frontal Lobe,1.0,0.1154,1.0,1,1.0,22.91,19,1,0.1153
acc ba 32,1,SFG,Superior Frontal Gyrus,Frontal Lobe,0.6667,0.1667,2.0,2,3.0,20.55,18,2,0.1668
acc ba 32,2,CG,Cingulate Gyrus,Limbic Lobe,0.3333,0.1,1.0,2,3.0,20.55,18,2,0.1668
acc d,1,SFG,Superior Frontal Gyrus,Frontal Lobe,1.0,0.1154,1.0,1,1.0,22.91,19,1,0.1153
acc roi,1,CG,Cingulate Gyrus,Limbic Lobe,1.0,0.1154,1.0,1,1.0,22.91,19,1,0.1153
accb,1,CG,Cingulate Gyrus,Limbic Lobe,1.0,0.1154,1.0,1,1.0,22.91,19,1,0.1153
acce,1,SFG,Superior Frontal Gyrus,Frontal Lobe,1.0,0.1154,1.0,1,1.0,22.91,19,1,0.1153
accg,1,SFG,Superior Frontal Gyrus,Frontal Lobe,1.0,0.1154,1.0,1,1.0,22.91,19,1,0.1153
acch,1,CG,Cingulate Gyrus,Limbic Lobe,0.5,0.1071,1.0,2,2.0,22.13,19,2,0.1071
acch,2,SFG,Superior Frontal Gyrus,Frontal Lobe,0.5,0.1071,1.0,1,2.0,22.13,19,2,0.1071
accl,1,CG,Cingulate Gyrus,Limbic Lobe,1.0,0.1154,1.0,1,1.0,22.91,19,1,0.1153
accm,1,SFG,Superior Frontal Gyrus,Frontal Lobe,1.0,0.1154,1.0,1,1.0,22.91,19,1,0.1153
acco,1,SFG,Superior Frontal Gyrus,Frontal Lobe,1.0,0.1154,1.0,1,1.0,22.91,19,1,0.1153
accs,1,CG,Cingulate Gyrus,Limbic Lobe,1.0,0.1154,1.0,1,1.0,22.91,19,1,0.1153
accumb ncl,1,BG,Basal Ganglia,Subcortical Nuclei,1.0,0.1154,1.0,1,1.0,22.91,19,1,0.1153
acg,1,CG,Cingulate Gyrus,Limbic Lobe,0.25,0.0938,1.0,1,4.0,21.18,18,4,0.0939
acg,2,IPL,Inferior Parietal Lobule,Parietal Lobe,0.25,0.0938,1.0,1,4.0,21.18,18,4,0.0939
acg,3,OrG,Orbital Gyrus,Frontal Lobe,0.25,0.0938,1.0,1,4.0,21.18,18,4,0.0939
acg,4,SFG,Superior Frontal Gyrus,Frontal Lobe,0.25,0.0938,1.0,1,4.0,21.18,18,4,0.0939
acs,1,CG,Cingulate Gyrus,Limbic Lobe,1.0,0.1154,1.0,1,1.0,22.91,19,1,0.1153
adacc,1,CG,Cingulate Gyrus,Limbic Lobe,1.0,0.1154,1.0,1,1.0,22.91,19,1,0.1153
ag ba 39,1,IPL,Inferior Parietal Lobule,Parietal Lobe,1.0,0.1786,2.0,3,2.0,21.0,19,1,0.1787
ahc,1,PhG,Parahippocampal Gyrus,Temporal Lobe,1.0,0.1154,1.0,1,1.0,22.91,19,1,0.1153
aib,1,INS,Insular Gyrus,Insular Lobe,1.0,0.1154,1.0,1,1.0,22.91,19,1,0.1153
aic,1,INS,Insular Gyrus,Insular Lobe,0.5,0.1944,3.0,3,6.0,18.0,17,3,0.1943
aic,2,IFG,Inferior Frontal Gyrus,Frontal Lobe,0.3333,0.1389,2.0,2,6.0,18.0,17,3,0.1943
aic,3,OrG,Orbital Gyrus,Frontal Lobe,0.1667,0.0833,1.0,1,6.0,18.0,17,3,0.1943
aifg,1,IFG,Inferior Frontal Gyrus,Frontal Lobe,1.0,0.1154,1.0,2,1.0,22.91,19,1,0.1153
aifs,1,IFG,Inferior Frontal Gyrus,Frontal Lobe,1.0,0.1154,1.0,1,1.0,22.91,19,1,0.1153
ains,1,INS,Insular Gyrus,Insular Lobe,0.625,0.275,5.0,8,8.0,14.72,16,2,0.275
ains,2,IFG,Inferior Frontal Gyrus,Frontal Lobe,0.375,0.175,3.0,6,8.0,14.72,16,2,0.275
ains d,1,INS,Insular Gyrus,Insular Lobe,1.0,0.1154,1.0,1,1.0,22.91,19,1,0.1153
ains v,1,BG,Basal Ganglia,Subcortical Nuclei,1.0,0.1154,1.0,1,1.0,22.91,19,1,0.1153
aip,1,IPL,Inferior Parietal Lobule,Parietal Lobe,1.0,0.1154,1.0,2,1.0,22.91,19,1,0.1153
aip 40,1,pSTS,posterior Superior Temporal Sulcus,Temporal Lobe,1.0,0.1154,1.0,1,1.0,22.91,19,1,0.1153
aipl,1,IPL,Inferior Parietal Lobule,Parietal Lobe,0.6667,0.1667,2.0,2,3.0,20.55,18,2,0.1668
aipl,2,PoG,Postcentral Gyrus,Parietal Lobe,0.3333,0.1,1.0,1,3.0,20.55,18,2,0.1668
aips,1,IPL,Inferior Parietal Lobule,Parietal Lobe,0.5,0.225,4.0,8,8.0,15.98,16,3,0.225
aips,2,SPL,Superior Parietal Lobule,Parietal Lobe,0.375,0.175,3.0,3,8.0,15.98,16,3,0.225
aips,3,PoG,Postcentral Gyrus,Parietal Lobe,0.125,0.075,1.0,1,8.0,15.98,16,3,0.225
ait,1,ITG,Inferior Temporal Gyrus,Temporal Lobe,1.0,0.1154,1.0,1,1.0,22.91,19,1,0.1153
aloc,1,FuG,Fusiform Gyrus,Temporal Lobe,0.5,0.1071,1.0,2,2.0,22.13,19,2,0.1071
aloc,2,ITG,Inferior Temporal Gyrus,Temporal Lobe,0.5,0.1071,1.0,1,2.0,22.13,19,2,0.1071
alpfc,1,IFG,Inferior Frontal Gyrus,Frontal Lobe,1.0,0.1154,1.0,1,1.0,22.91,19,1,0.1153
also included cuneus,1,LOcC,lateral Occipital Cortex,Occipital Lobe,1.0,0.1154,1.0,1,1.0,22.91,19,1,0.1153
also included middle occipital gyrus,1,LOcC,lateral Occipital Cortex,Occipital Lobe,1.0,0.1154,1.0,1,1.0,22.91,19,1,0.1153
also included middle occipital lobe,1,LOcC,lateral Occipital Cortex,Occipital Lobe,1.0,0.1154,1.0,1,1.0,22.91,19,1,0.1153
also included ventromedial prefrontal cortex,1,CG,Cingulate Gyrus,Limbic Lobe,1.0,0.1154,1.0,1,1.0,22.91,19,1,0.1153
amcc,1,CG,Cingulate Gyrus,Limbic Lobe,0.75,0.2188,3.0,3,4.0,18.85,18,2,0.219
amcc,2,SFG,Superior Frontal Gyrus,Frontal Lobe,0.25,0.0938,1.0,3,4.0,18.85,18,2,0.219
amfg,1,MFG,Middle Frontal Gyrus,Frontal Lobe,1.0,0.2333,3.0,4,3.0,19.05,18,1,0.2335
amg,1,Amyg,Amygdala,Subcortical Nuclei,1.0,0.1154,1.0,1,1.0,22.91,19,1,0.1153
ampfc,1,OrG,Orbital Gyrus,Frontal Lobe,0.5,0.1071,1.0,3,2.0,22.13,19,2,0.1071
ampfc,2,CG,Cingulate Gyrus,Limbic Lobe,0.5,0.1071,1.0,1,2.0,22.13,19,2,0.1071
amydala,1,Hipp,Hippocampus,Subcortical Nuclei,1.0,0.1154,1.0,1,1.0,22.91,19,1,0.1153
amyg,1,Amyg,Amygdala,Subcortical Nuclei,0.3333,0.1,1.0,1,3.0,21.57,18,3,0.1001
amyg,2,Hipp,Hippocampus,Subcortical Nuclei,0.3333,0.1,1.0,1,3.0,21.57,18,3,0.1001
amyg,3,PhG,Parahippocampal Gyrus,Temporal Lobe,0.3333,0.1,1.0,1,3.0,21.57,18,3,0.1001
amygdala,1,Amyg,Amygdala,Subcortical Nuclei,0.4829,0.4636,127.0,186,263.0,5.7,3,14,0.4636
amygdala,2,Hipp,Hippocampus,Subcortical Nuclei,0.1939,0.1873,51.0,59,263.0,5.7,3,14,0.4636
amygdala,3,BG,Basal Ganglia,Subcortical Nuclei,0.1711,0.1655,45.0,61,263.0,5.7,3,14,0.4636
amygdala,4,OrG,Orbital Gyrus,Frontal Lobe,0.0418,0.0418,11.0,12,263.0,5.7,3,14,0.4636
amygdala,5,PhG,Parahippocampal Gyrus,Temporal Lobe,0.0266,0.0273,7.0,8,263.0,5.7,3,14,0.4636
amygdala,6,MFG,Middle Frontal Gyrus,Frontal Lobe,0.019,0.02,5.0,6,263.0,5.7,3,14,0.4636
amygdala,7,Tha,Thalamus,Subcortical Nuclei,0.019,0.02,5.0,6,263.0,5.7,3,14,0.4636
amygdala,8,CG,Cingulate Gyrus,Limbic Lobe,0.0076,0.0091,2.0,2,263.0,5.7,3,14,0.4636
amygdala,9,FuG,Fusiform Gyrus,Temporal Lobe,0.0076,0.0091,2.0,2,263.0,5.7,3,14,0.4636
amygdala,10,INS,Insular Gyrus,Insular Lobe,0.0076,0.0091,2.0,2,263.0,5.7,3,14,0.4636
amygdala,11,MVOcC,MedioVentral Occipital Cortex,Occipital Lobe,0.0076,0.0091,2.0,2,263.0,5.7,3,14,0.4636
amygdala,12,STG,Superior Temporal Gyrus,Temporal Lobe,0.0076,0.0091,2.0,2,263.0,5.7,3,14,0.4636
amygdala,13,SFG,Superior Frontal Gyrus,Frontal Lobe,0.0038,0.0055,1.0,2,263.0,5.7,3,14,0.4636
amygdala,14,IFG,Inferior Frontal Gyrus,Frontal Lobe,0.0038,0.0055,1.0,1,263.0,5.7,3,14,0.4636
amygdala parahippocampal gyrus,1,BG,Basal Ganglia,Subcortical Nuclei,0.5,0.1071,1.0,1,2.0,22.13,19,2,0.1071
amygdala parahippocampal gyrus,2,INS,Insular Gyrus,Insular Lobe,0.5,0.1071,1.0,1,2.0,22.13,19,2,0.1071
amygdala roi,1,Amyg,Amygdala,Subcortical Nuclei,1.0,0.1154,1.0,1,1.0,22.91,19,1,0.1153
amygdalaa,1,Amyg,Amygdala,Subcortical Nuclei,0.4,0.1471,2.0,2,5.0,20.06,18,4,0.1471
amygdalaa,2,BG,Basal Ganglia,Subcortical Nuclei,0.2,0.0882,1.0,1,5.0,20.06,18,4,0.1471
amygdalaa,3,Hipp,Hippocampus,Subcortical Nuclei,0.2,0.0882,1.0,1,5.0,20.06,18,4,0.1471
amygdalaa,4,Tha,Thalamus,Subcortical Nuclei,0.2,0.0882,1.0,1,5.0,20.06,18,4,0.1471
amygdalab,1,Amyg,Amygdala,Subcortical Nuclei,1.0,0.1154,1.0,2,1.0,22.91,19,1,0.1153
amygdale,1,Amyg,Amygdala,Subcortical Nuclei,1.0,0.1154,1.0,2,1.0,22.91,19,1,0.1153
amygdaloid body,1,Amyg,Amygdala,Subcortical Nuclei,1.0,0.1154,1.0,1,1.0,22.91,19,1,0.1153
amygdaloid complex,1,Amyg,Amygdala,Subcortical Nuclei,0.4,0.2045,4.0,16,10.0,16.76,16,5,0.2046
amygdaloid complex,2,BG,Basal Ganglia,Subcortical Nuclei,0.2,0.1136,2.0,2,10.0,16.76,16,5,0.2046
amygdaloid complex,3,Hipp,Hippocampus,Subcortical Nuclei,0.2,0.1136,2.0,2,10.0,16.76,16,5,0.2046
amygdaloid complex,4,OrG,Orbital Gyrus,Frontal Lobe,0.1,0.0682,1.0,1,10.0,16.76,16,5,0.2046
amygdaloid complex,5,PhG,Parahippocampal Gyrus,Temporal Lobe,0.1,0.0682,1.0,1,10.0,16.76,16,5,0.2046
and 10,1,SFG,Superior Frontal Gyrus,Frontal Lobe,1.0,0.1154,1.0,1,1.0,22.91,19,1,0.1153
and inferior occipital gyrus,1,LOcC,lateral Occipital Cortex,Occipital Lobe,1.0,0.1154,1.0,1,1.0,22.91,19,1,0.1153
and middle temporal gyrus ba 21,1,MTG,Middle Temporal Gyrus,Temporal Lobe,1.0,0.1154,1.0,1,1.0,22.91,19,1,0.1153
and precuneus,1,Pcun,Precuneus,Parietal Lobe,0.5,0.1071,1.0,1,2.0,22.13,19,2,0.1071
and precuneus,2,SPL,Superior Parietal Lobule,Parietal Lobe,0.5,0.1071,1.0,1,2.0,22.13,19,2,0.1071
and supplementary motor area,1,SFG,Superior Frontal Gyrus,Frontal Lobe,1.0,0.1154,1.0,1,1.0,22.91,19,1,0.1153
and supramarginal gyrus,1,IPL,Inferior Parietal Lobule,Parietal Lobe,1.0,0.1154,1.0,1,1.0,22.91,19,1,0.1153
and thalamus,1,Tha,Thalamus,Subcortical Nuclei,1.0,0.1154,1.0,1,1.0,22.91,19,1,0.1153
and v1,1,MVOcC,MedioVentral Occipital Cortex,Occipital Lobe,1.0,0.1154,1.0,1,1.0,22.91,19,1,0.1153
and wm within stg,1,Tha,Thalamus,Subcortical Nuclei,1.0,0.1154,1.0,1,1.0,22.91,19,1,0.1153
ang gyr,1,IPL,Inferior Parietal Lobule,Parietal Lobe,1.0,0.1786,2.0,11,2.0,21.0,19,1,0.1787
angluar gyrus,1,IPL,Inferior Parietal Lobule,Parietal Lobe,1.0,0.1154,1.0,1,1.0,22.91,19,1,0.1153
angular,1,IPL,Inferior Parietal Lobule,Parietal Lobe,0.8108,0.6224,30.0,37,37.0,5.68,5,5,0.6225
angular,2,SPL,Superior Parietal Lobule,Parietal Lobe,0.0811,0.0714,3.0,3,37.0,5.68,5,5,0.6225
angular,3,LOcC,lateral Occipital Cortex,Occipital Lobe,0.0541,0.051,2.0,2,37.0,5.68,5,5,0.6225
angular,4,ITG,Inferior Temporal Gyrus,Temporal Lobe,0.027,0.0306,1.0,1,37.0,5.68,5,5,0.6225
angular,5,MFG,Middle Frontal Gyrus,Frontal Lobe,0.027,0.0306,1.0,1,37.0,5.68,5,5,0.6225
angular and inferior parietal,1,MTG,Middle Temporal Gyrus,Temporal Lobe,1.0,0.1154,1.0,1,1.0,22.91,19,1,0.1153
angular cortex,1,IPL,Inferior Parietal Lobule,Parietal Lobe,1.0,0.1786,2.0,5,2.0,21.0,19,1,0.1787
angular g,1,IPL,Inferior Parietal Lobule,Parietal Lobe,0.7,0.3409,7.0,10,10.0,12.82,16,2,0.3411
angular g,2,MTG,Middle Temporal Gyrus,Temporal Lobe,0.3,0.1591,3.0,4,10.0,12.82,16,2,0.3411
angular g 1,1,IPL,Inferior Parietal Lobule,Parietal Lobe,1.0,0.1154,1.0,1,1.0,22.91,19,1,0.1153
angular g 2,1,IPL,Inferior Parietal Lobule,Parietal Lobe,1.0,0.1154,1.0,1,1.0,22.91,19,1,0.1153
angular gy,1,IPL,Inferior Parietal Lobule,Parietal Lobe,1.0,0.1154,1.0,3,1.0,22.91,19,1,0.1153
angular gyrus,1,IPL,Inferior Parietal Lobule,Parietal Lobe,0.7668,0.734,194.0,325,253.0,3.31,2,13,0.7336
angular gyrus,2,MTG,Middle Temporal Gyrus,Temporal Lobe,0.0791,0.0774,20.0,23,253.0,3.31,2,13,0.7336
angular gyrus,3,SPL,Superior Parietal Lobule,Parietal Lobe,0.0474,0.0472,12.0,13,253.0,3.31,2,13,0.7336
angular gyrus,4,LOcC,lateral Occipital Cortex,Occipital Lobe,0.0356,0.0358,9.0,13,253.0,3.31,2,13,0.7336
angular gyrus,5,pSTS,posterior Superior Temporal Sulcus,Temporal Lobe,0.0277,0.0283,7.0,10,253.0,3.31,2,13,0.7336
angular gyrus,6,MFG,Middle Frontal Gyrus,Frontal Lobe,0.0158,0.017,4.0,4,253.0,3.31,2,13,0.7336
angular gyrus,7,BG,Basal Ganglia,Subcortical Nuclei,0.004,0.0057,1.0,1,253.0,3.31,2,13,0.7336
angular gyrus,8,CG,Cingulate Gyrus,Limbic Lobe,0.004,0.0057,1.0,1,253.0,3.31,2,13,0.7336
angular gyrus,9,IFG,Inferior Frontal Gyrus,Frontal Lobe,0.004,0.0057,1.0,1,253.0,3.31,2,13,0.7336
angular gyrus,10,ITG,Inferior Temporal Gyrus,Temporal Lobe,0.004,0.0057,1.0,1,253.0,3.31,2,13,0.7336
angular gyrus,11,MVOcC,MedioVentral Occipital Cortex,Occipital Lobe,0.004,0.0057,1.0,1,253.0,3.31,2,13,0.7336
angular gyrus,12,PhG,Parahippocampal Gyrus,Temporal Lobe,0.004,0.0057,1.0,1,253.0,3.31,2,13,0.7336
angular gyrus,13,STG,Superior Temporal Gyrus,Temporal Lobe,0.004,0.0057,1.0,1,253.0,3.31,2,13,0.7336
angular gyrus 39,1,IPL,Inferior Parietal Lobule,Parietal Lobe,1.0,0.3611,6.0,9,6.0,14.26,17,1,0.3609
angular gyrus and superior temporal sulcus,1,IPL,Inferior Parietal Lobule,Parietal Lobe,1.0,0.1154,1.0,1,1.0,22.91,19,1,0.1153
angular gyrus ba 39,1,IPL,Inferior Parietal Lobule,Parietal Lobe,1.0,0.425,8.0,8,8.0,12.0,16,1,0.425
angular gyrus ba 40,1,IPL,Inferior Parietal Lobule,Parietal Lobe,1.0,0.1786,2.0,2,2.0,21.0,19,1,0.1787
angular gyrus ba 7,1,IPL,Inferior Parietal Lobule,Parietal Lobe,1.0,0.1786,2.0,4,2.0,21.0,19,1,0.1787
angular gyrus temporal parietal junction,1,IPL,Inferior Parietal Lobule,Parietal Lobe,1.0,0.1154,1.0,4,1.0,22.91,19,1,0.1153
angular gyrus2,1,IPL,Inferior Parietal Lobule,Parietal Lobe,1.0,0.1154,1.0,1,1.0,22.91,19,1,0.1153
angular gyrusa,1,IPL,Inferior Parietal Lobule,Parietal Lobe,1.0,0.1154,1.0,1,1.0,22.91,19,1,0.1153
angular gyurs,1,IPL,Inferior Parietal Lobule,Parietal Lobe,1.0,0.1786,2.0,2,2.0,21.0,19,1,0.1787
angular sulcus,1,IPL,Inferior Parietal Lobule,Parietal Lobe,1.0,0.1154,1.0,1,1.0,22.91,19,1,0.1153
ant cing cortex,1,SFG,Superior Frontal Gyrus,Frontal Lobe,1.0,0.1154,1.0,2,1.0,22.91,19,1,0.1153
ant cing gyrus,1,SFG,Superior Frontal Gyrus,Frontal Lobe,1.0,0.1154,1.0,1,1.0,22.91,19,1,0.1153
ant cingulate,1,CG,Cingulate Gyrus,Limbic Lobe,0.5,0.1071,1.0,1,2.0,22.13,19,2,0.1071
ant cingulate,2,SFG,Superior Frontal Gyrus,Frontal Lobe,0.5,0.1071,1.0,1,2.0,22.13,19,2,0.1071
ant cingulate cortex,1,CG,Cingulate Gyrus,Limbic Lobe,1.0,0.1154,1.0,2,1.0,22.91,19,1,0.1153
ant cingulate gyrus,1,CG,Cingulate Gyrus,Limbic Lobe,0.6667,0.1667,2.0,3,3.0,20.55,18,2,0.1668
ant cingulate gyrus,2,SFG,Superior Frontal Gyrus,Frontal Lobe,0.3333,0.1,1.0,1,3.0,20.55,18,2,0.1668
ant cingulum,1,CG,Cingulate Gyrus,Limbic Lobe,1.0,0.1154,1.0,1,1.0,22.91,19,1,0.1153
ant fusiform,1,FuG,Fusiform Gyrus,Temporal Lobe,1.0,0.1154,1.0,2,1.0,22.91,19,1,0.1153
ant hippocampus,1,Hipp,Hippocampus,Subcortical Nuclei,1.0,0.1154,1.0,2,1.0,22.91,19,1,0.1153
ant inferior temporal gyrus,1,INS,Insular Gyrus,Insular Lobe,1.0,0.1154,1.0,1,1.0,22.91,19,1,0.1153
ant ins,1,INS,Insular Gyrus,Insular Lobe,0.5,0.1071,1.0,2,2.0,22.13,19,2,0.1071
ant ins,2,OrG,Orbital Gyrus,Frontal Lobe,0.5,0.1071,1.0,1,2.0,22.13,19,2,0.1071
ant insula,1,INS,Insular Gyrus,Insular Lobe,0.8333,0.3056,5.0,7,6.0,15.79,17,2,0.3054
ant insula,2,IFG,Inferior Frontal Gyrus,Frontal Lobe,0.1667,0.0833,1.0,1,6.0,15.79,17,2,0.3054
ant insula cl,1,INS,Insular Gyrus,Insular Lobe,1.0,0.1154,1.0,1,1.0,22.91,19,1,0.1153
ant lobe cerebellum culmen,1,FuG,Fusiform Gyrus,Temporal Lobe,1.0,0.1154,1.0,1,1.0,22.91,19,1,0.1153
ant mtg,1,STG,Superior Temporal Gyrus,Temporal Lobe,1.0,0.1154,1.0,1,1.0,22.91,19,1,0.1153
ant mtg itg,1,ITG,Inferior Temporal Gyrus,Temporal Lobe,1.0,0.1154,1.0,1,1.0,22.91,19,1,0.1153
ant mtg sts,1,MTG,Middle Temporal Gyrus,Temporal Lobe,1.0,0.1154,1.0,1,1.0,22.91,19,1,0.1153
ant sts,1,STG,Superior Temporal Gyrus,Temporal Lobe,1.0,0.1154,1.0,2,1.0,22.91,19,1,0.1153
ant thalamus,1,Tha,Thalamus,Subcortical Nuclei,1.0,0.1786,2.0,3,2.0,21.0,19,1,0.1787
anteiror cingulum,1,CG,Cingulate Gyrus,Limbic Lobe,1.0,0.1154,1.0,2,1.0,22.91,19,1,0.1153
anterio cingulate,1,CG,Cingulate Gyrus,Limbic Lobe,1.0,0.1154,1.0,1,1.0,22.91,19,1,0.1153
anterior,1,CG,Cingulate Gyrus,Limbic Lobe,0.2857,0.1316,2.0,2,7.0,19.18,17,5,0.1317
anterior,2,INS,Insular Gyrus,Insular Lobe,0.2857,0.1316,2.0,2,7.0,19.18,17,5,0.1317
anterior,3,IFG,Inferior Frontal Gyrus,Frontal Lobe,0.1429,0.0789,1.0,3,7.0,19.18,17,5,0.1317
anterior,4,OrG,Orbital Gyrus,Frontal Lobe,0.1429,0.0789,1.0,2,7.0,19.18,17,5,0.1317
anterior,5,MVOcC,MedioVentral Occipital Cortex,Occipital Lobe,0.1429,0.0789,1.0,1,7.0,19.18,17,5,0.1317
anterior and middle cingulate cortex,1,CG,Cingulate Gyrus,Limbic Lobe,1.0,0.1154,1.0,1,1.0,22.91,19,1,0.1153
anterior and superior corona radiata,1,MFG,Middle Frontal Gyrus,Frontal Lobe,1.0,0.1154,1.0,1,1.0,22.91,19,1,0.1153
anterior calcarine sulcus,1,MVOcC,MedioVentral Occipital Cortex,Occipital Lobe,1.0,0.1154,1.0,1,1.0,22.91,19,1,0.1153
anterior cc,1,BG,Basal Ganglia,Subcortical Nuclei,1.0,0.1154,1.0,1,1.0,22.91,19,1,0.1153
anterior cerebellum,1,MVOcC,MedioVentral Occipital Cortex,Occipital Lobe,0.5,0.1562,2.0,3,4.0,19.34,18,2,0.1564
anterior cerebellum,2,FuG,Fusiform Gyrus,Temporal Lobe,0.5,0.1562,2.0,2,4.0,19.34,18,2,0.1564
anterior cigulate cortex,1,CG,Cingulate Gyrus,Limbic Lobe,1.0,0.1154,1.0,1,1.0,22.91,19,1,0.1153
anterior cingulate,1,CG,Cingulate Gyrus,Limbic Lobe,0.6774,0.6317,105.0,156,155.0,4.01,3,7,0.6316
anterior cingulate,2,SFG,Superior Frontal Gyrus,Frontal Lobe,0.1484,0.1407,23.0,29,155.0,4.01,3,7,0.6316
anterior cingulate,3,OrG,Orbital Gyrus,Frontal Lobe,0.0968,0.0928,15.0,18,155.0,4.01,3,7,0.6316
anterior cingulate,4,BG,Basal Ganglia,Subcortical Nuclei,0.0452,0.0449,7.0,7,155.0,4.01,3,7,0.6316
anterior cingulate,5,Tha,Thalamus,Subcortical Nuclei,0.0194,0.021,3.0,3,155.0,4.01,3,7,0.6316
anterior cingulate,6,IFG,Inferior Frontal Gyrus,Frontal Lobe,0.0065,0.009,1.0,1,155.0,4.01,3,7,0.6316
anterior cingulate,7,INS,Insular Gyrus,Insular Lobe,0.0065,0.009,1.0,1,155.0,4.01,3,7,0.6316
anterior cingulate 24,1,CG,Cingulate Gyrus,Limbic Lobe,1.0,0.1154,1.0,1,1.0,22.91,19,1,0.1153
anterior cingulate 32,1,CG,Cingulate Gyrus,Limbic Lobe,0.6667,0.1667,2.0,2,3.0,20.55,18,2,0.1668
anterior cingulate 32,2,BG,Basal Ganglia,Subcortical Nuclei,0.3333,0.1,1.0,1,3.0,20.55,18,2,0.1668
anterior cingulate and medial prefrontal,1,CG,Cingulate Gyrus,Limbic Lobe,1.0,0.1154,1.0,1,1.0,22.91,19,1,0.1153
anterior cingulate and paracingulate gyrus,1,CG,Cingulate Gyrus,Limbic Lobe,0.5,0.1562,2.0,4,4.0,19.34,18,2,0.1564
anterior cingulate and paracingulate gyrus,2,SFG,Superior Frontal Gyrus,Frontal Lobe,0.5,0.1562,2.0,2,4.0,19.34,18,2,0.1564
anterior cingulate and supplementary motor cortex,1,Tha,Thalamus,Subcortical Nuclei,1.0,0.1154,1.0,1,1.0,22.91,19,1,0.1153
anterior cingulate ba 10,1,CG,Cingulate Gyrus,Limbic Lobe,1.0,0.1154,1.0,1,1.0,22.91,19,1,0.1153
anterior cingulate ba 24,1,CG,Cingulate Gyrus,Limbic Lobe,1.0,0.1154,1.0,1,1.0,22.91,19,1,0.1153
anterior cingulate ba 25,1,CG,Cingulate Gyrus,Limbic Lobe,1.0,0.1154,1.0,1,1.0,22.91,19,1,0.1153
anterior cingulate ba 32,1,CG,Cingulate Gyrus,Limbic Lobe,0.625,0.275,5.0,5,8.0,14.72,16,2,0.275
anterior cingulate ba 32,2,SFG,Superior Frontal Gyrus,Frontal Lobe,0.375,0.175,3.0,3,8.0,14.72,16,2,0.275
anterior cingulate ba 9 32,1,CG,Cingulate Gyrus,Limbic Lobe,1.0,0.1154,1.0,1,1.0,22.91,19,1,0.1153
anterior cingulate cl,1,CG,Cingulate Gyrus,Limbic Lobe,1.0,0.1154,1.0,1,1.0,22.91,19,1,0.1153
anterior cingulate cortex,1,CG,Cingulate Gyrus,Limbic Lobe,0.6111,0.5852,154.0,237,252.0,3.8,2,10,0.5851
anterior cingulate cortex,2,SFG,Superior Frontal Gyrus,Frontal Lobe,0.2579,0.2481,65.0,90,252.0,3.8,2,10,0.5851
anterior cingulate cortex,3,OrG,Orbital Gyrus,Frontal Lobe,0.0556,0.0549,14.0,16,252.0,3.8,2,10,0.5851
anterior cingulate cortex,4,BG,Basal Ganglia,Subcortical Nuclei,0.0317,0.0322,8.0,9,252.0,3.8,2,10,0.5851
anterior cingulate cortex,5,Tha,Thalamus,Subcortical Nuclei,0.0238,0.0246,6.0,6,252.0,3.8,2,10,0.5851
anterior cingulate cortex,6,FuG,Fusiform Gyrus,Temporal Lobe,0.004,0.0057,1.0,1,252.0,3.8,2,10,0.5851
anterior cingulate cortex,7,IFG,Inferior Frontal Gyrus,Frontal Lobe,0.004,0.0057,1.0,1,252.0,3.8,2,10,0.5851
anterior cingulate cortex,8,INS,Insular Gyrus,Insular Lobe,0.004,0.0057,1.0,1,252.0,3.8,2,10,0.5851
anterior cingulate cortex,9,MFG,Middle Frontal Gyrus,Frontal Lobe,0.004,0.0057,1.0,1,252.0,3.8,2,10,0.5851
anterior cingulate cortex,10,PrG,Precentral Gyrus,Frontal Lobe,0.004,0.0057,1.0,1,252.0,3.8,2,10,0.5851
anterior cingulate cortex 11 32,1,CG,Cingulate Gyrus,Limbic Lobe,1.0,0.1154,1.0,1,1.0,22.91,19,1,0.1153
anterior cingulate cortex 24 32,1,CG,Cingulate Gyrus,Limbic Lobe,1.0,0.1154,1.0,2,1.0,22.91,19,1,0.1153
anterior cingulate cortex 32,1,SFG,Superior Frontal Gyrus,Frontal Lobe,0.5,0.1071,1.0,3,2.0,22.13,19,2,0.1071
anterior cingulate cortex 32,2,CG,Cingulate Gyrus,Limbic Lobe,0.5,0.1071,1.0,1,2.0,22.13,19,2,0.1071
anterior cingulate cortex and,1,CG,Cingulate Gyrus,Limbic Lobe,1.0,0.1154,1.0,2,1.0,22.91,19,1,0.1153
anterior cingulate cortex ba 24,1,CG,Cingulate Gyrus,Limbic Lobe,1.0,0.2812,4.0,4,4.0,17.24,18,1,0.2815
anterior cingulate cortex ba 24 32,1,CG,Cingulate Gyrus,Limbic Lobe,1.0,0.1154,1.0,1,1.0,22.91,19,1,0.1153
anterior cingulate cortex ba 32,1,CG,Cingulate Gyrus,Limbic Lobe,0.3333,0.1,1.0,1,3.0,21.57,18,3,0.1001
anterior cingulate cortex ba 32,2,OrG,Orbital Gyrus,Frontal Lobe,0.3333,0.1,1.0,1,3.0,21.57,18,3,0.1001
anterior cingulate cortex ba 32,3,SFG,Superior Frontal Gyrus,Frontal Lobe,0.3333,0.1,1.0,1,3.0,21.57,18,3,0.1001
anterior cingulate cortex ba 33,1,BG,Basal Ganglia,Subcortical Nuclei,1.0,0.1154,1.0,1,1.0,22.91,19,1,0.1153
anterior cingulate cortex wm,1,SFG,Superior Frontal Gyrus,Frontal Lobe,1.0,0.1154,1.0,1,1.0,22.91,19,1,0.1153
anterior cingulate cortex4,1,CG,Cingulate Gyrus,Limbic Lobe,1.0,0.1154,1.0,1,1.0,22.91,19,1,0.1153
anterior cingulate g,1,CG,Cingulate Gyrus,Limbic Lobe,1.0,0.1154,1.0,1,1.0,22.91,19,1,0.1153
anterior cingulate g ba 32,1,CG,Cingulate Gyrus,Limbic Lobe,1.0,0.1154,1.0,1,1.0,22.91,19,1,0.1153
anterior cingulate gyrus,1,CG,Cingulate Gyrus,Limbic Lobe,0.6625,0.5815,53.0,75,80.0,4.51,2,5,0.5819
anterior cingulate gyrus,2,SFG,Superior Frontal Gyrus,Frontal Lobe,0.25,0.2228,20.0,24,80.0,4.51,2,5,0.5819
anterior cingulate gyrus,3,OrG,Orbital Gyrus,Frontal Lobe,0.0375,0.038,3.0,3,80.0,4.51,2,5,0.5819
anterior cingulate gyrus,4,BG,Basal Ganglia,Subcortical Nuclei,0.025,0.0272,2.0,2,80.0,4.51,2,5,0.5819
anterior cingulate gyrus,5,Tha,Thalamus,Subcortical Nuclei,0.025,0.0272,2.0,2,80.0,4.51,2,5,0.5819
anterior cingulate gyrus 24,1,CG,Cingulate Gyrus,Limbic Lobe,1.0,0.1154,1.0,1,1.0,22.91,19,1,0.1153
anterior cingulate gyrus 32,1,CG,Cingulate Gyrus,Limbic Lobe,1.0,0.1154,1.0,1,1.0,22.91,19,1,0.1153
anterior cingulate gyrus and sulcus,1,CG,Cingulate Gyrus,Limbic Lobe,1.0,0.1154,1.0,1,1.0,22.91,19,1,0.1153
anterior cingulate gyrus ba 24,1,CG,Cingulate Gyrus,Limbic Lobe,0.5,0.1562,2.0,4,4.0,19.34,18,2,0.1564
anterior cingulate gyrus ba 24,2,BG,Basal Ganglia,Subcortical Nuclei,0.5,0.1562,2.0,3,4.0,19.34,18,2,0.1564
anterior cingulate gyrus ba 32,1,SFG,Superior Frontal Gyrus,Frontal Lobe,0.4,0.1471,2.0,2,5.0,20.06,18,4,0.1471
anterior cingulate gyrus ba 32,2,BG,Basal Ganglia,Subcortical Nuclei,0.2,0.0882,1.0,1,5.0,20.06,18,4,0.1471
anterior cingulate gyrus ba 32,3,Hipp,Hippocampus,Subcortical Nuclei,0.2,0.0882,1.0,1,5.0,20.06,18,4,0.1471
anterior cingulate gyrus ba 32,4,Tha,Thalamus,Subcortical Nuclei,0.2,0.0882,1.0,1,5.0,20.06,18,4,0.1471
anterior cingulate gyrus ba 9,1,BG,Basal Ganglia,Subcortical Nuclei,0.5,0.1071,1.0,1,2.0,22.13,19,2,0.1071
anterior cingulate gyrus ba 9,2,CG,Cingulate Gyrus,Limbic Lobe,0.5,0.1071,1.0,1,2.0,22.13,19,2,0.1071
anterior cingulate gyrusa,1,CG,Cingulate Gyrus,Limbic Lobe,0.5,0.1071,1.0,1,2.0,22.13,19,2,0.1071
anterior cingulate gyrusa,2,OrG,Orbital Gyrus,Frontal Lobe,0.5,0.1071,1.0,1,2.0,22.13,19,2,0.1071
anterior cingulate2,1,CG,Cingulate Gyrus,Limbic Lobe,1.0,0.1154,1.0,1,1.0,22.91,19,1,0.1153
anterior cingulated,1,CG,Cingulate Gyrus,Limbic Lobe,1.0,0.1154,1.0,1,1.0,22.91,19,1,0.1153
anterior cingulated cortex,1,CG,Cingulate Gyrus,Limbic Lobe,0.6667,0.1667,2.0,2,3.0,20.55,18,2,0.1668
anterior cingulated cortex,2,BG,Basal Ganglia,Subcortical Nuclei,0.3333,0.1,1.0,1,3.0,20.55,18,2,0.1668
anterior cingulated gyrus,1,SFG,Superior Frontal Gyrus,Frontal Lobe,1.0,0.1154,1.0,1,1.0,22.91,19,1,0.1153
anterior cingulum,1,CG,Cingulate Gyrus,Limbic Lobe,0.7,0.3409,7.0,10,10.0,13.5,16,3,0.3411
anterior cingulum,2,SFG,Superior Frontal Gyrus,Frontal Lobe,0.2,0.1136,2.0,3,10.0,13.5,16,3,0.3411
anterior cingulum,3,OrG,Orbital Gyrus,Frontal Lobe,0.1,0.0682,1.0,1,10.0,13.5,16,3,0.3411
anterior cingulum ba 24,1,CG,Cingulate Gyrus,Limbic Lobe,1.0,0.1154,1.0,1,1.0,22.91,19,1,0.1153
anterior cingulum ba 32,1,CG,Cingulate Gyrus,Limbic Lobe,1.0,0.1154,1.0,1,1.0,22.91,19,1,0.1153
anterior corona radiata,1,OrG,Orbital Gyrus,Frontal Lobe,1.0,0.1154,1.0,1,1.0,22.91,19,1,0.1153
anterior corpus callosum,1,CG,Cingulate Gyrus,Limbic Lobe,1.0,0.1154,1.0,1,1.0,22.91,19,1,0.1153
anterior dorsolateral prefrontal cortex,1,MFG,Middle Frontal Gyrus,Frontal Lobe,0.6667,0.1667,2.0,3,3.0,20.55,18,2,0.1668
anterior dorsolateral prefrontal cortex,2,IFG,Inferior Frontal Gyrus,Frontal Lobe,0.3333,0.1,1.0,2,3.0,20.55,18,2,0.1668
anterior frontal,1,MFG,Middle Frontal Gyrus,Frontal Lobe,1.0,0.1154,1.0,1,1.0,22.91,19,1,0.1153
anterior fusiform,1,FuG,Fusiform Gyrus,Temporal Lobe,0.6667,0.1667,2.0,2,3.0,20.55,18,2,0.1668
anterior fusiform,2,INS,Insular Gyrus,Insular Lobe,0.3333,0.1,1.0,1,3.0,20.55,18,2,0.1668
anterior fusiform and itg,1,INS,Insular Gyrus,Insular Lobe,1.0,0.1154,1.0,1,1.0,22.91,19,1,0.1153
anterior fusiform gyrus,1,FuG,Fusiform Gyrus,Temporal Lobe,0.8,0.2647,4.0,5,5.0,17.25,18,2,0.2648
anterior fusiform gyrus,2,PhG,Parahippocampal Gyrus,Temporal Lobe,0.2,0.0882,1.0,1,5.0,17.25,18,2,0.2648
anterior hc ba 34,1,Amyg,Amygdala,Subcortical Nuclei,1.0,0.1154,1.0,1,1.0,22.91,19,1,0.1153
anterior hippocampal roi,1,Hipp,Hippocampus,Subcortical Nuclei,1.0,0.1154,1.0,1,1.0,22.91,19,1,0.1153
anterior hippocampal roia,1,Hipp,Hippocampus,Subcortical Nuclei,1.0,0.1154,1.0,1,1.0,22.91,19,1,0.1153
anterior hippocampus,1,BG,Basal Ganglia,Subcortical Nuclei,0.3333,0.1389,2.0,4,6.0,18.42,17,3,0.1388
anterior hippocampus,2,Hipp,Hippocampus,Subcortical Nuclei,0.3333,0.1389,2.0,3,6.0,18.42,17,3,0.1388
anterior hippocampus,3,PhG,Parahippocampal Gyrus,Temporal Lobe,0.3333,0.1389,2.0,3,6.0,18.42,17,3,0.1388
anterior ifg,1,OrG,Orbital Gyrus,Frontal Lobe,1.0,0.1154,1.0,1,1.0,22.91,19,1,0.1153
anterior inferior frontal gyrus,1,IFG,Inferior Frontal Gyrus,Frontal Lobe,1.0,0.1154,1.0,1,1.0,22.91,19,1,0.1153
anterior inferior insula,1,INS,Insular Gyrus,Insular Lobe,1.0,0.1154,1.0,2,1.0,22.91,19,1,0.1153
anterior inferior insula ba 13 14,1,BG,Basal Ganglia,Subcortical Nuclei,0.5,0.1071,1.0,2,2.0,22.13,19,2,0.1071
anterior inferior insula ba 13 14,2,INS,Insular Gyrus,Insular Lobe,0.5,0.1071,1.0,2,2.0,22.13,19,2,0.1071
anterior inferior temporal gyrus,1,STG,Superior Temporal Gyrus,Temporal Lobe,1.0,0.1154,1.0,1,1.0,22.91,19,1,0.1153
anterior insula,1,INS,Insular Gyrus,Insular Lobe,0.474,0.4428,73.0,112,154.0,5.54,3,10,0.4429
anterior insula,2,IFG,Inferior Frontal Gyrus,Frontal Lobe,0.2468,0.2319,38.0,43,154.0,5.54,3,10,0.4429
anterior insula,3,OrG,Orbital Gyrus,Frontal Lobe,0.1688,0.1596,26.0,35,154.0,5.54,3,10,0.4429
anterior insula,4,STG,Superior Temporal Gyrus,Temporal Lobe,0.039,0.0392,6.0,7,154.0,5.54,3,10,0.4429
anterior insula,5,PrG,Precentral Gyrus,Frontal Lobe,0.026,0.0271,4.0,4,154.0,5.54,3,10,0.4429
anterior insula,6,BG,Basal Ganglia,Subcortical Nuclei,0.0195,0.0211,3.0,3,154.0,5.54,3,10,0.4429
anterior insula,7,CG,Cingulate Gyrus,Limbic Lobe,0.0065,0.009,1.0,1,154.0,5.54,3,10,0.4429
anterior insula,8,MFG,Middle Frontal Gyrus,Frontal Lobe,0.0065,0.009,1.0,1,154.0,5.54,3,10,0.4429
anterior insula,9,PoG,Postcentral Gyrus,Parietal Lobe,0.0065,0.009,1.0,1,154.0,5.54,3,10,0.4429
anterior insula,10,SFG,Superior Frontal Gyrus,Frontal Lobe,0.0065,0.009,1.0,1,154.0,5.54,3,10,0.4429
anterior insula 47,1,INS,Insular Gyrus,Insular Lobe,1.0,0.1154,1.0,2,1.0,22.91,19,1,0.1153
anterior insula and inferior frontal operculum,1,INS,Insular Gyrus,Insular Lobe,1.0,0.1154,1.0,2,1.0,22.91,19,1,0.1153
anterior insula ba 13,1,INS,Insular Gyrus,Insular Lobe,1.0,0.1154,1.0,1,1.0,22.91,19,1,0.1153
anterior insula ba 48,1,INS,Insular Gyrus,Insular Lobe,0.5,0.1071,1.0,1,2.0,22.13,19,2,0.1071
anterior insula ba 48,2,OrG,Orbital Gyrus,Frontal Lobe,0.5,0.1071,1.0,1,2.0,22.13,19,2,0.1071
anterior insula cortex,1,INS,Insular Gyrus,Insular Lobe,0.3333,0.1,1.0,2,3.0,21.57,18,3,0.1001
anterior insula cortex,2,IFG,Inferior Frontal Gyrus,Frontal Lobe,0.3333,0.1,1.0,1,3.0,21.57,18,3,0.1001
anterior insula cortex,3,OrG,Orbital Gyrus,Frontal Lobe,0.3333,0.1,1.0,1,3.0,21.57,18,3,0.1001
anterior insula short insular gyrus,1,INS,Insular Gyrus,Insular Lobe,1.0,0.1154,1.0,2,1.0,22.91,19,1,0.1153
anterior insular cortex,1,INS,Insular Gyrus,Insular Lobe,0.4545,0.2391,5.0,19,11.0,14.6,15,4,0.2393
anterior insular cortex,2,OrG,Orbital Gyrus,Frontal Lobe,0.3636,0.1957,4.0,6,11.0,14.6,15,4,0.2393
anterior insular cortex,3,IFG,Inferior Frontal Gyrus,Frontal Lobe,0.0909,0.0652,1.0,1,11.0,14.6,15,4,0.2393
anterior insular cortex,4,STG,Superior Temporal Gyrus,Temporal Lobe,0.0909,0.0652,1.0,1,11.0,14.6,15,4,0.2393
anterior insular cortex2,1,INS,Insular Gyrus,Insular Lobe,0.5,0.1071,1.0,2,2.0,22.13,19,2,0.1071
anterior insular cortex2,2,OrG,Orbital Gyrus,Frontal Lobe,0.5,0.1071,1.0,1,2.0,22.13,19,2,0.1071
anterior intraparietal sulcus,1,SPL,Superior Parietal Lobule,Parietal Lobe,0.625,0.275,5.0,8,8.0,15.58,16,3,0.275
anterior intraparietal sulcus,2,IPL,Inferior Parietal Lobule,Parietal Lobe,0.25,0.125,2.0,3,8.0,15.58,16,3,0.275
anterior intraparietal sulcus,3,PoG,Postcentral Gyrus,Parietal Lobe,0.125,0.075,1.0,1,8.0,15.58,16,3,0.275
anterior ips,1,IPL,Inferior Parietal Lobule,Parietal Lobe,0.5,0.1562,2.0,3,4.0,19.34,18,2,0.1564
anterior ips,2,SPL,Superior Parietal Lobule,Parietal Lobe,0.5,0.1562,2.0,2,4.0,19.34,18,2,0.1564
anterior itg,1,ITG,Inferior Temporal Gyrus,Temporal Lobe,1.0,0.1154,1.0,1,1.0,22.91,19,1,0.1153
anterior itg and fusiform,1,INS,Insular Gyrus,Insular Lobe,1.0,0.1154,1.0,1,1.0,22.91,19,1,0.1153
anterior lateral orbitofrontal cortex,1,MFG,Middle Frontal Gyrus,Frontal Lobe,1.0,0.1154,1.0,1,1.0,22.91,19,1,0.1153
anterior lateral stg,1,STG,Superior Temporal Gyrus,Temporal Lobe,1.0,0.1154,1.0,2,1.0,22.91,19,1,0.1153
anterior limb of internal capsule,1,BG,Basal Ganglia,Subcortical Nuclei,1.0,0.1154,1.0,1,1.0,22.91,19,1,0.1153
anterior limb of the internal capsule,1,BG,Basal Ganglia,Subcortical Nuclei,0.5,0.1071,1.0,1,2.0,22.13,19,2,0.1071
anterior limb of the internal capsule,2,Hipp,Hippocampus,Subcortical Nuclei,0.5,0.1071,1.0,1,2.0,22.13,19,2,0.1071
anterior lingual gyrus,1,MVOcC,MedioVentral Occipital Cortex,Occipital Lobe,1.0,0.1154,1.0,1,1.0,22.91,19,1,0.1153
anterior lobe of cerebellum,1,FuG,Fusiform Gyrus,Temporal Lobe,1.0,0.1154,1.0,1,1.0,22.91,19,1,0.1153
anterior medial frontal cortex,1,SFG,Superior Frontal Gyrus,Frontal Lobe,1.0,0.1154,1.0,2,1.0,22.91,19,1,0.1153
anterior medial pfc,1,SFG,Superior Frontal Gyrus,Frontal Lobe,1.0,0.1154,1.0,1,1.0,22.91,19,1,0.1153
anterior medial prefrontal cortex,1,CG,Cingulate Gyrus,Limbic Lobe,1.0,0.1786,2.0,2,2.0,21.0,19,1,0.1787
anterior median prefrontal cortex,1,OrG,Orbital Gyrus,Frontal Lobe,0.5,0.1071,1.0,1,2.0,22.13,19,2,0.1071
anterior median prefrontal cortex,2,SFG,Superior Frontal Gyrus,Frontal Lobe,0.5,0.1071,1.0,1,2.0,22.13,19,2,0.1071
anterior mid cingulate cortex,1,CG,Cingulate Gyrus,Limbic Lobe,0.3333,0.1,1.0,1,3.0,21.57,18,3,0.1001
anterior mid cingulate cortex,2,INS,Insular Gyrus,Insular Lobe,0.3333,0.1,1.0,1,3.0,21.57,18,3,0.1001
anterior mid cingulate cortex,3,SFG,Superior Frontal Gyrus,Frontal Lobe,0.3333,0.1,1.0,1,3.0,21.57,18,3,0.1001
anterior midcingulate cortex,1,CG,Cingulate Gyrus,Limbic Lobe,1.0,0.1154,1.0,4,1.0,22.91,19,1,0.1153
anterior middle cingulate cortex,1,CG,Cingulate Gyrus,Limbic Lobe,0.75,0.2188,3.0,5,4.0,18.85,18,2,0.219
anterior middle cingulate cortex,2,SFG,Superior Frontal Gyrus,Frontal Lobe,0.25,0.0938,1.0,1,4.0,18.85,18,2,0.219
anterior middle frontal gyrus,1,MFG,Middle Frontal Gyrus,Frontal Lobe,0.5,0.1071,1.0,1,2.0,22.13,19,2,0.1071
anterior middle frontal gyrus,2,PhG,Parahippocampal Gyrus,Temporal Lobe,0.5,0.1071,1.0,1,2.0,22.13,19,2,0.1071
anterior middle temporal gyrus,1,MTG,Middle Temporal Gyrus,Temporal Lobe,0.5,0.1562,2.0,2,4.0,20.24,18,3,0.1564
anterior middle temporal gyrus,2,ITG,Inferior Temporal Gyrus,Temporal Lobe,0.25,0.0938,1.0,1,4.0,20.24,18,3,0.1564
anterior middle temporal gyrus,3,STG,Superior Temporal Gyrus,Temporal Lobe,0.25,0.0938,1.0,1,4.0,20.24,18,3,0.1564
anterior mtg,1,MTG,Middle Temporal Gyrus,Temporal Lobe,0.6667,0.1667,2.0,2,3.0,20.55,18,2,0.1668
anterior mtg,2,STG,Superior Temporal Gyrus,Temporal Lobe,0.3333,0.1,1.0,2,3.0,20.55,18,2,0.1668
anterior mtl,1,Hipp,Hippocampus,Subcortical Nuclei,0.5,0.1071,1.0,1,2.0,22.13,19,2,0.1071
anterior mtl,2,MTG,Middle Temporal Gyrus,Temporal Lobe,0.5,0.1071,1.0,1,2.0,22.13,19,2,0.1071
anterior nucleus,1,Tha,Thalamus,Subcortical Nuclei,1.0,0.1154,1.0,1,1.0,22.91,19,1,0.1153
anterior occipital cortex,1,MVOcC,MedioVentral Occipital Cortex,Occipital Lobe,1.0,0.1154,1.0,2,1.0,22.91,19,1,0.1153
anterior occipital sulcus,1,LOcC,lateral Occipital Cortex,Occipital Lobe,1.0,0.2333,3.0,3,3.0,19.05,18,1,0.2335
anterior ofc,1,MFG,Middle Frontal Gyrus,Frontal Lobe,0.5,0.1071,1.0,2,2.0,22.13,19,2,0.1071
anterior ofc,2,OrG,Orbital Gyrus,Frontal Lobe,0.5,0.1071,1.0,1,2.0,22.13,19,2,0.1071
anterior ots,1,FuG,Fusiform Gyrus,Temporal Lobe,1.0,0.1154,1.0,2,1.0,22.91,19,1,0.1153
anterior parahippocampal gyrus,1,BG,Basal Ganglia,Subcortical Nuclei,0.3333,0.1,1.0,1,3.0,21.57,18,3,0.1001
anterior parahippocampal gyrus,2,FuG,Fusiform Gyrus,Temporal Lobe,0.3333,0.1,1.0,1,3.0,21.57,18,3,0.1001
anterior parahippocampal gyrus,3,ITG,Inferior Temporal Gyrus,Temporal Lobe,0.3333,0.1,1.0,1,3.0,21.57,18,3,0.1001
anterior parahippocampus,1,Amyg,Amygdala,Subcortical Nuclei,1.0,0.1154,1.0,2,1.0,22.91,19,1,0.1153
anterior parietal region,1,SPL,Superior Parietal Lobule,Parietal Lobe,1.0,0.1154,1.0,2,1.0,22.91,19,1,0.1153
anterior parietal region 1997,1,SPL,Superior Parietal Lobule,Parietal Lobe,1.0,0.1154,1.0,1,1.0,22.91,19,1,0.1153
anterior part of the cingulate gyrus and sulcus,1,CG,Cingulate Gyrus,Limbic Lobe,1.0,0.1154,1.0,1,1.0,22.91,19,1,0.1153
anterior pfc,1,MFG,Middle Frontal Gyrus,Frontal Lobe,0.7143,0.2895,5.0,6,7.0,15.95,17,3,0.2896
anterior pfc,2,OrG,Orbital Gyrus,Frontal Lobe,0.1429,0.0789,1.0,1,7.0,15.95,17,3,0.2896
anterior pfc,3,SFG,Superior Frontal Gyrus,Frontal Lobe,0.1429,0.0789,1.0,1,7.0,15.95,17,3,0.2896
anterior pfc ba 10,1,MFG,Middle Frontal Gyrus,Frontal Lobe,1.0,0.1154,1.0,1,1.0,22.91,19,1,0.1153
anterior pre sma,1,OrG,Orbital Gyrus,Frontal Lobe,1.0,0.1154,1.0,1,1.0,22.91,19,1,0.1153
anterior prefrontal cortex,1,MFG,Middle Frontal Gyrus,Frontal Lobe,0.6667,0.25,4.0,6,6.0,16.63,17,2,0.2499
anterior prefrontal cortex,2,SFG,Superior Frontal Gyrus,Frontal Lobe,0.3333,0.1389,2.0,2,6.0,16.63,17,2,0.2499
anterior prefrontal cortex and dorsolateral prefrontal cortex,1,SFG,Superior Frontal Gyrus,Frontal Lobe,1.0,0.1154,1.0,1,1.0,22.91,19,1,0.1153
anterior putamen,1,BG,Basal Ganglia,Subcortical Nuclei,1.0,0.1154,1.0,1,1.0,22.91,19,1,0.1153
anterior rostral medial frontal area,1,SFG,Superior Frontal Gyrus,Frontal Lobe,1.0,0.1154,1.0,1,1.0,22.91,19,1,0.1153
anterior segment of the circular sulcus of the insula,1,OrG,Orbital Gyrus,Frontal Lobe,1.0,0.1154,1.0,2,1.0,22.91,19,1,0.1153
anterior sma,1,SFG,Superior Frontal Gyrus,Frontal Lobe,1.0,0.1154,1.0,1,1.0,22.91,19,1,0.1153
anterior stg,1,STG,Superior Temporal Gyrus,Temporal Lobe,0.6667,0.25,4.0,4,6.0,17.31,17,3,0.2499
anterior stg,2,MTG,Middle Temporal Gyrus,Temporal Lobe,0.1667,0.0833,1.0,1,6.0,17.31,17,3,0.2499
anterior stg,3,PrG,Precentral Gyrus,Frontal Lobe,0.1667,0.0833,1.0,1,6.0,17.31,17,3,0.2499
anterior stg 38,1,STG,Superior Temporal Gyrus,Temporal Lobe,1.0,0.1154,1.0,3,1.0,22.91,19,1,0.1153
anterior sts,1,MTG,Middle Temporal Gyrus,Temporal Lobe,0.3571,0.2115,5.0,13,14.0,13.83,14,4,0.2116
anterior sts,2,STG,Superior Temporal Gyrus,Temporal Lobe,0.3571,0.2115,5.0,5,14.0,13.83,14,4,0.2116
anterior sts,3,IFG,Inferior Frontal Gyrus,Frontal Lobe,0.1429,0.0962,2.0,4,14.0,13.83,14,4,0.2116
anterior sts,4,PrG,Precentral Gyrus,Frontal Lobe,0.1429,0.0962,2.0,2,14.0,13.83,14,4,0.2116
anterior superior frontal gyrus,1,MFG,Middle Frontal Gyrus,Frontal Lobe,1.0,0.1154,1.0,1,1.0,22.91,19,1,0.1153
anterior superior frontal sulcus,1,MFG,Middle Frontal Gyrus,Frontal Lobe,1.0,0.1786,2.0,3,2.0,21.0,19,1,0.1787
anterior superior medial frontal gyrus,1,SFG,Superior Frontal Gyrus,Frontal Lobe,1.0,0.1154,1.0,2,1.0,22.91,19,1,0.1153
anterior superior temporal gyrus,1,STG,Superior Temporal Gyrus,Temporal Lobe,0.9,0.4318,9.0,12,10.0,11.44,16,2,0.4321
anterior superior temporal gyrus,2,PoG,Postcentral Gyrus,Parietal Lobe,0.1,0.0682,1.0,1,10.0,11.44,16,2,0.4321
anterior superior temporal lobe gm,1,STG,Superior Temporal Gyrus,Temporal Lobe,1.0,0.1154,1.0,1,1.0,22.91,19,1,0.1153
anterior superior temporal sulcus,1,STG,Superior Temporal Gyrus,Temporal Lobe,0.6,0.2059,3.0,4,5.0,17.97,18,2,0.2059
anterior superior temporal sulcus,2,MTG,Middle Temporal Gyrus,Temporal Lobe,0.4,0.1471,2.0,2,5.0,17.97,18,2,0.2059
anterior supramarginal gyrus,1,IPL,Inferior Parietal Lobule,Parietal Lobe,1.0,0.2333,3.0,5,3.0,19.05,18,1,0.2335
anterior temporal,1,MTG,Middle Temporal Gyrus,Temporal Lobe,1.0,0.1154,1.0,1,1.0,22.91,19,1,0.1153
anterior temporal cortex,1,ITG,Inferior Temporal Gyrus,Temporal Lobe,0.5,0.1071,1.0,1,2.0,22.13,19,2,0.1071
anterior temporal cortex,2,STG,Superior Temporal Gyrus,Temporal Lobe,0.5,0.1071,1.0,1,2.0,22.13,19,2,0.1071
anterior temporal fusiform cortex,1,INS,Insular Gyrus,Insular Lobe,1.0,0.1154,1.0,1,1.0,22.91,19,1,0.1153
anterior temporal lobe,1,MTG,Middle Temporal Gyrus,Temporal Lobe,0.75,0.2188,3.0,3,4.0,18.85,18,2,0.219
anterior temporal lobe,2,FuG,Fusiform Gyrus,Temporal Lobe,0.25,0.0938,1.0,1,4.0,18.85,18,2,0.219
anterior temporal pole,1,STG,Superior Temporal Gyrus,Temporal Lobe,1.0,0.2333,3.0,5,3.0,19.05,18,1,0.2335
anterior thalamic projection,1,BG,Basal Ganglia,Subcortical Nuclei,1.0,0.1154,1.0,1,1.0,22.91,19,1,0.1153
anterior thalamic radiation,1,Tha,Thalamus,Subcortical Nuclei,0.5,0.1071,1.0,4,2.0,22.13,19,2,0.1071
anterior thalamic radiation,2,BG,Basal Ganglia,Subcortical Nuclei,0.5,0.1071,1.0,1,2.0,22.13,19,2,0.1071
anterior thalamus,1,Tha,Thalamus,Subcortical Nuclei,0.6,0.2059,3.0,4,5.0,17.97,18,2,0.2059
anterior thalamus,2,SFG,Superior Frontal Gyrus,Frontal Lobe,0.4,0.1471,2.0,2,5.0,17.97,18,2,0.2059
anterior to mid intraparietal sulcus,1,MTG,Middle Temporal Gyrus,Temporal Lobe,1.0,0.1154,1.0,1,1.0,22.91,19,1,0.1153
anterior transverse collateral sulcus,1,FuG,Fusiform Gyrus,Temporal Lobe,1.0,0.1154,1.0,1,1.0,22.91,19,1,0.1153
anterior transverse temporal gyrus,1,STG,Superior Temporal Gyrus,Temporal Lobe,1.0,0.1154,1.0,1,1.0,22.91,19,1,0.1153
anterior vlpfc,1,IFG,Inferior Frontal Gyrus,Frontal Lobe,0.5,0.1071,1.0,1,2.0,22.13,19,2,0.1071
anterior vlpfc,2,MFG,Middle Frontal Gyrus,Frontal Lobe,0.5,0.1071,1.0,1,2.0,22.13,19,2,0.1071
anterior vlpfc ba 10,1,MFG,Middle Frontal Gyrus,Frontal Lobe,1.0,0.1154,1.0,1,1.0,22.91,19,1,0.1153
anterior vmpfc,1,OrG,Orbital Gyrus,Frontal Lobe,1.0,0.1154,1.0,1,1.0,22.91,19,1,0.1153
anterolateral prefrontal cortex,1,IFG,Inferior Frontal Gyrus,Frontal Lobe,0.3333,0.1,1.0,1,3.0,21.57,18,3,0.1001
anterolateral prefrontal cortex,2,MFG,Middle Frontal Gyrus,Frontal Lobe,0.3333,0.1,1.0,1,3.0,21.57,18,3,0.1001
anterolateral prefrontal cortex,3,OrG,Orbital Gyrus,Frontal Lobe,0.3333,0.1,1.0,1,3.0,21.57,18,3,0.1001
anteromedial prefrontal cortex,1,SFG,Superior Frontal Gyrus,Frontal Lobe,1.0,0.1154,1.0,1,1.0,22.91,19,1,0.1153
anteroventral insula,1,INS,Insular Gyrus,Insular Lobe,1.0,0.1154,1.0,2,1.0,22.91,19,1,0.1153
antr insula,1,IFG,Inferior Frontal Gyrus,Frontal Lobe,0.4,0.1471,2.0,2,5.0,19.22,18,3,0.1471
antr insula,2,INS,Insular Gyrus,Insular Lobe,0.4,0.1471,2.0,2,5.0,19.22,18,3,0.1471
antr insula,3,SFG,Superior Frontal Gyrus,Frontal Lobe,0.2,0.0882,1.0,1,5.0,19.22,18,3,0.1471
apfc,1,MFG,Middle Frontal Gyrus,Frontal Lobe,0.9,0.4318,9.0,14,10.0,11.44,16,2,0.4321
apfc,2,SFG,Superior Frontal Gyrus,Frontal Lobe,0.1,0.0682,1.0,2,10.0,11.44,16,2,0.4321
apfc ba 10,1,MFG,Middle Frontal Gyrus,Frontal Lobe,1.0,0.1154,1.0,3,1.0,22.91,19,1,0.1153
area 10,1,MVOcC,MedioVentral Occipital Cortex,Occipital Lobe,1.0,0.1154,1.0,1,1.0,22.91,19,1,0.1153
area 11,1,STG,Superior Temporal Gyrus,Temporal Lobe,1.0,0.1154,1.0,1,1.0,22.91,19,1,0.1153
area 14,1,STG,Superior Temporal Gyrus,Temporal Lobe,1.0,0.1154,1.0,1,1.0,22.91,19,1,0.1153
area 17,1,CG,Cingulate Gyrus,Limbic Lobe,1.0,0.1154,1.0,1,1.0,22.91,19,1,0.1153
area 18,1,PrG,Precentral Gyrus,Frontal Lobe,1.0,0.1154,1.0,1,1.0,22.91,19,1,0.1153
area 19,1,PCL,Paracentral Lobule,Frontal Lobe,1.0,0.1154,1.0,1,1.0,22.91,19,1,0.1153
area 21,1,PCL,Paracentral Lobule,Frontal Lobe,1.0,0.1154,1.0,1,1.0,22.91,19,1,0.1153
area 22,1,PCL,Paracentral Lobule,Frontal Lobe,0.5,0.1071,1.0,1,2.0,22.13,19,2,0.1071
area 22,2,PrG,Precentral Gyrus,Frontal Lobe,0.5,0.1071,1.0,1,2.0,22.13,19,2,0.1071
area 23,1,PrG,Precentral Gyrus,Frontal Lobe,1.0,0.1154,1.0,1,1.0,22.91,19,1,0.1153
area 4a,1,PrG,Precentral Gyrus,Frontal Lobe,0.3333,0.1,1.0,6,3.0,21.57,18,3,0.1001
area 4a,2,PoG,Postcentral Gyrus,Parietal Lobe,0.3333,0.1,1.0,2,3.0,21.57,18,3,0.1001
area 4a,3,PCL,Paracentral Lobule,Frontal Lobe,0.3333,0.1,1.0,1,3.0,21.57,18,3,0.1001
area 5,1,LOcC,lateral Occipital Cortex,Occipital Lobe,0.5,0.1071,1.0,1,2.0,22.13,19,2,0.1071
area 5,2,OrG,Orbital Gyrus,Frontal Lobe,0.5,0.1071,1.0,1,2.0,22.13,19,2,0.1071
area 6,1,LOcC,lateral Occipital Cortex,Occipital Lobe,0.3333,0.1,1.0,1,3.0,21.57,18,3,0.1001
area 6,2,MFG,Middle Frontal Gyrus,Frontal Lobe,0.3333,0.1,1.0,1,3.0,21.57,18,3,0.1001
area 6,3,OrG,Orbital Gyrus,Frontal Lobe,0.3333,0.1,1.0,1,3.0,21.57,18,3,0.1001
area 8,1,LOcC,lateral Occipital Cortex,Occipital Lobe,0.5,0.1071,1.0,1,2.0,22.13,19,2,0.1071
area 8,2,MVOcC,MedioVentral Occipital Cortex,Occipital Lobe,0.5,0.1071,1.0,1,2.0,22.13,19,2,0.1071
area 9,1,MVOcC,MedioVentral Occipital Cortex,Occipital Lobe,1.0,0.1154,1.0,2,1.0,22.91,19,1,0.1153
area tringularis,1,IFG,Inferior Frontal Gyrus,Frontal Lobe,1.0,0.1154,1.0,1,1.0,22.91,19,1,0.1153
area44,1,IFG,Inferior Frontal Gyrus,Frontal Lobe,1.0,0.1154,1.0,1,1.0,22.91,19,1,0.1153
armfc,1,SFG,Superior Frontal Gyrus,Frontal Lobe,1.0,0.1154,1.0,1,1.0,22.91,19,1,0.1153
artifact,1,IFG,Inferior Frontal Gyrus,Frontal Lobe,0.2,0.0882,1.0,2,5.0,20.94,18,5,0.0882
artifact,2,INS,Insular Gyrus,Insular Lobe,0.2,0.0882,1.0,2,5.0,20.94,18,5,0.0882
artifact,3,IPL,Inferior Parietal Lobule,Parietal Lobe,0.2,0.0882,1.0,1,5.0,20.94,18,5,0.0882
artifact,4,LOcC,lateral Occipital Cortex,Occipital Lobe,0.2,0.0882,1.0,1,5.0,20.94,18,5,0.0882
artifact,5,STG,Superior Temporal Gyrus,Temporal Lobe,0.2,0.0882,1.0,1,5.0,20.94,18,5,0.0882
asfg,1,SFG,Superior Frontal Gyrus,Frontal Lobe,1.0,0.1154,1.0,1,1.0,22.91,19,1,0.1153
asg,1,INS,Insular Gyrus,Insular Lobe,0.5,0.1071,1.0,1,2.0,22.13,19,2,0.1071
asg,2,OrG,Orbital Gyrus,Frontal Lobe,0.5,0.1071,1.0,1,2.0,22.13,19,2,0.1071
asmg,1,IPL,Inferior Parietal Lobule,Parietal Lobe,1.0,0.1786,2.0,2,2.0,21.0,19,1,0.1787
aspl,1,SPL,Superior Parietal Lobule,Parietal Lobe,1.0,0.1154,1.0,2,1.0,22.91,19,1,0.1153
associative visual cortex,1,LOcC,lateral Occipital Cortex,Occipital Lobe,0.6667,0.1667,2.0,2,3.0,20.55,18,2,0.1668
associative visual cortex,2,IPL,Inferior Parietal Lobule,Parietal Lobe,0.3333,0.1,1.0,1,3.0,20.55,18,2,0.1668
astg,1,PrG,Precentral Gyrus,Frontal Lobe,0.5,0.1071,1.0,2,2.0,22.13,19,2,0.1071
astg,2,STG,Superior Temporal Gyrus,Temporal Lobe,0.5,0.1071,1.0,2,2.0,22.13,19,2,0.1071
asts,1,STG,Superior Temporal Gyrus,Temporal Lobe,1.0,0.1154,1.0,1,1.0,22.91,19,1,0.1153
atl,1,MTG,Middle Temporal Gyrus,Temporal Lobe,1.0,0.1154,1.0,1,1.0,22.91,19,1,0.1153
atp,1,STG,Superior Temporal Gyrus,Temporal Lobe,1.0,0.1154,1.0,1,1.0,22.91,19,1,0.1153
auditory and somatosensory cortex,1,STG,Superior Temporal Gyrus,Temporal Lobe,1.0,0.1154,1.0,1,1.0,22.91,19,1,0.1153
auditory cortex,1,STG,Superior Temporal Gyrus,Temporal Lobe,0.55,0.3594,11.0,26,20.0,11.5,12,6,0.3595
auditory cortex,2,PoG,Postcentral Gyrus,Parietal Lobe,0.2,0.1406,4.0,5,20.0,11.5,12,6,0.3595
auditory cortex,3,IPL,Inferior Parietal Lobule,Parietal Lobe,0.1,0.0781,2.0,4,20.0,11.5,12,6,0.3595
auditory cortex,4,FuG,Fusiform Gyrus,Temporal Lobe,0.05,0.0469,1.0,1,20.0,11.5,12,6,0.3595
auditory cortex,5,PrG,Precentral Gyrus,Frontal Lobe,0.05,0.0469,1.0,1,20.0,11.5,12,6,0.3595
auditory cortex,6,pSTS,posterior Superior Temporal Sulcus,Temporal Lobe,0.05,0.0469,1.0,1,20.0,11.5,12,6,0.3595
ba 1,1,SPL,Superior Parietal Lobule,Parietal Lobe,1.0,0.1154,1.0,1,1.0,22.91,19,1,0.1153
ba 10,1,MFG,Middle Frontal Gyrus,Frontal Lobe,0.3333,0.1875,4.0,8,12.0,14.79,15,4,0.1876
ba 10,2,SFG,Superior Frontal Gyrus,Frontal Lobe,0.3333,0.1875,4.0,7,12.0,14.79,15,4,0.1876
ba 10,3,OrG,Orbital Gyrus,Frontal Lobe,0.25,0.1458,3.0,7,12.0,14.79,15,4,0.1876
ba 10,4,CG,Cingulate Gyrus,Limbic Lobe,0.0833,0.0625,1.0,1,12.0,14.79,15,4,0.1876
ba 10 medial frontal gyrus,1,SFG,Superior Frontal Gyrus,Frontal Lobe,1.0,0.1154,1.0,1,1.0,22.91,19,1,0.1153
ba 11,1,OrG,Orbital Gyrus,Frontal Lobe,1.0,0.1154,1.0,3,1.0,22.91,19,1,0.1153
ba 13,1,IPL,Inferior Parietal Lobule,Parietal Lobe,0.5,0.1944,3.0,6,6.0,18.74,17,4,0.1943
ba 13,2,INS,Insular Gyrus,Insular Lobe,0.1667,0.0833,1.0,1,6.0,18.74,17,4,0.1943
ba 13,3,PrG,Precentral Gyrus,Frontal Lobe,0.1667,0.0833,1.0,1,6.0,18.74,17,4,0.1943
ba 13,4,STG,Superior Temporal Gyrus,Temporal Lobe,0.1667,0.0833,1.0,1,6.0,18.74,17,4,0.1943
ba 13 insula,1,INS,Insular Gyrus,Insular Lobe,1.0,0.1154,1.0,2,1.0,22.91,19,1,0.1153
ba 17,1,MVOcC,MedioVentral Occipital Cortex,Occipital Lobe,1.0,0.1154,1.0,1,1.0,22.91,19,1,0.1153
ba 18,1,LOcC,lateral Occipital Cortex,Occipital Lobe,0.5,0.1071,1.0,2,2.0,22.13,19,2,0.1071
ba 18,2,MVOcC,MedioVentral Occipital Cortex,Occipital Lobe,0.5,0.1071,1.0,2,2.0,22.13,19,2,0.1071
ba 18 lingual gyrus,1,MVOcC,MedioVentral Occipital Cortex,Occipital Lobe,1.0,0.1154,1.0,1,1.0,22.91,19,1,0.1153
ba 18 secondary visual cortex,1,LOcC,lateral Occipital Cortex,Occipital Lobe,1.0,0.1154,1.0,1,1.0,22.91,19,1,0.1153
ba 18 visual cortex,1,LOcC,lateral Occipital Cortex,Occipital Lobe,1.0,0.1154,1.0,2,1.0,22.91,19,1,0.1153
ba 19,1,IPL,Inferior Parietal Lobule,Parietal Lobe,0.4,0.1471,2.0,2,5.0,19.22,18,3,0.1471
ba 19,2,MVOcC,MedioVentral Occipital Cortex,Occipital Lobe,0.4,0.1471,2.0,2,5.0,19.22,18,3,0.1471
ba 19,3,LOcC,lateral Occipital Cortex,Occipital Lobe,0.2,0.0882,1.0,2,5.0,19.22,18,3,0.1471
ba 19 2vis cx,1,FuG,Fusiform Gyrus,Temporal Lobe,1.0,0.1154,1.0,1,1.0,22.91,19,1,0.1153
ba 19 2viscx,1,LOcC,lateral Occipital Cortex,Occipital Lobe,1.0,0.1154,1.0,1,1.0,22.91,19,1,0.1153
ba 19 inferior occipital gyrus,1,LOcC,lateral Occipital Cortex,Occipital Lobe,1.0,0.1154,1.0,1,1.0,22.91,19,1,0.1153
ba 19 secondary visual cortex,1,LOcC,lateral Occipital Cortex,Occipital Lobe,1.0,0.1154,1.0,1,1.0,22.91,19,1,0.1153
ba 19 visual cortex,1,LOcC,lateral Occipital Cortex,Occipital Lobe,1.0,0.1154,1.0,2,1.0,22.91,19,1,0.1153
ba 2,1,IPL,Inferior Parietal Lobule,Parietal Lobe,0.5,0.1071,1.0,1,2.0,22.13,19,2,0.1071
ba 2,2,SPL,Superior Parietal Lobule,Parietal Lobe,0.5,0.1071,1.0,1,2.0,22.13,19,2,0.1071
ba 21,1,MTG,Middle Temporal Gyrus,Temporal Lobe,0.5,0.1071,1.0,1,2.0,22.13,19,2,0.1071
ba 21,2,STG,Superior Temporal Gyrus,Temporal Lobe,0.5,0.1071,1.0,1,2.0,22.13,19,2,0.1071
ba 21 middle temporal gyrus,1,MTG,Middle Temporal Gyrus,Temporal Lobe,1.0,0.1154,1.0,2,1.0,22.91,19,1,0.1153
ba 22,1,STG,Superior Temporal Gyrus,Temporal Lobe,0.5,0.1944,3.0,4,6.0,18.74,17,4,0.1943
ba 22,2,INS,Insular Gyrus,Insular Lobe,0.1667,0.0833,1.0,2,6.0,18.74,17,4,0.1943
ba 22,3,PrG,Precentral Gyrus,Frontal Lobe,0.1667,0.0833,1.0,1,6.0,18.74,17,4,0.1943
ba 22,4,pSTS,posterior Superior Temporal Sulcus,Temporal Lobe,0.1667,0.0833,1.0,1,6.0,18.74,17,4,0.1943
ba 22 2,1,STG,Superior Temporal Gyrus,Temporal Lobe,1.0,0.1154,1.0,1,1.0,22.91,19,1,0.1153
ba 22 temporal gyrus,1,MTG,Middle Temporal Gyrus,Temporal Lobe,1.0,0.1154,1.0,1,1.0,22.91,19,1,0.1153
ba 23,1,CG,Cingulate Gyrus,Limbic Lobe,1.0,0.2333,3.0,3,3.0,19.05,18,1,0.2335
ba 24,1,CG,Cingulate Gyrus,Limbic Lobe,0.8,0.2647,4.0,4,5.0,17.25,18,2,0.2648
ba 24,2,SFG,Superior Frontal Gyrus,Frontal Lobe,0.2,0.0882,1.0,1,5.0,17.25,18,2,0.2648
ba 24 32,1,BG,Basal Ganglia,Subcortical Nuclei,1.0,0.1154,1.0,1,1.0,22.91,19,1,0.1153
ba 24 anterior cingulate cortex,1,CG,Cingulate Gyrus,Limbic Lobe,1.0,0.1154,1.0,1,1.0,22.91,19,1,0.1153
ba 28,1,Tha,Thalamus,Subcortical Nuclei,1.0,0.1154,1.0,1,1.0,22.91,19,1,0.1153
ba 29,1,CG,Cingulate Gyrus,Limbic Lobe,1.0,0.1154,1.0,1,1.0,22.91,19,1,0.1153
ba 3 parietal gyrus,1,PoG,Postcentral Gyrus,Parietal Lobe,1.0,0.1154,1.0,1,1.0,22.91,19,1,0.1153
ba 30,1,Pcun,Precuneus,Parietal Lobe,0.25,0.0938,1.0,2,4.0,21.18,18,4,0.0939
ba 30,2,CG,Cingulate Gyrus,Limbic Lobe,0.25,0.0938,1.0,1,4.0,21.18,18,4,0.0939
ba 30,3,MVOcC,MedioVentral Occipital Cortex,Occipital Lobe,0.25,0.0938,1.0,1,4.0,21.18,18,4,0.0939
ba 30,4,Tha,Thalamus,Subcortical Nuclei,0.25,0.0938,1.0,1,4.0,21.18,18,4,0.0939
ba 31,1,CG,Cingulate Gyrus,Limbic Lobe,0.5,0.1071,1.0,9,2.0,22.13,19,2,0.1071
ba 31,2,Pcun,Precuneus,Parietal Lobe,0.5,0.1071,1.0,1,2.0,22.13,19,2,0.1071
ba 31 posterior cingulate cortex,1,Pcun,Precuneus,Parietal Lobe,1.0,0.1154,1.0,1,1.0,22.91,19,1,0.1153
ba 31 precuneus,1,IPL,Inferior Parietal Lobule,Parietal Lobe,1.0,0.1154,1.0,1,1.0,22.91,19,1,0.1153
ba 32,1,CG,Cingulate Gyrus,Limbic Lobe,0.6667,0.25,4.0,6,6.0,16.63,17,2,0.2499
ba 32,2,SFG,Superior Frontal Gyrus,Frontal Lobe,0.3333,0.1389,2.0,2,6.0,16.63,17,2,0.2499
ba 32 acc,1,CG,Cingulate Gyrus,Limbic Lobe,1.0,0.1154,1.0,1,1.0,22.91,19,1,0.1153
ba 32 anterior cingulate cortex,1,CG,Cingulate Gyrus,Limbic Lobe,1.0,0.1154,1.0,1,1.0,22.91,19,1,0.1153
ba 36,1,FuG,Fusiform Gyrus,Temporal Lobe,1.0,0.1154,1.0,1,1.0,22.91,19,1,0.1153
ba 37,1,FuG,Fusiform Gyrus,Temporal Lobe,0.6667,0.1667,2.0,2,3.0,20.55,18,2,0.1668
ba 37,2,ITG,Inferior Temporal Gyrus,Temporal Lobe,0.3333,0.1,1.0,1,3.0,20.55,18,2,0.1668
ba 37 middle temporal gyrus,1,IPL,Inferior Parietal Lobule,Parietal Lobe,1.0,0.1154,1.0,1,1.0,22.91,19,1,0.1153
ba 37 primary visual cortex,1,LOcC,lateral Occipital Cortex,Occipital Lobe,1.0,0.1154,1.0,1,1.0,22.91,19,1,0.1153
ba 39,1,IPL,Inferior Parietal Lobule,Parietal Lobe,1.0,0.2333,3.0,4,3.0,19.05,18,1,0.2335
ba 4,1,PoG,Postcentral Gyrus,Parietal Lobe,0.4,0.1471,2.0,3,5.0,19.22,18,3,0.1471
ba 4,2,PrG,Precentral Gyrus,Frontal Lobe,0.4,0.1471,2.0,3,5.0,19.22,18,3,0.1471
ba 4,3,CG,Cingulate Gyrus,Limbic Lobe,0.2,0.0882,1.0,1,5.0,19.22,18,3,0.1471
ba 4 precentral gyrus,1,PoG,Postcentral Gyrus,Parietal Lobe,0.5,0.1071,1.0,1,2.0,22.13,19,2,0.1071
ba 4 precentral gyrus,2,PrG,Precentral Gyrus,Frontal Lobe,0.5,0.1071,1.0,1,2.0,22.13,19,2,0.1071
ba 40,1,IPL,Inferior Parietal Lobule,Parietal Lobe,0.5,0.1944,3.0,8,6.0,18.74,17,4,0.1943
ba 40,2,IFG,Inferior Frontal Gyrus,Frontal Lobe,0.1667,0.0833,1.0,1,6.0,18.74,17,4,0.1943
ba 40,3,PoG,Postcentral Gyrus,Parietal Lobe,0.1667,0.0833,1.0,1,6.0,18.74,17,4,0.1943
ba 40,4,pSTS,posterior Superior Temporal Sulcus,Temporal Lobe,0.1667,0.0833,1.0,1,6.0,18.74,17,4,0.1943
ba 40 parietal lobe,1,IPL,Inferior Parietal Lobule,Parietal Lobe,1.0,0.1154,1.0,1,1.0,22.91,19,1,0.1153
ba 40 supramarginal gyrus,1,IPL,Inferior Parietal Lobule,Parietal Lobe,1.0,0.1154,1.0,2,1.0,22.91,19,1,0.1153
ba 41,1,STG,Superior Temporal Gyrus,Temporal Lobe,0.3333,0.1,1.0,3,3.0,21.57,18,3,0.1001
ba 41,2,IPL,Inferior Parietal Lobule,Parietal Lobe,0.3333,0.1,1.0,1,3.0,21.57,18,3,0.1001
ba 41,3,PoG,Postcentral Gyrus,Parietal Lobe,0.3333,0.1,1.0,1,3.0,21.57,18,3,0.1001
ba 41 temporal transversus gyrus,1,STG,Superior Temporal Gyrus,Temporal Lobe,1.0,0.1154,1.0,1,1.0,22.91,19,1,0.1153
ba 42,1,IPL,Inferior Parietal Lobule,Parietal Lobe,0.75,0.2188,3.0,3,4.0,18.85,18,2,0.219
ba 42,2,STG,Superior Temporal Gyrus,Temporal Lobe,0.25,0.0938,1.0,3,4.0,18.85,18,2,0.219
ba 43,1,PoG,Postcentral Gyrus,Parietal Lobe,0.6667,0.1667,2.0,2,3.0,20.55,18,2,0.1668
ba 43,2,INS,Insular Gyrus,Insular Lobe,0.3333,0.1,1.0,1,3.0,20.55,18,2,0.1668
ba 43 2,1,PoG,Postcentral Gyrus,Parietal Lobe,1.0,0.1154,1.0,1,1.0,22.91,19,1,0.1153
ba 44,1,PrG,Precentral Gyrus,Frontal Lobe,0.4,0.1471,2.0,3,5.0,19.22,18,3,0.1471
ba 44,2,IFG,Inferior Frontal Gyrus,Frontal Lobe,0.4,0.1471,2.0,2,5.0,19.22,18,3,0.1471
ba 44,3,STG,Superior Temporal Gyrus,Temporal Lobe,0.2,0.0882,1.0,1,5.0,19.22,18,3,0.1471
ba 44 dlpfc,1,PrG,Precentral Gyrus,Frontal Lobe,0.5,0.1071,1.0,2,2.0,22.13,19,2,0.1071
ba 44 dlpfc,2,IFG,Inferior Frontal Gyrus,Frontal Lobe,0.5,0.1071,1.0,1,2.0,22.13,19,2,0.1071
ba 44 dorsolateral prefrontal cortex,1,IFG,Inferior Frontal Gyrus,Frontal Lobe,1.0,0.1154,1.0,1,1.0,22.91,19,1,0.1153
ba 45,1,IFG,Inferior Frontal Gyrus,Frontal Lobe,1.0,0.1786,2.0,2,2.0,21.0,19,1,0.1787
ba 45 dlpfc,1,IFG,Inferior Frontal Gyrus,Frontal Lobe,1.0,0.1154,1.0,1,1.0,22.91,19,1,0.1153
ba 45 dorsolateral prefrontal cortex,1,IFG,Inferior Frontal Gyrus,Frontal Lobe,1.0,0.1154,1.0,1,1.0,22.91,19,1,0.1153
ba 46,1,MFG,Middle Frontal Gyrus,Frontal Lobe,0.5,0.1944,3.0,4,6.0,18.74,17,4,0.1943
ba 46,2,IFG,Inferior Frontal Gyrus,Frontal Lobe,0.1667,0.0833,1.0,2,6.0,18.74,17,4,0.1943
ba 46,3,CG,Cingulate Gyrus,Limbic Lobe,0.1667,0.0833,1.0,1,6.0,18.74,17,4,0.1943
ba 46,4,PrG,Precentral Gyrus,Frontal Lobe,0.1667,0.0833,1.0,1,6.0,18.74,17,4,0.1943
ba 47,1,IFG,Inferior Frontal Gyrus,Frontal Lobe,0.25,0.0938,1.0,1,4.0,21.18,18,4,0.0939
ba 47,2,INS,Insular Gyrus,Insular Lobe,0.25,0.0938,1.0,1,4.0,21.18,18,4,0.0939
ba 47,3,OrG,Orbital Gyrus,Frontal Lobe,0.25,0.0938,1.0,1,4.0,21.18,18,4,0.0939
ba 47,4,STG,Superior Temporal Gyrus,Temporal Lobe,0.25,0.0938,1.0,1,4.0,21.18,18,4,0.0939
ba 47 inferior frontal gyrus,1,STG,Superior Temporal Gyrus,Temporal Lobe,1.0,0.1154,1.0,1,1.0,22.91,19,1,0.1153
ba 4a,1,PoG,Postcentral Gyrus,Parietal Lobe,1.0,0.1154,1.0,1,1.0,22.91,19,1,0.1153
ba 5,1,PCL,Paracentral Lobule,Frontal Lobe,0.3333,0.1,1.0,4,3.0,21.57,18,3,0.1001
ba 5,2,BG,Basal Ganglia,Subcortical Nuclei,0.3333,0.1,1.0,1,3.0,21.57,18,3,0.1001
ba 5,3,Pcun,Precuneus,Parietal Lobe,0.3333,0.1,1.0,1,3.0,21.57,18,3,0.1001
ba 6,1,SFG,Superior Frontal Gyrus,Frontal Lobe,0.2727,0.1522,3.0,16,11.0,16.68,15,5,0.1523
ba 6,2,PrG,Precentral Gyrus,Frontal Lobe,0.2727,0.1522,3.0,7,11.0,16.68,15,5,0.1523
ba 6,3,PCL,Paracentral Lobule,Frontal Lobe,0.1818,0.1087,2.0,4,11.0,16.68,15,5,0.1523
ba 6,4,MFG,Middle Frontal Gyrus,Frontal Lobe,0.1818,0.1087,2.0,3,11.0,16.68,15,5,0.1523
ba 6,5,CG,Cingulate Gyrus,Limbic Lobe,0.0909,0.0652,1.0,1,11.0,16.68,15,5,0.1523
ba 7,1,SPL,Superior Parietal Lobule,Parietal Lobe,0.4,0.2045,4.0,8,10.0,15.91,16,4,0.2046
ba 7,2,Pcun,Precuneus,Parietal Lobe,0.3,0.1591,3.0,8,10.0,15.91,16,4,0.2046
ba 7,3,IPL,Inferior Parietal Lobule,Parietal Lobe,0.2,0.1136,2.0,2,10.0,15.91,16,4,0.2046
ba 7,4,LOcC,lateral Occipital Cortex,Occipital Lobe,0.1,0.0682,1.0,1,10.0,15.91,16,4,0.2046
ba 7 precuneus,1,SPL,Superior Parietal Lobule,Parietal Lobe,1.0,0.1154,1.0,1,1.0,22.91,19,1,0.1153
ba 8,1,SFG,Superior Frontal Gyrus,Frontal Lobe,0.5,0.1562,2.0,7,4.0,19.34,18,2,0.1564
ba 8,2,MFG,Middle Frontal Gyrus,Frontal Lobe,0.5,0.1562,2.0,2,4.0,19.34,18,2,0.1564
ba 9,1,MFG,Middle Frontal Gyrus,Frontal Lobe,0.3077,0.18,4.0,15,13.0,16.29,14,6,0.18
ba 9,2,IFG,Inferior Frontal Gyrus,Frontal Lobe,0.2308,0.14,3.0,4,13.0,16.29,14,6,0.18
ba 9,3,CG,Cingulate Gyrus,Limbic Lobe,0.1538,0.1,2.0,2,13.0,16.29,14,6,0.18
ba 9,4,SFG,Superior Frontal Gyrus,Frontal Lobe,0.1538,0.1,2.0,2,13.0,16.29,14,6,0.18
ba 9,5,OrG,Orbital Gyrus,Frontal Lobe,0.0769,0.06,1.0,1,13.0,16.29,14,6,0.18
ba 9,6,PrG,Precentral Gyrus,Frontal Lobe,0.0769,0.06,1.0,1,13.0,16.29,14,6,0.18
ba 9 46,1,MFG,Middle Frontal Gyrus,Frontal Lobe,1.0,0.1154,1.0,1,1.0,22.91,19,1,0.1153
ba 9 medial prefrontal cortex,1,SFG,Superior Frontal Gyrus,Frontal Lobe,1.0,0.1154,1.0,1,1.0,22.91,19,1,0.1153
ba 9 middle frontal gyrus,1,MFG,Middle Frontal Gyrus,Frontal Lobe,0.5,0.1071,1.0,2,2.0,22.13,19,2,0.1071
ba 9 middle frontal gyrus,2,IFG,Inferior Frontal Gyrus,Frontal Lobe,0.5,0.1071,1.0,1,2.0,22.13,19,2,0.1071
bank of superior temporal sulcus,1,MTG,Middle Temporal Gyrus,Temporal Lobe,1.0,0.1154,1.0,1,1.0,22.91,19,1,0.1153
banks of the superior temporal sulcus,1,pSTS,posterior Superior Temporal Sulcus,Temporal Lobe,1.0,0.1154,1.0,1,1.0,22.91,19,1,0.1153
basal ganglia,1,BG,Basal Ganglia,Subcortical Nuclei,0.625,0.375,10.0,25,16.0,11.18,13,4,0.3747
basal ganglia,2,Tha,Thalamus,Subcortical Nuclei,0.25,0.1607,4.0,4,16.0,11.18,13,4,0.3747
basal ganglia,3,CG,Cingulate Gyrus,Limbic Lobe,0.0625,0.0536,1.0,1,16.0,11.18,13,4,0.3747
basal ganglia,4,INS,Insular Gyrus,Insular Lobe,0.0625,0.0536,1.0,1,16.0,11.18,13,4,0.3747
basal nucleus of meynert,1,OrG,Orbital Gyrus,Frontal Lobe,1.0,0.1154,1.0,1,1.0,22.91,19,1,0.1153
basal temporopolar cortex,1,INS,Insular Gyrus,Insular Lobe,1.0,0.1154,1.0,1,1.0,22.91,19,1,0.1153
base of inferior frontal gyrus,1,IFG,Inferior Frontal Gyrus,Frontal Lobe,1.0,0.1154,1.0,1,1.0,22.91,19,1,0.1153
bcg,1,Pcun,Precuneus,Parietal Lobe,1.0,0.1154,1.0,1,1.0,22.91,19,1,0.1153
beta 1 extracted from the pcc,1,SFG,Superior Frontal Gyrus,Frontal Lobe,1.0,0.1154,1.0,1,1.0,22.91,19,1,0.1153
beta 2 extracted from the pcc,1,MFG,Middle Frontal Gyrus,Frontal Lobe,1.0,0.1154,1.0,1,1.0,22.91,19,1,0.1153
beta 2 extracted from the precuneus,1,MFG,Middle Frontal Gyrus,Frontal Lobe,1.0,0.1154,1.0,1,1.0,22.91,19,1,0.1153
bi anterior rostral medial prefrontal cortex,1,CG,Cingulate Gyrus,Limbic Lobe,1.0,0.1154,1.0,1,1.0,22.91,19,1,0.1153
bi lingual,1,MVOcC,MedioVentral Occipital Cortex,Occipital Lobe,1.0,0.1154,1.0,1,1.0,22.91,19,1,0.1153
bj versus ej versus aj,1,PCL,Paracentral Lobule,Frontal Lobe,1.0,0.1154,1.0,1,1.0,22.91,19,1,0.1153
body of the calcarine fissure and cuneus,1,MVOcC,MedioVentral Occipital Cortex,Occipital Lobe,1.0,0.1154,1.0,1,1.0,22.91,19,1,0.1153
body of the calcarine sulcus,1,MVOcC,MedioVentral Occipital Cortex,Occipital Lobe,1.0,0.1154,1.0,4,1.0,22.91,19,1,0.1153
body of the corpus callosum,1,Tha,Thalamus,Subcortical Nuclei,1.0,0.1154,1.0,1,1.0,22.91,19,1,0.1153
bpd,1,SFG,Superior Frontal Gyrus,Frontal Lobe,0.25,0.0938,1.0,3,4.0,21.18,18,4,0.0939
bpd,2,Amyg,Amygdala,Subcortical Nuclei,0.25,0.0938,1.0,1,4.0,21.18,18,4,0.0939
bpd,3,CG,Cingulate Gyrus,Limbic Lobe,0.25,0.0938,1.0,1,4.0,21.18,18,4,0.0939
bpd,4,STG,Superior Temporal Gyrus,Temporal Lobe,0.25,0.0938,1.0,1,4.0,21.18,18,4,0.0939
brain stem,1,Tha,Thalamus,Subcortical Nuclei,0.6,0.2059,3.0,3,5.0,18.76,18,3,0.206
brain stem,2,CG,Cingulate Gyrus,Limbic Lobe,0.2,0.0882,1.0,1,5.0,18.76,18,3,0.206
brain stem,3,OrG,Orbital Gyrus,Frontal Lobe,0.2,0.0882,1.0,1,5.0,18.76,18,3,0.206
brainstem,1,Tha,Thalamus,Subcortical Nuclei,0.8333,0.4375,10.0,13,12.0,11.03,15,3,0.4378
brainstem,2,BG,Basal Ganglia,Subcortical Nuclei,0.0833,0.0625,1.0,1,12.0,11.03,15,3,0.4378
brainstem,3,OrG,Orbital Gyrus,Frontal Lobe,0.0833,0.0625,1.0,1,12.0,11.03,15,3,0.4378
broca s area,1,IFG,Inferior Frontal Gyrus,Frontal Lobe,1.0,0.1154,1.0,1,1.0,22.91,19,1,0.1153
brocas area,1,MFG,Middle Frontal Gyrus,Frontal Lobe,1.0,0.1154,1.0,1,1.0,22.91,19,1,0.1153
brocas area ba 44,1,PrG,Precentral Gyrus,Frontal Lobe,1.0,0.1154,1.0,1,1.0,22.91,19,1,0.1153
brodmann area 13,1,INS,Insular Gyrus,Insular Lobe,1.0,0.1154,1.0,1,1.0,22.91,19,1,0.1153
brodmann area 19,1,LOcC,lateral Occipital Cortex,Occipital Lobe,1.0,0.1154,1.0,1,1.0,22.91,19,1,0.1153
brodmann area 30,1,Pcun,Precuneus,Parietal Lobe,1.0,0.1154,1.0,1,1.0,22.91,19,1,0.1153
brodmann area 32,1,SFG,Superior Frontal Gyrus,Frontal Lobe,1.0,0.1154,1.0,1,1.0,22.91,19,1,0.1153
brodmann area 35 medial aspect of the inferior temporal lobe perirhinal cortex of the parahippocampus,1,Hipp,Hippocampus,Subcortical Nuclei,1.0,0.1154,1.0,1,1.0,22.91,19,1,0.1153
brodmann area 37,1,FuG,Fusiform Gyrus,Temporal Lobe,1.0,0.1154,1.0,1,1.0,22.91,19,1,0.1153
brodmann area 39,1,IPL,Inferior Parietal Lobule,Parietal Lobe,0.5,0.1071,1.0,2,2.0,22.13,19,2,0.1071
brodmann area 39,2,pSTS,posterior Superior Temporal Sulcus,Temporal Lobe,0.5,0.1071,1.0,1,2.0,22.13,19,2,0.1071
brodmann area 43 distal tip of postcentral gyrus,1,PoG,Postcentral Gyrus,Parietal Lobe,1.0,0.1154,1.0,1,1.0,22.91,19,1,0.1153
brodmann area 44,1,IFG,Inferior Frontal Gyrus,Frontal Lobe,0.5,0.1071,1.0,1,2.0,22.13,19,2,0.1071
brodmann area 44,2,PrG,Precentral Gyrus,Frontal Lobe,0.5,0.1071,1.0,1,2.0,22.13,19,2,0.1071
brodmann area 6,1,MFG,Middle Frontal Gyrus,Frontal Lobe,0.6667,0.1667,2.0,2,3.0,20.55,18,2,0.1668
brodmann area 6,2,SFG,Superior Frontal Gyrus,Frontal Lobe,0.3333,0.1,1.0,2,3.0,20.55,18,2,0.1668
brodmann area 8,1,SFG,Superior Frontal Gyrus,Frontal Lobe,1.0,0.1154,1.0,1,1.0,22.91,19,1,0.1153
brodmann area 9,1,SFG,Superior Frontal Gyrus,Frontal Lobe,1.0,0.1786,2.0,2,2.0,21.0,19,1,0.1787
c hippocampus,1,Hipp,Hippocampus,Subcortical Nuclei,1.0,0.1154,1.0,1,1.0,22.91,19,1,0.1153
c inferior parietal lobule,1,PoG,Postcentral Gyrus,Parietal Lobe,0.5,0.1071,1.0,1,2.0,22.13,19,2,0.1071
c inferior parietal lobule,2,SPL,Superior Parietal Lobule,Parietal Lobe,0.5,0.1071,1.0,1,2.0,22.13,19,2,0.1071
c precentral gyrus,1,PrG,Precentral Gyrus,Frontal Lobe,1.0,0.1154,1.0,1,1.0,22.91,19,1,0.1153
c superior parietal lobule,1,SPL,Superior Parietal Lobule,Parietal Lobe,1.0,0.1154,1.0,1,1.0,22.91,19,1,0.1153
c supra marginal gyrus,1,IPL,Inferior Parietal Lobule,Parietal Lobe,1.0,0.1154,1.0,1,1.0,22.91,19,1,0.1153
cacc,1,SFG,Superior Frontal Gyrus,Frontal Lobe,1.0,0.1154,1.0,1,1.0,22.91,19,1,0.1153
cal,1,MVOcC,MedioVentral Occipital Cortex,Occipital Lobe,0.5,0.1562,2.0,2,4.0,20.24,18,3,0.1564
cal,2,Hipp,Hippocampus,Subcortical Nuclei,0.25,0.0938,1.0,1,4.0,20.24,18,3,0.1564
cal,3,MFG,Middle Frontal Gyrus,Frontal Lobe,0.25,0.0938,1.0,1,4.0,20.24,18,3,0.1564
calarine gyrus,1,MVOcC,MedioVentral Occipital Cortex,Occipital Lobe,1.0,0.1786,2.0,2,2.0,21.0,19,1,0.1787
calcar,1,MVOcC,MedioVentral Occipital Cortex,Occipital Lobe,1.0,0.1154,1.0,1,1.0,22.91,19,1,0.1153
calcarine,1,MVOcC,MedioVentral Occipital Cortex,Occipital Lobe,0.7059,0.5794,36.0,61,51.0,6.1,5,8,0.5797
calcarine,2,Pcun,Precuneus,Parietal Lobe,0.1176,0.1032,6.0,7,51.0,6.1,5,8,0.5797
calcarine,3,LOcC,lateral Occipital Cortex,Occipital Lobe,0.0588,0.0556,3.0,3,51.0,6.1,5,8,0.5797
calcarine,4,CG,Cingulate Gyrus,Limbic Lobe,0.0392,0.0397,2.0,2,51.0,6.1,5,8,0.5797
calcarine,5,BG,Basal Ganglia,Subcortical Nuclei,0.0196,0.0238,1.0,2,51.0,6.1,5,8,0.5797
calcarine,6,MFG,Middle Frontal Gyrus,Frontal Lobe,0.0196,0.0238,1.0,1,51.0,6.1,5,8,0.5797
calcarine,7,SPL,Superior Parietal Lobule,Parietal Lobe,0.0196,0.0238,1.0,1,51.0,6.1,5,8,0.5797
calcarine,8,Tha,Thalamus,Subcortical Nuclei,0.0196,0.0238,1.0,1,51.0,6.1,5,8,0.5797
calcarine 18,1,LOcC,lateral Occipital Cortex,Occipital Lobe,1.0,0.1154,1.0,1,1.0,22.91,19,1,0.1153
calcarine 3,1,BG,Basal Ganglia,Subcortical Nuclei,1.0,0.1154,1.0,1,1.0,22.91,19,1,0.1153
calcarine ba 17,1,MVOcC,MedioVentral Occipital Cortex,Occipital Lobe,0.3333,0.1,1.0,2,3.0,21.57,18,3,0.1001
calcarine ba 17,2,LOcC,lateral Occipital Cortex,Occipital Lobe,0.3333,0.1,1.0,1,3.0,21.57,18,3,0.1001
calcarine ba 17,3,Pcun,Precuneus,Parietal Lobe,0.3333,0.1,1.0,1,3.0,21.57,18,3,0.1001
calcarine cortex,1,MVOcC,MedioVentral Occipital Cortex,Occipital Lobe,0.8182,0.413,9.0,16,11.0,11.8,15,3,0.4134
calcarine cortex,2,CG,Cingulate Gyrus,Limbic Lobe,0.0909,0.0652,1.0,1,11.0,11.8,15,3,0.4134
calcarine cortex,3,LOcC,lateral Occipital Cortex,Occipital Lobe,0.0909,0.0652,1.0,1,11.0,11.8,15,3,0.4134
calcarine cortex ba 17,1,MVOcC,MedioVentral Occipital Cortex,Occipital Lobe,1.0,0.1154,1.0,1,1.0,22.91,19,1,0.1153
calcarine cortex ba 19,1,MVOcC,MedioVentral Occipital Cortex,Occipital Lobe,1.0,0.1154,1.0,1,1.0,22.91,19,1,0.1153
calcarine fissure,1,MVOcC,MedioVentral Occipital Cortex,Occipital Lobe,0.4444,0.2143,4.0,8,9.0,16.53,16,4,0.2144
calcarine fissure,2,LOcC,lateral Occipital Cortex,Occipital Lobe,0.2222,0.119,2.0,3,9.0,16.53,16,4,0.2144
calcarine fissure,3,Pcun,Precuneus,Parietal Lobe,0.2222,0.119,2.0,2,9.0,16.53,16,4,0.2144
calcarine fissure,4,Tha,Thalamus,Subcortical Nuclei,0.1111,0.0714,1.0,1,9.0,16.53,16,4,0.2144
calcarine fissure and surrounding cortex,1,MVOcC,MedioVentral Occipital Cortex,Occipital Lobe,0.5,0.1562,2.0,3,4.0,20.24,18,3,0.1564
calcarine fissure and surrounding cortex,2,LOcC,lateral Occipital Cortex,Occipital Lobe,0.25,0.0938,1.0,1,4.0,20.24,18,3,0.1564
calcarine fissure and surrounding cortex,3,Pcun,Precuneus,Parietal Lobe,0.25,0.0938,1.0,1,4.0,20.24,18,3,0.1564
calcarine fissure andsurrounding cortex,1,MVOcC,MedioVentral Occipital Cortex,Occipital Lobe,1.0,0.1154,1.0,2,1.0,22.91,19,1,0.1153
calcarine g,1,MVOcC,MedioVentral Occipital Cortex,Occipital Lobe,0.5,0.1071,1.0,1,2.0,22.13,19,2,0.1071
calcarine g,2,Pcun,Precuneus,Parietal Lobe,0.5,0.1071,1.0,1,2.0,22.13,19,2,0.1071
calcarine gyrus,1,MVOcC,MedioVentral Occipital Cortex,Occipital Lobe,0.58,0.4758,29.0,45,50.0,6.56,4,5,0.4755
calcarine gyrus,2,Pcun,Precuneus,Parietal Lobe,0.22,0.1855,11.0,14,50.0,6.56,4,5,0.4755
calcarine gyrus,3,LOcC,lateral Occipital Cortex,Occipital Lobe,0.14,0.121,7.0,7,50.0,6.56,4,5,0.4755
calcarine gyrus,4,CG,Cingulate Gyrus,Limbic Lobe,0.04,0.0403,2.0,2,50.0,6.56,4,5,0.4755
calcarine gyrus,5,MFG,Middle Frontal Gyrus,Frontal Lobe,0.02,0.0242,1.0,1,50.0,6.56,4,5,0.4755
calcarine gyrus ba 17,1,BG,Basal Ganglia,Subcortical Nuclei,0.3333,0.1,1.0,1,3.0,21.57,18,3,0.1001
calcarine gyrus ba 17,2,MVOcC,MedioVentral Occipital Cortex,Occipital Lobe,0.3333,0.1,1.0,1,3.0,21.57,18,3,0.1001
calcarine gyrus ba 17,3,Pcun,Precuneus,Parietal Lobe,0.3333,0.1,1.0,1,3.0,21.57,18,3,0.1001
calcarine gyrus ba 19,1,MVOcC,MedioVentral Occipital Cortex,Occipital Lobe,1.0,0.1154,1.0,1,1.0,22.91,19,1,0.1153
calcarine region,1,Pcun,Precuneus,Parietal Lobe,1.0,0.1154,1.0,1,1.0,22.91,19,1,0.1153
calcarine sulcus,1,MVOcC,MedioVentral Occipital Cortex,Occipital Lobe,0.7097,0.5233,22.0,34,31.0,7.36,7,5,0.5235
calcarine sulcus,2,Pcun,Precuneus,Parietal Lobe,0.129,0.1047,4.0,4,31.0,7.36,7,5,0.5235
calcarine sulcus,3,LOcC,lateral Occipital Cortex,Occipital Lobe,0.0968,0.0814,3.0,4,31.0,7.36,7,5,0.5235
calcarine sulcus,4,CG,Cingulate Gyrus,Limbic Lobe,0.0323,0.0349,1.0,1,31.0,7.36,7,5,0.5235
calcarine sulcus,5,FuG,Fusiform Gyrus,Temporal Lobe,0.0323,0.0349,1.0,1,31.0,7.36,7,5,0.5235
calcarine sulcus and lingual gyrus,1,LOcC,lateral Occipital Cortex,Occipital Lobe,1.0,0.1154,1.0,1,1.0,22.91,19,1,0.1153
calcarinea,1,MVOcC,MedioVentral Occipital Cortex,Occipital Lobe,1.0,0.1154,1.0,1,1.0,22.91,19,1,0.1153
callosal body,1,Hipp,Hippocampus,Subcortical Nuclei,1.0,0.1154,1.0,1,1.0,22.91,19,1,0.1153
canterior cingulate,1,CG,Cingulate Gyrus,Limbic Lobe,1.0,0.1154,1.0,1,1.0,22.91,19,1,0.1153
caudal acc,1,CG,Cingulate Gyrus,Limbic Lobe,1.0,0.1154,1.0,1,1.0,22.91,19,1,0.1153
caudal anterior cingulate cortex,1,CG,Cingulate Gyrus,Limbic Lobe,1.0,0.2333,3.0,5,3.0,19.05,18,1,0.2335
caudal cuneus and calcarine sulcus,1,LOcC,lateral Occipital Cortex,Occipital Lobe,1.0,0.1154,1.0,1,1.0,22.91,19,1,0.1153
caudal dlpfc,1,SFG,Superior Frontal Gyrus,Frontal Lobe,1.0,0.1154,1.0,1,1.0,22.91,19,1,0.1153
caudal fusiform gyrus and inferior occipital sulcus,1,LOcC,lateral Occipital Cortex,Occipital Lobe,1.0,0.1154,1.0,1,1.0,22.91,19,1,0.1153
caudal intraparietal sulcus,1,IPL,Inferior Parietal Lobule,Parietal Lobe,1.0,0.1154,1.0,1,1.0,22.91,19,1,0.1153
caudal itg,1,LOcC,lateral Occipital Cortex,Occipital Lobe,0.5,0.1071,1.0,7,2.0,22.13,19,2,0.1071
caudal itg,2,FuG,Fusiform Gyrus,Temporal Lobe,0.5,0.1071,1.0,1,2.0,22.13,19,2,0.1071
caudal premotor area,1,SFG,Superior Frontal Gyrus,Frontal Lobe,1.0,0.1154,1.0,1,1.0,22.91,19,1,0.1153
caudal supplementary motor area,1,SFG,Superior Frontal Gyrus,Frontal Lobe,1.0,0.1154,1.0,1,1.0,22.91,19,1,0.1153
caudate,1,BG,Basal Ganglia,Subcortical Nuclei,0.88,0.8416,220.0,369,250.0,2.08,1,7,0.8419
caudate,2,Tha,Thalamus,Subcortical Nuclei,0.096,0.0935,24.0,29,250.0,2.08,1,7,0.8419
caudate,3,INS,Insular Gyrus,Insular Lobe,0.008,0.0095,2.0,2,250.0,2.08,1,7,0.8419
caudate,4,Amyg,Amygdala,Subcortical Nuclei,0.004,0.0057,1.0,1,250.0,2.08,1,7,0.8419
caudate,5,CG,Cingulate Gyrus,Limbic Lobe,0.004,0.0057,1.0,1,250.0,2.08,1,7,0.8419
caudate,6,MVOcC,MedioVentral Occipital Cortex,Occipital Lobe,0.004,0.0057,1.0,1,250.0,2.08,1,7,0.8419
caudate,7,OrG,Orbital Gyrus,Frontal Lobe,0.004,0.0057,1.0,1,250.0,2.08,1,7,0.8419
caudate body,1,BG,Basal Ganglia,Subcortical Nuclei,0.9474,0.5968,18.0,27,19.0,6.8,12,2,0.5972
caudate body,2,Hipp,Hippocampus,Subcortical Nuclei,0.0526,0.0484,1.0,1,19.0,6.8,12,2,0.5972
caudate head,1,BG,Basal Ganglia,Subcortical Nuclei,0.9444,0.5833,17.0,28,18.0,7.15,13,2,0.5829
caudate head,2,Tha,Thalamus,Subcortical Nuclei,0.0556,0.05,1.0,1,18.0,7.15,13,2,0.5829
caudate nucleus,1,BG,Basal Ganglia,Subcortical Nuclei,0.8706,0.768,74.0,122,85.0,3.07,2,4,0.7673
caudate nucleus,2,Tha,Thalamus,Subcortical Nuclei,0.0941,0.0876,8.0,8,85.0,3.07,2,4,0.7673
caudate nucleus,3,Hipp,Hippocampus,Subcortical Nuclei,0.0235,0.0258,2.0,2,85.0,3.07,2,4,0.7673
caudate nucleus,4,OrG,Orbital Gyrus,Frontal Lobe,0.0118,0.0155,1.0,1,85.0,3.07,2,4,0.7673
caudate nucleus head,1,BG,Basal Ganglia,Subcortical Nuclei,1.0,0.1154,1.0,3,1.0,22.91,19,1,0.1153
caudate tail,1,BG,Basal Ganglia,Subcortical Nuclei,1.0,0.2333,3.0,3,3.0,19.05,18,1,0.2335
caudate2,1,BG,Basal Ganglia,Subcortical Nuclei,1.0,0.1154,1.0,1,1.0,22.91,19,1,0.1153
caudateb,1,BG,Basal Ganglia,Subcortical Nuclei,1.0,0.1154,1.0,1,1.0,22.91,19,1,0.1153
caudateh,1,BG,Basal Ganglia,Subcortical Nuclei,1.0,0.1154,1.0,1,1.0,22.91,19,1,0.1153
caudatel,1,BG,Basal Ganglia,Subcortical Nuclei,1.0,0.1154,1.0,1,1.0,22.91,19,1,0.1153
caudaten,1,BG,Basal Ganglia,Subcortical Nuclei,1.0,0.1154,1.0,1,1.0,22.91,19,1,0.1153
caudater,1,BG,Basal Ganglia,Subcortical Nuclei,1.0,0.1154,1.0,2,1.0,22.91,19,1,0.1153
cbl,1,MVOcC,MedioVentral Occipital Cortex,Occipital Lobe,1.0,0.1154,1.0,1,1.0,22.91,19,1,0.1153
ccma,1,PCL,Paracentral Lobule,Frontal Lobe,1.0,0.1154,1.0,1,1.0,22.91,19,1,0.1153
ceneus,1,IPL,Inferior Parietal Lobule,Parietal Lobe,0.5,0.1071,1.0,1,2.0,22.13,19,2,0.1071
ceneus,2,LOcC,lateral Occipital Cortex,Occipital Lobe,0.5,0.1071,1.0,1,2.0,22.13,19,2,0.1071
central cortex,1,PrG,Precentral Gyrus,Frontal Lobe,1.0,0.1154,1.0,1,1.0,22.91,19,1,0.1153
central gyrus,1,INS,Insular Gyrus,Insular Lobe,1.0,0.1154,1.0,3,1.0,22.91,19,1,0.1153
central insula,1,PrG,Precentral Gyrus,Frontal Lobe,1.0,0.1154,1.0,1,1.0,22.91,19,1,0.1153
central occipital gyrus,1,IPL,Inferior Parietal Lobule,Parietal Lobe,1.0,0.1154,1.0,1,1.0,22.91,19,1,0.1153
central oper cortex,1,PoG,Postcentral Gyrus,Parietal Lobe,1.0,0.1154,1.0,1,1.0,22.91,19,1,0.1153
central opercular cortex,1,IPL,Inferior Parietal Lobule,Parietal Lobe,0.25,0.125,2.0,2,8.0,18.55,16,5,0.125
central opercular cortex,2,PoG,Postcentral Gyrus,Parietal Lobe,0.25,0.125,2.0,2,8.0,18.55,16,5,0.125
central opercular cortex,3,STG,Superior Temporal Gyrus,Temporal Lobe,0.25,0.125,2.0,2,8.0,18.55,16,5,0.125
central opercular cortex,4,INS,Insular Gyrus,Insular Lobe,0.125,0.075,1.0,1,8.0,18.55,16,5,0.125
central opercular cortex,5,PrG,Precentral Gyrus,Frontal Lobe,0.125,0.075,1.0,1,8.0,18.55,16,5,0.125
central opercularcortex,1,INS,Insular Gyrus,Insular Lobe,1.0,0.1154,1.0,1,1.0,22.91,19,1,0.1153
central operculum,1,INS,Insular Gyrus,Insular Lobe,0.375,0.175,3.0,3,8.0,16.55,16,3,0.175
central operculum,2,PrG,Precentral Gyrus,Frontal Lobe,0.375,0.175,3.0,3,8.0,16.55,16,3,0.175
central operculum,3,PoG,Postcentral Gyrus,Parietal Lobe,0.25,0.125,2.0,2,8.0,16.55,16,3,0.175
central sulcus,1,PrG,Precentral Gyrus,Frontal Lobe,0.4444,0.2143,4.0,4,9.0,16.21,16,4,0.2143
central sulcus,2,PoG,Postcentral Gyrus,Parietal Lobe,0.3333,0.1667,3.0,4,9.0,16.21,16,4,0.2143
central sulcus,3,STG,Superior Temporal Gyrus,Temporal Lobe,0.1111,0.0714,1.0,3,9.0,16.21,16,4,0.2143
central sulcus,4,IPL,Inferior Parietal Lobule,Parietal Lobe,0.1111,0.0714,1.0,1,9.0,16.21,16,4,0.2143
centrolateral prefrontal cortex,1,IFG,Inferior Frontal Gyrus,Frontal Lobe,1.0,0.1154,1.0,1,1.0,22.91,19,1,0.1153
centromedial amygdala,1,BG,Basal Ganglia,Subcortical Nuclei,1.0,0.1154,1.0,1,1.0,22.91,19,1,0.1153
cer,1,FuG,Fusiform Gyrus,Temporal Lobe,1.0,0.1154,1.0,1,1.0,22.91,19,1,0.1153
cerbellum,1,MVOcC,MedioVentral Occipital Cortex,Occipital Lobe,1.0,0.1154,1.0,1,1.0,22.91,19,1,0.1153
cereb,1,LOcC,lateral Occipital Cortex,Occipital Lobe,0.2,0.0882,1.0,2,5.0,20.94,18,5,0.0882
cereb,2,MVOcC,MedioVentral Occipital Cortex,Occipital Lobe,0.2,0.0882,1.0,2,5.0,20.94,18,5,0.0882
cereb,3,CG,Cingulate Gyrus,Limbic Lobe,0.2,0.0882,1.0,1,5.0,20.94,18,5,0.0882
cereb,4,FuG,Fusiform Gyrus,Temporal Lobe,0.2,0.0882,1.0,1,5.0,20.94,18,5,0.0882
cereb,5,PhG,Parahippocampal Gyrus,Temporal Lobe,0.2,0.0882,1.0,1,5.0,20.94,18,5,0.0882
cerebellar crus ii,1,Hipp,Hippocampus,Subcortical Nuclei,1.0,0.1154,1.0,1,1.0,22.91,19,1,0.1153
cerebellar culmen,1,FuG,Fusiform Gyrus,Temporal Lobe,1.0,0.1154,1.0,1,1.0,22.91,19,1,0.1153
cerebellar declive,1,FuG,Fusiform Gyrus,Temporal Lobe,0.75,0.2188,3.0,3,4.0,18.85,18,2,0.219
cerebellar declive,2,MVOcC,MedioVentral Occipital Cortex,Occipital Lobe,0.25,0.0938,1.0,2,4.0,18.85,18,2,0.219
cerebellar hemisphere,1,MVOcC,MedioVentral Occipital Cortex,Occipital Lobe,0.5,0.1071,1.0,1,2.0,22.13,19,2,0.1071
cerebellar hemisphere,2,Tha,Thalamus,Subcortical Nuclei,0.5,0.1071,1.0,1,2.0,22.13,19,2,0.1071
cerebellar lobule,1,LOcC,lateral Occipital Cortex,Occipital Lobe,1.0,0.1154,1.0,2,1.0,22.91,19,1,0.1153
cerebellar lobule viii,1,Tha,Thalamus,Subcortical Nuclei,1.0,0.1154,1.0,1,1.0,22.91,19,1,0.1153
cerebellar tonsil,1,SFG,Superior Frontal Gyrus,Frontal Lobe,0.25,0.0938,1.0,2,4.0,21.18,18,4,0.0939
cerebellar tonsil,2,CG,Cingulate Gyrus,Limbic Lobe,0.25,0.0938,1.0,1,4.0,21.18,18,4,0.0939
cerebellar tonsil,3,MVOcC,MedioVentral Occipital Cortex,Occipital Lobe,0.25,0.0938,1.0,1,4.0,21.18,18,4,0.0939
cerebellar tonsil,4,Pcun,Precuneus,Parietal Lobe,0.25,0.0938,1.0,1,4.0,21.18,18,4,0.0939
cerebellar vermis,1,FuG,Fusiform Gyrus,Temporal Lobe,0.5,0.1071,1.0,2,2.0,22.13,19,2,0.1071
cerebellar vermis,2,CG,Cingulate Gyrus,Limbic Lobe,0.5,0.1071,1.0,1,2.0,22.13,19,2,0.1071
cerebellum,1,MVOcC,MedioVentral Occipital Cortex,Occipital Lobe,0.3102,0.294,58.0,79,187.0,9.38,7,15,0.2941
cerebellum,2,FuG,Fusiform Gyrus,Temporal Lobe,0.2299,0.2186,43.0,57,187.0,9.38,7,15,0.2941
cerebellum,3,LOcC,lateral Occipital Cortex,Occipital Lobe,0.107,0.103,20.0,25,187.0,9.38,7,15,0.2941
cerebellum,4,MFG,Middle Frontal Gyrus,Frontal Lobe,0.0749,0.0729,14.0,16,187.0,9.38,7,15,0.2941
cerebellum,5,PhG,Parahippocampal Gyrus,Temporal Lobe,0.0695,0.0678,13.0,15,187.0,9.38,7,15,0.2941
cerebellum,6,BG,Basal Ganglia,Subcortical Nuclei,0.0428,0.0427,8.0,10,187.0,9.38,7,15,0.2941
cerebellum,7,CG,Cingulate Gyrus,Limbic Lobe,0.0374,0.0377,7.0,8,187.0,9.38,7,15,0.2941
cerebellum,8,Hipp,Hippocampus,Subcortical Nuclei,0.0374,0.0377,7.0,8,187.0,9.38,7,15,0.2941
cerebellum,9,Tha,Thalamus,Subcortical Nuclei,0.0214,0.0226,4.0,6,187.0,9.38,7,15,0.2941
cerebellum,10,ITG,Inferior Temporal Gyrus,Temporal Lobe,0.0214,0.0226,4.0,4,187.0,9.38,7,15,0.2941
cerebellum,11,OrG,Orbital Gyrus,Frontal Lobe,0.0214,0.0226,4.0,4,187.0,9.38,7,15,0.2941
cerebellum,12,IPL,Inferior Parietal Lobule,Parietal Lobe,0.0107,0.0126,2.0,2,187.0,9.38,7,15,0.2941
cerebellum,13,MTG,Middle Temporal Gyrus,Temporal Lobe,0.0053,0.0075,1.0,1,187.0,9.38,7,15,0.2941
cerebellum,14,SPL,Superior Parietal Lobule,Parietal Lobe,0.0053,0.0075,1.0,1,187.0,9.38,7,15,0.2941
cerebellum,15,pSTS,posterior Superior Temporal Sulcus,Temporal Lobe,0.0053,0.0075,1.0,1,187.0,9.38,7,15,0.2941
cerebellum 10,1,Hipp,Hippocampus,Subcortical Nuclei,1.0,0.1154,1.0,2,1.0,22.91,19,1,0.1153
cerebellum 3,1,Hipp,Hippocampus,Subcortical Nuclei,0.5,0.1071,1.0,1,2.0,22.13,19,2,0.1071
cerebellum 3,2,Tha,Thalamus,Subcortical Nuclei,0.5,0.1071,1.0,1,2.0,22.13,19,2,0.1071
cerebellum 4 5,1,MVOcC,MedioVentral Occipital Cortex,Occipital Lobe,0.4,0.1471,2.0,3,5.0,20.06,18,4,0.1471
cerebellum 4 5,2,CG,Cingulate Gyrus,Limbic Lobe,0.2,0.0882,1.0,1,5.0,20.06,18,4,0.1471
cerebellum 4 5,3,Hipp,Hippocampus,Subcortical Nuclei,0.2,0.0882,1.0,1,5.0,20.06,18,4,0.1471
cerebellum 4 5,4,PhG,Parahippocampal Gyrus,Temporal Lobe,0.2,0.0882,1.0,1,5.0,20.06,18,4,0.1471
cerebellum 6,1,MVOcC,MedioVentral Occipital Cortex,Occipital Lobe,0.6,0.2059,3.0,5,5.0,17.97,18,2,0.2059
cerebellum 6,2,FuG,Fusiform Gyrus,Temporal Lobe,0.4,0.1471,2.0,2,5.0,17.97,18,2,0.2059
cerebellum 7b,1,MVOcC,MedioVentral Occipital Cortex,Occipital Lobe,1.0,0.1154,1.0,1,1.0,22.91,19,1,0.1153
cerebellum 8,1,MVOcC,MedioVentral Occipital Cortex,Occipital Lobe,0.5,0.1944,3.0,5,6.0,18.0,17,3,0.1943
cerebellum 8,2,CG,Cingulate Gyrus,Limbic Lobe,0.3333,0.1389,2.0,2,6.0,18.0,17,3,0.1943
cerebellum 8,3,Hipp,Hippocampus,Subcortical Nuclei,0.1667,0.0833,1.0,1,6.0,18.0,17,3,0.1943
cerebellum 9,1,CG,Cingulate Gyrus,Limbic Lobe,0.5,0.1071,1.0,1,2.0,22.13,19,2,0.1071
cerebellum 9,2,Hipp,Hippocampus,Subcortical Nuclei,0.5,0.1071,1.0,1,2.0,22.13,19,2,0.1071
cerebellum anterior lobe,1,PhG,Parahippocampal Gyrus,Temporal Lobe,0.25,0.0938,1.0,2,4.0,21.18,18,4,0.0939
cerebellum anterior lobe,2,CG,Cingulate Gyrus,Limbic Lobe,0.25,0.0938,1.0,1,4.0,21.18,18,4,0.0939
cerebellum anterior lobe,3,FuG,Fusiform Gyrus,Temporal Lobe,0.25,0.0938,1.0,1,4.0,21.18,18,4,0.0939
cerebellum anterior lobe,4,MVOcC,MedioVentral Occipital Cortex,Occipital Lobe,0.25,0.0938,1.0,1,4.0,21.18,18,4,0.0939
cerebellum crus,1,IFG,Inferior Frontal Gyrus,Frontal Lobe,1.0,0.1154,1.0,1,1.0,22.91,19,1,0.1153
cerebellum crus 1,1,MVOcC,MedioVentral Occipital Cortex,Occipital Lobe,0.4,0.1471,2.0,2,5.0,20.06,18,4,0.1471
cerebellum crus 1,2,LOcC,lateral Occipital Cortex,Occipital Lobe,0.2,0.0882,1.0,2,5.0,20.06,18,4,0.1471
cerebellum crus 1,3,IPL,Inferior Parietal Lobule,Parietal Lobe,0.2,0.0882,1.0,1,5.0,20.06,18,4,0.1471
cerebellum crus 1,4,MTG,Middle Temporal Gyrus,Temporal Lobe,0.2,0.0882,1.0,1,5.0,20.06,18,4,0.1471
cerebellum crus 2,1,MVOcC,MedioVentral Occipital Cortex,Occipital Lobe,0.5,0.1562,2.0,3,4.0,20.24,18,3,0.1564
cerebellum crus 2,2,LOcC,lateral Occipital Cortex,Occipital Lobe,0.25,0.0938,1.0,2,4.0,20.24,18,3,0.1564
cerebellum crus 2,3,MTG,Middle Temporal Gyrus,Temporal Lobe,0.25,0.0938,1.0,1,4.0,20.24,18,3,0.1564
cerebellum crus i,1,LOcC,lateral Occipital Cortex,Occipital Lobe,0.4,0.1471,2.0,2,5.0,20.06,18,4,0.1471
cerebellum crus i,2,IPL,Inferior Parietal Lobule,Parietal Lobe,0.2,0.0882,1.0,1,5.0,20.06,18,4,0.1471
cerebellum crus i,3,MFG,Middle Frontal Gyrus,Frontal Lobe,0.2,0.0882,1.0,1,5.0,20.06,18,4,0.1471
cerebellum crus i,4,MVOcC,MedioVentral Occipital Cortex,Occipital Lobe,0.2,0.0882,1.0,1,5.0,20.06,18,4,0.1471
cerebellum crus ii,1,LOcC,lateral Occipital Cortex,Occipital Lobe,1.0,0.1154,1.0,1,1.0,22.91,19,1,0.1153
cerebellum crus1,1,LOcC,lateral Occipital Cortex,Occipital Lobe,0.5,0.1071,1.0,1,2.0,22.13,19,2,0.1071
cerebellum crus1,2,MVOcC,MedioVentral Occipital Cortex,Occipital Lobe,0.5,0.1071,1.0,1,2.0,22.13,19,2,0.1071
cerebellum crus2,1,LOcC,lateral Occipital Cortex,Occipital Lobe,0.5,0.1071,1.0,1,2.0,22.13,19,2,0.1071
cerebellum crus2,2,MVOcC,MedioVentral Occipital Cortex,Occipital Lobe,0.5,0.1071,1.0,1,2.0,22.13,19,2,0.1071
cerebellum crust i,1,FuG,Fusiform Gyrus,Temporal Lobe,1.0,0.1154,1.0,1,1.0,22.91,19,1,0.1153
cerebellum culmen,1,FuG,Fusiform Gyrus,Temporal Lobe,0.3333,0.1,1.0,1,3.0,21.57,18,3,0.1001
cerebellum culmen,2,Hipp,Hippocampus,Subcortical Nuclei,0.3333,0.1,1.0,1,3.0,21.57,18,3,0.1001
cerebellum culmen,3,MVOcC,MedioVentral Occipital Cortex,Occipital Lobe,0.3333,0.1,1.0,1,3.0,21.57,18,3,0.1001
cerebellum culmen lobule vi,1,FuG,Fusiform Gyrus,Temporal Lobe,1.0,0.1154,1.0,1,1.0,22.91,19,1,0.1153
cerebellum declive,1,FuG,Fusiform Gyrus,Temporal Lobe,0.3333,0.1,1.0,1,3.0,21.57,18,3,0.1001
cerebellum declive,2,LOcC,lateral Occipital Cortex,Occipital Lobe,0.3333,0.1,1.0,1,3.0,21.57,18,3,0.1001
cerebellum declive,3,MVOcC,MedioVentral Occipital Cortex,Occipital Lobe,0.3333,0.1,1.0,1,3.0,21.57,18,3,0.1001
cerebellum declive lobule vi,1,FuG,Fusiform Gyrus,Temporal Lobe,1.0,0.1154,1.0,1,1.0,22.91,19,1,0.1153
cerebellum inferior semi lunar,1,MVOcC,MedioVentral Occipital Cortex,Occipital Lobe,1.0,0.1154,1.0,2,1.0,22.91,19,1,0.1153
cerebellum ix,1,CG,Cingulate Gyrus,Limbic Lobe,1.0,0.1154,1.0,1,1.0,22.91,19,1,0.1153
cerebellum lobule v,1,SFG,Superior Frontal Gyrus,Frontal Lobe,1.0,0.1154,1.0,1,1.0,22.91,19,1,0.1153
cerebellum lobule vi,1,FuG,Fusiform Gyrus,Temporal Lobe,0.6667,0.1667,2.0,2,3.0,20.55,18,2,0.1668
cerebellum lobule vi,2,MVOcC,MedioVentral Occipital Cortex,Occipital Lobe,0.3333,0.1,1.0,1,3.0,20.55,18,2,0.1668
cerebellum lobule viia,1,LOcC,lateral Occipital Cortex,Occipital Lobe,1.0,0.1154,1.0,1,1.0,22.91,19,1,0.1153
cerebellum lobule viib,1,ITG,Inferior Temporal Gyrus,Temporal Lobe,0.5,0.1071,1.0,1,2.0,22.13,19,2,0.1071
cerebellum lobule viib,2,SFG,Superior Frontal Gyrus,Frontal Lobe,0.5,0.1071,1.0,1,2.0,22.13,19,2,0.1071
cerebellum lobule viibs,1,MVOcC,MedioVentral Occipital Cortex,Occipital Lobe,1.0,0.1154,1.0,1,1.0,22.91,19,1,0.1153
cerebellum posterior lobe,1,FuG,Fusiform Gyrus,Temporal Lobe,0.25,0.0938,1.0,1,4.0,21.18,18,4,0.0939
cerebellum posterior lobe,2,Hipp,Hippocampus,Subcortical Nuclei,0.25,0.0938,1.0,1,4.0,21.18,18,4,0.0939
cerebellum posterior lobe,3,MTG,Middle Temporal Gyrus,Temporal Lobe,0.25,0.0938,1.0,1,4.0,21.18,18,4,0.0939
cerebellum posterior lobe,4,MVOcC,MedioVentral Occipital Cortex,Occipital Lobe,0.25,0.0938,1.0,1,4.0,21.18,18,4,0.0939
cerebellum pyramis,1,MVOcC,MedioVentral Occipital Cortex,Occipital Lobe,1.0,0.1154,1.0,5,1.0,22.91,19,1,0.1153
cerebellum vi,1,MFG,Middle Frontal Gyrus,Frontal Lobe,1.0,0.1154,1.0,1,1.0,22.91,19,1,0.1153
cerebellum viib,1,MFG,Middle Frontal Gyrus,Frontal Lobe,1.0,0.1154,1.0,1,1.0,22.91,19,1,0.1153
cerebellum viiia,1,MVOcC,MedioVentral Occipital Cortex,Occipital Lobe,1.0,0.1154,1.0,1,1.0,22.91,19,1,0.1153
cerebellum viiib,1,MVOcC,MedioVentral Occipital Cortex,Occipital Lobe,1.0,0.1154,1.0,1,1.0,22.91,19,1,0.1153
cerebelum,1,MVOcC,MedioVentral Occipital Cortex,Occipital Lobe,1.0,0.1154,1.0,1,1.0,22.91,19,1,0.1153
cerebelum 4 5,1,MVOcC,MedioVentral Occipital Cortex,Occipital Lobe,1.0,0.1154,1.0,2,1.0,22.91,19,1,0.1153
cerebelum superior,1,MVOcC,MedioVentral Occipital Cortex,Occipital Lobe,1.0,0.1154,1.0,2,1.0,22.91,19,1,0.1153
cerebral peduncle,1,Hipp,Hippocampus,Subcortical Nuclei,1.0,0.1154,1.0,1,1.0,22.91,19,1,0.1153
cerebrum sub lobar,1,BG,Basal Ganglia,Subcortical Nuclei,1.0,0.1154,1.0,1,1.0,22.91,19,1,0.1153
cg ba 24,1,CG,Cingulate Gyrus,Limbic Lobe,1.0,0.1154,1.0,1,1.0,22.91,19,1,0.1153
cing,1,CG,Cingulate Gyrus,Limbic Lobe,0.5,0.1071,1.0,1,2.0,22.13,19,2,0.1071
cing,2,PCL,Paracentral Lobule,Frontal Lobe,0.5,0.1071,1.0,1,2.0,22.13,19,2,0.1071
cing gy,1,CG,Cingulate Gyrus,Limbic Lobe,1.0,0.1154,1.0,2,1.0,22.91,19,1,0.1153
cing gyi,1,CG,Cingulate Gyrus,Limbic Lobe,1.0,0.1154,1.0,1,1.0,22.91,19,1,0.1153
cing gyu,1,CG,Cingulate Gyrus,Limbic Lobe,1.0,0.1154,1.0,1,1.0,22.91,19,1,0.1153
cingular,1,BG,Basal Ganglia,Subcortical Nuclei,1.0,0.1154,1.0,1,1.0,22.91,19,1,0.1153
cingulate,1,CG,Cingulate Gyrus,Limbic Lobe,0.6957,0.4714,16.0,23,23.0,9.3,11,6,0.4713
cingulate,2,SFG,Superior Frontal Gyrus,Frontal Lobe,0.087,0.0714,2.0,2,23.0,9.3,11,6,0.4713
cingulate,3,Tha,Thalamus,Subcortical Nuclei,0.087,0.0714,2.0,2,23.0,9.3,11,6,0.4713
cingulate,4,Hipp,Hippocampus,Subcortical Nuclei,0.0435,0.0429,1.0,1,23.0,9.3,11,6,0.4713
cingulate,5,PCL,Paracentral Lobule,Frontal Lobe,0.0435,0.0429,1.0,1,23.0,9.3,11,6,0.4713
cingulate,6,Pcun,Precuneus,Parietal Lobe,0.0435,0.0429,1.0,1,23.0,9.3,11,6,0.4713
cingulate 24,1,SFG,Superior Frontal Gyrus,Frontal Lobe,1.0,0.1154,1.0,1,1.0,22.91,19,1,0.1153
cingulate anterior dorsal,1,SFG,Superior Frontal Gyrus,Frontal Lobe,1.0,0.1154,1.0,1,1.0,22.91,19,1,0.1153
cingulate area,1,SFG,Superior Frontal Gyrus,Frontal Lobe,1.0,0.1154,1.0,1,1.0,22.91,19,1,0.1153
cingulate ba 23,1,CG,Cingulate Gyrus,Limbic Lobe,1.0,0.1154,1.0,1,1.0,22.91,19,1,0.1153
cingulate ba 31,1,CG,Cingulate Gyrus,Limbic Lobe,1.0,0.1154,1.0,1,1.0,22.91,19,1,0.1153
cingulate ba 32,1,BG,Basal Ganglia,Subcortical Nuclei,1.0,0.1154,1.0,1,1.0,22.91,19,1,0.1153
cingulate cortex 32,1,CG,Cingulate Gyrus,Limbic Lobe,0.5,0.1071,1.0,1,2.0,22.13,19,2,0.1071
cingulate cortex 32,2,SFG,Superior Frontal Gyrus,Frontal Lobe,0.5,0.1071,1.0,1,2.0,22.13,19,2,0.1071
cingulate g,1,SFG,Superior Frontal Gyrus,Frontal Lobe,0.5,0.1944,3.0,5,6.0,18.0,17,3,0.1943
cingulate g,2,CG,Cingulate Gyrus,Limbic Lobe,0.3333,0.1389,2.0,7,6.0,18.0,17,3,0.1943
cingulate g,3,Tha,Thalamus,Subcortical Nuclei,0.1667,0.0833,1.0,1,6.0,18.0,17,3,0.1943
cingulate g ba 24,1,CG,Cingulate Gyrus,Limbic Lobe,1.0,0.1154,1.0,2,1.0,22.91,19,1,0.1153
cingulate g ba 31,1,CG,Cingulate Gyrus,Limbic Lobe,1.0,0.1154,1.0,1,1.0,22.91,19,1,0.1153
cingulate grus,1,CG,Cingulate Gyrus,Limbic Lobe,1.0,0.1154,1.0,1,1.0,22.91,19,1,0.1153
cingulate gyrus,1,CG,Cingulate Gyrus,Limbic Lobe,0.5596,0.5293,108.0,160,193.0,4.66,3,10,0.5296
cingulate gyrus,2,SFG,Superior Frontal Gyrus,Frontal Lobe,0.2487,0.2366,48.0,75,193.0,4.66,3,10,0.5296
cingulate gyrus,3,Pcun,Precuneus,Parietal Lobe,0.0881,0.0854,17.0,17,193.0,4.66,3,10,0.5296
cingulate gyrus,4,Tha,Thalamus,Subcortical Nuclei,0.0311,0.0317,6.0,7,193.0,4.66,3,10,0.5296
cingulate gyrus,5,PCL,Paracentral Lobule,Frontal Lobe,0.0259,0.0268,5.0,7,193.0,4.66,3,10,0.5296
cingulate gyrus,6,BG,Basal Ganglia,Subcortical Nuclei,0.0259,0.0268,5.0,5,193.0,4.66,3,10,0.5296
cingulate gyrus,7,LOcC,lateral Occipital Cortex,Occipital Lobe,0.0052,0.0073,1.0,1,193.0,4.66,3,10,0.5296
cingulate gyrus,8,MVOcC,MedioVentral Occipital Cortex,Occipital Lobe,0.0052,0.0073,1.0,1,193.0,4.66,3,10,0.5296
cingulate gyrus,9,OrG,Orbital Gyrus,Frontal Lobe,0.0052,0.0073,1.0,1,193.0,4.66,3,10,0.5296
cingulate gyrus,10,PrG,Precentral Gyrus,Frontal Lobe,0.0052,0.0073,1.0,1,193.0,4.66,3,10,0.5296
cingulate gyrus 1997,1,CG,Cingulate Gyrus,Limbic Lobe,1.0,0.1154,1.0,1,1.0,22.91,19,1,0.1153
cingulate gyrus 23,1,CG,Cingulate Gyrus,Limbic Lobe,1.0,0.1154,1.0,1,1.0,22.91,19,1,0.1153
cingulate gyrus 24,1,Tha,Thalamus,Subcortical Nuclei,1.0,0.1154,1.0,1,1.0,22.91,19,1,0.1153
cingulate gyrus 24 31,1,CG,Cingulate Gyrus,Limbic Lobe,1.0,0.1154,1.0,1,1.0,22.91,19,1,0.1153
cingulate gyrus 31,1,CG,Cingulate Gyrus,Limbic Lobe,0.6667,0.1667,2.0,3,3.0,20.55,18,2,0.1668
cingulate gyrus 31,2,Pcun,Precuneus,Parietal Lobe,0.3333,0.1,1.0,1,3.0,20.55,18,2,0.1668
cingulate gyrus 32,1,SFG,Superior Frontal Gyrus,Frontal Lobe,0.6667,0.1667,2.0,2,3.0,20.55,18,2,0.1668
cingulate gyrus 32,2,CG,Cingulate Gyrus,Limbic Lobe,0.3333,0.1,1.0,2,3.0,20.55,18,2,0.1668
cingulate gyrus and sulcus,1,CG,Cingulate Gyrus,Limbic Lobe,0.5,0.1071,1.0,1,2.0,22.13,19,2,0.1071
cingulate gyrus and sulcus,2,PCL,Paracentral Lobule,Frontal Lobe,0.5,0.1071,1.0,1,2.0,22.13,19,2,0.1071
cingulate gyrus ba 23,1,CG,Cingulate Gyrus,Limbic Lobe,0.75,0.2188,3.0,3,4.0,18.85,18,2,0.219
cingulate gyrus ba 23,2,Pcun,Precuneus,Parietal Lobe,0.25,0.0938,1.0,1,4.0,18.85,18,2,0.219
cingulate gyrus ba 24,1,CG,Cingulate Gyrus,Limbic Lobe,1.0,0.2333,3.0,3,3.0,19.05,18,1,0.2335
cingulate gyrus ba 24 include acc ba 32,1,CG,Cingulate Gyrus,Limbic Lobe,1.0,0.1154,1.0,1,1.0,22.91,19,1,0.1153
cingulate gyrus ba 31,1,BG,Basal Ganglia,Subcortical Nuclei,0.25,0.0938,1.0,1,4.0,21.18,18,4,0.0939
cingulate gyrus ba 31,2,CG,Cingulate Gyrus,Limbic Lobe,0.25,0.0938,1.0,1,4.0,21.18,18,4,0.0939
cingulate gyrus ba 31,3,MVOcC,MedioVentral Occipital Cortex,Occipital Lobe,0.25,0.0938,1.0,1,4.0,21.18,18,4,0.0939
cingulate gyrus ba 31,4,Tha,Thalamus,Subcortical Nuclei,0.25,0.0938,1.0,1,4.0,21.18,18,4,0.0939
cingulate gyrus ba 32,1,SFG,Superior Frontal Gyrus,Frontal Lobe,0.4286,0.1842,3.0,3,7.0,18.06,17,4,0.1843
cingulate gyrus ba 32,2,Tha,Thalamus,Subcortical Nuclei,0.2857,0.1316,2.0,2,7.0,18.06,17,4,0.1843
cingulate gyrus ba 32,3,CG,Cingulate Gyrus,Limbic Lobe,0.1429,0.0789,1.0,1,7.0,18.06,17,4,0.1843
cingulate gyrus ba 32,4,Hipp,Hippocampus,Subcortical Nuclei,0.1429,0.0789,1.0,1,7.0,18.06,17,4,0.1843
cingulate motor,1,PCL,Paracentral Lobule,Frontal Lobe,1.0,0.1154,1.0,1,1.0,22.91,19,1,0.1153
cingulate motor area,1,SFG,Superior Frontal Gyrus,Frontal Lobe,0.5,0.1562,2.0,2,4.0,20.24,18,3,0.1564
cingulate motor area,2,CG,Cingulate Gyrus,Limbic Lobe,0.25,0.0938,1.0,1,4.0,20.24,18,3,0.1564
cingulate motor area,3,PCL,Paracentral Lobule,Frontal Lobe,0.25,0.0938,1.0,1,4.0,20.24,18,3,0.1564
cingulate sulc,1,SFG,Superior Frontal Gyrus,Frontal Lobe,1.0,0.1154,1.0,1,1.0,22.91,19,1,0.1153
cingulate sulcus,1,CG,Cingulate Gyrus,Limbic Lobe,0.5,0.1562,2.0,2,4.0,19.34,18,2,0.1564
cingulate sulcus,2,SFG,Superior Frontal Gyrus,Frontal Lobe,0.5,0.1562,2.0,2,4.0,19.34,18,2,0.1564
cingulated gyrus,1,Pcun,Precuneus,Parietal Lobe,0.5,0.1071,1.0,1,2.0,22.13,19,2,0.1071
cingulated gyrus,2,SFG,Superior Frontal Gyrus,Frontal Lobe,0.5,0.1071,1.0,1,2.0,22.13,19,2,0.1071
cingulum,1,CG,Cingulate Gyrus,Limbic Lobe,0.5,0.225,4.0,5,8.0,17.55,16,5,0.225
cingulum,2,BG,Basal Ganglia,Subcortical Nuclei,0.125,0.075,1.0,1,8.0,17.55,16,5,0.225
cingulum,3,Hipp,Hippocampus,Subcortical Nuclei,0.125,0.075,1.0,1,8.0,17.55,16,5,0.225
cingulum,4,PhG,Parahippocampal Gyrus,Temporal Lobe,0.125,0.075,1.0,1,8.0,17.55,16,5,0.225
cingulum,5,Tha,Thalamus,Subcortical Nuclei,0.125,0.075,1.0,1,8.0,17.55,16,5,0.225
cingulum ant,1,CG,Cingulate Gyrus,Limbic Lobe,0.6667,0.3095,6.0,12,9.0,13.72,16,2,0.3096
cingulum ant,2,SFG,Superior Frontal Gyrus,Frontal Lobe,0.3333,0.1667,3.0,3,9.0,13.72,16,2,0.3096
cingulum ant and,1,SFG,Superior Frontal Gyrus,Frontal Lobe,0.5,0.1071,1.0,2,2.0,22.13,19,2,0.1071
cingulum ant and,2,CG,Cingulate Gyrus,Limbic Lobe,0.5,0.1071,1.0,1,2.0,22.13,19,2,0.1071
cingulum ba 31,1,CG,Cingulate Gyrus,Limbic Lobe,1.0,0.1154,1.0,2,1.0,22.91,19,1,0.1153
cingulum mid,1,CG,Cingulate Gyrus,Limbic Lobe,0.6154,0.34,8.0,13,13.0,12.74,14,4,0.34
cingulum mid,2,SFG,Superior Frontal Gyrus,Frontal Lobe,0.2308,0.14,3.0,4,13.0,12.74,14,4,0.34
cingulum mid,3,BG,Basal Ganglia,Subcortical Nuclei,0.0769,0.06,1.0,1,13.0,12.74,14,4,0.34
cingulum mid,4,Pcun,Precuneus,Parietal Lobe,0.0769,0.06,1.0,1,13.0,12.74,14,4,0.34
cingulum mid 24,1,SFG,Superior Frontal Gyrus,Frontal Lobe,1.0,0.1154,1.0,2,1.0,22.91,19,1,0.1153
cingulum middle,1,CG,Cingulate Gyrus,Limbic Lobe,0.5,0.1071,1.0,1,2.0,22.13,19,2,0.1071
cingulum middle,2,SFG,Superior Frontal Gyrus,Frontal Lobe,0.5,0.1071,1.0,1,2.0,22.13,19,2,0.1071
cingulum post,1,CG,Cingulate Gyrus,Limbic Lobe,1.0,0.2333,3.0,5,3.0,19.05,18,1,0.2335
claustrum,1,INS,Insular Gyrus,Insular Lobe,0.6923,0.5392,27.0,31,39.0,6.35,5,5,0.5393
claustrum,2,BG,Basal Ganglia,Subcortical Nuclei,0.2051,0.1667,8.0,10,39.0,6.35,5,5,0.5393
claustrum,3,OrG,Orbital Gyrus,Frontal Lobe,0.0513,0.049,2.0,2,39.0,6.35,5,5,0.5393
claustrum,4,Hipp,Hippocampus,Subcortical Nuclei,0.0256,0.0294,1.0,1,39.0,6.35,5,5,0.5393
claustrum,5,MFG,Middle Frontal Gyrus,Frontal Lobe,0.0256,0.0294,1.0,1,39.0,6.35,5,5,0.5393
cluster 2,1,BG,Basal Ganglia,Subcortical Nuclei,1.0,0.1154,1.0,1,1.0,22.91,19,1,0.1153
cluster 3,1,BG,Basal Ganglia,Subcortical Nuclei,1.0,0.1154,1.0,1,1.0,22.91,19,1,0.1153
cluster 4,1,Tha,Thalamus,Subcortical Nuclei,1.0,0.1154,1.0,1,1.0,22.91,19,1,0.1153
cluster spanning,1,INS,Insular Gyrus,Insular Lobe,0.5,0.1071,1.0,1,2.0,22.13,19,2,0.1071
cluster spanning,2,STG,Superior Temporal Gyrus,Temporal Lobe,0.5,0.1071,1.0,1,2.0,22.13,19,2,0.1071
cma,1,SFG,Superior Frontal Gyrus,Frontal Lobe,0.6667,0.1667,2.0,2,3.0,20.55,18,2,0.1668
cma,2,CG,Cingulate Gyrus,Limbic Lobe,0.3333,0.1,1.0,1,3.0,20.55,18,2,0.1668
cmiddle frontal gyrus,1,MFG,Middle Frontal Gyrus,Frontal Lobe,1.0,0.1154,1.0,2,1.0,22.91,19,1,0.1153
cn v main sensory n,1,Tha,Thalamus,Subcortical Nuclei,1.0,0.1154,1.0,1,1.0,22.91,19,1,0.1153
collateral sulcus,1,FuG,Fusiform Gyrus,Temporal Lobe,0.5,0.1071,1.0,1,2.0,22.13,19,2,0.1071
collateral sulcus,2,MVOcC,MedioVentral Occipital Cortex,Occipital Lobe,0.5,0.1071,1.0,1,2.0,22.13,19,2,0.1071
common area,1,MTG,Middle Temporal Gyrus,Temporal Lobe,1.0,0.1154,1.0,1,1.0,22.91,19,1,0.1153
contralesional,1,Tha,Thalamus,Subcortical Nuclei,0.3333,0.1,1.0,4,3.0,21.57,18,3,0.1001
contralesional,2,MVOcC,MedioVentral Occipital Cortex,Occipital Lobe,0.3333,0.1,1.0,3,3.0,21.57,18,3,0.1001
contralesional,3,STG,Superior Temporal Gyrus,Temporal Lobe,0.3333,0.1,1.0,1,3.0,21.57,18,3,0.1001
contralesional psmc,1,PrG,Precentral Gyrus,Frontal Lobe,1.0,0.1154,1.0,1,1.0,22.91,19,1,0.1153
convolution,1,IPL,Inferior Parietal Lobule,Parietal Lobe,1.0,0.1154,1.0,1,1.0,22.91,19,1,0.1153
corpus callosum,1,Tha,Thalamus,Subcortical Nuclei,1.0,0.1154,1.0,1,1.0,22.91,19,1,0.1153
cortex,1,CG,Cingulate Gyrus,Limbic Lobe,0.4,0.1471,2.0,2,5.0,20.06,18,4,0.1471
cortex,2,FuG,Fusiform Gyrus,Temporal Lobe,0.2,0.0882,1.0,1,5.0,20.06,18,4,0.1471
cortex,3,LOcC,lateral Occipital Cortex,Occipital Lobe,0.2,0.0882,1.0,1,5.0,20.06,18,4,0.1471
cortex,4,SFG,Superior Frontal Gyrus,Frontal Lobe,0.2,0.0882,1.0,1,5.0,20.06,18,4,0.1471
cortico spinal tract,1,PrG,Precentral Gyrus,Frontal Lobe,1.0,0.1154,1.0,1,1.0,22.91,19,1,0.1153
corticospinal tract,1,BG,Basal Ganglia,Subcortical Nuclei,1.0,0.1786,2.0,2,2.0,21.0,19,1,0.1787
crus 4 5,1,Hipp,Hippocampus,Subcortical Nuclei,1.0,0.1154,1.0,1,1.0,22.91,19,1,0.1153
crus i,1,BG,Basal Ganglia,Subcortical Nuclei,0.25,0.0938,1.0,2,4.0,21.18,18,4,0.0939
crus i,2,LOcC,lateral Occipital Cortex,Occipital Lobe,0.25,0.0938,1.0,2,4.0,21.18,18,4,0.0939
crus i,3,MFG,Middle Frontal Gyrus,Frontal Lobe,0.25,0.0938,1.0,1,4.0,21.18,18,4,0.0939
crus i,4,PhG,Parahippocampal Gyrus,Temporal Lobe,0.25,0.0938,1.0,1,4.0,21.18,18,4,0.0939
crus ii,1,PhG,Parahippocampal Gyrus,Temporal Lobe,1.0,0.1154,1.0,1,1.0,22.91,19,1,0.1153
cruz ii,1,IPL,Inferior Parietal Lobule,Parietal Lobe,0.5,0.1071,1.0,1,2.0,22.13,19,2,0.1071
cruz ii,2,LOcC,lateral Occipital Cortex,Occipital Lobe,0.5,0.1071,1.0,1,2.0,22.13,19,2,0.1071
csd,1,PrG,Precentral Gyrus,Frontal Lobe,1.0,0.1154,1.0,1,1.0,22.91,19,1,0.1153
csma,1,SFG,Superior Frontal Gyrus,Frontal Lobe,1.0,0.1154,1.0,1,1.0,22.91,19,1,0.1153
cst,1,Tha,Thalamus,Subcortical Nuclei,1.0,0.1786,2.0,3,2.0,21.0,19,1,0.1787
cu ba 19,1,LOcC,lateral Occipital Cortex,Occipital Lobe,0.5,0.1071,1.0,2,2.0,22.13,19,2,0.1071
cu ba 19,2,Pcun,Precuneus,Parietal Lobe,0.5,0.1071,1.0,1,2.0,22.13,19,2,0.1071
cu ba 31,1,MVOcC,MedioVentral Occipital Cortex,Occipital Lobe,1.0,0.1154,1.0,1,1.0,22.91,19,1,0.1153
cul,1,PhG,Parahippocampal Gyrus,Temporal Lobe,1.0,0.1154,1.0,1,1.0,22.91,19,1,0.1153
culmen,1,MVOcC,MedioVentral Occipital Cortex,Occipital Lobe,0.2727,0.1912,6.0,7,22.0,13.58,11,8,0.1912
culmen,2,FuG,Fusiform Gyrus,Temporal Lobe,0.2727,0.1912,6.0,6,22.0,13.58,11,8,0.1912
culmen,3,PhG,Parahippocampal Gyrus,Temporal Lobe,0.2273,0.1618,5.0,6,22.0,13.58,11,8,0.1912
culmen,4,OrG,Orbital Gyrus,Frontal Lobe,0.0455,0.0441,1.0,2,22.0,13.58,11,8,0.1912
culmen,5,Hipp,Hippocampus,Subcortical Nuclei,0.0455,0.0441,1.0,1,22.0,13.58,11,8,0.1912
culmen,6,ITG,Inferior Temporal Gyrus,Temporal Lobe,0.0455,0.0441,1.0,1,22.0,13.58,11,8,0.1912
culmen,7,SFG,Superior Frontal Gyrus,Frontal Lobe,0.0455,0.0441,1.0,1,22.0,13.58,11,8,0.1912
culmen,8,Tha,Thalamus,Subcortical Nuclei,0.0455,0.0441,1.0,1,22.0,13.58,11,8,0.1912
culmen of the cerebellum,1,CG,Cingulate Gyrus,Limbic Lobe,1.0,0.1154,1.0,1,1.0,22.91,19,1,0.1153
culmen of vermis,1,MVOcC,MedioVentral Occipital Cortex,Occipital Lobe,1.0,0.1786,2.0,2,2.0,21.0,19,1,0.1787
cun,1,MVOcC,MedioVentral Occipital Cortex,Occipital Lobe,0.6,0.2059,3.0,5,5.0,17.97,18,2,0.2059
cun,2,LOcC,lateral Occipital Cortex,Occipital Lobe,0.4,0.1471,2.0,3,5.0,17.97,18,2,0.2059
cun ba 17,1,MVOcC,MedioVentral Occipital Cortex,Occipital Lobe,1.0,0.1154,1.0,1,1.0,22.91,19,1,0.1153
cuneal cortex,1,MVOcC,MedioVentral Occipital Cortex,Occipital Lobe,0.5,0.1944,3.0,3,6.0,18.0,17,3,0.1943
cuneal cortex,2,LOcC,lateral Occipital Cortex,Occipital Lobe,0.3333,0.1389,2.0,2,6.0,18.0,17,3,0.1943
cuneal cortex,3,Pcun,Precuneus,Parietal Lobe,0.1667,0.0833,1.0,1,6.0,18.0,17,3,0.1943
cuneal cx,1,MVOcC,MedioVentral Occipital Cortex,Occipital Lobe,1.0,0.1154,1.0,1,1.0,22.91,19,1,0.1153
cuneate lobe,1,MVOcC,MedioVentral Occipital Cortex,Occipital Lobe,1.0,0.1154,1.0,2,1.0,22.91,19,1,0.1153
cunes,1,Pcun,Precuneus,Parietal Lobe,1.0,0.1154,1.0,1,1.0,22.91,19,1,0.1153
cuneus,1,MVOcC,MedioVentral Occipital Cortex,Occipital Lobe,0.5449,0.5269,176.0,286,323.0,3.54,2,8,0.5267
cuneus,2,LOcC,lateral Occipital Cortex,Occipital Lobe,0.3158,0.306,102.0,141,323.0,3.54,2,8,0.5267
cuneus,3,Pcun,Precuneus,Parietal Lobe,0.1115,0.109,36.0,44,323.0,3.54,2,8,0.5267
cuneus,4,BG,Basal Ganglia,Subcortical Nuclei,0.0124,0.0134,4.0,7,323.0,3.54,2,8,0.5267
cuneus,5,IPL,Inferior Parietal Lobule,Parietal Lobe,0.0062,0.0075,2.0,2,323.0,3.54,2,8,0.5267
cuneus,6,SFG,Superior Frontal Gyrus,Frontal Lobe,0.0031,0.0045,1.0,2,323.0,3.54,2,8,0.5267
cuneus,7,CG,Cingulate Gyrus,Limbic Lobe,0.0031,0.0045,1.0,1,323.0,3.54,2,8,0.5267
cuneus,8,SPL,Superior Parietal Lobule,Parietal Lobe,0.0031,0.0045,1.0,1,323.0,3.54,2,8,0.5267
cuneus 17,1,LOcC,lateral Occipital Cortex,Occipital Lobe,0.6667,0.1667,2.0,5,3.0,20.55,18,2,0.1668
cuneus 17,2,MVOcC,MedioVentral Occipital Cortex,Occipital Lobe,0.3333,0.1,1.0,1,3.0,20.55,18,2,0.1668
cuneus 18,1,MVOcC,MedioVentral Occipital Cortex,Occipital Lobe,0.5,0.1944,3.0,4,6.0,18.0,17,3,0.1943
cuneus 18,2,LOcC,lateral Occipital Cortex,Occipital Lobe,0.3333,0.1389,2.0,7,6.0,18.0,17,3,0.1943
cuneus 18,3,Pcun,Precuneus,Parietal Lobe,0.1667,0.0833,1.0,2,6.0,18.0,17,3,0.1943
cuneus 19,1,LOcC,lateral Occipital Cortex,Occipital Lobe,0.4545,0.2391,5.0,5,11.0,14.15,15,3,0.2393
cuneus 19,2,IPL,Inferior Parietal Lobule,Parietal Lobe,0.3636,0.1957,4.0,4,11.0,14.15,15,3,0.2393
cuneus 19,3,Pcun,Precuneus,Parietal Lobe,0.1818,0.1087,2.0,2,11.0,14.15,15,3,0.2393
cuneus 7,1,MVOcC,MedioVentral Occipital Cortex,Occipital Lobe,1.0,0.1154,1.0,1,1.0,22.91,19,1,0.1153
cuneus and lingual,1,MVOcC,MedioVentral Occipital Cortex,Occipital Lobe,1.0,0.1154,1.0,1,1.0,22.91,19,1,0.1153
cuneus and middle occipital,1,MVOcC,MedioVentral Occipital Cortex,Occipital Lobe,1.0,0.1154,1.0,1,1.0,22.91,19,1,0.1153
cuneus ba 17,1,MVOcC,MedioVentral Occipital Cortex,Occipital Lobe,0.6,0.2059,3.0,4,5.0,18.76,18,3,0.206
cuneus ba 17,2,BG,Basal Ganglia,Subcortical Nuclei,0.2,0.0882,1.0,1,5.0,18.76,18,3,0.206
cuneus ba 17,3,LOcC,lateral Occipital Cortex,Occipital Lobe,0.2,0.0882,1.0,1,5.0,18.76,18,3,0.206
cuneus ba 17 18,1,MVOcC,MedioVentral Occipital Cortex,Occipital Lobe,1.0,0.1786,2.0,3,2.0,21.0,19,1,0.1787
cuneus ba 17 18 19,1,MVOcC,MedioVentral Occipital Cortex,Occipital Lobe,1.0,0.1154,1.0,1,1.0,22.91,19,1,0.1153
cuneus ba 18,1,MVOcC,MedioVentral Occipital Cortex,Occipital Lobe,0.5714,0.2368,4.0,6,7.0,17.41,17,4,0.2369
cuneus ba 18,2,Tha,Thalamus,Subcortical Nuclei,0.1429,0.0789,1.0,4,7.0,17.41,17,4,0.2369
cuneus ba 18,3,BG,Basal Ganglia,Subcortical Nuclei,0.1429,0.0789,1.0,1,7.0,17.41,17,4,0.2369
cuneus ba 18,4,Pcun,Precuneus,Parietal Lobe,0.1429,0.0789,1.0,1,7.0,17.41,17,4,0.2369
cuneus ba 19,1,LOcC,lateral Occipital Cortex,Occipital Lobe,0.75,0.2188,3.0,4,4.0,18.85,18,2,0.219
cuneus ba 19,2,MVOcC,MedioVentral Occipital Cortex,Occipital Lobe,0.25,0.0938,1.0,1,4.0,18.85,18,2,0.219
cuneus ba 7,1,Pcun,Precuneus,Parietal Lobe,0.75,0.2188,3.0,4,4.0,18.85,18,2,0.219
cuneus ba 7,2,BG,Basal Ganglia,Subcortical Nuclei,0.25,0.0938,1.0,1,4.0,18.85,18,2,0.219
cuneusa,1,MVOcC,MedioVentral Occipital Cortex,Occipital Lobe,0.5,0.1071,1.0,2,2.0,22.13,19,2,0.1071
cuneusa,2,LOcC,lateral Occipital Cortex,Occipital Lobe,0.5,0.1071,1.0,1,2.0,22.13,19,2,0.1071
cuneusb,1,LOcC,lateral Occipital Cortex,Occipital Lobe,0.5,0.1071,1.0,1,2.0,22.13,19,2,0.1071
cuneusb,2,MVOcC,MedioVentral Occipital Cortex,Occipital Lobe,0.5,0.1071,1.0,1,2.0,22.13,19,2,0.1071
cuneusc,1,LOcC,lateral Occipital Cortex,Occipital Lobe,1.0,0.1154,1.0,1,1.0,22.91,19,1,0.1153
d fusiform gyrus,1,MVOcC,MedioVentral Occipital Cortex,Occipital Lobe,1.0,0.1154,1.0,1,1.0,22.91,19,1,0.1153
d gprc,1,PrG,Precentral Gyrus,Frontal Lobe,1.0,0.1154,1.0,1,1.0,22.91,19,1,0.1153
dacc,1,CG,Cingulate Gyrus,Limbic Lobe,0.5238,0.3485,11.0,21,21.0,9.04,11,3,0.3481
dacc,2,SFG,Superior Frontal Gyrus,Frontal Lobe,0.4286,0.2879,9.0,10,21.0,9.04,11,3,0.3481
dacc,3,BG,Basal Ganglia,Subcortical Nuclei,0.0476,0.0455,1.0,2,21.0,9.04,11,3,0.3481
dacc ba 32,1,CG,Cingulate Gyrus,Limbic Lobe,0.6667,0.1667,2.0,2,3.0,20.55,18,2,0.1668
dacc ba 32,2,SFG,Superior Frontal Gyrus,Frontal Lobe,0.3333,0.1,1.0,1,3.0,20.55,18,2,0.1668
dacc sphere,1,CG,Cingulate Gyrus,Limbic Lobe,1.0,0.1154,1.0,1,1.0,22.91,19,1,0.1153
dacca,1,SFG,Superior Frontal Gyrus,Frontal Lobe,1.0,0.1154,1.0,1,1.0,22.91,19,1,0.1153
dcc,1,CG,Cingulate Gyrus,Limbic Lobe,1.0,0.1154,1.0,1,1.0,22.91,19,1,0.1153
declive,1,FuG,Fusiform Gyrus,Temporal Lobe,0.5263,0.3387,10.0,15,19.0,11.07,12,4,0.3389
declive,2,LOcC,lateral Occipital Cortex,Occipital Lobe,0.2105,0.1452,4.0,5,19.0,11.07,12,4,0.3389
declive,3,MVOcC,MedioVentral Occipital Cortex,Occipital Lobe,0.2105,0.1452,4.0,5,19.0,11.07,12,4,0.3389
declive,4,MFG,Middle Frontal Gyrus,Frontal Lobe,0.0526,0.0484,1.0,1,19.0,11.07,12,4,0.3389
declive 19,1,MFG,Middle Frontal Gyrus,Frontal Lobe,1.0,0.1154,1.0,1,1.0,22.91,19,1,0.1153
declive cerebellum,1,MVOcC,MedioVentral Occipital Cortex,Occipital Lobe,1.0,0.1154,1.0,1,1.0,22.91,19,1,0.1153
declive of cerebellum,1,FuG,Fusiform Gyrus,Temporal Lobe,1.0,0.1154,1.0,1,1.0,22.91,19,1,0.1153
decreased occipito temporal gyrus,1,ITG,Inferior Temporal Gyrus,Temporal Lobe,1.0,0.1154,1.0,1,1.0,22.91,19,1,0.1153
decreased ofc,1,OrG,Orbital Gyrus,Frontal Lobe,1.0,0.1154,1.0,1,1.0,22.91,19,1,0.1153
default mode network,1,CG,Cingulate Gyrus,Limbic Lobe,1.0,0.1154,1.0,1,1.0,22.91,19,1,0.1153
delta extracted from the acc,1,PhG,Parahippocampal Gyrus,Temporal Lobe,1.0,0.1154,1.0,1,1.0,22.91,19,1,0.1153
dfc,1,PrG,Precentral Gyrus,Frontal Lobe,0.75,0.2188,3.0,4,4.0,18.85,18,2,0.219
dfc,2,MFG,Middle Frontal Gyrus,Frontal Lobe,0.25,0.0938,1.0,1,4.0,18.85,18,2,0.219
difg,1,IFG,Inferior Frontal Gyrus,Frontal Lobe,1.0,0.2333,3.0,5,3.0,19.05,18,1,0.2335
dipfc,1,MFG,Middle Frontal Gyrus,Frontal Lobe,1.0,0.1154,1.0,2,1.0,22.91,19,1,0.1153
dipsa,1,PoG,Postcentral Gyrus,Parietal Lobe,1.0,0.1154,1.0,1,1.0,22.91,19,1,0.1153
dipsas,1,SPL,Superior Parietal Lobule,Parietal Lobe,1.0,0.1154,1.0,1,1.0,22.91,19,1,0.1153
dipsm,1,SPL,Superior Parietal Lobule,Parietal Lobe,1.0,0.1154,1.0,2,1.0,22.91,19,1,0.1153
dlpc,1,MFG,Middle Frontal Gyrus,Frontal Lobe,1.0,0.1154,1.0,1,1.0,22.91,19,1,0.1153
dlpfc 46,1,MFG,Middle Frontal Gyrus,Frontal Lobe,1.0,0.1154,1.0,1,1.0,22.91,19,1,0.1153
dlpfc ba 10,1,MFG,Middle Frontal Gyrus,Frontal Lobe,1.0,0.1154,1.0,1,1.0,22.91,19,1,0.1153
dlpfc ba 46 9,1,MFG,Middle Frontal Gyrus,Frontal Lobe,1.0,0.1154,1.0,1,1.0,22.91,19,1,0.1153
dlpfc ba 6,1,MFG,Middle Frontal Gyrus,Frontal Lobe,1.0,0.1154,1.0,2,1.0,22.91,19,1,0.1153
dlpfc ba 8 9,1,MFG,Middle Frontal Gyrus,Frontal Lobe,1.0,0.1154,1.0,1,1.0,22.91,19,1,0.1153
dlpfc ba 9,1,MFG,Middle Frontal Gyrus,Frontal Lobe,0.5714,0.2368,4.0,4,7.0,16.75,17,3,0.2369
dlpfc ba 9,2,PrG,Precentral Gyrus,Frontal Lobe,0.2857,0.1316,2.0,2,7.0,16.75,17,3,0.2369
dlpfc ba 9,3,IFG,Inferior Frontal Gyrus,Frontal Lobe,0.1429,0.0789,1.0,1,7.0,16.75,17,3,0.2369
dlpfc ba 9 46,1,MFG,Middle Frontal Gyrus,Frontal Lobe,1.0,0.1154,1.0,1,1.0,22.91,19,1,0.1153
dlpfc ipl,1,IPL,Inferior Parietal Lobule,Parietal Lobe,1.0,0.1154,1.0,1,1.0,22.91,19,1,0.1153
dlpfc lb,1,PrG,Precentral Gyrus,Frontal Lobe,1.0,0.1154,1.0,1,1.0,22.91,19,1,0.1153
dlpfc only,1,MFG,Middle Frontal Gyrus,Frontal Lobe,1.0,0.1154,1.0,1,1.0,22.91,19,1,0.1153
dlpfc sphere,1,MFG,Middle Frontal Gyrus,Frontal Lobe,1.0,0.1154,1.0,2,1.0,22.91,19,1,0.1153
dlpfca,1,MFG,Middle Frontal Gyrus,Frontal Lobe,1.0,0.1154,1.0,1,1.0,22.91,19,1,0.1153
dlpfcb,1,MFG,Middle Frontal Gyrus,Frontal Lobe,0.5,0.1562,2.0,3,4.0,19.34,18,2,0.1564
dlpfcb,2,SFG,Superior Frontal Gyrus,Frontal Lobe,0.5,0.1562,2.0,2,4.0,19.34,18,2,0.1564
dlpfcc,1,MFG,Middle Frontal Gyrus,Frontal Lobe,1.0,0.1154,1.0,1,1.0,22.91,19,1,0.1153
dlpfcdamh,1,MFG,Middle Frontal Gyrus,Frontal Lobe,1.0,0.1154,1.0,2,1.0,22.91,19,1,0.1153
dlprcs,1,PrG,Precentral Gyrus,Frontal Lobe,1.0,0.1154,1.0,1,1.0,22.91,19,1,0.1153
dmfc,1,SFG,Superior Frontal Gyrus,Frontal Lobe,1.0,0.1786,2.0,2,2.0,21.0,19,1,0.1787
dmpfc,1,SFG,Superior Frontal Gyrus,Frontal Lobe,0.8605,0.6818,37.0,66,43.0,4.56,4,4,0.6817
dmpfc,2,CG,Cingulate Gyrus,Limbic Lobe,0.093,0.0818,4.0,5,43.0,4.56,4,4,0.6817
dmpfc,3,MFG,Middle Frontal Gyrus,Frontal Lobe,0.0233,0.0273,1.0,2,43.0,4.56,4,4,0.6817
dmpfc,4,PrG,Precentral Gyrus,Frontal Lobe,0.0233,0.0273,1.0,1,43.0,4.56,4,4,0.6817
dmpfc 8,1,SFG,Superior Frontal Gyrus,Frontal Lobe,1.0,0.1154,1.0,1,1.0,22.91,19,1,0.1153
dmpfc ba 32,1,SFG,Superior Frontal Gyrus,Frontal Lobe,1.0,0.1154,1.0,1,1.0,22.91,19,1,0.1153
dmpfc ba 8,1,SFG,Superior Frontal Gyrus,Frontal Lobe,1.0,0.1786,2.0,2,2.0,21.0,19,1,0.1787
dmpfc bi,1,SFG,Superior Frontal Gyrus,Frontal Lobe,1.0,0.1154,1.0,1,1.0,22.91,19,1,0.1153
dmpfc1,1,SFG,Superior Frontal Gyrus,Frontal Lobe,1.0,0.1154,1.0,1,1.0,22.91,19,1,0.1153
dor lat frontal 9,1,SFG,Superior Frontal Gyrus,Frontal Lobe,1.0,0.1154,1.0,2,1.0,22.91,19,1,0.1153
dor pcu,1,BG,Basal Ganglia,Subcortical Nuclei,1.0,0.1154,1.0,1,1.0,22.91,19,1,0.1153
dorsal acc,1,CG,Cingulate Gyrus,Limbic Lobe,0.5625,0.3393,9.0,10,16.0,11.37,13,3,0.339
dorsal acc,2,SFG,Superior Frontal Gyrus,Frontal Lobe,0.25,0.1607,4.0,4,16.0,11.37,13,3,0.339
dorsal acc,3,BG,Basal Ganglia,Subcortical Nuclei,0.1875,0.125,3.0,4,16.0,11.37,13,3,0.339
dorsal acc 32,1,CG,Cingulate Gyrus,Limbic Lobe,1.0,0.1154,1.0,1,1.0,22.91,19,1,0.1153
dorsal acc ba 24,1,CG,Cingulate Gyrus,Limbic Lobe,1.0,0.1154,1.0,4,1.0,22.91,19,1,0.1153
dorsal amcc,1,SFG,Superior Frontal Gyrus,Frontal Lobe,1.0,0.1154,1.0,1,1.0,22.91,19,1,0.1153
dorsal anterior cingulate,1,CG,Cingulate Gyrus,Limbic Lobe,0.6471,0.3966,11.0,15,17.0,9.4,13,2,0.397
dorsal anterior cingulate,2,SFG,Superior Frontal Gyrus,Frontal Lobe,0.3529,0.2241,6.0,6,17.0,9.4,13,2,0.397
dorsal anterior cingulate ba 24,1,CG,Cingulate Gyrus,Limbic Lobe,1.0,0.1154,1.0,1,1.0,22.91,19,1,0.1153
dorsal anterior cingulate cortex,1,CG,Cingulate Gyrus,Limbic Lobe,0.6316,0.4032,12.0,18,19.0,9.71,12,3,0.4035
dorsal anterior cingulate cortex,2,SFG,Superior Frontal Gyrus,Frontal Lobe,0.2632,0.1774,5.0,6,19.0,9.71,12,3,0.4035
dorsal anterior cingulate cortex,3,BG,Basal Ganglia,Subcortical Nuclei,0.1053,0.0806,2.0,2,19.0,9.71,12,3,0.4035
dorsal anterior cingulate cortex 24 32,1,CG,Cingulate Gyrus,Limbic Lobe,1.0,0.1154,1.0,1,1.0,22.91,19,1,0.1153
dorsal anterior cingulate gyrus,1,CG,Cingulate Gyrus,Limbic Lobe,1.0,0.1154,1.0,1,1.0,22.91,19,1,0.1153
dorsal anterior insula,1,INS,Insular Gyrus,Insular Lobe,1.0,0.1786,2.0,3,2.0,21.0,19,1,0.1787
dorsal caudate,1,BG,Basal Ganglia,Subcortical Nuclei,1.0,0.1786,2.0,4,2.0,21.0,19,1,0.1787
dorsal central sulcus,1,BG,Basal Ganglia,Subcortical Nuclei,0.3333,0.1,1.0,2,3.0,21.57,18,3,0.1001
dorsal central sulcus,2,PoG,Postcentral Gyrus,Parietal Lobe,0.3333,0.1,1.0,1,3.0,21.57,18,3,0.1001
dorsal central sulcus,3,PrG,Precentral Gyrus,Frontal Lobe,0.3333,0.1,1.0,1,3.0,21.57,18,3,0.1001
dorsal cingulate cortex,1,CG,Cingulate Gyrus,Limbic Lobe,1.0,0.1154,1.0,1,1.0,22.91,19,1,0.1153
dorsal frontal cortex,1,SFG,Superior Frontal Gyrus,Frontal Lobe,1.0,0.1154,1.0,1,1.0,22.91,19,1,0.1153
dorsal frontomedian cortex,1,CG,Cingulate Gyrus,Limbic Lobe,1.0,0.1154,1.0,1,1.0,22.91,19,1,0.1153
dorsal hippocampus,1,INS,Insular Gyrus,Insular Lobe,1.0,0.1154,1.0,1,1.0,22.91,19,1,0.1153
dorsal ifg,1,IFG,Inferior Frontal Gyrus,Frontal Lobe,0.5,0.1071,1.0,6,2.0,22.13,19,2,0.1071
dorsal ifg,2,MFG,Middle Frontal Gyrus,Frontal Lobe,0.5,0.1071,1.0,1,2.0,22.13,19,2,0.1071
dorsal inferior frontal g,1,IFG,Inferior Frontal Gyrus,Frontal Lobe,1.0,0.1154,1.0,1,1.0,22.91,19,1,0.1153
dorsal inferior frontal gyrus,1,PrG,Precentral Gyrus,Frontal Lobe,1.0,0.1154,1.0,1,1.0,22.91,19,1,0.1153
dorsal ips,1,MVOcC,MedioVentral Occipital Cortex,Occipital Lobe,1.0,0.1154,1.0,1,1.0,22.91,19,1,0.1153
dorsal lateral occipital cortex,1,LOcC,lateral Occipital Cortex,Occipital Lobe,1.0,0.1154,1.0,2,1.0,22.91,19,1,0.1153
dorsal lateral pmc,1,PrG,Precentral Gyrus,Frontal Lobe,1.0,0.1154,1.0,1,1.0,22.91,19,1,0.1153
dorsal lateral prefrontal cortex,1,MFG,Middle Frontal Gyrus,Frontal Lobe,0.75,0.2188,3.0,3,4.0,18.85,18,2,0.219
dorsal lateral prefrontal cortex,2,SFG,Superior Frontal Gyrus,Frontal Lobe,0.25,0.0938,1.0,1,4.0,18.85,18,2,0.219
dorsal lateral prefrontal cortex 46 10 9,1,MFG,Middle Frontal Gyrus,Frontal Lobe,1.0,0.1154,1.0,1,1.0,22.91,19,1,0.1153
dorsal lateral prefrontal cortex 46 9,1,MFG,Middle Frontal Gyrus,Frontal Lobe,1.0,0.1154,1.0,5,1.0,22.91,19,1,0.1153
dorsal lateral prefrontal cortex 9,1,MFG,Middle Frontal Gyrus,Frontal Lobe,1.0,0.1154,1.0,1,1.0,22.91,19,1,0.1153
dorsal lateral prefrontal cortex 9 10,1,MFG,Middle Frontal Gyrus,Frontal Lobe,1.0,0.1154,1.0,1,1.0,22.91,19,1,0.1153
dorsal medial frontal cortex,1,Hipp,Hippocampus,Subcortical Nuclei,0.5,0.1071,1.0,1,2.0,22.13,19,2,0.1071
dorsal medial frontal cortex,2,SFG,Superior Frontal Gyrus,Frontal Lobe,0.5,0.1071,1.0,1,2.0,22.13,19,2,0.1071
dorsal medial frontal g,1,SFG,Superior Frontal Gyrus,Frontal Lobe,1.0,0.1154,1.0,2,1.0,22.91,19,1,0.1153
dorsal medial prefrontal cortex,1,SFG,Superior Frontal Gyrus,Frontal Lobe,0.8333,0.3056,5.0,5,6.0,15.79,17,2,0.3054
dorsal medial prefrontal cortex,2,MFG,Middle Frontal Gyrus,Frontal Lobe,0.1667,0.0833,1.0,2,6.0,15.79,17,2,0.3054
dorsal medial premotor cortex,1,SFG,Superior Frontal Gyrus,Frontal Lobe,1.0,0.1154,1.0,1,1.0,22.91,19,1,0.1153
dorsal mi,1,PrG,Precentral Gyrus,Frontal Lobe,1.0,0.1154,1.0,1,1.0,22.91,19,1,0.1153
dorsal midbrain,1,BG,Basal Ganglia,Subcortical Nuclei,0.5,0.1071,1.0,1,2.0,22.13,19,2,0.1071
dorsal midbrain,2,Tha,Thalamus,Subcortical Nuclei,0.5,0.1071,1.0,1,2.0,22.13,19,2,0.1071
dorsal mpfc,1,SFG,Superior Frontal Gyrus,Frontal Lobe,1.0,0.2333,3.0,3,3.0,19.05,18,1,0.2335
dorsal occipital cortex,1,LOcC,lateral Occipital Cortex,Occipital Lobe,1.0,0.1154,1.0,2,1.0,22.91,19,1,0.1153
dorsal part,1,CG,Cingulate Gyrus,Limbic Lobe,1.0,0.1154,1.0,1,1.0,22.91,19,1,0.1153
dorsal pop,1,IFG,Inferior Frontal Gyrus,Frontal Lobe,1.0,0.1154,1.0,5,1.0,22.91,19,1,0.1153
dorsal portion of the anterior cingulate cortex,1,CG,Cingulate Gyrus,Limbic Lobe,0.5,0.1071,1.0,1,2.0,22.13,19,2,0.1071
dorsal portion of the anterior cingulate cortex,2,SFG,Superior Frontal Gyrus,Frontal Lobe,0.5,0.1071,1.0,1,2.0,22.13,19,2,0.1071
dorsal posterior cingulate cortex,1,CG,Cingulate Gyrus,Limbic Lobe,0.5,0.1562,2.0,2,4.0,20.24,18,3,0.1564
dorsal posterior cingulate cortex,2,MVOcC,MedioVentral Occipital Cortex,Occipital Lobe,0.25,0.0938,1.0,1,4.0,20.24,18,3,0.1564
dorsal posterior cingulate cortex,3,Pcun,Precuneus,Parietal Lobe,0.25,0.0938,1.0,1,4.0,20.24,18,3,0.1564
dorsal posterior insula,1,INS,Insular Gyrus,Insular Lobe,1.0,0.1154,1.0,1,1.0,22.91,19,1,0.1153
dorsal precentral gyrus,1,PrG,Precentral Gyrus,Frontal Lobe,0.5,0.1071,1.0,2,2.0,22.13,19,2,0.1071
dorsal precentral gyrus,2,PoG,Postcentral Gyrus,Parietal Lobe,0.5,0.1071,1.0,1,2.0,22.13,19,2,0.1071
dorsal precentral gyrus and sulcus,1,PrG,Precentral Gyrus,Frontal Lobe,1.0,0.1154,1.0,4,1.0,22.91,19,1,0.1153
dorsal precuneus,1,SPL,Superior Parietal Lobule,Parietal Lobe,1.0,0.1154,1.0,2,1.0,22.91,19,1,0.1153
dorsal prefrontal cortex,1,SFG,Superior Frontal Gyrus,Frontal Lobe,1.0,0.1786,2.0,2,2.0,21.0,19,1,0.1787
dorsal premotor,1,MFG,Middle Frontal Gyrus,Frontal Lobe,0.5,0.1562,2.0,4,4.0,20.24,18,3,0.1564
dorsal premotor,2,PrG,Precentral Gyrus,Frontal Lobe,0.25,0.0938,1.0,1,4.0,20.24,18,3,0.1564
dorsal premotor,3,SFG,Superior Frontal Gyrus,Frontal Lobe,0.25,0.0938,1.0,1,4.0,20.24,18,3,0.1564
dorsal premotor area,1,MFG,Middle Frontal Gyrus,Frontal Lobe,1.0,0.1154,1.0,2,1.0,22.91,19,1,0.1153
dorsal premotor cortex,1,PrG,Precentral Gyrus,Frontal Lobe,0.5,0.2885,7.0,9,14.0,12.62,14,4,0.2887
dorsal premotor cortex,2,MFG,Middle Frontal Gyrus,Frontal Lobe,0.3571,0.2115,5.0,7,14.0,12.62,14,4,0.2887
dorsal premotor cortex,3,SFG,Superior Frontal Gyrus,Frontal Lobe,0.0714,0.0577,1.0,4,14.0,12.62,14,4,0.2887
dorsal premotor cortex,4,PoG,Postcentral Gyrus,Parietal Lobe,0.0714,0.0577,1.0,1,14.0,12.62,14,4,0.2887
dorsal sfg,1,SFG,Superior Frontal Gyrus,Frontal Lobe,1.0,0.1154,1.0,1,1.0,22.91,19,1,0.1153
dorsal stream,1,IFG,Inferior Frontal Gyrus,Frontal Lobe,1.0,0.1154,1.0,2,1.0,22.91,19,1,0.1153
dorsal striatum,1,BG,Basal Ganglia,Subcortical Nuclei,0.875,0.375,7.0,10,8.0,13.34,16,2,0.375
dorsal striatum,2,Tha,Thalamus,Subcortical Nuclei,0.125,0.075,1.0,1,8.0,13.34,16,2,0.375
dorsal superior medial frontal gyrus,1,SFG,Superior Frontal Gyrus,Frontal Lobe,1.0,0.1154,1.0,3,1.0,22.91,19,1,0.1153
dorsal thalamus,1,BG,Basal Ganglia,Subcortical Nuclei,0.5,0.1071,1.0,1,2.0,22.13,19,2,0.1071
dorsal thalamus,2,Tha,Thalamus,Subcortical Nuclei,0.5,0.1071,1.0,1,2.0,22.13,19,2,0.1071
dorsalateral prefrontal cortex,1,MFG,Middle Frontal Gyrus,Frontal Lobe,1.0,0.1154,1.0,1,1.0,22.91,19,1,0.1153
dorso lateral prefrontal cortex,1,MFG,Middle Frontal Gyrus,Frontal Lobe,1.0,0.1786,2.0,2,2.0,21.0,19,1,0.1787
dorso medial prefrontal cortex,1,SFG,Superior Frontal Gyrus,Frontal Lobe,1.0,0.1154,1.0,1,1.0,22.91,19,1,0.1153
dorso ventral pfc,1,MFG,Middle Frontal Gyrus,Frontal Lobe,1.0,0.1154,1.0,1,1.0,22.91,19,1,0.1153
dorsolateral frontal cortex,1,PrG,Precentral Gyrus,Frontal Lobe,1.0,0.1154,1.0,1,1.0,22.91,19,1,0.1153
dorsolateral frontal gyrus,1,IFG,Inferior Frontal Gyrus,Frontal Lobe,0.3333,0.1,1.0,1,3.0,21.57,18,3,0.1001
dorsolateral frontal gyrus,2,MFG,Middle Frontal Gyrus,Frontal Lobe,0.3333,0.1,1.0,1,3.0,21.57,18,3,0.1001
dorsolateral frontal gyrus,3,PrG,Precentral Gyrus,Frontal Lobe,0.3333,0.1,1.0,1,3.0,21.57,18,3,0.1001
dorsolateral pfc,1,MFG,Middle Frontal Gyrus,Frontal Lobe,0.6667,0.3542,8.0,10,12.0,12.96,15,4,0.3544
dorsolateral pfc,2,PrG,Precentral Gyrus,Frontal Lobe,0.1667,0.1042,2.0,2,12.0,12.96,15,4,0.3544
dorsolateral pfc,3,IFG,Inferior Frontal Gyrus,Frontal Lobe,0.0833,0.0625,1.0,2,12.0,12.96,15,4,0.3544
dorsolateral pfc,4,SFG,Superior Frontal Gyrus,Frontal Lobe,0.0833,0.0625,1.0,1,12.0,12.96,15,4,0.3544
dorsolateral pfc ba 46,1,MFG,Middle Frontal Gyrus,Frontal Lobe,1.0,0.1786,2.0,2,2.0,21.0,19,1,0.1787
dorsolateral pfc ba 6 46,1,MFG,Middle Frontal Gyrus,Frontal Lobe,1.0,0.1154,1.0,1,1.0,22.91,19,1,0.1153
dorsolateral pfc ba 9,1,MFG,Middle Frontal Gyrus,Frontal Lobe,1.0,0.1154,1.0,2,1.0,22.91,19,1,0.1153
dorsolateral prefontral cortex,1,MFG,Middle Frontal Gyrus,Frontal Lobe,1.0,0.1154,1.0,1,1.0,22.91,19,1,0.1153
dorsolateral prefronatl cortex,1,PrG,Precentral Gyrus,Frontal Lobe,1.0,0.1154,1.0,1,1.0,22.91,19,1,0.1153
dorsolateral prefrontal,1,MFG,Middle Frontal Gyrus,Frontal Lobe,1.0,0.1154,1.0,2,1.0,22.91,19,1,0.1153
dorsolateral prefrontal cortex,1,MFG,Middle Frontal Gyrus,Frontal Lobe,0.5722,0.5413,111.0,190,194.0,4.8,3,10,0.5415
dorsolateral prefrontal cortex,2,IFG,Inferior Frontal Gyrus,Frontal Lobe,0.1443,0.1383,28.0,35,194.0,4.8,3,10,0.5415
dorsolateral prefrontal cortex,3,SFG,Superior Frontal Gyrus,Frontal Lobe,0.1289,0.1238,25.0,40,194.0,4.8,3,10,0.5415
dorsolateral prefrontal cortex,4,PrG,Precentral Gyrus,Frontal Lobe,0.1082,0.1044,21.0,28,194.0,4.8,3,10,0.5415
dorsolateral prefrontal cortex,5,BG,Basal Ganglia,Subcortical Nuclei,0.0155,0.017,3.0,3,194.0,4.8,3,10,0.5415
dorsolateral prefrontal cortex,6,INS,Insular Gyrus,Insular Lobe,0.0103,0.0121,2.0,2,194.0,4.8,3,10,0.5415
dorsolateral prefrontal cortex,7,CG,Cingulate Gyrus,Limbic Lobe,0.0052,0.0073,1.0,1,194.0,4.8,3,10,0.5415
dorsolateral prefrontal cortex,8,MTG,Middle Temporal Gyrus,Temporal Lobe,0.0052,0.0073,1.0,1,194.0,4.8,3,10,0.5415
dorsolateral prefrontal cortex,9,STG,Superior Temporal Gyrus,Temporal Lobe,0.0052,0.0073,1.0,1,194.0,4.8,3,10,0.5415
dorsolateral prefrontal cortex,10,Tha,Thalamus,Subcortical Nuclei,0.0052,0.0073,1.0,1,194.0,4.8,3,10,0.5415
dorsolateral prefrontal cortex 46,1,MFG,Middle Frontal Gyrus,Frontal Lobe,1.0,0.1154,1.0,2,1.0,22.91,19,1,0.1153
dorsolateral prefrontal cortex ba 10,1,MFG,Middle Frontal Gyrus,Frontal Lobe,1.0,0.1154,1.0,1,1.0,22.91,19,1,0.1153
dorsolateral prefrontal cortex ba 10 4,1,MFG,Middle Frontal Gyrus,Frontal Lobe,1.0,0.1154,1.0,1,1.0,22.91,19,1,0.1153
dorsolateral prefrontal cortex ba 9,1,MFG,Middle Frontal Gyrus,Frontal Lobe,1.0,0.1154,1.0,1,1.0,22.91,19,1,0.1153
dorsolateral prefrontal cortex5,1,MFG,Middle Frontal Gyrus,Frontal Lobe,1.0,0.1154,1.0,1,1.0,22.91,19,1,0.1153
dorsolateral prefrontal ctx,1,MFG,Middle Frontal Gyrus,Frontal Lobe,1.0,0.1154,1.0,1,1.0,22.91,19,1,0.1153
dorsolateral premotor cortex,1,PrG,Precentral Gyrus,Frontal Lobe,1.0,0.1154,1.0,1,1.0,22.91,19,1,0.1153
dorsolateral visual cortex 18,1,LOcC,lateral Occipital Cortex,Occipital Lobe,1.0,0.1154,1.0,1,1.0,22.91,19,1,0.1153
dorsoloateral prefrontal cortex,1,MFG,Middle Frontal Gyrus,Frontal Lobe,1.0,0.1154,1.0,2,1.0,22.91,19,1,0.1153
dorsomedial frontal cortex,1,SFG,Superior Frontal Gyrus,Frontal Lobe,1.0,0.2333,3.0,3,3.0,19.05,18,1,0.2335
dorsomedial frontal gyrus,1,CG,Cingulate Gyrus,Limbic Lobe,0.3333,0.1,1.0,1,3.0,21.57,18,3,0.1001
dorsomedial frontal gyrus,2,MFG,Middle Frontal Gyrus,Frontal Lobe,0.3333,0.1,1.0,1,3.0,21.57,18,3,0.1001
dorsomedial frontal gyrus,3,SFG,Superior Frontal Gyrus,Frontal Lobe,0.3333,0.1,1.0,1,3.0,21.57,18,3,0.1001
dorsomedial pfc,1,SFG,Superior Frontal Gyrus,Frontal Lobe,1.0,0.2812,4.0,5,4.0,17.24,18,1,0.2815
dorsomedial prefrontal cortex,1,SFG,Superior Frontal Gyrus,Frontal Lobe,0.85,0.5469,17.0,27,20.0,7.66,12,3,0.5472
dorsomedial prefrontal cortex,2,BG,Basal Ganglia,Subcortical Nuclei,0.1,0.0781,2.0,2,20.0,7.66,12,3,0.5472
dorsomedial prefrontal cortex,3,CG,Cingulate Gyrus,Limbic Lobe,0.05,0.0469,1.0,2,20.0,7.66,12,3,0.5472
dorsomedial prefrontal cortex ba 8,1,SFG,Superior Frontal Gyrus,Frontal Lobe,1.0,0.1154,1.0,1,1.0,22.91,19,1,0.1153
dorsomedial prefrontal cortex ba 9,1,SFG,Superior Frontal Gyrus,Frontal Lobe,1.0,0.1154,1.0,4,1.0,22.91,19,1,0.1153
dorsomedial prefrontal gyrus,1,BG,Basal Ganglia,Subcortical Nuclei,1.0,0.1154,1.0,1,1.0,22.91,19,1,0.1153
dorsomedial thalamus,1,Tha,Thalamus,Subcortical Nuclei,1.0,0.2812,4.0,7,4.0,17.24,18,1,0.2815
dpcc,1,SFG,Superior Frontal Gyrus,Frontal Lobe,1.0,0.1154,1.0,1,1.0,22.91,19,1,0.1153
dpcc ba 23,1,MVOcC,MedioVentral Occipital Cortex,Occipital Lobe,0.5,0.1071,1.0,5,2.0,22.13,19,2,0.1071
dpcc ba 23,2,CG,Cingulate Gyrus,Limbic Lobe,0.5,0.1071,1.0,1,2.0,22.13,19,2,0.1071
dpins,1,INS,Insular Gyrus,Insular Lobe,1.0,0.1154,1.0,1,1.0,22.91,19,1,0.1153
dpm,1,PrG,Precentral Gyrus,Frontal Lobe,1.0,0.1154,1.0,1,1.0,22.91,19,1,0.1153
dpmc,1,PrG,Precentral Gyrus,Frontal Lobe,0.5,0.1944,3.0,6,6.0,18.0,17,3,0.1943
dpmc,2,MFG,Middle Frontal Gyrus,Frontal Lobe,0.3333,0.1389,2.0,4,6.0,18.0,17,3,0.1943
dpmc,3,SFG,Superior Frontal Gyrus,Frontal Lobe,0.1667,0.0833,1.0,1,6.0,18.0,17,3,0.1943
dpmc 6,1,INS,Insular Gyrus,Insular Lobe,1.0,0.1154,1.0,1,1.0,22.91,19,1,0.1153
e hippocampus,1,Hipp,Hippocampus,Subcortical Nuclei,1.0,0.1154,1.0,1,1.0,22.91,19,1,0.1153
early visual area,1,MVOcC,MedioVentral Occipital Cortex,Occipital Lobe,1.0,0.1154,1.0,1,1.0,22.91,19,1,0.1153
eba,1,ITG,Inferior Temporal Gyrus,Temporal Lobe,0.3333,0.1,1.0,1,3.0,21.57,18,3,0.1001
eba,2,LOcC,lateral Occipital Cortex,Occipital Lobe,0.3333,0.1,1.0,1,3.0,21.57,18,3,0.1001
eba,3,MTG,Middle Temporal Gyrus,Temporal Lobe,0.3333,0.1,1.0,1,3.0,21.57,18,3,0.1001
enthorinal cortex,1,PhG,Parahippocampal Gyrus,Temporal Lobe,1.0,0.1154,1.0,1,1.0,22.91,19,1,0.1153
entorhinal,1,PhG,Parahippocampal Gyrus,Temporal Lobe,1.0,0.1154,1.0,1,1.0,22.91,19,1,0.1153
entorhinal cortex,1,FuG,Fusiform Gyrus,Temporal Lobe,0.3333,0.1,1.0,2,3.0,21.57,18,3,0.1001
entorhinal cortex,2,PhG,Parahippocampal Gyrus,Temporal Lobe,0.3333,0.1,1.0,1,3.0,21.57,18,3,0.1001
entorhinal cortex,3,STG,Superior Temporal Gyrus,Temporal Lobe,0.3333,0.1,1.0,1,3.0,21.57,18,3,0.1001
entorhinal cortex 30,1,STG,Superior Temporal Gyrus,Temporal Lobe,1.0,0.1154,1.0,1,1.0,22.91,19,1,0.1153
esc,1,LOcC,lateral Occipital Cortex,Occipital Lobe,0.5,0.1071,1.0,1,2.0,22.13,19,2,0.1071
esc,2,MVOcC,MedioVentral Occipital Cortex,Occipital Lobe,0.5,0.1071,1.0,1,2.0,22.13,19,2,0.1071
evc,1,LOcC,lateral Occipital Cortex,Occipital Lobe,1.0,0.1154,1.0,2,1.0,22.91,19,1,0.1153
executive network,1,IFG,Inferior Frontal Gyrus,Frontal Lobe,1.0,0.1154,1.0,1,1.0,22.91,19,1,0.1153
ext insula,1,IFG,Inferior Frontal Gyrus,Frontal Lobe,1.0,0.1154,1.0,1,1.0,22.91,19,1,0.1153
external capsule,1,INS,Insular Gyrus,Insular Lobe,0.5,0.1071,1.0,1,2.0,22.13,19,2,0.1071
external capsule,2,Tha,Thalamus,Subcortical Nuclei,0.5,0.1071,1.0,1,2.0,22.13,19,2,0.1071
extra nuclear,1,INS,Insular Gyrus,Insular Lobe,0.4286,0.1842,3.0,3,7.0,17.38,17,3,0.1843
extra nuclear,2,BG,Basal Ganglia,Subcortical Nuclei,0.2857,0.1316,2.0,3,7.0,17.38,17,3,0.1843
extra nuclear,3,Tha,Thalamus,Subcortical Nuclei,0.2857,0.1316,2.0,3,7.0,17.38,17,3,0.1843
extra striate cortex,1,FuG,Fusiform Gyrus,Temporal Lobe,0.5,0.1071,1.0,1,2.0,22.13,19,2,0.1071
extra striate cortex,2,MVOcC,MedioVentral Occipital Cortex,Occipital Lobe,0.5,0.1071,1.0,1,2.0,22.13,19,2,0.1071
extrastriate,1,LOcC,lateral Occipital Cortex,Occipital Lobe,0.5,0.1071,1.0,3,2.0,22.13,19,2,0.1071
extrastriate,2,FuG,Fusiform Gyrus,Temporal Lobe,0.5,0.1071,1.0,1,2.0,22.13,19,2,0.1071
extrastriate body area,1,LOcC,lateral Occipital Cortex,Occipital Lobe,1.0,0.1154,1.0,1,1.0,22.91,19,1,0.1153
extrastriate cortex,1,MVOcC,MedioVentral Occipital Cortex,Occipital Lobe,0.6667,0.1667,2.0,2,3.0,20.55,18,2,0.1668
extrastriate cortex,2,IPL,Inferior Parietal Lobule,Parietal Lobe,0.3333,0.1,1.0,1,3.0,20.55,18,2,0.1668
extrastriate vis cortex ba 18,1,LOcC,lateral Occipital Cortex,Occipital Lobe,1.0,0.1154,1.0,2,1.0,22.91,19,1,0.1153
extrastriate vis cortex ba 19,1,LOcC,lateral Occipital Cortex,Occipital Lobe,0.3333,0.1,1.0,3,3.0,21.57,18,3,0.1001
extrastriate vis cortex ba 19,2,FuG,Fusiform Gyrus,Temporal Lobe,0.3333,0.1,1.0,1,3.0,21.57,18,3,0.1001
extrastriate vis cortex ba 19,3,IPL,Inferior Parietal Lobule,Parietal Lobe,0.3333,0.1,1.0,1,3.0,21.57,18,3,0.1001
extrastriate visual cortex,1,LOcC,lateral Occipital Cortex,Occipital Lobe,0.6667,0.1667,2.0,3,3.0,20.55,18,2,0.1668
extrastriate visual cortex,2,MVOcC,MedioVentral Occipital Cortex,Occipital Lobe,0.3333,0.1,1.0,1,3.0,20.55,18,2,0.1668
f middle gyrus,1,MFG,Middle Frontal Gyrus,Frontal Lobe,1.0,0.1154,1.0,1,1.0,22.91,19,1,0.1153
f middle temporal gyrus,1,STG,Superior Temporal Gyrus,Temporal Lobe,1.0,0.1154,1.0,1,1.0,22.91,19,1,0.1153
f sup gyrus,1,SFG,Superior Frontal Gyrus,Frontal Lobe,0.5,0.1071,1.0,4,2.0,22.13,19,2,0.1071
f sup gyrus,2,MFG,Middle Frontal Gyrus,Frontal Lobe,0.5,0.1071,1.0,2,2.0,22.13,19,2,0.1071
f3o,1,OrG,Orbital Gyrus,Frontal Lobe,0.3333,0.1,1.0,3,3.0,21.57,18,3,0.1001
f3o,2,IFG,Inferior Frontal Gyrus,Frontal Lobe,0.3333,0.1,1.0,1,3.0,21.57,18,3,0.1001
f3o,3,INS,Insular Gyrus,Insular Lobe,0.3333,0.1,1.0,1,3.0,21.57,18,3,0.1001
f3t,1,IFG,Inferior Frontal Gyrus,Frontal Lobe,1.0,0.1154,1.0,1,1.0,22.91,19,1,0.1153
fba,1,FuG,Fusiform Gyrus,Temporal Lobe,1.0,0.1154,1.0,1,1.0,22.91,19,1,0.1153
fef,1,PrG,Precentral Gyrus,Frontal Lobe,0.4,0.2407,6.0,10,15.0,12.38,14,3,0.2408
fef,2,MFG,Middle Frontal Gyrus,Frontal Lobe,0.3333,0.2037,5.0,8,15.0,12.38,14,3,0.2408
fef,3,SFG,Superior Frontal Gyrus,Frontal Lobe,0.2667,0.1667,4.0,7,15.0,12.38,14,3,0.2408
fef 8,1,SFG,Superior Frontal Gyrus,Frontal Lobe,1.0,0.1154,1.0,1,1.0,22.91,19,1,0.1153
fef ba 9,1,PrG,Precentral Gyrus,Frontal Lobe,1.0,0.1154,1.0,1,1.0,22.91,19,1,0.1153
fef lat,1,MFG,Middle Frontal Gyrus,Frontal Lobe,1.0,0.1154,1.0,1,1.0,22.91,19,1,0.1153
fef left2,1,PrG,Precentral Gyrus,Frontal Lobe,1.0,0.1154,1.0,1,1.0,22.91,19,1,0.1153
fef sphere,1,MFG,Middle Frontal Gyrus,Frontal Lobe,0.5,0.1071,1.0,1,2.0,22.13,19,2,0.1071
fef sphere,2,PrG,Precentral Gyrus,Frontal Lobe,0.5,0.1071,1.0,1,2.0,22.13,19,2,0.1071
fefa,1,PrG,Precentral Gyrus,Frontal Lobe,0.5,0.1071,1.0,1,2.0,22.13,19,2,0.1071
fefa,2,SFG,Superior Frontal Gyrus,Frontal Lobe,0.5,0.1071,1.0,1,2.0,22.13,19,2,0.1071
fefs,1,PrG,Precentral Gyrus,Frontal Lobe,1.0,0.1154,1.0,2,1.0,22.91,19,1,0.1153
ffa,1,FuG,Fusiform Gyrus,Temporal Lobe,1.0,0.425,8.0,10,8.0,12.0,16,1,0.425
ffa ba 37,1,LOcC,lateral Occipital Cortex,Occipital Lobe,0.5,0.1071,1.0,1,2.0,22.13,19,2,0.1071
ffa ba 37,2,MTG,Middle Temporal Gyrus,Temporal Lobe,0.5,0.1071,1.0,1,2.0,22.13,19,2,0.1071
ffa1 mask,1,FuG,Fusiform Gyrus,Temporal Lobe,1.0,0.1154,1.0,6,1.0,22.91,19,1,0.1153
ffa2 mask,1,FuG,Fusiform Gyrus,Temporal Lobe,1.0,0.1154,1.0,6,1.0,22.91,19,1,0.1153
ffg,1,FuG,Fusiform Gyrus,Temporal Lobe,0.7143,0.2895,5.0,7,7.0,15.95,17,3,0.2896
ffg,2,MVOcC,MedioVentral Occipital Cortex,Occipital Lobe,0.1429,0.0789,1.0,3,7.0,15.95,17,3,0.2896
ffg,3,LOcC,lateral Occipital Cortex,Occipital Lobe,0.1429,0.0789,1.0,1,7.0,15.95,17,3,0.2896
ffsiform gyrus 37,1,ITG,Inferior Temporal Gyrus,Temporal Lobe,1.0,0.1154,1.0,1,1.0,22.91,19,1,0.1153
fg mask,1,FuG,Fusiform Gyrus,Temporal Lobe,0.5,0.1071,1.0,5,2.0,22.13,19,2,0.1071
fg mask,2,LOcC,lateral Occipital Cortex,Occipital Lobe,0.5,0.1071,1.0,1,2.0,22.13,19,2,0.1071
fimbria,1,Hipp,Hippocampus,Subcortical Nuclei,1.0,0.1154,1.0,1,1.0,22.91,19,1,0.1153
first and second heschls gyrus,1,STG,Superior Temporal Gyrus,Temporal Lobe,1.0,0.1154,1.0,2,1.0,22.91,19,1,0.1153
fmc,1,OrG,Orbital Gyrus,Frontal Lobe,1.0,0.1786,2.0,2,2.0,21.0,19,1,0.1787
fmri study,1,FuG,Fusiform Gyrus,Temporal Lobe,1.0,0.1154,1.0,6,1.0,22.91,19,1,0.1153
forceps major,1,CG,Cingulate Gyrus,Limbic Lobe,1.0,0.1154,1.0,1,1.0,22.91,19,1,0.1153
fornix,1,Tha,Thalamus,Subcortical Nuclei,1.0,0.2333,3.0,3,3.0,19.05,18,1,0.2335
fpc,1,MFG,Middle Frontal Gyrus,Frontal Lobe,0.5,0.1071,1.0,4,2.0,22.13,19,2,0.1071
fpc,2,SFG,Superior Frontal Gyrus,Frontal Lobe,0.5,0.1071,1.0,1,2.0,22.13,19,2,0.1071
fpc middle frontal gyrus,1,MFG,Middle Frontal Gyrus,Frontal Lobe,1.0,0.1154,1.0,2,1.0,22.91,19,1,0.1153
fppfc,1,MFG,Middle Frontal Gyrus,Frontal Lobe,1.0,0.1154,1.0,5,1.0,22.91,19,1,0.1153
front med orbit,1,OrG,Orbital Gyrus,Frontal Lobe,1.0,0.1154,1.0,1,1.0,22.91,19,1,0.1153
front mid orbit,1,OrG,Orbital Gyrus,Frontal Lobe,1.0,0.1154,1.0,1,1.0,22.91,19,1,0.1153
front pole,1,OrG,Orbital Gyrus,Frontal Lobe,1.0,0.1154,1.0,1,1.0,22.91,19,1,0.1153
frontal,1,MFG,Middle Frontal Gyrus,Frontal Lobe,0.2745,0.2302,14.0,26,51.0,11.57,7,11,0.2303
frontal,2,PrG,Precentral Gyrus,Frontal Lobe,0.2353,0.1984,12.0,32,51.0,11.57,7,11,0.2303
frontal,3,SFG,Superior Frontal Gyrus,Frontal Lobe,0.1373,0.119,7.0,12,51.0,11.57,7,11,0.2303
frontal,4,IFG,Inferior Frontal Gyrus,Frontal Lobe,0.098,0.0873,5.0,8,51.0,11.57,7,11,0.2303
frontal,5,OrG,Orbital Gyrus,Frontal Lobe,0.098,0.0873,5.0,7,51.0,11.57,7,11,0.2303
frontal,6,INS,Insular Gyrus,Insular Lobe,0.0392,0.0397,2.0,2,51.0,11.57,7,11,0.2303
frontal,7,PoG,Postcentral Gyrus,Parietal Lobe,0.0392,0.0397,2.0,2,51.0,11.57,7,11,0.2303
frontal,8,BG,Basal Ganglia,Subcortical Nuclei,0.0196,0.0238,1.0,2,51.0,11.57,7,11,0.2303
frontal,9,PCL,Paracentral Lobule,Frontal Lobe,0.0196,0.0238,1.0,2,51.0,11.57,7,11,0.2303
frontal,10,CG,Cingulate Gyrus,Limbic Lobe,0.0196,0.0238,1.0,1,51.0,11.57,7,11,0.2303
frontal,11,IPL,Inferior Parietal Lobule,Parietal Lobe,0.0196,0.0238,1.0,1,51.0,11.57,7,11,0.2303
frontal and subcortical area,1,IFG,Inferior Frontal Gyrus,Frontal Lobe,1.0,0.1154,1.0,1,1.0,22.91,19,1,0.1153
frontal ba 10,1,MFG,Middle Frontal Gyrus,Frontal Lobe,1.0,0.1154,1.0,2,1.0,22.91,19,1,0.1153
frontal cortex,1,SFG,Superior Frontal Gyrus,Frontal Lobe,0.3,0.1591,3.0,4,10.0,17.55,16,6,0.1592
frontal cortex,2,MFG,Middle Frontal Gyrus,Frontal Lobe,0.3,0.1591,3.0,3,10.0,17.55,16,6,0.1592
frontal cortex,3,PrG,Precentral Gyrus,Frontal Lobe,0.1,0.0682,1.0,2,10.0,17.55,16,6,0.1592
frontal cortex,4,CG,Cingulate Gyrus,Limbic Lobe,0.1,0.0682,1.0,1,10.0,17.55,16,6,0.1592
frontal cortex,5,IFG,Inferior Frontal Gyrus,Frontal Lobe,0.1,0.0682,1.0,1,10.0,17.55,16,6,0.1592
frontal cortex,6,LOcC,lateral Occipital Cortex,Occipital Lobe,0.1,0.0682,1.0,1,10.0,17.55,16,6,0.1592
frontal cortex sma,1,SFG,Superior Frontal Gyrus,Frontal Lobe,1.0,0.1154,1.0,2,1.0,22.91,19,1,0.1153
frontal eye field,1,SFG,Superior Frontal Gyrus,Frontal Lobe,0.4091,0.2794,9.0,13,22.0,10.06,11,3,0.2794
frontal eye field,2,PrG,Precentral Gyrus,Frontal Lobe,0.3182,0.2206,7.0,9,22.0,10.06,11,3,0.2794
frontal eye field,3,MFG,Middle Frontal Gyrus,Frontal Lobe,0.2727,0.1912,6.0,8,22.0,10.06,11,3,0.2794
frontal eye field ba 8,1,MFG,Middle Frontal Gyrus,Frontal Lobe,1.0,0.1154,1.0,1,1.0,22.91,19,1,0.1153
frontal gyrus,1,IFG,Inferior Frontal Gyrus,Frontal Lobe,0.2,0.1136,2.0,6,10.0,18.22,16,6,0.1137
frontal gyrus,2,MFG,Middle Frontal Gyrus,Frontal Lobe,0.2,0.1136,2.0,5,10.0,18.22,16,6,0.1137
frontal gyrus,3,BG,Basal Ganglia,Subcortical Nuclei,0.2,0.1136,2.0,4,10.0,18.22,16,6,0.1137
frontal gyrus,4,PrG,Precentral Gyrus,Frontal Lobe,0.2,0.1136,2.0,2,10.0,18.22,16,6,0.1137
frontal gyrus,5,OrG,Orbital Gyrus,Frontal Lobe,0.1,0.0682,1.0,1,10.0,18.22,16,6,0.1137
frontal gyrus,6,SFG,Superior Frontal Gyrus,Frontal Lobe,0.1,0.0682,1.0,1,10.0,18.22,16,6,0.1137
frontal inf,1,MFG,Middle Frontal Gyrus,Frontal Lobe,1.0,0.1154,1.0,1,1.0,22.91,19,1,0.1153
frontal inf gy,1,IFG,Inferior Frontal Gyrus,Frontal Lobe,1.0,0.1154,1.0,3,1.0,22.91,19,1,0.1153
frontal inf oper,1,IFG,Inferior Frontal Gyrus,Frontal Lobe,0.4286,0.1842,3.0,4,7.0,17.01,17,3,0.1843
frontal inf oper,2,PrG,Precentral Gyrus,Frontal Lobe,0.4286,0.1842,3.0,4,7.0,17.01,17,3,0.1843
frontal inf oper,3,MFG,Middle Frontal Gyrus,Frontal Lobe,0.1429,0.0789,1.0,1,7.0,17.01,17,3,0.1843
frontal inf oper 44,1,MFG,Middle Frontal Gyrus,Frontal Lobe,0.5,0.1071,1.0,1,2.0,22.13,19,2,0.1071
frontal inf oper 44,2,PrG,Precentral Gyrus,Frontal Lobe,0.5,0.1071,1.0,1,2.0,22.13,19,2,0.1071
frontal inf orb,1,OrG,Orbital Gyrus,Frontal Lobe,0.6667,0.3542,8.0,12,12.0,12.96,15,4,0.3544
frontal inf orb,2,IFG,Inferior Frontal Gyrus,Frontal Lobe,0.1667,0.1042,2.0,2,12.0,12.96,15,4,0.3544
frontal inf orb,3,INS,Insular Gyrus,Insular Lobe,0.0833,0.0625,1.0,2,12.0,12.96,15,4,0.3544
frontal inf orb,4,MFG,Middle Frontal Gyrus,Frontal Lobe,0.0833,0.0625,1.0,1,12.0,12.96,15,4,0.3544
frontal inf orb 47,1,IFG,Inferior Frontal Gyrus,Frontal Lobe,1.0,0.1154,1.0,1,1.0,22.91,19,1,0.1153
frontal inf p o,1,IFG,Inferior Frontal Gyrus,Frontal Lobe,0.5,0.1071,1.0,1,2.0,22.13,19,2,0.1071
frontal inf p o,2,PrG,Precentral Gyrus,Frontal Lobe,0.5,0.1071,1.0,1,2.0,22.13,19,2,0.1071
frontal inf p t,1,IFG,Inferior Frontal Gyrus,Frontal Lobe,0.5,0.1071,1.0,1,2.0,22.13,19,2,0.1071
frontal inf p t,2,MFG,Middle Frontal Gyrus,Frontal Lobe,0.5,0.1071,1.0,1,2.0,22.13,19,2,0.1071
frontal inf tri,1,IFG,Inferior Frontal Gyrus,Frontal Lobe,0.625,0.375,10.0,17,16.0,9.87,13,2,0.3747
frontal inf tri,2,MFG,Middle Frontal Gyrus,Frontal Lobe,0.375,0.2321,6.0,10,16.0,9.87,13,2,0.3747
frontal inferior opercularis,1,MFG,Middle Frontal Gyrus,Frontal Lobe,1.0,0.1154,1.0,1,1.0,22.91,19,1,0.1153
frontal inferior operculum,1,PrG,Precentral Gyrus,Frontal Lobe,0.6667,0.1667,2.0,2,3.0,20.55,18,2,0.1668
frontal inferior operculum,2,IFG,Inferior Frontal Gyrus,Frontal Lobe,0.3333,0.1,1.0,2,3.0,20.55,18,2,0.1668
frontal inferior orbital gyrus,1,OrG,Orbital Gyrus,Frontal Lobe,1.0,0.1154,1.0,1,1.0,22.91,19,1,0.1153
frontal inferior triangularis,1,IFG,Inferior Frontal Gyrus,Frontal Lobe,1.0,0.1154,1.0,1,1.0,22.91,19,1,0.1153
frontal inferior triangularisangularis,1,IFG,Inferior Frontal Gyrus,Frontal Lobe,0.3333,0.1,1.0,2,3.0,21.57,18,3,0.1001
frontal inferior triangularisangularis,2,MFG,Middle Frontal Gyrus,Frontal Lobe,0.3333,0.1,1.0,2,3.0,21.57,18,3,0.1001
frontal inferior triangularisangularis,3,PoG,Postcentral Gyrus,Parietal Lobe,0.3333,0.1,1.0,1,3.0,21.57,18,3,0.1001
frontal insular cortex,1,OrG,Orbital Gyrus,Frontal Lobe,1.0,0.1154,1.0,2,1.0,22.91,19,1,0.1153
frontal lobe,1,MFG,Middle Frontal Gyrus,Frontal Lobe,0.2727,0.1912,6.0,8,22.0,15.78,11,10,0.1912
frontal lobe,2,SFG,Superior Frontal Gyrus,Frontal Lobe,0.1818,0.1324,4.0,4,22.0,15.78,11,10,0.1912
frontal lobe,3,IFG,Inferior Frontal Gyrus,Frontal Lobe,0.1364,0.1029,3.0,5,22.0,15.78,11,10,0.1912
frontal lobe,4,OrG,Orbital Gyrus,Frontal Lobe,0.0909,0.0735,2.0,12,22.0,15.78,11,10,0.1912
frontal lobe,5,PrG,Precentral Gyrus,Frontal Lobe,0.0909,0.0735,2.0,3,22.0,15.78,11,10,0.1912
frontal lobe,6,BG,Basal Ganglia,Subcortical Nuclei,0.0455,0.0441,1.0,1,22.0,15.78,11,10,0.1912
frontal lobe,7,CG,Cingulate Gyrus,Limbic Lobe,0.0455,0.0441,1.0,1,22.0,15.78,11,10,0.1912
frontal lobe,8,INS,Insular Gyrus,Insular Lobe,0.0455,0.0441,1.0,1,22.0,15.78,11,10,0.1912
frontal lobe,9,PoG,Postcentral Gyrus,Parietal Lobe,0.0455,0.0441,1.0,1,22.0,15.78,11,10,0.1912
frontal lobe,10,STG,Superior Temporal Gyrus,Temporal Lobe,0.0455,0.0441,1.0,1,22.0,15.78,11,10,0.1912
frontal lobe frame gyrus,1,MFG,Middle Frontal Gyrus,Frontal Lobe,1.0,0.1154,1.0,1,1.0,22.91,19,1,0.1153
frontal lobe frontal gyrus,1,SFG,Superior Frontal Gyrus,Frontal Lobe,1.0,0.1154,1.0,1,1.0,22.91,19,1,0.1153
frontal lobe inferior frontal gyrus,1,IFG,Inferior Frontal Gyrus,Frontal Lobe,0.5,0.1071,1.0,3,2.0,22.13,19,2,0.1071
frontal lobe inferior frontal gyrus,2,OrG,Orbital Gyrus,Frontal Lobe,0.5,0.1071,1.0,2,2.0,22.13,19,2,0.1071
frontal lobe medial frontal gyrus,1,SFG,Superior Frontal Gyrus,Frontal Lobe,1.0,0.1154,1.0,1,1.0,22.91,19,1,0.1153
frontal lobe paracentral lobule,1,Pcun,Precuneus,Parietal Lobe,1.0,0.1154,1.0,1,1.0,22.91,19,1,0.1153
frontal lobe sub gyral,1,MFG,Middle Frontal Gyrus,Frontal Lobe,1.0,0.1154,1.0,1,1.0,22.91,19,1,0.1153
frontal lobe superior frontal gyrus,1,SFG,Superior Frontal Gyrus,Frontal Lobe,1.0,0.1154,1.0,1,1.0,22.91,19,1,0.1153
frontal med orb,1,OrG,Orbital Gyrus,Frontal Lobe,1.0,0.2812,4.0,5,4.0,17.24,18,1,0.2815
frontal med orb and,1,OrG,Orbital Gyrus,Frontal Lobe,1.0,0.1154,1.0,1,1.0,22.91,19,1,0.1153
frontal medial,1,SFG,Superior Frontal Gyrus,Frontal Lobe,1.0,0.1154,1.0,1,1.0,22.91,19,1,0.1153
frontal medial cortex,1,CG,Cingulate Gyrus,Limbic Lobe,0.4,0.1471,2.0,3,5.0,19.22,18,3,0.1471
frontal medial cortex,2,SFG,Superior Frontal Gyrus,Frontal Lobe,0.4,0.1471,2.0,2,5.0,19.22,18,3,0.1471
frontal medial cortex,3,OrG,Orbital Gyrus,Frontal Lobe,0.2,0.0882,1.0,1,5.0,19.22,18,3,0.1471
frontal medial gyrus,1,MFG,Middle Frontal Gyrus,Frontal Lobe,1.0,0.1154,1.0,1,1.0,22.91,19,1,0.1153
frontal mid,1,MFG,Middle Frontal Gyrus,Frontal Lobe,0.7857,0.4423,11.0,19,14.0,10.44,14,3,0.4426
frontal mid,2,PrG,Precentral Gyrus,Frontal Lobe,0.1429,0.0962,2.0,2,14.0,10.44,14,3,0.4426
frontal mid,3,SFG,Superior Frontal Gyrus,Frontal Lobe,0.0714,0.0577,1.0,1,14.0,10.44,14,3,0.4426
frontal mid 5,1,MFG,Middle Frontal Gyrus,Frontal Lobe,1.0,0.1154,1.0,2,1.0,22.91,19,1,0.1153
frontal mid 8,1,PrG,Precentral Gyrus,Frontal Lobe,1.0,0.1154,1.0,1,1.0,22.91,19,1,0.1153
frontal mid orb,1,OrG,Orbital Gyrus,Frontal Lobe,0.8,0.2647,4.0,5,5.0,17.25,18,2,0.2648
frontal mid orb,2,IFG,Inferior Frontal Gyrus,Frontal Lobe,0.2,0.0882,1.0,2,5.0,17.25,18,2,0.2648
frontal middle,1,BG,Basal Ganglia,Subcortical Nuclei,0.5,0.1071,1.0,1,2.0,22.13,19,2,0.1071
frontal middle,2,SFG,Superior Frontal Gyrus,Frontal Lobe,0.5,0.1071,1.0,1,2.0,22.13,19,2,0.1071
frontal middle gyrus,1,MFG,Middle Frontal Gyrus,Frontal Lobe,0.6667,0.1667,2.0,3,3.0,20.55,18,2,0.1668
frontal middle gyrus,2,IFG,Inferior Frontal Gyrus,Frontal Lobe,0.3333,0.1,1.0,1,3.0,20.55,18,2,0.1668
frontal middle orbital,1,OrG,Orbital Gyrus,Frontal Lobe,1.0,0.1154,1.0,1,1.0,22.91,19,1,0.1153
frontal middle orbital gyrus,1,MFG,Middle Frontal Gyrus,Frontal Lobe,0.5,0.1071,1.0,2,2.0,22.13,19,2,0.1071
frontal middle orbital gyrus,2,OrG,Orbital Gyrus,Frontal Lobe,0.5,0.1071,1.0,2,2.0,22.13,19,2,0.1071
frontal network,1,MFG,Middle Frontal Gyrus,Frontal Lobe,1.0,0.1154,1.0,1,1.0,22.91,19,1,0.1153
frontal operculum,1,IFG,Inferior Frontal Gyrus,Frontal Lobe,0.5417,0.375,13.0,14,24.0,10.32,10,5,0.3749
frontal operculum,2,INS,Insular Gyrus,Insular Lobe,0.1667,0.125,4.0,5,24.0,10.32,10,5,0.3749
frontal operculum,3,PrG,Precentral Gyrus,Frontal Lobe,0.1667,0.125,4.0,4,24.0,10.32,10,5,0.3749
frontal operculum,4,OrG,Orbital Gyrus,Frontal Lobe,0.0833,0.0694,2.0,3,24.0,10.32,10,5,0.3749
frontal operculum,5,MFG,Middle Frontal Gyrus,Frontal Lobe,0.0417,0.0417,1.0,1,24.0,10.32,10,5,0.3749
frontal operculum cortex,1,INS,Insular Gyrus,Insular Lobe,0.5556,0.2619,5.0,5,9.0,13.99,16,2,0.262
frontal operculum cortex,2,IFG,Inferior Frontal Gyrus,Frontal Lobe,0.4444,0.2143,4.0,4,9.0,13.99,16,2,0.262
frontal operculum p opercularis,1,PrG,Precentral Gyrus,Frontal Lobe,1.0,0.1154,1.0,1,1.0,22.91,19,1,0.1153
frontal operculum p triangularis,1,IFG,Inferior Frontal Gyrus,Frontal Lobe,1.0,0.1154,1.0,1,1.0,22.91,19,1,0.1153
frontal orbital,1,INS,Insular Gyrus,Insular Lobe,0.5,0.1071,1.0,2,2.0,22.13,19,2,0.1071
frontal orbital,2,OrG,Orbital Gyrus,Frontal Lobe,0.5,0.1071,1.0,1,2.0,22.13,19,2,0.1071
frontal orbital cortex,1,IFG,Inferior Frontal Gyrus,Frontal Lobe,0.3913,0.2714,9.0,10,23.0,10.45,11,4,0.2713
frontal orbital cortex,2,OrG,Orbital Gyrus,Frontal Lobe,0.3043,0.2143,7.0,11,23.0,10.45,11,4,0.2713
frontal orbital cortex,3,INS,Insular Gyrus,Insular Lobe,0.2609,0.1857,6.0,8,23.0,10.45,11,4,0.2713
frontal orbital cortex,4,MFG,Middle Frontal Gyrus,Frontal Lobe,0.0435,0.0429,1.0,1,23.0,10.45,11,4,0.2713
frontal polar,1,MFG,Middle Frontal Gyrus,Frontal Lobe,1.0,0.1786,2.0,2,2.0,21.0,19,1,0.1787
frontal polar c,1,MFG,Middle Frontal Gyrus,Frontal Lobe,1.0,0.1154,1.0,1,1.0,22.91,19,1,0.1153
frontal pole,1,MFG,Middle Frontal Gyrus,Frontal Lobe,0.5253,0.473,52.0,94,99.0,6.07,4,10,0.473
frontal pole,2,SFG,Superior Frontal Gyrus,Frontal Lobe,0.202,0.1847,20.0,25,99.0,6.07,4,10,0.473
frontal pole,3,OrG,Orbital Gyrus,Frontal Lobe,0.1414,0.1306,14.0,18,99.0,6.07,4,10,0.473
frontal pole,4,IFG,Inferior Frontal Gyrus,Frontal Lobe,0.0707,0.0676,7.0,11,99.0,6.07,4,10,0.473
frontal pole,5,BG,Basal Ganglia,Subcortical Nuclei,0.0101,0.0135,1.0,1,99.0,6.07,4,10,0.473
frontal pole,6,CG,Cingulate Gyrus,Limbic Lobe,0.0101,0.0135,1.0,1,99.0,6.07,4,10,0.473
frontal pole,7,Hipp,Hippocampus,Subcortical Nuclei,0.0101,0.0135,1.0,1,99.0,6.07,4,10,0.473
frontal pole,8,MTG,Middle Temporal Gyrus,Temporal Lobe,0.0101,0.0135,1.0,1,99.0,6.07,4,10,0.473
frontal pole,9,MVOcC,MedioVentral Occipital Cortex,Occipital Lobe,0.0101,0.0135,1.0,1,99.0,6.07,4,10,0.473
frontal pole,10,PhG,Parahippocampal Gyrus,Temporal Lobe,0.0101,0.0135,1.0,1,99.0,6.07,4,10,0.473
frontal pole 9,1,SFG,Superior Frontal Gyrus,Frontal Lobe,1.0,0.1154,1.0,1,1.0,22.91,19,1,0.1153
frontal pole anterior medial prefrontal cortex,1,SFG,Superior Frontal Gyrus,Frontal Lobe,1.0,0.1154,1.0,2,1.0,22.91,19,1,0.1153
frontal pole ba 10,1,MFG,Middle Frontal Gyrus,Frontal Lobe,1.0,0.1786,2.0,2,2.0,21.0,19,1,0.1787
frontal pole cortex,1,MFG,Middle Frontal Gyrus,Frontal Lobe,1.0,0.1154,1.0,2,1.0,22.91,19,1,0.1153
frontal poleb,1,OrG,Orbital Gyrus,Frontal Lobe,1.0,0.1154,1.0,1,1.0,22.91,19,1,0.1153
frontal sub gyral,1,BG,Basal Ganglia,Subcortical Nuclei,0.5,0.1071,1.0,1,2.0,22.13,19,2,0.1071
frontal sub gyral,2,PrG,Precentral Gyrus,Frontal Lobe,0.5,0.1071,1.0,1,2.0,22.13,19,2,0.1071
frontal sub gyral ba 6,1,Tha,Thalamus,Subcortical Nuclei,1.0,0.1154,1.0,1,1.0,22.91,19,1,0.1153
frontal subgyral,1,IFG,Inferior Frontal Gyrus,Frontal Lobe,1.0,0.1154,1.0,1,1.0,22.91,19,1,0.1153
frontal sup,1,SFG,Superior Frontal Gyrus,Frontal Lobe,0.5,0.3167,9.0,14,18.0,10.81,13,3,0.3164
frontal sup,2,MFG,Middle Frontal Gyrus,Frontal Lobe,0.3333,0.2167,6.0,6,18.0,10.81,13,3,0.3164
frontal sup,3,PrG,Precentral Gyrus,Frontal Lobe,0.1667,0.1167,3.0,3,18.0,10.81,13,3,0.3164
frontal sup medeal,1,SFG,Superior Frontal Gyrus,Frontal Lobe,1.0,0.1154,1.0,1,1.0,22.91,19,1,0.1153
frontal sup media,1,SFG,Superior Frontal Gyrus,Frontal Lobe,1.0,0.1154,1.0,3,1.0,22.91,19,1,0.1153
frontal sup medial,1,SFG,Superior Frontal Gyrus,Frontal Lobe,0.875,0.375,7.0,11,8.0,13.34,16,2,0.375
frontal sup medial,2,BG,Basal Ganglia,Subcortical Nuclei,0.125,0.075,1.0,1,8.0,13.34,16,2,0.375
frontal sup orb,1,OrG,Orbital Gyrus,Frontal Lobe,1.0,0.2812,4.0,7,4.0,17.24,18,1,0.2815
frontal superior,1,MFG,Middle Frontal Gyrus,Frontal Lobe,1.0,0.1154,1.0,1,1.0,22.91,19,1,0.1153
frontal superior gyrus,1,PrG,Precentral Gyrus,Frontal Lobe,0.5,0.1071,1.0,1,2.0,22.13,19,2,0.1071
frontal superior gyrus,2,SFG,Superior Frontal Gyrus,Frontal Lobe,0.5,0.1071,1.0,1,2.0,22.13,19,2,0.1071
frontal superior medial,1,SFG,Superior Frontal Gyrus,Frontal Lobe,1.0,0.1154,1.0,1,1.0,22.91,19,1,0.1153
frontal superior medial ba 10,1,SFG,Superior Frontal Gyrus,Frontal Lobe,1.0,0.1154,1.0,1,1.0,22.91,19,1,0.1153
frontal superior medial gyrus,1,SFG,Superior Frontal Gyrus,Frontal Lobe,1.0,0.1786,2.0,3,2.0,21.0,19,1,0.1787
frontal superior medial gyrus ba 32,1,SFG,Superior Frontal Gyrus,Frontal Lobe,1.0,0.1154,1.0,1,1.0,22.91,19,1,0.1153
frontal superior orbital gyrus,1,OrG,Orbital Gyrus,Frontal Lobe,1.0,0.1154,1.0,1,1.0,22.91,19,1,0.1153
frontal triangular gyrus,1,IFG,Inferior Frontal Gyrus,Frontal Lobe,1.0,0.1154,1.0,1,1.0,22.91,19,1,0.1153
frontal wm,1,PoG,Postcentral Gyrus,Parietal Lobe,0.5,0.1071,1.0,1,2.0,22.13,19,2,0.1071
frontal wm,2,SFG,Superior Frontal Gyrus,Frontal Lobe,0.5,0.1071,1.0,1,2.0,22.13,19,2,0.1071
fronto insular cortex,1,IFG,Inferior Frontal Gyrus,Frontal Lobe,0.5,0.1071,1.0,2,2.0,22.13,19,2,0.1071
fronto insular cortex,2,INS,Insular Gyrus,Insular Lobe,0.5,0.1071,1.0,1,2.0,22.13,19,2,0.1071
fronto marginal gyrus and sulcus,1,MFG,Middle Frontal Gyrus,Frontal Lobe,1.0,0.1154,1.0,1,1.0,22.91,19,1,0.1153
fronto occipital fasciculus,1,BG,Basal Ganglia,Subcortical Nuclei,0.5,0.1071,1.0,1,2.0,22.13,19,2,0.1071
fronto occipital fasciculus,2,INS,Insular Gyrus,Insular Lobe,0.5,0.1071,1.0,1,2.0,22.13,19,2,0.1071
fronto polar,1,MFG,Middle Frontal Gyrus,Frontal Lobe,1.0,0.1154,1.0,1,1.0,22.91,19,1,0.1153
fronto polar cortex,1,MFG,Middle Frontal Gyrus,Frontal Lobe,1.0,0.1154,1.0,1,1.0,22.91,19,1,0.1153
fronto superior medial gyrus ba 9,1,SFG,Superior Frontal Gyrus,Frontal Lobe,1.0,0.1154,1.0,1,1.0,22.91,19,1,0.1153
frontoinsula,1,OrG,Orbital Gyrus,Frontal Lobe,1.0,0.1154,1.0,1,1.0,22.91,19,1,0.1153
frontomarginal sulcus,1,MFG,Middle Frontal Gyrus,Frontal Lobe,1.0,0.1154,1.0,1,1.0,22.91,19,1,0.1153
frontomedial cortex,1,SFG,Superior Frontal Gyrus,Frontal Lobe,1.0,0.1154,1.0,1,1.0,22.91,19,1,0.1153
frontoparietal operculum,1,PoG,Postcentral Gyrus,Parietal Lobe,1.0,0.1154,1.0,1,1.0,22.91,19,1,0.1153
frontopolar,1,MFG,Middle Frontal Gyrus,Frontal Lobe,1.0,0.1154,1.0,2,1.0,22.91,19,1,0.1153
frontopolar 10,1,SFG,Superior Frontal Gyrus,Frontal Lobe,1.0,0.1154,1.0,2,1.0,22.91,19,1,0.1153
frontopolar area,1,OrG,Orbital Gyrus,Frontal Lobe,1.0,0.1154,1.0,1,1.0,22.91,19,1,0.1153
frontopolar cortex,1,MFG,Middle Frontal Gyrus,Frontal Lobe,0.7333,0.4259,11.0,17,15.0,10.38,14,3,0.4261
frontopolar cortex,2,OrG,Orbital Gyrus,Frontal Lobe,0.2,0.1296,3.0,3,15.0,10.38,14,3,0.4261
frontopolar cortex,3,SFG,Superior Frontal Gyrus,Frontal Lobe,0.0667,0.0556,1.0,1,15.0,10.38,14,3,0.4261
frontopolar cortex ba 10,1,MFG,Middle Frontal Gyrus,Frontal Lobe,1.0,0.1786,2.0,2,2.0,21.0,19,1,0.1787
frpole,1,IFG,Inferior Frontal Gyrus,Frontal Lobe,1.0,0.1154,1.0,1,1.0,22.91,19,1,0.1153
furiform gyrus,1,PhG,Parahippocampal Gyrus,Temporal Lobe,1.0,0.1154,1.0,1,1.0,22.91,19,1,0.1153
fus,1,MFG,Middle Frontal Gyrus,Frontal Lobe,1.0,0.1154,1.0,1,1.0,22.91,19,1,0.1153
fus gyr,1,FuG,Fusiform Gyrus,Temporal Lobe,1.0,0.1154,1.0,1,1.0,22.91,19,1,0.1153
fusi,1,PhG,Parahippocampal Gyrus,Temporal Lobe,1.0,0.1154,1.0,1,1.0,22.91,19,1,0.1153
fusicform,1,MVOcC,MedioVentral Occipital Cortex,Occipital Lobe,1.0,0.1154,1.0,1,1.0,22.91,19,1,0.1153
fusifom gyrus,1,IPL,Inferior Parietal Lobule,Parietal Lobe,1.0,0.1154,1.0,1,1.0,22.91,19,1,0.1153
fusiform,1,FuG,Fusiform Gyrus,Temporal Lobe,0.6429,0.5677,54.0,93,84.0,6.02,5,11,0.5679
fusiform,2,PhG,Parahippocampal Gyrus,Temporal Lobe,0.0952,0.0885,8.0,9,84.0,6.02,5,11,0.5679
fusiform,3,MVOcC,MedioVentral Occipital Cortex,Occipital Lobe,0.0833,0.0781,7.0,10,84.0,6.02,5,11,0.5679
fusiform,4,ITG,Inferior Temporal Gyrus,Temporal Lobe,0.0595,0.0573,5.0,5,84.0,6.02,5,11,0.5679
fusiform,5,LOcC,lateral Occipital Cortex,Occipital Lobe,0.0357,0.0365,3.0,3,84.0,6.02,5,11,0.5679
fusiform,6,Hipp,Hippocampus,Subcortical Nuclei,0.0238,0.026,2.0,2,84.0,6.02,5,11,0.5679
fusiform,7,pSTS,posterior Superior Temporal Sulcus,Temporal Lobe,0.0119,0.0156,1.0,2,84.0,6.02,5,11,0.5679
fusiform,8,BG,Basal Ganglia,Subcortical Nuclei,0.0119,0.0156,1.0,1,84.0,6.02,5,11,0.5679
fusiform,9,INS,Insular Gyrus,Insular Lobe,0.0119,0.0156,1.0,1,84.0,6.02,5,11,0.5679
fusiform,10,IPL,Inferior Parietal Lobule,Parietal Lobe,0.0119,0.0156,1.0,1,84.0,6.02,5,11,0.5679
fusiform,11,MTG,Middle Temporal Gyrus,Temporal Lobe,0.0119,0.0156,1.0,1,84.0,6.02,5,11,0.5679
fusiform area,1,MVOcC,MedioVentral Occipital Cortex,Occipital Lobe,0.3333,0.1,1.0,6,3.0,21.57,18,3,0.1001
fusiform area,2,FuG,Fusiform Gyrus,Temporal Lobe,0.3333,0.1,1.0,1,3.0,21.57,18,3,0.1001
fusiform area,3,ITG,Inferior Temporal Gyrus,Temporal Lobe,0.3333,0.1,1.0,1,3.0,21.57,18,3,0.1001
fusiform ba 19 20 20,1,FuG,Fusiform Gyrus,Temporal Lobe,1.0,0.1154,1.0,1,1.0,22.91,19,1,0.1153
fusiform ba 19 20 37,1,FuG,Fusiform Gyrus,Temporal Lobe,1.0,0.1154,1.0,1,1.0,22.91,19,1,0.1153
fusiform ba 19 37,1,FuG,Fusiform Gyrus,Temporal Lobe,1.0,0.1154,1.0,4,1.0,22.91,19,1,0.1153
fusiform ba 37,1,FuG,Fusiform Gyrus,Temporal Lobe,1.0,0.1154,1.0,2,1.0,22.91,19,1,0.1153
fusiform cortex,1,FuG,Fusiform Gyrus,Temporal Lobe,1.0,0.2812,4.0,5,4.0,17.24,18,1,0.2815
fusiform cortex ba 37,1,FuG,Fusiform Gyrus,Temporal Lobe,1.0,0.1154,1.0,3,1.0,22.91,19,1,0.1153
fusiform face area,1,FuG,Fusiform Gyrus,Temporal Lobe,1.0,0.1154,1.0,1,1.0,22.91,19,1,0.1153
fusiform face area ba 19,1,FuG,Fusiform Gyrus,Temporal Lobe,1.0,0.1154,1.0,1,1.0,22.91,19,1,0.1153
fusiform g,1,FuG,Fusiform Gyrus,Temporal Lobe,0.5,0.225,4.0,6,8.0,16.92,16,4,0.225
fusiform g,2,ITG,Inferior Temporal Gyrus,Temporal Lobe,0.25,0.125,2.0,7,8.0,16.92,16,4,0.225
fusiform g,3,LOcC,lateral Occipital Cortex,Occipital Lobe,0.125,0.075,1.0,3,8.0,16.92,16,4,0.225
fusiform g,4,MVOcC,MedioVentral Occipital Cortex,Occipital Lobe,0.125,0.075,1.0,1,8.0,16.92,16,4,0.225
fusiform g ba 19,1,FuG,Fusiform Gyrus,Temporal Lobe,1.0,0.1154,1.0,1,1.0,22.91,19,1,0.1153
fusiform gy,1,MVOcC,MedioVentral Occipital Cortex,Occipital Lobe,0.5,0.1071,1.0,1,2.0,22.13,19,2,0.1071
fusiform gy,2,PhG,Parahippocampal Gyrus,Temporal Lobe,0.5,0.1071,1.0,1,2.0,22.13,19,2,0.1071
fusiform gyq,1,MVOcC,MedioVentral Occipital Cortex,Occipital Lobe,1.0,0.1154,1.0,1,1.0,22.91,19,1,0.1153
fusiform gyr,1,FuG,Fusiform Gyrus,Temporal Lobe,1.0,0.1786,2.0,2,2.0,21.0,19,1,0.1787
fusiform gyrsu,1,FuG,Fusiform Gyrus,Temporal Lobe,1.0,0.1154,1.0,1,1.0,22.91,19,1,0.1153
fusiform gyrus,1,FuG,Fusiform Gyrus,Temporal Lobe,0.5871,0.5701,219.0,446,373.0,4.97,4,13,0.5701
fusiform gyrus,2,LOcC,lateral Occipital Cortex,Occipital Lobe,0.1046,0.1026,39.0,46,373.0,4.97,4,13,0.5701
fusiform gyrus,3,ITG,Inferior Temporal Gyrus,Temporal Lobe,0.0804,0.0792,30.0,37,373.0,4.97,4,13,0.5701
fusiform gyrus,4,MVOcC,MedioVentral Occipital Cortex,Occipital Lobe,0.0777,0.0766,29.0,35,373.0,4.97,4,13,0.5701
fusiform gyrus,5,PhG,Parahippocampal Gyrus,Temporal Lobe,0.0724,0.0714,27.0,35,373.0,4.97,4,13,0.5701
fusiform gyrus,6,MFG,Middle Frontal Gyrus,Frontal Lobe,0.0241,0.0247,9.0,11,373.0,4.97,4,13,0.5701
fusiform gyrus,7,Hipp,Hippocampus,Subcortical Nuclei,0.0214,0.0221,8.0,9,373.0,4.97,4,13,0.5701
fusiform gyrus,8,MTG,Middle Temporal Gyrus,Temporal Lobe,0.0107,0.0117,4.0,4,373.0,4.97,4,13,0.5701
fusiform gyrus,9,IPL,Inferior Parietal Lobule,Parietal Lobe,0.008,0.0091,3.0,3,373.0,4.97,4,13,0.5701
fusiform gyrus,10,OrG,Orbital Gyrus,Frontal Lobe,0.0054,0.0065,2.0,3,373.0,4.97,4,13,0.5701
fusiform gyrus,11,INS,Insular Gyrus,Insular Lobe,0.0027,0.0039,1.0,1,373.0,4.97,4,13,0.5701
fusiform gyrus,12,STG,Superior Temporal Gyrus,Temporal Lobe,0.0027,0.0039,1.0,1,373.0,4.97,4,13,0.5701
fusiform gyrus,13,pSTS,posterior Superior Temporal Sulcus,Temporal Lobe,0.0027,0.0039,1.0,1,373.0,4.97,4,13,0.5701
fusiform gyrus 19,1,MVOcC,MedioVentral Occipital Cortex,Occipital Lobe,0.375,0.175,3.0,4,8.0,17.17,16,4,0.175
fusiform gyrus 19,2,FuG,Fusiform Gyrus,Temporal Lobe,0.375,0.175,3.0,3,8.0,17.17,16,4,0.175
fusiform gyrus 19,3,LOcC,lateral Occipital Cortex,Occipital Lobe,0.125,0.075,1.0,1,8.0,17.17,16,4,0.175
fusiform gyrus 19,4,MFG,Middle Frontal Gyrus,Frontal Lobe,0.125,0.075,1.0,1,8.0,17.17,16,4,0.175
fusiform gyrus 20,1,FuG,Fusiform Gyrus,Temporal Lobe,0.6667,0.1667,2.0,4,3.0,20.55,18,2,0.1668
fusiform gyrus 20,2,STG,Superior Temporal Gyrus,Temporal Lobe,0.3333,0.1,1.0,1,3.0,20.55,18,2,0.1668
fusiform gyrus 20 37,1,FuG,Fusiform Gyrus,Temporal Lobe,1.0,0.1154,1.0,1,1.0,22.91,19,1,0.1153
fusiform gyrus 36,1,MFG,Middle Frontal Gyrus,Frontal Lobe,1.0,0.1154,1.0,1,1.0,22.91,19,1,0.1153
fusiform gyrus 37,1,FuG,Fusiform Gyrus,Temporal Lobe,0.7,0.3409,7.0,17,10.0,13.95,16,4,0.3411
fusiform gyrus 37,2,ITG,Inferior Temporal Gyrus,Temporal Lobe,0.1,0.0682,1.0,2,10.0,13.95,16,4,0.3411
fusiform gyrus 37,3,MFG,Middle Frontal Gyrus,Frontal Lobe,0.1,0.0682,1.0,2,10.0,13.95,16,4,0.3411
fusiform gyrus 37,4,pSTS,posterior Superior Temporal Sulcus,Temporal Lobe,0.1,0.0682,1.0,1,10.0,13.95,16,4,0.3411
fusiform gyrus and lingual gyrus,1,FuG,Fusiform Gyrus,Temporal Lobe,1.0,0.1154,1.0,1,1.0,22.91,19,1,0.1153
fusiform gyrus ba 18,1,LOcC,lateral Occipital Cortex,Occipital Lobe,1.0,0.1154,1.0,1,1.0,22.91,19,1,0.1153
fusiform gyrus ba 19,1,FuG,Fusiform Gyrus,Temporal Lobe,0.5,0.1562,2.0,2,4.0,20.24,18,3,0.1564
fusiform gyrus ba 19,2,LOcC,lateral Occipital Cortex,Occipital Lobe,0.25,0.0938,1.0,2,4.0,20.24,18,3,0.1564
fusiform gyrus ba 19,3,IFG,Inferior Frontal Gyrus,Frontal Lobe,0.25,0.0938,1.0,1,4.0,20.24,18,3,0.1564
fusiform gyrus ba 36,1,FuG,Fusiform Gyrus,Temporal Lobe,1.0,0.1154,1.0,1,1.0,22.91,19,1,0.1153
fusiform gyrus ba 37,1,FuG,Fusiform Gyrus,Temporal Lobe,0.5,0.225,4.0,4,8.0,16.92,16,4,0.225
fusiform gyrus ba 37,2,ITG,Inferior Temporal Gyrus,Temporal Lobe,0.25,0.125,2.0,3,8.0,16.92,16,4,0.225
fusiform gyrus ba 37,3,Hipp,Hippocampus,Subcortical Nuclei,0.125,0.075,1.0,1,8.0,16.92,16,4,0.225
fusiform gyrus ba 37,4,LOcC,lateral Occipital Cortex,Occipital Lobe,0.125,0.075,1.0,1,8.0,16.92,16,4,0.225
fusiform gyrus ba 37 include parahippocampal gyrus ba 36,1,FuG,Fusiform Gyrus,Temporal Lobe,1.0,0.1154,1.0,1,1.0,22.91,19,1,0.1153
fusiform gyrusa,1,FuG,Fusiform Gyrus,Temporal Lobe,1.0,0.1154,1.0,1,1.0,22.91,19,1,0.1153
fusiform itg,1,FuG,Fusiform Gyrus,Temporal Lobe,1.0,0.1154,1.0,1,1.0,22.91,19,1,0.1153
fusiformgyrus,1,FuG,Fusiform Gyrus,Temporal Lobe,1.0,0.1154,1.0,1,1.0,22.91,19,1,0.1153
fusifrom gyrus,1,ITG,Inferior Temporal Gyrus,Temporal Lobe,1.0,0.1154,1.0,1,1.0,22.91,19,1,0.1153
g1 temporal lobe ba 37,1,pSTS,posterior Superior Temporal Sulcus,Temporal Lobe,1.0,0.1154,1.0,1,1.0,22.91,19,1,0.1153
g8 insular and sublobar,1,INS,Insular Gyrus,Insular Lobe,1.0,0.1154,1.0,1,1.0,22.91,19,1,0.1153
ga ba 39,1,IPL,Inferior Parietal Lobule,Parietal Lobe,1.0,0.1154,1.0,2,1.0,22.91,19,1,0.1153
gc ba 31,1,CG,Cingulate Gyrus,Limbic Lobe,0.5,0.1071,1.0,2,2.0,22.13,19,2,0.1071
gc ba 31,2,Pcun,Precuneus,Parietal Lobe,0.5,0.1071,1.0,1,2.0,22.13,19,2,0.1071
gc ba 32,1,CG,Cingulate Gyrus,Limbic Lobe,1.0,0.1154,1.0,3,1.0,22.91,19,1,0.1153
genu,1,BG,Basal Ganglia,Subcortical Nuclei,1.0,0.1154,1.0,1,1.0,22.91,19,1,0.1153
genu of corpus callosum,1,SFG,Superior Frontal Gyrus,Frontal Lobe,1.0,0.1154,1.0,1,1.0,22.91,19,1,0.1153
gf ba 19,1,FuG,Fusiform Gyrus,Temporal Lobe,1.0,0.1154,1.0,1,1.0,22.91,19,1,0.1153
gfd ba 10,1,SFG,Superior Frontal Gyrus,Frontal Lobe,1.0,0.1154,1.0,2,1.0,22.91,19,1,0.1153
gfd ba 6,1,SFG,Superior Frontal Gyrus,Frontal Lobe,1.0,0.1154,1.0,2,1.0,22.91,19,1,0.1153
gfd ba 8,1,SFG,Superior Frontal Gyrus,Frontal Lobe,1.0,0.1154,1.0,3,1.0,22.91,19,1,0.1153
gfd ba 9,1,SFG,Superior Frontal Gyrus,Frontal Lobe,1.0,0.1154,1.0,1,1.0,22.91,19,1,0.1153
gfi ba 44,1,PrG,Precentral Gyrus,Frontal Lobe,0.3333,0.1,1.0,3,3.0,21.57,18,3,0.1001
gfi ba 44,2,IFG,Inferior Frontal Gyrus,Frontal Lobe,0.3333,0.1,1.0,1,3.0,21.57,18,3,0.1001
gfi ba 44,3,PoG,Postcentral Gyrus,Parietal Lobe,0.3333,0.1,1.0,1,3.0,21.57,18,3,0.1001
gfi ba 45,1,IFG,Inferior Frontal Gyrus,Frontal Lobe,1.0,0.1154,1.0,2,1.0,22.91,19,1,0.1153
gfi ba 47,1,INS,Insular Gyrus,Insular Lobe,0.3333,0.1,1.0,2,3.0,21.57,18,3,0.1001
gfi ba 47,2,MTG,Middle Temporal Gyrus,Temporal Lobe,0.3333,0.1,1.0,1,3.0,21.57,18,3,0.1001
gfi ba 47,3,OrG,Orbital Gyrus,Frontal Lobe,0.3333,0.1,1.0,1,3.0,21.57,18,3,0.1001
gfm ba 10,1,MFG,Middle Frontal Gyrus,Frontal Lobe,0.5,0.1071,1.0,1,2.0,22.13,19,2,0.1071
gfm ba 10,2,OrG,Orbital Gyrus,Frontal Lobe,0.5,0.1071,1.0,1,2.0,22.13,19,2,0.1071
gfm ba 46,1,MFG,Middle Frontal Gyrus,Frontal Lobe,1.0,0.1154,1.0,2,1.0,22.91,19,1,0.1153
gfm ba 46 9,1,MFG,Middle Frontal Gyrus,Frontal Lobe,1.0,0.1154,1.0,1,1.0,22.91,19,1,0.1153
gfm ba 6,1,PrG,Precentral Gyrus,Frontal Lobe,0.5,0.1071,1.0,2,2.0,22.13,19,2,0.1071
gfm ba 6,2,MFG,Middle Frontal Gyrus,Frontal Lobe,0.5,0.1071,1.0,1,2.0,22.13,19,2,0.1071
gfm ba 8,1,MFG,Middle Frontal Gyrus,Frontal Lobe,1.0,0.1154,1.0,1,1.0,22.91,19,1,0.1153
gfm ba 9,1,MFG,Middle Frontal Gyrus,Frontal Lobe,0.3333,0.1,1.0,2,3.0,21.57,18,3,0.1001
gfm ba 9,2,INS,Insular Gyrus,Insular Lobe,0.3333,0.1,1.0,1,3.0,21.57,18,3,0.1001
gfm ba 9,3,SFG,Superior Frontal Gyrus,Frontal Lobe,0.3333,0.1,1.0,1,3.0,21.57,18,3,0.1001
gfs ba 10,1,MFG,Middle Frontal Gyrus,Frontal Lobe,0.5,0.1071,1.0,4,2.0,22.13,19,2,0.1071
gfs ba 10,2,OrG,Orbital Gyrus,Frontal Lobe,0.5,0.1071,1.0,2,2.0,22.13,19,2,0.1071
gfs ba 9,1,MFG,Middle Frontal Gyrus,Frontal Lobe,1.0,0.1154,1.0,2,1.0,22.91,19,1,0.1153
gh ba 28,1,PhG,Parahippocampal Gyrus,Temporal Lobe,1.0,0.1154,1.0,1,1.0,22.91,19,1,0.1153
gh ba 28 35,1,Hipp,Hippocampus,Subcortical Nuclei,1.0,0.1154,1.0,1,1.0,22.91,19,1,0.1153
gl ba 17 18,1,MVOcC,MedioVentral Occipital Cortex,Occipital Lobe,1.0,0.1154,1.0,1,1.0,22.91,19,1,0.1153
gl ba 18,1,LOcC,lateral Occipital Cortex,Occipital Lobe,0.5,0.1071,1.0,3,2.0,22.13,19,2,0.1071
gl ba 18,2,MVOcC,MedioVentral Occipital Cortex,Occipital Lobe,0.5,0.1071,1.0,2,2.0,22.13,19,2,0.1071
gl ba 19,1,FuG,Fusiform Gyrus,Temporal Lobe,0.3333,0.1,1.0,1,3.0,21.57,18,3,0.1001
gl ba 19,2,IPL,Inferior Parietal Lobule,Parietal Lobe,0.3333,0.1,1.0,1,3.0,21.57,18,3,0.1001
gl ba 19,3,MVOcC,MedioVentral Occipital Cortex,Occipital Lobe,0.3333,0.1,1.0,1,3.0,21.57,18,3,0.1001
gl pallidus,1,BG,Basal Ganglia,Subcortical Nuclei,1.0,0.1154,1.0,1,1.0,22.91,19,1,0.1153
global pallidus,1,BG,Basal Ganglia,Subcortical Nuclei,1.0,0.1154,1.0,2,1.0,22.91,19,1,0.1153
globus pallidum,1,BG,Basal Ganglia,Subcortical Nuclei,1.0,0.1786,2.0,2,2.0,21.0,19,1,0.1787
globus pallidus,1,BG,Basal Ganglia,Subcortical Nuclei,0.8667,0.7529,65.0,82,75.0,3.06,2,2,0.7537
globus pallidus,2,Tha,Thalamus,Subcortical Nuclei,0.1333,0.1207,10.0,12,75.0,3.06,2,2,0.7537
go ba 19,1,LOcC,lateral Occipital Cortex,Occipital Lobe,0.5,0.1071,1.0,2,2.0,22.13,19,2,0.1071
go ba 19,2,IPL,Inferior Parietal Lobule,Parietal Lobe,0.5,0.1071,1.0,1,2.0,22.13,19,2,0.1071
gom,1,ITG,Inferior Temporal Gyrus,Temporal Lobe,1.0,0.1154,1.0,1,1.0,22.91,19,1,0.1153
gom ba 18,1,LOcC,lateral Occipital Cortex,Occipital Lobe,1.0,0.1154,1.0,2,1.0,22.91,19,1,0.1153
gom ba 19 37,1,LOcC,lateral Occipital Cortex,Occipital Lobe,0.5,0.1071,1.0,1,2.0,22.13,19,2,0.1071
gom ba 19 37,2,MVOcC,MedioVentral Occipital Cortex,Occipital Lobe,0.5,0.1071,1.0,1,2.0,22.13,19,2,0.1071
gpi,1,BG,Basal Ganglia,Subcortical Nuclei,1.0,0.1154,1.0,2,1.0,22.91,19,1,0.1153
gpoc,1,IPL,Inferior Parietal Lobule,Parietal Lobe,1.0,0.1154,1.0,1,1.0,22.91,19,1,0.1153
gprc ba 4,1,PrG,Precentral Gyrus,Frontal Lobe,1.0,0.1154,1.0,1,1.0,22.91,19,1,0.1153
gprc ba 4 6,1,PoG,Postcentral Gyrus,Parietal Lobe,0.3333,0.1,1.0,3,3.0,21.57,18,3,0.1001
gprc ba 4 6,2,IPL,Inferior Parietal Lobule,Parietal Lobe,0.3333,0.1,1.0,1,3.0,21.57,18,3,0.1001
gprc ba 4 6,3,SFG,Superior Frontal Gyrus,Frontal Lobe,0.3333,0.1,1.0,1,3.0,21.57,18,3,0.1001
gprc ba 6,1,PrG,Precentral Gyrus,Frontal Lobe,1.0,0.1154,1.0,3,1.0,22.91,19,1,0.1153
gray ba 11,1,OrG,Orbital Gyrus,Frontal Lobe,1.0,0.1154,1.0,1,1.0,22.91,19,1,0.1153
gsc ba 25,1,OrG,Orbital Gyrus,Frontal Lobe,1.0,0.1154,1.0,1,1.0,22.91,19,1,0.1153
gsm 40,1,IPL,Inferior Parietal Lobule,Parietal Lobe,0.5,0.1071,1.0,3,2.0,22.13,19,2,0.1071
gsm 40,2,PoG,Postcentral Gyrus,Parietal Lobe,0.5,0.1071,1.0,2,2.0,22.13,19,2,0.1071
gti ba 37,1,ITG,Inferior Temporal Gyrus,Temporal Lobe,1.0,0.1154,1.0,1,1.0,22.91,19,1,0.1153
gtm ba 19,1,IPL,Inferior Parietal Lobule,Parietal Lobe,1.0,0.1154,1.0,1,1.0,22.91,19,1,0.1153
gtm ba 21,1,ITG,Inferior Temporal Gyrus,Temporal Lobe,0.5,0.1071,1.0,3,2.0,22.13,19,2,0.1071
gtm ba 21,2,MTG,Middle Temporal Gyrus,Temporal Lobe,0.5,0.1071,1.0,2,2.0,22.13,19,2,0.1071
gtm ba 21 37,1,ITG,Inferior Temporal Gyrus,Temporal Lobe,1.0,0.1154,1.0,1,1.0,22.91,19,1,0.1153
gtm ba 37,1,ITG,Inferior Temporal Gyrus,Temporal Lobe,1.0,0.1154,1.0,1,1.0,22.91,19,1,0.1153
gtm ba 39,1,IPL,Inferior Parietal Lobule,Parietal Lobe,1.0,0.1154,1.0,1,1.0,22.91,19,1,0.1153
gts ba 22,1,INS,Insular Gyrus,Insular Lobe,0.25,0.0938,1.0,2,4.0,21.18,18,4,0.0939
gts ba 22,2,pSTS,posterior Superior Temporal Sulcus,Temporal Lobe,0.25,0.0938,1.0,2,4.0,21.18,18,4,0.0939
gts ba 22,3,PrG,Precentral Gyrus,Frontal Lobe,0.25,0.0938,1.0,1,4.0,21.18,18,4,0.0939
gts ba 22,4,STG,Superior Temporal Gyrus,Temporal Lobe,0.25,0.0938,1.0,1,4.0,21.18,18,4,0.0939
gts ba 38,1,STG,Superior Temporal Gyrus,Temporal Lobe,1.0,0.1154,1.0,1,1.0,22.91,19,1,0.1153
gts ba 42,1,STG,Superior Temporal Gyrus,Temporal Lobe,1.0,0.1154,1.0,1,1.0,22.91,19,1,0.1153
gtt ba 41 42,1,PoG,Postcentral Gyrus,Parietal Lobe,0.5,0.1071,1.0,1,2.0,22.13,19,2,0.1071
gtt ba 41 42,2,STG,Superior Temporal Gyrus,Temporal Lobe,0.5,0.1071,1.0,1,2.0,22.13,19,2,0.1071
gyrus,1,LOcC,lateral Occipital Cortex,Occipital Lobe,0.5,0.1944,3.0,4,6.0,18.74,17,4,0.1943
gyrus,2,INS,Insular Gyrus,Insular Lobe,0.1667,0.0833,1.0,1,6.0,18.74,17,4,0.1943
gyrus,3,ITG,Inferior Temporal Gyrus,Temporal Lobe,0.1667,0.0833,1.0,1,6.0,18.74,17,4,0.1943
gyrus,4,MFG,Middle Frontal Gyrus,Frontal Lobe,0.1667,0.0833,1.0,1,6.0,18.74,17,4,0.1943
gyrus descendens,1,MVOcC,MedioVentral Occipital Cortex,Occipital Lobe,1.0,0.1154,1.0,1,1.0,22.91,19,1,0.1153
gyrus frontalis inferior pars opercularis,1,INS,Insular Gyrus,Insular Lobe,1.0,0.1154,1.0,1,1.0,22.91,19,1,0.1153
gyrus frontalis medius,1,INS,Insular Gyrus,Insular Lobe,0.5,0.1071,1.0,1,2.0,22.13,19,2,0.1071
gyrus frontalis medius,2,PCL,Paracentral Lobule,Frontal Lobe,0.5,0.1071,1.0,1,2.0,22.13,19,2,0.1071
gyrus fusiformis,1,FuG,Fusiform Gyrus,Temporal Lobe,1.0,0.1154,1.0,1,1.0,22.91,19,1,0.1153
gyrus rectus,1,OrG,Orbital Gyrus,Frontal Lobe,0.8889,0.4048,8.0,9,9.0,12.33,16,2,0.4049
gyrus rectus,2,Tha,Thalamus,Subcortical Nuclei,0.1111,0.0714,1.0,1,9.0,12.33,16,2,0.4049
head of caudate,1,BG,Basal Ganglia,Subcortical Nuclei,1.0,0.3235,5.0,6,5.0,15.65,18,1,0.3236
head of caudate nucleus,1,BG,Basal Ganglia,Subcortical Nuclei,1.0,0.1154,1.0,2,1.0,22.91,19,1,0.1153
head of the caudate and subgenual area,1,BG,Basal Ganglia,Subcortical Nuclei,1.0,0.1154,1.0,1,1.0,22.91,19,1,0.1153
head of the caudate nucleus,1,BG,Basal Ganglia,Subcortical Nuclei,1.0,0.1154,1.0,2,1.0,22.91,19,1,0.1153
heschels gyrus,1,STG,Superior Temporal Gyrus,Temporal Lobe,1.0,0.1154,1.0,1,1.0,22.91,19,1,0.1153
heschis,1,STG,Superior Temporal Gyrus,Temporal Lobe,1.0,0.1154,1.0,1,1.0,22.91,19,1,0.1153
heschis gyrus,1,STG,Superior Temporal Gyrus,Temporal Lobe,1.0,0.1154,1.0,1,1.0,22.91,19,1,0.1153
heschl,1,STG,Superior Temporal Gyrus,Temporal Lobe,0.4286,0.1842,3.0,5,7.0,17.01,17,3,0.1843
heschl,2,INS,Insular Gyrus,Insular Lobe,0.4286,0.1842,3.0,3,7.0,17.01,17,3,0.1843
heschl,3,PoG,Postcentral Gyrus,Parietal Lobe,0.1429,0.0789,1.0,1,7.0,17.01,17,3,0.1843
heschl region,1,INS,Insular Gyrus,Insular Lobe,1.0,0.1154,1.0,1,1.0,22.91,19,1,0.1153
heschls gyrus ba 48,1,PoG,Postcentral Gyrus,Parietal Lobe,1.0,0.1154,1.0,1,1.0,22.91,19,1,0.1153
hip2,1,IPL,Inferior Parietal Lobule,Parietal Lobe,1.0,0.1786,2.0,3,2.0,21.0,19,1,0.1787
hip3,1,SPL,Superior Parietal Lobule,Parietal Lobe,1.0,0.1786,2.0,2,2.0,21.0,19,1,0.1787
hipocampus,1,Hipp,Hippocampus,Subcortical Nuclei,1.0,0.1154,1.0,1,1.0,22.91,19,1,0.1153
hipp,1,Tha,Thalamus,Subcortical Nuclei,0.6667,0.1667,2.0,4,3.0,20.55,18,2,0.1668
hipp,2,Hipp,Hippocampus,Subcortical Nuclei,0.3333,0.1,1.0,1,3.0,20.55,18,2,0.1668
hippocampal area,1,Hipp,Hippocampus,Subcortical Nuclei,1.0,0.1154,1.0,2,1.0,22.91,19,1,0.1153
hippocampal cortex,1,Hipp,Hippocampus,Subcortical Nuclei,1.0,0.1154,1.0,1,1.0,22.91,19,1,0.1153
hippocampal formation,1,Hipp,Hippocampus,Subcortical Nuclei,0.5,0.1071,1.0,1,2.0,22.13,19,2,0.1071
hippocampal formation,2,PhG,Parahippocampal Gyrus,Temporal Lobe,0.5,0.1071,1.0,1,2.0,22.13,19,2,0.1071
hippocampal gyrus,1,Hipp,Hippocampus,Subcortical Nuclei,0.2857,0.1316,2.0,3,7.0,19.93,17,6,0.1317
hippocampal gyrus,2,PhG,Parahippocampal Gyrus,Temporal Lobe,0.1429,0.0789,1.0,2,7.0,19.93,17,6,0.1317
hippocampal gyrus,3,BG,Basal Ganglia,Subcortical Nuclei,0.1429,0.0789,1.0,1,7.0,19.93,17,6,0.1317
hippocampal gyrus,4,ITG,Inferior Temporal Gyrus,Temporal Lobe,0.1429,0.0789,1.0,1,7.0,19.93,17,6,0.1317
hippocampal gyrus,5,OrG,Orbital Gyrus,Frontal Lobe,0.1429,0.0789,1.0,1,7.0,19.93,17,6,0.1317
hippocampal gyrus,6,Tha,Thalamus,Subcortical Nuclei,0.1429,0.0789,1.0,1,7.0,19.93,17,6,0.1317
hippocampal region,1,OrG,Orbital Gyrus,Frontal Lobe,1.0,0.1154,1.0,2,1.0,22.91,19,1,0.1153
hippocampus,1,Hipp,Hippocampus,Subcortical Nuclei,0.6246,0.6016,183.0,285,293.0,4.46,3,13,0.6019
hippocampus,2,Tha,Thalamus,Subcortical Nuclei,0.157,0.1525,46.0,64,293.0,4.46,3,13,0.6019
hippocampus,3,BG,Basal Ganglia,Subcortical Nuclei,0.0614,0.0607,18.0,22,293.0,4.46,3,13,0.6019
hippocampus,4,Amyg,Amygdala,Subcortical Nuclei,0.0512,0.0508,15.0,16,293.0,4.46,3,13,0.6019
hippocampus,5,PhG,Parahippocampal Gyrus,Temporal Lobe,0.0341,0.0344,10.0,11,293.0,4.46,3,13,0.6019
hippocampus,6,MFG,Middle Frontal Gyrus,Frontal Lobe,0.0307,0.0311,9.0,12,293.0,4.46,3,13,0.6019
hippocampus,7,FuG,Fusiform Gyrus,Temporal Lobe,0.0137,0.0148,4.0,4,293.0,4.46,3,13,0.6019
hippocampus,8,INS,Insular Gyrus,Insular Lobe,0.0102,0.0115,3.0,6,293.0,4.46,3,13,0.6019
hippocampus,9,ITG,Inferior Temporal Gyrus,Temporal Lobe,0.0034,0.0049,1.0,2,293.0,4.46,3,13,0.6019
hippocampus,10,CG,Cingulate Gyrus,Limbic Lobe,0.0034,0.0049,1.0,1,293.0,4.46,3,13,0.6019
hippocampus,11,MVOcC,MedioVentral Occipital Cortex,Occipital Lobe,0.0034,0.0049,1.0,1,293.0,4.46,3,13,0.6019
hippocampus,12,OrG,Orbital Gyrus,Frontal Lobe,0.0034,0.0049,1.0,1,293.0,4.46,3,13,0.6019
hippocampus,13,STG,Superior Temporal Gyrus,Temporal Lobe,0.0034,0.0049,1.0,1,293.0,4.46,3,13,0.6019
hippocampus amygdala,1,PhG,Parahippocampal Gyrus,Temporal Lobe,1.0,0.1154,1.0,2,1.0,22.91,19,1,0.1153
hippocampus and fusiform,1,Hipp,Hippocampus,Subcortical Nuclei,1.0,0.1154,1.0,1,1.0,22.91,19,1,0.1153
hippocampus ba 35,1,Hipp,Hippocampus,Subcortical Nuclei,1.0,0.1154,1.0,1,1.0,22.91,19,1,0.1153
hippocampus entorhinal cortex,1,Amyg,Amygdala,Subcortical Nuclei,1.0,0.1154,1.0,1,1.0,22.91,19,1,0.1153
hippocampus head,1,Hipp,Hippocampus,Subcortical Nuclei,1.0,0.1154,1.0,1,1.0,22.91,19,1,0.1153
hippocampus tail,1,Tha,Thalamus,Subcortical Nuclei,1.0,0.1154,1.0,1,1.0,22.91,19,1,0.1153
hippocampusa,1,Hipp,Hippocampus,Subcortical Nuclei,1.0,0.1154,1.0,2,1.0,22.91,19,1,0.1153
hippocampusb,1,Hipp,Hippocampus,Subcortical Nuclei,1.0,0.1154,1.0,1,1.0,22.91,19,1,0.1153
hippocampusroi,1,Hipp,Hippocampus,Subcortical Nuclei,1.0,0.1154,1.0,1,1.0,22.91,19,1,0.1153
hips,1,LOcC,lateral Occipital Cortex,Occipital Lobe,1.0,0.1154,1.0,1,1.0,22.91,19,1,0.1153
hoc4v,1,FuG,Fusiform Gyrus,Temporal Lobe,1.0,0.1154,1.0,1,1.0,22.91,19,1,0.1153
hoc5,1,LOcC,lateral Occipital Cortex,Occipital Lobe,1.0,0.1154,1.0,2,1.0,22.91,19,1,0.1153
horizontal ramus of the anterior segment of the lateral fissure,1,IFG,Inferior Frontal Gyrus,Frontal Lobe,1.0,0.1154,1.0,1,1.0,22.91,19,1,0.1153
hypothalamus,1,Tha,Thalamus,Subcortical Nuclei,0.8571,0.3421,6.0,8,7.0,14.48,17,2,0.3422
hypothalamus,2,BG,Basal Ganglia,Subcortical Nuclei,0.1429,0.0789,1.0,3,7.0,14.48,17,2,0.3422
hyppocampus,1,Hipp,Hippocampus,Subcortical Nuclei,1.0,0.1154,1.0,1,1.0,22.91,19,1,0.1153
i middle cingulate cortex,1,SFG,Superior Frontal Gyrus,Frontal Lobe,1.0,0.1154,1.0,1,1.0,22.91,19,1,0.1153
i mpfc,1,SFG,Superior Frontal Gyrus,Frontal Lobe,1.0,0.1154,1.0,1,1.0,22.91,19,1,0.1153
i supplementary motor area,1,PrG,Precentral Gyrus,Frontal Lobe,0.5,0.1071,1.0,1,2.0,22.13,19,2,0.1071
i supplementary motor area,2,SFG,Superior Frontal Gyrus,Frontal Lobe,0.5,0.1071,1.0,1,2.0,22.13,19,2,0.1071
i temporal g,1,IPL,Inferior Parietal Lobule,Parietal Lobe,1.0,0.1154,1.0,1,1.0,22.91,19,1,0.1153
i temporal lobe,1,STG,Superior Temporal Gyrus,Temporal Lobe,1.0,0.1154,1.0,1,1.0,22.91,19,1,0.1153
i temporal pole,1,INS,Insular Gyrus,Insular Lobe,1.0,0.1154,1.0,1,1.0,22.91,19,1,0.1153
icc,1,MVOcC,MedioVentral Occipital Cortex,Occipital Lobe,1.0,0.1154,1.0,1,1.0,22.91,19,1,0.1153
ifc,1,IFG,Inferior Frontal Gyrus,Frontal Lobe,0.6667,0.1667,2.0,2,3.0,20.55,18,2,0.1668
ifc,2,OrG,Orbital Gyrus,Frontal Lobe,0.3333,0.1,1.0,1,3.0,20.55,18,2,0.1668
ifg 13,1,IFG,Inferior Frontal Gyrus,Frontal Lobe,1.0,0.1154,1.0,1,1.0,22.91,19,1,0.1153
ifg 44 45,1,OrG,Orbital Gyrus,Frontal Lobe,0.5,0.1071,1.0,3,2.0,22.13,19,2,0.1071
ifg 44 45,2,IFG,Inferior Frontal Gyrus,Frontal Lobe,0.5,0.1071,1.0,1,2.0,22.13,19,2,0.1071
ifg 45,1,IFG,Inferior Frontal Gyrus,Frontal Lobe,1.0,0.1786,2.0,4,2.0,21.0,19,1,0.1787
ifg 46,1,IFG,Inferior Frontal Gyrus,Frontal Lobe,0.5,0.1071,1.0,4,2.0,22.13,19,2,0.1071
ifg 46,2,MFG,Middle Frontal Gyrus,Frontal Lobe,0.5,0.1071,1.0,1,2.0,22.13,19,2,0.1071
ifg 47,1,OrG,Orbital Gyrus,Frontal Lobe,0.3333,0.1,1.0,2,3.0,21.57,18,3,0.1001
ifg 47,2,IFG,Inferior Frontal Gyrus,Frontal Lobe,0.3333,0.1,1.0,1,3.0,21.57,18,3,0.1001
ifg 47,3,INS,Insular Gyrus,Insular Lobe,0.3333,0.1,1.0,1,3.0,21.57,18,3,0.1001
ifg 9,1,PrG,Precentral Gyrus,Frontal Lobe,0.5,0.1071,1.0,3,2.0,22.13,19,2,0.1071
ifg 9,2,IFG,Inferior Frontal Gyrus,Frontal Lobe,0.5,0.1071,1.0,1,2.0,22.13,19,2,0.1071
ifg ba 10,1,MFG,Middle Frontal Gyrus,Frontal Lobe,1.0,0.1154,1.0,1,1.0,22.91,19,1,0.1153
ifg ba 44,1,PrG,Precentral Gyrus,Frontal Lobe,1.0,0.1786,2.0,3,2.0,21.0,19,1,0.1787
ifg ba 45,1,IFG,Inferior Frontal Gyrus,Frontal Lobe,0.5,0.1071,1.0,1,2.0,22.13,19,2,0.1071
ifg ba 45,2,INS,Insular Gyrus,Insular Lobe,0.5,0.1071,1.0,1,2.0,22.13,19,2,0.1071
ifg ba 45 47,1,IFG,Inferior Frontal Gyrus,Frontal Lobe,1.0,0.1154,1.0,1,1.0,22.91,19,1,0.1153
ifg ba 47,1,IFG,Inferior Frontal Gyrus,Frontal Lobe,1.0,0.1786,2.0,2,2.0,21.0,19,1,0.1787
ifg ba 9,1,IFG,Inferior Frontal Gyrus,Frontal Lobe,1.0,0.2333,3.0,3,3.0,19.05,18,1,0.2335
ifg oper,1,IFG,Inferior Frontal Gyrus,Frontal Lobe,0.5,0.1071,1.0,2,2.0,22.13,19,2,0.1071
ifg oper,2,INS,Insular Gyrus,Insular Lobe,0.5,0.1071,1.0,2,2.0,22.13,19,2,0.1071
ifg operc,1,IFG,Inferior Frontal Gyrus,Frontal Lobe,1.0,0.1154,1.0,2,1.0,22.91,19,1,0.1153
ifg opercular,1,IFG,Inferior Frontal Gyrus,Frontal Lobe,0.5,0.1071,1.0,1,2.0,22.13,19,2,0.1071
ifg opercular,2,MFG,Middle Frontal Gyrus,Frontal Lobe,0.5,0.1071,1.0,1,2.0,22.13,19,2,0.1071
ifg opercularis,1,IFG,Inferior Frontal Gyrus,Frontal Lobe,0.6667,0.1667,2.0,2,3.0,20.55,18,2,0.1668
ifg opercularis,2,PrG,Precentral Gyrus,Frontal Lobe,0.3333,0.1,1.0,1,3.0,20.55,18,2,0.1668
ifg orb,1,OrG,Orbital Gyrus,Frontal Lobe,1.0,0.1154,1.0,1,1.0,22.91,19,1,0.1153
ifg orbit,1,OrG,Orbital Gyrus,Frontal Lobe,0.5,0.1071,1.0,5,2.0,22.13,19,2,0.1071
ifg orbit,2,IFG,Inferior Frontal Gyrus,Frontal Lobe,0.5,0.1071,1.0,3,2.0,22.13,19,2,0.1071
ifg orbitalis,1,IFG,Inferior Frontal Gyrus,Frontal Lobe,1.0,0.1154,1.0,1,1.0,22.91,19,1,0.1153
ifg p op,1,PrG,Precentral Gyrus,Frontal Lobe,0.5,0.1071,1.0,3,2.0,22.13,19,2,0.1071
ifg p op,2,IFG,Inferior Frontal Gyrus,Frontal Lobe,0.5,0.1071,1.0,1,2.0,22.13,19,2,0.1071
ifg p tr,1,IFG,Inferior Frontal Gyrus,Frontal Lobe,0.5,0.1071,1.0,2,2.0,22.13,19,2,0.1071
ifg p tr,2,PrG,Precentral Gyrus,Frontal Lobe,0.5,0.1071,1.0,1,2.0,22.13,19,2,0.1071
ifg p tri,1,IFG,Inferior Frontal Gyrus,Frontal Lobe,1.0,0.1154,1.0,1,1.0,22.91,19,1,0.1153
ifg p triang ba 45,1,MFG,Middle Frontal Gyrus,Frontal Lobe,1.0,0.1154,1.0,1,1.0,22.91,19,1,0.1153
ifg pars opercularis,1,MFG,Middle Frontal Gyrus,Frontal Lobe,0.5,0.1071,1.0,5,2.0,22.13,19,2,0.1071
ifg pars opercularis,2,IFG,Inferior Frontal Gyrus,Frontal Lobe,0.5,0.1071,1.0,1,2.0,22.13,19,2,0.1071
ifg pars opercularis 44,1,PrG,Precentral Gyrus,Frontal Lobe,0.3333,0.1,1.0,2,3.0,21.57,18,3,0.1001
ifg pars opercularis 44,2,IFG,Inferior Frontal Gyrus,Frontal Lobe,0.3333,0.1,1.0,1,3.0,21.57,18,3,0.1001
ifg pars opercularis 44,3,MFG,Middle Frontal Gyrus,Frontal Lobe,0.3333,0.1,1.0,1,3.0,21.57,18,3,0.1001
ifg pars opercularis 45,1,IFG,Inferior Frontal Gyrus,Frontal Lobe,1.0,0.1154,1.0,1,1.0,22.91,19,1,0.1153
ifg pars orbitalis,1,OrG,Orbital Gyrus,Frontal Lobe,1.0,0.1786,2.0,4,2.0,21.0,19,1,0.1787
ifg pars triangularis,1,IFG,Inferior Frontal Gyrus,Frontal Lobe,0.75,0.2188,3.0,6,4.0,18.85,18,2,0.219
ifg pars triangularis,2,MFG,Middle Frontal Gyrus,Frontal Lobe,0.25,0.0938,1.0,3,4.0,18.85,18,2,0.219
ifg pars triangularis 45,1,IFG,Inferior Frontal Gyrus,Frontal Lobe,1.0,0.1154,1.0,2,1.0,22.91,19,1,0.1153
ifg pars triangularis ba 44,1,IFG,Inferior Frontal Gyrus,Frontal Lobe,1.0,0.1154,1.0,1,1.0,22.91,19,1,0.1153
ifg pars triangularis ba 45,1,IFG,Inferior Frontal Gyrus,Frontal Lobe,1.0,0.1786,2.0,2,2.0,21.0,19,1,0.1787
ifg pars yriangularis,1,IFG,Inferior Frontal Gyrus,Frontal Lobe,1.0,0.1154,1.0,1,1.0,22.91,19,1,0.1153
ifg tri,1,IFG,Inferior Frontal Gyrus,Frontal Lobe,1.0,0.1154,1.0,1,1.0,22.91,19,1,0.1153
ifg triang,1,IFG,Inferior Frontal Gyrus,Frontal Lobe,0.5,0.1071,1.0,5,2.0,22.13,19,2,0.1071
ifg triang,2,MFG,Middle Frontal Gyrus,Frontal Lobe,0.5,0.1071,1.0,1,2.0,22.13,19,2,0.1071
ifg triangular,1,IFG,Inferior Frontal Gyrus,Frontal Lobe,1.0,0.1154,1.0,1,1.0,22.91,19,1,0.1153
ifg triangularis,1,IFG,Inferior Frontal Gyrus,Frontal Lobe,1.0,0.1154,1.0,3,1.0,22.91,19,1,0.1153
ifg1,1,IFG,Inferior Frontal Gyrus,Frontal Lobe,1.0,0.1786,2.0,2,2.0,21.0,19,1,0.1787
ifg2,1,IFG,Inferior Frontal Gyrus,Frontal Lobe,1.0,0.1154,1.0,1,1.0,22.91,19,1,0.1153
ifg3,1,MFG,Middle Frontal Gyrus,Frontal Lobe,1.0,0.1154,1.0,1,1.0,22.91,19,1,0.1153
ifg4,1,PrG,Precentral Gyrus,Frontal Lobe,1.0,0.1154,1.0,1,1.0,22.91,19,1,0.1153
ifg9,1,IFG,Inferior Frontal Gyrus,Frontal Lobe,1.0,0.1154,1.0,1,1.0,22.91,19,1,0.1153
ifgoper,1,IFG,Inferior Frontal Gyrus,Frontal Lobe,1.0,0.1154,1.0,1,1.0,22.91,19,1,0.1153
ifgorb,1,OrG,Orbital Gyrus,Frontal Lobe,1.0,0.1154,1.0,1,1.0,22.91,19,1,0.1153
ifj,1,PrG,Precentral Gyrus,Frontal Lobe,0.6,0.2059,3.0,6,5.0,18.76,18,3,0.206
ifj,2,IFG,Inferior Frontal Gyrus,Frontal Lobe,0.2,0.0882,1.0,1,5.0,18.76,18,3,0.206
ifj,3,MFG,Middle Frontal Gyrus,Frontal Lobe,0.2,0.0882,1.0,1,5.0,18.76,18,3,0.206
ifo,1,IFG,Inferior Frontal Gyrus,Frontal Lobe,1.0,0.1154,1.0,1,1.0,22.91,19,1,0.1153
increased caudate body,1,BG,Basal Ganglia,Subcortical Nuclei,1.0,0.1154,1.0,1,1.0,22.91,19,1,0.1153
inf and dorsolat pfc,1,IFG,Inferior Frontal Gyrus,Frontal Lobe,1.0,0.1154,1.0,2,1.0,22.91,19,1,0.1153
inf cerebellum,1,PoG,Postcentral Gyrus,Parietal Lobe,1.0,0.1154,1.0,1,1.0,22.91,19,1,0.1153
inf f,1,MFG,Middle Frontal Gyrus,Frontal Lobe,1.0,0.1154,1.0,1,1.0,22.91,19,1,0.1153
inf f g,1,IFG,Inferior Frontal Gyrus,Frontal Lobe,1.0,0.1154,1.0,2,1.0,22.91,19,1,0.1153
inf fr gy,1,INS,Insular Gyrus,Insular Lobe,0.3333,0.1,1.0,3,3.0,21.57,18,3,0.1001
inf fr gy,2,OrG,Orbital Gyrus,Frontal Lobe,0.3333,0.1,1.0,3,3.0,21.57,18,3,0.1001
inf fr gy,3,STG,Superior Temporal Gyrus,Temporal Lobe,0.3333,0.1,1.0,1,3.0,21.57,18,3,0.1001
inf fr gyh,1,OrG,Orbital Gyrus,Frontal Lobe,1.0,0.1154,1.0,2,1.0,22.91,19,1,0.1153
inf fr gym,1,INS,Insular Gyrus,Insular Lobe,0.5,0.1071,1.0,1,2.0,22.13,19,2,0.1071
inf fr gym,2,STG,Superior Temporal Gyrus,Temporal Lobe,0.5,0.1071,1.0,1,2.0,22.13,19,2,0.1071
inf fr gyp,1,OrG,Orbital Gyrus,Frontal Lobe,1.0,0.1154,1.0,1,1.0,22.91,19,1,0.1153
inf fronal orb,1,OrG,Orbital Gyrus,Frontal Lobe,1.0,0.1154,1.0,1,1.0,22.91,19,1,0.1153
inf front,1,IFG,Inferior Frontal Gyrus,Frontal Lobe,0.3333,0.1,1.0,2,3.0,21.57,18,3,0.1001
inf front,2,OrG,Orbital Gyrus,Frontal Lobe,0.3333,0.1,1.0,1,3.0,21.57,18,3,0.1001
inf front,3,PrG,Precentral Gyrus,Frontal Lobe,0.3333,0.1,1.0,1,3.0,21.57,18,3,0.1001
inf front orb,1,OrG,Orbital Gyrus,Frontal Lobe,1.0,0.1154,1.0,1,1.0,22.91,19,1,0.1153
inf front tri,1,IFG,Inferior Frontal Gyrus,Frontal Lobe,1.0,0.1154,1.0,1,1.0,22.91,19,1,0.1153
inf frontal,1,IFG,Inferior Frontal Gyrus,Frontal Lobe,0.6667,0.1667,2.0,4,3.0,20.55,18,2,0.1668
inf frontal,2,MFG,Middle Frontal Gyrus,Frontal Lobe,0.3333,0.1,1.0,2,3.0,20.55,18,2,0.1668
inf frontal g,1,IFG,Inferior Frontal Gyrus,Frontal Lobe,0.5,0.1071,1.0,1,2.0,22.13,19,2,0.1071
inf frontal g,2,PrG,Precentral Gyrus,Frontal Lobe,0.5,0.1071,1.0,1,2.0,22.13,19,2,0.1071
inf frontal gyr p orbitalis,1,IFG,Inferior Frontal Gyrus,Frontal Lobe,1.0,0.1154,1.0,1,1.0,22.91,19,1,0.1153
inf frontal gyr p triangularis,1,IFG,Inferior Frontal Gyrus,Frontal Lobe,1.0,0.1154,1.0,1,1.0,22.91,19,1,0.1153
inf frontal gyrus,1,PrG,Precentral Gyrus,Frontal Lobe,0.4,0.2045,4.0,6,10.0,15.41,16,4,0.2046
inf frontal gyrus,2,IFG,Inferior Frontal Gyrus,Frontal Lobe,0.4,0.2045,4.0,4,10.0,15.41,16,4,0.2046
inf frontal gyrus,3,INS,Insular Gyrus,Insular Lobe,0.1,0.0682,1.0,1,10.0,15.41,16,4,0.2046
inf frontal gyrus,4,OrG,Orbital Gyrus,Frontal Lobe,0.1,0.0682,1.0,1,10.0,15.41,16,4,0.2046
inf frontal gyrus ba 47,1,pSTS,posterior Superior Temporal Sulcus,Temporal Lobe,0.5,0.1071,1.0,4,2.0,22.13,19,2,0.1071
inf frontal gyrus ba 47,2,MFG,Middle Frontal Gyrus,Frontal Lobe,0.5,0.1071,1.0,2,2.0,22.13,19,2,0.1071
inf frontal op gyrus,1,IFG,Inferior Frontal Gyrus,Frontal Lobe,0.5,0.1071,1.0,1,2.0,22.13,19,2,0.1071
inf frontal op gyrus,2,MFG,Middle Frontal Gyrus,Frontal Lobe,0.5,0.1071,1.0,1,2.0,22.13,19,2,0.1071
inf frontal oper,1,IFG,Inferior Frontal Gyrus,Frontal Lobe,0.5,0.1071,1.0,1,2.0,22.13,19,2,0.1071
inf frontal oper,2,PrG,Precentral Gyrus,Frontal Lobe,0.5,0.1071,1.0,1,2.0,22.13,19,2,0.1071
inf frontal orb,1,OrG,Orbital Gyrus,Frontal Lobe,1.0,0.1154,1.0,3,1.0,22.91,19,1,0.1153
inf frontal orb gyrus,1,IFG,Inferior Frontal Gyrus,Frontal Lobe,0.5,0.1071,1.0,1,2.0,22.13,19,2,0.1071
inf frontal orb gyrus,2,OrG,Orbital Gyrus,Frontal Lobe,0.5,0.1071,1.0,1,2.0,22.13,19,2,0.1071
inf frontal tri,1,IFG,Inferior Frontal Gyrus,Frontal Lobe,1.0,0.1154,1.0,3,1.0,22.91,19,1,0.1153
inf frontal tri gyrus,1,MFG,Middle Frontal Gyrus,Frontal Lobe,1.0,0.1154,1.0,1,1.0,22.91,19,1,0.1153
inf insula,1,INS,Insular Gyrus,Insular Lobe,1.0,0.1154,1.0,1,1.0,22.91,19,1,0.1153
inf lateral occipital cortex,1,LOcC,lateral Occipital Cortex,Occipital Lobe,1.0,0.1154,1.0,1,1.0,22.91,19,1,0.1153
inf loc,1,LOcC,lateral Occipital Cortex,Occipital Lobe,1.0,0.1154,1.0,1,1.0,22.91,19,1,0.1153
inf occ,1,LOcC,lateral Occipital Cortex,Occipital Lobe,0.5,0.1071,1.0,2,2.0,22.13,19,2,0.1071
inf occ,2,FuG,Fusiform Gyrus,Temporal Lobe,0.5,0.1071,1.0,1,2.0,22.13,19,2,0.1071
inf occipit,1,FuG,Fusiform Gyrus,Temporal Lobe,1.0,0.1154,1.0,1,1.0,22.91,19,1,0.1153
inf occipital,1,LOcC,lateral Occipital Cortex,Occipital Lobe,1.0,0.1154,1.0,1,1.0,22.91,19,1,0.1153
inf occipital g,1,LOcC,lateral Occipital Cortex,Occipital Lobe,1.0,0.1154,1.0,1,1.0,22.91,19,1,0.1153
inf occipital gyrus,1,LOcC,lateral Occipital Cortex,Occipital Lobe,1.0,0.3611,6.0,8,6.0,14.26,17,1,0.3609
inf occipital gyrus ba 18,1,IFG,Inferior Frontal Gyrus,Frontal Lobe,0.5,0.1071,1.0,2,2.0,22.13,19,2,0.1071
inf occipital gyrus ba 18,2,LOcC,lateral Occipital Cortex,Occipital Lobe,0.5,0.1071,1.0,1,2.0,22.13,19,2,0.1071
inf occipital lobe,1,PhG,Parahippocampal Gyrus,Temporal Lobe,1.0,0.1154,1.0,1,1.0,22.91,19,1,0.1153
inf occipito temporal,1,LOcC,lateral Occipital Cortex,Occipital Lobe,1.0,0.1154,1.0,1,1.0,22.91,19,1,0.1153
inf og,1,LOcC,lateral Occipital Cortex,Occipital Lobe,1.0,0.1154,1.0,1,1.0,22.91,19,1,0.1153
inf par,1,PoG,Postcentral Gyrus,Parietal Lobe,0.6667,0.1667,2.0,2,3.0,20.55,18,2,0.1668
inf par,2,IPL,Inferior Parietal Lobule,Parietal Lobe,0.3333,0.1,1.0,1,3.0,20.55,18,2,0.1668
inf par lob,1,IPL,Inferior Parietal Lobule,Parietal Lobe,1.0,0.1154,1.0,1,1.0,22.91,19,1,0.1153
inf par lobule,1,IPL,Inferior Parietal Lobule,Parietal Lobe,1.0,0.1154,1.0,1,1.0,22.91,19,1,0.1153
inf par lobulek,1,IPL,Inferior Parietal Lobule,Parietal Lobe,1.0,0.1154,1.0,1,1.0,22.91,19,1,0.1153
inf parietal,1,IPL,Inferior Parietal Lobule,Parietal Lobe,0.9,0.4318,9.0,14,10.0,11.44,16,2,0.4321
inf parietal,2,PoG,Postcentral Gyrus,Parietal Lobe,0.1,0.0682,1.0,1,10.0,11.44,16,2,0.4321
inf parietal gyrus,1,IPL,Inferior Parietal Lobule,Parietal Lobe,1.0,0.1154,1.0,3,1.0,22.91,19,1,0.1153
inf parietal lob,1,IPL,Inferior Parietal Lobule,Parietal Lobe,1.0,0.1154,1.0,1,1.0,22.91,19,1,0.1153
inf parietal lobe,1,ITG,Inferior Temporal Gyrus,Temporal Lobe,1.0,0.1154,1.0,1,1.0,22.91,19,1,0.1153
inf parietal lobule,1,IPL,Inferior Parietal Lobule,Parietal Lobe,0.7692,0.42,10.0,18,13.0,10.6,14,2,0.42
inf parietal lobule,2,SPL,Superior Parietal Lobule,Parietal Lobe,0.2308,0.14,3.0,3,13.0,10.6,14,2,0.42
inf parietal lobule ba 40,1,pSTS,posterior Superior Temporal Sulcus,Temporal Lobe,0.5,0.1071,1.0,6,2.0,22.13,19,2,0.1071
inf parietal lobule ba 40,2,MFG,Middle Frontal Gyrus,Frontal Lobe,0.5,0.1071,1.0,5,2.0,22.13,19,2,0.1071
inf parietal lobuleq,1,SPL,Superior Parietal Lobule,Parietal Lobe,1.0,0.1154,1.0,1,1.0,22.91,19,1,0.1153
inf pcs,1,IFG,Inferior Frontal Gyrus,Frontal Lobe,1.0,0.1154,1.0,2,1.0,22.91,19,1,0.1153
inf precentral g,1,STG,Superior Temporal Gyrus,Temporal Lobe,1.0,0.1154,1.0,1,1.0,22.91,19,1,0.1153
inf precuneus,1,Pcun,Precuneus,Parietal Lobe,1.0,0.1154,1.0,1,1.0,22.91,19,1,0.1153
inf pt,1,STG,Superior Temporal Gyrus,Temporal Lobe,1.0,0.1154,1.0,1,1.0,22.91,19,1,0.1153
inf temp,1,ITG,Inferior Temporal Gyrus,Temporal Lobe,0.75,0.2188,3.0,3,4.0,18.85,18,2,0.219
inf temp,2,MTG,Middle Temporal Gyrus,Temporal Lobe,0.25,0.0938,1.0,1,4.0,18.85,18,2,0.219
inf temp gy,1,MTG,Middle Temporal Gyrus,Temporal Lobe,1.0,0.1154,1.0,1,1.0,22.91,19,1,0.1153
inf temp gyp,1,MTG,Middle Temporal Gyrus,Temporal Lobe,1.0,0.1154,1.0,1,1.0,22.91,19,1,0.1153
inf temporal,1,MTG,Middle Temporal Gyrus,Temporal Lobe,0.5,0.1944,3.0,5,6.0,18.0,17,3,0.1943
inf temporal,2,ITG,Inferior Temporal Gyrus,Temporal Lobe,0.3333,0.1389,2.0,2,6.0,18.0,17,3,0.1943
inf temporal,3,FuG,Fusiform Gyrus,Temporal Lobe,0.1667,0.0833,1.0,1,6.0,18.0,17,3,0.1943
inf temporal g,1,MTG,Middle Temporal Gyrus,Temporal Lobe,1.0,0.1154,1.0,1,1.0,22.91,19,1,0.1153
inf temporal gyrus,1,ITG,Inferior Temporal Gyrus,Temporal Lobe,0.3333,0.1389,2.0,3,6.0,19.18,17,4,0.1388
inf temporal gyrus,2,LOcC,lateral Occipital Cortex,Occipital Lobe,0.3333,0.1389,2.0,2,6.0,19.18,17,4,0.1388
inf temporal gyrus,3,MTG,Middle Temporal Gyrus,Temporal Lobe,0.1667,0.0833,1.0,3,6.0,19.18,17,4,0.1388
inf temporal gyrus,4,FuG,Fusiform Gyrus,Temporal Lobe,0.1667,0.0833,1.0,2,6.0,19.18,17,4,0.1388
inf temporal lobule,1,FuG,Fusiform Gyrus,Temporal Lobe,1.0,0.1154,1.0,1,1.0,22.91,19,1,0.1153
inf temporal sulc,1,ITG,Inferior Temporal Gyrus,Temporal Lobe,1.0,0.1154,1.0,1,1.0,22.91,19,1,0.1153
inf tp resected area,1,STG,Superior Temporal Gyrus,Temporal Lobe,0.5,0.1071,1.0,2,2.0,22.13,19,2,0.1071
inf tp resected area,2,PrG,Precentral Gyrus,Frontal Lobe,0.5,0.1071,1.0,1,2.0,22.13,19,2,0.1071
infer frontal gyrus,1,IFG,Inferior Frontal Gyrus,Frontal Lobe,1.0,0.1154,1.0,1,1.0,22.91,19,1,0.1153
inferioir frontal gyrus,1,BG,Basal Ganglia,Subcortical Nuclei,1.0,0.1154,1.0,1,1.0,22.91,19,1,0.1153
inferior,1,pSTS,posterior Superior Temporal Sulcus,Temporal Lobe,0.1429,0.0962,2.0,8,14.0,19.13,14,10,0.0962
inferior,2,IPL,Inferior Parietal Lobule,Parietal Lobe,0.1429,0.0962,2.0,6,14.0,19.13,14,10,0.0962
inferior,3,STG,Superior Temporal Gyrus,Temporal Lobe,0.1429,0.0962,2.0,5,14.0,19.13,14,10,0.0962
inferior,4,MTG,Middle Temporal Gyrus,Temporal Lobe,0.1429,0.0962,2.0,4,14.0,19.13,14,10,0.0962
inferior,5,LOcC,lateral Occipital Cortex,Occipital Lobe,0.0714,0.0577,1.0,4,14.0,19.13,14,10,0.0962
inferior,6,INS,Insular Gyrus,Insular Lobe,0.0714,0.0577,1.0,3,14.0,19.13,14,10,0.0962
inferior,7,MFG,Middle Frontal Gyrus,Frontal Lobe,0.0714,0.0577,1.0,3,14.0,19.13,14,10,0.0962
inferior,8,BG,Basal Ganglia,Subcortical Nuclei,0.0714,0.0577,1.0,1,14.0,19.13,14,10,0.0962
inferior,9,PoG,Postcentral Gyrus,Parietal Lobe,0.0714,0.0577,1.0,1,14.0,19.13,14,10,0.0962
inferior,10,PrG,Precentral Gyrus,Frontal Lobe,0.0714,0.0577,1.0,1,14.0,19.13,14,10,0.0962
inferior and middle frontal gyrus,1,IFG,Inferior Frontal Gyrus,Frontal Lobe,0.5,0.1562,2.0,2,4.0,20.24,18,3,0.1564
inferior and middle frontal gyrus,2,MFG,Middle Frontal Gyrus,Frontal Lobe,0.25,0.0938,1.0,1,4.0,20.24,18,3,0.1564
inferior and middle frontal gyrus,3,PrG,Precentral Gyrus,Frontal Lobe,0.25,0.0938,1.0,1,4.0,20.24,18,3,0.1564
inferior and middle frontal gyrus 44 6,1,PrG,Precentral Gyrus,Frontal Lobe,1.0,0.1154,1.0,1,1.0,22.91,19,1,0.1153
inferior and middle frontal gyrus 44 6 9,1,PrG,Precentral Gyrus,Frontal Lobe,1.0,0.1154,1.0,1,1.0,22.91,19,1,0.1153
inferior and middle frontal gyrus 45 46,1,IFG,Inferior Frontal Gyrus,Frontal Lobe,1.0,0.1154,1.0,1,1.0,22.91,19,1,0.1153
inferior and middle frontal gyrus 46 9 10 45,1,MFG,Middle Frontal Gyrus,Frontal Lobe,1.0,0.1154,1.0,1,1.0,22.91,19,1,0.1153
inferior and middle occipital cortex,1,LOcC,lateral Occipital Cortex,Occipital Lobe,1.0,0.1154,1.0,1,1.0,22.91,19,1,0.1153
inferior and middle temporal gyrus,1,MTG,Middle Temporal Gyrus,Temporal Lobe,0.5,0.1071,1.0,1,2.0,22.13,19,2,0.1071
inferior and middle temporal gyrus,2,STG,Superior Temporal Gyrus,Temporal Lobe,0.5,0.1071,1.0,1,2.0,22.13,19,2,0.1071
inferior and superior,1,IPL,Inferior Parietal Lobule,Parietal Lobe,1.0,0.1154,1.0,2,1.0,22.91,19,1,0.1153
inferior and superior parietal lobule 40 5 7,1,IPL,Inferior Parietal Lobule,Parietal Lobe,1.0,0.1154,1.0,1,1.0,22.91,19,1,0.1153
inferior central sulcus,1,STG,Superior Temporal Gyrus,Temporal Lobe,1.0,0.1154,1.0,1,1.0,22.91,19,1,0.1153
inferior cluster,1,PrG,Precentral Gyrus,Frontal Lobe,1.0,0.1154,1.0,1,1.0,22.91,19,1,0.1153
inferior extrastriate cortex,1,FuG,Fusiform Gyrus,Temporal Lobe,1.0,0.1154,1.0,1,1.0,22.91,19,1,0.1153
inferior frontal,1,IFG,Inferior Frontal Gyrus,Frontal Lobe,0.5778,0.4649,26.0,46,45.0,7.6,5,6,0.4647
inferior frontal,2,PrG,Precentral Gyrus,Frontal Lobe,0.1778,0.1491,8.0,8,45.0,7.6,5,6,0.4647
inferior frontal,3,MFG,Middle Frontal Gyrus,Frontal Lobe,0.0889,0.0789,4.0,4,45.0,7.6,5,6,0.4647
inferior frontal,4,INS,Insular Gyrus,Insular Lobe,0.0667,0.0614,3.0,5,45.0,7.6,5,6,0.4647
inferior frontal,5,OrG,Orbital Gyrus,Frontal Lobe,0.0667,0.0614,3.0,5,45.0,7.6,5,6,0.4647
inferior frontal,6,BG,Basal Ganglia,Subcortical Nuclei,0.0222,0.0263,1.0,1,45.0,7.6,5,6,0.4647
inferior frontal and,1,IFG,Inferior Frontal Gyrus,Frontal Lobe,1.0,0.1154,1.0,1,1.0,22.91,19,1,0.1153
inferior frontal ba 44,1,PrG,Precentral Gyrus,Frontal Lobe,1.0,0.1154,1.0,1,1.0,22.91,19,1,0.1153
inferior frontal cortex,1,IFG,Inferior Frontal Gyrus,Frontal Lobe,0.5,0.2885,7.0,10,14.0,13.82,14,5,0.2886
inferior frontal cortex,2,OrG,Orbital Gyrus,Frontal Lobe,0.2143,0.1346,3.0,4,14.0,13.82,14,5,0.2886
inferior frontal cortex,3,PrG,Precentral Gyrus,Frontal Lobe,0.1429,0.0962,2.0,2,14.0,13.82,14,5,0.2886
inferior frontal cortex,4,INS,Insular Gyrus,Insular Lobe,0.0714,0.0577,1.0,1,14.0,13.82,14,5,0.2886
inferior frontal cortex,5,MFG,Middle Frontal Gyrus,Frontal Lobe,0.0714,0.0577,1.0,1,14.0,13.82,14,5,0.2886
inferior frontal cortex ba 44 45,1,IFG,Inferior Frontal Gyrus,Frontal Lobe,1.0,0.1154,1.0,1,1.0,22.91,19,1,0.1153
inferior frontal g,1,MFG,Middle Frontal Gyrus,Frontal Lobe,0.4,0.2407,6.0,8,15.0,14.09,14,5,0.2408
inferior frontal g,2,IFG,Inferior Frontal Gyrus,Frontal Lobe,0.2667,0.1667,4.0,14,15.0,14.09,14,5,0.2408
inferior frontal g,3,OrG,Orbital Gyrus,Frontal Lobe,0.1333,0.0926,2.0,3,15.0,14.09,14,5,0.2408
inferior frontal g,4,PrG,Precentral Gyrus,Frontal Lobe,0.1333,0.0926,2.0,2,15.0,14.09,14,5,0.2408
inferior frontal g,5,INS,Insular Gyrus,Insular Lobe,0.0667,0.0556,1.0,1,15.0,14.09,14,5,0.2408
inferior frontal g ba 44,1,PrG,Precentral Gyrus,Frontal Lobe,1.0,0.1154,1.0,1,1.0,22.91,19,1,0.1153
inferior frontal gyru,1,OrG,Orbital Gyrus,Frontal Lobe,1.0,0.1154,1.0,1,1.0,22.91,19,1,0.1153
inferior frontal gyrus,1,IFG,Inferior Frontal Gyrus,Frontal Lobe,0.4462,0.4408,398.0,706,892.0,5.16,4,16,0.4405
inferior frontal gyrus,2,PrG,Precentral Gyrus,Frontal Lobe,0.176,0.1742,157.0,216,892.0,5.16,4,16,0.4405
inferior frontal gyrus,3,OrG,Orbital Gyrus,Frontal Lobe,0.1693,0.1676,151.0,207,892.0,5.16,4,16,0.4405
inferior frontal gyrus,4,MFG,Middle Frontal Gyrus,Frontal Lobe,0.0998,0.099,89.0,100,892.0,5.16,4,16,0.4405
inferior frontal gyrus,5,INS,Insular Gyrus,Insular Lobe,0.0729,0.0725,65.0,92,892.0,5.16,4,16,0.4405
inferior frontal gyrus,6,STG,Superior Temporal Gyrus,Temporal Lobe,0.0135,0.0138,12.0,14,892.0,5.16,4,16,0.4405
inferior frontal gyrus,7,BG,Basal Ganglia,Subcortical Nuclei,0.0056,0.0061,5.0,5,892.0,5.16,4,16,0.4405
inferior frontal gyrus,8,Hipp,Hippocampus,Subcortical Nuclei,0.0034,0.0039,3.0,9,892.0,5.16,4,16,0.4405
inferior frontal gyrus,9,MVOcC,MedioVentral Occipital Cortex,Occipital Lobe,0.0022,0.0028,2.0,3,892.0,5.16,4,16,0.4405
inferior frontal gyrus,10,IPL,Inferior Parietal Lobule,Parietal Lobe,0.0022,0.0028,2.0,2,892.0,5.16,4,16,0.4405
inferior frontal gyrus,11,MTG,Middle Temporal Gyrus,Temporal Lobe,0.0022,0.0028,2.0,2,892.0,5.16,4,16,0.4405
inferior frontal gyrus,12,PoG,Postcentral Gyrus,Parietal Lobe,0.0022,0.0028,2.0,2,892.0,5.16,4,16,0.4405
inferior frontal gyrus,13,PhG,Parahippocampal Gyrus,Temporal Lobe,0.0011,0.0017,1.0,2,892.0,5.16,4,16,0.4405
inferior frontal gyrus,14,CG,Cingulate Gyrus,Limbic Lobe,0.0011,0.0017,1.0,1,892.0,5.16,4,16,0.4405
inferior frontal gyrus,15,FuG,Fusiform Gyrus,Temporal Lobe,0.0011,0.0017,1.0,1,892.0,5.16,4,16,0.4405
inferior frontal gyrus,16,Pcun,Precuneus,Parietal Lobe,0.0011,0.0017,1.0,1,892.0,5.16,4,16,0.4405
inferior frontal gyrus 11,1,OrG,Orbital Gyrus,Frontal Lobe,1.0,0.1786,2.0,2,2.0,21.0,19,1,0.1787
inferior frontal gyrus 13,1,IFG,Inferior Frontal Gyrus,Frontal Lobe,1.0,0.1154,1.0,1,1.0,22.91,19,1,0.1153
inferior frontal gyrus 44,1,PrG,Precentral Gyrus,Frontal Lobe,1.0,0.1786,2.0,4,2.0,21.0,19,1,0.1787
inferior frontal gyrus 44 46,1,IFG,Inferior Frontal Gyrus,Frontal Lobe,1.0,0.1154,1.0,1,1.0,22.91,19,1,0.1153
inferior frontal gyrus 44 6,1,PrG,Precentral Gyrus,Frontal Lobe,1.0,0.1154,1.0,1,1.0,22.91,19,1,0.1153
inferior frontal gyrus 45,1,IFG,Inferior Frontal Gyrus,Frontal Lobe,0.5556,0.2619,5.0,5,9.0,15.28,16,3,0.262
inferior frontal gyrus 45,2,MFG,Middle Frontal Gyrus,Frontal Lobe,0.2222,0.119,2.0,3,9.0,15.28,16,3,0.262
inferior frontal gyrus 45,3,STG,Superior Temporal Gyrus,Temporal Lobe,0.2222,0.119,2.0,3,9.0,15.28,16,3,0.262
inferior frontal gyrus 45 47,1,IFG,Inferior Frontal Gyrus,Frontal Lobe,1.0,0.1154,1.0,1,1.0,22.91,19,1,0.1153
inferior frontal gyrus 46,1,IFG,Inferior Frontal Gyrus,Frontal Lobe,0.8,0.2647,4.0,6,5.0,17.25,18,2,0.2648
inferior frontal gyrus 46,2,MFG,Middle Frontal Gyrus,Frontal Lobe,0.2,0.0882,1.0,1,5.0,17.25,18,2,0.2648
inferior frontal gyrus 47,1,OrG,Orbital Gyrus,Frontal Lobe,0.5,0.2708,6.0,7,12.0,14.23,15,4,0.271
inferior frontal gyrus 47,2,IFG,Inferior Frontal Gyrus,Frontal Lobe,0.25,0.1458,3.0,3,12.0,14.23,15,4,0.271
inferior frontal gyrus 47,3,INS,Insular Gyrus,Insular Lobe,0.1667,0.1042,2.0,2,12.0,14.23,15,4,0.271
inferior frontal gyrus 47,4,STG,Superior Temporal Gyrus,Temporal Lobe,0.0833,0.0625,1.0,1,12.0,14.23,15,4,0.271
inferior frontal gyrus 9,1,PrG,Precentral Gyrus,Frontal Lobe,0.8,0.2647,4.0,5,5.0,17.25,18,2,0.2648
inferior frontal gyrus 9,2,IFG,Inferior Frontal Gyrus,Frontal Lobe,0.2,0.0882,1.0,1,5.0,17.25,18,2,0.2648
inferior frontal gyrus and,1,INS,Insular Gyrus,Insular Lobe,1.0,0.1154,1.0,1,1.0,22.91,19,1,0.1153
inferior frontal gyrus ba 44,1,PrG,Precentral Gyrus,Frontal Lobe,0.4444,0.2833,8.0,9,18.0,11.6,13,5,0.2831
inferior frontal gyrus ba 44,2,IFG,Inferior Frontal Gyrus,Frontal Lobe,0.3889,0.25,7.0,10,18.0,11.6,13,5,0.2831
inferior frontal gyrus ba 44,3,INS,Insular Gyrus,Insular Lobe,0.0556,0.05,1.0,1,18.0,11.6,13,5,0.2831
inferior frontal gyrus ba 44,4,MFG,Middle Frontal Gyrus,Frontal Lobe,0.0556,0.05,1.0,1,18.0,11.6,13,5,0.2831
inferior frontal gyrus ba 44,5,OrG,Orbital Gyrus,Frontal Lobe,0.0556,0.05,1.0,1,18.0,11.6,13,5,0.2831
inferior frontal gyrus ba 44 45,1,IFG,Inferior Frontal Gyrus,Frontal Lobe,1.0,0.1786,2.0,3,2.0,21.0,19,1,0.1787
inferior frontal gyrus ba 44 50,1,IFG,Inferior Frontal Gyrus,Frontal Lobe,1.0,0.1154,1.0,1,1.0,22.91,19,1,0.1153
inferior frontal gyrus ba 45,1,IFG,Inferior Frontal Gyrus,Frontal Lobe,0.7895,0.5,15.0,19,19.0,8.78,12,4,0.5003
inferior frontal gyrus ba 45,2,MFG,Middle Frontal Gyrus,Frontal Lobe,0.1053,0.0806,2.0,2,19.0,8.78,12,4,0.5003
inferior frontal gyrus ba 45,3,INS,Insular Gyrus,Insular Lobe,0.0526,0.0484,1.0,1,19.0,8.78,12,4,0.5003
inferior frontal gyrus ba 45,4,MTG,Middle Temporal Gyrus,Temporal Lobe,0.0526,0.0484,1.0,1,19.0,8.78,12,4,0.5003
inferior frontal gyrus ba 45 46,1,IFG,Inferior Frontal Gyrus,Frontal Lobe,1.0,0.1154,1.0,1,1.0,22.91,19,1,0.1153
inferior frontal gyrus ba 45 47,1,INS,Insular Gyrus,Insular Lobe,1.0,0.1154,1.0,1,1.0,22.91,19,1,0.1153
inferior frontal gyrus ba 45 a,1,IFG,Inferior Frontal Gyrus,Frontal Lobe,1.0,0.1154,1.0,1,1.0,22.91,19,1,0.1153
inferior frontal gyrus ba 46,1,IFG,Inferior Frontal Gyrus,Frontal Lobe,1.0,0.2333,3.0,5,3.0,19.05,18,1,0.2335
inferior frontal gyrus ba 47,1,OrG,Orbital Gyrus,Frontal Lobe,0.4,0.2407,6.0,9,15.0,13.62,14,5,0.2408
inferior frontal gyrus ba 47,2,IFG,Inferior Frontal Gyrus,Frontal Lobe,0.3333,0.2037,5.0,9,15.0,13.62,14,5,0.2408
inferior frontal gyrus ba 47,3,MFG,Middle Frontal Gyrus,Frontal Lobe,0.1333,0.0926,2.0,2,15.0,13.62,14,5,0.2408
inferior frontal gyrus ba 47,4,INS,Insular Gyrus,Insular Lobe,0.0667,0.0556,1.0,1,15.0,13.62,14,5,0.2408
inferior frontal gyrus ba 47,5,pSTS,posterior Superior Temporal Sulcus,Temporal Lobe,0.0667,0.0556,1.0,1,15.0,13.62,14,5,0.2408
inferior frontal gyrus ba 48,1,IFG,Inferior Frontal Gyrus,Frontal Lobe,1.0,0.1154,1.0,1,1.0,22.91,19,1,0.1153
inferior frontal gyrus ba 6,1,PrG,Precentral Gyrus,Frontal Lobe,1.0,0.1154,1.0,1,1.0,22.91,19,1,0.1153
inferior frontal gyrus ba 9,1,PrG,Precentral Gyrus,Frontal Lobe,0.5,0.25,5.0,5,10.0,14.76,16,3,0.2502
inferior frontal gyrus ba 9,2,IFG,Inferior Frontal Gyrus,Frontal Lobe,0.3,0.1591,3.0,4,10.0,14.76,16,3,0.2502
inferior frontal gyrus ba 9,3,MFG,Middle Frontal Gyrus,Frontal Lobe,0.2,0.1136,2.0,2,10.0,14.76,16,3,0.2502
inferior frontal gyrus ba 9 46,1,MFG,Middle Frontal Gyrus,Frontal Lobe,1.0,0.1154,1.0,1,1.0,22.91,19,1,0.1153
inferior frontal gyrus extending in acc and others,1,IFG,Inferior Frontal Gyrus,Frontal Lobe,1.0,0.1154,1.0,1,1.0,22.91,19,1,0.1153
inferior frontal gyrus in triangular and opercular part,1,SFG,Superior Frontal Gyrus,Frontal Lobe,1.0,0.1154,1.0,1,1.0,22.91,19,1,0.1153
inferior frontal gyrus opercular part,1,IFG,Inferior Frontal Gyrus,Frontal Lobe,1.0,0.1154,1.0,1,1.0,22.91,19,1,0.1153
inferior frontal gyrus opercularis,1,IFG,Inferior Frontal Gyrus,Frontal Lobe,1.0,0.2333,3.0,3,3.0,19.05,18,1,0.2335
inferior frontal gyrus p opercularis,1,MFG,Middle Frontal Gyrus,Frontal Lobe,1.0,0.1154,1.0,1,1.0,22.91,19,1,0.1153
inferior frontal gyrus p triangularis,1,IFG,Inferior Frontal Gyrus,Frontal Lobe,1.0,0.1154,1.0,1,1.0,22.91,19,1,0.1153
inferior frontal gyrus par opercularis,1,MFG,Middle Frontal Gyrus,Frontal Lobe,1.0,0.1154,1.0,1,1.0,22.91,19,1,0.1153
inferior frontal gyrus pars opercularis,1,IFG,Inferior Frontal Gyrus,Frontal Lobe,0.7143,0.2895,5.0,7,7.0,15.35,17,2,0.2896
inferior frontal gyrus pars opercularis,2,PrG,Precentral Gyrus,Frontal Lobe,0.2857,0.1316,2.0,2,7.0,15.35,17,2,0.2896
inferior frontal gyrus pars opercularis ba 44 precentral gyrus,1,IFG,Inferior Frontal Gyrus,Frontal Lobe,1.0,0.1154,1.0,1,1.0,22.91,19,1,0.1153
inferior frontal gyrus pars orbitalis,1,OrG,Orbital Gyrus,Frontal Lobe,0.6,0.2059,3.0,3,5.0,17.97,18,2,0.2059
inferior frontal gyrus pars orbitalis,2,IFG,Inferior Frontal Gyrus,Frontal Lobe,0.4,0.1471,2.0,4,5.0,17.97,18,2,0.2059
inferior frontal gyrus pars orbitalis ba 47,1,IFG,Inferior Frontal Gyrus,Frontal Lobe,1.0,0.1154,1.0,1,1.0,22.91,19,1,0.1153
inferior frontal gyrus pars triangularis,1,IFG,Inferior Frontal Gyrus,Frontal Lobe,0.7,0.3409,7.0,10,10.0,13.5,16,3,0.3411
inferior frontal gyrus pars triangularis,2,MFG,Middle Frontal Gyrus,Frontal Lobe,0.2,0.1136,2.0,4,10.0,13.5,16,3,0.3411
inferior frontal gyrus pars triangularis,3,PrG,Precentral Gyrus,Frontal Lobe,0.1,0.0682,1.0,1,10.0,13.5,16,3,0.3411
inferior frontal gyrus pars triangularis and anterior insula,1,IFG,Inferior Frontal Gyrus,Frontal Lobe,1.0,0.1154,1.0,1,1.0,22.91,19,1,0.1153
inferior frontal gyrus pars triangularis ba 45,1,IFG,Inferior Frontal Gyrus,Frontal Lobe,1.0,0.1154,1.0,1,1.0,22.91,19,1,0.1153
inferior frontal gyrus pars triangularis ba 45 10,1,MFG,Middle Frontal Gyrus,Frontal Lobe,1.0,0.1154,1.0,1,1.0,22.91,19,1,0.1153
inferior frontal gyrus precentral,1,PrG,Precentral Gyrus,Frontal Lobe,1.0,0.1154,1.0,1,1.0,22.91,19,1,0.1153
inferior frontal gyrus ptr,1,IFG,Inferior Frontal Gyrus,Frontal Lobe,1.0,0.1154,1.0,1,1.0,22.91,19,1,0.1153
inferior frontal gyrus triangular,1,IFG,Inferior Frontal Gyrus,Frontal Lobe,1.0,0.1154,1.0,1,1.0,22.91,19,1,0.1153
inferior frontal gyrus triangular part,1,IFG,Inferior Frontal Gyrus,Frontal Lobe,1.0,0.1154,1.0,2,1.0,22.91,19,1,0.1153
inferior frontal gyrus triangularis,1,IFG,Inferior Frontal Gyrus,Frontal Lobe,0.5,0.1071,1.0,1,2.0,22.13,19,2,0.1071
inferior frontal gyrus triangularis,2,MFG,Middle Frontal Gyrus,Frontal Lobe,0.5,0.1071,1.0,1,2.0,22.13,19,2,0.1071
inferior frontal gyrus triangulas,1,INS,Insular Gyrus,Insular Lobe,1.0,0.1154,1.0,1,1.0,22.91,19,1,0.1153
inferior frontal gyrus3,1,IFG,Inferior Frontal Gyrus,Frontal Lobe,1.0,0.1154,1.0,1,1.0,22.91,19,1,0.1153
inferior frontal gyrusa,1,IFG,Inferior Frontal Gyrus,Frontal Lobe,0.5,0.1071,1.0,1,2.0,22.13,19,2,0.1071
inferior frontal gyrusa,2,OrG,Orbital Gyrus,Frontal Lobe,0.5,0.1071,1.0,1,2.0,22.13,19,2,0.1071
inferior frontal gyrusb,1,IFG,Inferior Frontal Gyrus,Frontal Lobe,0.5,0.1071,1.0,1,2.0,22.13,19,2,0.1071
inferior frontal gyrusb,2,OrG,Orbital Gyrus,Frontal Lobe,0.5,0.1071,1.0,1,2.0,22.13,19,2,0.1071
inferior frontal gyrusc,1,IFG,Inferior Frontal Gyrus,Frontal Lobe,1.0,0.1154,1.0,1,1.0,22.91,19,1,0.1153
inferior frontal gyrusd,1,IFG,Inferior Frontal Gyrus,Frontal Lobe,1.0,0.1154,1.0,1,1.0,22.91,19,1,0.1153
inferior frontal gyrusg,1,IFG,Inferior Frontal Gyrus,Frontal Lobe,1.0,0.1154,1.0,1,1.0,22.91,19,1,0.1153
inferior frontal gyurs,1,INS,Insular Gyrus,Insular Lobe,1.0,0.1154,1.0,2,1.0,22.91,19,1,0.1153
inferior frontal gyus,1,IFG,Inferior Frontal Gyrus,Frontal Lobe,1.0,0.1154,1.0,1,1.0,22.91,19,1,0.1153
inferior frontal junction,1,PrG,Precentral Gyrus,Frontal Lobe,0.625,0.275,5.0,7,8.0,15.58,16,3,0.275
inferior frontal junction,2,MFG,Middle Frontal Gyrus,Frontal Lobe,0.25,0.125,2.0,3,8.0,15.58,16,3,0.275
inferior frontal junction,3,pSTS,posterior Superior Temporal Sulcus,Temporal Lobe,0.125,0.075,1.0,1,8.0,15.58,16,3,0.275
inferior frontal junction area ba 6 8 44,1,MFG,Middle Frontal Gyrus,Frontal Lobe,0.5,0.1071,1.0,3,2.0,22.13,19,2,0.1071
inferior frontal junction area ba 6 8 44,2,IFG,Inferior Frontal Gyrus,Frontal Lobe,0.5,0.1071,1.0,2,2.0,22.13,19,2,0.1071
inferior frontal lobe,1,IFG,Inferior Frontal Gyrus,Frontal Lobe,0.3333,0.1,1.0,2,3.0,21.57,18,3,0.1001
inferior frontal lobe,2,INS,Insular Gyrus,Insular Lobe,0.3333,0.1,1.0,1,3.0,21.57,18,3,0.1001
inferior frontal lobe,3,MFG,Middle Frontal Gyrus,Frontal Lobe,0.3333,0.1,1.0,1,3.0,21.57,18,3,0.1001
inferior frontal opercularis,1,IFG,Inferior Frontal Gyrus,Frontal Lobe,1.0,0.1154,1.0,1,1.0,22.91,19,1,0.1153
inferior frontal operculum,1,IFG,Inferior Frontal Gyrus,Frontal Lobe,0.3636,0.1957,4.0,5,11.0,15.2,15,4,0.1958
inferior frontal operculum,2,PrG,Precentral Gyrus,Frontal Lobe,0.3636,0.1957,4.0,5,11.0,15.2,15,4,0.1958
inferior frontal operculum,3,INS,Insular Gyrus,Insular Lobe,0.1818,0.1087,2.0,4,11.0,15.2,15,4,0.1958
inferior frontal operculum,4,OrG,Orbital Gyrus,Frontal Lobe,0.0909,0.0652,1.0,2,11.0,15.2,15,4,0.1958
inferior frontal operculum ba 47,1,IFG,Inferior Frontal Gyrus,Frontal Lobe,1.0,0.1154,1.0,1,1.0,22.91,19,1,0.1153
inferior frontal orbital gyrus,1,OrG,Orbital Gyrus,Frontal Lobe,0.3333,0.1,1.0,1,3.0,21.57,18,3,0.1001
inferior frontal orbital gyrus,2,PhG,Parahippocampal Gyrus,Temporal Lobe,0.3333,0.1,1.0,1,3.0,21.57,18,3,0.1001
inferior frontal orbital gyrus,3,STG,Superior Temporal Gyrus,Temporal Lobe,0.3333,0.1,1.0,1,3.0,21.57,18,3,0.1001
inferior frontal pars opercularis,1,IFG,Inferior Frontal Gyrus,Frontal Lobe,1.0,0.1154,1.0,1,1.0,22.91,19,1,0.1153
inferior frontal pars opercularis ba 48,1,IFG,Inferior Frontal Gyrus,Frontal Lobe,1.0,0.1154,1.0,1,1.0,22.91,19,1,0.1153
inferior frontal pars orbitalis,1,IFG,Inferior Frontal Gyrus,Frontal Lobe,1.0,0.1154,1.0,1,1.0,22.91,19,1,0.1153
inferior frontal pars triangularis,1,IFG,Inferior Frontal Gyrus,Frontal Lobe,0.5,0.1071,1.0,2,2.0,22.13,19,2,0.1071
inferior frontal pars triangularis,2,MFG,Middle Frontal Gyrus,Frontal Lobe,0.5,0.1071,1.0,1,2.0,22.13,19,2,0.1071
inferior frontal pars triangularis ba 47,1,IFG,Inferior Frontal Gyrus,Frontal Lobe,1.0,0.1154,1.0,1,1.0,22.91,19,1,0.1153
inferior frontal region,1,OrG,Orbital Gyrus,Frontal Lobe,1.0,0.1154,1.0,1,1.0,22.91,19,1,0.1153
inferior frontal sulcus,1,MFG,Middle Frontal Gyrus,Frontal Lobe,0.5294,0.3276,9.0,9,17.0,9.62,13,2,0.3279
inferior frontal sulcus,2,IFG,Inferior Frontal Gyrus,Frontal Lobe,0.4706,0.2931,8.0,10,17.0,9.62,13,2,0.3279
inferior frontal tri ba 45 2,1,IFG,Inferior Frontal Gyrus,Frontal Lobe,1.0,0.1154,1.0,1,1.0,22.91,19,1,0.1153
inferior frontal triangular,1,IFG,Inferior Frontal Gyrus,Frontal Lobe,1.0,0.1786,2.0,2,2.0,21.0,19,1,0.1787
inferior frontal triangularis,1,IFG,Inferior Frontal Gyrus,Frontal Lobe,0.6667,0.1667,2.0,2,3.0,20.55,18,2,0.1668
inferior frontal triangularis,2,MFG,Middle Frontal Gyrus,Frontal Lobe,0.3333,0.1,1.0,1,3.0,20.55,18,2,0.1668
inferior frontalgyrus,1,MFG,Middle Frontal Gyrus,Frontal Lobe,1.0,0.1154,1.0,1,1.0,22.91,19,1,0.1153
inferior fronto occipital fasciculus,1,BG,Basal Ganglia,Subcortical Nuclei,0.3333,0.1,1.0,1,3.0,21.57,18,3,0.1001
inferior fronto occipital fasciculus,2,Hipp,Hippocampus,Subcortical Nuclei,0.3333,0.1,1.0,1,3.0,21.57,18,3,0.1001
inferior fronto occipital fasciculus,3,IPL,Inferior Parietal Lobule,Parietal Lobe,0.3333,0.1,1.0,1,3.0,21.57,18,3,0.1001
inferior gryrus,1,ITG,Inferior Temporal Gyrus,Temporal Lobe,1.0,0.1154,1.0,1,1.0,22.91,19,1,0.1153
inferior insula,1,INS,Insular Gyrus,Insular Lobe,1.0,0.1154,1.0,1,1.0,22.91,19,1,0.1153
inferior lateral occipital cortex,1,LOcC,lateral Occipital Cortex,Occipital Lobe,0.6,0.2059,3.0,4,5.0,18.76,18,3,0.206
inferior lateral occipital cortex,2,IPL,Inferior Parietal Lobule,Parietal Lobe,0.2,0.0882,1.0,1,5.0,18.76,18,3,0.206
inferior lateral occipital cortex,3,MTG,Middle Temporal Gyrus,Temporal Lobe,0.2,0.0882,1.0,1,5.0,18.76,18,3,0.206
inferior lingual gyrus,1,MVOcC,MedioVentral Occipital Cortex,Occipital Lobe,1.0,0.1154,1.0,1,1.0,22.91,19,1,0.1153
inferior lobe,1,IPL,Inferior Parietal Lobule,Parietal Lobe,1.0,0.1154,1.0,1,1.0,22.91,19,1,0.1153
inferior longitudinal fascicle,1,STG,Superior Temporal Gyrus,Temporal Lobe,1.0,0.1154,1.0,1,1.0,22.91,19,1,0.1153
inferior longitudinal fasciculus,1,FuG,Fusiform Gyrus,Temporal Lobe,0.2,0.0882,1.0,1,5.0,20.94,18,5,0.0882
inferior longitudinal fasciculus,2,Hipp,Hippocampus,Subcortical Nuclei,0.2,0.0882,1.0,1,5.0,20.94,18,5,0.0882
inferior longitudinal fasciculus,3,IPL,Inferior Parietal Lobule,Parietal Lobe,0.2,0.0882,1.0,1,5.0,20.94,18,5,0.0882
inferior longitudinal fasciculus,4,MTG,Middle Temporal Gyrus,Temporal Lobe,0.2,0.0882,1.0,1,5.0,20.94,18,5,0.0882
inferior longitudinal fasciculus,5,MVOcC,MedioVentral Occipital Cortex,Occipital Lobe,0.2,0.0882,1.0,1,5.0,20.94,18,5,0.0882
inferior middle frontal gyrus,1,IFG,Inferior Frontal Gyrus,Frontal Lobe,0.3333,0.1,1.0,1,3.0,21.57,18,3,0.1001
inferior middle frontal gyrus,2,MFG,Middle Frontal Gyrus,Frontal Lobe,0.3333,0.1,1.0,1,3.0,21.57,18,3,0.1001
inferior middle frontal gyrus,3,PrG,Precentral Gyrus,Frontal Lobe,0.3333,0.1,1.0,1,3.0,21.57,18,3,0.1001
inferior middle occipital gyrus,1,FuG,Fusiform Gyrus,Temporal Lobe,1.0,0.1154,1.0,1,1.0,22.91,19,1,0.1153
inferior middle temporal ba 20 21,1,FuG,Fusiform Gyrus,Temporal Lobe,1.0,0.1154,1.0,1,1.0,22.91,19,1,0.1153
inferior occcipital gyrus,1,ITG,Inferior Temporal Gyrus,Temporal Lobe,1.0,0.1154,1.0,1,1.0,22.91,19,1,0.1153
inferior occipital,1,LOcC,lateral Occipital Cortex,Occipital Lobe,0.6667,0.3542,8.0,18,12.0,12.36,15,3,0.3544
inferior occipital,2,FuG,Fusiform Gyrus,Temporal Lobe,0.25,0.1458,3.0,5,12.0,12.36,15,3,0.3544
inferior occipital,3,ITG,Inferior Temporal Gyrus,Temporal Lobe,0.0833,0.0625,1.0,1,12.0,12.36,15,3,0.3544
inferior occipital and fusiform gyrus,1,LOcC,lateral Occipital Cortex,Occipital Lobe,1.0,0.1154,1.0,1,1.0,22.91,19,1,0.1153
inferior occipital cortex,1,LOcC,lateral Occipital Cortex,Occipital Lobe,0.6667,0.25,4.0,7,6.0,17.31,17,3,0.2499
inferior occipital cortex,2,FuG,Fusiform Gyrus,Temporal Lobe,0.1667,0.0833,1.0,1,6.0,17.31,17,3,0.2499
inferior occipital cortex,3,ITG,Inferior Temporal Gyrus,Temporal Lobe,0.1667,0.0833,1.0,1,6.0,17.31,17,3,0.2499
inferior occipital cortex ba 19,1,LOcC,lateral Occipital Cortex,Occipital Lobe,1.0,0.1154,1.0,1,1.0,22.91,19,1,0.1153
inferior occipital g,1,LOcC,lateral Occipital Cortex,Occipital Lobe,0.6,0.2059,3.0,5,5.0,17.97,18,2,0.2059
inferior occipital g,2,FuG,Fusiform Gyrus,Temporal Lobe,0.4,0.1471,2.0,2,5.0,17.97,18,2,0.2059
inferior occipital g ba 17,1,LOcC,lateral Occipital Cortex,Occipital Lobe,1.0,0.1154,1.0,1,1.0,22.91,19,1,0.1153
inferior occipital gyrus,1,LOcC,lateral Occipital Cortex,Occipital Lobe,0.7371,0.6966,143.0,239,194.0,3.1,2,8,0.6969
inferior occipital gyrus,2,FuG,Fusiform Gyrus,Temporal Lobe,0.1959,0.1869,38.0,52,194.0,3.1,2,8,0.6969
inferior occipital gyrus,3,MFG,Middle Frontal Gyrus,Frontal Lobe,0.0155,0.017,3.0,4,194.0,3.1,2,8,0.6969
inferior occipital gyrus,4,ITG,Inferior Temporal Gyrus,Temporal Lobe,0.0155,0.017,3.0,3,194.0,3.1,2,8,0.6969
inferior occipital gyrus,5,MVOcC,MedioVentral Occipital Cortex,Occipital Lobe,0.0155,0.017,3.0,3,194.0,3.1,2,8,0.6969
inferior occipital gyrus,6,IPL,Inferior Parietal Lobule,Parietal Lobe,0.0103,0.0121,2.0,2,194.0,3.1,2,8,0.6969
inferior occipital gyrus,7,Hipp,Hippocampus,Subcortical Nuclei,0.0052,0.0073,1.0,1,194.0,3.1,2,8,0.6969
inferior occipital gyrus,8,MTG,Middle Temporal Gyrus,Temporal Lobe,0.0052,0.0073,1.0,1,194.0,3.1,2,8,0.6969
inferior occipital gyrus 1,1,LOcC,lateral Occipital Cortex,Occipital Lobe,1.0,0.1154,1.0,1,1.0,22.91,19,1,0.1153
inferior occipital gyrus 17,1,LOcC,lateral Occipital Cortex,Occipital Lobe,0.5,0.1071,1.0,1,2.0,22.13,19,2,0.1071
inferior occipital gyrus 17,2,MVOcC,MedioVentral Occipital Cortex,Occipital Lobe,0.5,0.1071,1.0,1,2.0,22.13,19,2,0.1071
inferior occipital gyrus 18,1,LOcC,lateral Occipital Cortex,Occipital Lobe,1.0,0.1786,2.0,4,2.0,21.0,19,1,0.1787
inferior occipital gyrus 19,1,LOcC,lateral Occipital Cortex,Occipital Lobe,1.0,0.2333,3.0,3,3.0,19.05,18,1,0.2335
inferior occipital gyrus and,1,LOcC,lateral Occipital Cortex,Occipital Lobe,1.0,0.1154,1.0,1,1.0,22.91,19,1,0.1153
inferior occipital gyrus and fusiform gyrus,1,LOcC,lateral Occipital Cortex,Occipital Lobe,1.0,0.1154,1.0,1,1.0,22.91,19,1,0.1153
inferior occipital gyrus ba 17,1,LOcC,lateral Occipital Cortex,Occipital Lobe,0.6667,0.1667,2.0,2,3.0,20.55,18,2,0.1668
inferior occipital gyrus ba 17,2,MVOcC,MedioVentral Occipital Cortex,Occipital Lobe,0.3333,0.1,1.0,1,3.0,20.55,18,2,0.1668
inferior occipital gyrus ba 18,1,LOcC,lateral Occipital Cortex,Occipital Lobe,1.0,0.2812,4.0,5,4.0,17.24,18,1,0.2815
inferior occipital gyrus ba 19,1,LOcC,lateral Occipital Cortex,Occipital Lobe,1.0,0.2812,4.0,8,4.0,17.24,18,1,0.2815
inferior occipital gyrus wm,1,LOcC,lateral Occipital Cortex,Occipital Lobe,1.0,0.1154,1.0,1,1.0,22.91,19,1,0.1153
inferior occipital gyrusa,1,LOcC,lateral Occipital Cortex,Occipital Lobe,1.0,0.1154,1.0,1,1.0,22.91,19,1,0.1153
inferior occipital gyurs,1,LOcC,lateral Occipital Cortex,Occipital Lobe,1.0,0.1154,1.0,1,1.0,22.91,19,1,0.1153
inferior occipital lobe,1,LOcC,lateral Occipital Cortex,Occipital Lobe,1.0,0.1786,2.0,8,2.0,21.0,19,1,0.1787
inferior occipital lobea,1,LOcC,lateral Occipital Cortex,Occipital Lobe,1.0,0.1154,1.0,2,1.0,22.91,19,1,0.1153
inferior occipitalgyrus,1,FuG,Fusiform Gyrus,Temporal Lobe,1.0,0.1154,1.0,1,1.0,22.91,19,1,0.1153
inferior ofc,1,OrG,Orbital Gyrus,Frontal Lobe,1.0,0.1786,2.0,7,2.0,21.0,19,1,0.1787
inferior operculum,1,PrG,Precentral Gyrus,Frontal Lobe,0.4,0.1471,2.0,5,5.0,19.22,18,3,0.1471
inferior operculum,2,IFG,Inferior Frontal Gyrus,Frontal Lobe,0.4,0.1471,2.0,4,5.0,19.22,18,3,0.1471
inferior operculum,3,BG,Basal Ganglia,Subcortical Nuclei,0.2,0.0882,1.0,1,5.0,19.22,18,3,0.1471
inferior orbital,1,IFG,Inferior Frontal Gyrus,Frontal Lobe,0.3333,0.1389,2.0,4,6.0,19.97,17,5,0.1389
inferior orbital,2,CG,Cingulate Gyrus,Limbic Lobe,0.1667,0.0833,1.0,1,6.0,19.97,17,5,0.1389
inferior orbital,3,MFG,Middle Frontal Gyrus,Frontal Lobe,0.1667,0.0833,1.0,1,6.0,19.97,17,5,0.1389
inferior orbital,4,OrG,Orbital Gyrus,Frontal Lobe,0.1667,0.0833,1.0,1,6.0,19.97,17,5,0.1389
inferior orbital,5,STG,Superior Temporal Gyrus,Temporal Lobe,0.1667,0.0833,1.0,1,6.0,19.97,17,5,0.1389
inferior orbital frontal,1,OrG,Orbital Gyrus,Frontal Lobe,0.75,0.2188,3.0,4,4.0,18.85,18,2,0.219
inferior orbital frontal,2,INS,Insular Gyrus,Insular Lobe,0.25,0.0938,1.0,1,4.0,18.85,18,2,0.219
inferior orbital frontal cortex,1,INS,Insular Gyrus,Insular Lobe,1.0,0.1154,1.0,1,1.0,22.91,19,1,0.1153
inferior orbital frontal gyrus,1,OrG,Orbital Gyrus,Frontal Lobe,1.0,0.1786,2.0,4,2.0,21.0,19,1,0.1787
inferior orbital frontal gyrus ba 38,1,OrG,Orbital Gyrus,Frontal Lobe,1.0,0.1154,1.0,1,1.0,22.91,19,1,0.1153
inferior orbital gyrus,1,OrG,Orbital Gyrus,Frontal Lobe,1.0,0.1154,1.0,3,1.0,22.91,19,1,0.1153
inferior orbito frontal gyrus,1,OrG,Orbital Gyrus,Frontal Lobe,1.0,0.1154,1.0,1,1.0,22.91,19,1,0.1153
inferior orbitofrontal,1,OrG,Orbital Gyrus,Frontal Lobe,1.0,0.1154,1.0,1,1.0,22.91,19,1,0.1153
inferior orbitofrontal cortex,1,INS,Insular Gyrus,Insular Lobe,0.4,0.1471,2.0,2,5.0,19.22,18,3,0.1471
inferior orbitofrontal cortex,2,OrG,Orbital Gyrus,Frontal Lobe,0.4,0.1471,2.0,2,5.0,19.22,18,3,0.1471
inferior orbitofrontal cortex,3,IFG,Inferior Frontal Gyrus,Frontal Lobe,0.2,0.0882,1.0,1,5.0,19.22,18,3,0.1471
inferior orbitofrontal gyrus,1,IFG,Inferior Frontal Gyrus,Frontal Lobe,0.6667,0.1667,2.0,2,3.0,20.55,18,2,0.1668
inferior orbitofrontal gyrus,2,OrG,Orbital Gyrus,Frontal Lobe,0.3333,0.1,1.0,1,3.0,20.55,18,2,0.1668
inferior orbitofrontal gyrus ba 2,1,IPL,Inferior Parietal Lobule,Parietal Lobe,1.0,0.1154,1.0,1,1.0,22.91,19,1,0.1153
inferior orbitofrontal gyrus ba 47,1,IFG,Inferior Frontal Gyrus,Frontal Lobe,0.5,0.1071,1.0,1,2.0,22.13,19,2,0.1071
inferior orbitofrontal gyrus ba 47,2,OrG,Orbital Gyrus,Frontal Lobe,0.5,0.1071,1.0,1,2.0,22.13,19,2,0.1071
inferior orbitofrontal lobe,1,OrG,Orbital Gyrus,Frontal Lobe,1.0,0.1154,1.0,1,1.0,22.91,19,1,0.1153
inferior pariental gyrus,1,IPL,Inferior Parietal Lobule,Parietal Lobe,1.0,0.1154,1.0,1,1.0,22.91,19,1,0.1153
inferior parietal,1,IPL,Inferior Parietal Lobule,Parietal Lobe,0.6604,0.5462,35.0,70,53.0,5.74,4,4,0.5461
inferior parietal,2,SPL,Superior Parietal Lobule,Parietal Lobe,0.1698,0.1462,9.0,13,53.0,5.74,4,4,0.5461
inferior parietal,3,PoG,Postcentral Gyrus,Parietal Lobe,0.1132,0.1,6.0,6,53.0,5.74,4,4,0.5461
inferior parietal,4,LOcC,lateral Occipital Cortex,Occipital Lobe,0.0566,0.0538,3.0,4,53.0,5.74,4,4,0.5461
inferior parietal 33,1,SPL,Superior Parietal Lobule,Parietal Lobe,1.0,0.1154,1.0,1,1.0,22.91,19,1,0.1153
inferior parietal angular gyrus,1,IPL,Inferior Parietal Lobule,Parietal Lobe,1.0,0.1154,1.0,3,1.0,22.91,19,1,0.1153
inferior parietal ba 40,1,IPL,Inferior Parietal Lobule,Parietal Lobe,0.6667,0.1667,2.0,3,3.0,20.55,18,2,0.1668
inferior parietal ba 40,2,SPL,Superior Parietal Lobule,Parietal Lobe,0.3333,0.1,1.0,1,3.0,20.55,18,2,0.1668
inferior parietal c,1,IPL,Inferior Parietal Lobule,Parietal Lobe,1.0,0.1154,1.0,2,1.0,22.91,19,1,0.1153
inferior parietal cortex,1,IPL,Inferior Parietal Lobule,Parietal Lobe,0.75,0.6083,36.0,82,48.0,5.92,6,8,0.6086
inferior parietal cortex,2,SPL,Superior Parietal Lobule,Parietal Lobe,0.0625,0.0583,3.0,4,48.0,5.92,6,8,0.6086
inferior parietal cortex,3,MTG,Middle Temporal Gyrus,Temporal Lobe,0.0417,0.0417,2.0,3,48.0,5.92,6,8,0.6086
inferior parietal cortex,4,STG,Superior Temporal Gyrus,Temporal Lobe,0.0417,0.0417,2.0,3,48.0,5.92,6,8,0.6086
inferior parietal cortex,5,pSTS,posterior Superior Temporal Sulcus,Temporal Lobe,0.0417,0.0417,2.0,2,48.0,5.92,6,8,0.6086
inferior parietal cortex,6,MFG,Middle Frontal Gyrus,Frontal Lobe,0.0208,0.025,1.0,1,48.0,5.92,6,8,0.6086
inferior parietal cortex,7,MVOcC,MedioVentral Occipital Cortex,Occipital Lobe,0.0208,0.025,1.0,1,48.0,5.92,6,8,0.6086
inferior parietal cortex,8,SFG,Superior Frontal Gyrus,Frontal Lobe,0.0208,0.025,1.0,1,48.0,5.92,6,8,0.6086
inferior parietal cortex 40,1,IPL,Inferior Parietal Lobule,Parietal Lobe,1.0,0.1154,1.0,3,1.0,22.91,19,1,0.1153
inferior parietal cortex ba 40,1,IPL,Inferior Parietal Lobule,Parietal Lobe,1.0,0.1786,2.0,2,2.0,21.0,19,1,0.1787
inferior parietal g,1,SPL,Superior Parietal Lobule,Parietal Lobe,1.0,0.1154,1.0,1,1.0,22.91,19,1,0.1153
inferior parietal gyrus,1,IPL,Inferior Parietal Lobule,Parietal Lobe,0.5641,0.4412,22.0,32,39.0,7.25,6,6,0.4412
inferior parietal gyrus,2,SPL,Superior Parietal Lobule,Parietal Lobe,0.3077,0.2451,12.0,14,39.0,7.25,6,6,0.4412
inferior parietal gyrus,3,PoG,Postcentral Gyrus,Parietal Lobe,0.0513,0.049,2.0,2,39.0,7.25,6,6,0.4412
inferior parietal gyrus,4,STG,Superior Temporal Gyrus,Temporal Lobe,0.0256,0.0294,1.0,2,39.0,7.25,6,6,0.4412
inferior parietal gyrus,5,MTG,Middle Temporal Gyrus,Temporal Lobe,0.0256,0.0294,1.0,1,39.0,7.25,6,6,0.4412
inferior parietal gyrus,6,pSTS,posterior Superior Temporal Sulcus,Temporal Lobe,0.0256,0.0294,1.0,1,39.0,7.25,6,6,0.4412
inferior parietal gyrus ba 1,1,IPL,Inferior Parietal Lobule,Parietal Lobe,1.0,0.1154,1.0,1,1.0,22.91,19,1,0.1153
inferior parietal gyrus ba 2,1,IPL,Inferior Parietal Lobule,Parietal Lobe,1.0,0.1154,1.0,1,1.0,22.91,19,1,0.1153
inferior parietal gyrus ba 40,1,IPL,Inferior Parietal Lobule,Parietal Lobe,0.5,0.1071,1.0,1,2.0,22.13,19,2,0.1071
inferior parietal gyrus ba 40,2,SPL,Superior Parietal Lobule,Parietal Lobe,0.5,0.1071,1.0,1,2.0,22.13,19,2,0.1071
inferior parietal gyrusa,1,IPL,Inferior Parietal Lobule,Parietal Lobe,1.0,0.1154,1.0,3,1.0,22.91,19,1,0.1153
inferior parietal lob,1,IPL,Inferior Parietal Lobule,Parietal Lobe,0.5,0.1071,1.0,2,2.0,22.13,19,2,0.1071
inferior parietal lob,2,PoG,Postcentral Gyrus,Parietal Lobe,0.5,0.1071,1.0,1,2.0,22.13,19,2,0.1071
inferior parietal lobe,1,IPL,Inferior Parietal Lobule,Parietal Lobe,0.72,0.5887,36.0,48,50.0,5.58,4,6,0.5883
inferior parietal lobe,2,SPL,Superior Parietal Lobule,Parietal Lobe,0.16,0.1371,8.0,11,50.0,5.58,4,6,0.5883
inferior parietal lobe,3,LOcC,lateral Occipital Cortex,Occipital Lobe,0.06,0.0565,3.0,3,50.0,5.58,4,6,0.5883
inferior parietal lobe,4,PoG,Postcentral Gyrus,Parietal Lobe,0.02,0.0242,1.0,5,50.0,5.58,4,6,0.5883
inferior parietal lobe,5,pSTS,posterior Superior Temporal Sulcus,Temporal Lobe,0.02,0.0242,1.0,3,50.0,5.58,4,6,0.5883
inferior parietal lobe,6,MFG,Middle Frontal Gyrus,Frontal Lobe,0.02,0.0242,1.0,1,50.0,5.58,4,6,0.5883
inferior parietal lobe 40,1,SPL,Superior Parietal Lobule,Parietal Lobe,0.5,0.1071,1.0,3,2.0,22.13,19,2,0.1071
inferior parietal lobe 40,2,IPL,Inferior Parietal Lobule,Parietal Lobe,0.5,0.1071,1.0,1,2.0,22.13,19,2,0.1071
inferior parietal lobe angular gyrus,1,IPL,Inferior Parietal Lobule,Parietal Lobe,1.0,0.1154,1.0,1,1.0,22.91,19,1,0.1153
inferior parietal lobe ba 40,1,IPL,Inferior Parietal Lobule,Parietal Lobe,0.6667,0.1667,2.0,5,3.0,20.55,18,2,0.1668
inferior parietal lobe ba 40,2,SPL,Superior Parietal Lobule,Parietal Lobe,0.3333,0.1,1.0,1,3.0,20.55,18,2,0.1668
inferior parietal lobule,1,IPL,Inferior Parietal Lobule,Parietal Lobe,0.6667,0.6492,278.0,572,417.0,3.66,2,14,0.6489
inferior parietal lobule,2,SPL,Superior Parietal Lobule,Parietal Lobe,0.1679,0.1643,70.0,98,417.0,3.66,2,14,0.6489
inferior parietal lobule,3,PoG,Postcentral Gyrus,Parietal Lobe,0.0719,0.0711,30.0,40,417.0,3.66,2,14,0.6489
inferior parietal lobule,4,LOcC,lateral Occipital Cortex,Occipital Lobe,0.0264,0.0268,11.0,17,417.0,3.66,2,14,0.6489
inferior parietal lobule,5,pSTS,posterior Superior Temporal Sulcus,Temporal Lobe,0.0192,0.0198,8.0,14,417.0,3.66,2,14,0.6489
inferior parietal lobule,6,MFG,Middle Frontal Gyrus,Frontal Lobe,0.0144,0.0152,6.0,6,417.0,3.66,2,14,0.6489
inferior parietal lobule,7,MTG,Middle Temporal Gyrus,Temporal Lobe,0.012,0.0128,5.0,6,417.0,3.66,2,14,0.6489
inferior parietal lobule,8,Pcun,Precuneus,Parietal Lobe,0.0072,0.0082,3.0,3,417.0,3.66,2,14,0.6489
inferior parietal lobule,9,FuG,Fusiform Gyrus,Temporal Lobe,0.0024,0.0035,1.0,1,417.0,3.66,2,14,0.6489
inferior parietal lobule,10,IFG,Inferior Frontal Gyrus,Frontal Lobe,0.0024,0.0035,1.0,1,417.0,3.66,2,14,0.6489
inferior parietal lobule,11,MVOcC,MedioVentral Occipital Cortex,Occipital Lobe,0.0024,0.0035,1.0,1,417.0,3.66,2,14,0.6489
inferior parietal lobule,12,PhG,Parahippocampal Gyrus,Temporal Lobe,0.0024,0.0035,1.0,1,417.0,3.66,2,14,0.6489
inferior parietal lobule,13,SFG,Superior Frontal Gyrus,Frontal Lobe,0.0024,0.0035,1.0,1,417.0,3.66,2,14,0.6489
inferior parietal lobule,14,STG,Superior Temporal Gyrus,Temporal Lobe,0.0024,0.0035,1.0,1,417.0,3.66,2,14,0.6489
inferior parietal lobule 1,1,IPL,Inferior Parietal Lobule,Parietal Lobe,1.0,0.1154,1.0,1,1.0,22.91,19,1,0.1153
inferior parietal lobule 2,1,IPL,Inferior Parietal Lobule,Parietal Lobe,1.0,0.1154,1.0,2,1.0,22.91,19,1,0.1153
inferior parietal lobule 40,1,IPL,Inferior Parietal Lobule,Parietal Lobe,0.4286,0.25,6.0,15,14.0,14.12,14,5,0.2501
inferior parietal lobule 40,2,SPL,Superior Parietal Lobule,Parietal Lobe,0.2857,0.1731,4.0,4,14.0,14.12,14,5,0.2501
inferior parietal lobule 40,3,pSTS,posterior Superior Temporal Sulcus,Temporal Lobe,0.1429,0.0962,2.0,3,14.0,14.12,14,5,0.2501
inferior parietal lobule 40,4,MFG,Middle Frontal Gyrus,Frontal Lobe,0.0714,0.0577,1.0,1,14.0,14.12,14,5,0.2501
inferior parietal lobule 40,5,STG,Superior Temporal Gyrus,Temporal Lobe,0.0714,0.0577,1.0,1,14.0,14.12,14,5,0.2501
inferior parietal lobule 7,1,SPL,Superior Parietal Lobule,Parietal Lobe,0.5,0.1071,1.0,2,2.0,22.13,19,2,0.1071
inferior parietal lobule 7,2,IPL,Inferior Parietal Lobule,Parietal Lobe,0.5,0.1071,1.0,1,2.0,22.13,19,2,0.1071
inferior parietal lobule and subgyral,1,IPL,Inferior Parietal Lobule,Parietal Lobe,1.0,0.1154,1.0,1,1.0,22.91,19,1,0.1153
inferior parietal lobule ba 39,1,IPL,Inferior Parietal Lobule,Parietal Lobe,1.0,0.1786,2.0,2,2.0,21.0,19,1,0.1787
inferior parietal lobule ba 40,1,IPL,Inferior Parietal Lobule,Parietal Lobe,0.72,0.5,18.0,36,25.0,8.3,10,5,0.5002
inferior parietal lobule ba 40,2,SPL,Superior Parietal Lobule,Parietal Lobe,0.12,0.0946,3.0,3,25.0,8.3,10,5,0.5002
inferior parietal lobule ba 40,3,pSTS,posterior Superior Temporal Sulcus,Temporal Lobe,0.08,0.0676,2.0,3,25.0,8.3,10,5,0.5002
inferior parietal lobule ba 40,4,MTG,Middle Temporal Gyrus,Temporal Lobe,0.04,0.0405,1.0,2,25.0,8.3,10,5,0.5002
inferior parietal lobule ba 40,5,PoG,Postcentral Gyrus,Parietal Lobe,0.04,0.0405,1.0,1,25.0,8.3,10,5,0.5002
inferior parietal lobule ba 40 2,1,IPL,Inferior Parietal Lobule,Parietal Lobe,1.0,0.1154,1.0,1,1.0,22.91,19,1,0.1153
inferior parietal lobule ba 7,1,SPL,Superior Parietal Lobule,Parietal Lobe,1.0,0.1786,2.0,2,2.0,21.0,19,1,0.1787
inferior parietal lobule1,1,SPL,Superior Parietal Lobule,Parietal Lobe,1.0,0.1786,2.0,3,2.0,21.0,19,1,0.1787
inferior parietal lobulea,1,IPL,Inferior Parietal Lobule,Parietal Lobe,1.0,0.1786,2.0,2,2.0,21.0,19,1,0.1787
inferior parietal lobuls,1,IPL,Inferior Parietal Lobule,Parietal Lobe,1.0,0.1154,1.0,1,1.0,22.91,19,1,0.1153
inferior parietal supramarginal gyrus,1,IPL,Inferior Parietal Lobule,Parietal Lobe,0.5,0.1071,1.0,1,2.0,22.13,19,2,0.1071
inferior parietal supramarginal gyrus,2,STG,Superior Temporal Gyrus,Temporal Lobe,0.5,0.1071,1.0,1,2.0,22.13,19,2,0.1071
inferior parietallobule,1,IPL,Inferior Parietal Lobule,Parietal Lobe,1.0,0.1154,1.0,1,1.0,22.91,19,1,0.1153
inferior pars opercularis,1,SFG,Superior Frontal Gyrus,Frontal Lobe,1.0,0.1154,1.0,1,1.0,22.91,19,1,0.1153
inferior part of the precentral sulcus,1,IFG,Inferior Frontal Gyrus,Frontal Lobe,0.5,0.1071,1.0,1,2.0,22.13,19,2,0.1071
inferior part of the precentral sulcus,2,PrG,Precentral Gyrus,Frontal Lobe,0.5,0.1071,1.0,1,2.0,22.13,19,2,0.1071
inferior pfc,1,INS,Insular Gyrus,Insular Lobe,1.0,0.1154,1.0,1,1.0,22.91,19,1,0.1153
inferior pre frontal,1,IFG,Inferior Frontal Gyrus,Frontal Lobe,0.5,0.1071,1.0,1,2.0,22.13,19,2,0.1071
inferior pre frontal,2,PrG,Precentral Gyrus,Frontal Lobe,0.5,0.1071,1.0,1,2.0,22.13,19,2,0.1071
inferior precentral gyrus,1,PrG,Precentral Gyrus,Frontal Lobe,1.0,0.1154,1.0,1,1.0,22.91,19,1,0.1153
inferior precentral sulcus,1,PrG,Precentral Gyrus,Frontal Lobe,1.0,0.2333,3.0,3,3.0,19.05,18,1,0.2335
inferior precuneus,1,Pcun,Precuneus,Parietal Lobe,1.0,0.1154,1.0,1,1.0,22.91,19,1,0.1153
inferior rostral gyrus,1,CG,Cingulate Gyrus,Limbic Lobe,1.0,0.1154,1.0,1,1.0,22.91,19,1,0.1153
inferior segment of the circular sulcus of the insula,1,INS,Insular Gyrus,Insular Lobe,0.5,0.1071,1.0,1,2.0,22.13,19,2,0.1071
inferior segment of the circular sulcus of the insula,2,STG,Superior Temporal Gyrus,Temporal Lobe,0.5,0.1071,1.0,1,2.0,22.13,19,2,0.1071
inferior superior parietal ba 7 39 40,1,LOcC,lateral Occipital Cortex,Occipital Lobe,1.0,0.1154,1.0,1,1.0,22.91,19,1,0.1153
inferior temoral gyrus,1,FuG,Fusiform Gyrus,Temporal Lobe,1.0,0.1154,1.0,1,1.0,22.91,19,1,0.1153
inferior temporal,1,ITG,Inferior Temporal Gyrus,Temporal Lobe,0.5,0.3942,20.0,28,40.0,8.48,5,5,0.3943
inferior temporal,2,FuG,Fusiform Gyrus,Temporal Lobe,0.175,0.1442,7.0,11,40.0,8.48,5,5,0.3943
inferior temporal,3,MTG,Middle Temporal Gyrus,Temporal Lobe,0.15,0.125,6.0,6,40.0,8.48,5,5,0.3943
inferior temporal,4,LOcC,lateral Occipital Cortex,Occipital Lobe,0.125,0.1058,5.0,5,40.0,8.48,5,5,0.3943
inferior temporal,5,pSTS,posterior Superior Temporal Sulcus,Temporal Lobe,0.05,0.0481,2.0,2,40.0,8.48,5,5,0.3943
inferior temporal area,1,FuG,Fusiform Gyrus,Temporal Lobe,1.0,0.1154,1.0,1,1.0,22.91,19,1,0.1153
inferior temporal ba 20,1,FuG,Fusiform Gyrus,Temporal Lobe,0.5,0.1071,1.0,3,2.0,22.13,19,2,0.1071
inferior temporal ba 20,2,ITG,Inferior Temporal Gyrus,Temporal Lobe,0.5,0.1071,1.0,1,2.0,22.13,19,2,0.1071
inferior temporal cortex,1,ITG,Inferior Temporal Gyrus,Temporal Lobe,0.5455,0.3676,12.0,13,22.0,10.49,11,5,0.3677
inferior temporal cortex,2,MTG,Middle Temporal Gyrus,Temporal Lobe,0.2273,0.1618,5.0,6,22.0,10.49,11,5,0.3677
inferior temporal cortex,3,FuG,Fusiform Gyrus,Temporal Lobe,0.1364,0.1029,3.0,5,22.0,10.49,11,5,0.3677
inferior temporal cortex,4,MFG,Middle Frontal Gyrus,Frontal Lobe,0.0455,0.0441,1.0,1,22.0,10.49,11,5,0.3677
inferior temporal cortex,5,STG,Superior Temporal Gyrus,Temporal Lobe,0.0455,0.0441,1.0,1,22.0,10.49,11,5,0.3677
inferior temporal g,1,ITG,Inferior Temporal Gyrus,Temporal Lobe,0.6,0.2059,3.0,3,5.0,18.76,18,3,0.206
inferior temporal g,2,LOcC,lateral Occipital Cortex,Occipital Lobe,0.2,0.0882,1.0,3,5.0,18.76,18,3,0.206
inferior temporal g,3,STG,Superior Temporal Gyrus,Temporal Lobe,0.2,0.0882,1.0,1,5.0,18.76,18,3,0.206
inferior temporal gyrus,1,ITG,Inferior Temporal Gyrus,Temporal Lobe,0.4835,0.4681,161.0,213,333.0,5.55,4,15,0.4685
inferior temporal gyrus,2,FuG,Fusiform Gyrus,Temporal Lobe,0.1562,0.1522,52.0,66,333.0,5.55,4,15,0.4685
inferior temporal gyrus,3,MTG,Middle Temporal Gyrus,Temporal Lobe,0.1562,0.1522,52.0,60,333.0,5.55,4,15,0.4685
inferior temporal gyrus,4,LOcC,lateral Occipital Cortex,Occipital Lobe,0.1141,0.1116,38.0,45,333.0,5.55,4,15,0.4685
inferior temporal gyrus,5,STG,Superior Temporal Gyrus,Temporal Lobe,0.027,0.0275,9.0,10,333.0,5.55,4,15,0.4685
inferior temporal gyrus,6,pSTS,posterior Superior Temporal Sulcus,Temporal Lobe,0.015,0.0159,5.0,5,333.0,5.55,4,15,0.4685
inferior temporal gyrus,7,Hipp,Hippocampus,Subcortical Nuclei,0.009,0.0101,3.0,3,333.0,5.55,4,15,0.4685
inferior temporal gyrus,8,IPL,Inferior Parietal Lobule,Parietal Lobe,0.009,0.0101,3.0,3,333.0,5.55,4,15,0.4685
inferior temporal gyrus,9,MFG,Middle Frontal Gyrus,Frontal Lobe,0.009,0.0101,3.0,3,333.0,5.55,4,15,0.4685
inferior temporal gyrus,10,PhG,Parahippocampal Gyrus,Temporal Lobe,0.006,0.0072,2.0,2,333.0,5.55,4,15,0.4685
inferior temporal gyrus,11,Amyg,Amygdala,Subcortical Nuclei,0.003,0.0043,1.0,1,333.0,5.55,4,15,0.4685
inferior temporal gyrus,12,IFG,Inferior Frontal Gyrus,Frontal Lobe,0.003,0.0043,1.0,1,333.0,5.55,4,15,0.4685
inferior temporal gyrus,13,INS,Insular Gyrus,Insular Lobe,0.003,0.0043,1.0,1,333.0,5.55,4,15,0.4685
inferior temporal gyrus,14,PrG,Precentral Gyrus,Frontal Lobe,0.003,0.0043,1.0,1,333.0,5.55,4,15,0.4685
inferior temporal gyrus,15,SPL,Superior Parietal Lobule,Parietal Lobe,0.003,0.0043,1.0,1,333.0,5.55,4,15,0.4685
inferior temporal gyrus 20,1,FuG,Fusiform Gyrus,Temporal Lobe,0.5,0.1071,1.0,1,2.0,22.13,19,2,0.1071
inferior temporal gyrus 20,2,ITG,Inferior Temporal Gyrus,Temporal Lobe,0.5,0.1071,1.0,1,2.0,22.13,19,2,0.1071
inferior temporal gyrus 21,1,MTG,Middle Temporal Gyrus,Temporal Lobe,1.0,0.1154,1.0,1,1.0,22.91,19,1,0.1153
inferior temporal gyrus 37,1,ITG,Inferior Temporal Gyrus,Temporal Lobe,0.5,0.1071,1.0,1,2.0,22.13,19,2,0.1071
inferior temporal gyrus 37,2,LOcC,lateral Occipital Cortex,Occipital Lobe,0.5,0.1071,1.0,1,2.0,22.13,19,2,0.1071
inferior temporal gyrus and lateral occipital cortex,1,FuG,Fusiform Gyrus,Temporal Lobe,0.5,0.1071,1.0,1,2.0,22.13,19,2,0.1071
inferior temporal gyrus and lateral occipital cortex,2,LOcC,lateral Occipital Cortex,Occipital Lobe,0.5,0.1071,1.0,1,2.0,22.13,19,2,0.1071
inferior temporal gyrus ba 20,1,ITG,Inferior Temporal Gyrus,Temporal Lobe,0.7,0.3409,7.0,8,10.0,13.95,16,4,0.3411
inferior temporal gyrus ba 20,2,MTG,Middle Temporal Gyrus,Temporal Lobe,0.1,0.0682,1.0,2,10.0,13.95,16,4,0.3411
inferior temporal gyrus ba 20,3,FuG,Fusiform Gyrus,Temporal Lobe,0.1,0.0682,1.0,1,10.0,13.95,16,4,0.3411
inferior temporal gyrus ba 20,4,LOcC,lateral Occipital Cortex,Occipital Lobe,0.1,0.0682,1.0,1,10.0,13.95,16,4,0.3411
inferior temporal gyrus ba 20 21,1,MTG,Middle Temporal Gyrus,Temporal Lobe,1.0,0.1154,1.0,1,1.0,22.91,19,1,0.1153
inferior temporal gyrus ba 21,1,STG,Superior Temporal Gyrus,Temporal Lobe,1.0,0.1154,1.0,1,1.0,22.91,19,1,0.1153
inferior temporal gyrus ba 37,1,ITG,Inferior Temporal Gyrus,Temporal Lobe,0.6,0.2059,3.0,4,5.0,18.76,18,3,0.206
inferior temporal gyrus ba 37,2,LOcC,lateral Occipital Cortex,Occipital Lobe,0.2,0.0882,1.0,1,5.0,18.76,18,3,0.206
inferior temporal gyrus ba 37,3,MTG,Middle Temporal Gyrus,Temporal Lobe,0.2,0.0882,1.0,1,5.0,18.76,18,3,0.206
inferior temporal lobe,1,FuG,Fusiform Gyrus,Temporal Lobe,0.3333,0.1389,2.0,2,6.0,19.18,17,4,0.1388
inferior temporal lobe,2,ITG,Inferior Temporal Gyrus,Temporal Lobe,0.3333,0.1389,2.0,2,6.0,19.18,17,4,0.1388
inferior temporal lobe,3,Hipp,Hippocampus,Subcortical Nuclei,0.1667,0.0833,1.0,1,6.0,19.18,17,4,0.1388
inferior temporal lobe,4,STG,Superior Temporal Gyrus,Temporal Lobe,0.1667,0.0833,1.0,1,6.0,19.18,17,4,0.1388
inferior temporal lobe 20,1,ITG,Inferior Temporal Gyrus,Temporal Lobe,1.0,0.1154,1.0,1,1.0,22.91,19,1,0.1153
inferior temporal lobea,1,ITG,Inferior Temporal Gyrus,Temporal Lobe,1.0,0.1154,1.0,1,1.0,22.91,19,1,0.1153
inferior temporal lobule,1,LOcC,lateral Occipital Cortex,Occipital Lobe,1.0,0.1154,1.0,1,1.0,22.91,19,1,0.1153
inferior temporal neocortex,1,FuG,Fusiform Gyrus,Temporal Lobe,1.0,0.1154,1.0,1,1.0,22.91,19,1,0.1153
inferior temporal pole ba 20 38,1,ITG,Inferior Temporal Gyrus,Temporal Lobe,0.5,0.1071,1.0,2,2.0,22.13,19,2,0.1071
inferior temporal pole ba 20 38,2,MTG,Middle Temporal Gyrus,Temporal Lobe,0.5,0.1071,1.0,1,2.0,22.13,19,2,0.1071
inferior temporal region,1,ITG,Inferior Temporal Gyrus,Temporal Lobe,1.0,0.1154,1.0,1,1.0,22.91,19,1,0.1153
inferior temporal sulcus,1,ITG,Inferior Temporal Gyrus,Temporal Lobe,0.3333,0.1667,3.0,4,9.0,16.76,16,4,0.1667
inferior temporal sulcus,2,LOcC,lateral Occipital Cortex,Occipital Lobe,0.3333,0.1667,3.0,4,9.0,16.76,16,4,0.1667
inferior temporal sulcus,3,MTG,Middle Temporal Gyrus,Temporal Lobe,0.2222,0.119,2.0,3,9.0,16.76,16,4,0.1667
inferior temporal sulcus,4,FuG,Fusiform Gyrus,Temporal Lobe,0.1111,0.0714,1.0,1,9.0,16.76,16,4,0.1667
inferior temporal sulcus ba 20 21 37,1,ITG,Inferior Temporal Gyrus,Temporal Lobe,0.5,0.1071,1.0,2,2.0,22.13,19,2,0.1071
inferior temporal sulcus ba 20 21 37,2,MTG,Middle Temporal Gyrus,Temporal Lobe,0.5,0.1071,1.0,1,2.0,22.13,19,2,0.1071
inferior temporalgyrus,1,FuG,Fusiform Gyrus,Temporal Lobe,0.25,0.0938,1.0,1,4.0,21.18,18,4,0.0939
inferior temporalgyrus,2,ITG,Inferior Temporal Gyrus,Temporal Lobe,0.25,0.0938,1.0,1,4.0,21.18,18,4,0.0939
inferior temporalgyrus,3,LOcC,lateral Occipital Cortex,Occipital Lobe,0.25,0.0938,1.0,1,4.0,21.18,18,4,0.0939
inferior temporalgyrus,4,MTG,Middle Temporal Gyrus,Temporal Lobe,0.25,0.0938,1.0,1,4.0,21.18,18,4,0.0939
inferior tempotal gyrus,1,LOcC,lateral Occipital Cortex,Occipital Lobe,1.0,0.1154,1.0,2,1.0,22.91,19,1,0.1153
inferior tri frontal,1,IFG,Inferior Frontal Gyrus,Frontal Lobe,1.0,0.1154,1.0,1,1.0,22.91,19,1,0.1153
inferior triangular,1,IFG,Inferior Frontal Gyrus,Frontal Lobe,0.6667,0.1667,2.0,8,3.0,20.55,18,2,0.1668
inferior triangular,2,CG,Cingulate Gyrus,Limbic Lobe,0.3333,0.1,1.0,1,3.0,20.55,18,2,0.1668
inferior ventral premotor cortex,1,PrG,Precentral Gyrus,Frontal Lobe,1.0,0.1154,1.0,1,1.0,22.91,19,1,0.1153
inferiro occipital gyrus,1,LOcC,lateral Occipital Cortex,Occipital Lobe,1.0,0.1154,1.0,1,1.0,22.91,19,1,0.1153
infero lateral occipital cortex,1,LOcC,lateral Occipital Cortex,Occipital Lobe,1.0,0.1154,1.0,3,1.0,22.91,19,1,0.1153
inferolateral occipital,1,LOcC,lateral Occipital Cortex,Occipital Lobe,1.0,0.1154,1.0,1,1.0,22.91,19,1,0.1153
inferomedial temporal gyrus,1,FuG,Fusiform Gyrus,Temporal Lobe,1.0,0.1154,1.0,1,1.0,22.91,19,1,0.1153
inferor temporal gyrus,1,FuG,Fusiform Gyrus,Temporal Lobe,1.0,0.1154,1.0,1,1.0,22.91,19,1,0.1153
inferotemporal cortex area te,1,BG,Basal Ganglia,Subcortical Nuclei,1.0,0.1154,1.0,1,1.0,22.91,19,1,0.1153
infr parietal lobule,1,IPL,Inferior Parietal Lobule,Parietal Lobe,1.0,0.1154,1.0,1,1.0,22.91,19,1,0.1153
inrerior frontal gyrus,1,OrG,Orbital Gyrus,Frontal Lobe,1.0,0.1154,1.0,1,1.0,22.91,19,1,0.1153
ins,1,INS,Insular Gyrus,Insular Lobe,0.4444,0.2833,8.0,14,18.0,12.86,13,6,0.2832
ins,2,IFG,Inferior Frontal Gyrus,Frontal Lobe,0.2778,0.1833,5.0,5,18.0,12.86,13,6,0.2832
ins,3,OrG,Orbital Gyrus,Frontal Lobe,0.1111,0.0833,2.0,3,18.0,12.86,13,6,0.2832
ins,4,PrG,Precentral Gyrus,Frontal Lobe,0.0556,0.05,1.0,2,18.0,12.86,13,6,0.2832
ins,5,STG,Superior Temporal Gyrus,Temporal Lobe,0.0556,0.05,1.0,2,18.0,12.86,13,6,0.2832
ins,6,IPL,Inferior Parietal Lobule,Parietal Lobe,0.0556,0.05,1.0,1,18.0,12.86,13,6,0.2832
ins 13,1,INS,Insular Gyrus,Insular Lobe,0.5,0.1071,1.0,2,2.0,22.13,19,2,0.1071
ins 13,2,IFG,Inferior Frontal Gyrus,Frontal Lobe,0.5,0.1071,1.0,1,2.0,22.13,19,2,0.1071
ins ba 13,1,IFG,Inferior Frontal Gyrus,Frontal Lobe,0.5,0.1071,1.0,2,2.0,22.13,19,2,0.1071
ins ba 13,2,INS,Insular Gyrus,Insular Lobe,0.5,0.1071,1.0,2,2.0,22.13,19,2,0.1071
insp,1,INS,Insular Gyrus,Insular Lobe,0.5,0.1071,1.0,1,2.0,22.13,19,2,0.1071
insp,2,STG,Superior Temporal Gyrus,Temporal Lobe,0.5,0.1071,1.0,1,2.0,22.13,19,2,0.1071
insual,1,OrG,Orbital Gyrus,Frontal Lobe,1.0,0.1154,1.0,1,1.0,22.91,19,1,0.1153
insula 13,1,IFG,Inferior Frontal Gyrus,Frontal Lobe,0.4,0.2045,4.0,4,10.0,15.41,16,4,0.2046
insula 13,2,INS,Insular Gyrus,Insular Lobe,0.4,0.2045,4.0,4,10.0,15.41,16,4,0.2046
insula 13,3,IPL,Inferior Parietal Lobule,Parietal Lobe,0.1,0.0682,1.0,1,10.0,15.41,16,4,0.2046
insula 13,4,MFG,Middle Frontal Gyrus,Frontal Lobe,0.1,0.0682,1.0,1,10.0,15.41,16,4,0.2046
insula 1997,1,IPL,Inferior Parietal Lobule,Parietal Lobe,1.0,0.1154,1.0,1,1.0,22.91,19,1,0.1153
insula 47,1,INS,Insular Gyrus,Insular Lobe,1.0,0.1154,1.0,1,1.0,22.91,19,1,0.1153
insula anterior,1,INS,Insular Gyrus,Insular Lobe,0.5,0.1071,1.0,9,2.0,22.13,19,2,0.1071
insula anterior,2,BG,Basal Ganglia,Subcortical Nuclei,0.5,0.1071,1.0,1,2.0,22.13,19,2,0.1071
insula ba 13,1,INS,Insular Gyrus,Insular Lobe,0.5455,0.4111,18.0,26,33.0,9.29,8,8,0.4112
insula ba 13,2,IFG,Inferior Frontal Gyrus,Frontal Lobe,0.2121,0.1667,7.0,8,33.0,9.29,8,8,0.4112
insula ba 13,3,STG,Superior Temporal Gyrus,Temporal Lobe,0.0909,0.0778,3.0,3,33.0,9.29,8,8,0.4112
insula ba 13,4,IPL,Inferior Parietal Lobule,Parietal Lobe,0.0303,0.0333,1.0,1,33.0,9.29,8,8,0.4112
insula ba 13,5,OrG,Orbital Gyrus,Frontal Lobe,0.0303,0.0333,1.0,1,33.0,9.29,8,8,0.4112
insula ba 13,6,PoG,Postcentral Gyrus,Parietal Lobe,0.0303,0.0333,1.0,1,33.0,9.29,8,8,0.4112
insula ba 13,7,PrG,Precentral Gyrus,Frontal Lobe,0.0303,0.0333,1.0,1,33.0,9.29,8,8,0.4112
insula ba 13,8,pSTS,posterior Superior Temporal Sulcus,Temporal Lobe,0.0303,0.0333,1.0,1,33.0,9.29,8,8,0.4112
insula ba 13 include putamen,1,INS,Insular Gyrus,Insular Lobe,1.0,0.1154,1.0,1,1.0,22.91,19,1,0.1153
insula ba 41 42,1,IPL,Inferior Parietal Lobule,Parietal Lobe,1.0,0.1154,1.0,1,1.0,22.91,19,1,0.1153
insula ba 47,1,INS,Insular Gyrus,Insular Lobe,0.4,0.1471,2.0,2,5.0,19.22,18,3,0.1471
insula ba 47,2,OrG,Orbital Gyrus,Frontal Lobe,0.4,0.1471,2.0,2,5.0,19.22,18,3,0.1471
insula ba 47,3,IFG,Inferior Frontal Gyrus,Frontal Lobe,0.2,0.0882,1.0,1,5.0,19.22,18,3,0.1471
insula ba 48,1,INS,Insular Gyrus,Insular Lobe,0.8333,0.3056,5.0,7,6.0,15.79,17,2,0.3054
insula ba 48,2,OrG,Orbital Gyrus,Frontal Lobe,0.1667,0.0833,1.0,1,6.0,15.79,17,2,0.3054
insula cluster 2,1,INS,Insular Gyrus,Insular Lobe,1.0,0.1154,1.0,1,1.0,22.91,19,1,0.1153
insula cortex,1,INS,Insular Gyrus,Insular Lobe,0.8,0.2647,4.0,9,5.0,17.25,18,2,0.2648
insula cortex,2,IFG,Inferior Frontal Gyrus,Frontal Lobe,0.2,0.0882,1.0,1,5.0,17.25,18,2,0.2648
insula lobe,1,INS,Insular Gyrus,Insular Lobe,0.5758,0.4333,19.0,38,33.0,8.94,7,7,0.4334
insula lobe,2,IFG,Inferior Frontal Gyrus,Frontal Lobe,0.1818,0.1444,6.0,8,33.0,8.94,7,7,0.4334
insula lobe,3,OrG,Orbital Gyrus,Frontal Lobe,0.0909,0.0778,3.0,3,33.0,8.94,7,7,0.4334
insula lobe,4,MFG,Middle Frontal Gyrus,Frontal Lobe,0.0606,0.0556,2.0,3,33.0,8.94,7,7,0.4334
insula lobe,5,FuG,Fusiform Gyrus,Temporal Lobe,0.0303,0.0333,1.0,1,33.0,8.94,7,7,0.4334
insula lobe,6,PrG,Precentral Gyrus,Frontal Lobe,0.0303,0.0333,1.0,1,33.0,8.94,7,7,0.4334
insula lobe,7,STG,Superior Temporal Gyrus,Temporal Lobe,0.0303,0.0333,1.0,1,33.0,8.94,7,7,0.4334
insula posterior,1,BG,Basal Ganglia,Subcortical Nuclei,0.5,0.1071,1.0,1,2.0,22.13,19,2,0.1071
insula posterior,2,INS,Insular Gyrus,Insular Lobe,0.5,0.1071,1.0,1,2.0,22.13,19,2,0.1071
insula1,1,IFG,Inferior Frontal Gyrus,Frontal Lobe,1.0,0.1154,1.0,1,1.0,22.91,19,1,0.1153
insulaa,1,INS,Insular Gyrus,Insular Lobe,0.3333,0.1,1.0,1,3.0,21.57,18,3,0.1001
insulaa,2,IPL,Inferior Parietal Lobule,Parietal Lobe,0.3333,0.1,1.0,1,3.0,21.57,18,3,0.1001
insulaa,3,PrG,Precentral Gyrus,Frontal Lobe,0.3333,0.1,1.0,1,3.0,21.57,18,3,0.1001
insulab,1,INS,Insular Gyrus,Insular Lobe,1.0,0.1154,1.0,1,1.0,22.91,19,1,0.1153
insulah,1,INS,Insular Gyrus,Insular Lobe,1.0,0.1154,1.0,1,1.0,22.91,19,1,0.1153
insulam,1,INS,Insular Gyrus,Insular Lobe,1.0,0.1154,1.0,1,1.0,22.91,19,1,0.1153
insular,1,INS,Insular Gyrus,Insular Lobe,0.7143,0.2895,5.0,6,7.0,15.35,17,2,0.2896
insular,2,OrG,Orbital Gyrus,Frontal Lobe,0.2857,0.1316,2.0,3,7.0,15.35,17,2,0.2896
insular and central opercular cortex,1,INS,Insular Gyrus,Insular Lobe,1.0,0.1154,1.0,1,1.0,22.91,19,1,0.1153
insular c,1,IFG,Inferior Frontal Gyrus,Frontal Lobe,1.0,0.1154,1.0,1,1.0,22.91,19,1,0.1153
insular cortex,1,INS,Insular Gyrus,Insular Lobe,0.617,0.5,29.0,53,47.0,7.79,7,9,0.4998
insular cortex,2,IFG,Inferior Frontal Gyrus,Frontal Lobe,0.1064,0.0932,5.0,6,47.0,7.79,7,9,0.4998
insular cortex,3,STG,Superior Temporal Gyrus,Temporal Lobe,0.0851,0.0763,4.0,4,47.0,7.79,7,9,0.4998
insular cortex,4,IPL,Inferior Parietal Lobule,Parietal Lobe,0.0426,0.0424,2.0,2,47.0,7.79,7,9,0.4998
insular cortex,5,OrG,Orbital Gyrus,Frontal Lobe,0.0426,0.0424,2.0,2,47.0,7.79,7,9,0.4998
insular cortex,6,PrG,Precentral Gyrus,Frontal Lobe,0.0426,0.0424,2.0,2,47.0,7.79,7,9,0.4998
insular cortex,7,PoG,Postcentral Gyrus,Parietal Lobe,0.0213,0.0254,1.0,2,47.0,7.79,7,9,0.4998
insular cortex,8,FuG,Fusiform Gyrus,Temporal Lobe,0.0213,0.0254,1.0,1,47.0,7.79,7,9,0.4998
insular cortex,9,MFG,Middle Frontal Gyrus,Frontal Lobe,0.0213,0.0254,1.0,1,47.0,7.79,7,9,0.4998
insular cortex ba 13,1,INS,Insular Gyrus,Insular Lobe,0.5,0.1071,1.0,2,2.0,22.13,19,2,0.1071
insular cortex ba 13,2,PrG,Precentral Gyrus,Frontal Lobe,0.5,0.1071,1.0,1,2.0,22.13,19,2,0.1071
insular cortexa,1,PrG,Precentral Gyrus,Frontal Lobe,1.0,0.1154,1.0,1,1.0,22.91,19,1,0.1153
insular cortexb,1,INS,Insular Gyrus,Insular Lobe,1.0,0.1154,1.0,1,1.0,22.91,19,1,0.1153
insular gyrus,1,INS,Insular Gyrus,Insular Lobe,0.3333,0.1,1.0,6,3.0,21.57,18,3,0.1001
insular gyrus,2,IFG,Inferior Frontal Gyrus,Frontal Lobe,0.3333,0.1,1.0,1,3.0,21.57,18,3,0.1001
insular gyrus,3,PrG,Precentral Gyrus,Frontal Lobe,0.3333,0.1,1.0,1,3.0,21.57,18,3,0.1001
insular lobe,1,INS,Insular Gyrus,Insular Lobe,0.5366,0.5287,396.0,682,738.0,5.14,4,15,0.5285
insular lobe,2,IFG,Inferior Frontal Gyrus,Frontal Lobe,0.1802,0.178,133.0,168,738.0,5.14,4,15,0.5285
insular lobe,3,OrG,Orbital Gyrus,Frontal Lobe,0.0718,0.0713,53.0,68,738.0,5.14,4,15,0.5285
insular lobe,4,PrG,Precentral Gyrus,Frontal Lobe,0.0528,0.0527,39.0,42,738.0,5.14,4,15,0.5285
insular lobe,5,IPL,Inferior Parietal Lobule,Parietal Lobe,0.0447,0.0447,33.0,42,738.0,5.14,4,15,0.5285
insular lobe,6,STG,Superior Temporal Gyrus,Temporal Lobe,0.042,0.042,31.0,36,738.0,5.14,4,15,0.5285
insular lobe,7,PoG,Postcentral Gyrus,Parietal Lobe,0.0257,0.026,19.0,19,738.0,5.14,4,15,0.5285
insular lobe,8,MFG,Middle Frontal Gyrus,Frontal Lobe,0.019,0.0193,14.0,17,738.0,5.14,4,15,0.5285
insular lobe,9,BG,Basal Ganglia,Subcortical Nuclei,0.0122,0.0127,9.0,9,738.0,5.14,4,15,0.5285
insular lobe,10,Hipp,Hippocampus,Subcortical Nuclei,0.0054,0.006,4.0,4,738.0,5.14,4,15,0.5285
insular lobe,11,CG,Cingulate Gyrus,Limbic Lobe,0.0027,0.0033,2.0,2,738.0,5.14,4,15,0.5285
insular lobe,12,FuG,Fusiform Gyrus,Temporal Lobe,0.0027,0.0033,2.0,2,738.0,5.14,4,15,0.5285
insular lobe,13,MTG,Middle Temporal Gyrus,Temporal Lobe,0.0014,0.002,1.0,1,738.0,5.14,4,15,0.5285
insular lobe,14,MVOcC,MedioVentral Occipital Cortex,Occipital Lobe,0.0014,0.002,1.0,1,738.0,5.14,4,15,0.5285
insular lobe,15,PhG,Parahippocampal Gyrus,Temporal Lobe,0.0014,0.002,1.0,1,738.0,5.14,4,15,0.5285
insular sub lobar,1,INS,Insular Gyrus,Insular Lobe,0.3333,0.1,1.0,3,3.0,21.57,18,3,0.1001
insular sub lobar,2,IPL,Inferior Parietal Lobule,Parietal Lobe,0.3333,0.1,1.0,3,3.0,21.57,18,3,0.1001
insular sub lobar,3,STG,Superior Temporal Gyrus,Temporal Lobe,0.3333,0.1,1.0,3,3.0,21.57,18,3,0.1001
insulo opercular region,1,IPL,Inferior Parietal Lobule,Parietal Lobe,1.0,0.1154,1.0,1,1.0,22.91,19,1,0.1153
internal capsule,1,BG,Basal Ganglia,Subcortical Nuclei,0.5,0.1562,2.0,2,4.0,19.34,18,2,0.1564
internal capsule,2,Tha,Thalamus,Subcortical Nuclei,0.5,0.1562,2.0,2,4.0,19.34,18,2,0.1564
internal globus pallidus,1,Tha,Thalamus,Subcortical Nuclei,1.0,0.1154,1.0,1,1.0,22.91,19,1,0.1153
intra occipital sulcus,1,SPL,Superior Parietal Lobule,Parietal Lobe,1.0,0.1154,1.0,1,1.0,22.91,19,1,0.1153
intra parietal sulcus,1,IPL,Inferior Parietal Lobule,Parietal Lobe,0.4545,0.2391,5.0,7,11.0,16.33,15,6,0.2393
intra parietal sulcus,2,MVOcC,MedioVentral Occipital Cortex,Occipital Lobe,0.1818,0.1087,2.0,2,11.0,16.33,15,6,0.2393
intra parietal sulcus,3,MFG,Middle Frontal Gyrus,Frontal Lobe,0.0909,0.0652,1.0,3,11.0,16.33,15,6,0.2393
intra parietal sulcus,4,LOcC,lateral Occipital Cortex,Occipital Lobe,0.0909,0.0652,1.0,1,11.0,16.33,15,6,0.2393
intra parietal sulcus,5,PhG,Parahippocampal Gyrus,Temporal Lobe,0.0909,0.0652,1.0,1,11.0,16.33,15,6,0.2393
intra parietal sulcus,6,SPL,Superior Parietal Lobule,Parietal Lobe,0.0909,0.0652,1.0,1,11.0,16.33,15,6,0.2393
intracalcarine cortex,1,MVOcC,MedioVentral Occipital Cortex,Occipital Lobe,0.8462,0.46,11.0,14,13.0,10.36,14,3,0.46
intracalcarine cortex,2,LOcC,lateral Occipital Cortex,Occipital Lobe,0.0769,0.06,1.0,1,13.0,10.36,14,3,0.46
intracalcarine cortex,3,Pcun,Precuneus,Parietal Lobe,0.0769,0.06,1.0,1,13.0,10.36,14,3,0.46
intracalcarine sulcus,1,MVOcC,MedioVentral Occipital Cortex,Occipital Lobe,1.0,0.1154,1.0,2,1.0,22.91,19,1,0.1153
intracalcerine cortex,1,MVOcC,MedioVentral Occipital Cortex,Occipital Lobe,1.0,0.1154,1.0,2,1.0,22.91,19,1,0.1153
intraoccipital sulcus,1,IPL,Inferior Parietal Lobule,Parietal Lobe,1.0,0.1154,1.0,1,1.0,22.91,19,1,0.1153
intrapaprietal sulcus,1,IPL,Inferior Parietal Lobule,Parietal Lobe,1.0,0.1154,1.0,1,1.0,22.91,19,1,0.1153
intraparietal cortex,1,IPL,Inferior Parietal Lobule,Parietal Lobe,0.75,0.2188,3.0,5,4.0,18.85,18,2,0.219
intraparietal cortex,2,LOcC,lateral Occipital Cortex,Occipital Lobe,0.25,0.0938,1.0,1,4.0,18.85,18,2,0.219
intraparietal lobule,1,IPL,Inferior Parietal Lobule,Parietal Lobe,1.0,0.1154,1.0,2,1.0,22.91,19,1,0.1153
intraparietal sulcus,1,IPL,Inferior Parietal Lobule,Parietal Lobe,0.431,0.3945,50.0,89,116.0,5.74,3,9,0.3946
intraparietal sulcus,2,SPL,Superior Parietal Lobule,Parietal Lobe,0.3448,0.3164,40.0,61,116.0,5.74,3,9,0.3946
intraparietal sulcus,3,LOcC,lateral Occipital Cortex,Occipital Lobe,0.1207,0.1133,14.0,15,116.0,5.74,3,9,0.3946
intraparietal sulcus,4,Pcun,Precuneus,Parietal Lobe,0.0431,0.043,5.0,6,116.0,5.74,3,9,0.3946
intraparietal sulcus,5,PoG,Postcentral Gyrus,Parietal Lobe,0.0172,0.0195,2.0,2,116.0,5.74,3,9,0.3946
intraparietal sulcus,6,pSTS,posterior Superior Temporal Sulcus,Temporal Lobe,0.0172,0.0195,2.0,2,116.0,5.74,3,9,0.3946
intraparietal sulcus,7,MFG,Middle Frontal Gyrus,Frontal Lobe,0.0086,0.0117,1.0,1,116.0,5.74,3,9,0.3946
intraparietal sulcus,8,MVOcC,MedioVentral Occipital Cortex,Occipital Lobe,0.0086,0.0117,1.0,1,116.0,5.74,3,9,0.3946
intraparietal sulcus,9,STG,Superior Temporal Gyrus,Temporal Lobe,0.0086,0.0117,1.0,1,116.0,5.74,3,9,0.3946
intraparietal sulcus 1,1,MVOcC,MedioVentral Occipital Cortex,Occipital Lobe,1.0,0.1154,1.0,1,1.0,22.91,19,1,0.1153
intraparietal sulcus and transverse parietal sulcus,1,IPL,Inferior Parietal Lobule,Parietal Lobe,0.5,0.1071,1.0,2,2.0,22.13,19,2,0.1071
intraparietal sulcus and transverse parietal sulcus,2,SPL,Superior Parietal Lobule,Parietal Lobe,0.5,0.1071,1.0,1,2.0,22.13,19,2,0.1071
intraparietal sulcus ba 39,1,LOcC,lateral Occipital Cortex,Occipital Lobe,1.0,0.1154,1.0,1,1.0,22.91,19,1,0.1153
intraparietal sulcus ba 40,1,SPL,Superior Parietal Lobule,Parietal Lobe,0.6667,0.1667,2.0,2,3.0,20.55,18,2,0.1668
intraparietal sulcus ba 40,2,IPL,Inferior Parietal Lobule,Parietal Lobe,0.3333,0.1,1.0,1,3.0,20.55,18,2,0.1668
intraparietal sulcus ba 7,1,SPL,Superior Parietal Lobule,Parietal Lobe,0.5,0.1562,2.0,6,4.0,20.24,18,3,0.1564
intraparietal sulcus ba 7,2,MFG,Middle Frontal Gyrus,Frontal Lobe,0.25,0.0938,1.0,1,4.0,20.24,18,3,0.1564
intraparietal sulcus ba 7,3,Pcun,Precuneus,Parietal Lobe,0.25,0.0938,1.0,1,4.0,20.24,18,3,0.1564
intraparietal sulcusa,1,SPL,Superior Parietal Lobule,Parietal Lobe,1.0,0.1154,1.0,3,1.0,22.91,19,1,0.1153
intraparietal transverseoccipital,1,IPL,Inferior Parietal Lobule,Parietal Lobe,1.0,0.1154,1.0,1,1.0,22.91,19,1,0.1153
intraprietal sulcus,1,LOcC,lateral Occipital Cortex,Occipital Lobe,0.5,0.1071,1.0,1,2.0,22.13,19,2,0.1071
intraprietal sulcus,2,SPL,Superior Parietal Lobule,Parietal Lobe,0.5,0.1071,1.0,1,2.0,22.13,19,2,0.1071
ioc,1,LOcC,lateral Occipital Cortex,Occipital Lobe,1.0,0.1154,1.0,4,1.0,22.91,19,1,0.1153
ipc 1,1,IPL,Inferior Parietal Lobule,Parietal Lobe,1.0,0.1154,1.0,1,1.0,22.91,19,1,0.1153
ipcdamh,1,PoG,Postcentral Gyrus,Parietal Lobe,1.0,0.1154,1.0,2,1.0,22.91,19,1,0.1153
ipcs,1,MFG,Middle Frontal Gyrus,Frontal Lobe,1.0,0.1154,1.0,1,1.0,22.91,19,1,0.1153
ipcundamh,1,SPL,Superior Parietal Lobule,Parietal Lobe,1.0,0.1154,1.0,1,1.0,22.91,19,1,0.1153
ipl 40,1,IPL,Inferior Parietal Lobule,Parietal Lobe,0.5,0.1562,2.0,3,4.0,20.24,18,3,0.1564
ipl 40,2,STG,Superior Temporal Gyrus,Temporal Lobe,0.25,0.0938,1.0,1,4.0,20.24,18,3,0.1564
ipl 40,3,pSTS,posterior Superior Temporal Sulcus,Temporal Lobe,0.25,0.0938,1.0,1,4.0,20.24,18,3,0.1564
ipl and,1,IPL,Inferior Parietal Lobule,Parietal Lobe,1.0,0.1154,1.0,1,1.0,22.91,19,1,0.1153
ipl ba 39,1,IPL,Inferior Parietal Lobule,Parietal Lobe,1.0,0.1154,1.0,1,1.0,22.91,19,1,0.1153
ipl ba 40,1,IPL,Inferior Parietal Lobule,Parietal Lobe,1.0,0.1154,1.0,1,1.0,22.91,19,1,0.1153
ips anterior,1,IPL,Inferior Parietal Lobule,Parietal Lobe,0.5,0.1071,1.0,4,2.0,22.13,19,2,0.1071
ips anterior,2,SPL,Superior Parietal Lobule,Parietal Lobe,0.5,0.1071,1.0,2,2.0,22.13,19,2,0.1071
ips ba 7,1,IPL,Inferior Parietal Lobule,Parietal Lobe,1.0,0.1154,1.0,2,1.0,22.91,19,1,0.1153
ips cluster 1,1,IPL,Inferior Parietal Lobule,Parietal Lobe,1.0,0.1154,1.0,2,1.0,22.91,19,1,0.1153
ips cluster 2,1,LOcC,lateral Occipital Cortex,Occipital Lobe,0.5,0.1071,1.0,1,2.0,22.13,19,2,0.1071
ips cluster 2,2,SPL,Superior Parietal Lobule,Parietal Lobe,0.5,0.1071,1.0,1,2.0,22.13,19,2,0.1071
ips d,1,SPL,Superior Parietal Lobule,Parietal Lobe,1.0,0.1154,1.0,1,1.0,22.91,19,1,0.1153
ips posterior,1,LOcC,lateral Occipital Cortex,Occipital Lobe,0.3333,0.1,1.0,2,3.0,21.57,18,3,0.1001
ips posterior,2,SPL,Superior Parietal Lobule,Parietal Lobe,0.3333,0.1,1.0,2,3.0,21.57,18,3,0.1001
ips posterior,3,IPL,Inferior Parietal Lobule,Parietal Lobe,0.3333,0.1,1.0,1,3.0,21.57,18,3,0.1001
ips v,1,LOcC,lateral Occipital Cortex,Occipital Lobe,1.0,0.1154,1.0,1,1.0,22.91,19,1,0.1153
ipsa,1,SPL,Superior Parietal Lobule,Parietal Lobe,1.0,0.1154,1.0,2,1.0,22.91,19,1,0.1153
ipsilesional,1,Tha,Thalamus,Subcortical Nuclei,0.25,0.0938,1.0,5,4.0,21.18,18,4,0.0939
ipsilesional,2,BG,Basal Ganglia,Subcortical Nuclei,0.25,0.0938,1.0,1,4.0,21.18,18,4,0.0939
ipsilesional,3,CG,Cingulate Gyrus,Limbic Lobe,0.25,0.0938,1.0,1,4.0,21.18,18,4,0.0939
ipsilesional,4,STG,Superior Temporal Gyrus,Temporal Lobe,0.25,0.0938,1.0,1,4.0,21.18,18,4,0.0939
ipsilesional psmc,1,PrG,Precentral Gyrus,Frontal Lobe,1.0,0.1154,1.0,1,1.0,22.91,19,1,0.1153
ipto,1,LOcC,lateral Occipital Cortex,Occipital Lobe,1.0,0.1154,1.0,2,1.0,22.91,19,1,0.1153
irlpfc,1,IFG,Inferior Frontal Gyrus,Frontal Lobe,0.3333,0.1,1.0,3,3.0,21.57,18,3,0.1001
irlpfc,2,OrG,Orbital Gyrus,Frontal Lobe,0.3333,0.1,1.0,2,3.0,21.57,18,3,0.1001
irlpfc,3,MFG,Middle Frontal Gyrus,Frontal Lobe,0.3333,0.1,1.0,1,3.0,21.57,18,3,0.1001
isthmus cingulate,1,CG,Cingulate Gyrus,Limbic Lobe,0.5,0.1071,1.0,1,2.0,22.13,19,2,0.1071
isthmus cingulate,2,MVOcC,MedioVentral Occipital Cortex,Occipital Lobe,0.5,0.1071,1.0,1,2.0,22.13,19,2,0.1071
isthmus cingulate cortex,1,CG,Cingulate Gyrus,Limbic Lobe,1.0,0.1154,1.0,2,1.0,22.91,19,1,0.1153
itg 20,1,ITG,Inferior Temporal Gyrus,Temporal Lobe,0.4,0.1471,2.0,7,5.0,20.06,18,4,0.1471
itg 20,2,FuG,Fusiform Gyrus,Temporal Lobe,0.2,0.0882,1.0,1,5.0,20.06,18,4,0.1471
itg 20,3,MTG,Middle Temporal Gyrus,Temporal Lobe,0.2,0.0882,1.0,1,5.0,20.06,18,4,0.1471
itg 20,4,STG,Superior Temporal Gyrus,Temporal Lobe,0.2,0.0882,1.0,1,5.0,20.06,18,4,0.1471
itg 37,1,ITG,Inferior Temporal Gyrus,Temporal Lobe,1.0,0.1154,1.0,1,1.0,22.91,19,1,0.1153
its,1,ITG,Inferior Temporal Gyrus,Temporal Lobe,0.5,0.1071,1.0,1,2.0,22.13,19,2,0.1071
its,2,MTG,Middle Temporal Gyrus,Temporal Lobe,0.5,0.1071,1.0,1,2.0,22.13,19,2,0.1071
juxtapositional lobule c,1,Tha,Thalamus,Subcortical Nuclei,1.0,0.1154,1.0,1,1.0,22.91,19,1,0.1153
juxtapositional lobule cortex,1,SFG,Superior Frontal Gyrus,Frontal Lobe,1.0,0.1786,2.0,3,2.0,21.0,19,1,0.1787
lag,1,IPL,Inferior Parietal Lobule,Parietal Lobe,1.0,0.1786,2.0,2,2.0,21.0,19,1,0.1787
laic,1,PrG,Precentral Gyrus,Frontal Lobe,1.0,0.1154,1.0,1,1.0,22.91,19,1,0.1153
lamy,1,Hipp,Hippocampus,Subcortical Nuclei,1.0,0.1154,1.0,1,1.0,22.91,19,1,0.1153
lat dpmc,1,MFG,Middle Frontal Gyrus,Frontal Lobe,1.0,0.1154,1.0,1,1.0,22.91,19,1,0.1153
lat glob pallidus,1,BG,Basal Ganglia,Subcortical Nuclei,1.0,0.1154,1.0,2,1.0,22.91,19,1,0.1153
lat inf occipital,1,LOcC,lateral Occipital Cortex,Occipital Lobe,1.0,0.1154,1.0,1,1.0,22.91,19,1,0.1153
lateral 2nd hg,1,STG,Superior Temporal Gyrus,Temporal Lobe,1.0,0.1154,1.0,2,1.0,22.91,19,1,0.1153
lateral anterior prefrontal cortex,1,MFG,Middle Frontal Gyrus,Frontal Lobe,1.0,0.1154,1.0,2,1.0,22.91,19,1,0.1153
lateral bank of ips ips,1,IPL,Inferior Parietal Lobule,Parietal Lobe,1.0,0.1154,1.0,1,1.0,22.91,19,1,0.1153
lateral calcarine cortex,1,MVOcC,MedioVentral Occipital Cortex,Occipital Lobe,1.0,0.1154,1.0,1,1.0,22.91,19,1,0.1153
lateral cerebellum,1,MVOcC,MedioVentral Occipital Cortex,Occipital Lobe,1.0,0.1154,1.0,2,1.0,22.91,19,1,0.1153
lateral cuneus,1,IPL,Inferior Parietal Lobule,Parietal Lobe,1.0,0.1154,1.0,1,1.0,22.91,19,1,0.1153
lateral dlpfc,1,MFG,Middle Frontal Gyrus,Frontal Lobe,1.0,0.1154,1.0,1,1.0,22.91,19,1,0.1153
lateral extrastriate cortex,1,LOcC,lateral Occipital Cortex,Occipital Lobe,1.0,0.1154,1.0,1,1.0,22.91,19,1,0.1153
lateral fef,1,PrG,Precentral Gyrus,Frontal Lobe,1.0,0.1786,2.0,2,2.0,21.0,19,1,0.1787
lateral fog,1,OrG,Orbital Gyrus,Frontal Lobe,1.0,0.1154,1.0,1,1.0,22.91,19,1,0.1153
lateral frontal cortex,1,IFG,Inferior Frontal Gyrus,Frontal Lobe,0.6667,0.1667,2.0,2,3.0,20.55,18,2,0.1668
lateral frontal cortex,2,MFG,Middle Frontal Gyrus,Frontal Lobe,0.3333,0.1,1.0,1,3.0,20.55,18,2,0.1668
lateral frontal gyrus,1,MFG,Middle Frontal Gyrus,Frontal Lobe,1.0,0.1154,1.0,1,1.0,22.91,19,1,0.1153
lateral frontal pole,1,MFG,Middle Frontal Gyrus,Frontal Lobe,1.0,0.1154,1.0,1,1.0,22.91,19,1,0.1153
lateral geniculum body,1,Tha,Thalamus,Subcortical Nuclei,1.0,0.1154,1.0,1,1.0,22.91,19,1,0.1153
lateral globus pallidus,1,BG,Basal Ganglia,Subcortical Nuclei,1.0,0.3611,6.0,9,6.0,14.26,17,1,0.3609
lateral gp,1,BG,Basal Ganglia,Subcortical Nuclei,1.0,0.1154,1.0,1,1.0,22.91,19,1,0.1153
lateral inferior parietal cortex ba 40,1,IPL,Inferior Parietal Lobule,Parietal Lobe,0.5,0.1071,1.0,4,2.0,22.13,19,2,0.1071
lateral inferior parietal cortex ba 40,2,PoG,Postcentral Gyrus,Parietal Lobe,0.5,0.1071,1.0,1,2.0,22.13,19,2,0.1071
lateral middle frontal,1,MFG,Middle Frontal Gyrus,Frontal Lobe,1.0,0.1154,1.0,1,1.0,22.91,19,1,0.1153
lateral middle occipital gyrus,1,LOcC,lateral Occipital Cortex,Occipital Lobe,1.0,0.1786,2.0,2,2.0,21.0,19,1,0.1787
lateral occ cortex,1,MTG,Middle Temporal Gyrus,Temporal Lobe,0.5,0.1071,1.0,3,2.0,22.13,19,2,0.1071
lateral occ cortex,2,LOcC,lateral Occipital Cortex,Occipital Lobe,0.5,0.1071,1.0,2,2.0,22.13,19,2,0.1071
lateral occipital,1,LOcC,lateral Occipital Cortex,Occipital Lobe,0.6667,0.3542,8.0,10,12.0,12.36,15,3,0.3544
lateral occipital,2,IPL,Inferior Parietal Lobule,Parietal Lobe,0.25,0.1458,3.0,3,12.0,12.36,15,3,0.3544
lateral occipital,3,SFG,Superior Frontal Gyrus,Frontal Lobe,0.0833,0.0625,1.0,1,12.0,12.36,15,3,0.3544
lateral occipital and lingual gyrus,1,LOcC,lateral Occipital Cortex,Occipital Lobe,1.0,0.1154,1.0,1,1.0,22.91,19,1,0.1153
lateral occipital complex,1,FuG,Fusiform Gyrus,Temporal Lobe,1.0,0.1154,1.0,1,1.0,22.91,19,1,0.1153
lateral occipital cortex,1,LOcC,lateral Occipital Cortex,Occipital Lobe,0.481,0.4231,38.0,72,79.0,7.2,5,8,0.423
lateral occipital cortex,2,IPL,Inferior Parietal Lobule,Parietal Lobe,0.2405,0.2143,19.0,36,79.0,7.2,5,8,0.423
lateral occipital cortex,3,SPL,Superior Parietal Lobule,Parietal Lobe,0.0759,0.0714,6.0,6,79.0,7.2,5,8,0.423
lateral occipital cortex,4,MTG,Middle Temporal Gyrus,Temporal Lobe,0.0633,0.0604,5.0,5,79.0,7.2,5,8,0.423
lateral occipital cortex,5,FuG,Fusiform Gyrus,Temporal Lobe,0.0506,0.0495,4.0,5,79.0,7.2,5,8,0.423
lateral occipital cortex,6,MVOcC,MedioVentral Occipital Cortex,Occipital Lobe,0.0506,0.0495,4.0,4,79.0,7.2,5,8,0.423
lateral occipital cortex,7,ITG,Inferior Temporal Gyrus,Temporal Lobe,0.0253,0.0275,2.0,3,79.0,7.2,5,8,0.423
lateral occipital cortex,8,PhG,Parahippocampal Gyrus,Temporal Lobe,0.0127,0.0165,1.0,1,79.0,7.2,5,8,0.423
lateral occipital cortex 19,1,LOcC,lateral Occipital Cortex,Occipital Lobe,1.0,0.1154,1.0,1,1.0,22.91,19,1,0.1153
lateral occipital cortex ba 19,1,IPL,Inferior Parietal Lobule,Parietal Lobe,1.0,0.1154,1.0,1,1.0,22.91,19,1,0.1153
lateral occipital cortex tactile visual,1,LOcC,lateral Occipital Cortex,Occipital Lobe,1.0,0.1154,1.0,1,1.0,22.91,19,1,0.1153
lateral occipital cx,1,LOcC,lateral Occipital Cortex,Occipital Lobe,1.0,0.1154,1.0,1,1.0,22.91,19,1,0.1153
lateral occipital g,1,LOcC,lateral Occipital Cortex,Occipital Lobe,1.0,0.1154,1.0,1,1.0,22.91,19,1,0.1153
lateral occipital gyrus,1,LOcC,lateral Occipital Cortex,Occipital Lobe,0.4,0.1471,2.0,5,5.0,19.22,18,3,0.1471
lateral occipital gyrus,2,IPL,Inferior Parietal Lobule,Parietal Lobe,0.4,0.1471,2.0,3,5.0,19.22,18,3,0.1471
lateral occipital gyrus,3,FuG,Fusiform Gyrus,Temporal Lobe,0.2,0.0882,1.0,1,5.0,19.22,18,3,0.1471
lateral occipital lobe,1,LOcC,lateral Occipital Cortex,Occipital Lobe,1.0,0.1154,1.0,1,1.0,22.91,19,1,0.1153
lateral occipital sulcus,1,LOcC,lateral Occipital Cortex,Occipital Lobe,1.0,0.1154,1.0,2,1.0,22.91,19,1,0.1153
lateral occipital visual area,1,LOcC,lateral Occipital Cortex,Occipital Lobe,1.0,0.1154,1.0,1,1.0,22.91,19,1,0.1153
lateral occipitalcortex,1,LOcC,lateral Occipital Cortex,Occipital Lobe,0.75,0.2188,3.0,3,4.0,18.85,18,2,0.219
lateral occipitalcortex,2,FuG,Fusiform Gyrus,Temporal Lobe,0.25,0.0938,1.0,1,4.0,18.85,18,2,0.219
lateral occipito temporal sulcus,1,FuG,Fusiform Gyrus,Temporal Lobe,0.5,0.1071,1.0,1,2.0,22.13,19,2,0.1071
lateral occipito temporal sulcus,2,ITG,Inferior Temporal Gyrus,Temporal Lobe,0.5,0.1071,1.0,1,2.0,22.13,19,2,0.1071
lateral occipitotemporal gyrus,1,MTG,Middle Temporal Gyrus,Temporal Lobe,1.0,0.1154,1.0,1,1.0,22.91,19,1,0.1153
lateral ofc,1,IFG,Inferior Frontal Gyrus,Frontal Lobe,0.3333,0.1875,4.0,9,12.0,14.79,15,4,0.1876
lateral ofc,2,OrG,Orbital Gyrus,Frontal Lobe,0.3333,0.1875,4.0,5,12.0,14.79,15,4,0.1876
lateral ofc,3,MFG,Middle Frontal Gyrus,Frontal Lobe,0.25,0.1458,3.0,4,12.0,14.79,15,4,0.1876
lateral ofc,4,INS,Insular Gyrus,Insular Lobe,0.0833,0.0625,1.0,1,12.0,14.79,15,4,0.1876
lateral orbital cortex,1,INS,Insular Gyrus,Insular Lobe,1.0,0.1154,1.0,1,1.0,22.91,19,1,0.1153
lateral orbital frontal cortex,1,MFG,Middle Frontal Gyrus,Frontal Lobe,1.0,0.1154,1.0,1,1.0,22.91,19,1,0.1153
lateral orbital g,1,MFG,Middle Frontal Gyrus,Frontal Lobe,1.0,0.1154,1.0,1,1.0,22.91,19,1,0.1153
lateral orbital gyrus,1,OrG,Orbital Gyrus,Frontal Lobe,0.6,0.2059,3.0,5,5.0,18.76,18,3,0.206
lateral orbital gyrus,2,IFG,Inferior Frontal Gyrus,Frontal Lobe,0.2,0.0882,1.0,1,5.0,18.76,18,3,0.206
lateral orbital gyrus,3,INS,Insular Gyrus,Insular Lobe,0.2,0.0882,1.0,1,5.0,18.76,18,3,0.206
lateral orbito frontal,1,OrG,Orbital Gyrus,Frontal Lobe,1.0,0.1154,1.0,2,1.0,22.91,19,1,0.1153
lateral orbitofrontal,1,OrG,Orbital Gyrus,Frontal Lobe,1.0,0.1154,1.0,1,1.0,22.91,19,1,0.1153
lateral orbitofrontal cortex,1,OrG,Orbital Gyrus,Frontal Lobe,0.6667,0.3095,6.0,9,9.0,15.0,16,4,0.3096
lateral orbitofrontal cortex,2,MFG,Middle Frontal Gyrus,Frontal Lobe,0.1111,0.0714,1.0,2,9.0,15.0,16,4,0.3096
lateral orbitofrontal cortex,3,CG,Cingulate Gyrus,Limbic Lobe,0.1111,0.0714,1.0,1,9.0,15.0,16,4,0.3096
lateral orbitofrontal cortex,4,INS,Insular Gyrus,Insular Lobe,0.1111,0.0714,1.0,1,9.0,15.0,16,4,0.3096
lateral orbitofrontal cortex ba 47,1,IFG,Inferior Frontal Gyrus,Frontal Lobe,1.0,0.1154,1.0,2,1.0,22.91,19,1,0.1153
lateral orbitofrontal ctx,1,OrG,Orbital Gyrus,Frontal Lobe,1.0,0.1154,1.0,1,1.0,22.91,19,1,0.1153
lateral orbitofrontal gyrus,1,OrG,Orbital Gyrus,Frontal Lobe,0.75,0.2188,3.0,4,4.0,18.85,18,2,0.219
lateral orbitofrontal gyrus,2,IFG,Inferior Frontal Gyrus,Frontal Lobe,0.25,0.0938,1.0,1,4.0,18.85,18,2,0.219
lateral parietal,1,IPL,Inferior Parietal Lobule,Parietal Lobe,0.8333,0.3056,5.0,9,6.0,15.79,17,2,0.3054
lateral parietal,2,LOcC,lateral Occipital Cortex,Occipital Lobe,0.1667,0.0833,1.0,1,6.0,15.79,17,2,0.3054
lateral parietal cortex,1,IPL,Inferior Parietal Lobule,Parietal Lobe,0.5,0.225,4.0,6,8.0,16.92,16,4,0.225
lateral parietal cortex,2,PoG,Postcentral Gyrus,Parietal Lobe,0.25,0.125,2.0,3,8.0,16.92,16,4,0.225
lateral parietal cortex,3,SFG,Superior Frontal Gyrus,Frontal Lobe,0.125,0.075,1.0,1,8.0,16.92,16,4,0.225
lateral parietal cortex,4,SPL,Superior Parietal Lobule,Parietal Lobe,0.125,0.075,1.0,1,8.0,16.92,16,4,0.225
lateral pfc,1,IFG,Inferior Frontal Gyrus,Frontal Lobe,0.3333,0.1667,3.0,4,9.0,18.32,16,6,0.1668
lateral pfc,2,MFG,Middle Frontal Gyrus,Frontal Lobe,0.2222,0.119,2.0,4,9.0,18.32,16,6,0.1668
lateral pfc,3,INS,Insular Gyrus,Insular Lobe,0.1111,0.0714,1.0,2,9.0,18.32,16,6,0.1668
lateral pfc,4,OrG,Orbital Gyrus,Frontal Lobe,0.1111,0.0714,1.0,1,9.0,18.32,16,6,0.1668
lateral pfc,5,PrG,Precentral Gyrus,Frontal Lobe,0.1111,0.0714,1.0,1,9.0,18.32,16,6,0.1668
lateral pfc,6,SFG,Superior Frontal Gyrus,Frontal Lobe,0.1111,0.0714,1.0,1,9.0,18.32,16,6,0.1668
lateral prefrontal,1,IFG,Inferior Frontal Gyrus,Frontal Lobe,0.5,0.1071,1.0,1,2.0,22.13,19,2,0.1071
lateral prefrontal,2,MFG,Middle Frontal Gyrus,Frontal Lobe,0.5,0.1071,1.0,1,2.0,22.13,19,2,0.1071
lateral prefrontal cortex,1,PrG,Precentral Gyrus,Frontal Lobe,0.375,0.175,3.0,5,8.0,16.55,16,3,0.175
lateral prefrontal cortex,2,MFG,Middle Frontal Gyrus,Frontal Lobe,0.375,0.175,3.0,3,8.0,16.55,16,3,0.175
lateral prefrontal cortex,3,IFG,Inferior Frontal Gyrus,Frontal Lobe,0.25,0.125,2.0,2,8.0,16.55,16,3,0.175
lateral prefrontal cortex medial prefrontal cortex orbitofrontal cortex anterior cingulate cortex,1,MFG,Middle Frontal Gyrus,Frontal Lobe,0.5,0.1071,1.0,1,2.0,22.13,19,2,0.1071
lateral prefrontal cortex medial prefrontal cortex orbitofrontal cortex anterior cingulate cortex,2,OrG,Orbital Gyrus,Frontal Lobe,0.5,0.1071,1.0,1,2.0,22.13,19,2,0.1071
lateral premotor ba 6,1,MFG,Middle Frontal Gyrus,Frontal Lobe,1.0,0.1154,1.0,1,1.0,22.91,19,1,0.1153
lateral premotor cortex,1,MFG,Middle Frontal Gyrus,Frontal Lobe,1.0,0.1154,1.0,1,1.0,22.91,19,1,0.1153
lateral premotor cortex ba 6,1,MFG,Middle Frontal Gyrus,Frontal Lobe,0.5,0.1071,1.0,1,2.0,22.13,19,2,0.1071
lateral premotor cortex ba 6,2,PrG,Precentral Gyrus,Frontal Lobe,0.5,0.1071,1.0,1,2.0,22.13,19,2,0.1071
lateral rostral pfc ba 10,1,MFG,Middle Frontal Gyrus,Frontal Lobe,1.0,0.1154,1.0,5,1.0,22.91,19,1,0.1153
lateral superior temporal gyrus,1,STG,Superior Temporal Gyrus,Temporal Lobe,1.0,0.1154,1.0,3,1.0,22.91,19,1,0.1153
lateral temporal cortex,1,ITG,Inferior Temporal Gyrus,Temporal Lobe,0.5,0.1562,2.0,2,4.0,20.24,18,3,0.1564
lateral temporal cortex,2,LOcC,lateral Occipital Cortex,Occipital Lobe,0.25,0.0938,1.0,2,4.0,20.24,18,3,0.1564
lateral temporal cortex,3,MTG,Middle Temporal Gyrus,Temporal Lobe,0.25,0.0938,1.0,1,4.0,20.24,18,3,0.1564
lateral temporal cortex ba 21,1,MTG,Middle Temporal Gyrus,Temporal Lobe,1.0,0.1154,1.0,1,1.0,22.91,19,1,0.1153
lateral temporal cortex ba 22,1,STG,Superior Temporal Gyrus,Temporal Lobe,1.0,0.1154,1.0,1,1.0,22.91,19,1,0.1153
lateral temporal cortex ba 37,1,ITG,Inferior Temporal Gyrus,Temporal Lobe,1.0,0.1154,1.0,1,1.0,22.91,19,1,0.1153
lateral temporal cortex ba 42,1,STG,Superior Temporal Gyrus,Temporal Lobe,1.0,0.1154,1.0,1,1.0,22.91,19,1,0.1153
lateral temporal occipital cortex,1,LOcC,lateral Occipital Cortex,Occipital Lobe,1.0,0.1154,1.0,1,1.0,22.91,19,1,0.1153
lateral thalamus,1,Tha,Thalamus,Subcortical Nuclei,1.0,0.1154,1.0,1,1.0,22.91,19,1,0.1153
lateral ventral frontopolar cortex,1,MFG,Middle Frontal Gyrus,Frontal Lobe,1.0,0.1154,1.0,1,1.0,22.91,19,1,0.1153
lef opercular part of inferior frontal gyrus,1,PrG,Precentral Gyrus,Frontal Lobe,1.0,0.1154,1.0,1,1.0,22.91,19,1,0.1153
leftt lingual gyrus,1,MVOcC,MedioVentral Occipital Cortex,Occipital Lobe,1.0,0.1154,1.0,1,1.0,22.91,19,1,0.1153
leniform nuclues,1,BG,Basal Ganglia,Subcortical Nuclei,1.0,0.1154,1.0,1,1.0,22.91,19,1,0.1153
lenticular nucleus,1,BG,Basal Ganglia,Subcortical Nuclei,1.0,0.1154,1.0,1,1.0,22.91,19,1,0.1153
lentiform ncl,1,BG,Basal Ganglia,Subcortical Nuclei,1.0,0.1154,1.0,1,1.0,22.91,19,1,0.1153
lentiform nuclear,1,BG,Basal Ganglia,Subcortical Nuclei,1.0,0.1154,1.0,2,1.0,22.91,19,1,0.1153
lentiform nucleus,1,BG,Basal Ganglia,Subcortical Nuclei,0.7143,0.5426,25.0,40,35.0,5.92,6,3,0.543
lentiform nucleus,2,Tha,Thalamus,Subcortical Nuclei,0.2571,0.2021,9.0,10,35.0,5.92,6,3,0.543
lentiform nucleus,3,Hipp,Hippocampus,Subcortical Nuclei,0.0286,0.0319,1.0,1,35.0,5.92,6,3,0.543
lentiform nucleus globus pallidus,1,BG,Basal Ganglia,Subcortical Nuclei,1.0,0.1154,1.0,1,1.0,22.91,19,1,0.1153
lfc,1,PrG,Precentral Gyrus,Frontal Lobe,1.0,0.1154,1.0,1,1.0,22.91,19,1,0.1153
lfef,1,PrG,Precentral Gyrus,Frontal Lobe,1.0,0.1154,1.0,1,1.0,22.91,19,1,0.1153
lfpc,1,MFG,Middle Frontal Gyrus,Frontal Lobe,1.0,0.1154,1.0,2,1.0,22.91,19,1,0.1153
lg ba 18,1,MVOcC,MedioVentral Occipital Cortex,Occipital Lobe,1.0,0.1154,1.0,1,1.0,22.91,19,1,0.1153
lgn,1,Tha,Thalamus,Subcortical Nuclei,1.0,0.1786,2.0,6,2.0,21.0,19,1,0.1787
lifg,1,IFG,Inferior Frontal Gyrus,Frontal Lobe,0.5,0.1944,3.0,20,6.0,18.0,17,3,0.1943
lifg,2,INS,Insular Gyrus,Insular Lobe,0.3333,0.1389,2.0,2,6.0,18.0,17,3,0.1943
lifg,3,MFG,Middle Frontal Gyrus,Frontal Lobe,0.1667,0.0833,1.0,1,6.0,18.0,17,3,0.1943
lifg ba 45,1,IFG,Inferior Frontal Gyrus,Frontal Lobe,1.0,0.1154,1.0,2,1.0,22.91,19,1,0.1153
lifg ba 45 44 47,1,IFG,Inferior Frontal Gyrus,Frontal Lobe,1.0,0.1154,1.0,1,1.0,22.91,19,1,0.1153
lifg ba 45 47 44,1,IFG,Inferior Frontal Gyrus,Frontal Lobe,1.0,0.1154,1.0,2,1.0,22.91,19,1,0.1153
lifg ba 47,1,OrG,Orbital Gyrus,Frontal Lobe,1.0,0.1154,1.0,1,1.0,22.91,19,1,0.1153
lifg pars opercularis,1,IFG,Inferior Frontal Gyrus,Frontal Lobe,1.0,0.1154,1.0,1,1.0,22.91,19,1,0.1153
lifga,1,IFG,Inferior Frontal Gyrus,Frontal Lobe,1.0,0.1154,1.0,2,1.0,22.91,19,1,0.1153
lifs,1,MFG,Middle Frontal Gyrus,Frontal Lobe,0.5,0.1071,1.0,1,2.0,22.13,19,2,0.1071
lifs,2,PrG,Precentral Gyrus,Frontal Lobe,0.5,0.1071,1.0,1,2.0,22.13,19,2,0.1071
light mtg,1,ITG,Inferior Temporal Gyrus,Temporal Lobe,1.0,0.1154,1.0,1,1.0,22.91,19,1,0.1153
limbic,1,CG,Cingulate Gyrus,Limbic Lobe,0.3333,0.1875,4.0,7,12.0,17.26,15,7,0.1876
limbic,2,MVOcC,MedioVentral Occipital Cortex,Occipital Lobe,0.1667,0.1042,2.0,2,12.0,17.26,15,7,0.1876
limbic,3,Pcun,Precuneus,Parietal Lobe,0.1667,0.1042,2.0,2,12.0,17.26,15,7,0.1876
limbic,4,Hipp,Hippocampus,Subcortical Nuclei,0.0833,0.0625,1.0,2,12.0,17.26,15,7,0.1876
limbic,5,BG,Basal Ganglia,Subcortical Nuclei,0.0833,0.0625,1.0,1,12.0,17.26,15,7,0.1876
limbic,6,PhG,Parahippocampal Gyrus,Temporal Lobe,0.0833,0.0625,1.0,1,12.0,17.26,15,7,0.1876
limbic,7,Tha,Thalamus,Subcortical Nuclei,0.0833,0.0625,1.0,1,12.0,17.26,15,7,0.1876
limbic lobe,1,PhG,Parahippocampal Gyrus,Temporal Lobe,0.5,0.1562,2.0,2,4.0,20.24,18,3,0.1564
limbic lobe,2,FuG,Fusiform Gyrus,Temporal Lobe,0.25,0.0938,1.0,1,4.0,20.24,18,3,0.1564
limbic lobe,3,Pcun,Precuneus,Parietal Lobe,0.25,0.0938,1.0,1,4.0,20.24,18,3,0.1564
limbic lobe anterior cingulate gyrus,1,SFG,Superior Frontal Gyrus,Frontal Lobe,0.5,0.1071,1.0,5,2.0,22.13,19,2,0.1071
limbic lobe anterior cingulate gyrus,2,CG,Cingulate Gyrus,Limbic Lobe,0.5,0.1071,1.0,1,2.0,22.13,19,2,0.1071
limbic lobe posterior cingulate,1,MVOcC,MedioVentral Occipital Cortex,Occipital Lobe,1.0,0.1154,1.0,1,1.0,22.91,19,1,0.1153
limbic posterior cingulate,1,Pcun,Precuneus,Parietal Lobe,1.0,0.1154,1.0,1,1.0,22.91,19,1,0.1153
lin ba 18,1,LOcC,lateral Occipital Cortex,Occipital Lobe,0.5,0.1071,1.0,1,2.0,22.13,19,2,0.1071
lin ba 18,2,MVOcC,MedioVentral Occipital Cortex,Occipital Lobe,0.5,0.1071,1.0,1,2.0,22.13,19,2,0.1071
ling,1,MVOcC,MedioVentral Occipital Cortex,Occipital Lobe,1.0,0.1786,2.0,2,2.0,21.0,19,1,0.1787
ling gyrus v1,1,LOcC,lateral Occipital Cortex,Occipital Lobe,1.0,0.1154,1.0,1,1.0,22.91,19,1,0.1153
lingal gyrus,1,MVOcC,MedioVentral Occipital Cortex,Occipital Lobe,1.0,0.1154,1.0,1,1.0,22.91,19,1,0.1153
lingual,1,MVOcC,MedioVentral Occipital Cortex,Occipital Lobe,0.6579,0.51,25.0,47,38.0,7.3,5,5,0.51
lingual,2,Hipp,Hippocampus,Subcortical Nuclei,0.1053,0.09,4.0,6,38.0,7.3,5,5,0.51
lingual,3,LOcC,lateral Occipital Cortex,Occipital Lobe,0.1053,0.09,4.0,5,38.0,7.3,5,5,0.51
lingual,4,FuG,Fusiform Gyrus,Temporal Lobe,0.0789,0.07,3.0,4,38.0,7.3,5,5,0.51
lingual,5,CG,Cingulate Gyrus,Limbic Lobe,0.0526,0.05,2.0,2,38.0,7.3,5,5,0.51
lingual cortex,1,MVOcC,MedioVentral Occipital Cortex,Occipital Lobe,1.0,0.1154,1.0,1,1.0,22.91,19,1,0.1153
lingual g,1,MVOcC,MedioVentral Occipital Cortex,Occipital Lobe,0.7,0.3409,7.0,10,10.0,13.95,16,4,0.3411
lingual g,2,CG,Cingulate Gyrus,Limbic Lobe,0.1,0.0682,1.0,1,10.0,13.95,16,4,0.3411
lingual g,3,FuG,Fusiform Gyrus,Temporal Lobe,0.1,0.0682,1.0,1,10.0,13.95,16,4,0.3411
lingual g,4,MFG,Middle Frontal Gyrus,Frontal Lobe,0.1,0.0682,1.0,1,10.0,13.95,16,4,0.3411
lingual g ba 18,1,MVOcC,MedioVentral Occipital Cortex,Occipital Lobe,0.5,0.1071,1.0,2,2.0,22.13,19,2,0.1071
lingual g ba 18,2,FuG,Fusiform Gyrus,Temporal Lobe,0.5,0.1071,1.0,1,2.0,22.13,19,2,0.1071
lingual gy,1,MVOcC,MedioVentral Occipital Cortex,Occipital Lobe,1.0,0.1786,2.0,4,2.0,21.0,19,1,0.1787
lingual gyr,1,Pcun,Precuneus,Parietal Lobe,1.0,0.1154,1.0,1,1.0,22.91,19,1,0.1153
lingual gyrus,1,MVOcC,MedioVentral Occipital Cortex,Occipital Lobe,0.6756,0.6537,227.0,373,336.0,3.71,2,13,0.654
lingual gyrus,2,LOcC,lateral Occipital Cortex,Occipital Lobe,0.1696,0.1652,57.0,78,336.0,3.71,2,13,0.654
lingual gyrus,3,CG,Cingulate Gyrus,Limbic Lobe,0.0417,0.0417,14.0,15,336.0,3.71,2,13,0.654
lingual gyrus,4,FuG,Fusiform Gyrus,Temporal Lobe,0.0387,0.0388,13.0,16,336.0,3.71,2,13,0.654
lingual gyrus,5,PhG,Parahippocampal Gyrus,Temporal Lobe,0.0238,0.0244,8.0,9,336.0,3.71,2,13,0.654
lingual gyrus,6,Pcun,Precuneus,Parietal Lobe,0.0149,0.0158,5.0,6,336.0,3.71,2,13,0.654
lingual gyrus,7,Hipp,Hippocampus,Subcortical Nuclei,0.0119,0.0129,4.0,4,336.0,3.71,2,13,0.654
lingual gyrus,8,OrG,Orbital Gyrus,Frontal Lobe,0.006,0.0072,2.0,2,336.0,3.71,2,13,0.654
lingual gyrus,9,Tha,Thalamus,Subcortical Nuclei,0.006,0.0072,2.0,2,336.0,3.71,2,13,0.654
lingual gyrus,10,MFG,Middle Frontal Gyrus,Frontal Lobe,0.003,0.0043,1.0,2,336.0,3.71,2,13,0.654
lingual gyrus,11,BG,Basal Ganglia,Subcortical Nuclei,0.003,0.0043,1.0,1,336.0,3.71,2,13,0.654
lingual gyrus,12,IPL,Inferior Parietal Lobule,Parietal Lobe,0.003,0.0043,1.0,1,336.0,3.71,2,13,0.654
lingual gyrus,13,STG,Superior Temporal Gyrus,Temporal Lobe,0.003,0.0043,1.0,1,336.0,3.71,2,13,0.654
lingual gyrus 17,1,MVOcC,MedioVentral Occipital Cortex,Occipital Lobe,0.5,0.1071,1.0,2,2.0,22.13,19,2,0.1071
lingual gyrus 17,2,LOcC,lateral Occipital Cortex,Occipital Lobe,0.5,0.1071,1.0,1,2.0,22.13,19,2,0.1071
lingual gyrus 18,1,MVOcC,MedioVentral Occipital Cortex,Occipital Lobe,0.5556,0.2619,5.0,14,9.0,14.98,16,3,0.262
lingual gyrus 18,2,FuG,Fusiform Gyrus,Temporal Lobe,0.3333,0.1667,3.0,3,9.0,14.98,16,3,0.262
lingual gyrus 18,3,LOcC,lateral Occipital Cortex,Occipital Lobe,0.1111,0.0714,1.0,1,9.0,14.98,16,3,0.262
lingual gyrus 19,1,MVOcC,MedioVentral Occipital Cortex,Occipital Lobe,0.6667,0.1667,2.0,2,3.0,20.55,18,2,0.1668
lingual gyrus 19,2,FuG,Fusiform Gyrus,Temporal Lobe,0.3333,0.1,1.0,1,3.0,20.55,18,2,0.1668
lingual gyrus ba 17,1,LOcC,lateral Occipital Cortex,Occipital Lobe,0.3333,0.1389,2.0,3,6.0,18.42,17,3,0.1388
lingual gyrus ba 17,2,BG,Basal Ganglia,Subcortical Nuclei,0.3333,0.1389,2.0,2,6.0,18.42,17,3,0.1388
lingual gyrus ba 17,3,MVOcC,MedioVentral Occipital Cortex,Occipital Lobe,0.3333,0.1389,2.0,2,6.0,18.42,17,3,0.1388
lingual gyrus ba 18,1,MVOcC,MedioVentral Occipital Cortex,Occipital Lobe,0.6364,0.3261,7.0,10,11.0,13.15,15,3,0.3264
lingual gyrus ba 18,2,LOcC,lateral Occipital Cortex,Occipital Lobe,0.2727,0.1522,3.0,4,11.0,13.15,15,3,0.3264
lingual gyrus ba 18,3,Tha,Thalamus,Subcortical Nuclei,0.0909,0.0652,1.0,2,11.0,13.15,15,3,0.3264
lingual gyrus ba 19,1,MVOcC,MedioVentral Occipital Cortex,Occipital Lobe,0.6667,0.1667,2.0,2,3.0,20.55,18,2,0.1668
lingual gyrus ba 19,2,IFG,Inferior Frontal Gyrus,Frontal Lobe,0.3333,0.1,1.0,1,3.0,20.55,18,2,0.1668
lingual gyrus ba 8,1,MVOcC,MedioVentral Occipital Cortex,Occipital Lobe,1.0,0.1154,1.0,1,1.0,22.91,19,1,0.1153
lingual gyrus6,1,LOcC,lateral Occipital Cortex,Occipital Lobe,1.0,0.1154,1.0,1,1.0,22.91,19,1,0.1153
lingual gyrusf,1,Pcun,Precuneus,Parietal Lobe,1.0,0.1154,1.0,1,1.0,22.91,19,1,0.1153
lingual gyrusinferior temporal gyrus,1,MFG,Middle Frontal Gyrus,Frontal Lobe,0.3333,0.1,1.0,1,3.0,21.57,18,3,0.1001
lingual gyrusinferior temporal gyrus,2,MTG,Middle Temporal Gyrus,Temporal Lobe,0.3333,0.1,1.0,1,3.0,21.57,18,3,0.1001
lingual gyrusinferior temporal gyrus,3,MVOcC,MedioVentral Occipital Cortex,Occipital Lobe,0.3333,0.1,1.0,1,3.0,21.57,18,3,0.1001
lingual gyurs,1,MVOcC,MedioVentral Occipital Cortex,Occipital Lobe,1.0,0.1154,1.0,1,1.0,22.91,19,1,0.1153
lingual or fusiform gyrus,1,PhG,Parahippocampal Gyrus,Temporal Lobe,1.0,0.1154,1.0,1,1.0,22.91,19,1,0.1153
linguala,1,CG,Cingulate Gyrus,Limbic Lobe,1.0,0.1154,1.0,1,1.0,22.91,19,1,0.1153
lingualgyrus,1,FuG,Fusiform Gyrus,Temporal Lobe,1.0,0.1154,1.0,1,1.0,22.91,19,1,0.1153
lingulai gyrus,1,LOcC,lateral Occipital Cortex,Occipital Lobe,1.0,0.1154,1.0,1,1.0,22.91,19,1,0.1153
lins,1,INS,Insular Gyrus,Insular Lobe,1.0,0.1154,1.0,1,1.0,22.91,19,1,0.1153
linual gyrus,1,MVOcC,MedioVentral Occipital Cortex,Occipital Lobe,0.5,0.1071,1.0,4,2.0,22.13,19,2,0.1071
linual gyrus,2,Hipp,Hippocampus,Subcortical Nuclei,0.5,0.1071,1.0,3,2.0,22.13,19,2,0.1071
lipl,1,IPL,Inferior Parietal Lobule,Parietal Lobe,1.0,0.1786,2.0,2,2.0,21.0,19,1,0.1787
lips,1,MVOcC,MedioVentral Occipital Cortex,Occipital Lobe,0.5,0.1071,1.0,1,2.0,22.13,19,2,0.1071
lips,2,SPL,Superior Parietal Lobule,Parietal Lobe,0.5,0.1071,1.0,1,2.0,22.13,19,2,0.1071
lloc,1,IPL,Inferior Parietal Lobule,Parietal Lobe,1.0,0.1786,2.0,2,2.0,21.0,19,1,0.1787
lmc,1,PoG,Postcentral Gyrus,Parietal Lobe,1.0,0.1154,1.0,2,1.0,22.91,19,1,0.1153
lmfg,1,MFG,Middle Frontal Gyrus,Frontal Lobe,0.5,0.1562,2.0,2,4.0,20.24,18,3,0.1564
lmfg,2,PrG,Precentral Gyrus,Frontal Lobe,0.25,0.0938,1.0,3,4.0,20.24,18,3,0.1564
lmfg,3,IFG,Inferior Frontal Gyrus,Frontal Lobe,0.25,0.0938,1.0,1,4.0,20.24,18,3,0.1564
lmfga,1,PrG,Precentral Gyrus,Frontal Lobe,1.0,0.1154,1.0,1,1.0,22.91,19,1,0.1153
lmtg,1,pSTS,posterior Superior Temporal Sulcus,Temporal Lobe,0.2727,0.1522,3.0,8,11.0,17.22,15,6,0.1523
lmtg,2,MTG,Middle Temporal Gyrus,Temporal Lobe,0.2727,0.1522,3.0,3,11.0,17.22,15,6,0.1523
lmtg,3,STG,Superior Temporal Gyrus,Temporal Lobe,0.1818,0.1087,2.0,9,11.0,17.22,15,6,0.1523
lmtg,4,IFG,Inferior Frontal Gyrus,Frontal Lobe,0.0909,0.0652,1.0,1,11.0,17.22,15,6,0.1523
lmtg,5,IPL,Inferior Parietal Lobule,Parietal Lobe,0.0909,0.0652,1.0,1,11.0,17.22,15,6,0.1523
lmtg,6,LOcC,lateral Occipital Cortex,Occipital Lobe,0.0909,0.0652,1.0,1,11.0,17.22,15,6,0.1523
lobule,1,SPL,Superior Parietal Lobule,Parietal Lobe,1.0,0.1154,1.0,1,1.0,22.91,19,1,0.1153
lobule ix of cerebellum,1,SFG,Superior Frontal Gyrus,Frontal Lobe,0.5,0.1071,1.0,2,2.0,22.13,19,2,0.1071
lobule ix of cerebellum,2,CG,Cingulate Gyrus,Limbic Lobe,0.5,0.1071,1.0,1,2.0,22.13,19,2,0.1071
lobule ix of the cerebellum,1,CG,Cingulate Gyrus,Limbic Lobe,0.5,0.1071,1.0,1,2.0,22.13,19,2,0.1071
lobule ix of the cerebellum,2,SFG,Superior Frontal Gyrus,Frontal Lobe,0.5,0.1071,1.0,1,2.0,22.13,19,2,0.1071
lobule vi,1,BG,Basal Ganglia,Subcortical Nuclei,1.0,0.1786,2.0,3,2.0,21.0,19,1,0.1787
lobule vi of the cerebellum,1,MFG,Middle Frontal Gyrus,Frontal Lobe,1.0,0.1154,1.0,3,1.0,22.91,19,1,0.1153
lobule viib,1,Hipp,Hippocampus,Subcortical Nuclei,0.5,0.1071,1.0,2,2.0,22.13,19,2,0.1071
lobule viib,2,MFG,Middle Frontal Gyrus,Frontal Lobe,0.5,0.1071,1.0,2,2.0,22.13,19,2,0.1071
lobule viiia of cerebellum,1,SFG,Superior Frontal Gyrus,Frontal Lobe,1.0,0.1154,1.0,1,1.0,22.91,19,1,0.1153
loc,1,LOcC,lateral Occipital Cortex,Occipital Lobe,0.625,0.275,5.0,10,8.0,16.16,16,4,0.275
loc,2,FuG,Fusiform Gyrus,Temporal Lobe,0.125,0.075,1.0,1,8.0,16.16,16,4,0.275
loc,3,IPL,Inferior Parietal Lobule,Parietal Lobe,0.125,0.075,1.0,1,8.0,16.16,16,4,0.275
loc,4,MVOcC,MedioVentral Occipital Cortex,Occipital Lobe,0.125,0.075,1.0,1,8.0,16.16,16,4,0.275
loc and posterior middle temporal gyrus,1,LOcC,lateral Occipital Cortex,Occipital Lobe,1.0,0.1154,1.0,1,1.0,22.91,19,1,0.1153
loc superior division,1,IPL,Inferior Parietal Lobule,Parietal Lobe,0.5,0.1071,1.0,1,2.0,22.13,19,2,0.1071
loc superior division,2,SPL,Superior Parietal Lobule,Parietal Lobe,0.5,0.1071,1.0,1,2.0,22.13,19,2,0.1071
lofa,1,LOcC,lateral Occipital Cortex,Occipital Lobe,1.0,0.1154,1.0,3,1.0,22.91,19,1,0.1153
lofc,1,IFG,Inferior Frontal Gyrus,Frontal Lobe,0.4286,0.1842,3.0,5,7.0,17.01,17,3,0.1843
lofc,2,MFG,Middle Frontal Gyrus,Frontal Lobe,0.4286,0.1842,3.0,3,7.0,17.01,17,3,0.1843
lofc,3,INS,Insular Gyrus,Insular Lobe,0.1429,0.0789,1.0,1,7.0,17.01,17,3,0.1843
log,1,LOcC,lateral Occipital Cortex,Occipital Lobe,1.0,0.2333,3.0,7,3.0,19.05,18,1,0.2335
loop for complex sentences,1,IPL,Inferior Parietal Lobule,Parietal Lobe,0.5,0.1071,1.0,1,2.0,22.13,19,2,0.1071
loop for complex sentences,2,MFG,Middle Frontal Gyrus,Frontal Lobe,0.5,0.1071,1.0,1,2.0,22.13,19,2,0.1071
loop for semantics,1,IPL,Inferior Parietal Lobule,Parietal Lobe,0.5,0.1071,1.0,1,2.0,22.13,19,2,0.1071
loop for semantics,2,PrG,Precentral Gyrus,Frontal Lobe,0.5,0.1071,1.0,1,2.0,22.13,19,2,0.1071
lop,1,MVOcC,MedioVentral Occipital Cortex,Occipital Lobe,1.0,0.1154,1.0,1,1.0,22.91,19,1,0.1153
los,1,LOcC,lateral Occipital Cortex,Occipital Lobe,1.0,0.1154,1.0,4,1.0,22.91,19,1,0.1153
lotc,1,ITG,Inferior Temporal Gyrus,Temporal Lobe,0.5,0.1071,1.0,2,2.0,22.13,19,2,0.1071
lotc,2,MTG,Middle Temporal Gyrus,Temporal Lobe,0.5,0.1071,1.0,2,2.0,22.13,19,2,0.1071
lotv,1,ITG,Inferior Temporal Gyrus,Temporal Lobe,1.0,0.1154,1.0,2,1.0,22.91,19,1,0.1153
lpc ba 4,1,PCL,Paracentral Lobule,Frontal Lobe,1.0,0.1154,1.0,1,1.0,22.91,19,1,0.1153
lpc ba 5 7,1,PCL,Paracentral Lobule,Frontal Lobe,1.0,0.1154,1.0,1,1.0,22.91,19,1,0.1153
lpcc,1,CG,Cingulate Gyrus,Limbic Lobe,1.0,0.1154,1.0,1,1.0,22.91,19,1,0.1153
lpcg,1,PrG,Precentral Gyrus,Frontal Lobe,1.0,0.1154,1.0,1,1.0,22.91,19,1,0.1153
lpfc,1,IFG,Inferior Frontal Gyrus,Frontal Lobe,0.5,0.1562,2.0,2,4.0,19.34,18,2,0.1564
lpfc,2,MFG,Middle Frontal Gyrus,Frontal Lobe,0.5,0.1562,2.0,2,4.0,19.34,18,2,0.1564
lpfca,1,MFG,Middle Frontal Gyrus,Frontal Lobe,1.0,0.1154,1.0,1,1.0,22.91,19,1,0.1153
lphg,1,Hipp,Hippocampus,Subcortical Nuclei,1.0,0.1786,2.0,2,2.0,21.0,19,1,0.1787
lpi ba 39,1,IPL,Inferior Parietal Lobule,Parietal Lobe,1.0,0.1154,1.0,2,1.0,22.91,19,1,0.1153
lpi ba 40,1,IPL,Inferior Parietal Lobule,Parietal Lobe,0.25,0.0938,1.0,2,4.0,21.18,18,4,0.0939
lpi ba 40,2,PoG,Postcentral Gyrus,Parietal Lobe,0.25,0.0938,1.0,2,4.0,21.18,18,4,0.0939
lpi ba 40,3,LOcC,lateral Occipital Cortex,Occipital Lobe,0.25,0.0938,1.0,1,4.0,21.18,18,4,0.0939
lpi ba 40,4,SPL,Superior Parietal Lobule,Parietal Lobe,0.25,0.0938,1.0,1,4.0,21.18,18,4,0.0939
lpi ba 7 40,1,IPL,Inferior Parietal Lobule,Parietal Lobe,1.0,0.1154,1.0,1,1.0,22.91,19,1,0.1153
lpic,1,STG,Superior Temporal Gyrus,Temporal Lobe,1.0,0.1154,1.0,1,1.0,22.91,19,1,0.1153
lpips,1,SPL,Superior Parietal Lobule,Parietal Lobe,1.0,0.1154,1.0,1,1.0,22.91,19,1,0.1153
lpm,1,PrG,Precentral Gyrus,Frontal Lobe,1.0,0.1154,1.0,1,1.0,22.91,19,1,0.1153
lpmc,1,MFG,Middle Frontal Gyrus,Frontal Lobe,0.5714,0.2368,4.0,14,7.0,15.78,17,2,0.2369
lpmc,2,PrG,Precentral Gyrus,Frontal Lobe,0.4286,0.1842,3.0,4,7.0,15.78,17,2,0.2369
lpmtg,1,IPL,Inferior Parietal Lobule,Parietal Lobe,0.3333,0.1,1.0,1,3.0,21.57,18,3,0.1001
lpmtg,2,MTG,Middle Temporal Gyrus,Temporal Lobe,0.3333,0.1,1.0,1,3.0,21.57,18,3,0.1001
lpmtg,3,pSTS,posterior Superior Temporal Sulcus,Temporal Lobe,0.3333,0.1,1.0,1,3.0,21.57,18,3,0.1001
lppc,1,IPL,Inferior Parietal Lobule,Parietal Lobe,1.0,0.1154,1.0,1,1.0,22.91,19,1,0.1153
lprecg,1,PrG,Precentral Gyrus,Frontal Lobe,1.0,0.1154,1.0,1,1.0,22.91,19,1,0.1153
lps,1,IPL,Inferior Parietal Lobule,Parietal Lobe,1.0,0.1154,1.0,2,1.0,22.91,19,1,0.1153
lps ba 7,1,IPL,Inferior Parietal Lobule,Parietal Lobe,0.5,0.1071,1.0,2,2.0,22.13,19,2,0.1071
lps ba 7,2,SPL,Superior Parietal Lobule,Parietal Lobe,0.5,0.1071,1.0,1,2.0,22.13,19,2,0.1071
lps ba 7 40,1,PoG,Postcentral Gyrus,Parietal Lobe,1.0,0.1154,1.0,1,1.0,22.91,19,1,0.1153
lpsts,1,pSTS,posterior Superior Temporal Sulcus,Temporal Lobe,1.0,0.1154,1.0,2,1.0,22.91,19,1,0.1153
lsloc,1,SPL,Superior Parietal Lobule,Parietal Lobe,1.0,0.1154,1.0,1,1.0,22.91,19,1,0.1153
lsma,1,BG,Basal Ganglia,Subcortical Nuclei,1.0,0.1154,1.0,1,1.0,22.91,19,1,0.1153
lstg,1,STG,Superior Temporal Gyrus,Temporal Lobe,1.0,0.1154,1.0,1,1.0,22.91,19,1,0.1153
lsts,1,MTG,Middle Temporal Gyrus,Temporal Lobe,0.5,0.1071,1.0,1,2.0,22.13,19,2,0.1071
lsts,2,STG,Superior Temporal Gyrus,Temporal Lobe,0.5,0.1071,1.0,1,2.0,22.13,19,2,0.1071
ltalamus,1,Tha,Thalamus,Subcortical Nuclei,1.0,0.1154,1.0,1,1.0,22.91,19,1,0.1153
ltc,1,ITG,Inferior Temporal Gyrus,Temporal Lobe,1.0,0.1154,1.0,1,1.0,22.91,19,1,0.1153
ltha,1,Tha,Thalamus,Subcortical Nuclei,1.0,0.1154,1.0,1,1.0,22.91,19,1,0.1153
ltpj,1,IPL,Inferior Parietal Lobule,Parietal Lobe,0.6667,0.1667,2.0,2,3.0,20.55,18,2,0.1668
ltpj,2,pSTS,posterior Superior Temporal Sulcus,Temporal Lobe,0.3333,0.1,1.0,1,3.0,20.55,18,2,0.1668
lv1v2,1,MVOcC,MedioVentral Occipital Cortex,Occipital Lobe,1.0,0.1154,1.0,1,1.0,22.91,19,1,0.1153
lv3a,1,LOcC,lateral Occipital Cortex,Occipital Lobe,1.0,0.1154,1.0,1,1.0,22.91,19,1,0.1153
lv4 vp,1,MVOcC,MedioVentral Occipital Cortex,Occipital Lobe,1.0,0.1154,1.0,1,1.0,22.91,19,1,0.1153
lv5,1,LOcC,lateral Occipital Cortex,Occipital Lobe,1.0,0.1154,1.0,2,1.0,22.91,19,1,0.1153
lvcs,1,PoG,Postcentral Gyrus,Parietal Lobe,1.0,0.1154,1.0,1,1.0,22.91,19,1,0.1153
lventro lateral prefrontal cortex,1,OrG,Orbital Gyrus,Frontal Lobe,1.0,0.1154,1.0,1,1.0,22.91,19,1,0.1153
lvstr,1,BG,Basal Ganglia,Subcortical Nuclei,1.0,0.1154,1.0,2,1.0,22.91,19,1,0.1153
lvv,1,ITG,Inferior Temporal Gyrus,Temporal Lobe,1.0,0.1154,1.0,1,1.0,22.91,19,1,0.1153
lyngual gyrus ba 18,1,MVOcC,MedioVentral Occipital Cortex,Occipital Lobe,1.0,0.1154,1.0,1,1.0,22.91,19,1,0.1153
m middle cingulate cortex,1,SFG,Superior Frontal Gyrus,Frontal Lobe,1.0,0.1154,1.0,1,1.0,22.91,19,1,0.1153
m paracingulate ba 6 8,1,CG,Cingulate Gyrus,Limbic Lobe,1.0,0.1154,1.0,1,1.0,22.91,19,1,0.1153
m posterior medial frontal gyrus,1,SFG,Superior Frontal Gyrus,Frontal Lobe,1.0,0.1154,1.0,5,1.0,22.91,19,1,0.1153
m1 4,1,PoG,Postcentral Gyrus,Parietal Lobe,0.5,0.1071,1.0,1,2.0,22.13,19,2,0.1071
m1 4,2,PrG,Precentral Gyrus,Frontal Lobe,0.5,0.1071,1.0,1,2.0,22.13,19,2,0.1071
m1 and thalamus,1,PoG,Postcentral Gyrus,Parietal Lobe,1.0,0.1154,1.0,1,1.0,22.91,19,1,0.1153
m1a,1,PrG,Precentral Gyrus,Frontal Lobe,1.0,0.1154,1.0,1,1.0,22.91,19,1,0.1153
m1damh,1,PrG,Precentral Gyrus,Frontal Lobe,1.0,0.1154,1.0,4,1.0,22.91,19,1,0.1153
mammillary body,1,Tha,Thalamus,Subcortical Nuclei,1.0,0.1786,2.0,2,2.0,21.0,19,1,0.1787
marginal branch of the cingulate sulcus,1,CG,Cingulate Gyrus,Limbic Lobe,1.0,0.1154,1.0,2,1.0,22.91,19,1,0.1153
marginal sulcus,1,PCL,Paracentral Lobule,Frontal Lobe,1.0,0.1154,1.0,1,1.0,22.91,19,1,0.1153
maximum 1 middle temporal gyrus,1,MTG,Middle Temporal Gyrus,Temporal Lobe,1.0,0.1154,1.0,1,1.0,22.91,19,1,0.1153
maximum 2,1,PhG,Parahippocampal Gyrus,Temporal Lobe,1.0,0.1154,1.0,1,1.0,22.91,19,1,0.1153
maximum 3 sma,1,SFG,Superior Frontal Gyrus,Frontal Lobe,1.0,0.1154,1.0,1,1.0,22.91,19,1,0.1153
maximum 3 thalamus,1,Tha,Thalamus,Subcortical Nuclei,1.0,0.1154,1.0,1,1.0,22.91,19,1,0.1153
mcc and precuneus,1,Pcun,Precuneus,Parietal Lobe,1.0,0.1154,1.0,1,1.0,22.91,19,1,0.1153
mcg,1,CG,Cingulate Gyrus,Limbic Lobe,1.0,0.1154,1.0,2,1.0,22.91,19,1,0.1153
mdfg,1,SFG,Superior Frontal Gyrus,Frontal Lobe,1.0,0.1786,2.0,2,2.0,21.0,19,1,0.1787
mdlpfc,1,MFG,Middle Frontal Gyrus,Frontal Lobe,1.0,0.1154,1.0,2,1.0,22.91,19,1,0.1153
mdn,1,Tha,Thalamus,Subcortical Nuclei,1.0,0.1154,1.0,1,1.0,22.91,19,1,0.1153
mdn thalamus,1,Tha,Thalamus,Subcortical Nuclei,1.0,0.1154,1.0,2,1.0,22.91,19,1,0.1153
med fr gy,1,SFG,Superior Frontal Gyrus,Frontal Lobe,1.0,0.1154,1.0,2,1.0,22.91,19,1,0.1153
med fr gy to sup fr gy,1,SFG,Superior Frontal Gyrus,Frontal Lobe,1.0,0.1154,1.0,1,1.0,22.91,19,1,0.1153
med fr gy to sup fr gyg,1,SFG,Superior Frontal Gyrus,Frontal Lobe,1.0,0.1154,1.0,1,1.0,22.91,19,1,0.1153
med fr gy0,1,SFG,Superior Frontal Gyrus,Frontal Lobe,1.0,0.1154,1.0,1,1.0,22.91,19,1,0.1153
med fr gyh,1,SFG,Superior Frontal Gyrus,Frontal Lobe,1.0,0.1154,1.0,1,1.0,22.91,19,1,0.1153
med fr gyo,1,SFG,Superior Frontal Gyrus,Frontal Lobe,1.0,0.1154,1.0,1,1.0,22.91,19,1,0.1153
med frontal gyrus,1,SFG,Superior Frontal Gyrus,Frontal Lobe,1.0,0.1154,1.0,2,1.0,22.91,19,1,0.1153
med frontal orb,1,OrG,Orbital Gyrus,Frontal Lobe,1.0,0.1154,1.0,1,1.0,22.91,19,1,0.1153
med orbital gyrus,1,OrG,Orbital Gyrus,Frontal Lobe,1.0,0.1154,1.0,1,1.0,22.91,19,1,0.1153
med prefrontal,1,OrG,Orbital Gyrus,Frontal Lobe,1.0,0.1154,1.0,1,1.0,22.91,19,1,0.1153
med sfc ba 6,1,CG,Cingulate Gyrus,Limbic Lobe,1.0,0.1154,1.0,1,1.0,22.91,19,1,0.1153
med sup frontal,1,SFG,Superior Frontal Gyrus,Frontal Lobe,1.0,0.1154,1.0,1,1.0,22.91,19,1,0.1153
med sup frontal g,1,SFG,Superior Frontal Gyrus,Frontal Lobe,1.0,0.1154,1.0,1,1.0,22.91,19,1,0.1153
medfg,1,SFG,Superior Frontal Gyrus,Frontal Lobe,0.4,0.1471,2.0,2,5.0,20.06,18,4,0.1471
medfg,2,PCL,Paracentral Lobule,Frontal Lobe,0.2,0.0882,1.0,3,5.0,20.06,18,4,0.1471
medfg,3,MFG,Middle Frontal Gyrus,Frontal Lobe,0.2,0.0882,1.0,1,5.0,20.06,18,4,0.1471
medfg,4,OrG,Orbital Gyrus,Frontal Lobe,0.2,0.0882,1.0,1,5.0,20.06,18,4,0.1471
media frontal gyrus,1,SFG,Superior Frontal Gyrus,Frontal Lobe,1.0,0.1154,1.0,1,1.0,22.91,19,1,0.1153
medial,1,SFG,Superior Frontal Gyrus,Frontal Lobe,0.2222,0.119,2.0,2,9.0,19.34,16,7,0.119
medial,2,Tha,Thalamus,Subcortical Nuclei,0.2222,0.119,2.0,2,9.0,19.34,16,7,0.119
medial,3,INS,Insular Gyrus,Insular Lobe,0.1111,0.0714,1.0,1,9.0,19.34,16,7,0.119
medial,4,MFG,Middle Frontal Gyrus,Frontal Lobe,0.1111,0.0714,1.0,1,9.0,19.34,16,7,0.119
medial,5,OrG,Orbital Gyrus,Frontal Lobe,0.1111,0.0714,1.0,1,9.0,19.34,16,7,0.119
medial,6,PCL,Paracentral Lobule,Frontal Lobe,0.1111,0.0714,1.0,1,9.0,19.34,16,7,0.119
medial,7,pSTS,posterior Superior Temporal Sulcus,Temporal Lobe,0.1111,0.0714,1.0,1,9.0,19.34,16,7,0.119
medial 2nd hg,1,STG,Superior Temporal Gyrus,Temporal Lobe,1.0,0.1154,1.0,1,1.0,22.91,19,1,0.1153
medial 2nd hg hs,1,STG,Superior Temporal Gyrus,Temporal Lobe,1.0,0.1154,1.0,1,1.0,22.91,19,1,0.1153
medial ahg,1,STG,Superior Temporal Gyrus,Temporal Lobe,1.0,0.1154,1.0,2,1.0,22.91,19,1,0.1153
medial aspect of frontal lobe,1,SFG,Superior Frontal Gyrus,Frontal Lobe,1.0,0.1154,1.0,1,1.0,22.91,19,1,0.1153
medial cerebellum,1,MVOcC,MedioVentral Occipital Cortex,Occipital Lobe,0.6667,0.1667,2.0,2,3.0,20.55,18,2,0.1668
medial cerebellum,2,CG,Cingulate Gyrus,Limbic Lobe,0.3333,0.1,1.0,1,3.0,20.55,18,2,0.1668
medial cingulate,1,CG,Cingulate Gyrus,Limbic Lobe,0.3333,0.1,1.0,1,3.0,21.57,18,3,0.1001
medial cingulate,2,Pcun,Precuneus,Parietal Lobe,0.3333,0.1,1.0,1,3.0,21.57,18,3,0.1001
medial cingulate,3,SFG,Superior Frontal Gyrus,Frontal Lobe,0.3333,0.1,1.0,1,3.0,21.57,18,3,0.1001
medial cingulate cortex,1,CG,Cingulate Gyrus,Limbic Lobe,1.0,0.1786,2.0,2,2.0,21.0,19,1,0.1787
medial cingulum,1,CG,Cingulate Gyrus,Limbic Lobe,1.0,0.1154,1.0,1,1.0,22.91,19,1,0.1153
medial cuneus,1,LOcC,lateral Occipital Cortex,Occipital Lobe,1.0,0.1154,1.0,1,1.0,22.91,19,1,0.1153
medial dlpfc,1,MFG,Middle Frontal Gyrus,Frontal Lobe,1.0,0.1154,1.0,1,1.0,22.91,19,1,0.1153
medial dorsal nucleus,1,Tha,Thalamus,Subcortical Nuclei,0.8,0.2647,4.0,4,5.0,17.25,18,2,0.2648
medial dorsal nucleus,2,BG,Basal Ganglia,Subcortical Nuclei,0.2,0.0882,1.0,1,5.0,17.25,18,2,0.2648
medial fontal gyrus,1,STG,Superior Temporal Gyrus,Temporal Lobe,1.0,0.1154,1.0,1,1.0,22.91,19,1,0.1153
medial frontal,1,SFG,Superior Frontal Gyrus,Frontal Lobe,0.4737,0.3065,9.0,11,19.0,12.21,12,5,0.3067
medial frontal,2,CG,Cingulate Gyrus,Limbic Lobe,0.2105,0.1452,4.0,5,19.0,12.21,12,5,0.3067
medial frontal,3,MFG,Middle Frontal Gyrus,Frontal Lobe,0.1579,0.1129,3.0,3,19.0,12.21,12,5,0.3067
medial frontal,4,OrG,Orbital Gyrus,Frontal Lobe,0.1053,0.0806,2.0,3,19.0,12.21,12,5,0.3067
medial frontal,5,BG,Basal Ganglia,Subcortical Nuclei,0.0526,0.0484,1.0,1,19.0,12.21,12,5,0.3067
medial frontal cortex,1,SFG,Superior Frontal Gyrus,Frontal Lobe,0.6,0.2059,3.0,3,5.0,18.76,18,3,0.206
medial frontal cortex,2,CG,Cingulate Gyrus,Limbic Lobe,0.2,0.0882,1.0,3,5.0,18.76,18,3,0.206
medial frontal cortex,3,OrG,Orbital Gyrus,Frontal Lobe,0.2,0.0882,1.0,1,5.0,18.76,18,3,0.206
medial frontal cortex 10 11,1,SFG,Superior Frontal Gyrus,Frontal Lobe,1.0,0.1154,1.0,1,1.0,22.91,19,1,0.1153
medial frontal cortex 11,1,SFG,Superior Frontal Gyrus,Frontal Lobe,1.0,0.1154,1.0,1,1.0,22.91,19,1,0.1153
medial frontal cortex 24 32,1,CG,Cingulate Gyrus,Limbic Lobe,1.0,0.1154,1.0,1,1.0,22.91,19,1,0.1153
medial frontal cortex and anterior cingulated,1,CG,Cingulate Gyrus,Limbic Lobe,1.0,0.1154,1.0,1,1.0,22.91,19,1,0.1153
medial frontal g,1,SFG,Superior Frontal Gyrus,Frontal Lobe,0.5,0.1562,2.0,9,4.0,20.24,18,3,0.1564
medial frontal g,2,OrG,Orbital Gyrus,Frontal Lobe,0.25,0.0938,1.0,2,4.0,20.24,18,3,0.1564
medial frontal g,3,MFG,Middle Frontal Gyrus,Frontal Lobe,0.25,0.0938,1.0,1,4.0,20.24,18,3,0.1564
medial frontal g ba 10,1,SFG,Superior Frontal Gyrus,Frontal Lobe,1.0,0.1154,1.0,1,1.0,22.91,19,1,0.1153
medial frontal g ba 9,1,SFG,Superior Frontal Gyrus,Frontal Lobe,0.6667,0.1667,2.0,2,3.0,20.55,18,2,0.1668
medial frontal g ba 9,2,CG,Cingulate Gyrus,Limbic Lobe,0.3333,0.1,1.0,1,3.0,20.55,18,2,0.1668
medial frontal gyrus,1,SFG,Superior Frontal Gyrus,Frontal Lobe,0.6164,0.5938,180.0,311,292.0,4.55,3,11,0.5942
medial frontal gyrus,2,OrG,Orbital Gyrus,Frontal Lobe,0.1473,0.1431,43.0,50,292.0,4.55,3,11,0.5942
medial frontal gyrus,3,CG,Cingulate Gyrus,Limbic Lobe,0.0685,0.0674,20.0,29,292.0,4.55,3,11,0.5942
medial frontal gyrus,4,PCL,Paracentral Lobule,Frontal Lobe,0.0479,0.0477,14.0,15,292.0,4.55,3,11,0.5942
medial frontal gyrus,5,MFG,Middle Frontal Gyrus,Frontal Lobe,0.0479,0.0477,14.0,14,292.0,4.55,3,11,0.5942
medial frontal gyrus,6,BG,Basal Ganglia,Subcortical Nuclei,0.0342,0.0345,10.0,12,292.0,4.55,3,11,0.5942
medial frontal gyrus,7,PrG,Precentral Gyrus,Frontal Lobe,0.0137,0.0148,4.0,5,292.0,4.55,3,11,0.5942
medial frontal gyrus,8,Tha,Thalamus,Subcortical Nuclei,0.0103,0.0115,3.0,3,292.0,4.55,3,11,0.5942
medial frontal gyrus,9,MVOcC,MedioVentral Occipital Cortex,Occipital Lobe,0.0068,0.0082,2.0,4,292.0,4.55,3,11,0.5942
medial frontal gyrus,10,INS,Insular Gyrus,Insular Lobe,0.0034,0.0049,1.0,2,292.0,4.55,3,11,0.5942
medial frontal gyrus,11,IFG,Inferior Frontal Gyrus,Frontal Lobe,0.0034,0.0049,1.0,1,292.0,4.55,3,11,0.5942
medial frontal gyrus 10,1,CG,Cingulate Gyrus,Limbic Lobe,0.3333,0.1389,2.0,3,6.0,19.18,17,4,0.1388
medial frontal gyrus 10,2,SFG,Superior Frontal Gyrus,Frontal Lobe,0.3333,0.1389,2.0,2,6.0,19.18,17,4,0.1388
medial frontal gyrus 10,3,MFG,Middle Frontal Gyrus,Frontal Lobe,0.1667,0.0833,1.0,1,6.0,19.18,17,4,0.1388
medial frontal gyrus 10,4,OrG,Orbital Gyrus,Frontal Lobe,0.1667,0.0833,1.0,1,6.0,19.18,17,4,0.1388
medial frontal gyrus 11,1,OrG,Orbital Gyrus,Frontal Lobe,1.0,0.1154,1.0,1,1.0,22.91,19,1,0.1153
medial frontal gyrus 29,1,SFG,Superior Frontal Gyrus,Frontal Lobe,1.0,0.1154,1.0,1,1.0,22.91,19,1,0.1153
medial frontal gyrus 32,1,BG,Basal Ganglia,Subcortical Nuclei,0.5,0.1071,1.0,1,2.0,22.13,19,2,0.1071
medial frontal gyrus 32,2,SFG,Superior Frontal Gyrus,Frontal Lobe,0.5,0.1071,1.0,1,2.0,22.13,19,2,0.1071
medial frontal gyrus 6,1,SFG,Superior Frontal Gyrus,Frontal Lobe,0.75,0.2188,3.0,8,4.0,18.85,18,2,0.219
medial frontal gyrus 6,2,PCL,Paracentral Lobule,Frontal Lobe,0.25,0.0938,1.0,1,4.0,18.85,18,2,0.219
medial frontal gyrus 8,1,SFG,Superior Frontal Gyrus,Frontal Lobe,1.0,0.1786,2.0,2,2.0,21.0,19,1,0.1787
medial frontal gyrus 9,1,SFG,Superior Frontal Gyrus,Frontal Lobe,1.0,0.1154,1.0,1,1.0,22.91,19,1,0.1153
medial frontal gyrus ba 10,1,SFG,Superior Frontal Gyrus,Frontal Lobe,0.6667,0.3095,6.0,8,9.0,15.0,16,4,0.3096
medial frontal gyrus ba 10,2,CG,Cingulate Gyrus,Limbic Lobe,0.1111,0.0714,1.0,1,9.0,15.0,16,4,0.3096
medial frontal gyrus ba 10,3,OrG,Orbital Gyrus,Frontal Lobe,0.1111,0.0714,1.0,1,9.0,15.0,16,4,0.3096
medial frontal gyrus ba 10,4,Tha,Thalamus,Subcortical Nuclei,0.1111,0.0714,1.0,1,9.0,15.0,16,4,0.3096
medial frontal gyrus ba 10 11,1,OrG,Orbital Gyrus,Frontal Lobe,1.0,0.1154,1.0,1,1.0,22.91,19,1,0.1153
medial frontal gyrus ba 11,1,CG,Cingulate Gyrus,Limbic Lobe,0.5,0.1071,1.0,1,2.0,22.13,19,2,0.1071
medial frontal gyrus ba 11,2,OrG,Orbital Gyrus,Frontal Lobe,0.5,0.1071,1.0,1,2.0,22.13,19,2,0.1071
medial frontal gyrus ba 23,1,SFG,Superior Frontal Gyrus,Frontal Lobe,1.0,0.1154,1.0,1,1.0,22.91,19,1,0.1153
medial frontal gyrus ba 25,1,OrG,Orbital Gyrus,Frontal Lobe,1.0,0.1154,1.0,1,1.0,22.91,19,1,0.1153
medial frontal gyrus ba 32,1,BG,Basal Ganglia,Subcortical Nuclei,1.0,0.1154,1.0,1,1.0,22.91,19,1,0.1153
medial frontal gyrus ba 6,1,SFG,Superior Frontal Gyrus,Frontal Lobe,0.5333,0.3148,8.0,11,15.0,13.47,14,6,0.3149
medial frontal gyrus ba 6,2,PCL,Paracentral Lobule,Frontal Lobe,0.2,0.1296,3.0,3,15.0,13.47,14,6,0.3149
medial frontal gyrus ba 6,3,Tha,Thalamus,Subcortical Nuclei,0.0667,0.0556,1.0,2,15.0,13.47,14,6,0.3149
medial frontal gyrus ba 6,4,BG,Basal Ganglia,Subcortical Nuclei,0.0667,0.0556,1.0,1,15.0,13.47,14,6,0.3149
medial frontal gyrus ba 6,5,CG,Cingulate Gyrus,Limbic Lobe,0.0667,0.0556,1.0,1,15.0,13.47,14,6,0.3149
medial frontal gyrus ba 6,6,MFG,Middle Frontal Gyrus,Frontal Lobe,0.0667,0.0556,1.0,1,15.0,13.47,14,6,0.3149
medial frontal gyrus ba 8,1,SFG,Superior Frontal Gyrus,Frontal Lobe,0.6667,0.25,4.0,4,6.0,17.31,17,3,0.2499
medial frontal gyrus ba 8,2,BG,Basal Ganglia,Subcortical Nuclei,0.1667,0.0833,1.0,2,6.0,17.31,17,3,0.2499
medial frontal gyrus ba 8,3,Tha,Thalamus,Subcortical Nuclei,0.1667,0.0833,1.0,1,6.0,17.31,17,3,0.2499
medial frontal gyrus ba 9,1,SFG,Superior Frontal Gyrus,Frontal Lobe,0.4286,0.1842,3.0,3,7.0,18.06,17,4,0.1843
medial frontal gyrus ba 9,2,Tha,Thalamus,Subcortical Nuclei,0.2857,0.1316,2.0,3,7.0,18.06,17,4,0.1843
medial frontal gyrus ba 9,3,BG,Basal Ganglia,Subcortical Nuclei,0.1429,0.0789,1.0,1,7.0,18.06,17,4,0.1843
medial frontal gyrus ba 9,4,CG,Cingulate Gyrus,Limbic Lobe,0.1429,0.0789,1.0,1,7.0,18.06,17,4,0.1843
medial frontal gyrus orbitalis,1,CG,Cingulate Gyrus,Limbic Lobe,0.5,0.1071,1.0,1,2.0,22.13,19,2,0.1071
medial frontal gyrus orbitalis,2,OrG,Orbital Gyrus,Frontal Lobe,0.5,0.1071,1.0,1,2.0,22.13,19,2,0.1071
medial frontal gyrusb,1,OrG,Orbital Gyrus,Frontal Lobe,0.5,0.1071,1.0,2,2.0,22.13,19,2,0.1071
medial frontal gyrusb,2,SFG,Superior Frontal Gyrus,Frontal Lobe,0.5,0.1071,1.0,1,2.0,22.13,19,2,0.1071
medial frontal lobe,1,SFG,Superior Frontal Gyrus,Frontal Lobe,0.6667,0.1667,2.0,2,3.0,20.55,18,2,0.1668
medial frontal lobe,2,MFG,Middle Frontal Gyrus,Frontal Lobe,0.3333,0.1,1.0,1,3.0,20.55,18,2,0.1668
medial frontal ofc,1,OrG,Orbital Gyrus,Frontal Lobe,1.0,0.1154,1.0,1,1.0,22.91,19,1,0.1153
medial frontal orbital lobe ba 11,1,OrG,Orbital Gyrus,Frontal Lobe,1.0,0.1786,2.0,2,2.0,21.0,19,1,0.1787
medial frontal orbitalis,1,CG,Cingulate Gyrus,Limbic Lobe,0.5,0.1071,1.0,1,2.0,22.13,19,2,0.1071
medial frontal orbitalis,2,OrG,Orbital Gyrus,Frontal Lobe,0.5,0.1071,1.0,1,2.0,22.13,19,2,0.1071
medial frontal polar cortex ba 10,1,SFG,Superior Frontal Gyrus,Frontal Lobe,1.0,0.1154,1.0,3,1.0,22.91,19,1,0.1153
medial frontal polar cortex ba 9,1,SFG,Superior Frontal Gyrus,Frontal Lobe,1.0,0.1154,1.0,1,1.0,22.91,19,1,0.1153
medial frontal polar cortex ba 9 10,1,SFG,Superior Frontal Gyrus,Frontal Lobe,1.0,0.1154,1.0,1,1.0,22.91,19,1,0.1153
medial frontal pole,1,OrG,Orbital Gyrus,Frontal Lobe,1.0,0.1154,1.0,1,1.0,22.91,19,1,0.1153
medial geniculate body,1,Tha,Thalamus,Subcortical Nuclei,1.0,0.1154,1.0,1,1.0,22.91,19,1,0.1153
medial globus pallidus,1,BG,Basal Ganglia,Subcortical Nuclei,0.4,0.1471,2.0,3,5.0,19.22,18,3,0.1471
medial globus pallidus,2,Tha,Thalamus,Subcortical Nuclei,0.4,0.1471,2.0,2,5.0,19.22,18,3,0.1471
medial globus pallidus,3,Amyg,Amygdala,Subcortical Nuclei,0.2,0.0882,1.0,1,5.0,19.22,18,3,0.1471
medial hg,1,INS,Insular Gyrus,Insular Lobe,1.0,0.1154,1.0,1,1.0,22.91,19,1,0.1153
medial insula,1,INS,Insular Gyrus,Insular Lobe,1.0,0.1154,1.0,1,1.0,22.91,19,1,0.1153
medial lingual gyrus,1,MVOcC,MedioVentral Occipital Cortex,Occipital Lobe,1.0,0.1154,1.0,2,1.0,22.91,19,1,0.1153
medial lingual gyrus ba 18,1,MVOcC,MedioVentral Occipital Cortex,Occipital Lobe,1.0,0.1154,1.0,1,1.0,22.91,19,1,0.1153
medial m1 ba 4,1,PCL,Paracentral Lobule,Frontal Lobe,1.0,0.1154,1.0,1,1.0,22.91,19,1,0.1153
medial nucleus of septum,1,BG,Basal Ganglia,Subcortical Nuclei,1.0,0.1154,1.0,1,1.0,22.91,19,1,0.1153
medial occipital,1,MVOcC,MedioVentral Occipital Cortex,Occipital Lobe,1.0,0.1786,2.0,2,2.0,21.0,19,1,0.1787
medial occipital cortex,1,MVOcC,MedioVentral Occipital Cortex,Occipital Lobe,0.8,0.2647,4.0,6,5.0,17.25,18,2,0.2648
medial occipital cortex,2,LOcC,lateral Occipital Cortex,Occipital Lobe,0.2,0.0882,1.0,1,5.0,17.25,18,2,0.2648
medial occipital cortex ba 18,1,MVOcC,MedioVentral Occipital Cortex,Occipital Lobe,1.0,0.1154,1.0,1,1.0,22.91,19,1,0.1153
medial occipital cortex ba 19,1,LOcC,lateral Occipital Cortex,Occipital Lobe,1.0,0.1154,1.0,1,1.0,22.91,19,1,0.1153
medial occipital gyrus,1,LOcC,lateral Occipital Cortex,Occipital Lobe,1.0,0.2333,3.0,3,3.0,19.05,18,1,0.2335
medial occipital lobe,1,LOcC,lateral Occipital Cortex,Occipital Lobe,1.0,0.1154,1.0,1,1.0,22.91,19,1,0.1153
medial occipito parietal cortex ba 7 19,1,Pcun,Precuneus,Parietal Lobe,1.0,0.1154,1.0,1,1.0,22.91,19,1,0.1153
medial occipito temporal gyrus lingual gyrus,1,MVOcC,MedioVentral Occipital Cortex,Occipital Lobe,1.0,0.1154,1.0,1,1.0,22.91,19,1,0.1153
medial occipito temporal gyrus parahippocampal gyrus,1,Hipp,Hippocampus,Subcortical Nuclei,1.0,0.1154,1.0,2,1.0,22.91,19,1,0.1153
medial occipito temporal sculcus and lingual sulcus,1,MVOcC,MedioVentral Occipital Cortex,Occipital Lobe,1.0,0.1154,1.0,1,1.0,22.91,19,1,0.1153
medial occipitotemporal gyrus,1,FuG,Fusiform Gyrus,Temporal Lobe,1.0,0.1154,1.0,1,1.0,22.91,19,1,0.1153
medial ofc,1,OrG,Orbital Gyrus,Frontal Lobe,0.8,0.2647,4.0,4,5.0,17.25,18,2,0.2648
medial ofc,2,CG,Cingulate Gyrus,Limbic Lobe,0.2,0.0882,1.0,7,5.0,17.25,18,2,0.2648
medial ofc ba 11,1,OrG,Orbital Gyrus,Frontal Lobe,1.0,0.1154,1.0,1,1.0,22.91,19,1,0.1153
medial orbital cortex,1,OrG,Orbital Gyrus,Frontal Lobe,1.0,0.1154,1.0,1,1.0,22.91,19,1,0.1153
medial orbital frontal,1,CG,Cingulate Gyrus,Limbic Lobe,1.0,0.1154,1.0,1,1.0,22.91,19,1,0.1153
medial orbital frontal gyrus,1,OrG,Orbital Gyrus,Frontal Lobe,0.6,0.2059,3.0,6,5.0,17.97,18,2,0.2059
medial orbital frontal gyrus,2,MFG,Middle Frontal Gyrus,Frontal Lobe,0.4,0.1471,2.0,3,5.0,17.97,18,2,0.2059
medial orbital gyrus,1,OrG,Orbital Gyrus,Frontal Lobe,0.6,0.2059,3.0,3,5.0,18.76,18,3,0.206
medial orbital gyrus,2,BG,Basal Ganglia,Subcortical Nuclei,0.2,0.0882,1.0,2,5.0,18.76,18,3,0.206
medial orbital gyrus,3,INS,Insular Gyrus,Insular Lobe,0.2,0.0882,1.0,1,5.0,18.76,18,3,0.206
medial orbital gyrus 25,1,OrG,Orbital Gyrus,Frontal Lobe,1.0,0.1154,1.0,1,1.0,22.91,19,1,0.1153
medial orbital sulcus,1,OrG,Orbital Gyrus,Frontal Lobe,1.0,0.1154,1.0,1,1.0,22.91,19,1,0.1153
medial orbito frontal cortex,1,OrG,Orbital Gyrus,Frontal Lobe,0.6667,0.1667,2.0,2,3.0,20.55,18,2,0.1668
medial orbito frontal cortex,2,CG,Cingulate Gyrus,Limbic Lobe,0.3333,0.1,1.0,2,3.0,20.55,18,2,0.1668
medial orbitofrontal,1,OrG,Orbital Gyrus,Frontal Lobe,1.0,0.1154,1.0,2,1.0,22.91,19,1,0.1153
medial orbitofrontal ba 11,1,OrG,Orbital Gyrus,Frontal Lobe,1.0,0.1154,1.0,1,1.0,22.91,19,1,0.1153
medial orbitofrontal cortex,1,OrG,Orbital Gyrus,Frontal Lobe,0.8462,0.46,11.0,15,13.0,10.36,14,3,0.46
medial orbitofrontal cortex,2,CG,Cingulate Gyrus,Limbic Lobe,0.0769,0.06,1.0,1,13.0,10.36,14,3,0.46
medial orbitofrontal cortex,3,SFG,Superior Frontal Gyrus,Frontal Lobe,0.0769,0.06,1.0,1,13.0,10.36,14,3,0.46
medial orbitofrontal gyrus,1,OrG,Orbital Gyrus,Frontal Lobe,0.6,0.2059,3.0,3,5.0,17.97,18,2,0.2059
medial orbitofrontal gyrus,2,CG,Cingulate Gyrus,Limbic Lobe,0.4,0.1471,2.0,2,5.0,17.97,18,2,0.2059
medial parahippocampal gyrus,1,Hipp,Hippocampus,Subcortical Nuclei,1.0,0.1154,1.0,1,1.0,22.91,19,1,0.1153
medial parietal,1,CG,Cingulate Gyrus,Limbic Lobe,1.0,0.1154,1.0,1,1.0,22.91,19,1,0.1153
medial parietal cortex,1,Pcun,Precuneus,Parietal Lobe,0.6667,0.1667,2.0,2,3.0,20.55,18,2,0.1668
medial parietal cortex,2,SPL,Superior Parietal Lobule,Parietal Lobe,0.3333,0.1,1.0,2,3.0,20.55,18,2,0.1668
medial parietal lobe,1,Pcun,Precuneus,Parietal Lobe,1.0,0.1154,1.0,1,1.0,22.91,19,1,0.1153
medial pfc,1,SFG,Superior Frontal Gyrus,Frontal Lobe,0.6667,0.3095,6.0,16,9.0,15.0,16,4,0.3096
medial pfc,2,CG,Cingulate Gyrus,Limbic Lobe,0.1111,0.0714,1.0,1,9.0,15.0,16,4,0.3096
medial pfc,3,OrG,Orbital Gyrus,Frontal Lobe,0.1111,0.0714,1.0,1,9.0,15.0,16,4,0.3096
medial pfc,4,Tha,Thalamus,Subcortical Nuclei,0.1111,0.0714,1.0,1,9.0,15.0,16,4,0.3096
medial pfc ba 8,1,SFG,Superior Frontal Gyrus,Frontal Lobe,1.0,0.1154,1.0,1,1.0,22.91,19,1,0.1153
medial posterior parietal and precuneus,1,Pcun,Precuneus,Parietal Lobe,1.0,0.1154,1.0,1,1.0,22.91,19,1,0.1153
medial pre frontal,1,SFG,Superior Frontal Gyrus,Frontal Lobe,1.0,0.1154,1.0,1,1.0,22.91,19,1,0.1153
medial precentral gyrus,1,PrG,Precentral Gyrus,Frontal Lobe,1.0,0.1154,1.0,1,1.0,22.91,19,1,0.1153
medial precuneus,1,MVOcC,MedioVentral Occipital Cortex,Occipital Lobe,1.0,0.1154,1.0,1,1.0,22.91,19,1,0.1153
medial prefrontal,1,OrG,Orbital Gyrus,Frontal Lobe,0.3333,0.1,1.0,3,3.0,21.57,18,3,0.1001
medial prefrontal,2,SFG,Superior Frontal Gyrus,Frontal Lobe,0.3333,0.1,1.0,2,3.0,21.57,18,3,0.1001
medial prefrontal,3,CG,Cingulate Gyrus,Limbic Lobe,0.3333,0.1,1.0,1,3.0,21.57,18,3,0.1001
medial prefrontal ba 9 10,1,SFG,Superior Frontal Gyrus,Frontal Lobe,1.0,0.1154,1.0,1,1.0,22.91,19,1,0.1153
medial prefrontal cortex,1,SFG,Superior Frontal Gyrus,Frontal Lobe,0.5446,0.496,61.0,106,112.0,4.98,3,7,0.4962
medial prefrontal cortex,2,OrG,Orbital Gyrus,Frontal Lobe,0.2411,0.2218,27.0,38,112.0,4.98,3,7,0.4962
medial prefrontal cortex,3,CG,Cingulate Gyrus,Limbic Lobe,0.1607,0.1492,18.0,25,112.0,4.98,3,7,0.4962
medial prefrontal cortex,4,MFG,Middle Frontal Gyrus,Frontal Lobe,0.0179,0.0202,2.0,3,112.0,4.98,3,7,0.4962
medial prefrontal cortex,5,Tha,Thalamus,Subcortical Nuclei,0.0179,0.0202,2.0,2,112.0,4.98,3,7,0.4962
medial prefrontal cortex,6,BG,Basal Ganglia,Subcortical Nuclei,0.0089,0.0121,1.0,1,112.0,4.98,3,7,0.4962
medial prefrontal cortex,7,PrG,Precentral Gyrus,Frontal Lobe,0.0089,0.0121,1.0,1,112.0,4.98,3,7,0.4962
medial prefrontal cortex ba 10,1,SFG,Superior Frontal Gyrus,Frontal Lobe,0.6667,0.1667,2.0,3,3.0,20.55,18,2,0.1668
medial prefrontal cortex ba 10,2,CG,Cingulate Gyrus,Limbic Lobe,0.3333,0.1,1.0,1,3.0,20.55,18,2,0.1668
medial prefrontal cortex ba 32,1,OrG,Orbital Gyrus,Frontal Lobe,1.0,0.1154,1.0,1,1.0,22.91,19,1,0.1153
medial prefrontal cortex ba 8,1,SFG,Superior Frontal Gyrus,Frontal Lobe,1.0,0.1154,1.0,1,1.0,22.91,19,1,0.1153
medial prefrontal cortex ba 9,1,SFG,Superior Frontal Gyrus,Frontal Lobe,1.0,0.1786,2.0,2,2.0,21.0,19,1,0.1787
medial prefrontal ctx,1,SFG,Superior Frontal Gyrus,Frontal Lobe,1.0,0.1154,1.0,1,1.0,22.91,19,1,0.1153
medial prefrontal gyrus,1,CG,Cingulate Gyrus,Limbic Lobe,0.4,0.1471,2.0,2,5.0,19.22,18,3,0.1471
medial prefrontal gyrus,2,OrG,Orbital Gyrus,Frontal Lobe,0.4,0.1471,2.0,2,5.0,19.22,18,3,0.1471
medial prefrontal gyrus,3,SFG,Superior Frontal Gyrus,Frontal Lobe,0.2,0.0882,1.0,1,5.0,19.22,18,3,0.1471
medial prefrontal gyrus ba 10,1,SFG,Superior Frontal Gyrus,Frontal Lobe,1.0,0.1154,1.0,1,1.0,22.91,19,1,0.1153
medial prefrontal lobe,1,SFG,Superior Frontal Gyrus,Frontal Lobe,1.0,0.1786,2.0,2,2.0,21.0,19,1,0.1787
medial premotor cortex,1,SFG,Superior Frontal Gyrus,Frontal Lobe,1.0,0.1786,2.0,2,2.0,21.0,19,1,0.1787
medial rostral pfc ba 10,1,SFG,Superior Frontal Gyrus,Frontal Lobe,1.0,0.1154,1.0,1,1.0,22.91,19,1,0.1153
medial sfg,1,OrG,Orbital Gyrus,Frontal Lobe,0.5,0.1071,1.0,1,2.0,22.13,19,2,0.1071
medial sfg,2,SFG,Superior Frontal Gyrus,Frontal Lobe,0.5,0.1071,1.0,1,2.0,22.13,19,2,0.1071
medial sup frontal,1,SFG,Superior Frontal Gyrus,Frontal Lobe,1.0,0.1154,1.0,4,1.0,22.91,19,1,0.1153
medial superior frontal,1,SFG,Superior Frontal Gyrus,Frontal Lobe,1.0,0.1786,2.0,2,2.0,21.0,19,1,0.1787
medial superior frontal cortex,1,SFG,Superior Frontal Gyrus,Frontal Lobe,0.75,0.2188,3.0,5,4.0,18.85,18,2,0.219
medial superior frontal cortex,2,MFG,Middle Frontal Gyrus,Frontal Lobe,0.25,0.0938,1.0,1,4.0,18.85,18,2,0.219
medial superior frontal gryus,1,SFG,Superior Frontal Gyrus,Frontal Lobe,1.0,0.1154,1.0,2,1.0,22.91,19,1,0.1153
medial superior frontal gyrus,1,SFG,Superior Frontal Gyrus,Frontal Lobe,0.8462,0.5921,22.0,36,26.0,6.72,9,5,0.5916
medial superior frontal gyrus,2,BG,Basal Ganglia,Subcortical Nuclei,0.0385,0.0395,1.0,1,26.0,6.72,9,5,0.5916
medial superior frontal gyrus,3,MFG,Middle Frontal Gyrus,Frontal Lobe,0.0385,0.0395,1.0,1,26.0,6.72,9,5,0.5916
medial superior frontal gyrus,4,OrG,Orbital Gyrus,Frontal Lobe,0.0385,0.0395,1.0,1,26.0,6.72,9,5,0.5916
medial superior frontal gyrus,5,Tha,Thalamus,Subcortical Nuclei,0.0385,0.0395,1.0,1,26.0,6.72,9,5,0.5916
medial superior parietal cortex ba 7,1,Pcun,Precuneus,Parietal Lobe,1.0,0.1154,1.0,1,1.0,22.91,19,1,0.1153
medial supplementary motor area,1,SFG,Superior Frontal Gyrus,Frontal Lobe,1.0,0.1154,1.0,2,1.0,22.91,19,1,0.1153
medial temporal,1,PhG,Parahippocampal Gyrus,Temporal Lobe,0.5,0.1562,2.0,2,4.0,20.24,18,3,0.1564
medial temporal,2,MTG,Middle Temporal Gyrus,Temporal Lobe,0.25,0.0938,1.0,1,4.0,20.24,18,3,0.1564
medial temporal,3,pSTS,posterior Superior Temporal Sulcus,Temporal Lobe,0.25,0.0938,1.0,1,4.0,20.24,18,3,0.1564
medial temporal cortex,1,MTG,Middle Temporal Gyrus,Temporal Lobe,0.3333,0.1,1.0,2,3.0,21.57,18,3,0.1001
medial temporal cortex,2,Amyg,Amygdala,Subcortical Nuclei,0.3333,0.1,1.0,1,3.0,21.57,18,3,0.1001
medial temporal cortex,3,IPL,Inferior Parietal Lobule,Parietal Lobe,0.3333,0.1,1.0,1,3.0,21.57,18,3,0.1001
medial temporal gyrus,1,MTG,Middle Temporal Gyrus,Temporal Lobe,0.6667,0.25,4.0,4,6.0,17.31,17,3,0.2499
medial temporal gyrus,2,IPL,Inferior Parietal Lobule,Parietal Lobe,0.1667,0.0833,1.0,1,6.0,17.31,17,3,0.2499
medial temporal gyrus,3,pSTS,posterior Superior Temporal Sulcus,Temporal Lobe,0.1667,0.0833,1.0,1,6.0,17.31,17,3,0.2499
medial temporal lobe,1,FuG,Fusiform Gyrus,Temporal Lobe,0.5,0.1071,1.0,1,2.0,22.13,19,2,0.1071
medial temporal lobe,2,Hipp,Hippocampus,Subcortical Nuclei,0.5,0.1071,1.0,1,2.0,22.13,19,2,0.1071
medial temporal lobe ba 20 27 35 36,1,PhG,Parahippocampal Gyrus,Temporal Lobe,1.0,0.1154,1.0,2,1.0,22.91,19,1,0.1153
medial temporal pole,1,STG,Superior Temporal Gyrus,Temporal Lobe,0.4286,0.1842,3.0,4,7.0,18.06,17,4,0.1843
medial temporal pole,2,MTG,Middle Temporal Gyrus,Temporal Lobe,0.2857,0.1316,2.0,3,7.0,18.06,17,4,0.1843
medial temporal pole,3,ITG,Inferior Temporal Gyrus,Temporal Lobe,0.1429,0.0789,1.0,1,7.0,18.06,17,4,0.1843
medial temporal pole,4,MFG,Middle Frontal Gyrus,Frontal Lobe,0.1429,0.0789,1.0,1,7.0,18.06,17,4,0.1843
medial temportal pole,1,PoG,Postcentral Gyrus,Parietal Lobe,1.0,0.1154,1.0,1,1.0,22.91,19,1,0.1153
medial thalamus,1,Tha,Thalamus,Subcortical Nuclei,1.0,0.2333,3.0,6,3.0,19.05,18,1,0.2335
medial tts,1,INS,Insular Gyrus,Insular Lobe,1.0,0.1154,1.0,2,1.0,22.91,19,1,0.1153
medial ventral frontopolar cortex,1,OrG,Orbital Gyrus,Frontal Lobe,1.0,0.1154,1.0,1,1.0,22.91,19,1,0.1153
medial wall and precuneus,1,OrG,Orbital Gyrus,Frontal Lobe,1.0,0.1154,1.0,1,1.0,22.91,19,1,0.1153
median cingulate,1,CG,Cingulate Gyrus,Limbic Lobe,0.6667,0.1667,2.0,3,3.0,20.55,18,2,0.1668
median cingulate,2,PCL,Paracentral Lobule,Frontal Lobe,0.3333,0.1,1.0,1,3.0,20.55,18,2,0.1668
median cingulate and paracingulate gyrus,1,SFG,Superior Frontal Gyrus,Frontal Lobe,0.3333,0.1,1.0,2,3.0,21.57,18,3,0.1001
median cingulate and paracingulate gyrus,2,CG,Cingulate Gyrus,Limbic Lobe,0.3333,0.1,1.0,1,3.0,21.57,18,3,0.1001
median cingulate and paracingulate gyrus,3,Pcun,Precuneus,Parietal Lobe,0.3333,0.1,1.0,1,3.0,21.57,18,3,0.1001
median cingulate gyrus,1,CG,Cingulate Gyrus,Limbic Lobe,0.6,0.2059,3.0,4,5.0,18.76,18,3,0.206
median cingulate gyrus,2,SFG,Superior Frontal Gyrus,Frontal Lobe,0.2,0.0882,1.0,2,5.0,18.76,18,3,0.206
median cingulate gyrus,3,PCL,Paracentral Lobule,Frontal Lobe,0.2,0.0882,1.0,1,5.0,18.76,18,3,0.206
mediodorsal nc,1,Tha,Thalamus,Subcortical Nuclei,1.0,0.1154,1.0,2,1.0,22.91,19,1,0.1153
mediodorsal thalamic nucleus,1,Tha,Thalamus,Subcortical Nuclei,1.0,0.1154,1.0,1,1.0,22.91,19,1,0.1153
mediodorsal thalamus,1,Tha,Thalamus,Subcortical Nuclei,1.0,0.2333,3.0,3,3.0,19.05,18,1,0.2335
medulla,1,SFG,Superior Frontal Gyrus,Frontal Lobe,1.0,0.1154,1.0,1,1.0,22.91,19,1,0.1153
mefg,1,SFG,Superior Frontal Gyrus,Frontal Lobe,0.5,0.1071,1.0,2,2.0,22.13,19,2,0.1071
mefg,2,CG,Cingulate Gyrus,Limbic Lobe,0.5,0.1071,1.0,1,2.0,22.13,19,2,0.1071
men versus women,1,SFG,Superior Frontal Gyrus,Frontal Lobe,0.5,0.1071,1.0,2,2.0,22.13,19,2,0.1071
men versus women,2,MFG,Middle Frontal Gyrus,Frontal Lobe,0.5,0.1071,1.0,1,2.0,22.13,19,2,0.1071
mesial cingulate cortex,1,BG,Basal Ganglia,Subcortical Nuclei,0.5,0.1071,1.0,3,2.0,22.13,19,2,0.1071
mesial cingulate cortex,2,Tha,Thalamus,Subcortical Nuclei,0.5,0.1071,1.0,1,2.0,22.13,19,2,0.1071
mesial prefrontal cortex,1,SFG,Superior Frontal Gyrus,Frontal Lobe,1.0,0.1154,1.0,2,1.0,22.91,19,1,0.1153
mfc,1,SFG,Superior Frontal Gyrus,Frontal Lobe,1.0,0.2812,4.0,5,4.0,17.24,18,1,0.2815
mfg 10,1,MFG,Middle Frontal Gyrus,Frontal Lobe,0.5,0.1071,1.0,1,2.0,22.13,19,2,0.1071
mfg 10,2,SFG,Superior Frontal Gyrus,Frontal Lobe,0.5,0.1071,1.0,1,2.0,22.13,19,2,0.1071
mfg 46,1,IFG,Inferior Frontal Gyrus,Frontal Lobe,0.5,0.1071,1.0,1,2.0,22.13,19,2,0.1071
mfg 46,2,MFG,Middle Frontal Gyrus,Frontal Lobe,0.5,0.1071,1.0,1,2.0,22.13,19,2,0.1071
mfg 6,1,MFG,Middle Frontal Gyrus,Frontal Lobe,0.5,0.1071,1.0,1,2.0,22.13,19,2,0.1071
mfg 6,2,PrG,Precentral Gyrus,Frontal Lobe,0.5,0.1071,1.0,1,2.0,22.13,19,2,0.1071
mfg 9,1,MFG,Middle Frontal Gyrus,Frontal Lobe,1.0,0.1786,2.0,3,2.0,21.0,19,1,0.1787
mfg ba 6,1,PrG,Precentral Gyrus,Frontal Lobe,0.25,0.0938,1.0,2,4.0,21.18,18,4,0.0939
mfg ba 6,2,BG,Basal Ganglia,Subcortical Nuclei,0.25,0.0938,1.0,1,4.0,21.18,18,4,0.0939
mfg ba 6,3,INS,Insular Gyrus,Insular Lobe,0.25,0.0938,1.0,1,4.0,21.18,18,4,0.0939
mfg ba 6,4,MFG,Middle Frontal Gyrus,Frontal Lobe,0.25,0.0938,1.0,1,4.0,21.18,18,4,0.0939
mfg ba 8,1,SFG,Superior Frontal Gyrus,Frontal Lobe,1.0,0.1154,1.0,1,1.0,22.91,19,1,0.1153
mfg ba 9,1,MFG,Middle Frontal Gyrus,Frontal Lobe,1.0,0.1154,1.0,1,1.0,22.91,19,1,0.1153
mfg1,1,MFG,Middle Frontal Gyrus,Frontal Lobe,1.0,0.1154,1.0,1,1.0,22.91,19,1,0.1153
mfg2,1,MFG,Middle Frontal Gyrus,Frontal Lobe,1.0,0.1154,1.0,1,1.0,22.91,19,1,0.1153
mfga,1,MFG,Middle Frontal Gyrus,Frontal Lobe,1.0,0.1154,1.0,2,1.0,22.91,19,1,0.1153
mid acc,1,SFG,Superior Frontal Gyrus,Frontal Lobe,1.0,0.1154,1.0,1,1.0,22.91,19,1,0.1153
mid acc 24,1,CG,Cingulate Gyrus,Limbic Lobe,1.0,0.1154,1.0,1,1.0,22.91,19,1,0.1153
mid anterior stg,1,STG,Superior Temporal Gyrus,Temporal Lobe,1.0,0.1154,1.0,1,1.0,22.91,19,1,0.1153
mid anterior superior temporal gyrus,1,STG,Superior Temporal Gyrus,Temporal Lobe,1.0,0.1154,1.0,2,1.0,22.91,19,1,0.1153
mid brain,1,Tha,Thalamus,Subcortical Nuclei,1.0,0.1786,2.0,2,2.0,21.0,19,1,0.1787
mid cc,1,CG,Cingulate Gyrus,Limbic Lobe,1.0,0.1154,1.0,1,1.0,22.91,19,1,0.1153
mid cc ba 24,1,Tha,Thalamus,Subcortical Nuclei,1.0,0.1154,1.0,1,1.0,22.91,19,1,0.1153
mid cing,1,CG,Cingulate Gyrus,Limbic Lobe,1.0,0.1154,1.0,1,1.0,22.91,19,1,0.1153
mid cingulate,1,CG,Cingulate Gyrus,Limbic Lobe,0.8571,0.3421,6.0,7,7.0,14.48,17,2,0.3422
mid cingulate,2,PCL,Paracentral Lobule,Frontal Lobe,0.1429,0.0789,1.0,1,7.0,14.48,17,2,0.3422
mid cingulate cortex,1,CG,Cingulate Gyrus,Limbic Lobe,0.5333,0.3148,8.0,13,15.0,12.77,14,5,0.3149
mid cingulate cortex,2,SFG,Superior Frontal Gyrus,Frontal Lobe,0.2667,0.1667,4.0,4,15.0,12.77,14,5,0.3149
mid cingulate cortex,3,BG,Basal Ganglia,Subcortical Nuclei,0.0667,0.0556,1.0,1,15.0,12.77,14,5,0.3149
mid cingulate cortex,4,Pcun,Precuneus,Parietal Lobe,0.0667,0.0556,1.0,1,15.0,12.77,14,5,0.3149
mid cingulate cortex,5,Tha,Thalamus,Subcortical Nuclei,0.0667,0.0556,1.0,1,15.0,12.77,14,5,0.3149
mid cingulate cortx,1,SFG,Superior Frontal Gyrus,Frontal Lobe,1.0,0.1154,1.0,1,1.0,22.91,19,1,0.1153
mid cingulate gyrus,1,CG,Cingulate Gyrus,Limbic Lobe,0.5714,0.2368,4.0,5,7.0,17.41,17,4,0.2369
mid cingulate gyrus,2,PCL,Paracentral Lobule,Frontal Lobe,0.1429,0.0789,1.0,1,7.0,17.41,17,4,0.2369
mid cingulate gyrus,3,SFG,Superior Frontal Gyrus,Frontal Lobe,0.1429,0.0789,1.0,1,7.0,17.41,17,4,0.2369
mid cingulate gyrus,4,Tha,Thalamus,Subcortical Nuclei,0.1429,0.0789,1.0,1,7.0,17.41,17,4,0.2369
mid cingulum,1,CG,Cingulate Gyrus,Limbic Lobe,1.0,0.1786,2.0,3,2.0,21.0,19,1,0.1787
mid cingulum gyrus,1,CG,Cingulate Gyrus,Limbic Lobe,1.0,0.1154,1.0,1,1.0,22.91,19,1,0.1153
mid fg,1,FuG,Fusiform Gyrus,Temporal Lobe,1.0,0.1154,1.0,1,1.0,22.91,19,1,0.1153
mid fr gy,1,MFG,Middle Frontal Gyrus,Frontal Lobe,0.25,0.0938,1.0,9,4.0,21.18,18,4,0.0939
mid fr gy,2,OrG,Orbital Gyrus,Frontal Lobe,0.25,0.0938,1.0,2,4.0,21.18,18,4,0.0939
mid fr gy,3,PrG,Precentral Gyrus,Frontal Lobe,0.25,0.0938,1.0,1,4.0,21.18,18,4,0.0939
mid fr gy,4,SFG,Superior Frontal Gyrus,Frontal Lobe,0.25,0.0938,1.0,1,4.0,21.18,18,4,0.0939
mid fr gyh,1,MFG,Middle Frontal Gyrus,Frontal Lobe,1.0,0.1154,1.0,4,1.0,22.91,19,1,0.1153
mid fr gyk,1,MFG,Middle Frontal Gyrus,Frontal Lobe,1.0,0.1154,1.0,1,1.0,22.91,19,1,0.1153
mid fr gyl,1,MFG,Middle Frontal Gyrus,Frontal Lobe,0.5,0.1071,1.0,1,2.0,22.13,19,2,0.1071
mid fr gyl,2,OrG,Orbital Gyrus,Frontal Lobe,0.5,0.1071,1.0,1,2.0,22.13,19,2,0.1071
mid front,1,MFG,Middle Frontal Gyrus,Frontal Lobe,0.5,0.1562,2.0,3,4.0,20.24,18,3,0.1564
mid front,2,CG,Cingulate Gyrus,Limbic Lobe,0.25,0.0938,1.0,2,4.0,20.24,18,3,0.1564
mid front,3,SFG,Superior Frontal Gyrus,Frontal Lobe,0.25,0.0938,1.0,1,4.0,20.24,18,3,0.1564
mid frontal,1,MFG,Middle Frontal Gyrus,Frontal Lobe,1.0,0.3611,6.0,14,6.0,14.26,17,1,0.3609
mid frontal g,1,MFG,Middle Frontal Gyrus,Frontal Lobe,1.0,0.1154,1.0,1,1.0,22.91,19,1,0.1153
mid frontal gyr,1,MFG,Middle Frontal Gyrus,Frontal Lobe,1.0,0.1786,2.0,5,2.0,21.0,19,1,0.1787
mid frontal gyrus,1,MFG,Middle Frontal Gyrus,Frontal Lobe,0.7,0.3409,7.0,18,10.0,13.5,16,3,0.3411
mid frontal gyrus,2,PrG,Precentral Gyrus,Frontal Lobe,0.2,0.1136,2.0,2,10.0,13.5,16,3,0.3411
mid frontal gyrus,3,INS,Insular Gyrus,Insular Lobe,0.1,0.0682,1.0,1,10.0,13.5,16,3,0.3411
mid frontal gyrusb,1,MFG,Middle Frontal Gyrus,Frontal Lobe,1.0,0.1154,1.0,1,1.0,22.91,19,1,0.1153
mid frontal gyurs,1,MFG,Middle Frontal Gyrus,Frontal Lobe,1.0,0.1154,1.0,1,1.0,22.91,19,1,0.1153
mid frontal lobe,1,MFG,Middle Frontal Gyrus,Frontal Lobe,1.0,0.1154,1.0,1,1.0,22.91,19,1,0.1153
mid frontal orb,1,OrG,Orbital Gyrus,Frontal Lobe,1.0,0.1154,1.0,2,1.0,22.91,19,1,0.1153
mid fusiform gyrus,1,FuG,Fusiform Gyrus,Temporal Lobe,1.0,0.1786,2.0,2,2.0,21.0,19,1,0.1787
mid ifg,1,IFG,Inferior Frontal Gyrus,Frontal Lobe,1.0,0.1154,1.0,2,1.0,22.91,19,1,0.1153
mid insula,1,INS,Insular Gyrus,Insular Lobe,0.6667,0.3889,10.0,19,15.0,11.53,14,4,0.389
mid insula,2,BG,Basal Ganglia,Subcortical Nuclei,0.1333,0.0926,2.0,3,15.0,11.53,14,4,0.389
mid insula,3,PrG,Precentral Gyrus,Frontal Lobe,0.1333,0.0926,2.0,2,15.0,11.53,14,4,0.389
mid insula,4,PoG,Postcentral Gyrus,Parietal Lobe,0.0667,0.0556,1.0,1,15.0,11.53,14,4,0.389
mid insula cortex,1,INS,Insular Gyrus,Insular Lobe,0.5,0.1071,1.0,1,2.0,22.13,19,2,0.1071
mid insula cortex,2,STG,Superior Temporal Gyrus,Temporal Lobe,0.5,0.1071,1.0,1,2.0,22.13,19,2,0.1071
mid insular cortex,1,INS,Insular Gyrus,Insular Lobe,1.0,0.1154,1.0,1,1.0,22.91,19,1,0.1153
mid lofc,1,OrG,Orbital Gyrus,Frontal Lobe,1.0,0.1154,1.0,1,1.0,22.91,19,1,0.1153
mid occ,1,IPL,Inferior Parietal Lobule,Parietal Lobe,1.0,0.1154,1.0,1,1.0,22.91,19,1,0.1153
mid occ gyr,1,LOcC,lateral Occipital Cortex,Occipital Lobe,1.0,0.1154,1.0,2,1.0,22.91,19,1,0.1153
mid occip gyrus,1,LOcC,lateral Occipital Cortex,Occipital Lobe,1.0,0.1154,1.0,2,1.0,22.91,19,1,0.1153
mid occipital,1,LOcC,lateral Occipital Cortex,Occipital Lobe,0.625,0.275,5.0,7,8.0,14.72,16,2,0.275
mid occipital,2,IPL,Inferior Parietal Lobule,Parietal Lobe,0.375,0.175,3.0,6,8.0,14.72,16,2,0.275
mid occipital and calcarine,1,LOcC,lateral Occipital Cortex,Occipital Lobe,1.0,0.1154,1.0,1,1.0,22.91,19,1,0.1153
mid occipital cortex,1,LOcC,lateral Occipital Cortex,Occipital Lobe,1.0,0.1154,1.0,1,1.0,22.91,19,1,0.1153
mid occipital g,1,LOcC,lateral Occipital Cortex,Occipital Lobe,1.0,0.1154,1.0,1,1.0,22.91,19,1,0.1153
mid occipital gyrus,1,LOcC,lateral Occipital Cortex,Occipital Lobe,0.875,0.375,7.0,23,8.0,13.34,16,2,0.375
mid occipital gyrus,2,IPL,Inferior Parietal Lobule,Parietal Lobe,0.125,0.075,1.0,1,8.0,13.34,16,2,0.375
mid occipital gyrus ba 18,1,LOcC,lateral Occipital Cortex,Occipital Lobe,1.0,0.1154,1.0,1,1.0,22.91,19,1,0.1153
mid occipital lobe,1,PhG,Parahippocampal Gyrus,Temporal Lobe,1.0,0.1154,1.0,1,1.0,22.91,19,1,0.1153
mid ofc,1,OrG,Orbital Gyrus,Frontal Lobe,1.0,0.1154,1.0,1,1.0,22.91,19,1,0.1153
mid og,1,LOcC,lateral Occipital Cortex,Occipital Lobe,1.0,0.1154,1.0,1,1.0,22.91,19,1,0.1153
mid orbital frontal,1,OrG,Orbital Gyrus,Frontal Lobe,1.0,0.1154,1.0,1,1.0,22.91,19,1,0.1153
mid orbital gyr,1,OrG,Orbital Gyrus,Frontal Lobe,1.0,0.1154,1.0,1,1.0,22.91,19,1,0.1153
mid orbital gyrus,1,OrG,Orbital Gyrus,Frontal Lobe,0.75,0.325,6.0,8,8.0,14.21,16,2,0.325
mid orbital gyrus,2,CG,Cingulate Gyrus,Limbic Lobe,0.25,0.125,2.0,2,8.0,14.21,16,2,0.325
mid posterior insula,1,INS,Insular Gyrus,Insular Lobe,1.0,0.1154,1.0,2,1.0,22.91,19,1,0.1153
mid posterior stg,1,STG,Superior Temporal Gyrus,Temporal Lobe,1.0,0.1154,1.0,1,1.0,22.91,19,1,0.1153
mid psts,1,STG,Superior Temporal Gyrus,Temporal Lobe,0.5,0.1071,1.0,1,2.0,22.13,19,2,0.1071
mid psts,2,pSTS,posterior Superior Temporal Sulcus,Temporal Lobe,0.5,0.1071,1.0,1,2.0,22.13,19,2,0.1071
mid stg,1,STG,Superior Temporal Gyrus,Temporal Lobe,1.0,0.1154,1.0,3,1.0,22.91,19,1,0.1153
mid sts,1,MTG,Middle Temporal Gyrus,Temporal Lobe,1.0,0.1154,1.0,1,1.0,22.91,19,1,0.1153
mid temp,1,MTG,Middle Temporal Gyrus,Temporal Lobe,0.375,0.175,3.0,6,8.0,18.17,16,5,0.175
mid temp,2,STG,Superior Temporal Gyrus,Temporal Lobe,0.25,0.125,2.0,3,8.0,18.17,16,5,0.175
mid temp,3,IPL,Inferior Parietal Lobule,Parietal Lobe,0.125,0.075,1.0,3,8.0,18.17,16,5,0.175
mid temp,4,ITG,Inferior Temporal Gyrus,Temporal Lobe,0.125,0.075,1.0,1,8.0,18.17,16,5,0.175
mid temp,5,pSTS,posterior Superior Temporal Sulcus,Temporal Lobe,0.125,0.075,1.0,1,8.0,18.17,16,5,0.175
mid temp gy,1,IPL,Inferior Parietal Lobule,Parietal Lobe,0.5,0.1071,1.0,1,2.0,22.13,19,2,0.1071
mid temp gy,2,MTG,Middle Temporal Gyrus,Temporal Lobe,0.5,0.1071,1.0,1,2.0,22.13,19,2,0.1071
mid temp gyp,1,MTG,Middle Temporal Gyrus,Temporal Lobe,1.0,0.1154,1.0,1,1.0,22.91,19,1,0.1153
mid temp gyr,1,IPL,Inferior Parietal Lobule,Parietal Lobe,0.5,0.1071,1.0,1,2.0,22.13,19,2,0.1071
mid temp gyr,2,LOcC,lateral Occipital Cortex,Occipital Lobe,0.5,0.1071,1.0,1,2.0,22.13,19,2,0.1071
mid temporal,1,MTG,Middle Temporal Gyrus,Temporal Lobe,0.3,0.1591,3.0,6,10.0,17.88,16,6,0.1592
mid temporal,2,IPL,Inferior Parietal Lobule,Parietal Lobe,0.2,0.1136,2.0,3,10.0,17.88,16,6,0.1592
mid temporal,3,pSTS,posterior Superior Temporal Sulcus,Temporal Lobe,0.2,0.1136,2.0,2,10.0,17.88,16,6,0.1592
mid temporal,4,ITG,Inferior Temporal Gyrus,Temporal Lobe,0.1,0.0682,1.0,1,10.0,17.88,16,6,0.1592
mid temporal,5,LOcC,lateral Occipital Cortex,Occipital Lobe,0.1,0.0682,1.0,1,10.0,17.88,16,6,0.1592
mid temporal,6,STG,Superior Temporal Gyrus,Temporal Lobe,0.1,0.0682,1.0,1,10.0,17.88,16,6,0.1592
mid temporal cortex,1,MTG,Middle Temporal Gyrus,Temporal Lobe,1.0,0.1154,1.0,1,1.0,22.91,19,1,0.1153
mid temporal gyr,1,MTG,Middle Temporal Gyrus,Temporal Lobe,1.0,0.1154,1.0,2,1.0,22.91,19,1,0.1153
mid temporal gyrus,1,MTG,Middle Temporal Gyrus,Temporal Lobe,0.3182,0.2206,7.0,8,22.0,13.71,11,7,0.2206
mid temporal gyrus,2,pSTS,posterior Superior Temporal Sulcus,Temporal Lobe,0.2273,0.1618,5.0,9,22.0,13.71,11,7,0.2206
mid temporal gyrus,3,IPL,Inferior Parietal Lobule,Parietal Lobe,0.1364,0.1029,3.0,4,22.0,13.71,11,7,0.2206
mid temporal gyrus,4,ITG,Inferior Temporal Gyrus,Temporal Lobe,0.1364,0.1029,3.0,3,22.0,13.71,11,7,0.2206
mid temporal gyrus,5,LOcC,lateral Occipital Cortex,Occipital Lobe,0.0909,0.0735,2.0,2,22.0,13.71,11,7,0.2206
mid temporal gyrus,6,STG,Superior Temporal Gyrus,Temporal Lobe,0.0455,0.0441,1.0,2,22.0,13.71,11,7,0.2206
mid temporal gyrus,7,OrG,Orbital Gyrus,Frontal Lobe,0.0455,0.0441,1.0,1,22.0,13.71,11,7,0.2206
mid temporal gyrus ba 21,1,IPL,Inferior Parietal Lobule,Parietal Lobe,1.0,0.1154,1.0,1,1.0,22.91,19,1,0.1153
mid temporal lobe,1,STG,Superior Temporal Gyrus,Temporal Lobe,1.0,0.1154,1.0,1,1.0,22.91,19,1,0.1153
mid temporal pole,1,MTG,Middle Temporal Gyrus,Temporal Lobe,0.5,0.1071,1.0,1,2.0,22.13,19,2,0.1071
mid temporal pole,2,STG,Superior Temporal Gyrus,Temporal Lobe,0.5,0.1071,1.0,1,2.0,22.13,19,2,0.1071
mid to inf temp gy,1,MTG,Middle Temporal Gyrus,Temporal Lobe,1.0,0.1154,1.0,1,1.0,22.91,19,1,0.1153
mid tp,1,MTG,Middle Temporal Gyrus,Temporal Lobe,0.3333,0.1,1.0,2,3.0,21.57,18,3,0.1001
mid tp,2,pSTS,posterior Superior Temporal Sulcus,Temporal Lobe,0.3333,0.1,1.0,2,3.0,21.57,18,3,0.1001
mid tp,3,STG,Superior Temporal Gyrus,Temporal Lobe,0.3333,0.1,1.0,1,3.0,21.57,18,3,0.1001
mid vlpfc,1,IFG,Inferior Frontal Gyrus,Frontal Lobe,1.0,0.1154,1.0,1,1.0,22.91,19,1,0.1153
midbrain,1,Tha,Thalamus,Subcortical Nuclei,0.8421,0.5323,16.0,18,19.0,8.02,12,3,0.5326
midbrain,2,BG,Basal Ganglia,Subcortical Nuclei,0.1053,0.0806,2.0,2,19.0,8.02,12,3,0.5326
midbrain,3,Hipp,Hippocampus,Subcortical Nuclei,0.0526,0.0484,1.0,1,19.0,8.02,12,3,0.5326
midbrain subthalamic nucleus,1,Tha,Thalamus,Subcortical Nuclei,1.0,0.1154,1.0,1,1.0,22.91,19,1,0.1153
midcingulate,1,CG,Cingulate Gyrus,Limbic Lobe,0.5,0.1071,1.0,1,2.0,22.13,19,2,0.1071
midcingulate,2,SFG,Superior Frontal Gyrus,Frontal Lobe,0.5,0.1071,1.0,1,2.0,22.13,19,2,0.1071
midcingulate ba 24,1,SFG,Superior Frontal Gyrus,Frontal Lobe,1.0,0.1154,1.0,1,1.0,22.91,19,1,0.1153
midcingulate cortex,1,CG,Cingulate Gyrus,Limbic Lobe,0.625,0.4904,25.0,40,40.0,7.63,6,7,0.4906
midcingulate cortex,2,SFG,Superior Frontal Gyrus,Frontal Lobe,0.15,0.125,6.0,10,40.0,7.63,6,7,0.4906
midcingulate cortex,3,PCL,Paracentral Lobule,Frontal Lobe,0.1,0.0865,4.0,4,40.0,7.63,6,7,0.4906
midcingulate cortex,4,Tha,Thalamus,Subcortical Nuclei,0.05,0.0481,2.0,2,40.0,7.63,6,7,0.4906
midcingulate cortex,5,BG,Basal Ganglia,Subcortical Nuclei,0.025,0.0288,1.0,1,40.0,7.63,6,7,0.4906
midcingulate cortex,6,IPL,Inferior Parietal Lobule,Parietal Lobe,0.025,0.0288,1.0,1,40.0,7.63,6,7,0.4906
midcingulate cortex,7,Pcun,Precuneus,Parietal Lobe,0.025,0.0288,1.0,1,40.0,7.63,6,7,0.4906
midcingulate crtx,1,SFG,Superior Frontal Gyrus,Frontal Lobe,1.0,0.1154,1.0,1,1.0,22.91,19,1,0.1153
midcingulate gyrus,1,CG,Cingulate Gyrus,Limbic Lobe,0.6,0.2059,3.0,4,5.0,18.76,18,3,0.206
midcingulate gyrus,2,BG,Basal Ganglia,Subcortical Nuclei,0.2,0.0882,1.0,2,5.0,18.76,18,3,0.206
midcingulate gyrus,3,Tha,Thalamus,Subcortical Nuclei,0.2,0.0882,1.0,1,5.0,18.76,18,3,0.206
midcingulum,1,CG,Cingulate Gyrus,Limbic Lobe,1.0,0.1154,1.0,1,1.0,22.91,19,1,0.1153
middel frontal gyrus,1,MFG,Middle Frontal Gyrus,Frontal Lobe,1.0,0.1154,1.0,1,1.0,22.91,19,1,0.1153
middle,1,MFG,Middle Frontal Gyrus,Frontal Lobe,0.1364,0.1029,3.0,5,22.0,18.23,12,12,0.1029
middle,2,SFG,Superior Frontal Gyrus,Frontal Lobe,0.1364,0.1029,3.0,4,22.0,18.23,12,12,0.1029
middle,3,CG,Cingulate Gyrus,Limbic Lobe,0.1364,0.1029,3.0,3,22.0,18.23,12,12,0.1029
middle,4,LOcC,lateral Occipital Cortex,Occipital Lobe,0.0909,0.0735,2.0,12,22.0,18.23,12,12,0.1029
middle,5,IPL,Inferior Parietal Lobule,Parietal Lobe,0.0909,0.0735,2.0,4,22.0,18.23,12,12,0.1029
middle,6,Tha,Thalamus,Subcortical Nuclei,0.0909,0.0735,2.0,3,22.0,18.23,12,12,0.1029
middle,7,IFG,Inferior Frontal Gyrus,Frontal Lobe,0.0909,0.0735,2.0,2,22.0,18.23,12,12,0.1029
middle,8,STG,Superior Temporal Gyrus,Temporal Lobe,0.0455,0.0441,1.0,5,22.0,18.23,12,12,0.1029
middle,9,MTG,Middle Temporal Gyrus,Temporal Lobe,0.0455,0.0441,1.0,3,22.0,18.23,12,12,0.1029
middle,10,pSTS,posterior Superior Temporal Sulcus,Temporal Lobe,0.0455,0.0441,1.0,3,22.0,18.23,12,12,0.1029
middle,11,BG,Basal Ganglia,Subcortical Nuclei,0.0455,0.0441,1.0,2,22.0,18.23,12,12,0.1029
middle,12,PrG,Precentral Gyrus,Frontal Lobe,0.0455,0.0441,1.0,1,22.0,18.23,12,12,0.1029
middle and anterior cingulate,1,CG,Cingulate Gyrus,Limbic Lobe,1.0,0.1154,1.0,1,1.0,22.91,19,1,0.1153
middle and inferior frontal,1,IFG,Inferior Frontal Gyrus,Frontal Lobe,0.5,0.1071,1.0,1,2.0,22.13,19,2,0.1071
middle and inferior frontal,2,MFG,Middle Frontal Gyrus,Frontal Lobe,0.5,0.1071,1.0,1,2.0,22.13,19,2,0.1071
middle and inferior frontal gyrus,1,IFG,Inferior Frontal Gyrus,Frontal Lobe,0.5,0.1071,1.0,1,2.0,22.13,19,2,0.1071
middle and inferior frontal gyrus,2,MFG,Middle Frontal Gyrus,Frontal Lobe,0.5,0.1071,1.0,1,2.0,22.13,19,2,0.1071
middle and inferior frontal gyrus 10 46,1,MFG,Middle Frontal Gyrus,Frontal Lobe,1.0,0.1154,1.0,1,1.0,22.91,19,1,0.1153
middle and posterior cingulate gyrus,1,CG,Cingulate Gyrus,Limbic Lobe,1.0,0.1154,1.0,1,1.0,22.91,19,1,0.1153
middle and superior,1,MFG,Middle Frontal Gyrus,Frontal Lobe,1.0,0.1154,1.0,1,1.0,22.91,19,1,0.1153
middle and superior frontal gyrus,1,MFG,Middle Frontal Gyrus,Frontal Lobe,0.6,0.2059,3.0,4,5.0,17.97,18,2,0.2059
middle and superior frontal gyrus,2,SFG,Superior Frontal Gyrus,Frontal Lobe,0.4,0.1471,2.0,2,5.0,17.97,18,2,0.2059
middle and superior frontal gyrus 10,1,MFG,Middle Frontal Gyrus,Frontal Lobe,1.0,0.1154,1.0,1,1.0,22.91,19,1,0.1153
middle and superior occipital gyrus,1,LOcC,lateral Occipital Cortex,Occipital Lobe,1.0,0.1154,1.0,1,1.0,22.91,19,1,0.1153
middle and superior temporal gyrus,1,MTG,Middle Temporal Gyrus,Temporal Lobe,1.0,0.1154,1.0,1,1.0,22.91,19,1,0.1153
middle anterior cingulate cortex,1,CG,Cingulate Gyrus,Limbic Lobe,0.5,0.1071,1.0,2,2.0,22.13,19,2,0.1071
middle anterior cingulate cortex,2,SFG,Superior Frontal Gyrus,Frontal Lobe,0.5,0.1071,1.0,1,2.0,22.13,19,2,0.1071
middle anterior part of the cingulate gyrus and sulcus,1,CG,Cingulate Gyrus,Limbic Lobe,0.5,0.1071,1.0,1,2.0,22.13,19,2,0.1071
middle anterior part of the cingulate gyrus and sulcus,2,SFG,Superior Frontal Gyrus,Frontal Lobe,0.5,0.1071,1.0,1,2.0,22.13,19,2,0.1071
middle anterior temporal cortex,1,MTG,Middle Temporal Gyrus,Temporal Lobe,0.5,0.1071,1.0,1,2.0,22.13,19,2,0.1071
middle anterior temporal cortex,2,STG,Superior Temporal Gyrus,Temporal Lobe,0.5,0.1071,1.0,1,2.0,22.13,19,2,0.1071
middle central sulcus,1,PrG,Precentral Gyrus,Frontal Lobe,1.0,0.1154,1.0,1,1.0,22.91,19,1,0.1153
middle cerebellar peduncle,1,Hipp,Hippocampus,Subcortical Nuclei,1.0,0.1154,1.0,1,1.0,22.91,19,1,0.1153
middle cigulate cortex,1,CG,Cingulate Gyrus,Limbic Lobe,1.0,0.1154,1.0,1,1.0,22.91,19,1,0.1153
middle cingulate,1,CG,Cingulate Gyrus,Limbic Lobe,0.7273,0.3696,8.0,17,11.0,13.01,15,4,0.3699
middle cingulate,2,PCL,Paracentral Lobule,Frontal Lobe,0.0909,0.0652,1.0,1,11.0,13.01,15,4,0.3699
middle cingulate,3,SFG,Superior Frontal Gyrus,Frontal Lobe,0.0909,0.0652,1.0,1,11.0,13.01,15,4,0.3699
middle cingulate,4,Tha,Thalamus,Subcortical Nuclei,0.0909,0.0652,1.0,1,11.0,13.01,15,4,0.3699
middle cingulate and paracingulate gyrus,1,SFG,Superior Frontal Gyrus,Frontal Lobe,1.0,0.1154,1.0,1,1.0,22.91,19,1,0.1153
middle cingulate cortex,1,CG,Cingulate Gyrus,Limbic Lobe,0.5484,0.4662,34.0,57,62.0,6.82,5,7,0.4659
middle cingulate cortex,2,SFG,Superior Frontal Gyrus,Frontal Lobe,0.2258,0.1959,14.0,18,62.0,6.82,5,7,0.4659
middle cingulate cortex,3,Tha,Thalamus,Subcortical Nuclei,0.0645,0.0608,4.0,7,62.0,6.82,5,7,0.4659
middle cingulate cortex,4,Pcun,Precuneus,Parietal Lobe,0.0645,0.0608,4.0,5,62.0,6.82,5,7,0.4659
middle cingulate cortex,5,BG,Basal Ganglia,Subcortical Nuclei,0.0645,0.0608,4.0,4,62.0,6.82,5,7,0.4659
middle cingulate cortex,6,MFG,Middle Frontal Gyrus,Frontal Lobe,0.0161,0.0203,1.0,1,62.0,6.82,5,7,0.4659
middle cingulate cortex,7,PCL,Paracentral Lobule,Frontal Lobe,0.0161,0.0203,1.0,1,62.0,6.82,5,7,0.4659
middle cingulate cortex 24,1,BG,Basal Ganglia,Subcortical Nuclei,1.0,0.1154,1.0,1,1.0,22.91,19,1,0.1153
middle cingulate cortex 31,1,PCL,Paracentral Lobule,Frontal Lobe,1.0,0.1154,1.0,1,1.0,22.91,19,1,0.1153
middle cingulate cortex 32 24,1,CG,Cingulate Gyrus,Limbic Lobe,0.5,0.1071,1.0,3,2.0,22.13,19,2,0.1071
middle cingulate cortex 32 24,2,SFG,Superior Frontal Gyrus,Frontal Lobe,0.5,0.1071,1.0,1,2.0,22.13,19,2,0.1071
middle cingulate cortex 6,1,SFG,Superior Frontal Gyrus,Frontal Lobe,1.0,0.1154,1.0,1,1.0,22.91,19,1,0.1153
middle cingulate cortex ba 23,1,CG,Cingulate Gyrus,Limbic Lobe,1.0,0.1786,2.0,2,2.0,21.0,19,1,0.1787
middle cingulate cortex ba 24,1,Tha,Thalamus,Subcortical Nuclei,1.0,0.1154,1.0,1,1.0,22.91,19,1,0.1153
middle cingulate cortex ba 31,1,Tha,Thalamus,Subcortical Nuclei,1.0,0.1154,1.0,1,1.0,22.91,19,1,0.1153
middle cingulate g,1,CG,Cingulate Gyrus,Limbic Lobe,1.0,0.1786,2.0,2,2.0,21.0,19,1,0.1787
middle cingulate gurus,1,CG,Cingulate Gyrus,Limbic Lobe,1.0,0.1154,1.0,1,1.0,22.91,19,1,0.1153
middle cingulate gyrus,1,CG,Cingulate Gyrus,Limbic Lobe,0.7,0.5481,28.0,38,40.0,6.47,5,5,0.5483
middle cingulate gyrus,2,SFG,Superior Frontal Gyrus,Frontal Lobe,0.15,0.125,6.0,6,40.0,6.47,5,5,0.5483
middle cingulate gyrus,3,Pcun,Precuneus,Parietal Lobe,0.075,0.0673,3.0,4,40.0,6.47,5,5,0.5483
middle cingulate gyrus,4,Tha,Thalamus,Subcortical Nuclei,0.05,0.0481,2.0,2,40.0,6.47,5,5,0.5483
middle cingulate gyrus,5,PCL,Paracentral Lobule,Frontal Lobe,0.025,0.0288,1.0,1,40.0,6.47,5,5,0.5483
middle cingulate gyrus 24,1,BG,Basal Ganglia,Subcortical Nuclei,0.5,0.1071,1.0,2,2.0,22.13,19,2,0.1071
middle cingulate gyrus 24,2,Tha,Thalamus,Subcortical Nuclei,0.5,0.1071,1.0,1,2.0,22.13,19,2,0.1071
middle cingulate gyrus ba 23,1,CG,Cingulate Gyrus,Limbic Lobe,1.0,0.1154,1.0,1,1.0,22.91,19,1,0.1153
middle cingulate gyrus ba 24,1,CG,Cingulate Gyrus,Limbic Lobe,1.0,0.1154,1.0,1,1.0,22.91,19,1,0.1153
middle cingulum,1,CG,Cingulate Gyrus,Limbic Lobe,0.5882,0.3621,10.0,13,17.0,11.82,13,5,0.3624
middle cingulum,2,SFG,Superior Frontal Gyrus,Frontal Lobe,0.1765,0.1207,3.0,3,17.0,11.82,13,5,0.3624
middle cingulum,3,Pcun,Precuneus,Parietal Lobe,0.1176,0.0862,2.0,2,17.0,11.82,13,5,0.3624
middle cingulum,4,Tha,Thalamus,Subcortical Nuclei,0.0588,0.0517,1.0,2,17.0,11.82,13,5,0.3624
middle cingulum,5,BG,Basal Ganglia,Subcortical Nuclei,0.0588,0.0517,1.0,1,17.0,11.82,13,5,0.3624
middle cingulum ba 32,1,SFG,Superior Frontal Gyrus,Frontal Lobe,1.0,0.1154,1.0,2,1.0,22.91,19,1,0.1153
middle cingulum cortex,1,CG,Cingulate Gyrus,Limbic Lobe,1.0,0.1154,1.0,2,1.0,22.91,19,1,0.1153
middle dorsal insula,1,INS,Insular Gyrus,Insular Lobe,0.5,0.1071,1.0,1,2.0,22.13,19,2,0.1071
middle dorsal insula,2,PoG,Postcentral Gyrus,Parietal Lobe,0.5,0.1071,1.0,1,2.0,22.13,19,2,0.1071
middle fontal gyrus,1,PrG,Precentral Gyrus,Frontal Lobe,1.0,0.1154,1.0,1,1.0,22.91,19,1,0.1153
middle friontal gyrus,1,PrG,Precentral Gyrus,Frontal Lobe,1.0,0.1154,1.0,1,1.0,22.91,19,1,0.1153
middle fronal gyrus,1,MFG,Middle Frontal Gyrus,Frontal Lobe,1.0,0.1154,1.0,1,1.0,22.91,19,1,0.1153
middle frontal,1,MFG,Middle Frontal Gyrus,Frontal Lobe,0.641,0.5,25.0,42,39.0,7.19,5,5,0.5001
middle frontal,2,IFG,Inferior Frontal Gyrus,Frontal Lobe,0.1538,0.1275,6.0,6,39.0,7.19,5,5,0.5001
middle frontal,3,SFG,Superior Frontal Gyrus,Frontal Lobe,0.1026,0.0882,4.0,6,39.0,7.19,5,5,0.5001
middle frontal,4,PrG,Precentral Gyrus,Frontal Lobe,0.0769,0.0686,3.0,5,39.0,7.19,5,5,0.5001
middle frontal,5,BG,Basal Ganglia,Subcortical Nuclei,0.0256,0.0294,1.0,2,39.0,7.19,5,5,0.5001
middle frontal 9,1,MFG,Middle Frontal Gyrus,Frontal Lobe,1.0,0.1154,1.0,1,1.0,22.91,19,1,0.1153
middle frontal and precentral gyrus,1,MFG,Middle Frontal Gyrus,Frontal Lobe,1.0,0.1154,1.0,3,1.0,22.91,19,1,0.1153
middle frontal ba 10,1,MFG,Middle Frontal Gyrus,Frontal Lobe,1.0,0.1154,1.0,1,1.0,22.91,19,1,0.1153
middle frontal ba 6,1,MFG,Middle Frontal Gyrus,Frontal Lobe,1.0,0.1154,1.0,1,1.0,22.91,19,1,0.1153
middle frontal ba 9 10,1,MFG,Middle Frontal Gyrus,Frontal Lobe,1.0,0.1154,1.0,1,1.0,22.91,19,1,0.1153
middle frontal cortex,1,MFG,Middle Frontal Gyrus,Frontal Lobe,0.6429,0.3654,9.0,17,14.0,12.55,14,5,0.3656
middle frontal cortex,2,SFG,Superior Frontal Gyrus,Frontal Lobe,0.1429,0.0962,2.0,2,14.0,12.55,14,5,0.3656
middle frontal cortex,3,IFG,Inferior Frontal Gyrus,Frontal Lobe,0.0714,0.0577,1.0,1,14.0,12.55,14,5,0.3656
middle frontal cortex,4,INS,Insular Gyrus,Insular Lobe,0.0714,0.0577,1.0,1,14.0,12.55,14,5,0.3656
middle frontal cortex,5,PrG,Precentral Gyrus,Frontal Lobe,0.0714,0.0577,1.0,1,14.0,12.55,14,5,0.3656
middle frontal cortex ba 8,1,MFG,Middle Frontal Gyrus,Frontal Lobe,1.0,0.1154,1.0,1,1.0,22.91,19,1,0.1153
middle frontal ctx,1,SFG,Superior Frontal Gyrus,Frontal Lobe,1.0,0.1154,1.0,1,1.0,22.91,19,1,0.1153
middle frontal g,1,MFG,Middle Frontal Gyrus,Frontal Lobe,0.4444,0.2833,8.0,21,18.0,12.1,13,5,0.2831
middle frontal g,2,IFG,Inferior Frontal Gyrus,Frontal Lobe,0.3333,0.2167,6.0,14,18.0,12.1,13,5,0.2831
middle frontal g,3,PrG,Precentral Gyrus,Frontal Lobe,0.1111,0.0833,2.0,3,18.0,12.1,13,5,0.2831
middle frontal g,4,OrG,Orbital Gyrus,Frontal Lobe,0.0556,0.05,1.0,1,18.0,12.1,13,5,0.2831
middle frontal g,5,SFG,Superior Frontal Gyrus,Frontal Lobe,0.0556,0.05,1.0,1,18.0,12.1,13,5,0.2831
middle frontal g ba 10,1,MFG,Middle Frontal Gyrus,Frontal Lobe,1.0,0.1154,1.0,3,1.0,22.91,19,1,0.1153
middle frontal gyru,1,IFG,Inferior Frontal Gyrus,Frontal Lobe,1.0,0.1154,1.0,1,1.0,22.91,19,1,0.1153
middle frontal gyrus,1,MFG,Middle Frontal Gyrus,Frontal Lobe,0.5641,0.5567,471.0,1018,835.0,4.71,4,17,0.5565
middle frontal gyrus,2,PrG,Precentral Gyrus,Frontal Lobe,0.1257,0.1246,105.0,134,835.0,4.71,4,17,0.5565
middle frontal gyrus,3,IFG,Inferior Frontal Gyrus,Frontal Lobe,0.1078,0.1068,90.0,129,835.0,4.71,4,17,0.5565
middle frontal gyrus,4,SFG,Superior Frontal Gyrus,Frontal Lobe,0.091,0.0903,76.0,96,835.0,4.71,4,17,0.5565
middle frontal gyrus,5,OrG,Orbital Gyrus,Frontal Lobe,0.0431,0.0431,36.0,46,835.0,4.71,4,17,0.5565
middle frontal gyrus,6,INS,Insular Gyrus,Insular Lobe,0.0275,0.0277,23.0,34,835.0,4.71,4,17,0.5565
middle frontal gyrus,7,BG,Basal Ganglia,Subcortical Nuclei,0.0144,0.0148,12.0,15,835.0,4.71,4,17,0.5565
middle frontal gyrus,8,CG,Cingulate Gyrus,Limbic Lobe,0.006,0.0065,5.0,6,835.0,4.71,4,17,0.5565
middle frontal gyrus,9,PhG,Parahippocampal Gyrus,Temporal Lobe,0.006,0.0065,5.0,5,835.0,4.71,4,17,0.5565
middle frontal gyrus,10,PCL,Paracentral Lobule,Frontal Lobe,0.0036,0.0041,3.0,3,835.0,4.71,4,17,0.5565
middle frontal gyrus,11,PoG,Postcentral Gyrus,Parietal Lobe,0.0024,0.003,2.0,5,835.0,4.71,4,17,0.5565
middle frontal gyrus,12,IPL,Inferior Parietal Lobule,Parietal Lobe,0.0024,0.003,2.0,3,835.0,4.71,4,17,0.5565
middle frontal gyrus,13,FuG,Fusiform Gyrus,Temporal Lobe,0.0012,0.0018,1.0,1,835.0,4.71,4,17,0.5565
middle frontal gyrus,14,Hipp,Hippocampus,Subcortical Nuclei,0.0012,0.0018,1.0,1,835.0,4.71,4,17,0.5565
middle frontal gyrus,15,ITG,Inferior Temporal Gyrus,Temporal Lobe,0.0012,0.0018,1.0,1,835.0,4.71,4,17,0.5565
middle frontal gyrus,16,MTG,Middle Temporal Gyrus,Temporal Lobe,0.0012,0.0018,1.0,1,835.0,4.71,4,17,0.5565
middle frontal gyrus,17,SPL,Superior Parietal Lobule,Parietal Lobe,0.0012,0.0018,1.0,1,835.0,4.71,4,17,0.5565
middle frontal gyrus 10,1,MFG,Middle Frontal Gyrus,Frontal Lobe,1.0,0.2333,3.0,7,3.0,19.05,18,1,0.2335
middle frontal gyrus 10 44,1,MFG,Middle Frontal Gyrus,Frontal Lobe,1.0,0.1154,1.0,1,1.0,22.91,19,1,0.1153
middle frontal gyrus 11,1,OrG,Orbital Gyrus,Frontal Lobe,0.6667,0.1667,2.0,4,3.0,20.55,18,2,0.1668
middle frontal gyrus 11,2,MFG,Middle Frontal Gyrus,Frontal Lobe,0.3333,0.1,1.0,1,3.0,20.55,18,2,0.1668
middle frontal gyrus 11 47,1,OrG,Orbital Gyrus,Frontal Lobe,1.0,0.1154,1.0,1,1.0,22.91,19,1,0.1153
middle frontal gyrus 21,1,MTG,Middle Temporal Gyrus,Temporal Lobe,1.0,0.1154,1.0,1,1.0,22.91,19,1,0.1153
middle frontal gyrus 32,1,SFG,Superior Frontal Gyrus,Frontal Lobe,1.0,0.1154,1.0,1,1.0,22.91,19,1,0.1153
middle frontal gyrus 36,1,IFG,Inferior Frontal Gyrus,Frontal Lobe,1.0,0.1154,1.0,1,1.0,22.91,19,1,0.1153
middle frontal gyrus 45,1,MFG,Middle Frontal Gyrus,Frontal Lobe,0.5,0.1071,1.0,4,2.0,22.13,19,2,0.1071
middle frontal gyrus 45,2,IFG,Inferior Frontal Gyrus,Frontal Lobe,0.5,0.1071,1.0,1,2.0,22.13,19,2,0.1071
middle frontal gyrus 46,1,IFG,Inferior Frontal Gyrus,Frontal Lobe,0.6,0.2059,3.0,4,5.0,17.97,18,2,0.2059
middle frontal gyrus 46,2,MFG,Middle Frontal Gyrus,Frontal Lobe,0.4,0.1471,2.0,2,5.0,17.97,18,2,0.2059
middle frontal gyrus 47,1,OrG,Orbital Gyrus,Frontal Lobe,1.0,0.1154,1.0,1,1.0,22.91,19,1,0.1153
middle frontal gyrus 6,1,MFG,Middle Frontal Gyrus,Frontal Lobe,0.5385,0.3,7.0,11,13.0,13.47,14,4,0.3
middle frontal gyrus 6,2,SFG,Superior Frontal Gyrus,Frontal Lobe,0.2308,0.14,3.0,3,13.0,13.47,14,4,0.3
middle frontal gyrus 6,3,PrG,Precentral Gyrus,Frontal Lobe,0.1538,0.1,2.0,2,13.0,13.47,14,4,0.3
middle frontal gyrus 6,4,Tha,Thalamus,Subcortical Nuclei,0.0769,0.06,1.0,1,13.0,13.47,14,4,0.3
middle frontal gyrus 6 8,1,MFG,Middle Frontal Gyrus,Frontal Lobe,1.0,0.1154,1.0,1,1.0,22.91,19,1,0.1153
middle frontal gyrus 6 8 9,1,MFG,Middle Frontal Gyrus,Frontal Lobe,1.0,0.1154,1.0,1,1.0,22.91,19,1,0.1153
middle frontal gyrus 8,1,MFG,Middle Frontal Gyrus,Frontal Lobe,0.5714,0.2368,4.0,6,7.0,17.41,17,4,0.2369
middle frontal gyrus 8,2,IFG,Inferior Frontal Gyrus,Frontal Lobe,0.1429,0.0789,1.0,1,7.0,17.41,17,4,0.2369
middle frontal gyrus 8,3,INS,Insular Gyrus,Insular Lobe,0.1429,0.0789,1.0,1,7.0,17.41,17,4,0.2369
middle frontal gyrus 8,4,PrG,Precentral Gyrus,Frontal Lobe,0.1429,0.0789,1.0,1,7.0,17.41,17,4,0.2369
middle frontal gyrus 8 9,1,SFG,Superior Frontal Gyrus,Frontal Lobe,1.0,0.1154,1.0,1,1.0,22.91,19,1,0.1153
middle frontal gyrus 9,1,MFG,Middle Frontal Gyrus,Frontal Lobe,0.6,0.2955,6.0,11,10.0,13.15,16,2,0.2957
middle frontal gyrus 9,2,IFG,Inferior Frontal Gyrus,Frontal Lobe,0.4,0.2045,4.0,8,10.0,13.15,16,2,0.2957
middle frontal gyrus and posterior inferior frontal gyrus,1,MFG,Middle Frontal Gyrus,Frontal Lobe,1.0,0.1154,1.0,1,1.0,22.91,19,1,0.1153
middle frontal gyrus and precentral sulcus,1,PrG,Precentral Gyrus,Frontal Lobe,1.0,0.1154,1.0,1,1.0,22.91,19,1,0.1153
middle frontal gyrus ba 10,1,MFG,Middle Frontal Gyrus,Frontal Lobe,1.0,0.4773,10.0,14,10.0,10.28,16,1,0.4776
middle frontal gyrus ba 11,1,OrG,Orbital Gyrus,Frontal Lobe,0.6667,0.1667,2.0,2,3.0,20.55,18,2,0.1668
middle frontal gyrus ba 11,2,MFG,Middle Frontal Gyrus,Frontal Lobe,0.3333,0.1,1.0,1,3.0,20.55,18,2,0.1668
middle frontal gyrus ba 11 47,1,OrG,Orbital Gyrus,Frontal Lobe,1.0,0.1154,1.0,1,1.0,22.91,19,1,0.1153
middle frontal gyrus ba 13,1,INS,Insular Gyrus,Insular Lobe,1.0,0.1154,1.0,1,1.0,22.91,19,1,0.1153
middle frontal gyrus ba 4,1,PhG,Parahippocampal Gyrus,Temporal Lobe,1.0,0.1154,1.0,1,1.0,22.91,19,1,0.1153
middle frontal gyrus ba 44,1,MFG,Middle Frontal Gyrus,Frontal Lobe,1.0,0.1154,1.0,1,1.0,22.91,19,1,0.1153
middle frontal gyrus ba 45,1,MFG,Middle Frontal Gyrus,Frontal Lobe,1.0,0.1154,1.0,1,1.0,22.91,19,1,0.1153
middle frontal gyrus ba 46,1,MFG,Middle Frontal Gyrus,Frontal Lobe,0.6667,0.3542,8.0,12,12.0,11.64,15,2,0.3544
middle frontal gyrus ba 46,2,IFG,Inferior Frontal Gyrus,Frontal Lobe,0.3333,0.1875,4.0,5,12.0,11.64,15,2,0.3544
middle frontal gyrus ba 46 3,1,MFG,Middle Frontal Gyrus,Frontal Lobe,1.0,0.1154,1.0,1,1.0,22.91,19,1,0.1153
middle frontal gyrus ba 47,1,pSTS,posterior Superior Temporal Sulcus,Temporal Lobe,1.0,0.1154,1.0,1,1.0,22.91,19,1,0.1153
middle frontal gyrus ba 6,1,MFG,Middle Frontal Gyrus,Frontal Lobe,0.4348,0.3,10.0,14,23.0,12.61,11,7,0.2999
middle frontal gyrus ba 6,2,PrG,Precentral Gyrus,Frontal Lobe,0.1739,0.1286,4.0,5,23.0,12.61,11,7,0.2999
middle frontal gyrus ba 6,3,SFG,Superior Frontal Gyrus,Frontal Lobe,0.1304,0.1,3.0,3,23.0,12.61,11,7,0.2999
middle frontal gyrus ba 6,4,INS,Insular Gyrus,Insular Lobe,0.087,0.0714,2.0,3,23.0,12.61,11,7,0.2999
middle frontal gyrus ba 6,5,PhG,Parahippocampal Gyrus,Temporal Lobe,0.087,0.0714,2.0,2,23.0,12.61,11,7,0.2999
middle frontal gyrus ba 6,6,IFG,Inferior Frontal Gyrus,Frontal Lobe,0.0435,0.0429,1.0,1,23.0,12.61,11,7,0.2999
middle frontal gyrus ba 6,7,Tha,Thalamus,Subcortical Nuclei,0.0435,0.0429,1.0,1,23.0,12.61,11,7,0.2999
middle frontal gyrus ba 6 include precentral gyrus ba 6,1,MFG,Middle Frontal Gyrus,Frontal Lobe,1.0,0.1154,1.0,1,1.0,22.91,19,1,0.1153
middle frontal gyrus ba 8,1,MFG,Middle Frontal Gyrus,Frontal Lobe,0.6875,0.4107,11.0,12,16.0,10.78,13,4,0.4103
middle frontal gyrus ba 8,2,SFG,Superior Frontal Gyrus,Frontal Lobe,0.1875,0.125,3.0,3,16.0,10.78,13,4,0.4103
middle frontal gyrus ba 8,3,MTG,Middle Temporal Gyrus,Temporal Lobe,0.0625,0.0536,1.0,1,16.0,10.78,13,4,0.4103
middle frontal gyrus ba 8,4,PrG,Precentral Gyrus,Frontal Lobe,0.0625,0.0536,1.0,1,16.0,10.78,13,4,0.4103
middle frontal gyrus ba 8 9,1,MFG,Middle Frontal Gyrus,Frontal Lobe,1.0,0.1154,1.0,2,1.0,22.91,19,1,0.1153
middle frontal gyrus ba 9,1,MFG,Middle Frontal Gyrus,Frontal Lobe,0.65,0.4219,13.0,18,20.0,9.79,12,4,0.4221
middle frontal gyrus ba 9,2,IFG,Inferior Frontal Gyrus,Frontal Lobe,0.2,0.1406,4.0,5,20.0,9.79,12,4,0.4221
middle frontal gyrus ba 9,3,PrG,Precentral Gyrus,Frontal Lobe,0.1,0.0781,2.0,2,20.0,9.79,12,4,0.4221
middle frontal gyrus ba 9,4,IPL,Inferior Parietal Lobule,Parietal Lobe,0.05,0.0469,1.0,1,20.0,9.79,12,4,0.4221
middle frontal gyrus ba 9 10 46,1,MFG,Middle Frontal Gyrus,Frontal Lobe,1.0,0.1154,1.0,1,1.0,22.91,19,1,0.1153
middle frontal gyrus ba 9 46,1,MFG,Middle Frontal Gyrus,Frontal Lobe,1.0,0.2333,3.0,3,3.0,19.05,18,1,0.2335
middle frontal gyrus ba 9 46 include middle frontal gyrus ba 10,1,MFG,Middle Frontal Gyrus,Frontal Lobe,1.0,0.1154,1.0,1,1.0,22.91,19,1,0.1153
middle frontal gyrus in orbital part,1,OrG,Orbital Gyrus,Frontal Lobe,1.0,0.1154,1.0,1,1.0,22.91,19,1,0.1153
middle frontal gyrus rb,1,PrG,Precentral Gyrus,Frontal Lobe,1.0,0.1154,1.0,1,1.0,22.91,19,1,0.1153
middle frontal gyrus3,1,MFG,Middle Frontal Gyrus,Frontal Lobe,1.0,0.1154,1.0,1,1.0,22.91,19,1,0.1153
middle frontal gyrus4,1,MFG,Middle Frontal Gyrus,Frontal Lobe,1.0,0.1154,1.0,1,1.0,22.91,19,1,0.1153
middle frontal gyrusa,1,BG,Basal Ganglia,Subcortical Nuclei,0.3333,0.1,1.0,1,3.0,21.57,18,3,0.1001
middle frontal gyrusa,2,INS,Insular Gyrus,Insular Lobe,0.3333,0.1,1.0,1,3.0,21.57,18,3,0.1001
middle frontal gyrusa,3,MFG,Middle Frontal Gyrus,Frontal Lobe,0.3333,0.1,1.0,1,3.0,21.57,18,3,0.1001
middle frontal gyrusb,1,OrG,Orbital Gyrus,Frontal Lobe,1.0,0.1154,1.0,1,1.0,22.91,19,1,0.1153
middle frontal gyrusd,1,MFG,Middle Frontal Gyrus,Frontal Lobe,1.0,0.1154,1.0,1,1.0,22.91,19,1,0.1153
middle frontal lobe,1,MFG,Middle Frontal Gyrus,Frontal Lobe,0.5,0.1071,1.0,2,2.0,22.13,19,2,0.1071
middle frontal lobe,2,SFG,Superior Frontal Gyrus,Frontal Lobe,0.5,0.1071,1.0,1,2.0,22.13,19,2,0.1071
middle frontal orbital part,1,MFG,Middle Frontal Gyrus,Frontal Lobe,1.0,0.1154,1.0,1,1.0,22.91,19,1,0.1153
middle frontal precentral gyrus,1,PrG,Precentral Gyrus,Frontal Lobe,1.0,0.1154,1.0,1,1.0,22.91,19,1,0.1153
middle frontal region,1,MFG,Middle Frontal Gyrus,Frontal Lobe,1.0,0.1154,1.0,2,1.0,22.91,19,1,0.1153
middle frontal sulcus,1,MFG,Middle Frontal Gyrus,Frontal Lobe,1.0,0.3235,5.0,5,5.0,15.65,18,1,0.3236
middle frontalgyrus,1,IFG,Inferior Frontal Gyrus,Frontal Lobe,0.5,0.1562,2.0,4,4.0,19.34,18,2,0.1564
middle frontalgyrus,2,MFG,Middle Frontal Gyrus,Frontal Lobe,0.5,0.1562,2.0,4,4.0,19.34,18,2,0.1564
middle frontopolar gyrus,1,MFG,Middle Frontal Gyrus,Frontal Lobe,1.0,0.1786,2.0,3,2.0,21.0,19,1,0.1787
middle fusiform gyrus,1,FuG,Fusiform Gyrus,Temporal Lobe,1.0,0.1154,1.0,1,1.0,22.91,19,1,0.1153
middle hippocampus,1,Tha,Thalamus,Subcortical Nuclei,0.5,0.1071,1.0,2,2.0,22.13,19,2,0.1071
middle hippocampus,2,BG,Basal Ganglia,Subcortical Nuclei,0.5,0.1071,1.0,1,2.0,22.13,19,2,0.1071
middle inferior occipital gyrus,1,LOcC,lateral Occipital Cortex,Occipital Lobe,0.5,0.1562,2.0,3,4.0,20.24,18,3,0.1564
middle inferior occipital gyrus,2,FuG,Fusiform Gyrus,Temporal Lobe,0.25,0.0938,1.0,1,4.0,20.24,18,3,0.1564
middle inferior occipital gyrus,3,ITG,Inferior Temporal Gyrus,Temporal Lobe,0.25,0.0938,1.0,1,4.0,20.24,18,3,0.1564
middle insula,1,INS,Insular Gyrus,Insular Lobe,0.6364,0.3261,7.0,9,11.0,13.82,15,4,0.3264
middle insula,2,PrG,Precentral Gyrus,Frontal Lobe,0.1818,0.1087,2.0,2,11.0,13.82,15,4,0.3264
middle insula,3,BG,Basal Ganglia,Subcortical Nuclei,0.0909,0.0652,1.0,1,11.0,13.82,15,4,0.3264
middle insula,4,PoG,Postcentral Gyrus,Parietal Lobe,0.0909,0.0652,1.0,1,11.0,13.82,15,4,0.3264
middle intraparietal sulcus,1,SPL,Superior Parietal Lobule,Parietal Lobe,1.0,0.1154,1.0,6,1.0,22.91,19,1,0.1153
middle ips,1,SPL,Superior Parietal Lobule,Parietal Lobe,1.0,0.1154,1.0,1,1.0,22.91,19,1,0.1153
middle longitudinal fasciculus wm,1,STG,Superior Temporal Gyrus,Temporal Lobe,1.0,0.1154,1.0,2,1.0,22.91,19,1,0.1153
middle occipital,1,LOcC,lateral Occipital Cortex,Occipital Lobe,0.7143,0.4038,10.0,14,14.0,11.47,14,4,0.404
middle occipital,2,IPL,Inferior Parietal Lobule,Parietal Lobe,0.1429,0.0962,2.0,2,14.0,11.47,14,4,0.404
middle occipital,3,FuG,Fusiform Gyrus,Temporal Lobe,0.0714,0.0577,1.0,1,14.0,11.47,14,4,0.404
middle occipital,4,MVOcC,MedioVentral Occipital Cortex,Occipital Lobe,0.0714,0.0577,1.0,1,14.0,11.47,14,4,0.404
middle occipital and fusiform gyrus,1,LOcC,lateral Occipital Cortex,Occipital Lobe,1.0,0.1154,1.0,1,1.0,22.91,19,1,0.1153
middle occipital and lingual gyrus,1,MVOcC,MedioVentral Occipital Cortex,Occipital Lobe,1.0,0.1154,1.0,1,1.0,22.91,19,1,0.1153
middle occipital ba 18,1,LOcC,lateral Occipital Cortex,Occipital Lobe,1.0,0.1154,1.0,1,1.0,22.91,19,1,0.1153
middle occipital ba 18 19,1,LOcC,lateral Occipital Cortex,Occipital Lobe,1.0,0.1154,1.0,4,1.0,22.91,19,1,0.1153
middle occipital cortex,1,LOcC,lateral Occipital Cortex,Occipital Lobe,0.5714,0.2368,4.0,9,7.0,15.78,17,2,0.2369
middle occipital cortex,2,IPL,Inferior Parietal Lobule,Parietal Lobe,0.4286,0.1842,3.0,3,7.0,15.78,17,2,0.2369
middle occipital g,1,LOcC,lateral Occipital Cortex,Occipital Lobe,0.5714,0.2368,4.0,10,7.0,17.41,17,4,0.2369
middle occipital g,2,FuG,Fusiform Gyrus,Temporal Lobe,0.1429,0.0789,1.0,2,7.0,17.41,17,4,0.2369
middle occipital g,3,IPL,Inferior Parietal Lobule,Parietal Lobe,0.1429,0.0789,1.0,2,7.0,17.41,17,4,0.2369
middle occipital g,4,ITG,Inferior Temporal Gyrus,Temporal Lobe,0.1429,0.0789,1.0,1,7.0,17.41,17,4,0.2369
middle occipital g ba 19,1,LOcC,lateral Occipital Cortex,Occipital Lobe,1.0,0.1154,1.0,2,1.0,22.91,19,1,0.1153
middle occipital gyrus,1,LOcC,lateral Occipital Cortex,Occipital Lobe,0.6414,0.6211,220.0,408,343.0,3.84,2,13,0.6213
middle occipital gyrus,2,IPL,Inferior Parietal Lobule,Parietal Lobe,0.2099,0.2042,72.0,99,343.0,3.84,2,13,0.6213
middle occipital gyrus,3,MVOcC,MedioVentral Occipital Cortex,Occipital Lobe,0.0408,0.0408,14.0,14,343.0,3.84,2,13,0.6213
middle occipital gyrus,4,ITG,Inferior Temporal Gyrus,Temporal Lobe,0.035,0.0352,12.0,13,343.0,3.84,2,13,0.6213
middle occipital gyrus,5,FuG,Fusiform Gyrus,Temporal Lobe,0.0204,0.0211,7.0,7,343.0,3.84,2,13,0.6213
middle occipital gyrus,6,MFG,Middle Frontal Gyrus,Frontal Lobe,0.0117,0.0127,4.0,5,343.0,3.84,2,13,0.6213
middle occipital gyrus,7,MTG,Middle Temporal Gyrus,Temporal Lobe,0.0117,0.0127,4.0,4,343.0,3.84,2,13,0.6213
middle occipital gyrus,8,PhG,Parahippocampal Gyrus,Temporal Lobe,0.0117,0.0127,4.0,4,343.0,3.84,2,13,0.6213
middle occipital gyrus,9,BG,Basal Ganglia,Subcortical Nuclei,0.0058,0.007,2.0,2,343.0,3.84,2,13,0.6213
middle occipital gyrus,10,Hipp,Hippocampus,Subcortical Nuclei,0.0029,0.0042,1.0,1,343.0,3.84,2,13,0.6213
middle occipital gyrus,11,IFG,Inferior Frontal Gyrus,Frontal Lobe,0.0029,0.0042,1.0,1,343.0,3.84,2,13,0.6213
middle occipital gyrus,12,Pcun,Precuneus,Parietal Lobe,0.0029,0.0042,1.0,1,343.0,3.84,2,13,0.6213
middle occipital gyrus,13,SPL,Superior Parietal Lobule,Parietal Lobe,0.0029,0.0042,1.0,1,343.0,3.84,2,13,0.6213
middle occipital gyrus 18,1,LOcC,lateral Occipital Cortex,Occipital Lobe,1.0,0.2812,4.0,4,4.0,17.24,18,1,0.2815
middle occipital gyrus 19,1,LOcC,lateral Occipital Cortex,Occipital Lobe,0.5556,0.2619,5.0,6,9.0,13.99,16,2,0.262
middle occipital gyrus 19,2,IPL,Inferior Parietal Lobule,Parietal Lobe,0.4444,0.2143,4.0,4,9.0,13.99,16,2,0.262
middle occipital gyrus 37,1,LOcC,lateral Occipital Cortex,Occipital Lobe,1.0,0.1154,1.0,2,1.0,22.91,19,1,0.1153
middle occipital gyrus 37 18 19,1,LOcC,lateral Occipital Cortex,Occipital Lobe,1.0,0.1154,1.0,1,1.0,22.91,19,1,0.1153
middle occipital gyrus 39,1,IPL,Inferior Parietal Lobule,Parietal Lobe,1.0,0.1154,1.0,1,1.0,22.91,19,1,0.1153
middle occipital gyrus ba 18,1,LOcC,lateral Occipital Cortex,Occipital Lobe,0.3333,0.1667,3.0,6,9.0,18.32,16,6,0.1668
middle occipital gyrus ba 18,2,PhG,Parahippocampal Gyrus,Temporal Lobe,0.2222,0.119,2.0,2,9.0,18.32,16,6,0.1668
middle occipital gyrus ba 18,3,IFG,Inferior Frontal Gyrus,Frontal Lobe,0.1111,0.0714,1.0,2,9.0,18.32,16,6,0.1668
middle occipital gyrus ba 18,4,Tha,Thalamus,Subcortical Nuclei,0.1111,0.0714,1.0,2,9.0,18.32,16,6,0.1668
middle occipital gyrus ba 18,5,BG,Basal Ganglia,Subcortical Nuclei,0.1111,0.0714,1.0,1,9.0,18.32,16,6,0.1668
middle occipital gyrus ba 18,6,FuG,Fusiform Gyrus,Temporal Lobe,0.1111,0.0714,1.0,1,9.0,18.32,16,6,0.1668
middle occipital gyrus ba 19,1,LOcC,lateral Occipital Cortex,Occipital Lobe,0.8571,0.4808,12.0,17,14.0,9.47,14,2,0.4811
middle occipital gyrus ba 19,2,IPL,Inferior Parietal Lobule,Parietal Lobe,0.1429,0.0962,2.0,2,14.0,9.47,14,2,0.4811
middle occipital gyrus ba 37,1,ITG,Inferior Temporal Gyrus,Temporal Lobe,0.5,0.1071,1.0,1,2.0,22.13,19,2,0.1071
middle occipital gyrus ba 37,2,LOcC,lateral Occipital Cortex,Occipital Lobe,0.5,0.1071,1.0,1,2.0,22.13,19,2,0.1071
middle occipital gyrus ba 39,1,IPL,Inferior Parietal Lobule,Parietal Lobe,1.0,0.1154,1.0,1,1.0,22.91,19,1,0.1153
middle occipital gyrus cluster 1,1,IPL,Inferior Parietal Lobule,Parietal Lobe,1.0,0.1154,1.0,1,1.0,22.91,19,1,0.1153
middle occipital gyrusa,1,IPL,Inferior Parietal Lobule,Parietal Lobe,1.0,0.1154,1.0,1,1.0,22.91,19,1,0.1153
middle occipital lobe,1,IPL,Inferior Parietal Lobule,Parietal Lobe,0.6,0.2059,3.0,6,5.0,17.97,18,2,0.2059
middle occipital lobe,2,LOcC,lateral Occipital Cortex,Occipital Lobe,0.4,0.1471,2.0,2,5.0,17.97,18,2,0.2059
middle occipital sulcus,1,IPL,Inferior Parietal Lobule,Parietal Lobe,1.0,0.1154,1.0,1,1.0,22.91,19,1,0.1153
middle occipitalgyrus,1,LOcC,lateral Occipital Cortex,Occipital Lobe,0.5,0.1071,1.0,3,2.0,22.13,19,2,0.1071
middle occipitalgyrus,2,IPL,Inferior Parietal Lobule,Parietal Lobe,0.5,0.1071,1.0,1,2.0,22.13,19,2,0.1071
middle occipito temporal gyrus,1,MVOcC,MedioVentral Occipital Cortex,Occipital Lobe,1.0,0.1154,1.0,1,1.0,22.91,19,1,0.1153
middle occipito temporal gyrusa,1,MVOcC,MedioVentral Occipital Cortex,Occipital Lobe,1.0,0.1154,1.0,1,1.0,22.91,19,1,0.1153
middle occpital gyrus ba 18,1,LOcC,lateral Occipital Cortex,Occipital Lobe,1.0,0.1154,1.0,1,1.0,22.91,19,1,0.1153
middle ofc,1,OrG,Orbital Gyrus,Frontal Lobe,1.0,0.1154,1.0,1,1.0,22.91,19,1,0.1153
middle orbiral gyrus,1,MFG,Middle Frontal Gyrus,Frontal Lobe,1.0,0.1154,1.0,1,1.0,22.91,19,1,0.1153
middle orbital,1,MFG,Middle Frontal Gyrus,Frontal Lobe,0.4,0.1471,2.0,5,5.0,19.22,18,3,0.1471
middle orbital,2,OrG,Orbital Gyrus,Frontal Lobe,0.4,0.1471,2.0,2,5.0,19.22,18,3,0.1471
middle orbital,3,IFG,Inferior Frontal Gyrus,Frontal Lobe,0.2,0.0882,1.0,3,5.0,19.22,18,3,0.1471
middle orbital frontal,1,OrG,Orbital Gyrus,Frontal Lobe,1.0,0.1786,2.0,3,2.0,21.0,19,1,0.1787
middle orbital frontal gyrus,1,OrG,Orbital Gyrus,Frontal Lobe,0.6667,0.1667,2.0,2,3.0,20.55,18,2,0.1668
middle orbital frontal gyrus,2,MFG,Middle Frontal Gyrus,Frontal Lobe,0.3333,0.1,1.0,1,3.0,20.55,18,2,0.1668
middle orbital gyrus,1,OrG,Orbital Gyrus,Frontal Lobe,0.7692,0.42,10.0,10,13.0,11.09,14,3,0.42
middle orbital gyrus,2,MFG,Middle Frontal Gyrus,Frontal Lobe,0.1538,0.1,2.0,2,13.0,11.09,14,3,0.42
middle orbital gyrus,3,IFG,Inferior Frontal Gyrus,Frontal Lobe,0.0769,0.06,1.0,1,13.0,11.09,14,3,0.42
middle orbital gyrus ba 10,1,BG,Basal Ganglia,Subcortical Nuclei,0.5,0.1071,1.0,1,2.0,22.13,19,2,0.1071
middle orbital gyrus ba 10,2,OrG,Orbital Gyrus,Frontal Lobe,0.5,0.1071,1.0,1,2.0,22.13,19,2,0.1071
middle orbital gyrus ba 11,1,OrG,Orbital Gyrus,Frontal Lobe,1.0,0.1154,1.0,1,1.0,22.91,19,1,0.1153
middle orbital gyrus ba 32,1,Tha,Thalamus,Subcortical Nuclei,1.0,0.1154,1.0,1,1.0,22.91,19,1,0.1153
middle orbito frontal,1,MFG,Middle Frontal Gyrus,Frontal Lobe,1.0,0.1154,1.0,1,1.0,22.91,19,1,0.1153
middle orbitofrontal,1,OrG,Orbital Gyrus,Frontal Lobe,1.0,0.1154,1.0,2,1.0,22.91,19,1,0.1153
middle orbitofrontal cortex,1,OrG,Orbital Gyrus,Frontal Lobe,1.0,0.1154,1.0,1,1.0,22.91,19,1,0.1153
middle orbitofrontal gyrus,1,OrG,Orbital Gyrus,Frontal Lobe,1.0,0.1154,1.0,1,1.0,22.91,19,1,0.1153
middle orbitofrontal gyrusa,1,OrG,Orbital Gyrus,Frontal Lobe,1.0,0.1154,1.0,1,1.0,22.91,19,1,0.1153
middle orbitofrontal lobe,1,OrG,Orbital Gyrus,Frontal Lobe,1.0,0.1154,1.0,2,1.0,22.91,19,1,0.1153
middle posterior part of the cingulate gyrus and sulcus,1,CG,Cingulate Gyrus,Limbic Lobe,1.0,0.1154,1.0,2,1.0,22.91,19,1,0.1153
middle stg,1,STG,Superior Temporal Gyrus,Temporal Lobe,1.0,0.1154,1.0,2,1.0,22.91,19,1,0.1153
middle sts,1,STG,Superior Temporal Gyrus,Temporal Lobe,0.4444,0.2143,4.0,4,9.0,16.21,16,4,0.2143
middle sts,2,MTG,Middle Temporal Gyrus,Temporal Lobe,0.3333,0.1667,3.0,3,9.0,16.21,16,4,0.2143
middle sts,3,ITG,Inferior Temporal Gyrus,Temporal Lobe,0.1111,0.0714,1.0,1,9.0,16.21,16,4,0.2143
middle sts,4,pSTS,posterior Superior Temporal Sulcus,Temporal Lobe,0.1111,0.0714,1.0,1,9.0,16.21,16,4,0.2143
middle superior temporal sulcus,1,MTG,Middle Temporal Gyrus,Temporal Lobe,1.0,0.1154,1.0,1,1.0,22.91,19,1,0.1153
middle temporal,1,MTG,Middle Temporal Gyrus,Temporal Lobe,0.3333,0.2604,12.0,18,36.0,10.43,6,6,0.2605
middle temporal,2,IPL,Inferior Parietal Lobule,Parietal Lobe,0.2778,0.2188,10.0,17,36.0,10.43,6,6,0.2605
middle temporal,3,pSTS,posterior Superior Temporal Sulcus,Temporal Lobe,0.1667,0.1354,6.0,8,36.0,10.43,6,6,0.2605
middle temporal,4,ITG,Inferior Temporal Gyrus,Temporal Lobe,0.0833,0.0729,3.0,3,36.0,10.43,6,6,0.2605
middle temporal,5,STG,Superior Temporal Gyrus,Temporal Lobe,0.0833,0.0729,3.0,3,36.0,10.43,6,6,0.2605
middle temporal,6,LOcC,lateral Occipital Cortex,Occipital Lobe,0.0556,0.0521,2.0,2,36.0,10.43,6,6,0.2605
middle temporal and,1,IPL,Inferior Parietal Lobule,Parietal Lobe,1.0,0.1154,1.0,1,1.0,22.91,19,1,0.1153
middle temporal and gyrus,1,IPL,Inferior Parietal Lobule,Parietal Lobe,1.0,0.1154,1.0,1,1.0,22.91,19,1,0.1153
middle temporal cortex,1,pSTS,posterior Superior Temporal Sulcus,Temporal Lobe,0.4286,0.1842,3.0,3,7.0,17.38,17,3,0.1843
middle temporal cortex,2,MTG,Middle Temporal Gyrus,Temporal Lobe,0.2857,0.1316,2.0,3,7.0,17.38,17,3,0.1843
middle temporal cortex,3,IPL,Inferior Parietal Lobule,Parietal Lobe,0.2857,0.1316,2.0,2,7.0,17.38,17,3,0.1843
middle temporal g,1,MTG,Middle Temporal Gyrus,Temporal Lobe,0.3636,0.1957,4.0,6,11.0,17.0,15,6,0.1958
middle temporal g,2,IPL,Inferior Parietal Lobule,Parietal Lobe,0.1818,0.1087,2.0,4,11.0,17.0,15,6,0.1958
middle temporal g,3,pSTS,posterior Superior Temporal Sulcus,Temporal Lobe,0.1818,0.1087,2.0,4,11.0,17.0,15,6,0.1958
middle temporal g,4,LOcC,lateral Occipital Cortex,Occipital Lobe,0.0909,0.0652,1.0,2,11.0,17.0,15,6,0.1958
middle temporal g,5,ITG,Inferior Temporal Gyrus,Temporal Lobe,0.0909,0.0652,1.0,1,11.0,17.0,15,6,0.1958
middle temporal g,6,PrG,Precentral Gyrus,Frontal Lobe,0.0909,0.0652,1.0,1,11.0,17.0,15,6,0.1958
middle temporal g ba 21,1,pSTS,posterior Superior Temporal Sulcus,Temporal Lobe,1.0,0.1154,1.0,1,1.0,22.91,19,1,0.1153
middle temporal g ba 22,1,pSTS,posterior Superior Temporal Sulcus,Temporal Lobe,1.0,0.1154,1.0,1,1.0,22.91,19,1,0.1153
middle temporal g ba 39,1,IPL,Inferior Parietal Lobule,Parietal Lobe,1.0,0.1154,1.0,1,1.0,22.91,19,1,0.1153
middle temporal gyrus,1,MTG,Middle Temporal Gyrus,Temporal Lobe,0.3939,0.3885,308.0,536,782.0,6.2,5,16,0.3887
middle temporal gyrus,2,IPL,Inferior Parietal Lobule,Parietal Lobe,0.1573,0.1555,123.0,185,782.0,6.2,5,16,0.3887
middle temporal gyrus,3,pSTS,posterior Superior Temporal Sulcus,Temporal Lobe,0.1419,0.1404,111.0,154,782.0,6.2,5,16,0.3887
middle temporal gyrus,4,STG,Superior Temporal Gyrus,Temporal Lobe,0.1049,0.1039,82.0,111,782.0,6.2,5,16,0.3887
middle temporal gyrus,5,ITG,Inferior Temporal Gyrus,Temporal Lobe,0.0908,0.0901,71.0,83,782.0,6.2,5,16,0.3887
middle temporal gyrus,6,LOcC,lateral Occipital Cortex,Occipital Lobe,0.0793,0.0787,62.0,82,782.0,6.2,5,16,0.3887
middle temporal gyrus,7,PrG,Precentral Gyrus,Frontal Lobe,0.009,0.0094,7.0,10,782.0,6.2,5,16,0.3887
middle temporal gyrus,8,MFG,Middle Frontal Gyrus,Frontal Lobe,0.0064,0.0069,5.0,5,782.0,6.2,5,16,0.3887
middle temporal gyrus,9,IFG,Inferior Frontal Gyrus,Frontal Lobe,0.0038,0.0044,3.0,4,782.0,6.2,5,16,0.3887
middle temporal gyrus,10,INS,Insular Gyrus,Insular Lobe,0.0038,0.0044,3.0,3,782.0,6.2,5,16,0.3887
middle temporal gyrus,11,FuG,Fusiform Gyrus,Temporal Lobe,0.0026,0.0031,2.0,2,782.0,6.2,5,16,0.3887
middle temporal gyrus,12,OrG,Orbital Gyrus,Frontal Lobe,0.0013,0.0019,1.0,1,782.0,6.2,5,16,0.3887
middle temporal gyrus,13,PhG,Parahippocampal Gyrus,Temporal Lobe,0.0013,0.0019,1.0,1,782.0,6.2,5,16,0.3887
middle temporal gyrus,14,PoG,Postcentral Gyrus,Parietal Lobe,0.0013,0.0019,1.0,1,782.0,6.2,5,16,0.3887
middle temporal gyrus,15,SPL,Superior Parietal Lobule,Parietal Lobe,0.0013,0.0019,1.0,1,782.0,6.2,5,16,0.3887
middle temporal gyrus,16,Tha,Thalamus,Subcortical Nuclei,0.0013,0.0019,1.0,1,782.0,6.2,5,16,0.3887
middle temporal gyrus 19,1,IPL,Inferior Parietal Lobule,Parietal Lobe,0.5,0.1071,1.0,1,2.0,22.13,19,2,0.1071
middle temporal gyrus 19,2,LOcC,lateral Occipital Cortex,Occipital Lobe,0.5,0.1071,1.0,1,2.0,22.13,19,2,0.1071
middle temporal gyrus 1997,1,LOcC,lateral Occipital Cortex,Occipital Lobe,1.0,0.1154,1.0,1,1.0,22.91,19,1,0.1153
middle temporal gyrus 21,1,MTG,Middle Temporal Gyrus,Temporal Lobe,0.4211,0.2742,8.0,13,19.0,10.91,12,4,0.2744
middle temporal gyrus 21,2,STG,Superior Temporal Gyrus,Temporal Lobe,0.4211,0.2742,8.0,10,19.0,10.91,12,4,0.2744
middle temporal gyrus 21,3,PrG,Precentral Gyrus,Frontal Lobe,0.1053,0.0806,2.0,2,19.0,10.91,12,4,0.2744
middle temporal gyrus 21,4,pSTS,posterior Superior Temporal Sulcus,Temporal Lobe,0.0526,0.0484,1.0,1,19.0,10.91,12,4,0.2744
middle temporal gyrus 21 22,1,MTG,Middle Temporal Gyrus,Temporal Lobe,1.0,0.1786,2.0,3,2.0,21.0,19,1,0.1787
middle temporal gyrus 22,1,pSTS,posterior Superior Temporal Sulcus,Temporal Lobe,0.8,0.2647,4.0,5,5.0,17.25,18,2,0.2648
middle temporal gyrus 22,2,STG,Superior Temporal Gyrus,Temporal Lobe,0.2,0.0882,1.0,1,5.0,17.25,18,2,0.2648
middle temporal gyrus 22 37,1,LOcC,lateral Occipital Cortex,Occipital Lobe,1.0,0.1154,1.0,1,1.0,22.91,19,1,0.1153
middle temporal gyrus 37,1,MTG,Middle Temporal Gyrus,Temporal Lobe,1.0,0.1786,2.0,2,2.0,21.0,19,1,0.1787
middle temporal gyrus 39,1,IPL,Inferior Parietal Lobule,Parietal Lobe,0.5,0.1562,2.0,2,4.0,20.24,18,3,0.1564
middle temporal gyrus 39,2,LOcC,lateral Occipital Cortex,Occipital Lobe,0.25,0.0938,1.0,1,4.0,20.24,18,3,0.1564
middle temporal gyrus 39,3,MFG,Middle Frontal Gyrus,Frontal Lobe,0.25,0.0938,1.0,1,4.0,20.24,18,3,0.1564
middle temporal gyrus ba 19,1,IPL,Inferior Parietal Lobule,Parietal Lobe,0.5,0.1071,1.0,1,2.0,22.13,19,2,0.1071
middle temporal gyrus ba 19,2,LOcC,lateral Occipital Cortex,Occipital Lobe,0.5,0.1071,1.0,1,2.0,22.13,19,2,0.1071
middle temporal gyrus ba 20,1,MTG,Middle Temporal Gyrus,Temporal Lobe,1.0,0.1786,2.0,2,2.0,21.0,19,1,0.1787
middle temporal gyrus ba 21,1,MTG,Middle Temporal Gyrus,Temporal Lobe,0.6667,0.4167,12.0,26,18.0,10.36,13,4,0.4164
middle temporal gyrus ba 21,2,pSTS,posterior Superior Temporal Sulcus,Temporal Lobe,0.1667,0.1167,3.0,5,18.0,10.36,13,4,0.4164
middle temporal gyrus ba 21,3,STG,Superior Temporal Gyrus,Temporal Lobe,0.1111,0.0833,2.0,2,18.0,10.36,13,4,0.4164
middle temporal gyrus ba 21,4,ITG,Inferior Temporal Gyrus,Temporal Lobe,0.0556,0.05,1.0,1,18.0,10.36,13,4,0.4164
middle temporal gyrus ba 21 37,1,IPL,Inferior Parietal Lobule,Parietal Lobe,1.0,0.1154,1.0,1,1.0,22.91,19,1,0.1153
middle temporal gyrus ba 21 a,1,MTG,Middle Temporal Gyrus,Temporal Lobe,1.0,0.1154,1.0,1,1.0,22.91,19,1,0.1153
middle temporal gyrus ba 22,1,STG,Superior Temporal Gyrus,Temporal Lobe,0.5,0.1071,1.0,1,2.0,22.13,19,2,0.1071
middle temporal gyrus ba 22,2,pSTS,posterior Superior Temporal Sulcus,Temporal Lobe,0.5,0.1071,1.0,1,2.0,22.13,19,2,0.1071
middle temporal gyrus ba 37,1,LOcC,lateral Occipital Cortex,Occipital Lobe,0.5,0.1562,2.0,2,4.0,20.24,18,3,0.1564
middle temporal gyrus ba 37,2,ITG,Inferior Temporal Gyrus,Temporal Lobe,0.25,0.0938,1.0,1,4.0,20.24,18,3,0.1564
middle temporal gyrus ba 37,3,MTG,Middle Temporal Gyrus,Temporal Lobe,0.25,0.0938,1.0,1,4.0,20.24,18,3,0.1564
middle temporal gyrus ba 37 21,1,MTG,Middle Temporal Gyrus,Temporal Lobe,1.0,0.1154,1.0,1,1.0,22.91,19,1,0.1153
middle temporal gyrus ba 39,1,IPL,Inferior Parietal Lobule,Parietal Lobe,0.6,0.2955,6.0,8,10.0,14.03,16,3,0.2956
middle temporal gyrus ba 39,2,LOcC,lateral Occipital Cortex,Occipital Lobe,0.3,0.1591,3.0,4,10.0,14.03,16,3,0.2956
middle temporal gyrus ba 39,3,MVOcC,MedioVentral Occipital Cortex,Occipital Lobe,0.1,0.0682,1.0,1,10.0,14.03,16,3,0.2956
middle temporal gyrus ba 41,1,pSTS,posterior Superior Temporal Sulcus,Temporal Lobe,1.0,0.1154,1.0,1,1.0,22.91,19,1,0.1153
middle temporal gyrus wm,1,MTG,Middle Temporal Gyrus,Temporal Lobe,1.0,0.1154,1.0,1,1.0,22.91,19,1,0.1153
middle temporal gyrusa,1,MTG,Middle Temporal Gyrus,Temporal Lobe,0.6667,0.1667,2.0,2,3.0,20.55,18,2,0.1668
middle temporal gyrusa,2,LOcC,lateral Occipital Cortex,Occipital Lobe,0.3333,0.1,1.0,1,3.0,20.55,18,2,0.1668
middle temporal gyrusl superior temporal gyrus,1,STG,Superior Temporal Gyrus,Temporal Lobe,1.0,0.1154,1.0,1,1.0,22.91,19,1,0.1153
middle temporal gyrusl superior temporal gyrusleft inferior parietal lobe,1,MTG,Middle Temporal Gyrus,Temporal Lobe,1.0,0.1154,1.0,1,1.0,22.91,19,1,0.1153
middle temporal gyrusr superior temporal gyrus,1,MTG,Middle Temporal Gyrus,Temporal Lobe,0.5,0.1071,1.0,1,2.0,22.13,19,2,0.1071
middle temporal gyrusr superior temporal gyrus,2,pSTS,posterior Superior Temporal Sulcus,Temporal Lobe,0.5,0.1071,1.0,1,2.0,22.13,19,2,0.1071
middle temporal gyrusr superior temporal gyrusr inferior parietal lobe,1,MTG,Middle Temporal Gyrus,Temporal Lobe,1.0,0.1154,1.0,1,1.0,22.91,19,1,0.1153
middle temporal gyus,1,STG,Superior Temporal Gyrus,Temporal Lobe,1.0,0.1154,1.0,1,1.0,22.91,19,1,0.1153
middle temporal lobe,1,MTG,Middle Temporal Gyrus,Temporal Lobe,1.0,0.2333,3.0,11,3.0,19.05,18,1,0.2335
middle temporal lobe ba 21,1,IPL,Inferior Parietal Lobule,Parietal Lobe,1.0,0.1154,1.0,1,1.0,22.91,19,1,0.1153
middle temporal occipital gyrus,1,LOcC,lateral Occipital Cortex,Occipital Lobe,1.0,0.1154,1.0,1,1.0,22.91,19,1,0.1153
middle temporal pole,1,STG,Superior Temporal Gyrus,Temporal Lobe,0.4167,0.2292,5.0,9,12.0,14.92,15,5,0.2293
middle temporal pole,2,MTG,Middle Temporal Gyrus,Temporal Lobe,0.3333,0.1875,4.0,4,12.0,14.92,15,5,0.2293
middle temporal pole,3,ITG,Inferior Temporal Gyrus,Temporal Lobe,0.0833,0.0625,1.0,1,12.0,14.92,15,5,0.2293
middle temporal pole,4,PhG,Parahippocampal Gyrus,Temporal Lobe,0.0833,0.0625,1.0,1,12.0,14.92,15,5,0.2293
middle temporal pole,5,PrG,Precentral Gyrus,Frontal Lobe,0.0833,0.0625,1.0,1,12.0,14.92,15,5,0.2293
middle temporal sulcus,1,LOcC,lateral Occipital Cortex,Occipital Lobe,1.0,0.1154,1.0,1,1.0,22.91,19,1,0.1153
middle temporalgyrus,1,MTG,Middle Temporal Gyrus,Temporal Lobe,0.6667,0.1667,2.0,4,3.0,20.55,18,2,0.1668
middle temporalgyrus,2,IPL,Inferior Parietal Lobule,Parietal Lobe,0.3333,0.1,1.0,1,3.0,20.55,18,2,0.1668
middlefrontal,1,MFG,Middle Frontal Gyrus,Frontal Lobe,1.0,0.1154,1.0,1,1.0,22.91,19,1,0.1153
middorsal insula,1,INS,Insular Gyrus,Insular Lobe,0.5,0.1071,1.0,1,2.0,22.13,19,2,0.1071
middorsal insula,2,PoG,Postcentral Gyrus,Parietal Lobe,0.5,0.1071,1.0,1,2.0,22.13,19,2,0.1071
midfg,1,MFG,Middle Frontal Gyrus,Frontal Lobe,0.5,0.1071,1.0,2,2.0,22.13,19,2,0.1071
midfg,2,BG,Basal Ganglia,Subcortical Nuclei,0.5,0.1071,1.0,1,2.0,22.13,19,2,0.1071
midfrontal gyrus,1,MFG,Middle Frontal Gyrus,Frontal Lobe,0.6,0.2059,3.0,7,5.0,17.97,18,2,0.2059
midfrontal gyrus,2,PrG,Precentral Gyrus,Frontal Lobe,0.4,0.1471,2.0,2,5.0,17.97,18,2,0.2059
midinsula,1,INS,Insular Gyrus,Insular Lobe,0.5,0.1071,1.0,1,2.0,22.13,19,2,0.1071
midinsula,2,STG,Superior Temporal Gyrus,Temporal Lobe,0.5,0.1071,1.0,1,2.0,22.13,19,2,0.1071
midline,1,CG,Cingulate Gyrus,Limbic Lobe,1.0,0.1154,1.0,2,1.0,22.91,19,1,0.1153
midline calcerine gyrus,1,MVOcC,MedioVentral Occipital Cortex,Occipital Lobe,1.0,0.1154,1.0,1,1.0,22.91,19,1,0.1153
midline medial pfc,1,SFG,Superior Frontal Gyrus,Frontal Lobe,1.0,0.1154,1.0,1,1.0,22.91,19,1,0.1153
midline mid cingulate cortex,1,CG,Cingulate Gyrus,Limbic Lobe,1.0,0.1154,1.0,1,1.0,22.91,19,1,0.1153
midline prefrontal,1,CG,Cingulate Gyrus,Limbic Lobe,1.0,0.1154,1.0,1,1.0,22.91,19,1,0.1153
midline thalamus,1,Tha,Thalamus,Subcortical Nuclei,1.0,0.1154,1.0,1,1.0,22.91,19,1,0.1153
midsupitempg,1,MTG,Middle Temporal Gyrus,Temporal Lobe,1.0,0.1154,1.0,1,1.0,22.91,19,1,0.1153
midtemporal gyrus,1,ITG,Inferior Temporal Gyrus,Temporal Lobe,0.5,0.1071,1.0,1,2.0,22.13,19,2,0.1071
midtemporal gyrus,2,MTG,Middle Temporal Gyrus,Temporal Lobe,0.5,0.1071,1.0,1,2.0,22.13,19,2,0.1071
midtg,1,IPL,Inferior Parietal Lobule,Parietal Lobe,1.0,0.1154,1.0,1,1.0,22.91,19,1,0.1153
mifg,1,INS,Insular Gyrus,Insular Lobe,0.5,0.1071,1.0,1,2.0,22.13,19,2,0.1071
mifg,2,MFG,Middle Frontal Gyrus,Frontal Lobe,0.5,0.1071,1.0,1,2.0,22.13,19,2,0.1071
mins,1,INS,Insular Gyrus,Insular Lobe,1.0,0.1154,1.0,1,1.0,22.91,19,1,0.1153
miog,1,LOcC,lateral Occipital Cortex,Occipital Lobe,1.0,0.1154,1.0,2,1.0,22.91,19,1,0.1153
mips,1,LOcC,lateral Occipital Cortex,Occipital Lobe,0.5,0.1071,1.0,1,2.0,22.13,19,2,0.1071
mips,2,SPL,Superior Parietal Lobule,Parietal Lobe,0.5,0.1071,1.0,1,2.0,22.13,19,2,0.1071
moc,1,IPL,Inferior Parietal Lobule,Parietal Lobe,0.5,0.1071,1.0,1,2.0,22.13,19,2,0.1071
moc,2,LOcC,lateral Occipital Cortex,Occipital Lobe,0.5,0.1071,1.0,1,2.0,22.13,19,2,0.1071
mocg,1,LOcC,lateral Occipital Cortex,Occipital Lobe,1.0,0.1786,2.0,5,2.0,21.0,19,1,0.1787
mofc,1,OrG,Orbital Gyrus,Frontal Lobe,0.5714,0.2368,4.0,6,7.0,16.75,17,3,0.2369
mofc,2,CG,Cingulate Gyrus,Limbic Lobe,0.2857,0.1316,2.0,3,7.0,16.75,17,3,0.2369
mofc,3,SFG,Superior Frontal Gyrus,Frontal Lobe,0.1429,0.0789,1.0,1,7.0,16.75,17,3,0.2369
mofc ba 11,1,CG,Cingulate Gyrus,Limbic Lobe,1.0,0.1154,1.0,1,1.0,22.91,19,1,0.1153
mog,1,LOcC,lateral Occipital Cortex,Occipital Lobe,0.5455,0.4111,18.0,32,33.0,7.88,6,4,0.4112
mog,2,IPL,Inferior Parietal Lobule,Parietal Lobe,0.303,0.2333,10.0,10,33.0,7.88,6,4,0.4112
mog,3,FuG,Fusiform Gyrus,Temporal Lobe,0.0909,0.0778,3.0,5,33.0,7.88,6,4,0.4112
mog,4,MVOcC,MedioVentral Occipital Cortex,Occipital Lobe,0.0606,0.0556,2.0,2,33.0,7.88,6,4,0.4112
mog 18,1,LOcC,lateral Occipital Cortex,Occipital Lobe,1.0,0.1154,1.0,1,1.0,22.91,19,1,0.1153
mog 19,1,LOcC,lateral Occipital Cortex,Occipital Lobe,1.0,0.1154,1.0,1,1.0,22.91,19,1,0.1153
mortor cortex,1,IPL,Inferior Parietal Lobule,Parietal Lobe,1.0,0.1154,1.0,1,1.0,22.91,19,1,0.1153
motor,1,PoG,Postcentral Gyrus,Parietal Lobe,0.5,0.1071,1.0,1,2.0,22.13,19,2,0.1071
motor,2,PrG,Precentral Gyrus,Frontal Lobe,0.5,0.1071,1.0,1,2.0,22.13,19,2,0.1071
motor and sensorimotor cortex,1,PrG,Precentral Gyrus,Frontal Lobe,1.0,0.1154,1.0,2,1.0,22.91,19,1,0.1153
motor ba 4,1,PrG,Precentral Gyrus,Frontal Lobe,1.0,0.1154,1.0,2,1.0,22.91,19,1,0.1153
motor cortex,1,PrG,Precentral Gyrus,Frontal Lobe,0.4706,0.2931,8.0,11,17.0,12.85,13,5,0.2933
motor cortex,2,PoG,Postcentral Gyrus,Parietal Lobe,0.2353,0.1552,4.0,5,17.0,12.85,13,5,0.2933
motor cortex,3,SFG,Superior Frontal Gyrus,Frontal Lobe,0.1176,0.0862,2.0,4,17.0,12.85,13,5,0.2933
motor cortex,4,STG,Superior Temporal Gyrus,Temporal Lobe,0.1176,0.0862,2.0,3,17.0,12.85,13,5,0.2933
motor cortex,5,PCL,Paracentral Lobule,Frontal Lobe,0.0588,0.0517,1.0,1,17.0,12.85,13,5,0.2933
motorcortex,1,PrG,Precentral Gyrus,Frontal Lobe,1.0,0.1154,1.0,2,1.0,22.91,19,1,0.1153
mpfc 10,1,OrG,Orbital Gyrus,Frontal Lobe,1.0,0.1154,1.0,1,1.0,22.91,19,1,0.1153
mpfc ba 10 32,1,SFG,Superior Frontal Gyrus,Frontal Lobe,1.0,0.1154,1.0,1,1.0,22.91,19,1,0.1153
mpfc ba 8 9 32,1,SFG,Superior Frontal Gyrus,Frontal Lobe,1.0,0.1154,1.0,1,1.0,22.91,19,1,0.1153
mpfc ba 9,1,SFG,Superior Frontal Gyrus,Frontal Lobe,1.0,0.1154,1.0,1,1.0,22.91,19,1,0.1153
mpfc ba 9 10 32,1,MFG,Middle Frontal Gyrus,Frontal Lobe,1.0,0.1154,1.0,1,1.0,22.91,19,1,0.1153
mpfc cing,1,CG,Cingulate Gyrus,Limbic Lobe,1.0,0.1154,1.0,1,1.0,22.91,19,1,0.1153
mpfc dacc,1,SFG,Superior Frontal Gyrus,Frontal Lobe,1.0,0.1154,1.0,1,1.0,22.91,19,1,0.1153
mpfc dorsal,1,SFG,Superior Frontal Gyrus,Frontal Lobe,1.0,0.1154,1.0,1,1.0,22.91,19,1,0.1153
mpfc middle,1,SFG,Superior Frontal Gyrus,Frontal Lobe,1.0,0.1154,1.0,1,1.0,22.91,19,1,0.1153
mpfc ventral,1,SFG,Superior Frontal Gyrus,Frontal Lobe,1.0,0.1154,1.0,1,1.0,22.91,19,1,0.1153
mpfg,1,SFG,Superior Frontal Gyrus,Frontal Lobe,1.0,0.1154,1.0,1,1.0,22.91,19,1,0.1153
mppc,1,Pcun,Precuneus,Parietal Lobe,1.0,0.1154,1.0,5,1.0,22.91,19,1,0.1153
msfg,1,SFG,Superior Frontal Gyrus,Frontal Lobe,0.8,0.2647,4.0,6,5.0,17.25,18,2,0.2648
msfg,2,CG,Cingulate Gyrus,Limbic Lobe,0.2,0.0882,1.0,1,5.0,17.25,18,2,0.2648
msn,1,Tha,Thalamus,Subcortical Nuclei,1.0,0.1154,1.0,1,1.0,22.91,19,1,0.1153
mt ba 37,1,LOcC,lateral Occipital Cortex,Occipital Lobe,0.25,0.0938,1.0,5,4.0,21.18,18,4,0.0939
mt ba 37,2,ITG,Inferior Temporal Gyrus,Temporal Lobe,0.25,0.0938,1.0,2,4.0,21.18,18,4,0.0939
mt ba 37,3,FuG,Fusiform Gyrus,Temporal Lobe,0.25,0.0938,1.0,1,4.0,21.18,18,4,0.0939
mt ba 37,4,IPL,Inferior Parietal Lobule,Parietal Lobe,0.25,0.0938,1.0,1,4.0,21.18,18,4,0.0939
mtc,1,MTG,Middle Temporal Gyrus,Temporal Lobe,1.0,0.1154,1.0,2,1.0,22.91,19,1,0.1153
mtg 21,1,MTG,Middle Temporal Gyrus,Temporal Lobe,0.5,0.1944,3.0,9,6.0,18.0,17,3,0.1943
mtg 21,2,STG,Superior Temporal Gyrus,Temporal Lobe,0.3333,0.1389,2.0,2,6.0,18.0,17,3,0.1943
mtg 21,3,pSTS,posterior Superior Temporal Sulcus,Temporal Lobe,0.1667,0.0833,1.0,1,6.0,18.0,17,3,0.1943
mtg 39,1,MTG,Middle Temporal Gyrus,Temporal Lobe,1.0,0.1154,1.0,1,1.0,22.91,19,1,0.1153
mtg ba 22,1,pSTS,posterior Superior Temporal Sulcus,Temporal Lobe,1.0,0.1154,1.0,1,1.0,22.91,19,1,0.1153
mtgb,1,IPL,Inferior Parietal Lobule,Parietal Lobe,1.0,0.1154,1.0,1,1.0,22.91,19,1,0.1153
mtl,1,Amyg,Amygdala,Subcortical Nuclei,1.0,0.1154,1.0,2,1.0,22.91,19,1,0.1153
mts,1,LOcC,lateral Occipital Cortex,Occipital Lobe,0.5,0.1071,1.0,1,2.0,22.13,19,2,0.1071
mts,2,MTG,Middle Temporal Gyrus,Temporal Lobe,0.5,0.1071,1.0,1,2.0,22.13,19,2,0.1071
n ac,1,BG,Basal Ganglia,Subcortical Nuclei,1.0,0.1154,1.0,1,1.0,22.91,19,1,0.1153
n accumbens,1,BG,Basal Ganglia,Subcortical Nuclei,1.0,0.1786,2.0,4,2.0,21.0,19,1,0.1787
n ach,1,BG,Basal Ganglia,Subcortical Nuclei,1.0,0.1154,1.0,1,1.0,22.91,19,1,0.1153
n caudatus,1,BG,Basal Ganglia,Subcortical Nuclei,1.0,0.1154,1.0,1,1.0,22.91,19,1,0.1153
na ba 34,1,Amyg,Amygdala,Subcortical Nuclei,1.0,0.1154,1.0,1,1.0,22.91,19,1,0.1153
nc accumbens,1,BG,Basal Ganglia,Subcortical Nuclei,1.0,0.1154,1.0,1,1.0,22.91,19,1,0.1153
nd hg,1,STG,Superior Temporal Gyrus,Temporal Lobe,1.0,0.1154,1.0,2,1.0,22.91,19,1,0.1153
negative precuneus,1,SPL,Superior Parietal Lobule,Parietal Lobe,1.0,0.1154,1.0,1,1.0,22.91,19,1,0.1153
negative superior frontal gyrus,1,SFG,Superior Frontal Gyrus,Frontal Lobe,1.0,0.1154,1.0,1,1.0,22.91,19,1,0.1153
no label,1,CG,Cingulate Gyrus,Limbic Lobe,1.0,0.1154,1.0,1,1.0,22.91,19,1,0.1153
non bpd,1,CG,Cingulate Gyrus,Limbic Lobe,0.3333,0.1,1.0,2,3.0,21.57,18,3,0.1001
non bpd,2,MFG,Middle Frontal Gyrus,Frontal Lobe,0.3333,0.1,1.0,2,3.0,21.57,18,3,0.1001
non bpd,3,Amyg,Amygdala,Subcortical Nuclei,0.3333,0.1,1.0,1,3.0,21.57,18,3,0.1001
none at cwp 0 001,1,OrG,Orbital Gyrus,Frontal Lobe,1.0,0.1154,1.0,1,1.0,22.91,19,1,0.1153
nucleus accumbens,1,BG,Basal Ganglia,Subcortical Nuclei,0.8571,0.6125,24.0,39,28.0,5.97,9,3,0.6125
nucleus accumbens,2,OrG,Orbital Gyrus,Frontal Lobe,0.1071,0.0875,3.0,3,28.0,5.97,9,3,0.6125
nucleus accumbens,3,CG,Cingulate Gyrus,Limbic Lobe,0.0357,0.0375,1.0,1,28.0,5.97,9,3,0.6125
nucleus caudatus,1,BG,Basal Ganglia,Subcortical Nuclei,0.75,0.2188,3.0,5,4.0,18.85,18,2,0.219
nucleus caudatus,2,Hipp,Hippocampus,Subcortical Nuclei,0.25,0.0938,1.0,1,4.0,18.85,18,2,0.219
nucleus of the diagonal band of broca,1,BG,Basal Ganglia,Subcortical Nuclei,1.0,0.1154,1.0,1,1.0,22.91,19,1,0.1153
nucleus ruber,1,Tha,Thalamus,Subcortical Nuclei,1.0,0.1154,1.0,2,1.0,22.91,19,1,0.1153
nucleus subthalamicus,1,Tha,Thalamus,Subcortical Nuclei,1.0,0.1154,1.0,2,1.0,22.91,19,1,0.1153
o amygdala,1,Amyg,Amygdala,Subcortical Nuclei,1.0,0.1154,1.0,1,1.0,22.91,19,1,0.1153
o dorsal premotor cortex,1,PrG,Precentral Gyrus,Frontal Lobe,1.0,0.1154,1.0,1,1.0,22.91,19,1,0.1153
o fusiform gyrus,1,IPL,Inferior Parietal Lobule,Parietal Lobe,1.0,0.1154,1.0,1,1.0,22.91,19,1,0.1153
o inferior frontal gyrus,1,IFG,Inferior Frontal Gyrus,Frontal Lobe,0.5,0.1071,1.0,2,2.0,22.13,19,2,0.1071
o inferior frontal gyrus,2,OrG,Orbital Gyrus,Frontal Lobe,0.5,0.1071,1.0,2,2.0,22.13,19,2,0.1071
o middle frontal gyrus,1,IFG,Inferior Frontal Gyrus,Frontal Lobe,1.0,0.1154,1.0,1,1.0,22.91,19,1,0.1153
o parahippocampal gyrus,1,MVOcC,MedioVentral Occipital Cortex,Occipital Lobe,0.5,0.1071,1.0,1,2.0,22.13,19,2,0.1071
o parahippocampal gyrus,2,PhG,Parahippocampal Gyrus,Temporal Lobe,0.5,0.1071,1.0,1,2.0,22.13,19,2,0.1071
o precentral gyrus,1,PrG,Precentral Gyrus,Frontal Lobe,1.0,0.1154,1.0,1,1.0,22.91,19,1,0.1153
o sma,1,SFG,Superior Frontal Gyrus,Frontal Lobe,1.0,0.1154,1.0,2,1.0,22.91,19,1,0.1153
o superior frontal gyrus,1,SFG,Superior Frontal Gyrus,Frontal Lobe,1.0,0.1154,1.0,2,1.0,22.91,19,1,0.1153
occ,1,LOcC,lateral Occipital Cortex,Occipital Lobe,0.5,0.1071,1.0,1,2.0,22.13,19,2,0.1071
occ,2,MFG,Middle Frontal Gyrus,Frontal Lobe,0.5,0.1071,1.0,1,2.0,22.13,19,2,0.1071
occipital,1,LOcC,lateral Occipital Cortex,Occipital Lobe,0.4082,0.3361,20.0,41,49.0,9.4,6,9,0.336
occipital,2,MVOcC,MedioVentral Occipital Cortex,Occipital Lobe,0.2653,0.2213,13.0,18,49.0,9.4,6,9,0.336
occipital,3,IPL,Inferior Parietal Lobule,Parietal Lobe,0.102,0.0902,5.0,9,49.0,9.4,6,9,0.336
occipital,4,Pcun,Precuneus,Parietal Lobe,0.0612,0.0574,3.0,5,49.0,9.4,6,9,0.336
occipital,5,FuG,Fusiform Gyrus,Temporal Lobe,0.0612,0.0574,3.0,3,49.0,9.4,6,9,0.336
occipital,6,CG,Cingulate Gyrus,Limbic Lobe,0.0408,0.041,2.0,2,49.0,9.4,6,9,0.336
occipital,7,Hipp,Hippocampus,Subcortical Nuclei,0.0204,0.0246,1.0,1,49.0,9.4,6,9,0.336
occipital,8,MFG,Middle Frontal Gyrus,Frontal Lobe,0.0204,0.0246,1.0,1,49.0,9.4,6,9,0.336
occipital,9,PhG,Parahippocampal Gyrus,Temporal Lobe,0.0204,0.0246,1.0,1,49.0,9.4,6,9,0.336
occipital and cerebellar area,1,LOcC,lateral Occipital Cortex,Occipital Lobe,1.0,0.1154,1.0,1,1.0,22.91,19,1,0.1153
occipital and fusiform gyrus,1,LOcC,lateral Occipital Cortex,Occipital Lobe,1.0,0.1154,1.0,2,1.0,22.91,19,1,0.1153
occipital and temporal cortex,1,LOcC,lateral Occipital Cortex,Occipital Lobe,1.0,0.1154,1.0,1,1.0,22.91,19,1,0.1153
occipital c,1,IPL,Inferior Parietal Lobule,Parietal Lobe,1.0,0.1154,1.0,1,1.0,22.91,19,1,0.1153
occipital cortex,1,LOcC,lateral Occipital Cortex,Occipital Lobe,0.48,0.3952,24.0,43,50.0,7.38,6,8,0.3949
occipital cortex,2,MVOcC,MedioVentral Occipital Cortex,Occipital Lobe,0.34,0.2823,17.0,30,50.0,7.38,6,8,0.3949
occipital cortex,3,FuG,Fusiform Gyrus,Temporal Lobe,0.06,0.0565,3.0,4,50.0,7.38,6,8,0.3949
occipital cortex,4,MTG,Middle Temporal Gyrus,Temporal Lobe,0.04,0.0403,2.0,2,50.0,7.38,6,8,0.3949
occipital cortex,5,BG,Basal Ganglia,Subcortical Nuclei,0.02,0.0242,1.0,1,50.0,7.38,6,8,0.3949
occipital cortex,6,Hipp,Hippocampus,Subcortical Nuclei,0.02,0.0242,1.0,1,50.0,7.38,6,8,0.3949
occipital cortex,7,MFG,Middle Frontal Gyrus,Frontal Lobe,0.02,0.0242,1.0,1,50.0,7.38,6,8,0.3949
occipital cortex,8,OrG,Orbital Gyrus,Frontal Lobe,0.02,0.0242,1.0,1,50.0,7.38,6,8,0.3949
occipital cortex and thalamus,1,MVOcC,MedioVentral Occipital Cortex,Occipital Lobe,1.0,0.1154,1.0,2,1.0,22.91,19,1,0.1153
occipital cortex ba 18,1,MVOcC,MedioVentral Occipital Cortex,Occipital Lobe,0.6667,0.1667,2.0,2,3.0,20.55,18,2,0.1668
occipital cortex ba 18,2,LOcC,lateral Occipital Cortex,Occipital Lobe,0.3333,0.1,1.0,2,3.0,20.55,18,2,0.1668
occipital cortex ba 18 4,1,MVOcC,MedioVentral Occipital Cortex,Occipital Lobe,1.0,0.1154,1.0,1,1.0,22.91,19,1,0.1153
occipital fusiform,1,FuG,Fusiform Gyrus,Temporal Lobe,0.5,0.1071,1.0,1,2.0,22.13,19,2,0.1071
occipital fusiform,2,MVOcC,MedioVentral Occipital Cortex,Occipital Lobe,0.5,0.1071,1.0,1,2.0,22.13,19,2,0.1071
occipital fusiform 19,1,FuG,Fusiform Gyrus,Temporal Lobe,1.0,0.1154,1.0,1,1.0,22.91,19,1,0.1153
occipital fusiform cortex,1,MVOcC,MedioVentral Occipital Cortex,Occipital Lobe,1.0,0.1154,1.0,1,1.0,22.91,19,1,0.1153
occipital fusiform gyrus,1,FuG,Fusiform Gyrus,Temporal Lobe,0.4091,0.2794,9.0,11,22.0,9.98,11,3,0.2794
occipital fusiform gyrus,2,LOcC,lateral Occipital Cortex,Occipital Lobe,0.3636,0.25,8.0,15,22.0,9.98,11,3,0.2794
occipital fusiform gyrus,3,MVOcC,MedioVentral Occipital Cortex,Occipital Lobe,0.2273,0.1618,5.0,5,22.0,9.98,11,3,0.2794
occipital fusiform gyrus 19,1,FuG,Fusiform Gyrus,Temporal Lobe,0.5,0.1071,1.0,1,2.0,22.13,19,2,0.1071
occipital fusiform gyrus 19,2,LOcC,lateral Occipital Cortex,Occipital Lobe,0.5,0.1071,1.0,1,2.0,22.13,19,2,0.1071
occipital gyrus,1,LOcC,lateral Occipital Cortex,Occipital Lobe,0.7857,0.4423,11.0,15,14.0,10.44,14,3,0.4426
occipital gyrus,2,MVOcC,MedioVentral Occipital Cortex,Occipital Lobe,0.1429,0.0962,2.0,3,14.0,10.44,14,3,0.4426
occipital gyrus,3,FuG,Fusiform Gyrus,Temporal Lobe,0.0714,0.0577,1.0,1,14.0,10.44,14,3,0.4426
occipital gyrus 19,1,IPL,Inferior Parietal Lobule,Parietal Lobe,0.5,0.1071,1.0,1,2.0,22.13,19,2,0.1071
occipital gyrus 19,2,LOcC,lateral Occipital Cortex,Occipital Lobe,0.5,0.1071,1.0,1,2.0,22.13,19,2,0.1071
occipital gyrus ba 18,1,LOcC,lateral Occipital Cortex,Occipital Lobe,1.0,0.1154,1.0,3,1.0,22.91,19,1,0.1153
occipital inf,1,LOcC,lateral Occipital Cortex,Occipital Lobe,0.4,0.1471,2.0,4,5.0,20.06,18,4,0.1471
occipital inf,2,ITG,Inferior Temporal Gyrus,Temporal Lobe,0.2,0.0882,1.0,1,5.0,20.06,18,4,0.1471
occipital inf,3,MFG,Middle Frontal Gyrus,Frontal Lobe,0.2,0.0882,1.0,1,5.0,20.06,18,4,0.1471
occipital inf,4,MVOcC,MedioVentral Occipital Cortex,Occipital Lobe,0.2,0.0882,1.0,1,5.0,20.06,18,4,0.1471
occipital inferior,1,LOcC,lateral Occipital Cortex,Occipital Lobe,1.0,0.1154,1.0,1,1.0,22.91,19,1,0.1153
occipital lingual gyrus,1,MVOcC,MedioVentral Occipital Cortex,Occipital Lobe,1.0,0.1786,2.0,3,2.0,21.0,19,1,0.1787
occipital lobe,1,LOcC,lateral Occipital Cortex,Occipital Lobe,0.45,0.3558,18.0,27,40.0,7.77,6,6,0.3559
occipital lobe,2,MVOcC,MedioVentral Occipital Cortex,Occipital Lobe,0.375,0.2981,15.0,21,40.0,7.77,6,6,0.3559
occipital lobe,3,IPL,Inferior Parietal Lobule,Parietal Lobe,0.1,0.0865,4.0,5,40.0,7.77,6,6,0.3559
occipital lobe,4,FuG,Fusiform Gyrus,Temporal Lobe,0.025,0.0288,1.0,1,40.0,7.77,6,6,0.3559
occipital lobe,5,ITG,Inferior Temporal Gyrus,Temporal Lobe,0.025,0.0288,1.0,1,40.0,7.77,6,6,0.3559
occipital lobe,6,Pcun,Precuneus,Parietal Lobe,0.025,0.0288,1.0,1,40.0,7.77,6,6,0.3559
occipital lobe 18,1,LOcC,lateral Occipital Cortex,Occipital Lobe,1.0,0.1154,1.0,1,1.0,22.91,19,1,0.1153
occipital lobe ba 18,1,MVOcC,MedioVentral Occipital Cortex,Occipital Lobe,1.0,0.1154,1.0,2,1.0,22.91,19,1,0.1153
occipital lobe cl,1,LOcC,lateral Occipital Cortex,Occipital Lobe,1.0,0.1154,1.0,1,1.0,22.91,19,1,0.1153
occipital lobe cuneus,1,MVOcC,MedioVentral Occipital Cortex,Occipital Lobe,1.0,0.1154,1.0,1,1.0,22.91,19,1,0.1153
occipital lobe il,1,IPL,Inferior Parietal Lobule,Parietal Lobe,1.0,0.1154,1.0,1,1.0,22.91,19,1,0.1153
occipital lobe lingual gyrus,1,MVOcC,MedioVentral Occipital Cortex,Occipital Lobe,1.0,0.1154,1.0,1,1.0,22.91,19,1,0.1153
occipital medial area,1,IPL,Inferior Parietal Lobule,Parietal Lobe,1.0,0.1154,1.0,2,1.0,22.91,19,1,0.1153
occipital mid,1,LOcC,lateral Occipital Cortex,Occipital Lobe,0.5385,0.3,7.0,7,13.0,11.39,14,2,0.3
occipital mid,2,IPL,Inferior Parietal Lobule,Parietal Lobe,0.4615,0.26,6.0,11,13.0,11.39,14,2,0.3
occipital parietal junction,1,IPL,Inferior Parietal Lobule,Parietal Lobe,1.0,0.1154,1.0,1,1.0,22.91,19,1,0.1153
occipital pole,1,LOcC,lateral Occipital Cortex,Occipital Lobe,0.6222,0.5,28.0,42,45.0,5.08,2,2,0.4997
occipital pole,2,MVOcC,MedioVentral Occipital Cortex,Occipital Lobe,0.3778,0.307,17.0,21,45.0,5.08,2,2,0.4997
occipital pole and cerebellum,1,LOcC,lateral Occipital Cortex,Occipital Lobe,1.0,0.1154,1.0,1,1.0,22.91,19,1,0.1153
occipital pole and lingual gyrus,1,MVOcC,MedioVentral Occipital Cortex,Occipital Lobe,1.0,0.1154,1.0,1,1.0,22.91,19,1,0.1153
occipital region,1,LOcC,lateral Occipital Cortex,Occipital Lobe,1.0,0.1154,1.0,1,1.0,22.91,19,1,0.1153
occipital sup,1,LOcC,lateral Occipital Cortex,Occipital Lobe,1.0,0.2333,3.0,6,3.0,19.05,18,1,0.2335
occipital superior lobe,1,LOcC,lateral Occipital Cortex,Occipital Lobe,1.0,0.1154,1.0,1,1.0,22.91,19,1,0.1153
occipital temporal gyrus 37,1,LOcC,lateral Occipital Cortex,Occipital Lobe,1.0,0.1154,1.0,2,1.0,22.91,19,1,0.1153
occipital temporal lobe 37,1,LOcC,lateral Occipital Cortex,Occipital Lobe,1.0,0.1154,1.0,1,1.0,22.91,19,1,0.1153
occipito parietal cortex,1,LOcC,lateral Occipital Cortex,Occipital Lobe,1.0,0.1154,1.0,1,1.0,22.91,19,1,0.1153
occipito parietal junction,1,IPL,Inferior Parietal Lobule,Parietal Lobe,0.5,0.1071,1.0,2,2.0,22.13,19,2,0.1071
occipito parietal junction,2,LOcC,lateral Occipital Cortex,Occipital Lobe,0.5,0.1071,1.0,2,2.0,22.13,19,2,0.1071
occipito temporal,1,FuG,Fusiform Gyrus,Temporal Lobe,1.0,0.1154,1.0,2,1.0,22.91,19,1,0.1153
occipito temporal junction,1,MTG,Middle Temporal Gyrus,Temporal Lobe,0.5,0.1944,3.0,4,6.0,18.0,17,3,0.1943
occipito temporal junction,2,LOcC,lateral Occipital Cortex,Occipital Lobe,0.3333,0.1389,2.0,3,6.0,18.0,17,3,0.1943
occipito temporal junction,3,FuG,Fusiform Gyrus,Temporal Lobe,0.1667,0.0833,1.0,1,6.0,18.0,17,3,0.1943
occipito temporal junction inferior occipital gyrusr inferior temporal gyrusr middle temporal gyrus,1,LOcC,lateral Occipital Cortex,Occipital Lobe,1.0,0.1154,1.0,1,1.0,22.91,19,1,0.1153
occipito temporal junction middle occipital gyrusl middle temporal gyrusl inferior occipital gyrusl superior temporal gyrusl inferior parietal lobe,1,MTG,Middle Temporal Gyrus,Temporal Lobe,1.0,0.1154,1.0,1,1.0,22.91,19,1,0.1153
occipito temporal junction middle temporal gyrusr inferior temporal gyrus,1,LOcC,lateral Occipital Cortex,Occipital Lobe,1.0,0.1154,1.0,1,1.0,22.91,19,1,0.1153
occipito temporal sulcus,1,FuG,Fusiform Gyrus,Temporal Lobe,1.0,0.1154,1.0,1,1.0,22.91,19,1,0.1153
occipitoparietal fissure,1,Pcun,Precuneus,Parietal Lobe,1.0,0.1154,1.0,1,1.0,22.91,19,1,0.1153
occipitoparietal junction,1,LOcC,lateral Occipital Cortex,Occipital Lobe,1.0,0.1154,1.0,1,1.0,22.91,19,1,0.1153
occipitopemporal,1,FuG,Fusiform Gyrus,Temporal Lobe,1.0,0.1154,1.0,1,1.0,22.91,19,1,0.1153
occipitotemporal,1,ITG,Inferior Temporal Gyrus,Temporal Lobe,1.0,0.1154,1.0,1,1.0,22.91,19,1,0.1153
occipitotemporal area ba 37,1,FuG,Fusiform Gyrus,Temporal Lobe,0.6667,0.1667,2.0,2,3.0,20.55,18,2,0.1668
occipitotemporal area ba 37,2,LOcC,lateral Occipital Cortex,Occipital Lobe,0.3333,0.1,1.0,1,3.0,20.55,18,2,0.1668
occipitotemporal cortex,1,LOcC,lateral Occipital Cortex,Occipital Lobe,0.3333,0.1,1.0,3,3.0,21.57,18,3,0.1001
occipitotemporal cortex,2,IPL,Inferior Parietal Lobule,Parietal Lobe,0.3333,0.1,1.0,2,3.0,21.57,18,3,0.1001
occipitotemporal cortex,3,ITG,Inferior Temporal Gyrus,Temporal Lobe,0.3333,0.1,1.0,1,3.0,21.57,18,3,0.1001
occipitotemporal junction,1,IPL,Inferior Parietal Lobule,Parietal Lobe,1.0,0.1154,1.0,1,1.0,22.91,19,1,0.1153
occiput wedge leaf,1,MVOcC,MedioVentral Occipital Cortex,Occipital Lobe,1.0,0.1154,1.0,1,1.0,22.91,19,1,0.1153
occitpital cortex,1,Pcun,Precuneus,Parietal Lobe,1.0,0.1154,1.0,1,1.0,22.91,19,1,0.1153
occp,1,MVOcC,MedioVentral Occipital Cortex,Occipital Lobe,1.0,0.1154,1.0,1,1.0,22.91,19,1,0.1153
ocg,1,LOcC,lateral Occipital Cortex,Occipital Lobe,1.0,0.1154,1.0,1,1.0,22.91,19,1,0.1153
ofa,1,LOcC,lateral Occipital Cortex,Occipital Lobe,0.6667,0.25,4.0,4,6.0,16.63,17,2,0.2499
ofa,2,FuG,Fusiform Gyrus,Temporal Lobe,0.3333,0.1389,2.0,2,6.0,16.63,17,2,0.2499
ofc lateral,1,MFG,Middle Frontal Gyrus,Frontal Lobe,1.0,0.1154,1.0,1,1.0,22.91,19,1,0.1153
ofc orbital,1,IFG,Inferior Frontal Gyrus,Frontal Lobe,1.0,0.1154,1.0,1,1.0,22.91,19,1,0.1153
ofg,1,FuG,Fusiform Gyrus,Temporal Lobe,0.6667,0.1667,2.0,2,3.0,20.55,18,2,0.1668
ofg,2,MVOcC,MedioVentral Occipital Cortex,Occipital Lobe,0.3333,0.1,1.0,1,3.0,20.55,18,2,0.1668
oifg,1,IFG,Inferior Frontal Gyrus,Frontal Lobe,1.0,0.1154,1.0,1,1.0,22.91,19,1,0.1153
oig,1,FuG,Fusiform Gyrus,Temporal Lobe,0.5,0.1071,1.0,1,2.0,22.13,19,2,0.1071
oig,2,LOcC,lateral Occipital Cortex,Occipital Lobe,0.5,0.1071,1.0,1,2.0,22.13,19,2,0.1071
olfactory,1,BG,Basal Ganglia,Subcortical Nuclei,0.3333,0.1,1.0,1,3.0,21.57,18,3,0.1001
olfactory,2,INS,Insular Gyrus,Insular Lobe,0.3333,0.1,1.0,1,3.0,21.57,18,3,0.1001
olfactory,3,OrG,Orbital Gyrus,Frontal Lobe,0.3333,0.1,1.0,1,3.0,21.57,18,3,0.1001
olfactory cortex,1,BG,Basal Ganglia,Subcortical Nuclei,0.5,0.1071,1.0,1,2.0,22.13,19,2,0.1071
olfactory cortex,2,OrG,Orbital Gyrus,Frontal Lobe,0.5,0.1071,1.0,1,2.0,22.13,19,2,0.1071
olfactory lobe,1,Hipp,Hippocampus,Subcortical Nuclei,1.0,0.1154,1.0,1,1.0,22.91,19,1,0.1153
olfactory sulcus,1,BG,Basal Ganglia,Subcortical Nuclei,1.0,0.1154,1.0,1,1.0,22.91,19,1,0.1153
ompfc,1,OrG,Orbital Gyrus,Frontal Lobe,1.0,0.1154,1.0,1,1.0,22.91,19,1,0.1153
op 3,1,INS,Insular Gyrus,Insular Lobe,1.0,0.1154,1.0,1,1.0,22.91,19,1,0.1153
op1,1,STG,Superior Temporal Gyrus,Temporal Lobe,1.0,0.1154,1.0,1,1.0,22.91,19,1,0.1153
operc sii,1,IPL,Inferior Parietal Lobule,Parietal Lobe,1.0,0.1154,1.0,1,1.0,22.91,19,1,0.1153
opercular cortex,1,INS,Insular Gyrus,Insular Lobe,0.5,0.1071,1.0,1,2.0,22.13,19,2,0.1071
opercular cortex,2,STG,Superior Temporal Gyrus,Temporal Lobe,0.5,0.1071,1.0,1,2.0,22.13,19,2,0.1071
opercular inferior frontal gyrus,1,IFG,Inferior Frontal Gyrus,Frontal Lobe,1.0,0.1154,1.0,1,1.0,22.91,19,1,0.1153
opercular part of the inferior frontal gyrus,1,MFG,Middle Frontal Gyrus,Frontal Lobe,1.0,0.1154,1.0,1,1.0,22.91,19,1,0.1153
operculum,1,INS,Insular Gyrus,Insular Lobe,0.5,0.1562,2.0,3,4.0,20.24,18,3,0.1564
operculum,2,IFG,Inferior Frontal Gyrus,Frontal Lobe,0.25,0.0938,1.0,1,4.0,20.24,18,3,0.1564
operculum,3,PoG,Postcentral Gyrus,Parietal Lobe,0.25,0.0938,1.0,1,4.0,20.24,18,3,0.1564
operculum 41,1,STG,Superior Temporal Gyrus,Temporal Lobe,1.0,0.1154,1.0,1,1.0,22.91,19,1,0.1153
operculum cortex,1,IFG,Inferior Frontal Gyrus,Frontal Lobe,1.0,0.1154,1.0,1,1.0,22.91,19,1,0.1153
opj,1,SPL,Superior Parietal Lobule,Parietal Lobe,1.0,0.1154,1.0,1,1.0,22.91,19,1,0.1153
opjx,1,LOcC,lateral Occipital Cortex,Occipital Lobe,1.0,0.1154,1.0,1,1.0,22.91,19,1,0.1153
optjx,1,LOcC,lateral Occipital Cortex,Occipital Lobe,1.0,0.1154,1.0,1,1.0,22.91,19,1,0.1153
orbital frontal,1,IFG,Inferior Frontal Gyrus,Frontal Lobe,0.5,0.1071,1.0,1,2.0,22.13,19,2,0.1071
orbital frontal,2,OrG,Orbital Gyrus,Frontal Lobe,0.5,0.1071,1.0,1,2.0,22.13,19,2,0.1071
orbital frontal cortex,1,OrG,Orbital Gyrus,Frontal Lobe,0.5593,0.4718,33.0,58,59.0,7.43,5,9,0.4722
orbital frontal cortex,2,MFG,Middle Frontal Gyrus,Frontal Lobe,0.1525,0.1338,9.0,16,59.0,7.43,5,9,0.4722
orbital frontal cortex,3,IFG,Inferior Frontal Gyrus,Frontal Lobe,0.1186,0.1056,7.0,8,59.0,7.43,5,9,0.4722
orbital frontal cortex,4,INS,Insular Gyrus,Insular Lobe,0.0508,0.0493,3.0,3,59.0,7.43,5,9,0.4722
orbital frontal cortex,5,SFG,Superior Frontal Gyrus,Frontal Lobe,0.0508,0.0493,3.0,3,59.0,7.43,5,9,0.4722
orbital frontal cortex,6,CG,Cingulate Gyrus,Limbic Lobe,0.0169,0.0211,1.0,2,59.0,7.43,5,9,0.4722
orbital frontal cortex,7,Hipp,Hippocampus,Subcortical Nuclei,0.0169,0.0211,1.0,1,59.0,7.43,5,9,0.4722
orbital frontal cortex,8,STG,Superior Temporal Gyrus,Temporal Lobe,0.0169,0.0211,1.0,1,59.0,7.43,5,9,0.4722
orbital frontal cortex,9,Tha,Thalamus,Subcortical Nuclei,0.0169,0.0211,1.0,1,59.0,7.43,5,9,0.4722
orbital frontal gyrus,1,IFG,Inferior Frontal Gyrus,Frontal Lobe,0.5,0.1562,2.0,3,4.0,20.24,18,3,0.1564
orbital frontal gyrus,2,MFG,Middle Frontal Gyrus,Frontal Lobe,0.25,0.0938,1.0,1,4.0,20.24,18,3,0.1564
orbital frontal gyrus,3,OrG,Orbital Gyrus,Frontal Lobe,0.25,0.0938,1.0,1,4.0,20.24,18,3,0.1564
orbital frontal lobe,1,OrG,Orbital Gyrus,Frontal Lobe,1.0,0.1154,1.0,1,1.0,22.91,19,1,0.1153
orbital gyrus,1,OrG,Orbital Gyrus,Frontal Lobe,0.625,0.275,5.0,7,8.0,16.16,16,4,0.275
orbital gyrus,2,BG,Basal Ganglia,Subcortical Nuclei,0.125,0.075,1.0,1,8.0,16.16,16,4,0.275
orbital gyrus,3,CG,Cingulate Gyrus,Limbic Lobe,0.125,0.075,1.0,1,8.0,16.16,16,4,0.275
orbital gyrus,4,INS,Insular Gyrus,Insular Lobe,0.125,0.075,1.0,1,8.0,16.16,16,4,0.275
orbital gyrus 18,1,LOcC,lateral Occipital Cortex,Occipital Lobe,1.0,0.1154,1.0,2,1.0,22.91,19,1,0.1153
orbital gyrus ba 11,1,SFG,Superior Frontal Gyrus,Frontal Lobe,1.0,0.1154,1.0,1,1.0,22.91,19,1,0.1153
orbital inferior frontal gyrus,1,INS,Insular Gyrus,Insular Lobe,1.0,0.1154,1.0,1,1.0,22.91,19,1,0.1153
orbital medial frontal gyrus,1,SFG,Superior Frontal Gyrus,Frontal Lobe,1.0,0.1154,1.0,2,1.0,22.91,19,1,0.1153
orbital middle frontal gyrus,1,OrG,Orbital Gyrus,Frontal Lobe,1.0,0.1154,1.0,1,1.0,22.91,19,1,0.1153
orbital sulcus,1,OrG,Orbital Gyrus,Frontal Lobe,1.0,0.1786,2.0,2,2.0,21.0,19,1,0.1787
orbital superior frontal gyrus,1,OrG,Orbital Gyrus,Frontal Lobe,1.0,0.1154,1.0,1,1.0,22.91,19,1,0.1153
orbito frontal region,1,OrG,Orbital Gyrus,Frontal Lobe,0.5,0.1071,1.0,2,2.0,22.13,19,2,0.1071
orbito frontal region,2,MFG,Middle Frontal Gyrus,Frontal Lobe,0.5,0.1071,1.0,1,2.0,22.13,19,2,0.1071
orbitofrontal,1,OrG,Orbital Gyrus,Frontal Lobe,0.6667,0.3095,6.0,13,9.0,14.49,16,3,0.3096
orbitofrontal,2,CG,Cingulate Gyrus,Limbic Lobe,0.2222,0.119,2.0,2,9.0,14.49,16,3,0.3096
orbitofrontal,3,MFG,Middle Frontal Gyrus,Frontal Lobe,0.1111,0.0714,1.0,1,9.0,14.49,16,3,0.3096
orbitofrontal 11,1,MFG,Middle Frontal Gyrus,Frontal Lobe,1.0,0.1154,1.0,1,1.0,22.91,19,1,0.1153
orbitofrontal 11 47,1,OrG,Orbital Gyrus,Frontal Lobe,1.0,0.1154,1.0,4,1.0,22.91,19,1,0.1153
orbitofrontal ba 11,1,OrG,Orbital Gyrus,Frontal Lobe,1.0,0.1154,1.0,2,1.0,22.91,19,1,0.1153
orbitofrontal c,1,IFG,Inferior Frontal Gyrus,Frontal Lobe,1.0,0.1154,1.0,1,1.0,22.91,19,1,0.1153
orbitofrontal cortex,1,OrG,Orbital Gyrus,Frontal Lobe,0.7321,0.6103,41.0,48,56.0,5.38,4,6,0.6097
orbitofrontal cortex,2,IFG,Inferior Frontal Gyrus,Frontal Lobe,0.0893,0.0809,5.0,6,56.0,5.38,4,6,0.6097
orbitofrontal cortex,3,MFG,Middle Frontal Gyrus,Frontal Lobe,0.0893,0.0809,5.0,5,56.0,5.38,4,6,0.6097
orbitofrontal cortex,4,INS,Insular Gyrus,Insular Lobe,0.0536,0.0515,3.0,3,56.0,5.38,4,6,0.6097
orbitofrontal cortex,5,BG,Basal Ganglia,Subcortical Nuclei,0.0179,0.0221,1.0,1,56.0,5.38,4,6,0.6097
orbitofrontal cortex,6,SFG,Superior Frontal Gyrus,Frontal Lobe,0.0179,0.0221,1.0,1,56.0,5.38,4,6,0.6097
orbitofrontal cortex 11,1,OrG,Orbital Gyrus,Frontal Lobe,1.0,0.1154,1.0,1,1.0,22.91,19,1,0.1153
orbitofrontal cortex 47,1,OrG,Orbital Gyrus,Frontal Lobe,1.0,0.1154,1.0,2,1.0,22.91,19,1,0.1153
orbitofrontal cortex ba 11,1,OrG,Orbital Gyrus,Frontal Lobe,1.0,0.1154,1.0,1,1.0,22.91,19,1,0.1153
orbitofrontal cortex ba 47,1,OrG,Orbital Gyrus,Frontal Lobe,1.0,0.1154,1.0,1,1.0,22.91,19,1,0.1153
orbitofrontal cortex1,1,OrG,Orbital Gyrus,Frontal Lobe,1.0,0.1154,1.0,1,1.0,22.91,19,1,0.1153
orbitofrontal cortex4,1,MFG,Middle Frontal Gyrus,Frontal Lobe,1.0,0.1154,1.0,1,1.0,22.91,19,1,0.1153
orbitofrontal gyrus,1,OrG,Orbital Gyrus,Frontal Lobe,0.625,0.275,5.0,8,8.0,15.58,16,3,0.275
orbitofrontal gyrus,2,MFG,Middle Frontal Gyrus,Frontal Lobe,0.25,0.125,2.0,2,8.0,15.58,16,3,0.275
orbitofrontal gyrus,3,Hipp,Hippocampus,Subcortical Nuclei,0.125,0.075,1.0,1,8.0,15.58,16,3,0.275
orbitofrontal gyrus 11,1,OrG,Orbital Gyrus,Frontal Lobe,1.0,0.1154,1.0,2,1.0,22.91,19,1,0.1153
orbitofrontal gyrus 47,1,OrG,Orbital Gyrus,Frontal Lobe,1.0,0.1154,1.0,1,1.0,22.91,19,1,0.1153
orbitofrontalcortex,1,OrG,Orbital Gyrus,Frontal Lobe,1.0,0.1154,1.0,2,1.0,22.91,19,1,0.1153
orbitomedial frontal gyrus,1,OrG,Orbital Gyrus,Frontal Lobe,1.0,0.1154,1.0,1,1.0,22.91,19,1,0.1153
orbitomedial prefrontal cortex,1,MFG,Middle Frontal Gyrus,Frontal Lobe,0.5,0.1071,1.0,2,2.0,22.13,19,2,0.1071
orbitomedial prefrontal cortex,2,OrG,Orbital Gyrus,Frontal Lobe,0.5,0.1071,1.0,1,2.0,22.13,19,2,0.1071
orbsup,1,OrG,Orbital Gyrus,Frontal Lobe,1.0,0.1154,1.0,1,1.0,22.91,19,1,0.1153
other,1,BG,Basal Ganglia,Subcortical Nuclei,0.25,0.0938,1.0,1,4.0,21.18,18,4,0.0939
other,2,CG,Cingulate Gyrus,Limbic Lobe,0.25,0.0938,1.0,1,4.0,21.18,18,4,0.0939
other,3,IPL,Inferior Parietal Lobule,Parietal Lobe,0.25,0.0938,1.0,1,4.0,21.18,18,4,0.0939
other,4,OrG,Orbital Gyrus,Frontal Lobe,0.25,0.0938,1.0,1,4.0,21.18,18,4,0.0939
otpj,1,SPL,Superior Parietal Lobule,Parietal Lobe,0.5,0.1071,1.0,2,2.0,22.13,19,2,0.1071
otpj,2,LOcC,lateral Occipital Cortex,Occipital Lobe,0.5,0.1071,1.0,1,2.0,22.13,19,2,0.1071
p cingulate,1,Hipp,Hippocampus,Subcortical Nuclei,1.0,0.1154,1.0,1,1.0,22.91,19,1,0.1153
pacc,1,CG,Cingulate Gyrus,Limbic Lobe,0.5,0.1944,3.0,3,6.0,18.0,17,3,0.1943
pacc,2,SFG,Superior Frontal Gyrus,Frontal Lobe,0.3333,0.1389,2.0,2,6.0,18.0,17,3,0.1943
pacc,3,OrG,Orbital Gyrus,Frontal Lobe,0.1667,0.0833,1.0,1,6.0,18.0,17,3,0.1943
pag,1,Tha,Thalamus,Subcortical Nuclei,1.0,0.1154,1.0,1,1.0,22.91,19,1,0.1153
pallidus,1,BG,Basal Ganglia,Subcortical Nuclei,1.0,0.1154,1.0,1,1.0,22.91,19,1,0.1153
para cingulate g,1,CG,Cingulate Gyrus,Limbic Lobe,1.0,0.1154,1.0,1,1.0,22.91,19,1,0.1153
para hippocampal cortex,1,PhG,Parahippocampal Gyrus,Temporal Lobe,1.0,0.1154,1.0,1,1.0,22.91,19,1,0.1153
para hippocampus gyrus,1,Hipp,Hippocampus,Subcortical Nuclei,1.0,0.1154,1.0,1,1.0,22.91,19,1,0.1153
paracental lobule,1,PCL,Paracentral Lobule,Frontal Lobe,1.0,0.1154,1.0,1,1.0,22.91,19,1,0.1153
paracentral,1,PCL,Paracentral Lobule,Frontal Lobe,0.3333,0.1667,3.0,4,9.0,17.69,16,5,0.1668
paracentral,2,PoG,Postcentral Gyrus,Parietal Lobe,0.2222,0.119,2.0,2,9.0,17.69,16,5,0.1668
paracentral,3,PrG,Precentral Gyrus,Frontal Lobe,0.2222,0.119,2.0,2,9.0,17.69,16,5,0.1668
paracentral,4,CG,Cingulate Gyrus,Limbic Lobe,0.1111,0.0714,1.0,2,9.0,17.69,16,5,0.1668
paracentral,5,SFG,Superior Frontal Gyrus,Frontal Lobe,0.1111,0.0714,1.0,1,9.0,17.69,16,5,0.1668
paracentral gyrus,1,PCL,Paracentral Lobule,Frontal Lobe,0.6,0.2059,3.0,3,5.0,17.97,18,2,0.2059
paracentral gyrus,2,PoG,Postcentral Gyrus,Parietal Lobe,0.4,0.1471,2.0,2,5.0,17.97,18,2,0.2059
paracentral gyrus and sulcus and postcentral sulcus,1,PCL,Paracentral Lobule,Frontal Lobe,1.0,0.1154,1.0,1,1.0,22.91,19,1,0.1153
paracentral gyrus ba 5,1,PCL,Paracentral Lobule,Frontal Lobe,1.0,0.1154,1.0,2,1.0,22.91,19,1,0.1153
paracentral lobe,1,PCL,Paracentral Lobule,Frontal Lobe,0.6667,0.1667,2.0,3,3.0,20.55,18,2,0.1668
paracentral lobe,2,PrG,Precentral Gyrus,Frontal Lobe,0.3333,0.1,1.0,2,3.0,20.55,18,2,0.1668
paracentral lobule,1,PCL,Paracentral Lobule,Frontal Lobe,0.4565,0.4087,42.0,53,92.0,7.22,5,7,0.4087
paracentral lobule,2,PrG,Precentral Gyrus,Frontal Lobe,0.1739,0.1587,16.0,20,92.0,7.22,5,7,0.4087
paracentral lobule,3,CG,Cingulate Gyrus,Limbic Lobe,0.1196,0.1106,11.0,11,92.0,7.22,5,7,0.4087
paracentral lobule,4,Pcun,Precuneus,Parietal Lobe,0.0978,0.0913,9.0,9,92.0,7.22,5,7,0.4087
paracentral lobule,5,PoG,Postcentral Gyrus,Parietal Lobe,0.087,0.0817,8.0,10,92.0,7.22,5,7,0.4087
paracentral lobule,6,Tha,Thalamus,Subcortical Nuclei,0.0543,0.0529,5.0,7,92.0,7.22,5,7,0.4087
paracentral lobule,7,Hipp,Hippocampus,Subcortical Nuclei,0.0109,0.0144,1.0,1,92.0,7.22,5,7,0.4087
paracentral lobule 6,1,PCL,Paracentral Lobule,Frontal Lobe,1.0,0.1154,1.0,1,1.0,22.91,19,1,0.1153
paracentral lobule and sulcus,1,PCL,Paracentral Lobule,Frontal Lobe,1.0,0.1786,2.0,3,2.0,21.0,19,1,0.1787
paracentral lobule ba 4,1,PrG,Precentral Gyrus,Frontal Lobe,1.0,0.1154,1.0,1,1.0,22.91,19,1,0.1153
paracentral lobule ba 5,1,CG,Cingulate Gyrus,Limbic Lobe,0.4,0.1471,2.0,2,5.0,20.06,18,4,0.1471
paracentral lobule ba 5,2,PCL,Paracentral Lobule,Frontal Lobe,0.2,0.0882,1.0,1,5.0,20.06,18,4,0.1471
paracentral lobule ba 5,3,Pcun,Precuneus,Parietal Lobe,0.2,0.0882,1.0,1,5.0,20.06,18,4,0.1471
paracentral lobule ba 5,4,SFG,Superior Frontal Gyrus,Frontal Lobe,0.2,0.0882,1.0,1,5.0,20.06,18,4,0.1471
paracentral lobule ba 6,1,PCL,Paracentral Lobule,Frontal Lobe,0.5,0.1071,1.0,1,2.0,22.13,19,2,0.1071
paracentral lobule ba 6,2,SFG,Superior Frontal Gyrus,Frontal Lobe,0.5,0.1071,1.0,1,2.0,22.13,19,2,0.1071
paracentral lobuleu,1,CG,Cingulate Gyrus,Limbic Lobe,1.0,0.1154,1.0,1,1.0,22.91,19,1,0.1153
paracg,1,CG,Cingulate Gyrus,Limbic Lobe,1.0,0.1154,1.0,1,1.0,22.91,19,1,0.1153
paracingulate,1,SFG,Superior Frontal Gyrus,Frontal Lobe,0.6667,0.1667,2.0,2,3.0,20.55,18,2,0.1668
paracingulate,2,CG,Cingulate Gyrus,Limbic Lobe,0.3333,0.1,1.0,1,3.0,20.55,18,2,0.1668
paracingulate cortex,1,SFG,Superior Frontal Gyrus,Frontal Lobe,1.0,0.1786,2.0,3,2.0,21.0,19,1,0.1787
paracingulate gyrus,1,SFG,Superior Frontal Gyrus,Frontal Lobe,0.5312,0.3977,17.0,25,32.0,7.98,7,4,0.3974
paracingulate gyrus,2,CG,Cingulate Gyrus,Limbic Lobe,0.3125,0.2386,10.0,13,32.0,7.98,7,4,0.3974
paracingulate gyrus,3,OrG,Orbital Gyrus,Frontal Lobe,0.125,0.1023,4.0,5,32.0,7.98,7,4,0.3974
paracingulate gyrus,4,BG,Basal Ganglia,Subcortical Nuclei,0.0312,0.0341,1.0,1,32.0,7.98,7,4,0.3974
paracingulate gyrus 32,1,CG,Cingulate Gyrus,Limbic Lobe,1.0,0.1154,1.0,1,1.0,22.91,19,1,0.1153
paracingulate gyrus ventromedial prefrontal cortex,1,CG,Cingulate Gyrus,Limbic Lobe,1.0,0.1154,1.0,2,1.0,22.91,19,1,0.1153
paracyngulate gyrus,1,SFG,Superior Frontal Gyrus,Frontal Lobe,1.0,0.1154,1.0,1,1.0,22.91,19,1,0.1153
parahc,1,Hipp,Hippocampus,Subcortical Nuclei,1.0,0.1154,1.0,1,1.0,22.91,19,1,0.1153
parahg,1,STG,Superior Temporal Gyrus,Temporal Lobe,1.0,0.1154,1.0,1,1.0,22.91,19,1,0.1153
parahip,1,BG,Basal Ganglia,Subcortical Nuclei,0.5,0.1071,1.0,1,2.0,22.13,19,2,0.1071
parahip,2,Hipp,Hippocampus,Subcortical Nuclei,0.5,0.1071,1.0,1,2.0,22.13,19,2,0.1071
parahip pocampal gyrus,1,Hipp,Hippocampus,Subcortical Nuclei,1.0,0.1154,1.0,2,1.0,22.91,19,1,0.1153
parahip resected area,1,BG,Basal Ganglia,Subcortical Nuclei,1.0,0.1154,1.0,1,1.0,22.91,19,1,0.1153
parahipopocampal gyrus,1,Hipp,Hippocampus,Subcortical Nuclei,1.0,0.1154,1.0,1,1.0,22.91,19,1,0.1153
parahipp gyrus,1,Hipp,Hippocampus,Subcortical Nuclei,1.0,0.1154,1.0,1,1.0,22.91,19,1,0.1153
parahippcampus,1,Tha,Thalamus,Subcortical Nuclei,1.0,0.1154,1.0,1,1.0,22.91,19,1,0.1153
parahippg,1,pSTS,posterior Superior Temporal Sulcus,Temporal Lobe,1.0,0.1154,1.0,1,1.0,22.91,19,1,0.1153
parahippocamal gyrus,1,Hipp,Hippocampus,Subcortical Nuclei,1.0,0.1154,1.0,1,1.0,22.91,19,1,0.1153
parahippocampa,1,PhG,Parahippocampal Gyrus,Temporal Lobe,1.0,0.1786,2.0,2,2.0,21.0,19,1,0.1787
parahippocampa gyrus,1,Hipp,Hippocampus,Subcortical Nuclei,0.2727,0.1522,3.0,4,11.0,17.22,15,6,0.1523
parahippocampa gyrus,2,FuG,Fusiform Gyrus,Temporal Lobe,0.2727,0.1522,3.0,3,11.0,17.22,15,6,0.1523
parahippocampa gyrus,3,Amyg,Amygdala,Subcortical Nuclei,0.1818,0.1087,2.0,2,11.0,17.22,15,6,0.1523
parahippocampa gyrus,4,MFG,Middle Frontal Gyrus,Frontal Lobe,0.0909,0.0652,1.0,1,11.0,17.22,15,6,0.1523
parahippocampa gyrus,5,PhG,Parahippocampal Gyrus,Temporal Lobe,0.0909,0.0652,1.0,1,11.0,17.22,15,6,0.1523
parahippocampa gyrus,6,STG,Superior Temporal Gyrus,Temporal Lobe,0.0909,0.0652,1.0,1,11.0,17.22,15,6,0.1523
parahippocampagyrus,1,Hipp,Hippocampus,Subcortical Nuclei,1.0,0.1154,1.0,1,1.0,22.91,19,1,0.1153
parahippocampal,1,Hipp,Hippocampus,Subcortical Nuclei,0.4062,0.3068,13.0,18,32.0,12.26,10,11,0.3066
parahippocampal,2,PhG,Parahippocampal Gyrus,Temporal Lobe,0.2188,0.1705,7.0,9,32.0,12.26,10,11,0.3066
parahippocampal,3,Amyg,Amygdala,Subcortical Nuclei,0.0625,0.0568,2.0,2,32.0,12.26,10,11,0.3066
parahippocampal,4,FuG,Fusiform Gyrus,Temporal Lobe,0.0625,0.0568,2.0,2,32.0,12.26,10,11,0.3066
parahippocampal,5,MVOcC,MedioVentral Occipital Cortex,Occipital Lobe,0.0625,0.0568,2.0,2,32.0,12.26,10,11,0.3066
parahippocampal,6,BG,Basal Ganglia,Subcortical Nuclei,0.0312,0.0341,1.0,2,32.0,12.26,10,11,0.3066
parahippocampal,7,MTG,Middle Temporal Gyrus,Temporal Lobe,0.0312,0.0341,1.0,2,32.0,12.26,10,11,0.3066
parahippocampal,8,INS,Insular Gyrus,Insular Lobe,0.0312,0.0341,1.0,1,32.0,12.26,10,11,0.3066
parahippocampal,9,SFG,Superior Frontal Gyrus,Frontal Lobe,0.0312,0.0341,1.0,1,32.0,12.26,10,11,0.3066
parahippocampal,10,STG,Superior Temporal Gyrus,Temporal Lobe,0.0312,0.0341,1.0,1,32.0,12.26,10,11,0.3066
parahippocampal,11,Tha,Thalamus,Subcortical Nuclei,0.0312,0.0341,1.0,1,32.0,12.26,10,11,0.3066
parahippocampal 9,1,PhG,Parahippocampal Gyrus,Temporal Lobe,1.0,0.1154,1.0,2,1.0,22.91,19,1,0.1153
parahippocampal area,1,PhG,Parahippocampal Gyrus,Temporal Lobe,1.0,0.1154,1.0,1,1.0,22.91,19,1,0.1153
parahippocampal ba 35 36,1,PhG,Parahippocampal Gyrus,Temporal Lobe,1.0,0.1154,1.0,1,1.0,22.91,19,1,0.1153
parahippocampal ctx,1,PhG,Parahippocampal Gyrus,Temporal Lobe,1.0,0.1154,1.0,1,1.0,22.91,19,1,0.1153
parahippocampal g,1,PhG,Parahippocampal Gyrus,Temporal Lobe,0.3,0.1591,3.0,4,10.0,17.3,16,5,0.1592
parahippocampal g,2,FuG,Fusiform Gyrus,Temporal Lobe,0.2,0.1136,2.0,2,10.0,17.3,16,5,0.1592
parahippocampal g,3,Hipp,Hippocampus,Subcortical Nuclei,0.2,0.1136,2.0,2,10.0,17.3,16,5,0.1592
parahippocampal g,4,MVOcC,MedioVentral Occipital Cortex,Occipital Lobe,0.2,0.1136,2.0,2,10.0,17.3,16,5,0.1592
parahippocampal g,5,Amyg,Amygdala,Subcortical Nuclei,0.1,0.0682,1.0,1,10.0,17.3,16,5,0.1592
parahippocampal g ba 35,1,PhG,Parahippocampal Gyrus,Temporal Lobe,1.0,0.1154,1.0,1,1.0,22.91,19,1,0.1153
parahippocampal gyrus,1,Hipp,Hippocampus,Subcortical Nuclei,0.3176,0.3052,81.0,107,255.0,8.61,6,16,0.3052
parahippocampal gyrus,2,PhG,Parahippocampal Gyrus,Temporal Lobe,0.2431,0.2341,62.0,75,255.0,8.61,6,16,0.3052
parahippocampal gyrus,3,FuG,Fusiform Gyrus,Temporal Lobe,0.1137,0.1105,29.0,32,255.0,8.61,6,16,0.3052
parahippocampal gyrus,4,Tha,Thalamus,Subcortical Nuclei,0.0667,0.0655,17.0,19,255.0,8.61,6,16,0.3052
parahippocampal gyrus,5,MVOcC,MedioVentral Occipital Cortex,Occipital Lobe,0.0549,0.0543,14.0,15,255.0,8.61,6,16,0.3052
parahippocampal gyrus,6,Amyg,Amygdala,Subcortical Nuclei,0.051,0.0506,13.0,16,255.0,8.61,6,16,0.3052
parahippocampal gyrus,7,BG,Basal Ganglia,Subcortical Nuclei,0.0392,0.0393,10.0,10,255.0,8.61,6,16,0.3052
parahippocampal gyrus,8,CG,Cingulate Gyrus,Limbic Lobe,0.0353,0.0356,9.0,10,255.0,8.61,6,16,0.3052
parahippocampal gyrus,9,OrG,Orbital Gyrus,Frontal Lobe,0.0314,0.0318,8.0,9,255.0,8.61,6,16,0.3052
parahippocampal gyrus,10,MFG,Middle Frontal Gyrus,Frontal Lobe,0.0196,0.0206,5.0,6,255.0,8.61,6,16,0.3052
parahippocampal gyrus,11,STG,Superior Temporal Gyrus,Temporal Lobe,0.0078,0.0094,2.0,2,255.0,8.61,6,16,0.3052
parahippocampal gyrus,12,PCL,Paracentral Lobule,Frontal Lobe,0.0039,0.0056,1.0,2,255.0,8.61,6,16,0.3052
parahippocampal gyrus,13,INS,Insular Gyrus,Insular Lobe,0.0039,0.0056,1.0,1,255.0,8.61,6,16,0.3052
parahippocampal gyrus,14,LOcC,lateral Occipital Cortex,Occipital Lobe,0.0039,0.0056,1.0,1,255.0,8.61,6,16,0.3052
parahippocampal gyrus,15,MTG,Middle Temporal Gyrus,Temporal Lobe,0.0039,0.0056,1.0,1,255.0,8.61,6,16,0.3052
parahippocampal gyrus,16,pSTS,posterior Superior Temporal Sulcus,Temporal Lobe,0.0039,0.0056,1.0,1,255.0,8.61,6,16,0.3052
parahippocampal gyrus 19,1,MVOcC,MedioVentral Occipital Cortex,Occipital Lobe,1.0,0.1154,1.0,1,1.0,22.91,19,1,0.1153
parahippocampal gyrus 20,1,BG,Basal Ganglia,Subcortical Nuclei,1.0,0.1154,1.0,1,1.0,22.91,19,1,0.1153
parahippocampal gyrus 27,1,Hipp,Hippocampus,Subcortical Nuclei,1.0,0.1154,1.0,1,1.0,22.91,19,1,0.1153
parahippocampal gyrus 28,1,PhG,Parahippocampal Gyrus,Temporal Lobe,0.3333,0.1389,2.0,3,6.0,19.18,17,4,0.1388
parahippocampal gyrus 28,2,Hipp,Hippocampus,Subcortical Nuclei,0.3333,0.1389,2.0,2,6.0,19.18,17,4,0.1388
parahippocampal gyrus 28,3,BG,Basal Ganglia,Subcortical Nuclei,0.1667,0.0833,1.0,1,6.0,19.18,17,4,0.1388
parahippocampal gyrus 28,4,Tha,Thalamus,Subcortical Nuclei,0.1667,0.0833,1.0,1,6.0,19.18,17,4,0.1388
parahippocampal gyrus 30,1,CG,Cingulate Gyrus,Limbic Lobe,0.5,0.1071,1.0,1,2.0,22.13,19,2,0.1071
parahippocampal gyrus 30,2,Hipp,Hippocampus,Subcortical Nuclei,0.5,0.1071,1.0,1,2.0,22.13,19,2,0.1071
parahippocampal gyrus 34,1,BG,Basal Ganglia,Subcortical Nuclei,1.0,0.1154,1.0,1,1.0,22.91,19,1,0.1153
parahippocampal gyrus 35,1,Hipp,Hippocampus,Subcortical Nuclei,1.0,0.1154,1.0,1,1.0,22.91,19,1,0.1153
parahippocampal gyrus 36,1,PhG,Parahippocampal Gyrus,Temporal Lobe,0.4,0.1471,2.0,2,5.0,20.06,18,4,0.1471
parahippocampal gyrus 36,2,MVOcC,MedioVentral Occipital Cortex,Occipital Lobe,0.2,0.0882,1.0,2,5.0,20.06,18,4,0.1471
parahippocampal gyrus 36,3,BG,Basal Ganglia,Subcortical Nuclei,0.2,0.0882,1.0,1,5.0,20.06,18,4,0.1471
parahippocampal gyrus 36,4,Tha,Thalamus,Subcortical Nuclei,0.2,0.0882,1.0,1,5.0,20.06,18,4,0.1471
parahippocampal gyrus 37 36,1,FuG,Fusiform Gyrus,Temporal Lobe,1.0,0.1154,1.0,1,1.0,22.91,19,1,0.1153
parahippocampal gyrus 38,1,BG,Basal Ganglia,Subcortical Nuclei,1.0,0.1154,1.0,1,1.0,22.91,19,1,0.1153
parahippocampal gyrus amygdala,1,Amyg,Amygdala,Subcortical Nuclei,1.0,0.1154,1.0,1,1.0,22.91,19,1,0.1153
parahippocampal gyrus ba 19,1,Hipp,Hippocampus,Subcortical Nuclei,1.0,0.1786,2.0,2,2.0,21.0,19,1,0.1787
parahippocampal gyrus ba 20,1,PhG,Parahippocampal Gyrus,Temporal Lobe,1.0,0.1154,1.0,1,1.0,22.91,19,1,0.1153
parahippocampal gyrus ba 27,1,Tha,Thalamus,Subcortical Nuclei,1.0,0.1154,1.0,1,1.0,22.91,19,1,0.1153
parahippocampal gyrus ba 28,1,PhG,Parahippocampal Gyrus,Temporal Lobe,0.5,0.1562,2.0,3,4.0,19.34,18,2,0.1564
parahippocampal gyrus ba 28,2,Hipp,Hippocampus,Subcortical Nuclei,0.5,0.1562,2.0,2,4.0,19.34,18,2,0.1564
parahippocampal gyrus ba 34,1,PhG,Parahippocampal Gyrus,Temporal Lobe,1.0,0.1154,1.0,1,1.0,22.91,19,1,0.1153
parahippocampal gyrus ba 35,1,CG,Cingulate Gyrus,Limbic Lobe,0.5,0.1071,1.0,1,2.0,22.13,19,2,0.1071
parahippocampal gyrus ba 35,2,PhG,Parahippocampal Gyrus,Temporal Lobe,0.5,0.1071,1.0,1,2.0,22.13,19,2,0.1071
parahippocampal gyrus ba 35 36,1,PhG,Parahippocampal Gyrus,Temporal Lobe,1.0,0.1154,1.0,1,1.0,22.91,19,1,0.1153
parahippocampal gyrus ba 36,1,Hipp,Hippocampus,Subcortical Nuclei,0.4286,0.1842,3.0,4,7.0,18.06,17,4,0.1843
parahippocampal gyrus ba 36,2,FuG,Fusiform Gyrus,Temporal Lobe,0.2857,0.1316,2.0,2,7.0,18.06,17,4,0.1843
parahippocampal gyrus ba 36,3,MVOcC,MedioVentral Occipital Cortex,Occipital Lobe,0.1429,0.0789,1.0,2,7.0,18.06,17,4,0.1843
parahippocampal gyrus ba 36,4,PhG,Parahippocampal Gyrus,Temporal Lobe,0.1429,0.0789,1.0,1,7.0,18.06,17,4,0.1843
parahippocampal gyrus ba 37,1,FuG,Fusiform Gyrus,Temporal Lobe,1.0,0.1154,1.0,1,1.0,22.91,19,1,0.1153
parahippocampal gyrus limbic lobe,1,CG,Cingulate Gyrus,Limbic Lobe,1.0,0.1154,1.0,1,1.0,22.91,19,1,0.1153
parahippocampal gyrusa,1,Hipp,Hippocampus,Subcortical Nuclei,0.5,0.1071,1.0,1,2.0,22.13,19,2,0.1071
parahippocampal gyrusa,2,MVOcC,MedioVentral Occipital Cortex,Occipital Lobe,0.5,0.1071,1.0,1,2.0,22.13,19,2,0.1071
parahippocampale gyrus,1,FuG,Fusiform Gyrus,Temporal Lobe,0.5,0.1071,1.0,1,2.0,22.13,19,2,0.1071
parahippocampale gyrus,2,Hipp,Hippocampus,Subcortical Nuclei,0.5,0.1071,1.0,1,2.0,22.13,19,2,0.1071
parahippocampalgyrus,1,Amyg,Amygdala,Subcortical Nuclei,0.5,0.1071,1.0,1,2.0,22.13,19,2,0.1071
parahippocampalgyrus,2,Hipp,Hippocampus,Subcortical Nuclei,0.5,0.1071,1.0,1,2.0,22.13,19,2,0.1071
parahippocampus,1,Hipp,Hippocampus,Subcortical Nuclei,0.4615,0.3289,12.0,15,26.0,11.92,9,8,0.3287
parahippocampus,2,PhG,Parahippocampal Gyrus,Temporal Lobe,0.1923,0.1447,5.0,8,26.0,11.92,9,8,0.3287
parahippocampus,3,Amyg,Amygdala,Subcortical Nuclei,0.0769,0.0658,2.0,3,26.0,11.92,9,8,0.3287
parahippocampus,4,CG,Cingulate Gyrus,Limbic Lobe,0.0769,0.0658,2.0,2,26.0,11.92,9,8,0.3287
parahippocampus,5,STG,Superior Temporal Gyrus,Temporal Lobe,0.0769,0.0658,2.0,2,26.0,11.92,9,8,0.3287
parahippocampus,6,BG,Basal Ganglia,Subcortical Nuclei,0.0385,0.0395,1.0,1,26.0,11.92,9,8,0.3287
parahippocampus,7,INS,Insular Gyrus,Insular Lobe,0.0385,0.0395,1.0,1,26.0,11.92,9,8,0.3287
parahippocampus,8,MVOcC,MedioVentral Occipital Cortex,Occipital Lobe,0.0385,0.0395,1.0,1,26.0,11.92,9,8,0.3287
parahippocampus gyrus,1,FuG,Fusiform Gyrus,Temporal Lobe,1.0,0.1154,1.0,1,1.0,22.91,19,1,0.1153
parahippoccampal gyrus,1,Tha,Thalamus,Subcortical Nuclei,1.0,0.1154,1.0,1,1.0,22.91,19,1,0.1153
parahoppocampal cortex,1,Hipp,Hippocampus,Subcortical Nuclei,1.0,0.1154,1.0,1,1.0,22.91,19,1,0.1153
parietal,1,IPL,Inferior Parietal Lobule,Parietal Lobe,0.2941,0.246,15.0,21,51.0,12.43,8,12,0.2461
parietal,2,Pcun,Precuneus,Parietal Lobe,0.1373,0.119,7.0,13,51.0,12.43,8,12,0.2461
parietal,3,SPL,Superior Parietal Lobule,Parietal Lobe,0.1373,0.119,7.0,10,51.0,12.43,8,12,0.2461
parietal,4,PoG,Postcentral Gyrus,Parietal Lobe,0.1176,0.1032,6.0,16,51.0,12.43,8,12,0.2461
parietal,5,PrG,Precentral Gyrus,Frontal Lobe,0.098,0.0873,5.0,9,51.0,12.43,8,12,0.2461
parietal,6,LOcC,lateral Occipital Cortex,Occipital Lobe,0.0784,0.0714,4.0,6,51.0,12.43,8,12,0.2461
parietal,7,PCL,Paracentral Lobule,Frontal Lobe,0.0392,0.0397,2.0,2,51.0,12.43,8,12,0.2461
parietal,8,BG,Basal Ganglia,Subcortical Nuclei,0.0196,0.0238,1.0,3,51.0,12.43,8,12,0.2461
parietal,9,CG,Cingulate Gyrus,Limbic Lobe,0.0196,0.0238,1.0,1,51.0,12.43,8,12,0.2461
parietal,10,FuG,Fusiform Gyrus,Temporal Lobe,0.0196,0.0238,1.0,1,51.0,12.43,8,12,0.2461
parietal,11,ITG,Inferior Temporal Gyrus,Temporal Lobe,0.0196,0.0238,1.0,1,51.0,12.43,8,12,0.2461
parietal,12,pSTS,posterior Superior Temporal Sulcus,Temporal Lobe,0.0196,0.0238,1.0,1,51.0,12.43,8,12,0.2461
parietal cortex,1,IPL,Inferior Parietal Lobule,Parietal Lobe,0.3462,0.25,9.0,10,26.0,13.95,9,9,0.2498
parietal cortex,2,SPL,Superior Parietal Lobule,Parietal Lobe,0.1538,0.1184,4.0,4,26.0,13.95,9,9,0.2498
parietal cortex,3,Pcun,Precuneus,Parietal Lobe,0.1154,0.0921,3.0,4,26.0,13.95,9,9,0.2498
parietal cortex,4,MVOcC,MedioVentral Occipital Cortex,Occipital Lobe,0.1154,0.0921,3.0,3,26.0,13.95,9,9,0.2498
parietal cortex,5,LOcC,lateral Occipital Cortex,Occipital Lobe,0.0769,0.0658,2.0,2,26.0,13.95,9,9,0.2498
parietal cortex,6,PoG,Postcentral Gyrus,Parietal Lobe,0.0769,0.0658,2.0,2,26.0,13.95,9,9,0.2498
parietal cortex,7,MTG,Middle Temporal Gyrus,Temporal Lobe,0.0385,0.0395,1.0,1,26.0,13.95,9,9,0.2498
parietal cortex,8,PrG,Precentral Gyrus,Frontal Lobe,0.0385,0.0395,1.0,1,26.0,13.95,9,9,0.2498
parietal cortex,9,STG,Superior Temporal Gyrus,Temporal Lobe,0.0385,0.0395,1.0,1,26.0,13.95,9,9,0.2498
parietal cortex ba 7,1,Pcun,Precuneus,Parietal Lobe,1.0,0.1154,1.0,1,1.0,22.91,19,1,0.1153
parietal cortex ba 7 4,1,Pcun,Precuneus,Parietal Lobe,1.0,0.1154,1.0,1,1.0,22.91,19,1,0.1153
parietal eye field,1,IPL,Inferior Parietal Lobule,Parietal Lobe,1.0,0.1154,1.0,1,1.0,22.91,19,1,0.1153
parietal inf,1,IPL,Inferior Parietal Lobule,Parietal Lobe,0.6471,0.3966,11.0,13,17.0,10.86,13,4,0.3969
parietal inf,2,PoG,Postcentral Gyrus,Parietal Lobe,0.1765,0.1207,3.0,3,17.0,10.86,13,4,0.3969
parietal inf,3,SPL,Superior Parietal Lobule,Parietal Lobe,0.1176,0.0862,2.0,3,17.0,10.86,13,4,0.3969
parietal inf,4,MVOcC,MedioVentral Occipital Cortex,Occipital Lobe,0.0588,0.0517,1.0,1,17.0,10.86,13,4,0.3969
parietal inferior cortex,1,IPL,Inferior Parietal Lobule,Parietal Lobe,1.0,0.1154,1.0,1,1.0,22.91,19,1,0.1153
parietal inferior lobe,1,SPL,Superior Parietal Lobule,Parietal Lobe,1.0,0.1154,1.0,2,1.0,22.91,19,1,0.1153
parietal lobe,1,IPL,Inferior Parietal Lobule,Parietal Lobe,0.4737,0.3065,9.0,9,19.0,11.13,12,5,0.3067
parietal lobe,2,SPL,Superior Parietal Lobule,Parietal Lobe,0.3684,0.2419,7.0,10,19.0,11.13,12,5,0.3067
parietal lobe,3,MVOcC,MedioVentral Occipital Cortex,Occipital Lobe,0.0526,0.0484,1.0,1,19.0,11.13,12,5,0.3067
parietal lobe,4,Pcun,Precuneus,Parietal Lobe,0.0526,0.0484,1.0,1,19.0,11.13,12,5,0.3067
parietal lobe,5,PoG,Postcentral Gyrus,Parietal Lobe,0.0526,0.0484,1.0,1,19.0,11.13,12,5,0.3067
parietal lobe 7,1,SPL,Superior Parietal Lobule,Parietal Lobe,1.0,0.1154,1.0,1,1.0,22.91,19,1,0.1153
parietal lobe ba 7,1,SPL,Superior Parietal Lobule,Parietal Lobe,1.0,0.1154,1.0,1,1.0,22.91,19,1,0.1153
parietal lobe central opercular cortex,1,STG,Superior Temporal Gyrus,Temporal Lobe,1.0,0.1154,1.0,1,1.0,22.91,19,1,0.1153
parietal lobe postcentral gyrus,1,PoG,Postcentral Gyrus,Parietal Lobe,1.0,0.1154,1.0,1,1.0,22.91,19,1,0.1153
parietal lobe precuneus,1,IPL,Inferior Parietal Lobule,Parietal Lobe,0.5,0.1071,1.0,1,2.0,22.13,19,2,0.1071
parietal lobe precuneus,2,SPL,Superior Parietal Lobule,Parietal Lobe,0.5,0.1071,1.0,1,2.0,22.13,19,2,0.1071
parietal lobule,1,IPL,Inferior Parietal Lobule,Parietal Lobe,0.5,0.1562,2.0,3,4.0,20.24,18,3,0.1564
parietal lobule,2,MVOcC,MedioVentral Occipital Cortex,Occipital Lobe,0.25,0.0938,1.0,3,4.0,20.24,18,3,0.1564
parietal lobule,3,CG,Cingulate Gyrus,Limbic Lobe,0.25,0.0938,1.0,1,4.0,20.24,18,3,0.1564
parietal occipital junction,1,IPL,Inferior Parietal Lobule,Parietal Lobe,1.0,0.1154,1.0,2,1.0,22.91,19,1,0.1153
parietal occipital sulcus,1,Pcun,Precuneus,Parietal Lobe,0.3333,0.1,1.0,3,3.0,21.57,18,3,0.1001
parietal occipital sulcus,2,BG,Basal Ganglia,Subcortical Nuclei,0.3333,0.1,1.0,1,3.0,21.57,18,3,0.1001
parietal occipital sulcus,3,IPL,Inferior Parietal Lobule,Parietal Lobe,0.3333,0.1,1.0,1,3.0,21.57,18,3,0.1001
parietal operc cx,1,STG,Superior Temporal Gyrus,Temporal Lobe,1.0,0.1154,1.0,1,1.0,22.91,19,1,0.1153
parietal opercular cortex,1,IPL,Inferior Parietal Lobule,Parietal Lobe,1.0,0.1154,1.0,1,1.0,22.91,19,1,0.1153
parietal operculum,1,IPL,Inferior Parietal Lobule,Parietal Lobe,0.4516,0.3372,14.0,18,31.0,10.33,7,6,0.3374
parietal operculum,2,PoG,Postcentral Gyrus,Parietal Lobe,0.2258,0.1744,7.0,10,31.0,10.33,7,6,0.3374
parietal operculum,3,STG,Superior Temporal Gyrus,Temporal Lobe,0.129,0.1047,4.0,4,31.0,10.33,7,6,0.3374
parietal operculum,4,INS,Insular Gyrus,Insular Lobe,0.0645,0.0581,2.0,2,31.0,10.33,7,6,0.3374
parietal operculum,5,PrG,Precentral Gyrus,Frontal Lobe,0.0645,0.0581,2.0,2,31.0,10.33,7,6,0.3374
parietal operculum,6,pSTS,posterior Superior Temporal Sulcus,Temporal Lobe,0.0645,0.0581,2.0,2,31.0,10.33,7,6,0.3374
parietal operculum cortex,1,STG,Superior Temporal Gyrus,Temporal Lobe,0.6667,0.1667,2.0,2,3.0,20.55,18,2,0.1668
parietal operculum cortex,2,IPL,Inferior Parietal Lobule,Parietal Lobe,0.3333,0.1,1.0,1,3.0,20.55,18,2,0.1668
parietal operculuma,1,INS,Insular Gyrus,Insular Lobe,1.0,0.1154,1.0,1,1.0,22.91,19,1,0.1153
parietal sup,1,SPL,Superior Parietal Lobule,Parietal Lobe,0.5455,0.2826,6.0,9,11.0,13.48,15,3,0.2828
parietal sup,2,LOcC,lateral Occipital Cortex,Occipital Lobe,0.3636,0.1957,4.0,5,11.0,13.48,15,3,0.2828
parietal sup,3,Hipp,Hippocampus,Subcortical Nuclei,0.0909,0.0652,1.0,1,11.0,13.48,15,3,0.2828
parietal superior,1,SPL,Superior Parietal Lobule,Parietal Lobe,1.0,0.1154,1.0,1,1.0,22.91,19,1,0.1153
parietal superior lobe,1,SPL,Superior Parietal Lobule,Parietal Lobe,1.0,0.1154,1.0,1,1.0,22.91,19,1,0.1153
parieto occipital cortex,1,MVOcC,MedioVentral Occipital Cortex,Occipital Lobe,0.5,0.1071,1.0,1,2.0,22.13,19,2,0.1071
parieto occipital cortex,2,Pcun,Precuneus,Parietal Lobe,0.5,0.1071,1.0,1,2.0,22.13,19,2,0.1071
parieto occipital fissure,1,IPL,Inferior Parietal Lobule,Parietal Lobe,0.5,0.1071,1.0,1,2.0,22.13,19,2,0.1071
parieto occipital fissure,2,Pcun,Precuneus,Parietal Lobe,0.5,0.1071,1.0,1,2.0,22.13,19,2,0.1071
parieto occipital junction,1,LOcC,lateral Occipital Cortex,Occipital Lobe,0.25,0.0938,1.0,3,4.0,21.18,18,4,0.0939
parieto occipital junction,2,IPL,Inferior Parietal Lobule,Parietal Lobe,0.25,0.0938,1.0,1,4.0,21.18,18,4,0.0939
parieto occipital junction,3,MVOcC,MedioVentral Occipital Cortex,Occipital Lobe,0.25,0.0938,1.0,1,4.0,21.18,18,4,0.0939
parieto occipital junction,4,Pcun,Precuneus,Parietal Lobe,0.25,0.0938,1.0,1,4.0,21.18,18,4,0.0939
parieto occipital lobe,1,IPL,Inferior Parietal Lobule,Parietal Lobe,1.0,0.1154,1.0,1,1.0,22.91,19,1,0.1153
parieto occipital lobea,1,IPL,Inferior Parietal Lobule,Parietal Lobe,1.0,0.1154,1.0,1,1.0,22.91,19,1,0.1153
parieto occipital sulcus,1,Pcun,Precuneus,Parietal Lobe,0.6,0.2955,6.0,8,10.0,14.03,16,3,0.2956
parieto occipital sulcus,2,LOcC,lateral Occipital Cortex,Occipital Lobe,0.3,0.1591,3.0,3,10.0,14.03,16,3,0.2956
parieto occipital sulcus,3,MVOcC,MedioVentral Occipital Cortex,Occipital Lobe,0.1,0.0682,1.0,1,10.0,14.03,16,3,0.2956
parieto occipital transition cortex,1,IPL,Inferior Parietal Lobule,Parietal Lobe,1.0,0.1154,1.0,1,1.0,22.91,19,1,0.1153
parieto occipital transition zone,1,LOcC,lateral Occipital Cortex,Occipital Lobe,1.0,0.1154,1.0,1,1.0,22.91,19,1,0.1153
parietotemporal junction ba 40,1,IPL,Inferior Parietal Lobule,Parietal Lobe,1.0,0.1154,1.0,2,1.0,22.91,19,1,0.1153
pars opercularis,1,IFG,Inferior Frontal Gyrus,Frontal Lobe,0.5833,0.3125,7.0,10,12.0,13.5,15,4,0.3127
pars opercularis,2,PrG,Precentral Gyrus,Frontal Lobe,0.25,0.1458,3.0,5,12.0,13.5,15,4,0.3127
pars opercularis,3,INS,Insular Gyrus,Insular Lobe,0.0833,0.0625,1.0,1,12.0,13.5,15,4,0.3127
pars opercularis,4,MFG,Middle Frontal Gyrus,Frontal Lobe,0.0833,0.0625,1.0,1,12.0,13.5,15,4,0.3127
pars orbitalis,1,IFG,Inferior Frontal Gyrus,Frontal Lobe,0.6667,0.25,4.0,7,6.0,16.63,17,2,0.2499
pars orbitalis,2,OrG,Orbital Gyrus,Frontal Lobe,0.3333,0.1389,2.0,2,6.0,16.63,17,2,0.2499
pars percularis,1,IFG,Inferior Frontal Gyrus,Frontal Lobe,1.0,0.1154,1.0,1,1.0,22.91,19,1,0.1153
pars triangularis,1,IFG,Inferior Frontal Gyrus,Frontal Lobe,0.5833,0.3125,7.0,19,12.0,12.72,15,3,0.3127
pars triangularis,2,MFG,Middle Frontal Gyrus,Frontal Lobe,0.3333,0.1875,4.0,4,12.0,12.72,15,3,0.3127
pars triangularis,3,OrG,Orbital Gyrus,Frontal Lobe,0.0833,0.0625,1.0,1,12.0,12.72,15,3,0.3127
pars triangularis of inferior frontal gyrus,1,IFG,Inferior Frontal Gyrus,Frontal Lobe,1.0,0.1154,1.0,1,1.0,22.91,19,1,0.1153
parsop,1,STG,Superior Temporal Gyrus,Temporal Lobe,1.0,0.1154,1.0,1,1.0,22.91,19,1,0.1153
pcc 23,1,Pcun,Precuneus,Parietal Lobe,1.0,0.1154,1.0,1,1.0,22.91,19,1,0.1153
pcc 30,1,MVOcC,MedioVentral Occipital Cortex,Occipital Lobe,1.0,0.1154,1.0,1,1.0,22.91,19,1,0.1153
pcc 31,1,CG,Cingulate Gyrus,Limbic Lobe,0.5,0.1071,1.0,1,2.0,22.13,19,2,0.1071
pcc 31,2,Pcun,Precuneus,Parietal Lobe,0.5,0.1071,1.0,1,2.0,22.13,19,2,0.1071
pcc ba 23,1,CG,Cingulate Gyrus,Limbic Lobe,0.5,0.1071,1.0,2,2.0,22.13,19,2,0.1071
pcc ba 23,2,Pcun,Precuneus,Parietal Lobe,0.5,0.1071,1.0,1,2.0,22.13,19,2,0.1071
pcc ba 29,1,CG,Cingulate Gyrus,Limbic Lobe,1.0,0.1154,1.0,1,1.0,22.91,19,1,0.1153
pcc ba 30,1,CG,Cingulate Gyrus,Limbic Lobe,1.0,0.1154,1.0,1,1.0,22.91,19,1,0.1153
pcc ba 31,1,MVOcC,MedioVentral Occipital Cortex,Occipital Lobe,1.0,0.1154,1.0,1,1.0,22.91,19,1,0.1153
pcc dlpfc,1,MFG,Middle Frontal Gyrus,Frontal Lobe,1.0,0.1154,1.0,1,1.0,22.91,19,1,0.1153
pcc lingual,1,MVOcC,MedioVentral Occipital Cortex,Occipital Lobe,1.0,0.1154,1.0,1,1.0,22.91,19,1,0.1153
pcc precun,1,MVOcC,MedioVentral Occipital Cortex,Occipital Lobe,1.0,0.1154,1.0,1,1.0,22.91,19,1,0.1153
pcca,1,Pcun,Precuneus,Parietal Lobe,1.0,0.1786,2.0,2,2.0,21.0,19,1,0.1787
pcg,1,PrG,Precentral Gyrus,Frontal Lobe,0.6,0.2955,6.0,7,10.0,15.27,16,5,0.2956
pcg,2,SPL,Superior Parietal Lobule,Parietal Lobe,0.1,0.0682,1.0,2,10.0,15.27,16,5,0.2956
pcg,3,IPL,Inferior Parietal Lobule,Parietal Lobe,0.1,0.0682,1.0,1,10.0,15.27,16,5,0.2956
pcg,4,Pcun,Precuneus,Parietal Lobe,0.1,0.0682,1.0,1,10.0,15.27,16,5,0.2956
pcg,5,PoG,Postcentral Gyrus,Parietal Lobe,0.1,0.0682,1.0,1,10.0,15.27,16,5,0.2956
pcg si,1,PrG,Precentral Gyrus,Frontal Lobe,1.0,0.1154,1.0,1,1.0,22.91,19,1,0.1153
pcig 23,1,Pcun,Precuneus,Parietal Lobe,1.0,0.1154,1.0,2,1.0,22.91,19,1,0.1153
pcl,1,Tha,Thalamus,Subcortical Nuclei,1.0,0.1786,2.0,2,2.0,21.0,19,1,0.1787
pcu,1,Pcun,Precuneus,Parietal Lobe,0.5833,0.3125,7.0,9,12.0,14.16,15,5,0.3127
pcu,2,LOcC,lateral Occipital Cortex,Occipital Lobe,0.1667,0.1042,2.0,2,12.0,14.16,15,5,0.3127
pcu,3,IPL,Inferior Parietal Lobule,Parietal Lobe,0.0833,0.0625,1.0,1,12.0,14.16,15,5,0.3127
pcu,4,MVOcC,MedioVentral Occipital Cortex,Occipital Lobe,0.0833,0.0625,1.0,1,12.0,14.16,15,5,0.3127
pcu,5,SPL,Superior Parietal Lobule,Parietal Lobe,0.0833,0.0625,1.0,1,12.0,14.16,15,5,0.3127
pcu 19,1,IPL,Inferior Parietal Lobule,Parietal Lobe,1.0,0.1154,1.0,1,1.0,22.91,19,1,0.1153
pcu ba 19 31,1,CG,Cingulate Gyrus,Limbic Lobe,0.5,0.1071,1.0,1,2.0,22.13,19,2,0.1071
pcu ba 19 31,2,Pcun,Precuneus,Parietal Lobe,0.5,0.1071,1.0,1,2.0,22.13,19,2,0.1071
pcu ba 7,1,Pcun,Precuneus,Parietal Lobe,0.3333,0.1,1.0,3,3.0,21.57,18,3,0.1001
pcu ba 7,2,SPL,Superior Parietal Lobule,Parietal Lobe,0.3333,0.1,1.0,3,3.0,21.57,18,3,0.1001
pcu ba 7,3,CG,Cingulate Gyrus,Limbic Lobe,0.3333,0.1,1.0,1,3.0,21.57,18,3,0.1001
pcun,1,Pcun,Precuneus,Parietal Lobe,0.75,0.2188,3.0,5,4.0,18.85,18,2,0.219
pcun,2,BG,Basal Ganglia,Subcortical Nuclei,0.25,0.0938,1.0,1,4.0,18.85,18,2,0.219
pcun ba 7,1,CG,Cingulate Gyrus,Limbic Lobe,0.5,0.1071,1.0,2,2.0,22.13,19,2,0.1071
pcun ba 7,2,MVOcC,MedioVentral Occipital Cortex,Occipital Lobe,0.5,0.1071,1.0,1,2.0,22.13,19,2,0.1071
pdlpfc,1,IFG,Inferior Frontal Gyrus,Frontal Lobe,0.3333,0.1,1.0,1,3.0,21.57,18,3,0.1001
pdlpfc,2,MFG,Middle Frontal Gyrus,Frontal Lobe,0.3333,0.1,1.0,1,3.0,21.57,18,3,0.1001
pdlpfc,3,PrG,Precentral Gyrus,Frontal Lobe,0.3333,0.1,1.0,1,3.0,21.57,18,3,0.1001
peak of sub cluster temporal pole,1,IFG,Inferior Frontal Gyrus,Frontal Lobe,1.0,0.1154,1.0,1,1.0,22.91,19,1,0.1153
pefs,1,LOcC,lateral Occipital Cortex,Occipital Lobe,1.0,0.1154,1.0,1,1.0,22.91,19,1,0.1153
pericalcarine,1,MVOcC,MedioVentral Occipital Cortex,Occipital Lobe,1.0,0.1154,1.0,1,1.0,22.91,19,1,0.1153
pericalcarine gyrus,1,MVOcC,MedioVentral Occipital Cortex,Occipital Lobe,1.0,0.1154,1.0,1,1.0,22.91,19,1,0.1153
pericallosal sulcus,1,CG,Cingulate Gyrus,Limbic Lobe,1.0,0.1154,1.0,3,1.0,22.91,19,1,0.1153
pericingulate,1,BG,Basal Ganglia,Subcortical Nuclei,1.0,0.1154,1.0,1,1.0,22.91,19,1,0.1153
perigenual anterior cingulate,1,CG,Cingulate Gyrus,Limbic Lobe,1.0,0.1154,1.0,1,1.0,22.91,19,1,0.1153
perigenual anterior cingulate cortex,1,CG,Cingulate Gyrus,Limbic Lobe,1.0,0.1786,2.0,2,2.0,21.0,19,1,0.1787
peripheral visual cortex cuneus phg,1,LOcC,lateral Occipital Cortex,Occipital Lobe,1.0,0.1154,1.0,4,1.0,22.91,19,1,0.1153
perirhinal cortex,1,Hipp,Hippocampus,Subcortical Nuclei,0.5,0.1562,2.0,2,4.0,20.24,18,3,0.1564
perirhinal cortex,2,MVOcC,MedioVentral Occipital Cortex,Occipital Lobe,0.25,0.0938,1.0,1,4.0,20.24,18,3,0.1564
perirhinal cortex,3,PhG,Parahippocampal Gyrus,Temporal Lobe,0.25,0.0938,1.0,1,4.0,20.24,18,3,0.1564
perirhinal cortex ba 36,1,PhG,Parahippocampal Gyrus,Temporal Lobe,1.0,0.1154,1.0,1,1.0,22.91,19,1,0.1153
pfc acc,1,MFG,Middle Frontal Gyrus,Frontal Lobe,1.0,0.1154,1.0,1,1.0,22.91,19,1,0.1153
pfc anterior,1,MFG,Middle Frontal Gyrus,Frontal Lobe,1.0,0.1154,1.0,1,1.0,22.91,19,1,0.1153
pffg,1,FuG,Fusiform Gyrus,Temporal Lobe,0.5,0.1071,1.0,1,2.0,22.13,19,2,0.1071
pffg,2,LOcC,lateral Occipital Cortex,Occipital Lobe,0.5,0.1071,1.0,1,2.0,22.13,19,2,0.1071
pfg,1,FuG,Fusiform Gyrus,Temporal Lobe,1.0,0.1154,1.0,1,1.0,22.91,19,1,0.1153
pfm,1,IPL,Inferior Parietal Lobule,Parietal Lobe,1.0,0.1786,2.0,2,2.0,21.0,19,1,0.1787
pfop,1,IPL,Inferior Parietal Lobule,Parietal Lobe,1.0,0.1154,1.0,1,1.0,22.91,19,1,0.1153
pft,1,IPL,Inferior Parietal Lobule,Parietal Lobe,0.5,0.1071,1.0,1,2.0,22.13,19,2,0.1071
pft,2,PoG,Postcentral Gyrus,Parietal Lobe,0.5,0.1071,1.0,1,2.0,22.13,19,2,0.1071
pga,1,IPL,Inferior Parietal Lobule,Parietal Lobe,1.0,0.1154,1.0,2,1.0,22.91,19,1,0.1153
pgacc,1,CG,Cingulate Gyrus,Limbic Lobe,0.75,0.2188,3.0,5,4.0,18.85,18,2,0.219
pgacc,2,OrG,Orbital Gyrus,Frontal Lobe,0.25,0.0938,1.0,1,4.0,18.85,18,2,0.219
pgacc dlpfc,1,PrG,Precentral Gyrus,Frontal Lobe,1.0,0.1154,1.0,1,1.0,22.91,19,1,0.1153
pgacc ic,1,INS,Insular Gyrus,Insular Lobe,1.0,0.1154,1.0,1,1.0,22.91,19,1,0.1153
pha,1,Amyg,Amygdala,Subcortical Nuclei,0.5,0.1071,1.0,2,2.0,22.13,19,2,0.1071
pha,2,Hipp,Hippocampus,Subcortical Nuclei,0.5,0.1071,1.0,2,2.0,22.13,19,2,0.1071
phc,1,Hipp,Hippocampus,Subcortical Nuclei,0.375,0.175,3.0,3,8.0,18.17,16,5,0.175
phc,2,PhG,Parahippocampal Gyrus,Temporal Lobe,0.25,0.125,2.0,7,8.0,18.17,16,5,0.175
phc,3,Amyg,Amygdala,Subcortical Nuclei,0.125,0.075,1.0,1,8.0,18.17,16,5,0.175
phc,4,FuG,Fusiform Gyrus,Temporal Lobe,0.125,0.075,1.0,1,8.0,18.17,16,5,0.175
phc,5,OrG,Orbital Gyrus,Frontal Lobe,0.125,0.075,1.0,1,8.0,18.17,16,5,0.175
phg ba 28,1,PhG,Parahippocampal Gyrus,Temporal Lobe,1.0,0.1154,1.0,1,1.0,22.91,19,1,0.1153
phipp,1,Hipp,Hippocampus,Subcortical Nuclei,1.0,0.1154,1.0,1,1.0,22.91,19,1,0.1153
phpc gyrus,1,FuG,Fusiform Gyrus,Temporal Lobe,1.0,0.1154,1.0,1,1.0,22.91,19,1,0.1153
pia,1,IPL,Inferior Parietal Lobule,Parietal Lobe,1.0,0.1154,1.0,1,1.0,22.91,19,1,0.1153
pib,1,IPL,Inferior Parietal Lobule,Parietal Lobe,1.0,0.1154,1.0,1,1.0,22.91,19,1,0.1153
pifg,1,OrG,Orbital Gyrus,Frontal Lobe,0.5,0.1071,1.0,2,2.0,22.13,19,2,0.1071
pifg,2,PrG,Precentral Gyrus,Frontal Lobe,0.5,0.1071,1.0,1,2.0,22.13,19,2,0.1071
pins,1,IPL,Inferior Parietal Lobule,Parietal Lobe,0.3333,0.1,1.0,2,3.0,21.57,18,3,0.1001
pins,2,INS,Insular Gyrus,Insular Lobe,0.3333,0.1,1.0,1,3.0,21.57,18,3,0.1001
pins,3,STG,Superior Temporal Gyrus,Temporal Lobe,0.3333,0.1,1.0,1,3.0,21.57,18,3,0.1001
pins d,1,INS,Insular Gyrus,Insular Lobe,1.0,0.1154,1.0,1,1.0,22.91,19,1,0.1153
pipl,1,IPL,Inferior Parietal Lobule,Parietal Lobe,1.0,0.1154,1.0,1,1.0,22.91,19,1,0.1153
pips,1,SPL,Superior Parietal Lobule,Parietal Lobe,0.5,0.1562,2.0,6,4.0,19.34,18,2,0.1564
pips,2,LOcC,lateral Occipital Cortex,Occipital Lobe,0.5,0.1562,2.0,2,4.0,19.34,18,2,0.1564
piriform cortex,1,BG,Basal Ganglia,Subcortical Nuclei,0.5,0.1071,1.0,1,2.0,22.13,19,2,0.1071
piriform cortex,2,OrG,Orbital Gyrus,Frontal Lobe,0.5,0.1071,1.0,1,2.0,22.13,19,2,0.1071
pitg,1,ITG,Inferior Temporal Gyrus,Temporal Lobe,0.6667,0.1667,2.0,2,3.0,20.55,18,2,0.1668
pitg,2,FuG,Fusiform Gyrus,Temporal Lobe,0.3333,0.1,1.0,1,3.0,20.55,18,2,0.1668
planum polare,1,STG,Superior Temporal Gyrus,Temporal Lobe,0.5,0.25,5.0,6,10.0,15.54,16,4,0.2502
planum polare,2,INS,Insular Gyrus,Insular Lobe,0.2,0.1136,2.0,3,10.0,15.54,16,4,0.2502
planum polare,3,PrG,Precentral Gyrus,Frontal Lobe,0.2,0.1136,2.0,2,10.0,15.54,16,4,0.2502
planum polare,4,OrG,Orbital Gyrus,Frontal Lobe,0.1,0.0682,1.0,1,10.0,15.54,16,4,0.2502
planum temporal,1,STG,Superior Temporal Gyrus,Temporal Lobe,1.0,0.1154,1.0,2,1.0,22.91,19,1,0.1153
planum temporale,1,STG,Superior Temporal Gyrus,Temporal Lobe,0.5625,0.3393,9.0,16,16.0,11.97,13,4,0.339
planum temporale,2,IPL,Inferior Parietal Lobule,Parietal Lobe,0.1875,0.125,3.0,3,16.0,11.97,13,4,0.339
planum temporale,3,pSTS,posterior Superior Temporal Sulcus,Temporal Lobe,0.1875,0.125,3.0,3,16.0,11.97,13,4,0.339
planum temporale,4,INS,Insular Gyrus,Insular Lobe,0.0625,0.0536,1.0,1,16.0,11.97,13,4,0.339
plpfc,1,PrG,Precentral Gyrus,Frontal Lobe,1.0,0.1786,2.0,2,2.0,21.0,19,1,0.1787
pm v,1,PrG,Precentral Gyrus,Frontal Lobe,1.0,0.1154,1.0,1,1.0,22.91,19,1,0.1153
pma,1,PrG,Precentral Gyrus,Frontal Lobe,1.0,0.1786,2.0,5,2.0,21.0,19,1,0.1787
pmc,1,PrG,Precentral Gyrus,Frontal Lobe,0.3077,0.18,4.0,5,13.0,17.05,14,7,0.18
pmc,2,MFG,Middle Frontal Gyrus,Frontal Lobe,0.1538,0.1,2.0,5,13.0,17.05,14,7,0.18
pmc,3,SFG,Superior Frontal Gyrus,Frontal Lobe,0.1538,0.1,2.0,2,13.0,17.05,14,7,0.18
pmc,4,Tha,Thalamus,Subcortical Nuclei,0.1538,0.1,2.0,2,13.0,17.05,14,7,0.18
pmc,5,INS,Insular Gyrus,Insular Lobe,0.0769,0.06,1.0,2,13.0,17.05,14,7,0.18
pmc,6,CG,Cingulate Gyrus,Limbic Lobe,0.0769,0.06,1.0,1,13.0,17.05,14,7,0.18
pmc,7,STG,Superior Temporal Gyrus,Temporal Lobe,0.0769,0.06,1.0,1,13.0,17.05,14,7,0.18
pmc ba 44 6,1,PrG,Precentral Gyrus,Frontal Lobe,1.0,0.1154,1.0,2,1.0,22.91,19,1,0.1153
pmc ba 6,1,PrG,Precentral Gyrus,Frontal Lobe,1.0,0.1154,1.0,4,1.0,22.91,19,1,0.1153
pmc ba 6 44,1,PrG,Precentral Gyrus,Frontal Lobe,1.0,0.1154,1.0,3,1.0,22.91,19,1,0.1153
pmcv,1,PrG,Precentral Gyrus,Frontal Lobe,1.0,0.1154,1.0,2,1.0,22.91,19,1,0.1153
pmd,1,PrG,Precentral Gyrus,Frontal Lobe,0.4444,0.2833,8.0,19,18.0,11.32,13,4,0.2831
pmd,2,MFG,Middle Frontal Gyrus,Frontal Lobe,0.3889,0.25,7.0,8,18.0,11.32,13,4,0.2831
pmd,3,SFG,Superior Frontal Gyrus,Frontal Lobe,0.1111,0.0833,2.0,4,18.0,11.32,13,4,0.2831
pmd,4,PoG,Postcentral Gyrus,Parietal Lobe,0.0556,0.05,1.0,2,18.0,11.32,13,4,0.2831
pmd 6,1,PrG,Precentral Gyrus,Frontal Lobe,0.6667,0.1667,2.0,6,3.0,20.55,18,2,0.1668
pmd 6,2,SFG,Superior Frontal Gyrus,Frontal Lobe,0.3333,0.1,1.0,1,3.0,20.55,18,2,0.1668
pmd ba 6,1,MFG,Middle Frontal Gyrus,Frontal Lobe,0.6667,0.1667,2.0,2,3.0,20.55,18,2,0.1668
pmd ba 6,2,PrG,Precentral Gyrus,Frontal Lobe,0.3333,0.1,1.0,1,3.0,20.55,18,2,0.1668
pmddamh,1,PrG,Precentral Gyrus,Frontal Lobe,1.0,0.1154,1.0,2,1.0,22.91,19,1,0.1153
pmdundamh,1,PrG,Precentral Gyrus,Frontal Lobe,1.0,0.1154,1.0,1,1.0,22.91,19,1,0.1153
pmfc ba 32,1,CG,Cingulate Gyrus,Limbic Lobe,1.0,0.1154,1.0,3,1.0,22.91,19,1,0.1153
pmfg,1,MFG,Middle Frontal Gyrus,Frontal Lobe,1.0,0.1786,2.0,2,2.0,21.0,19,1,0.1787
pmtg,1,MTG,Middle Temporal Gyrus,Temporal Lobe,0.4,0.2045,4.0,4,10.0,16.44,16,5,0.2046
pmtg,2,pSTS,posterior Superior Temporal Sulcus,Temporal Lobe,0.3,0.1591,3.0,4,10.0,16.44,16,5,0.2046
pmtg,3,ITG,Inferior Temporal Gyrus,Temporal Lobe,0.1,0.0682,1.0,2,10.0,16.44,16,5,0.2046
pmtg,4,IPL,Inferior Parietal Lobule,Parietal Lobe,0.1,0.0682,1.0,1,10.0,16.44,16,5,0.2046
pmtg,5,PrG,Precentral Gyrus,Frontal Lobe,0.1,0.0682,1.0,1,10.0,16.44,16,5,0.2046
pmtg 21,1,STG,Superior Temporal Gyrus,Temporal Lobe,1.0,0.1154,1.0,3,1.0,22.91,19,1,0.1153
pmv,1,PrG,Precentral Gyrus,Frontal Lobe,0.8,0.2647,4.0,9,5.0,17.25,18,2,0.2648
pmv,2,MFG,Middle Frontal Gyrus,Frontal Lobe,0.2,0.0882,1.0,1,5.0,17.25,18,2,0.2648
pmv 6,1,PrG,Precentral Gyrus,Frontal Lobe,1.0,0.1786,2.0,6,2.0,21.0,19,1,0.1787
pmv ba 6,1,PrG,Precentral Gyrus,Frontal Lobe,1.0,0.1154,1.0,1,1.0,22.91,19,1,0.1153
pmv cl,1,PrG,Precentral Gyrus,Frontal Lobe,1.0,0.1154,1.0,1,1.0,22.91,19,1,0.1153
pmvdamh,1,PrG,Precentral Gyrus,Frontal Lobe,1.0,0.1154,1.0,1,1.0,22.91,19,1,0.1153
pocg,1,PoG,Postcentral Gyrus,Parietal Lobe,0.4444,0.2143,4.0,5,9.0,17.11,16,5,0.2144
pocg,2,IPL,Inferior Parietal Lobule,Parietal Lobe,0.2222,0.119,2.0,3,9.0,17.11,16,5,0.2144
pocg,3,PrG,Precentral Gyrus,Frontal Lobe,0.1111,0.0714,1.0,1,9.0,17.11,16,5,0.2144
pocg,4,SPL,Superior Parietal Lobule,Parietal Lobe,0.1111,0.0714,1.0,1,9.0,17.11,16,5,0.2144
pocg,5,STG,Superior Temporal Gyrus,Temporal Lobe,0.1111,0.0714,1.0,1,9.0,17.11,16,5,0.2144
pocg 1,1,PoG,Postcentral Gyrus,Parietal Lobe,1.0,0.1154,1.0,1,1.0,22.91,19,1,0.1153
pocg 2,1,IPL,Inferior Parietal Lobule,Parietal Lobe,1.0,0.1154,1.0,2,1.0,22.91,19,1,0.1153
pocg 3,1,PoG,Postcentral Gyrus,Parietal Lobe,1.0,0.1786,2.0,2,2.0,21.0,19,1,0.1787
pof,1,Pcun,Precuneus,Parietal Lobe,1.0,0.1154,1.0,1,1.0,22.91,19,1,0.1153
pofc,1,IFG,Inferior Frontal Gyrus,Frontal Lobe,1.0,0.1154,1.0,1,1.0,22.91,19,1,0.1153
pog,1,PoG,Postcentral Gyrus,Parietal Lobe,0.4,0.1471,2.0,3,5.0,20.06,18,4,0.1471
pog,2,MVOcC,MedioVentral Occipital Cortex,Occipital Lobe,0.2,0.0882,1.0,1,5.0,20.06,18,4,0.1471
pog,3,Pcun,Precuneus,Parietal Lobe,0.2,0.0882,1.0,1,5.0,20.06,18,4,0.1471
pog,4,PrG,Precentral Gyrus,Frontal Lobe,0.2,0.0882,1.0,1,5.0,20.06,18,4,0.1471
poipst,1,SPL,Superior Parietal Lobule,Parietal Lobe,1.0,0.1154,1.0,1,1.0,22.91,19,1,0.1153
polar mpf dorsal,1,MFG,Middle Frontal Gyrus,Frontal Lobe,1.0,0.1154,1.0,1,1.0,22.91,19,1,0.1153
polar mpf middle,1,MFG,Middle Frontal Gyrus,Frontal Lobe,1.0,0.1154,1.0,1,1.0,22.91,19,1,0.1153
pole middle,1,INS,Insular Gyrus,Insular Lobe,0.6667,0.1667,2.0,3,3.0,20.55,18,2,0.1668
pole middle,2,IFG,Inferior Frontal Gyrus,Frontal Lobe,0.3333,0.1,1.0,2,3.0,20.55,18,2,0.1668
pole superior,1,INS,Insular Gyrus,Insular Lobe,0.5,0.1562,2.0,5,4.0,19.34,18,2,0.1564
pole superior,2,IFG,Inferior Frontal Gyrus,Frontal Lobe,0.5,0.1562,2.0,3,4.0,19.34,18,2,0.1564
pon,1,Hipp,Hippocampus,Subcortical Nuclei,1.0,0.1154,1.0,1,1.0,22.91,19,1,0.1153
pons,1,Tha,Thalamus,Subcortical Nuclei,0.8,0.2647,4.0,7,5.0,17.25,18,2,0.2648
pons,2,BG,Basal Ganglia,Subcortical Nuclei,0.2,0.0882,1.0,1,5.0,17.25,18,2,0.2648
pop,1,IPL,Inferior Parietal Lobule,Parietal Lobe,1.0,0.1154,1.0,1,1.0,22.91,19,1,0.1153
porb,1,IFG,Inferior Frontal Gyrus,Frontal Lobe,1.0,0.1786,2.0,2,2.0,21.0,19,1,0.1787
pos cingulate,1,CG,Cingulate Gyrus,Limbic Lobe,0.5,0.1071,1.0,1,2.0,22.13,19,2,0.1071
pos cingulate,2,Pcun,Precuneus,Parietal Lobe,0.5,0.1071,1.0,1,2.0,22.13,19,2,0.1071
pos thalamus,1,MFG,Middle Frontal Gyrus,Frontal Lobe,1.0,0.1154,1.0,1,1.0,22.91,19,1,0.1153
poscentral gyrus,1,PoG,Postcentral Gyrus,Parietal Lobe,1.0,0.1154,1.0,1,1.0,22.91,19,1,0.1153
posetrior parietal cortex,1,SPL,Superior Parietal Lobule,Parietal Lobe,1.0,0.1154,1.0,1,1.0,22.91,19,1,0.1153
post acc,1,CG,Cingulate Gyrus,Limbic Lobe,1.0,0.1154,1.0,1,1.0,22.91,19,1,0.1153
post and pre central gyrus,1,PoG,Postcentral Gyrus,Parietal Lobe,1.0,0.1154,1.0,1,1.0,22.91,19,1,0.1153
post central,1,PoG,Postcentral Gyrus,Parietal Lobe,0.4,0.1471,2.0,3,5.0,20.06,18,4,0.1471
post central,2,SPL,Superior Parietal Lobule,Parietal Lobe,0.2,0.0882,1.0,2,5.0,20.06,18,4,0.1471
post central,3,PrG,Precentral Gyrus,Frontal Lobe,0.2,0.0882,1.0,1,5.0,20.06,18,4,0.1471
post central,4,STG,Superior Temporal Gyrus,Temporal Lobe,0.2,0.0882,1.0,1,5.0,20.06,18,4,0.1471
post central cortex,1,PoG,Postcentral Gyrus,Parietal Lobe,1.0,0.1154,1.0,1,1.0,22.91,19,1,0.1153
post central gyrus,1,PoG,Postcentral Gyrus,Parietal Lobe,0.375,0.2981,15.0,18,40.0,11.76,9,11,0.2982
post central gyrus,2,PrG,Precentral Gyrus,Frontal Lobe,0.175,0.1442,7.0,9,40.0,11.76,9,11,0.2982
post central gyrus,3,IPL,Inferior Parietal Lobule,Parietal Lobe,0.15,0.125,6.0,6,40.0,11.76,9,11,0.2982
post central gyrus,4,Tha,Thalamus,Subcortical Nuclei,0.075,0.0673,3.0,4,40.0,11.76,9,11,0.2982
post central gyrus,5,BG,Basal Ganglia,Subcortical Nuclei,0.05,0.0481,2.0,3,40.0,11.76,9,11,0.2982
post central gyrus,6,STG,Superior Temporal Gyrus,Temporal Lobe,0.05,0.0481,2.0,2,40.0,11.76,9,11,0.2982
post central gyrus,7,CG,Cingulate Gyrus,Limbic Lobe,0.025,0.0288,1.0,1,40.0,11.76,9,11,0.2982
post central gyrus,8,Hipp,Hippocampus,Subcortical Nuclei,0.025,0.0288,1.0,1,40.0,11.76,9,11,0.2982
post central gyrus,9,INS,Insular Gyrus,Insular Lobe,0.025,0.0288,1.0,1,40.0,11.76,9,11,0.2982
post central gyrus,10,ITG,Inferior Temporal Gyrus,Temporal Lobe,0.025,0.0288,1.0,1,40.0,11.76,9,11,0.2982
post central gyrus,11,SPL,Superior Parietal Lobule,Parietal Lobe,0.025,0.0288,1.0,1,40.0,11.76,9,11,0.2982
post central gyrus ba 4,1,PoG,Postcentral Gyrus,Parietal Lobe,1.0,0.1154,1.0,1,1.0,22.91,19,1,0.1153
post central gyrus ba 7,1,Pcun,Precuneus,Parietal Lobe,1.0,0.1154,1.0,1,1.0,22.91,19,1,0.1153
post cing,1,CG,Cingulate Gyrus,Limbic Lobe,1.0,0.1786,2.0,4,2.0,21.0,19,1,0.1787
post cing gy,1,CG,Cingulate Gyrus,Limbic Lobe,1.0,0.1154,1.0,1,1.0,22.91,19,1,0.1153
post cingulate,1,CG,Cingulate Gyrus,Limbic Lobe,0.6,0.2059,3.0,6,5.0,17.97,18,2,0.2059
post cingulate,2,Pcun,Precuneus,Parietal Lobe,0.4,0.1471,2.0,4,5.0,17.97,18,2,0.2059
post cingulate cortex,1,CG,Cingulate Gyrus,Limbic Lobe,1.0,0.1786,2.0,3,2.0,21.0,19,1,0.1787
post cingulate g,1,Pcun,Precuneus,Parietal Lobe,1.0,0.1154,1.0,1,1.0,22.91,19,1,0.1153
post cingulate gyrus,1,CG,Cingulate Gyrus,Limbic Lobe,0.5,0.1071,1.0,1,2.0,22.13,19,2,0.1071
post cingulate gyrus,2,Pcun,Precuneus,Parietal Lobe,0.5,0.1071,1.0,1,2.0,22.13,19,2,0.1071
post cingulate sulcus,1,Pcun,Precuneus,Parietal Lobe,1.0,0.1154,1.0,1,1.0,22.91,19,1,0.1153
post hippocampus,1,Hipp,Hippocampus,Subcortical Nuclei,0.6667,0.1667,2.0,2,3.0,20.55,18,2,0.1668
post hippocampus,2,Tha,Thalamus,Subcortical Nuclei,0.3333,0.1,1.0,1,3.0,20.55,18,2,0.1668
post inferior temporal sulcus,1,ITG,Inferior Temporal Gyrus,Temporal Lobe,1.0,0.1154,1.0,1,1.0,22.91,19,1,0.1153
post inferior temporal sulcusc,1,ITG,Inferior Temporal Gyrus,Temporal Lobe,1.0,0.1154,1.0,1,1.0,22.91,19,1,0.1153
post insula,1,IPL,Inferior Parietal Lobule,Parietal Lobe,0.6667,0.1667,2.0,2,3.0,20.55,18,2,0.1668
post insula,2,INS,Insular Gyrus,Insular Lobe,0.3333,0.1,1.0,1,3.0,20.55,18,2,0.1668
post ips,1,LOcC,lateral Occipital Cortex,Occipital Lobe,1.0,0.1154,1.0,2,1.0,22.91,19,1,0.1153
post itg,1,FuG,Fusiform Gyrus,Temporal Lobe,1.0,0.1154,1.0,1,1.0,22.91,19,1,0.1153
post midline region,1,CG,Cingulate Gyrus,Limbic Lobe,1.0,0.1154,1.0,1,1.0,22.91,19,1,0.1153
post mtg,1,ITG,Inferior Temporal Gyrus,Temporal Lobe,0.3333,0.1,1.0,1,3.0,21.57,18,3,0.1001
post mtg,2,LOcC,lateral Occipital Cortex,Occipital Lobe,0.3333,0.1,1.0,1,3.0,21.57,18,3,0.1001
post mtg,3,MTG,Middle Temporal Gyrus,Temporal Lobe,0.3333,0.1,1.0,1,3.0,21.57,18,3,0.1001
post occipital,1,LOcC,lateral Occipital Cortex,Occipital Lobe,0.6667,0.1667,2.0,7,3.0,20.55,18,2,0.1668
post occipital,2,MVOcC,MedioVentral Occipital Cortex,Occipital Lobe,0.3333,0.1,1.0,3,3.0,20.55,18,2,0.1668
post parahippocampal gyrus,1,PhG,Parahippocampal Gyrus,Temporal Lobe,1.0,0.1154,1.0,1,1.0,22.91,19,1,0.1153
post parietal,1,PoG,Postcentral Gyrus,Parietal Lobe,0.6,0.2059,3.0,3,5.0,17.97,18,2,0.2059
post parietal,2,SPL,Superior Parietal Lobule,Parietal Lobe,0.4,0.1471,2.0,2,5.0,17.97,18,2,0.2059
post precentral g,1,PoG,Postcentral Gyrus,Parietal Lobe,1.0,0.1154,1.0,1,1.0,22.91,19,1,0.1153
post stg,1,STG,Superior Temporal Gyrus,Temporal Lobe,1.0,0.1154,1.0,1,1.0,22.91,19,1,0.1153
post sts,1,STG,Superior Temporal Gyrus,Temporal Lobe,1.0,0.1154,1.0,1,1.0,22.91,19,1,0.1153
post superior temp gyrus,1,IPL,Inferior Parietal Lobule,Parietal Lobe,1.0,0.1154,1.0,1,1.0,22.91,19,1,0.1153
post superior temporal gyrus,1,pSTS,posterior Superior Temporal Sulcus,Temporal Lobe,1.0,0.1154,1.0,1,1.0,22.91,19,1,0.1153
post temporal,1,IPL,Inferior Parietal Lobule,Parietal Lobe,1.0,0.1154,1.0,2,1.0,22.91,19,1,0.1153
post temporal cortex,1,LOcC,lateral Occipital Cortex,Occipital Lobe,1.0,0.1154,1.0,1,1.0,22.91,19,1,0.1153
postc g,1,PoG,Postcentral Gyrus,Parietal Lobe,1.0,0.1154,1.0,1,1.0,22.91,19,1,0.1153
postc gyr,1,PoG,Postcentral Gyrus,Parietal Lobe,1.0,0.1154,1.0,1,1.0,22.91,19,1,0.1153
postcent,1,PrG,Precentral Gyrus,Frontal Lobe,1.0,0.1154,1.0,3,1.0,22.91,19,1,0.1153
postcentr gy,1,PoG,Postcentral Gyrus,Parietal Lobe,1.0,0.1154,1.0,1,1.0,22.91,19,1,0.1153
postcentral,1,PoG,Postcentral Gyrus,Parietal Lobe,0.4643,0.3897,26.0,43,56.0,8.69,6,10,0.3893
postcentral,2,PrG,Precentral Gyrus,Frontal Lobe,0.1964,0.1691,11.0,11,56.0,8.69,6,10,0.3893
postcentral,3,SPL,Superior Parietal Lobule,Parietal Lobe,0.1429,0.125,8.0,9,56.0,8.69,6,10,0.3893
postcentral,4,STG,Superior Temporal Gyrus,Temporal Lobe,0.0536,0.0515,3.0,8,56.0,8.69,6,10,0.3893
postcentral,5,IPL,Inferior Parietal Lobule,Parietal Lobe,0.0536,0.0515,3.0,5,56.0,8.69,6,10,0.3893
postcentral,6,CG,Cingulate Gyrus,Limbic Lobe,0.0179,0.0221,1.0,1,56.0,8.69,6,10,0.3893
postcentral,7,INS,Insular Gyrus,Insular Lobe,0.0179,0.0221,1.0,1,56.0,8.69,6,10,0.3893
postcentral,8,MFG,Middle Frontal Gyrus,Frontal Lobe,0.0179,0.0221,1.0,1,56.0,8.69,6,10,0.3893
postcentral,9,SFG,Superior Frontal Gyrus,Frontal Lobe,0.0179,0.0221,1.0,1,56.0,8.69,6,10,0.3893
postcentral,10,Tha,Thalamus,Subcortical Nuclei,0.0179,0.0221,1.0,1,56.0,8.69,6,10,0.3893
postcentral 1,1,PoG,Postcentral Gyrus,Parietal Lobe,0.5,0.1071,1.0,2,2.0,22.13,19,2,0.1071
postcentral 1,2,PrG,Precentral Gyrus,Frontal Lobe,0.5,0.1071,1.0,2,2.0,22.13,19,2,0.1071
postcentral cortex,1,PoG,Postcentral Gyrus,Parietal Lobe,0.4286,0.1842,3.0,3,7.0,18.77,17,5,0.1843
postcentral cortex,2,INS,Insular Gyrus,Insular Lobe,0.1429,0.0789,1.0,1,7.0,18.77,17,5,0.1843
postcentral cortex,3,PrG,Precentral Gyrus,Frontal Lobe,0.1429,0.0789,1.0,1,7.0,18.77,17,5,0.1843
postcentral cortex,4,SPL,Superior Parietal Lobule,Parietal Lobe,0.1429,0.0789,1.0,1,7.0,18.77,17,5,0.1843
postcentral cortex,5,STG,Superior Temporal Gyrus,Temporal Lobe,0.1429,0.0789,1.0,1,7.0,18.77,17,5,0.1843
postcentral g,1,PoG,Postcentral Gyrus,Parietal Lobe,0.4286,0.1842,3.0,6,7.0,18.06,17,4,0.1843
postcentral g,2,STG,Superior Temporal Gyrus,Temporal Lobe,0.2857,0.1316,2.0,2,7.0,18.06,17,4,0.1843
postcentral g,3,IPL,Inferior Parietal Lobule,Parietal Lobe,0.1429,0.0789,1.0,1,7.0,18.06,17,4,0.1843
postcentral g,4,PrG,Precentral Gyrus,Frontal Lobe,0.1429,0.0789,1.0,1,7.0,18.06,17,4,0.1843
postcentral g ba 4,1,PoG,Postcentral Gyrus,Parietal Lobe,1.0,0.1154,1.0,1,1.0,22.91,19,1,0.1153
postcentral gryrus,1,PoG,Postcentral Gyrus,Parietal Lobe,1.0,0.1154,1.0,1,1.0,22.91,19,1,0.1153
postcentral gy,1,PoG,Postcentral Gyrus,Parietal Lobe,1.0,0.1154,1.0,1,1.0,22.91,19,1,0.1153
postcentral gyr,1,PoG,Postcentral Gyrus,Parietal Lobe,1.0,0.1154,1.0,2,1.0,22.91,19,1,0.1153
postcentral gyrus,1,PoG,Postcentral Gyrus,Parietal Lobe,0.4228,0.4115,167.0,283,395.0,6.68,4,18,0.4116
postcentral gyrus,2,IPL,Inferior Parietal Lobule,Parietal Lobe,0.1949,0.1904,77.0,102,395.0,6.68,4,18,0.4116
postcentral gyrus,3,SPL,Superior Parietal Lobule,Parietal Lobe,0.1165,0.1143,46.0,53,395.0,6.68,4,18,0.4116
postcentral gyrus,4,PrG,Precentral Gyrus,Frontal Lobe,0.1139,0.1118,45.0,55,395.0,6.68,4,18,0.4116
postcentral gyrus,5,STG,Superior Temporal Gyrus,Temporal Lobe,0.0456,0.0455,18.0,25,395.0,6.68,4,18,0.4116
postcentral gyrus,6,MFG,Middle Frontal Gyrus,Frontal Lobe,0.0203,0.0209,8.0,12,395.0,6.68,4,18,0.4116
postcentral gyrus,7,PCL,Paracentral Lobule,Frontal Lobe,0.0177,0.0184,7.0,8,395.0,6.68,4,18,0.4116
postcentral gyrus,8,Pcun,Precuneus,Parietal Lobe,0.0177,0.0184,7.0,8,395.0,6.68,4,18,0.4116
postcentral gyrus,9,INS,Insular Gyrus,Insular Lobe,0.0101,0.0111,4.0,4,395.0,6.68,4,18,0.4116
postcentral gyrus,10,SFG,Superior Frontal Gyrus,Frontal Lobe,0.0076,0.0086,3.0,4,395.0,6.68,4,18,0.4116
postcentral gyrus,11,CG,Cingulate Gyrus,Limbic Lobe,0.0051,0.0061,2.0,2,395.0,6.68,4,18,0.4116
postcentral gyrus,12,Hipp,Hippocampus,Subcortical Nuclei,0.0051,0.0061,2.0,2,395.0,6.68,4,18,0.4116
postcentral gyrus,13,IFG,Inferior Frontal Gyrus,Frontal Lobe,0.0051,0.0061,2.0,2,395.0,6.68,4,18,0.4116
postcentral gyrus,14,LOcC,lateral Occipital Cortex,Occipital Lobe,0.0051,0.0061,2.0,2,395.0,6.68,4,18,0.4116
postcentral gyrus,15,Tha,Thalamus,Subcortical Nuclei,0.0051,0.0061,2.0,2,395.0,6.68,4,18,0.4116
postcentral gyrus,16,BG,Basal Ganglia,Subcortical Nuclei,0.0025,0.0037,1.0,1,395.0,6.68,4,18,0.4116
postcentral gyrus,17,MTG,Middle Temporal Gyrus,Temporal Lobe,0.0025,0.0037,1.0,1,395.0,6.68,4,18,0.4116
postcentral gyrus,18,pSTS,posterior Superior Temporal Sulcus,Temporal Lobe,0.0025,0.0037,1.0,1,395.0,6.68,4,18,0.4116
postcentral gyrus 1 2,1,IPL,Inferior Parietal Lobule,Parietal Lobe,1.0,0.1154,1.0,1,1.0,22.91,19,1,0.1153
postcentral gyrus 1 2 3,1,IPL,Inferior Parietal Lobule,Parietal Lobe,1.0,0.1154,1.0,1,1.0,22.91,19,1,0.1153
postcentral gyrus 2,1,IPL,Inferior Parietal Lobule,Parietal Lobe,0.6667,0.1667,2.0,2,3.0,20.55,18,2,0.1668
postcentral gyrus 2,2,PoG,Postcentral Gyrus,Parietal Lobe,0.3333,0.1,1.0,2,3.0,20.55,18,2,0.1668
postcentral gyrus 2 1,1,SPL,Superior Parietal Lobule,Parietal Lobe,1.0,0.1154,1.0,1,1.0,22.91,19,1,0.1153
postcentral gyrus 3,1,PoG,Postcentral Gyrus,Parietal Lobe,0.5,0.1944,3.0,3,6.0,18.74,17,4,0.1943
postcentral gyrus 3,2,MFG,Middle Frontal Gyrus,Frontal Lobe,0.1667,0.0833,1.0,1,6.0,18.74,17,4,0.1943
postcentral gyrus 3,3,PrG,Precentral Gyrus,Frontal Lobe,0.1667,0.0833,1.0,1,6.0,18.74,17,4,0.1943
postcentral gyrus 3,4,SPL,Superior Parietal Lobule,Parietal Lobe,0.1667,0.0833,1.0,1,6.0,18.74,17,4,0.1943
postcentral gyrus 40,1,IPL,Inferior Parietal Lobule,Parietal Lobe,0.5,0.1071,1.0,1,2.0,22.13,19,2,0.1071
postcentral gyrus 40,2,PoG,Postcentral Gyrus,Parietal Lobe,0.5,0.1071,1.0,1,2.0,22.13,19,2,0.1071
postcentral gyrus 43,1,PoG,Postcentral Gyrus,Parietal Lobe,1.0,0.1154,1.0,2,1.0,22.91,19,1,0.1153
postcentral gyrus 7,1,Pcun,Precuneus,Parietal Lobe,1.0,0.1154,1.0,1,1.0,22.91,19,1,0.1153
postcentral gyrus and central sulcus,1,PoG,Postcentral Gyrus,Parietal Lobe,1.0,0.1154,1.0,1,1.0,22.91,19,1,0.1153
postcentral gyrus and superior parietal lobule,1,IPL,Inferior Parietal Lobule,Parietal Lobe,1.0,0.1154,1.0,1,1.0,22.91,19,1,0.1153
postcentral gyrus ba 1,1,MFG,Middle Frontal Gyrus,Frontal Lobe,0.5,0.1071,1.0,1,2.0,22.13,19,2,0.1071
postcentral gyrus ba 1,2,STG,Superior Temporal Gyrus,Temporal Lobe,0.5,0.1071,1.0,1,2.0,22.13,19,2,0.1071
postcentral gyrus ba 2,1,IPL,Inferior Parietal Lobule,Parietal Lobe,0.4,0.1471,2.0,2,5.0,20.06,18,4,0.1471
postcentral gyrus ba 2,2,STG,Superior Temporal Gyrus,Temporal Lobe,0.2,0.0882,1.0,2,5.0,20.06,18,4,0.1471
postcentral gyrus ba 2,3,pSTS,posterior Superior Temporal Sulcus,Temporal Lobe,0.2,0.0882,1.0,2,5.0,20.06,18,4,0.1471
postcentral gyrus ba 2,4,PoG,Postcentral Gyrus,Parietal Lobe,0.2,0.0882,1.0,1,5.0,20.06,18,4,0.1471
postcentral gyrus ba 3,1,PoG,Postcentral Gyrus,Parietal Lobe,0.75,0.325,6.0,8,8.0,14.74,16,3,0.325
postcentral gyrus ba 3,2,STG,Superior Temporal Gyrus,Temporal Lobe,0.125,0.075,1.0,1,8.0,14.74,16,3,0.325
postcentral gyrus ba 3,3,pSTS,posterior Superior Temporal Sulcus,Temporal Lobe,0.125,0.075,1.0,1,8.0,14.74,16,3,0.325
postcentral gyrus ba 3 4,1,PoG,Postcentral Gyrus,Parietal Lobe,1.0,0.1154,1.0,1,1.0,22.91,19,1,0.1153
postcentral gyrus ba 4,1,PoG,Postcentral Gyrus,Parietal Lobe,1.0,0.1154,1.0,1,1.0,22.91,19,1,0.1153
postcentral gyrus ba 7,1,Pcun,Precuneus,Parietal Lobe,1.0,0.1154,1.0,1,1.0,22.91,19,1,0.1153
postcentral gyrus lc,1,IPL,Inferior Parietal Lobule,Parietal Lobe,1.0,0.1154,1.0,1,1.0,22.91,19,1,0.1153
postcentral gyrus precentral gyrus,1,PrG,Precentral Gyrus,Frontal Lobe,1.0,0.1154,1.0,1,1.0,22.91,19,1,0.1153
postcentral gyrusa,1,PoG,Postcentral Gyrus,Parietal Lobe,1.0,0.1154,1.0,1,1.0,22.91,19,1,0.1153
postcentral sulcus,1,IPL,Inferior Parietal Lobule,Parietal Lobe,0.5,0.1562,2.0,3,4.0,20.24,18,3,0.1564
postcentral sulcus,2,PoG,Postcentral Gyrus,Parietal Lobe,0.25,0.0938,1.0,1,4.0,20.24,18,3,0.1564
postcentral sulcus,3,SPL,Superior Parietal Lobule,Parietal Lobe,0.25,0.0938,1.0,1,4.0,20.24,18,3,0.1564
postcentralgyrus,1,IPL,Inferior Parietal Lobule,Parietal Lobe,1.0,0.1154,1.0,2,1.0,22.91,19,1,0.1153
postcentrral sulcus,1,IPL,Inferior Parietal Lobule,Parietal Lobe,1.0,0.1154,1.0,1,1.0,22.91,19,1,0.1153
postcg,1,PoG,Postcentral Gyrus,Parietal Lobe,1.0,0.1786,2.0,2,2.0,21.0,19,1,0.1787
postcgyrs,1,PoG,Postcentral Gyrus,Parietal Lobe,0.5,0.1071,1.0,2,2.0,22.13,19,2,0.1071
postcgyrs,2,IPL,Inferior Parietal Lobule,Parietal Lobe,0.5,0.1071,1.0,1,2.0,22.13,19,2,0.1071
postcs,1,PoG,Postcentral Gyrus,Parietal Lobe,1.0,0.1154,1.0,1,1.0,22.91,19,1,0.1153
posterior,1,CG,Cingulate Gyrus,Limbic Lobe,0.5,0.225,4.0,4,8.0,17.55,16,5,0.225
posterior,2,INS,Insular Gyrus,Insular Lobe,0.125,0.075,1.0,2,8.0,17.55,16,5,0.225
posterior,3,LOcC,lateral Occipital Cortex,Occipital Lobe,0.125,0.075,1.0,1,8.0,17.55,16,5,0.225
posterior,4,Pcun,Precuneus,Parietal Lobe,0.125,0.075,1.0,1,8.0,17.55,16,5,0.225
posterior,5,PrG,Precentral Gyrus,Frontal Lobe,0.125,0.075,1.0,1,8.0,17.55,16,5,0.225
posterior and middle cingulate cortex,1,CG,Cingulate Gyrus,Limbic Lobe,1.0,0.1154,1.0,1,1.0,22.91,19,1,0.1153
posterior calcarine sulcus,1,MVOcC,MedioVentral Occipital Cortex,Occipital Lobe,1.0,0.1154,1.0,2,1.0,22.91,19,1,0.1153
posterior caudate,1,BG,Basal Ganglia,Subcortical Nuclei,1.0,0.1154,1.0,1,1.0,22.91,19,1,0.1153
posterior central gyrus,1,SPL,Superior Parietal Lobule,Parietal Lobe,1.0,0.1154,1.0,1,1.0,22.91,19,1,0.1153
posterior cerebellum,1,FuG,Fusiform Gyrus,Temporal Lobe,0.4,0.1471,2.0,3,5.0,19.22,18,3,0.1471
posterior cerebellum,2,LOcC,lateral Occipital Cortex,Occipital Lobe,0.4,0.1471,2.0,3,5.0,19.22,18,3,0.1471
posterior cerebellum,3,MVOcC,MedioVentral Occipital Cortex,Occipital Lobe,0.2,0.0882,1.0,1,5.0,19.22,18,3,0.1471
posterior cingular,1,MVOcC,MedioVentral Occipital Cortex,Occipital Lobe,1.0,0.1154,1.0,1,1.0,22.91,19,1,0.1153
posterior cingulate,1,CG,Cingulate Gyrus,Limbic Lobe,0.4522,0.4134,52.0,66,115.0,5.89,3,10,0.4136
posterior cingulate,2,Pcun,Precuneus,Parietal Lobe,0.3043,0.2795,35.0,49,115.0,5.89,3,10,0.4136
posterior cingulate,3,MVOcC,MedioVentral Occipital Cortex,Occipital Lobe,0.1391,0.1299,16.0,18,115.0,5.89,3,10,0.4136
posterior cingulate,4,SFG,Superior Frontal Gyrus,Frontal Lobe,0.0348,0.0354,4.0,4,115.0,5.89,3,10,0.4136
posterior cingulate,5,Tha,Thalamus,Subcortical Nuclei,0.0174,0.0197,2.0,3,115.0,5.89,3,10,0.4136
posterior cingulate,6,MFG,Middle Frontal Gyrus,Frontal Lobe,0.0174,0.0197,2.0,2,115.0,5.89,3,10,0.4136
posterior cingulate,7,BG,Basal Ganglia,Subcortical Nuclei,0.0087,0.0118,1.0,1,115.0,5.89,3,10,0.4136
posterior cingulate,8,LOcC,lateral Occipital Cortex,Occipital Lobe,0.0087,0.0118,1.0,1,115.0,5.89,3,10,0.4136
posterior cingulate,9,PCL,Paracentral Lobule,Frontal Lobe,0.0087,0.0118,1.0,1,115.0,5.89,3,10,0.4136
posterior cingulate,10,SPL,Superior Parietal Lobule,Parietal Lobe,0.0087,0.0118,1.0,1,115.0,5.89,3,10,0.4136
posterior cingulate 24,1,Tha,Thalamus,Subcortical Nuclei,1.0,0.1154,1.0,1,1.0,22.91,19,1,0.1153
posterior cingulate 29,1,CG,Cingulate Gyrus,Limbic Lobe,1.0,0.1786,2.0,2,2.0,21.0,19,1,0.1787
posterior cingulate 30,1,PhG,Parahippocampal Gyrus,Temporal Lobe,1.0,0.1154,1.0,1,1.0,22.91,19,1,0.1153
posterior cingulate 31,1,Tha,Thalamus,Subcortical Nuclei,1.0,0.1154,1.0,1,1.0,22.91,19,1,0.1153
posterior cingulate ba 23,1,CG,Cingulate Gyrus,Limbic Lobe,0.5,0.1071,1.0,1,2.0,22.13,19,2,0.1071
posterior cingulate ba 23,2,Pcun,Precuneus,Parietal Lobe,0.5,0.1071,1.0,1,2.0,22.13,19,2,0.1071
posterior cingulate ba 23 26 29 30 31,1,Pcun,Precuneus,Parietal Lobe,1.0,0.1154,1.0,1,1.0,22.91,19,1,0.1153
posterior cingulate ba 23 31,1,Pcun,Precuneus,Parietal Lobe,1.0,0.1154,1.0,1,1.0,22.91,19,1,0.1153
posterior cingulate ba 30,1,MVOcC,MedioVentral Occipital Cortex,Occipital Lobe,0.6667,0.1667,2.0,2,3.0,20.55,18,2,0.1668
posterior cingulate ba 30,2,Pcun,Precuneus,Parietal Lobe,0.3333,0.1,1.0,1,3.0,20.55,18,2,0.1668
posterior cingulate ba 31,1,MVOcC,MedioVentral Occipital Cortex,Occipital Lobe,0.5,0.1071,1.0,1,2.0,22.13,19,2,0.1071
posterior cingulate ba 31,2,Pcun,Precuneus,Parietal Lobe,0.5,0.1071,1.0,1,2.0,22.13,19,2,0.1071
posterior cingulate bi,1,CG,Cingulate Gyrus,Limbic Lobe,1.0,0.1154,1.0,1,1.0,22.91,19,1,0.1153
posterior cingulate cortex,1,CG,Cingulate Gyrus,Limbic Lobe,0.5363,0.5052,96.0,127,179.0,4.55,3,9,0.5054
posterior cingulate cortex,2,Pcun,Precuneus,Parietal Lobe,0.3017,0.2853,54.0,73,179.0,4.55,3,9,0.5054
posterior cingulate cortex,3,MVOcC,MedioVentral Occipital Cortex,Occipital Lobe,0.0782,0.0759,14.0,16,179.0,4.55,3,9,0.5054
posterior cingulate cortex,4,Tha,Thalamus,Subcortical Nuclei,0.0279,0.0288,5.0,5,179.0,4.55,3,9,0.5054
posterior cingulate cortex,5,SFG,Superior Frontal Gyrus,Frontal Lobe,0.0168,0.0183,3.0,5,179.0,4.55,3,9,0.5054
posterior cingulate cortex,6,BG,Basal Ganglia,Subcortical Nuclei,0.0112,0.0131,2.0,2,179.0,4.55,3,9,0.5054
posterior cingulate cortex,7,Hipp,Hippocampus,Subcortical Nuclei,0.0112,0.0131,2.0,2,179.0,4.55,3,9,0.5054
posterior cingulate cortex,8,PCL,Paracentral Lobule,Frontal Lobe,0.0112,0.0131,2.0,2,179.0,4.55,3,9,0.5054
posterior cingulate cortex,9,IFG,Inferior Frontal Gyrus,Frontal Lobe,0.0056,0.0079,1.0,1,179.0,4.55,3,9,0.5054
posterior cingulate cortex 23,1,CG,Cingulate Gyrus,Limbic Lobe,1.0,0.1154,1.0,1,1.0,22.91,19,1,0.1153
posterior cingulate cortex 31,1,CG,Cingulate Gyrus,Limbic Lobe,1.0,0.1786,2.0,3,2.0,21.0,19,1,0.1787
posterior cingulate cortex ba 23,1,CG,Cingulate Gyrus,Limbic Lobe,1.0,0.1154,1.0,1,1.0,22.91,19,1,0.1153
posterior cingulate cortex ba 30,1,CG,Cingulate Gyrus,Limbic Lobe,0.5,0.1071,1.0,2,2.0,22.13,19,2,0.1071
posterior cingulate cortex ba 30,2,MVOcC,MedioVentral Occipital Cortex,Occipital Lobe,0.5,0.1071,1.0,1,2.0,22.13,19,2,0.1071
posterior cingulate cortex ba 31,1,CG,Cingulate Gyrus,Limbic Lobe,1.0,0.1154,1.0,1,1.0,22.91,19,1,0.1153
posterior cingulate ctx,1,Pcun,Precuneus,Parietal Lobe,1.0,0.1154,1.0,1,1.0,22.91,19,1,0.1153
posterior cingulate g,1,CG,Cingulate Gyrus,Limbic Lobe,1.0,0.1154,1.0,1,1.0,22.91,19,1,0.1153
posterior cingulate gurus,1,CG,Cingulate Gyrus,Limbic Lobe,1.0,0.1154,1.0,1,1.0,22.91,19,1,0.1153
posterior cingulate gyrus,1,CG,Cingulate Gyrus,Limbic Lobe,0.6,0.5069,36.0,50,60.0,5.34,3,6,0.5074
posterior cingulate gyrus,2,Pcun,Precuneus,Parietal Lobe,0.3167,0.2708,19.0,27,60.0,5.34,3,6,0.5074
posterior cingulate gyrus,3,Tha,Thalamus,Subcortical Nuclei,0.0333,0.0347,2.0,2,60.0,5.34,3,6,0.5074
posterior cingulate gyrus,4,MVOcC,MedioVentral Occipital Cortex,Occipital Lobe,0.0167,0.0208,1.0,2,60.0,5.34,3,6,0.5074
posterior cingulate gyrus,5,BG,Basal Ganglia,Subcortical Nuclei,0.0167,0.0208,1.0,1,60.0,5.34,3,6,0.5074
posterior cingulate gyrus,6,SFG,Superior Frontal Gyrus,Frontal Lobe,0.0167,0.0208,1.0,1,60.0,5.34,3,6,0.5074
posterior cingulate gyrus 23,1,Tha,Thalamus,Subcortical Nuclei,1.0,0.1154,1.0,1,1.0,22.91,19,1,0.1153
posterior cingulate gyrus 24,1,Tha,Thalamus,Subcortical Nuclei,1.0,0.1154,1.0,1,1.0,22.91,19,1,0.1153
posterior cingulate gyrus 29,1,CG,Cingulate Gyrus,Limbic Lobe,1.0,0.1786,2.0,2,2.0,21.0,19,1,0.1787
posterior cingulate gyrus 30,1,Pcun,Precuneus,Parietal Lobe,1.0,0.1154,1.0,2,1.0,22.91,19,1,0.1153
posterior cingulate gyrus 31,1,CG,Cingulate Gyrus,Limbic Lobe,1.0,0.1154,1.0,1,1.0,22.91,19,1,0.1153
posterior cingulate gyrus and precuneus,1,Pcun,Precuneus,Parietal Lobe,1.0,0.1154,1.0,1,1.0,22.91,19,1,0.1153
posterior cingulate gyrus ba 23,1,Pcun,Precuneus,Parietal Lobe,1.0,0.1154,1.0,1,1.0,22.91,19,1,0.1153
posterior cingulate gyrus ba 29,1,CG,Cingulate Gyrus,Limbic Lobe,0.5,0.1071,1.0,1,2.0,22.13,19,2,0.1071
posterior cingulate gyrus ba 29,2,Tha,Thalamus,Subcortical Nuclei,0.5,0.1071,1.0,1,2.0,22.13,19,2,0.1071
posterior cingulate gyrus bi,1,CG,Cingulate Gyrus,Limbic Lobe,1.0,0.1154,1.0,1,1.0,22.91,19,1,0.1153
posterior cingulum,1,CG,Cingulate Gyrus,Limbic Lobe,1.0,0.3611,6.0,6,6.0,14.26,17,1,0.3609
posterior cingulum ba 23,1,CG,Cingulate Gyrus,Limbic Lobe,1.0,0.1154,1.0,2,1.0,22.91,19,1,0.1153
posterior corona radiata,1,Tha,Thalamus,Subcortical Nuclei,1.0,0.1154,1.0,1,1.0,22.91,19,1,0.1153
posterior dorsal ifg,1,IFG,Inferior Frontal Gyrus,Frontal Lobe,1.0,0.1154,1.0,1,1.0,22.91,19,1,0.1153
posterior dorsal part of the cingulate gyrus,1,CG,Cingulate Gyrus,Limbic Lobe,1.0,0.1154,1.0,2,1.0,22.91,19,1,0.1153
posterior dorsal putamen,1,BG,Basal Ganglia,Subcortical Nuclei,1.0,0.1154,1.0,1,1.0,22.91,19,1,0.1153
posterior edge of the middle temporal sulcus,1,LOcC,lateral Occipital Cortex,Occipital Lobe,1.0,0.1154,1.0,1,1.0,22.91,19,1,0.1153
posterior frontal gyrus,1,SFG,Superior Frontal Gyrus,Frontal Lobe,1.0,0.1154,1.0,1,1.0,22.91,19,1,0.1153
posterior fusiform,1,FuG,Fusiform Gyrus,Temporal Lobe,1.0,0.1154,1.0,1,1.0,22.91,19,1,0.1153
posterior fusiform gyrus,1,FuG,Fusiform Gyrus,Temporal Lobe,0.6667,0.1667,2.0,3,3.0,20.55,18,2,0.1668
posterior fusiform gyrus,2,ITG,Inferior Temporal Gyrus,Temporal Lobe,0.3333,0.1,1.0,1,3.0,20.55,18,2,0.1668
posterior hippocampal roi,1,Hipp,Hippocampus,Subcortical Nuclei,1.0,0.1154,1.0,1,1.0,22.91,19,1,0.1153
posterior hippocampal roia,1,Hipp,Hippocampus,Subcortical Nuclei,1.0,0.1154,1.0,1,1.0,22.91,19,1,0.1153
posterior hippocampus,1,Tha,Thalamus,Subcortical Nuclei,0.5714,0.2368,4.0,5,7.0,15.78,17,2,0.2369
posterior hippocampus,2,Hipp,Hippocampus,Subcortical Nuclei,0.4286,0.1842,3.0,3,7.0,15.78,17,2,0.2369
posterior inferior frontal gyrus,1,IFG,Inferior Frontal Gyrus,Frontal Lobe,1.0,0.1154,1.0,1,1.0,22.91,19,1,0.1153
posterior inferior frontal sulcus,1,MFG,Middle Frontal Gyrus,Frontal Lobe,1.0,0.1154,1.0,1,1.0,22.91,19,1,0.1153
posterior inferior parietal lobule,1,IPL,Inferior Parietal Lobule,Parietal Lobe,1.0,0.1154,1.0,1,1.0,22.91,19,1,0.1153
posterior inferior temporal gyrus,1,LOcC,lateral Occipital Cortex,Occipital Lobe,0.6667,0.1667,2.0,4,3.0,20.55,18,2,0.1668
posterior inferior temporal gyrus,2,FuG,Fusiform Gyrus,Temporal Lobe,0.3333,0.1,1.0,1,3.0,20.55,18,2,0.1668
posterior inferior temporal gyrus ba 20,1,ITG,Inferior Temporal Gyrus,Temporal Lobe,1.0,0.1154,1.0,1,1.0,22.91,19,1,0.1153
posterior inferiorfrontal sulcus,1,MFG,Middle Frontal Gyrus,Frontal Lobe,1.0,0.1154,1.0,1,1.0,22.91,19,1,0.1153
posterior insula,1,INS,Insular Gyrus,Insular Lobe,0.5397,0.46,34.0,46,63.0,7.17,5,8,0.4598
posterior insula,2,STG,Superior Temporal Gyrus,Temporal Lobe,0.1587,0.14,10.0,12,63.0,7.17,5,8,0.4598
posterior insula,3,IPL,Inferior Parietal Lobule,Parietal Lobe,0.1429,0.1267,9.0,11,63.0,7.17,5,8,0.4598
posterior insula,4,PoG,Postcentral Gyrus,Parietal Lobe,0.0794,0.0733,5.0,6,63.0,7.17,5,8,0.4598
posterior insula,5,PrG,Precentral Gyrus,Frontal Lobe,0.0317,0.0333,2.0,2,63.0,7.17,5,8,0.4598
posterior insula,6,BG,Basal Ganglia,Subcortical Nuclei,0.0159,0.02,1.0,1,63.0,7.17,5,8,0.4598
posterior insula,7,IFG,Inferior Frontal Gyrus,Frontal Lobe,0.0159,0.02,1.0,1,63.0,7.17,5,8,0.4598
posterior insula,8,Tha,Thalamus,Subcortical Nuclei,0.0159,0.02,1.0,1,63.0,7.17,5,8,0.4598
posterior insula ba 13,1,INS,Insular Gyrus,Insular Lobe,0.5,0.1071,1.0,2,2.0,22.13,19,2,0.1071
posterior insula ba 13,2,STG,Superior Temporal Gyrus,Temporal Lobe,0.5,0.1071,1.0,1,2.0,22.13,19,2,0.1071
posterior insular,1,MFG,Middle Frontal Gyrus,Frontal Lobe,1.0,0.1154,1.0,1,1.0,22.91,19,1,0.1153
posterior insular cortex,1,MFG,Middle Frontal Gyrus,Frontal Lobe,0.25,0.0938,1.0,3,4.0,21.18,18,4,0.0939
posterior insular cortex,2,INS,Insular Gyrus,Insular Lobe,0.25,0.0938,1.0,1,4.0,21.18,18,4,0.0939
posterior insular cortex,3,IPL,Inferior Parietal Lobule,Parietal Lobe,0.25,0.0938,1.0,1,4.0,21.18,18,4,0.0939
posterior insular cortex,4,STG,Superior Temporal Gyrus,Temporal Lobe,0.25,0.0938,1.0,1,4.0,21.18,18,4,0.0939
posterior intraparietal sulcus,1,SPL,Superior Parietal Lobule,Parietal Lobe,0.6667,0.1667,2.0,3,3.0,20.55,18,2,0.1668
posterior intraparietal sulcus,2,LOcC,lateral Occipital Cortex,Occipital Lobe,0.3333,0.1,1.0,1,3.0,20.55,18,2,0.1668
posterior intraparietal sulcus ba 7,1,BG,Basal Ganglia,Subcortical Nuclei,0.4,0.1471,2.0,2,5.0,19.22,18,3,0.1471
posterior intraparietal sulcus ba 7,2,FuG,Fusiform Gyrus,Temporal Lobe,0.4,0.1471,2.0,2,5.0,19.22,18,3,0.1471
posterior intraparietal sulcus ba 7,3,PhG,Parahippocampal Gyrus,Temporal Lobe,0.2,0.0882,1.0,2,5.0,19.22,18,3,0.1471
posterior lateral orbitofrontal cortex,1,IFG,Inferior Frontal Gyrus,Frontal Lobe,1.0,0.1154,1.0,2,1.0,22.91,19,1,0.1153
posterior limb,1,Tha,Thalamus,Subcortical Nuclei,1.0,0.1786,2.0,2,2.0,21.0,19,1,0.1787
posterior limb of,1,BG,Basal Ganglia,Subcortical Nuclei,1.0,0.1154,1.0,1,1.0,22.91,19,1,0.1153
posterior limb of internal capsule,1,PhG,Parahippocampal Gyrus,Temporal Lobe,0.5,0.1071,1.0,1,2.0,22.13,19,2,0.1071
posterior limb of internal capsule,2,Tha,Thalamus,Subcortical Nuclei,0.5,0.1071,1.0,1,2.0,22.13,19,2,0.1071
posterior lingual gyrus,1,MVOcC,MedioVentral Occipital Cortex,Occipital Lobe,1.0,0.1154,1.0,2,1.0,22.91,19,1,0.1153
posterior lobe declive,1,FuG,Fusiform Gyrus,Temporal Lobe,1.0,0.1154,1.0,1,1.0,22.91,19,1,0.1153
posterior lobe of cerebellum,1,MVOcC,MedioVentral Occipital Cortex,Occipital Lobe,1.0,0.1154,1.0,1,1.0,22.91,19,1,0.1153
posterior medial frontal,1,SFG,Superior Frontal Gyrus,Frontal Lobe,1.0,0.1154,1.0,1,1.0,22.91,19,1,0.1153
posterior medial frontal cortex,1,SFG,Superior Frontal Gyrus,Frontal Lobe,0.5,0.1071,1.0,2,2.0,22.13,19,2,0.1071
posterior medial frontal cortex,2,CG,Cingulate Gyrus,Limbic Lobe,0.5,0.1071,1.0,1,2.0,22.13,19,2,0.1071
posterior medial frontal gyrus,1,SFG,Superior Frontal Gyrus,Frontal Lobe,1.0,0.2812,4.0,5,4.0,17.24,18,1,0.2815
posterior medial frontal lobe,1,SFG,Superior Frontal Gyrus,Frontal Lobe,1.0,0.1154,1.0,1,1.0,22.91,19,1,0.1153
posterior medial gyrus,1,SFG,Superior Frontal Gyrus,Frontal Lobe,1.0,0.1154,1.0,1,1.0,22.91,19,1,0.1153
posterior mfg,1,INS,Insular Gyrus,Insular Lobe,1.0,0.1154,1.0,1,1.0,22.91,19,1,0.1153
posterior mid cingulate,1,Tha,Thalamus,Subcortical Nuclei,1.0,0.1154,1.0,1,1.0,22.91,19,1,0.1153
posterior mid cingulate cortex,1,CG,Cingulate Gyrus,Limbic Lobe,1.0,0.1154,1.0,2,1.0,22.91,19,1,0.1153
posterior mid temporal,1,MTG,Middle Temporal Gyrus,Temporal Lobe,1.0,0.1154,1.0,1,1.0,22.91,19,1,0.1153
posterior middle cingulate,1,CG,Cingulate Gyrus,Limbic Lobe,1.0,0.1154,1.0,1,1.0,22.91,19,1,0.1153
posterior middle cingulate cortex,1,CG,Cingulate Gyrus,Limbic Lobe,1.0,0.1154,1.0,2,1.0,22.91,19,1,0.1153
posterior middle frontal gyrus,1,MFG,Middle Frontal Gyrus,Frontal Lobe,1.0,0.1786,2.0,2,2.0,21.0,19,1,0.1787
posterior middle temporal ba 39,1,IPL,Inferior Parietal Lobule,Parietal Lobe,1.0,0.1154,1.0,1,1.0,22.91,19,1,0.1153
posterior middle temporal gyrus,1,pSTS,posterior Superior Temporal Sulcus,Temporal Lobe,0.3571,0.2115,5.0,6,14.0,14.1,14,4,0.2116
posterior middle temporal gyrus,2,MTG,Middle Temporal Gyrus,Temporal Lobe,0.2857,0.1731,4.0,5,14.0,14.1,14,4,0.2116
posterior middle temporal gyrus,3,STG,Superior Temporal Gyrus,Temporal Lobe,0.2143,0.1346,3.0,6,14.0,14.1,14,4,0.2116
posterior middle temporal gyrus,4,IPL,Inferior Parietal Lobule,Parietal Lobe,0.1429,0.0962,2.0,2,14.0,14.1,14,4,0.2116
posterior middle temporal gyrus 21,1,MTG,Middle Temporal Gyrus,Temporal Lobe,1.0,0.1154,1.0,1,1.0,22.91,19,1,0.1153
posterior middle temporal gyrus ba 21 37,1,MTG,Middle Temporal Gyrus,Temporal Lobe,1.0,0.1154,1.0,2,1.0,22.91,19,1,0.1153
posterior mtg,1,pSTS,posterior Superior Temporal Sulcus,Temporal Lobe,0.4286,0.1842,3.0,3,7.0,18.06,17,4,0.1843
posterior mtg,2,MTG,Middle Temporal Gyrus,Temporal Lobe,0.2857,0.1316,2.0,4,7.0,18.06,17,4,0.1843
posterior mtg,3,IPL,Inferior Parietal Lobule,Parietal Lobe,0.1429,0.0789,1.0,2,7.0,18.06,17,4,0.1843
posterior mtg,4,ITG,Inferior Temporal Gyrus,Temporal Lobe,0.1429,0.0789,1.0,1,7.0,18.06,17,4,0.1843
posterior occipital,1,FuG,Fusiform Gyrus,Temporal Lobe,0.5,0.1071,1.0,1,2.0,22.13,19,2,0.1071
posterior occipital,2,LOcC,lateral Occipital Cortex,Occipital Lobe,0.5,0.1071,1.0,1,2.0,22.13,19,2,0.1071
posterior occipital cortex,1,LOcC,lateral Occipital Cortex,Occipital Lobe,0.5,0.1071,1.0,1,2.0,22.13,19,2,0.1071
posterior occipital cortex,2,MVOcC,MedioVentral Occipital Cortex,Occipital Lobe,0.5,0.1071,1.0,1,2.0,22.13,19,2,0.1071
posterior occipital lobe,1,LOcC,lateral Occipital Cortex,Occipital Lobe,1.0,0.1154,1.0,1,1.0,22.91,19,1,0.1153
posterior ofc,1,OrG,Orbital Gyrus,Frontal Lobe,1.0,0.1154,1.0,1,1.0,22.91,19,1,0.1153
posterior operculum,1,IPL,Inferior Parietal Lobule,Parietal Lobe,0.5,0.1071,1.0,4,2.0,22.13,19,2,0.1071
posterior operculum,2,PoG,Postcentral Gyrus,Parietal Lobe,0.5,0.1071,1.0,1,2.0,22.13,19,2,0.1071
posterior orbital gyrus,1,OrG,Orbital Gyrus,Frontal Lobe,1.0,0.2333,3.0,3,3.0,19.05,18,1,0.2335
posterior parahippocampal gyrus,1,CG,Cingulate Gyrus,Limbic Lobe,0.5,0.1071,1.0,2,2.0,22.13,19,2,0.1071
posterior parahippocampal gyrus,2,Hipp,Hippocampus,Subcortical Nuclei,0.5,0.1071,1.0,1,2.0,22.13,19,2,0.1071
posterior parahippocampal gyrus 36,1,PhG,Parahippocampal Gyrus,Temporal Lobe,1.0,0.1154,1.0,1,1.0,22.91,19,1,0.1153
posterior parietal,1,IPL,Inferior Parietal Lobule,Parietal Lobe,0.4286,0.1842,3.0,8,7.0,17.38,17,3,0.1843
posterior parietal,2,SPL,Superior Parietal Lobule,Parietal Lobe,0.2857,0.1316,2.0,4,7.0,17.38,17,3,0.1843
posterior parietal,3,LOcC,lateral Occipital Cortex,Occipital Lobe,0.2857,0.1316,2.0,2,7.0,17.38,17,3,0.1843
posterior parietal and,1,IPL,Inferior Parietal Lobule,Parietal Lobe,1.0,0.1154,1.0,1,1.0,22.91,19,1,0.1153
posterior parietal ba 40,1,IPL,Inferior Parietal Lobule,Parietal Lobe,1.0,0.1154,1.0,1,1.0,22.91,19,1,0.1153
posterior parietal cortex,1,IPL,Inferior Parietal Lobule,Parietal Lobe,0.3846,0.2763,10.0,29,26.0,12.46,9,7,0.2761
posterior parietal cortex,2,LOcC,lateral Occipital Cortex,Occipital Lobe,0.1923,0.1447,5.0,6,26.0,12.46,9,7,0.2761
posterior parietal cortex,3,SPL,Superior Parietal Lobule,Parietal Lobe,0.1538,0.1184,4.0,13,26.0,12.46,9,7,0.2761
posterior parietal cortex,4,MVOcC,MedioVentral Occipital Cortex,Occipital Lobe,0.0769,0.0658,2.0,2,26.0,12.46,9,7,0.2761
posterior parietal cortex,5,PoG,Postcentral Gyrus,Parietal Lobe,0.0769,0.0658,2.0,2,26.0,12.46,9,7,0.2761
posterior parietal cortex,6,pSTS,posterior Superior Temporal Sulcus,Temporal Lobe,0.0769,0.0658,2.0,2,26.0,12.46,9,7,0.2761
posterior parietal cortex,7,Pcun,Precuneus,Parietal Lobe,0.0385,0.0395,1.0,3,26.0,12.46,9,7,0.2761
posterior parietal cortex ba 7 40,1,SPL,Superior Parietal Lobule,Parietal Lobe,1.0,0.1154,1.0,2,1.0,22.91,19,1,0.1153
posterior parietal lobe,1,IPL,Inferior Parietal Lobule,Parietal Lobe,0.5,0.1071,1.0,2,2.0,22.13,19,2,0.1071
posterior parietal lobe,2,Pcun,Precuneus,Parietal Lobe,0.5,0.1071,1.0,1,2.0,22.13,19,2,0.1071
posterior part of middle temporal gyrus,1,LOcC,lateral Occipital Cortex,Occipital Lobe,1.0,0.1154,1.0,1,1.0,22.91,19,1,0.1153
posterior part of smtg ba 21 22,1,MTG,Middle Temporal Gyrus,Temporal Lobe,0.5,0.1071,1.0,2,2.0,22.13,19,2,0.1071
posterior part of smtg ba 21 22,2,STG,Superior Temporal Gyrus,Temporal Lobe,0.5,0.1071,1.0,1,2.0,22.13,19,2,0.1071
posterior planum temporale,1,IPL,Inferior Parietal Lobule,Parietal Lobe,1.0,0.1786,2.0,2,2.0,21.0,19,1,0.1787
posterior prefrontal cortex,1,MFG,Middle Frontal Gyrus,Frontal Lobe,1.0,0.1154,1.0,1,1.0,22.91,19,1,0.1153
posterior ramus of the lateral sulcus,1,STG,Superior Temporal Gyrus,Temporal Lobe,0.5,0.1071,1.0,2,2.0,22.13,19,2,0.1071
posterior ramus of the lateral sulcus,2,INS,Insular Gyrus,Insular Lobe,0.5,0.1071,1.0,1,2.0,22.13,19,2,0.1071
posterior region,1,Pcun,Precuneus,Parietal Lobe,1.0,0.1154,1.0,1,1.0,22.91,19,1,0.1153
posterior rostral medial frontal area,1,SFG,Superior Frontal Gyrus,Frontal Lobe,1.0,0.1154,1.0,1,1.0,22.91,19,1,0.1153
posterior stg,1,STG,Superior Temporal Gyrus,Temporal Lobe,0.2857,0.1316,2.0,3,7.0,19.18,17,5,0.1317
posterior stg,2,pSTS,posterior Superior Temporal Sulcus,Temporal Lobe,0.2857,0.1316,2.0,2,7.0,19.18,17,5,0.1317
posterior stg,3,INS,Insular Gyrus,Insular Lobe,0.1429,0.0789,1.0,1,7.0,19.18,17,5,0.1317
posterior stg,4,IPL,Inferior Parietal Lobule,Parietal Lobe,0.1429,0.0789,1.0,1,7.0,19.18,17,5,0.1317
posterior stg,5,MTG,Middle Temporal Gyrus,Temporal Lobe,0.1429,0.0789,1.0,1,7.0,19.18,17,5,0.1317
posterior sts,1,pSTS,posterior Superior Temporal Sulcus,Temporal Lobe,0.44,0.3108,11.0,17,25.0,10.95,10,5,0.3109
posterior sts,2,MTG,Middle Temporal Gyrus,Temporal Lobe,0.2,0.1486,5.0,6,25.0,10.95,10,5,0.3109
posterior sts,3,STG,Superior Temporal Gyrus,Temporal Lobe,0.16,0.1216,4.0,6,25.0,10.95,10,5,0.3109
posterior sts,4,IPL,Inferior Parietal Lobule,Parietal Lobe,0.16,0.1216,4.0,5,25.0,10.95,10,5,0.3109
posterior sts,5,LOcC,lateral Occipital Cortex,Occipital Lobe,0.04,0.0405,1.0,1,25.0,10.95,10,5,0.3109
posterior superior and middle frontal gyrus ba 8 9,1,MFG,Middle Frontal Gyrus,Frontal Lobe,0.5,0.1071,1.0,1,2.0,22.13,19,2,0.1071
posterior superior and middle frontal gyrus ba 8 9,2,SFG,Superior Frontal Gyrus,Frontal Lobe,0.5,0.1071,1.0,1,2.0,22.13,19,2,0.1071
posterior superior and middle temporal gyrus,1,MTG,Middle Temporal Gyrus,Temporal Lobe,1.0,0.1154,1.0,1,1.0,22.91,19,1,0.1153
posterior superior frontal gyrus,1,SFG,Superior Frontal Gyrus,Frontal Lobe,0.5,0.1071,1.0,2,2.0,22.13,19,2,0.1071
posterior superior frontal gyrus,2,PrG,Precentral Gyrus,Frontal Lobe,0.5,0.1071,1.0,1,2.0,22.13,19,2,0.1071
posterior superior frontal sulcus,1,MFG,Middle Frontal Gyrus,Frontal Lobe,0.5,0.1071,1.0,1,2.0,22.13,19,2,0.1071
posterior superior frontal sulcus,2,SFG,Superior Frontal Gyrus,Frontal Lobe,0.5,0.1071,1.0,1,2.0,22.13,19,2,0.1071
posterior superior parietal,1,Pcun,Precuneus,Parietal Lobe,0.5,0.1071,1.0,1,2.0,22.13,19,2,0.1071
posterior superior parietal,2,SPL,Superior Parietal Lobule,Parietal Lobe,0.5,0.1071,1.0,1,2.0,22.13,19,2,0.1071
posterior superior parietal lobule,1,SPL,Superior Parietal Lobule,Parietal Lobe,1.0,0.1786,2.0,3,2.0,21.0,19,1,0.1787
posterior superior tem poral cortex,1,pSTS,posterior Superior Temporal Sulcus,Temporal Lobe,1.0,0.1154,1.0,1,1.0,22.91,19,1,0.1153
posterior superior temporal gyrus,1,pSTS,posterior Superior Temporal Sulcus,Temporal Lobe,0.8333,0.3056,5.0,5,6.0,15.79,17,2,0.3054
posterior superior temporal gyrus,2,STG,Superior Temporal Gyrus,Temporal Lobe,0.1667,0.0833,1.0,1,6.0,15.79,17,2,0.3054
posterior superior temporal gyrus ba 22,1,IPL,Inferior Parietal Lobule,Parietal Lobe,1.0,0.1154,1.0,1,1.0,22.91,19,1,0.1153
posterior superior temporal gyrus ba 41,1,pSTS,posterior Superior Temporal Sulcus,Temporal Lobe,1.0,0.1154,1.0,1,1.0,22.91,19,1,0.1153
posterior superior temporal gyrusa,1,pSTS,posterior Superior Temporal Sulcus,Temporal Lobe,1.0,0.1154,1.0,1,1.0,22.91,19,1,0.1153
posterior superior temporal sulcus,1,pSTS,posterior Superior Temporal Sulcus,Temporal Lobe,0.5385,0.3,7.0,11,13.0,12.72,14,3,0.3
posterior superior temporal sulcus,2,IPL,Inferior Parietal Lobule,Parietal Lobe,0.3077,0.18,4.0,10,13.0,12.72,14,3,0.3
posterior superior temporal sulcus,3,LOcC,lateral Occipital Cortex,Occipital Lobe,0.1538,0.1,2.0,2,13.0,12.72,14,3,0.3
posterior superior temporal sulcus and angular gyrus,1,IPL,Inferior Parietal Lobule,Parietal Lobe,1.0,0.1154,1.0,1,1.0,22.91,19,1,0.1153
posterior superior temporal sulcus and gyrus,1,pSTS,posterior Superior Temporal Sulcus,Temporal Lobe,1.0,0.1154,1.0,1,1.0,22.91,19,1,0.1153
posterior superior temporal sulcus ba 21,1,pSTS,posterior Superior Temporal Sulcus,Temporal Lobe,1.0,0.1154,1.0,1,1.0,22.91,19,1,0.1153
posterior supramarginal gyrus,1,pSTS,posterior Superior Temporal Sulcus,Temporal Lobe,0.6667,0.1667,2.0,3,3.0,20.55,18,2,0.1668
posterior supramarginal gyrus,2,IPL,Inferior Parietal Lobule,Parietal Lobe,0.3333,0.1,1.0,3,3.0,20.55,18,2,0.1668
posterior temporal,1,LOcC,lateral Occipital Cortex,Occipital Lobe,1.0,0.1154,1.0,1,1.0,22.91,19,1,0.1153
posterior temporal cortex,1,LOcC,lateral Occipital Cortex,Occipital Lobe,0.5,0.1562,2.0,2,4.0,20.24,18,3,0.1564
posterior temporal cortex,2,ITG,Inferior Temporal Gyrus,Temporal Lobe,0.25,0.0938,1.0,1,4.0,20.24,18,3,0.1564
posterior temporal cortex,3,MTG,Middle Temporal Gyrus,Temporal Lobe,0.25,0.0938,1.0,1,4.0,20.24,18,3,0.1564
posterior temporal lobe,1,IPL,Inferior Parietal Lobule,Parietal Lobe,0.3333,0.1,1.0,1,3.0,21.57,18,3,0.1001
posterior temporal lobe,2,ITG,Inferior Temporal Gyrus,Temporal Lobe,0.3333,0.1,1.0,1,3.0,21.57,18,3,0.1001
posterior temporal lobe,3,MTG,Middle Temporal Gyrus,Temporal Lobe,0.3333,0.1,1.0,1,3.0,21.57,18,3,0.1001
posterior thalamic nucleus,1,Tha,Thalamus,Subcortical Nuclei,1.0,0.1154,1.0,1,1.0,22.91,19,1,0.1153
posterior thalamus,1,Tha,Thalamus,Subcortical Nuclei,1.0,0.2812,4.0,5,4.0,17.24,18,1,0.2815
posterior transverse collateral sulcus,1,MVOcC,MedioVentral Occipital Cortex,Occipital Lobe,1.0,0.1154,1.0,1,1.0,22.91,19,1,0.1153
posterior vlpfc,1,IFG,Inferior Frontal Gyrus,Frontal Lobe,1.0,0.1154,1.0,1,1.0,22.91,19,1,0.1153
posterior vot,1,FuG,Fusiform Gyrus,Temporal Lobe,1.0,0.1154,1.0,1,1.0,22.91,19,1,0.1153
posterolateral temporal lobe,1,pSTS,posterior Superior Temporal Sulcus,Temporal Lobe,1.0,0.1154,1.0,1,1.0,22.91,19,1,0.1153
posteror transverse collateral sulcus,1,MVOcC,MedioVentral Occipital Cortex,Occipital Lobe,1.0,0.1154,1.0,1,1.0,22.91,19,1,0.1153
posteror ventral part of the cingulate gyrus,1,CG,Cingulate Gyrus,Limbic Lobe,1.0,0.1154,1.0,1,1.0,22.91,19,1,0.1153
postg,1,MFG,Middle Frontal Gyrus,Frontal Lobe,1.0,0.1154,1.0,1,1.0,22.91,19,1,0.1153
postr parietal ctx,1,IPL,Inferior Parietal Lobule,Parietal Lobe,1.0,0.1154,1.0,2,1.0,22.91,19,1,0.1153
postr parietal gyr,1,IPL,Inferior Parietal Lobule,Parietal Lobe,1.0,0.1154,1.0,1,1.0,22.91,19,1,0.1153
ppa,1,FuG,Fusiform Gyrus,Temporal Lobe,0.5,0.1071,1.0,1,2.0,22.13,19,2,0.1071
ppa,2,MVOcC,MedioVentral Occipital Cortex,Occipital Lobe,0.5,0.1071,1.0,1,2.0,22.13,19,2,0.1071
ppc ba 5,1,SPL,Superior Parietal Lobule,Parietal Lobe,1.0,0.1154,1.0,1,1.0,22.91,19,1,0.1153
ppc ba 7,1,IPL,Inferior Parietal Lobule,Parietal Lobe,1.0,0.1154,1.0,1,1.0,22.91,19,1,0.1153
ppc center,1,Pcun,Precuneus,Parietal Lobe,1.0,0.1154,1.0,2,1.0,22.91,19,1,0.1153
ppc sphere,1,IPL,Inferior Parietal Lobule,Parietal Lobe,0.5,0.1071,1.0,1,2.0,22.13,19,2,0.1071
ppc sphere,2,SPL,Superior Parietal Lobule,Parietal Lobe,0.5,0.1071,1.0,1,2.0,22.13,19,2,0.1071
ppcdamh,1,SPL,Superior Parietal Lobule,Parietal Lobe,0.5,0.1071,1.0,3,2.0,22.13,19,2,0.1071
ppcdamh,2,LOcC,lateral Occipital Cortex,Occipital Lobe,0.5,0.1071,1.0,1,2.0,22.13,19,2,0.1071
ppcundamh,1,SPL,Superior Parietal Lobule,Parietal Lobe,0.5,0.1071,1.0,3,2.0,22.13,19,2,0.1071
ppcundamh,2,Pcun,Precuneus,Parietal Lobe,0.5,0.1071,1.0,1,2.0,22.13,19,2,0.1071
ppl,1,SPL,Superior Parietal Lobule,Parietal Lobe,1.0,0.1154,1.0,4,1.0,22.91,19,1,0.1153
prc,1,Hipp,Hippocampus,Subcortical Nuclei,0.3333,0.1,1.0,1,3.0,21.57,18,3,0.1001
prc,2,Pcun,Precuneus,Parietal Lobe,0.3333,0.1,1.0,1,3.0,21.57,18,3,0.1001
prc,3,SFG,Superior Frontal Gyrus,Frontal Lobe,0.3333,0.1,1.0,1,3.0,21.57,18,3,0.1001
prcg d,1,PrG,Precentral Gyrus,Frontal Lobe,1.0,0.1154,1.0,1,1.0,22.91,19,1,0.1153
prcg v,1,PoG,Postcentral Gyrus,Parietal Lobe,1.0,0.1154,1.0,1,1.0,22.91,19,1,0.1153
prcs,1,PrG,Precentral Gyrus,Frontal Lobe,1.0,0.1786,2.0,3,2.0,21.0,19,1,0.1787
pre,1,Pcun,Precuneus,Parietal Lobe,1.0,0.1154,1.0,2,1.0,22.91,19,1,0.1153
pre and postcentral gyrus,1,PoG,Postcentral Gyrus,Parietal Lobe,0.5,0.1562,2.0,4,4.0,20.24,18,3,0.1564
pre and postcentral gyrus,2,PrG,Precentral Gyrus,Frontal Lobe,0.25,0.0938,1.0,3,4.0,20.24,18,3,0.1564
pre and postcentral gyrus,3,PCL,Paracentral Lobule,Frontal Lobe,0.25,0.0938,1.0,1,4.0,20.24,18,3,0.1564
pre and postcentral gyrus ba 3 4,1,PrG,Precentral Gyrus,Frontal Lobe,1.0,0.1154,1.0,1,1.0,22.91,19,1,0.1153
pre central,1,PrG,Precentral Gyrus,Frontal Lobe,1.0,0.1154,1.0,1,1.0,22.91,19,1,0.1153
pre central g,1,INS,Insular Gyrus,Insular Lobe,1.0,0.1154,1.0,1,1.0,22.91,19,1,0.1153
pre central gy,1,PrG,Precentral Gyrus,Frontal Lobe,1.0,0.1154,1.0,1,1.0,22.91,19,1,0.1153
pre central gyo,1,PrG,Precentral Gyrus,Frontal Lobe,1.0,0.1154,1.0,1,1.0,22.91,19,1,0.1153
pre central gyrus,1,PrG,Precentral Gyrus,Frontal Lobe,0.6,0.3519,9.0,17,15.0,12.93,14,6,0.3519
pre central gyrus,2,MFG,Middle Frontal Gyrus,Frontal Lobe,0.1333,0.0926,2.0,2,15.0,12.93,14,6,0.3519
pre central gyrus,3,BG,Basal Ganglia,Subcortical Nuclei,0.0667,0.0556,1.0,1,15.0,12.93,14,6,0.3519
pre central gyrus,4,IFG,Inferior Frontal Gyrus,Frontal Lobe,0.0667,0.0556,1.0,1,15.0,12.93,14,6,0.3519
pre central gyrus,5,IPL,Inferior Parietal Lobule,Parietal Lobe,0.0667,0.0556,1.0,1,15.0,12.93,14,6,0.3519
pre central gyrus,6,SFG,Superior Frontal Gyrus,Frontal Lobe,0.0667,0.0556,1.0,1,15.0,12.93,14,6,0.3519
pre central gyrus ba 4,1,PrG,Precentral Gyrus,Frontal Lobe,1.0,0.1154,1.0,1,1.0,22.91,19,1,0.1153
pre central gyrus ba 6,1,PrG,Precentral Gyrus,Frontal Lobe,1.0,0.1786,2.0,2,2.0,21.0,19,1,0.1787
pre central gyrus1,1,IFG,Inferior Frontal Gyrus,Frontal Lobe,1.0,0.1154,1.0,1,1.0,22.91,19,1,0.1153
pre cun,1,Pcun,Precuneus,Parietal Lobe,0.5,0.1071,1.0,2,2.0,22.13,19,2,0.1071
pre cun,2,Hipp,Hippocampus,Subcortical Nuclei,0.5,0.1071,1.0,1,2.0,22.13,19,2,0.1071
pre cuneus,1,CG,Cingulate Gyrus,Limbic Lobe,1.0,0.1154,1.0,1,1.0,22.91,19,1,0.1153
pre motor,1,PrG,Precentral Gyrus,Frontal Lobe,1.0,0.1786,2.0,3,2.0,21.0,19,1,0.1787
pre motor cortex,1,PrG,Precentral Gyrus,Frontal Lobe,1.0,0.1786,2.0,2,2.0,21.0,19,1,0.1787
pre post central gyrus,1,PrG,Precentral Gyrus,Frontal Lobe,1.0,0.1154,1.0,1,1.0,22.91,19,1,0.1153
pre postcentral,1,PoG,Postcentral Gyrus,Parietal Lobe,0.5,0.1071,1.0,1,2.0,22.13,19,2,0.1071
pre postcentral,2,PrG,Precentral Gyrus,Frontal Lobe,0.5,0.1071,1.0,1,2.0,22.13,19,2,0.1071
pre sma,1,SFG,Superior Frontal Gyrus,Frontal Lobe,0.7959,0.6475,39.0,72,49.0,5.15,5,7,0.6474
pre sma,2,BG,Basal Ganglia,Subcortical Nuclei,0.0816,0.0738,4.0,6,49.0,5.15,5,7,0.6474
pre sma,3,Tha,Thalamus,Subcortical Nuclei,0.0408,0.041,2.0,3,49.0,5.15,5,7,0.6474
pre sma,4,PCL,Paracentral Lobule,Frontal Lobe,0.0204,0.0246,1.0,2,49.0,5.15,5,7,0.6474
pre sma,5,CG,Cingulate Gyrus,Limbic Lobe,0.0204,0.0246,1.0,1,49.0,5.15,5,7,0.6474
pre sma,6,Pcun,Precuneus,Parietal Lobe,0.0204,0.0246,1.0,1,49.0,5.15,5,7,0.6474
pre sma,7,PoG,Postcentral Gyrus,Parietal Lobe,0.0204,0.0246,1.0,1,49.0,5.15,5,7,0.6474
pre sma 6,1,SFG,Superior Frontal Gyrus,Frontal Lobe,1.0,0.1786,2.0,4,2.0,21.0,19,1,0.1787
pre sma ba 6,1,SFG,Superior Frontal Gyrus,Frontal Lobe,1.0,0.1786,2.0,2,2.0,21.0,19,1,0.1787
pre sma sphere,1,SFG,Superior Frontal Gyrus,Frontal Lobe,1.0,0.1154,1.0,1,1.0,22.91,19,1,0.1153
pre supplemental motor area,1,SFG,Superior Frontal Gyrus,Frontal Lobe,1.0,0.1786,2.0,2,2.0,21.0,19,1,0.1787
pre supplementary motor area,1,SFG,Superior Frontal Gyrus,Frontal Lobe,0.9333,0.537,14.0,18,15.0,8.32,14,2,0.5372
pre supplementary motor area,2,PCL,Paracentral Lobule,Frontal Lobe,0.0667,0.0556,1.0,1,15.0,8.32,14,2,0.5372
pre supplementary motor area ba 6,1,SFG,Superior Frontal Gyrus,Frontal Lobe,1.0,0.1154,1.0,2,1.0,22.91,19,1,0.1153
pre supplementary motor area ba 6 8,1,SFG,Superior Frontal Gyrus,Frontal Lobe,1.0,0.1154,1.0,1,1.0,22.91,19,1,0.1153
pre supplementary motor cortex,1,BG,Basal Ganglia,Subcortical Nuclei,1.0,0.1154,1.0,1,1.0,22.91,19,1,0.1153
prea,1,Pcun,Precuneus,Parietal Lobe,1.0,0.1154,1.0,2,1.0,22.91,19,1,0.1153
prec,1,Pcun,Precuneus,Parietal Lobe,0.5,0.1071,1.0,2,2.0,22.13,19,2,0.1071
prec,2,CG,Cingulate Gyrus,Limbic Lobe,0.5,0.1071,1.0,1,2.0,22.13,19,2,0.1071
prec gyr,1,PoG,Postcentral Gyrus,Parietal Lobe,1.0,0.1154,1.0,1,1.0,22.91,19,1,0.1153
prec gyrus,1,PrG,Precentral Gyrus,Frontal Lobe,1.0,0.1154,1.0,1,1.0,22.91,19,1,0.1153
precenrtal g,1,PrG,Precentral Gyrus,Frontal Lobe,1.0,0.1154,1.0,1,1.0,22.91,19,1,0.1153
precent,1,PrG,Precentral Gyrus,Frontal Lobe,1.0,0.1154,1.0,2,1.0,22.91,19,1,0.1153
precental gyrus,1,PrG,Precentral Gyrus,Frontal Lobe,0.7143,0.2895,5.0,8,7.0,15.35,17,2,0.2896
precental gyrus,2,PoG,Postcentral Gyrus,Parietal Lobe,0.2857,0.1316,2.0,3,7.0,15.35,17,2,0.2896
precentr gy,1,PoG,Postcentral Gyrus,Parietal Lobe,0.5,0.1071,1.0,1,2.0,22.13,19,2,0.1071
precentr gy,2,PrG,Precentral Gyrus,Frontal Lobe,0.5,0.1071,1.0,1,2.0,22.13,19,2,0.1071
precentral,1,PrG,Precentral Gyrus,Frontal Lobe,0.5955,0.5297,53.0,90,89.0,5.77,4,8,0.5291
precentral,2,MFG,Middle Frontal Gyrus,Frontal Lobe,0.1685,0.1535,15.0,16,89.0,5.77,4,8,0.5291
precentral,3,PoG,Postcentral Gyrus,Parietal Lobe,0.1236,0.1139,11.0,15,89.0,5.77,4,8,0.5291
precentral,4,STG,Superior Temporal Gyrus,Temporal Lobe,0.0225,0.0248,2.0,3,89.0,5.77,4,8,0.5291
precentral,5,IFG,Inferior Frontal Gyrus,Frontal Lobe,0.0225,0.0248,2.0,2,89.0,5.77,4,8,0.5291
precentral,6,INS,Insular Gyrus,Insular Lobe,0.0225,0.0248,2.0,2,89.0,5.77,4,8,0.5291
precentral,7,SFG,Superior Frontal Gyrus,Frontal Lobe,0.0225,0.0248,2.0,2,89.0,5.77,4,8,0.5291
precentral,8,Tha,Thalamus,Subcortical Nuclei,0.0225,0.0248,2.0,2,89.0,5.77,4,8,0.5291
precentral and inferior frontal gyrus,1,MFG,Middle Frontal Gyrus,Frontal Lobe,0.5,0.1071,1.0,1,2.0,22.13,19,2,0.1071
precentral and inferior frontal gyrus,2,PrG,Precentral Gyrus,Frontal Lobe,0.5,0.1071,1.0,1,2.0,22.13,19,2,0.1071
precentral and middle frontal gyrus,1,PrG,Precentral Gyrus,Frontal Lobe,1.0,0.1154,1.0,1,1.0,22.91,19,1,0.1153
precentral and postcentral gyrus,1,PrG,Precentral Gyrus,Frontal Lobe,0.5,0.1071,1.0,1,2.0,22.13,19,2,0.1071
precentral and postcentral gyrus,2,STG,Superior Temporal Gyrus,Temporal Lobe,0.5,0.1071,1.0,1,2.0,22.13,19,2,0.1071
precentral and postcentral gyrus 4 1 2 3,1,PrG,Precentral Gyrus,Frontal Lobe,1.0,0.1154,1.0,1,1.0,22.91,19,1,0.1153
precentral ba 44,1,PrG,Precentral Gyrus,Frontal Lobe,1.0,0.1154,1.0,1,1.0,22.91,19,1,0.1153
precentral ba 6,1,PrG,Precentral Gyrus,Frontal Lobe,1.0,0.1154,1.0,1,1.0,22.91,19,1,0.1153
precentral cortex,1,PrG,Precentral Gyrus,Frontal Lobe,0.4667,0.2778,7.0,8,15.0,15.2,14,8,0.2778
precentral cortex,2,PoG,Postcentral Gyrus,Parietal Lobe,0.1333,0.0926,2.0,2,15.0,15.2,14,8,0.2778
precentral cortex,3,BG,Basal Ganglia,Subcortical Nuclei,0.0667,0.0556,1.0,1,15.0,15.2,14,8,0.2778
precentral cortex,4,IFG,Inferior Frontal Gyrus,Frontal Lobe,0.0667,0.0556,1.0,1,15.0,15.2,14,8,0.2778
precentral cortex,5,INS,Insular Gyrus,Insular Lobe,0.0667,0.0556,1.0,1,15.0,15.2,14,8,0.2778
precentral cortex,6,IPL,Inferior Parietal Lobule,Parietal Lobe,0.0667,0.0556,1.0,1,15.0,15.2,14,8,0.2778
precentral cortex,7,MFG,Middle Frontal Gyrus,Frontal Lobe,0.0667,0.0556,1.0,1,15.0,15.2,14,8,0.2778
precentral cortex,8,STG,Superior Temporal Gyrus,Temporal Lobe,0.0667,0.0556,1.0,1,15.0,15.2,14,8,0.2778
precentral frontal gyrus,1,PrG,Precentral Gyrus,Frontal Lobe,1.0,0.1154,1.0,1,1.0,22.91,19,1,0.1153
precentral g,1,PrG,Precentral Gyrus,Frontal Lobe,0.6,0.3519,9.0,12,15.0,11.75,14,4,0.352
precentral g,2,MFG,Middle Frontal Gyrus,Frontal Lobe,0.2667,0.1667,4.0,7,15.0,11.75,14,4,0.352
precentral g,3,PoG,Postcentral Gyrus,Parietal Lobe,0.0667,0.0556,1.0,1,15.0,11.75,14,4,0.352
precentral g,4,SFG,Superior Frontal Gyrus,Frontal Lobe,0.0667,0.0556,1.0,1,15.0,11.75,14,4,0.352
precentral g ba 6,1,PrG,Precentral Gyrus,Frontal Lobe,1.0,0.1786,2.0,3,2.0,21.0,19,1,0.1787
precentral g ba 9,1,MFG,Middle Frontal Gyrus,Frontal Lobe,1.0,0.1154,1.0,1,1.0,22.91,19,1,0.1153
precentral gryus,1,PoG,Postcentral Gyrus,Parietal Lobe,0.5,0.1071,1.0,1,2.0,22.13,19,2,0.1071
precentral gryus,2,PrG,Precentral Gyrus,Frontal Lobe,0.5,0.1071,1.0,1,2.0,22.13,19,2,0.1071
precentral gy,1,PrG,Precentral Gyrus,Frontal Lobe,1.0,0.1786,2.0,5,2.0,21.0,19,1,0.1787
precentral gyr,1,PrG,Precentral Gyrus,Frontal Lobe,1.0,0.1786,2.0,3,2.0,21.0,19,1,0.1787
precentral gyrus,1,PrG,Precentral Gyrus,Frontal Lobe,0.5826,0.5718,342.0,644,587.0,4.79,3,18,0.5719
precentral gyrus,2,PoG,Postcentral Gyrus,Parietal Lobe,0.1516,0.1494,89.0,113,587.0,4.79,3,18,0.5719
precentral gyrus,3,MFG,Middle Frontal Gyrus,Frontal Lobe,0.1124,0.111,66.0,82,587.0,4.79,3,18,0.5719
precentral gyrus,4,INS,Insular Gyrus,Insular Lobe,0.0307,0.0309,18.0,21,587.0,4.79,3,18,0.5719
precentral gyrus,5,IFG,Inferior Frontal Gyrus,Frontal Lobe,0.0273,0.0275,16.0,18,587.0,4.79,3,18,0.5719
precentral gyrus,6,PCL,Paracentral Lobule,Frontal Lobe,0.0187,0.0192,11.0,12,587.0,4.79,3,18,0.5719
precentral gyrus,7,BG,Basal Ganglia,Subcortical Nuclei,0.0153,0.0159,9.0,12,587.0,4.79,3,18,0.5719
precentral gyrus,8,STG,Superior Temporal Gyrus,Temporal Lobe,0.0153,0.0159,9.0,11,587.0,4.79,3,18,0.5719
precentral gyrus,9,Tha,Thalamus,Subcortical Nuclei,0.0102,0.0109,6.0,9,587.0,4.79,3,18,0.5719
precentral gyrus,10,IPL,Inferior Parietal Lobule,Parietal Lobe,0.0102,0.0109,6.0,7,587.0,4.79,3,18,0.5719
precentral gyrus,11,SFG,Superior Frontal Gyrus,Frontal Lobe,0.0068,0.0075,4.0,5,587.0,4.79,3,18,0.5719
precentral gyrus,12,CG,Cingulate Gyrus,Limbic Lobe,0.0051,0.0058,3.0,3,587.0,4.79,3,18,0.5719
precentral gyrus,13,ITG,Inferior Temporal Gyrus,Temporal Lobe,0.0034,0.0042,2.0,2,587.0,4.79,3,18,0.5719
precentral gyrus,14,SPL,Superior Parietal Lobule,Parietal Lobe,0.0034,0.0042,2.0,2,587.0,4.79,3,18,0.5719
precentral gyrus,15,FuG,Fusiform Gyrus,Temporal Lobe,0.0017,0.0025,1.0,1,587.0,4.79,3,18,0.5719
precentral gyrus,16,LOcC,lateral Occipital Cortex,Occipital Lobe,0.0017,0.0025,1.0,1,587.0,4.79,3,18,0.5719
precentral gyrus,17,MVOcC,MedioVentral Occipital Cortex,Occipital Lobe,0.0017,0.0025,1.0,1,587.0,4.79,3,18,0.5719
precentral gyrus,18,PhG,Parahippocampal Gyrus,Temporal Lobe,0.0017,0.0025,1.0,1,587.0,4.79,3,18,0.5719
precentral gyrus 3,1,SFG,Superior Frontal Gyrus,Frontal Lobe,1.0,0.1154,1.0,1,1.0,22.91,19,1,0.1153
precentral gyrus 4,1,PoG,Postcentral Gyrus,Parietal Lobe,0.5,0.25,5.0,8,10.0,15.54,16,4,0.2502
precentral gyrus 4,2,INS,Insular Gyrus,Insular Lobe,0.2,0.1136,2.0,3,10.0,15.54,16,4,0.2502
precentral gyrus 4,3,PrG,Precentral Gyrus,Frontal Lobe,0.2,0.1136,2.0,2,10.0,15.54,16,4,0.2502
precentral gyrus 4,4,IFG,Inferior Frontal Gyrus,Frontal Lobe,0.1,0.0682,1.0,1,10.0,15.54,16,4,0.2502
precentral gyrus 4 6,1,PrG,Precentral Gyrus,Frontal Lobe,1.0,0.1154,1.0,1,1.0,22.91,19,1,0.1153
precentral gyrus 44,1,IFG,Inferior Frontal Gyrus,Frontal Lobe,0.5,0.1071,1.0,1,2.0,22.13,19,2,0.1071
precentral gyrus 44,2,PrG,Precentral Gyrus,Frontal Lobe,0.5,0.1071,1.0,1,2.0,22.13,19,2,0.1071
precentral gyrus 6,1,PrG,Precentral Gyrus,Frontal Lobe,0.4444,0.2143,4.0,11,9.0,17.11,16,5,0.2144
precentral gyrus 6,2,PoG,Postcentral Gyrus,Parietal Lobe,0.2222,0.119,2.0,2,9.0,17.11,16,5,0.2144
precentral gyrus 6,3,BG,Basal Ganglia,Subcortical Nuclei,0.1111,0.0714,1.0,2,9.0,17.11,16,5,0.2144
precentral gyrus 6,4,INS,Insular Gyrus,Insular Lobe,0.1111,0.0714,1.0,1,9.0,17.11,16,5,0.2144
precentral gyrus 6,5,MFG,Middle Frontal Gyrus,Frontal Lobe,0.1111,0.0714,1.0,1,9.0,17.11,16,5,0.2144
precentral gyrus 9,1,INS,Insular Gyrus,Insular Lobe,0.5,0.1071,1.0,1,2.0,22.13,19,2,0.1071
precentral gyrus 9,2,MFG,Middle Frontal Gyrus,Frontal Lobe,0.5,0.1071,1.0,1,2.0,22.13,19,2,0.1071
precentral gyrus ba 13,1,PoG,Postcentral Gyrus,Parietal Lobe,1.0,0.1154,1.0,1,1.0,22.91,19,1,0.1153
precentral gyrus ba 4,1,PrG,Precentral Gyrus,Frontal Lobe,0.5,0.225,4.0,4,8.0,16.92,16,4,0.225
precentral gyrus ba 4,2,PoG,Postcentral Gyrus,Parietal Lobe,0.25,0.125,2.0,2,8.0,16.92,16,4,0.225
precentral gyrus ba 4,3,MFG,Middle Frontal Gyrus,Frontal Lobe,0.125,0.075,1.0,2,8.0,16.92,16,4,0.225
precentral gyrus ba 4,4,STG,Superior Temporal Gyrus,Temporal Lobe,0.125,0.075,1.0,1,8.0,16.92,16,4,0.225
precentral gyrus ba 4 include middle frontal gyrus ba 6,1,PrG,Precentral Gyrus,Frontal Lobe,1.0,0.1154,1.0,1,1.0,22.91,19,1,0.1153
precentral gyrus ba 43,1,PoG,Postcentral Gyrus,Parietal Lobe,1.0,0.1154,1.0,1,1.0,22.91,19,1,0.1153
precentral gyrus ba 44,1,PrG,Precentral Gyrus,Frontal Lobe,0.8,0.2647,4.0,4,5.0,17.25,18,2,0.2648
precentral gyrus ba 44,2,IFG,Inferior Frontal Gyrus,Frontal Lobe,0.2,0.0882,1.0,1,5.0,17.25,18,2,0.2648
precentral gyrus ba 5,1,PoG,Postcentral Gyrus,Parietal Lobe,1.0,0.1154,1.0,1,1.0,22.91,19,1,0.1153
precentral gyrus ba 6,1,PrG,Precentral Gyrus,Frontal Lobe,0.8333,0.5694,20.0,29,24.0,7.09,10,4,0.5693
precentral gyrus ba 6,2,MFG,Middle Frontal Gyrus,Frontal Lobe,0.0833,0.0694,2.0,3,24.0,7.09,10,4,0.5693
precentral gyrus ba 6,3,PoG,Postcentral Gyrus,Parietal Lobe,0.0417,0.0417,1.0,1,24.0,7.09,10,4,0.5693
precentral gyrus ba 6,4,pSTS,posterior Superior Temporal Sulcus,Temporal Lobe,0.0417,0.0417,1.0,1,24.0,7.09,10,4,0.5693
precentral gyrus ba 6 2,1,PrG,Precentral Gyrus,Frontal Lobe,1.0,0.1154,1.0,1,1.0,22.91,19,1,0.1153
precentral gyrus ba 9,1,MFG,Middle Frontal Gyrus,Frontal Lobe,1.0,0.2333,3.0,3,3.0,19.05,18,1,0.2335
precentral gyrus medial segment,1,PCL,Paracentral Lobule,Frontal Lobe,1.0,0.1154,1.0,1,1.0,22.91,19,1,0.1153
precentral gyrus rb,1,PoG,Postcentral Gyrus,Parietal Lobe,1.0,0.1154,1.0,1,1.0,22.91,19,1,0.1153
precentral gyrusa,1,PrG,Precentral Gyrus,Frontal Lobe,1.0,0.1154,1.0,1,1.0,22.91,19,1,0.1153
precentral gyrusc,1,IFG,Inferior Frontal Gyrus,Frontal Lobe,1.0,0.1154,1.0,1,1.0,22.91,19,1,0.1153
precentral gyruse,1,PrG,Precentral Gyrus,Frontal Lobe,1.0,0.1154,1.0,1,1.0,22.91,19,1,0.1153
precentral gyurs,1,PrG,Precentral Gyrus,Frontal Lobe,1.0,0.1154,1.0,1,1.0,22.91,19,1,0.1153
precentral li,1,PoG,Postcentral Gyrus,Parietal Lobe,1.0,0.1154,1.0,1,1.0,22.91,19,1,0.1153
precentral lobe ba 4,1,PrG,Precentral Gyrus,Frontal Lobe,1.0,0.1154,1.0,1,1.0,22.91,19,1,0.1153
precentral region,1,PrG,Precentral Gyrus,Frontal Lobe,1.0,0.1154,1.0,1,1.0,22.91,19,1,0.1153
precentral sulcus,1,MFG,Middle Frontal Gyrus,Frontal Lobe,0.5714,0.2368,4.0,4,7.0,15.78,17,2,0.2369
precentral sulcus,2,PrG,Precentral Gyrus,Frontal Lobe,0.4286,0.1842,3.0,3,7.0,15.78,17,2,0.2369
precentral sulcus and middle frontal gyrus,1,MFG,Middle Frontal Gyrus,Frontal Lobe,1.0,0.1154,1.0,1,1.0,22.91,19,1,0.1153
precentral sulcus ba 4 6,1,PrG,Precentral Gyrus,Frontal Lobe,0.5,0.1071,1.0,1,2.0,22.13,19,2,0.1071
precentral sulcus ba 4 6,2,SFG,Superior Frontal Gyrus,Frontal Lobe,0.5,0.1071,1.0,1,2.0,22.13,19,2,0.1071
precentral sulcus ba 6,1,MFG,Middle Frontal Gyrus,Frontal Lobe,1.0,0.1154,1.0,1,1.0,22.91,19,1,0.1153
precentral white matter,1,PCL,Paracentral Lobule,Frontal Lobe,1.0,0.1154,1.0,1,1.0,22.91,19,1,0.1153
precentralgyrus,1,PoG,Postcentral Gyrus,Parietal Lobe,0.3333,0.1389,2.0,3,6.0,19.18,17,4,0.1388
precentralgyrus,2,PrG,Precentral Gyrus,Frontal Lobe,0.3333,0.1389,2.0,3,6.0,19.18,17,4,0.1388
precentralgyrus,3,IFG,Inferior Frontal Gyrus,Frontal Lobe,0.1667,0.0833,1.0,1,6.0,19.18,17,4,0.1388
precentralgyrus,4,MFG,Middle Frontal Gyrus,Frontal Lobe,0.1667,0.0833,1.0,1,6.0,19.18,17,4,0.1388
precentralgyrus 6,1,PrG,Precentral Gyrus,Frontal Lobe,1.0,0.1154,1.0,1,1.0,22.91,19,1,0.1153
precg,1,PrG,Precentral Gyrus,Frontal Lobe,0.4,0.2407,6.0,7,15.0,14.86,14,6,0.2408
precg,2,PoG,Postcentral Gyrus,Parietal Lobe,0.2,0.1296,3.0,3,15.0,14.86,14,6,0.2408
precg,3,STG,Superior Temporal Gyrus,Temporal Lobe,0.1333,0.0926,2.0,6,15.0,14.86,14,6,0.2408
precg,4,INS,Insular Gyrus,Insular Lobe,0.1333,0.0926,2.0,4,15.0,14.86,14,6,0.2408
precg,5,MFG,Middle Frontal Gyrus,Frontal Lobe,0.0667,0.0556,1.0,1,15.0,14.86,14,6,0.2408
precg,6,PhG,Parahippocampal Gyrus,Temporal Lobe,0.0667,0.0556,1.0,1,15.0,14.86,14,6,0.2408
precg 4,1,PoG,Postcentral Gyrus,Parietal Lobe,1.0,0.1154,1.0,1,1.0,22.91,19,1,0.1153
precg 43,1,PoG,Postcentral Gyrus,Parietal Lobe,1.0,0.1154,1.0,1,1.0,22.91,19,1,0.1153
precg 6,1,PrG,Precentral Gyrus,Frontal Lobe,1.0,0.1154,1.0,2,1.0,22.91,19,1,0.1153
precs,1,PrG,Precentral Gyrus,Frontal Lobe,1.0,0.1154,1.0,1,1.0,22.91,19,1,0.1153
precu,1,Pcun,Precuneus,Parietal Lobe,0.5,0.1944,3.0,4,6.0,18.0,17,3,0.1943
precu,2,MVOcC,MedioVentral Occipital Cortex,Occipital Lobe,0.3333,0.1389,2.0,2,6.0,18.0,17,3,0.1943
precu,3,CG,Cingulate Gyrus,Limbic Lobe,0.1667,0.0833,1.0,3,6.0,18.0,17,3,0.1943
precun,1,Pcun,Precuneus,Parietal Lobe,0.5,0.1071,1.0,2,2.0,22.13,19,2,0.1071
precun,2,SPL,Superior Parietal Lobule,Parietal Lobe,0.5,0.1071,1.0,1,2.0,22.13,19,2,0.1071
precuneal cortex,1,Pcun,Precuneus,Parietal Lobe,1.0,0.1154,1.0,1,1.0,22.91,19,1,0.1153
precuneas,1,CG,Cingulate Gyrus,Limbic Lobe,1.0,0.1154,1.0,1,1.0,22.91,19,1,0.1153
precuneous,1,MVOcC,MedioVentral Occipital Cortex,Occipital Lobe,0.5,0.1562,2.0,2,4.0,19.34,18,2,0.1564
precuneous,2,Pcun,Precuneus,Parietal Lobe,0.5,0.1562,2.0,2,4.0,19.34,18,2,0.1564
precuneous c,1,Pcun,Precuneus,Parietal Lobe,1.0,0.1154,1.0,1,1.0,22.91,19,1,0.1153
precuneous cortex,1,Pcun,Precuneus,Parietal Lobe,0.4,0.1471,2.0,3,5.0,19.22,18,3,0.1471
precuneous cortex,2,MVOcC,MedioVentral Occipital Cortex,Occipital Lobe,0.4,0.1471,2.0,2,5.0,19.22,18,3,0.1471
precuneous cortex,3,pSTS,posterior Superior Temporal Sulcus,Temporal Lobe,0.2,0.0882,1.0,1,5.0,19.22,18,3,0.1471
precunes ba 7,1,Pcun,Precuneus,Parietal Lobe,1.0,0.1154,1.0,1,1.0,22.91,19,1,0.1153
precuneus,1,Pcun,Precuneus,Parietal Lobe,0.5237,0.5158,376.0,634,718.0,5.29,4,15,0.5156
precuneus,2,SPL,Superior Parietal Lobule,Parietal Lobe,0.1448,0.1432,104.0,128,718.0,5.29,4,15,0.5156
precuneus,3,LOcC,lateral Occipital Cortex,Occipital Lobe,0.0822,0.0815,59.0,74,718.0,5.29,4,15,0.5156
precuneus,4,MVOcC,MedioVentral Occipital Cortex,Occipital Lobe,0.0808,0.0801,58.0,92,718.0,5.29,4,15,0.5156
precuneus,5,CG,Cingulate Gyrus,Limbic Lobe,0.0752,0.0747,54.0,78,718.0,5.29,4,15,0.5156
precuneus,6,IPL,Inferior Parietal Lobule,Parietal Lobe,0.0446,0.0445,32.0,39,718.0,5.29,4,15,0.5156
precuneus,7,PCL,Paracentral Lobule,Frontal Lobe,0.0195,0.0199,14.0,14,718.0,5.29,4,15,0.5156
precuneus,8,Tha,Thalamus,Subcortical Nuclei,0.0084,0.0089,6.0,8,718.0,5.29,4,15,0.5156
precuneus,9,BG,Basal Ganglia,Subcortical Nuclei,0.0056,0.0062,4.0,4,718.0,5.29,4,15,0.5156
precuneus,10,SFG,Superior Frontal Gyrus,Frontal Lobe,0.0042,0.0048,3.0,4,718.0,5.29,4,15,0.5156
precuneus,11,Hipp,Hippocampus,Subcortical Nuclei,0.0042,0.0048,3.0,3,718.0,5.29,4,15,0.5156
precuneus,12,PoG,Postcentral Gyrus,Parietal Lobe,0.0028,0.0034,2.0,2,718.0,5.29,4,15,0.5156
precuneus,13,INS,Insular Gyrus,Insular Lobe,0.0014,0.0021,1.0,1,718.0,5.29,4,15,0.5156
precuneus,14,PhG,Parahippocampal Gyrus,Temporal Lobe,0.0014,0.0021,1.0,1,718.0,5.29,4,15,0.5156
precuneus,15,PrG,Precentral Gyrus,Frontal Lobe,0.0014,0.0021,1.0,1,718.0,5.29,4,15,0.5156
precuneus 19,1,IPL,Inferior Parietal Lobule,Parietal Lobe,0.75,0.2188,3.0,3,4.0,18.85,18,2,0.219
precuneus 19,2,SPL,Superior Parietal Lobule,Parietal Lobe,0.25,0.0938,1.0,1,4.0,18.85,18,2,0.219
precuneus 28,1,LOcC,lateral Occipital Cortex,Occipital Lobe,1.0,0.1154,1.0,1,1.0,22.91,19,1,0.1153
precuneus 31,1,MVOcC,MedioVentral Occipital Cortex,Occipital Lobe,0.5,0.1562,2.0,2,4.0,20.24,18,3,0.1564
precuneus 31,2,CG,Cingulate Gyrus,Limbic Lobe,0.25,0.0938,1.0,1,4.0,20.24,18,3,0.1564
precuneus 31,3,Pcun,Precuneus,Parietal Lobe,0.25,0.0938,1.0,1,4.0,20.24,18,3,0.1564
precuneus 7,1,Pcun,Precuneus,Parietal Lobe,0.4375,0.2679,7.0,11,16.0,13.29,13,5,0.2677
precuneus 7,2,MVOcC,MedioVentral Occipital Cortex,Occipital Lobe,0.25,0.1607,4.0,5,16.0,13.29,13,5,0.2677
precuneus 7,3,SPL,Superior Parietal Lobule,Parietal Lobe,0.1875,0.125,3.0,5,16.0,13.29,13,5,0.2677
precuneus 7,4,IPL,Inferior Parietal Lobule,Parietal Lobe,0.0625,0.0536,1.0,1,16.0,13.29,13,5,0.2677
precuneus 7,5,LOcC,lateral Occipital Cortex,Occipital Lobe,0.0625,0.0536,1.0,1,16.0,13.29,13,5,0.2677
precuneus 7 19,1,LOcC,lateral Occipital Cortex,Occipital Lobe,1.0,0.1154,1.0,1,1.0,22.91,19,1,0.1153
precuneus and,1,Pcun,Precuneus,Parietal Lobe,0.6667,0.1667,2.0,2,3.0,20.55,18,2,0.1668
precuneus and,2,CG,Cingulate Gyrus,Limbic Lobe,0.3333,0.1,1.0,1,3.0,20.55,18,2,0.1668
precuneus and cingulate gyrus 7 31,1,PCL,Paracentral Lobule,Frontal Lobe,1.0,0.1154,1.0,1,1.0,22.91,19,1,0.1153
precuneus ba 19,1,IPL,Inferior Parietal Lobule,Parietal Lobe,1.0,0.2812,4.0,4,4.0,17.24,18,1,0.2815
precuneus ba 31,1,Pcun,Precuneus,Parietal Lobe,0.375,0.175,3.0,3,8.0,17.52,16,4,0.175
precuneus ba 31,2,CG,Cingulate Gyrus,Limbic Lobe,0.25,0.125,2.0,2,8.0,17.52,16,4,0.175
precuneus ba 31,3,MVOcC,MedioVentral Occipital Cortex,Occipital Lobe,0.25,0.125,2.0,2,8.0,17.52,16,4,0.175
precuneus ba 31,4,BG,Basal Ganglia,Subcortical Nuclei,0.125,0.075,1.0,1,8.0,17.52,16,4,0.175
precuneus ba 5,1,SPL,Superior Parietal Lobule,Parietal Lobe,1.0,0.1154,1.0,1,1.0,22.91,19,1,0.1153
precuneus ba 7,1,Pcun,Precuneus,Parietal Lobe,0.5357,0.3875,15.0,21,28.0,10.06,9,6,0.3875
precuneus ba 7,2,SPL,Superior Parietal Lobule,Parietal Lobe,0.1786,0.1375,5.0,5,28.0,10.06,9,6,0.3875
precuneus ba 7,3,BG,Basal Ganglia,Subcortical Nuclei,0.1071,0.0875,3.0,3,28.0,10.06,9,6,0.3875
precuneus ba 7,4,LOcC,lateral Occipital Cortex,Occipital Lobe,0.0714,0.0625,2.0,2,28.0,10.06,9,6,0.3875
precuneus ba 7,5,Tha,Thalamus,Subcortical Nuclei,0.0714,0.0625,2.0,2,28.0,10.06,9,6,0.3875
precuneus ba 7,6,IPL,Inferior Parietal Lobule,Parietal Lobe,0.0357,0.0375,1.0,1,28.0,10.06,9,6,0.3875
precuneus cortex,1,Pcun,Precuneus,Parietal Lobe,0.75,0.3958,9.0,14,12.0,11.8,15,3,0.3961
precuneus cortex,2,MVOcC,MedioVentral Occipital Cortex,Occipital Lobe,0.1667,0.1042,2.0,4,12.0,11.8,15,3,0.3961
precuneus cortex,3,PCL,Paracentral Lobule,Frontal Lobe,0.0833,0.0625,1.0,1,12.0,11.8,15,3,0.3961
precuneusa,1,Pcun,Precuneus,Parietal Lobe,1.0,0.1786,2.0,2,2.0,21.0,19,1,0.1787
precuneusb,1,Pcun,Precuneus,Parietal Lobe,1.0,0.2333,3.0,5,3.0,19.05,18,1,0.2335
precuneuso,1,IPL,Inferior Parietal Lobule,Parietal Lobe,1.0,0.1154,1.0,1,1.0,22.91,19,1,0.1153
precunneus,1,Pcun,Precuneus,Parietal Lobe,1.0,0.1154,1.0,1,1.0,22.91,19,1,0.1153
prefontal cortex,1,PrG,Precentral Gyrus,Frontal Lobe,1.0,0.1154,1.0,1,1.0,22.91,19,1,0.1153
prefrontal,1,SFG,Superior Frontal Gyrus,Frontal Lobe,0.4,0.1471,2.0,7,5.0,20.06,18,4,0.1471
prefrontal,2,OrG,Orbital Gyrus,Frontal Lobe,0.2,0.0882,1.0,4,5.0,20.06,18,4,0.1471
prefrontal,3,CG,Cingulate Gyrus,Limbic Lobe,0.2,0.0882,1.0,1,5.0,20.06,18,4,0.1471
prefrontal,4,MFG,Middle Frontal Gyrus,Frontal Lobe,0.2,0.0882,1.0,1,5.0,20.06,18,4,0.1471
prefrontal area,1,IFG,Inferior Frontal Gyrus,Frontal Lobe,0.5,0.1071,1.0,4,2.0,22.13,19,2,0.1071
prefrontal area,2,MFG,Middle Frontal Gyrus,Frontal Lobe,0.5,0.1071,1.0,1,2.0,22.13,19,2,0.1071
prefrontal corrtex ba 10,1,MFG,Middle Frontal Gyrus,Frontal Lobe,1.0,0.1154,1.0,1,1.0,22.91,19,1,0.1153
prefrontal cortex,1,MFG,Middle Frontal Gyrus,Frontal Lobe,0.5294,0.3276,9.0,10,17.0,13.0,13,6,0.3279
prefrontal cortex,2,IFG,Inferior Frontal Gyrus,Frontal Lobe,0.1176,0.0862,2.0,9,17.0,13.0,13,6,0.3279
prefrontal cortex,3,SFG,Superior Frontal Gyrus,Frontal Lobe,0.1176,0.0862,2.0,3,17.0,13.0,13,6,0.3279
prefrontal cortex,4,PrG,Precentral Gyrus,Frontal Lobe,0.1176,0.0862,2.0,2,17.0,13.0,13,6,0.3279
prefrontal cortex,5,BG,Basal Ganglia,Subcortical Nuclei,0.0588,0.0517,1.0,1,17.0,13.0,13,6,0.3279
prefrontal cortex,6,OrG,Orbital Gyrus,Frontal Lobe,0.0588,0.0517,1.0,1,17.0,13.0,13,6,0.3279
prefrontal cortex ba 10,1,MFG,Middle Frontal Gyrus,Frontal Lobe,1.0,0.1154,1.0,1,1.0,22.91,19,1,0.1153
prefrontal cortex ba 9 10,1,MFG,Middle Frontal Gyrus,Frontal Lobe,1.0,0.1154,1.0,1,1.0,22.91,19,1,0.1153
prefrontal dorsolateral cortex,1,MFG,Middle Frontal Gyrus,Frontal Lobe,1.0,0.1154,1.0,1,1.0,22.91,19,1,0.1153
prefrontal gyrus,1,SFG,Superior Frontal Gyrus,Frontal Lobe,1.0,0.1154,1.0,1,1.0,22.91,19,1,0.1153
prefrontal lobe,1,MFG,Middle Frontal Gyrus,Frontal Lobe,1.0,0.1154,1.0,1,1.0,22.91,19,1,0.1153
prefrontal subgyral area,1,IFG,Inferior Frontal Gyrus,Frontal Lobe,1.0,0.1154,1.0,1,1.0,22.91,19,1,0.1153
preg,1,PrG,Precentral Gyrus,Frontal Lobe,1.0,0.1154,1.0,1,1.0,22.91,19,1,0.1153
pregenual acc,1,CG,Cingulate Gyrus,Limbic Lobe,0.6667,0.1667,2.0,4,3.0,20.55,18,2,0.1668
pregenual acc,2,OrG,Orbital Gyrus,Frontal Lobe,0.3333,0.1,1.0,2,3.0,20.55,18,2,0.1668
pregenual anterior cingulate cortex,1,CG,Cingulate Gyrus,Limbic Lobe,0.5,0.1562,2.0,4,4.0,20.24,18,3,0.1564
pregenual anterior cingulate cortex,2,OrG,Orbital Gyrus,Frontal Lobe,0.25,0.0938,1.0,3,4.0,20.24,18,3,0.1564
pregenual anterior cingulate cortex,3,SFG,Superior Frontal Gyrus,Frontal Lobe,0.25,0.0938,1.0,1,4.0,20.24,18,3,0.1564
pregenual anterior cingulate cortex 24,1,CG,Cingulate Gyrus,Limbic Lobe,1.0,0.1154,1.0,1,1.0,22.91,19,1,0.1153
pregenual anterior cingulate cortex 24 and rostral prefrontal cortex 10,1,SFG,Superior Frontal Gyrus,Frontal Lobe,1.0,0.1154,1.0,1,1.0,22.91,19,1,0.1153
pregenual anterior cingulate cortex ba 24,1,CG,Cingulate Gyrus,Limbic Lobe,1.0,0.1154,1.0,4,1.0,22.91,19,1,0.1153
pregenual cing,1,CG,Cingulate Gyrus,Limbic Lobe,1.0,0.1154,1.0,1,1.0,22.91,19,1,0.1153
premotor,1,SFG,Superior Frontal Gyrus,Frontal Lobe,0.6667,0.1667,2.0,2,3.0,20.55,18,2,0.1668
premotor,2,MFG,Middle Frontal Gyrus,Frontal Lobe,0.3333,0.1,1.0,2,3.0,20.55,18,2,0.1668
premotor area,1,SFG,Superior Frontal Gyrus,Frontal Lobe,0.6667,0.1667,2.0,2,3.0,20.55,18,2,0.1668
premotor area,2,MFG,Middle Frontal Gyrus,Frontal Lobe,0.3333,0.1,1.0,1,3.0,20.55,18,2,0.1668
premotor area 1997,1,SFG,Superior Frontal Gyrus,Frontal Lobe,1.0,0.1154,1.0,1,1.0,22.91,19,1,0.1153
premotor c,1,MFG,Middle Frontal Gyrus,Frontal Lobe,1.0,0.1154,1.0,1,1.0,22.91,19,1,0.1153
premotor cortex,1,PrG,Precentral Gyrus,Frontal Lobe,0.4902,0.4048,25.0,36,51.0,7.57,5,6,0.405
premotor cortex,2,SFG,Superior Frontal Gyrus,Frontal Lobe,0.2353,0.1984,12.0,14,51.0,7.57,5,6,0.405
premotor cortex,3,MFG,Middle Frontal Gyrus,Frontal Lobe,0.1569,0.1349,8.0,11,51.0,7.57,5,6,0.405
premotor cortex,4,BG,Basal Ganglia,Subcortical Nuclei,0.0588,0.0556,3.0,4,51.0,7.57,5,6,0.405
premotor cortex,5,IFG,Inferior Frontal Gyrus,Frontal Lobe,0.0392,0.0397,2.0,4,51.0,7.57,5,6,0.405
premotor cortex,6,MVOcC,MedioVentral Occipital Cortex,Occipital Lobe,0.0196,0.0238,1.0,1,51.0,7.57,5,6,0.405
premotor cortex ba 6,1,PrG,Precentral Gyrus,Frontal Lobe,1.0,0.1786,2.0,2,2.0,21.0,19,1,0.1787
premotor cortex bi,1,SFG,Superior Frontal Gyrus,Frontal Lobe,1.0,0.1154,1.0,1,1.0,22.91,19,1,0.1153
premotor cortical area,1,MFG,Middle Frontal Gyrus,Frontal Lobe,1.0,0.1154,1.0,1,1.0,22.91,19,1,0.1153
presef,1,BG,Basal Ganglia,Subcortical Nuclei,1.0,0.1154,1.0,1,1.0,22.91,19,1,0.1153
prestriate,1,MVOcC,MedioVentral Occipital Cortex,Occipital Lobe,0.5,0.1071,1.0,3,2.0,22.13,19,2,0.1071
prestriate,2,LOcC,lateral Occipital Cortex,Occipital Lobe,0.5,0.1071,1.0,2,2.0,22.13,19,2,0.1071
prestriate cortex,1,MVOcC,MedioVentral Occipital Cortex,Occipital Lobe,1.0,0.1154,1.0,1,1.0,22.91,19,1,0.1153
presupplementary motor area,1,SFG,Superior Frontal Gyrus,Frontal Lobe,1.0,0.2333,3.0,3,3.0,19.05,18,1,0.2335
prg,1,PrG,Precentral Gyrus,Frontal Lobe,0.4286,0.1842,3.0,5,7.0,18.06,17,4,0.1843
prg,2,PoG,Postcentral Gyrus,Parietal Lobe,0.2857,0.1316,2.0,2,7.0,18.06,17,4,0.1843
prg,3,IPL,Inferior Parietal Lobule,Parietal Lobe,0.1429,0.0789,1.0,1,7.0,18.06,17,4,0.1843
prg,4,SFG,Superior Frontal Gyrus,Frontal Lobe,0.1429,0.0789,1.0,1,7.0,18.06,17,4,0.1843
primary and secondary somatosensory area,1,IPL,Inferior Parietal Lobule,Parietal Lobe,0.5,0.1071,1.0,2,2.0,22.13,19,2,0.1071
primary and secondary somatosensory area,2,PoG,Postcentral Gyrus,Parietal Lobe,0.5,0.1071,1.0,1,2.0,22.13,19,2,0.1071
primary and secondary visual cortex,1,MVOcC,MedioVentral Occipital Cortex,Occipital Lobe,1.0,0.1154,1.0,1,1.0,22.91,19,1,0.1153
primary motor,1,PrG,Precentral Gyrus,Frontal Lobe,0.5,0.1071,1.0,5,2.0,22.13,19,2,0.1071
primary motor,2,PoG,Postcentral Gyrus,Parietal Lobe,0.5,0.1071,1.0,1,2.0,22.13,19,2,0.1071
primary motor area,1,PoG,Postcentral Gyrus,Parietal Lobe,0.5,0.1071,1.0,1,2.0,22.13,19,2,0.1071
primary motor area,2,PrG,Precentral Gyrus,Frontal Lobe,0.5,0.1071,1.0,1,2.0,22.13,19,2,0.1071
primary motor area ba 6,1,SFG,Superior Frontal Gyrus,Frontal Lobe,1.0,0.1154,1.0,1,1.0,22.91,19,1,0.1153
primary motor cortex,1,PrG,Precentral Gyrus,Frontal Lobe,0.5185,0.3718,14.0,22,27.0,9.9,9,6,0.3719
primary motor cortex,2,PoG,Postcentral Gyrus,Parietal Lobe,0.2593,0.1923,7.0,9,27.0,9.9,9,6,0.3719
primary motor cortex,3,STG,Superior Temporal Gyrus,Temporal Lobe,0.0741,0.0641,2.0,3,27.0,9.9,9,6,0.3719
primary motor cortex,4,PCL,Paracentral Lobule,Frontal Lobe,0.0741,0.0641,2.0,2,27.0,9.9,9,6,0.3719
primary motor cortex,5,SFG,Superior Frontal Gyrus,Frontal Lobe,0.037,0.0385,1.0,1,27.0,9.9,9,6,0.3719
primary motor cortex,6,SPL,Superior Parietal Lobule,Parietal Lobe,0.037,0.0385,1.0,1,27.0,9.9,9,6,0.3719
primary motor cortex leg area,1,PCL,Paracentral Lobule,Frontal Lobe,1.0,0.1154,1.0,2,1.0,22.91,19,1,0.1153
primary olfactory area,1,Hipp,Hippocampus,Subcortical Nuclei,1.0,0.1154,1.0,1,1.0,22.91,19,1,0.1153
primary sensorimotor cortex,1,PrG,Precentral Gyrus,Frontal Lobe,1.0,0.1154,1.0,1,1.0,22.91,19,1,0.1153
primary sensory cortex,1,PoG,Postcentral Gyrus,Parietal Lobe,0.6,0.2059,3.0,4,5.0,18.76,18,3,0.206
primary sensory cortex,2,IPL,Inferior Parietal Lobule,Parietal Lobe,0.2,0.0882,1.0,9,5.0,18.76,18,3,0.206
primary sensory cortex,3,PCL,Paracentral Lobule,Frontal Lobe,0.2,0.0882,1.0,1,5.0,18.76,18,3,0.206
primary somato sensory cortex,1,PoG,Postcentral Gyrus,Parietal Lobe,0.5,0.1071,1.0,1,2.0,22.13,19,2,0.1071
primary somato sensory cortex,2,PrG,Precentral Gyrus,Frontal Lobe,0.5,0.1071,1.0,1,2.0,22.13,19,2,0.1071
primary somatosensory area,1,PrG,Precentral Gyrus,Frontal Lobe,1.0,0.1154,1.0,2,1.0,22.91,19,1,0.1153
primary visual,1,MVOcC,MedioVentral Occipital Cortex,Occipital Lobe,1.0,0.1154,1.0,1,1.0,22.91,19,1,0.1153
primary visual region,1,Pcun,Precuneus,Parietal Lobe,1.0,0.1154,1.0,1,1.0,22.91,19,1,0.1153
prmfc,1,SFG,Superior Frontal Gyrus,Frontal Lobe,1.0,0.1154,1.0,2,1.0,22.91,19,1,0.1153
procuneous cortex,1,Pcun,Precuneus,Parietal Lobe,1.0,0.1154,1.0,1,1.0,22.91,19,1,0.1153
psfg,1,PrG,Precentral Gyrus,Frontal Lobe,1.0,0.1154,1.0,1,1.0,22.91,19,1,0.1153
pspl,1,SPL,Superior Parietal Lobule,Parietal Lobe,1.0,0.1154,1.0,1,1.0,22.91,19,1,0.1153
pstcg,1,Pcun,Precuneus,Parietal Lobe,0.5,0.1071,1.0,1,2.0,22.13,19,2,0.1071
pstcg,2,SPL,Superior Parietal Lobule,Parietal Lobe,0.5,0.1071,1.0,1,2.0,22.13,19,2,0.1071
pstg,1,pSTS,posterior Superior Temporal Sulcus,Temporal Lobe,0.6667,0.1667,2.0,2,3.0,20.55,18,2,0.1668
pstg,2,IPL,Inferior Parietal Lobule,Parietal Lobe,0.3333,0.1,1.0,1,3.0,20.55,18,2,0.1668
pstg 22,1,STG,Superior Temporal Gyrus,Temporal Lobe,0.5,0.1071,1.0,3,2.0,22.13,19,2,0.1071
pstg 22,2,pSTS,posterior Superior Temporal Sulcus,Temporal Lobe,0.5,0.1071,1.0,1,2.0,22.13,19,2,0.1071
pstg 41,1,pSTS,posterior Superior Temporal Sulcus,Temporal Lobe,1.0,0.1154,1.0,2,1.0,22.91,19,1,0.1153
pstg 42,1,STG,Superior Temporal Gyrus,Temporal Lobe,1.0,0.1154,1.0,1,1.0,22.91,19,1,0.1153
psts,1,pSTS,posterior Superior Temporal Sulcus,Temporal Lobe,0.6,0.3519,9.0,13,15.0,12.06,14,4,0.352
psts,2,IPL,Inferior Parietal Lobule,Parietal Lobe,0.2,0.1296,3.0,3,15.0,12.06,14,4,0.352
psts,3,MTG,Middle Temporal Gyrus,Temporal Lobe,0.1333,0.0926,2.0,2,15.0,12.06,14,4,0.352
psts,4,STG,Superior Temporal Gyrus,Temporal Lobe,0.0667,0.0556,1.0,1,15.0,12.06,14,4,0.352
pt 42,1,MTG,Middle Temporal Gyrus,Temporal Lobe,1.0,0.1154,1.0,1,1.0,22.91,19,1,0.1153
ptpj,1,IPL,Inferior Parietal Lobule,Parietal Lobe,1.0,0.1154,1.0,1,1.0,22.91,19,1,0.1153
ptr,1,IFG,Inferior Frontal Gyrus,Frontal Lobe,1.0,0.1786,2.0,15,2.0,21.0,19,1,0.1787
ptr ba 45,1,IFG,Inferior Frontal Gyrus,Frontal Lobe,1.0,0.1154,1.0,1,1.0,22.91,19,1,0.1153
ptri,1,IFG,Inferior Frontal Gyrus,Frontal Lobe,1.0,0.1154,1.0,2,1.0,22.91,19,1,0.1153
pulv,1,Tha,Thalamus,Subcortical Nuclei,1.0,0.1154,1.0,1,1.0,22.91,19,1,0.1153
pulvinar,1,Tha,Thalamus,Subcortical Nuclei,0.9474,0.5968,18.0,27,19.0,6.8,12,2,0.5972
pulvinar,2,BG,Basal Ganglia,Subcortical Nuclei,0.0526,0.0484,1.0,1,19.0,6.8,12,2,0.5972
put,1,BG,Basal Ganglia,Subcortical Nuclei,0.6667,0.1667,2.0,3,3.0,20.55,18,2,0.1668
put,2,MFG,Middle Frontal Gyrus,Frontal Lobe,0.3333,0.1,1.0,1,3.0,20.55,18,2,0.1668
put amen,1,BG,Basal Ganglia,Subcortical Nuclei,1.0,0.1154,1.0,1,1.0,22.91,19,1,0.1153
put ant,1,BG,Basal Ganglia,Subcortical Nuclei,1.0,0.1154,1.0,1,1.0,22.91,19,1,0.1153
put anterior,1,BG,Basal Ganglia,Subcortical Nuclei,1.0,0.1154,1.0,1,1.0,22.91,19,1,0.1153
put post,1,BG,Basal Ganglia,Subcortical Nuclei,1.0,0.1154,1.0,2,1.0,22.91,19,1,0.1153
putamam,1,BG,Basal Ganglia,Subcortical Nuclei,1.0,0.1154,1.0,1,1.0,22.91,19,1,0.1153
putaman,1,BG,Basal Ganglia,Subcortical Nuclei,1.0,0.1786,2.0,6,2.0,21.0,19,1,0.1787
putamen,1,BG,Basal Ganglia,Subcortical Nuclei,0.885,0.8588,331.0,573,374.0,2.13,1,11,0.8586
putamen,2,INS,Insular Gyrus,Insular Lobe,0.0374,0.0376,14.0,17,374.0,2.13,1,11,0.8586
putamen,3,Tha,Thalamus,Subcortical Nuclei,0.0214,0.022,8.0,8,374.0,2.13,1,11,0.8586
putamen,4,PhG,Parahippocampal Gyrus,Temporal Lobe,0.016,0.0168,6.0,6,374.0,2.13,1,11,0.8586
putamen,5,MFG,Middle Frontal Gyrus,Frontal Lobe,0.0107,0.0117,4.0,4,374.0,2.13,1,11,0.8586
putamen,6,Hipp,Hippocampus,Subcortical Nuclei,0.008,0.0091,3.0,3,374.0,2.13,1,11,0.8586
putamen,7,OrG,Orbital Gyrus,Frontal Lobe,0.008,0.0091,3.0,3,374.0,2.13,1,11,0.8586
putamen,8,Amyg,Amygdala,Subcortical Nuclei,0.0053,0.0065,2.0,2,374.0,2.13,1,11,0.8586
putamen,9,MTG,Middle Temporal Gyrus,Temporal Lobe,0.0027,0.0039,1.0,1,374.0,2.13,1,11,0.8586
putamen,10,SFG,Superior Frontal Gyrus,Frontal Lobe,0.0027,0.0039,1.0,1,374.0,2.13,1,11,0.8586
putamen,11,STG,Superior Temporal Gyrus,Temporal Lobe,0.0027,0.0039,1.0,1,374.0,2.13,1,11,0.8586
putamen nucleus,1,PhG,Parahippocampal Gyrus,Temporal Lobe,1.0,0.1154,1.0,1,1.0,22.91,19,1,0.1153
putamen1,1,BG,Basal Ganglia,Subcortical Nuclei,1.0,0.1154,1.0,2,1.0,22.91,19,1,0.1153
putamena,1,MTG,Middle Temporal Gyrus,Temporal Lobe,1.0,0.1154,1.0,1,1.0,22.91,19,1,0.1153
putamendamh,1,Tha,Thalamus,Subcortical Nuclei,1.0,0.1154,1.0,1,1.0,22.91,19,1,0.1153
putamenh,1,BG,Basal Ganglia,Subcortical Nuclei,1.0,0.1154,1.0,2,1.0,22.91,19,1,0.1153
putamenm,1,BG,Basal Ganglia,Subcortical Nuclei,1.0,0.1154,1.0,1,1.0,22.91,19,1,0.1153
putamenn,1,BG,Basal Ganglia,Subcortical Nuclei,1.0,0.1154,1.0,1,1.0,22.91,19,1,0.1153
putamenundamh,1,BG,Basal Ganglia,Subcortical Nuclei,1.0,0.1154,1.0,1,1.0,22.91,19,1,0.1153
racc,1,CG,Cingulate Gyrus,Limbic Lobe,0.5,0.2708,6.0,12,12.0,14.23,15,4,0.271
racc,2,OrG,Orbital Gyrus,Frontal Lobe,0.25,0.1458,3.0,3,12.0,14.23,15,4,0.271
racc,3,SFG,Superior Frontal Gyrus,Frontal Lobe,0.1667,0.1042,2.0,7,12.0,14.23,15,4,0.271
racc,4,BG,Basal Ganglia,Subcortical Nuclei,0.0833,0.0625,1.0,1,12.0,14.23,15,4,0.271
rag,1,IPL,Inferior Parietal Lobule,Parietal Lobe,1.0,0.1154,1.0,1,1.0,22.91,19,1,0.1153
ralpfc,1,MFG,Middle Frontal Gyrus,Frontal Lobe,1.0,0.1154,1.0,1,1.0,22.91,19,1,0.1153
ramy,1,Amyg,Amygdala,Subcortical Nuclei,1.0,0.1154,1.0,1,1.0,22.91,19,1,0.1153
rcn,1,MVOcC,MedioVentral Occipital Cortex,Occipital Lobe,1.0,0.1154,1.0,1,1.0,22.91,19,1,0.1153
rcs,1,PrG,Precentral Gyrus,Frontal Lobe,1.0,0.1154,1.0,1,1.0,22.91,19,1,0.1153
rcz,1,SFG,Superior Frontal Gyrus,Frontal Lobe,1.0,0.1154,1.0,1,1.0,22.91,19,1,0.1153
rdlpfc,1,MFG,Middle Frontal Gyrus,Frontal Lobe,0.5,0.1071,1.0,2,2.0,22.13,19,2,0.1071
rdlpfc,2,PrG,Precentral Gyrus,Frontal Lobe,0.5,0.1071,1.0,1,2.0,22.13,19,2,0.1071
rectal gyrus,1,OrG,Orbital Gyrus,Frontal Lobe,0.9286,0.5192,13.0,16,14.0,8.81,14,2,0.5196
rectal gyrus,2,CG,Cingulate Gyrus,Limbic Lobe,0.0714,0.0577,1.0,1,14.0,8.81,14,2,0.5196
rectal gyrus ba 11,1,OrG,Orbital Gyrus,Frontal Lobe,0.6667,0.1667,2.0,3,3.0,20.55,18,2,0.1668
rectal gyrus ba 11,2,Tha,Thalamus,Subcortical Nuclei,0.3333,0.1,1.0,1,3.0,20.55,18,2,0.1668
rectus,1,OrG,Orbital Gyrus,Frontal Lobe,0.8,0.5156,16.0,19,20.0,8.38,12,4,0.5159
rectus,2,CG,Cingulate Gyrus,Limbic Lobe,0.1,0.0781,2.0,2,20.0,8.38,12,4,0.5159
rectus,3,BG,Basal Ganglia,Subcortical Nuclei,0.05,0.0469,1.0,1,20.0,8.38,12,4,0.5159
rectus,4,SFG,Superior Frontal Gyrus,Frontal Lobe,0.05,0.0469,1.0,1,20.0,8.38,12,4,0.5159
rectus and,1,OrG,Orbital Gyrus,Frontal Lobe,1.0,0.1154,1.0,2,1.0,22.91,19,1,0.1153
rectus gyrus,1,OrG,Orbital Gyrus,Frontal Lobe,0.8333,0.3056,5.0,9,6.0,15.79,17,2,0.3054
rectus gyrus,2,CG,Cingulate Gyrus,Limbic Lobe,0.1667,0.0833,1.0,1,6.0,15.79,17,2,0.3054
red nucleus,1,Tha,Thalamus,Subcortical Nuclei,0.875,0.375,7.0,7,8.0,13.34,16,2,0.375
red nucleus,2,OrG,Orbital Gyrus,Frontal Lobe,0.125,0.075,1.0,1,8.0,13.34,16,2,0.375
restrosplenial cortex,1,CG,Cingulate Gyrus,Limbic Lobe,0.5,0.1071,1.0,1,2.0,22.13,19,2,0.1071
restrosplenial cortex,2,PhG,Parahippocampal Gyrus,Temporal Lobe,0.5,0.1071,1.0,1,2.0,22.13,19,2,0.1071
retrolenticular limb,1,Tha,Thalamus,Subcortical Nuclei,1.0,0.1786,2.0,2,2.0,21.0,19,1,0.1787
retrospenial cortex,1,CG,Cingulate Gyrus,Limbic Lobe,1.0,0.1154,1.0,1,1.0,22.91,19,1,0.1153
retrospinal cortex,1,CG,Cingulate Gyrus,Limbic Lobe,1.0,0.1154,1.0,1,1.0,22.91,19,1,0.1153
retrosplenial,1,CG,Cingulate Gyrus,Limbic Lobe,1.0,0.1154,1.0,1,1.0,22.91,19,1,0.1153
retrosplenial and lingual gyrus,1,MVOcC,MedioVentral Occipital Cortex,Occipital Lobe,1.0,0.1154,1.0,1,1.0,22.91,19,1,0.1153
retrosplenial cingulate cortex,1,Pcun,Precuneus,Parietal Lobe,1.0,0.1154,1.0,1,1.0,22.91,19,1,0.1153
retrosplenial cortex,1,CG,Cingulate Gyrus,Limbic Lobe,0.4375,0.2679,7.0,11,16.0,13.05,13,5,0.2677
retrosplenial cortex,2,Pcun,Precuneus,Parietal Lobe,0.3125,0.1964,5.0,6,16.0,13.05,13,5,0.2677
retrosplenial cortex,3,BG,Basal Ganglia,Subcortical Nuclei,0.125,0.0893,2.0,3,16.0,13.05,13,5,0.2677
retrosplenial cortex,4,PhG,Parahippocampal Gyrus,Temporal Lobe,0.0625,0.0536,1.0,1,16.0,13.05,13,5,0.2677
retrosplenial cortex,5,Tha,Thalamus,Subcortical Nuclei,0.0625,0.0536,1.0,1,16.0,13.05,13,5,0.2677
retrosplenial cortex ba 31,1,BG,Basal Ganglia,Subcortical Nuclei,0.6667,0.1667,2.0,3,3.0,20.55,18,2,0.1668
retrosplenial cortex ba 31,2,Tha,Thalamus,Subcortical Nuclei,0.3333,0.1,1.0,2,3.0,20.55,18,2,0.1668
retrosplenium,1,Pcun,Precuneus,Parietal Lobe,1.0,0.1154,1.0,4,1.0,22.91,19,1,0.1153
reward,1,OrG,Orbital Gyrus,Frontal Lobe,1.0,0.1154,1.0,1,1.0,22.91,19,1,0.1153
rfef,1,PrG,Precentral Gyrus,Frontal Lobe,1.0,0.1154,1.0,1,1.0,22.91,19,1,0.1153
rffa,1,FuG,Fusiform Gyrus,Temporal Lobe,1.0,0.1154,1.0,2,1.0,22.91,19,1,0.1153
rifg,1,IFG,Inferior Frontal Gyrus,Frontal Lobe,1.0,0.1154,1.0,3,1.0,22.91,19,1,0.1153
rifg ba 45 47,1,IFG,Inferior Frontal Gyrus,Frontal Lobe,1.0,0.1154,1.0,1,1.0,22.91,19,1,0.1153
rifga,1,IFG,Inferior Frontal Gyrus,Frontal Lobe,1.0,0.1154,1.0,1,1.0,22.91,19,1,0.1153
rightleft,1,Pcun,Precuneus,Parietal Lobe,1.0,0.1154,1.0,1,1.0,22.91,19,1,0.1153
rightpostcentral gyrus 1,1,PoG,Postcentral Gyrus,Parietal Lobe,1.0,0.1154,1.0,1,1.0,22.91,19,1,0.1153
rightpostcentral gyrus 2,1,IPL,Inferior Parietal Lobule,Parietal Lobe,1.0,0.1154,1.0,1,1.0,22.91,19,1,0.1153
rihgt inferior parietal lobule,1,IPL,Inferior Parietal Lobule,Parietal Lobe,1.0,0.1154,1.0,2,1.0,22.91,19,1,0.1153
ring anterior insula,1,IFG,Inferior Frontal Gyrus,Frontal Lobe,1.0,0.1154,1.0,1,1.0,22.91,19,1,0.1153
ripl,1,IPL,Inferior Parietal Lobule,Parietal Lobe,0.5,0.1071,1.0,1,2.0,22.13,19,2,0.1071
ripl,2,MTG,Middle Temporal Gyrus,Temporal Lobe,0.5,0.1071,1.0,1,2.0,22.13,19,2,0.1071
rips,1,SPL,Superior Parietal Lobule,Parietal Lobe,1.0,0.1154,1.0,1,1.0,22.91,19,1,0.1153
rloc,1,IPL,Inferior Parietal Lobule,Parietal Lobe,1.0,0.1786,2.0,2,2.0,21.0,19,1,0.1787
rlpfc,1,MFG,Middle Frontal Gyrus,Frontal Lobe,1.0,0.1786,2.0,3,2.0,21.0,19,1,0.1787
rmc,1,PoG,Postcentral Gyrus,Parietal Lobe,1.0,0.1154,1.0,1,1.0,22.91,19,1,0.1153
rmfg,1,IFG,Inferior Frontal Gyrus,Frontal Lobe,0.5,0.1562,2.0,3,4.0,20.24,18,3,0.1564
rmfg,2,MFG,Middle Frontal Gyrus,Frontal Lobe,0.25,0.0938,1.0,1,4.0,20.24,18,3,0.1564
rmfg,3,STG,Superior Temporal Gyrus,Temporal Lobe,0.25,0.0938,1.0,1,4.0,20.24,18,3,0.1564
rmpfc,1,SFG,Superior Frontal Gyrus,Frontal Lobe,1.0,0.1154,1.0,1,1.0,22.91,19,1,0.1153
rmtg,1,MTG,Middle Temporal Gyrus,Temporal Lobe,0.4,0.1471,2.0,2,5.0,20.06,18,4,0.1471
rmtg,2,STG,Superior Temporal Gyrus,Temporal Lobe,0.2,0.0882,1.0,6,5.0,20.06,18,4,0.1471
rmtg,3,PrG,Precentral Gyrus,Frontal Lobe,0.2,0.0882,1.0,3,5.0,20.06,18,4,0.1471
rmtg,4,pSTS,posterior Superior Temporal Sulcus,Temporal Lobe,0.2,0.0882,1.0,1,5.0,20.06,18,4,0.1471
rofa,1,FuG,Fusiform Gyrus,Temporal Lobe,0.5,0.1071,1.0,1,2.0,22.13,19,2,0.1071
rofa,2,LOcC,lateral Occipital Cortex,Occipital Lobe,0.5,0.1071,1.0,1,2.0,22.13,19,2,0.1071
rofc,1,INS,Insular Gyrus,Insular Lobe,1.0,0.1154,1.0,1,1.0,22.91,19,1,0.1153
roi 1,1,MFG,Middle Frontal Gyrus,Frontal Lobe,0.5,0.1071,1.0,1,2.0,22.13,19,2,0.1071
roi 1,2,OrG,Orbital Gyrus,Frontal Lobe,0.5,0.1071,1.0,1,2.0,22.13,19,2,0.1071
roi 2,1,MFG,Middle Frontal Gyrus,Frontal Lobe,0.5,0.1071,1.0,1,2.0,22.13,19,2,0.1071
roi 2,2,OrG,Orbital Gyrus,Frontal Lobe,0.5,0.1071,1.0,1,2.0,22.13,19,2,0.1071
rol operc,1,PoG,Postcentral Gyrus,Parietal Lobe,1.0,0.1154,1.0,1,1.0,22.91,19,1,0.1153
rolandic oper,1,PrG,Precentral Gyrus,Frontal Lobe,0.5,0.1562,2.0,2,4.0,20.24,18,3,0.1564
rolandic oper,2,IPL,Inferior Parietal Lobule,Parietal Lobe,0.25,0.0938,1.0,1,4.0,20.24,18,3,0.1564
rolandic oper,3,PoG,Postcentral Gyrus,Parietal Lobe,0.25,0.0938,1.0,1,4.0,20.24,18,3,0.1564
rolandic oper 44,1,IFG,Inferior Frontal Gyrus,Frontal Lobe,1.0,0.1154,1.0,1,1.0,22.91,19,1,0.1153
rolandic oper 7,1,PrG,Precentral Gyrus,Frontal Lobe,1.0,0.1154,1.0,2,1.0,22.91,19,1,0.1153
rolandic opercolum,1,PrG,Precentral Gyrus,Frontal Lobe,1.0,0.1154,1.0,1,1.0,22.91,19,1,0.1153
rolandic opercular gyrus,1,PrG,Precentral Gyrus,Frontal Lobe,1.0,0.1154,1.0,1,1.0,22.91,19,1,0.1153
rolandic operculum,1,PrG,Precentral Gyrus,Frontal Lobe,0.3253,0.2895,27.0,31,83.0,7.83,5,6,0.2893
rolandic operculum,2,IPL,Inferior Parietal Lobule,Parietal Lobe,0.253,0.2263,21.0,33,83.0,7.83,5,6,0.2893
rolandic operculum,3,PoG,Postcentral Gyrus,Parietal Lobe,0.1807,0.1632,15.0,23,83.0,7.83,5,6,0.2893
rolandic operculum,4,INS,Insular Gyrus,Insular Lobe,0.1084,0.1,9.0,12,83.0,7.83,5,6,0.2893
rolandic operculum,5,STG,Superior Temporal Gyrus,Temporal Lobe,0.0964,0.0895,8.0,12,83.0,7.83,5,6,0.2893
rolandic operculum,6,IFG,Inferior Frontal Gyrus,Frontal Lobe,0.0361,0.0368,3.0,3,83.0,7.83,5,6,0.2893
rolandic operculum ba 44,1,PrG,Precentral Gyrus,Frontal Lobe,1.0,0.1154,1.0,1,1.0,22.91,19,1,0.1153
rolandic operculum ba 6,1,PrG,Precentral Gyrus,Frontal Lobe,1.0,0.1154,1.0,1,1.0,22.91,19,1,0.1153
rolandic operculum op3,1,IPL,Inferior Parietal Lobule,Parietal Lobe,1.0,0.1154,1.0,1,1.0,22.91,19,1,0.1153
rolandic operculum op4,1,PoG,Postcentral Gyrus,Parietal Lobe,1.0,0.1154,1.0,1,1.0,22.91,19,1,0.1153
rostral acc,1,CG,Cingulate Gyrus,Limbic Lobe,0.5,0.1562,2.0,2,4.0,20.24,18,3,0.1564
rostral acc,2,OrG,Orbital Gyrus,Frontal Lobe,0.25,0.0938,1.0,1,4.0,20.24,18,3,0.1564
rostral acc,3,SFG,Superior Frontal Gyrus,Frontal Lobe,0.25,0.0938,1.0,1,4.0,20.24,18,3,0.1564
rostral anterior cingulate,1,CG,Cingulate Gyrus,Limbic Lobe,1.0,0.1786,2.0,3,2.0,21.0,19,1,0.1787
rostral anterior cingulate ba 32,1,CG,Cingulate Gyrus,Limbic Lobe,1.0,0.1154,1.0,2,1.0,22.91,19,1,0.1153
rostral anterior cingulate cortex,1,CG,Cingulate Gyrus,Limbic Lobe,0.8,0.2647,4.0,5,5.0,17.25,18,2,0.2648
rostral anterior cingulate cortex,2,OrG,Orbital Gyrus,Frontal Lobe,0.2,0.0882,1.0,1,5.0,17.25,18,2,0.2648
rostral anterior cingulate gyrus,1,CG,Cingulate Gyrus,Limbic Lobe,1.0,0.1154,1.0,1,1.0,22.91,19,1,0.1153
rostral anterior insula,1,INS,Insular Gyrus,Insular Lobe,1.0,0.1154,1.0,1,1.0,22.91,19,1,0.1153
rostral caudate,1,BG,Basal Ganglia,Subcortical Nuclei,1.0,0.1154,1.0,1,1.0,22.91,19,1,0.1153
rostral cingulate zone,1,CG,Cingulate Gyrus,Limbic Lobe,1.0,0.1154,1.0,1,1.0,22.91,19,1,0.1153
rostral dorsolateral pfc,1,SFG,Superior Frontal Gyrus,Frontal Lobe,1.0,0.1154,1.0,1,1.0,22.91,19,1,0.1153
rostral medial frontal,1,SFG,Superior Frontal Gyrus,Frontal Lobe,1.0,0.1154,1.0,7,1.0,22.91,19,1,0.1153
rostral medial frontal g,1,SFG,Superior Frontal Gyrus,Frontal Lobe,1.0,0.1154,1.0,4,1.0,22.91,19,1,0.1153
rostral medial pfc ba 10,1,SFG,Superior Frontal Gyrus,Frontal Lobe,1.0,0.1154,1.0,1,1.0,22.91,19,1,0.1153
rostral medial prefrontal cortex ba 10,1,SFG,Superior Frontal Gyrus,Frontal Lobe,1.0,0.1154,1.0,1,1.0,22.91,19,1,0.1153
rostral middle frontal,1,MFG,Middle Frontal Gyrus,Frontal Lobe,0.875,0.375,7.0,11,8.0,13.34,16,2,0.375
rostral middle frontal,2,IFG,Inferior Frontal Gyrus,Frontal Lobe,0.125,0.075,1.0,1,8.0,13.34,16,2,0.375
rostral middle frontal gyrus,1,MFG,Middle Frontal Gyrus,Frontal Lobe,1.0,0.2333,3.0,4,3.0,19.05,18,1,0.2335
rostral portion of the postcentral gyrus,1,PoG,Postcentral Gyrus,Parietal Lobe,0.5,0.1071,1.0,7,2.0,22.13,19,2,0.1071
rostral portion of the postcentral gyrus,2,PrG,Precentral Gyrus,Frontal Lobe,0.5,0.1071,1.0,5,2.0,22.13,19,2,0.1071
rostral prefrontal cortex 10,1,SFG,Superior Frontal Gyrus,Frontal Lobe,0.5,0.1071,1.0,3,2.0,22.13,19,2,0.1071
rostral prefrontal cortex 10,2,MFG,Middle Frontal Gyrus,Frontal Lobe,0.5,0.1071,1.0,1,2.0,22.13,19,2,0.1071
rostral premotor area,1,SFG,Superior Frontal Gyrus,Frontal Lobe,1.0,0.1154,1.0,1,1.0,22.91,19,1,0.1153
rostral stg,1,STG,Superior Temporal Gyrus,Temporal Lobe,1.0,0.1154,1.0,2,1.0,22.91,19,1,0.1153
rostral superior parietal gyrus,1,SPL,Superior Parietal Lobule,Parietal Lobe,1.0,0.1154,1.0,2,1.0,22.91,19,1,0.1153
rostrolateral frontal cortex,1,MFG,Middle Frontal Gyrus,Frontal Lobe,1.0,0.1154,1.0,1,1.0,22.91,19,1,0.1153
rostrolateral pfc,1,MFG,Middle Frontal Gyrus,Frontal Lobe,1.0,0.1154,1.0,3,1.0,22.91,19,1,0.1153
rostrolateral prefrontal cortex,1,MFG,Middle Frontal Gyrus,Frontal Lobe,1.0,0.1154,1.0,2,1.0,22.91,19,1,0.1153
rostromedial frontal lobe,1,SFG,Superior Frontal Gyrus,Frontal Lobe,1.0,0.1154,1.0,1,1.0,22.91,19,1,0.1153
rostromedial pfc,1,SFG,Superior Frontal Gyrus,Frontal Lobe,1.0,0.1154,1.0,1,1.0,22.91,19,1,0.1153
rparahippocampal gyrus,1,PhG,Parahippocampal Gyrus,Temporal Lobe,1.0,0.1154,1.0,1,1.0,22.91,19,1,0.1153
rpcc,1,CG,Cingulate Gyrus,Limbic Lobe,0.5,0.1071,1.0,1,2.0,22.13,19,2,0.1071
rpcc,2,Pcun,Precuneus,Parietal Lobe,0.5,0.1071,1.0,1,2.0,22.13,19,2,0.1071
rpcg,1,PrG,Precentral Gyrus,Frontal Lobe,1.0,0.1154,1.0,1,1.0,22.91,19,1,0.1153
rpcn,1,Pcun,Precuneus,Parietal Lobe,1.0,0.1154,1.0,1,1.0,22.91,19,1,0.1153
rpfc,1,MFG,Middle Frontal Gyrus,Frontal Lobe,1.0,0.1154,1.0,1,1.0,22.91,19,1,0.1153
rpips,1,SPL,Superior Parietal Lobule,Parietal Lobe,1.0,0.1154,1.0,1,1.0,22.91,19,1,0.1153
rpmtg,1,IPL,Inferior Parietal Lobule,Parietal Lobe,1.0,0.1154,1.0,1,1.0,22.91,19,1,0.1153
rppc,1,IPL,Inferior Parietal Lobule,Parietal Lobe,1.0,0.1154,1.0,1,1.0,22.91,19,1,0.1153
rpsts,1,pSTS,posterior Superior Temporal Sulcus,Temporal Lobe,1.0,0.1786,2.0,4,2.0,21.0,19,1,0.1787
rsc,1,Pcun,Precuneus,Parietal Lobe,0.8,0.2647,4.0,4,5.0,17.25,18,2,0.2648
rsc,2,CG,Cingulate Gyrus,Limbic Lobe,0.2,0.0882,1.0,1,5.0,17.25,18,2,0.2648
rsfg,1,SFG,Superior Frontal Gyrus,Frontal Lobe,1.0,0.1154,1.0,1,1.0,22.91,19,1,0.1153
rsloc,1,SPL,Superior Parietal Lobule,Parietal Lobe,1.0,0.1154,1.0,1,1.0,22.91,19,1,0.1153
rsma,1,SFG,Superior Frontal Gyrus,Frontal Lobe,0.5,0.1071,1.0,2,2.0,22.13,19,2,0.1071
rsma,2,PCL,Paracentral Lobule,Frontal Lobe,0.5,0.1071,1.0,1,2.0,22.13,19,2,0.1071
rsmg,1,SPL,Superior Parietal Lobule,Parietal Lobe,1.0,0.1154,1.0,1,1.0,22.91,19,1,0.1153
rstg,1,STG,Superior Temporal Gyrus,Temporal Lobe,1.0,0.1786,2.0,2,2.0,21.0,19,1,0.1787
rstg and insula,1,PrG,Precentral Gyrus,Frontal Lobe,1.0,0.1154,1.0,1,1.0,22.91,19,1,0.1153
rsts,1,MTG,Middle Temporal Gyrus,Temporal Lobe,1.0,0.1154,1.0,1,1.0,22.91,19,1,0.1153
rtemp,1,MTG,Middle Temporal Gyrus,Temporal Lobe,1.0,0.1154,1.0,1,1.0,22.91,19,1,0.1153
rtha,1,Tha,Thalamus,Subcortical Nuclei,1.0,0.1154,1.0,1,1.0,22.91,19,1,0.1153
rtpj,1,IPL,Inferior Parietal Lobule,Parietal Lobe,0.6,0.2059,3.0,3,5.0,18.76,18,3,0.206
rtpj,2,MTG,Middle Temporal Gyrus,Temporal Lobe,0.2,0.0882,1.0,1,5.0,18.76,18,3,0.206
rtpj,3,pSTS,posterior Superior Temporal Sulcus,Temporal Lobe,0.2,0.0882,1.0,1,5.0,18.76,18,3,0.206
rtpj 40,1,IPL,Inferior Parietal Lobule,Parietal Lobe,1.0,0.1154,1.0,1,1.0,22.91,19,1,0.1153
rv1 v2,1,MVOcC,MedioVentral Occipital Cortex,Occipital Lobe,1.0,0.1154,1.0,1,1.0,22.91,19,1,0.1153
rv3a,1,LOcC,lateral Occipital Cortex,Occipital Lobe,1.0,0.1154,1.0,1,1.0,22.91,19,1,0.1153
rv3b,1,LOcC,lateral Occipital Cortex,Occipital Lobe,1.0,0.1154,1.0,1,1.0,22.91,19,1,0.1153
rv4 vp,1,MVOcC,MedioVentral Occipital Cortex,Occipital Lobe,1.0,0.1154,1.0,1,1.0,22.91,19,1,0.1153
rv5,1,IPL,Inferior Parietal Lobule,Parietal Lobe,0.5,0.1071,1.0,1,2.0,22.13,19,2,0.1071
rv5,2,LOcC,lateral Occipital Cortex,Occipital Lobe,0.5,0.1071,1.0,1,2.0,22.13,19,2,0.1071
rvcs,1,PrG,Precentral Gyrus,Frontal Lobe,1.0,0.1154,1.0,1,1.0,22.91,19,1,0.1153
rvfc,1,IFG,Inferior Frontal Gyrus,Frontal Lobe,1.0,0.1154,1.0,1,1.0,22.91,19,1,0.1153
rvstr,1,BG,Basal Ganglia,Subcortical Nuclei,1.0,0.1154,1.0,2,1.0,22.91,19,1,0.1153
s i,1,PoG,Postcentral Gyrus,Parietal Lobe,1.0,0.1154,1.0,1,1.0,22.91,19,1,0.1153
s ii,1,INS,Insular Gyrus,Insular Lobe,0.5,0.1071,1.0,1,2.0,22.13,19,2,0.1071
s ii,2,IPL,Inferior Parietal Lobule,Parietal Lobe,0.5,0.1071,1.0,1,2.0,22.13,19,2,0.1071
s1 1 2 3,1,PoG,Postcentral Gyrus,Parietal Lobe,1.0,0.1154,1.0,2,1.0,22.91,19,1,0.1153
s1 hand 3,1,PoG,Postcentral Gyrus,Parietal Lobe,1.0,0.1154,1.0,1,1.0,22.91,19,1,0.1153
s1damh,1,PoG,Postcentral Gyrus,Parietal Lobe,1.0,0.1154,1.0,3,1.0,22.91,19,1,0.1153
s1undamh,1,SPL,Superior Parietal Lobule,Parietal Lobe,1.0,0.1154,1.0,1,1.0,22.91,19,1,0.1153
s2 cl,1,PrG,Precentral Gyrus,Frontal Lobe,1.0,0.1154,1.0,1,1.0,22.91,19,1,0.1153
sacc,1,CG,Cingulate Gyrus,Limbic Lobe,1.0,0.1154,1.0,1,1.0,22.91,19,1,0.1153
second somatosensory cortex,1,IPL,Inferior Parietal Lobule,Parietal Lobe,0.5,0.1071,1.0,4,2.0,22.13,19,2,0.1071
second somatosensory cortex,2,STG,Superior Temporal Gyrus,Temporal Lobe,0.5,0.1071,1.0,1,2.0,22.13,19,2,0.1071
secondary auditory cortex,1,STG,Superior Temporal Gyrus,Temporal Lobe,1.0,0.1154,1.0,1,1.0,22.91,19,1,0.1153
secondary clusters,1,MFG,Middle Frontal Gyrus,Frontal Lobe,0.5,0.1071,1.0,2,2.0,22.13,19,2,0.1071
secondary clusters,2,SFG,Superior Frontal Gyrus,Frontal Lobe,0.5,0.1071,1.0,1,2.0,22.13,19,2,0.1071
secondary olfactory area,1,INS,Insular Gyrus,Insular Lobe,1.0,0.1154,1.0,1,1.0,22.91,19,1,0.1153
secondary olfactory areas1,1,IFG,Inferior Frontal Gyrus,Frontal Lobe,0.5,0.1071,1.0,1,2.0,22.13,19,2,0.1071
secondary olfactory areas1,2,Tha,Thalamus,Subcortical Nuclei,0.5,0.1071,1.0,1,2.0,22.13,19,2,0.1071
secondary somatosensory,1,IFG,Inferior Frontal Gyrus,Frontal Lobe,1.0,0.1154,1.0,1,1.0,22.91,19,1,0.1153
secondary somatosensory cortex,1,IPL,Inferior Parietal Lobule,Parietal Lobe,0.4286,0.1842,3.0,4,7.0,17.38,17,3,0.1843
secondary somatosensory cortex,2,PoG,Postcentral Gyrus,Parietal Lobe,0.2857,0.1316,2.0,2,7.0,17.38,17,3,0.1843
secondary somatosensory cortex,3,STG,Superior Temporal Gyrus,Temporal Lobe,0.2857,0.1316,2.0,2,7.0,17.38,17,3,0.1843
secondary visual cortex,1,MVOcC,MedioVentral Occipital Cortex,Occipital Lobe,0.6,0.2059,3.0,4,5.0,17.97,18,2,0.2059
secondary visual cortex,2,LOcC,lateral Occipital Cortex,Occipital Lobe,0.4,0.1471,2.0,3,5.0,17.97,18,2,0.2059
sef,1,SFG,Superior Frontal Gyrus,Frontal Lobe,0.8333,0.3056,5.0,9,6.0,15.79,17,2,0.3054
sef,2,CG,Cingulate Gyrus,Limbic Lobe,0.1667,0.0833,1.0,1,6.0,15.79,17,2,0.3054
sef sphere,1,SFG,Superior Frontal Gyrus,Frontal Lobe,1.0,0.1154,1.0,1,1.0,22.91,19,1,0.1153
sensorimotor,1,PoG,Postcentral Gyrus,Parietal Lobe,0.5,0.1071,1.0,1,2.0,22.13,19,2,0.1071
sensorimotor,2,PrG,Precentral Gyrus,Frontal Lobe,0.5,0.1071,1.0,1,2.0,22.13,19,2,0.1071
sensorimotor area,1,PoG,Postcentral Gyrus,Parietal Lobe,0.5,0.1071,1.0,1,2.0,22.13,19,2,0.1071
sensorimotor area,2,PrG,Precentral Gyrus,Frontal Lobe,0.5,0.1071,1.0,1,2.0,22.13,19,2,0.1071
sensorimotor cortex,1,PoG,Postcentral Gyrus,Parietal Lobe,0.4,0.2045,4.0,7,10.0,15.91,16,4,0.2046
sensorimotor cortex,2,PCL,Paracentral Lobule,Frontal Lobe,0.3,0.1591,3.0,4,10.0,15.91,16,4,0.2046
sensorimotor cortex,3,PrG,Precentral Gyrus,Frontal Lobe,0.2,0.1136,2.0,4,10.0,15.91,16,4,0.2046
sensorimotor cortex,4,INS,Insular Gyrus,Insular Lobe,0.1,0.0682,1.0,1,10.0,15.91,16,4,0.2046
sensorimotor network,1,MFG,Middle Frontal Gyrus,Frontal Lobe,1.0,0.1154,1.0,1,1.0,22.91,19,1,0.1153
sensorimotor region,1,Pcun,Precuneus,Parietal Lobe,1.0,0.1154,1.0,1,1.0,22.91,19,1,0.1153
sensory,1,LOcC,lateral Occipital Cortex,Occipital Lobe,1.0,0.1154,1.0,2,1.0,22.91,19,1,0.1153
sensory association cortex,1,SPL,Superior Parietal Lobule,Parietal Lobe,1.0,0.1154,1.0,1,1.0,22.91,19,1,0.1153
sensory cortex,1,PoG,Postcentral Gyrus,Parietal Lobe,0.5,0.1071,1.0,1,2.0,22.13,19,2,0.1071
sensory cortex,2,SPL,Superior Parietal Lobule,Parietal Lobe,0.5,0.1071,1.0,1,2.0,22.13,19,2,0.1071
septal,1,CG,Cingulate Gyrus,Limbic Lobe,1.0,0.1154,1.0,1,1.0,22.91,19,1,0.1153
septal area,1,Tha,Thalamus,Subcortical Nuclei,1.0,0.1154,1.0,2,1.0,22.91,19,1,0.1153
septal part of nucleus accumbens,1,BG,Basal Ganglia,Subcortical Nuclei,1.0,0.1154,1.0,1,1.0,22.91,19,1,0.1153
sfc,1,MFG,Middle Frontal Gyrus,Frontal Lobe,0.5,0.1071,1.0,1,2.0,22.13,19,2,0.1071
sfc,2,SFG,Superior Frontal Gyrus,Frontal Lobe,0.5,0.1071,1.0,1,2.0,22.13,19,2,0.1071
sfc ba 6,1,BG,Basal Ganglia,Subcortical Nuclei,1.0,0.1154,1.0,1,1.0,22.91,19,1,0.1153
sfg 10,1,MFG,Middle Frontal Gyrus,Frontal Lobe,0.5,0.1071,1.0,1,2.0,22.13,19,2,0.1071
sfg 10,2,SFG,Superior Frontal Gyrus,Frontal Lobe,0.5,0.1071,1.0,1,2.0,22.13,19,2,0.1071
sfg 6,1,SFG,Superior Frontal Gyrus,Frontal Lobe,1.0,0.1154,1.0,1,1.0,22.91,19,1,0.1153
sfg 9,1,SFG,Superior Frontal Gyrus,Frontal Lobe,1.0,0.1154,1.0,1,1.0,22.91,19,1,0.1153
sfg ba 6,1,BG,Basal Ganglia,Subcortical Nuclei,1.0,0.1154,1.0,1,1.0,22.91,19,1,0.1153
sfg ba 6 8,1,BG,Basal Ganglia,Subcortical Nuclei,1.0,0.1154,1.0,1,1.0,22.91,19,1,0.1153
sfg ba 8,1,SFG,Superior Frontal Gyrus,Frontal Lobe,1.0,0.1154,1.0,1,1.0,22.91,19,1,0.1153
sfg ba 9,1,CG,Cingulate Gyrus,Limbic Lobe,1.0,0.1154,1.0,1,1.0,22.91,19,1,0.1153
sfg4,1,SFG,Superior Frontal Gyrus,Frontal Lobe,1.0,0.1154,1.0,1,1.0,22.91,19,1,0.1153
sfj,1,PrG,Precentral Gyrus,Frontal Lobe,1.0,0.1154,1.0,2,1.0,22.91,19,1,0.1153
sfrg,1,MFG,Middle Frontal Gyrus,Frontal Lobe,1.0,0.1154,1.0,1,1.0,22.91,19,1,0.1153
sgacc,1,OrG,Orbital Gyrus,Frontal Lobe,0.5,0.1071,1.0,2,2.0,22.13,19,2,0.1071
sgacc,2,BG,Basal Ganglia,Subcortical Nuclei,0.5,0.1071,1.0,1,2.0,22.13,19,2,0.1071
sii,1,IPL,Inferior Parietal Lobule,Parietal Lobe,0.4615,0.26,6.0,13,13.0,13.93,14,4,0.26
sii,2,PrG,Precentral Gyrus,Frontal Lobe,0.2308,0.14,3.0,5,13.0,13.93,14,4,0.26
sii,3,PoG,Postcentral Gyrus,Parietal Lobe,0.2308,0.14,3.0,4,13.0,13.93,14,4,0.26
sii,4,STG,Superior Temporal Gyrus,Temporal Lobe,0.0769,0.06,1.0,1,13.0,13.93,14,4,0.26
sii ba 40,1,pSTS,posterior Superior Temporal Sulcus,Temporal Lobe,1.0,0.1154,1.0,1,1.0,22.91,19,1,0.1153
sii la,1,PoG,Postcentral Gyrus,Parietal Lobe,1.0,0.1154,1.0,1,1.0,22.91,19,1,0.1153
sips,1,SPL,Superior Parietal Lobule,Parietal Lobe,1.0,0.1154,1.0,2,1.0,22.91,19,1,0.1153
slf,1,MFG,Middle Frontal Gyrus,Frontal Lobe,1.0,0.1154,1.0,1,1.0,22.91,19,1,0.1153
sma 6,1,SFG,Superior Frontal Gyrus,Frontal Lobe,0.8,0.2647,4.0,8,5.0,17.25,18,2,0.2648
sma 6,2,PCL,Paracentral Lobule,Frontal Lobe,0.2,0.0882,1.0,1,5.0,17.25,18,2,0.2648
sma ba 5,1,SPL,Superior Parietal Lobule,Parietal Lobe,1.0,0.1154,1.0,1,1.0,22.91,19,1,0.1153
sma ba 6,1,SFG,Superior Frontal Gyrus,Frontal Lobe,0.6364,0.3261,7.0,15,11.0,14.27,15,5,0.3264
sma ba 6,2,BG,Basal Ganglia,Subcortical Nuclei,0.0909,0.0652,1.0,1,11.0,14.27,15,5,0.3264
sma ba 6,3,PCL,Paracentral Lobule,Frontal Lobe,0.0909,0.0652,1.0,1,11.0,14.27,15,5,0.3264
sma ba 6,4,PrG,Precentral Gyrus,Frontal Lobe,0.0909,0.0652,1.0,1,11.0,14.27,15,5,0.3264
sma ba 6,5,Tha,Thalamus,Subcortical Nuclei,0.0909,0.0652,1.0,1,11.0,14.27,15,5,0.3264
sma premotor,1,SFG,Superior Frontal Gyrus,Frontal Lobe,1.0,0.1154,1.0,1,1.0,22.91,19,1,0.1153
sma proper,1,SFG,Superior Frontal Gyrus,Frontal Lobe,0.6667,0.25,4.0,7,6.0,16.63,17,2,0.2499
sma proper,2,PCL,Paracentral Lobule,Frontal Lobe,0.3333,0.1389,2.0,2,6.0,16.63,17,2,0.2499
sma proper pre sma,1,SFG,Superior Frontal Gyrus,Frontal Lobe,1.0,0.1154,1.0,2,1.0,22.91,19,1,0.1153
smadamh,1,PCL,Paracentral Lobule,Frontal Lobe,1.0,0.1154,1.0,3,1.0,22.91,19,1,0.1153
small volume correction,1,OrG,Orbital Gyrus,Frontal Lobe,0.5,0.1071,1.0,5,2.0,22.13,19,2,0.1071
small volume correction,2,BG,Basal Ganglia,Subcortical Nuclei,0.5,0.1071,1.0,1,2.0,22.13,19,2,0.1071
smaundamh,1,PCL,Paracentral Lobule,Frontal Lobe,1.0,0.1154,1.0,1,1.0,22.91,19,1,0.1153
smc,1,PoG,Postcentral Gyrus,Parietal Lobe,0.6667,0.1667,2.0,2,3.0,20.55,18,2,0.1668
smc,2,PrG,Precentral Gyrus,Frontal Lobe,0.3333,0.1,1.0,1,3.0,20.55,18,2,0.1668
smfc,1,SFG,Superior Frontal Gyrus,Frontal Lobe,1.0,0.1786,2.0,2,2.0,21.0,19,1,0.1787
smg ba 40,1,IPL,Inferior Parietal Lobule,Parietal Lobe,1.0,0.1154,1.0,1,1.0,22.91,19,1,0.1153
smg ba 42,1,pSTS,posterior Superior Temporal Sulcus,Temporal Lobe,1.0,0.1154,1.0,1,1.0,22.91,19,1,0.1153
smg d,1,IPL,Inferior Parietal Lobule,Parietal Lobe,1.0,0.1154,1.0,1,1.0,22.91,19,1,0.1153
smg stg,1,IPL,Inferior Parietal Lobule,Parietal Lobe,1.0,0.1154,1.0,1,1.0,22.91,19,1,0.1153
smma,1,PoG,Postcentral Gyrus,Parietal Lobe,1.0,0.1154,1.0,2,1.0,22.91,19,1,0.1153
sofg,1,BG,Basal Ganglia,Subcortical Nuclei,1.0,0.1154,1.0,1,1.0,22.91,19,1,0.1153
sog 19,1,IPL,Inferior Parietal Lobule,Parietal Lobe,1.0,0.1154,1.0,1,1.0,22.91,19,1,0.1153
somato motor cortex,1,PrG,Precentral Gyrus,Frontal Lobe,1.0,0.1154,1.0,1,1.0,22.91,19,1,0.1153
somatomotor cortex,1,PrG,Precentral Gyrus,Frontal Lobe,1.0,0.1154,1.0,1,1.0,22.91,19,1,0.1153
somatosensorial 1,1,PoG,Postcentral Gyrus,Parietal Lobe,1.0,0.1154,1.0,2,1.0,22.91,19,1,0.1153
somatosensory,1,BG,Basal Ganglia,Subcortical Nuclei,0.5,0.1071,1.0,1,2.0,22.13,19,2,0.1071
somatosensory,2,STG,Superior Temporal Gyrus,Temporal Lobe,0.5,0.1071,1.0,1,2.0,22.13,19,2,0.1071
somatosensory association cortex,1,SPL,Superior Parietal Lobule,Parietal Lobe,1.0,0.1154,1.0,6,1.0,22.91,19,1,0.1153
somatosensory association cortex and associative visual cortex,1,LOcC,lateral Occipital Cortex,Occipital Lobe,1.0,0.1154,1.0,1,1.0,22.91,19,1,0.1153
somatosensory cortex,1,PoG,Postcentral Gyrus,Parietal Lobe,0.4,0.2656,8.0,13,20.0,13.6,12,8,0.2657
somatosensory cortex,2,IPL,Inferior Parietal Lobule,Parietal Lobe,0.25,0.1719,5.0,5,20.0,13.6,12,8,0.2657
somatosensory cortex,3,STG,Superior Temporal Gyrus,Temporal Lobe,0.1,0.0781,2.0,2,20.0,13.6,12,8,0.2657
somatosensory cortex,4,Hipp,Hippocampus,Subcortical Nuclei,0.05,0.0469,1.0,1,20.0,13.6,12,8,0.2657
somatosensory cortex,5,MTG,Middle Temporal Gyrus,Temporal Lobe,0.05,0.0469,1.0,1,20.0,13.6,12,8,0.2657
somatosensory cortex,6,PrG,Precentral Gyrus,Frontal Lobe,0.05,0.0469,1.0,1,20.0,13.6,12,8,0.2657
somatosensory cortex,7,Tha,Thalamus,Subcortical Nuclei,0.05,0.0469,1.0,1,20.0,13.6,12,8,0.2657
somatosensory cortex,8,pSTS,posterior Superior Temporal Sulcus,Temporal Lobe,0.05,0.0469,1.0,1,20.0,13.6,12,8,0.2657
spc,1,PhG,Parahippocampal Gyrus,Temporal Lobe,0.5,0.1071,1.0,1,2.0,22.13,19,2,0.1071
spc,2,SPL,Superior Parietal Lobule,Parietal Lobe,0.5,0.1071,1.0,1,2.0,22.13,19,2,0.1071
spc ba 7,1,MVOcC,MedioVentral Occipital Cortex,Occipital Lobe,1.0,0.1154,1.0,1,1.0,22.91,19,1,0.1153
spg,1,SPL,Superior Parietal Lobule,Parietal Lobe,0.5,0.1071,1.0,2,2.0,22.13,19,2,0.1071
spg,2,IPL,Inferior Parietal Lobule,Parietal Lobe,0.5,0.1071,1.0,1,2.0,22.13,19,2,0.1071
spl 7,1,SPL,Superior Parietal Lobule,Parietal Lobe,1.0,0.1154,1.0,1,1.0,22.91,19,1,0.1153
spl cl,1,SPL,Superior Parietal Lobule,Parietal Lobe,1.0,0.1154,1.0,1,1.0,22.91,19,1,0.1153
spl ext to stg,1,IPL,Inferior Parietal Lobule,Parietal Lobe,1.0,0.1154,1.0,1,1.0,22.91,19,1,0.1153
spl3,1,SPL,Superior Parietal Lobule,Parietal Lobe,1.0,0.1154,1.0,1,1.0,22.91,19,1,0.1153
spl7p,1,SPL,Superior Parietal Lobule,Parietal Lobe,1.0,0.1154,1.0,1,1.0,22.91,19,1,0.1153
spoc,1,LOcC,lateral Occipital Cortex,Occipital Lobe,0.5,0.1562,2.0,2,4.0,20.24,18,3,0.1564
spoc,2,MVOcC,MedioVentral Occipital Cortex,Occipital Lobe,0.25,0.0938,1.0,1,4.0,20.24,18,3,0.1564
spoc,3,Pcun,Precuneus,Parietal Lobe,0.25,0.0938,1.0,1,4.0,20.24,18,3,0.1564
sps,1,PrG,Precentral Gyrus,Frontal Lobe,1.0,0.1154,1.0,1,1.0,22.91,19,1,0.1153
stc,1,MTG,Middle Temporal Gyrus,Temporal Lobe,0.5,0.1071,1.0,2,2.0,22.13,19,2,0.1071
stc,2,STG,Superior Temporal Gyrus,Temporal Lobe,0.5,0.1071,1.0,1,2.0,22.13,19,2,0.1071
stg 1,1,STG,Superior Temporal Gyrus,Temporal Lobe,1.0,0.1154,1.0,1,1.0,22.91,19,1,0.1153
stg 2,1,pSTS,posterior Superior Temporal Sulcus,Temporal Lobe,1.0,0.1154,1.0,1,1.0,22.91,19,1,0.1153
stg 22,1,STG,Superior Temporal Gyrus,Temporal Lobe,0.6,0.2059,3.0,4,5.0,18.76,18,3,0.206
stg 22,2,IPL,Inferior Parietal Lobule,Parietal Lobe,0.2,0.0882,1.0,1,5.0,18.76,18,3,0.206
stg 22,3,PrG,Precentral Gyrus,Frontal Lobe,0.2,0.0882,1.0,1,5.0,18.76,18,3,0.206
stg 3,1,pSTS,posterior Superior Temporal Sulcus,Temporal Lobe,1.0,0.1154,1.0,1,1.0,22.91,19,1,0.1153
stg 38,1,STG,Superior Temporal Gyrus,Temporal Lobe,0.5,0.1562,2.0,6,4.0,20.24,18,3,0.1564
stg 38,2,OrG,Orbital Gyrus,Frontal Lobe,0.25,0.0938,1.0,3,4.0,20.24,18,3,0.1564
stg 38,3,MTG,Middle Temporal Gyrus,Temporal Lobe,0.25,0.0938,1.0,1,4.0,20.24,18,3,0.1564
stg 39,1,IPL,Inferior Parietal Lobule,Parietal Lobe,1.0,0.1154,1.0,1,1.0,22.91,19,1,0.1153
stg ba 22,1,STG,Superior Temporal Gyrus,Temporal Lobe,0.6667,0.1667,2.0,2,3.0,20.55,18,2,0.1668
stg ba 22,2,MTG,Middle Temporal Gyrus,Temporal Lobe,0.3333,0.1,1.0,2,3.0,20.55,18,2,0.1668
stg ba 22 21,1,STG,Superior Temporal Gyrus,Temporal Lobe,1.0,0.1154,1.0,1,1.0,22.91,19,1,0.1153
stga,1,STG,Superior Temporal Gyrus,Temporal Lobe,0.75,0.2188,3.0,4,4.0,18.85,18,2,0.219
stga,2,IPL,Inferior Parietal Lobule,Parietal Lobe,0.25,0.0938,1.0,1,4.0,18.85,18,2,0.219
stp,1,STG,Superior Temporal Gyrus,Temporal Lobe,1.0,0.1154,1.0,2,1.0,22.91,19,1,0.1153
str,1,Tha,Thalamus,Subcortical Nuclei,1.0,0.1154,1.0,1,1.0,22.91,19,1,0.1153
straight gyrus,1,CG,Cingulate Gyrus,Limbic Lobe,0.5,0.1071,1.0,1,2.0,22.13,19,2,0.1071
straight gyrus,2,OrG,Orbital Gyrus,Frontal Lobe,0.5,0.1071,1.0,1,2.0,22.13,19,2,0.1071
striate,1,MVOcC,MedioVentral Occipital Cortex,Occipital Lobe,0.5,0.1071,1.0,5,2.0,22.13,19,2,0.1071
striate,2,LOcC,lateral Occipital Cortex,Occipital Lobe,0.5,0.1071,1.0,1,2.0,22.13,19,2,0.1071
striate cortex,1,BG,Basal Ganglia,Subcortical Nuclei,0.3333,0.1,1.0,1,3.0,21.57,18,3,0.1001
striate cortex,2,LOcC,lateral Occipital Cortex,Occipital Lobe,0.3333,0.1,1.0,1,3.0,21.57,18,3,0.1001
striate cortex,3,MVOcC,MedioVentral Occipital Cortex,Occipital Lobe,0.3333,0.1,1.0,1,3.0,21.57,18,3,0.1001
striate visual cortex,1,MVOcC,MedioVentral Occipital Cortex,Occipital Lobe,1.0,0.1154,1.0,1,1.0,22.91,19,1,0.1153
striatum,1,BG,Basal Ganglia,Subcortical Nuclei,0.8571,0.6125,24.0,39,28.0,6.26,9,5,0.6125
striatum,2,Hipp,Hippocampus,Subcortical Nuclei,0.0357,0.0375,1.0,2,28.0,6.26,9,5,0.6125
striatum,3,PhG,Parahippocampal Gyrus,Temporal Lobe,0.0357,0.0375,1.0,2,28.0,6.26,9,5,0.6125
striatum,4,OrG,Orbital Gyrus,Frontal Lobe,0.0357,0.0375,1.0,1,28.0,6.26,9,5,0.6125
striatum,5,Tha,Thalamus,Subcortical Nuclei,0.0357,0.0375,1.0,1,28.0,6.26,9,5,0.6125
sts region,1,IPL,Inferior Parietal Lobule,Parietal Lobe,0.5,0.1071,1.0,1,2.0,22.13,19,2,0.1071
sts region,2,pSTS,posterior Superior Temporal Sulcus,Temporal Lobe,0.5,0.1071,1.0,1,2.0,22.13,19,2,0.1071
sub gyral,1,SFG,Superior Frontal Gyrus,Frontal Lobe,0.3333,0.2037,5.0,5,15.0,17.05,14,9,0.2037
sub gyral,2,PrG,Precentral Gyrus,Frontal Lobe,0.1333,0.0926,2.0,4,15.0,17.05,14,9,0.2037
sub gyral,3,STG,Superior Temporal Gyrus,Temporal Lobe,0.1333,0.0926,2.0,2,15.0,17.05,14,9,0.2037
sub gyral,4,FuG,Fusiform Gyrus,Temporal Lobe,0.0667,0.0556,1.0,1,15.0,17.05,14,9,0.2037
sub gyral,5,Hipp,Hippocampus,Subcortical Nuclei,0.0667,0.0556,1.0,1,15.0,17.05,14,9,0.2037
sub gyral,6,INS,Insular Gyrus,Insular Lobe,0.0667,0.0556,1.0,1,15.0,17.05,14,9,0.2037
sub gyral,7,ITG,Inferior Temporal Gyrus,Temporal Lobe,0.0667,0.0556,1.0,1,15.0,17.05,14,9,0.2037
sub gyral,8,MFG,Middle Frontal Gyrus,Frontal Lobe,0.0667,0.0556,1.0,1,15.0,17.05,14,9,0.2037
sub gyral,9,SPL,Superior Parietal Lobule,Parietal Lobe,0.0667,0.0556,1.0,1,15.0,17.05,14,9,0.2037
sub gyral ba 10,1,IFG,Inferior Frontal Gyrus,Frontal Lobe,1.0,0.1154,1.0,1,1.0,22.91,19,1,0.1153
sub gyrus 6,1,MFG,Middle Frontal Gyrus,Frontal Lobe,1.0,0.1154,1.0,1,1.0,22.91,19,1,0.1153
sub lobar,1,BG,Basal Ganglia,Subcortical Nuclei,0.3333,0.1667,3.0,4,9.0,18.32,16,6,0.1668
sub lobar,2,Tha,Thalamus,Subcortical Nuclei,0.2222,0.119,2.0,8,9.0,18.32,16,6,0.1668
sub lobar,3,INS,Insular Gyrus,Insular Lobe,0.1111,0.0714,1.0,4,9.0,18.32,16,6,0.1668
sub lobar,4,Hipp,Hippocampus,Subcortical Nuclei,0.1111,0.0714,1.0,1,9.0,18.32,16,6,0.1668
sub lobar,5,IPL,Inferior Parietal Lobule,Parietal Lobe,0.1111,0.0714,1.0,1,9.0,18.32,16,6,0.1668
sub lobar,6,STG,Superior Temporal Gyrus,Temporal Lobe,0.1111,0.0714,1.0,1,9.0,18.32,16,6,0.1668
sub lobar amygdala,1,BG,Basal Ganglia,Subcortical Nuclei,1.0,0.1154,1.0,2,1.0,22.91,19,1,0.1153
sub lobar caudate,1,BG,Basal Ganglia,Subcortical Nuclei,1.0,0.1154,1.0,1,1.0,22.91,19,1,0.1153
subacc,1,CG,Cingulate Gyrus,Limbic Lobe,1.0,0.1154,1.0,1,1.0,22.91,19,1,0.1153
subcallosal cingulate,1,OrG,Orbital Gyrus,Frontal Lobe,1.0,0.1154,1.0,1,1.0,22.91,19,1,0.1153
subcallosal cortex,1,CG,Cingulate Gyrus,Limbic Lobe,0.6,0.2059,3.0,3,5.0,18.76,18,3,0.206
subcallosal cortex,2,BG,Basal Ganglia,Subcortical Nuclei,0.2,0.0882,1.0,1,5.0,18.76,18,3,0.206
subcallosal cortex,3,OrG,Orbital Gyrus,Frontal Lobe,0.2,0.0882,1.0,1,5.0,18.76,18,3,0.206
subcallosal gyrus,1,BG,Basal Ganglia,Subcortical Nuclei,0.4286,0.1842,3.0,4,7.0,17.01,17,3,0.1843
subcallosal gyrus,2,OrG,Orbital Gyrus,Frontal Lobe,0.4286,0.1842,3.0,3,7.0,17.01,17,3,0.1843
subcallosal gyrus,3,CG,Cingulate Gyrus,Limbic Lobe,0.1429,0.0789,1.0,1,7.0,17.01,17,3,0.1843
subcallosal gyrus 34,1,BG,Basal Ganglia,Subcortical Nuclei,1.0,0.1154,1.0,1,1.0,22.91,19,1,0.1153
subcallosal gyrus wm,1,BG,Basal Ganglia,Subcortical Nuclei,1.0,0.1154,1.0,1,1.0,22.91,19,1,0.1153
subcc,1,OrG,Orbital Gyrus,Frontal Lobe,1.0,0.1154,1.0,1,1.0,22.91,19,1,0.1153
subcentral gyrus,1,STG,Superior Temporal Gyrus,Temporal Lobe,1.0,0.1154,1.0,1,1.0,22.91,19,1,0.1153
subcentral gyrus and sulcus,1,PoG,Postcentral Gyrus,Parietal Lobe,1.0,0.1786,2.0,3,2.0,21.0,19,1,0.1787
subcentral gyrusb,1,STG,Superior Temporal Gyrus,Temporal Lobe,1.0,0.1154,1.0,1,1.0,22.91,19,1,0.1153
subcortex white matter,1,Pcun,Precuneus,Parietal Lobe,1.0,0.1154,1.0,1,1.0,22.91,19,1,0.1153
subcortical,1,Tha,Thalamus,Subcortical Nuclei,0.4286,0.1842,3.0,3,7.0,18.06,17,4,0.1843
subcortical,2,BG,Basal Ganglia,Subcortical Nuclei,0.2857,0.1316,2.0,4,7.0,18.06,17,4,0.1843
subcortical,3,MVOcC,MedioVentral Occipital Cortex,Occipital Lobe,0.1429,0.0789,1.0,2,7.0,18.06,17,4,0.1843
subcortical,4,OrG,Orbital Gyrus,Frontal Lobe,0.1429,0.0789,1.0,1,7.0,18.06,17,4,0.1843
subcortical ifg,1,BG,Basal Ganglia,Subcortical Nuclei,1.0,0.1154,1.0,2,1.0,22.91,19,1,0.1153
sube,1,Amyg,Amygdala,Subcortical Nuclei,0.3333,0.1,1.0,1,3.0,21.57,18,3,0.1001
sube,2,MFG,Middle Frontal Gyrus,Frontal Lobe,0.3333,0.1,1.0,1,3.0,21.57,18,3,0.1001
sube,3,MVOcC,MedioVentral Occipital Cortex,Occipital Lobe,0.3333,0.1,1.0,1,3.0,21.57,18,3,0.1001
subgenual acc,1,CG,Cingulate Gyrus,Limbic Lobe,1.0,0.1154,1.0,2,1.0,22.91,19,1,0.1153
subgenual acc ba 25,1,BG,Basal Ganglia,Subcortical Nuclei,1.0,0.1154,1.0,2,1.0,22.91,19,1,0.1153
subgenual acca,1,CG,Cingulate Gyrus,Limbic Lobe,0.5,0.1071,1.0,1,2.0,22.13,19,2,0.1071
subgenual acca,2,OrG,Orbital Gyrus,Frontal Lobe,0.5,0.1071,1.0,1,2.0,22.13,19,2,0.1071
subgenual anterior cingulate cortex,1,OrG,Orbital Gyrus,Frontal Lobe,0.5,0.1071,1.0,2,2.0,22.13,19,2,0.1071
subgenual anterior cingulate cortex,2,CG,Cingulate Gyrus,Limbic Lobe,0.5,0.1071,1.0,1,2.0,22.13,19,2,0.1071
subgenual anterior cingulate cortex ba 25,1,CG,Cingulate Gyrus,Limbic Lobe,0.5,0.1071,1.0,1,2.0,22.13,19,2,0.1071
subgenual anterior cingulate cortex ba 25,2,OrG,Orbital Gyrus,Frontal Lobe,0.5,0.1071,1.0,1,2.0,22.13,19,2,0.1071
subgenual cingulate,1,OrG,Orbital Gyrus,Frontal Lobe,0.6667,0.1667,2.0,2,3.0,20.55,18,2,0.1668
subgenual cingulate,2,CG,Cingulate Gyrus,Limbic Lobe,0.3333,0.1,1.0,1,3.0,20.55,18,2,0.1668
subgenual cingulate cortex,1,CG,Cingulate Gyrus,Limbic Lobe,1.0,0.1786,2.0,2,2.0,21.0,19,1,0.1787
subgenual cortex,1,BG,Basal Ganglia,Subcortical Nuclei,1.0,0.1154,1.0,1,1.0,22.91,19,1,0.1153
subgenual prefrontal cortex,1,BG,Basal Ganglia,Subcortical Nuclei,1.0,0.1154,1.0,1,1.0,22.91,19,1,0.1153
subgenual vmpfc,1,BG,Basal Ganglia,Subcortical Nuclei,1.0,0.1154,1.0,1,1.0,22.91,19,1,0.1153
subgyral,1,FuG,Fusiform Gyrus,Temporal Lobe,1.0,0.1154,1.0,1,1.0,22.91,19,1,0.1153
subgyral grey matter 37,1,MTG,Middle Temporal Gyrus,Temporal Lobe,1.0,0.1154,1.0,1,1.0,22.91,19,1,0.1153
subgyral temporal,1,Hipp,Hippocampus,Subcortical Nuclei,1.0,0.1154,1.0,1,1.0,22.91,19,1,0.1153
subiculum,1,Tha,Thalamus,Subcortical Nuclei,1.0,0.1154,1.0,1,1.0,22.91,19,1,0.1153
sublobar insula,1,STG,Superior Temporal Gyrus,Temporal Lobe,1.0,0.1154,1.0,1,1.0,22.91,19,1,0.1153
sublobular,1,BG,Basal Ganglia,Subcortical Nuclei,1.0,0.1154,1.0,1,1.0,22.91,19,1,0.1153
subparietal sulcus,1,Pcun,Precuneus,Parietal Lobe,1.0,0.1786,2.0,2,2.0,21.0,19,1,0.1787
substantia nigra,1,Tha,Thalamus,Subcortical Nuclei,0.6667,0.1667,2.0,2,3.0,20.55,18,2,0.1668
substantia nigra,2,Hipp,Hippocampus,Subcortical Nuclei,0.3333,0.1,1.0,1,3.0,20.55,18,2,0.1668
subthalamic nucleus,1,Tha,Thalamus,Subcortical Nuclei,0.8889,0.4048,8.0,8,9.0,12.33,16,2,0.4049
subthalamic nucleus,2,BG,Basal Ganglia,Subcortical Nuclei,0.1111,0.0714,1.0,1,9.0,12.33,16,2,0.4049
subthamic nucleus,1,Tha,Thalamus,Subcortical Nuclei,1.0,0.1154,1.0,1,1.0,22.91,19,1,0.1153
sulcus,1,IPL,Inferior Parietal Lobule,Parietal Lobe,0.5,0.1071,1.0,1,2.0,22.13,19,2,0.1071
sulcus,2,PrG,Precentral Gyrus,Frontal Lobe,0.5,0.1071,1.0,1,2.0,22.13,19,2,0.1071
sulcus intermedius primus of jensen,1,IPL,Inferior Parietal Lobule,Parietal Lobe,1.0,0.1154,1.0,2,1.0,22.91,19,1,0.1153
sup and mid fr gy,1,MFG,Middle Frontal Gyrus,Frontal Lobe,1.0,0.1154,1.0,1,1.0,22.91,19,1,0.1153
sup and mid temporal,1,IPL,Inferior Parietal Lobule,Parietal Lobe,1.0,0.1154,1.0,1,1.0,22.91,19,1,0.1153
sup fr gy,1,SFG,Superior Frontal Gyrus,Frontal Lobe,0.3333,0.1,1.0,8,3.0,21.57,18,3,0.1001
sup fr gy,2,MFG,Middle Frontal Gyrus,Frontal Lobe,0.3333,0.1,1.0,3,3.0,21.57,18,3,0.1001
sup fr gy,3,PrG,Precentral Gyrus,Frontal Lobe,0.3333,0.1,1.0,1,3.0,21.57,18,3,0.1001
sup fr gy g,1,SFG,Superior Frontal Gyrus,Frontal Lobe,1.0,0.1154,1.0,1,1.0,22.91,19,1,0.1153
sup fr gy o,1,SFG,Superior Frontal Gyrus,Frontal Lobe,1.0,0.1154,1.0,1,1.0,22.91,19,1,0.1153
sup fr gy p,1,PrG,Precentral Gyrus,Frontal Lobe,1.0,0.1154,1.0,1,1.0,22.91,19,1,0.1153
sup fr gye,1,SFG,Superior Frontal Gyrus,Frontal Lobe,1.0,0.1154,1.0,1,1.0,22.91,19,1,0.1153
sup fr gyh,1,MFG,Middle Frontal Gyrus,Frontal Lobe,0.5,0.1071,1.0,1,2.0,22.13,19,2,0.1071
sup fr gyh,2,SFG,Superior Frontal Gyrus,Frontal Lobe,0.5,0.1071,1.0,1,2.0,22.13,19,2,0.1071
sup fr gyl,1,MFG,Middle Frontal Gyrus,Frontal Lobe,1.0,0.1154,1.0,1,1.0,22.91,19,1,0.1153
sup fr gyo,1,SFG,Superior Frontal Gyrus,Frontal Lobe,1.0,0.1154,1.0,1,1.0,22.91,19,1,0.1153
sup fr gys,1,SFG,Superior Frontal Gyrus,Frontal Lobe,1.0,0.1154,1.0,3,1.0,22.91,19,1,0.1153
sup front,1,SFG,Superior Frontal Gyrus,Frontal Lobe,1.0,0.1154,1.0,1,1.0,22.91,19,1,0.1153
sup front gyrus,1,PrG,Precentral Gyrus,Frontal Lobe,1.0,0.1154,1.0,1,1.0,22.91,19,1,0.1153
sup frontal,1,SFG,Superior Frontal Gyrus,Frontal Lobe,0.7,0.3409,7.0,17,10.0,13.5,16,3,0.3411
sup frontal,2,MFG,Middle Frontal Gyrus,Frontal Lobe,0.2,0.1136,2.0,8,10.0,13.5,16,3,0.3411
sup frontal,3,BG,Basal Ganglia,Subcortical Nuclei,0.1,0.0682,1.0,1,10.0,13.5,16,3,0.3411
sup frontal g 1,1,SFG,Superior Frontal Gyrus,Frontal Lobe,1.0,0.1154,1.0,1,1.0,22.91,19,1,0.1153
sup frontal g 2,1,SFG,Superior Frontal Gyrus,Frontal Lobe,1.0,0.1154,1.0,1,1.0,22.91,19,1,0.1153
sup frontal gyrus,1,MFG,Middle Frontal Gyrus,Frontal Lobe,0.4,0.2407,6.0,10,15.0,13.62,14,5,0.2408
sup frontal gyrus,2,SFG,Superior Frontal Gyrus,Frontal Lobe,0.3333,0.2037,5.0,6,15.0,13.62,14,5,0.2408
sup frontal gyrus,3,PrG,Precentral Gyrus,Frontal Lobe,0.1333,0.0926,2.0,2,15.0,13.62,14,5,0.2408
sup frontal gyrus,4,BG,Basal Ganglia,Subcortical Nuclei,0.0667,0.0556,1.0,2,15.0,13.62,14,5,0.2408
sup frontal gyrus,5,Hipp,Hippocampus,Subcortical Nuclei,0.0667,0.0556,1.0,1,15.0,13.62,14,5,0.2408
sup frontal med gyrus,1,SFG,Superior Frontal Gyrus,Frontal Lobe,1.0,0.1154,1.0,1,1.0,22.91,19,1,0.1153
sup frontal orb,1,OrG,Orbital Gyrus,Frontal Lobe,0.5,0.1071,1.0,2,2.0,22.13,19,2,0.1071
sup frontal orb,2,MFG,Middle Frontal Gyrus,Frontal Lobe,0.5,0.1071,1.0,1,2.0,22.13,19,2,0.1071
sup frontal sulcus,1,PhG,Parahippocampal Gyrus,Temporal Lobe,1.0,0.1154,1.0,1,1.0,22.91,19,1,0.1153
sup ft,1,CG,Cingulate Gyrus,Limbic Lobe,0.5,0.1071,1.0,1,2.0,22.13,19,2,0.1071
sup ft,2,SFG,Superior Frontal Gyrus,Frontal Lobe,0.5,0.1071,1.0,1,2.0,22.13,19,2,0.1071
sup lateral occipital cortex,1,SPL,Superior Parietal Lobule,Parietal Lobe,1.0,0.1154,1.0,1,1.0,22.91,19,1,0.1153
sup loc,1,LOcC,lateral Occipital Cortex,Occipital Lobe,1.0,0.1154,1.0,4,1.0,22.91,19,1,0.1153
sup medial frontal,1,SFG,Superior Frontal Gyrus,Frontal Lobe,1.0,0.2333,3.0,3,3.0,19.05,18,1,0.2335
sup medial frontal gyrus,1,SFG,Superior Frontal Gyrus,Frontal Lobe,1.0,0.1154,1.0,1,1.0,22.91,19,1,0.1153
sup motor area,1,PCL,Paracentral Lobule,Frontal Lobe,0.5,0.1071,1.0,1,2.0,22.13,19,2,0.1071
sup motor area,2,SFG,Superior Frontal Gyrus,Frontal Lobe,0.5,0.1071,1.0,1,2.0,22.13,19,2,0.1071
sup occipital,1,LOcC,lateral Occipital Cortex,Occipital Lobe,1.0,0.1786,2.0,2,2.0,21.0,19,1,0.1787
sup occipital gyrus,1,IPL,Inferior Parietal Lobule,Parietal Lobe,0.4,0.1471,2.0,4,5.0,20.06,18,4,0.1471
sup occipital gyrus,2,LOcC,lateral Occipital Cortex,Occipital Lobe,0.2,0.0882,1.0,4,5.0,20.06,18,4,0.1471
sup occipital gyrus,3,MVOcC,MedioVentral Occipital Cortex,Occipital Lobe,0.2,0.0882,1.0,1,5.0,20.06,18,4,0.1471
sup occipital gyrus,4,Pcun,Precuneus,Parietal Lobe,0.2,0.0882,1.0,1,5.0,20.06,18,4,0.1471
sup par,1,IPL,Inferior Parietal Lobule,Parietal Lobe,1.0,0.1154,1.0,1,1.0,22.91,19,1,0.1153
sup par lobule,1,IPL,Inferior Parietal Lobule,Parietal Lobe,1.0,0.1154,1.0,1,1.0,22.91,19,1,0.1153
sup par lobulek,1,IPL,Inferior Parietal Lobule,Parietal Lobe,1.0,0.1154,1.0,1,1.0,22.91,19,1,0.1153
sup parietal,1,SPL,Superior Parietal Lobule,Parietal Lobe,0.8,0.2647,4.0,5,5.0,17.25,18,2,0.2648
sup parietal,2,MVOcC,MedioVentral Occipital Cortex,Occipital Lobe,0.2,0.0882,1.0,1,5.0,17.25,18,2,0.2648
sup parietal gyrus,1,SPL,Superior Parietal Lobule,Parietal Lobe,1.0,0.1154,1.0,2,1.0,22.91,19,1,0.1153
sup parietal lobe,1,IPL,Inferior Parietal Lobule,Parietal Lobe,1.0,0.1154,1.0,2,1.0,22.91,19,1,0.1153
sup parietal lobule,1,SPL,Superior Parietal Lobule,Parietal Lobe,0.6,0.2059,3.0,8,5.0,17.97,18,2,0.2059
sup parietal lobule,2,IPL,Inferior Parietal Lobule,Parietal Lobe,0.4,0.1471,2.0,3,5.0,17.97,18,2,0.2059
sup temp,1,FuG,Fusiform Gyrus,Temporal Lobe,1.0,0.1154,1.0,1,1.0,22.91,19,1,0.1153
sup temp g,1,MTG,Middle Temporal Gyrus,Temporal Lobe,1.0,0.1154,1.0,1,1.0,22.91,19,1,0.1153
sup temp gy,1,STG,Superior Temporal Gyrus,Temporal Lobe,0.5,0.1071,1.0,3,2.0,22.13,19,2,0.1071
sup temp gy,2,MTG,Middle Temporal Gyrus,Temporal Lobe,0.5,0.1071,1.0,1,2.0,22.13,19,2,0.1071
sup temp gym,1,STG,Superior Temporal Gyrus,Temporal Lobe,1.0,0.1154,1.0,1,1.0,22.91,19,1,0.1153
sup temp gyp,1,MTG,Middle Temporal Gyrus,Temporal Lobe,0.5,0.1071,1.0,1,2.0,22.13,19,2,0.1071
sup temp gyp,2,STG,Superior Temporal Gyrus,Temporal Lobe,0.5,0.1071,1.0,1,2.0,22.13,19,2,0.1071
sup temp gyq,1,STG,Superior Temporal Gyrus,Temporal Lobe,1.0,0.1154,1.0,1,1.0,22.91,19,1,0.1153
sup temp gyrus,1,IPL,Inferior Parietal Lobule,Parietal Lobe,1.0,0.1154,1.0,1,1.0,22.91,19,1,0.1153
sup temporal,1,STG,Superior Temporal Gyrus,Temporal Lobe,0.6667,0.3095,6.0,10,9.0,14.49,16,3,0.3096
sup temporal,2,MTG,Middle Temporal Gyrus,Temporal Lobe,0.2222,0.119,2.0,2,9.0,14.49,16,3,0.3096
sup temporal,3,IPL,Inferior Parietal Lobule,Parietal Lobe,0.1111,0.0714,1.0,1,9.0,14.49,16,3,0.3096
sup temporal g,1,STG,Superior Temporal Gyrus,Temporal Lobe,1.0,0.1154,1.0,1,1.0,22.91,19,1,0.1153
sup temporal gyrus,1,STG,Superior Temporal Gyrus,Temporal Lobe,0.3,0.1591,3.0,9,10.0,17.3,16,5,0.1592
sup temporal gyrus,2,MTG,Middle Temporal Gyrus,Temporal Lobe,0.2,0.1136,2.0,3,10.0,17.3,16,5,0.1592
sup temporal gyrus,3,pSTS,posterior Superior Temporal Sulcus,Temporal Lobe,0.2,0.1136,2.0,3,10.0,17.3,16,5,0.1592
sup temporal gyrus,4,IPL,Inferior Parietal Lobule,Parietal Lobe,0.2,0.1136,2.0,2,10.0,17.3,16,5,0.1592
sup temporal gyrus,5,IFG,Inferior Frontal Gyrus,Frontal Lobe,0.1,0.0682,1.0,1,10.0,17.3,16,5,0.1592
sup temporal gyrusb,1,STG,Superior Temporal Gyrus,Temporal Lobe,1.0,0.1154,1.0,1,1.0,22.91,19,1,0.1153
sup temporal pole,1,STG,Superior Temporal Gyrus,Temporal Lobe,0.6667,0.1667,2.0,4,3.0,20.55,18,2,0.1668
sup temporal pole,2,INS,Insular Gyrus,Insular Lobe,0.3333,0.1,1.0,1,3.0,20.55,18,2,0.1668
sup temporal sulcus,1,pSTS,posterior Superior Temporal Sulcus,Temporal Lobe,1.0,0.1154,1.0,1,1.0,22.91,19,1,0.1153
sup tp,1,PrG,Precentral Gyrus,Frontal Lobe,1.0,0.1154,1.0,1,1.0,22.91,19,1,0.1153
super marginal gyrus,1,IPL,Inferior Parietal Lobule,Parietal Lobe,1.0,0.1154,1.0,1,1.0,22.91,19,1,0.1153
superior,1,STG,Superior Temporal Gyrus,Temporal Lobe,0.15,0.1094,3.0,7,20.0,17.5,12,10,0.1094
superior,2,SFG,Superior Frontal Gyrus,Frontal Lobe,0.15,0.1094,3.0,5,20.0,17.5,12,10,0.1094
superior,3,PrG,Precentral Gyrus,Frontal Lobe,0.15,0.1094,3.0,4,20.0,17.5,12,10,0.1094
superior,4,MVOcC,MedioVentral Occipital Cortex,Occipital Lobe,0.1,0.0781,2.0,5,20.0,17.5,12,10,0.1094
superior,5,pSTS,posterior Superior Temporal Sulcus,Temporal Lobe,0.1,0.0781,2.0,4,20.0,17.5,12,10,0.1094
superior,6,MFG,Middle Frontal Gyrus,Frontal Lobe,0.1,0.0781,2.0,3,20.0,17.5,12,10,0.1094
superior,7,IPL,Inferior Parietal Lobule,Parietal Lobe,0.1,0.0781,2.0,2,20.0,17.5,12,10,0.1094
superior,8,BG,Basal Ganglia,Subcortical Nuclei,0.05,0.0469,1.0,2,20.0,17.5,12,10,0.1094
superior,9,SPL,Superior Parietal Lobule,Parietal Lobe,0.05,0.0469,1.0,2,20.0,17.5,12,10,0.1094
superior,10,CG,Cingulate Gyrus,Limbic Lobe,0.05,0.0469,1.0,1,20.0,17.5,12,10,0.1094
superior and inferior parietal,1,SPL,Superior Parietal Lobule,Parietal Lobe,1.0,0.1154,1.0,1,1.0,22.91,19,1,0.1153
superior and inferior parietal sulcus,1,LOcC,lateral Occipital Cortex,Occipital Lobe,1.0,0.1154,1.0,1,1.0,22.91,19,1,0.1153
superior and medial frontal gyrus,1,MFG,Middle Frontal Gyrus,Frontal Lobe,0.5,0.1071,1.0,1,2.0,22.13,19,2,0.1071
superior and medial frontal gyrus,2,SFG,Superior Frontal Gyrus,Frontal Lobe,0.5,0.1071,1.0,1,2.0,22.13,19,2,0.1071
superior and middle,1,LOcC,lateral Occipital Cortex,Occipital Lobe,1.0,0.1154,1.0,1,1.0,22.91,19,1,0.1153
superior and middle frontal gyrus,1,SFG,Superior Frontal Gyrus,Frontal Lobe,0.4444,0.2143,4.0,4,9.0,16.21,16,4,0.2143
superior and middle frontal gyrus,2,MFG,Middle Frontal Gyrus,Frontal Lobe,0.3333,0.1667,3.0,3,9.0,16.21,16,4,0.2143
superior and middle frontal gyrus,3,BG,Basal Ganglia,Subcortical Nuclei,0.1111,0.0714,1.0,1,9.0,16.21,16,4,0.2143
superior and middle frontal gyrus,4,PoG,Postcentral Gyrus,Parietal Lobe,0.1111,0.0714,1.0,1,9.0,16.21,16,4,0.2143
superior and middle frontal gyrus 10,1,MFG,Middle Frontal Gyrus,Frontal Lobe,1.0,0.1786,2.0,3,2.0,21.0,19,1,0.1787
superior and middle frontal gyrus 11,1,OrG,Orbital Gyrus,Frontal Lobe,1.0,0.1154,1.0,1,1.0,22.91,19,1,0.1153
superior and middle frontal gyrus ba 8 9,1,SFG,Superior Frontal Gyrus,Frontal Lobe,1.0,0.1154,1.0,2,1.0,22.91,19,1,0.1153
superior and middle temporal gyrus,1,STG,Superior Temporal Gyrus,Temporal Lobe,0.3333,0.1667,3.0,4,9.0,17.69,16,5,0.1668
superior and middle temporal gyrus,2,MTG,Middle Temporal Gyrus,Temporal Lobe,0.2222,0.119,2.0,2,9.0,17.69,16,5,0.1668
superior and middle temporal gyrus,3,pSTS,posterior Superior Temporal Sulcus,Temporal Lobe,0.2222,0.119,2.0,2,9.0,17.69,16,5,0.1668
superior and middle temporal gyrus,4,IPL,Inferior Parietal Lobule,Parietal Lobe,0.1111,0.0714,1.0,1,9.0,17.69,16,5,0.1668
superior and middle temporal gyrus,5,PoG,Postcentral Gyrus,Parietal Lobe,0.1111,0.0714,1.0,1,9.0,17.69,16,5,0.1668
superior and middle temporal gyrus 21,1,STG,Superior Temporal Gyrus,Temporal Lobe,1.0,0.1154,1.0,1,1.0,22.91,19,1,0.1153
superior and middle temporal gyrus 22 21,1,STG,Superior Temporal Gyrus,Temporal Lobe,1.0,0.1154,1.0,3,1.0,22.91,19,1,0.1153
superior and middle temporal gyrus 42 22 21,1,STG,Superior Temporal Gyrus,Temporal Lobe,1.0,0.1154,1.0,1,1.0,22.91,19,1,0.1153
superior anterior insula,1,INS,Insular Gyrus,Insular Lobe,1.0,0.1154,1.0,1,1.0,22.91,19,1,0.1153
superior anterior temporal cortex,1,STG,Superior Temporal Gyrus,Temporal Lobe,1.0,0.1154,1.0,1,1.0,22.91,19,1,0.1153
superior caudate,1,BG,Basal Ganglia,Subcortical Nuclei,1.0,0.1154,1.0,1,1.0,22.91,19,1,0.1153
superior cerebellar peduncle,1,CG,Cingulate Gyrus,Limbic Lobe,1.0,0.1154,1.0,1,1.0,22.91,19,1,0.1153
superior cingulate sulcus,1,CG,Cingulate Gyrus,Limbic Lobe,0.3333,0.1,1.0,1,3.0,21.57,18,3,0.1001
superior cingulate sulcus,2,PCL,Paracentral Lobule,Frontal Lobe,0.3333,0.1,1.0,1,3.0,21.57,18,3,0.1001
superior cingulate sulcus,3,SFG,Superior Frontal Gyrus,Frontal Lobe,0.3333,0.1,1.0,1,3.0,21.57,18,3,0.1001
superior circular sulcus of the insula,1,INS,Insular Gyrus,Insular Lobe,1.0,0.1154,1.0,1,1.0,22.91,19,1,0.1153
superior cluster,1,PrG,Precentral Gyrus,Frontal Lobe,1.0,0.1154,1.0,1,1.0,22.91,19,1,0.1153
superior colliculus,1,Tha,Thalamus,Subcortical Nuclei,1.0,0.1154,1.0,1,1.0,22.91,19,1,0.1153
superior corona radiata,1,BG,Basal Ganglia,Subcortical Nuclei,1.0,0.1154,1.0,1,1.0,22.91,19,1,0.1153
superior frontal,1,SFG,Superior Frontal Gyrus,Frontal Lobe,0.6531,0.5328,32.0,46,49.0,5.65,4,5,0.5327
superior frontal,2,MFG,Middle Frontal Gyrus,Frontal Lobe,0.2653,0.2213,13.0,17,49.0,5.65,4,5,0.5327
superior frontal,3,PrG,Precentral Gyrus,Frontal Lobe,0.0408,0.041,2.0,2,49.0,5.65,4,5,0.5327
superior frontal,4,Tha,Thalamus,Subcortical Nuclei,0.0204,0.0246,1.0,2,49.0,5.65,4,5,0.5327
superior frontal,5,BG,Basal Ganglia,Subcortical Nuclei,0.0204,0.0246,1.0,1,49.0,5.65,4,5,0.5327
superior frontal 1,1,SFG,Superior Frontal Gyrus,Frontal Lobe,1.0,0.1154,1.0,1,1.0,22.91,19,1,0.1153
superior frontal cortex,1,SFG,Superior Frontal Gyrus,Frontal Lobe,0.4118,0.2586,7.0,13,17.0,13.64,13,6,0.2588
superior frontal cortex,2,MFG,Middle Frontal Gyrus,Frontal Lobe,0.2353,0.1552,4.0,5,17.0,13.64,13,6,0.2588
superior frontal cortex,3,Tha,Thalamus,Subcortical Nuclei,0.1765,0.1207,3.0,3,17.0,13.64,13,6,0.2588
superior frontal cortex,4,Hipp,Hippocampus,Subcortical Nuclei,0.0588,0.0517,1.0,2,17.0,13.64,13,6,0.2588
superior frontal cortex,5,BG,Basal Ganglia,Subcortical Nuclei,0.0588,0.0517,1.0,1,17.0,13.64,13,6,0.2588
superior frontal cortex,6,PrG,Precentral Gyrus,Frontal Lobe,0.0588,0.0517,1.0,1,17.0,13.64,13,6,0.2588
superior frontal cortex ba 10,1,SFG,Superior Frontal Gyrus,Frontal Lobe,1.0,0.1154,1.0,1,1.0,22.91,19,1,0.1153
superior frontal cortex ba 6,1,MFG,Middle Frontal Gyrus,Frontal Lobe,1.0,0.1154,1.0,1,1.0,22.91,19,1,0.1153
superior frontal ctx,1,MFG,Middle Frontal Gyrus,Frontal Lobe,1.0,0.1154,1.0,2,1.0,22.91,19,1,0.1153
superior frontal g,1,SFG,Superior Frontal Gyrus,Frontal Lobe,0.4545,0.2391,5.0,11,11.0,16.33,15,6,0.2393
superior frontal g,2,MFG,Middle Frontal Gyrus,Frontal Lobe,0.1818,0.1087,2.0,3,11.0,16.33,15,6,0.2393
superior frontal g,3,INS,Insular Gyrus,Insular Lobe,0.0909,0.0652,1.0,2,11.0,16.33,15,6,0.2393
superior frontal g,4,BG,Basal Ganglia,Subcortical Nuclei,0.0909,0.0652,1.0,1,11.0,16.33,15,6,0.2393
superior frontal g,5,CG,Cingulate Gyrus,Limbic Lobe,0.0909,0.0652,1.0,1,11.0,16.33,15,6,0.2393
superior frontal g,6,PrG,Precentral Gyrus,Frontal Lobe,0.0909,0.0652,1.0,1,11.0,16.33,15,6,0.2393
superior frontal g ba 6,1,SFG,Superior Frontal Gyrus,Frontal Lobe,1.0,0.1154,1.0,1,1.0,22.91,19,1,0.1153
superior frontal g ba 8,1,SFG,Superior Frontal Gyrus,Frontal Lobe,1.0,0.1154,1.0,2,1.0,22.91,19,1,0.1153
superior frontal g ba 9,1,SFG,Superior Frontal Gyrus,Frontal Lobe,1.0,0.1154,1.0,1,1.0,22.91,19,1,0.1153
superior frontal gryus,1,SFG,Superior Frontal Gyrus,Frontal Lobe,1.0,0.1154,1.0,1,1.0,22.91,19,1,0.1153
superior frontal gyr,1,SFG,Superior Frontal Gyrus,Frontal Lobe,1.0,0.1154,1.0,1,1.0,22.91,19,1,0.1153
superior frontal gyrus,1,SFG,Superior Frontal Gyrus,Frontal Lobe,0.5591,0.5489,336.0,557,601.0,4.23,3,16,0.5491
superior frontal gyrus,2,MFG,Middle Frontal Gyrus,Frontal Lobe,0.2529,0.2488,152.0,225,601.0,4.23,3,16,0.5491
superior frontal gyrus,3,BG,Basal Ganglia,Subcortical Nuclei,0.0483,0.0481,29.0,38,601.0,4.23,3,16,0.5491
superior frontal gyrus,4,PrG,Precentral Gyrus,Frontal Lobe,0.0483,0.0481,29.0,34,601.0,4.23,3,16,0.5491
superior frontal gyrus,5,OrG,Orbital Gyrus,Frontal Lobe,0.03,0.0302,18.0,21,601.0,4.23,3,16,0.5491
superior frontal gyrus,6,CG,Cingulate Gyrus,Limbic Lobe,0.0266,0.0269,16.0,21,601.0,4.23,3,16,0.5491
superior frontal gyrus,7,PCL,Paracentral Lobule,Frontal Lobe,0.0067,0.0073,4.0,5,601.0,4.23,3,16,0.5491
superior frontal gyrus,8,Hipp,Hippocampus,Subcortical Nuclei,0.005,0.0057,3.0,4,601.0,4.23,3,16,0.5491
superior frontal gyrus,9,IFG,Inferior Frontal Gyrus,Frontal Lobe,0.005,0.0057,3.0,4,601.0,4.23,3,16,0.5491
superior frontal gyrus,10,Tha,Thalamus,Subcortical Nuclei,0.005,0.0057,3.0,4,601.0,4.23,3,16,0.5491
superior frontal gyrus,11,LOcC,lateral Occipital Cortex,Occipital Lobe,0.0033,0.0041,2.0,3,601.0,4.23,3,16,0.5491
superior frontal gyrus,12,Pcun,Precuneus,Parietal Lobe,0.0033,0.0041,2.0,2,601.0,4.23,3,16,0.5491
superior frontal gyrus,13,MVOcC,MedioVentral Occipital Cortex,Occipital Lobe,0.0017,0.0024,1.0,3,601.0,4.23,3,16,0.5491
superior frontal gyrus,14,FuG,Fusiform Gyrus,Temporal Lobe,0.0017,0.0024,1.0,1,601.0,4.23,3,16,0.5491
superior frontal gyrus,15,IPL,Inferior Parietal Lobule,Parietal Lobe,0.0017,0.0024,1.0,1,601.0,4.23,3,16,0.5491
superior frontal gyrus,16,PhG,Parahippocampal Gyrus,Temporal Lobe,0.0017,0.0024,1.0,1,601.0,4.23,3,16,0.5491
superior frontal gyrus 10,1,MFG,Middle Frontal Gyrus,Frontal Lobe,1.0,0.2333,3.0,7,3.0,19.05,18,1,0.2335
superior frontal gyrus 11,1,OrG,Orbital Gyrus,Frontal Lobe,1.0,0.1786,2.0,2,2.0,21.0,19,1,0.1787
superior frontal gyrus 1997,1,SFG,Superior Frontal Gyrus,Frontal Lobe,1.0,0.1154,1.0,1,1.0,22.91,19,1,0.1153
superior frontal gyrus 24,1,CG,Cingulate Gyrus,Limbic Lobe,1.0,0.1154,1.0,1,1.0,22.91,19,1,0.1153
superior frontal gyrus 6,1,SFG,Superior Frontal Gyrus,Frontal Lobe,0.4,0.2045,4.0,10,10.0,15.91,16,4,0.2046
superior frontal gyrus 6,2,PrG,Precentral Gyrus,Frontal Lobe,0.3,0.1591,3.0,4,10.0,15.91,16,4,0.2046
superior frontal gyrus 6,3,BG,Basal Ganglia,Subcortical Nuclei,0.2,0.1136,2.0,2,10.0,15.91,16,4,0.2046
superior frontal gyrus 6,4,Tha,Thalamus,Subcortical Nuclei,0.1,0.0682,1.0,1,10.0,15.91,16,4,0.2046
superior frontal gyrus 8,1,SFG,Superior Frontal Gyrus,Frontal Lobe,0.7143,0.2895,5.0,7,7.0,15.35,17,2,0.2896
superior frontal gyrus 8,2,MFG,Middle Frontal Gyrus,Frontal Lobe,0.2857,0.1316,2.0,2,7.0,15.35,17,2,0.2896
superior frontal gyrus 8 9,1,SFG,Superior Frontal Gyrus,Frontal Lobe,1.0,0.1154,1.0,1,1.0,22.91,19,1,0.1153
superior frontal gyrus 9,1,MFG,Middle Frontal Gyrus,Frontal Lobe,0.5,0.1944,3.0,3,6.0,16.9,17,2,0.1943
superior frontal gyrus 9,2,SFG,Superior Frontal Gyrus,Frontal Lobe,0.5,0.1944,3.0,3,6.0,16.9,17,2,0.1943
superior frontal gyrus 9 10,1,MFG,Middle Frontal Gyrus,Frontal Lobe,1.0,0.1154,1.0,1,1.0,22.91,19,1,0.1153
superior frontal gyrus and sulcus,1,SFG,Superior Frontal Gyrus,Frontal Lobe,1.0,0.1154,1.0,1,1.0,22.91,19,1,0.1153
superior frontal gyrus ba 10,1,MFG,Middle Frontal Gyrus,Frontal Lobe,0.6667,0.3095,6.0,7,9.0,13.72,16,2,0.3096
superior frontal gyrus ba 10,2,SFG,Superior Frontal Gyrus,Frontal Lobe,0.3333,0.1667,3.0,3,9.0,13.72,16,2,0.3096
superior frontal gyrus ba 6,1,SFG,Superior Frontal Gyrus,Frontal Lobe,0.5238,0.3485,11.0,15,21.0,11.25,11,5,0.3481
superior frontal gyrus ba 6,2,BG,Basal Ganglia,Subcortical Nuclei,0.1905,0.1364,4.0,4,21.0,11.25,11,5,0.3481
superior frontal gyrus ba 6,3,Tha,Thalamus,Subcortical Nuclei,0.1429,0.1061,3.0,5,21.0,11.25,11,5,0.3481
superior frontal gyrus ba 6,4,Hipp,Hippocampus,Subcortical Nuclei,0.0952,0.0758,2.0,2,21.0,11.25,11,5,0.3481
superior frontal gyrus ba 6,5,PhG,Parahippocampal Gyrus,Temporal Lobe,0.0476,0.0455,1.0,1,21.0,11.25,11,5,0.3481
superior frontal gyrus ba 6 8,1,BG,Basal Ganglia,Subcortical Nuclei,1.0,0.1154,1.0,1,1.0,22.91,19,1,0.1153
superior frontal gyrus ba 8,1,SFG,Superior Frontal Gyrus,Frontal Lobe,0.8333,0.4375,10.0,17,12.0,10.7,15,2,0.4378
superior frontal gyrus ba 8,2,MFG,Middle Frontal Gyrus,Frontal Lobe,0.1667,0.1042,2.0,2,12.0,10.7,15,2,0.4378
superior frontal gyrus ba 9,1,SFG,Superior Frontal Gyrus,Frontal Lobe,0.7333,0.4259,11.0,12,15.0,10.83,14,4,0.426
superior frontal gyrus ba 9,2,MFG,Middle Frontal Gyrus,Frontal Lobe,0.1333,0.0926,2.0,6,15.0,10.83,14,4,0.426
superior frontal gyrus ba 9,3,MVOcC,MedioVentral Occipital Cortex,Occipital Lobe,0.0667,0.0556,1.0,2,15.0,10.83,14,4,0.426
superior frontal gyrus ba 9,4,CG,Cingulate Gyrus,Limbic Lobe,0.0667,0.0556,1.0,1,15.0,10.83,14,4,0.426
superior frontal gyrus ba 9 1,1,SFG,Superior Frontal Gyrus,Frontal Lobe,1.0,0.1154,1.0,2,1.0,22.91,19,1,0.1153
superior frontal gyrus ba 9 2,1,SFG,Superior Frontal Gyrus,Frontal Lobe,1.0,0.1154,1.0,1,1.0,22.91,19,1,0.1153
superior frontal gyrus medial,1,SFG,Superior Frontal Gyrus,Frontal Lobe,0.6667,0.1667,2.0,7,3.0,20.55,18,2,0.1668
superior frontal gyrus medial,2,CG,Cingulate Gyrus,Limbic Lobe,0.3333,0.1,1.0,3,3.0,20.55,18,2,0.1668
superior frontal gyrus medial region,1,SFG,Superior Frontal Gyrus,Frontal Lobe,1.0,0.1154,1.0,1,1.0,22.91,19,1,0.1153
superior frontal gyrus orbital part,1,MFG,Middle Frontal Gyrus,Frontal Lobe,0.5,0.1071,1.0,1,2.0,22.13,19,2,0.1071
superior frontal gyrus orbital part,2,OrG,Orbital Gyrus,Frontal Lobe,0.5,0.1071,1.0,1,2.0,22.13,19,2,0.1071
superior frontal gyrus wm,1,MFG,Middle Frontal Gyrus,Frontal Lobe,1.0,0.1154,1.0,1,1.0,22.91,19,1,0.1153
superior frontal gyrus3,1,MFG,Middle Frontal Gyrus,Frontal Lobe,1.0,0.1154,1.0,1,1.0,22.91,19,1,0.1153
superior frontal gyrusa,1,MFG,Middle Frontal Gyrus,Frontal Lobe,0.5,0.1071,1.0,1,2.0,22.13,19,2,0.1071
superior frontal gyrusa,2,SFG,Superior Frontal Gyrus,Frontal Lobe,0.5,0.1071,1.0,1,2.0,22.13,19,2,0.1071
superior frontal lobe,1,SFG,Superior Frontal Gyrus,Frontal Lobe,0.5714,0.2368,4.0,8,7.0,15.78,17,2,0.2369
superior frontal lobe,2,MFG,Middle Frontal Gyrus,Frontal Lobe,0.4286,0.1842,3.0,3,7.0,15.78,17,2,0.2369
superior frontal lobea,1,MFG,Middle Frontal Gyrus,Frontal Lobe,1.0,0.1154,1.0,1,1.0,22.91,19,1,0.1153
superior frontal medial cortex,1,SFG,Superior Frontal Gyrus,Frontal Lobe,1.0,0.1154,1.0,2,1.0,22.91,19,1,0.1153
superior frontal medial gyrus,1,SFG,Superior Frontal Gyrus,Frontal Lobe,1.0,0.1154,1.0,1,1.0,22.91,19,1,0.1153
superior frontal orbital lobe ba 11,1,OrG,Orbital Gyrus,Frontal Lobe,1.0,0.1154,1.0,1,1.0,22.91,19,1,0.1153
superior frontal region,1,MFG,Middle Frontal Gyrus,Frontal Lobe,1.0,0.1154,1.0,1,1.0,22.91,19,1,0.1153
superior frontal sulc,1,SFG,Superior Frontal Gyrus,Frontal Lobe,0.5,0.1071,1.0,2,2.0,22.13,19,2,0.1071
superior frontal sulc,2,MFG,Middle Frontal Gyrus,Frontal Lobe,0.5,0.1071,1.0,1,2.0,22.13,19,2,0.1071
superior frontal sulcus,1,MFG,Middle Frontal Gyrus,Frontal Lobe,0.55,0.3594,11.0,11,20.0,9.27,12,3,0.3596
superior frontal sulcus,2,SFG,Superior Frontal Gyrus,Frontal Lobe,0.4,0.2656,8.0,8,20.0,9.27,12,3,0.3596
superior frontal sulcus,3,FuG,Fusiform Gyrus,Temporal Lobe,0.05,0.0469,1.0,1,20.0,9.27,12,3,0.3596
superior frontal sulcus 8,1,MFG,Middle Frontal Gyrus,Frontal Lobe,1.0,0.1154,1.0,1,1.0,22.91,19,1,0.1153
superior frontal tracts,1,PCL,Paracentral Lobule,Frontal Lobe,1.0,0.1154,1.0,1,1.0,22.91,19,1,0.1153
superior gyrus,1,PoG,Postcentral Gyrus,Parietal Lobe,0.3333,0.1,1.0,1,3.0,21.57,18,3,0.1001
superior gyrus,2,PrG,Precentral Gyrus,Frontal Lobe,0.3333,0.1,1.0,1,3.0,21.57,18,3,0.1001
superior gyrus,3,STG,Superior Temporal Gyrus,Temporal Lobe,0.3333,0.1,1.0,1,3.0,21.57,18,3,0.1001
superior lateral frontal gyrus,1,MFG,Middle Frontal Gyrus,Frontal Lobe,1.0,0.1154,1.0,1,1.0,22.91,19,1,0.1153
superior lateral occipital,1,IPL,Inferior Parietal Lobule,Parietal Lobe,1.0,0.1154,1.0,3,1.0,22.91,19,1,0.1153
superior lateral occipital cortex,1,LOcC,lateral Occipital Cortex,Occipital Lobe,0.3333,0.1389,2.0,2,6.0,19.97,17,5,0.1389
superior lateral occipital cortex,2,IPL,Inferior Parietal Lobule,Parietal Lobe,0.1667,0.0833,1.0,2,6.0,19.97,17,5,0.1389
superior lateral occipital cortex,3,MTG,Middle Temporal Gyrus,Temporal Lobe,0.1667,0.0833,1.0,1,6.0,19.97,17,5,0.1389
superior lateral occipital cortex,4,MVOcC,MedioVentral Occipital Cortex,Occipital Lobe,0.1667,0.0833,1.0,1,6.0,19.97,17,5,0.1389
superior lateral occipital cortex,5,SPL,Superior Parietal Lobule,Parietal Lobe,0.1667,0.0833,1.0,1,6.0,19.97,17,5,0.1389
superior lateral occipital cortex and precuneous,1,MVOcC,MedioVentral Occipital Cortex,Occipital Lobe,1.0,0.1154,1.0,1,1.0,22.91,19,1,0.1153
superior lateral occipital gyrus,1,IPL,Inferior Parietal Lobule,Parietal Lobe,1.0,0.1154,1.0,1,1.0,22.91,19,1,0.1153
superior lingual gyrus,1,MVOcC,MedioVentral Occipital Cortex,Occipital Lobe,0.5,0.1071,1.0,1,2.0,22.13,19,2,0.1071
superior lingual gyrus,2,Pcun,Precuneus,Parietal Lobe,0.5,0.1071,1.0,1,2.0,22.13,19,2,0.1071
superior longitudinal fasciculus,1,CG,Cingulate Gyrus,Limbic Lobe,0.3333,0.1,1.0,1,3.0,21.57,18,3,0.1001
superior longitudinal fasciculus,2,IPL,Inferior Parietal Lobule,Parietal Lobe,0.3333,0.1,1.0,1,3.0,21.57,18,3,0.1001
superior longitudinal fasciculus,3,SPL,Superior Parietal Lobule,Parietal Lobe,0.3333,0.1,1.0,1,3.0,21.57,18,3,0.1001
superior longitudinal fasciculus posterior part,1,IPL,Inferior Parietal Lobule,Parietal Lobe,1.0,0.1154,1.0,1,1.0,22.91,19,1,0.1153
superior longitudinal fasciculus temporal part,1,MTG,Middle Temporal Gyrus,Temporal Lobe,1.0,0.1154,1.0,1,1.0,22.91,19,1,0.1153
superior longitudinal fasciculus wm,1,PoG,Postcentral Gyrus,Parietal Lobe,1.0,0.1154,1.0,1,1.0,22.91,19,1,0.1153
superior medial,1,SFG,Superior Frontal Gyrus,Frontal Lobe,0.5,0.1944,3.0,10,6.0,18.74,17,4,0.1943
superior medial,2,CG,Cingulate Gyrus,Limbic Lobe,0.1667,0.0833,1.0,2,6.0,18.74,17,4,0.1943
superior medial,3,MFG,Middle Frontal Gyrus,Frontal Lobe,0.1667,0.0833,1.0,1,6.0,18.74,17,4,0.1943
superior medial,4,OrG,Orbital Gyrus,Frontal Lobe,0.1667,0.0833,1.0,1,6.0,18.74,17,4,0.1943
superior medial frontal,1,SFG,Superior Frontal Gyrus,Frontal Lobe,1.0,0.1786,2.0,6,2.0,21.0,19,1,0.1787
superior medial frontal cortex,1,SFG,Superior Frontal Gyrus,Frontal Lobe,1.0,0.2333,3.0,5,3.0,19.05,18,1,0.2335
superior medial frontal cortex ba 10,1,SFG,Superior Frontal Gyrus,Frontal Lobe,1.0,0.1154,1.0,1,1.0,22.91,19,1,0.1153
superior medial frontal gyrus,1,SFG,Superior Frontal Gyrus,Frontal Lobe,0.875,0.5972,21.0,35,24.0,6.51,10,3,0.5971
superior medial frontal gyrus,2,CG,Cingulate Gyrus,Limbic Lobe,0.0833,0.0694,2.0,3,24.0,6.51,10,3,0.5971
superior medial frontal gyrus,3,INS,Insular Gyrus,Insular Lobe,0.0417,0.0417,1.0,1,24.0,6.51,10,3,0.5971
superior medial frontal gyrus 32,1,SFG,Superior Frontal Gyrus,Frontal Lobe,1.0,0.1154,1.0,1,1.0,22.91,19,1,0.1153
superior medial frontal gyrus ba 8,1,SFG,Superior Frontal Gyrus,Frontal Lobe,1.0,0.1154,1.0,1,1.0,22.91,19,1,0.1153
superior medial frontal lobe,1,SFG,Superior Frontal Gyrus,Frontal Lobe,1.0,0.1786,2.0,4,2.0,21.0,19,1,0.1787
superior medial g,1,SFG,Superior Frontal Gyrus,Frontal Lobe,1.0,0.1154,1.0,1,1.0,22.91,19,1,0.1153
superior medial gyrus,1,SFG,Superior Frontal Gyrus,Frontal Lobe,1.0,0.7386,32.0,52,32.0,4.04,7,1,0.738
superior medial gyrus 9,1,SFG,Superior Frontal Gyrus,Frontal Lobe,1.0,0.1154,1.0,1,1.0,22.91,19,1,0.1153
superior medial gyrus ba 32,1,BG,Basal Ganglia,Subcortical Nuclei,1.0,0.1154,1.0,1,1.0,22.91,19,1,0.1153
superior medial gyrus ba 9,1,Tha,Thalamus,Subcortical Nuclei,1.0,0.1154,1.0,2,1.0,22.91,19,1,0.1153
superior medial pfc,1,SFG,Superior Frontal Gyrus,Frontal Lobe,1.0,0.1154,1.0,1,1.0,22.91,19,1,0.1153
superior medial pfc ba 8,1,SFG,Superior Frontal Gyrus,Frontal Lobe,1.0,0.1154,1.0,1,1.0,22.91,19,1,0.1153
superior medial pfc ba 9,1,SFG,Superior Frontal Gyrus,Frontal Lobe,1.0,0.1154,1.0,1,1.0,22.91,19,1,0.1153
superior medial prefrontal cortex,1,SFG,Superior Frontal Gyrus,Frontal Lobe,1.0,0.1786,2.0,3,2.0,21.0,19,1,0.1787
superior middle frontal,1,SFG,Superior Frontal Gyrus,Frontal Lobe,1.0,0.1154,1.0,1,1.0,22.91,19,1,0.1153
superior middle frontal lobe,1,SFG,Superior Frontal Gyrus,Frontal Lobe,1.0,0.1154,1.0,1,1.0,22.91,19,1,0.1153
superior motor area,1,SFG,Superior Frontal Gyrus,Frontal Lobe,1.0,0.1154,1.0,2,1.0,22.91,19,1,0.1153
superior occipital,1,LOcC,lateral Occipital Cortex,Occipital Lobe,0.4444,0.2143,4.0,5,9.0,16.21,16,4,0.2143
superior occipital,2,IPL,Inferior Parietal Lobule,Parietal Lobe,0.3333,0.1667,3.0,4,9.0,16.21,16,4,0.2143
superior occipital,3,MVOcC,MedioVentral Occipital Cortex,Occipital Lobe,0.1111,0.0714,1.0,1,9.0,16.21,16,4,0.2143
superior occipital,4,Pcun,Precuneus,Parietal Lobe,0.1111,0.0714,1.0,1,9.0,16.21,16,4,0.2143
superior occipital cortex,1,LOcC,lateral Occipital Cortex,Occipital Lobe,0.8,0.2647,4.0,5,5.0,17.25,18,2,0.2648
superior occipital cortex,2,MVOcC,MedioVentral Occipital Cortex,Occipital Lobe,0.2,0.0882,1.0,1,5.0,17.25,18,2,0.2648
superior occipital cortexc,1,LOcC,lateral Occipital Cortex,Occipital Lobe,1.0,0.1154,1.0,1,1.0,22.91,19,1,0.1153
superior occipital g,1,IPL,Inferior Parietal Lobule,Parietal Lobe,1.0,0.1154,1.0,5,1.0,22.91,19,1,0.1153
superior occipital gyrus,1,LOcC,lateral Occipital Cortex,Occipital Lobe,0.631,0.5573,53.0,75,84.0,4.91,3,5,0.5574
superior occipital gyrus,2,IPL,Inferior Parietal Lobule,Parietal Lobe,0.2143,0.1927,18.0,22,84.0,4.91,3,5,0.5574
superior occipital gyrus,3,MVOcC,MedioVentral Occipital Cortex,Occipital Lobe,0.0833,0.0781,7.0,9,84.0,4.91,3,5,0.5574
superior occipital gyrus,4,Pcun,Precuneus,Parietal Lobe,0.0595,0.0573,5.0,5,84.0,4.91,3,5,0.5574
superior occipital gyrus,5,MFG,Middle Frontal Gyrus,Frontal Lobe,0.0119,0.0156,1.0,1,84.0,4.91,3,5,0.5574
superior occipital gyrus 19,1,IPL,Inferior Parietal Lobule,Parietal Lobe,1.0,0.2812,4.0,5,4.0,17.24,18,1,0.2815
superior occipital gyrus ba 18,1,LOcC,lateral Occipital Cortex,Occipital Lobe,1.0,0.1154,1.0,1,1.0,22.91,19,1,0.1153
superior occipital gyrus ba 19,1,LOcC,lateral Occipital Cortex,Occipital Lobe,0.8,0.2647,4.0,6,5.0,17.25,18,2,0.2648
superior occipital gyrus ba 19,2,IPL,Inferior Parietal Lobule,Parietal Lobe,0.2,0.0882,1.0,1,5.0,17.25,18,2,0.2648
superior occipital gyrus ba 39,1,LOcC,lateral Occipital Cortex,Occipital Lobe,1.0,0.1154,1.0,1,1.0,22.91,19,1,0.1153
superior occipital lobe,1,LOcC,lateral Occipital Cortex,Occipital Lobe,0.6,0.2059,3.0,8,5.0,17.97,18,2,0.2059
superior occipital lobe,2,IPL,Inferior Parietal Lobule,Parietal Lobe,0.4,0.1471,2.0,2,5.0,17.97,18,2,0.2059
superior ofc,1,OrG,Orbital Gyrus,Frontal Lobe,1.0,0.1786,2.0,2,2.0,21.0,19,1,0.1787
superior orbital,1,MFG,Middle Frontal Gyrus,Frontal Lobe,0.6667,0.1667,2.0,4,3.0,20.55,18,2,0.1668
superior orbital,2,BG,Basal Ganglia,Subcortical Nuclei,0.3333,0.1,1.0,1,3.0,20.55,18,2,0.1668
superior orbital frontal gyrus ba 11,1,OrG,Orbital Gyrus,Frontal Lobe,1.0,0.1154,1.0,1,1.0,22.91,19,1,0.1153
superior orbital gyrus,1,OrG,Orbital Gyrus,Frontal Lobe,0.5,0.1562,2.0,4,4.0,19.34,18,2,0.1564
superior orbital gyrus,2,MFG,Middle Frontal Gyrus,Frontal Lobe,0.5,0.1562,2.0,2,4.0,19.34,18,2,0.1564
superior orbitofrontal,1,MFG,Middle Frontal Gyrus,Frontal Lobe,1.0,0.1154,1.0,1,1.0,22.91,19,1,0.1153
superior orbitofrontal cortex,1,MFG,Middle Frontal Gyrus,Frontal Lobe,1.0,0.1154,1.0,1,1.0,22.91,19,1,0.1153
superior orbitofrontal gyrus,1,OrG,Orbital Gyrus,Frontal Lobe,1.0,0.1154,1.0,1,1.0,22.91,19,1,0.1153
superior parietal,1,SPL,Superior Parietal Lobule,Parietal Lobe,0.4906,0.4077,26.0,41,53.0,8.29,5,8,0.4076
superior parietal,2,LOcC,lateral Occipital Cortex,Occipital Lobe,0.1698,0.1462,9.0,10,53.0,8.29,5,8,0.4076
superior parietal,3,IPL,Inferior Parietal Lobule,Parietal Lobe,0.1509,0.1308,8.0,13,53.0,8.29,5,8,0.4076
superior parietal,4,Pcun,Precuneus,Parietal Lobe,0.0755,0.0692,4.0,4,53.0,8.29,5,8,0.4076
superior parietal,5,PoG,Postcentral Gyrus,Parietal Lobe,0.0566,0.0538,3.0,3,53.0,8.29,5,8,0.4076
superior parietal,6,MVOcC,MedioVentral Occipital Cortex,Occipital Lobe,0.0189,0.0231,1.0,2,53.0,8.29,5,8,0.4076
superior parietal,7,MFG,Middle Frontal Gyrus,Frontal Lobe,0.0189,0.0231,1.0,1,53.0,8.29,5,8,0.4076
superior parietal,8,PCL,Paracentral Lobule,Frontal Lobe,0.0189,0.0231,1.0,1,53.0,8.29,5,8,0.4076
superior parietal ba 5,1,SPL,Superior Parietal Lobule,Parietal Lobe,1.0,0.1154,1.0,1,1.0,22.91,19,1,0.1153
superior parietal ba 7,1,SPL,Superior Parietal Lobule,Parietal Lobe,1.0,0.2333,3.0,8,3.0,19.05,18,1,0.2335
superior parietal cortex,1,SPL,Superior Parietal Lobule,Parietal Lobe,0.5152,0.3889,17.0,22,33.0,8.69,6,5,0.389
superior parietal cortex,2,Pcun,Precuneus,Parietal Lobe,0.2424,0.1889,8.0,10,33.0,8.69,6,5,0.389
superior parietal cortex,3,IPL,Inferior Parietal Lobule,Parietal Lobe,0.1515,0.1222,5.0,9,33.0,8.69,6,5,0.389
superior parietal cortex,4,PoG,Postcentral Gyrus,Parietal Lobe,0.0606,0.0556,2.0,2,33.0,8.69,6,5,0.389
superior parietal cortex,5,MVOcC,MedioVentral Occipital Cortex,Occipital Lobe,0.0303,0.0333,1.0,1,33.0,8.69,6,5,0.389
superior parietal cortex 7,1,SPL,Superior Parietal Lobule,Parietal Lobe,1.0,0.1154,1.0,2,1.0,22.91,19,1,0.1153
superior parietal cortex bi,1,Pcun,Precuneus,Parietal Lobe,1.0,0.1154,1.0,1,1.0,22.91,19,1,0.1153
superior parietal gyrus,1,SPL,Superior Parietal Lobule,Parietal Lobe,0.4516,0.3372,14.0,17,31.0,10.28,7,7,0.3374
superior parietal gyrus,2,IPL,Inferior Parietal Lobule,Parietal Lobe,0.2258,0.1744,7.0,8,31.0,10.28,7,7,0.3374
superior parietal gyrus,3,LOcC,lateral Occipital Cortex,Occipital Lobe,0.1613,0.1279,5.0,5,31.0,10.28,7,7,0.3374
superior parietal gyrus,4,Pcun,Precuneus,Parietal Lobe,0.0645,0.0581,2.0,3,31.0,10.28,7,7,0.3374
superior parietal gyrus,5,CG,Cingulate Gyrus,Limbic Lobe,0.0323,0.0349,1.0,1,31.0,10.28,7,7,0.3374
superior parietal gyrus,6,MVOcC,MedioVentral Occipital Cortex,Occipital Lobe,0.0323,0.0349,1.0,1,31.0,10.28,7,7,0.3374
superior parietal gyrus,7,pSTS,posterior Superior Temporal Sulcus,Temporal Lobe,0.0323,0.0349,1.0,1,31.0,10.28,7,7,0.3374
superior parietal lobe,1,SPL,Superior Parietal Lobule,Parietal Lobe,0.6667,0.553,36.0,60,54.0,6.41,5,7,0.5528
superior parietal lobe,2,MVOcC,MedioVentral Occipital Cortex,Occipital Lobe,0.0926,0.0833,5.0,7,54.0,6.41,5,7,0.5528
superior parietal lobe,3,LOcC,lateral Occipital Cortex,Occipital Lobe,0.0741,0.0682,4.0,5,54.0,6.41,5,7,0.5528
superior parietal lobe,4,Pcun,Precuneus,Parietal Lobe,0.0741,0.0682,4.0,4,54.0,6.41,5,7,0.5528
superior parietal lobe,5,IPL,Inferior Parietal Lobule,Parietal Lobe,0.0556,0.053,3.0,3,54.0,6.41,5,7,0.5528
superior parietal lobe,6,SFG,Superior Frontal Gyrus,Frontal Lobe,0.0185,0.0227,1.0,2,54.0,6.41,5,7,0.5528
superior parietal lobe,7,FuG,Fusiform Gyrus,Temporal Lobe,0.0185,0.0227,1.0,1,54.0,6.41,5,7,0.5528
superior parietal lobe 7,1,SPL,Superior Parietal Lobule,Parietal Lobe,1.0,0.1154,1.0,4,1.0,22.91,19,1,0.1153
superior parietal lobe ba 7,1,Pcun,Precuneus,Parietal Lobe,0.5,0.1071,1.0,1,2.0,22.13,19,2,0.1071
superior parietal lobe ba 7,2,SPL,Superior Parietal Lobule,Parietal Lobe,0.5,0.1071,1.0,1,2.0,22.13,19,2,0.1071
superior parietal lobea,1,SPL,Superior Parietal Lobule,Parietal Lobe,0.5,0.1071,1.0,3,2.0,22.13,19,2,0.1071
superior parietal lobea,2,IPL,Inferior Parietal Lobule,Parietal Lobe,0.5,0.1071,1.0,1,2.0,22.13,19,2,0.1071
superior parietal lobule,1,SPL,Superior Parietal Lobule,Parietal Lobe,0.5767,0.5561,173.0,295,300.0,5.3,4,19,0.5562
superior parietal lobule,2,IPL,Inferior Parietal Lobule,Parietal Lobe,0.16,0.1554,48.0,67,300.0,5.3,4,19,0.5562
superior parietal lobule,3,LOcC,lateral Occipital Cortex,Occipital Lobe,0.0833,0.0817,25.0,27,300.0,5.3,4,19,0.5562
superior parietal lobule,4,Pcun,Precuneus,Parietal Lobe,0.0467,0.0465,14.0,14,300.0,5.3,4,19,0.5562
superior parietal lobule,5,MVOcC,MedioVentral Occipital Cortex,Occipital Lobe,0.0433,0.0433,13.0,25,300.0,5.3,4,19,0.5562
superior parietal lobule,6,MFG,Middle Frontal Gyrus,Frontal Lobe,0.0167,0.0176,5.0,6,300.0,5.3,4,19,0.5562
superior parietal lobule,7,PoG,Postcentral Gyrus,Parietal Lobe,0.0133,0.0144,4.0,4,300.0,5.3,4,19,0.5562
superior parietal lobule,8,PhG,Parahippocampal Gyrus,Temporal Lobe,0.01,0.0112,3.0,4,300.0,5.3,4,19,0.5562
superior parietal lobule,9,BG,Basal Ganglia,Subcortical Nuclei,0.0067,0.008,2.0,8,300.0,5.3,4,19,0.5562
superior parietal lobule,10,Hipp,Hippocampus,Subcortical Nuclei,0.0067,0.008,2.0,2,300.0,5.3,4,19,0.5562
superior parietal lobule,11,PrG,Precentral Gyrus,Frontal Lobe,0.0067,0.008,2.0,2,300.0,5.3,4,19,0.5562
superior parietal lobule,12,STG,Superior Temporal Gyrus,Temporal Lobe,0.0067,0.008,2.0,2,300.0,5.3,4,19,0.5562
superior parietal lobule,13,INS,Insular Gyrus,Insular Lobe,0.0033,0.0048,1.0,4,300.0,5.3,4,19,0.5562
superior parietal lobule,14,pSTS,posterior Superior Temporal Sulcus,Temporal Lobe,0.0033,0.0048,1.0,4,300.0,5.3,4,19,0.5562
superior parietal lobule,15,IFG,Inferior Frontal Gyrus,Frontal Lobe,0.0033,0.0048,1.0,2,300.0,5.3,4,19,0.5562
superior parietal lobule,16,Tha,Thalamus,Subcortical Nuclei,0.0033,0.0048,1.0,2,300.0,5.3,4,19,0.5562
superior parietal lobule,17,CG,Cingulate Gyrus,Limbic Lobe,0.0033,0.0048,1.0,1,300.0,5.3,4,19,0.5562
superior parietal lobule,18,FuG,Fusiform Gyrus,Temporal Lobe,0.0033,0.0048,1.0,1,300.0,5.3,4,19,0.5562
superior parietal lobule,19,PCL,Paracentral Lobule,Frontal Lobe,0.0033,0.0048,1.0,1,300.0,5.3,4,19,0.5562
superior parietal lobule 3,1,SPL,Superior Parietal Lobule,Parietal Lobe,1.0,0.1154,1.0,2,1.0,22.91,19,1,0.1153
superior parietal lobule 5,1,SPL,Superior Parietal Lobule,Parietal Lobe,1.0,0.1154,1.0,1,1.0,22.91,19,1,0.1153
superior parietal lobule 7,1,SPL,Superior Parietal Lobule,Parietal Lobe,0.6,0.3519,9.0,15,15.0,11.44,14,3,0.352
superior parietal lobule 7,2,IPL,Inferior Parietal Lobule,Parietal Lobe,0.2667,0.1667,4.0,5,15.0,11.44,14,3,0.352
superior parietal lobule 7,3,LOcC,lateral Occipital Cortex,Occipital Lobe,0.1333,0.0926,2.0,2,15.0,11.44,14,3,0.352
superior parietal lobule 7pc,1,SPL,Superior Parietal Lobule,Parietal Lobe,1.0,0.1154,1.0,1,1.0,22.91,19,1,0.1153
superior parietal lobule ba 2 5,1,SPL,Superior Parietal Lobule,Parietal Lobe,1.0,0.1154,1.0,2,1.0,22.91,19,1,0.1153
superior parietal lobule ba 40,1,IPL,Inferior Parietal Lobule,Parietal Lobe,0.5,0.1071,1.0,1,2.0,22.13,19,2,0.1071
superior parietal lobule ba 40,2,STG,Superior Temporal Gyrus,Temporal Lobe,0.5,0.1071,1.0,1,2.0,22.13,19,2,0.1071
superior parietal lobule ba 5,1,SPL,Superior Parietal Lobule,Parietal Lobe,1.0,0.1154,1.0,1,1.0,22.91,19,1,0.1153
superior parietal lobule ba 7,1,SPL,Superior Parietal Lobule,Parietal Lobe,1.0,0.3611,6.0,10,6.0,14.26,17,1,0.3609
superior parietal lobule ba 7 include precuneus ba 7,1,SPL,Superior Parietal Lobule,Parietal Lobe,1.0,0.1154,1.0,1,1.0,22.91,19,1,0.1153
superior parietal lobule extending downward into the intra occipital sulcus,1,SPL,Superior Parietal Lobule,Parietal Lobe,1.0,0.1154,1.0,1,1.0,22.91,19,1,0.1153
superior parietal lobule1,1,IPL,Inferior Parietal Lobule,Parietal Lobe,0.5,0.1071,1.0,1,2.0,22.13,19,2,0.1071
superior parietal lobule1,2,SPL,Superior Parietal Lobule,Parietal Lobe,0.5,0.1071,1.0,1,2.0,22.13,19,2,0.1071
superior parietal occipital cortex,1,LOcC,lateral Occipital Cortex,Occipital Lobe,0.5,0.1071,1.0,1,2.0,22.13,19,2,0.1071
superior parietal occipital cortex,2,SPL,Superior Parietal Lobule,Parietal Lobe,0.5,0.1071,1.0,1,2.0,22.13,19,2,0.1071
superior parietal sulcus,1,LOcC,lateral Occipital Cortex,Occipital Lobe,0.5,0.1071,1.0,2,2.0,22.13,19,2,0.1071
superior parietal sulcus,2,SPL,Superior Parietal Lobule,Parietal Lobe,0.5,0.1071,1.0,1,2.0,22.13,19,2,0.1071
superior parietallobule,1,SPL,Superior Parietal Lobule,Parietal Lobe,1.0,0.1154,1.0,1,1.0,22.91,19,1,0.1153
superior parieto occipital cortex,1,SPL,Superior Parietal Lobule,Parietal Lobe,1.0,0.1154,1.0,1,1.0,22.91,19,1,0.1153
superior part of the precentral sulcus,1,PrG,Precentral Gyrus,Frontal Lobe,1.0,0.1154,1.0,2,1.0,22.91,19,1,0.1153
superior patietal cortex,1,MVOcC,MedioVentral Occipital Cortex,Occipital Lobe,1.0,0.1154,1.0,1,1.0,22.91,19,1,0.1153
superior pfc,1,MFG,Middle Frontal Gyrus,Frontal Lobe,0.5,0.1071,1.0,1,2.0,22.13,19,2,0.1071
superior pfc,2,SFG,Superior Frontal Gyrus,Frontal Lobe,0.5,0.1071,1.0,1,2.0,22.13,19,2,0.1071
superior pmc,1,Pcun,Precuneus,Parietal Lobe,1.0,0.1154,1.0,1,1.0,22.91,19,1,0.1153
superior precentral sulcus,1,PrG,Precentral Gyrus,Frontal Lobe,1.0,0.1154,1.0,7,1.0,22.91,19,1,0.1153
superior precuneus,1,Pcun,Precuneus,Parietal Lobe,1.0,0.1154,1.0,1,1.0,22.91,19,1,0.1153
superior prefontal ctx,1,MFG,Middle Frontal Gyrus,Frontal Lobe,1.0,0.1154,1.0,1,1.0,22.91,19,1,0.1153
superior prefrontal gyrus,1,PhG,Parahippocampal Gyrus,Temporal Lobe,1.0,0.1154,1.0,1,1.0,22.91,19,1,0.1153
superior segment of the circular sulcus of the insula,1,IFG,Inferior Frontal Gyrus,Frontal Lobe,1.0,0.1154,1.0,1,1.0,22.91,19,1,0.1153
superior sma,1,SFG,Superior Frontal Gyrus,Frontal Lobe,1.0,0.1154,1.0,1,1.0,22.91,19,1,0.1153
superior srontal g,1,SFG,Superior Frontal Gyrus,Frontal Lobe,1.0,0.1154,1.0,1,1.0,22.91,19,1,0.1153
superior temp gyrus,1,INS,Insular Gyrus,Insular Lobe,1.0,0.1154,1.0,2,1.0,22.91,19,1,0.1153
superior temporal,1,STG,Superior Temporal Gyrus,Temporal Lobe,0.4848,0.3667,16.0,24,33.0,9.82,7,7,0.3668
superior temporal,2,IPL,Inferior Parietal Lobule,Parietal Lobe,0.2121,0.1667,7.0,7,33.0,9.82,7,7,0.3668
superior temporal,3,pSTS,posterior Superior Temporal Sulcus,Temporal Lobe,0.1212,0.1,4.0,6,33.0,9.82,7,7,0.3668
superior temporal,4,MTG,Middle Temporal Gyrus,Temporal Lobe,0.0909,0.0778,3.0,3,33.0,9.82,7,7,0.3668
superior temporal,5,INS,Insular Gyrus,Insular Lobe,0.0303,0.0333,1.0,1,33.0,9.82,7,7,0.3668
superior temporal,6,PrG,Precentral Gyrus,Frontal Lobe,0.0303,0.0333,1.0,1,33.0,9.82,7,7,0.3668
superior temporal,7,SPL,Superior Parietal Lobule,Parietal Lobe,0.0303,0.0333,1.0,1,33.0,9.82,7,7,0.3668
superior temporal area,1,PoG,Postcentral Gyrus,Parietal Lobe,1.0,0.1154,1.0,1,1.0,22.91,19,1,0.1153
superior temporal cortex,1,STG,Superior Temporal Gyrus,Temporal Lobe,0.5556,0.2619,5.0,6,9.0,15.82,16,4,0.262
superior temporal cortex,2,PrG,Precentral Gyrus,Frontal Lobe,0.2222,0.119,2.0,2,9.0,15.82,16,4,0.262
superior temporal cortex,3,MTG,Middle Temporal Gyrus,Temporal Lobe,0.1111,0.0714,1.0,1,9.0,15.82,16,4,0.262
superior temporal cortex,4,pSTS,posterior Superior Temporal Sulcus,Temporal Lobe,0.1111,0.0714,1.0,1,9.0,15.82,16,4,0.262
superior temporal g,1,STG,Superior Temporal Gyrus,Temporal Lobe,0.5556,0.2619,5.0,11,9.0,15.82,16,4,0.262
superior temporal g,2,MTG,Middle Temporal Gyrus,Temporal Lobe,0.2222,0.119,2.0,4,9.0,15.82,16,4,0.262
superior temporal g,3,pSTS,posterior Superior Temporal Sulcus,Temporal Lobe,0.1111,0.0714,1.0,3,9.0,15.82,16,4,0.262
superior temporal g,4,IPL,Inferior Parietal Lobule,Parietal Lobe,0.1111,0.0714,1.0,2,9.0,15.82,16,4,0.262
superior temporal g ba 22,1,pSTS,posterior Superior Temporal Sulcus,Temporal Lobe,1.0,0.1154,1.0,1,1.0,22.91,19,1,0.1153
superior temporal gurus,1,STG,Superior Temporal Gyrus,Temporal Lobe,1.0,0.1154,1.0,1,1.0,22.91,19,1,0.1153
superior temporal gyr,1,STG,Superior Temporal Gyrus,Temporal Lobe,1.0,0.1154,1.0,1,1.0,22.91,19,1,0.1153
superior temporal gyrus,1,STG,Superior Temporal Gyrus,Temporal Lobe,0.4434,0.4357,274.0,528,618.0,6.08,4,17,0.4357
superior temporal gyrus,2,IPL,Inferior Parietal Lobule,Parietal Lobe,0.1909,0.1881,118.0,145,618.0,6.08,4,17,0.4357
superior temporal gyrus,3,pSTS,posterior Superior Temporal Sulcus,Temporal Lobe,0.1246,0.123,77.0,99,618.0,6.08,4,17,0.4357
superior temporal gyrus,4,MTG,Middle Temporal Gyrus,Temporal Lobe,0.0971,0.096,60.0,76,618.0,6.08,4,17,0.4357
superior temporal gyrus,5,PrG,Precentral Gyrus,Frontal Lobe,0.0372,0.0373,23.0,27,618.0,6.08,4,17,0.4357
superior temporal gyrus,6,INS,Insular Gyrus,Insular Lobe,0.0275,0.0278,17.0,17,618.0,6.08,4,17,0.4357
superior temporal gyrus,7,PoG,Postcentral Gyrus,Parietal Lobe,0.0275,0.0278,17.0,17,618.0,6.08,4,17,0.4357
superior temporal gyrus,8,IFG,Inferior Frontal Gyrus,Frontal Lobe,0.0194,0.0198,12.0,15,618.0,6.08,4,17,0.4357
superior temporal gyrus,9,MFG,Middle Frontal Gyrus,Frontal Lobe,0.0081,0.0087,5.0,5,618.0,6.08,4,17,0.4357
superior temporal gyrus,10,OrG,Orbital Gyrus,Frontal Lobe,0.0081,0.0087,5.0,5,618.0,6.08,4,17,0.4357
superior temporal gyrus,11,SFG,Superior Frontal Gyrus,Frontal Lobe,0.0032,0.004,2.0,4,618.0,6.08,4,17,0.4357
superior temporal gyrus,12,FuG,Fusiform Gyrus,Temporal Lobe,0.0032,0.004,2.0,2,618.0,6.08,4,17,0.4357
superior temporal gyrus,13,PhG,Parahippocampal Gyrus,Temporal Lobe,0.0032,0.004,2.0,2,618.0,6.08,4,17,0.4357
superior temporal gyrus,14,Hipp,Hippocampus,Subcortical Nuclei,0.0016,0.0024,1.0,2,618.0,6.08,4,17,0.4357
superior temporal gyrus,15,BG,Basal Ganglia,Subcortical Nuclei,0.0016,0.0024,1.0,1,618.0,6.08,4,17,0.4357
superior temporal gyrus,16,CG,Cingulate Gyrus,Limbic Lobe,0.0016,0.0024,1.0,1,618.0,6.08,4,17,0.4357
superior temporal gyrus,17,ITG,Inferior Temporal Gyrus,Temporal Lobe,0.0016,0.0024,1.0,1,618.0,6.08,4,17,0.4357
superior temporal gyrus 21,1,MTG,Middle Temporal Gyrus,Temporal Lobe,1.0,0.1154,1.0,1,1.0,22.91,19,1,0.1153
superior temporal gyrus 21 22,1,STG,Superior Temporal Gyrus,Temporal Lobe,1.0,0.1154,1.0,1,1.0,22.91,19,1,0.1153
superior temporal gyrus 22,1,STG,Superior Temporal Gyrus,Temporal Lobe,0.5556,0.2619,5.0,7,9.0,15.82,16,4,0.262
superior temporal gyrus 22,2,pSTS,posterior Superior Temporal Sulcus,Temporal Lobe,0.2222,0.119,2.0,5,9.0,15.82,16,4,0.262
superior temporal gyrus 22,3,IFG,Inferior Frontal Gyrus,Frontal Lobe,0.1111,0.0714,1.0,1,9.0,15.82,16,4,0.262
superior temporal gyrus 22,4,PrG,Precentral Gyrus,Frontal Lobe,0.1111,0.0714,1.0,1,9.0,15.82,16,4,0.262
superior temporal gyrus 22 42,1,STG,Superior Temporal Gyrus,Temporal Lobe,1.0,0.1154,1.0,2,1.0,22.91,19,1,0.1153
superior temporal gyrus 38,1,STG,Superior Temporal Gyrus,Temporal Lobe,1.0,0.2333,3.0,7,3.0,19.05,18,1,0.2335
superior temporal gyrus 39,1,IPL,Inferior Parietal Lobule,Parietal Lobe,1.0,0.2333,3.0,5,3.0,19.05,18,1,0.2335
superior temporal gyrus 39 22,1,IPL,Inferior Parietal Lobule,Parietal Lobe,1.0,0.1154,1.0,1,1.0,22.91,19,1,0.1153
superior temporal gyrus 41,1,STG,Superior Temporal Gyrus,Temporal Lobe,0.5,0.1071,1.0,3,2.0,22.13,19,2,0.1071
superior temporal gyrus 41,2,pSTS,posterior Superior Temporal Sulcus,Temporal Lobe,0.5,0.1071,1.0,1,2.0,22.13,19,2,0.1071
superior temporal gyrus 42,1,STG,Superior Temporal Gyrus,Temporal Lobe,1.0,0.1786,2.0,2,2.0,21.0,19,1,0.1787
superior temporal gyrus 42 22,1,IPL,Inferior Parietal Lobule,Parietal Lobe,0.5,0.1071,1.0,1,2.0,22.13,19,2,0.1071
superior temporal gyrus 42 22,2,STG,Superior Temporal Gyrus,Temporal Lobe,0.5,0.1071,1.0,1,2.0,22.13,19,2,0.1071
superior temporal gyrus and sulcus,1,pSTS,posterior Superior Temporal Sulcus,Temporal Lobe,1.0,0.1154,1.0,1,1.0,22.91,19,1,0.1153
superior temporal gyrus ant,1,STG,Superior Temporal Gyrus,Temporal Lobe,1.0,0.1154,1.0,1,1.0,22.91,19,1,0.1153
superior temporal gyrus anterior,1,STG,Superior Temporal Gyrus,Temporal Lobe,1.0,0.1154,1.0,1,1.0,22.91,19,1,0.1153
superior temporal gyrus ba 21,1,STG,Superior Temporal Gyrus,Temporal Lobe,1.0,0.1154,1.0,1,1.0,22.91,19,1,0.1153
superior temporal gyrus ba 22,1,STG,Superior Temporal Gyrus,Temporal Lobe,0.5,0.2885,7.0,10,14.0,13.22,14,4,0.2887
superior temporal gyrus ba 22,2,IPL,Inferior Parietal Lobule,Parietal Lobe,0.2143,0.1346,3.0,3,14.0,13.22,14,4,0.2887
superior temporal gyrus ba 22,3,pSTS,posterior Superior Temporal Sulcus,Temporal Lobe,0.2143,0.1346,3.0,3,14.0,13.22,14,4,0.2887
superior temporal gyrus ba 22,4,MTG,Middle Temporal Gyrus,Temporal Lobe,0.0714,0.0577,1.0,1,14.0,13.22,14,4,0.2887
superior temporal gyrus ba 38,1,INS,Insular Gyrus,Insular Lobe,0.6667,0.1667,2.0,2,3.0,20.55,18,2,0.1668
superior temporal gyrus ba 38,2,STG,Superior Temporal Gyrus,Temporal Lobe,0.3333,0.1,1.0,1,3.0,20.55,18,2,0.1668
superior temporal gyrus ba 39,1,IPL,Inferior Parietal Lobule,Parietal Lobe,0.5556,0.2619,5.0,7,9.0,14.98,16,3,0.262
superior temporal gyrus ba 39,2,MTG,Middle Temporal Gyrus,Temporal Lobe,0.3333,0.1667,3.0,3,9.0,14.98,16,3,0.262
superior temporal gyrus ba 39,3,pSTS,posterior Superior Temporal Sulcus,Temporal Lobe,0.1111,0.0714,1.0,1,9.0,14.98,16,3,0.262
superior temporal gyrus ba 41,1,STG,Superior Temporal Gyrus,Temporal Lobe,0.5,0.1562,2.0,2,4.0,20.24,18,3,0.1564
superior temporal gyrus ba 41,2,pSTS,posterior Superior Temporal Sulcus,Temporal Lobe,0.25,0.0938,1.0,2,4.0,20.24,18,3,0.1564
superior temporal gyrus ba 41,3,PoG,Postcentral Gyrus,Parietal Lobe,0.25,0.0938,1.0,1,4.0,20.24,18,3,0.1564
superior temporal gyrus ba 41 42,1,STG,Superior Temporal Gyrus,Temporal Lobe,1.0,0.1154,1.0,1,1.0,22.91,19,1,0.1153
superior temporal gyrus ba 41 42 a,1,STG,Superior Temporal Gyrus,Temporal Lobe,1.0,0.1154,1.0,1,1.0,22.91,19,1,0.1153
superior temporal gyrus ba 42,1,STG,Superior Temporal Gyrus,Temporal Lobe,0.6667,0.25,4.0,4,6.0,17.31,17,3,0.2499
superior temporal gyrus ba 42,2,PoG,Postcentral Gyrus,Parietal Lobe,0.1667,0.0833,1.0,1,6.0,17.31,17,3,0.2499
superior temporal gyrus ba 42,3,pSTS,posterior Superior Temporal Sulcus,Temporal Lobe,0.1667,0.0833,1.0,1,6.0,17.31,17,3,0.2499
superior temporal gyrus ba 48,1,PrG,Precentral Gyrus,Frontal Lobe,1.0,0.1154,1.0,1,1.0,22.91,19,1,0.1153
superior temporal gyrus cluster 2,1,STG,Superior Temporal Gyrus,Temporal Lobe,1.0,0.1154,1.0,1,1.0,22.91,19,1,0.1153
superior temporal gyrus planum polare,1,STG,Superior Temporal Gyrus,Temporal Lobe,1.0,0.1154,1.0,2,1.0,22.91,19,1,0.1153
superior temporal gyrus planum temporale,1,STG,Superior Temporal Gyrus,Temporal Lobe,1.0,0.1154,1.0,3,1.0,22.91,19,1,0.1153
superior temporal gyrus posterior,1,STG,Superior Temporal Gyrus,Temporal Lobe,1.0,0.1154,1.0,1,1.0,22.91,19,1,0.1153
superior temporal gyrusa,1,STG,Superior Temporal Gyrus,Temporal Lobe,0.4,0.1471,2.0,2,5.0,20.06,18,4,0.1471
superior temporal gyrusa,2,IPL,Inferior Parietal Lobule,Parietal Lobe,0.2,0.0882,1.0,1,5.0,20.06,18,4,0.1471
superior temporal gyrusa,3,PhG,Parahippocampal Gyrus,Temporal Lobe,0.2,0.0882,1.0,1,5.0,20.06,18,4,0.1471
superior temporal gyrusa,4,PrG,Precentral Gyrus,Frontal Lobe,0.2,0.0882,1.0,1,5.0,20.06,18,4,0.1471
superior temporal gyrusb,1,INS,Insular Gyrus,Insular Lobe,1.0,0.1154,1.0,1,1.0,22.91,19,1,0.1153
superior temporal gyrys,1,pSTS,posterior Superior Temporal Sulcus,Temporal Lobe,1.0,0.1154,1.0,1,1.0,22.91,19,1,0.1153
superior temporal gyurs,1,STG,Superior Temporal Gyrus,Temporal Lobe,1.0,0.1786,2.0,3,2.0,21.0,19,1,0.1787
superior temporal lobe,1,STG,Superior Temporal Gyrus,Temporal Lobe,0.5,0.1562,2.0,9,4.0,20.24,18,3,0.1564
superior temporal lobe,2,PoG,Postcentral Gyrus,Parietal Lobe,0.25,0.0938,1.0,2,4.0,20.24,18,3,0.1564
superior temporal lobe,3,INS,Insular Gyrus,Insular Lobe,0.25,0.0938,1.0,1,4.0,20.24,18,3,0.1564
superior temporal pole,1,STG,Superior Temporal Gyrus,Temporal Lobe,0.6429,0.4625,18.0,28,28.0,8.41,9,5,0.4625
superior temporal pole,2,IFG,Inferior Frontal Gyrus,Frontal Lobe,0.1786,0.1375,5.0,5,28.0,8.41,9,5,0.4625
superior temporal pole,3,OrG,Orbital Gyrus,Frontal Lobe,0.1071,0.0875,3.0,3,28.0,8.41,9,5,0.4625
superior temporal pole,4,INS,Insular Gyrus,Insular Lobe,0.0357,0.0375,1.0,1,28.0,8.41,9,5,0.4625
superior temporal pole,5,PrG,Precentral Gyrus,Frontal Lobe,0.0357,0.0375,1.0,1,28.0,8.41,9,5,0.4625
superior temporal pole ba 22,1,STG,Superior Temporal Gyrus,Temporal Lobe,1.0,0.1154,1.0,2,1.0,22.91,19,1,0.1153
superior temporal pole ba 38,1,STG,Superior Temporal Gyrus,Temporal Lobe,1.0,0.1154,1.0,1,1.0,22.91,19,1,0.1153
superior temporal pole gyrus ba 38,1,STG,Superior Temporal Gyrus,Temporal Lobe,1.0,0.1154,1.0,1,1.0,22.91,19,1,0.1153
superior temporal sulcus,1,pSTS,posterior Superior Temporal Sulcus,Temporal Lobe,0.3077,0.2722,24.0,31,78.0,6.95,4,6,0.272
superior temporal sulcus,2,MTG,Middle Temporal Gyrus,Temporal Lobe,0.2821,0.25,22.0,38,78.0,6.95,4,6,0.272
superior temporal sulcus,3,STG,Superior Temporal Gyrus,Temporal Lobe,0.2692,0.2389,21.0,32,78.0,6.95,4,6,0.272
superior temporal sulcus,4,IPL,Inferior Parietal Lobule,Parietal Lobe,0.1154,0.1056,9.0,10,78.0,6.95,4,6,0.272
superior temporal sulcus,5,ITG,Inferior Temporal Gyrus,Temporal Lobe,0.0128,0.0167,1.0,1,78.0,6.95,4,6,0.272
superior temporal sulcus,6,MFG,Middle Frontal Gyrus,Frontal Lobe,0.0128,0.0167,1.0,1,78.0,6.95,4,6,0.272
superior temporal sulcus 21,1,pSTS,posterior Superior Temporal Sulcus,Temporal Lobe,1.0,0.1154,1.0,1,1.0,22.91,19,1,0.1153
superior temporal sulcus 22,1,pSTS,posterior Superior Temporal Sulcus,Temporal Lobe,1.0,0.1154,1.0,1,1.0,22.91,19,1,0.1153
superior temporal sulcus anterior,1,pSTS,posterior Superior Temporal Sulcus,Temporal Lobe,1.0,0.1154,1.0,1,1.0,22.91,19,1,0.1153
superior temporal sulcus ba 22,1,MTG,Middle Temporal Gyrus,Temporal Lobe,1.0,0.1154,1.0,1,1.0,22.91,19,1,0.1153
superior temporal sulcus ba 22 21,1,STG,Superior Temporal Gyrus,Temporal Lobe,1.0,0.1154,1.0,1,1.0,22.91,19,1,0.1153
superior temporal sulcus posterior,1,IPL,Inferior Parietal Lobule,Parietal Lobe,1.0,0.1154,1.0,1,1.0,22.91,19,1,0.1153
superior temporalgyrus,1,STG,Superior Temporal Gyrus,Temporal Lobe,1.0,0.2333,3.0,7,3.0,19.05,18,1,0.2335
superior temporalsulcus,1,IPL,Inferior Parietal Lobule,Parietal Lobe,1.0,0.1154,1.0,1,1.0,22.91,19,1,0.1153
superior tg,1,STG,Superior Temporal Gyrus,Temporal Lobe,1.0,0.1154,1.0,2,1.0,22.91,19,1,0.1153
superior to middle frontal gyrus,1,MFG,Middle Frontal Gyrus,Frontal Lobe,1.0,0.1154,1.0,1,1.0,22.91,19,1,0.1153
superiortemporal gyrus,1,STG,Superior Temporal Gyrus,Temporal Lobe,1.0,0.1154,1.0,1,1.0,22.91,19,1,0.1153
superiortemporalgyrus,1,PoG,Postcentral Gyrus,Parietal Lobe,1.0,0.1154,1.0,1,1.0,22.91,19,1,0.1153
superor dlpfc,1,MFG,Middle Frontal Gyrus,Frontal Lobe,1.0,0.1154,1.0,1,1.0,22.91,19,1,0.1153
supmgyrs,1,IPL,Inferior Parietal Lobule,Parietal Lobe,1.0,0.1154,1.0,1,1.0,22.91,19,1,0.1153
supmidfg,1,BG,Basal Ganglia,Subcortical Nuclei,1.0,0.1154,1.0,1,1.0,22.91,19,1,0.1153
supp motor,1,SFG,Superior Frontal Gyrus,Frontal Lobe,1.0,0.1154,1.0,1,1.0,22.91,19,1,0.1153
supp motor area,1,SFG,Superior Frontal Gyrus,Frontal Lobe,0.6471,0.3966,11.0,20,17.0,11.14,13,5,0.3969
supp motor area,2,PCL,Paracentral Lobule,Frontal Lobe,0.1765,0.1207,3.0,4,17.0,11.14,13,5,0.3969
supp motor area,3,BG,Basal Ganglia,Subcortical Nuclei,0.0588,0.0517,1.0,3,17.0,11.14,13,5,0.3969
supp motor area,4,Tha,Thalamus,Subcortical Nuclei,0.0588,0.0517,1.0,3,17.0,11.14,13,5,0.3969
supp motor area,5,PoG,Postcentral Gyrus,Parietal Lobe,0.0588,0.0517,1.0,1,17.0,11.14,13,5,0.3969
supp temporal gyrus,1,MTG,Middle Temporal Gyrus,Temporal Lobe,1.0,0.1154,1.0,1,1.0,22.91,19,1,0.1153
supperior frontal,1,BG,Basal Ganglia,Subcortical Nuclei,0.5,0.1071,1.0,1,2.0,22.13,19,2,0.1071
supperior frontal,2,CG,Cingulate Gyrus,Limbic Lobe,0.5,0.1071,1.0,1,2.0,22.13,19,2,0.1071
supperior medial frontal,1,CG,Cingulate Gyrus,Limbic Lobe,1.0,0.1154,1.0,1,1.0,22.91,19,1,0.1153
suppl motor,1,Tha,Thalamus,Subcortical Nuclei,1.0,0.1154,1.0,1,1.0,22.91,19,1,0.1153
suppl motor area,1,SFG,Superior Frontal Gyrus,Frontal Lobe,1.0,0.1786,2.0,3,2.0,21.0,19,1,0.1787
supplemental motor,1,SFG,Superior Frontal Gyrus,Frontal Lobe,1.0,0.1154,1.0,1,1.0,22.91,19,1,0.1153
supplemental motor area,1,SFG,Superior Frontal Gyrus,Frontal Lobe,0.7143,0.2895,5.0,11,7.0,15.35,17,2,0.2896
supplemental motor area,2,BG,Basal Ganglia,Subcortical Nuclei,0.2857,0.1316,2.0,6,7.0,15.35,17,2,0.2896
supplementar motor area ba 6,1,SFG,Superior Frontal Gyrus,Frontal Lobe,1.0,0.1154,1.0,1,1.0,22.91,19,1,0.1153
supplementary,1,SFG,Superior Frontal Gyrus,Frontal Lobe,1.0,0.1154,1.0,1,1.0,22.91,19,1,0.1153
supplementary mortor area,1,SFG,Superior Frontal Gyrus,Frontal Lobe,1.0,0.1154,1.0,2,1.0,22.91,19,1,0.1153
supplementary motor area,1,SFG,Superior Frontal Gyrus,Frontal Lobe,0.7039,0.6808,233.0,409,331.0,3.7,3,9,0.6803
supplementary motor area,2,PCL,Paracentral Lobule,Frontal Lobe,0.0967,0.0948,32.0,36,331.0,3.7,3,9,0.6803
supplementary motor area,3,BG,Basal Ganglia,Subcortical Nuclei,0.0574,0.0569,19.0,21,331.0,3.7,3,9,0.6803
supplementary motor area,4,Tha,Thalamus,Subcortical Nuclei,0.0483,0.0481,16.0,28,331.0,3.7,3,9,0.6803
supplementary motor area,5,PrG,Precentral Gyrus,Frontal Lobe,0.0363,0.0364,12.0,15,331.0,3.7,3,9,0.6803
supplementary motor area,6,CG,Cingulate Gyrus,Limbic Lobe,0.0242,0.0248,8.0,9,331.0,3.7,3,9,0.6803
supplementary motor area,7,MFG,Middle Frontal Gyrus,Frontal Lobe,0.0181,0.019,6.0,6,331.0,3.7,3,9,0.6803
supplementary motor area,8,PoG,Postcentral Gyrus,Parietal Lobe,0.0121,0.0131,4.0,4,331.0,3.7,3,9,0.6803
supplementary motor area,9,OrG,Orbital Gyrus,Frontal Lobe,0.003,0.0044,1.0,1,331.0,3.7,3,9,0.6803
supplementary motor area 6,1,BG,Basal Ganglia,Subcortical Nuclei,0.5,0.1071,1.0,1,2.0,22.13,19,2,0.1071
supplementary motor area 6,2,SFG,Superior Frontal Gyrus,Frontal Lobe,0.5,0.1071,1.0,1,2.0,22.13,19,2,0.1071
supplementary motor area ba 6,1,SFG,Superior Frontal Gyrus,Frontal Lobe,0.5556,0.2619,5.0,5,9.0,14.98,16,3,0.262
supplementary motor area ba 6,2,Tha,Thalamus,Subcortical Nuclei,0.3333,0.1667,3.0,4,9.0,14.98,16,3,0.262
supplementary motor area ba 6,3,BG,Basal Ganglia,Subcortical Nuclei,0.1111,0.0714,1.0,1,9.0,14.98,16,3,0.262
supplementary motor area ba 8,1,BG,Basal Ganglia,Subcortical Nuclei,0.5,0.1071,1.0,1,2.0,22.13,19,2,0.1071
supplementary motor area ba 8,2,Tha,Thalamus,Subcortical Nuclei,0.5,0.1071,1.0,1,2.0,22.13,19,2,0.1071
supplementary motor area proper,1,SFG,Superior Frontal Gyrus,Frontal Lobe,1.0,0.1154,1.0,2,1.0,22.91,19,1,0.1153
supplementary motor cortex,1,SFG,Superior Frontal Gyrus,Frontal Lobe,0.8,0.3864,8.0,10,10.0,12.25,16,2,0.3866
supplementary motor cortex,2,Tha,Thalamus,Subcortical Nuclei,0.2,0.1136,2.0,3,10.0,12.25,16,2,0.3866
supplementary motor gyrus,1,SFG,Superior Frontal Gyrus,Frontal Lobe,1.0,0.1154,1.0,1,1.0,22.91,19,1,0.1153
supplementary motora area,1,PCL,Paracentral Lobule,Frontal Lobe,1.0,0.1154,1.0,1,1.0,22.91,19,1,0.1153
supplementary motoro area,1,MFG,Middle Frontal Gyrus,Frontal Lobe,1.0,0.1154,1.0,1,1.0,22.91,19,1,0.1153
supplemetary motor area,1,SFG,Superior Frontal Gyrus,Frontal Lobe,1.0,0.1154,1.0,1,1.0,22.91,19,1,0.1153
supr frontal gyr,1,MFG,Middle Frontal Gyrus,Frontal Lobe,0.5,0.1071,1.0,1,2.0,22.13,19,2,0.1071
supr frontal gyr,2,SFG,Superior Frontal Gyrus,Frontal Lobe,0.5,0.1071,1.0,1,2.0,22.13,19,2,0.1071
supr medial gyr,1,SFG,Superior Frontal Gyrus,Frontal Lobe,1.0,0.1154,1.0,1,1.0,22.91,19,1,0.1153
supr parietal lobule,1,LOcC,lateral Occipital Cortex,Occipital Lobe,1.0,0.1154,1.0,1,1.0,22.91,19,1,0.1153
supr temporal gyr,1,STG,Superior Temporal Gyrus,Temporal Lobe,1.0,0.1154,1.0,1,1.0,22.91,19,1,0.1153
supra frontal gyrus,1,MFG,Middle Frontal Gyrus,Frontal Lobe,1.0,0.1154,1.0,1,1.0,22.91,19,1,0.1153
supra marginal,1,IPL,Inferior Parietal Lobule,Parietal Lobe,1.0,0.1786,2.0,2,2.0,21.0,19,1,0.1787
supra marginal gyrus,1,IPL,Inferior Parietal Lobule,Parietal Lobe,1.0,0.3947,7.0,8,7.0,13.04,17,1,0.3949
supra marginal white matter,1,IPL,Inferior Parietal Lobule,Parietal Lobe,1.0,0.1154,1.0,1,1.0,22.91,19,1,0.1153
supracalcarine cortex,1,MVOcC,MedioVentral Occipital Cortex,Occipital Lobe,1.0,0.1154,1.0,1,1.0,22.91,19,1,0.1153
suprae,1,BG,Basal Ganglia,Subcortical Nuclei,0.25,0.0938,1.0,1,4.0,21.18,18,4,0.0939
suprae,2,MFG,Middle Frontal Gyrus,Frontal Lobe,0.25,0.0938,1.0,1,4.0,21.18,18,4,0.0939
suprae,3,MVOcC,MedioVentral Occipital Cortex,Occipital Lobe,0.25,0.0938,1.0,1,4.0,21.18,18,4,0.0939
suprae,4,SFG,Superior Frontal Gyrus,Frontal Lobe,0.25,0.0938,1.0,1,4.0,21.18,18,4,0.0939
supramarg g,1,IPL,Inferior Parietal Lobule,Parietal Lobe,1.0,0.1154,1.0,1,1.0,22.91,19,1,0.1153
supramarginal,1,IPL,Inferior Parietal Lobule,Parietal Lobe,0.8,0.6064,28.0,39,35.0,6.23,7,7,0.6068
supramarginal,2,pSTS,posterior Superior Temporal Sulcus,Temporal Lobe,0.0571,0.0532,2.0,2,35.0,6.23,7,7,0.6068
supramarginal,3,STG,Superior Temporal Gyrus,Temporal Lobe,0.0286,0.0319,1.0,3,35.0,6.23,7,7,0.6068
supramarginal,4,MTG,Middle Temporal Gyrus,Temporal Lobe,0.0286,0.0319,1.0,1,35.0,6.23,7,7,0.6068
supramarginal,5,MVOcC,MedioVentral Occipital Cortex,Occipital Lobe,0.0286,0.0319,1.0,1,35.0,6.23,7,7,0.6068
supramarginal,6,PoG,Postcentral Gyrus,Parietal Lobe,0.0286,0.0319,1.0,1,35.0,6.23,7,7,0.6068
supramarginal,7,Tha,Thalamus,Subcortical Nuclei,0.0286,0.0319,1.0,1,35.0,6.23,7,7,0.6068
supramarginal and angular gyrus,1,MTG,Middle Temporal Gyrus,Temporal Lobe,1.0,0.1154,1.0,1,1.0,22.91,19,1,0.1153
supramarginal ba 40,1,IPL,Inferior Parietal Lobule,Parietal Lobe,1.0,0.1154,1.0,1,1.0,22.91,19,1,0.1153
supramarginal cortex,1,IPL,Inferior Parietal Lobule,Parietal Lobe,0.6,0.2059,3.0,5,5.0,18.76,18,3,0.206
supramarginal cortex,2,MTG,Middle Temporal Gyrus,Temporal Lobe,0.2,0.0882,1.0,1,5.0,18.76,18,3,0.206
supramarginal cortex,3,pSTS,posterior Superior Temporal Sulcus,Temporal Lobe,0.2,0.0882,1.0,1,5.0,18.76,18,3,0.206
supramarginal g,1,IPL,Inferior Parietal Lobule,Parietal Lobe,0.75,0.2188,3.0,7,4.0,18.85,18,2,0.219
supramarginal g,2,pSTS,posterior Superior Temporal Sulcus,Temporal Lobe,0.25,0.0938,1.0,2,4.0,18.85,18,2,0.219
supramarginal g ba 40,1,IPL,Inferior Parietal Lobule,Parietal Lobe,1.0,0.1154,1.0,2,1.0,22.91,19,1,0.1153
supramarginal gy,1,IPL,Inferior Parietal Lobule,Parietal Lobe,1.0,0.1154,1.0,1,1.0,22.91,19,1,0.1153
supramarginal gyr,1,IPL,Inferior Parietal Lobule,Parietal Lobe,1.0,0.1154,1.0,3,1.0,22.91,19,1,0.1153
supramarginal gyral,1,PoG,Postcentral Gyrus,Parietal Lobe,1.0,0.1154,1.0,1,1.0,22.91,19,1,0.1153
supramarginal gyrus,1,IPL,Inferior Parietal Lobule,Parietal Lobe,0.7993,0.7669,215.0,359,269.0,2.99,2,14,0.767
supramarginal gyrus,2,pSTS,posterior Superior Temporal Sulcus,Temporal Lobe,0.0818,0.0801,22.0,35,269.0,2.99,2,14,0.767
supramarginal gyrus,3,STG,Superior Temporal Gyrus,Temporal Lobe,0.0297,0.0302,8.0,8,269.0,2.99,2,14,0.767
supramarginal gyrus,4,SPL,Superior Parietal Lobule,Parietal Lobe,0.0223,0.0231,6.0,6,269.0,2.99,2,14,0.767
supramarginal gyrus,5,SFG,Superior Frontal Gyrus,Frontal Lobe,0.0149,0.016,4.0,5,269.0,2.99,2,14,0.767
supramarginal gyrus,6,PoG,Postcentral Gyrus,Parietal Lobe,0.0149,0.016,4.0,4,269.0,2.99,2,14,0.767
supramarginal gyrus,7,CG,Cingulate Gyrus,Limbic Lobe,0.0074,0.0089,2.0,2,269.0,2.99,2,14,0.767
supramarginal gyrus,8,MTG,Middle Temporal Gyrus,Temporal Lobe,0.0074,0.0089,2.0,2,269.0,2.99,2,14,0.767
supramarginal gyrus,9,PCL,Paracentral Lobule,Frontal Lobe,0.0037,0.0053,1.0,2,269.0,2.99,2,14,0.767
supramarginal gyrus,10,LOcC,lateral Occipital Cortex,Occipital Lobe,0.0037,0.0053,1.0,1,269.0,2.99,2,14,0.767
supramarginal gyrus,11,MVOcC,MedioVentral Occipital Cortex,Occipital Lobe,0.0037,0.0053,1.0,1,269.0,2.99,2,14,0.767
supramarginal gyrus,12,OrG,Orbital Gyrus,Frontal Lobe,0.0037,0.0053,1.0,1,269.0,2.99,2,14,0.767
supramarginal gyrus,13,PrG,Precentral Gyrus,Frontal Lobe,0.0037,0.0053,1.0,1,269.0,2.99,2,14,0.767
supramarginal gyrus,14,Tha,Thalamus,Subcortical Nuclei,0.0037,0.0053,1.0,1,269.0,2.99,2,14,0.767
supramarginal gyrus 2 40,1,IPL,Inferior Parietal Lobule,Parietal Lobe,1.0,0.1154,1.0,1,1.0,22.91,19,1,0.1153
supramarginal gyrus 40,1,IPL,Inferior Parietal Lobule,Parietal Lobe,0.625,0.275,5.0,9,8.0,16.16,16,4,0.275
supramarginal gyrus 40,2,pSTS,posterior Superior Temporal Sulcus,Temporal Lobe,0.125,0.075,1.0,2,8.0,16.16,16,4,0.275
supramarginal gyrus 40,3,MTG,Middle Temporal Gyrus,Temporal Lobe,0.125,0.075,1.0,1,8.0,16.16,16,4,0.275
supramarginal gyrus 40,4,SPL,Superior Parietal Lobule,Parietal Lobe,0.125,0.075,1.0,1,8.0,16.16,16,4,0.275
supramarginal gyrus and postcentral sulcus,1,IPL,Inferior Parietal Lobule,Parietal Lobe,1.0,0.1154,1.0,1,1.0,22.91,19,1,0.1153
supramarginal gyrus anterior division,1,STG,Superior Temporal Gyrus,Temporal Lobe,1.0,0.1154,1.0,1,1.0,22.91,19,1,0.1153
supramarginal gyrus ba 1,1,PoG,Postcentral Gyrus,Parietal Lobe,1.0,0.1154,1.0,1,1.0,22.91,19,1,0.1153
supramarginal gyrus ba 40,1,IPL,Inferior Parietal Lobule,Parietal Lobe,0.8333,0.4375,10.0,12,12.0,11.03,15,3,0.4378
supramarginal gyrus ba 40,2,MTG,Middle Temporal Gyrus,Temporal Lobe,0.0833,0.0625,1.0,1,12.0,11.03,15,3,0.4378
supramarginal gyrus ba 40,3,pSTS,posterior Superior Temporal Sulcus,Temporal Lobe,0.0833,0.0625,1.0,1,12.0,11.03,15,3,0.4378
supramarginal gyrus ba 48,1,IPL,Inferior Parietal Lobule,Parietal Lobe,1.0,0.1154,1.0,1,1.0,22.91,19,1,0.1153
supramarginal gyrus posterior division,1,pSTS,posterior Superior Temporal Sulcus,Temporal Lobe,1.0,0.1154,1.0,1,1.0,22.91,19,1,0.1153
supramarginal gyrusa,1,pSTS,posterior Superior Temporal Sulcus,Temporal Lobe,1.0,0.1154,1.0,1,1.0,22.91,19,1,0.1153
supramarginal gyurs,1,IPL,Inferior Parietal Lobule,Parietal Lobe,0.5,0.1071,1.0,1,2.0,22.13,19,2,0.1071
supramarginal gyurs,2,pSTS,posterior Superior Temporal Sulcus,Temporal Lobe,0.5,0.1071,1.0,1,2.0,22.13,19,2,0.1071
supramarginal parietal lobule,1,IPL,Inferior Parietal Lobule,Parietal Lobe,1.0,0.1154,1.0,1,1.0,22.91,19,1,0.1153
supramarginalgyrus 40,1,IPL,Inferior Parietal Lobule,Parietal Lobe,1.0,0.1154,1.0,1,1.0,22.91,19,1,0.1153
supramarginalis,1,IPL,Inferior Parietal Lobule,Parietal Lobe,0.5,0.1071,1.0,1,2.0,22.13,19,2,0.1071
supramarginalis,2,PoG,Postcentral Gyrus,Parietal Lobe,0.5,0.1071,1.0,1,2.0,22.13,19,2,0.1071
supran,1,CG,Cingulate Gyrus,Limbic Lobe,0.5,0.1071,1.0,1,2.0,22.13,19,2,0.1071
supran,2,STG,Superior Temporal Gyrus,Temporal Lobe,0.5,0.1071,1.0,1,2.0,22.13,19,2,0.1071
suprmarg,1,IPL,Inferior Parietal Lobule,Parietal Lobe,1.0,0.1154,1.0,1,1.0,22.91,19,1,0.1153
suprmarg gyrs,1,IPL,Inferior Parietal Lobule,Parietal Lobe,1.0,0.1154,1.0,1,1.0,22.91,19,1,0.1153
t o junction,1,MTG,Middle Temporal Gyrus,Temporal Lobe,1.0,0.1154,1.0,1,1.0,22.91,19,1,0.1153
tapatum,1,Pcun,Precuneus,Parietal Lobe,1.0,0.1154,1.0,1,1.0,22.91,19,1,0.1153
te1,1,STG,Superior Temporal Gyrus,Temporal Lobe,1.0,0.1154,1.0,1,1.0,22.91,19,1,0.1153
temp pole,1,STG,Superior Temporal Gyrus,Temporal Lobe,1.0,0.1154,1.0,1,1.0,22.91,19,1,0.1153
tempo parietal junction,1,IPL,Inferior Parietal Lobule,Parietal Lobe,1.0,0.1154,1.0,1,1.0,22.91,19,1,0.1153
temporal,1,STG,Superior Temporal Gyrus,Temporal Lobe,0.234,0.1949,11.0,23,47.0,14.7,10,14,0.1949
temporal,2,IPL,Inferior Parietal Lobule,Parietal Lobe,0.1277,0.1102,6.0,14,47.0,14.7,10,14,0.1949
temporal,3,pSTS,posterior Superior Temporal Sulcus,Temporal Lobe,0.1277,0.1102,6.0,8,47.0,14.7,10,14,0.1949
temporal,4,FuG,Fusiform Gyrus,Temporal Lobe,0.1064,0.0932,5.0,8,47.0,14.7,10,14,0.1949
temporal,5,MTG,Middle Temporal Gyrus,Temporal Lobe,0.1064,0.0932,5.0,8,47.0,14.7,10,14,0.1949
temporal,6,ITG,Inferior Temporal Gyrus,Temporal Lobe,0.0638,0.0593,3.0,4,47.0,14.7,10,14,0.1949
temporal,7,PhG,Parahippocampal Gyrus,Temporal Lobe,0.0426,0.0424,2.0,4,47.0,14.7,10,14,0.1949
temporal,8,Hipp,Hippocampus,Subcortical Nuclei,0.0426,0.0424,2.0,2,47.0,14.7,10,14,0.1949
temporal,9,LOcC,lateral Occipital Cortex,Occipital Lobe,0.0426,0.0424,2.0,2,47.0,14.7,10,14,0.1949
temporal,10,INS,Insular Gyrus,Insular Lobe,0.0213,0.0254,1.0,1,47.0,14.7,10,14,0.1949
temporal,11,MFG,Middle Frontal Gyrus,Frontal Lobe,0.0213,0.0254,1.0,1,47.0,14.7,10,14,0.1949
temporal,12,MVOcC,MedioVentral Occipital Cortex,Occipital Lobe,0.0213,0.0254,1.0,1,47.0,14.7,10,14,0.1949
temporal,13,PrG,Precentral Gyrus,Frontal Lobe,0.0213,0.0254,1.0,1,47.0,14.7,10,14,0.1949
temporal,14,Tha,Thalamus,Subcortical Nuclei,0.0213,0.0254,1.0,1,47.0,14.7,10,14,0.1949
temporal cortex,1,STG,Superior Temporal Gyrus,Temporal Lobe,0.1818,0.1087,2.0,3,11.0,19.01,15,8,0.1088
temporal cortex,2,ITG,Inferior Temporal Gyrus,Temporal Lobe,0.1818,0.1087,2.0,2,11.0,19.01,15,8,0.1088
temporal cortex,3,pSTS,posterior Superior Temporal Sulcus,Temporal Lobe,0.1818,0.1087,2.0,2,11.0,19.01,15,8,0.1088
temporal cortex,4,FuG,Fusiform Gyrus,Temporal Lobe,0.0909,0.0652,1.0,2,11.0,19.01,15,8,0.1088
temporal cortex,5,MTG,Middle Temporal Gyrus,Temporal Lobe,0.0909,0.0652,1.0,1,11.0,19.01,15,8,0.1088
temporal cortex,6,MVOcC,MedioVentral Occipital Cortex,Occipital Lobe,0.0909,0.0652,1.0,1,11.0,19.01,15,8,0.1088
temporal cortex,7,PoG,Postcentral Gyrus,Parietal Lobe,0.0909,0.0652,1.0,1,11.0,19.01,15,8,0.1088
temporal cortex,8,PrG,Precentral Gyrus,Frontal Lobe,0.0909,0.0652,1.0,1,11.0,19.01,15,8,0.1088
temporal fusiform cortex,1,FuG,Fusiform Gyrus,Temporal Lobe,0.5,0.1071,1.0,2,2.0,22.13,19,2,0.1071
temporal fusiform cortex,2,STG,Superior Temporal Gyrus,Temporal Lobe,0.5,0.1071,1.0,1,2.0,22.13,19,2,0.1071
temporal fusiform gyrus,1,FuG,Fusiform Gyrus,Temporal Lobe,1.0,0.1786,2.0,2,2.0,21.0,19,1,0.1787
temporal gyrus,1,STG,Superior Temporal Gyrus,Temporal Lobe,0.3,0.1591,3.0,4,10.0,16.98,16,5,0.1592
temporal gyrus,2,pSTS,posterior Superior Temporal Sulcus,Temporal Lobe,0.3,0.1591,3.0,4,10.0,16.98,16,5,0.1592
temporal gyrus,3,MTG,Middle Temporal Gyrus,Temporal Lobe,0.2,0.1136,2.0,2,10.0,16.98,16,5,0.1592
temporal gyrus,4,IPL,Inferior Parietal Lobule,Parietal Lobe,0.1,0.0682,1.0,1,10.0,16.98,16,5,0.1592
temporal gyrus,5,PoG,Postcentral Gyrus,Parietal Lobe,0.1,0.0682,1.0,1,10.0,16.98,16,5,0.1592
temporal inf,1,ITG,Inferior Temporal Gyrus,Temporal Lobe,0.4286,0.2879,9.0,14,21.0,11.71,11,5,0.2876
temporal inf,2,FuG,Fusiform Gyrus,Temporal Lobe,0.2857,0.197,6.0,9,21.0,11.71,11,5,0.2876
temporal inf,3,LOcC,lateral Occipital Cortex,Occipital Lobe,0.1429,0.1061,3.0,3,21.0,11.71,11,5,0.2876
temporal inf,4,MTG,Middle Temporal Gyrus,Temporal Lobe,0.0952,0.0758,2.0,2,21.0,11.71,11,5,0.2876
temporal inf,5,STG,Superior Temporal Gyrus,Temporal Lobe,0.0476,0.0455,1.0,1,21.0,11.71,11,5,0.2876
temporal inferior,1,ITG,Inferior Temporal Gyrus,Temporal Lobe,0.75,0.2188,3.0,4,4.0,18.85,18,2,0.219
temporal inferior,2,MTG,Middle Temporal Gyrus,Temporal Lobe,0.25,0.0938,1.0,1,4.0,18.85,18,2,0.219
temporal lobe,1,MTG,Middle Temporal Gyrus,Temporal Lobe,0.2069,0.1585,6.0,10,29.0,16.14,12,13,0.1585
temporal lobe,2,FuG,Fusiform Gyrus,Temporal Lobe,0.1724,0.1341,5.0,8,29.0,16.14,12,13,0.1585
temporal lobe,3,STG,Superior Temporal Gyrus,Temporal Lobe,0.1724,0.1341,5.0,7,29.0,16.14,12,13,0.1585
temporal lobe,4,Hipp,Hippocampus,Subcortical Nuclei,0.069,0.061,2.0,5,29.0,16.14,12,13,0.1585
temporal lobe,5,ITG,Inferior Temporal Gyrus,Temporal Lobe,0.069,0.061,2.0,4,29.0,16.14,12,13,0.1585
temporal lobe,6,LOcC,lateral Occipital Cortex,Occipital Lobe,0.069,0.061,2.0,2,29.0,16.14,12,13,0.1585
temporal lobe,7,IPL,Inferior Parietal Lobule,Parietal Lobe,0.0345,0.0366,1.0,2,29.0,16.14,12,13,0.1585
temporal lobe,8,IFG,Inferior Frontal Gyrus,Frontal Lobe,0.0345,0.0366,1.0,1,29.0,16.14,12,13,0.1585
temporal lobe,9,INS,Insular Gyrus,Insular Lobe,0.0345,0.0366,1.0,1,29.0,16.14,12,13,0.1585
temporal lobe,10,Pcun,Precuneus,Parietal Lobe,0.0345,0.0366,1.0,1,29.0,16.14,12,13,0.1585
temporal lobe,11,PhG,Parahippocampal Gyrus,Temporal Lobe,0.0345,0.0366,1.0,1,29.0,16.14,12,13,0.1585
temporal lobe,12,PoG,Postcentral Gyrus,Parietal Lobe,0.0345,0.0366,1.0,1,29.0,16.14,12,13,0.1585
temporal lobe,13,pSTS,posterior Superior Temporal Sulcus,Temporal Lobe,0.0345,0.0366,1.0,1,29.0,16.14,12,13,0.1585
temporal lobe 20 21,1,MTG,Middle Temporal Gyrus,Temporal Lobe,1.0,0.1154,1.0,1,1.0,22.91,19,1,0.1153
temporal lobe 28 34,1,Amyg,Amygdala,Subcortical Nuclei,1.0,0.1154,1.0,1,1.0,22.91,19,1,0.1153
temporal lobe fusiform gyrus,1,FuG,Fusiform Gyrus,Temporal Lobe,1.0,0.1154,1.0,1,1.0,22.91,19,1,0.1153
temporal lobe stg,1,INS,Insular Gyrus,Insular Lobe,0.5,0.1071,1.0,3,2.0,22.13,19,2,0.1071
temporal lobe stg,2,IPL,Inferior Parietal Lobule,Parietal Lobe,0.5,0.1071,1.0,3,2.0,22.13,19,2,0.1071
temporal mid,1,MTG,Middle Temporal Gyrus,Temporal Lobe,0.2333,0.1786,7.0,9,30.0,12.83,8,7,0.1786
temporal mid,2,pSTS,posterior Superior Temporal Sulcus,Temporal Lobe,0.2,0.1548,6.0,7,30.0,12.83,8,7,0.1786
temporal mid,3,IPL,Inferior Parietal Lobule,Parietal Lobe,0.1667,0.131,5.0,12,30.0,12.83,8,7,0.1786
temporal mid,4,ITG,Inferior Temporal Gyrus,Temporal Lobe,0.1667,0.131,5.0,5,30.0,12.83,8,7,0.1786
temporal mid,5,STG,Superior Temporal Gyrus,Temporal Lobe,0.1333,0.1071,4.0,7,30.0,12.83,8,7,0.1786
temporal mid,6,LOcC,lateral Occipital Cortex,Occipital Lobe,0.0667,0.0595,2.0,2,30.0,12.83,8,7,0.1786
temporal mid,7,INS,Insular Gyrus,Insular Lobe,0.0333,0.0357,1.0,1,30.0,12.83,8,7,0.1786
temporal mid 21,1,pSTS,posterior Superior Temporal Sulcus,Temporal Lobe,1.0,0.1154,1.0,1,1.0,22.91,19,1,0.1153
temporal midbrain,1,IFG,Inferior Frontal Gyrus,Frontal Lobe,1.0,0.1154,1.0,1,1.0,22.91,19,1,0.1153
temporal middle,1,ITG,Inferior Temporal Gyrus,Temporal Lobe,1.0,0.1154,1.0,1,1.0,22.91,19,1,0.1153
temporal middle lobe,1,MTG,Middle Temporal Gyrus,Temporal Lobe,1.0,0.1154,1.0,2,1.0,22.91,19,1,0.1153
temporal middle pole,1,MTG,Middle Temporal Gyrus,Temporal Lobe,1.0,0.1154,1.0,1,1.0,22.91,19,1,0.1153
temporal network,1,pSTS,posterior Superior Temporal Sulcus,Temporal Lobe,1.0,0.1154,1.0,1,1.0,22.91,19,1,0.1153
temporal occipital cortex,1,LOcC,lateral Occipital Cortex,Occipital Lobe,1.0,0.1154,1.0,1,1.0,22.91,19,1,0.1153
temporal occipital fusiform cortex,1,FuG,Fusiform Gyrus,Temporal Lobe,0.75,0.2188,3.0,9,4.0,18.85,18,2,0.219
temporal occipital fusiform cortex,2,SPL,Superior Parietal Lobule,Parietal Lobe,0.25,0.0938,1.0,1,4.0,18.85,18,2,0.219
temporal occipital fusiform gyrus,1,FuG,Fusiform Gyrus,Temporal Lobe,1.0,0.1154,1.0,1,1.0,22.91,19,1,0.1153
temporal parietal junction,1,IPL,Inferior Parietal Lobule,Parietal Lobe,1.0,0.2812,4.0,7,4.0,17.24,18,1,0.2815
temporal parietal occipital,1,IPL,Inferior Parietal Lobule,Parietal Lobe,1.0,0.1154,1.0,2,1.0,22.91,19,1,0.1153
temporal parieto occipital c,1,IPL,Inferior Parietal Lobule,Parietal Lobe,1.0,0.1154,1.0,1,1.0,22.91,19,1,0.1153
temporal pole,1,STG,Superior Temporal Gyrus,Temporal Lobe,0.4423,0.4137,69.0,98,156.0,7.42,5,12,0.4136
temporal pole,2,MTG,Middle Temporal Gyrus,Temporal Lobe,0.2115,0.1994,33.0,50,156.0,7.42,5,12,0.4136
temporal pole,3,IFG,Inferior Frontal Gyrus,Frontal Lobe,0.1026,0.0982,16.0,19,156.0,7.42,5,12,0.4136
temporal pole,4,INS,Insular Gyrus,Insular Lobe,0.0513,0.0506,8.0,10,156.0,7.42,5,12,0.4136
temporal pole,5,MFG,Middle Frontal Gyrus,Frontal Lobe,0.0385,0.0387,6.0,6,156.0,7.42,5,12,0.4136
temporal pole,6,PrG,Precentral Gyrus,Frontal Lobe,0.0385,0.0387,6.0,6,156.0,7.42,5,12,0.4136
temporal pole,7,ITG,Inferior Temporal Gyrus,Temporal Lobe,0.0256,0.0268,4.0,4,156.0,7.42,5,12,0.4136
temporal pole,8,OrG,Orbital Gyrus,Frontal Lobe,0.0256,0.0268,4.0,4,156.0,7.42,5,12,0.4136
temporal pole,9,PhG,Parahippocampal Gyrus,Temporal Lobe,0.0192,0.0208,3.0,5,156.0,7.42,5,12,0.4136
temporal pole,10,BG,Basal Ganglia,Subcortical Nuclei,0.0192,0.0208,3.0,4,156.0,7.42,5,12,0.4136
temporal pole,11,FuG,Fusiform Gyrus,Temporal Lobe,0.0192,0.0208,3.0,3,156.0,7.42,5,12,0.4136
temporal pole,12,PoG,Postcentral Gyrus,Parietal Lobe,0.0064,0.0089,1.0,1,156.0,7.42,5,12,0.4136
temporal pole 20 38,1,STG,Superior Temporal Gyrus,Temporal Lobe,1.0,0.1154,1.0,1,1.0,22.91,19,1,0.1153
temporal pole 38,1,MTG,Middle Temporal Gyrus,Temporal Lobe,0.5,0.1071,1.0,3,2.0,22.13,19,2,0.1071
temporal pole 38,2,STG,Superior Temporal Gyrus,Temporal Lobe,0.5,0.1071,1.0,3,2.0,22.13,19,2,0.1071
temporal pole and lateral superior temporal gyrus,1,STG,Superior Temporal Gyrus,Temporal Lobe,1.0,0.1154,1.0,1,1.0,22.91,19,1,0.1153
temporal pole ba 20,1,ITG,Inferior Temporal Gyrus,Temporal Lobe,1.0,0.1154,1.0,1,1.0,22.91,19,1,0.1153
temporal pole ba 38,1,STG,Superior Temporal Gyrus,Temporal Lobe,0.8,0.2647,4.0,6,5.0,17.25,18,2,0.2648
temporal pole ba 38,2,IFG,Inferior Frontal Gyrus,Frontal Lobe,0.2,0.0882,1.0,2,5.0,17.25,18,2,0.2648
temporal pole ba 48,1,STG,Superior Temporal Gyrus,Temporal Lobe,1.0,0.1154,1.0,1,1.0,22.91,19,1,0.1153
temporal pole mid,1,MTG,Middle Temporal Gyrus,Temporal Lobe,0.8,0.2647,4.0,4,5.0,17.25,18,2,0.2648
temporal pole mid,2,STG,Superior Temporal Gyrus,Temporal Lobe,0.2,0.0882,1.0,1,5.0,17.25,18,2,0.2648
temporal pole middle,1,MTG,Middle Temporal Gyrus,Temporal Lobe,1.0,0.1154,1.0,1,1.0,22.91,19,1,0.1153
temporal pole middle gyrus,1,STG,Superior Temporal Gyrus,Temporal Lobe,1.0,0.1154,1.0,1,1.0,22.91,19,1,0.1153
temporal pole middle temporal gyrus,1,MTG,Middle Temporal Gyrus,Temporal Lobe,1.0,0.1154,1.0,2,1.0,22.91,19,1,0.1153
temporal pole region,1,MFG,Middle Frontal Gyrus,Frontal Lobe,1.0,0.1154,1.0,1,1.0,22.91,19,1,0.1153
temporal pole sup,1,STG,Superior Temporal Gyrus,Temporal Lobe,0.6,0.2059,3.0,3,5.0,18.76,18,3,0.206
temporal pole sup,2,IFG,Inferior Frontal Gyrus,Frontal Lobe,0.2,0.0882,1.0,1,5.0,18.76,18,3,0.206
temporal pole sup,3,PrG,Precentral Gyrus,Frontal Lobe,0.2,0.0882,1.0,1,5.0,18.76,18,3,0.206
temporal pole superior gyrus,1,OrG,Orbital Gyrus,Frontal Lobe,1.0,0.1154,1.0,1,1.0,22.91,19,1,0.1153
temporal pole superior temporal gyrus,1,STG,Superior Temporal Gyrus,Temporal Lobe,1.0,0.1154,1.0,1,1.0,22.91,19,1,0.1153
temporal sub gyrus,1,Hipp,Hippocampus,Subcortical Nuclei,1.0,0.1154,1.0,1,1.0,22.91,19,1,0.1153
temporal sup,1,STG,Superior Temporal Gyrus,Temporal Lobe,0.5,0.225,4.0,10,8.0,16.92,16,4,0.225
temporal sup,2,IPL,Inferior Parietal Lobule,Parietal Lobe,0.25,0.125,2.0,2,8.0,16.92,16,4,0.225
temporal sup,3,pSTS,posterior Superior Temporal Sulcus,Temporal Lobe,0.125,0.075,1.0,2,8.0,16.92,16,4,0.225
temporal sup,4,MTG,Middle Temporal Gyrus,Temporal Lobe,0.125,0.075,1.0,1,8.0,16.92,16,4,0.225
temporal superior,1,STG,Superior Temporal Gyrus,Temporal Lobe,1.0,0.1154,1.0,1,1.0,22.91,19,1,0.1153
temporal superior lobe,1,STG,Superior Temporal Gyrus,Temporal Lobe,1.0,0.1154,1.0,1,1.0,22.91,19,1,0.1153
temporal superior pole,1,STG,Superior Temporal Gyrus,Temporal Lobe,1.0,0.1154,1.0,2,1.0,22.91,19,1,0.1153
temporal thalamus,1,Tha,Thalamus,Subcortical Nuclei,1.0,0.1154,1.0,5,1.0,22.91,19,1,0.1153
temporal wm,1,MTG,Middle Temporal Gyrus,Temporal Lobe,1.0,0.1154,1.0,1,1.0,22.91,19,1,0.1153
temporo basal,1,FuG,Fusiform Gyrus,Temporal Lobe,0.3333,0.1,1.0,2,3.0,21.57,18,3,0.1001
temporo basal,2,ITG,Inferior Temporal Gyrus,Temporal Lobe,0.3333,0.1,1.0,1,3.0,21.57,18,3,0.1001
temporo basal,3,PhG,Parahippocampal Gyrus,Temporal Lobe,0.3333,0.1,1.0,1,3.0,21.57,18,3,0.1001
temporo occipital fusiform,1,PhG,Parahippocampal Gyrus,Temporal Lobe,1.0,0.1154,1.0,1,1.0,22.91,19,1,0.1153
temporo occipital gyrus,1,INS,Insular Gyrus,Insular Lobe,1.0,0.1154,1.0,2,1.0,22.91,19,1,0.1153
temporo occipital junction,1,LOcC,lateral Occipital Cortex,Occipital Lobe,1.0,0.1154,1.0,1,1.0,22.91,19,1,0.1153
temporo occipital sulcus,1,ITG,Inferior Temporal Gyrus,Temporal Lobe,1.0,0.1154,1.0,1,1.0,22.91,19,1,0.1153
temporo parietal,1,IPL,Inferior Parietal Lobule,Parietal Lobe,1.0,0.1154,1.0,1,1.0,22.91,19,1,0.1153
temporo parietal area,1,IPL,Inferior Parietal Lobule,Parietal Lobe,1.0,0.1154,1.0,1,1.0,22.91,19,1,0.1153
temporo parietal junction,1,IPL,Inferior Parietal Lobule,Parietal Lobe,0.5385,0.3,7.0,21,13.0,13.1,14,4,0.3
temporo parietal junction,2,pSTS,posterior Superior Temporal Sulcus,Temporal Lobe,0.3077,0.18,4.0,6,13.0,13.1,14,4,0.3
temporo parietal junction,3,LOcC,lateral Occipital Cortex,Occipital Lobe,0.0769,0.06,1.0,1,13.0,13.1,14,4,0.3
temporo parietal junction,4,STG,Superior Temporal Gyrus,Temporal Lobe,0.0769,0.06,1.0,1,13.0,13.1,14,4,0.3
temporo parietal junction area,1,IPL,Inferior Parietal Lobule,Parietal Lobe,1.0,0.1154,1.0,1,1.0,22.91,19,1,0.1153
temporo parietal junction ba 39,1,IPL,Inferior Parietal Lobule,Parietal Lobe,1.0,0.1154,1.0,2,1.0,22.91,19,1,0.1153
temporo parietal lobe,1,PhG,Parahippocampal Gyrus,Temporal Lobe,1.0,0.1154,1.0,1,1.0,22.91,19,1,0.1153
temporo parietal white matter,1,IPL,Inferior Parietal Lobule,Parietal Lobe,1.0,0.1154,1.0,1,1.0,22.91,19,1,0.1153
temporoparietal cortex,1,IPL,Inferior Parietal Lobule,Parietal Lobe,1.0,0.1154,1.0,1,1.0,22.91,19,1,0.1153
temporoparietal junction,1,IPL,Inferior Parietal Lobule,Parietal Lobe,0.75,0.5375,21.0,41,28.0,7.23,9,4,0.5375
temporoparietal junction,2,STG,Superior Temporal Gyrus,Temporal Lobe,0.1071,0.0875,3.0,5,28.0,7.23,9,4,0.5375
temporoparietal junction,3,MTG,Middle Temporal Gyrus,Temporal Lobe,0.1071,0.0875,3.0,4,28.0,7.23,9,4,0.5375
temporoparietal junction,4,PoG,Postcentral Gyrus,Parietal Lobe,0.0357,0.0375,1.0,1,28.0,7.23,9,4,0.5375
temporoparietal junction ba 7,1,MFG,Middle Frontal Gyrus,Frontal Lobe,1.0,0.1154,1.0,1,1.0,22.91,19,1,0.1153
temporopolar,1,INS,Insular Gyrus,Insular Lobe,0.5,0.1071,1.0,1,2.0,22.13,19,2,0.1071
temporopolar,2,STG,Superior Temporal Gyrus,Temporal Lobe,0.5,0.1071,1.0,1,2.0,22.13,19,2,0.1071
termporal mid,1,MTG,Middle Temporal Gyrus,Temporal Lobe,1.0,0.1154,1.0,1,1.0,22.91,19,1,0.1153
ternporal mid,1,MTG,Middle Temporal Gyrus,Temporal Lobe,0.5,0.1071,1.0,2,2.0,22.13,19,2,0.1071
ternporal mid,2,IPL,Inferior Parietal Lobule,Parietal Lobe,0.5,0.1071,1.0,1,2.0,22.13,19,2,0.1071
tha,1,Tha,Thalamus,Subcortical Nuclei,1.0,0.3235,5.0,7,5.0,15.65,18,1,0.3236
thal,1,Tha,Thalamus,Subcortical Nuclei,0.6667,0.1667,2.0,3,3.0,20.55,18,2,0.1668
thal,2,BG,Basal Ganglia,Subcortical Nuclei,0.3333,0.1,1.0,1,3.0,20.55,18,2,0.1668
thal m,1,BG,Basal Ganglia,Subcortical Nuclei,1.0,0.1154,1.0,1,1.0,22.91,19,1,0.1153
thal pref,1,Tha,Thalamus,Subcortical Nuclei,1.0,0.1154,1.0,2,1.0,22.91,19,1,0.1153
thalamic,1,Tha,Thalamus,Subcortical Nuclei,1.0,0.1154,1.0,2,1.0,22.91,19,1,0.1153
thalamus,1,Tha,Thalamus,Subcortical Nuclei,0.9116,0.8928,495.0,935,543.0,1.67,1,8,0.8928
thalamus,2,BG,Basal Ganglia,Subcortical Nuclei,0.07,0.0694,38.0,46,543.0,1.67,1,8,0.8928
thalamus,3,CG,Cingulate Gyrus,Limbic Lobe,0.0055,0.0063,3.0,3,543.0,1.67,1,8,0.8928
thalamus,4,Hipp,Hippocampus,Subcortical Nuclei,0.0055,0.0063,3.0,3,543.0,1.67,1,8,0.8928
thalamus,5,IFG,Inferior Frontal Gyrus,Frontal Lobe,0.0018,0.0027,1.0,1,543.0,1.67,1,8,0.8928
thalamus,6,MFG,Middle Frontal Gyrus,Frontal Lobe,0.0018,0.0027,1.0,1,543.0,1.67,1,8,0.8928
thalamus,7,MVOcC,MedioVentral Occipital Cortex,Occipital Lobe,0.0018,0.0027,1.0,1,543.0,1.67,1,8,0.8928
thalamus,8,SFG,Superior Frontal Gyrus,Frontal Lobe,0.0018,0.0027,1.0,1,543.0,1.67,1,8,0.8928
thalamus and other subcortical region,1,BG,Basal Ganglia,Subcortical Nuclei,0.5,0.1071,1.0,1,2.0,22.13,19,2,0.1071
thalamus and other subcortical region,2,OrG,Orbital Gyrus,Frontal Lobe,0.5,0.1071,1.0,1,2.0,22.13,19,2,0.1071
thalamus cortex,1,Tha,Thalamus,Subcortical Nuclei,1.0,0.1154,1.0,1,1.0,22.91,19,1,0.1153
thalamus lateral nucleus,1,Tha,Thalamus,Subcortical Nuclei,1.0,0.1154,1.0,3,1.0,22.91,19,1,0.1153
thalamus medial lr,1,Tha,Thalamus,Subcortical Nuclei,1.0,0.1154,1.0,1,1.0,22.91,19,1,0.1153
thalamus midline nucleus,1,Tha,Thalamus,Subcortical Nuclei,1.0,0.1154,1.0,1,1.0,22.91,19,1,0.1153
thalamus posterior,1,Tha,Thalamus,Subcortical Nuclei,1.0,0.1154,1.0,2,1.0,22.91,19,1,0.1153
thalamus proper,1,BG,Basal Ganglia,Subcortical Nuclei,1.0,0.1154,1.0,1,1.0,22.91,19,1,0.1153
thalamus pulvinar,1,Tha,Thalamus,Subcortical Nuclei,1.0,0.1786,2.0,3,2.0,21.0,19,1,0.1787
thalamus van,1,Tha,Thalamus,Subcortical Nuclei,1.0,0.1154,1.0,1,1.0,22.91,19,1,0.1153
thalamus ventral posterior,1,BG,Basal Ganglia,Subcortical Nuclei,0.5,0.1071,1.0,1,2.0,22.13,19,2,0.1071
thalamus ventral posterior,2,Tha,Thalamus,Subcortical Nuclei,0.5,0.1071,1.0,1,2.0,22.13,19,2,0.1071
thalamusa,1,Tha,Thalamus,Subcortical Nuclei,1.0,0.1154,1.0,1,1.0,22.91,19,1,0.1153
thalamush,1,Tha,Thalamus,Subcortical Nuclei,1.0,0.1154,1.0,1,1.0,22.91,19,1,0.1153
the insula,1,INS,Insular Gyrus,Insular Lobe,1.0,0.1154,1.0,1,1.0,22.91,19,1,0.1153
the middle temporal gyrus,1,pSTS,posterior Superior Temporal Sulcus,Temporal Lobe,1.0,0.1154,1.0,1,1.0,22.91,19,1,0.1153
the postcentral gyrus,1,PoG,Postcentral Gyrus,Parietal Lobe,1.0,0.1154,1.0,1,1.0,22.91,19,1,0.1153
the superior temporal gyrus,1,STG,Superior Temporal Gyrus,Temporal Lobe,1.0,0.1154,1.0,1,1.0,22.91,19,1,0.1153
tifg,1,IFG,Inferior Frontal Gyrus,Frontal Lobe,1.0,0.1154,1.0,1,1.0,22.91,19,1,0.1153
tmp,1,INS,Insular Gyrus,Insular Lobe,1.0,0.1154,1.0,1,1.0,22.91,19,1,0.1153
toc,1,FuG,Fusiform Gyrus,Temporal Lobe,0.5,0.1071,1.0,2,2.0,22.13,19,2,0.1071
toc,2,pSTS,posterior Superior Temporal Sulcus,Temporal Lobe,0.5,0.1071,1.0,1,2.0,22.13,19,2,0.1071
toc1,1,FuG,Fusiform Gyrus,Temporal Lobe,1.0,0.1154,1.0,1,1.0,22.91,19,1,0.1153
tp pole,1,FuG,Fusiform Gyrus,Temporal Lobe,0.5,0.1071,1.0,1,2.0,22.13,19,2,0.1071
tp pole,2,ITG,Inferior Temporal Gyrus,Temporal Lobe,0.5,0.1071,1.0,1,2.0,22.13,19,2,0.1071
tpj,1,IPL,Inferior Parietal Lobule,Parietal Lobe,0.6944,0.5312,25.0,50,36.0,6.68,5,5,0.5315
tpj,2,pSTS,posterior Superior Temporal Sulcus,Temporal Lobe,0.1944,0.1562,7.0,9,36.0,6.68,5,5,0.5315
tpj,3,MTG,Middle Temporal Gyrus,Temporal Lobe,0.0556,0.0521,2.0,4,36.0,6.68,5,5,0.5315
tpj,4,SPL,Superior Parietal Lobule,Parietal Lobe,0.0278,0.0312,1.0,1,36.0,6.68,5,5,0.5315
tpj,5,STG,Superior Temporal Gyrus,Temporal Lobe,0.0278,0.0312,1.0,1,36.0,6.68,5,5,0.5315
tpj a,1,IPL,Inferior Parietal Lobule,Parietal Lobe,1.0,0.1154,1.0,1,1.0,22.91,19,1,0.1153
tpj ba 40,1,IPL,Inferior Parietal Lobule,Parietal Lobe,1.0,0.1154,1.0,1,1.0,22.91,19,1,0.1153
tpja,1,IPL,Inferior Parietal Lobule,Parietal Lobe,1.0,0.1154,1.0,1,1.0,22.91,19,1,0.1153
tpo,1,IPL,Inferior Parietal Lobule,Parietal Lobe,1.0,0.1154,1.0,1,1.0,22.91,19,1,0.1153
tpole,1,STG,Superior Temporal Gyrus,Temporal Lobe,1.0,0.1154,1.0,1,1.0,22.91,19,1,0.1153
tpomid,1,MTG,Middle Temporal Gyrus,Temporal Lobe,1.0,0.1154,1.0,1,1.0,22.91,19,1,0.1153
trans temporal gyrus,1,PoG,Postcentral Gyrus,Parietal Lobe,0.6667,0.1667,2.0,2,3.0,20.55,18,2,0.1668
trans temporal gyrus,2,STG,Superior Temporal Gyrus,Temporal Lobe,0.3333,0.1,1.0,2,3.0,20.55,18,2,0.1668
transitional zone,1,Pcun,Precuneus,Parietal Lobe,1.0,0.1154,1.0,1,1.0,22.91,19,1,0.1153
transverse and superior temporal gyrus 41 42 22,1,pSTS,posterior Superior Temporal Sulcus,Temporal Lobe,1.0,0.1154,1.0,1,1.0,22.91,19,1,0.1153
transverse and superior temporal gyrus 42 22,1,STG,Superior Temporal Gyrus,Temporal Lobe,1.0,0.1154,1.0,1,1.0,22.91,19,1,0.1153
transverse occipital sulcus,1,LOcC,lateral Occipital Cortex,Occipital Lobe,1.0,0.1154,1.0,1,1.0,22.91,19,1,0.1153
transverse temporal,1,STG,Superior Temporal Gyrus,Temporal Lobe,0.6667,0.1667,2.0,3,3.0,20.55,18,2,0.1668
transverse temporal,2,PoG,Postcentral Gyrus,Parietal Lobe,0.3333,0.1,1.0,1,3.0,20.55,18,2,0.1668
transverse temporal and superior temporal gyrus,1,STG,Superior Temporal Gyrus,Temporal Lobe,1.0,0.1154,1.0,1,1.0,22.91,19,1,0.1153
transverse temporal cortex,1,STG,Superior Temporal Gyrus,Temporal Lobe,1.0,0.1154,1.0,2,1.0,22.91,19,1,0.1153
transverse temporal gyrus,1,STG,Superior Temporal Gyrus,Temporal Lobe,0.575,0.4519,23.0,41,40.0,7.92,6,6,0.4521
transverse temporal gyrus,2,PoG,Postcentral Gyrus,Parietal Lobe,0.175,0.1442,7.0,8,40.0,7.92,6,6,0.4521
transverse temporal gyrus,3,INS,Insular Gyrus,Insular Lobe,0.1,0.0865,4.0,5,40.0,7.92,6,6,0.4521
transverse temporal gyrus,4,IPL,Inferior Parietal Lobule,Parietal Lobe,0.1,0.0865,4.0,4,40.0,7.92,6,6,0.4521
transverse temporal gyrus,5,IFG,Inferior Frontal Gyrus,Frontal Lobe,0.025,0.0288,1.0,1,40.0,7.92,6,6,0.4521
transverse temporal gyrus,6,PrG,Precentral Gyrus,Frontal Lobe,0.025,0.0288,1.0,1,40.0,7.92,6,6,0.4521
transverse temporal gyrus 41,1,STG,Superior Temporal Gyrus,Temporal Lobe,1.0,0.1786,2.0,2,2.0,21.0,19,1,0.1787
transverse temporal gyrus and sulcus,1,STG,Superior Temporal Gyrus,Temporal Lobe,1.0,0.1154,1.0,1,1.0,22.91,19,1,0.1153
transverse temporal sulcus,1,STG,Superior Temporal Gyrus,Temporal Lobe,1.0,0.1786,2.0,3,2.0,21.0,19,1,0.1787
triangular part of inferior frontal gyrus,1,IFG,Inferior Frontal Gyrus,Frontal Lobe,1.0,0.1154,1.0,1,1.0,22.91,19,1,0.1153
triangular part of inferior frontal gyrus1,1,IFG,Inferior Frontal Gyrus,Frontal Lobe,1.0,0.1154,1.0,1,1.0,22.91,19,1,0.1153
trigeminal system,1,Tha,Thalamus,Subcortical Nuclei,1.0,0.1154,1.0,1,1.0,22.91,19,1,0.1153
ttg,1,STG,Superior Temporal Gyrus,Temporal Lobe,1.0,0.1154,1.0,1,1.0,22.91,19,1,0.1153
ttg 42,1,STG,Superior Temporal Gyrus,Temporal Lobe,1.0,0.1154,1.0,1,1.0,22.91,19,1,0.1153
ttgl,1,STG,Superior Temporal Gyrus,Temporal Lobe,1.0,0.1154,1.0,2,1.0,22.91,19,1,0.1153
uncinate fasciculus,1,BG,Basal Ganglia,Subcortical Nuclei,1.0,0.1154,1.0,1,1.0,22.91,19,1,0.1153
unclassified white matter,1,BG,Basal Ganglia,Subcortical Nuclei,1.0,0.1154,1.0,1,1.0,22.91,19,1,0.1153
uncus,1,PhG,Parahippocampal Gyrus,Temporal Lobe,0.4583,0.3194,11.0,13,24.0,11.83,10,7,0.3193
uncus,2,FuG,Fusiform Gyrus,Temporal Lobe,0.2083,0.1528,5.0,5,24.0,11.83,10,7,0.3193
uncus,3,Hipp,Hippocampus,Subcortical Nuclei,0.125,0.0972,3.0,3,24.0,11.83,10,7,0.3193
uncus,4,BG,Basal Ganglia,Subcortical Nuclei,0.0833,0.0694,2.0,3,24.0,11.83,10,7,0.3193
uncus,5,Amyg,Amygdala,Subcortical Nuclei,0.0417,0.0417,1.0,1,24.0,11.83,10,7,0.3193
uncus,6,OrG,Orbital Gyrus,Frontal Lobe,0.0417,0.0417,1.0,1,24.0,11.83,10,7,0.3193
uncus,7,PrG,Precentral Gyrus,Frontal Lobe,0.0417,0.0417,1.0,1,24.0,11.83,10,7,0.3193
uncus and amygdala,1,PhG,Parahippocampal Gyrus,Temporal Lobe,1.0,0.1154,1.0,1,1.0,22.91,19,1,0.1153
uncus ba 28,1,BG,Basal Ganglia,Subcortical Nuclei,1.0,0.1154,1.0,1,1.0,22.91,19,1,0.1153
uncus ba 36,1,PhG,Parahippocampal Gyrus,Temporal Lobe,1.0,0.1154,1.0,1,1.0,22.91,19,1,0.1153
undefined,1,ITG,Inferior Temporal Gyrus,Temporal Lobe,1.0,0.1154,1.0,1,1.0,22.91,19,1,0.1153
upper bank of caudal sts,1,IPL,Inferior Parietal Lobule,Parietal Lobe,1.0,0.1154,1.0,1,1.0,22.91,19,1,0.1153
v gprc,1,PoG,Postcentral Gyrus,Parietal Lobe,1.0,0.1154,1.0,1,1.0,22.91,19,1,0.1153
v1 area,1,MVOcC,MedioVentral Occipital Cortex,Occipital Lobe,1.0,0.1154,1.0,1,1.0,22.91,19,1,0.1153
v3 4,1,LOcC,lateral Occipital Cortex,Occipital Lobe,1.0,0.1154,1.0,1,1.0,22.91,19,1,0.1153
v3a,1,IPL,Inferior Parietal Lobule,Parietal Lobe,0.5,0.1071,1.0,2,2.0,22.13,19,2,0.1071
v3a,2,LOcC,lateral Occipital Cortex,Occipital Lobe,0.5,0.1071,1.0,2,2.0,22.13,19,2,0.1071
vacc,1,CG,Cingulate Gyrus,Limbic Lobe,0.6667,0.1667,2.0,5,3.0,20.55,18,2,0.1668
vacc,2,OrG,Orbital Gyrus,Frontal Lobe,0.3333,0.1,1.0,1,3.0,20.55,18,2,0.1668
vapfc,1,MFG,Middle Frontal Gyrus,Frontal Lobe,1.0,0.1154,1.0,1,1.0,22.91,19,1,0.1153
vemis vii,1,BG,Basal Ganglia,Subcortical Nuclei,1.0,0.1154,1.0,1,1.0,22.91,19,1,0.1153
vent apfc,1,MFG,Middle Frontal Gyrus,Frontal Lobe,1.0,0.2333,3.0,5,3.0,19.05,18,1,0.2335
ventral acc,1,CG,Cingulate Gyrus,Limbic Lobe,1.0,0.2333,3.0,4,3.0,19.05,18,1,0.2335
ventral anterior cingulate,1,CG,Cingulate Gyrus,Limbic Lobe,0.6667,0.1667,2.0,2,3.0,20.55,18,2,0.1668
ventral anterior cingulate,2,OrG,Orbital Gyrus,Frontal Lobe,0.3333,0.1,1.0,1,3.0,20.55,18,2,0.1668
ventral anterior cingulate cortex,1,CG,Cingulate Gyrus,Limbic Lobe,0.6667,0.1667,2.0,3,3.0,20.55,18,2,0.1668
ventral anterior cingulate cortex,2,OrG,Orbital Gyrus,Frontal Lobe,0.3333,0.1,1.0,2,3.0,20.55,18,2,0.1668
ventral anterior cingulate cortex 24,1,CG,Cingulate Gyrus,Limbic Lobe,0.6667,0.1667,2.0,3,3.0,20.55,18,2,0.1668
ventral anterior cingulate cortex 24,2,BG,Basal Ganglia,Subcortical Nuclei,0.3333,0.1,1.0,1,3.0,20.55,18,2,0.1668
ventral anterior cingulate cortex 25,1,OrG,Orbital Gyrus,Frontal Lobe,1.0,0.1154,1.0,4,1.0,22.91,19,1,0.1153
ventral anterior insula,1,INS,Insular Gyrus,Insular Lobe,1.0,0.1786,2.0,2,2.0,21.0,19,1,0.1787
ventral anterior nc,1,Tha,Thalamus,Subcortical Nuclei,1.0,0.1154,1.0,1,1.0,22.91,19,1,0.1153
ventral anterior nucleus,1,Tha,Thalamus,Subcortical Nuclei,1.0,0.1154,1.0,1,1.0,22.91,19,1,0.1153
ventral anterior thalamus,1,Tha,Thalamus,Subcortical Nuclei,1.0,0.1154,1.0,1,1.0,22.91,19,1,0.1153
ventral anterior thalamus nucleus,1,Tha,Thalamus,Subcortical Nuclei,1.0,0.1154,1.0,1,1.0,22.91,19,1,0.1153
ventral caudate nucleus,1,BG,Basal Ganglia,Subcortical Nuclei,1.0,0.1154,1.0,1,1.0,22.91,19,1,0.1153
ventral diencephalon,1,Tha,Thalamus,Subcortical Nuclei,1.0,0.1154,1.0,1,1.0,22.91,19,1,0.1153
ventral ifg,1,OrG,Orbital Gyrus,Frontal Lobe,0.6667,0.1667,2.0,5,3.0,20.55,18,2,0.1668
ventral ifg,2,IFG,Inferior Frontal Gyrus,Frontal Lobe,0.3333,0.1,1.0,1,3.0,20.55,18,2,0.1668
ventral insula,1,INS,Insular Gyrus,Insular Lobe,1.0,0.1154,1.0,1,1.0,22.91,19,1,0.1153
ventral intraparietal sulcus,1,LOcC,lateral Occipital Cortex,Occipital Lobe,1.0,0.1154,1.0,1,1.0,22.91,19,1,0.1153
ventral ips,1,MVOcC,MedioVentral Occipital Cortex,Occipital Lobe,1.0,0.1154,1.0,1,1.0,22.91,19,1,0.1153
ventral lateral,1,Tha,Thalamus,Subcortical Nuclei,1.0,0.1154,1.0,1,1.0,22.91,19,1,0.1153
ventral lateral nucleus,1,Tha,Thalamus,Subcortical Nuclei,1.0,0.2333,3.0,4,3.0,19.05,18,1,0.2335
ventral lateral occipital cortex,1,LOcC,lateral Occipital Cortex,Occipital Lobe,1.0,0.1154,1.0,1,1.0,22.91,19,1,0.1153
ventral lateral prefrontal cortex,1,IFG,Inferior Frontal Gyrus,Frontal Lobe,1.0,0.1154,1.0,1,1.0,22.91,19,1,0.1153
ventral medial frontal gyrus,1,OrG,Orbital Gyrus,Frontal Lobe,1.0,0.1154,1.0,1,1.0,22.91,19,1,0.1153
ventral medial pfc,1,CG,Cingulate Gyrus,Limbic Lobe,0.5,0.1071,1.0,1,2.0,22.13,19,2,0.1071
ventral medial pfc,2,SFG,Superior Frontal Gyrus,Frontal Lobe,0.5,0.1071,1.0,1,2.0,22.13,19,2,0.1071
ventral medial prefrontal cortex,1,OrG,Orbital Gyrus,Frontal Lobe,0.4545,0.2391,5.0,8,11.0,15.54,15,5,0.2393
ventral medial prefrontal cortex,2,CG,Cingulate Gyrus,Limbic Lobe,0.2727,0.1522,3.0,3,11.0,15.54,15,5,0.2393
ventral medial prefrontal cortex,3,SFG,Superior Frontal Gyrus,Frontal Lobe,0.0909,0.0652,1.0,3,11.0,15.54,15,5,0.2393
ventral medial prefrontal cortex,4,INS,Insular Gyrus,Insular Lobe,0.0909,0.0652,1.0,1,11.0,15.54,15,5,0.2393
ventral medial prefrontal cortex,5,MFG,Middle Frontal Gyrus,Frontal Lobe,0.0909,0.0652,1.0,1,11.0,15.54,15,5,0.2393
ventral mpfc,1,CG,Cingulate Gyrus,Limbic Lobe,0.6667,0.1667,2.0,2,3.0,20.55,18,2,0.1668
ventral mpfc,2,OrG,Orbital Gyrus,Frontal Lobe,0.3333,0.1,1.0,1,3.0,20.55,18,2,0.1668
ventral occipital cortex,1,FuG,Fusiform Gyrus,Temporal Lobe,0.5,0.1071,1.0,1,2.0,22.13,19,2,0.1071
ventral occipital cortex,2,LOcC,lateral Occipital Cortex,Occipital Lobe,0.5,0.1071,1.0,1,2.0,22.13,19,2,0.1071
ventral occipital temporal lobe,1,FuG,Fusiform Gyrus,Temporal Lobe,1.0,0.1154,1.0,2,1.0,22.91,19,1,0.1153
ventral occipito temporal cortex,1,FuG,Fusiform Gyrus,Temporal Lobe,1.0,0.1154,1.0,1,1.0,22.91,19,1,0.1153
ventral occipitotemporal cortex,1,FuG,Fusiform Gyrus,Temporal Lobe,1.0,0.1154,1.0,2,1.0,22.91,19,1,0.1153
ventral pallidum,1,BG,Basal Ganglia,Subcortical Nuclei,1.0,0.1154,1.0,1,1.0,22.91,19,1,0.1153
ventral parietal ctx,1,IPL,Inferior Parietal Lobule,Parietal Lobe,1.0,0.1154,1.0,1,1.0,22.91,19,1,0.1153
ventral pars triangularis,1,IFG,Inferior Frontal Gyrus,Frontal Lobe,1.0,0.1154,1.0,1,1.0,22.91,19,1,0.1153
ventral part,1,Pcun,Precuneus,Parietal Lobe,1.0,0.1154,1.0,1,1.0,22.91,19,1,0.1153
ventral pcc,1,CG,Cingulate Gyrus,Limbic Lobe,0.5,0.1071,1.0,1,2.0,22.13,19,2,0.1071
ventral pcc,2,MVOcC,MedioVentral Occipital Cortex,Occipital Lobe,0.5,0.1071,1.0,1,2.0,22.13,19,2,0.1071
ventral pop,1,IFG,Inferior Frontal Gyrus,Frontal Lobe,1.0,0.1154,1.0,1,1.0,22.91,19,1,0.1153
ventral posterior cingulate,1,BG,Basal Ganglia,Subcortical Nuclei,1.0,0.1154,1.0,1,1.0,22.91,19,1,0.1153
ventral posterior cingulate cortex,1,CG,Cingulate Gyrus,Limbic Lobe,0.6667,0.1667,2.0,2,3.0,20.55,18,2,0.1668
ventral posterior cingulate cortex,2,Pcun,Precuneus,Parietal Lobe,0.3333,0.1,1.0,1,3.0,20.55,18,2,0.1668
ventral posterior cingulate gyrus,1,CG,Cingulate Gyrus,Limbic Lobe,1.0,0.1154,1.0,1,1.0,22.91,19,1,0.1153
ventral posterior insula,1,INS,Insular Gyrus,Insular Lobe,1.0,0.1154,1.0,1,1.0,22.91,19,1,0.1153
ventral posterior medial nucleus,1,Tha,Thalamus,Subcortical Nuclei,1.0,0.1154,1.0,2,1.0,22.91,19,1,0.1153
ventral posterior medial thalamus,1,Tha,Thalamus,Subcortical Nuclei,1.0,0.1154,1.0,1,1.0,22.91,19,1,0.1153
ventral pre frontal,1,OrG,Orbital Gyrus,Frontal Lobe,1.0,0.1154,1.0,1,1.0,22.91,19,1,0.1153
ventral precuneus,1,Pcun,Precuneus,Parietal Lobe,1.0,0.1154,1.0,2,1.0,22.91,19,1,0.1153
ventral prefrontal cortex,1,IFG,Inferior Frontal Gyrus,Frontal Lobe,1.0,0.1154,1.0,3,1.0,22.91,19,1,0.1153
ventral prefrontal cortex 47,1,OrG,Orbital Gyrus,Frontal Lobe,1.0,0.1154,1.0,1,1.0,22.91,19,1,0.1153
ventral prefrontal cortex ba 44,1,IFG,Inferior Frontal Gyrus,Frontal Lobe,1.0,0.1154,1.0,1,1.0,22.91,19,1,0.1153
ventral prefrontal cortex ba 45,1,IFG,Inferior Frontal Gyrus,Frontal Lobe,1.0,0.1154,1.0,1,1.0,22.91,19,1,0.1153
ventral prefrontal cortex ba 47,1,MFG,Middle Frontal Gyrus,Frontal Lobe,1.0,0.1154,1.0,1,1.0,22.91,19,1,0.1153
ventral premotor,1,PrG,Precentral Gyrus,Frontal Lobe,1.0,0.1154,1.0,2,1.0,22.91,19,1,0.1153
ventral premotor cortex,1,PrG,Precentral Gyrus,Frontal Lobe,0.8182,0.413,9.0,17,11.0,11.8,15,3,0.4134
ventral premotor cortex,2,MFG,Middle Frontal Gyrus,Frontal Lobe,0.0909,0.0652,1.0,2,11.0,11.8,15,3,0.4134
ventral premotor cortex,3,IFG,Inferior Frontal Gyrus,Frontal Lobe,0.0909,0.0652,1.0,1,11.0,11.8,15,3,0.4134
ventral premotor cortex ba 6,1,PrG,Precentral Gyrus,Frontal Lobe,1.0,0.1154,1.0,2,1.0,22.91,19,1,0.1153
ventral putamen,1,BG,Basal Ganglia,Subcortical Nuclei,1.0,0.1786,2.0,2,2.0,21.0,19,1,0.1787
ventral rv3b,1,LOcC,lateral Occipital Cortex,Occipital Lobe,1.0,0.1154,1.0,1,1.0,22.91,19,1,0.1153
ventral stream,1,IPL,Inferior Parietal Lobule,Parietal Lobe,0.25,0.0938,1.0,2,4.0,21.18,18,4,0.0939
ventral stream,2,pSTS,posterior Superior Temporal Sulcus,Temporal Lobe,0.25,0.0938,1.0,2,4.0,21.18,18,4,0.0939
ventral stream,3,MTG,Middle Temporal Gyrus,Temporal Lobe,0.25,0.0938,1.0,1,4.0,21.18,18,4,0.0939
ventral stream,4,STG,Superior Temporal Gyrus,Temporal Lobe,0.25,0.0938,1.0,1,4.0,21.18,18,4,0.0939
ventral striatum,1,BG,Basal Ganglia,Subcortical Nuclei,0.7209,0.5727,31.0,66,43.0,6.11,6,7,0.5725
ventral striatum,2,OrG,Orbital Gyrus,Frontal Lobe,0.1628,0.1364,7.0,10,43.0,6.11,6,7,0.5725
ventral striatum,3,Hipp,Hippocampus,Subcortical Nuclei,0.0233,0.0273,1.0,1,43.0,6.11,6,7,0.5725
ventral striatum,4,INS,Insular Gyrus,Insular Lobe,0.0233,0.0273,1.0,1,43.0,6.11,6,7,0.5725
ventral striatum,5,MFG,Middle Frontal Gyrus,Frontal Lobe,0.0233,0.0273,1.0,1,43.0,6.11,6,7,0.5725
ventral striatum,6,SFG,Superior Frontal Gyrus,Frontal Lobe,0.0233,0.0273,1.0,1,43.0,6.11,6,7,0.5725
ventral striatum,7,Tha,Thalamus,Subcortical Nuclei,0.0233,0.0273,1.0,1,43.0,6.11,6,7,0.5725
ventral superior temporal gyrus,1,STG,Superior Temporal Gyrus,Temporal Lobe,1.0,0.1154,1.0,2,1.0,22.91,19,1,0.1153
ventral tegmental area,1,Tha,Thalamus,Subcortical Nuclei,1.0,0.2333,3.0,6,3.0,19.05,18,1,0.2335
ventral tegmental areaa,1,Tha,Thalamus,Subcortical Nuclei,1.0,0.1154,1.0,1,1.0,22.91,19,1,0.1153
ventral temporal cortex,1,FuG,Fusiform Gyrus,Temporal Lobe,1.0,0.1786,2.0,2,2.0,21.0,19,1,0.1787
ventral thalamus,1,BG,Basal Ganglia,Subcortical Nuclei,0.3333,0.1,1.0,1,3.0,21.57,18,3,0.1001
ventral thalamus,2,OrG,Orbital Gyrus,Frontal Lobe,0.3333,0.1,1.0,1,3.0,21.57,18,3,0.1001
ventral thalamus,3,Tha,Thalamus,Subcortical Nuclei,0.3333,0.1,1.0,1,3.0,21.57,18,3,0.1001
ventral visual area 4,1,LOcC,lateral Occipital Cortex,Occipital Lobe,1.0,0.1154,1.0,1,1.0,22.91,19,1,0.1153
ventro lateral pre frontal,1,PrG,Precentral Gyrus,Frontal Lobe,1.0,0.1154,1.0,1,1.0,22.91,19,1,0.1153
ventro lateral prefrontal cortex,1,INS,Insular Gyrus,Insular Lobe,0.3333,0.1,1.0,1,3.0,21.57,18,3,0.1001
ventro lateral prefrontal cortex,2,OrG,Orbital Gyrus,Frontal Lobe,0.3333,0.1,1.0,1,3.0,21.57,18,3,0.1001
ventro lateral prefrontal cortex,3,STG,Superior Temporal Gyrus,Temporal Lobe,0.3333,0.1,1.0,1,3.0,21.57,18,3,0.1001
ventro medial,1,CG,Cingulate Gyrus,Limbic Lobe,1.0,0.1154,1.0,1,1.0,22.91,19,1,0.1153
ventro medial pfc,1,CG,Cingulate Gyrus,Limbic Lobe,1.0,0.1154,1.0,1,1.0,22.91,19,1,0.1153
ventro parietal cortex,1,IPL,Inferior Parietal Lobule,Parietal Lobe,1.0,0.1154,1.0,1,1.0,22.91,19,1,0.1153
ventro parietal cortex ba 39,1,IPL,Inferior Parietal Lobule,Parietal Lobe,1.0,0.1154,1.0,1,1.0,22.91,19,1,0.1153
ventrolateral,1,Tha,Thalamus,Subcortical Nuclei,1.0,0.1154,1.0,1,1.0,22.91,19,1,0.1153
ventrolateral pfc,1,IFG,Inferior Frontal Gyrus,Frontal Lobe,0.8,0.2647,4.0,5,5.0,17.25,18,2,0.2648
ventrolateral pfc,2,OrG,Orbital Gyrus,Frontal Lobe,0.2,0.0882,1.0,1,5.0,17.25,18,2,0.2648
ventrolateral pfc ba 47,1,INS,Insular Gyrus,Insular Lobe,1.0,0.1154,1.0,1,1.0,22.91,19,1,0.1153
ventrolateral prefrontal cortex,1,IFG,Inferior Frontal Gyrus,Frontal Lobe,0.3333,0.2826,19.0,33,57.0,9.04,5,8,0.2829
ventrolateral prefrontal cortex,2,MFG,Middle Frontal Gyrus,Frontal Lobe,0.2807,0.2391,16.0,20,57.0,9.04,5,8,0.2829
ventrolateral prefrontal cortex,3,OrG,Orbital Gyrus,Frontal Lobe,0.1579,0.1377,9.0,13,57.0,9.04,5,8,0.2829
ventrolateral prefrontal cortex,4,INS,Insular Gyrus,Insular Lobe,0.1053,0.0942,6.0,7,57.0,9.04,5,8,0.2829
ventrolateral prefrontal cortex,5,FuG,Fusiform Gyrus,Temporal Lobe,0.0526,0.0507,3.0,3,57.0,9.04,5,8,0.2829
ventrolateral prefrontal cortex,6,PrG,Precentral Gyrus,Frontal Lobe,0.0351,0.0362,2.0,2,57.0,9.04,5,8,0.2829
ventrolateral prefrontal cortex,7,PhG,Parahippocampal Gyrus,Temporal Lobe,0.0175,0.0217,1.0,1,57.0,9.04,5,8,0.2829
ventrolateral prefrontal cortex,8,SFG,Superior Frontal Gyrus,Frontal Lobe,0.0175,0.0217,1.0,1,57.0,9.04,5,8,0.2829
ventrolateral prefrontal cortex ba 44,1,PrG,Precentral Gyrus,Frontal Lobe,1.0,0.1154,1.0,1,1.0,22.91,19,1,0.1153
ventrolateral prefrontal cortex ba 45,1,IFG,Inferior Frontal Gyrus,Frontal Lobe,1.0,0.1786,2.0,5,2.0,21.0,19,1,0.1787
ventrolateral prefrontal cortex ba 46,1,IFG,Inferior Frontal Gyrus,Frontal Lobe,1.0,0.1154,1.0,1,1.0,22.91,19,1,0.1153
ventrolateral prefrontal cortex ba 47,1,INS,Insular Gyrus,Insular Lobe,1.0,0.1154,1.0,1,1.0,22.91,19,1,0.1153
ventrolateral prefrontal cortex2,1,MFG,Middle Frontal Gyrus,Frontal Lobe,1.0,0.1154,1.0,1,1.0,22.91,19,1,0.1153
ventrolateral premotor cortex,1,PrG,Precentral Gyrus,Frontal Lobe,1.0,0.1786,2.0,2,2.0,21.0,19,1,0.1787
ventrolateral temporopolar cortex,1,IFG,Inferior Frontal Gyrus,Frontal Lobe,1.0,0.1154,1.0,1,1.0,22.91,19,1,0.1153
ventrolateral thalamus,1,Tha,Thalamus,Subcortical Nuclei,1.0,0.1786,2.0,4,2.0,21.0,19,1,0.1787
ventromdial pfc,1,OrG,Orbital Gyrus,Frontal Lobe,1.0,0.1154,1.0,2,1.0,22.91,19,1,0.1153
ventromedial frontal gyrus,1,OrG,Orbital Gyrus,Frontal Lobe,1.0,0.1154,1.0,1,1.0,22.91,19,1,0.1153
ventromedial pfc,1,OrG,Orbital Gyrus,Frontal Lobe,0.625,0.275,5.0,5,8.0,14.72,16,2,0.275
ventromedial pfc,2,CG,Cingulate Gyrus,Limbic Lobe,0.375,0.175,3.0,4,8.0,14.72,16,2,0.275
ventromedial pfc ba 10,1,SFG,Superior Frontal Gyrus,Frontal Lobe,1.0,0.1154,1.0,1,1.0,22.91,19,1,0.1153
ventromedial prefrontal,1,OrG,Orbital Gyrus,Frontal Lobe,1.0,0.1154,1.0,1,1.0,22.91,19,1,0.1153
ventromedial prefrontal cortex,1,OrG,Orbital Gyrus,Frontal Lobe,0.52,0.3649,13.0,19,25.0,8.87,10,3,0.365
ventromedial prefrontal cortex,2,CG,Cingulate Gyrus,Limbic Lobe,0.32,0.2297,8.0,13,25.0,8.87,10,3,0.365
ventromedial prefrontal cortex,3,SFG,Superior Frontal Gyrus,Frontal Lobe,0.16,0.1216,4.0,4,25.0,8.87,10,3,0.365
ventromedial prefrontal cortex ba 10,1,OrG,Orbital Gyrus,Frontal Lobe,1.0,0.1786,2.0,4,2.0,21.0,19,1,0.1787
ventromedial thalamus,1,Tha,Thalamus,Subcortical Nuclei,1.0,0.1154,1.0,1,1.0,22.91,19,1,0.1153
ventrotemporal cortex andcerebellum,1,FuG,Fusiform Gyrus,Temporal Lobe,1.0,0.1154,1.0,2,1.0,22.91,19,1,0.1153
vermis,1,MVOcC,MedioVentral Occipital Cortex,Occipital Lobe,0.5,0.1944,3.0,3,6.0,18.74,17,4,0.1943
vermis,2,BG,Basal Ganglia,Subcortical Nuclei,0.1667,0.0833,1.0,1,6.0,18.74,17,4,0.1943
vermis,3,CG,Cingulate Gyrus,Limbic Lobe,0.1667,0.0833,1.0,1,6.0,18.74,17,4,0.1943
vermis,4,Tha,Thalamus,Subcortical Nuclei,0.1667,0.0833,1.0,1,6.0,18.74,17,4,0.1943
vermis 4 5,1,CG,Cingulate Gyrus,Limbic Lobe,1.0,0.1154,1.0,1,1.0,22.91,19,1,0.1153
vermis 8,1,MVOcC,MedioVentral Occipital Cortex,Occipital Lobe,1.0,0.1154,1.0,1,1.0,22.91,19,1,0.1153
vermis 9,1,MVOcC,MedioVentral Occipital Cortex,Occipital Lobe,1.0,0.1154,1.0,2,1.0,22.91,19,1,0.1153
vermis vi,1,BG,Basal Ganglia,Subcortical Nuclei,0.5,0.1071,1.0,1,2.0,22.13,19,2,0.1071
vermis vi,2,MVOcC,MedioVentral Occipital Cortex,Occipital Lobe,0.5,0.1071,1.0,1,2.0,22.13,19,2,0.1071
vermis vii,1,BG,Basal Ganglia,Subcortical Nuclei,1.0,0.1154,1.0,1,1.0,22.91,19,1,0.1153
vermis viib,1,MVOcC,MedioVentral Occipital Cortex,Occipital Lobe,1.0,0.1154,1.0,1,1.0,22.91,19,1,0.1153
vermis viii,1,BG,Basal Ganglia,Subcortical Nuclei,1.0,0.1154,1.0,1,1.0,22.91,19,1,0.1153
vfc,1,PrG,Precentral Gyrus,Frontal Lobe,0.6,0.2059,3.0,6,5.0,17.97,18,2,0.2059
vfc,2,IFG,Inferior Frontal Gyrus,Frontal Lobe,0.4,0.1471,2.0,3,5.0,17.97,18,2,0.2059
vfca,1,INS,Insular Gyrus,Insular Lobe,1.0,0.1154,1.0,2,1.0,22.91,19,1,0.1153
vifg1,1,IFG,Inferior Frontal Gyrus,Frontal Lobe,1.0,0.1154,1.0,1,1.0,22.91,19,1,0.1153
vifg2,1,IFG,Inferior Frontal Gyrus,Frontal Lobe,1.0,0.1154,1.0,1,1.0,22.91,19,1,0.1153
vii,1,MVOcC,MedioVentral Occipital Cortex,Occipital Lobe,0.3333,0.1,1.0,3,3.0,21.57,18,3,0.1001
vii,2,LOcC,lateral Occipital Cortex,Occipital Lobe,0.3333,0.1,1.0,1,3.0,21.57,18,3,0.1001
vii,3,Pcun,Precuneus,Parietal Lobe,0.3333,0.1,1.0,1,3.0,21.57,18,3,0.1001
viiib,1,MVOcC,MedioVentral Occipital Cortex,Occipital Lobe,1.0,0.1154,1.0,2,1.0,22.91,19,1,0.1153
vip,1,IPL,Inferior Parietal Lobule,Parietal Lobe,1.0,0.1154,1.0,3,1.0,22.91,19,1,0.1153
vipl,1,PoG,Postcentral Gyrus,Parietal Lobe,1.0,0.1154,1.0,1,1.0,22.91,19,1,0.1153
vips,1,LOcC,lateral Occipital Cortex,Occipital Lobe,0.6667,0.1667,2.0,2,3.0,20.55,18,2,0.1668
vips,2,IPL,Inferior Parietal Lobule,Parietal Lobe,0.3333,0.1,1.0,1,3.0,20.55,18,2,0.1668
vipst,1,LOcC,lateral Occipital Cortex,Occipital Lobe,1.0,0.1154,1.0,1,1.0,22.91,19,1,0.1153
vis,1,MVOcC,MedioVentral Occipital Cortex,Occipital Lobe,1.0,0.1154,1.0,2,1.0,22.91,19,1,0.1153
visual,1,LOcC,lateral Occipital Cortex,Occipital Lobe,0.5,0.1071,1.0,2,2.0,22.13,19,2,0.1071
visual,2,MVOcC,MedioVentral Occipital Cortex,Occipital Lobe,0.5,0.1071,1.0,1,2.0,22.13,19,2,0.1071
visual area,1,MVOcC,MedioVentral Occipital Cortex,Occipital Lobe,1.0,0.1154,1.0,1,1.0,22.91,19,1,0.1153
visual area v5,1,LOcC,lateral Occipital Cortex,Occipital Lobe,1.0,0.1154,1.0,1,1.0,22.91,19,1,0.1153
visual areasdamh,1,LOcC,lateral Occipital Cortex,Occipital Lobe,1.0,0.1154,1.0,2,1.0,22.91,19,1,0.1153
visual areasundamh,1,FuG,Fusiform Gyrus,Temporal Lobe,0.5,0.1071,1.0,1,2.0,22.13,19,2,0.1071
visual areasundamh,2,LOcC,lateral Occipital Cortex,Occipital Lobe,0.5,0.1071,1.0,1,2.0,22.13,19,2,0.1071
visual cortex,1,MVOcC,MedioVentral Occipital Cortex,Occipital Lobe,0.6111,0.4688,22.0,36,36.0,6.5,5,4,0.469
visual cortex,2,LOcC,lateral Occipital Cortex,Occipital Lobe,0.3333,0.2604,12.0,20,36.0,6.5,5,4,0.469
visual cortex,3,BG,Basal Ganglia,Subcortical Nuclei,0.0278,0.0312,1.0,2,36.0,6.5,5,4,0.469
visual cortex,4,IPL,Inferior Parietal Lobule,Parietal Lobe,0.0278,0.0312,1.0,1,36.0,6.5,5,4,0.469
visual cortex ba 18,1,MVOcC,MedioVentral Occipital Cortex,Occipital Lobe,1.0,0.1154,1.0,2,1.0,22.91,19,1,0.1153
visual region,1,Pcun,Precuneus,Parietal Lobe,1.0,0.1154,1.0,1,1.0,22.91,19,1,0.1153
vl thalamus,1,Hipp,Hippocampus,Subcortical Nuclei,1.0,0.1154,1.0,1,1.0,22.91,19,1,0.1153
vlpc,1,OrG,Orbital Gyrus,Frontal Lobe,1.0,0.1154,1.0,3,1.0,22.91,19,1,0.1153
vlpfc ba 44,1,IFG,Inferior Frontal Gyrus,Frontal Lobe,1.0,0.1786,2.0,2,2.0,21.0,19,1,0.1787
vlpfc sphere,1,IFG,Inferior Frontal Gyrus,Frontal Lobe,1.0,0.1154,1.0,2,1.0,22.91,19,1,0.1153
vlpfc to dlpfc,1,PrG,Precentral Gyrus,Frontal Lobe,1.0,0.1154,1.0,1,1.0,22.91,19,1,0.1153
vlprcs,1,PrG,Precentral Gyrus,Frontal Lobe,1.0,0.1154,1.0,1,1.0,22.91,19,1,0.1153
vltn,1,Tha,Thalamus,Subcortical Nuclei,1.0,0.1154,1.0,1,1.0,22.91,19,1,0.1153
vmpfc,1,OrG,Orbital Gyrus,Frontal Lobe,0.4478,0.3861,30.0,45,67.0,6.7,4,8,0.3863
vmpfc,2,CG,Cingulate Gyrus,Limbic Lobe,0.3284,0.2848,22.0,32,67.0,6.7,4,8,0.3863
vmpfc,3,SFG,Superior Frontal Gyrus,Frontal Lobe,0.1343,0.1203,9.0,14,67.0,6.7,4,8,0.3863
vmpfc,4,MFG,Middle Frontal Gyrus,Frontal Lobe,0.0299,0.0316,2.0,2,67.0,6.7,4,8,0.3863
vmpfc,5,Tha,Thalamus,Subcortical Nuclei,0.0149,0.019,1.0,2,67.0,6.7,4,8,0.3863
vmpfc,6,BG,Basal Ganglia,Subcortical Nuclei,0.0149,0.019,1.0,1,67.0,6.7,4,8,0.3863
vmpfc,7,INS,Insular Gyrus,Insular Lobe,0.0149,0.019,1.0,1,67.0,6.7,4,8,0.3863
vmpfc,8,IPL,Inferior Parietal Lobule,Parietal Lobe,0.0149,0.019,1.0,1,67.0,6.7,4,8,0.3863
vmpfc 11,1,CG,Cingulate Gyrus,Limbic Lobe,1.0,0.1154,1.0,1,1.0,22.91,19,1,0.1153
vmpfc 11 10,1,OrG,Orbital Gyrus,Frontal Lobe,1.0,0.1154,1.0,1,1.0,22.91,19,1,0.1153
vmpfc ba 10,1,CG,Cingulate Gyrus,Limbic Lobe,0.5,0.1071,1.0,1,2.0,22.13,19,2,0.1071
vmpfc ba 10,2,OrG,Orbital Gyrus,Frontal Lobe,0.5,0.1071,1.0,1,2.0,22.13,19,2,0.1071
vmpfc ba 11 12 25,1,BG,Basal Ganglia,Subcortical Nuclei,1.0,0.1154,1.0,1,1.0,22.91,19,1,0.1153
vmpfc1,1,CG,Cingulate Gyrus,Limbic Lobe,1.0,0.1154,1.0,1,1.0,22.91,19,1,0.1153
vpcc,1,CG,Cingulate Gyrus,Limbic Lobe,1.0,0.1154,1.0,1,1.0,22.91,19,1,0.1153
vpcc ba 24,1,Tha,Thalamus,Subcortical Nuclei,1.0,0.1154,1.0,2,1.0,22.91,19,1,0.1153
vpfc,1,OrG,Orbital Gyrus,Frontal Lobe,0.5,0.1071,1.0,2,2.0,22.13,19,2,0.1071
vpfc,2,IFG,Inferior Frontal Gyrus,Frontal Lobe,0.5,0.1071,1.0,1,2.0,22.13,19,2,0.1071
vpl,1,Tha,Thalamus,Subcortical Nuclei,1.0,0.1154,1.0,1,1.0,22.91,19,1,0.1153
vpm,1,PrG,Precentral Gyrus,Frontal Lobe,0.6667,0.1667,2.0,2,3.0,20.55,18,2,0.1668
vpm,2,Tha,Thalamus,Subcortical Nuclei,0.3333,0.1,1.0,2,3.0,20.55,18,2,0.1668
vpm thalamus,1,Tha,Thalamus,Subcortical Nuclei,1.0,0.1154,1.0,1,1.0,22.91,19,1,0.1153
vpmc,1,PrG,Precentral Gyrus,Frontal Lobe,0.5,0.1562,2.0,3,4.0,20.24,18,3,0.1564
vpmc,2,PoG,Postcentral Gyrus,Parietal Lobe,0.25,0.0938,1.0,1,4.0,20.24,18,3,0.1564
vpmc,3,STG,Superior Temporal Gyrus,Temporal Lobe,0.25,0.0938,1.0,1,4.0,20.24,18,3,0.1564
vpmc ba 44 45,1,IFG,Inferior Frontal Gyrus,Frontal Lobe,0.5,0.1071,1.0,1,2.0,22.13,19,2,0.1071
vpmc ba 44 45,2,PrG,Precentral Gyrus,Frontal Lobe,0.5,0.1071,1.0,1,2.0,22.13,19,2,0.1071
vwfa,1,FuG,Fusiform Gyrus,Temporal Lobe,1.0,0.1154,1.0,2,1.0,22.91,19,1,0.1153
white matter,1,CG,Cingulate Gyrus,Limbic Lobe,0.25,0.0938,1.0,1,4.0,21.18,18,4,0.0939
white matter,2,MFG,Middle Frontal Gyrus,Frontal Lobe,0.25,0.0938,1.0,1,4.0,21.18,18,4,0.0939
white matter,3,Pcun,Precuneus,Parietal Lobe,0.25,0.0938,1.0,1,4.0,21.18,18,4,0.0939
white matter,4,STG,Superior Temporal Gyrus,Temporal Lobe,0.25,0.0938,1.0,1,4.0,21.18,18,4,0.0939
white matter adjacent to posterior thalamus,1,Tha,Thalamus,Subcortical Nuclei,1.0,0.1154,1.0,1,1.0,22.91,19,1,0.1153
white matter to inferior frontal gyrus,1,IFG,Inferior Frontal Gyrus,Frontal Lobe,1.0,0.1154,1.0,1,1.0,22.91,19,1,0.1153
white matter2,1,MFG,Middle Frontal Gyrus,Frontal Lobe,1.0,0.1154,1.0,1,1.0,22.91,19,1,0.1153
women versus men,1,MFG,Middle Frontal Gyrus,Frontal Lobe,1.0,0.1154,1.0,2,1.0,22.91,19,1,0.1153
