lit_name,lit_surface_top,lit_hemi_seen,k_papers,eff_n,n80,n_candidates,p_covered_top5,l2_top_abbr,l2_top_name,l2_top_lobe,l2_top_p_raw,r1_area_abbr,r1_L3,r1_label_L,r1_label_R,r1_p,hemi_U_p_coord_L,hemi_U_k_papers,hemi_U_k_coords,hemi_U_agreement
middle frontal gyrus,Middle frontal gyrus,BLRU,1156,18.44,12,51,0.5541,MFG,Middle Frontal Gyrus,Frontal Lobe,0.5641,A9/46v,MFG_L(R)_7_4,21,22,0.1395,0.482,346,832,
inferior frontal gyrus,Inferior frontal gyrus,BLRU,1105,18.04,12,47,0.4773,IFG,Inferior Frontal Gyrus,Frontal Lobe,0.4462,A6cvl,PrG_L(R)_6_6,63,64,0.1155,0.5534,342,768,
middle temporal gyrus,Middle temporal gyrus,LRU,910,15.94,11,43,0.5289,MTG,Middle Temporal Gyrus,Temporal Lobe,0.3939,aSTS,MTG_L(R)_4_4,87,88,0.1714,0.5962,288,624,
insular lobe,Insula,LRU,855,14.04,10,39,0.6151,INS,Insular Gyrus,Insular Lobe,0.5366,dIa,INS_L(R)_6_3,167,168,0.1737,0.5133,300,600,
precuneus,Precuneus,BLRU,849,14.74,10,39,0.608,Pcun,Precuneus,Parietal Lobe,0.5237,A31,PCun_L(R)_4_4,153,154,0.1783,0.546,342,652,
thalamus,Thalamus,BLRU,792,8.94,7,22,0.7139,Tha,Thalamus,Subcortical Nuclei,0.9116,lPFtha,Tha_L(R)_8_8,245,246,0.2506,0.5213,318,564,
superior frontal gyrus,Superior frontal gyrus,BLRU,753,19.1,13,50,0.5292,SFG,Superior Frontal Gyrus,Frontal Lobe,0.5591,A8dl,SFG_L(R)_7_2,3,4,0.1438,0.531,276,516,
superior temporal gyrus,Superior temporal gyrus,BLRU,746,17.65,12,45,0.4946,STG,Superior Temporal Gyrus,Temporal Lobe,0.4434,TE1.0 and TE1.2,STG_L(R)_6_3,73,74,0.156,0.5144,249,554,
precentral gyrus,Precentral gyrus,BLRU,739,16.03,12,51,0.6129,PrG,Precentral Gyrus,Frontal Lobe,0.5826,A6cvl,PrG_L(R)_6_6,63,64,0.1651,0.5677,282,569,
inferior parietal lobule,Inferior parietal lobule,LRU,540,10.0,7,26,0.7011,IPL,Inferior Parietal Lobule,Parietal Lobe,0.6667,A40rd,IPL_L(R)_6_3,139,140,0.2129,0.5848,203,448,
putamen,Putamen,LRU,490,7.16,5,24,0.8548,BG,Basal Ganglia,Subcortical Nuclei,0.885,dlPu,BG_L(R)_6_6,229,230,0.274,0.5329,192,334,
postcentral gyrus,Postcentral gyrus,LRU,455,16.62,13,45,0.5268,PoG,Postcentral Gyrus,Parietal Lobe,0.4228,A2,PoG_L(R)_4_3,159,160,0.1723,0.5881,175,352,
fusiform gyrus,Fusiform gyrus,LRU,443,11.17,9,36,0.6923,FuG,Fusiform Gyrus,Temporal Lobe,0.5871,A37lv,FuG_L(R)_3_3,107,108,0.2889,0.5014,171,349,
middle occipital gyrus,Middle occipital gyrus,LRU,428,9.87,7,27,0.7248,LOcC,lateral Occipital Cortex,Occipital Lobe,0.6414,mOccG,LOcC_L(R)_4_1,199,200,0.2329,0.6141,156,311,
lingual gyrus,Lingual gyrus,BLRU,406,9.83,8,25,0.7094,MVOcC,MedioVentral Occipital Cortex,Occipital Lobe,0.6756,rLinG,MVOcC_L(R)_5_4,195,196,0.1867,0.5216,158,278,
supplementary motor area,SMA,BLRU,390,8.97,7,33,0.7622,SFG,Superior Frontal Gyrus,Frontal Lobe,0.7039,A8m,SFG_L(R)_7_1,1,2,0.3037,0.5231,189,325,
cuneus,Cuneus,BLRU,377,8.47,6,19,0.7736,MVOcC,MedioVentral Occipital Cortex,Occipital Lobe,0.5449,rCunG,MVOcC_L(R)_5_2,191,192,0.2338,0.5035,164,284,
superior parietal lobule,Superior parietal lobule,LRU,371,13.85,12,41,0.5852,SPL,Superior Parietal Lobule,Parietal Lobe,0.5767,A7ip,SPL_L(R)_5_5,133,134,0.199,0.5802,139,243,
inferior temporal gyrus,Inferior temporal gyrus,BLRU,369,16.2,13,34,0.5185,ITG,Inferior Temporal Gyrus,Temporal Lobe,0.4835,A37vl,ITG_L(R)_7_5,97,98,0.1441,0.5491,137,224,
medial frontal gyrus,Medial frontal gyrus,BLRU,356,14.83,11,42,0.6593,SFG,Superior Frontal Gyrus,Frontal Lobe,0.6164,A10m,SFG_L(R)_7_7,13,14,0.2069,0.5374,139,281,
hippocampus,Hippocampus,LRU,330,8.53,9,29,0.7073,Hipp,Hippocampus,Subcortical Nuclei,0.6246,rHipp,Hipp_L(R)_2_1,215,216,0.2996,0.5671,142,231,
supramarginal gyrus,Supramarginal gyrus,LRU,324,8.34,6,31,0.7798,IPL,Inferior Parietal Lobule,Parietal Lobe,0.7993,A40rv,IPL_L(R)_6_6,145,146,0.2507,0.5294,140,255,
angular gyrus,Angular gyrus,LRU,306,7.41,7,23,0.7665,IPL,Inferior Parietal Lobule,Parietal Lobe,0.7668,A39rv,IPL_L(R)_6_5,143,144,0.3401,0.4911,136,224,
caudate,Caudate,BLRU,301,4.57,3,19,0.8581,BG,Basal Ganglia,Subcortical Nuclei,0.88,dCa,BG_L(R)_6_5,227,228,0.5249,0.473,139,241,
anterior cingulate cortex,ACC,BLRU,286,9.34,8,23,0.6861,CG,Cingulate Gyrus,Limbic Lobe,0.6111,A32p,CG_L(R)_7_3,179,180,0.2287,0.498,156,247,
amygdala,Amygdala,LRU,284,8.93,8,27,0.7055,Amyg,Amygdala,Subcortical Nuclei,0.4829,mAmyg,Amyg_L(R)_2_1,211,212,0.2434,0.5545,127,202,
parahippocampal gyrus,Parahippocampal gyrus,LRU,276,17.43,18,37,0.5,Hipp,Hippocampus,Subcortical Nuclei,0.3176,rHipp,Hipp_L(R)_2_1,215,216,0.1603,0.517,125,176,
dorsolateral prefrontal cortex,DLPFC,LRU,245,14.7,13,31,0.548,MFG,Middle Frontal Gyrus,Frontal Lobe,0.5722,A8vl,MFG_L(R)_7_5,23,24,0.1465,0.4568,87,162,
cingulate gyrus,Cingulate gyrus,BLRU,232,13.6,11,26,0.5355,CG,Cingulate Gyrus,Limbic Lobe,0.5596,A24cd,CG_L(R)_7_5,183,184,0.144,0.5119,98,168,
inferior occipital gyrus,Inferior occipital gyrus,LRU,222,6.51,5,14,0.8161,LOcC,lateral Occipital Cortex,Occipital Lobe,0.7371,iOccG,LOcC_L(R)_4_4,205,206,0.3285,0.5562,91,169,
cerebellum,Cerebellum,BLRU,199,17.37,19,32,0.3996,MVOcC,MedioVentral Occipital Cortex,Occipital Lobe,0.3102,A37mv,FuG_L(R)_3_2,105,106,0.1067,0.5357,90,140,
posterior cingulate cortex,PCC,BLRU,194,9.5,8,24,0.715,CG,Cingulate Gyrus,Limbic Lobe,0.5363,A23d,CG_L(R)_7_1,175,176,0.2644,0.6846,114,149,
anterior cingulate,Anterior cingulate,BLRU,175,9.14,9,19,0.6742,CG,Cingulate Gyrus,Limbic Lobe,0.6774,A32sg,CG_L(R)_7_7,187,188,0.2399,0.5547,88,137,
temporal pole,Temporal pole,LRU,174,12.57,16,28,0.5614,STG,Superior Temporal Gyrus,Temporal Lobe,0.4423,A38l,STG_L(R)_6_5,77,78,0.2,0.5455,70,110,
anterior insula,Anterior insula,BLRU,168,8.58,10,20,0.6927,INS,Insular Gyrus,Insular Lobe,0.474,dIa,INS_L(R)_6_3,167,168,0.2393,0.5379,72,132,
intraparietal sulcus,Intraparietal sulcus,BLRU,138,10.41,10,19,0.6075,IPL,Inferior Parietal Lobule,Parietal Lobe,0.431,A39rd,IPL_L(R)_6_2,137,138,0.215,0.5577,54,104,
medial prefrontal cortex,mPFC,BLRU,127,7.75,8,18,0.7209,SFG,Superior Frontal Gyrus,Frontal Lobe,0.5446,A10m,SFG_L(R)_7_7,13,14,0.2957,0.4692,72,130,
posterior cingulate,Posterior cingulate,BLRU,123,8.32,11,18,0.6699,CG,Cingulate Gyrus,Limbic Lobe,0.4522,A23d,CG_L(R)_7_1,175,176,0.1815,0.51,73,100,
frontal pole,Frontal pole,LRU,120,9.65,12,19,0.6047,MFG,Middle Frontal Gyrus,Frontal Lobe,0.5253,A46,MFG_L(R)_7_3,19,20,0.1926,0.41,53,100,
precentral,Precentral,LRU,103,11.26,13,20,0.5273,PrG,Precentral Gyrus,Frontal Lobe,0.5955,A6cvl,PrG_L(R)_6_6,63,64,0.1367,0.5,30,58,
caudate nucleus,Caudate nucleus,BLRU,101,4.44,4,11,0.8526,BG,Basal Ganglia,Subcortical Nuclei,0.8706,dCa,BG_L(R)_6_5,227,228,0.4509,0.4872,43,78,
lateral occipital cortex,Lateral occipital cortex,LRU,98,11.87,13,19,0.5336,LOcC,lateral Occipital Cortex,Occipital Lobe,0.481,mOccG,LOcC_L(R)_4_1,199,200,0.1471,0.5789,39,76,
superior occipital gyrus,Superior occipital gyrus,LRU,98,8.17,8,13,0.7097,LOcC,lateral Occipital Cortex,Occipital Lobe,0.631,lsOccG,LOcC_L(R)_2_2,209,210,0.2366,0.4559,46,68,
fusiform,Fusiform,LRU,98,8.09,14,19,0.6465,FuG,Fusiform Gyrus,Temporal Lobe,0.6429,A37lv,FuG_L(R)_3_3,107,108,0.261,0.5,26,48,
paracentral lobule,Paracentral lobule,LRU,95,8.81,8,16,0.6771,PCL,Paracentral Lobule,Frontal Lobe,0.4565,A4ll,PCL_L(R)_2_2,67,68,0.2466,0.5806,45,62,
anterior cingulate gyrus,Anterior cingulate gyrus,BLRU,91,7.9,8,14,0.6897,CG,Cingulate Gyrus,Limbic Lobe,0.6625,A32p,CG_L(R)_7_3,179,180,0.2176,0.4516,38,62,
superior temporal sulcus,Superior temporal sulcus,LRU,91,10.0,9,16,0.6215,pSTS,posterior Superior Temporal Sulcus,Temporal Lobe,0.3077,aSTS,MTG_L(R)_4_4,87,88,0.1542,0.4697,40,66,
rolandic operculum,Rolandic operculum,LRU,89,7.48,9,13,0.6933,PrG,Precentral Gyrus,Frontal Lobe,0.3253,A4tl,PrG_L(R)_6_5,61,62,0.2311,0.4203,34,69,
globus pallidus,Pallidum,LRU,85,5.95,5,9,0.8642,BG,Basal Ganglia,Subcortical Nuclei,0.8667,GP,BG_L(R)_6_2,221,222,0.3424,0.5645,45,62,
middle cingulate cortex,Middle cingulate cortex,LRU,77,10.66,14,19,0.5692,CG,Cingulate Gyrus,Limbic Lobe,0.5484,A23c,CG_L(R)_7_6,185,186,0.2,0.5179,32,56,
orbital frontal cortex,OFC,LRU,75,10.43,18,19,0.4537,OrG,Orbital Gyrus,Frontal Lobe,0.5593,A11l,OrG_L(R)_6_3,45,46,0.1805,0.4242,35,66,
vmpfc,vmPFC,BLRU,74,7.79,17,18,0.612,OrG,Orbital Gyrus,Frontal Lobe,0.4478,A14m,OrG_L(R)_6_1,41,42,0.2139,0.5789,40,76,
inferior parietal cortex,Inferior parietal cortex,LRU,72,8.65,13,16,0.6183,IPL,Inferior Parietal Lobule,Parietal Lobe,0.75,A40c,IPL_L(R)_6_4,141,142,0.2097,0.6667,27,51,
inferior parietal,Inferior parietal,LRU,71,8.28,7,12,0.6934,IPL,Inferior Parietal Lobule,Parietal Lobe,0.6604,A40rd,IPL_L(R)_6_3,139,140,0.2393,0.7255,20,51,
frontal,Frontal,LRU,70,23.51,33,37,0.2511,MFG,Middle Frontal Gyrus,Frontal Lobe,0.2745,A6cvl,PrG_L(R)_6_6,63,64,0.0837,0.5125,21,80,
posterior cingulate gyrus,Posterior cingulate gyrus,LRU,69,6.36,9,12,0.703,CG,Cingulate Gyrus,Limbic Lobe,0.6,A23d,CG_L(R)_7_1,175,176,0.28,0.6364,42,66,
postcentral,Postcentral,LRU,67,9.46,20,19,0.4642,PoG,Postcentral Gyrus,Parietal Lobe,0.4643,A1/2/3ulhf,PoG_L(R)_4_1,155,156,0.1276,0.5676,21,37,
parietal,Parietal,LRU,66,18.89,27,30,0.258,IPL,Inferior Parietal Lobule,Parietal Lobe,0.2941,A40c,IPL_L(R)_6_4,141,142,0.0579,0.6286,18,70,
ventrolateral prefrontal cortex,vlPFC,LRU,66,13.27,18,21,0.3967,IFG,Inferior Frontal Gyrus,Frontal Lobe,0.3333,A44op,IFG_L(R)_6_5,37,38,0.095,0.6,27,55,
posterior insula,Posterior insula,LRU,66,6.9,13,13,0.6167,INS,Insular Gyrus,Insular Lobe,0.5397,G,INS_L(R)_6_1,163,164,0.1833,0.451,34,51,
superior parietal,Superior parietal,LRU,64,12.83,16,21,0.5088,SPL,Superior Parietal Lobule,Parietal Lobe,0.4906,A7ip,SPL_L(R)_5_5,133,134,0.1257,0.6429,15,28,
occipital,Occipital,LRU,63,12.55,18,20,0.4012,LOcC,lateral Occipital Cortex,Occipital Lobe,0.4082,iOccG,LOcC_L(R)_4_4,205,206,0.0988,0.5606,22,66,
premotor cortex,Premotor cortex,LRU,62,10.97,14,18,0.5404,PrG,Precentral Gyrus,Frontal Lobe,0.4902,A6cvl,PrG_L(R)_6_6,63,64,0.1553,0.5588,20,34,
superior parietal lobe,Superior parietal lobe,LRU,62,8.84,12,15,0.5938,SPL,Superior Parietal Lobule,Parietal Lobe,0.6667,A7c,SPL_L(R)_5_2,127,128,0.1812,0.5116,32,43,
calcarine,Calcarine,LRU,61,6.09,13,12,0.6294,MVOcC,MedioVentral Occipital Cortex,Occipital Lobe,0.7059,vmPOS,MVOcC_L(R)_5_5,197,198,0.2294,0.6842,24,38,
inferior parietal lobe,Inferior parietal lobe,LRU,61,7.7,8,12,0.6512,IPL,Inferior Parietal Lobule,Parietal Lobe,0.72,A40rd,IPL_L(R)_6_3,139,140,0.2039,0.5882,31,51,
orbitofrontal cortex,Orbitofrontal cortex,LRU,61,8.84,12,15,0.5564,OrG,Orbital Gyrus,Frontal Lobe,0.7321,A11l,OrG_L(R)_6_3,45,46,0.2188,0.5333,38,45,
pre sma,Pre-SMA,BLRU,60,5.62,12,14,0.6646,SFG,Superior Frontal Gyrus,Frontal Lobe,0.7959,A8m,SFG_L(R)_7_1,1,2,0.4241,0.5217,31,46,
superior frontal,Superior frontal,LRU,60,9.61,12,15,0.5649,SFG,Superior Frontal Gyrus,Frontal Lobe,0.6531,A9l,SFG_L(R)_7_3,5,6,0.1623,0.5217,28,46,
occipital cortex,Occipital cortex,BLRU,60,11.87,15,18,0.4466,LOcC,lateral Occipital Cortex,Occipital Lobe,0.48,OPC,LOcC_L(R)_4_3,203,204,0.1321,0.5676,18,37,
insular cortex,Insular cortex,LRU,57,8.81,17,16,0.4818,INS,Insular Gyrus,Insular Lobe,0.617,dIa,INS_L(R)_6_3,167,168,0.1646,0.3947,21,38,
calcarine gyrus,Calcarine gyrus,LRU,56,6.76,8,10,0.688,MVOcC,MedioVentral Occipital Cortex,Occipital Lobe,0.58,cCunG,MVOcC_L(R)_5_3,193,194,0.2057,0.4545,22,33,
temporal,Temporal,LRU,54,14.01,29,28,0.2364,STG,Superior Temporal Gyrus,Temporal Lobe,0.234,A41/42,STG_L(R)_6_2,71,72,0.0604,0.5205,18,73,
inferior frontal,Inferior frontal,LRU,53,10.57,14,16,0.4685,IFG,Inferior Frontal Gyrus,Frontal Lobe,0.5778,IFS,IFG_L(R)_6_2,31,32,0.1469,0.4348,19,46,
dmpfc,dmPFC,BLRU,53,6.19,7,10,0.7293,SFG,Superior Frontal Gyrus,Frontal Lobe,0.8605,A10m,SFG_L(R)_7_7,13,14,0.2331,0.42,31,50,
ventral striatum,Ventral striatum,BLRU,52,5.65,13,12,0.6505,BG,Basal Ganglia,Subcortical Nuclei,0.7209,NAC,BG_L(R)_6_3,223,224,0.2397,0.4468,28,47,
lingual,Lingual,LRU,51,7.14,8,10,0.696,MVOcC,MedioVentral Occipital Cortex,Occipital Lobe,0.6579,rCunG,MVOcC_L(R)_5_2,191,192,0.216,0.7097,14,31,
occipital pole,Occipital pole,LRU,50,4.53,4,6,0.91,LOcC,lateral Occipital Cortex,Occipital Lobe,0.6222,OPC,LOcC_L(R)_4_3,203,204,0.3514,0.5882,24,34,
occipital lobe,Occipital lobe,LRU,48,10.4,12,15,0.4961,LOcC,lateral Occipital Cortex,Occipital Lobe,0.45,rCunG,MVOcC_L(R)_5_2,191,192,0.1339,0.6,24,40,
midcingulate cortex,MCC,LU,47,8.49,15,15,0.5148,CG,Cingulate Gyrus,Limbic Lobe,0.625,A23c,CG_L(R)_7_6,185,186,0.1716,0.4286,32,56,
middle frontal,Middle frontal,LRU,46,11.05,14,17,0.5243,MFG,Middle Frontal Gyrus,Frontal Lobe,0.641,A8vl,MFG_L(R)_7_5,23,24,0.1371,0.3902,21,41,
transverse temporal gyrus,Transverse temporal gyrus,LRU,46,5.17,9,9,0.6905,STG,Superior Temporal Gyrus,Temporal Lobe,0.575,TE1.0 and TE1.2,STG_L(R)_6_3,73,74,0.2937,0.5714,23,35,
inferior parietal gyrus,Inferior parietal gyrus,LRU,45,8.63,10,13,0.6068,IPL,Inferior Parietal Lobule,Parietal Lobe,0.5641,A40rd,IPL_L(R)_6_3,139,140,0.1453,0.7059,20,34,
inferior temporal,Inferior temporal,LRU,45,12.29,12,15,0.4911,ITG,Inferior Temporal Gyrus,Temporal Lobe,0.5,A20cl,ITG_L(R)_7_6,99,100,0.1161,0.4062,21,32,
visual cortex,Visual cortex,LRU,45,8.57,9,12,0.6281,MVOcC,MedioVentral Occipital Cortex,Occipital Lobe,0.6111,cLinG,MVOcC_L(R)_5_1,189,190,0.1681,0.3256,22,43,
middle cingulate gyrus,Middle cingulate gyrus,LRU,45,7.88,11,14,0.6187,CG,Cingulate Gyrus,Limbic Lobe,0.7,A23c,CG_L(R)_7_6,185,186,0.2458,0.4545,22,33,
lentiform nucleus,Lentiform nucleus,LRU,44,7.74,7,11,0.7404,BG,Basal Ganglia,Subcortical Nuclei,0.7143,vmPu,BG_L(R)_6_4,225,226,0.2212,0.65,16,20,
post central gyrus,Post-central gyrus,LRU,44,9.2,20,19,0.3509,PoG,Postcentral Gyrus,Parietal Lobe,0.375,A1/2/3ulhf,PoG_L(R)_4_1,155,156,0.0993,0.5238,15,21,
angular,Angular,LRU,43,5.68,10,10,0.6923,IPL,Inferior Parietal Lobule,Parietal Lobe,0.8108,A39rv,IPL_L(R)_6_5,143,144,0.265,0.3889,15,18,
superior medial gyrus,Superior medial gyrus,LRU,42,3.66,3,4,0.967,SFG,Superior Frontal Gyrus,Frontal Lobe,1.0,A9m,SFG_L(R)_7_6,11,12,0.3626,0.6087,14,23,
supramarginal,Supramarginal,LRU,42,5.66,12,11,0.647,IPL,Inferior Parietal Lobule,Parietal Lobe,0.8,A40rd,IPL_L(R)_6_3,139,140,0.2605,0.4348,14,23,
tpj,TPJ,BLRU,42,4.99,7,9,0.7383,IPL,Inferior Parietal Lobule,Parietal Lobe,0.6944,A39rv,IPL_L(R)_6_5,143,144,0.4206,0.6923,19,39,
middle temporal,Middle temporal,LRU,41,8.82,12,13,0.5396,MTG,Middle Temporal Gyrus,Temporal Lobe,0.3333,A39rv,IPL_L(R)_6_5,143,144,0.115,0.3448,16,29,
claustrum,Claustrum,LRU,41,7.75,10,11,0.5964,INS,Insular Gyrus,Insular Lobe,0.6923,dIa,INS_L(R)_6_3,167,168,0.1743,0.7083,21,24,
mog,MOG,LRU,40,9.12,9,13,0.65,LOcC,lateral Occipital Cortex,Occipital Lobe,0.5455,mOccG,LOcC_L(R)_4_1,199,200,0.17,0.5588,16,34,
posterior parietal cortex,Posterior parietal cortex,LRU,39,11.73,15,17,0.4454,IPL,Inferior Parietal Lobule,Parietal Lobe,0.3846,A40rd,IPL_L(R)_6_3,139,140,0.1,0.4737,8,19,
superior parietal cortex,Superior parietal cortex,LRU,39,10.89,12,15,0.5392,SPL,Superior Parietal Lobule,Parietal Lobe,0.5152,A7c,SPL_L(R)_5_2,127,128,0.1471,0.6667,13,18,
insula lobe,Insula lobe,LRU,38,6.78,13,12,0.5258,INS,Insular Gyrus,Insular Lobe,0.5758,dIa,INS_L(R)_6_3,167,168,0.1983,0.5926,10,27,
superior temporal,Superior temporal,LRU,37,8.87,14,14,0.468,STG,Superior Temporal Gyrus,Temporal Lobe,0.4848,TE1.0 and TE1.2,STG_L(R)_6_3,73,74,0.1193,0.2963,17,27,
calcarine sulcus,Calcarine sulcus,LRU,37,5.29,8,8,0.7373,MVOcC,MedioVentral Occipital Cortex,Occipital Lobe,0.7097,vmPOS,MVOcC_L(R)_5_5,197,198,0.2323,0.6087,18,23,
paracingulate gyrus,Paracingulate gyrus,LRU,37,5.15,7,7,0.71,SFG,Superior Frontal Gyrus,Frontal Lobe,0.5312,A9m,SFG_L(R)_7_6,11,12,0.23,0.4,22,35,
temporal lobe,Temporal lobe,LRU,37,11.87,25,24,0.2428,MTG,Middle Temporal Gyrus,Temporal Lobe,0.2069,A37lv,FuG_L(R)_3_3,107,108,0.0662,0.4865,14,37,
insula ba 13,Insula (BA 13),LRU,36,6.87,14,13,0.5351,INS,Insular Gyrus,Insular Lobe,0.5455,dId,INS_L(R)_6_6,173,174,0.1491,0.7273,8,11,
parahippocampal,Parahippocampal,LRU,35,7.6,17,16,0.376,Hipp,Hippocampus,Subcortical Nuclei,0.4062,cHipp,Hipp_L(R)_2_2,217,218,0.136,0.4545,14,22,
temporal mid,Temporal_Mid_L,LRU,35,9.12,15,14,0.3831,MTG,Middle Temporal Gyrus,Temporal Lobe,0.2333,A39rv,IPL_L(R)_6_5,143,144,0.0841,0.6667,5,6,
striatum,Striatum,BLRU,34,6.52,10,10,0.6355,BG,Basal Ganglia,Subcortical Nuclei,0.8571,vCa,BG_L(R)_6_1,219,220,0.1771,0.5405,21,37,
inferior parietal lobule ba 40,Inferior parietal lobule (BA 40),LRU,34,6.78,8,10,0.7079,IPL,Inferior Parietal Lobule,Parietal Lobe,0.72,A40rd,IPL_L(R)_6_3,139,140,0.2135,0.3684,11,19,
middle,Middle,LRU,33,13.14,30,29,0.1679,MFG,Middle Frontal Gyrus,Frontal Lobe,0.1364,V5/MT+,LOcC_L(R)_4_2,201,202,0.0365,0.5333,5,45,
nucleus accumbens,Nucleus accumbens,LRU,33,3.7,5,6,0.8118,BG,Basal Ganglia,Subcortical Nuclei,0.8571,NAC,BG_L(R)_6_3,223,224,0.4118,0.5556,13,18,
superior temporal pole,Superior temporal pole,LRU,33,6.28,11,10,0.573,STG,Superior Temporal Gyrus,Temporal Lobe,0.6429,A38l,STG_L(R)_6_5,77,78,0.2396,0.4375,10,16,
medial superior frontal gyrus,Medial superior frontal gyrus,LRU,33,5.13,10,9,0.63,SFG,Superior Frontal Gyrus,Frontal Lobe,0.8462,A10m,SFG_L(R)_7_7,13,14,0.23,0.5926,16,27,
precuneus ba 7,Precuneus (BA 7),LRU,32,6.34,11,10,0.5353,Pcun,Precuneus,Parietal Lobe,0.5357,A31,PCun_L(R)_4_4,153,154,0.1313,0.4118,9,17,
superior parietal gyrus,Superior parietal gyrus,LRU,32,7.82,14,13,0.4949,SPL,Superior Parietal Lobule,Parietal Lobe,0.4516,A7ip,SPL_L(R)_5_5,133,134,0.1313,0.4211,15,19,
temporoparietal junction,Temporoparietal junction,LRU,32,6.51,8,10,0.6786,IPL,Inferior Parietal Lobule,Parietal Lobe,0.75,A39rv,IPL_L(R)_6_5,143,144,0.2976,0.6087,11,23,
parietal operculum,Parietal operculum,LRU,31,5.18,11,10,0.6194,IPL,Inferior Parietal Lobule,Parietal Lobe,0.4516,A40rv,IPL_L(R)_6_6,145,146,0.3152,0.56,15,25,
primary motor cortex,Primary motor cortex,LRU,30,6.21,11,10,0.5668,PrG,Precentral Gyrus,Frontal Lobe,0.5185,A4ul,PrG_L(R)_6_3,57,58,0.1889,0.5455,10,22,
frontal lobe,Frontal lobe,LRU,29,11.13,25,24,0.21,MFG,Middle Frontal Gyrus,Frontal Lobe,0.2727,A9/46d,MFG_L(R)_7_1,15,16,0.0756,0.4839,8,31,
superior,Superior,LU,28,11.89,25,24,0.2033,STG,Superior Temporal Gyrus,Temporal Lobe,0.15,rpSTS,pSTS_L(R)_2_1,121,122,0.0442,0.5455,4,33,
posterior sts,Posterior STS,LRU,28,6.89,10,10,0.5875,pSTS,posterior Superior Temporal Sulcus,Temporal Lobe,0.44,rpSTS,pSTS_L(R)_2_1,121,122,0.2125,0.6667,10,21,
parahippocampus,Parahippocampus,LRU,28,7.32,15,14,0.448,Hipp,Hippocampus,Subcortical Nuclei,0.4615,cHipp,Hipp_L(R)_2_2,217,218,0.1771,0.2222,7,9,
ventromedial prefrontal cortex,Ventromedial prefrontal cortex,LRU,27,4.68,7,7,0.7433,OrG,Orbital Gyrus,Frontal Lobe,0.52,A14m,OrG_L(R)_6_1,41,42,0.2838,0.6667,20,33,
precentral gyrus ba 6,Precentral gyrus (BA 6),LRU,27,6.73,9,10,0.6713,PrG,Precentral Gyrus,Frontal Lobe,0.8333,A4hf,PrG_L(R)_6_1,53,54,0.2055,0.8462,11,13,
pulvinar,Pulvinar,LRU,26,5.86,6,8,0.7426,Tha,Thalamus,Subcortical Nuclei,0.9474,PPtha,Tha_L(R)_8_5,239,240,0.3182,0.4286,13,21,
parietal cortex,Parietal cortex,LRU,26,8.92,18,17,0.3162,IPL,Inferior Parietal Lobule,Parietal Lobe,0.3462,A40c,IPL_L(R)_6_4,141,142,0.0918,0.5,10,12,
auditory cortex,Right auditory cortex,LRU,26,5.84,10,9,0.6202,STG,Superior Temporal Gyrus,Temporal Lobe,0.55,TE1.0 and TE1.2,STG_L(R)_6_3,73,74,0.1646,0.3684,3,19,
superior medial frontal gyrus,Superior medial frontal gyrus,LRU,26,4.82,7,7,0.7361,SFG,Superior Frontal Gyrus,Frontal Lobe,0.875,A10m,SFG_L(R)_7_7,13,14,0.2917,0.7222,9,18,
middle frontal g,Middle Frontal G,LRU,26,8.53,14,13,0.3927,MFG,Middle Frontal Gyrus,Frontal Lobe,0.4444,IFS,IFG_L(R)_6_2,31,32,0.0833,0.75,6,28,
cingulate,Cingulate,BLRU,26,8.26,14,13,0.5001,CG,Cingulate Gyrus,Limbic Lobe,0.6957,A23c,CG_L(R)_7_6,185,186,0.1341,0.6818,14,22,
mid temporal gyrus,Mid. temporal gyrus,LRU,25,8.92,16,15,0.3564,MTG,Middle Temporal Gyrus,Temporal Lobe,0.3182,cpSTS,pSTS_L(R)_2_2,123,124,0.1034,0.8125,8,16,
inferior temporal cortex,Inferior temporal cortex,LRU,25,9.7,14,14,0.4545,ITG,Inferior Temporal Gyrus,Temporal Lobe,0.5455,A20il,ITG_L(R)_7_4,95,96,0.1169,0.4286,6,7,
middle temporal gyrus ba 21,Middle temporal gyrus (BA 21),LRU,25,5.81,8,9,0.6811,MTG,Middle Temporal Gyrus,Temporal Lobe,0.6667,aSTS,MTG_L(R)_4_4,87,88,0.3043,0.5769,10,26,
dacc,dACC,BLRU,25,7.86,9,10,0.5286,CG,Cingulate Gyrus,Limbic Lobe,0.5238,A32p,CG_L(R)_7_3,179,180,0.1286,0.5263,12,19,
frontal operculum,Frontal operculum,LRU,24,5.94,11,10,0.519,IFG,Inferior Frontal Gyrus,Frontal Lobe,0.5417,A44op,IFG_L(R)_6_5,37,38,0.2152,0.3684,16,19,
frontal eye field,Frontal eye fields,LRU,24,6.64,9,10,0.6323,SFG,Superior Frontal Gyrus,Frontal Lobe,0.4091,A6dl,SFG_L(R)_7_4,7,8,0.25,0.5556,12,18,
frontal orbital cortex,Frontal orbital cortex,LRU,24,5.37,9,8,0.6165,IFG,Inferior Frontal Gyrus,Frontal Lobe,0.3913,A44op,IFG_L(R)_6_5,37,38,0.2055,0.5294,12,17,
uncus,Uncus,LRU,24,6.03,11,10,0.5443,PhG,Parahippocampal Gyrus,Temporal Lobe,0.4583,A35/36r,PhG_L(R)_6_1,109,110,0.1646,0.625,12,16,
superior frontal gyrus ba 6,Superior frontal gyrus (BA 6),LRU,24,8.37,14,13,0.4545,SFG,Superior Frontal Gyrus,Frontal Lobe,0.5238,A6dl,SFG_L(R)_7_4,7,8,0.1429,0.75,5,8,
middle frontal gyrus ba 6,LH middle frontal gyrus (BA 6),LRU,24,6.48,14,13,0.3511,MFG,Middle Frontal Gyrus,Frontal Lobe,0.4348,A6vl,MFG_L(R)_7_6,25,26,0.1383,0.8,3,5,
dorsomedial prefrontal cortex,Dorsomedial prefrontal cortex,LRU,23,5.37,7,7,0.682,SFG,Superior Frontal Gyrus,Frontal Lobe,0.85,A10m,SFG_L(R)_7_7,13,14,0.1667,0.381,14,21,
culmen,Culmen,LRU,23,7.27,15,14,0.3446,MVOcC,MedioVentral Occipital Cortex,Occipital Lobe,0.2727,A37mv,FuG_L(R)_3_2,105,106,0.0778,0.5,10,12,
middle frontal gyrus ba 9,Middle frontal gyrus (BA 9),LRU,23,5.19,9,8,0.6339,MFG,Middle Frontal Gyrus,Frontal Lobe,0.65,A8vl,MFG_L(R)_7_5,23,24,0.1831,0.5385,7,13,
basal ganglia,Basal ganglia,LRU,23,7.35,12,11,0.4795,BG,Basal Ganglia,Subcortical Nuclei,0.625,GP,BG_L(R)_6_2,221,222,0.1507,0.6667,8,12,
temporal inf,Temporal_Inf_R,LRU,23,8.09,12,12,0.486,ITG,Inferior Temporal Gyrus,Temporal Lobe,0.4286,A37lv,FuG_L(R)_3_3,107,108,0.1528,0.2,2,5,
middle temporal gyrus 21,Middle temporal gyrus (21),LRU,23,5.74,8,8,0.7031,MTG,Middle Temporal Gyrus,Temporal Lobe,0.4211,aSTS,MTG_L(R)_4_4,87,88,0.2344,0.625,8,8,
dorsal anterior cingulate cortex,Dorsal anterior cingulate cortex,LRU,22,7.33,10,10,0.5468,CG,Cingulate Gyrus,Limbic Lobe,0.6316,A32p,CG_L(R)_7_3,179,180,0.2031,0.4211,15,19,
inferior frontal gyrus ba 45,Inferior frontal gyrus (BA 45),LRU,22,5.7,10,9,0.6119,IFG,Inferior Frontal Gyrus,Frontal Lobe,0.7895,IFS,IFG_L(R)_6_2,31,32,0.194,0.5,6,8,
occipital fusiform gyrus,Occipital fusiform gyrus,LRU,22,4.43,5,6,0.8103,FuG,Fusiform Gyrus,Temporal Lobe,0.4091,A37mv,FuG_L(R)_3_2,105,106,0.3276,0.4,11,15,
inferior frontal g,Inferior frontal g.,LRU,22,8.81,15,14,0.4134,MFG,Middle Frontal Gyrus,Frontal Lobe,0.4,A9/46v,MFG_L(R)_7_4,21,22,0.12,0.8667,5,15,
caudate head,Caudate head,BLRU,22,3.62,5,5,0.8448,BG,Basal Ganglia,Subcortical Nuclei,0.9444,vCa,BG_L(R)_6_1,219,220,0.3276,0.3077,9,13,
medial frontal,Medial frontal,LRU,21,7.75,14,13,0.4134,SFG,Superior Frontal Gyrus,Frontal Lobe,0.4737,A10m,SFG_L(R)_7_7,13,14,0.12,0.6111,11,18,
somatosensory cortex,Primary somatosensory cortex,LRU,21,5.85,12,11,0.4375,PoG,Postcentral Gyrus,Parietal Lobe,0.4,A1/2/3ulhf,PoG_L(R)_4_1,155,156,0.1375,0.6429,7,14,
parietal lobe,Parietal Lobe,LRU,21,10.13,13,14,0.4396,IPL,Inferior Parietal Lobule,Parietal Lobe,0.4737,A40rv,IPL_L(R)_6_6,145,146,0.1061,0.4118,12,17,
motor cortex,Motor cortex,LRU,21,8.29,12,12,0.4626,PrG,Precentral Gyrus,Frontal Lobe,0.4706,A4ul,PrG_L(R)_6_3,57,58,0.1343,0.8571,6,7,
rectus,Rectus,LRU,20,4.31,8,7,0.6214,OrG,Orbital Gyrus,Frontal Lobe,0.8,A13,OrG_L(R)_6_5,49,50,0.2576,0.6,7,10,
parietal inf,Parietal_Inf_L,LRU,20,5.47,8,8,0.65,IPL,Inferior Parietal Lobule,Parietal Lobe,0.6471,A40rd,IPL_L(R)_6_3,139,140,0.2167,0.8571,6,7,
superior frontal sulcus,Superior frontal sulcus,LRU,20,5.92,8,8,0.6842,MFG,Middle Frontal Gyrus,Frontal Lobe,0.55,A9/46d,MFG_L(R)_7_1,15,16,0.2281,0.5,12,14,
midbrain,Midbrain,LRU,20,6.51,8,9,0.6608,Tha,Thalamus,Subcortical Nuclei,0.8421,lPFtha,Tha_L(R)_8_8,245,246,0.2679,0.625,15,16,
declive,Declive,LRU,20,4.8,8,7,0.6722,FuG,Fusiform Gyrus,Temporal Lobe,0.5263,A37mv,FuG_L(R)_3_2,105,106,0.2459,0.75,11,16,
prefrontal cortex,Prefrontal cortex,LRU,20,8.22,16,15,0.3206,MFG,Middle Frontal Gyrus,Frontal Lobe,0.5294,A9/46d,MFG_L(R)_7_1,15,16,0.1154,0.3333,8,18,
middle cingulum,Middle cingulum,LRU,20,5.64,11,10,0.4859,CG,Cingulate Gyrus,Limbic Lobe,0.5882,A23c,CG_L(R)_7_6,185,186,0.2083,0.6154,7,13,
caudate body,Caudate body,LRU,20,2.12,3,4,0.9167,BG,Basal Ganglia,Subcortical Nuclei,0.9474,dCa,BG_L(R)_6_5,227,228,0.7292,0.6,8,10,
precuneus 7,Precuneus (7),LRU,20,8.08,13,12,0.4699,Pcun,Precuneus,Parietal Lobe,0.4375,dmPOS,PCun_L(R)_4_3,151,152,0.1061,0.4545,6,11,
frontal sup,Frontal_Sup_R,LRU,20,5.95,8,8,0.6167,SFG,Superior Frontal Gyrus,Frontal Lobe,0.5,A9l,SFG_L(R)_7_3,5,6,0.15,1.0,2,2,
supp motor area,Supp_Motor_Area,LRU,20,5.23,10,9,0.5523,SFG,Superior Frontal Gyrus,Frontal Lobe,0.6471,A6m,SFG_L(R)_7_5,9,10,0.2537,0.5455,6,11,
pmd,PMd,LRU,20,5.05,9,8,0.6093,PrG,Precentral Gyrus,Frontal Lobe,0.4444,A6cdl,PrG_L(R)_6_2,55,56,0.2031,0.6,9,15,
precentral g,L precentral G,LRU,20,5.43,9,8,0.6094,PrG,Precentral Gyrus,Frontal Lobe,0.6,A4hf,PrG_L(R)_6_1,53,54,0.1719,0.75,3,8,
frontal mid,Frontal_Mid_R,LRU,19,5.81,9,8,0.638,MFG,Middle Frontal Gyrus,Frontal Lobe,0.7857,A9/46d,MFG_L(R)_7_1,15,16,0.1552,0.5,2,2,
frontal inf tri,Frontal_Inf_Tri_L,LRU,19,5.72,6,7,0.7255,IFG,Inferior Frontal Gyrus,Frontal Lobe,0.625,IFS,IFG_L(R)_6_2,31,32,0.2549,1.0,3,3,
inf parietal lobule,Inf. Parietal Lobule,LRU,19,5.15,5,6,0.8368,IPL,Inferior Parietal Lobule,Parietal Lobe,0.7692,A40rd,IPL_L(R)_6_3,139,140,0.2245,0.6923,6,13,
middle frontal cortex,Middle frontal cortex,LRU,19,5.02,10,9,0.5,MFG,Middle Frontal Gyrus,Frontal Lobe,0.6429,A9/46d,MFG_L(R)_7_1,15,16,0.2143,0.25,5,8,
inferior frontal gyrus ba 47,Inferior frontal gyrus (BA 47),LRU,19,6.5,11,10,0.4769,OrG,Orbital Gyrus,Frontal Lobe,0.4,A12/47l,OrG_L(R)_6_6,51,52,0.1385,0.5,3,4,
superior frontal cortex,Superior frontal cortex,LRU,19,6.01,12,11,0.4189,SFG,Superior Frontal Gyrus,Frontal Lobe,0.4118,A9l,SFG_L(R)_7_3,5,6,0.1216,0.5714,7,14,
mid cingulate cortex,Mid-cingulate cortex,LRU,18,5.25,10,9,0.4852,CG,Cingulate Gyrus,Limbic Lobe,0.5333,A23c,CG_L(R)_7_6,185,186,0.1324,0.3077,10,13,
ins,INS,LRU,18,5.96,12,11,0.4027,INS,Insular Gyrus,Insular Lobe,0.4444,A44op,IFG_L(R)_6_5,37,38,0.125,0.3636,5,11,
inferior frontal sulcus,Inferior frontal sulcus,LRU,18,5.56,6,7,0.7552,MFG,Middle Frontal Gyrus,Frontal Lobe,0.5294,A44d,IFG_L(R)_6_1,29,30,0.2245,0.4615,10,13,
inferior frontal gyrus ba 44,Inferior frontal gyrus (BA 44),LRU,18,3.85,8,7,0.5523,PrG,Precentral Gyrus,Frontal Lobe,0.4444,A6cvl,PrG_L(R)_6_6,63,64,0.2239,0.6,7,10,
pre central gyrus,Pre-central gyrus,LRU,18,5.88,12,11,0.392,PrG,Precentral Gyrus,Frontal Lobe,0.6,A6cvl,PrG_L(R)_6_6,63,64,0.0946,0.75,4,8,
inferior parietal lobule 40,Inferior parietal lobule (40),LRU,18,7.15,12,11,0.4677,IPL,Inferior Parietal Lobule,Parietal Lobe,0.4286,A40rd,IPL_L(R)_6_3,139,140,0.1129,0.4286,5,14,
occipital gyrus,Occipital gyrus,LRU,18,6.89,8,9,0.66,LOcC,lateral Occipital Cortex,Occipital Lobe,0.7857,iOccG,LOcC_L(R)_4_4,205,206,0.26,0.375,12,16,
planum temporale,Planum temporale,LRU,18,4.97,8,7,0.6607,STG,Superior Temporal Gyrus,Temporal Lobe,0.5625,A41/42,STG_L(R)_6_2,71,72,0.2321,0.6154,7,13,
dorsal acc,Dorsal ACC,BLRU,18,5.67,9,8,0.625,CG,Cingulate Gyrus,Limbic Lobe,0.5625,A32p,CG_L(R)_7_3,179,180,0.1607,0.7,7,10,
dorsal anterior cingulate,Dorsal anterior cingulate,LRU,18,5.56,6,7,0.74,CG,Cingulate Gyrus,Limbic Lobe,0.6471,A24cd,CG_L(R)_7_5,183,184,0.22,0.5,13,16,
ba 6,BA 6,U,17,7.44,13,12,0.3969,SFG,Superior Frontal Gyrus,Frontal Lobe,0.2727,A6dl,SFG_L(R)_7_4,7,8,0.1111,0.5806,5,31,
fef,FEF,LRU,17,4.11,7,6,0.6852,PrG,Precentral Gyrus,Frontal Lobe,0.4,A6cdl,PrG_L(R)_6_2,55,56,0.2407,0.4545,5,11,
retrosplenial cortex,Retrosplenial cortex,BLRU,17,4.05,8,7,0.5385,CG,Cingulate Gyrus,Limbic Lobe,0.4375,A23v,CG_L(R)_7_4,181,182,0.2308,0.4706,11,17,
mid insula,Mid-insula,LRU,17,4.31,7,6,0.6607,INS,Insular Gyrus,Insular Lobe,0.6667,dId,INS_L(R)_6_6,173,174,0.1964,0.55,9,20,
superior parietal lobule 7,Superior parietal lobule (7),LRU,17,5.25,7,7,0.6864,SPL,Superior Parietal Lobule,Parietal Lobe,0.6,A39rd,IPL_L(R)_6_2,137,138,0.1765,0.6667,4,6,
inferior,Inferior,LRU,17,6.29,16,15,0.2185,pSTS,posterior Superior Temporal Sulcus,Temporal Lobe,0.1429,A40rd,IPL_L(R)_6_3,139,140,0.0575,0.4688,5,32,
frontopolar cortex,Frontopolar cortex,LRU,17,3.98,7,6,0.6853,MFG,Middle Frontal Gyrus,Frontal Lobe,0.7333,A10l,MFG_L(R)_7_7,27,28,0.2778,0.6429,10,14,
precentral cortex,Precentral cortex,LRU,16,5.44,13,12,0.2912,PrG,Precentral Gyrus,Frontal Lobe,0.4667,A1/2/3ulhf,PoG_L(R)_4_1,155,156,0.0633,0.875,6,8,
dorsal premotor cortex,Dorsal premotor cortex,LRU,16,7.14,12,11,0.4465,PrG,Precentral Gyrus,Frontal Lobe,0.5,A6cdl,PrG_L(R)_6_2,55,56,0.1607,0.6667,7,15,
mid frontal gyrus,Mid. frontal gyrus,LRU,16,6.65,9,9,0.5686,MFG,Middle Frontal Gyrus,Frontal Lobe,0.7,A9/46d,MFG_L(R)_7_1,15,16,0.1373,0.7333,5,15,
anterior sts,Anterior STS,BLRU,16,6.92,11,10,0.5,MTG,Middle Temporal Gyrus,Temporal Lobe,0.3571,aSTS,MTG_L(R)_4_4,87,88,0.1296,0.4167,6,12,
sub lobar,Sub-lobar,LRU,16,8.7,16,15,0.2578,BG,Basal Ganglia,Subcortical Nuclei,0.3333,lPFtha,Tha_L(R)_8_8,245,246,0.0758,0.5,3,16,
medial frontal gyrus ba 6,Medial frontal gyrus (BA 6),LRU,16,3.8,8,7,0.4782,SFG,Superior Frontal Gyrus,Frontal Lobe,0.5333,A6m,SFG_L(R)_7_5,9,10,0.1594,0.5556,5,9,
sup frontal gyrus,Sup. frontal gyrus,LRU,16,7.59,13,12,0.3832,MFG,Middle Frontal Gyrus,Frontal Lobe,0.4,A6vl,MFG_L(R)_7_6,25,26,0.0833,0.5833,5,12,
precg,PreCG,LRU,16,6.6,13,12,0.3432,PrG,Precentral Gyrus,Frontal Lobe,0.4,TE1.0 and TE1.2,STG_L(R)_6_3,73,74,0.0746,0.5789,10,19,
pre supplementary motor area,Pre-supplementary motor area,LRU,16,2.43,3,3,0.8537,SFG,Superior Frontal Gyrus,Frontal Lobe,0.9333,A8m,SFG_L(R)_7_1,1,2,0.5122,0.3846,12,13,
ba 7,BA 7,LRU,16,7.95,11,11,0.4716,SPL,Superior Parietal Lobule,Parietal Lobe,0.4,A7c,SPL_L(R)_5_2,127,128,0.1321,0.5625,6,16,
middle frontal gyrus ba 46,Middle frontal gyrus (BA 46),LRU,16,5.63,7,7,0.7333,MFG,Middle Frontal Gyrus,Frontal Lobe,0.6667,A9/46v,MFG_L(R)_7_4,21,22,0.2444,0.5455,6,11,
middle frontal gyrus ba 8,Middle frontal gyrus (BA 8),LRU,16,4.68,8,7,0.5893,MFG,Middle Frontal Gyrus,Frontal Lobe,0.6875,IFJ,MFG_L(R)_7_2,17,18,0.1607,0.2857,6,7,
temporo parietal junction,Temporo-parietal junction,LRU,16,5.01,8,7,0.6348,IPL,Inferior Parietal Lobule,Parietal Lobe,0.5385,A39rv,IPL_L(R)_6_5,143,144,0.1731,0.625,6,8,
frontal gyrus,Frontal gyrus,LRU,16,7.37,15,14,0.2715,IFG,Inferior Frontal Gyrus,Frontal Lobe,0.2,A44v,IFG_L(R)_6_6,39,40,0.0714,0.7059,5,17,
superior frontal gyrus ba 9,Superior frontal gyrus (BA 9),LRU,16,4.66,9,8,0.5344,SFG,Superior Frontal Gyrus,Frontal Lobe,0.7333,A9l,SFG_L(R)_7_3,5,6,0.2586,0.375,6,8,
inferior frontal cortex,Inferior frontal cortex,LRU,16,7.79,14,13,0.3334,IFG,Inferior Frontal Gyrus,Frontal Lobe,0.5,A45c,IFG_L(R)_6_3,33,34,0.0794,0.6,6,10,
racc,rACC,LRU,16,4.47,8,7,0.569,CG,Cingulate Gyrus,Limbic Lobe,0.5,A32sg,CG_L(R)_7_7,187,188,0.1897,0.65,6,20,
middle occipital,Middle occipital,LRU,15,4.97,9,8,0.58,LOcC,lateral Occipital Cortex,Occipital Lobe,0.7143,mOccG,LOcC_L(R)_4_1,199,200,0.3,0.3636,7,11,
anterior insular cortex,Anterior insular cortex,LRU,15,3.93,7,6,0.6112,INS,Insular Gyrus,Insular Lobe,0.4545,dIa,INS_L(R)_6_3,167,168,0.2037,0.55,4,20,
intracalcarine cortex,Intracalcarine cortex,LRU,15,3.7,6,5,0.7778,MVOcC,MedioVentral Occipital Cortex,Occipital Lobe,0.8462,rCunG,MVOcC_L(R)_5_2,191,192,0.2889,0.6667,8,9,
dorsolateral pfc,Dorsolateral PFC,LRU,15,5.61,10,9,0.4822,MFG,Middle Frontal Gyrus,Frontal Lobe,0.6667,A8vl,MFG_L(R)_7_5,23,24,0.1607,0.5385,8,13,
superior temporal gyrus ba 22,Superior temporal gyrus (BA 22),LRU,15,4.05,7,6,0.6875,STG,Superior Temporal Gyrus,Temporal Lobe,0.5,TE1.0 and TE1.2,STG_L(R)_6_3,73,74,0.3125,0.6,4,5,
occipital mid,Occipital_Mid_L,LRU,15,4.9,6,6,0.7857,LOcC,lateral Occipital Cortex,Occipital Lobe,0.5385,A39c,IPL_L(R)_6_1,135,136,0.2143,0.6,3,5,
posterior middle temporal gyrus,Posterior middle temporal gyrus,LRU,15,5.64,9,8,0.6042,pSTS,posterior Superior Temporal Sulcus,Temporal Lobe,0.3571,A37dl,MTG_L(R)_4_3,85,86,0.1875,0.8,4,5,
superior frontal g,superior frontal G,LRU,15,5.38,12,11,0.3334,SFG,Superior Frontal Gyrus,Frontal Lobe,0.4545,A8m,SFG_L(R)_7_1,1,2,0.1304,0.7273,6,11,
superior frontal gyrus ba 8,Superior frontal gyrus (BA 8),LRU,15,3.69,6,5,0.7954,SFG,Superior Frontal Gyrus,Frontal Lobe,0.8333,A8dl,SFG_L(R)_7_2,3,4,0.3409,0.3333,4,9,
calcarine cortex,Calcarine cortex,LRU,15,4.27,7,6,0.6875,MVOcC,MedioVentral Occipital Cortex,Occipital Lobe,0.8182,vmPOS,MVOcC_L(R)_5_5,197,198,0.2292,1.0,4,5,
inferior occipital,Inferior occipital,LRU,15,3.6,6,5,0.7609,LOcC,lateral Occipital Cortex,Occipital Lobe,0.6667,iOccG,LOcC_L(R)_4_4,205,206,0.3261,0.6471,4,17,
middle occipital gyrus ba 19,Right middle occipital gyrus (BA19),LRU,15,3.21,4,4,0.8094,LOcC,lateral Occipital Cortex,Occipital Lobe,0.8571,mOccG,LOcC_L(R)_4_1,199,200,0.3095,0.5,6,8,
rectal gyrus,Rectal gyrus,LRU,15,2.82,5,4,0.7908,OrG,Orbital Gyrus,Frontal Lobe,0.9286,A13,OrG_L(R)_6_5,49,50,0.4884,0.5,4,6,
pars opercularis,Right pars opercularis,LRU,15,4.4,8,7,0.5636,IFG,Inferior Frontal Gyrus,Frontal Lobe,0.5833,A44v,IFG_L(R)_6_6,39,40,0.2,0.8571,4,7,
ba 10,BA 10,LRU,15,5.57,10,9,0.4736,MFG,Middle Frontal Gyrus,Frontal Lobe,0.3333,A10m,SFG_L(R)_7_7,13,14,0.1228,0.2941,5,17,
sii,SII,LRU,15,5.85,10,9,0.5193,IPL,Inferior Parietal Lobule,Parietal Lobe,0.4615,A40rv,IPL_L(R)_6_6,145,146,0.2115,0.3333,6,15,
lingual gyrus ba 18,Lingual gyrus (BA 18),LRU,15,5.48,9,8,0.5918,MVOcC,MedioVentral Occipital Cortex,Occipital Lobe,0.6364,rLinG,MVOcC_L(R)_5_4,195,196,0.2245,0.5556,6,9,
psts,pSTS,LRU,15,3.76,6,5,0.7291,pSTS,posterior Superior Temporal Sulcus,Temporal Lobe,0.6,rpSTS,pSTS_L(R)_2_1,121,122,0.2708,0.6667,7,12,
sub gyral,Sub-Gyral,LRU,15,5.02,13,12,0.2659,SFG,Superior Frontal Gyrus,Frontal Lobe,0.3333,A6dl,SFG_L(R)_7_4,7,8,0.1139,0.5714,8,14,
limbic,Limbic,U,15,5.65,12,11,0.3381,CG,Cingulate Gyrus,Limbic Lobe,0.3333,A32p,CG_L(R)_7_3,179,180,0.0735,0.625,4,16,
medial orbitofrontal cortex,Medial orbitofrontal cortex,LRU,14,3.36,6,5,0.6875,OrG,Orbital Gyrus,Frontal Lobe,0.8462,A14m,OrG_L(R)_6_1,41,42,0.2708,0.7,8,10,
middle cingulate,Middle cingulate,LRU,14,4.28,8,7,0.5577,CG,Cingulate Gyrus,Limbic Lobe,0.7273,A23c,CG_L(R)_7_6,185,186,0.2115,0.6667,6,12,
precuneus cortex,Precuneus Cortex,LRU,14,6.66,7,8,0.6923,Pcun,Precuneus,Parietal Lobe,0.75,A7m,PCun_L(R)_4_1,147,148,0.2308,0.3333,9,15,
superior temporal g,Superior temporal g.,LRU,14,5.06,8,7,0.6305,STG,Superior Temporal Gyrus,Temporal Lobe,0.5556,TE1.0 and TE1.2,STG_L(R)_6_3,73,74,0.1957,0.7,3,10,
pmc,PMC,LRU,14,4.82,12,11,0.2801,PrG,Precentral Gyrus,Frontal Lobe,0.3077,A6vl,MFG_L(R)_7_6,25,26,0.0667,0.5714,7,14,
inferior frontal gyrus pars triangularis,Inferior frontal gyrus pars triangularis,LRU,14,4.78,8,7,0.6169,IFG,Inferior Frontal Gyrus,Frontal Lobe,0.7,A45r,IFG_L(R)_6_4,35,36,0.234,0.3333,4,6,
ba 9,BA9,LRU,14,5.92,13,12,0.2836,MFG,Middle Frontal Gyrus,Frontal Lobe,0.3077,IFJ,MFG_L(R)_7_2,17,18,0.0746,0.6364,7,22,
frontal inf orb,Frontal_Inf_Orb_L,LR,14,4.97,9,8,0.5094,OrG,Orbital Gyrus,Frontal Lobe,0.6667,A12/47l,OrG_L(R)_6_6,51,52,0.1698,0.0,7,8,1.0
sup frontal,Sup frontal,LRU,14,5.34,9,8,0.5626,SFG,Superior Frontal Gyrus,Frontal Lobe,0.7,A8dl,SFG_L(R)_7_2,3,4,0.2292,0.6,3,5,
sup temporal gyrus,Sup. temporal gyrus,LRU,14,5.86,10,9,0.4809,STG,Superior Temporal Gyrus,Temporal Lobe,0.3,A22c,STG_L(R)_6_4,75,76,0.1346,0.6,2,10,
posterior superior temporal sulcus,Posterior superior temporal sulcus,BLRU,14,4.06,6,5,0.7857,pSTS,posterior Superior Temporal Sulcus,Temporal Lobe,0.5385,rpSTS,pSTS_L(R)_2_1,121,122,0.2143,0.2632,7,19,
superior frontal gyrus 6,Left superior frontal gyrus (6),LRU,14,4.93,9,8,0.4909,SFG,Superior Frontal Gyrus,Frontal Lobe,0.4,A8m,SFG_L(R)_7_1,1,2,0.1273,0.8333,4,6,
brainstem,Brainstem,LRU,14,5.72,9,8,0.5626,Tha,Thalamus,Subcortical Nuclei,0.8333,mPFtha,Tha_L(R)_8_1,231,232,0.1458,0.4167,11,12,
mid occipital gyrus,L mid. occipital gyrus,LRU,14,4.54,6,6,0.775,LOcC,lateral Occipital Cortex,Occipital Lobe,0.875,mOccG,LOcC_L(R)_4_1,199,200,0.325,0.6154,3,13,
cingulum mid,Cingulum_Mid_L,LRU,14,5.06,9,8,0.5193,CG,Cingulate Gyrus,Limbic Lobe,0.6154,A23d,CG_L(R)_7_1,175,176,0.1731,0.5,3,6,
sensorimotor cortex,Sensorimotor cortex,LRU,13,6.71,10,9,0.5226,PoG,Postcentral Gyrus,Parietal Lobe,0.4,A1/2/3ulhf,PoG_L(R)_4_1,155,156,0.1136,0.5455,4,11,
inferior frontal gyrus 47,Inferior frontal gyrus (47),LRU,13,4.1,7,6,0.58,OrG,Orbital Gyrus,Frontal Lobe,0.5,A44op,IFG_L(R)_6_5,37,38,0.14,0.6,5,5,
pars triangularis,Pars triangularis,RU,13,4.84,8,7,0.6001,IFG,Inferior Frontal Gyrus,Frontal Lobe,0.5833,A45r,IFG_L(R)_6_4,35,36,0.2,1.0,6,19,
pcu,PCu,BLRU,13,4.76,9,8,0.4808,Pcun,Precuneus,Parietal Lobe,0.5833,A31,PCun_L(R)_4_4,153,154,0.1731,0.4286,5,7,
mid frontal,L mid frontal,LRU,13,5.66,5,6,0.8787,MFG,Middle Frontal Gyrus,Frontal Lobe,1.0,A8vl,MFG_L(R)_7_5,23,24,0.2121,1.0,1,1,
precentral gyrus 6,Left precentral gyrus (6),LRU,13,5.21,10,9,0.4181,PrG,Precentral Gyrus,Frontal Lobe,0.4444,A4hf,PrG_L(R)_6_1,53,54,0.1273,1.0,3,4,
ventral premotor cortex,Ventral premotor cortex,LRU,13,3.94,7,6,0.6446,PrG,Precentral Gyrus,Frontal Lobe,0.8182,A6cvl,PrG_L(R)_6_6,63,64,0.2889,0.7143,4,7,
middle frontal gyrus 6,Right middle frontal gyrus (6),LRU,13,4.09,8,7,0.5001,MFG,Middle Frontal Gyrus,Frontal Lobe,0.5385,A6vl,MFG_L(R)_7_6,25,26,0.2037,0.6667,3,6,
middle orbital gyrus,Right middle orbital gyrus,LRU,13,4.31,7,6,0.6445,OrG,Orbital Gyrus,Frontal Lobe,0.7692,A11l,OrG_L(R)_6_3,45,46,0.2,0.5,6,6,
fusiform gyrus 37,Fusiform gyrus (37),LRU,13,3.79,7,6,0.6445,FuG,Fusiform Gyrus,Temporal Lobe,0.7,A37lv,FuG_L(R)_3_3,107,108,0.3333,0.8571,5,7,
inferior frontal operculum,R inferior frontal operculum,LRU,12,4.39,8,7,0.5209,IFG,Inferior Frontal Gyrus,Frontal Lobe,0.3636,A6cvl,PrG_L(R)_6_6,63,64,0.1875,0.0,2,2,
apfc,aPFC,LRU,12,3.67,6,5,0.7631,MFG,Middle Frontal Gyrus,Frontal Lobe,0.9,A46,MFG_L(R)_7_3,19,20,0.3421,0.5,6,10,
parietal sup,Parietal_Sup_L,LRU,12,4.67,6,6,0.7297,SPL,Superior Parietal Lobule,Parietal Lobe,0.5455,A7c,SPL_L(R)_5_2,127,128,0.2432,0.5,2,2,
inf parietal,L inf parietal,LRU,12,3.47,4,4,0.8235,IPL,Inferior Parietal Lobule,Parietal Lobe,0.9,A40rd,IPL_L(R)_6_3,139,140,0.2647,1.0,1,1,
middle temporal g,Middle temporal G.,LU,12,4.44,9,8,0.4181,MTG,Middle Temporal Gyrus,Temporal Lobe,0.3636,A37dl,MTG_L(R)_4_3,85,86,0.1273,0.7857,4,14,
middle insula,Middle insula,LRU,12,3.31,6,5,0.6304,INS,Insular Gyrus,Insular Lobe,0.6364,dId,INS_L(R)_6_6,173,174,0.2826,0.4444,6,9,
lateral ofc,Lateral OFC,LRU,12,3.8,7,6,0.551,IFG,Inferior Frontal Gyrus,Frontal Lobe,0.3333,A12/47o,OrG_L(R)_6_2,43,44,0.1837,0.75,7,8,
lateral occipital,Right lateral occipital,LRU,12,4.61,8,7,0.5815,LOcC,lateral Occipital Cortex,Occipital Lobe,0.6667,mOccG,LOcC_L(R)_4_1,199,200,0.2558,0.3333,3,3,
lmtg,LMTG,U,12,5.08,10,9,0.389,pSTS,posterior Superior Temporal Sulcus,Temporal Lobe,0.2727,rpSTS,pSTS_L(R)_2_1,121,122,0.0926,1.0,6,23,
intra parietal sulcus,Left intra-parietal sulcus,LRU,12,3.71,8,7,0.4235,IPL,Inferior Parietal Lobule,Parietal Lobe,0.4545,A40rd,IPL_L(R)_6_3,139,140,0.1525,0.6667,4,6,
rostral middle frontal,Rostral middle frontal,RU,12,4.67,6,6,0.7297,MFG,Middle Frontal Gyrus,Frontal Lobe,0.875,A9/46v,MFG_L(R)_7_4,21,22,0.2432,0.6667,5,9,
temporal gyrus,Temporal gyrus,LRU,12,6.0,10,9,0.4565,STG,Superior Temporal Gyrus,Temporal Lobe,0.3,A22r,STG_L(R)_6_6,79,80,0.1087,0.625,4,8,
middle temporal pole,Right middle temporal pole,LRU,12,3.59,7,6,0.5094,STG,Superior Temporal Gyrus,Temporal Lobe,0.4167,A21r,MTG_L(R)_4_2,83,84,0.1698,0.8333,3,6,
supramarginal gyrus ba 40,Supramarginal gyrus (BA 40),LRU,12,3.7,5,5,0.8054,IPL,Inferior Parietal Lobule,Parietal Lobe,0.8333,A40c,IPL_L(R)_6_4,141,142,0.3611,0.1667,5,6,
medial pfc,Medial PFC,LRU,12,4.22,8,7,0.4809,SFG,Superior Frontal Gyrus,Frontal Lobe,0.6667,A10m,SFG_L(R)_7_7,13,14,0.1346,0.3529,7,17,
angular g,Angular G(R),LRU,12,4.18,5,5,0.8529,IPL,Inferior Parietal Lobule,Parietal Lobe,0.7,A39rd,IPL_L(R)_6_2,137,138,0.2647,0.4,3,5,
sma ba 6,SMA (BA 6),LRU,12,3.47,7,6,0.5094,SFG,Superior Frontal Gyrus,Frontal Lobe,0.6364,A6m,SFG_L(R)_7_5,9,10,0.2075,0.5,4,12,
lingual gyrus 18,Lingual gyrus (18),LRU,12,4.65,7,6,0.7104,MVOcC,MedioVentral Occipital Cortex,Occipital Lobe,0.5556,cLinG,MVOcC_L(R)_5_1,189,190,0.1842,0.5,4,8,
orbitofrontal,Orbitofrontal,LU,12,4.87,8,7,0.5681,OrG,Orbital Gyrus,Frontal Lobe,0.6667,A13,OrG_L(R)_6_5,49,50,0.1591,0.5,5,12,
middle occipital gyrus ba 18,LH middle occipital gyrus (BA 18),LR,11,4.12,9,8,0.3683,LOcC,lateral Occipital Cortex,Occipital Lobe,0.3333,mOccG,LOcC_L(R)_4_1,199,200,0.0877,1.0,5,8,1.0
precental gyrus,Precental gyrus,LRU,11,5.06,6,6,0.7814,PrG,Precentral Gyrus,Frontal Lobe,0.7143,A6cdl,PrG_L(R)_6_2,55,56,0.2188,0.5,3,4,
planum polare,Planum polare,LU,11,3.65,7,6,0.5434,STG,Superior Temporal Gyrus,Temporal Lobe,0.5,TE1.0 and TE1.2,STG_L(R)_6_3,73,74,0.2391,0.5556,6,9,
parahippocampa gyrus,Parahippocampa Gyrus,LRU,11,5.39,10,9,0.3959,Hipp,Hippocampus,Subcortical Nuclei,0.2727,rHipp,Hipp_L(R)_2_1,215,216,0.1042,0.5,2,2,
middle frontal gyrus 9,L middle frontal gyrus (9),LRU,11,3.94,6,5,0.7714,MFG,Middle Frontal Gyrus,Frontal Lobe,0.6,IFJ,MFG_L(R)_7_2,17,18,0.2571,0.3636,3,11,
pcg,PCG,LRU,11,4.83,9,8,0.4467,PrG,Precentral Gyrus,Frontal Lobe,0.6,A6cvl,PrG_L(R)_6_6,63,64,0.1489,0.2857,5,7,
cingulum ant,Cingulum_Ant_R,LR,11,3.2,5,4,0.7222,CG,Cingulate Gyrus,Limbic Lobe,0.6667,A32sg,CG_L(R)_7_7,187,188,0.3056,0.0,6,7,1.0
amygdaloid complex,Amy_L,LRU,11,4.43,8,7,0.5227,Amyg,Amygdala,Subcortical Nuclei,0.4,mAmyg,Amyg_L(R)_2_1,211,212,0.2045,0.5,2,2,
temporal cortex,Temporal cortex,LRU,11,4.38,10,9,0.3218,STG,Superior Temporal Gyrus,Temporal Lobe,0.1818,A20cl,ITG_L(R)_7_6,99,100,0.0847,0.8,5,10,
cuneus 19,Cuneus (19),LRU,11,3.28,5,4,0.6842,LOcC,lateral Occipital Cortex,Occipital Lobe,0.4545,A39c,IPL_L(R)_6_1,135,136,0.2368,1.0,3,3,
sup temporal,L Sup Temporal,LRU,11,5.31,8,7,0.6053,STG,Superior Temporal Gyrus,Temporal Lobe,0.6667,TE1.0 and TE1.2,STG_L(R)_6_3,73,74,0.1316,0.0,1,2,
middle temporal gyrus ba 39,Middle temporal gyrus (BA 39),LRU,11,4.29,7,6,0.641,IPL,Inferior Parietal Lobule,Parietal Lobe,0.6,A39rv,IPL_L(R)_6_5,143,144,0.2308,0.6667,3,3,
pmtg,pMTG,LRU,11,4.83,9,8,0.4467,MTG,Middle Temporal Gyrus,Temporal Lobe,0.4,A37dl,MTG_L(R)_4_3,85,86,0.1489,0.7,6,10,
middle occipital g,middle occipital G,LU,11,4.99,9,8,0.4773,LOcC,lateral Occipital Cortex,Occipital Lobe,0.5714,mOccG,LOcC_L(R)_4_1,199,200,0.2045,0.7692,4,13,
supplementary motor cortex,Supplementary motor cortex,LRU,11,3.81,6,5,0.7297,SFG,Superior Frontal Gyrus,Frontal Lobe,0.8,A8m,SFG_L(R)_7_1,1,2,0.2432,0.3,8,10,
anterior cingulum,Anterior cingulum,LRU,11,4.2,7,6,0.5951,CG,Cingulate Gyrus,Limbic Lobe,0.7,A32sg,CG_L(R)_7_7,187,188,0.1667,0.625,5,8,
lingual g,Lingual G.,LRU,11,4.43,8,7,0.5227,MVOcC,MedioVentral Occipital Cortex,Occipital Lobe,0.7,rLinG,MVOcC_L(R)_5_4,195,196,0.2045,0.625,6,8,
lateral orbitofrontal cortex,Lateral orbitofrontal cortex,LRU,11,3.69,7,6,0.5209,OrG,Orbital Gyrus,Frontal Lobe,0.6667,A11l,OrG_L(R)_6_3,45,46,0.1875,0.4,6,10,
ventral medial prefrontal cortex,Ventral medial prefrontal cortex,LRU,11,3.73,8,7,0.4181,OrG,Orbital Gyrus,Frontal Lobe,0.4545,A14m,OrG_L(R)_6_1,41,42,0.1273,0.125,3,8,
inferior temporal gyrus ba 20,Left inferior temporal gyrus (BA20),LRU,11,5.49,9,8,0.4998,ITG,Inferior Temporal Gyrus,Temporal Lobe,0.7,A37elv,ITG_L(R)_7_2,91,92,0.119,0.3333,3,3,
cingulate g,Cingulate G,LRU,10,4.54,8,7,0.4998,SFG,Superior Frontal Gyrus,Frontal Lobe,0.5,A24cd,CG_L(R)_7_5,183,184,0.119,0.625,3,8,
insula 13,Insula (13),LU,10,3.17,6,5,0.5557,IFG,Inferior Frontal Gyrus,Frontal Lobe,0.4,A44op,IFG_L(R)_6_5,37,38,0.2,0.5714,5,7,
superior occipital,Superior occipital,LRU,10,3.47,6,5,0.6098,LOcC,lateral Occipital Cortex,Occipital Lobe,0.4444,A39c,IPL_L(R)_6_1,135,136,0.1707,0.75,7,8,
parieto occipital sulcus,Parieto-occipital sulcus,LRU,10,2.91,5,4,0.6857,Pcun,Precuneus,Parietal Lobe,0.6,dmPOS,PCun_L(R)_4_3,151,152,0.3714,0.7143,5,7,
parahippocampal g,Parahippocampal g.,LRU,10,6.49,10,9,0.4472,PhG,Parahippocampal Gyrus,Temporal Lobe,0.3,rLinG,MVOcC_L(R)_5_4,195,196,0.1316,0.75,6,8,
inf frontal gyrus,Inf. frontal gyrus,LRU,10,4.15,8,7,0.4773,PrG,Precentral Gyrus,Frontal Lobe,0.4,A6cvl,PrG_L(R)_6_6,63,64,0.2045,0.5,5,8,
paracentral,Paracentral,LRU,10,4.2,8,7,0.4565,PCL,Paracentral Lobule,Frontal Lobe,0.3333,A1/2/3ll,PCL_L(R)_2_1,65,66,0.1087,0.6,4,5,
precentral gyrus 4,Left precentral gyrus (4),LRU,10,3.64,7,6,0.5475,PoG,Postcentral Gyrus,Parietal Lobe,0.5,A1/2/3ulhf,PoG_L(R)_4_1,155,156,0.2619,0.75,4,4,
frontal cortex,Frontal cortex,LRU,10,3.77,9,8,0.3218,SFG,Superior Frontal Gyrus,Frontal Lobe,0.3,A9/46v,MFG_L(R)_7_4,21,22,0.0847,0.6667,3,3,
supplementary motor area ba 6,LH supplementary motor area (BA 6),LRU,10,4.09,7,6,0.5612,SFG,Superior Frontal Gyrus,Frontal Lobe,0.5556,A8m,SFG_L(R)_7_1,1,2,0.122,0.5,4,4,
anterior superior temporal gyrus,Anterior superior temporal gyrus,LRU,10,4.33,5,5,0.8334,STG,Superior Temporal Gyrus,Temporal Lobe,0.9,A38l,STG_L(R)_6_5,77,78,0.2333,0.8,4,5,
inferior temporal sulcus,Inferior temporal sulcus,LRU,10,5.4,9,8,0.475,ITG,Inferior Temporal Gyrus,Temporal Lobe,0.3333,V5/MT+,LOcC_L(R)_4_2,201,202,0.125,0.7143,3,7,
ains,aINS,LRU,10,3.32,5,4,0.75,INS,Insular Gyrus,Insular Lobe,0.625,dIa,INS_L(R)_6_3,167,168,0.2812,0.1667,4,6,
lpmc,LPMC,U,10,4.07,6,5,0.7575,MFG,Middle Frontal Gyrus,Frontal Lobe,0.5714,A6vl,MFG_L(R)_7_6,25,26,0.2121,0.8333,6,18,
mid temporal,L mid temporal,LRU,10,3.85,8,7,0.4116,MTG,Middle Temporal Gyrus,Temporal Lobe,0.3,A37dl,MTG_L(R)_4_3,85,86,0.098,1.0,3,4,
frontal sup medial,Frontal_Sup_Medial_L,LR,10,3.69,6,5,0.7575,SFG,Superior Frontal Gyrus,Frontal Lobe,0.875,A10m,SFG_L(R)_7_7,13,14,0.3333,0.0,6,6,1.0
superior frontal gyrus ba 10,Left superior frontal gyrus (BA10),LRU,10,3.9,6,5,0.7353,MFG,Middle Frontal Gyrus,Frontal Lobe,0.6667,A46,MFG_L(R)_7_3,19,20,0.2059,1.0,1,1,
superior and middle temporal gyrus,Left superior and middle temporal gyrus,LRU,10,5.14,9,8,0.4522,STG,Superior Temporal Gyrus,Temporal Lobe,0.3333,A37dl,MTG_L(R)_4_3,85,86,0.119,1.0,2,6,
middle frontal gyrus ba 10,Middle frontal gyrus (BA 10),LRU,10,3.57,4,4,0.8889,MFG,Middle Frontal Gyrus,Frontal Lobe,1.0,A46,MFG_L(R)_7_3,19,20,0.3333,0.0,2,4,
lateral parietal cortex,Lateral parietal cortex,U,10,5.82,10,9,0.4046,IPL,Inferior Parietal Lobule,Parietal Lobe,0.5,A40rd,IPL_L(R)_6_3,139,140,0.119,0.2727,4,11,
lifg,LIFG,U,10,4.85,8,7,0.5384,IFG,Inferior Frontal Gyrus,Frontal Lobe,0.5,A44v,IFG_L(R)_6_6,39,40,0.1282,1.0,4,23,
lateral pfc,Lateral PFC,RU,10,4.63,11,10,0.2585,IFG,Inferior Frontal Gyrus,Frontal Lobe,0.3333,A44d,IFG_L(R)_6_1,29,30,0.0517,0.5455,3,11,
superior temporal gyrus 22,Superior temporal gyrus (22),LRU,10,4.65,8,7,0.525,STG,Superior Temporal Gyrus,Temporal Lobe,0.5556,TE1.0 and TE1.2,STG_L(R)_6_3,73,74,0.175,0.75,4,4,
posterior parietal,Right posterior parietal,LRU,10,5.08,8,7,0.5675,IPL,Inferior Parietal Lobule,Parietal Lobe,0.4286,A7c,SPL_L(R)_5_2,127,128,0.1351,1.0,1,1,
inferior frontal gyrus ba 9,Inferior frontal gyrus (BA 9),LRU,10,4.02,7,6,0.5897,PrG,Precentral Gyrus,Frontal Lobe,0.5,A6cvl,PrG_L(R)_6_6,63,64,0.2308,0.6,5,5,
inferior frontal gyrus 45,Inferior frontal gyrus (45),LRU,10,4.25,7,6,0.5897,IFG,Inferior Frontal Gyrus,Frontal Lobe,0.5556,A9/46v,MFG_L(R)_7_4,21,22,0.1282,0.3333,5,6,
middle occipital gyrus 19,Middle occipital gyrus (19),LRU,10,3.32,5,4,0.75,LOcC,lateral Occipital Cortex,Occipital Lobe,0.5556,mOccG,LOcC_L(R)_4_1,199,200,0.2812,0.75,3,4,
dorsal striatum,Dorsal striatum,RU,9,3.19,5,4,0.6874,BG,Basal Ganglia,Subcortical Nuclei,0.875,dCa,BG_L(R)_6_5,227,228,0.2812,0.4,7,10,
extra nuclear,Lt. Extra-Nuclear↑,LU,9,5.31,9,8,0.4472,INS,Insular Gyrus,Insular Lobe,0.4286,dCa,BG_L(R)_6_5,227,228,0.1316,0.5,3,6,
ffg,FFG,LRU,9,4.53,7,6,0.6564,FuG,Fusiform Gyrus,Temporal Lobe,0.7143,A37lv,FuG_L(R)_3_3,107,108,0.2188,0.2,3,5,
frontal operculum cortex,Frontal Operculum Cortex,LRU,9,3.35,5,4,0.7333,INS,Insular Gyrus,Insular Lobe,0.5556,A44op,IFG_L(R)_6_5,37,38,0.2333,0.6667,3,3,
medial,Medial,U,9,4.1,10,9,0.268,SFG,Superior Frontal Gyrus,Frontal Lobe,0.2222,dIg,INS_L(R)_6_5,171,172,0.0536,0.7778,4,9,
central sulcus,Left central sulcus,LRU,9,3.3,6,5,0.575,PrG,Precentral Gyrus,Frontal Lobe,0.4444,A1/2/3ulhf,PoG_L(R)_4_1,155,156,0.175,0.6,3,5,
subthalamic nucleus,Subthalamic nucleus,LRU,9,2.55,4,3,0.6562,Tha,Thalamus,Subcortical Nuclei,0.8889,mPMtha,Tha_L(R)_8_2,233,234,0.2812,0.75,4,4,
middle frontal gyrus 8,Middle frontal gyrus (8),LRU,9,3.63,7,6,0.4885,MFG,Middle Frontal Gyrus,Frontal Lobe,0.5714,A9/46d,MFG_L(R)_7_1,15,16,0.1628,0.4,4,5,
orbitofrontal gyrus,Right orbitofrontal gyrus,BLRU,9,4.42,7,6,0.6363,OrG,Orbital Gyrus,Frontal Lobe,0.625,A11l,OrG_L(R)_6_3,45,46,0.2121,0.5,2,2,
superior temporal cortex,Superior temporal cortex,RU,9,5.6,9,8,0.4721,STG,Superior Temporal Gyrus,Temporal Lobe,0.5556,A22c,STG_L(R)_6_4,75,76,0.1389,0.2222,6,9,
hypothalamus,Hypothalamus,LRU,9,3.88,6,5,0.7188,Tha,Thalamus,Subcortical Nuclei,0.8571,lPFtha,Tha_L(R)_8_8,245,246,0.2188,0.4,3,5,
gyrus rectus,R gyrus rectus,LRU,9,3.01,5,4,0.6876,OrG,Orbital Gyrus,Frontal Lobe,0.8889,A11m,OrG_L(R)_6_4,47,48,0.3438,0.6,4,5,
medial frontal gyrus ba 10,Left medial frontal gyrus (BA 10),LRU,9,2.44,5,4,0.4782,SFG,Superior Frontal Gyrus,Frontal Lobe,0.6667,A10m,SFG_L(R)_7_7,13,14,0.2826,1.0,1,4,
loc,LOC,LRU,9,3.83,7,6,0.5524,LOcC,lateral Occipital Cortex,Occipital Lobe,0.625,V5/MT+,LOcC_L(R)_4_2,201,202,0.2368,0.3333,3,6,
anterior intraparietal sulcus,Anterior intraparietal sulcus,LRU,9,2.97,5,4,0.6666,SPL,Superior Parietal Lobule,Parietal Lobe,0.625,A5l,SPL_L(R)_5_3,129,130,0.3333,0.75,3,4,
mid occipital,L Mid Occipital,LRU,9,4.04,6,5,0.7667,LOcC,lateral Occipital Cortex,Occipital Lobe,0.625,mOccG,LOcC_L(R)_4_1,199,200,0.2333,1.0,2,2,
mid fr gy,Mid Fr Gy,U,9,5.2,10,9,0.341,MFG,Middle Frontal Gyrus,Frontal Lobe,0.25,A8vl,MFG_L(R)_7_5,23,24,0.0682,0.2308,1,13,
calcarine fissure,Left calcarine fissure,LRU,9,3.31,6,5,0.5611,MVOcC,MedioVentral Occipital Cortex,Occipital Lobe,0.4444,vmPOS,MVOcC_L(R)_5_5,197,198,0.1707,0.5,3,8,
mid temp,L mid temp,LRU,9,4.18,8,7,0.442,MTG,Middle Temporal Gyrus,Temporal Lobe,0.375,aSTS,MTG_L(R)_4_4,87,88,0.1163,0.8333,1,6,
supramarginal gyrus 40,Supramarginal gyrus (40),LRU,9,4.88,8,7,0.5428,IPL,Inferior Parietal Lobule,Parietal Lobe,0.625,A40c,IPL_L(R)_6_4,141,142,0.2,0.7143,5,7,
middle sts,Middle STS,LRU,9,3.41,6,5,0.6216,STG,Superior Temporal Gyrus,Temporal Lobe,0.4444,A22c,STG_L(R)_6_4,75,76,0.2432,0.6667,4,6,
superior and middle frontal gyrus,Superior and middle frontal gyrus,LRU,9,4.26,8,7,0.4522,SFG,Superior Frontal Gyrus,Frontal Lobe,0.4444,A6vl,MFG_L(R)_7_6,25,26,0.119,0.4,5,5,
supplemental motor area,Supplemental motor area,RU,9,3.86,6,5,0.742,SFG,Superior Frontal Gyrus,Frontal Lobe,0.7143,A8m,SFG_L(R)_7_1,1,2,0.2258,0.75,6,16,
posterior,Posterior,RU,9,4.34,9,8,0.3616,CG,Cingulate Gyrus,Limbic Lobe,0.5,A23v,CG_L(R)_7_4,181,182,0.1064,0.375,4,8,
fusiform g,Fusiform G,LRU,9,4.45,8,7,0.4871,FuG,Fusiform Gyrus,Temporal Lobe,0.5,A37lv,FuG_L(R)_3_3,107,108,0.1795,0.6154,4,13,
postcentral gyrus ba 3,Postcentral gyrus (BA 3),LRU,9,2.87,5,4,0.7333,PoG,Postcentral Gyrus,Parietal Lobe,0.75,A1/2/3ulhf,PoG_L(R)_4_1,155,156,0.4333,0.6,3,5,
superior temporal gyrus ba 39,Left superior temporal gyrus (BA 39),LRU,9,2.55,4,3,0.7,IPL,Inferior Parietal Lobule,Parietal Lobe,0.5556,A39rv,IPL_L(R)_6_5,143,144,0.3667,1.0,1,1,
pocg,PoCG,LRU,9,4.02,8,7,0.4223,PoG,Postcentral Gyrus,Parietal Lobe,0.4444,A40rv,IPL_L(R)_6_6,145,146,0.1111,0.2857,4,7,
orbital gyrus,Right orbital gyrus,LRU,9,4.1,8,7,0.442,OrG,Orbital Gyrus,Frontal Lobe,0.625,A11m,OrG_L(R)_6_4,47,48,0.1628,0.4,3,5,
stg 38,STG (38),U,9,5.13,8,7,0.5588,STG,Superior Temporal Gyrus,Temporal Lobe,0.5,A38m,STG_L(R)_6_1,69,70,0.1471,0.9,2,10,
subcortical,Subcortical,U,9,4.72,9,8,0.3955,Tha,Thalamus,Subcortical Nuclei,0.4286,rTtha,Tha_L(R)_8_4,237,238,0.1163,0.3,4,10,
temporal sup,Temporal_Sup_L,LRU,9,5.6,9,8,0.4721,STG,Superior Temporal Gyrus,Temporal Lobe,0.5,A40rv,IPL_L(R)_6_6,145,146,0.1389,1.0,2,2,
angular gyrus ba 39,Angular gyrus (BA 39),LRU,8,2.6,3,3,0.8637,IPL,Inferior Parietal Lobule,Parietal Lobe,1.0,A39rv,IPL_L(R)_6_5,143,144,0.5,0.0,2,2,
lateral prefrontal cortex,Lateral prefrontal cortex,LRU,8,2.97,5,4,0.5715,PrG,Precentral Gyrus,Frontal Lobe,0.375,A6cvl,PrG_L(R)_6_6,63,64,0.2,0.3333,5,6,
phc,PHC,LRU,8,4.67,8,7,0.4857,Hipp,Hippocampus,Subcortical Nuclei,0.375,cHipp,Hipp_L(R)_2_2,217,218,0.1429,0.8333,3,6,
medial frontal gyrus ba 9,Left Medial frontal gyrus (BA 9),LRU,8,3.41,7,6,0.4318,SFG,Superior Frontal Gyrus,Frontal Lobe,0.4286,A10m,SFG_L(R)_7_7,13,14,0.1136,0.5,2,2,
central opercular cortex,R central opercular cortex,LRU,8,3.41,7,6,0.4318,IPL,Inferior Parietal Lobule,Parietal Lobe,0.25,A1/2/3tonIa,PoG_L(R)_4_2,157,158,0.1136,1.0,1,1,
ffa,FFA,LRU,8,1.1,1,1,0.8947,FuG,Fusiform Gyrus,Temporal Lobe,1.0,A37lv,FuG_L(R)_3_3,107,108,0.8947,0.1667,5,6,
precentral gyrus ba 4,Precentral gyrus (BA 4),LRU,8,3.27,6,5,0.5384,PrG,Precentral Gyrus,Frontal Lobe,0.5,A1/2/3ulhf,PoG_L(R)_4_1,155,156,0.1282,0.3333,3,3,
frontal inf oper,Frontal_Inf_Oper_L,LRU,8,3.43,6,5,0.6,IFG,Inferior Frontal Gyrus,Frontal Lobe,0.4286,A6cvl,PrG_L(R)_6_6,63,64,0.2,0.6667,2,3,
sup parietal lobule,Sup. parietal lobule,LRU,8,5.91,7,7,0.6296,SPL,Superior Parietal Lobule,Parietal Lobe,0.6,A39rd,IPL_L(R)_6_2,137,138,0.1852,1.0,2,3,
red nucleus,Red nucleus,LU,8,2.45,4,3,0.6334,Tha,Thalamus,Subcortical Nuclei,0.875,lPFtha,Tha_L(R)_8_8,245,246,0.3667,0.6,5,5,
ventromedial pfc,Ventromedial PFC,U,8,2.04,3,2,0.6207,OrG,Orbital Gyrus,Frontal Lobe,0.625,A14m,OrG_L(R)_6_1,41,42,0.3793,0.7778,8,9,
mid orbital gyrus,Mid orbital gyrus,LRU,8,1.94,3,2,0.6207,OrG,Orbital Gyrus,Frontal Lobe,0.75,A14m,OrG_L(R)_6_1,41,42,0.4483,0.5,5,8,
postcentral g,r. postcentral G.,LRU,8,4.35,8,7,0.4472,PoG,Postcentral Gyrus,Parietal Lobe,0.4286,A2,PoG_L(R)_4_3,159,160,0.1316,0.3333,3,3,
fusiform gyrus 19,Fusiform gyrus (19),LRU,8,3.31,6,5,0.5676,MVOcC,MedioVentral Occipital Cortex,Occipital Lobe,0.375,rLinG,MVOcC_L(R)_5_4,195,196,0.1892,1.0,2,3,
mtg 21,MTG (21),LU,8,3.94,6,5,0.7499,MTG,Middle Temporal Gyrus,Temporal Lobe,0.5,aSTS,MTG_L(R)_4_4,87,88,0.25,0.6364,4,11,
fusiform gyrus ba 37,Fusiform gyrus (BA 37),LRU,8,4.79,8,7,0.4999,FuG,Fusiform Gyrus,Temporal Lobe,0.5,A37lv,FuG_L(R)_3_3,107,108,0.1471,0.6667,3,3,
superior frontal lobe,*Superior frontal lobe,LRU,8,5.37,8,7,0.5667,SFG,Superior Frontal Gyrus,Frontal Lobe,0.5714,A9l,SFG_L(R)_7_3,5,6,0.1667,0.5,3,8,
inferior frontal junction,left inferior frontal junction,LRU,8,2.43,4,3,0.6129,PrG,Precentral Gyrus,Frontal Lobe,0.625,A6cvl,PrG_L(R)_6_6,63,64,0.3548,0.2,3,5,
ba 40,BA 40,LRU,8,4.79,8,7,0.4999,IPL,Inferior Parietal Lobule,Parietal Lobe,0.5,A40c,IPL_L(R)_6_4,141,142,0.1471,0.5556,4,9,
ba 32,BA 32,LRU,8,3.21,5,4,0.6667,CG,Cingulate Gyrus,Limbic Lobe,0.6667,A32p,CG_L(R)_7_3,179,180,0.2333,0.4,3,5,
heschl,Heschl,LRU,8,3.63,6,5,0.6564,STG,Superior Temporal Gyrus,Temporal Lobe,0.4286,TE1.0 and TE1.2,STG_L(R)_6_3,73,74,0.2188,1.0,2,2,
hippocampal gyrus,Hippocampal gyrus,RU,8,3.79,9,8,0.294,Hipp,Hippocampus,Subcortical Nuclei,0.2857,rHipp,Hipp_L(R)_2_1,215,216,0.0588,0.4286,2,7,
central operculum,Left central operculum,LRU,8,2.6,4,3,0.5938,INS,Insular Gyrus,Insular Lobe,0.375,dId,INS_L(R)_6_6,173,174,0.2188,0.5,3,4,
inf occipital gyrus,Inf. occipital gyrus,LRU,8,2.04,2,2,0.8182,LOcC,lateral Occipital Cortex,Occipital Lobe,1.0,iOccG,LOcC_L(R)_4_4,205,206,0.5,1.0,2,3,
prefrontal,L prefrontal,LRU,8,3.92,8,7,0.3955,SFG,Superior Frontal Gyrus,Frontal Lobe,0.4,A10m,SFG_L(R)_7_7,13,14,0.1163,1.0,1,1,
precuneus ba 31,L precuneus (BA31),LRU,8,4.35,8,7,0.4472,Pcun,Precuneus,Parietal Lobe,0.375,A31,PCun_L(R)_4_4,153,154,0.1316,0.5,2,2,
primary sensory cortex,Primary sensory cortex,U,8,5.72,7,7,0.607,PoG,Postcentral Gyrus,Parietal Lobe,0.6,A1/2/3ulhf,PoG_L(R)_4_1,155,156,0.1786,0.7143,4,14,
prg,PrG,LRU,8,4.25,8,7,0.4358,PrG,Precentral Gyrus,Frontal Lobe,0.4286,A4ul,PrG_L(R)_6_3,57,58,0.1282,0.25,3,4,
aips,aIPS,LRU,8,3.08,5,4,0.6452,IPL,Inferior Parietal Lobule,Parietal Lobe,0.5,A40rd,IPL_L(R)_6_3,139,140,0.2258,0.6,5,10,
lofc,lOFC,LRU,8,4.05,7,6,0.5429,IFG,Inferior Frontal Gyrus,Frontal Lobe,0.4286,A44op,IFG_L(R)_6_5,37,38,0.1429,0.3333,4,6,
mid cingulate gyrus,L Mid Cingulate Gyrus,LRU,8,3.15,6,5,0.525,CG,Cingulate Gyrus,Limbic Lobe,0.5714,A23c,CG_L(R)_7_6,185,186,0.175,0.0,2,3,
anterior cingulate ba 32,Right anterior cingulate (BA 32),LRU,8,3.21,5,4,0.6667,CG,Cingulate Gyrus,Limbic Lobe,0.625,A32p,CG_L(R)_7_3,179,180,0.2333,0.5,1,2,
lateral occipital gyrus,Lateral occipital gyrus,U,8,5.21,8,7,0.5485,LOcC,lateral Occipital Cortex,Occipital Lobe,0.4,mOccG,LOcC_L(R)_4_1,199,200,0.1613,0.5556,3,9,
mid cingulate,Mid cingulate,U,8,4.23,5,5,0.84,CG,Cingulate Gyrus,Limbic Lobe,0.8571,A24cd,CG_L(R)_7_5,183,184,0.28,0.875,7,8,
cingulum,Cingulum,LRU,8,4.24,9,8,0.3335,CG,Cingulate Gyrus,Limbic Lobe,0.5,A32sg,CG_L(R)_7_7,187,188,0.0667,0.6667,5,6,
middle temporal cortex,Middle temporal cortex,LRU,8,3.94,6,5,0.7499,pSTS,posterior Superior Temporal Sulcus,Temporal Lobe,0.4286,rpSTS,pSTS_L(R)_2_1,121,122,0.25,0.6667,3,3,
superior frontal gyrus 8,Right superior frontal gyrus (8),LRU,8,3.13,5,4,0.6666,SFG,Superior Frontal Gyrus,Frontal Lobe,0.7143,A9l,SFG_L(R)_7_3,5,6,0.2333,0.25,2,4,
posterior stg,Right posterior STG,LRU,8,4.16,8,7,0.425,STG,Superior Temporal Gyrus,Temporal Lobe,0.2857,A41/42,STG_L(R)_6_2,71,72,0.125,1.0,2,2,
middle occipital cortex,Middle occipital cortex,LU,8,3.32,5,4,0.7143,LOcC,lateral Occipital Cortex,Occipital Lobe,0.5714,OPC,LOcC_L(R)_4_3,203,204,0.25,0.6364,5,11,
posterior hippocampus,Posterior hippocampus,LRU,8,4.13,5,5,0.8077,Tha,Thalamus,Subcortical Nuclei,0.5714,cHipp,Hipp_L(R)_2_2,217,218,0.2692,0.75,3,4,
rectus gyrus,Rectus gyrus,LRU,8,3.18,5,4,0.6896,OrG,Orbital Gyrus,Frontal Lobe,0.8333,A11m,OrG_L(R)_6_4,47,48,0.2414,0.7143,4,7,
cun,Cun,LRU,8,4.03,6,5,0.7778,MVOcC,MedioVentral Occipital Cortex,Occipital Lobe,0.6,cCunG,MVOcC_L(R)_5_3,193,194,0.2593,0.3333,2,6,
cuneus ba 18,Cuneus (BA 18),LRU,8,3.65,7,6,0.4871,MVOcC,MedioVentral Occipital Cortex,Occipital Lobe,0.5714,vmPOS,MVOcC_L(R)_5_5,197,198,0.1795,0.5,4,4,
middle orbital,Middle Orbital,LU,8,4.67,8,7,0.4857,MFG,Middle Frontal Gyrus,Frontal Lobe,0.4,A9/46v,MFG_L(R)_7_4,21,22,0.1429,0.0,2,9,
midfrontal gyrus,Right midfrontal gyrus,LR,8,3.97,6,5,0.724,MFG,Middle Frontal Gyrus,Frontal Lobe,0.6,A9/46d,MFG_L(R)_7_1,15,16,0.1724,0.0,3,5,1.0
dlpfc ba 9,dlPFC (BA9),LU,7,3.41,6,5,0.5757,MFG,Middle Frontal Gyrus,Frontal Lobe,0.5714,IFJ,MFG_L(R)_7_2,17,18,0.1515,0.5,3,6,
lateral parietal,lateral parietal,LRU,7,2.37,4,3,0.6539,IPL,Inferior Parietal Lobule,Parietal Lobe,0.8333,A39rv,IPL_L(R)_6_5,143,144,0.4231,0.5,4,6,
angular gyrus 39,Angular gyrus (39),LRU,7,3.61,4,4,0.9,IPL,Inferior Parietal Lobule,Parietal Lobe,1.0,A39rv,IPL_L(R)_6_5,143,144,0.35,0.7143,4,7,
subcallosal gyrus,Subcallosal gyrus,LRU,7,2.4,4,3,0.5151,BG,Basal Ganglia,Subcortical Nuclei,0.4286,NAC,BG_L(R)_6_3,223,224,0.2121,0.25,3,4,
precu,PRECU,LRU,7,4.26,7,6,0.5667,Pcun,Precuneus,Parietal Lobe,0.5,A31,PCun_L(R)_4_4,153,154,0.1667,0.3333,3,3,
ant insula,Ant insula,LRU,7,2.37,4,3,0.6539,INS,Insular Gyrus,Insular Lobe,0.8333,dIa,INS_L(R)_6_3,167,168,0.4231,0.6667,2,3,
ba 22,BA 22,LU,7,3.26,6,5,0.5587,STG,Superior Temporal Gyrus,Temporal Lobe,0.5,TE1.0 and TE1.2,STG_L(R)_6_3,73,74,0.2059,0.5714,3,7,
sma proper,SMA proper,LU,7,2.62,4,3,0.7391,SFG,Superior Frontal Gyrus,Frontal Lobe,0.6667,A6m,SFG_L(R)_7_5,9,10,0.3913,0.875,4,8,
secondary visual cortex,Left secondary visual cortex,LU,7,4.08,6,5,0.76,MVOcC,MedioVentral Occipital Cortex,Occipital Lobe,0.6,mOccG,LOcC_L(R)_4_1,199,200,0.2,0.6667,2,6,
cereb,Cereb,LU,7,3.82,8,7,0.366,LOcC,lateral Occipital Cortex,Occipital Lobe,0.2,A23v,CG_L(R)_7_4,181,182,0.0732,0.3333,3,3,
dorsal medial prefrontal cortex,Dorsal medial prefrontal cortex,LRU,7,2.95,5,4,0.6427,SFG,Superior Frontal Gyrus,Frontal Lobe,0.8333,A10m,SFG_L(R)_7_7,13,14,0.3214,0.6667,3,3,
insula cortex,L insula cortex,LRU,7,3.98,6,5,0.7308,INS,Insular Gyrus,Insular Lobe,0.8,dIa,INS_L(R)_6_3,167,168,0.1923,0.3333,1,6,
anterior cingulate gyrus ba 24,Anterior cingulate gyrus (BA 24),LRU,7,3.88,6,5,0.7037,CG,Cingulate Gyrus,Limbic Lobe,0.5,dCa,BG_L(R)_6_5,227,228,0.1852,1.0,1,1,
insular,Insular,LRU,7,4.77,7,6,0.6539,INS,Insular Gyrus,Insular Lobe,0.7143,dIa,INS_L(R)_6_3,167,168,0.1923,0.0,2,2,
inf temporal gyrus,Inf. temporal gyrus,LU,7,3.87,7,6,0.4999,ITG,Inferior Temporal Gyrus,Temporal Lobe,0.3333,V5/MT+,LOcC_L(R)_4_2,201,202,0.1471,0.6,3,5,
gyrus,gyrus,U,7,3.43,7,6,0.425,LOcC,lateral Occipital Cortex,Occipital Lobe,0.5,mOccG,LOcC_L(R)_4_1,199,200,0.125,0.5714,3,7,
pars orbitalis,Pars orbitalis,RU,7,3.32,5,4,0.6923,IFG,Inferior Frontal Gyrus,Frontal Lobe,0.6667,A45r,IFG_L(R)_6_4,35,36,0.1923,0.8571,5,7,
inf temporal,Inf temporal,LRU,7,3.68,6,5,0.6784,MTG,Middle Temporal Gyrus,Temporal Lobe,0.5,A21c,MTG_L(R)_4_1,81,82,0.25,0.75,2,4,
artifact,Artifact,U,7,3.6,8,7,0.341,IFG,Inferior Frontal Gyrus,Frontal Lobe,0.2,A44op,IFG_L(R)_6_5,37,38,0.0682,0.4286,1,7,
superior parietal lobule ba 7,Left superior parietal lobule (BA7),LRU,7,2.79,3,3,0.8947,SPL,Superior Parietal Lobule,Parietal Lobe,1.0,A7c,SPL_L(R)_5_2,127,128,0.3684,1.0,1,1,
parahippocampal gyrus ba 36,Parahippocampal gyrus (BA 36),LRU,7,3.53,6,5,0.6333,Hipp,Hippocampus,Subcortical Nuclei,0.4286,cHipp,Hipp_L(R)_2_2,217,218,0.2333,0.6667,3,6,
ifg pars triangularis,IFG pars triangularis,LU,7,3.88,6,5,0.7037,IFG,Inferior Frontal Gyrus,Frontal Lobe,0.75,IFS,IFG_L(R)_6_2,31,32,0.1852,0.2857,2,7,
post occipital,Post occipital,LRU,7,4.08,6,5,0.76,LOcC,lateral Occipital Cortex,Occipital Lobe,0.6667,iOccG,LOcC_L(R)_4_4,205,206,0.2,0.5714,1,7,
inferior operculum,Inferior Operculum,U,7,3.48,6,5,0.5938,PrG,Precentral Gyrus,Frontal Lobe,0.4,A44v,IFG_L(R)_6_6,39,40,0.1562,0.3,3,10,
ba 8,BA 8,RU,7,4.5,7,6,0.607,SFG,Superior Frontal Gyrus,Frontal Lobe,0.5,A8dl,SFG_L(R)_7_2,3,4,0.1786,0.5,2,8,
post central,Post-central,LRU,7,3.78,7,6,0.4857,PoG,Postcentral Gyrus,Parietal Lobe,0.4,A1/2/3ulhf,PoG_L(R)_4_1,155,156,0.1429,0.5,2,2,
mofc,mOFC,U,7,2.82,5,4,0.5294,OrG,Orbital Gyrus,Frontal Lobe,0.5714,A14m,OrG_L(R)_6_1,41,42,0.2059,0.6,5,10,
occipital inf,Occipital Inf R,LRU,7,3.49,7,6,0.4358,LOcC,lateral Occipital Cortex,Occipital Lobe,0.4,iOccG,LOcC_L(R)_4_4,205,206,0.1282,1.0,2,2,
inferior frontal gyrus pars opercularis,Inferior frontal gyrus pars opercularis,LRU,7,4.77,7,6,0.6539,IFG,Inferior Frontal Gyrus,Frontal Lobe,0.7143,A44v,IFG_L(R)_6_6,39,40,0.1923,0.6,3,5,
postcentral cortex,Postcentral cortex,LRU,7,3.37,7,6,0.4148,PoG,Postcentral Gyrus,Parietal Lobe,0.4286,A1/2/3tru,PoG_L(R)_4_4,161,162,0.122,0.3333,2,3,
pons,Pons,U,7,3.1,5,4,0.6428,Tha,Thalamus,Subcortical Nuclei,0.8,lPFtha,Tha_L(R)_8_8,245,246,0.25,0.75,5,8,
inferior occipital cortex,Inferior occipital cortex,LRU,7,3.53,6,5,0.6333,LOcC,lateral Occipital Cortex,Occipital Lobe,0.6667,iOccG,LOcC_L(R)_4_4,205,206,0.2333,0.5,3,4,
inferior occipital gyrus ba 19,Inferior Occipital Gyrus (BA 19),LRU,7,2.77,3,3,0.85,LOcC,lateral Occipital Cortex,Occipital Lobe,1.0,V5/MT+,LOcC_L(R)_4_2,201,202,0.35,0.3333,2,3,
supra marginal gyrus,Supra marginal gyrus,LRU,7,3.76,4,4,0.9,IPL,Inferior Parietal Lobule,Parietal Lobe,1.0,A40rv,IPL_L(R)_6_6,145,146,0.25,0.6,5,5,
anterior pfc,Anterior PFC,RU,7,2.82,5,4,0.5294,MFG,Middle Frontal Gyrus,Frontal Lobe,0.7143,A10l,MFG_L(R)_7_7,27,28,0.2059,0.5,4,6,
inferior orbital,Inferior Orbital,U,7,3.48,8,7,0.326,IFG,Inferior Frontal Gyrus,Frontal Lobe,0.3333,A44op,IFG_L(R)_6_5,37,38,0.0652,0.375,3,8,
posterior mtg,Posterior MTG,LRU,7,3.96,7,6,0.5151,pSTS,posterior Superior Temporal Sulcus,Temporal Lobe,0.4286,cpSTS,pSTS_L(R)_2_2,123,124,0.1515,0.5,2,2,
rmtg,RMTG,U,7,4.05,7,6,0.5314,MTG,Middle Temporal Gyrus,Temporal Lobe,0.4,aSTS,MTG_L(R)_4_4,87,88,0.1562,0.0,3,12,
dpmc,dPMC,U,7,3.34,6,5,0.5588,PrG,Precentral Gyrus,Frontal Lobe,0.5,A6vl,MFG_L(R)_7_6,25,26,0.1471,0.2727,3,11,
secondary somatosensory cortex,Right secondary somatosensory cortex,LRU,7,2.55,4,3,0.5667,IPL,Inferior Parietal Lobule,Parietal Lobe,0.4286,A40rv,IPL_L(R)_6_6,145,146,0.2333,0.6667,3,3,
cingulate gyrus ba 32,LH cingulate gyrus (BA 32),LRU,7,4.07,8,7,0.3945,SFG,Superior Frontal Gyrus,Frontal Lobe,0.4286,A32p,CG_L(R)_7_3,179,180,0.0789,0.0,1,1,
lateral globus pallidus,Lateral globus pallidus,LRU,7,4.7,4,5,0.95,BG,Basal Ganglia,Subcortical Nuclei,1.0,GP,BG_L(R)_6_2,221,222,0.25,0.4,4,5,
anterior,Anterior,U,7,3.2,7,6,0.3864,CG,Cingulate Gyrus,Limbic Lobe,0.2857,dIa,INS_L(R)_6_3,167,168,0.1136,0.5,4,10,
medial temporal pole,Medial temporal pole,LRU,7,3.11,6,5,0.4999,STG,Superior Temporal Gyrus,Temporal Lobe,0.4286,A21r,MTG_L(R)_4_2,83,84,0.1316,0.5,3,4,
precentral sulcus,Precentral sulcus,LRU,7,3.16,5,4,0.6667,MFG,Middle Frontal Gyrus,Frontal Lobe,0.5714,IFJ,MFG_L(R)_7_2,17,18,0.2593,0.6,5,5,
medial frontal g,L Medial Frontal G,LU,7,4.48,8,7,0.441,SFG,Superior Frontal Gyrus,Frontal Lobe,0.5,A9m,SFG_L(R)_7_6,11,12,0.0882,0.9,2,10,
vfc,vFC,LRU,7,3.32,5,4,0.6923,PrG,Precentral Gyrus,Frontal Lobe,0.6,A4tl,PrG_L(R)_6_5,61,62,0.1923,0.6667,2,6,
anterior superior temporal sulcus,Left anterior superior temporal sulcus,LRU,6,3.38,5,4,0.7274,STG,Superior Temporal Gyrus,Temporal Lobe,0.6,A38l,STG_L(R)_6_5,77,78,0.2273,0.5,2,2,
supramarginal cortex,Supramarginal cortex,LRU,6,3.23,5,4,0.6666,IPL,Inferior Parietal Lobule,Parietal Lobe,0.6,A40rv,IPL_L(R)_6_6,145,146,0.2083,0.3333,2,3,
supramarginal g,R supramarginal g,RU,6,4.41,5,5,0.85,IPL,Inferior Parietal Lobule,Parietal Lobe,0.75,A40c,IPL_L(R)_6_4,141,142,0.25,0.8571,2,7,
medial ofc,Medial OFC,U,6,3.82,6,5,0.68,OrG,Orbital Gyrus,Frontal Lobe,0.8,A14m,OrG_L(R)_6_1,41,42,0.2,0.7273,4,11,
medial occipital cortex,Medial occipital cortex,U,6,3.3,5,4,0.6956,MVOcC,MedioVentral Occipital Cortex,Occipital Lobe,0.8,rCunG,MVOcC_L(R)_5_2,191,192,0.2174,0.4286,4,7,
medial orbital frontal gyrus,Medial orbital frontal gyrus,RU,6,2.54,4,3,0.6,OrG,Orbital Gyrus,Frontal Lobe,0.6,A14m,OrG_L(R)_6_1,41,42,0.28,0.6667,2,6,
cuneus 18,Right cuneus (18),LRU,6,3.04,5,4,0.5926,MVOcC,MedioVentral Occipital Cortex,Occipital Lobe,0.5,OPC,LOcC_L(R)_4_3,203,204,0.1852,0.0,1,1,
medial frontal gyrus ba 8,Medial frontal gyrus (BA 8),LRU,6,3.18,6,5,0.5151,SFG,Superior Frontal Gyrus,Frontal Lobe,0.6667,A9m,SFG_L(R)_7_6,11,12,0.1515,0.0,2,2,
tha,L THA,LR,6,3.53,4,4,0.8,Tha,Thalamus,Subcortical Nuclei,1.0,lPFtha,Tha_L(R)_8_8,245,246,0.25,1.0,3,4,1.0
lingual gyrus ba 17,L lingual gyrus BA 17,LRU,6,4.09,7,6,0.517,LOcC,lateral Occipital Cortex,Occipital Lobe,0.3333,iOccG,LOcC_L(R)_4_4,205,206,0.1034,0.0,1,1,
parahippocampal gyrus 28,Parahippocampal gyrus (28),LRU,6,3.12,6,5,0.4999,PhG,Parahippocampal Gyrus,Temporal Lobe,0.3333,TI,PhG_L(R)_6_5,117,118,0.1471,0.75,3,4,
superior medial,Superior medial,LRU,6,2.86,6,5,0.4358,SFG,Superior Frontal Gyrus,Frontal Lobe,0.5,A10m,SFG_L(R)_7_7,13,14,0.1282,0.7778,2,9,
middle occipital lobe,*Middle occipital lobe,LRU,6,3.12,5,4,0.6667,IPL,Inferior Parietal Lobule,Parietal Lobe,0.6,A39c,IPL_L(R)_6_1,135,136,0.2917,0.5,2,6,
bpd,BPD,U,6,3.61,7,6,0.441,SFG,Superior Frontal Gyrus,Frontal Lobe,0.25,mAmyg,Amyg_L(R)_2_1,211,212,0.0882,0.3333,1,6,
cuneal cortex,Cuneal Cortex,RU,6,2.48,4,3,0.5556,MVOcC,MedioVentral Occipital Cortex,Occipital Lobe,0.5,rCunG,MVOcC_L(R)_5_2,191,192,0.2593,0.6,4,5,
aic,L AIC,LRU,6,3.39,6,5,0.5667,INS,Insular Gyrus,Insular Lobe,0.5,dIa,INS_L(R)_6_3,167,168,0.1667,0.5,1,2,
itg 20,ITG (20),U,6,3.79,7,6,0.469,ITG,Inferior Temporal Gyrus,Temporal Lobe,0.4,A37elv,ITG_L(R)_7_2,91,92,0.0938,0.9,2,10,
medial temporal gyrus,Medial temporal gyrus,LRU,6,3.92,6,5,0.7083,MTG,Middle Temporal Gyrus,Temporal Lobe,0.6667,aSTS,MTG_L(R)_4_4,87,88,0.2083,0.25,4,4,
midcingulate gyrus,Midcingulate gyrus,U,6,3.18,6,5,0.5151,CG,Cingulate Gyrus,Limbic Lobe,0.6,A23c,CG_L(R)_7_6,185,186,0.1515,0.4286,4,7,
middle frontal gyrus 46,L Middle Frontal Gyrus (46),LRU,6,3.82,6,5,0.68,IFG,Inferior Frontal Gyrus,Frontal Lobe,0.6,IFS,IFG_L(R)_6_2,31,32,0.2,0.3333,2,3,
occipito temporal junction,Occipito-temporal junction,LRU,6,2.54,4,3,0.6,MTG,Middle Temporal Gyrus,Temporal Lobe,0.5,A37dl,MTG_L(R)_4_3,85,86,0.28,0.8,3,5,
pacc,pACC,LRU,6,2.33,4,3,0.4688,CG,Cingulate Gyrus,Limbic Lobe,0.5,A32sg,CG_L(R)_7_7,187,188,0.2188,0.5,2,2,
ofa,OFA,RU,6,3.32,5,4,0.762,LOcC,lateral Occipital Cortex,Occipital Lobe,0.6667,iOccG,LOcC_L(R)_4_4,205,206,0.3333,0.4,3,5,
inferior frontal gyrus pars orbitalis,Inferior frontal gyrus - pars orbitalis,LRU,6,2.58,4,3,0.625,OrG,Orbital Gyrus,Frontal Lobe,0.6,A12/47l,OrG_L(R)_6_6,51,52,0.2917,0.5,2,2,
post cingulate,L post cingulate,LRU,6,2.71,4,3,0.6522,CG,Cingulate Gyrus,Limbic Lobe,0.6,dmPOS,PCun_L(R)_4_3,151,152,0.2174,0.7143,2,7,
sef,SEF,LRU,6,2.38,4,3,0.577,SFG,Superior Frontal Gyrus,Frontal Lobe,0.8333,A6m,SFG_L(R)_7_5,9,10,0.3462,0.3333,2,3,
anterior stg,Anterior STG,LRU,6,2.99,5,4,0.5714,STG,Superior Temporal Gyrus,Temporal Lobe,0.6667,TE1.0 and TE1.2,STG_L(R)_6_3,73,74,0.1786,1.0,3,3,
inferior temporal gyrus ba 37,Inferior temporal gyrus (BA 37),LRU,6,2.85,5,4,0.5516,ITG,Inferior Temporal Gyrus,Temporal Lobe,0.6,A37vl,ITG_L(R)_7_5,97,98,0.2414,0.75,3,4,
superior temporal lobe,*Superior temporal lobe,U,6,3.54,6,5,0.607,STG,Superior Temporal Gyrus,Temporal Lobe,0.5,TE1.0 and TE1.2,STG_L(R)_6_3,73,74,0.1786,0.5,3,12,
insula ba 48,Right insula (BA48),LRU,6,3.92,6,5,0.7083,INS,Insular Gyrus,Insular Lobe,0.8333,vIa,INS_L(R)_6_2,165,166,0.2083,1.0,1,1,
area 4a,Area 4a,U,6,4.76,7,6,0.625,PrG,Precentral Gyrus,Frontal Lobe,0.3333,A4ul,PrG_L(R)_6_3,57,58,0.125,0.7778,1,9,
posterior cingulum,Posterior cingulum,LU,6,2.75,4,3,0.7895,CG,Cingulate Gyrus,Limbic Lobe,1.0,A23d,CG_L(R)_7_1,175,176,0.3684,0.8,5,5,
ba 19,BA 19,U,6,2.93,5,4,0.5516,IPL,Inferior Parietal Lobule,Parietal Lobe,0.4,A39c,IPL_L(R)_6_1,135,136,0.1724,0.8333,3,6,
ba 13,BA 13,U,6,2.56,5,4,0.4443,IPL,Inferior Parietal Lobule,Parietal Lobe,0.5,A40rv,IPL_L(R)_6_6,145,146,0.1944,0.8889,3,9,
ba 46,BA 46 R,LRU,6,2.49,5,4,0.4209,MFG,Middle Frontal Gyrus,Frontal Lobe,0.5,A9/46v,MFG_L(R)_7_4,21,22,0.1842,0.0,2,2,
ba 44,BA44,U,6,3.39,6,5,0.5667,PrG,Precentral Gyrus,Frontal Lobe,0.4,A6cvl,PrG_L(R)_6_6,63,64,0.1667,0.1667,4,6,
middle and superior frontal gyrus,Middle and superior frontal gyrus,RU,6,4.46,7,6,0.577,MFG,Middle Frontal Gyrus,Frontal Lobe,0.6,A9/46d,MFG_L(R)_7_1,15,16,0.1154,0.3333,2,3,
superior temporal gyrus ba 42,Superior temporal gyrus (BA 42),LRU,6,3.23,5,4,0.6666,STG,Superior Temporal Gyrus,Temporal Lobe,0.6667,A41/42,STG_L(R)_6_2,71,72,0.2083,0.25,4,4,
msfg,mSFG,BU,6,3.1,5,4,0.6154,SFG,Superior Frontal Gyrus,Frontal Lobe,0.8,A9m,SFG_L(R)_7_6,11,12,0.1923,0.5,4,6,
postcentral gyrus 3,Postcentral gyrus (3),LRU,6,3.61,7,6,0.441,PoG,Postcentral Gyrus,Parietal Lobe,0.5,IFJ,MFG_L(R)_7_2,17,18,0.0882,1.0,2,2,
sup occipital gyrus,L sup. occipital gyrus,LR,6,3.18,6,5,0.5151,IPL,Inferior Parietal Lobule,Parietal Lobe,0.4,A39c,IPL_L(R)_6_1,135,136,0.1515,1.0,3,8,1.0
middle frontalgyrus,Middle frontalgyrus (MidFG),LU,6,3.82,6,5,0.68,IFG,Inferior Frontal Gyrus,Frontal Lobe,0.5,IFS,IFG_L(R)_6_2,31,32,0.2,0.6667,2,3,
anterior hippocampus,L anterior hippocampus,LRU,6,3.72,6,5,0.6539,BG,Basal Ganglia,Subcortical Nuclei,0.3333,rHipp,Hipp_L(R)_2_1,215,216,0.1923,1.0,1,1,
ipsilesional,Ipsilesional,U,6,3.27,7,6,0.3845,Tha,Thalamus,Subcortical Nuclei,0.25,rTtha,Tha_L(R)_8_4,237,238,0.0769,0.875,1,8,
superior lateral occipital cortex,Superior lateral occipital cortex,LRU,6,3.33,7,6,0.3945,LOcC,lateral Occipital Cortex,Occipital Lobe,0.3333,A39c,IPL_L(R)_6_1,135,136,0.0789,0.6667,2,3,
cerebellum 8,Cerebellum 8,U,6,3.1,5,4,0.6154,MVOcC,MedioVentral Occipital Cortex,Occipital Lobe,0.5,vmPOS,MVOcC_L(R)_5_5,197,198,0.1923,0.875,3,8,
cerebellum 6,Cerebellum_6,U,6,4.41,5,5,0.85,MVOcC,MedioVentral Occipital Cortex,Occipital Lobe,0.6,A37mv,FuG_L(R)_3_2,105,106,0.25,0.8571,5,7,
lateral orbital gyrus,Lateral orbital gyrus,RU,6,3.39,6,5,0.5667,OrG,Orbital Gyrus,Frontal Lobe,0.6,A12/47l,OrG_L(R)_6_6,51,52,0.1667,0.6,4,5,
temporal pole ba 38,L temporal pole (BA38),LRU,6,3.92,6,5,0.7083,STG,Superior Temporal Gyrus,Temporal Lobe,0.8,A38l,STG_L(R)_6_5,77,78,0.2083,1.0,1,2,
ptr,PTr,LRU,6,3.7,4,4,0.889,IFG,Inferior Frontal Gyrus,Frontal Lobe,1.0,IFS,IFG_L(R)_6_2,31,32,0.2778,1.0,1,11,
intraparietal sulcus ba 7,Intraparietal sulcus (BA 7),LRU,6,3.54,6,5,0.607,SPL,Superior Parietal Lobule,Parietal Lobe,0.5,A7c,SPL_L(R)_5_2,127,128,0.1786,1.0,1,1,
temporal parietal junction,Temporal parietal junction,LRU,6,2.57,3,3,0.8334,IPL,Inferior Parietal Lobule,Parietal Lobe,1.0,A39rv,IPL_L(R)_6_5,143,144,0.5,0.5,2,4,
inferior occipital g,Inferior occipital G,LU,6,3.32,5,4,0.762,LOcC,lateral Occipital Cortex,Occipital Lobe,0.6,iOccG,LOcC_L(R)_4_4,205,206,0.3333,0.6,2,5,
inferior lateral occipital cortex,Inferior lateral occipital cortex,U,6,3.54,6,5,0.607,LOcC,lateral Occipital Cortex,Occipital Lobe,0.6,mOccG,LOcC_L(R)_4_1,199,200,0.1786,0.5,4,6,
superior frontal gyrus 9,Superior frontal gyrus (9),U,6,2.51,4,3,0.5769,MFG,Middle Frontal Gyrus,Frontal Lobe,0.5,A9/46d,MFG_L(R)_7_1,15,16,0.2692,0.6667,5,6,
medial frontal gyrus 10,L. Medial Frontal Gyrus (10),LRU,6,2.86,6,5,0.4358,CG,Cingulate Gyrus,Limbic Lobe,0.3333,A10m,SFG_L(R)_7_7,13,14,0.1282,0.5,1,2,
superior occipital gyrus ba 19,Superior occipital gyrus (BA 19),RU,6,3.92,6,5,0.7083,LOcC,lateral Occipital Cortex,Occipital Lobe,0.8,mOccG,LOcC_L(R)_4_1,199,200,0.2083,0.2,3,5,
ventrolateral pfc,Ventrolateral PFC,RU,6,2.58,4,3,0.625,IFG,Inferior Frontal Gyrus,Frontal Lobe,0.8,A45c,IFG_L(R)_6_3,33,34,0.2917,0.4,4,5,
vermis,Vermis,LRU,6,2.91,6,5,0.4472,MVOcC,MedioVentral Occipital Cortex,Occipital Lobe,0.5,rCunG,MVOcC_L(R)_5_2,191,192,0.1316,0.25,3,4,
superior frontal gyrus medial,Superior Frontal Gyrus Medial,U,6,3.72,6,5,0.6539,SFG,Superior Frontal Gyrus,Frontal Lobe,0.6667,A10m,SFG_L(R)_7_7,13,14,0.1923,0.6,2,10,
middle temporal lobe,*Middle temporal lobe,LRU,6,2.83,3,3,0.9375,MTG,Middle Temporal Gyrus,Temporal Lobe,1.0,aSTS,MTG_L(R)_4_4,87,88,0.4375,0.25,1,8,
ba 4,BA 4,RU,6,3.46,6,5,0.586,PoG,Postcentral Gyrus,Parietal Lobe,0.4,A1/2/3ulhf,PoG_L(R)_4_1,155,156,0.1724,0.2,2,5,
superior occipital lobe,Superior occipital lobe,LRU,6,3.12,5,4,0.6667,LOcC,lateral Occipital Cortex,Occipital Lobe,0.6,lsOccG,LOcC_L(R)_2_2,209,210,0.2917,0.625,2,8,
posterior superior temporal gyrus,Posterior superior temporal gyrus,LU,6,2.53,4,3,0.75,pSTS,posterior Superior Temporal Sulcus,Temporal Lobe,0.8333,cpSTS,pSTS_L(R)_2_2,123,124,0.45,0.75,4,4,
anterior prefrontal cortex,Anterior prefrontal cortex,BLU,6,3.1,5,4,0.6154,MFG,Middle Frontal Gyrus,Frontal Lobe,0.6667,A46,MFG_L(R)_7_3,19,20,0.1923,0.5,4,6,
precentralgyrus,Precentralgyrus,LRU,6,3.54,7,6,0.4285,PoG,Postcentral Gyrus,Parietal Lobe,0.3333,A1/2/3ulhf,PoG_L(R)_4_1,155,156,0.0857,0.5,2,4,
inferior temporal lobe,L Inferior temporal lobe,LRU,6,2.88,5,4,0.5334,FuG,Fusiform Gyrus,Temporal Lobe,0.3333,A37lv,FuG_L(R)_3_3,107,108,0.1667,0.5,1,2,
sup fr gy,Sup Fr Gy,U,6,3.79,7,6,0.469,SFG,Superior Frontal Gyrus,Frontal Lobe,0.3333,A8m,SFG_L(R)_7_1,1,2,0.0938,0.0833,1,12,
brain stem,Brain Stem,RU,5,3.1,6,5,0.484,Tha,Thalamus,Subcortical Nuclei,0.6,A32p,CG_L(R)_7_3,179,180,0.0968,0.5,4,4,
medial prefrontal gyrus,Medial prefrontal gyrus,LU,5,2.69,5,4,0.4667,CG,Cingulate Gyrus,Limbic Lobe,0.4,A32sg,CG_L(R)_7_7,187,188,0.1667,0.5,4,4,
inferior parietal lobe ba 40,Inferior parietal lobe BA40,U,5,3.24,5,4,0.6668,IPL,Inferior Parietal Lobule,Parietal Lobe,0.6667,A40rd,IPL_L(R)_6_3,139,140,0.2381,0.6667,2,6,
inferior temporal g,Inferior Temporal G,LU,5,3.23,6,5,0.517,ITG,Inferior Temporal Gyrus,Temporal Lobe,0.6,V5/MT+,LOcC_L(R)_4_2,201,202,0.1034,0.5,4,6,
medial globus pallidus,Medial globus pallidus,RU,5,2.9,5,4,0.5385,BG,Basal Ganglia,Subcortical Nuclei,0.4,mPMtha,Tha_L(R)_8_2,233,234,0.1923,1.0,3,3,
middle temporal gyrus 22,Middle temporal gyrus (22),LRU,5,2.62,4,3,0.7223,pSTS,posterior Superior Temporal Sulcus,Temporal Lobe,0.8,rpSTS,pSTS_L(R)_2_1,121,122,0.3889,0.6667,3,3,
pgacc,pgACC,U,5,2.44,4,3,0.5651,CG,Cingulate Gyrus,Limbic Lobe,0.75,A32sg,CG_L(R)_7_7,187,188,0.3043,0.1667,3,6,
medial orbitofrontal gyrus,L Medial Orbitofrontal Gyrus,LRU,5,2.53,4,3,0.5652,OrG,Orbital Gyrus,Frontal Lobe,0.6,A32sg,CG_L(R)_7_7,187,188,0.2174,0.0,1,1,
lateral orbitofrontal gyrus,Lateral orbitofrontal gyrus,RU,5,2.48,4,3,0.591,OrG,Orbital Gyrus,Frontal Lobe,0.75,A12/47o,OrG_L(R)_6_2,43,44,0.3182,0.75,2,4,
sma 6,SMA (6),LRU,5,2.59,4,3,0.6842,SFG,Superior Frontal Gyrus,Frontal Lobe,0.8,A6m,SFG_L(R)_7_5,9,10,0.3684,0.8,3,5,
crus i,Crus I R,LR,5,2.87,6,5,0.4285,BG,Basal Ganglia,Subcortical Nuclei,0.25,dCa,BG_L(R)_6_5,227,228,0.0857,0.0,3,4,1.0
medial orbital gyrus,L medial orbital gyrus,LRU,5,2.79,5,4,0.4999,OrG,Orbital Gyrus,Frontal Lobe,0.6,A11l,OrG_L(R)_6_3,45,46,0.1786,0.5,2,4,
intraparietal cortex,Right Intraparietal Cortex,LRU,5,3.16,5,4,0.6365,IPL,Inferior Parietal Lobule,Parietal Lobe,0.75,A39rv,IPL_L(R)_6_5,143,144,0.2273,1.0,1,1,
dlpfcb,DLPFCb,RU,5,3.02,5,4,0.5833,MFG,Middle Frontal Gyrus,Frontal Lobe,0.5,A9/46d,MFG_L(R)_7_1,15,16,0.2083,0.75,2,4,
pcun,PCUN,BU,5,2.55,4,3,0.65,Pcun,Precuneus,Parietal Lobe,0.75,A31,PCun_L(R)_4_4,153,154,0.35,0.2,3,5,
cortex,Cortex,U,5,2.97,6,5,0.4545,CG,Cingulate Gyrus,Limbic Lobe,0.4,A23v,CG_L(R)_7_4,181,182,0.0909,0.6,2,5,
pcu ba 7,PCu (BA 7),U,5,3.48,6,5,0.577,Pcun,Precuneus,Parietal Lobe,0.3333,A7m,PCun_L(R)_4_1,147,148,0.1154,0.5714,1,7,
medial frontal cortex,Medial frontal cortex,U,5,2.69,5,4,0.4667,SFG,Superior Frontal Gyrus,Frontal Lobe,0.6,A9m,SFG_L(R)_7_6,11,12,0.1667,0.2857,5,7,
medial thalamus,Left medial thalamus,LU,5,3.5,5,4,0.7779,Tha,Thalamus,Subcortical Nuclei,1.0,lPFtha,Tha_L(R)_8_8,245,246,0.2778,0.6,2,5,
pmv,PMv,U,5,2.44,4,3,0.5651,PrG,Precentral Gyrus,Frontal Lobe,0.8,A6cvl,PrG_L(R)_6_6,63,64,0.3043,0.6,5,10,
rtpj,rTPJ,U,5,3.16,5,4,0.6365,IPL,Inferior Parietal Lobule,Parietal Lobe,0.6,A40c,IPL_L(R)_6_4,141,142,0.2273,0.0,5,5,
pips,L pIPS,LRU,5,4.02,6,5,0.7145,SPL,Superior Parietal Lobule,Parietal Lobe,0.5,A7ip,SPL_L(R)_5_5,133,134,0.1429,1.0,1,2,
head of caudate,Head of caudate,U,5,1.89,3,2,0.75,BG,Basal Ganglia,Subcortical Nuclei,1.0,dCa,BG_L(R)_6_5,227,228,0.5625,0.3333,5,6,
amygdalaa,Amygdalaa,LRU,5,3.31,6,5,0.5355,Amyg,Amygdala,Subcortical Nuclei,0.4,mAmyg,Amyg_L(R)_2_1,211,212,0.1071,0.6667,3,3,
ifj,L IFJ,LRU,5,2.25,4,3,0.4482,PrG,Precentral Gyrus,Frontal Lobe,0.6,A6cvl,PrG_L(R)_6_6,63,64,0.2414,0.0,1,1,
pmd 6,PMd (6),U,5,3.09,5,4,0.6086,PrG,Precentral Gyrus,Frontal Lobe,0.6667,A6cdl,PrG_L(R)_6_2,55,56,0.2174,1.0,2,7,
inf frontal,Inf. frontal L,LR,5,3.77,6,5,0.652,IFG,Inferior Frontal Gyrus,Frontal Lobe,0.6667,IFJ,MFG_L(R)_7_2,17,18,0.1304,1.0,2,3,1.0
parahippocampal gyrus 36,Parahippocampal gyrus (36),LRU,5,2.87,6,5,0.4285,PhG,Parahippocampal Gyrus,Temporal Lobe,0.4,rLinG,MVOcC_L(R)_5_4,195,196,0.0857,1.0,3,3,
rsc,RSC,LRU,5,2.62,4,3,0.6191,Pcun,Precuneus,Parietal Lobe,0.8,dmPOS,PCun_L(R)_4_3,151,152,0.2381,1.0,3,3,
postcentral gyrus ba 2,Right postcentral gyrus (BA 2),RU,5,3.31,6,5,0.5355,IPL,Inferior Parietal Lobule,Parietal Lobe,0.4,A22r,STG_L(R)_6_6,79,80,0.1071,1.0,1,1,
antr insula,Antr. Insula,U,5,2.32,4,3,0.4482,IFG,Inferior Frontal Gyrus,Frontal Lobe,0.4,A44op,IFG_L(R)_6_5,37,38,0.1724,0.2,2,5,
anterior thalamus,anterior thalamus,U,5,2.46,4,3,0.52,Tha,Thalamus,Subcortical Nuclei,0.6,A10m,SFG_L(R)_7_7,13,14,0.2,0.1667,3,6,
post parietal,Post parietal,U,5,2.05,3,2,0.6316,PoG,Postcentral Gyrus,Parietal Lobe,0.6,A2,PoG_L(R)_4_3,159,160,0.3684,1.0,3,5,
pog,L.PoG (Insula),LRU,5,3.23,6,5,0.517,PoG,Postcentral Gyrus,Parietal Lobe,0.4,A1/2/3ulhf,PoG_L(R)_4_1,155,156,0.1034,0.25,3,4,
calcarine fissure and surrounding cortex,LH calcarine fissure and surrounding cortex,LR,5,3.57,6,5,0.6,MVOcC,MedioVentral Occipital Cortex,Occipital Lobe,0.5,OPC,LOcC_L(R)_4_3,203,204,0.12,0.6667,2,3,0.6667
cerebellum 4 5,Cerebellum 4 5,U,5,2.69,5,4,0.4667,MVOcC,MedioVentral Occipital Cortex,Occipital Lobe,0.4,vmPOS,MVOcC_L(R)_5_5,197,198,0.1667,0.5,2,6,
inferior orbitofrontal cortex,Inferior orbitofrontal cortex,RU,5,2.79,5,4,0.4999,INS,Insular Gyrus,Insular Lobe,0.4,dIa,INS_L(R)_6_3,167,168,0.1786,0.6667,3,3,
pre and postcentral gyrus,B pre- and postcentral gyrus,BLRU,5,3.16,5,4,0.6365,PoG,Postcentral Gyrus,Parietal Lobe,0.5,A1/2/3ulhf,PoG_L(R)_4_1,155,156,0.2273,0.2,1,5,
mid front,L mid. front.,LU,5,3.1,6,5,0.484,MFG,Middle Frontal Gyrus,Frontal Lobe,0.5,A32sg,CG_L(R)_7_7,187,188,0.0968,0.8,2,5,
cerebellum anterior lobe,Right cerebellum anterior lobe,RU,5,3.1,6,5,0.484,PhG,Parahippocampal Gyrus,Temporal Lobe,0.25,A23v,CG_L(R)_7_4,181,182,0.0968,1.0,1,1,
mfc,MFC,U,5,2.66,4,3,0.7648,SFG,Superior Frontal Gyrus,Frontal Lobe,1.0,A8m,SFG_L(R)_7_1,1,2,0.4118,0.8,4,5,
rmfg,RMFG,U,5,3.23,6,5,0.517,IFG,Inferior Frontal Gyrus,Frontal Lobe,0.5,A45c,IFG_L(R)_6_3,33,34,0.1034,0.0,3,5,
rostral anterior cingulate cortex,Rostral anterior cingulate cortex,BLRU,5,3.09,5,4,0.6086,CG,Cingulate Gyrus,Limbic Lobe,0.8,A32sg,CG_L(R)_7_7,187,188,0.2174,1.0,2,2,
median cingulate gyrus,Left median cingulate gyrus,LR,5,2.9,5,4,0.5385,CG,Cingulate Gyrus,Limbic Lobe,0.6,A23c,CG_L(R)_7_6,185,186,0.1923,1.0,4,6,1.0
precuneous cortex,Precuneous cortex,BU,5,4.02,6,5,0.7145,Pcun,Precuneus,Parietal Lobe,0.4,A7m,PCun_L(R)_4_1,147,148,0.1429,0.6,4,5,
insula ba 47,Insula (BA 47),RU,5,2.79,5,4,0.4999,INS,Insular Gyrus,Insular Lobe,0.4,A11l,OrG_L(R)_6_3,45,46,0.1786,0.5,2,2,
insular gyrus,Insular gyrus,U,5,3.31,6,5,0.5355,INS,Insular Gyrus,Insular Lobe,0.3333,dIa,INS_L(R)_6_3,167,168,0.1071,0.625,1,8,
nucleus caudatus,Nucleus caudatus,U,5,2.75,4,3,0.7223,BG,Basal Ganglia,Subcortical Nuclei,0.75,dCa,BG_L(R)_6_5,227,228,0.2778,0.6667,3,6,
posterior intraparietal sulcus ba 7,LH posterior intraparietal sulcus (BA 7),LR,5,2.46,4,3,0.52,BG,Basal Ganglia,Subcortical Nuclei,0.4,dCa,BG_L(R)_6_5,227,228,0.2,1.0,2,3,1.0
non bpd,Non-BPD,U,5,3.48,6,5,0.577,CG,Cingulate Gyrus,Limbic Lobe,0.3333,mAmyg,Amyg_L(R)_2_1,211,212,0.1154,0.6,1,5,
frontal sup orb,Frontal_Sup_Orb_L,LR,5,2.69,3,3,0.8125,OrG,Orbital Gyrus,Frontal Lobe,1.0,A11l,OrG_L(R)_6_3,45,46,0.4375,1.0,3,5,1.0
dorsal ifg,Left dorsal IFG,LR,5,3.77,6,5,0.652,IFG,Inferior Frontal Gyrus,Frontal Lobe,0.5,A44d,IFG_L(R)_6_1,29,30,0.1304,1.0,1,4,1.0
superior temporalgyrus,Left superior temporalgyrus,LRU,5,4.8,5,5,0.9375,STG,Superior Temporal Gyrus,Temporal Lobe,1.0,A38m,STG_L(R)_6_1,69,70,0.1875,1.0,1,2,
cerebellum crus i,Cerebellum crus I,RU,5,2.52,5,4,0.4117,LOcC,lateral Occipital Cortex,Occipital Lobe,0.4,mOccG,LOcC_L(R)_4_1,199,200,0.1471,0.75,2,4,
superior medial frontal,Superior Medial Frontal,U,5,3.59,4,4,0.8236,SFG,Superior Frontal Gyrus,Frontal Lobe,1.0,A9l,SFG_L(R)_7_3,5,6,0.2941,0.6667,2,6,
gts ba 22,GTs (BA 22),U,5,3.16,6,5,0.5,INS,Insular Gyrus,Insular Lobe,0.25,cpSTS,pSTS_L(R)_2_2,123,124,0.1,0.3333,1,6,
stg 22,STG (22),U,5,2.79,5,4,0.4999,STG,Superior Temporal Gyrus,Temporal Lobe,0.6,TE1.0 and TE1.2,STG_L(R)_6_3,73,74,0.1786,0.5,3,6,
pregenual anterior cingulate cortex,R pregenual anterior cingulate cortex,LRU,5,2.69,5,4,0.4667,CG,Cingulate Gyrus,Limbic Lobe,0.5,A32sg,CG_L(R)_7_7,187,188,0.1667,0.0,1,3,
cerebellum crus 1,Cerebellum Crus 1,U,5,3.1,6,5,0.484,MVOcC,MedioVentral Occipital Cortex,Occipital Lobe,0.4,V5/MT+,LOcC_L(R)_4_2,201,202,0.0968,0.5,2,6,
cerebellum crus 2,Cerebellum Crus 2,U,5,3.57,6,5,0.6,MVOcC,MedioVentral Occipital Cortex,Occipital Lobe,0.5,V5/MT+,LOcC_L(R)_4_2,201,202,0.12,0.8333,2,6,
posterior cerebellum,Posterior cerebellum,RU,5,3.02,5,4,0.5833,FuG,Fusiform Gyrus,Temporal Lobe,0.4,A37mv,FuG_L(R)_3_2,105,106,0.2083,0.1667,2,6,
fusiform area,L fusiform area,LRU,5,3.57,6,5,0.6,MVOcC,MedioVentral Occipital Cortex,Occipital Lobe,0.3333,rCunG,MVOcC_L(R)_5_2,191,192,0.12,0.5,1,6,
paracentral lobule ba 5,Left Paracentral Lobule BA5,LU,5,3.16,6,5,0.5,CG,Cingulate Gyrus,Limbic Lobe,0.4,A23v,CG_L(R)_7_4,181,182,0.1,0.6667,2,3,
paracentral gyrus,Paracentral gyrus,RU,5,2.83,3,3,0.8125,PCL,Paracentral Lobule,Frontal Lobe,0.6,A1/2/3ll,PCL_L(R)_2_1,65,66,0.3125,0.5,3,4,
gtm ba 21,GTm (BA 21),U,5,4.02,6,5,0.7145,ITG,Inferior Temporal Gyrus,Temporal Lobe,0.5,A37elv,ITG_L(R)_7_2,91,92,0.1429,0.6,1,5,
superior temporal gyrusa,Superior temporal gyrusa,U,5,2.92,6,5,0.441,STG,Superior Temporal Gyrus,Temporal Lobe,0.4,A40rv,IPL_L(R)_6_6,145,146,0.0882,0.8,3,5,
precentral gyrus ba 44,Precentral Gyrus (BA 44),LU,5,2.48,4,3,0.591,PrG,Precentral Gyrus,Frontal Lobe,0.8,A4tl,PrG_L(R)_6_5,61,62,0.3182,0.3333,3,3,
sup parietal,Sup parietal,LRU,5,3.32,5,4,0.7,SPL,Superior Parietal Lobule,Parietal Lobe,0.8,A5l,SPL_L(R)_5_3,129,130,0.25,0.0,2,2,
anterior middle cingulate cortex,Anterior middle cingulate cortex,U,5,3.02,5,4,0.5833,CG,Cingulate Gyrus,Limbic Lobe,0.75,A24rv,CG_L(R)_7_2,177,178,0.2083,0.6667,3,6,
f sup gyrus,L F sup gyrus,LR,5,3.67,6,5,0.625,SFG,Superior Frontal Gyrus,Frontal Lobe,0.5,A8dl,SFG_L(R)_7_2,3,4,0.125,1.0,1,3,1.0
middle inferior occipital gyrus,L middle-inferior occipital gyrus,LRU,5,2.9,5,4,0.5385,LOcC,lateral Occipital Cortex,Occipital Lobe,0.5,iOccG,LOcC_L(R)_4_4,205,206,0.1923,0.0,1,3,
middle frontal sulcus,Middle frontal sulcus,RU,5,3.59,4,4,0.8236,MFG,Middle Frontal Gyrus,Frontal Lobe,1.0,A9/46d,MFG_L(R)_7_1,15,16,0.2941,0.75,4,4,
occipitotemporal cortex,L occipitotemporal cortex,LR,5,3.23,6,5,0.517,LOcC,lateral Occipital Cortex,Occipital Lobe,0.3333,V5/MT+,LOcC_L(R)_4_2,201,202,0.1034,1.0,2,3,1.0
temporal pole sup,Temporal_Pole_Sup_L,LRU,5,2.79,5,4,0.4999,STG,Superior Temporal Gyrus,Temporal Lobe,0.6,A38m,STG_L(R)_6_1,69,70,0.1786,1.0,1,1,
fusiform gyrus ba 19,L fusiform gyrus BA 19,LR,5,3.57,6,5,0.6,FuG,Fusiform Gyrus,Temporal Lobe,0.5,A37mv,FuG_L(R)_3_2,105,106,0.12,1.0,2,2,1.0
orbital frontal gyrus,L. Orbital frontal gyrus,LR,5,2.74,5,4,0.4826,IFG,Inferior Frontal Gyrus,Frontal Lobe,0.5,A45r,IFG_L(R)_6_4,35,36,0.1724,1.0,3,3,1.0
frontal mid orb,Frontal_Mid_Orb_L,LRU,5,3.16,5,4,0.6365,OrG,Orbital Gyrus,Frontal Lobe,0.8,A12/47l,OrG_L(R)_6_6,51,52,0.2273,1.0,1,1,
temporal pole mid,Temporal_Pole_Mid_R,LRU,5,1.9,3,2,0.6,MTG,Middle Temporal Gyrus,Temporal Lobe,0.8,A21r,MTG_L(R)_4_2,83,84,0.45,1.0,1,1,
frontal med orb,Frontal_Med_Orb_R,LR,5,2.07,3,2,0.75,OrG,Orbital Gyrus,Frontal Lobe,1.0,A14m,OrG_L(R)_6_1,41,42,0.4375,1.0,3,3,1.0
frontal medial cortex,Frontal Medial Cortex (Right),LRU,5,2.29,4,3,0.4334,CG,Cingulate Gyrus,Limbic Lobe,0.4,A32sg,CG_L(R)_7_7,187,188,0.1667,0.5,1,2,
temporal occipital fusiform cortex,L temporal occipital fusiform cortex,LRU,5,2.75,4,3,0.7223,FuG,Fusiform Gyrus,Temporal Lobe,0.75,A37lv,FuG_L(R)_3_3,107,108,0.2778,1.0,1,1,
anterior fusiform gyrus,Anterior fusiform gyrus,LRU,5,2.7,4,3,0.6843,FuG,Fusiform Gyrus,Temporal Lobe,0.8,A20rv,FuG_L(R)_3_1,103,104,0.2632,0.6667,3,3,
anterior cingulate gyrus ba 32,Right Anterior cingulate gyrus (BA 32),LRU,5,2.97,6,5,0.4545,SFG,Superior Frontal Gyrus,Frontal Lobe,0.4,dCa,BG_L(R)_6_5,227,228,0.0909,0.0,1,1,
subcallosal cortex,Subcallosal cortex,LU,5,2.74,5,4,0.4826,CG,Cingulate Gyrus,Limbic Lobe,0.6,A24rv,CG_L(R)_7_2,177,178,0.1724,0.5,4,4,
inferior frontal gyrus 9,L inferior frontal gyrus (9),LRU,5,1.89,3,2,0.5455,PrG,Precentral Gyrus,Frontal Lobe,0.8,A6cvl,PrG_L(R)_6_6,63,64,0.4091,0.0,1,1,
inferior frontal gyrus 46,Inferior Frontal Gyrus (46),LRU,5,2.44,4,3,0.5651,IFG,Inferior Frontal Gyrus,Frontal Lobe,0.8,IFS,IFG_L(R)_6_2,31,32,0.3043,0.0,2,2,
dorsomedial pfc,Dorsomedial PFC,U,5,2.79,4,3,0.7647,SFG,Superior Frontal Gyrus,Frontal Lobe,1.0,A8m,SFG_L(R)_7_1,1,2,0.2941,0.6,4,5,
dfc,dFC,LU,5,2.53,4,3,0.5652,PrG,Precentral Gyrus,Frontal Lobe,0.75,A4hf,PrG_L(R)_6_1,53,54,0.2174,0.25,2,4,
posterior medial frontal gyrus,Posterior medial frontal gyrus,LRU,5,2.07,3,2,0.7059,SFG,Superior Frontal Gyrus,Frontal Lobe,1.0,A8m,SFG_L(R)_7_1,1,2,0.4118,0.0,2,2,
posterior thalamus,Posterior thalamus,LRU,5,3.5,5,4,0.7779,Tha,Thalamus,Subcortical Nuclei,1.0,lPFtha,Tha_L(R)_8_8,245,246,0.2778,0.6667,2,3,
inferior occipital gyrus ba 18,Left inferior occipital gyrus BA 18,LR,5,2.83,3,3,0.8125,LOcC,lateral Occipital Cortex,Occipital Lobe,1.0,mOccG,LOcC_L(R)_4_1,199,200,0.3125,0.0,3,3,1.0
inferior longitudinal fasciculus,Inferior longitudinal fasciculus,LRU,5,3.16,6,5,0.5,FuG,Fusiform Gyrus,Temporal Lobe,0.2,A20rv,FuG_L(R)_3_1,103,104,0.1,1.0,1,2,
medfg,MedFG,U,5,2.6,5,4,0.4376,SFG,Superior Frontal Gyrus,Frontal Lobe,0.4,A10m,SFG_L(R)_7_7,13,14,0.1562,0.5714,3,7,
medial dorsal nucleus,Medial Dorsal Nucleus,RU,5,3.02,5,4,0.5833,Tha,Thalamus,Subcortical Nuclei,0.8,rTtha,Tha_L(R)_8_4,237,238,0.2083,0.6667,3,3,
superior frontal gyrus 10,Right superior frontal gyrus (10),RU,5,2.79,4,3,0.7647,MFG,Middle Frontal Gyrus,Frontal Lobe,1.0,A46,MFG_L(R)_7_3,19,20,0.2941,0.1667,2,6,
anterior cingulate and paracingulate gyrus,Anterior cingulate and paracingulate gyri,LRU,5,2.49,4,3,0.5416,CG,Cingulate Gyrus,Limbic Lobe,0.5,A32p,CG_L(R)_7_3,179,180,0.2083,0.75,1,4,
cuneus ba 17,Cuneus (BA17),LRU,5,2.31,4,3,0.4815,MVOcC,MedioVentral Occipital Cortex,Occipital Lobe,0.6,cCunG,MVOcC_L(R)_5_3,193,194,0.2593,0.3333,2,3,
cuneus ba 7,Cuneus (BA 7),LRU,5,3.32,5,4,0.7,Pcun,Precuneus,Parietal Lobe,0.75,dmPOS,PCun_L(R)_4_3,151,152,0.25,0.0,1,2,
lpi ba 40,LPi (BA 40),U,5,3.1,6,5,0.484,IPL,Inferior Parietal Lobule,Parietal Lobe,0.25,A2,PoG_L(R)_4_3,159,160,0.0968,0.3333,1,6,
log,LOG,U,5,3.69,4,4,0.875,LOcC,lateral Occipital Cortex,Occipital Lobe,1.0,V5/MT+,LOcC_L(R)_4_2,201,202,0.3125,0.4286,3,7,
superior parietal ba 7,Left superior parietal (BA 7),LRU,5,2.72,3,3,0.8667,SPL,Superior Parietal Lobule,Parietal Lobe,1.0,A7ip,SPL_L(R)_5_5,133,134,0.4667,0.5,1,2,
superior occipital cortex,Superior occipital cortex,RU,5,3.24,5,4,0.6668,LOcC,lateral Occipital Cortex,Occipital Lobe,0.8,OPC,LOcC_L(R)_4_3,203,204,0.2381,0.75,3,4,
parieto occipital junction,Parieto-occipital junction,LU,5,3.1,6,5,0.484,LOcC,lateral Occipital Cortex,Occipital Lobe,0.25,msOccG,LOcC_L(R)_2_1,207,208,0.0968,0.5,1,4,
ventral tegmental area,Ventral tegmental area,U,5,3.5,5,4,0.7779,Tha,Thalamus,Subcortical Nuclei,1.0,rTtha,Tha_L(R)_8_4,237,238,0.2778,0.0,3,6,
superior occipital gyrus 19,Left superior occipital gyrus (19),LRU,5,1.89,3,2,0.75,IPL,Inferior Parietal Lobule,Parietal Lobe,1.0,A39c,IPL_L(R)_6_1,135,136,0.5625,0.5,1,2,
ba 24,BA 24,RU,5,2.41,4,3,0.5417,CG,Cingulate Gyrus,Limbic Lobe,0.8,A24cd,CG_L(R)_7_5,183,184,0.2917,1.0,3,4,
vii,VII,U,5,3.57,6,5,0.6,MVOcC,MedioVentral Occipital Cortex,Occipital Lobe,0.3333,OPC,LOcC_L(R)_4_3,203,204,0.12,0.2,1,5,
ventral ifg,Right ventral IFG,LRU,5,3.16,5,4,0.6365,OrG,Orbital Gyrus,Frontal Lobe,0.6667,A12/47l,OrG_L(R)_6_6,51,52,0.2273,1.0,1,1,
ventral anterior cingulate cortex,Ventral Anterior Cingulate Cortex,U,4,2.45,4,3,0.5239,CG,Cingulate Gyrus,Limbic Lobe,0.6667,A32sg,CG_L(R)_7_7,187,188,0.2381,0.4,3,5,
ant cingulate gyrus,Ant cingulate gyrus,LRU,4,2.41,4,3,0.5001,CG,Cingulate Gyrus,Limbic Lobe,0.6667,A24cd,CG_L(R)_7_5,183,184,0.2273,0.5,2,2,
ventral lateral nucleus,L Ventral Lateral Nucleus,LRU,4,2.69,4,3,0.6875,Tha,Thalamus,Subcortical Nuclei,1.0,mPFtha,Tha_L(R)_8_1,231,232,0.3125,0.5,2,2,
parietal lobule,Left parietal lobule,LRU,4,2.26,4,3,0.4231,IPL,Inferior Parietal Lobule,Parietal Lobe,0.5,A39rd,IPL_L(R)_6_2,137,138,0.1923,0.6,3,5,
parietal occipital sulcus,Left parietal occipital sulcus (precuneus),LRU,4,2.83,5,4,0.5,Pcun,Precuneus,Parietal Lobe,0.3333,dmPOS,PCun_L(R)_4_3,151,152,0.125,0.5,1,2,
superior orbital,Superior Orbital,U,4,2.45,4,3,0.5239,MFG,Middle Frontal Gyrus,Frontal Lobe,0.6667,A10l,MFG_L(R)_7_7,27,28,0.2381,0.2,2,5,
superior orbital gyrus,Superior orbital gyrus,LRU,4,2.45,4,3,0.5239,OrG,Orbital Gyrus,Frontal Lobe,0.5,A10l,MFG_L(R)_7_7,27,28,0.2381,1.0,2,2,
ifg 47,IFG (47),U,4,2.71,5,4,0.4616,OrG,Orbital Gyrus,Frontal Lobe,0.3333,A44op,IFG_L(R)_6_5,37,38,0.1154,0.5,2,4,
ba 30,BA 30,U,4,2.43,5,4,0.3752,Pcun,Precuneus,Parietal Lobe,0.25,dmPOS,PCun_L(R)_4_3,151,152,0.0938,0.2,2,5,
ba 31,BA 31,U,4,3.21,5,4,0.6316,CG,Cingulate Gyrus,Limbic Lobe,0.5,A23c,CG_L(R)_7_6,185,186,0.1579,0.6,1,10,
gsm 40,GSM (40),U,4,3.3,5,4,0.6668,IPL,Inferior Parietal Lobule,Parietal Lobe,0.5,A40rd,IPL_L(R)_6_3,139,140,0.1667,0.6,1,5,
lpfc,LPFC,U,4,3.04,5,4,0.5716,IFG,Inferior Frontal Gyrus,Frontal Lobe,0.5,A44d,IFG_L(R)_6_1,29,30,0.1429,0.75,3,4,
ventral stream,Right Ventral stream,LR,4,2.71,5,4,0.4616,IPL,Inferior Parietal Lobule,Parietal Lobe,0.25,A39rv,IPL_L(R)_6_5,143,144,0.1154,1.0,1,3,1.0
medial frontal gyrus 6,R. Medial Frontal Gyrus (6),LRU,4,2.64,4,3,0.6471,SFG,Superior Frontal Gyrus,Frontal Lobe,0.75,A6m,SFG_L(R)_7_5,9,10,0.2941,0.5,2,2,
anterior cingulate cortex ba 24,Anterior cingulate cortex (BA 24),LRU,4,2.75,4,3,0.7333,CG,Cingulate Gyrus,Limbic Lobe,1.0,A24cd,CG_L(R)_7_5,183,184,0.3333,1.0,1,1,
difg,dIFG,LU,4,3.74,4,4,0.8572,IFG,Inferior Frontal Gyrus,Frontal Lobe,1.0,IFS,IFG_L(R)_6_2,31,32,0.2143,0.75,2,4,
cuneus ba 19,Cuneus (BA 19),RU,4,3.21,5,4,0.6316,LOcC,lateral Occipital Cortex,Occipital Lobe,0.75,msOccG,LOcC_L(R)_2_1,207,208,0.1579,1.0,2,2,
caudal anterior cingulate cortex,Caudal anterior cingulate cortex,U,4,2.75,4,3,0.7333,CG,Cingulate Gyrus,Limbic Lobe,1.0,A24cd,CG_L(R)_7_5,183,184,0.3333,0.4,3,5,
caudal itg,L caudal ITG,LR,4,3.4,5,4,0.706,LOcC,lateral Occipital Cortex,Occipital Lobe,0.5,V5/MT+,LOcC_L(R)_4_2,201,202,0.1765,1.0,1,4,1.0
middle temporal gyrus ba 37,L. Middle Temporal Gyrus (BA 37),LRU,4,2.3,4,3,0.44,LOcC,lateral Occipital Cortex,Occipital Lobe,0.5,V5/MT+,LOcC_L(R)_4_2,201,202,0.2,0.0,1,2,
inferior occipital lobe,*Inferior occipital lobe,RU,4,2.8,4,3,0.7857,LOcC,lateral Occipital Cortex,Occipital Lobe,1.0,V5/MT+,LOcC_L(R)_4_2,201,202,0.3571,0.6667,1,6,
posterior temporal cortex,Right posterior temporal cortex (TOJ),LRU,4,2.77,5,4,0.48,LOcC,lateral Occipital Cortex,Occipital Lobe,0.5,A37vl,ITG_L(R)_7_5,97,98,0.12,0.5,1,2,
frontal inferior operculum,Frontal Inferior operculum,U,4,2.5,4,3,0.55,PrG,Precentral Gyrus,Frontal Lobe,0.6667,A6cvl,PrG_L(R)_6_6,63,64,0.25,0.0,2,4,
frontal inferior triangularisangularis,Frontal Inferior Triangularisangularis,U,4,2.77,5,4,0.48,IFG,Inferior Frontal Gyrus,Frontal Lobe,0.3333,A9/46v,MFG_L(R)_7_4,21,22,0.12,0.8,1,5,
frontal lobe inferior frontal gyrus,Left frontal lobe. Inferior frontal gyrus,LR,4,3.12,5,4,0.6,IFG,Inferior Frontal Gyrus,Frontal Lobe,0.5,A12/47l,OrG_L(R)_6_6,51,52,0.15,1.0,1,4,1.0
prefrontal area,Prefrontal area,U,4,3.04,5,4,0.5716,IFG,Inferior Frontal Gyrus,Frontal Lobe,0.5,IFS,IFG_L(R)_6_2,31,32,0.1429,0.4,1,5,
precuneus ba 19,L precuneus (BA 19),LR,4,1.97,3,2,0.7143,IPL,Inferior Parietal Lobule,Parietal Lobe,1.0,A39rd,IPL_L(R)_6_2,137,138,0.5,1.0,3,3,1.0
precuneous,Precuneous,RU,4,3.4,5,4,0.706,MVOcC,MedioVentral Occipital Cortex,Occipital Lobe,0.5,rCunG,MVOcC_L(R)_5_2,191,192,0.1765,0.3333,3,3,
ipl 40,IPL (40),LU,4,2.97,5,4,0.5456,IPL,Inferior Parietal Lobule,Parietal Lobe,0.5,A40rv,IPL_L(R)_6_6,145,146,0.1364,0.75,2,4,
thal,L THAL,LRU,4,2.97,5,4,0.5456,Tha,Thalamus,Subcortical Nuclei,0.6667,dCa,BG_L(R)_6_5,227,228,0.1364,0.0,1,1,
cerebellar tonsil,Cerebellar Tonsil,LRU,4,2.47,5,4,0.3872,SFG,Superior Frontal Gyrus,Frontal Lobe,0.25,A9l,SFG_L(R)_7_3,5,6,0.0968,0.3333,2,3,
other,Other,U,4,2.39,5,4,0.3636,BG,Basal Ganglia,Subcortical Nuclei,0.25,vCa,BG_L(R)_6_1,219,220,0.0909,0.5,2,4,
inferior and middle frontal gyrus,Inferior and middle frontal gyri,LRU,4,2.66,5,4,0.4444,IFG,Inferior Frontal Gyrus,Frontal Lobe,0.5,A44d,IFG_L(R)_6_1,29,30,0.1111,0.5,1,2,
operculum,Operculum,LRU,4,2.83,5,4,0.5,INS,Insular Gyrus,Insular Lobe,0.5,dIg,INS_L(R)_6_5,171,172,0.125,1.0,1,2,
inf temp,Inf. temp.,LRU,4,2.55,4,3,0.579,ITG,Inferior Temporal Gyrus,Temporal Lobe,0.75,A20cl,ITG_L(R)_7_6,99,100,0.2632,1.0,1,1,
occipital sup,Occipital_Sup_R,LRU,4,2.8,4,3,0.7857,LOcC,lateral Occipital Cortex,Occipital Lobe,1.0,lsOccG,LOcC_L(R)_2_2,209,210,0.3571,0.6667,1,3,
occipital cortex ba 18,Left occipital cortex (BA 18),LRU,4,3.21,5,4,0.6316,MVOcC,MedioVentral Occipital Cortex,Occipital Lobe,0.6667,mOccG,LOcC_L(R)_4_1,199,200,0.1579,1.0,1,1,
dorsal posterior cingulate cortex,Dorsal posterior cingulate cortex,BRU,4,2.33,4,3,0.4583,CG,Cingulate Gyrus,Limbic Lobe,0.5,A23d,CG_L(R)_7_1,175,176,0.2083,0.5,2,2,
middle frontal gyrus 11,Left middle frontal gyrus (11),LRU,4,2.45,4,3,0.5239,OrG,Orbital Gyrus,Frontal Lobe,0.6667,A11l,OrG_L(R)_6_3,45,46,0.2381,0.5,1,2,
inferior temporalgyrus,L Inferior TemporalGyrus,LR,4,2.6,5,4,0.4284,FuG,Fusiform Gyrus,Temporal Lobe,0.25,A37lv,FuG_L(R)_3_3,107,108,0.1071,0.0,2,3,1.0
inferior triangular,Inferior Triangular,U,4,2.45,4,3,0.5239,IFG,Inferior Frontal Gyrus,Frontal Lobe,0.6667,A45r,IFG_L(R)_6_4,35,36,0.2381,0.3333,3,9,
middle frontal gyrus 10,Middle frontal gyrus (10),U,4,2.75,4,3,0.7333,MFG,Middle Frontal Gyrus,Frontal Lobe,1.0,A46,MFG_L(R)_7_3,19,20,0.3333,0.2857,3,7,
precuneus 19,Left precuneus (19),LU,4,2.55,4,3,0.579,IPL,Inferior Parietal Lobule,Parietal Lobe,0.75,A39c,IPL_L(R)_6_1,135,136,0.2632,1.0,1,1,
dorsal lateral prefrontal cortex,Dorsal lateral prefrontal cortex,LRU,4,2.97,5,4,0.5456,MFG,Middle Frontal Gyrus,Frontal Lobe,0.75,A46,MFG_L(R)_7_3,19,20,0.1364,0.0,2,2,
dorsal central sulcus,Dorsal central sulcus,LRU,4,2.83,5,4,0.5,BG,Basal Ganglia,Subcortical Nuclei,0.3333,GP,BG_L(R)_6_2,221,222,0.125,0.5,1,2,
posterior intraparietal sulcus,right posterior intraparietal sulcus,LRU,4,2.55,4,3,0.579,SPL,Superior Parietal Lobule,Parietal Lobe,0.6667,A7c,SPL_L(R)_5_2,127,128,0.2632,1.0,1,2,
mt ba 37,MT+BA37(L),LR,4,2.51,5,4,0.4,LOcC,lateral Occipital Cortex,Occipital Lobe,0.25,V5/MT+,LOcC_L(R)_4_2,201,202,0.1,0.75,1,4,0.75
fusiform cortex,Fusiform cortex,LRU,4,1.18,1,1,0.8182,FuG,Fusiform Gyrus,Temporal Lobe,1.0,A37lv,FuG_L(R)_3_3,107,108,0.8182,1.0,2,2,
posterior insular cortex,Posterior insular cortex,LU,4,2.39,5,4,0.3636,MFG,Middle Frontal Gyrus,Frontal Lobe,0.25,A9/46d,MFG_L(R)_7_1,15,16,0.0909,0.4,3,5,
internal capsule,Internal capsule,U,4,2.41,4,3,0.5001,BG,Basal Ganglia,Subcortical Nuclei,0.5,vCa,BG_L(R)_6_1,219,220,0.2273,0.5,4,4,
spoc,SPOC,LU,4,2.37,4,3,0.4782,LOcC,lateral Occipital Cortex,Occipital Lobe,0.5,msOccG,LOcC_L(R)_2_1,207,208,0.2174,0.3333,1,3,
irlpfc,iRLPFC left,L,4,2.66,5,4,0.4444,IFG,Inferior Frontal Gyrus,Frontal Lobe,0.3333,IFS,IFG_L(R)_6_2,31,32,0.1111,1.0,1,6,1.0
stga,STGa,U,4,2.5,4,3,0.55,STG,Superior Temporal Gyrus,Temporal Lobe,0.75,A41/42,STG_L(R)_6_2,71,72,0.25,0.4,3,5,
ba 47,BA 47,U,4,2.43,5,4,0.3752,IFG,Inferior Frontal Gyrus,Frontal Lobe,0.25,A45r,IFG_L(R)_6_4,35,36,0.0938,0.5,2,4,
ba 41,BA 41,U,4,2.83,5,4,0.5,STG,Superior Temporal Gyrus,Temporal Lobe,0.3333,A41/42,STG_L(R)_6_2,71,72,0.125,0.6,1,5,
ba 42,BA 42,U,4,1.92,3,2,0.5,IPL,Inferior Parietal Lobule,Parietal Lobe,0.75,A40rv,IPL_L(R)_6_6,145,146,0.35,0.6667,3,6,
pole middle,Pole Middle,U,4,2.5,4,3,0.55,INS,Insular Gyrus,Insular Lobe,0.6667,dIa,INS_L(R)_6_3,167,168,0.25,0.2,2,5,
postcentral sulcus,Postcentral sulcus,RU,4,2.37,4,3,0.4782,IPL,Inferior Parietal Lobule,Parietal Lobe,0.5,A40rd,IPL_L(R)_6_3,139,140,0.2174,0.75,3,4,
gfi ba 47,GFi (BA 47),U,4,2.83,5,4,0.5,INS,Insular Gyrus,Insular Lobe,0.3333,dIa,INS_L(R)_6_3,167,168,0.125,0.5,1,4,
postcentral gyrus 2,Left postcentral gyrus (2),LRU,4,2.59,4,3,0.6112,IPL,Inferior Parietal Lobule,Parietal Lobe,0.6667,A40rd,IPL_L(R)_6_3,139,140,0.2778,1.0,1,1,
precuneusb,Precuneusb,RU,4,2.88,3,3,0.9167,Pcun,Precuneus,Parietal Lobe,1.0,dmPOS,PCun_L(R)_4_3,151,152,0.4167,0.5,2,4,
anterior supramarginal gyrus,Right anterior Supramarginal Gyrus (aSMG),LRU,4,2.09,3,2,0.7142,IPL,Inferior Parietal Lobule,Parietal Lobe,1.0,A40rv,IPL_L(R)_6_6,145,146,0.3571,1.0,1,1,
superior temporal gyrus ba 41,R. Superior Temporal Gyrus (BA 41),RU,4,2.5,4,3,0.55,STG,Superior Temporal Gyrus,Temporal Lobe,0.5,A41/42,STG_L(R)_6_2,71,72,0.25,0.6667,3,3,
anterior temporal lobe,Anterior temporal lobe,RU,4,1.97,3,2,0.6667,MTG,Middle Temporal Gyrus,Temporal Lobe,0.75,A21r,MTG_L(R)_4_2,83,84,0.4667,0.3333,3,3,
anterior temporal pole,Anterior temporal pole,LRU,4,1.97,3,2,0.7143,STG,Superior Temporal Gyrus,Temporal Lobe,1.0,A38l,STG_L(R)_6_5,77,78,0.5,0.0,1,1,
anterior thalamic radiation,Right anterior thalamic radiation,R,4,2.97,5,4,0.5456,Tha,Thalamus,Subcortical Nuclei,0.5,rTtha,Tha_L(R)_8_4,237,238,0.1364,0.0,1,5,1.0
dorsomedial thalamus,Dorsomedial thalamus,LU,4,2.69,4,3,0.6875,Tha,Thalamus,Subcortical Nuclei,1.0,mPFtha,Tha_L(R)_8_1,231,232,0.3125,0.2,3,5,
precentral gy,Precentral Gy,U,4,3.74,4,4,0.8572,PrG,Precentral Gyrus,Frontal Lobe,1.0,A6cdl,PrG_L(R)_6_2,55,56,0.2143,1.0,2,5,
anterior ips,Anterior IPS,LU,4,2.02,3,2,0.5264,IPL,Inferior Parietal Lobule,Parietal Lobe,0.5,A40rd,IPL_L(R)_6_3,139,140,0.2632,0.6667,2,3,
extrastriate vis cortex ba 19,Extrastriate vis cortex (BA19),U,4,2.89,5,4,0.5216,LOcC,lateral Occipital Cortex,Occipital Lobe,0.3333,mOccG,LOcC_L(R)_4_1,199,200,0.1304,0.4,1,5,
extrastriate visual cortex,Extrastriate Visual Cortex,LRU,4,2.55,4,3,0.579,LOcC,lateral Occipital Cortex,Occipital Lobe,0.6667,iOccG,LOcC_L(R)_4_4,205,206,0.2632,1.0,1,2,
precuneus 31,Precuneus (31),LRU,4,2.33,4,3,0.4583,MVOcC,MedioVentral Occipital Cortex,Occipital Lobe,0.5,vmPOS,MVOcC_L(R)_5_5,197,198,0.2083,1.0,2,2,
temporal inferior,Temporal inferior,LRU,4,3.21,5,4,0.6316,ITG,Inferior Temporal Gyrus,Temporal Lobe,0.75,A20r,ITG_L(R)_7_3,93,94,0.1579,1.0,2,2,
anterior insula cortex,L anterior insula cortex,LRU,4,2.71,5,4,0.4616,INS,Insular Gyrus,Insular Lobe,0.3333,A44op,IFG_L(R)_6_5,37,38,0.1154,0.5,1,2,
dorsal premotor,Dorsal premotor,LRU,4,2.6,5,4,0.4284,MFG,Middle Frontal Gyrus,Frontal Lobe,0.5,A6vl,MFG_L(R)_7_6,25,26,0.1071,1.0,1,1,
dorsal pop,Left dorsal POp,LR,4,3.74,4,4,0.8572,IFG,Inferior Frontal Gyrus,Frontal Lobe,1.0,A44op,IFG_L(R)_6_5,37,38,0.2143,1.0,1,3,1.0
cal,CAL,LRU,4,2.97,5,4,0.5456,MVOcC,MedioVentral Occipital Cortex,Occipital Lobe,0.5,rHipp,Hipp_L(R)_2_1,215,216,0.1364,0.5,1,2,
superior medial frontal cortex,Superior medial frontal cortex,LRU,4,2.08,3,2,0.6666,SFG,Superior Frontal Gyrus,Frontal Lobe,1.0,A9m,SFG_L(R)_7_6,11,12,0.3333,0.3333,2,3,
ba 5,BA5,U,4,3.12,5,4,0.6,PCL,Paracentral Lobule,Frontal Lobe,0.3333,A1/2/3ll,PCL_L(R)_2_1,65,66,0.15,0.1667,2,6,
pole superior,Pole Superior,U,4,2.0,3,2,0.5,INS,Insular Gyrus,Insular Lobe,0.5,dId,INS_L(R)_6_6,173,174,0.25,0.75,2,8,
mid frontal gyr,Mid. frontal gyr.,U,4,2.75,4,3,0.7333,MFG,Middle Frontal Gyrus,Frontal Lobe,1.0,A6vl,MFG_L(R)_7_6,25,26,0.3333,0.0,2,5,
cerebellar declive,Cerebellar declive,LRU,4,1.97,3,2,0.625,FuG,Fusiform Gyrus,Temporal Lobe,0.75,A37mv,FuG_L(R)_3_2,105,106,0.4375,1.0,3,3,
lateral inferior parietal cortex ba 40,Left lateral inferior parietal cortex (BA 40),LR,4,3.3,5,4,0.6668,IPL,Inferior Parietal Lobule,Parietal Lobe,0.5,A39rd,IPL_L(R)_6_2,137,138,0.1667,1.0,1,4,1.0
lateral occipitalcortex,Lateral OccipitalCortex R,LRU,4,2.64,4,3,0.6471,LOcC,lateral Occipital Cortex,Occipital Lobe,0.75,V5/MT+,LOcC_L(R)_4_2,201,202,0.2941,0.0,2,2,
mfg ba 6,MFG (BA 6),RU,4,2.39,5,4,0.3636,PrG,Precentral Gyrus,Frontal Lobe,0.25,A6cvl,PrG_L(R)_6_6,63,64,0.0909,0.0,1,2,
retrosplenial cortex ba 31,RH retrosplenial cortex (BA 31),LR,4,2.41,4,3,0.5001,BG,Basal Ganglia,Subcortical Nuclei,0.6667,dCa,BG_L(R)_6_5,227,228,0.2273,0.0,2,3,1.0
rostral acc,rostral ACC,LRU,4,2.6,5,4,0.4284,CG,Cingulate Gyrus,Limbic Lobe,0.5,A32p,CG_L(R)_7_3,179,180,0.1071,1.0,2,2,
rolandic oper,Rolandic_Oper_R,LR,4,2.33,4,3,0.4583,PrG,Precentral Gyrus,Frontal Lobe,0.5,A4tl,PrG_L(R)_6_5,61,62,0.2083,0.0,2,3,1.0
contralesional,Contralesional,U,4,2.66,5,4,0.4444,Tha,Thalamus,Subcortical Nuclei,0.3333,vmPOS,MVOcC_L(R)_5_5,197,198,0.1111,0.0,1,8,
primary motor,Primary motor,LU,4,3.3,5,4,0.6668,PrG,Precentral Gyrus,Frontal Lobe,0.5,A6cdl,PrG_L(R)_6_2,55,56,0.1667,0.4,1,5,
put,L PUT,LRU,4,3.04,5,4,0.5716,BG,Basal Ganglia,Subcortical Nuclei,0.6667,GP,BG_L(R)_6_2,221,222,0.1429,0.0,1,1,
lmfg,LMFG,U,4,2.23,4,3,0.4074,MFG,Middle Frontal Gyrus,Frontal Lobe,0.5,A8vl,MFG_L(R)_7_5,23,24,0.1852,1.0,4,6,
perirhinal cortex,Perirhinal cortex,RU,4,2.45,4,3,0.5239,Hipp,Hippocampus,Subcortical Nuclei,0.5,cHipp,Hipp_L(R)_2_2,217,218,0.2381,1.0,3,3,
acg,ACG,RU,4,2.36,5,4,0.3528,CG,Cingulate Gyrus,Limbic Lobe,0.25,A24cd,CG_L(R)_7_5,183,184,0.0882,0.5,1,2,
anterior cerebellum,Anterior cerebellum,U,4,2.69,4,3,0.6875,MVOcC,MedioVentral Occipital Cortex,Occipital Lobe,0.5,rLinG,MVOcC_L(R)_5_4,195,196,0.3125,0.6,3,5,
transverse temporal,L_Transverse_Temporal,LRU,4,2.59,4,3,0.6112,STG,Superior Temporal Gyrus,Temporal Lobe,0.6667,A41/42,STG_L(R)_6_2,71,72,0.2778,0.5,1,2,
median cingulate,Median cingulate,U,4,2.64,4,3,0.6471,CG,Cingulate Gyrus,Limbic Lobe,0.6667,A24cd,CG_L(R)_7_5,183,184,0.2941,1.0,2,4,
median cingulate and paracingulate gyrus,LH median cingulate and paracingulate gyri,LRU,4,2.71,5,4,0.4616,SFG,Superior Frontal Gyrus,Frontal Lobe,0.3333,A24cd,CG_L(R)_7_5,183,184,0.1154,1.0,1,1,
medial temporal,Medial temporal,RU,4,3.12,5,4,0.6,PhG,Parahippocampal Gyrus,Temporal Lobe,0.5,A21r,MTG_L(R)_4_2,83,84,0.15,0.3333,3,3,
cingulate gyrus 32,right cingulate gyrus (32),LRU,4,2.41,4,3,0.5001,SFG,Superior Frontal Gyrus,Frontal Lobe,0.6667,A8m,SFG_L(R)_7_1,1,2,0.2273,1.0,1,1,
cingulate gyrus ba 23,Cingulate gyrus (BA 23),LU,4,3.21,5,4,0.6316,CG,Cingulate Gyrus,Limbic Lobe,0.75,A23d,CG_L(R)_7_1,175,176,0.1579,0.5,2,2,
cingulate gyrus ba 31,Left cingulate gyrus (BA 31),LRU,4,2.36,5,4,0.3528,BG,Basal Ganglia,Subcortical Nuclei,0.25,dCa,BG_L(R)_6_5,227,228,0.0882,0.0,1,1,
hipp,Hipp.,LRU,4,2.59,4,3,0.6112,Tha,Thalamus,Subcortical Nuclei,0.6667,PPtha,Tha_L(R)_8_5,239,240,0.2778,0.6667,2,3,
gl ba 18,GL (BA 18),U,4,3.21,5,4,0.6316,LOcC,lateral Occipital Cortex,Occipital Lobe,0.5,iOccG,LOcC_L(R)_4_4,205,206,0.1579,0.2,1,5,
ifg pars orbitalis,IFG pars orbitalis,U,4,2.8,4,3,0.7857,OrG,Orbital Gyrus,Frontal Lobe,1.0,A12/47l,OrG_L(R)_6_6,51,52,0.3571,0.5,2,4,
parahippocampal gyrus ba 28,L Parahippocampal gyrus (BA 28),LU,4,2.69,4,3,0.6875,PhG,Parahippocampal Gyrus,Temporal Lobe,0.5,rHipp,Hipp_L(R)_2_1,215,216,0.3125,1.0,1,2,
middle occipital gyrus 18,Middle occipital gyrus (18),LRU,4,1.33,2,1,0.6429,LOcC,lateral Occipital Cortex,Occipital Lobe,1.0,mOccG,LOcC_L(R)_4_1,199,200,0.6429,1.0,2,2,
inferior orbital frontal,Inferior Orbital Frontal,LRU,4,2.5,4,3,0.55,OrG,Orbital Gyrus,Frontal Lobe,0.75,A12/47o,OrG_L(R)_6_2,43,44,0.25,0.3333,1,3,
amcc,aMCC,LRU,4,2.97,5,4,0.5456,CG,Cingulate Gyrus,Limbic Lobe,0.75,A9m,SFG_L(R)_7_6,11,12,0.1364,0.0,2,2,
cingulate motor area,Cingulate motor area,RU,4,2.33,4,3,0.4583,SFG,Superior Frontal Gyrus,Frontal Lobe,0.5,A6m,SFG_L(R)_7_5,9,10,0.2083,0.5,2,2,
cingulate sulcus,Cingulate sulcus,LU,4,2.41,4,3,0.5001,CG,Cingulate Gyrus,Limbic Lobe,0.5,A23c,CG_L(R)_7_6,185,186,0.2273,0.3333,3,3,
limbic lobe,Right limbic lobe,RU,4,2.45,4,3,0.5239,PhG,Parahippocampal Gyrus,Temporal Lobe,0.5,A35/36r,PhG_L(R)_6_1,109,110,0.2381,1.0,1,1,
lateral temporal cortex,Lateral temporal cortex,U,4,2.3,4,3,0.44,ITG,Inferior Temporal Gyrus,Temporal Lobe,0.5,A20il,ITG_L(R)_7_4,95,96,0.2,0.6,3,5,
medial orbito frontal cortex,L medial orbito-frontal cortex,LR,4,2.45,4,3,0.5239,OrG,Orbital Gyrus,Frontal Lobe,0.6667,A14m,OrG_L(R)_6_1,41,42,0.2381,1.0,2,2,1.0
medial prefrontal,Medial prefrontal,LRU,4,2.6,5,4,0.4284,OrG,Orbital Gyrus,Frontal Lobe,0.3333,A14m,OrG_L(R)_6_1,41,42,0.1071,0.3333,2,3,
medial parietal cortex,Medial parietal cortex,U,4,3.4,5,4,0.706,Pcun,Precuneus,Parietal Lobe,0.6667,A7m,PCun_L(R)_4_1,147,148,0.1765,0.25,2,4,
cerebellum posterior lobe,R Cerebellum Posterior Lobe,LRU,4,2.97,5,4,0.5456,FuG,Fusiform Gyrus,Temporal Lobe,0.25,A37lv,FuG_L(R)_3_3,107,108,0.1364,1.0,1,1,
vpm,vPM,U,4,2.41,4,3,0.5001,PrG,Precentral Gyrus,Frontal Lobe,0.6667,A6cvl,PrG_L(R)_6_6,63,64,0.2273,1.0,3,4,
vpmc,vPMC,U,4,2.83,5,4,0.5,PrG,Precentral Gyrus,Frontal Lobe,0.5,A4hf,PrG_L(R)_6_1,53,54,0.125,0.2,2,5,
white matter,White matter,U,4,2.43,5,4,0.3752,CG,Cingulate Gyrus,Limbic Lobe,0.25,A23d,CG_L(R)_7_1,175,176,0.0938,0.5,3,4,
lgn,LGN,U,4,2.07,3,2,0.625,Tha,Thalamus,Subcortical Nuclei,1.0,PPtha,Tha_L(R)_8_5,239,240,0.3125,0.5,2,6,
middle temporal gyrus 39,Right middle temporal gyrus (39),LR,4,2.66,5,4,0.4444,IPL,Inferior Parietal Lobule,Parietal Lobe,0.5,A39c,IPL_L(R)_6_1,135,136,0.1111,0.0,3,3,1.0
frontal middle gyrus,R frontal middle gyrus,LRU,4,2.45,4,3,0.5239,MFG,Middle Frontal Gyrus,Frontal Lobe,0.6667,A6vl,MFG_L(R)_7_6,25,26,0.2381,1.0,1,2,
amfg,aMFG,LRU,4,2.75,4,3,0.7333,MFG,Middle Frontal Gyrus,Frontal Lobe,1.0,A9/46v,MFG_L(R)_7_4,21,22,0.3333,0.5,2,2,
anterior middle temporal gyrus,Anterior middle temporal gyrus,LRU,4,2.77,5,4,0.48,MTG,Middle Temporal Gyrus,Temporal Lobe,0.5,A20r,ITG_L(R)_7_3,93,94,0.12,1.0,2,2,
suprae,SupraE,U,4,2.39,5,4,0.3636,BG,Basal Ganglia,Subcortical Nuclei,0.25,dlPu,BG_L(R)_6_6,229,230,0.0909,0.75,1,4,
ifg 46,IFG (46),U,4,3.04,5,4,0.5716,IFG,Inferior Frontal Gyrus,Frontal Lobe,0.5,A45r,IFG_L(R)_6_4,35,36,0.1429,0.4,2,5,
medial superior frontal cortex,Medial superior frontal cortex,LU,4,2.97,5,4,0.5456,SFG,Superior Frontal Gyrus,Frontal Lobe,0.75,A9m,SFG_L(R)_7_6,11,12,0.1364,0.5,2,2,
pdlpfc,Left pDLPFC,LU,3,2.15,4,3,0.36,IFG,Inferior Frontal Gyrus,Frontal Lobe,0.3333,A44d,IFG_L(R)_6_1,29,30,0.12,0.5,1,2,
pins,R pINS,R,3,2.18,4,3,0.375,IPL,Inferior Parietal Lobule,Parietal Lobe,0.3333,A40rv,IPL_L(R)_6_6,145,146,0.125,0.0,1,4,1.0
medial cerebellum,Right medial cerebellum,RU,3,1.92,3,2,0.4445,MVOcC,MedioVentral Occipital Cortex,Occipital Lobe,0.6667,rCunG,MVOcC_L(R)_5_2,191,192,0.2778,0.0,1,1,
medial cingulate,Medial Cingulate,U,3,2.18,4,3,0.375,CG,Cingulate Gyrus,Limbic Lobe,0.3333,A24cd,CG_L(R)_7_5,183,184,0.125,0.3333,2,3,
lingual gyrusinferior temporal gyrus,Lingual gyrusInferior temporal gyrus,U,3,2.26,4,3,0.4092,MFG,Middle Frontal Gyrus,Frontal Lobe,0.3333,A9/46d,MFG_L(R)_7_1,15,16,0.1364,0.6667,1,3,
linual gyrus,Linual gyrus,LU,3,2.76,4,3,0.6924,MVOcC,MedioVentral Occipital Cortex,Occipital Lobe,0.5,rHipp,Hipp_L(R)_2_1,215,216,0.2308,0.8,2,5,
lingual gyrus 19,Lingual gyrus (19),U,3,2.01,3,2,0.5714,MVOcC,MedioVentral Occipital Cortex,Occipital Lobe,0.6667,vmPOS,MVOcC_L(R)_5_5,197,198,0.3571,1.0,2,3,
lingual gyrus ba 19,Lingual gyrus (BA19),RU,3,2.51,4,3,0.5295,MVOcC,MedioVentral Occipital Cortex,Occipital Lobe,0.6667,A44op,IFG_L(R)_6_5,37,38,0.1765,1.0,1,1,
vacc,vACC,U,3,1.9,3,2,0.4211,CG,Cingulate Gyrus,Limbic Lobe,0.6667,A32sg,CG_L(R)_7_7,187,188,0.2632,0.8333,3,6,
vent apfc,Vent aPFC,LRU,3,1.4,2,1,0.5385,MFG,Middle Frontal Gyrus,Frontal Lobe,1.0,A9/46v,MFG_L(R)_7_4,21,22,0.5385,0.6667,2,3,
ventral acc,Ventral ACC,LU,3,2.03,3,2,0.6154,CG,Cingulate Gyrus,Limbic Lobe,1.0,A24cd,CG_L(R)_7_5,183,184,0.3846,1.0,2,3,
medial frontal g ba 9,Medial frontal G. (BA 9),RU,3,1.88,3,2,0.4,SFG,Superior Frontal Gyrus,Frontal Lobe,0.6667,A10m,SFG_L(R)_7_7,13,14,0.25,0.5,1,2,
lpmtg,LpMTG,U,3,2.45,4,3,0.5001,IPL,Inferior Parietal Lobule,Parietal Lobe,0.3333,A39rv,IPL_L(R)_6_5,143,144,0.1667,1.0,1,3,
lotc,LOTC,U,3,2.51,4,3,0.5295,ITG,Inferior Temporal Gyrus,Temporal Lobe,0.5,A21c,MTG_L(R)_4_1,81,82,0.1765,1.0,1,4,
ventral thalamus,Ventral thalamus,U,3,2.11,4,3,0.3462,BG,Basal Ganglia,Subcortical Nuclei,0.3333,dCa,BG_L(R)_6_5,227,228,0.1154,0.6667,3,3,
ventro lateral prefrontal cortex,R ventro-lateral prefrontal cortex,RU,3,2.18,4,3,0.375,INS,Insular Gyrus,Insular Lobe,0.3333,dIa,INS_L(R)_6_3,167,168,0.125,1.0,1,1,
acc 24,ACC (24),U,3,2.76,4,3,0.6924,CG,Cingulate Gyrus,Limbic Lobe,1.0,A24rv,CG_L(R)_7_2,177,178,0.2308,1.0,2,3,
pmd ba 6,PMd (BA6),U,3,2.4,4,3,0.4737,MFG,Middle Frontal Gyrus,Frontal Lobe,0.6667,IFJ,MFG_L(R)_7_2,17,18,0.1579,0.3333,2,3,
gprc ba 4 6,GPrC (BA 4/6),U,3,2.22,4,3,0.3912,PoG,Postcentral Gyrus,Parietal Lobe,0.3333,A1/2/3ulhf,PoG_L(R)_4_1,155,156,0.1304,0.4,1,5,
gprc ba 6,GPrC (BA 6),U,3,2.83,4,3,0.75,PrG,Precentral Gyrus,Frontal Lobe,1.0,A4hf,PrG_L(R)_6_1,53,54,0.25,0.6667,1,3,
go ba 19,GO (BA 19),U,3,2.45,4,3,0.5001,LOcC,lateral Occipital Cortex,Occipital Lobe,0.5,A39c,IPL_L(R)_6_1,135,136,0.1667,0.3333,1,3,
gfm ba 9,GFm (BA 9),U,3,2.11,4,3,0.3462,MFG,Middle Frontal Gyrus,Frontal Lobe,0.3333,A8vl,MFG_L(R)_7_5,23,24,0.1154,0.75,1,4,
superior medial prefrontal cortex,Left superior medial prefrontal cortex,LRU,3,2.76,4,3,0.6924,SFG,Superior Frontal Gyrus,Frontal Lobe,1.0,A8dl,SFG_L(R)_7_2,3,4,0.2308,1.0,1,1,
superior medial frontal lobe,right superior medial frontal lobe,LRU,3,2.76,4,3,0.6924,SFG,Superior Frontal Gyrus,Frontal Lobe,1.0,A9l,SFG_L(R)_7_3,5,6,0.2308,0.0,1,2,
parietal operculum cortex,R parietal operculum cortex,RU,3,1.92,3,2,0.4445,STG,Superior Temporal Gyrus,Temporal Lobe,0.6667,A22r,STG_L(R)_6_6,79,80,0.2778,0.0,1,1,
ba 37,BA 37,U,3,1.97,3,2,0.5,FuG,Fusiform Gyrus,Temporal Lobe,0.6667,A37lv,FuG_L(R)_3_3,107,108,0.3125,0.6667,3,3,
ba 39,BA 39,LU,3,2.04,3,2,0.6667,IPL,Inferior Parietal Lobule,Parietal Lobe,1.0,A39rv,IPL_L(R)_6_5,143,144,0.4167,1.0,2,2,
ba 23,BA 23,U,3,2.76,4,3,0.6924,CG,Cingulate Gyrus,Limbic Lobe,1.0,A23d,CG_L(R)_7_1,175,176,0.2308,0.6667,3,3,
ifg ba 9,IFG (BA9),RU,3,1.37,2,1,0.5833,IFG,Inferior Frontal Gyrus,Frontal Lobe,1.0,A44d,IFG_L(R)_6_1,29,30,0.5833,1.0,1,1,
ifg oper,IFG oper.,BU,3,2.45,4,3,0.5001,IFG,Inferior Frontal Gyrus,Frontal Lobe,0.5,dId,INS_L(R)_6_6,173,174,0.1667,1.0,1,3,
ifc,IFC,LRU,3,2.45,4,3,0.5001,IFG,Inferior Frontal Gyrus,Frontal Lobe,0.6667,A45r,IFG_L(R)_6_4,35,36,0.1667,1.0,1,1,
ifg 45,IFG (p. Triangularis) 45,U,3,2.04,3,2,0.6667,IFG,Inferior Frontal Gyrus,Frontal Lobe,1.0,A45c,IFG_L(R)_6_3,33,34,0.4167,0.75,2,4,
anterior mtg,Anterior MTG,RU,3,1.97,3,2,0.5,MTG,Middle Temporal Gyrus,Temporal Lobe,0.6667,aSTS,MTG_L(R)_4_4,87,88,0.3125,1.0,2,3,
anterior occipital sulcus,Right anterior occipital sulcus,LR,3,1.37,2,1,0.5833,LOcC,lateral Occipital Cortex,Occipital Lobe,1.0,V5/MT+,LOcC_L(R)_4_2,201,202,0.5833,0.0,2,2,1.0
anterior ofc,Left anterior OFC,LR,3,2.4,4,3,0.4737,MFG,Middle Frontal Gyrus,Frontal Lobe,0.5,A9/46v,MFG_L(R)_7_4,21,22,0.1579,0.0,2,2,1.0
anterior parahippocampal gyrus,Anterior parahippocampal gyrus,RU,3,2.26,4,3,0.4092,BG,Basal Ganglia,Subcortical Nuclei,0.3333,GP,BG_L(R)_6_2,221,222,0.1364,0.5,2,2,
inferior middle frontal gyrus,L inferior + middle frontal gyrus (Area 44),LR,3,2.15,4,3,0.36,IFG,Inferior Frontal Gyrus,Frontal Lobe,0.3333,A44v,IFG_L(R)_6_6,39,40,0.12,0.0,2,2,1.0
middle temporal gyrus 21 22,Middle temporal gyrus (21/22),RU,3,2.03,2,2,0.8,MTG,Middle Temporal Gyrus,Temporal Lobe,1.0,aSTS,MTG_L(R)_4_4,87,88,0.5,0.5,1,2,
posterior parietal lobe,Posterior parietal lobe,U,3,2.56,4,3,0.5625,IPL,Inferior Parietal Lobule,Parietal Lobe,0.5,A39rd,IPL_L(R)_6_2,137,138,0.1875,1.0,2,3,
posterior part of smtg ba 21 22,"Posterior part of SMTG (BA 21, 22)",U,3,2.56,4,3,0.5625,MTG,Middle Temporal Gyrus,Temporal Lobe,0.5,A21c,MTG_L(R)_4_1,81,82,0.1875,1.0,1,3,
frontal orbital,Left frontal orbital,LR,3,2.45,4,3,0.5001,INS,Insular Gyrus,Insular Lobe,0.5,vIa,INS_L(R)_6_2,165,166,0.1667,1.0,1,2,1.0
fppfc,FPPFC,U,3,2.76,4,3,0.6924,MFG,Middle Frontal Gyrus,Frontal Lobe,1.0,A46,MFG_L(R)_7_3,19,20,0.2308,1.0,1,5,
posterior supramarginal gyrus,Posterior supramarginal gyrus,U,3,2.01,3,2,0.5714,pSTS,posterior Superior Temporal Sulcus,Temporal Lobe,0.6667,cpSTS,pSTS_L(R)_2_2,123,124,0.3571,1.0,3,6,
posterior temporal lobe,Posterior Temporal Lobe,LRU,3,2.22,4,3,0.3912,IPL,Inferior Parietal Lobule,Parietal Lobe,0.3333,A39c,IPL_L(R)_6_1,135,136,0.1304,0.0,1,1,
fornix,Fornix,U,3,1.41,2,1,0.5,Tha,Thalamus,Subcortical Nuclei,1.0,rTtha,Tha_L(R)_8_4,237,238,0.5,0.6667,3,3,
fpc,FPC left,LR,3,2.35,4,3,0.45,MFG,Middle Frontal Gyrus,Frontal Lobe,0.5,A46,MFG_L(R)_7_3,19,20,0.15,1.0,1,2,1.0
inferior ofc,Inferior OFC,U,3,2.04,3,2,0.6667,OrG,Orbital Gyrus,Frontal Lobe,1.0,A11l,OrG_L(R)_6_3,45,46,0.4167,0.1429,2,7,
inferior occipital gyrus 19,Inferior occipital gyrus (19),RU,3,2.04,3,2,0.6667,LOcC,lateral Occipital Cortex,Occipital Lobe,1.0,V5/MT+,LOcC_L(R)_4_2,201,202,0.4167,1.0,1,1,
inferior occipital gyrus ba 17,L inferior occipital gyrus (BA 17),LR,3,1.95,3,2,0.4706,LOcC,lateral Occipital Cortex,Occipital Lobe,0.6667,iOccG,LOcC_L(R)_4_4,205,206,0.2941,1.0,2,2,1.0
midfg,MidFG,U,3,2.4,4,3,0.4737,MFG,Middle Frontal Gyrus,Frontal Lobe,0.5,dlPu,BG_L(R)_6_6,229,230,0.1579,0.3333,2,3,
middle temporal gyrusa,Middle temporal gyrusa,LU,3,2.56,4,3,0.5625,MTG,Middle Temporal Gyrus,Temporal Lobe,0.6667,V5/MT+,LOcC_L(R)_4_2,201,202,0.1875,0.5,2,2,
inferior frontal lobe,Inferior frontal lobe,LU,3,2.15,4,3,0.36,IFG,Inferior Frontal Gyrus,Frontal Lobe,0.3333,A45c,IFG_L(R)_6_3,33,34,0.12,0.3333,2,3,
middle temporalgyrus,L Middle TemporalGyrus,LR,3,1.97,3,2,0.5,MTG,Middle Temporal Gyrus,Temporal Lobe,0.6667,aSTS,MTG_L(R)_4_4,87,88,0.3125,1.0,2,2,1.0
inferior frontal triangularis,Inferior frontal triangularis,U,3,2.4,4,3,0.4737,IFG,Inferior Frontal Gyrus,Frontal Lobe,0.6667,IFS,IFG_L(R)_6_2,31,32,0.1579,0.6667,2,3,
inferior fronto occipital fasciculus,Inferior fronto-occipital fasciculus left,L,3,2.35,4,3,0.45,BG,Basal Ganglia,Subcortical Nuclei,0.3333,dlPu,BG_L(R)_6_6,229,230,0.15,0.6667,2,3,0.6667
inferior frontal orbital gyrus,Inferior frontal orbital gyrus,LU,3,2.18,4,3,0.375,OrG,Orbital Gyrus,Frontal Lobe,0.3333,A12/47o,OrG_L(R)_6_2,43,44,0.125,0.0,1,2,
inferior frontal pars triangularis,L inferior frontal pars triangularis,LR,3,2.4,4,3,0.4737,IFG,Inferior Frontal Gyrus,Frontal Lobe,0.5,A45c,IFG_L(R)_6_3,33,34,0.1579,1.0,1,2,1.0
superior cingulate sulcus,Superior cingulate sulcus,U,3,2.26,4,3,0.4092,CG,Cingulate Gyrus,Limbic Lobe,0.3333,A23c,CG_L(R)_7_6,185,186,0.1364,1.0,1,3,
superior and middle temporal gyrus 22 21,"L superior and middle temporal gyrus (22,21)",LR,3,2.83,4,3,0.75,STG,Superior Temporal Gyrus,Temporal Lobe,1.0,A41/42,STG_L(R)_6_2,71,72,0.25,1.0,1,1,1.0
posterior medial frontal cortex,posterior medial frontal cortex,U,3,2.35,4,3,0.45,SFG,Superior Frontal Gyrus,Frontal Lobe,0.5,A24cd,CG_L(R)_7_5,183,184,0.15,0.0,1,3,
brodmann area 6,Brodmann area 6,LRU,3,2.35,4,3,0.45,MFG,Middle Frontal Gyrus,Frontal Lobe,0.6667,A6m,SFG_L(R)_7_5,9,10,0.15,0.5,1,2,
posterior orbital gyrus,posterior orbital gyrus,RU,3,1.37,2,1,0.5833,OrG,Orbital Gyrus,Frontal Lobe,1.0,A11l,OrG_L(R)_6_3,45,46,0.5833,0.5,2,2,
precentral gyr,Precentral gyr.,U,3,2.83,4,3,0.75,PrG,Precentral Gyrus,Frontal Lobe,1.0,A6cdl,PrG_L(R)_6_2,55,56,0.25,0.6667,2,3,
inferior precentral sulcus,inferior precentral sulcus,LU,3,2.83,4,3,0.75,PrG,Precentral Gyrus,Frontal Lobe,1.0,A4hf,PrG_L(R)_6_1,53,54,0.25,0.0,2,2,
middle occipitalgyrus,L Middle OccipitalGyrus,LR,3,2.45,4,3,0.5001,LOcC,lateral Occipital Cortex,Occipital Lobe,0.5,mOccG,LOcC_L(R)_4_1,199,200,0.1667,1.0,1,3,1.0
inferior orbital frontal gyrus,R. Inferior orbital frontal gyrus,LR,3,2.04,3,2,0.6667,OrG,Orbital Gyrus,Frontal Lobe,1.0,A12/47o,OrG_L(R)_6_2,43,44,0.4167,1.0,2,2,1.0
inferior orbital gyrus,L inferior orbital gyrus,LR,3,2.83,4,3,0.75,OrG,Orbital Gyrus,Frontal Lobe,1.0,A12/47o,OrG_L(R)_6_2,43,44,0.25,1.0,1,1,1.0
middle orbital frontal,Middle Orbital Frontal,U,3,2.83,4,3,0.75,OrG,Orbital Gyrus,Frontal Lobe,1.0,A14m,OrG_L(R)_6_1,41,42,0.25,1.0,2,3,
middle orbital frontal gyrus,L Middle Orbital Frontal Gyrus,LR,3,2.4,4,3,0.4737,OrG,Orbital Gyrus,Frontal Lobe,0.6667,A10l,MFG_L(R)_7_7,27,28,0.1579,0.0,2,2,1.0
inferior parietal lob,Inferior parietal lob.,U,3,2.56,4,3,0.5625,IPL,Inferior Parietal Lobule,Parietal Lobe,0.5,A40rd,IPL_L(R)_6_3,139,140,0.1875,1.0,1,3,
inferior parietal lobe 40,Inferior parietal lobe (40),U,3,2.51,4,3,0.5295,SPL,Superior Parietal Lobule,Parietal Lobe,0.5,A5l,SPL_L(R)_5_3,129,130,0.1765,1.0,1,4,
inferior parietal angular gyrus,Inferior parietal - angular gyrus,U,3,2.83,4,3,0.75,IPL,Inferior Parietal Lobule,Parietal Lobe,1.0,A39c,IPL_L(R)_6_1,135,136,0.25,1.0,1,3,
inferior parietal ba 40,Inferior parietal L. (BA 40),LU,3,2.51,4,3,0.5295,IPL,Inferior Parietal Lobule,Parietal Lobe,0.6667,A39rd,IPL_L(R)_6_2,137,138,0.1765,1.0,1,1,
inferior parietal cortex 40,Inferior parietal cortex (40),U,3,2.83,4,3,0.75,IPL,Inferior Parietal Lobule,Parietal Lobe,1.0,A40rd,IPL_L(R)_6_3,139,140,0.25,1.0,1,3,
inferior orbitofrontal gyrus,Inferior Orbitofrontal Gyrus,LU,3,2.45,4,3,0.5001,IFG,Inferior Frontal Gyrus,Frontal Lobe,0.6667,A45r,IFG_L(R)_6_4,35,36,0.1667,0.5,1,2,
sup fr gys,Sup Fr GyS,U,3,2.76,4,3,0.6924,SFG,Superior Frontal Gyrus,Frontal Lobe,1.0,A8dl,SFG_L(R)_7_2,3,4,0.2308,0.3333,1,3,
sup temporal pole,L Sup Temporal Pole,LRU,3,2.45,4,3,0.5001,STG,Superior Temporal Gyrus,Temporal Lobe,0.6667,A38l,STG_L(R)_6_5,77,78,0.1667,1.0,1,3,
sup temp gy,Sup Temp Gy,U,3,2.56,4,3,0.5625,STG,Superior Temporal Gyrus,Temporal Lobe,0.5,A38m,STG_L(R)_6_1,69,70,0.1875,0.25,1,4,
sup medial frontal,R Sup Medial Frontal,RU,3,1.4,2,1,0.5385,SFG,Superior Frontal Gyrus,Frontal Lobe,1.0,A10m,SFG_L(R)_7_7,13,14,0.5385,0.0,2,2,
calcarine gyrus ba 17,Right Calcarine gyrus (BA 17),R,3,2.3,4,3,0.4287,BG,Basal Ganglia,Subcortical Nuclei,0.3333,dCa,BG_L(R)_6_5,227,228,0.1429,0.0,3,3,1.0
calcarine ba 17,L Calcarine (BA 17),LRU,3,2.3,4,3,0.4287,MVOcC,MedioVentral Occipital Cortex,Occipital Lobe,0.3333,cCunG,MVOcC_L(R)_5_3,193,194,0.1429,1.0,1,1,
ppl,PPL,U,3,2.9,3,3,0.8181,SPL,Superior Parietal Lobule,Parietal Lobe,1.0,A7ip,SPL_L(R)_5_5,133,134,0.2727,0.5,1,4,
prc,PrC,U,3,2.4,4,3,0.4737,Hipp,Hippocampus,Subcortical Nuclei,0.3333,rHipp,Hipp_L(R)_2_1,215,216,0.1579,0.3333,3,3,
precentral gyrus ba 9,L precentral gyrus BA 9,LR,3,1.4,2,1,0.5385,MFG,Middle Frontal Gyrus,Frontal Lobe,1.0,IFJ,MFG_L(R)_7_2,17,18,0.5385,0.0,2,2,1.0
dorsolateral frontal gyrus,Dorsolateral frontal gyrus,RU,3,2.15,4,3,0.36,IFG,Inferior Frontal Gyrus,Frontal Lobe,0.3333,A44op,IFG_L(R)_6_5,37,38,0.12,0.5,1,2,
dorsal superior medial frontal gyrus,L Dorsal Superior Medial Frontal Gyrus,LR,3,2.76,4,3,0.6924,SFG,Superior Frontal Gyrus,Frontal Lobe,1.0,A8m,SFG_L(R)_7_1,1,2,0.2308,1.0,1,1,1.0
striate,Striate,U,3,2.51,4,3,0.5295,MVOcC,MedioVentral Occipital Cortex,Occipital Lobe,0.5,cLinG,MVOcC_L(R)_5_1,189,190,0.1765,0.3333,1,6,
striate cortex,L. Striate Cortex,LR,3,2.22,4,3,0.3912,BG,Basal Ganglia,Subcortical Nuclei,0.3333,dCa,BG_L(R)_6_5,227,228,0.1304,0.0,2,2,1.0
middle frontal gyrusa,Right middle frontal gyrusa,R,3,2.15,4,3,0.36,BG,Basal Ganglia,Subcortical Nuclei,0.3333,dlPu,BG_L(R)_6_6,229,230,0.12,0.0,2,3,1.0
anterior insular cortex2,Anterior insular cortex2,U,3,2.45,4,3,0.5001,INS,Insular Gyrus,Insular Lobe,0.5,vIa,INS_L(R)_6_2,165,166,0.1667,0.6667,1,3,
middle frontal gyrus ba 9 46,"L Middle Frontal Gyrus (BA 9, 46)",LU,3,2.03,3,2,0.6154,MFG,Middle Frontal Gyrus,Frontal Lobe,1.0,A9/46d,MFG_L(R)_7_1,15,16,0.3846,0.0,1,1,
anterior mid cingulate cortex,- Anterior mid-cingulate cortex,RU,3,2.11,4,3,0.3462,CG,Cingulate Gyrus,Limbic Lobe,0.3333,A24cd,CG_L(R)_7_5,183,184,0.1154,0.5,2,2,
extrastriate cortex,Extrastriate cortex,LU,3,1.95,3,2,0.4706,MVOcC,MedioVentral Occipital Cortex,Occipital Lobe,0.6667,vmPOS,MVOcC_L(R)_5_5,197,198,0.2941,0.5,2,2,
f3o,F3O,U,3,2.18,4,3,0.375,OrG,Orbital Gyrus,Frontal Lobe,0.3333,A12/47l,OrG_L(R)_6_6,51,52,0.125,0.6,2,5,
extrastriate,Left extrastriate,LR,3,2.63,4,3,0.6,LOcC,lateral Occipital Cortex,Occipital Lobe,0.5,V5/MT+,LOcC_L(R)_4_2,201,202,0.2,1.0,1,1,1.0
pre sma 6,L preSMA (6),LRU,3,2.03,3,2,0.6154,SFG,Superior Frontal Gyrus,Frontal Lobe,1.0,A6m,SFG_L(R)_7_5,9,10,0.3846,1.0,1,2,
fg mask,Left FG mask,LR,3,2.63,4,3,0.6,FuG,Fusiform Gyrus,Temporal Lobe,0.5,A37lv,FuG_L(R)_3_3,107,108,0.2,1.0,1,3,1.0
dorsomedial frontal cortex,L dorsomedial frontal cortex,LU,3,2.76,4,3,0.6924,SFG,Superior Frontal Gyrus,Frontal Lobe,1.0,A9l,SFG_L(R)_7_3,5,6,0.2308,1.0,1,1,
superior temporal gyrus 38,Left superior temporal gyrus (38),LRU,3,2.04,3,2,0.6667,STG,Superior Temporal Gyrus,Temporal Lobe,1.0,A38l,STG_L(R)_6_5,77,78,0.4167,1.0,1,1,
superior temporal gyrus 39,Left superior temporal gyrus (39),LRU,3,1.37,2,1,0.5833,IPL,Inferior Parietal Lobule,Parietal Lobe,1.0,A39rv,IPL_L(R)_6_5,143,144,0.5833,0.6667,1,3,
superior temporal gyurs,Superior Temporal Gyurs,U,3,2.04,3,2,0.6667,STG,Superior Temporal Gyrus,Temporal Lobe,1.0,A22r,STG_L(R)_6_6,79,80,0.4167,0.6667,2,3,
superior temporal gyrus ba 38,L. Superior Temporal Gyrus (BA 38),LRU,3,1.92,3,2,0.4445,INS,Insular Gyrus,Insular Lobe,0.6667,vId/vIg,INS_L(R)_6_4,169,170,0.2778,1.0,1,1,
anterolateral prefrontal cortex,anterolateral prefrontal cortex,U,3,2.15,4,3,0.36,IFG,Inferior Frontal Gyrus,Frontal Lobe,0.3333,A44op,IFG_L(R)_6_5,37,38,0.12,0.6667,1,3,
posterior cingulate ba 30,Posterior cingulate (BA 30),RU,3,2.63,4,3,0.6,MVOcC,MedioVentral Occipital Cortex,Occipital Lobe,0.6667,rCunG,MVOcC_L(R)_5_2,191,192,0.2,0.5,2,2,
fusiform gyrus 20,Fusiform gyrus (20),RU,3,1.99,3,2,0.5333,FuG,Fusiform Gyrus,Temporal Lobe,0.6667,A20rv,FuG_L(R)_3_1,103,104,0.3333,0.75,2,4,
posterior inferior temporal gyrus,Posterior inferior temporal gyrus,RU,3,1.99,3,2,0.5333,LOcC,lateral Occipital Cortex,Occipital Lobe,0.6667,V5/MT+,LOcC_L(R)_4_2,201,202,0.3333,0.25,2,4,
posterior fusiform gyrus,Posterior fusiform gyrus*,LU,3,2.56,4,3,0.5625,FuG,Fusiform Gyrus,Temporal Lobe,0.6667,A37lv,FuG_L(R)_3_3,107,108,0.1875,1.0,1,2,
n accumbens,N. Accumbens,LRU,3,2.04,3,2,0.6667,BG,Basal Ganglia,Subcortical Nuclei,1.0,vCa,BG_L(R)_6_1,219,220,0.4167,1.0,1,2,
dorsal lateral prefrontal cortex 46 9,Left dorsal lateral prefrontal cortex (46/9),LR,3,2.76,4,3,0.6924,MFG,Middle Frontal Gyrus,Frontal Lobe,1.0,A9/46d,MFG_L(R)_7_1,15,16,0.2308,1.0,1,2,1.0
dorsal caudate,R dorsal caudate,RU,3,2.04,3,2,0.6667,BG,Basal Ganglia,Subcortical Nuclei,1.0,vCa,BG_L(R)_6_1,219,220,0.4167,1.0,1,1,
insula anterior,Insula Anterior,U,3,2.45,4,3,0.5001,INS,Insular Gyrus,Insular Lobe,0.5,dId,INS_L(R)_6_6,173,174,0.1667,0.5,1,10,
insular cortex ba 13,Insular cortex BA13,U,3,2.45,4,3,0.5001,INS,Insular Gyrus,Insular Lobe,0.5,dIa,INS_L(R)_6_3,167,168,0.1667,0.3333,1,3,
insular sub lobar,Insular - Sub-lobar,U,3,2.18,4,3,0.375,INS,Insular Gyrus,Insular Lobe,0.3333,dId,INS_L(R)_6_6,173,174,0.125,1.0,1,9,
insulaa,Insulaa,U,3,2.18,4,3,0.375,INS,Insular Gyrus,Insular Lobe,0.3333,vId/vIg,INS_L(R)_6_4,169,170,0.125,0.6667,1,3,
middle frontal gyrus ba 11,Middle frontal gyrus (BA 11),RU,3,1.9,3,2,0.4211,OrG,Orbital Gyrus,Frontal Lobe,0.6667,A11l,OrG_L(R)_6_3,45,46,0.2632,0.0,2,2,
middle frontal gyrus 45,Right Middle Frontal Gyrus (45),RU,3,2.4,4,3,0.4737,MFG,Middle Frontal Gyrus,Frontal Lobe,0.5,A9/46v,MFG_L(R)_7_4,21,22,0.1579,1.0,1,4,
inferior temporal sulcus ba 20 21 37,Left inferior temporal sulcus (BA20/21/37),L,3,2.51,4,3,0.5295,ITG,Inferior Temporal Gyrus,Temporal Lobe,0.5,A20il,ITG_L(R)_7_4,95,96,0.1765,1.0,1,3,1.0
entorhinal cortex,Entorhinal cortex ???,U,3,2.3,4,3,0.4287,FuG,Fusiform Gyrus,Temporal Lobe,0.3333,A20rv,FuG_L(R)_3_1,103,104,0.1429,0.0,2,4,
eba,EBA,U,3,2.22,4,3,0.3912,ITG,Inferior Temporal Gyrus,Temporal Lobe,0.3333,A37vl,ITG_L(R)_7_5,97,98,0.1304,0.3333,3,3,
dorsomedial frontal gyrus,Dorsomedial frontal gyrus,U,3,2.08,4,3,0.3333,CG,Cingulate Gyrus,Limbic Lobe,0.3333,A32sg,CG_L(R)_7_7,187,188,0.1111,0.3333,3,3,
dorsal precentral gyrus and sulcus,Dorsal precentral gyrus and sulcus,U,3,2.83,4,3,0.75,PrG,Precentral Gyrus,Frontal Lobe,1.0,A4hf,PrG_L(R)_6_1,53,54,0.25,0.5,1,4,
inferior frontal gyrus opercularis,Inferior frontal gyrus opercularis,U,3,2.04,3,2,0.6667,IFG,Inferior Frontal Gyrus,Frontal Lobe,1.0,A44v,IFG_L(R)_6_6,39,40,0.4167,0.0,3,3,
inferior frontal gyrus ba 44 45,LH inferior frontal gyrus (BA 44/45),LR,3,2.83,4,3,0.75,IFG,Inferior Frontal Gyrus,Frontal Lobe,1.0,A44d,IFG_L(R)_6_1,29,30,0.25,0.0,2,2,1.0
inferior frontal gyrus ba 46,Inferior frontal gyrus (BA 46),LU,3,2.04,3,2,0.6667,IFG,Inferior Frontal Gyrus,Frontal Lobe,1.0,IFS,IFG_L(R)_6_2,31,32,0.4167,0.0,2,2,
o inferior frontal gyrus,º Inferior frontal gyrus (orb.),U,3,2.45,4,3,0.5001,IFG,Inferior Frontal Gyrus,Frontal Lobe,0.5,A45r,IFG_L(R)_6_4,35,36,0.1667,0.0,1,4,
occipital lingual gyrus,R occipital lingual gyrus,R,3,2.9,3,3,0.8181,MVOcC,MedioVentral Occipital Cortex,Occipital Lobe,1.0,cLinG,MVOcC_L(R)_5_1,189,190,0.2727,0.0,2,3,1.0
occipitotemporal area ba 37,Occipitotemporal area [BA37],U,3,1.99,3,2,0.5333,FuG,Fusiform Gyrus,Temporal Lobe,0.6667,A37lv,FuG_L(R)_3_3,107,108,0.3333,0.6667,2,3,
olfactory,Left olfactory,LRU,3,2.18,4,3,0.375,BG,Basal Ganglia,Subcortical Nuclei,0.3333,vCa,BG_L(R)_6_1,219,220,0.125,0.0,1,1,
inferior frontal gyrus 44,L inferior frontal gyrus (44),LR,3,2.04,3,2,0.6667,PrG,Precentral Gyrus,Frontal Lobe,1.0,A6cvl,PrG_L(R)_6_6,63,64,0.4167,1.0,2,2,1.0
inf par,Inf. par.,LU,3,1.97,3,2,0.5,PoG,Postcentral Gyrus,Parietal Lobe,0.6667,A2,PoG_L(R)_4_3,159,160,0.3125,1.0,1,2,
ofg,R OFG,R,3,2.01,3,2,0.5714,FuG,Fusiform Gyrus,Temporal Lobe,0.6667,A37mv,FuG_L(R)_3_2,105,106,0.3571,0.0,2,3,1.0
orbito frontal region,Orbito-frontal region (R),R,3,2.4,4,3,0.4737,OrG,Orbital Gyrus,Frontal Lobe,0.5,A10l,MFG_L(R)_7_7,27,28,0.1579,0.0,1,3,1.0
inf tp resected area,L Inf Tp – resected area,LR,3,2.45,4,3,0.5001,STG,Superior Temporal Gyrus,Temporal Lobe,0.5,A4tl,PrG_L(R)_6_5,61,62,0.1667,1.0,1,1,1.0
superior parietal lobea,Right superior parietal lobea,R,3,2.51,4,3,0.5295,SPL,Superior Parietal Lobule,Parietal Lobe,0.5,A7ip,SPL_L(R)_5_5,133,134,0.1765,0.0,1,4,1.0
gc ba 31,GC (BA 31),U,3,2.51,4,3,0.5295,CG,Cingulate Gyrus,Limbic Lobe,0.5,A23d,CG_L(R)_7_1,175,176,0.1765,0.0,1,3,
post insula,Post Insula,U,3,1.92,3,2,0.4445,IPL,Inferior Parietal Lobule,Parietal Lobe,0.6667,A40rv,IPL_L(R)_6_6,145,146,0.2778,0.3333,3,3,
post mtg,L post. MTG,LR,3,2.22,4,3,0.3912,ITG,Inferior Temporal Gyrus,Temporal Lobe,0.3333,A37elv,ITG_L(R)_7_2,91,92,0.1304,1.0,2,2,1.0
pstg 22,pSTG(22),U,3,2.69,4,3,0.6429,STG,Superior Temporal Gyrus,Temporal Lobe,0.5,A22c,STG_L(R)_6_4,75,76,0.2143,0.25,1,4,
intraparietal sulcus ba 40,Left intraparietal sulcus (BA 40),LR,3,2.51,4,3,0.5295,SPL,Superior Parietal Lobule,Parietal Lobe,0.6667,A40rd,IPL_L(R)_6_3,139,140,0.1765,1.0,2,2,1.0
anterior cingulate cortex ba 32,Anterior cingulate cortex (BA 32),LU,3,2.11,4,3,0.3462,CG,Cingulate Gyrus,Limbic Lobe,0.3333,A24cd,CG_L(R)_7_5,183,184,0.1154,0.5,2,2,
temporal thalamus,Left temporal thalamus,L,3,2.69,4,3,0.6429,Tha,Thalamus,Subcortical Nuclei,1.0,rTtha,Tha_L(R)_8_4,237,238,0.2143,0.8,1,5,0.8
temporal pole 38,L temporal pole (38),LR,3,2.56,4,3,0.5625,MTG,Middle Temporal Gyrus,Temporal Lobe,0.5,A21r,MTG_L(R)_4_2,83,84,0.1875,1.0,2,5,1.0
anterior dorsolateral prefrontal cortex,LEFT ANTERIOR DORSOLATERAL PREFRONTAL CORTEX,LRU,3,2.4,4,3,0.4737,MFG,Middle Frontal Gyrus,Frontal Lobe,0.6667,IFS,IFG_L(R)_6_2,31,32,0.1579,0.0,1,3,
anterior fusiform,Anterior fusiform,U,3,2.63,4,3,0.6,FuG,Fusiform Gyrus,Temporal Lobe,0.6667,A37mv,FuG_L(R)_3_2,105,106,0.2,0.6667,3,3,
anterior cingulated cortex,Anterior cingulated cortex,LU,3,2.4,4,3,0.4737,CG,Cingulate Gyrus,Limbic Lobe,0.6667,NAC,BG_L(R)_6_3,223,224,0.1579,1.0,1,1,
temporo basal,Temporo-basal,U,3,2.26,4,3,0.4092,FuG,Fusiform Gyrus,Temporal Lobe,0.3333,A20rv,FuG_L(R)_3_1,103,104,0.1364,0.25,1,4,
sube,SubE,U,3,2.35,4,3,0.45,Amyg,Amygdala,Subcortical Nuclei,0.3333,lAmyg,Amyg_L(R)_2_2,213,214,0.15,0.6667,1,3,
substantia nigra,L Substantia nigra,LRU,3,2.56,4,3,0.5625,Tha,Thalamus,Subcortical Nuclei,0.6667,cHipp,Hipp_L(R)_2_2,217,218,0.1875,0.0,1,1,
caudate nucleus head,R caudate nucleus head,R,3,2.83,4,3,0.75,BG,Basal Ganglia,Subcortical Nuclei,1.0,vCa,BG_L(R)_6_1,219,220,0.25,0.0,1,3,1.0
caudate tail,Caudate tail,RU,3,2.04,3,2,0.6667,BG,Basal Ganglia,Subcortical Nuclei,1.0,dCa,BG_L(R)_6_5,227,228,0.4167,0.5,2,2,
subgenual cingulate,Subgenual cingulate,LU,3,1.9,3,2,0.4211,OrG,Orbital Gyrus,Frontal Lobe,0.6667,A13,OrG_L(R)_6_5,49,50,0.2632,1.0,2,2,
precuneus and,Bilateral precuneus and extend to calcarine gyrus,B,3,2.51,4,3,0.5295,Pcun,Precuneus,Parietal Lobe,0.6667,A23v,CG_L(R)_7_4,181,182,0.1765,0.0,2,3,
gfi ba 44,GFi (BA 44),U,3,2.26,4,3,0.4092,PrG,Precentral Gyrus,Frontal Lobe,0.3333,A6cvl,PrG_L(R)_6_6,63,64,0.1364,0.2,1,5,
associative visual cortex,ASSOCIATIVE VISUAL CORTEX (R),RU,3,1.92,3,2,0.4445,LOcC,lateral Occipital Cortex,Occipital Lobe,0.6667,mOccG,LOcC_L(R)_4_1,199,200,0.2778,0.0,1,1,
area 6,Area 6,U,3,2.15,4,3,0.36,LOcC,lateral Occipital Cortex,Occipital Lobe,0.3333,iOccG,LOcC_L(R)_4_4,205,206,0.12,0.6667,2,3,
ba 18,BA 18,U,3,2.51,4,3,0.5295,LOcC,lateral Occipital Cortex,Occipital Lobe,0.5,cCunG,MVOcC_L(R)_5_3,193,194,0.1765,0.5,1,4,
paracingulate,Paracingulate,RU,3,1.88,3,2,0.4,SFG,Superior Frontal Gyrus,Frontal Lobe,0.6667,A10m,SFG_L(R)_7_7,13,14,0.25,0.0,1,2,
paracentral lobe,Left paracentral lobe,LU,3,2.01,3,2,0.5714,PCL,Paracentral Lobule,Frontal Lobe,0.6667,A1/2/3ll,PCL_L(R)_2_1,65,66,0.3571,0.5,1,4,
orbitomedial prefrontal cortex,Orbitomedial Prefrontal Cortex,U,3,2.4,4,3,0.4737,MFG,Middle Frontal Gyrus,Frontal Lobe,0.5,A9/46v,MFG_L(R)_7_4,21,22,0.1579,0.6667,1,3,
superior temporal gyrus 41,L. Superior Temporal Gyrus (41),LR,3,2.69,4,3,0.6429,STG,Superior Temporal Gyrus,Temporal Lobe,0.5,A41/42,STG_L(R)_6_2,71,72,0.2143,1.0,1,1,1.0
inf fr gy,Inf Fr Gy,U,3,2.18,4,3,0.375,INS,Insular Gyrus,Insular Lobe,0.3333,vIa,INS_L(R)_6_2,165,166,0.125,0.2857,1,7,
superior gyrus,Superior gyrus,U,3,2.26,4,3,0.4092,PoG,Postcentral Gyrus,Parietal Lobe,0.3333,A1/2/3tonIa,PoG_L(R)_4_2,157,158,0.1364,0.0,1,3,
ba 43,BA43,RU,3,2.56,4,3,0.5625,PoG,Postcentral Gyrus,Parietal Lobe,0.6667,dId,INS_L(R)_6_6,173,174,0.1875,1.0,2,2,
cerebellum lobule vi,Cerebellum lobule VI,LU,3,2.69,4,3,0.6429,FuG,Fusiform Gyrus,Temporal Lobe,0.6667,A37mv,FuG_L(R)_3_2,105,106,0.2143,0.5,2,2,
cerebellum culmen,Cerebellum culmen,RU,3,2.56,4,3,0.5625,FuG,Fusiform Gyrus,Temporal Lobe,0.3333,A37mv,FuG_L(R)_3_2,105,106,0.1875,0.0,1,1,
stg ba 22,L. STG (BA 22),LR,3,1.97,3,2,0.5,STG,Superior Temporal Gyrus,Temporal Lobe,0.6667,TE1.0 and TE1.2,STG_L(R)_6_3,73,74,0.3125,0.0,2,3,1.0
somatosensory association cortex,Somatosensory association cortex,U,3,2.9,3,3,0.8181,SPL,Superior Parietal Lobule,Parietal Lobe,1.0,A7c,SPL_L(R)_5_2,127,128,0.2727,0.5,1,6,
cuneus ba 17 18,R. cuneus (BA 17/18),R,3,2.9,3,3,0.8181,MVOcC,MedioVentral Occipital Cortex,Occipital Lobe,1.0,cLinG,MVOcC_L(R)_5_1,189,190,0.2727,0.0,2,3,1.0
rdlpfc,rDLPFC,U,3,2.4,4,3,0.4737,MFG,Middle Frontal Gyrus,Frontal Lobe,0.5,A9/46d,MFG_L(R)_7_1,15,16,0.1579,0.0,2,3,
rectal gyrus ba 11,L Rectal gyrus (BA 11),LR,3,1.88,3,2,0.4,OrG,Orbital Gyrus,Frontal Lobe,0.6667,A13,OrG_L(R)_6_5,49,50,0.25,1.0,2,3,1.0
juxtapositional lobule cortex,Juxtapositional Lobule Cortex,U,3,2.03,3,2,0.6154,SFG,Superior Frontal Gyrus,Frontal Lobe,1.0,A6m,SFG_L(R)_7_5,9,10,0.3846,1.0,2,3,
mid tp,L Mid Tp,LR,3,2.45,4,3,0.5001,MTG,Middle Temporal Gyrus,Temporal Lobe,0.3333,A37dl,MTG_L(R)_4_3,85,86,0.1667,0.5,1,2,0.5
middle anterior cingulate cortex,Middle-anterior cingulate cortex,U,3,2.35,4,3,0.45,CG,Cingulate Gyrus,Limbic Lobe,0.5,A32p,CG_L(R)_7_3,179,180,0.15,1.0,1,3,
premotor area,Premotor area,U,3,2.35,4,3,0.45,SFG,Superior Frontal Gyrus,Frontal Lobe,0.6667,A8vl,MFG_L(R)_7_5,23,24,0.15,0.6667,2,3,
pregenual acc,Pregenual ACC,U,3,1.9,3,2,0.4211,CG,Cingulate Gyrus,Limbic Lobe,0.6667,A32sg,CG_L(R)_7_7,187,188,0.2632,0.5,2,6,
premotor,Premotor left,LR,3,2.35,4,3,0.45,SFG,Superior Frontal Gyrus,Frontal Lobe,0.6667,A6vl,MFG_L(R)_7_6,25,26,0.15,0.0,2,2,1.0
dorsal mpfc,Dorsal MPFC,U,3,2.76,4,3,0.6924,SFG,Superior Frontal Gyrus,Frontal Lobe,1.0,A8m,SFG_L(R)_7_1,1,2,0.2308,1.0,3,3,
pstg,pSTG,RU,3,2.01,3,2,0.5714,pSTS,posterior Superior Temporal Sulcus,Temporal Lobe,0.6667,cpSTS,pSTS_L(R)_2_2,123,124,0.3571,0.5,2,2,
prestriate,Prestriate,U,3,2.51,4,3,0.5295,MVOcC,MedioVentral Occipital Cortex,Occipital Lobe,0.5,iOccG,LOcC_L(R)_4_4,205,206,0.1765,0.6,1,5,
presupplementary motor area,Presupplementary motor area,U,3,2.03,3,2,0.6154,SFG,Superior Frontal Gyrus,Frontal Lobe,1.0,A8m,SFG_L(R)_7_1,1,2,0.3846,0.3333,3,3,
rostral middle frontal gyrus,Rostral middle frontal gyrus,LU,3,2.03,3,2,0.6154,MFG,Middle Frontal Gyrus,Frontal Lobe,1.0,A9/46v,MFG_L(R)_7_4,21,22,0.3846,0.0,1,2,
rostral portion of the postcentral gyrus,Rostral portion of the postcentral gyrus,U,3,2.56,4,3,0.5625,PoG,Postcentral Gyrus,Parietal Lobe,0.5,A1/2/3ulhf,PoG_L(R)_4_1,155,156,0.1875,0.5,1,12,
mfg 9,MFG (9),U,3,2.76,4,3,0.6924,MFG,Middle Frontal Gyrus,Frontal Lobe,1.0,A9/46d,MFG_L(R)_7_1,15,16,0.2308,0.3333,2,3,
mediodorsal thalamus,Mediodorsal thalamus L,LU,3,2.01,3,2,0.5714,Tha,Thalamus,Subcortical Nuclei,1.0,mPFtha,Tha_L(R)_8_1,231,232,0.3571,0.5,2,2,
mefg,Bilateral MeFG,BU,3,2.35,4,3,0.45,SFG,Superior Frontal Gyrus,Frontal Lobe,0.5,A32sg,CG_L(R)_7_7,187,188,0.15,0.5,1,2,
lateral occ cortex,Lateral Occ. Cortex,U,3,2.56,4,3,0.5625,MTG,Middle Temporal Gyrus,Temporal Lobe,0.5,A37dl,MTG_L(R)_4_3,85,86,0.1875,1.0,1,5,
lateral frontal cortex,Lateral frontal cortex,LU,3,1.9,3,2,0.4211,IFG,Inferior Frontal Gyrus,Frontal Lobe,0.6667,IFS,IFG_L(R)_6_2,31,32,0.2632,0.5,2,2,
mid fr gyh,Mid Fr GyH,U,3,2.76,4,3,0.6924,MFG,Middle Frontal Gyrus,Frontal Lobe,1.0,A8vl,MFG_L(R)_7_5,23,24,0.2308,0.0,1,4,
ips posterior,IPS posterior,U,3,2.22,4,3,0.3912,LOcC,lateral Occipital Cortex,Occipital Lobe,0.3333,lsOccG,LOcC_L(R)_2_2,209,210,0.1304,1.0,1,5,
cerebellum declive,Cerebellum declive,LRU,3,2.35,4,3,0.45,FuG,Fusiform Gyrus,Temporal Lobe,0.3333,A37mv,FuG_L(R)_3_2,105,106,0.15,0.0,1,1,
superior longitudinal fasciculus,L superior longitudinal fasciculus,L,3,2.18,4,3,0.375,CG,Cingulate Gyrus,Limbic Lobe,0.3333,A23c,CG_L(R)_7_6,185,186,0.125,0.6667,2,3,0.6667
ba 9 middle frontal gyrus,Left BA9 middle frontal gyrus,LR,3,2.4,4,3,0.4737,MFG,Middle Frontal Gyrus,Frontal Lobe,0.5,A44d,IFG_L(R)_6_1,29,30,0.1579,0.0,1,1,1.0
post hippocampus,L Post. Hippocampus,L,3,1.97,3,2,0.5,Hipp,Hippocampus,Subcortical Nuclei,0.6667,cHipp,Hipp_L(R)_2_2,217,218,0.3125,1.0,2,3,1.0
inf frontal orb,L Inf Frontal Orb,L,3,2.83,4,3,0.75,OrG,Orbital Gyrus,Frontal Lobe,1.0,A12/47o,OrG_L(R)_6_2,43,44,0.25,1.0,1,3,1.0
inf front,L inf front (op),L,3,2.18,4,3,0.375,IFG,Inferior Frontal Gyrus,Frontal Lobe,0.3333,A45r,IFG_L(R)_6_4,35,36,0.125,1.0,1,4,1.0
ifg opercularis,IFG opercularis,LU,3,1.92,3,2,0.4445,IFG,Inferior Frontal Gyrus,Frontal Lobe,0.6667,A44v,IFG_L(R)_6_6,39,40,0.2778,1.0,2,2,
ifg orbit,L IFG orbit.,LR,3,2.45,4,3,0.5001,OrG,Orbital Gyrus,Frontal Lobe,0.5,A12/47l,OrG_L(R)_6_6,51,52,0.1667,0.0,1,3,1.0
ifg p tr,IFG-P-Tr,U,3,2.45,4,3,0.5001,IFG,Inferior Frontal Gyrus,Frontal Lobe,0.5,A45c,IFG_L(R)_6_3,33,34,0.1667,1.0,1,3,
ifg triang,R IFG triang.,LR,3,2.4,4,3,0.4737,IFG,Inferior Frontal Gyrus,Frontal Lobe,0.5,A45r,IFG_L(R)_6_4,35,36,0.1579,0.0,2,2,1.0
ifg triangularis,IFG triangularis,U,3,2.83,4,3,0.75,IFG,Inferior Frontal Gyrus,Frontal Lobe,1.0,A45c,IFG_L(R)_6_3,33,34,0.25,0.6667,1,3,
ifg pars opercularis 44,IFG pars opercularis (44*),U,3,2.15,4,3,0.36,PrG,Precentral Gyrus,Frontal Lobe,0.3333,A6cvl,PrG_L(R)_6_6,63,64,0.12,0.5,1,4,
pitg,L pITG,LRU,3,2.56,4,3,0.5625,ITG,Inferior Temporal Gyrus,Temporal Lobe,0.6667,A37lv,FuG_L(R)_3_3,107,108,0.1875,0.0,1,1,
gfs ba 10,GFs (BA 10),U,3,2.4,4,3,0.4737,MFG,Middle Frontal Gyrus,Frontal Lobe,0.5,A46,MFG_L(R)_7_3,19,20,0.1579,0.3333,1,6,
gl ba 19,GL (BA 19),U,3,2.35,4,3,0.45,FuG,Fusiform Gyrus,Temporal Lobe,0.3333,A37lv,FuG_L(R)_3_3,107,108,0.15,0.3333,1,3,
cma,CMA,U,3,2.35,4,3,0.45,SFG,Superior Frontal Gyrus,Frontal Lobe,0.6667,A24cd,CG_L(R)_7_5,183,184,0.15,0.6667,2,3,
cingulate gyrus ba 24,Cingulate gyrus (BA 24),LU,3,2.03,3,2,0.6154,CG,Cingulate Gyrus,Limbic Lobe,1.0,A23c,CG_L(R)_7_6,185,186,0.3846,0.5,2,2,
ternporal mid,Ternporal_Mid_R,R,3,2.56,4,3,0.5625,MTG,Middle Temporal Gyrus,Temporal Lobe,0.5,A39c,IPL_L(R)_6_1,135,136,0.1875,0.0,1,3,1.0
medial temporal cortex,Medial temporal cortex,RU,3,2.45,4,3,0.5001,MTG,Middle Temporal Gyrus,Temporal Lobe,0.3333,A21r,MTG_L(R)_4_2,83,84,0.1667,0.0,2,2,
transverse temporal sulcus,Transverse temporal sulcus,U,3,2.04,3,2,0.6667,STG,Superior Temporal Gyrus,Temporal Lobe,1.0,A41/42,STG_L(R)_6_2,71,72,0.4167,0.6667,2,3,
trans temporal gyrus,Trans temporal gyrus,BU,3,1.97,3,2,0.5,PoG,Postcentral Gyrus,Parietal Lobe,0.6667,A1/2/3tonIa,PoG_L(R)_4_2,157,158,0.3125,1.0,2,3,
thalamus lateral nucleus,Thalamus lateral nucleus,U,3,2.69,4,3,0.6429,Tha,Thalamus,Subcortical Nuclei,1.0,mPMtha,Tha_L(R)_8_2,233,234,0.2143,0.3333,1,3,
anterior cingulate 32,Anterior cingulate (32),U,3,1.9,3,2,0.4211,CG,Cingulate Gyrus,Limbic Lobe,0.6667,A32sg,CG_L(R)_7_7,187,188,0.2632,1.0,3,3,
mesial cingulate cortex,Mesial cingulate cortex,U,3,2.35,4,3,0.45,BG,Basal Ganglia,Subcortical Nuclei,0.5,dCa,BG_L(R)_6_5,227,228,0.15,0.5,1,4,
ventral anterior cingulate,ventral anterior cingulate,U,3,2.4,4,3,0.4737,CG,Cingulate Gyrus,Limbic Lobe,0.6667,A24rv,CG_L(R)_7_2,177,178,0.1579,0.3333,2,3,
anterior cingulate cortex 32,Anterior cingulate cortex (32),U,3,2.35,4,3,0.45,SFG,Superior Frontal Gyrus,Frontal Lobe,0.5,A10m,SFG_L(R)_7_7,13,14,0.15,0.5,1,4,
dacc ba 32,Left dACC (BA 32),LRU,3,2.35,4,3,0.45,CG,Cingulate Gyrus,Limbic Lobe,0.6667,A32p,CG_L(R)_7_3,179,180,0.15,0.0,1,1,
rlpfc,L RLPFC,LU,3,2.03,3,2,0.6154,MFG,Middle Frontal Gyrus,Frontal Lobe,1.0,A9/46v,MFG_L(R)_7_4,21,22,0.3846,1.0,1,1,
ltpj,LTPJ,U,3,2.69,4,3,0.6429,IPL,Inferior Parietal Lobule,Parietal Lobe,0.6667,A40c,IPL_L(R)_6_4,141,142,0.2143,1.0,2,3,
limbic lobe anterior cingulate gyrus,Left limbic lobe. Anterior cingulate gyrus,LR,3,2.35,4,3,0.45,SFG,Superior Frontal Gyrus,Frontal Lobe,0.5,A9m,SFG_L(R)_7_6,11,12,0.15,1.0,1,4,1.0
lingual gy,Lingual Gy,U,3,2.9,3,3,0.8181,MVOcC,MedioVentral Occipital Cortex,Occipital Lobe,1.0,rLinG,MVOcC_L(R)_5_4,195,196,0.2727,0.5,2,4,
medial prefrontal cortex ba 10,Medial prefrontal cortex (BA10),LU,3,1.88,3,2,0.4,SFG,Superior Frontal Gyrus,Frontal Lobe,0.6667,A10m,SFG_L(R)_7_7,13,14,0.25,0.0,1,2,
lateral rostral pfc ba 10,Left lateral rostral PFC (BA 10),LR,3,2.76,4,3,0.6924,MFG,Middle Frontal Gyrus,Frontal Lobe,1.0,A46,MFG_L(R)_7_3,19,20,0.2308,1.0,1,4,1.0
rsma,rSMA,U,3,2.63,4,3,0.6,SFG,Superior Frontal Gyrus,Frontal Lobe,0.5,A4ll,PCL_L(R)_2_2,67,68,0.2,0.3333,2,3,
rpsts,RpSTS,U,3,1.94,2,2,1.0,pSTS,posterior Superior Temporal Sulcus,Temporal Lobe,1.0,rpSTS,pSTS_L(R)_2_1,121,122,0.625,0.0,2,4,
cuneus 17,Cuneus (17),LRU,3,1.95,3,2,0.4706,LOcC,lateral Occipital Cortex,Occipital Lobe,0.6667,OPC,LOcC_L(R)_4_3,203,204,0.2941,0.5,1,2,
cingulate gyrus 31,Cingulate Gyrus (31),LRU,3,1.95,3,2,0.4706,CG,Cingulate Gyrus,Limbic Lobe,0.6667,A23d,CG_L(R)_7_1,175,176,0.2941,1.0,1,2,
aipl,aIPL,U,3,2.56,4,3,0.5625,IPL,Inferior Parietal Lobule,Parietal Lobe,0.6667,A40rd,IPL_L(R)_6_3,139,140,0.1875,0.3333,2,3,
ang gyr,Ang. Gyr,U,3,2.04,3,2,0.6667,IPL,Inferior Parietal Lobule,Parietal Lobe,1.0,A39rv,IPL_L(R)_6_5,143,144,0.4167,0.6364,2,11,
acc ba 32,L. ACC BA32,LR,3,1.88,3,2,0.4,SFG,Superior Frontal Gyrus,Frontal Lobe,0.6667,A9m,SFG_L(R)_7_6,11,12,0.25,0.0,2,2,1.0
amyg,L AMYG,LR,3,2.56,4,3,0.5625,Amyg,Amygdala,Subcortical Nuclei,0.3333,lAmyg,Amyg_L(R)_2_2,213,214,0.1875,1.0,2,2,1.0
vips,R VIPS,RU,3,1.92,3,2,0.4445,LOcC,lateral Occipital Cortex,Occipital Lobe,0.6667,lsOccG,LOcC_L(R)_2_2,209,210,0.2778,0.0,1,2,
aloc,aLOC left,L,3,2.56,4,3,0.5625,FuG,Fusiform Gyrus,Temporal Lobe,0.5,A37mv,FuG_L(R)_3_2,105,106,0.1875,1.0,1,3,1.0
ventral mpfc,Left ventral mPFC,LU,3,1.9,3,2,0.4211,CG,Cingulate Gyrus,Limbic Lobe,0.6667,A32sg,CG_L(R)_7_7,187,188,0.2632,1.0,2,2,
ventral anterior cingulate cortex 24,L ventral Anterior Cingulate Cortex (24),LR,3,2.4,4,3,0.4737,CG,Cingulate Gyrus,Limbic Lobe,0.6667,A32sg,CG_L(R)_7_7,187,188,0.1579,1.0,2,2,1.0
angular cortex,Angular cortex,LRU,3,2.04,3,2,0.6667,IPL,Inferior Parietal Lobule,Parietal Lobe,1.0,A39rv,IPL_L(R)_6_5,143,144,0.4167,1.0,1,1,
ventral posterior cingulate cortex,Ventral posterior cingulate cortex,RU,3,2.51,4,3,0.5295,CG,Cingulate Gyrus,Limbic Lobe,0.6667,A23d,CG_L(R)_7_1,175,176,0.1765,1.0,2,2,
medial frontal lobe,Medial frontal lobe,LU,3,2.35,4,3,0.45,SFG,Superior Frontal Gyrus,Frontal Lobe,0.6667,A10l,MFG_L(R)_7_7,27,28,0.15,0.5,2,2,
ant ins,L ant INS,LR,3,2.45,4,3,0.5001,INS,Insular Gyrus,Insular Lobe,0.5,vIa,INS_L(R)_6_2,165,166,0.1667,1.0,1,1,1.0
medial occipital gyrus,Medial occipital gyrus,U,3,1.37,2,1,0.5833,LOcC,lateral Occipital Cortex,Occipital Lobe,1.0,mOccG,LOcC_L(R)_4_1,199,200,0.5833,1.0,3,3,
secondary clusters,Secondary Clusters,U,3,2.35,4,3,0.45,MFG,Middle Frontal Gyrus,Frontal Lobe,0.5,IFJ,MFG_L(R)_7_2,17,18,0.15,1.0,1,3,
cingulum post,Cingulum_Post_L,LRU,3,2.03,3,2,0.6154,CG,Cingulate Gyrus,Limbic Lobe,1.0,A23d,CG_L(R)_7_1,175,176,0.3846,1.0,1,1,
smc,R SMC,RU,3,2.56,4,3,0.5625,PoG,Postcentral Gyrus,Parietal Lobe,0.6667,A1/2/3ulhf,PoG_L(R)_4_1,155,156,0.1875,1.0,1,1,
ventromedial prefrontal cortex ba 10,Ventromedial prefrontal cortex (BA 10),BU,2,1.41,2,1,0.5,OrG,Orbital Gyrus,Frontal Lobe,1.0,A14m,OrG_L(R)_6_1,41,42,0.5,0.0,1,3,
ventral putamen,L ventral putamen,L,2,1.41,2,1,0.5,BG,Basal Ganglia,Subcortical Nuclei,1.0,dlPu,BG_L(R)_6_6,229,230,0.5,1.0,2,2,1.0
ventral superior temporal gyrus,ventral superior temporal gyrus,U,2,2.06,3,2,0.6,STG,Superior Temporal Gyrus,Temporal Lobe,1.0,A22c,STG_L(R)_6_4,75,76,0.3,0.5,1,2,
ventral temporal cortex,Left ventral temporal cortex,LU,2,1.27,2,1,0.7143,FuG,Fusiform Gyrus,Temporal Lobe,1.0,A20rv,FuG_L(R)_3_1,103,104,0.7143,0.0,1,1,
ventral prefrontal cortex,Ventral prefrontal cortex,U,2,2.06,3,2,0.6,IFG,Inferior Frontal Gyrus,Frontal Lobe,1.0,A45c,IFG_L(R)_6_3,33,34,0.3,0.3333,1,3,
ventral premotor,right ventral premotor,R,2,2.06,3,2,0.6,PrG,Precentral Gyrus,Frontal Lobe,1.0,A6cdl,PrG_L(R)_6_2,55,56,0.3,0.0,1,2,1.0
med frontal gyrus,Left med frontal gyrus,LR,2,2.03,3,2,0.5454,SFG,Superior Frontal Gyrus,Frontal Lobe,1.0,A8m,SFG_L(R)_7_1,1,2,0.2727,1.0,1,1,1.0
mdfg,MdFG,U,2,1.43,2,1,0.4545,SFG,Superior Frontal Gyrus,Frontal Lobe,1.0,A9m,SFG_L(R)_7_6,11,12,0.4545,0.5,2,2,
mdlpfc,mDLPFC,U,2,2.03,3,2,0.5454,MFG,Middle Frontal Gyrus,Frontal Lobe,1.0,A9/46d,MFG_L(R)_7_1,15,16,0.2727,0.5,1,2,
mdn thalamus,MDN Thalamus L,LR,2,2.0,3,2,0.5,Tha,Thalamus,Subcortical Nuclei,1.0,rTtha,Tha_L(R)_8_4,237,238,0.25,1.0,1,1,1.0
med fr gy,Med Fr Gy???,U,2,2.03,3,2,0.5454,SFG,Superior Frontal Gyrus,Frontal Lobe,1.0,A8m,SFG_L(R)_7_1,1,2,0.2727,0.5,1,2,
lps ba 7,LPs (BA 7),U,2,1.9,3,2,0.4,IPL,Inferior Parietal Lobule,Parietal Lobe,0.5,A39rd,IPL_L(R)_6_2,137,138,0.2,0.6667,1,3,
lphg,LPHG,U,2,1.16,1,1,0.8333,Hipp,Hippocampus,Subcortical Nuclei,1.0,cHipp,Hipp_L(R)_2_2,217,218,0.8333,1.0,2,2,
lotv,LOtv,U,2,2.03,3,2,0.5454,ITG,Inferior Temporal Gyrus,Temporal Lobe,1.0,A37elv,ITG_L(R)_7_2,91,92,0.2727,0.5,1,2,
loc superior division,LOC superior division L,LR,2,1.9,3,2,0.4,IPL,Inferior Parietal Lobule,Parietal Lobe,0.5,A39c,IPL_L(R)_6_1,135,136,0.2,1.0,1,1,1.0
lofa,LOFA,U,2,2.06,3,2,0.6,LOcC,lateral Occipital Cortex,Occipital Lobe,1.0,iOccG,LOcC_L(R)_4_4,205,206,0.3,1.0,1,3,
loop for complex sentences,Loop for complex sentences,U,2,1.84,3,2,0.353,IPL,Inferior Parietal Lobule,Parietal Lobe,0.5,A39rv,IPL_L(R)_6_5,143,144,0.1765,1.0,1,2,
loop for semantics,Loop for semantics,U,2,1.87,3,2,0.375,IPL,Inferior Parietal Lobule,Parietal Lobe,0.5,A39rv,IPL_L(R)_6_5,143,144,0.1875,1.0,1,2,
los,L LOS,LRU,2,2.06,3,2,0.6,LOcC,lateral Occipital Cortex,Occipital Lobe,1.0,mOccG,LOcC_L(R)_4_1,199,200,0.3,1.0,1,1,
m posterior medial frontal gyrus,M Posterior medial frontal gyrus,U,2,2.03,3,2,0.5454,SFG,Superior Frontal Gyrus,Frontal Lobe,1.0,A8m,SFG_L(R)_7_1,1,2,0.2727,0.8,1,5,
m1 4,M1 (4),U,2,1.94,3,2,0.4286,PoG,Postcentral Gyrus,Parietal Lobe,0.5,A1/2/3ulhf,PoG_L(R)_4_1,155,156,0.2143,1.0,1,2,
mammillary body,Mammillary body,U,2,1.44,2,1,0.4167,Tha,Thalamus,Subcortical Nuclei,1.0,mPMtha,Tha_L(R)_8_2,233,234,0.4167,0.0,2,2,
medial frontal gyrus ba 11,Medial frontal gyrus (BA 11),U,2,1.84,3,2,0.353,CG,Cingulate Gyrus,Limbic Lobe,0.5,A32sg,CG_L(R)_7_7,187,188,0.1765,1.0,2,2,
medial frontal gyrus 32,L. Medial Frontal Gyrus (32),LU,2,1.84,3,2,0.353,BG,Basal Ganglia,Subcortical Nuclei,0.5,vCa,BG_L(R)_6_1,219,220,0.1765,1.0,1,1,
medial frontal gyrus 8,Medial Frontal Gyrus (8),U,2,1.43,2,1,0.4545,SFG,Superior Frontal Gyrus,Frontal Lobe,1.0,A9m,SFG_L(R)_7_6,11,12,0.4545,0.0,2,2,
lobule ix of cerebellum,Lobule IX of cerebellum,U,2,1.82,3,2,0.3334,SFG,Superior Frontal Gyrus,Frontal Lobe,0.5,A10m,SFG_L(R)_7_7,13,14,0.1667,0.6667,1,3,
sma proper pre sma,SMA-proper + pre-SMA,U,2,2.03,3,2,0.5454,SFG,Superior Frontal Gyrus,Frontal Lobe,1.0,A8m,SFG_L(R)_7_1,1,2,0.2727,0.0,1,2,
sgacc,L. sgACC,LU,2,1.87,3,2,0.375,OrG,Orbital Gyrus,Frontal Lobe,0.5,A13,OrG_L(R)_6_5,49,50,0.1875,1.0,1,1,
sfc,L SFC,L,2,1.82,3,2,0.3334,MFG,Middle Frontal Gyrus,Frontal Lobe,0.5,A9/46d,MFG_L(R)_7_1,15,16,0.1667,1.0,2,2,1.0
sfg 10,SFG (10),U,2,1.82,3,2,0.3334,MFG,Middle Frontal Gyrus,Frontal Lobe,0.5,A46,MFG_L(R)_7_3,19,20,0.1667,0.0,1,2,
sensory,Sensory (visual),U,2,2.06,3,2,0.6,LOcC,lateral Occipital Cortex,Occipital Lobe,1.0,OPC,LOcC_L(R)_4_3,203,204,0.3,0.5,1,2,
sensory cortex,Sensory cortex,U,2,1.97,3,2,0.4616,PoG,Postcentral Gyrus,Parietal Lobe,0.5,A2,PoG_L(R)_4_3,159,160,0.2308,0.5,2,2,
sensorimotor,Right sensorimotor,RU,2,1.94,3,2,0.4286,PoG,Postcentral Gyrus,Parietal Lobe,0.5,A1/2/3ulhf,PoG_L(R)_4_1,155,156,0.2143,0.0,1,1,
sensorimotor area,Sensorimotor area (R),R,2,1.94,3,2,0.4286,PoG,Postcentral Gyrus,Parietal Lobe,0.5,A2,PoG_L(R)_4_3,159,160,0.2143,0.0,1,2,1.0
cing,CING,U,2,1.97,3,2,0.4616,CG,Cingulate Gyrus,Limbic Lobe,0.5,A32p,CG_L(R)_7_3,179,180,0.2308,0.0,2,2,
cing gy,Cing Gy???,U,2,2.03,3,2,0.5454,CG,Cingulate Gyrus,Limbic Lobe,1.0,A23d,CG_L(R)_7_1,175,176,0.2727,0.5,1,2,
cerebellum lobule viib,Cerebellum Lobule VIIb,U,2,1.82,3,2,0.3334,ITG,Inferior Temporal Gyrus,Temporal Lobe,0.5,A37vl,ITG_L(R)_7_5,97,98,0.1667,0.5,2,2,
cerebellum pyramis,Left cerebellum – pyramis,LR,2,2.08,3,2,0.6666,MVOcC,MedioVentral Occipital Cortex,Occipital Lobe,1.0,rCunG,MVOcC_L(R)_5_2,191,192,0.3333,1.0,1,2,1.0
smma,L SMMA,LR,2,2.09,3,2,0.75,PoG,Postcentral Gyrus,Parietal Lobe,1.0,A1/2/3ulhf,PoG_L(R)_4_1,155,156,0.375,1.0,1,1,1.0
somatosensory,Somatosensory,U,2,1.87,3,2,0.375,BG,Basal Ganglia,Subcortical Nuclei,0.5,dlPu,BG_L(R)_6_6,229,230,0.1875,0.5,1,2,
small volume correction,Small Volume correction (vmPFC),U,2,1.87,3,2,0.375,OrG,Orbital Gyrus,Frontal Lobe,0.5,A14m,OrG_L(R)_6_1,41,42,0.1875,0.5,1,6,
smfc,SMFC,RU,2,2.03,3,2,0.5454,SFG,Superior Frontal Gyrus,Frontal Lobe,1.0,A6m,SFG_L(R)_7_5,9,10,0.2727,1.0,1,1,
lingual gyrus 17,Lingual gyrus (17),RU,2,1.9,3,2,0.4,MVOcC,MedioVentral Occipital Cortex,Occipital Lobe,0.5,cLinG,MVOcC_L(R)_5_1,189,190,0.2,0.0,1,1,
lin ba 18,R Lin (BA18),R,2,1.9,3,2,0.4,LOcC,lateral Occipital Cortex,Occipital Lobe,0.5,mOccG,LOcC_L(R)_4_1,199,200,0.2,0.0,1,2,1.0
ling,B LING,BL,2,2.08,3,2,0.6666,MVOcC,MedioVentral Occipital Cortex,Occipital Lobe,1.0,rCunG,MVOcC_L(R)_5_2,191,192,0.3333,1.0,1,1,
lifs,Left LIFS,L,2,1.84,3,2,0.353,MFG,Middle Frontal Gyrus,Frontal Lobe,0.5,IFJ,MFG_L(R)_7_2,17,18,0.1765,1.0,1,2,1.0
lsts,LSTS,U,2,1.94,3,2,0.4286,MTG,Middle Temporal Gyrus,Temporal Lobe,0.5,aSTS,MTG_L(R)_4_4,87,88,0.2143,1.0,1,2,
vpmc ba 44 45,R vPMC (BA44/45),LR,2,1.87,3,2,0.375,IFG,Inferior Frontal Gyrus,Frontal Lobe,0.5,A44d,IFG_L(R)_6_1,29,30,0.1875,1.0,1,1,1.0
cingulate cortex 32,Cingulate cortex (32),U,2,1.82,3,2,0.3334,CG,Cingulate Gyrus,Limbic Lobe,0.5,A32p,CG_L(R)_7_3,179,180,0.1667,1.0,1,2,
cerebelum superior,Right cerebelum_superior,R,2,2.08,3,2,0.6666,MVOcC,MedioVentral Occipital Cortex,Occipital Lobe,1.0,rLinG,MVOcC_L(R)_5_4,195,196,0.3333,0.0,1,2,1.0
lateral premotor cortex ba 6,Left lateral premotor cortex (BA 6),L,2,1.84,3,2,0.353,MFG,Middle Frontal Gyrus,Frontal Lobe,0.5,A6vl,MFG_L(R)_7_6,25,26,0.1765,1.0,1,2,1.0
medial prefrontal lobe,Medial prefrontal lobe,U,2,2.03,3,2,0.5454,SFG,Superior Frontal Gyrus,Frontal Lobe,1.0,A8m,SFG_L(R)_7_1,1,2,0.2727,0.0,2,2,
medial premotor cortex,Right medial premotor cortex,RU,2,1.43,2,1,0.4545,SFG,Superior Frontal Gyrus,Frontal Lobe,1.0,A6m,SFG_L(R)_7_5,9,10,0.4545,0.0,1,1,
medial sfg,Medial SFG,U,2,1.84,3,2,0.353,OrG,Orbital Gyrus,Frontal Lobe,0.5,A14m,OrG_L(R)_6_1,41,42,0.1765,1.0,2,2,
medial sup frontal,L Medial Sup Frontal,LR,2,2.03,3,2,0.5454,SFG,Superior Frontal Gyrus,Frontal Lobe,1.0,A10m,SFG_L(R)_7_7,13,14,0.2727,1.0,1,3,1.0
medial superior frontal,Medial superior frontal,U,2,2.03,3,2,0.5454,SFG,Superior Frontal Gyrus,Frontal Lobe,1.0,A9m,SFG_L(R)_7_6,11,12,0.2727,0.5,2,2,
medial prefrontal cortex ba 9,Right Medial prefrontal cortex BA 9,R,2,1.43,2,1,0.4545,SFG,Superior Frontal Gyrus,Frontal Lobe,1.0,A10m,SFG_L(R)_7_7,13,14,0.4545,0.0,2,2,1.0
lingual g ba 18,Lingual G. (BA 18),U,2,2.0,3,2,0.5,MVOcC,MedioVentral Occipital Cortex,Occipital Lobe,0.5,cLinG,MVOcC_L(R)_5_1,189,190,0.25,0.6667,1,3,
piriform cortex,Piriform cortex,U,2,1.87,3,2,0.375,BG,Basal Ganglia,Subcortical Nuclei,0.5,NAC,BG_L(R)_6_3,223,224,0.1875,0.5,2,2,
plpfc,pLPFC,U,2,1.41,2,1,0.5,PrG,Precentral Gyrus,Frontal Lobe,1.0,A6cvl,PrG_L(R)_6_6,63,64,0.5,1.0,2,2,
hippocampal formation,Hippocampal Formation,U,2,2.0,3,2,0.5,Hipp,Hippocampus,Subcortical Nuclei,0.5,cHipp,Hipp_L(R)_2_2,217,218,0.25,1.0,2,2,
hip2,hIP2,U,2,1.41,2,1,0.5,IPL,Inferior Parietal Lobule,Parietal Lobe,1.0,A40rd,IPL_L(R)_6_3,139,140,0.5,0.3333,2,3,
hip3,hIP3,U,2,2.08,3,2,0.6666,SPL,Superior Parietal Lobule,Parietal Lobe,1.0,A7c,SPL_L(R)_5_2,127,128,0.3333,0.5,2,2,
ifg pars triangularis ba 45,IFG pars triangularis (BA 45),U,2,2.06,3,2,0.6,IFG,Inferior Frontal Gyrus,Frontal Lobe,1.0,A45r,IFG_L(R)_6_4,35,36,0.3,0.0,2,2,
ifg1,IFG1,U,2,1.41,2,1,0.5,IFG,Inferior Frontal Gyrus,Frontal Lobe,1.0,A45c,IFG_L(R)_6_3,33,34,0.5,0.5,2,2,
ifg pars opercularis,IFG pars opercularis,LU,2,1.84,3,2,0.353,MFG,Middle Frontal Gyrus,Frontal Lobe,0.5,IFJ,MFG_L(R)_7_2,17,18,0.1765,0.2,1,5,
pmddamh,PMddamH,U,2,2.06,3,2,0.6,PrG,Precentral Gyrus,Frontal Lobe,1.0,A4ul,PrG_L(R)_6_3,57,58,0.3,1.0,1,2,
pmfc ba 32,pMFC (BA 32),U,2,2.03,3,2,0.5454,CG,Cingulate Gyrus,Limbic Lobe,1.0,A24cd,CG_L(R)_7_5,183,184,0.2727,0.6667,1,3,
pmfg,pMFG,U,2,1.43,2,1,0.4545,MFG,Middle Frontal Gyrus,Frontal Lobe,1.0,A6vl,MFG_L(R)_7_6,25,26,0.4545,0.5,2,2,
pmtg 21,pMTG (21),U,2,2.06,3,2,0.6,STG,Superior Temporal Gyrus,Temporal Lobe,1.0,A22c,STG_L(R)_6_4,75,76,0.3,0.3333,1,3,
pma,PMA,U,2,2.06,3,2,0.6,PrG,Precentral Gyrus,Frontal Lobe,1.0,A6cdl,PrG_L(R)_6_2,55,56,0.3,0.6,2,5,
pmc ba 44 6,PMC(BA44/6),U,2,2.06,3,2,0.6,PrG,Precentral Gyrus,Frontal Lobe,1.0,A4tl,PrG_L(R)_6_5,61,62,0.3,0.5,1,2,
pmc ba 6,PMC (BA6),U,2,2.06,3,2,0.6,PrG,Precentral Gyrus,Frontal Lobe,1.0,A6cdl,PrG_L(R)_6_2,55,56,0.3,0.75,1,4,
pmc ba 6 44,PMC (BA6/44),U,2,2.06,3,2,0.6,PrG,Precentral Gyrus,Frontal Lobe,1.0,A4hf,PrG_L(R)_6_1,53,54,0.3,1.0,1,3,
ba 2,BA 2,U,2,1.9,3,2,0.4,IPL,Inferior Parietal Lobule,Parietal Lobe,0.5,A40rd,IPL_L(R)_6_3,139,140,0.2,0.5,1,2,
ba 21,BA 21,U,2,1.94,3,2,0.4286,MTG,Middle Temporal Gyrus,Temporal Lobe,0.5,aSTS,MTG_L(R)_4_4,87,88,0.2143,0.5,2,2,
superior motor area,Superior motor area,U,2,2.03,3,2,0.5454,SFG,Superior Frontal Gyrus,Frontal Lobe,1.0,A8m,SFG_L(R)_7_1,1,2,0.2727,1.0,1,2,
parietal lobe precuneus,Left parietal lobe. Precuneus,L,2,1.9,3,2,0.4,IPL,Inferior Parietal Lobule,Parietal Lobe,0.5,A39rd,IPL_L(R)_6_2,137,138,0.2,1.0,1,2,1.0
globus pallidum,Globus pallidum (R),RU,2,1.41,2,1,0.5,BG,Basal Ganglia,Subcortical Nuclei,1.0,GP,BG_L(R)_6_2,221,222,0.5,1.0,1,1,
gom ba 18,GOm (BA 18),U,2,2.06,3,2,0.6,LOcC,lateral Occipital Cortex,Occipital Lobe,1.0,mOccG,LOcC_L(R)_4_1,199,200,0.3,0.0,1,2,
gom ba 19 37,GOm (BA 19/37),U,2,1.9,3,2,0.4,LOcC,lateral Occipital Cortex,Occipital Lobe,0.5,iOccG,LOcC_L(R)_4_4,205,206,0.2,1.0,1,2,
pmv 6,PMv (6),U,2,1.41,2,1,0.5,PrG,Precentral Gyrus,Frontal Lobe,1.0,A6cvl,PrG_L(R)_6_6,63,64,0.5,1.0,2,6,
ifg 44 45,iFG (44/45),U,2,1.87,3,2,0.375,OrG,Orbital Gyrus,Frontal Lobe,0.5,A12/47l,OrG_L(R)_6_6,51,52,0.1875,1.0,1,4,
i supplementary motor area,I. supplementary motor area,U,2,1.84,3,2,0.353,PrG,Precentral Gyrus,Frontal Lobe,0.5,A6cdl,PrG_L(R)_6_2,55,56,0.1765,0.0,1,2,
parieto occipital cortex,Parieto-occipital cortex,U,2,1.97,3,2,0.4616,MVOcC,MedioVentral Occipital Cortex,Occipital Lobe,0.5,vmPOS,MVOcC_L(R)_5_5,197,198,0.2308,0.5,1,2,
parieto occipital fissure,Left parieto-occipital fissure,L,2,1.94,3,2,0.4286,IPL,Inferior Parietal Lobule,Parietal Lobe,0.5,A39rv,IPL_L(R)_6_5,143,144,0.2143,1.0,2,2,1.0
superior parietal cortex 7,Superior parietal cortex (7),U,2,2.08,3,2,0.6666,SPL,Superior Parietal Lobule,Parietal Lobe,1.0,A7r,SPL_L(R)_5_1,125,126,0.3333,1.0,1,2,
superior parietal lobe 7,Superior parietal lobe (7),U,2,2.08,3,2,0.6666,SPL,Superior Parietal Lobule,Parietal Lobe,1.0,A7c,SPL_L(R)_5_2,127,128,0.3333,1.0,1,4,
superior ofc,Superior OFC,U,2,2.06,3,2,0.6,OrG,Orbital Gyrus,Frontal Lobe,1.0,A11l,OrG_L(R)_6_3,45,46,0.3,0.0,2,2,
ba 4 precentral gyrus,BA4 precentral gyrus,LU,2,1.94,3,2,0.4286,PoG,Postcentral Gyrus,Parietal Lobe,0.5,A1/2/3ulhf,PoG_L(R)_4_1,155,156,0.2143,1.0,1,1,
superior frontal sulc,Superior Frontal Sulc (SFS),U,2,1.82,3,2,0.3334,SFG,Superior Frontal Gyrus,Frontal Lobe,0.5,A8dl,SFG_L(R)_7_2,3,4,0.1667,1.0,1,3,
superior frontal gyrus orbital part,L Superior frontal gyrus orbital part,LR,2,1.84,3,2,0.353,MFG,Middle Frontal Gyrus,Frontal Lobe,0.5,A10l,MFG_L(R)_7_7,27,28,0.1765,1.0,1,1,1.0
superior frontal gyrusa,Superior frontal gyrusa,U,2,1.82,3,2,0.3334,MFG,Middle Frontal Gyrus,Frontal Lobe,0.5,A8vl,MFG_L(R)_7_5,23,24,0.1667,1.0,2,2,
inf and dorsolat pfc,left inf. and dorsolat. PFC,LR,2,2.06,3,2,0.6,IFG,Inferior Frontal Gyrus,Frontal Lobe,1.0,A45r,IFG_L(R)_6_4,35,36,0.3,1.0,1,1,1.0
inf f g,R inf F g(opercular),R,2,2.06,3,2,0.6,IFG,Inferior Frontal Gyrus,Frontal Lobe,1.0,IFS,IFG_L(R)_6_2,31,32,0.3,0.0,1,2,1.0
inf fr gym,Inf Fr GyM,U,2,1.87,3,2,0.375,INS,Insular Gyrus,Insular Lobe,0.5,vIa,INS_L(R)_6_2,165,166,0.1875,0.0,1,2,
parahippocampa,ParaHippocampa_L,LR,2,2.06,3,2,0.6,PhG,Parahippocampal Gyrus,Temporal Lobe,1.0,A28/34,PhG_L(R)_6_4,115,116,0.3,1.0,1,1,1.0
parahip,L.ParaHip (+),LU,2,2.0,3,2,0.5,BG,Basal Ganglia,Subcortical Nuclei,0.5,dCa,BG_L(R)_6_5,227,228,0.25,0.0,1,1,
pos cingulate,Pos. cingulate,LU,2,1.9,3,2,0.4,CG,Cingulate Gyrus,Limbic Lobe,0.5,A23d,CG_L(R)_7_1,175,176,0.2,1.0,1,1,
pocg 3,PoCG (3),LU,2,2.09,3,2,0.75,PoG,Postcentral Gyrus,Parietal Lobe,1.0,A1/2/3ulhf,PoG_L(R)_4_1,155,156,0.375,1.0,1,1,
superior medial gyrus ba 9,LH superior medial gyrus (BA 9),L,2,2.0,3,2,0.5,Tha,Thalamus,Subcortical Nuclei,1.0,rTtha,Tha_L(R)_8_4,237,238,0.25,1.0,1,2,1.0
superior lateral occipital,Superior lateral occipital (L),LR,2,2.06,3,2,0.6,IPL,Inferior Parietal Lobule,Parietal Lobe,1.0,A39c,IPL_L(R)_6_1,135,136,0.3,1.0,1,2,1.0
superior lingual gyrus,Superior lingual gyrus,U,2,1.97,3,2,0.4616,MVOcC,MedioVentral Occipital Cortex,Occipital Lobe,0.5,rLinG,MVOcC_L(R)_5_4,195,196,0.2308,0.5,1,2,
ba 45,BA45,U,2,2.06,3,2,0.6,IFG,Inferior Frontal Gyrus,Frontal Lobe,1.0,IFS,IFG_L(R)_6_2,31,32,0.3,1.0,2,2,
ba 40 supramarginal gyrus,BA40 supramarginal gyrus,U,2,2.06,3,2,0.6,IPL,Inferior Parietal Lobule,Parietal Lobe,1.0,A40c,IPL_L(R)_6_4,141,142,0.3,0.0,1,2,
ba 44 dlpfc,BA44 DLPFC,U,2,1.87,3,2,0.375,PrG,Precentral Gyrus,Frontal Lobe,0.5,A6cvl,PrG_L(R)_6_6,63,64,0.1875,0.3333,1,3,
inf occ,Inf. occ.,U,2,1.97,3,2,0.4616,LOcC,lateral Occipital Cortex,Occipital Lobe,0.5,iOccG,LOcC_L(R)_4_4,205,206,0.2308,0.6667,1,3,
inf frontal gyrus ba 47,Left inf. frontal gyrus (BA 47)*,LR,2,1.97,3,2,0.4616,pSTS,posterior Superior Temporal Sulcus,Temporal Lobe,0.5,cpSTS,pSTS_L(R)_2_2,123,124,0.2308,1.0,1,4,1.0
inf frontal op gyrus,Inf. frontal op. gyrus,U,2,1.84,3,2,0.353,IFG,Inferior Frontal Gyrus,Frontal Lobe,0.5,A44v,IFG_L(R)_6_6,39,40,0.1765,1.0,2,2,
inf frontal oper,L Inf Frontal Oper,LR,2,1.87,3,2,0.375,IFG,Inferior Frontal Gyrus,Frontal Lobe,0.5,A44v,IFG_L(R)_6_6,39,40,0.1875,1.0,1,1,1.0
inf frontal orb gyrus,Inf. frontal orb. gyrus,U,2,1.87,3,2,0.375,IFG,Inferior Frontal Gyrus,Frontal Lobe,0.5,A44op,IFG_L(R)_6_5,37,38,0.1875,1.0,2,2,
inf frontal tri,L Inf Frontal Tri,LR,2,2.06,3,2,0.6,IFG,Inferior Frontal Gyrus,Frontal Lobe,1.0,IFS,IFG_L(R)_6_2,31,32,0.3,1.0,1,2,1.0
inf frontal g,Inf. frontal g.,LU,2,1.87,3,2,0.375,IFG,Inferior Frontal Gyrus,Frontal Lobe,0.5,A45r,IFG_L(R)_6_4,35,36,0.1875,0.0,1,1,
porb,Right POrb,RU,2,2.06,3,2,0.6,IFG,Inferior Frontal Gyrus,Frontal Lobe,1.0,A45r,IFG_L(R)_6_4,35,36,0.3,1.0,1,1,
ifg opercular,L IFG opercular,LR,2,1.84,3,2,0.353,IFG,Inferior Frontal Gyrus,Frontal Lobe,0.5,A44v,IFG_L(R)_6_6,39,40,0.1765,1.0,1,1,1.0
ifg p op,IFG-P-OP,U,2,1.87,3,2,0.375,PrG,Precentral Gyrus,Frontal Lobe,0.5,A6cvl,PrG_L(R)_6_6,63,64,0.1875,1.0,1,4,
parahippocampal gyrusa,Parahippocampal gyrusa,U,2,2.03,3,2,0.5454,Hipp,Hippocampus,Subcortical Nuclei,0.5,rHipp,Hipp_L(R)_2_1,215,216,0.2727,0.0,1,2,
parahippocampale gyrus,Parahippocampale gyrus,U,2,2.08,3,2,0.6666,FuG,Fusiform Gyrus,Temporal Lobe,0.5,A37mv,FuG_L(R)_3_2,105,106,0.3333,0.0,1,2,
parahippocampalgyrus,Lt. ParahippocampalGyrus,LR,2,2.09,3,2,0.75,Amyg,Amygdala,Subcortical Nuclei,0.5,mAmyg,Amyg_L(R)_2_1,211,212,0.375,1.0,1,1,1.0
parahippocampal gyrus ba 19,Left Parahippocampal Gyrus BA19,LU,2,1.16,1,1,0.8333,Hipp,Hippocampus,Subcortical Nuclei,1.0,cHipp,Hipp_L(R)_2_2,217,218,0.8333,1.0,1,1,
parahippocampal gyrus ba 35,L parahippocampal gyrus (BA 35),LU,2,1.84,3,2,0.353,CG,Cingulate Gyrus,Limbic Lobe,0.5,A23v,CG_L(R)_7_4,181,182,0.1765,0.0,1,1,
parahippocampal gyrus 30,Parahippocampal Gyrus (30),U,2,1.97,3,2,0.4616,CG,Cingulate Gyrus,Limbic Lobe,0.5,A23v,CG_L(R)_7_4,181,182,0.2308,0.0,2,2,
gfi ba 45,GFi (BA 45),U,2,2.06,3,2,0.6,IFG,Inferior Frontal Gyrus,Frontal Lobe,1.0,IFS,IFG_L(R)_6_2,31,32,0.3,1.0,1,2,
gfm ba 10,GFm (BA 10),U,2,1.84,3,2,0.353,MFG,Middle Frontal Gyrus,Frontal Lobe,0.5,A10l,MFG_L(R)_7_7,27,28,0.1765,0.5,1,2,
gfm ba 6,GFm (BA 6),U,2,1.84,3,2,0.353,PrG,Precentral Gyrus,Frontal Lobe,0.5,A6cdl,PrG_L(R)_6_2,55,56,0.1765,0.3333,1,3,
gc ba 32,GC (BA 32),U,2,2.03,3,2,0.5454,CG,Cingulate Gyrus,Limbic Lobe,1.0,A32p,CG_L(R)_7_3,179,180,0.2727,0.6667,1,3,
gfd ba 10,GFd (BA 10),U,2,2.03,3,2,0.5454,SFG,Superior Frontal Gyrus,Frontal Lobe,1.0,A9m,SFG_L(R)_7_6,11,12,0.2727,0.5,1,2,
gfd ba 8,GFd (BA 8),U,2,2.03,3,2,0.5454,SFG,Superior Frontal Gyrus,Frontal Lobe,1.0,A9l,SFG_L(R)_7_3,5,6,0.2727,0.6667,1,3,
post cing,L post. cing.,LU,2,1.43,2,1,0.4545,CG,Cingulate Gyrus,Limbic Lobe,1.0,A23d,CG_L(R)_7_1,175,176,0.4545,0.0,1,3,
post cingulate cortex,Post-cingulate cortex,LRU,2,2.03,3,2,0.5454,CG,Cingulate Gyrus,Limbic Lobe,1.0,A23d,CG_L(R)_7_1,175,176,0.2727,1.0,1,1,
frontopolar cortex ba 10,Left frontopolar cortex (BA 10),LR,2,2.03,3,2,0.5454,MFG,Middle Frontal Gyrus,Frontal Lobe,1.0,A46,MFG_L(R)_7_3,19,20,0.2727,1.0,1,1,1.0
posterior calcarine sulcus,Posterior Calcarine Sulcus,U,2,2.08,3,2,0.6666,MVOcC,MedioVentral Occipital Cortex,Occipital Lobe,1.0,rCunG,MVOcC_L(R)_5_2,191,192,0.3333,1.0,1,2,
postcg,L. PostCG,LU,2,1.34,2,1,0.625,PoG,Postcentral Gyrus,Parietal Lobe,1.0,A1/2/3ulhf,PoG_L(R)_4_1,155,156,0.625,1.0,1,1,
postcgyrs,postCGyrs (Area 2),U,2,1.94,3,2,0.4286,PoG,Postcentral Gyrus,Parietal Lobe,0.5,A1/2/3ulhf,PoG_L(R)_4_1,155,156,0.2143,0.3333,1,3,
postcentral gyrus ba 1,Right postcentral gyrus (BA 1),R,2,1.84,3,2,0.353,MFG,Middle Frontal Gyrus,Frontal Lobe,0.5,A9/46d,MFG_L(R)_7_1,15,16,0.1765,0.0,2,2,1.0
postcentral gyrus 40,Postcentral gyrus (40),U,2,1.94,3,2,0.4286,IPL,Inferior Parietal Lobule,Parietal Lobe,0.5,A40rv,IPL_L(R)_6_6,145,146,0.2143,0.0,2,2,
postcentral gyr,Postcentral gyr.,U,2,2.09,3,2,0.75,PoG,Postcentral Gyrus,Parietal Lobe,1.0,A1/2/3ulhf,PoG_L(R)_4_1,155,156,0.375,0.5,1,2,
postcentral 1,Postcentral*1,U,2,1.94,3,2,0.4286,PoG,Postcentral Gyrus,Parietal Lobe,0.5,A2,PoG_L(R)_4_3,159,160,0.2143,0.5,1,4,
asmg,aSMG,U,2,2.06,3,2,0.6,IPL,Inferior Parietal Lobule,Parietal Lobe,1.0,A40rd,IPL_L(R)_6_3,139,140,0.3,0.5,2,2,
astg,Right aSTG,LRU,2,1.87,3,2,0.375,PrG,Precentral Gyrus,Frontal Lobe,0.5,A4tl,PrG_L(R)_6_5,61,62,0.1875,0.0,1,2,
area 8,Area 8,U,2,1.9,3,2,0.4,LOcC,lateral Occipital Cortex,Occipital Lobe,0.5,OPC,LOcC_L(R)_4_3,203,204,0.2,0.5,1,2,
area 9,Area 9,U,2,2.08,3,2,0.6666,MVOcC,MedioVentral Occipital Cortex,Occipital Lobe,1.0,cLinG,MVOcC_L(R)_5_1,189,190,0.3333,0.5,1,2,
superior pfc,Superior PFC,U,2,1.82,3,2,0.3334,MFG,Middle Frontal Gyrus,Frontal Lobe,0.5,A10l,MFG_L(R)_7_7,27,28,0.1667,0.5,2,2,
superior parietal lobule ba 40,Right superior parietal lobule (BA 40),R,2,1.87,3,2,0.375,IPL,Inferior Parietal Lobule,Parietal Lobe,0.5,A39rd,IPL_L(R)_6_2,137,138,0.1875,0.0,2,2,1.0
superior parietal lobule1,Superior parietal lobule1,RU,2,1.9,3,2,0.4,IPL,Inferior Parietal Lobule,Parietal Lobe,0.5,A39rd,IPL_L(R)_6_2,137,138,0.2,1.0,1,1,
frontopolar,Left frontopolar,LR,2,2.03,3,2,0.5454,MFG,Middle Frontal Gyrus,Frontal Lobe,1.0,A46,MFG_L(R)_7_3,19,20,0.2727,1.0,1,1,1.0
parahip pocampal gyrus,Parahip-pocampal gyrus,U,2,2.0,2,2,1.0,Hipp,Hippocampus,Subcortical Nuclei,1.0,rHipp,Hipp_L(R)_2_1,215,216,0.5,0.5,1,2,
paracentral lobule ba 6,Paracentral lobule(BA6),RU,2,1.97,3,2,0.4616,PCL,Paracentral Lobule,Frontal Lobe,0.5,A1/2/3ll,PCL_L(R)_2_1,65,66,0.2308,0.0,1,1,
paracingulate cortex,Left paracingulate cortex,LU,2,2.03,3,2,0.5454,SFG,Superior Frontal Gyrus,Frontal Lobe,1.0,A10m,SFG_L(R)_7_7,13,14,0.2727,0.0,1,2,
paracentral lobule and sulcus,Paracentral lobule and sulcus,U,2,2.0,2,2,1.0,PCL,Paracentral Lobule,Frontal Lobe,1.0,A1/2/3ll,PCL_L(R)_2_1,65,66,0.5,0.6667,2,3,
superior temporal gyrus 42,L. Superior Temporal Gyrus (42),LR,2,2.06,3,2,0.6,STG,Superior Temporal Gyrus,Temporal Lobe,1.0,A41/42,STG_L(R)_6_2,71,72,0.3,1.0,1,1,1.0
superior temporal gyrus 42 22,"L superior temporal gyrus (42, 22)",LR,2,1.87,3,2,0.375,IPL,Inferior Parietal Lobule,Parietal Lobe,0.5,A40rv,IPL_L(R)_6_6,145,146,0.1875,1.0,1,1,1.0
ba 13 insula,Left BA13 insula,L,2,2.06,3,2,0.6,INS,Insular Gyrus,Insular Lobe,1.0,dIg,INS_L(R)_6_5,171,172,0.3,1.0,1,2,1.0
asg,ASG,U,2,1.87,3,2,0.375,INS,Insular Gyrus,Insular Lobe,0.5,dIa,INS_L(R)_6_3,167,168,0.1875,1.0,1,2,
occipital fusiform,Occipital fusiform,RU,2,2.0,3,2,0.5,FuG,Fusiform Gyrus,Temporal Lobe,0.5,A37mv,FuG_L(R)_3_2,105,106,0.25,0.0,1,1,
o superior frontal gyrus,º Superior frontal gyrus,U,2,2.03,3,2,0.5454,SFG,Superior Frontal Gyrus,Frontal Lobe,1.0,A8dl,SFG_L(R)_7_2,3,4,0.2727,0.5,1,2,
occ,OCC,U,2,1.84,3,2,0.353,LOcC,lateral Occipital Cortex,Occipital Lobe,0.5,mOccG,LOcC_L(R)_4_1,199,200,0.1765,0.0,2,2,
inferior frontal gyrus triangular part,L Inferior frontal gyrus triangular part,LR,2,2.06,3,2,0.6,IFG,Inferior Frontal Gyrus,Frontal Lobe,1.0,IFS,IFG_L(R)_6_2,31,32,0.3,1.0,1,1,1.0
nucleus ruber,Nucleus Ruber,U,2,2.0,3,2,0.5,Tha,Thalamus,Subcortical Nuclei,1.0,mPMtha,Tha_L(R)_8_2,233,234,0.25,0.5,1,2,
nucleus subthalamicus,Nucleus Subthalamicus,U,2,2.0,3,2,0.5,Tha,Thalamus,Subcortical Nuclei,1.0,mPMtha,Tha_L(R)_8_2,233,234,0.25,0.5,1,2,
o parahippocampal gyrus,º Parahippocampal gyrus,U,2,1.9,3,2,0.4,MVOcC,MedioVentral Occipital Cortex,Occipital Lobe,0.5,vmPOS,MVOcC_L(R)_5_5,197,198,0.2,1.0,1,2,
mts,Left MTS,LR,2,1.94,3,2,0.4286,LOcC,lateral Occipital Cortex,Occipital Lobe,0.5,V5/MT+,LOcC_L(R)_4_2,201,202,0.2143,0.0,1,1,1.0
inferior frontal gyrus 11,Right inferior frontal gyrus (11),LR,2,1.41,2,1,0.5,OrG,Orbital Gyrus,Frontal Lobe,1.0,A11l,OrG_L(R)_6_3,45,46,0.5,1.0,1,1,1.0
inferior and middle temporal gyrus,Inferior and middle temporal gyrus,RU,2,1.94,3,2,0.4286,MTG,Middle Temporal Gyrus,Temporal Lobe,0.5,A21c,MTG_L(R)_4_1,81,82,0.2143,0.0,1,1,
inferior and superior,R inferior and superior,LR,2,2.06,3,2,0.6,IPL,Inferior Parietal Lobule,Parietal Lobe,1.0,A39rd,IPL_L(R)_6_2,137,138,0.3,1.0,1,1,1.0
occipito parietal junction,Occipito-parietal junction,U,2,1.87,3,2,0.375,IPL,Inferior Parietal Lobule,Parietal Lobe,0.5,A39c,IPL_L(R)_6_1,135,136,0.1875,1.0,1,4,
occipital lobe ba 18,Occipital Lobe BA18,U,2,2.08,3,2,0.6666,MVOcC,MedioVentral Occipital Cortex,Occipital Lobe,1.0,cCunG,MVOcC_L(R)_5_3,193,194,0.3333,0.0,1,2,
occipital fusiform gyrus 19,L occipital fusiform gyrus (19),L,2,1.97,3,2,0.4616,FuG,Fusiform Gyrus,Temporal Lobe,0.5,A37mv,FuG_L(R)_3_2,105,106,0.2308,1.0,1,2,1.0
occipital gyrus 19,Occipital Gyrus (19),RU,2,1.87,3,2,0.375,IPL,Inferior Parietal Lobule,Parietal Lobe,0.5,A39c,IPL_L(R)_6_1,135,136,0.1875,1.0,1,1,
occipital gyrus ba 18,Occipital gyrus (BA 18),U,2,2.06,3,2,0.6,LOcC,lateral Occipital Cortex,Occipital Lobe,1.0,OPC,LOcC_L(R)_4_3,203,204,0.3,0.6667,1,3,
inf parietal gyrus,L inf. parietal gyrus,LR,2,2.06,3,2,0.6,IPL,Inferior Parietal Lobule,Parietal Lobe,1.0,A40rd,IPL_L(R)_6_3,139,140,0.3,0.0,1,2,1.0
inf parietal lobule ba 40,Left inf. parietal lobule (BA 40)*,LR,2,1.97,3,2,0.4616,pSTS,posterior Superior Temporal Sulcus,Temporal Lobe,0.5,cpSTS,pSTS_L(R)_2_2,123,124,0.2308,1.0,1,6,1.0
inf occipital gyrus ba 18,Inf. occipital gyrus (BA 18),RU,2,1.87,3,2,0.375,IFG,Inferior Frontal Gyrus,Frontal Lobe,0.5,A44op,IFG_L(R)_6_5,37,38,0.1875,1.0,1,1,
orbital sulcus,Orbital sulci,U,2,2.06,3,2,0.6,OrG,Orbital Gyrus,Frontal Lobe,1.0,A11l,OrG_L(R)_6_3,45,46,0.3,0.5,2,2,
orbital frontal,Orbital frontal,U,2,1.87,3,2,0.375,IFG,Inferior Frontal Gyrus,Frontal Lobe,0.5,A45r,IFG_L(R)_6_4,35,36,0.1875,1.0,2,2,
opercular cortex,Opercular cortex,U,2,1.87,3,2,0.375,INS,Insular Gyrus,Insular Lobe,0.5,dId,INS_L(R)_6_6,173,174,0.1875,0.5,1,2,
oig,R OIG,LR,2,1.97,3,2,0.4616,FuG,Fusiform Gyrus,Temporal Lobe,0.5,A37lv,FuG_L(R)_3_3,107,108,0.2308,1.0,1,1,1.0
olfactory cortex,Olfactory cortex,U,2,1.87,3,2,0.375,BG,Basal Ganglia,Subcortical Nuclei,0.5,NAC,BG_L(R)_6_3,223,224,0.1875,1.0,2,2,
post cingulate gyrus,L post. cingulate gyrus,LU,2,1.9,3,2,0.4,CG,Cingulate Gyrus,Limbic Lobe,0.5,A23c,CG_L(R)_7_6,185,186,0.2,0.0,1,1,
superior parietal occipital cortex,Left superior parietal occipital cortex,LR,2,1.9,3,2,0.4,LOcC,lateral Occipital Cortex,Occipital Lobe,0.5,lsOccG,LOcC_L(R)_2_2,209,210,0.2,1.0,1,1,1.0
superior parietal sulcus,Superior parietal sulcus,U,2,1.9,3,2,0.4,LOcC,lateral Occipital Cortex,Occipital Lobe,0.5,lsOccG,LOcC_L(R)_2_2,209,210,0.2,0.3333,2,3,
superior parietal lobe ba 7,Superior Parietal Lobe BA7,U,2,1.97,3,2,0.4616,Pcun,Precuneus,Parietal Lobe,0.5,dmPOS,PCun_L(R)_4_3,151,152,0.2308,0.5,2,2,
superior parietal lobule ba 2 5,Bilateral superior parietal lobule (BA 2/5),BR,2,2.08,3,2,0.6666,SPL,Superior Parietal Lobule,Parietal Lobe,1.0,A7r,SPL_L(R)_5_1,125,126,0.3333,1.0,1,1,
otpj,OTPJ,U,2,1.9,3,2,0.4,SPL,Superior Parietal Lobule,Parietal Lobe,0.5,A7c,SPL_L(R)_5_2,127,128,0.2,0.6667,1,3,
orbitofrontal cortex 47,Left orbitofrontal cortex (47),LR,2,2.06,3,2,0.6,OrG,Orbital Gyrus,Frontal Lobe,1.0,A12/47o,OrG_L(R)_6_2,43,44,0.3,1.0,1,1,1.0
orbitofrontal 11 47,Left Orbitofrontal (11/47)*,L,2,2.06,3,2,0.6,OrG,Orbital Gyrus,Frontal Lobe,1.0,A11l,OrG_L(R)_6_3,45,46,0.3,1.0,1,4,1.0
mppc,mPPC L,LR,2,2.09,3,2,0.75,Pcun,Precuneus,Parietal Lobe,1.0,A7m,PCun_L(R)_4_1,147,148,0.375,1.0,1,3,1.0
supperior frontal,L (medial) supperior frontal,LR,2,1.84,3,2,0.353,BG,Basal Ganglia,Subcortical Nuclei,0.5,vCa,BG_L(R)_6_1,219,220,0.1765,1.0,1,1,1.0
suppl motor area,L suppl. motor area,LU,2,2.03,3,2,0.5454,SFG,Superior Frontal Gyrus,Frontal Lobe,1.0,A8m,SFG_L(R)_7_1,1,2,0.2727,0.0,1,1,
superior tg,Superior TG,U,2,2.06,3,2,0.6,STG,Superior Temporal Gyrus,Temporal Lobe,1.0,A22c,STG_L(R)_6_4,75,76,0.3,1.0,1,2,
area 22,Area 22,U,2,2.0,3,2,0.5,PCL,Paracentral Lobule,Frontal Lobe,0.5,A4ll,PCL_L(R)_2_2,67,68,0.25,0.5,1,2,
area 5,Area 5,U,2,1.87,3,2,0.375,LOcC,lateral Occipital Cortex,Occipital Lobe,0.5,iOccG,LOcC_L(R)_4_4,205,206,0.1875,0.5,1,2,
anteroventral insula,Anteroventral insula L,LR,2,2.06,3,2,0.6,INS,Insular Gyrus,Insular Lobe,1.0,vId/vIg,INS_L(R)_6_4,169,170,0.3,0.0,1,1,1.0
anterior vlpfc,Anterior VLPFC,U,2,1.84,3,2,0.353,IFG,Inferior Frontal Gyrus,Frontal Lobe,0.5,A45r,IFG_L(R)_6_4,35,36,0.1765,0.5,2,2,
posterior cingulate cortex ba 30,Posterior cingulate cortex (BA 30),U,2,1.87,3,2,0.375,CG,Cingulate Gyrus,Limbic Lobe,0.5,A23v,CG_L(R)_7_4,181,182,0.1875,0.3333,1,3,
posterior cingulate 29,Posterior cingulate (29),RU,2,1.43,2,1,0.4545,CG,Cingulate Gyrus,Limbic Lobe,1.0,A23v,CG_L(R)_7_4,181,182,0.4545,0.0,1,1,
posterior cingulate ba 23,Posterior cingulate (BA 23),RU,2,1.9,3,2,0.4,CG,Cingulate Gyrus,Limbic Lobe,0.5,A23v,CG_L(R)_7_4,181,182,0.2,0.0,1,1,
posterior cingulate ba 31,Posterior cingulate (BA 31),RU,2,1.97,3,2,0.4616,MVOcC,MedioVentral Occipital Cortex,Occipital Lobe,0.5,vmPOS,MVOcC_L(R)_5_5,197,198,0.2308,1.0,1,1,
fusiform gy,Fusiform Gy???,U,2,1.9,3,2,0.4,MVOcC,MedioVentral Occipital Cortex,Occipital Lobe,0.5,rLinG,MVOcC_L(R)_5_4,195,196,0.2,0.5,2,2,
fusiform gyr,Fusiform Gyr,U,2,1.27,2,1,0.7143,FuG,Fusiform Gyrus,Temporal Lobe,1.0,A37lv,FuG_L(R)_3_3,107,108,0.7143,0.0,2,2,
fusiform ba 19 37,Left fusiform (BA 19/37),LR,2,2.07,2,2,0.8572,FuG,Fusiform Gyrus,Temporal Lobe,1.0,A37mv,FuG_L(R)_3_2,105,106,0.4286,1.0,1,2,1.0
fusiform cortex ba 37,Right fusiform cortex (BA 37),LR,2,2.07,2,2,0.8572,FuG,Fusiform Gyrus,Temporal Lobe,1.0,A37mv,FuG_L(R)_3_2,105,106,0.4286,1.0,1,1,1.0
frontal superior gyrus,Right frontal superior gyrus,RU,2,1.84,3,2,0.353,PrG,Precentral Gyrus,Frontal Lobe,0.5,A6cdl,PrG_L(R)_6_2,55,56,0.1765,0.0,1,1,
frontal pole ba 10,Frontal pole (BA 10),RU,2,1.43,2,1,0.4545,MFG,Middle Frontal Gyrus,Frontal Lobe,1.0,A9/46v,MFG_L(R)_7_4,21,22,0.4545,1.0,1,1,
frontal pole cortex,Right frontal pole cortex,R,2,2.03,3,2,0.5454,MFG,Middle Frontal Gyrus,Frontal Lobe,1.0,A9/46d,MFG_L(R)_7_1,15,16,0.2727,0.0,1,2,1.0
frontal sub gyral,Frontal sub-gyral,LU,2,1.87,3,2,0.375,BG,Basal Ganglia,Subcortical Nuclei,0.5,NAC,BG_L(R)_6_3,223,224,0.1875,0.0,1,1,
posterior cingulate gyrus ba 29,Left posterior cingulate gyrus (BA 29),LR,2,1.79,3,2,0.3158,CG,Cingulate Gyrus,Limbic Lobe,0.5,A23v,CG_L(R)_7_4,181,182,0.1579,1.0,1,1,1.0
posterior cingulum ba 23,Posterior cingulum (BA 23),U,2,2.03,3,2,0.5454,CG,Cingulate Gyrus,Limbic Lobe,1.0,A23d,CG_L(R)_7_1,175,176,0.2727,0.5,1,2,
posterior cingulate gyrus 29,R posterior cingulate gyrus (29),RU,2,1.43,2,1,0.4545,CG,Cingulate Gyrus,Limbic Lobe,1.0,A23v,CG_L(R)_7_4,181,182,0.4545,0.0,1,1,
posterior cingulate cortex 31,Posterior cingulate cortex (31),U,2,1.43,2,1,0.4545,CG,Cingulate Gyrus,Limbic Lobe,1.0,A23d,CG_L(R)_7_1,175,176,0.4545,0.6667,2,3,
mtc,MTC,U,2,2.09,3,2,0.75,MTG,Middle Temporal Gyrus,Temporal Lobe,1.0,A21r,MTG_L(R)_4_2,83,84,0.375,0.5,1,2,
mtl,MTL,U,2,2.0,2,2,1.0,Amyg,Amygdala,Subcortical Nuclei,1.0,mAmyg,Amyg_L(R)_2_1,211,212,0.5,1.0,1,2,
posterior limb,Left posterior limb,L,2,1.44,2,1,0.4167,Tha,Thalamus,Subcortical Nuclei,1.0,mPMtha,Tha_L(R)_8_2,233,234,0.4167,1.0,2,2,1.0
fronto occipital fasciculus,fronto-occipital fasciculus left,LR,2,1.87,3,2,0.375,BG,Basal Ganglia,Subcortical Nuclei,0.5,NAC,BG_L(R)_6_3,223,224,0.1875,0.0,1,1,0.0
frontal superior medial gyrus,R frontal superior medial gyrus,R,2,1.43,2,1,0.4545,SFG,Superior Frontal Gyrus,Frontal Lobe,1.0,A9l,SFG_L(R)_7_3,5,6,0.4545,0.0,2,3,1.0
frontal wm,Frontal WM (L),LR,2,1.9,3,2,0.4,PoG,Postcentral Gyrus,Parietal Lobe,0.5,A1/2/3ulhf,PoG_L(R)_4_1,155,156,0.2,0.0,1,1,1.0
fronto insular cortex,Fronto-insular cortex,U,2,1.87,3,2,0.375,IFG,Inferior Frontal Gyrus,Frontal Lobe,0.5,A44op,IFG_L(R)_6_5,37,38,0.1875,0.6667,1,3,
frontal sup media,Frontal_Sup_Media_L,LR,2,2.03,3,2,0.5454,SFG,Superior Frontal Gyrus,Frontal Lobe,1.0,A10m,SFG_L(R)_7_7,13,14,0.2727,1.0,1,1,1.0
posterior insula ba 13,Posterior insula (BA13),U,2,1.87,3,2,0.375,INS,Insular Gyrus,Insular Lobe,0.5,G,INS_L(R)_6_1,163,164,0.1875,0.6667,2,3,
moc,left MOC,LU,2,1.87,3,2,0.375,IPL,Inferior Parietal Lobule,Parietal Lobe,0.5,A39rv,IPL_L(R)_6_5,143,144,0.1875,1.0,1,1,
mocg,Left mOcG,LRU,2,2.06,3,2,0.6,LOcC,lateral Occipital Cortex,Occipital Lobe,1.0,V5/MT+,LOcC_L(R)_4_2,201,202,0.3,1.0,1,1,
inferior frontal triangular,Right inferior frontal triangular,RU,2,2.06,3,2,0.6,IFG,Inferior Frontal Gyrus,Frontal Lobe,1.0,A44d,IFG_L(R)_6_1,29,30,0.3,0.0,1,1,
inferior frontal junction area ba 6 8 44,Left inferior frontal junction area (BA6/8/44),LR,2,1.84,3,2,0.353,MFG,Middle Frontal Gyrus,Frontal Lobe,0.5,IFJ,MFG_L(R)_7_2,17,18,0.1765,1.0,1,4,1.0
inferior frontal gyrus triangularis,Inferior Frontal Gyrus Triangularis,U,2,1.84,3,2,0.353,IFG,Inferior Frontal Gyrus,Frontal Lobe,0.5,A45r,IFG_L(R)_6_4,35,36,0.1765,0.5,2,2,
inferior frontal gyrusa,Inferior frontal gyrusa,U,2,1.87,3,2,0.375,IFG,Inferior Frontal Gyrus,Frontal Lobe,0.5,A44op,IFG_L(R)_6_5,37,38,0.1875,1.0,2,2,
inferior frontal gyrusb,Inferior frontal gyrusb,U,2,1.87,3,2,0.375,IFG,Inferior Frontal Gyrus,Frontal Lobe,0.5,A44d,IFG_L(R)_6_1,29,30,0.1875,0.0,1,2,
c inferior parietal lobule,C. inferior parietal lobule,U,2,1.97,3,2,0.4616,PoG,Postcentral Gyrus,Parietal Lobe,0.5,A2,PoG_L(R)_4_3,159,160,0.2308,1.0,1,2,
brodmann area 39,L. Brodmann area 39,LR,2,2.0,3,2,0.5,IPL,Inferior Parietal Lobule,Parietal Lobe,0.5,A39c,IPL_L(R)_6_1,135,136,0.25,1.0,1,1,1.0
brodmann area 44,Brodmann area 44,U,2,1.87,3,2,0.375,IFG,Inferior Frontal Gyrus,Frontal Lobe,0.5,A44v,IFG_L(R)_6_6,39,40,0.1875,1.0,1,2,
body of the calcarine sulcus,Body of the calcarine sulcus,U,2,2.08,3,2,0.6666,MVOcC,MedioVentral Occipital Cortex,Occipital Lobe,1.0,vmPOS,MVOcC_L(R)_5_5,197,198,0.3333,0.5,1,4,
superior frontal gyrus 11,Left superior frontal gyrus (11),LU,2,1.41,2,1,0.5,OrG,Orbital Gyrus,Frontal Lobe,1.0,A11l,OrG_L(R)_6_3,45,46,0.5,0.0,1,1,
superior frontal ctx,Superior frontal Ctx.,U,2,2.03,3,2,0.5454,MFG,Middle Frontal Gyrus,Frontal Lobe,1.0,A9/46d,MFG_L(R)_7_1,15,16,0.2727,1.0,1,2,
superior and middle frontal gyrus 10,L superior and middle frontal gyri (10),LR,2,1.43,2,1,0.4545,MFG,Middle Frontal Gyrus,Frontal Lobe,1.0,A46,MFG_L(R)_7_3,19,20,0.4545,1.0,1,1,1.0
superior and middle frontal gyrus ba 8 9,Left superior and middle frontal gyrus (BA8/9),L,2,2.03,3,2,0.5454,SFG,Superior Frontal Gyrus,Frontal Lobe,1.0,A8dl,SFG_L(R)_7_2,3,4,0.2727,1.0,1,2,1.0
posterior operculum,Right posterior operculum,LR,2,1.94,3,2,0.4286,IPL,Inferior Parietal Lobule,Parietal Lobe,0.5,A40rv,IPL_L(R)_6_6,145,146,0.2143,1.0,1,3,1.0
posterior parahippocampal gyrus,Right posterior parahippocampal gyrus,LRU,2,1.97,3,2,0.4616,CG,Cingulate Gyrus,Limbic Lobe,0.5,A23v,CG_L(R)_7_4,181,182,0.2308,1.0,1,1,
posterior occipital,Right posterior occipital,LR,2,1.97,3,2,0.4616,FuG,Fusiform Gyrus,Temporal Lobe,0.5,A37mv,FuG_L(R)_3_2,105,106,0.2308,0.0,1,1,1.0
posterior occipital cortex,Posterior occipital cortex,U,2,1.9,3,2,0.4,LOcC,lateral Occipital Cortex,Occipital Lobe,0.5,iOccG,LOcC_L(R)_4_4,205,206,0.2,0.5,1,2,
posterior middle frontal gyrus,Right posterior middle frontal gyrus,R,2,1.43,2,1,0.4545,MFG,Middle Frontal Gyrus,Frontal Lobe,1.0,A6vl,MFG_L(R)_7_6,25,26,0.4545,0.0,2,2,1.0
posterior limb of internal capsule,Posterior limb of internal capsule left,LU,2,1.82,3,2,0.3334,PhG,Parahippocampal Gyrus,Temporal Lobe,0.5,TL,PhG_L(R)_6_3,113,114,0.1667,0.0,1,1,
posterior lingual gyrus,Posterior lingual gyrus,U,2,2.08,3,2,0.6666,MVOcC,MedioVentral Occipital Cortex,Occipital Lobe,1.0,cLinG,MVOcC_L(R)_5_1,189,190,0.3333,0.0,1,2,
brodmann area 9,Brodmann area 9,RU,2,1.43,2,1,0.4545,SFG,Superior Frontal Gyrus,Frontal Lobe,1.0,A9m,SFG_L(R)_7_6,11,12,0.4545,0.0,1,1,
anterior temporal cortex,Anterior temporal cortex,RU,2,1.84,3,2,0.353,ITG,Inferior Temporal Gyrus,Temporal Lobe,0.5,A20il,ITG_L(R)_7_4,95,96,0.1765,0.0,1,1,
superior temporal gyrus 22 42,Left superior temporal gyrus (22/42),LR,2,2.06,3,2,0.6,STG,Superior Temporal Gyrus,Temporal Lobe,1.0,TE1.0 and TE1.2,STG_L(R)_6_3,73,74,0.3,0.0,1,1,1.0
motor,Left motor,LU,2,1.94,3,2,0.4286,PoG,Postcentral Gyrus,Parietal Lobe,0.5,A1/2/3tru,PoG_L(R)_4_4,161,162,0.2143,1.0,1,1,
midtemporal gyrus,Midtemporal gyrus,RU,2,1.9,3,2,0.4,ITG,Inferior Temporal Gyrus,Temporal Lobe,0.5,A37vl,ITG_L(R)_7_5,97,98,0.2,0.0,1,1,
mifg,MiFG,U,2,1.84,3,2,0.353,INS,Insular Gyrus,Insular Lobe,0.5,dIg,INS_L(R)_6_5,171,172,0.1765,1.0,2,2,
mips,mIPS,U,2,1.9,3,2,0.4,LOcC,lateral Occipital Cortex,Occipital Lobe,0.5,lsOccG,LOcC_L(R)_2_2,209,210,0.2,0.5,1,2,
posterior planum temporale,Posterior planum temporale,LU,2,2.06,3,2,0.6,IPL,Inferior Parietal Lobule,Parietal Lobe,1.0,A40c,IPL_L(R)_6_4,141,142,0.3,1.0,1,1,
posterior ramus of the lateral sulcus,Posterior ramus of the lateral sulcus,U,2,1.87,3,2,0.375,STG,Superior Temporal Gyrus,Temporal Lobe,0.5,A41/42,STG_L(R)_6_2,71,72,0.1875,1.0,1,3,
middle temporal gyrus 19,Left middle temporal gyrus (19),LR,2,1.87,3,2,0.375,IPL,Inferior Parietal Lobule,Parietal Lobe,0.5,A39rv,IPL_L(R)_6_5,143,144,0.1875,1.0,1,1,1.0
middle posterior part of the cingulate gyrus and sulcus,Middle-posterior part of the cingulate gyrus and sulcus,U,2,2.03,3,2,0.5454,CG,Cingulate Gyrus,Limbic Lobe,1.0,A24rv,CG_L(R)_7_2,177,178,0.2727,1.0,1,2,
anterior superior frontal sulcus,Left anterior superior frontal sulcus,LU,2,2.03,3,2,0.5454,MFG,Middle Frontal Gyrus,Frontal Lobe,1.0,A9/46d,MFG_L(R)_7_1,15,16,0.2727,0.5,1,2,
anterior parahippocampus,R anterior parahippocampus,R,2,2.0,2,2,1.0,Amyg,Amygdala,Subcortical Nuclei,1.0,mAmyg,Amyg_L(R)_2_1,211,212,0.5,0.0,1,2,1.0
anterior middle frontal gyrus,L Anterior middle frontal gyrus,L,2,1.84,3,2,0.353,MFG,Middle Frontal Gyrus,Frontal Lobe,0.5,A9/46d,MFG_L(R)_7_1,15,16,0.1765,0.5,2,2,0.5
anterior mtl,Anterior MTL,RU,2,2.06,3,2,0.6,Hipp,Hippocampus,Subcortical Nuclei,0.5,rHipp,Hipp_L(R)_2_1,215,216,0.3,1.0,1,1,
supramarginal gyr,Supramarginal gyr.,U,2,2.06,3,2,0.6,IPL,Inferior Parietal Lobule,Parietal Lobe,1.0,A40rv,IPL_L(R)_6_6,145,146,0.3,0.6667,1,3,
supramarginal g ba 40,Supramarginal G. (BA 40),U,2,2.06,3,2,0.6,IPL,Inferior Parietal Lobule,Parietal Lobe,1.0,A40rd,IPL_L(R)_6_3,139,140,0.3,0.5,1,2,
posterior superior frontal sulcus,left posterior superior frontal sulcus,BL,2,1.82,3,2,0.3334,MFG,Middle Frontal Gyrus,Frontal Lobe,0.5,A6vl,MFG_L(R)_7_6,25,26,0.1667,1.0,1,1,
frontal polar,Frontal polar,RU,2,1.43,2,1,0.4545,MFG,Middle Frontal Gyrus,Frontal Lobe,1.0,A10l,MFG_L(R)_7_7,27,28,0.4545,0.0,1,1,
frontal middle,Frontal middle L,LR,2,1.84,3,2,0.353,BG,Basal Ganglia,Subcortical Nuclei,0.5,dlPu,BG_L(R)_6_6,229,230,0.1765,1.0,1,1,1.0
frontal middle orbital gyrus,L frontal middle orbital gyrus,LR,2,1.84,3,2,0.353,MFG,Middle Frontal Gyrus,Frontal Lobe,0.5,A10l,MFG_L(R)_7_7,27,28,0.1765,1.0,1,2,1.0
posterior parietal cortex ba 7 40,"Right posterior parietal cortex (BA 7, 40)",LR,2,2.08,3,2,0.6666,SPL,Superior Parietal Lobule,Parietal Lobe,1.0,A7c,SPL_L(R)_5_2,127,128,0.3333,1.0,1,1,1.0
middle temporal gyrus 37,Right middle temporal gyrus (37),R,2,1.34,2,1,0.625,MTG,Middle Temporal Gyrus,Temporal Lobe,1.0,A37dl,MTG_L(R)_4_3,85,86,0.625,0.0,2,2,1.0
middle temporal gyrus ba 19,L Middle temporal gyrus (BA 19),LR,2,1.87,3,2,0.375,IPL,Inferior Parietal Lobule,Parietal Lobe,0.5,A39c,IPL_L(R)_6_1,135,136,0.1875,1.0,1,1,1.0
middle temporal gyrus ba 20,Middle temporal gyrus (BA 20),RU,2,2.09,3,2,0.75,MTG,Middle Temporal Gyrus,Temporal Lobe,1.0,A21c,MTG_L(R)_4_1,81,82,0.375,0.0,1,1,
frontal inf oper 44,Frontal_Inf_Oper (44),U,2,1.84,3,2,0.353,MFG,Middle Frontal Gyrus,Frontal Lobe,0.5,IFJ,MFG_L(R)_7_2,17,18,0.1765,1.0,1,2,
frontal ba 10,L. frontal BA10,LR,2,2.03,3,2,0.5454,MFG,Middle Frontal Gyrus,Frontal Lobe,1.0,A9/46d,MFG_L(R)_7_1,15,16,0.2727,1.0,1,1,1.0
fmc,FMC,U,2,1.41,2,1,0.5,OrG,Orbital Gyrus,Frontal Lobe,1.0,A14m,OrG_L(R)_6_1,41,42,0.5,1.0,2,2,
fpc middle frontal gyrus,FPC-middle frontal gyrus,U,2,2.03,3,2,0.5454,MFG,Middle Frontal Gyrus,Frontal Lobe,1.0,A46,MFG_L(R)_7_3,19,20,0.2727,0.5,1,2,
posterior superior parietal,R posterior superior parietal,LR,2,1.97,3,2,0.4616,Pcun,Precuneus,Parietal Lobe,0.5,A7m,PCun_L(R)_4_1,147,148,0.2308,1.0,1,1,1.0
posterior superior parietal lobule,Right posterior superior parietal lobule,LR,2,2.08,3,2,0.6666,SPL,Superior Parietal Lobule,Parietal Lobe,1.0,A7r,SPL_L(R)_5_1,125,126,0.3333,0.0,2,2,1.0
posterior superior and middle frontal gyrus ba 8 9,Left posterior superior and middle frontal gyrus (BA8/9),L,2,1.82,3,2,0.3334,MFG,Middle Frontal Gyrus,Frontal Lobe,0.5,A6vl,MFG_L(R)_7_6,25,26,0.1667,1.0,1,2,1.0
posterior superior frontal gyrus,Posterior superior frontal gyrus,LU,2,1.84,3,2,0.353,SFG,Superior Frontal Gyrus,Frontal Lobe,0.5,A6dl,SFG_L(R)_7_4,7,8,0.1765,0.5,1,2,
midinsula,Midinsula (extending into superior temporal sulcus),LU,2,1.87,3,2,0.375,INS,Insular Gyrus,Insular Lobe,0.5,dIg,INS_L(R)_6_5,171,172,0.1875,0.0,1,1,
middorsal insula,*middorsal insula,U,2,1.94,3,2,0.4286,INS,Insular Gyrus,Insular Lobe,0.5,dIg,INS_L(R)_6_5,171,172,0.2143,0.5,1,2,
middle temporal gyrusr superior temporal gyrus,R Middle temporal gyrusR Superior temporal gyrus,R,2,2.06,3,2,0.6,MTG,Middle Temporal Gyrus,Temporal Lobe,0.5,aSTS,MTG_L(R)_4_4,87,88,0.3,0.0,1,2,1.0
middle temporal gyrus ba 22,LH middle temporal gyrus (BA 22),LR,2,2.0,3,2,0.5,STG,Superior Temporal Gyrus,Temporal Lobe,0.5,A22c,STG_L(R)_6_4,75,76,0.25,1.0,1,1,1.0
inferior occipital lobea,Right inferior occipital lobea,R,2,2.06,3,2,0.6,LOcC,lateral Occipital Cortex,Occipital Lobe,1.0,mOccG,LOcC_L(R)_4_1,199,200,0.3,0.0,1,2,1.0
inferior occipital gyrus 17,L. Inferior Occipital Gyrus (17),LU,2,1.9,3,2,0.4,LOcC,lateral Occipital Cortex,Occipital Lobe,0.5,iOccG,LOcC_L(R)_4_4,205,206,0.2,1.0,1,1,
inferior occipital gyrus 18,Inferior occipital gyrus (18),U,2,2.06,3,2,0.6,LOcC,lateral Occipital Cortex,Occipital Lobe,1.0,mOccG,LOcC_L(R)_4_1,199,200,0.3,0.5,2,4,
frontal inf p t,L frontal inf. p.t.,LR,2,1.84,3,2,0.353,IFG,Inferior Frontal Gyrus,Frontal Lobe,0.5,A44v,IFG_L(R)_6_6,39,40,0.1765,1.0,1,1,1.0
frontal inf p o,L frontal inf. p.o.,LR,2,1.87,3,2,0.375,IFG,Inferior Frontal Gyrus,Frontal Lobe,0.5,A44d,IFG_L(R)_6_1,29,30,0.1875,1.0,1,1,1.0
inferior parietal cortex ba 40,Inferior parietal cortex (BA 40),U,2,2.06,3,2,0.6,IPL,Inferior Parietal Lobule,Parietal Lobe,1.0,A40rd,IPL_L(R)_6_3,139,140,0.3,0.5,2,2,
inferior orbitofrontal gyrus ba 47,Inferior orbitofrontal gyrus (BA 47),U,2,1.87,3,2,0.375,IFG,Inferior Frontal Gyrus,Frontal Lobe,0.5,A44op,IFG_L(R)_6_5,37,38,0.1875,0.0,1,2,
middle orbital gyrus ba 10,RH middle orbital gyrus (BA 10),R,2,1.87,3,2,0.375,BG,Basal Ganglia,Subcortical Nuclei,0.5,dCa,BG_L(R)_6_5,227,228,0.1875,0.0,2,2,1.0
middle occipital gyrus ba 37,Middle occipital gyrus (BA37),RU,2,1.84,3,2,0.353,ITG,Inferior Temporal Gyrus,Temporal Lobe,0.5,A37vl,ITG_L(R)_7_5,97,98,0.1765,0.0,1,1,
middle occipital ba 18 19,Left middle occipital (BA 18/19),LR,2,2.06,3,2,0.6,LOcC,lateral Occipital Cortex,Occipital Lobe,1.0,OPC,LOcC_L(R)_4_3,203,204,0.3,1.0,1,2,1.0
inferior segment of the circular sulcus of the insula,Inferior segment of the circular sulcus of the insula,U,2,1.87,3,2,0.375,INS,Insular Gyrus,Insular Lobe,0.5,G,INS_L(R)_6_1,163,164,0.1875,1.0,1,2,
inferior temporal ba 20,Left inferior temporal (BA 20),LR,2,1.94,3,2,0.4286,FuG,Fusiform Gyrus,Temporal Lobe,0.5,A37lv,FuG_L(R)_3_3,107,108,0.2143,0.0,1,2,1.0
sup temp gyp,Sup Temp GyP,U,2,1.94,3,2,0.4286,MTG,Middle Temporal Gyrus,Temporal Lobe,0.5,aSTS,MTG_L(R)_4_4,87,88,0.2143,0.5,1,2,
sup parietal gyrus,Sup. parietal gyrus,U,2,2.08,3,2,0.6666,SPL,Superior Parietal Lobule,Parietal Lobe,1.0,A5l,SPL_L(R)_5_3,129,130,0.3333,0.5,1,2,
sup motor area,Sup. Motor Area,U,2,1.97,3,2,0.4616,PCL,Paracentral Lobule,Frontal Lobe,0.5,A4ll,PCL_L(R)_2_2,67,68,0.2308,1.0,1,2,
sup occipital,R sup occipital,R,2,1.41,2,1,0.5,LOcC,lateral Occipital Cortex,Occipital Lobe,1.0,OPC,LOcC_L(R)_4_3,203,204,0.5,0.0,2,2,1.0
sup frontal orb,L Sup Frontal Orb,LR,2,1.84,3,2,0.353,OrG,Orbital Gyrus,Frontal Lobe,0.5,A11l,OrG_L(R)_6_3,45,46,0.1765,0.0,1,2,1.0
sup ft,R Sup Ft,R,2,1.82,3,2,0.3334,CG,Cingulate Gyrus,Limbic Lobe,0.5,A32sg,CG_L(R)_7_7,187,188,0.1667,0.0,1,2,1.0
sup loc,sup LOC,U,2,2.06,3,2,0.6,LOcC,lateral Occipital Cortex,Occipital Lobe,1.0,mOccG,LOcC_L(R)_4_1,199,200,0.3,0.75,1,4,
sup fr gyh,Sup Fr GyH,U,2,1.82,3,2,0.3334,MFG,Middle Frontal Gyrus,Frontal Lobe,0.5,A46,MFG_L(R)_7_3,19,20,0.1667,0.0,1,2,
postr parietal ctx,Postr. Parietal ctx.,U,2,2.06,3,2,0.6,IPL,Inferior Parietal Lobule,Parietal Lobe,1.0,A39rd,IPL_L(R)_6_2,137,138,0.3,0.5,1,2,
ppa,PPA,U,2,2.0,3,2,0.5,FuG,Fusiform Gyrus,Temporal Lobe,0.5,A20rv,FuG_L(R)_3_1,103,104,0.25,1.0,2,2,
ppc center,PPC center,U,2,2.09,3,2,0.75,Pcun,Precuneus,Parietal Lobe,1.0,A5m,PCun_L(R)_4_2,149,150,0.375,0.0,1,2,
ppc sphere,PPC_L_sphere,LR,2,1.9,3,2,0.4,IPL,Inferior Parietal Lobule,Parietal Lobe,0.5,A39rd,IPL_L(R)_6_2,137,138,0.2,1.0,1,1,1.0
ppcdamh,PPCdamH,U,2,1.9,3,2,0.4,SPL,Superior Parietal Lobule,Parietal Lobe,0.5,A7c,SPL_L(R)_5_2,127,128,0.2,1.0,1,4,
calcarine g,Calcarine g.,LU,2,1.97,3,2,0.4616,MVOcC,MedioVentral Occipital Cortex,Occipital Lobe,0.5,rCunG,MVOcC_L(R)_5_2,191,192,0.2308,0.0,1,1,
calarine gyrus,Calarine Gyrus,U,2,1.39,2,1,0.5556,MVOcC,MedioVentral Occipital Cortex,Occipital Lobe,1.0,cCunG,MVOcC_L(R)_5_3,193,194,0.5556,0.5,2,2,
superior and medial frontal gyrus,R superior and medial frontal gyri,R,2,1.82,3,2,0.3334,MFG,Middle Frontal Gyrus,Frontal Lobe,0.5,A46,MFG_L(R)_7_3,19,20,0.1667,0.0,2,2,1.0
supra marginal,Supra Marginal,LU,2,2.06,3,2,0.6,IPL,Inferior Parietal Lobule,Parietal Lobe,1.0,A40c,IPL_L(R)_6_4,141,142,0.3,0.0,1,1,
supplementary motor area ba 8,Right Supplementary motor area (BA 8),LR,2,1.82,3,2,0.3334,BG,Basal Ganglia,Subcortical Nuclei,0.5,dCa,BG_L(R)_6_5,227,228,0.1667,1.0,1,1,1.0
supr frontal gyr,Supr. Frontal gyr.,U,2,1.82,3,2,0.3334,MFG,Middle Frontal Gyrus,Frontal Lobe,0.5,A46,MFG_L(R)_7_3,19,20,0.1667,0.0,2,2,
supplementary motor area 6,Lt supplementary motor area (6),LU,2,1.84,3,2,0.353,BG,Basal Ganglia,Subcortical Nuclei,0.5,dCa,BG_L(R)_6_5,227,228,0.1765,0.0,1,1,
middle orbitofrontal,Middle Orbitofrontal,U,2,2.06,3,2,0.6,OrG,Orbital Gyrus,Frontal Lobe,1.0,A14m,OrG_L(R)_6_1,41,42,0.3,0.5,1,2,
inferior parietal gyrus ba 40,Inferior parietal gyrus (BA 40),U,2,1.9,3,2,0.4,IPL,Inferior Parietal Lobule,Parietal Lobe,0.5,A40rd,IPL_L(R)_6_3,139,140,0.2,0.5,1,2,
ppcundamh,PPCundamH,U,2,1.97,3,2,0.4616,SPL,Superior Parietal Lobule,Parietal Lobe,0.5,A7c,SPL_L(R)_5_2,127,128,0.2308,0.0,1,4,
prcs,PrCS,RU,2,1.41,2,1,0.5,PrG,Precentral Gyrus,Frontal Lobe,1.0,A6cdl,PrG_L(R)_6_2,55,56,0.5,0.5,1,2,
pre motor cortex,R Pre-motor cortex,LR,2,2.06,3,2,0.6,PrG,Precentral Gyrus,Frontal Lobe,1.0,A6cdl,PrG_L(R)_6_2,55,56,0.3,1.0,1,1,1.0
pre postcentral,Pre-postcentral (L),L,2,1.94,3,2,0.4286,PoG,Postcentral Gyrus,Parietal Lobe,0.5,A1/2/3tru,PoG_L(R)_4_4,161,162,0.2143,1.0,1,2,1.0
pre central gyrus ba 6,Pre-central gyrus (BA 6),LU,2,1.41,2,1,0.5,PrG,Precentral Gyrus,Frontal Lobe,1.0,A4hf,PrG_L(R)_6_1,53,54,0.5,1.0,1,1,
inferior parietal lobule ba 39,Inferior parietal lobule (BA 39),LU,2,1.41,2,1,0.5,IPL,Inferior Parietal Lobule,Parietal Lobe,1.0,A39rv,IPL_L(R)_6_5,143,144,0.5,0.0,1,1,
middle hippocampus,Left middle hippocampus,LR,2,1.82,3,2,0.3334,Tha,Thalamus,Subcortical Nuclei,0.5,PPtha,Tha_L(R)_8_5,239,240,0.1667,1.0,1,1,1.0
middle intraparietal sulcus,L middle intraparietal sulcus,LR,2,2.08,3,2,0.6666,SPL,Superior Parietal Lobule,Parietal Lobe,1.0,A7ip,SPL_L(R)_5_5,133,134,0.3333,1.0,1,3,1.0
middle longitudinal fasciculus wm,Middle longitudinal fasciculus WM,U,2,2.06,3,2,0.6,STG,Superior Temporal Gyrus,Temporal Lobe,1.0,TE1.0 and TE1.2,STG_L(R)_6_3,73,74,0.3,0.0,1,2,
middle frontal lobe,middle frontal lobe,LU,2,1.82,3,2,0.3334,MFG,Middle Frontal Gyrus,Frontal Lobe,0.5,A46,MFG_L(R)_7_3,19,20,0.1667,0.5,1,2,
ffa ba 37,L FFA (BA37),LR,2,1.94,3,2,0.4286,LOcC,lateral Occipital Cortex,Occipital Lobe,0.5,V5/MT+,LOcC_L(R)_4_2,201,202,0.2143,1.0,1,1,1.0
fef sphere,FEF_L_sphere,LR,2,1.84,3,2,0.353,MFG,Middle Frontal Gyrus,Frontal Lobe,0.5,A6vl,MFG_L(R)_7_6,25,26,0.1765,1.0,1,1,1.0
fefa,Left FEFa,LR,2,1.84,3,2,0.353,PrG,Precentral Gyrus,Frontal Lobe,0.5,A6cdl,PrG_L(R)_6_2,55,56,0.1765,1.0,1,1,1.0
external capsule,External capsule right,LR,2,1.82,3,2,0.3334,INS,Insular Gyrus,Insular Lobe,0.5,vId/vIg,INS_L(R)_6_4,169,170,0.1667,1.0,1,1,1.0
extra striate cortex,L. Extra-Striate Cortex,LR,2,2.0,3,2,0.5,FuG,Fusiform Gyrus,Temporal Lobe,0.5,A37mv,FuG_L(R)_3_2,105,106,0.25,1.0,1,1,1.0
extrastriate vis cortex ba 18,Extrastriate vis cortex (BA18),U,2,2.06,3,2,0.6,LOcC,lateral Occipital Cortex,Occipital Lobe,1.0,mOccG,LOcC_L(R)_4_1,199,200,0.3,1.0,1,2,
pre cun,Pre-Cun,U,2,2.06,3,2,0.6,Pcun,Precuneus,Parietal Lobe,0.5,A31,PCun_L(R)_4_4,153,154,0.3,1.0,1,3,
pre motor,Left pre motor,LU,2,2.06,3,2,0.6,PrG,Precentral Gyrus,Frontal Lobe,1.0,A6cdl,PrG_L(R)_6_2,55,56,0.3,0.5,1,2,
precentral gryus,Precentral Gryus,U,2,1.94,3,2,0.4286,PoG,Postcentral Gyrus,Parietal Lobe,0.5,A2,PoG_L(R)_4_3,159,160,0.2143,1.0,2,2,
precentral and inferior frontal gyrus,Precentral and inferior frontal gyrus,U,2,1.84,3,2,0.353,MFG,Middle Frontal Gyrus,Frontal Lobe,0.5,IFJ,MFG_L(R)_7_2,17,18,0.1765,0.0,1,2,
precentral and postcentral gyrus,L Precentral and postcentral gyri,LR,2,1.87,3,2,0.375,PrG,Precentral Gyrus,Frontal Lobe,0.5,A4hf,PrG_L(R)_6_1,53,54,0.1875,1.0,1,1,1.0
prec,Left Prec,LU,2,1.9,3,2,0.4,Pcun,Precuneus,Parietal Lobe,0.5,A31,PCun_L(R)_4_4,153,154,0.2,0.5,1,2,
precent,L precent,LR,2,2.06,3,2,0.6,PrG,Precentral Gyrus,Frontal Lobe,1.0,A4hf,PrG_L(R)_6_1,53,54,0.3,0.0,1,1,1.0
precentr gy,Precentr. Gy.,U,2,1.94,3,2,0.4286,PoG,Postcentral Gyrus,Parietal Lobe,0.5,A1/2/3ulhf,PoG_L(R)_4_1,155,156,0.2143,0.0,1,2,
pre sma ba 6,LH pre−SMA (BA 6),LU,2,2.03,3,2,0.5454,SFG,Superior Frontal Gyrus,Frontal Lobe,1.0,A8m,SFG_L(R)_7_1,1,2,0.2727,1.0,1,1,
pre supplemental motor area,Pre-supplemental motor area,U,2,2.03,3,2,0.5454,SFG,Superior Frontal Gyrus,Frontal Lobe,1.0,A8m,SFG_L(R)_7_1,1,2,0.2727,0.5,2,2,
inferior part of the precentral sulcus,Inferior part of the precentral sulcus,U,2,1.87,3,2,0.375,IFG,Inferior Frontal Gyrus,Frontal Lobe,0.5,A44d,IFG_L(R)_6_1,29,30,0.1875,1.0,1,2,
inferior pre frontal,Left inferior pre-frontal,LR,2,1.87,3,2,0.375,IFG,Inferior Frontal Gyrus,Frontal Lobe,0.5,A44d,IFG_L(R)_6_1,29,30,0.1875,1.0,1,1,1.0
inferior parietal lobule ba 7,Left Inferior parietal lobule (BA 7)*,LR,2,1.39,2,1,0.5556,SPL,Superior Parietal Lobule,Parietal Lobe,1.0,A5l,SPL_L(R)_5_3,129,130,0.5556,1.0,1,1,1.0
inferior parietal lobule1,Inferior parietal lobule1,LU,2,1.39,2,1,0.5556,SPL,Superior Parietal Lobule,Parietal Lobe,1.0,A7ip,SPL_L(R)_5_5,133,134,0.5556,0.0,1,2,
inferior parietal lobulea,L inferior parietal lobulea,LR,2,1.41,2,1,0.5,IPL,Inferior Parietal Lobule,Parietal Lobe,1.0,A40rd,IPL_L(R)_6_3,139,140,0.5,1.0,1,1,1.0
inferior parietal supramarginal gyrus,Inferior parietal - supramarginal gyrus,U,2,1.87,3,2,0.375,IPL,Inferior Parietal Lobule,Parietal Lobe,0.5,A40rv,IPL_L(R)_6_6,145,146,0.1875,1.0,1,2,
inferior parietal lobule 7,Inferior parietal lobule (7),RU,2,1.9,3,2,0.4,SPL,Superior Parietal Lobule,Parietal Lobe,0.5,A5l,SPL_L(R)_5_3,129,130,0.2,0.0,1,2,
precentral g ba 6,Precentral G. (BA 6),RU,2,2.06,3,2,0.6,PrG,Precentral Gyrus,Frontal Lobe,1.0,A6cdl,PrG_L(R)_6_2,55,56,0.3,1.0,1,2,
dorsal precentral gyrus,Dorsal precentral gyrus,LRU,2,1.94,3,2,0.4286,PrG,Precentral Gyrus,Frontal Lobe,0.5,A6cdl,PrG_L(R)_6_2,55,56,0.2143,1.0,1,1,
dorsal prefrontal cortex,Dorsal prefrontal cortex,U,2,2.03,3,2,0.5454,SFG,Superior Frontal Gyrus,Frontal Lobe,1.0,A8dl,SFG_L(R)_7_2,3,4,0.2727,1.0,2,2,
precentral sulcus ba 4 6,Bilateral precentral sulcus (BA 4/6),BR,2,1.84,3,2,0.353,PrG,Precentral Gyrus,Frontal Lobe,0.5,A6cdl,PrG_L(R)_6_2,55,56,0.1765,1.0,1,1,
precentral gyrus 44,Left precentral gyrus (44),LR,2,1.87,3,2,0.375,IFG,Inferior Frontal Gyrus,Frontal Lobe,0.5,A44v,IFG_L(R)_6_6,39,40,0.1875,1.0,1,1,1.0
precentral gyrus 9,Precentral gyrus (9)**,LU,2,1.84,3,2,0.353,INS,Insular Gyrus,Insular Lobe,0.5,dIa,INS_L(R)_6_3,167,168,0.1765,1.0,1,1,
esc,ESC,U,2,1.9,3,2,0.4,LOcC,lateral Occipital Cortex,Occipital Lobe,0.5,mOccG,LOcC_L(R)_4_1,199,200,0.2,1.0,1,2,
dpcc ba 23,dPCC (BA23),U,2,1.87,3,2,0.375,MVOcC,MedioVentral Occipital Cortex,Occipital Lobe,0.5,vmPOS,MVOcC_L(R)_5_5,197,198,0.1875,0.5,1,6,
middle frontal gyrus ba 8 9,Middle frontal gyrus (BA 8/9),U,2,2.03,3,2,0.5454,MFG,Middle Frontal Gyrus,Frontal Lobe,1.0,A9/46d,MFG_L(R)_7_1,15,16,0.2727,0.5,1,2,
precg 6,PreCG (6),U,2,2.06,3,2,0.6,PrG,Precentral Gyrus,Frontal Lobe,1.0,A4ul,PrG_L(R)_6_3,57,58,0.3,0.5,1,2,
precun,PreCun,U,2,1.97,3,2,0.4616,Pcun,Precuneus,Parietal Lobe,0.5,dmPOS,PCun_L(R)_4_3,151,152,0.2308,0.3333,1,3,
dorsolateral pfc ba 9,Left dorsolateral PFC (BA 9),L,2,2.03,3,2,0.5454,MFG,Middle Frontal Gyrus,Frontal Lobe,1.0,A9/46d,MFG_L(R)_7_1,15,16,0.2727,1.0,1,2,1.0
dorso lateral prefrontal cortex,Dorso lateral Prefrontal Cortex (DLPFC),LU,2,2.03,3,2,0.5454,MFG,Middle Frontal Gyrus,Frontal Lobe,1.0,IFJ,MFG_L(R)_7_2,17,18,0.2727,1.0,1,1,
dorsolateral pfc ba 46,Left dorsolateral PFC (BA 46),L,2,2.03,3,2,0.5454,MFG,Middle Frontal Gyrus,Frontal Lobe,1.0,IFJ,MFG_L(R)_7_2,17,18,0.2727,1.0,2,2,1.0
dorsal stream,Left Dorsal stream,L,2,2.06,3,2,0.6,IFG,Inferior Frontal Gyrus,Frontal Lobe,1.0,A44d,IFG_L(R)_6_1,29,30,0.3,1.0,1,2,1.0
dorsal thalamus,Dorsal thalamus,U,2,1.82,3,2,0.3334,BG,Basal Ganglia,Subcortical Nuclei,0.5,dCa,BG_L(R)_6_5,227,228,0.1667,0.5,1,2,
dorsal portion of the anterior cingulate cortex,Dorsal portion of the anterior cingulate cortex,RU,2,1.82,3,2,0.3334,CG,Cingulate Gyrus,Limbic Lobe,0.5,A32p,CG_L(R)_7_3,179,180,0.1667,0.0,1,1,
anterior inferior insula ba 13 14,Anterior inferior Insula (BA 13/14),U,2,1.87,3,2,0.375,BG,Basal Ganglia,Subcortical Nuclei,0.5,dlPu,BG_L(R)_6_6,229,230,0.1875,1.0,1,4,
temporal lobe stg,Temporal lobe - STG,U,2,1.87,3,2,0.375,INS,Insular Gyrus,Insular Lobe,0.5,dId,INS_L(R)_6_6,173,174,0.1875,1.0,1,6,
temporal fusiform cortex,Temporal fusiform cortex (L),LRU,2,1.97,3,2,0.4616,FuG,Fusiform Gyrus,Temporal Lobe,0.5,A20rv,FuG_L(R)_3_1,103,104,0.2308,1.0,1,1,
temporal fusiform gyrus,Temporal Fusiform Gyrus,U,2,1.27,2,1,0.7143,FuG,Fusiform Gyrus,Temporal Lobe,1.0,A20rv,FuG_L(R)_3_1,103,104,0.7143,0.5,2,2,
supramarginalis,Supramarginalis,U,2,1.94,3,2,0.4286,IPL,Inferior Parietal Lobule,Parietal Lobe,0.5,A40rv,IPL_L(R)_6_6,145,146,0.2143,0.5,1,2,
supran,SupraN,U,2,1.84,3,2,0.353,CG,Cingulate Gyrus,Limbic Lobe,0.5,A32p,CG_L(R)_7_3,179,180,0.1765,0.5,1,2,
supramarginal gyurs,Left SupraMarginal Gyurs,LU,2,2.0,3,2,0.5,IPL,Inferior Parietal Lobule,Parietal Lobe,0.5,A40rv,IPL_L(R)_6_6,145,146,0.25,1.0,1,1,
straight gyrus,Straight gyrus (frontal lobe),U,2,1.84,3,2,0.353,CG,Cingulate Gyrus,Limbic Lobe,0.5,A32sg,CG_L(R)_7_7,187,188,0.1765,0.5,2,2,
middle frontopolar gyrus,R middle frontopolar gyrus,R,2,1.43,2,1,0.4545,MFG,Middle Frontal Gyrus,Frontal Lobe,1.0,A46,MFG_L(R)_7_3,19,20,0.4545,0.3333,2,3,0.6667
anterior median prefrontal cortex,R. Anterior median prefrontal cortex (amPFC),R,2,1.84,3,2,0.353,OrG,Orbital Gyrus,Frontal Lobe,0.5,A14m,OrG_L(R)_6_1,41,42,0.1765,0.0,1,2,1.0
anterior midcingulate cortex,Anterior midcingulate cortex (left),LR,2,2.03,3,2,0.5454,CG,Cingulate Gyrus,Limbic Lobe,1.0,A32p,CG_L(R)_7_3,179,180,0.2727,1.0,1,2,1.0
anterior lateral stg,R Anterior lateral STG,LR,2,2.06,3,2,0.6,STG,Superior Temporal Gyrus,Temporal Lobe,1.0,TE1.0 and TE1.2,STG_L(R)_6_3,73,74,0.3,1.0,1,1,1.0
anterior limb of the internal capsule,Anterior limb of the internal capsule,RU,2,2.0,3,2,0.5,BG,Basal Ganglia,Subcortical Nuclei,0.5,dCa,BG_L(R)_6_5,227,228,0.25,1.0,1,1,
anterior insula ba 48,Anterior insula (BA48),U,2,1.87,3,2,0.375,INS,Insular Gyrus,Insular Lobe,0.5,G,INS_L(R)_6_1,163,164,0.1875,1.0,2,2,
anterior insula short insular gyrus,Anterior insula - short insular gyri,U,2,2.06,3,2,0.6,INS,Insular Gyrus,Insular Lobe,1.0,dIa,INS_L(R)_6_3,167,168,0.3,1.0,1,2,
anterior inferior insula,Anterior inferior insula,U,2,2.06,3,2,0.6,INS,Insular Gyrus,Insular Lobe,1.0,dIa,INS_L(R)_6_3,167,168,0.3,0.5,1,2,
subgenual anterior cingulate cortex,subgenual anterior cingulate cortex,U,2,1.84,3,2,0.353,OrG,Orbital Gyrus,Frontal Lobe,0.5,A14m,OrG_L(R)_6_1,41,42,0.1765,0.3333,1,3,
subgenual anterior cingulate cortex ba 25,Subgenual anterior cingulate cortex (BA 25),U,2,1.84,3,2,0.353,CG,Cingulate Gyrus,Limbic Lobe,0.5,A24rv,CG_L(R)_7_2,177,178,0.1765,0.0,1,2,
subcentral gyrus and sulcus,Subcentral gyrus (central operculum) and sulci,U,2,1.34,2,1,0.625,PoG,Postcentral Gyrus,Parietal Lobe,1.0,A1/2/3tonIa,PoG_L(R)_4_2,157,158,0.625,0.6667,2,3,
middle cingulate g,B middle cingulate g,BU,2,2.03,3,2,0.5454,CG,Cingulate Gyrus,Limbic Lobe,1.0,A24cd,CG_L(R)_7_5,183,184,0.2727,1.0,1,1,
middle cingulate gyrus 24,Middle Cingulate Gyrus(24),U,2,1.82,3,2,0.3334,BG,Basal Ganglia,Subcortical Nuclei,0.5,vCa,BG_L(R)_6_1,219,220,0.1667,0.6667,2,3,
middle cingulate cortex 32 24,Left middle cingulate cortex (32/24),LR,2,1.82,3,2,0.3334,CG,Cingulate Gyrus,Limbic Lobe,0.5,A24cd,CG_L(R)_7_5,183,184,0.1667,1.0,1,3,1.0
thalamic,R thalamic,R,2,2.0,3,2,0.5,Tha,Thalamus,Subcortical Nuclei,1.0,mPMtha,Tha_L(R)_8_2,233,234,0.25,0.0,1,2,1.0
temporopolar,Left temporopolar,LR,2,1.87,3,2,0.375,INS,Insular Gyrus,Insular Lobe,0.5,vId/vIg,INS_L(R)_6_4,169,170,0.1875,1.0,1,1,1.0
precuneusa,Right precuneusa,BR,2,2.09,3,2,0.75,Pcun,Precuneus,Parietal Lobe,1.0,A5m,PCun_L(R)_4_2,149,150,0.375,0.0,1,1,
subparietal sulcus,Subparietal sulcus,U,2,2.09,3,2,0.75,Pcun,Precuneus,Parietal Lobe,1.0,A7m,PCun_L(R)_4_1,147,148,0.375,1.0,2,2,
sulcus,sulcus,U,2,1.87,3,2,0.375,IPL,Inferior Parietal Lobule,Parietal Lobe,0.5,A40rv,IPL_L(R)_6_6,145,146,0.1875,1.0,1,2,
central gyrus,Left central gyrus,LR,2,2.06,3,2,0.6,INS,Insular Gyrus,Insular Lobe,1.0,dIg,INS_L(R)_6_5,171,172,0.3,1.0,1,2,1.0
ceneus,Left ceneus,LR,2,1.87,3,2,0.375,IPL,Inferior Parietal Lobule,Parietal Lobe,0.5,A39c,IPL_L(R)_6_1,135,136,0.1875,1.0,1,1,1.0
subgenual cingulate cortex,Subgenual cingulate cortex,U,2,2.03,3,2,0.5454,CG,Cingulate Gyrus,Limbic Lobe,1.0,A24rv,CG_L(R)_7_2,177,178,0.2727,0.5,2,2,
subgenual acc,Subgenual ACC,U,2,2.03,3,2,0.5454,CG,Cingulate Gyrus,Limbic Lobe,1.0,A24rv,CG_L(R)_7_2,177,178,0.2727,0.5,1,2,
subgenual acca,Left subgenual ACCa,LR,2,1.84,3,2,0.353,CG,Cingulate Gyrus,Limbic Lobe,0.5,A32sg,CG_L(R)_7_7,187,188,0.1765,1.0,1,1,1.0
ins ba 13,L Ins (BA13),LR,2,1.87,3,2,0.375,IFG,Inferior Frontal Gyrus,Frontal Lobe,0.5,A44op,IFG_L(R)_6_5,37,38,0.1875,1.0,1,3,1.0
insp,Left INSp,LR,2,1.87,3,2,0.375,INS,Insular Gyrus,Insular Lobe,0.5,G,INS_L(R)_6_1,163,164,0.1875,1.0,1,1,1.0
middle cingulum ba 32,Middle cingulum (BA 32),U,2,2.03,3,2,0.5454,SFG,Superior Frontal Gyrus,Frontal Lobe,1.0,A8m,SFG_L(R)_7_1,1,2,0.2727,0.0,1,2,
middle cingulum cortex,L Middle cingulum cortex,LR,2,2.03,3,2,0.5454,CG,Cingulate Gyrus,Limbic Lobe,1.0,A32p,CG_L(R)_7_3,179,180,0.2727,1.0,1,1,1.0
middle dorsal insula,Middle dorsal insula L/,LR,2,1.94,3,2,0.4286,INS,Insular Gyrus,Insular Lobe,0.5,dIg,INS_L(R)_6_5,171,172,0.2143,1.0,1,1,1.0
middle cingulate cortex ba 23,Middle cingulate cortex (BA 23),RU,2,2.03,3,2,0.5454,CG,Cingulate Gyrus,Limbic Lobe,1.0,A23d,CG_L(R)_7_1,175,176,0.2727,1.0,1,1,
dorsal medial frontal cortex,Dorsal medial frontal cortex,U,2,1.97,3,2,0.4616,Hipp,Hippocampus,Subcortical Nuclei,0.5,rHipp,Hipp_L(R)_2_1,215,216,0.2308,0.5,2,2,
dorsal anterior insula,Right dorsal anterior insula,LR,2,1.41,2,1,0.5,INS,Insular Gyrus,Insular Lobe,1.0,dId,INS_L(R)_6_6,173,174,0.5,0.0,2,2,1.0
infero lateral occipital cortex,Left infero-lateral occipital cortex,LR,2,2.06,3,2,0.6,LOcC,lateral Occipital Cortex,Occipital Lobe,1.0,mOccG,LOcC_L(R)_4_1,199,200,0.3,1.0,1,1,1.0
inferior temporal pole ba 20 38,Left inferior temporal pole (BA20/38),L,2,1.9,3,2,0.4,ITG,Inferior Temporal Gyrus,Temporal Lobe,0.5,A20r,ITG_L(R)_7_3,93,94,0.2,1.0,1,3,1.0
inferior temporal gyrus 20,Inferior temporal gyrus (20),U,2,1.94,3,2,0.4286,FuG,Fusiform Gyrus,Temporal Lobe,0.5,A37lv,FuG_L(R)_3_3,107,108,0.2143,0.5,2,2,
inferior temporal gyrus 37,L. Inferior Temporal Gyrus (37),L,2,1.84,3,2,0.353,ITG,Inferior Temporal Gyrus,Temporal Lobe,0.5,A37vl,ITG_L(R)_7_5,97,98,0.1765,1.0,1,2,1.0
inferior temporal gyrus and lateral occipital cortex,Left inferior temporal gyrus and lateral occipital cortex,L,2,1.97,3,2,0.4616,FuG,Fusiform Gyrus,Temporal Lobe,0.5,A37lv,FuG_L(R)_3_3,107,108,0.2308,1.0,1,2,1.0
middle frontal g ba 10,Middle frontal G. (BA 10),U,2,2.03,3,2,0.5454,MFG,Middle Frontal Gyrus,Frontal Lobe,1.0,A9/46v,MFG_L(R)_7_4,21,22,0.2727,1.0,1,3,
insula posterior,Insula Posterior,U,2,1.87,3,2,0.375,BG,Basal Ganglia,Subcortical Nuclei,0.5,dlPu,BG_L(R)_6_6,229,230,0.1875,0.5,1,2,
ins 13,Ins (13),U,2,1.87,3,2,0.375,INS,Insular Gyrus,Insular Lobe,0.5,dIa,INS_L(R)_6_3,167,168,0.1875,0.6667,1,3,
premotor cortex ba 6,Left premotor cortex (BA 6),LU,2,2.06,3,2,0.6,PrG,Precentral Gyrus,Frontal Lobe,1.0,A6cdl,PrG_L(R)_6_2,55,56,0.3,1.0,1,1,
dorsal midbrain,Dorsal midbrain,U,2,1.82,3,2,0.3334,BG,Basal Ganglia,Subcortical Nuclei,0.5,dCa,BG_L(R)_6_5,227,228,0.1667,0.0,2,2,
dorsal lateral occipital cortex,Left dorsal lateral occipital cortex,LR,2,2.06,3,2,0.6,LOcC,lateral Occipital Cortex,Occipital Lobe,1.0,msOccG,LOcC_L(R)_2_1,207,208,0.3,1.0,1,1,1.0
intraprietal sulcus,L Intraprietal Sulcus,LR,2,1.9,3,2,0.4,LOcC,lateral Occipital Cortex,Occipital Lobe,0.5,lsOccG,LOcC_L(R)_2_2,209,210,0.2,1.0,1,1,1.0
ioc,IOC,U,2,2.06,3,2,0.6,LOcC,lateral Occipital Cortex,Occipital Lobe,1.0,iOccG,LOcC_L(R)_4_4,205,206,0.3,0.25,1,4,
intraparietal lobule,Intraparietal lobule,U,2,2.06,3,2,0.6,IPL,Inferior Parietal Lobule,Parietal Lobe,1.0,A40c,IPL_L(R)_6_4,141,142,0.3,0.5,1,2,
intraparietal sulcus and transverse parietal sulcus,intraparietal sulcus (IPS) and transverse parietal sulci,U,2,1.9,3,2,0.4,IPL,Inferior Parietal Lobule,Parietal Lobe,0.5,A39rd,IPL_L(R)_6_2,137,138,0.2,1.0,1,3,
middle anterior part of the cingulate gyrus and sulcus,Middle-anterior part of the cingulate gyrus & sulcus,U,2,1.82,3,2,0.3334,CG,Cingulate Gyrus,Limbic Lobe,0.5,A24cd,CG_L(R)_7_5,183,184,0.1667,1.0,1,2,
dipsm,L DIPSM,LR,2,2.08,3,2,0.6666,SPL,Superior Parietal Lobule,Parietal Lobe,1.0,A7c,SPL_L(R)_5_2,127,128,0.3333,1.0,1,1,1.0
dlpfc ba 6,dlPFC (BA6),U,2,2.03,3,2,0.5454,MFG,Middle Frontal Gyrus,Frontal Lobe,1.0,IFJ,MFG_L(R)_7_2,17,18,0.2727,0.0,1,2,
prmfc,prMFC,U,2,2.03,3,2,0.5454,SFG,Superior Frontal Gyrus,Frontal Lobe,1.0,A8m,SFG_L(R)_7_1,1,2,0.2727,0.0,1,2,
pstcg,PstCG,U,2,1.97,3,2,0.4616,Pcun,Precuneus,Parietal Lobe,0.5,A5m,PCun_L(R)_4_2,149,150,0.2308,0.0,1,2,
primary somato sensory cortex,Primary somato-sensory cortex,U,2,1.94,3,2,0.4286,PoG,Postcentral Gyrus,Parietal Lobe,0.5,A1/2/3ulhf,PoG_L(R)_4_1,155,156,0.2143,0.5,1,2,
primary somatosensory area,Primary somatosensory area,U,2,2.06,3,2,0.6,PrG,Precentral Gyrus,Frontal Lobe,1.0,A4hf,PrG_L(R)_6_1,53,54,0.3,0.5,1,2,
primary and secondary somatosensory area,primary and secondary somatosensory area,U,2,1.94,3,2,0.4286,IPL,Inferior Parietal Lobule,Parietal Lobe,0.5,A40rv,IPL_L(R)_6_6,145,146,0.2143,1.0,1,3,
primary motor area,Primary Motor Area,U,2,1.94,3,2,0.4286,PoG,Postcentral Gyrus,Parietal Lobe,0.5,A1/2/3ulhf,PoG_L(R)_4_1,155,156,0.2143,1.0,2,2,
intraparietal sulcusa,L intraparietal sulcusa,LR,2,2.08,3,2,0.6666,SPL,Superior Parietal Lobule,Parietal Lobe,1.0,A7ip,SPL_L(R)_5_5,133,134,0.3333,1.0,1,1,1.0
cerebellar lobule,cerebellar lobule,U,2,2.06,3,2,0.6,LOcC,lateral Occipital Cortex,Occipital Lobe,1.0,mOccG,LOcC_L(R)_4_1,199,200,0.3,0.5,1,2,
cerebellar vermis,Cerebellar Vermis,RU,2,1.94,3,2,0.4286,FuG,Fusiform Gyrus,Temporal Lobe,0.5,A37mv,FuG_L(R)_3_2,105,106,0.2143,0.5,1,2,
putamenh,PutamenH,U,2,2.06,3,2,0.6,BG,Basal Ganglia,Subcortical Nuclei,1.0,vCa,BG_L(R)_6_1,219,220,0.3,0.5,1,2,
dlpfcdamh,DLPFCdamh,U,2,2.03,3,2,0.5454,MFG,Middle Frontal Gyrus,Frontal Lobe,1.0,A9/46d,MFG_L(R)_7_1,15,16,0.2727,1.0,1,2,
dmfc,DMFC,U,2,1.43,2,1,0.4545,SFG,Superior Frontal Gyrus,Frontal Lobe,1.0,A8m,SFG_L(R)_7_1,1,2,0.4545,0.5,2,2,
dmpfc ba 8,dmPFC (BA 8) (medial frontal gyrus),U,2,1.43,2,1,0.4545,SFG,Superior Frontal Gyrus,Frontal Lobe,1.0,A9m,SFG_L(R)_7_6,11,12,0.4545,0.0,2,2,
dlpfc sphere,dlPFC_L_sphere,LR,2,2.03,3,2,0.5454,MFG,Middle Frontal Gyrus,Frontal Lobe,1.0,A9/46v,MFG_L(R)_7_4,21,22,0.2727,1.0,1,1,1.0
temporo occipital gyrus,L. temporo-occipital gyrus,L,2,2.06,3,2,0.6,INS,Insular Gyrus,Insular Lobe,1.0,G,INS_L(R)_6_1,163,164,0.3,1.0,1,2,1.0
anterior cingulate gyrus ba 9,Left Anterior cingulate gyrus (BA 9),LR,2,1.84,3,2,0.353,BG,Basal Ganglia,Subcortical Nuclei,0.5,dCa,BG_L(R)_6_5,227,228,0.1765,1.0,1,1,1.0
anterior cingulate gyrusa,Anterior cingulate gyrusa,U,2,1.84,3,2,0.353,CG,Cingulate Gyrus,Limbic Lobe,0.5,A32sg,CG_L(R)_7_7,187,188,0.1765,0.5,1,2,
temporal parietal occipital,L. Temporal-Parietal-Occipital,LR,2,2.06,3,2,0.6,IPL,Inferior Parietal Lobule,Parietal Lobe,1.0,A39c,IPL_L(R)_6_1,135,136,0.3,1.0,1,1,1.0
temporal middle lobe,Temporal Middle Lobe,U,2,2.09,3,2,0.75,MTG,Middle Temporal Gyrus,Temporal Lobe,1.0,A21r,MTG_L(R)_4_2,83,84,0.375,1.0,1,2,
anterior medial frontal cortex,Anterior medial frontal cortex (R),R,2,2.03,3,2,0.5454,SFG,Superior Frontal Gyrus,Frontal Lobe,1.0,A9l,SFG_L(R)_7_3,5,6,0.2727,0.0,1,2,1.0
anterior medial prefrontal cortex,Anterior Medial Prefrontal Cortex,U,2,1.43,2,1,0.4545,CG,Cingulate Gyrus,Limbic Lobe,1.0,A32sg,CG_L(R)_7_7,187,188,0.4545,1.0,2,2,
ips anterior,IPS anterior,U,2,1.9,3,2,0.4,IPL,Inferior Parietal Lobule,Parietal Lobe,0.5,A39rd,IPL_L(R)_6_2,137,138,0.2,1.0,1,6,
stc,L STC,LR,2,1.94,3,2,0.4286,MTG,Middle Temporal Gyrus,Temporal Lobe,0.5,aSTS,MTG_L(R)_4_4,87,88,0.2143,1.0,1,2,1.0
spc,Left SPC,LU,2,1.9,3,2,0.4,PhG,Parahippocampal Gyrus,Temporal Lobe,0.5,A35/36c,PhG_L(R)_6_2,111,112,0.2,1.0,1,1,
spg,L.SPG,LU,2,1.9,3,2,0.4,SPL,Superior Parietal Lobule,Parietal Lobe,0.5,A7pc,SPL_L(R)_5_4,131,132,0.2,0.0,1,2,
cerebellum crus1,Cerebellum Crus1,U,2,1.9,3,2,0.4,LOcC,lateral Occipital Cortex,Occipital Lobe,0.5,V5/MT+,LOcC_L(R)_4_2,201,202,0.2,0.5,1,2,
cerebellum crus2,Cerebellum Crus2,U,2,1.9,3,2,0.4,LOcC,lateral Occipital Cortex,Occipital Lobe,0.5,mOccG,LOcC_L(R)_4_1,199,200,0.2,0.0,1,2,
cerebellum 3,Cerebellum 3,U,2,1.94,3,2,0.4286,Hipp,Hippocampus,Subcortical Nuclei,0.5,cHipp,Hipp_L(R)_2_2,217,218,0.2143,0.5,2,2,
cerebellum 9,Cerebellum 9,U,2,1.97,3,2,0.4616,CG,Cingulate Gyrus,Limbic Lobe,0.5,A23v,CG_L(R)_7_4,181,182,0.2308,1.0,1,2,
cerebellar hemisphere,Cerebellar hemisphere,U,2,1.84,3,2,0.353,MVOcC,MedioVentral Occipital Cortex,Occipital Lobe,0.5,vmPOS,MVOcC_L(R)_5_5,197,198,0.1765,1.0,1,2,
lag,lAg,U,2,1.41,2,1,0.5,IPL,Inferior Parietal Lobule,Parietal Lobe,1.0,A39rv,IPL_L(R)_6_5,143,144,0.5,1.0,2,2,
lateral 2nd hg,Lateral 2nd HG,U,2,2.06,3,2,0.6,STG,Superior Temporal Gyrus,Temporal Lobe,1.0,A41/42,STG_L(R)_6_2,71,72,0.3,0.0,1,2,
isthmus cingulate,Isthmus cingulate,U,2,1.87,3,2,0.375,CG,Cingulate Gyrus,Limbic Lobe,0.5,A23d,CG_L(R)_7_1,175,176,0.1875,0.0,2,2,
restrosplenial cortex,Restrosplenial cortex,U,2,1.84,3,2,0.353,CG,Cingulate Gyrus,Limbic Lobe,0.5,A23v,CG_L(R)_7_4,181,182,0.1765,0.5,1,2,
retrolenticular limb,Left retrolenticular limb,L,2,1.44,2,1,0.4167,Tha,Thalamus,Subcortical Nuclei,1.0,mPMtha,Tha_L(R)_8_2,233,234,0.4167,1.0,2,2,1.0
rectus and,Rectus_R&L,B,2,2.06,3,2,0.6,OrG,Orbital Gyrus,Frontal Lobe,1.0,A11m,OrG_L(R)_6_4,47,48,0.3,0.5,1,2,
putaman,Putaman,U,2,1.41,2,1,0.5,BG,Basal Ganglia,Subcortical Nuclei,1.0,GP,BG_L(R)_6_2,221,222,0.5,0.5,2,6,
sts region,Right STS region,R,2,2.0,3,2,0.5,IPL,Inferior Parietal Lobule,Parietal Lobe,0.5,A39rv,IPL_L(R)_6_5,143,144,0.25,0.0,1,2,1.0
mid temp gyr,L Mid. Temp. Gyr.,LR,2,1.87,3,2,0.375,IPL,Inferior Parietal Lobule,Parietal Lobe,0.5,A39rv,IPL_L(R)_6_5,143,144,0.1875,1.0,1,1,1.0
mid psts,Mid-pSTS,U,2,2.0,3,2,0.5,STG,Superior Temporal Gyrus,Temporal Lobe,0.5,A22r,STG_L(R)_6_6,79,80,0.25,0.0,1,2,
mid occip gyrus,Mid. Occip. Gyrus,U,2,2.06,3,2,0.6,LOcC,lateral Occipital Cortex,Occipital Lobe,1.0,OPC,LOcC_L(R)_4_3,203,204,0.3,0.5,1,2,
mid fusiform gyrus,Left mid-fusiform gyrus,LU,2,1.27,2,1,0.7143,FuG,Fusiform Gyrus,Temporal Lobe,1.0,A37lv,FuG_L(R)_3_3,107,108,0.7143,0.0,1,1,
mid insula cortex,L mid insula cortex,LR,2,1.87,3,2,0.375,INS,Insular Gyrus,Insular Lobe,0.5,dIg,INS_L(R)_6_5,171,172,0.1875,1.0,1,1,1.0
mid occ gyr,L Mid. Occ. Gyr.,LR,2,2.06,3,2,0.6,LOcC,lateral Occipital Cortex,Occipital Lobe,1.0,mOccG,LOcC_L(R)_4_1,199,200,0.3,1.0,1,1,1.0
lateral anterior prefrontal cortex,Right lateral anterior prefrontal cortex,LR,2,2.03,3,2,0.5454,MFG,Middle Frontal Gyrus,Frontal Lobe,1.0,A46,MFG_L(R)_7_3,19,20,0.2727,1.0,1,1,1.0
lateral fef,Left ‘lateral FEF’,LU,2,2.06,3,2,0.6,PrG,Precentral Gyrus,Frontal Lobe,1.0,A6cdl,PrG_L(R)_6_2,55,56,0.3,1.0,1,1,
middle anterior temporal cortex,Middle anterior temporal cortex,U,2,1.94,3,2,0.4286,MTG,Middle Temporal Gyrus,Temporal Lobe,0.5,A21r,MTG_L(R)_4_2,83,84,0.2143,1.0,1,2,
middle and inferior frontal,Middle & inferior frontal,RU,2,1.84,3,2,0.353,IFG,Inferior Frontal Gyrus,Frontal Lobe,0.5,IFS,IFG_L(R)_6_2,31,32,0.1765,0.0,1,1,
middle and inferior frontal gyrus,L middle and inferior frontal gyrus,LR,2,1.84,3,2,0.353,IFG,Inferior Frontal Gyrus,Frontal Lobe,0.5,A45r,IFG_L(R)_6_4,35,36,0.1765,1.0,1,1,1.0
midcingulate,Midcingulate,U,2,1.82,3,2,0.3334,CG,Cingulate Gyrus,Limbic Lobe,0.5,A23d,CG_L(R)_7_1,175,176,0.1667,1.0,2,2,
mid temporal gyr,Mid. Temporal gyr.,U,2,2.09,3,2,0.75,MTG,Middle Temporal Gyrus,Temporal Lobe,1.0,A21c,MTG_L(R)_4_1,81,82,0.375,0.0,1,2,
mid temporal pole,Mid. temporal pole,RU,2,1.94,3,2,0.4286,MTG,Middle Temporal Gyrus,Temporal Lobe,0.5,A21r,MTG_L(R)_4_2,83,84,0.2143,1.0,1,1,
mid stg,Left mid-STG,LR,2,2.06,3,2,0.6,STG,Superior Temporal Gyrus,Temporal Lobe,1.0,TE1.0 and TE1.2,STG_L(R)_6_3,73,74,0.3,1.0,1,2,1.0
mid temp gy,Mid Temp Gy???,U,2,1.94,3,2,0.4286,IPL,Inferior Parietal Lobule,Parietal Lobe,0.5,A39c,IPL_L(R)_6_1,135,136,0.2143,0.0,1,2,
rloc,RLOC,U,2,1.41,2,1,0.5,IPL,Inferior Parietal Lobule,Parietal Lobe,1.0,A39rv,IPL_L(R)_6_5,143,144,0.5,0.0,2,2,
rofa,ROFA,U,2,1.97,3,2,0.4616,FuG,Fusiform Gyrus,Temporal Lobe,0.5,A37mv,FuG_L(R)_3_2,105,106,0.2308,0.0,2,2,
ripl,rIPL,U,2,1.94,3,2,0.4286,IPL,Inferior Parietal Lobule,Parietal Lobe,0.5,A40rv,IPL_L(R)_6_6,145,146,0.2143,0.0,2,2,
retrosplenium,Retrosplenium,U,2,2.09,3,2,0.75,Pcun,Precuneus,Parietal Lobe,1.0,dmPOS,PCun_L(R)_4_3,151,152,0.375,0.75,1,4,
rifg,RIFG,U,2,2.06,3,2,0.6,IFG,Inferior Frontal Gyrus,Frontal Lobe,1.0,A44op,IFG_L(R)_6_5,37,38,0.3,0.0,1,3,
cuneusa,Cuneusa,U,2,1.9,3,2,0.4,MVOcC,MedioVentral Occipital Cortex,Occipital Lobe,0.5,cCunG,MVOcC_L(R)_5_3,193,194,0.2,0.3333,1,3,
cuneusb,Left cuneusb,LR,2,1.9,3,2,0.4,LOcC,lateral Occipital Cortex,Occipital Lobe,0.5,msOccG,LOcC_L(R)_2_1,207,208,0.2,1.0,1,1,1.0
ttgl,TTGl,U,2,2.06,3,2,0.6,STG,Superior Temporal Gyrus,Temporal Lobe,1.0,A41/42,STG_L(R)_6_2,71,72,0.3,1.0,1,2,
rostrolateral prefrontal cortex,Rostrolateral prefrontal cortex,U,2,2.03,3,2,0.5454,MFG,Middle Frontal Gyrus,Frontal Lobe,1.0,A46,MFG_L(R)_7_3,19,20,0.2727,0.5,1,2,
rpcc,rPCC,U,2,1.9,3,2,0.4,CG,Cingulate Gyrus,Limbic Lobe,0.5,A23d,CG_L(R)_7_1,175,176,0.2,0.0,2,2,
rostral prefrontal cortex 10,Left rostral prefrontal cortex (10),LRU,2,1.82,3,2,0.3334,SFG,Superior Frontal Gyrus,Frontal Lobe,0.5,A10m,SFG_L(R)_7_7,13,14,0.1667,1.0,1,1,
rostral stg,L Rostral STG,LR,2,2.06,3,2,0.6,STG,Superior Temporal Gyrus,Temporal Lobe,1.0,TE1.0 and TE1.2,STG_L(R)_6_3,73,74,0.3,1.0,1,1,1.0
rostral medial frontal g,Rostral medial frontal G.,U,2,2.03,3,2,0.5454,SFG,Superior Frontal Gyrus,Frontal Lobe,1.0,A10m,SFG_L(R)_7_7,13,14,0.2727,0.5,1,4,
rostral anterior cingulate,R rostral anterior cingulate,RU,2,1.43,2,1,0.4545,CG,Cingulate Gyrus,Limbic Lobe,1.0,A32sg,CG_L(R)_7_7,187,188,0.4545,1.0,1,2,
roi 1,ROI 1,U,2,1.84,3,2,0.353,MFG,Middle Frontal Gyrus,Frontal Lobe,0.5,A46,MFG_L(R)_7_3,19,20,0.1765,0.5,1,2,
roi 2,ROI 2,U,2,1.84,3,2,0.353,MFG,Middle Frontal Gyrus,Frontal Lobe,0.5,A10l,MFG_L(R)_7_7,27,28,0.1765,0.5,1,2,
lateral occipito temporal sulcus,Lateral occipito-temporal sulcus,U,2,1.94,3,2,0.4286,FuG,Fusiform Gyrus,Temporal Lobe,0.5,A37lv,FuG_L(R)_3_3,107,108,0.2143,1.0,2,2,
lateral middle occipital gyrus,Left lateral middle occipital gyri,LR,2,1.41,2,1,0.5,LOcC,lateral Occipital Cortex,Occipital Lobe,1.0,V5/MT+,LOcC_L(R)_4_2,201,202,0.5,1.0,1,1,1.0
mfg 10,MFG (10),U,2,1.82,3,2,0.3334,MFG,Middle Frontal Gyrus,Frontal Lobe,0.5,A46,MFG_L(R)_7_3,19,20,0.1667,0.0,2,2,
mfg 46,MFG (46),U,2,1.84,3,2,0.353,IFG,Inferior Frontal Gyrus,Frontal Lobe,0.5,A44v,IFG_L(R)_6_6,39,40,0.1765,1.0,2,2,
mfg 6,MFG(6),U,2,1.84,3,2,0.353,MFG,Middle Frontal Gyrus,Frontal Lobe,0.5,A6vl,MFG_L(R)_7_6,25,26,0.1765,0.5,1,2,
mediodorsal nc,Mediodorsal nc.,U,2,2.0,3,2,0.5,Tha,Thalamus,Subcortical Nuclei,1.0,Otha,Tha_L(R)_8_6,241,242,0.25,0.0,1,2,
men versus women,Men versus women,U,2,1.82,3,2,0.3334,SFG,Superior Frontal Gyrus,Frontal Lobe,0.5,A9l,SFG_L(R)_7_3,5,6,0.1667,0.6667,1,3,
rostral superior parietal gyrus,Right rostral Superior Parietal Gyrus (rSPG),R,2,2.08,3,2,0.6666,SPL,Superior Parietal Lobule,Parietal Lobe,1.0,A7r,SPL_L(R)_5_1,125,126,0.3333,0.0,1,2,1.0
its,ITS,LU,2,1.9,3,2,0.4,ITG,Inferior Temporal Gyrus,Temporal Lobe,0.5,A20cl,ITG_L(R)_7_6,99,100,0.2,1.0,1,1,
ips cluster 1,IPS(L)-cluster 1,L,2,2.06,3,2,0.6,IPL,Inferior Parietal Lobule,Parietal Lobe,1.0,A39rd,IPL_L(R)_6_2,137,138,0.3,1.0,1,2,1.0
ips cluster 2,IPS(L)-cluster 2,L,2,1.9,3,2,0.4,LOcC,lateral Occipital Cortex,Occipital Lobe,0.5,lsOccG,LOcC_L(R)_2_2,209,210,0.2,1.0,1,2,1.0
mid frontal orb,L Mid Frontal Orb,LR,2,2.06,3,2,0.6,OrG,Orbital Gyrus,Frontal Lobe,1.0,A12/47o,OrG_L(R)_6_2,43,44,0.3,1.0,1,1,1.0
mid cingulum,L Mid cingulum,LR,2,2.03,3,2,0.5454,CG,Cingulate Gyrus,Limbic Lobe,1.0,A23c,CG_L(R)_7_6,185,186,0.2727,0.0,2,2,1.0
mid fr gyl,Mid Fr GyL,U,2,1.84,3,2,0.353,MFG,Middle Frontal Gyrus,Frontal Lobe,0.5,A8vl,MFG_L(R)_7_5,23,24,0.1765,0.0,1,2,
mid brain,Mid brain,U,2,2.0,3,2,0.5,Tha,Thalamus,Subcortical Nuclei,1.0,mPFtha,Tha_L(R)_8_1,231,232,0.25,0.5,2,2,
mfga,MFGa,U,2,2.03,3,2,0.5454,MFG,Middle Frontal Gyrus,Frontal Lobe,1.0,A46,MFG_L(R)_7_3,19,20,0.2727,0.0,1,2,
culmen of vermis,Culmen of vermis,RU,2,1.39,2,1,0.5556,MVOcC,MedioVentral Occipital Cortex,Occipital Lobe,1.0,rLinG,MVOcC_L(R)_5_4,195,196,0.5556,0.0,1,1,
corticospinal tract,Corticospinal tract,U,2,2.06,3,2,0.6,BG,Basal Ganglia,Subcortical Nuclei,1.0,GP,BG_L(R)_6_2,221,222,0.3,0.5,2,2,
cruz ii,Cruz II (lateral cerebellum),U,2,1.87,3,2,0.375,IPL,Inferior Parietal Lobule,Parietal Lobe,0.5,A39c,IPL_L(R)_6_1,135,136,0.1875,0.5,1,2,
collateral sulcus,Collateral sulcus,U,2,2.0,3,2,0.5,FuG,Fusiform Gyrus,Temporal Lobe,0.5,A37lv,FuG_L(R)_3_3,107,108,0.25,0.5,1,2,
medial temporal lobe,Medial temporal lobe,U,2,2.08,3,2,0.6666,FuG,Fusiform Gyrus,Temporal Lobe,0.5,A20rv,FuG_L(R)_3_1,103,104,0.3333,0.0,2,2,
lentiform nuclear,Lentiform Nuclear (L),LR,2,2.06,3,2,0.6,BG,Basal Ganglia,Subcortical Nuclei,1.0,vmPu,BG_L(R)_6_4,225,226,0.3,1.0,1,1,1.0
lateral prefrontal,Lateral prefrontal,U,2,1.84,3,2,0.353,IFG,Inferior Frontal Gyrus,Frontal Lobe,0.5,A44d,IFG_L(R)_6_1,29,30,0.1765,0.0,1,2,
lateral prefrontal cortex medial prefrontal cortex orbitofrontal cortex anterior cingulate cortex,Lateral prefrontal cortex (lPFC) Medial prefrontal cortex (mPFC) Orbitofrontal cortex (OFC) Anterior cingulate cortex (ACC),U,2,1.84,3,2,0.353,MFG,Middle Frontal Gyrus,Frontal Lobe,0.5,A10l,MFG_L(R)_7_7,27,28,0.1765,0.5,1,2,
cingulum middle,Cingulum Middle,U,2,1.82,3,2,0.3334,CG,Cingulate Gyrus,Limbic Lobe,0.5,A23c,CG_L(R)_7_6,185,186,0.1667,1.0,1,2,
cingulate gyrus and sulcus,Cingulate gyrus and sulcus,U,2,1.97,3,2,0.4616,CG,Cingulate Gyrus,Limbic Lobe,0.5,A23c,CG_L(R)_7_6,185,186,0.2308,0.5,1,2,
s ii,S II,U,2,1.87,3,2,0.375,INS,Insular Gyrus,Insular Lobe,0.5,G,INS_L(R)_6_1,163,164,0.1875,0.0,1,2,
rv5,rV5,U,2,1.87,3,2,0.375,IPL,Inferior Parietal Lobule,Parietal Lobe,0.5,A39c,IPL_L(R)_6_1,135,136,0.1875,0.0,1,2,
rstg,RSTG,U,2,2.06,3,2,0.6,STG,Superior Temporal Gyrus,Temporal Lobe,1.0,A41/42,STG_L(R)_6_2,71,72,0.3,0.0,2,2,
cuneate lobe,left cuneate lobe,LR,2,2.08,3,2,0.6666,MVOcC,MedioVentral Occipital Cortex,Occipital Lobe,1.0,rCunG,MVOcC_L(R)_5_2,191,192,0.3333,1.0,1,1,1.0
cst,CST,U,2,1.44,2,1,0.4167,Tha,Thalamus,Subcortical Nuclei,1.0,mPMtha,Tha_L(R)_8_2,233,234,0.4167,1.0,2,3,
cu ba 19,Cu (BA 19),U,2,1.94,3,2,0.4286,LOcC,lateral Occipital Cortex,Occipital Lobe,0.5,msOccG,LOcC_L(R)_2_1,207,208,0.2143,0.6667,1,3,
thalamus ventral posterior,Left thalamus (ventral posterior,LR,2,1.82,3,2,0.3334,BG,Basal Ganglia,Subcortical Nuclei,0.5,vCa,BG_L(R)_6_1,219,220,0.1667,1.0,1,1,1.0
thalamus and other subcortical region,Left thalamus and other subcortical regions,LR,2,1.87,3,2,0.375,BG,Basal Ganglia,Subcortical Nuclei,0.5,NAC,BG_L(R)_6_3,223,224,0.1875,1.0,1,1,1.0
thalamus posterior,L. thalamus posterior,LR,2,2.0,3,2,0.5,Tha,Thalamus,Subcortical Nuclei,1.0,Otha,Tha_L(R)_8_6,241,242,0.25,1.0,1,1,1.0
thalamus pulvinar,Thalamus pulvinar,U,2,2.0,3,2,0.5,Tha,Thalamus,Subcortical Nuclei,1.0,cTtha,Tha_L(R)_8_7,243,244,0.25,0.6667,2,3,
cluster spanning,Cluster spanning:,U,2,1.87,3,2,0.375,INS,Insular Gyrus,Insular Lobe,0.5,dId,INS_L(R)_6_6,173,174,0.1875,0.5,1,2,
cmiddle frontal gyrus,cMiddle frontal gyrus,U,2,2.03,3,2,0.5454,MFG,Middle Frontal Gyrus,Frontal Lobe,1.0,A9/46d,MFG_L(R)_7_1,15,16,0.2727,0.0,1,2,
cingulated gyrus,Left cingulated gyrus,LR,2,1.9,3,2,0.4,Pcun,Precuneus,Parietal Lobe,0.5,A31,PCun_L(R)_4_4,153,154,0.2,0.0,1,1,1.0
cingulum ant and,Cingulum_Ant_L&R,B,2,1.82,3,2,0.3334,SFG,Superior Frontal Gyrus,Frontal Lobe,0.5,A10m,SFG_L(R)_7_7,13,14,0.1667,0.3333,1,3,
anterior cingulate cortex 24 32,Anterior cingulate cortex (24/32),U,2,2.03,3,2,0.5454,CG,Cingulate Gyrus,Limbic Lobe,1.0,A32p,CG_L(R)_7_3,179,180,0.2727,0.5,1,2,
ant sts,LH ant STS,L,2,2.06,3,2,0.6,STG,Superior Temporal Gyrus,Temporal Lobe,1.0,A38l,STG_L(R)_6_5,77,78,0.3,1.0,1,2,1.0
ant thalamus,R ant thalamus,LR,2,2.0,3,2,0.5,Tha,Thalamus,Subcortical Nuclei,1.0,lPFtha,Tha_L(R)_8_8,245,246,0.25,0.0,2,2,1.0
anteiror cingulum,Anteiror Cingulum,U,2,2.03,3,2,0.5454,CG,Cingulate Gyrus,Limbic Lobe,1.0,A24rv,CG_L(R)_7_2,177,178,0.2727,0.5,1,2,
transverse temporal cortex,Transverse temporal cortex,U,2,2.06,3,2,0.6,STG,Superior Temporal Gyrus,Temporal Lobe,1.0,A41/42,STG_L(R)_6_2,71,72,0.3,0.5,1,2,
transverse temporal gyrus 41,Left transverse temporal gyrus (41),LU,2,2.06,3,2,0.6,STG,Superior Temporal Gyrus,Temporal Lobe,1.0,A41/42,STG_L(R)_6_2,71,72,0.3,0.0,1,1,
toc,TOC,U,2,2.08,3,2,0.6666,FuG,Fusiform Gyrus,Temporal Lobe,0.5,A37lv,FuG_L(R)_3_3,107,108,0.3333,0.6667,2,3,
tp pole,R Tp Pole,R,2,1.94,3,2,0.4286,FuG,Fusiform Gyrus,Temporal Lobe,0.5,A20rv,FuG_L(R)_3_1,103,104,0.2143,0.0,1,2,1.0
ampfc,amPFC,U,2,1.84,3,2,0.353,OrG,Orbital Gyrus,Frontal Lobe,0.5,A14m,OrG_L(R)_6_1,41,42,0.1765,0.5,1,4,
and precuneus,and R precuneus,RU,2,1.97,3,2,0.4616,Pcun,Precuneus,Parietal Lobe,0.5,A7m,PCun_L(R)_4_1,147,148,0.2308,1.0,1,1,
ag ba 39,AG (BA 39),RU,2,1.41,2,1,0.5,IPL,Inferior Parietal Lobule,Parietal Lobe,1.0,A39rv,IPL_L(R)_6_5,143,144,0.5,1.0,1,2,
ventrolateral thalamus,Left ventrolateral Thalamus,LU,2,2.0,3,2,0.5,Tha,Thalamus,Subcortical Nuclei,1.0,lPFtha,Tha_L(R)_8_8,245,246,0.25,0.6667,1,3,
acch,ACCH,U,2,1.82,3,2,0.3334,CG,Cingulate Gyrus,Limbic Lobe,0.5,A32p,CG_L(R)_7_3,179,180,0.1667,0.3333,1,3,
ventrolateral premotor cortex,Right ventrolateral premotor cortex,RU,2,1.41,2,1,0.5,PrG,Precentral Gyrus,Frontal Lobe,1.0,A6cvl,PrG_L(R)_6_6,63,64,0.5,0.0,1,1,
acc 32,ACC (32),LU,2,1.84,3,2,0.353,BG,Basal Ganglia,Subcortical Nuclei,0.5,vCa,BG_L(R)_6_1,219,220,0.1765,0.0,1,1,
lobule ix of the cerebellum,Lobule IX of the cerebellum,U,2,1.82,3,2,0.3334,CG,Cingulate Gyrus,Limbic Lobe,0.5,A32sg,CG_L(R)_7_7,187,188,0.1667,0.0,1,2,
ventral occipital cortex,Left ventral occipital cortex,LR,2,1.97,3,2,0.4616,FuG,Fusiform Gyrus,Temporal Lobe,0.5,A37mv,FuG_L(R)_3_2,105,106,0.2308,1.0,1,1,1.0
ventral anterior insula,Left ventral anterior insula,LR,2,2.06,3,2,0.6,INS,Insular Gyrus,Insular Lobe,1.0,vIa,INS_L(R)_6_2,165,166,0.3,1.0,1,1,1.0
v3a,L V3A,LR,2,1.87,3,2,0.375,IPL,Inferior Parietal Lobule,Parietal Lobe,0.5,A39c,IPL_L(R)_6_1,135,136,0.1875,1.0,1,3,1.0
visual,L-visual,LR,2,1.9,3,2,0.4,LOcC,lateral Occipital Cortex,Occipital Lobe,0.5,OPC,LOcC_L(R)_4_3,203,204,0.2,1.0,1,2,1.0
visual areasundamh,Visual areasundamh,U,2,1.97,3,2,0.4616,FuG,Fusiform Gyrus,Temporal Lobe,0.5,A37mv,FuG_L(R)_3_2,105,106,0.2308,0.0,1,2,
ventrolateral prefrontal cortex ba 45,Left ventrolateral prefrontal cortex (BA 45),LU,2,2.06,3,2,0.6,IFG,Inferior Frontal Gyrus,Frontal Lobe,1.0,A45c,IFG_L(R)_6_3,33,34,0.3,0.5,1,4,
aifg,aIFG,U,2,2.06,3,2,0.6,IFG,Inferior Frontal Gyrus,Frontal Lobe,1.0,IFS,IFG_L(R)_6_2,31,32,0.3,0.5,1,2,
amygdala parahippocampal gyrus,R amygdala–parahippocampal gyrus,R,2,1.87,3,2,0.375,BG,Basal Ganglia,Subcortical Nuclei,0.5,GP,BG_L(R)_6_2,221,222,0.1875,0.0,1,2,1.0
angular gyurs,Angular gyurs,RU,2,2.06,3,2,0.6,IPL,Inferior Parietal Lobule,Parietal Lobe,1.0,A39rd,IPL_L(R)_6_2,137,138,0.3,1.0,1,1,
ant cing cortex,Ant. Cing. Cortex,U,2,2.03,3,2,0.5454,SFG,Superior Frontal Gyrus,Frontal Lobe,1.0,A8m,SFG_L(R)_7_1,1,2,0.2727,0.5,1,2,
ant cingulate,Ant. cingulate,RU,2,1.82,3,2,0.3334,CG,Cingulate Gyrus,Limbic Lobe,0.5,A32p,CG_L(R)_7_3,179,180,0.1667,1.0,1,1,
angular gyrus ba 40,Angular gyrus (BA 40),RU,2,2.06,3,2,0.6,IPL,Inferior Parietal Lobule,Parietal Lobe,1.0,A39rd,IPL_L(R)_6_2,137,138,0.3,1.0,1,1,
angular gyrus ba 7,Angular gyrus [BA7],RU,2,1.41,2,1,0.5,IPL,Inferior Parietal Lobule,Parietal Lobe,1.0,A39rd,IPL_L(R)_6_2,137,138,0.5,0.0,1,3,
ventral precuneus,Ventral precuneus,U,2,2.09,3,2,0.75,Pcun,Precuneus,Parietal Lobe,1.0,dmPOS,PCun_L(R)_4_3,151,152,0.375,0.0,1,2,
ventral pcc,Ventral PCC,U,2,1.87,3,2,0.375,CG,Cingulate Gyrus,Limbic Lobe,0.5,A23c,CG_L(R)_7_6,185,186,0.1875,0.5,1,2,
ventral medial pfc,Ventral medial PFC,U,2,1.82,3,2,0.3334,CG,Cingulate Gyrus,Limbic Lobe,0.5,A32sg,CG_L(R)_7_7,187,188,0.1667,0.5,2,2,
second somatosensory cortex,Second somatosensory cortex (left),LR,2,1.87,3,2,0.375,IPL,Inferior Parietal Lobule,Parietal Lobe,0.5,A40rv,IPL_L(R)_6_6,145,146,0.1875,0.0,1,2,1.0
secondary olfactory areas1,Secondary olfactory areas1,U,2,1.82,3,2,0.3334,IFG,Inferior Frontal Gyrus,Frontal Lobe,0.5,A44v,IFG_L(R)_6_6,39,40,0.1667,0.5,1,2,
medial occipital,Medial occipital,U,2,2.08,3,2,0.6666,MVOcC,MedioVentral Occipital Cortex,Occipital Lobe,1.0,rCunG,MVOcC_L(R)_5_2,191,192,0.3333,0.5,2,2,
medial frontal gyrus orbitalis,R Medial frontal gyrus: Orbitalis,R,2,1.84,3,2,0.353,CG,Cingulate Gyrus,Limbic Lobe,0.5,A32sg,CG_L(R)_7_7,187,188,0.1765,0.0,1,2,1.0
medial frontal gyrusb,L medial frontal gyrusb,LU,2,1.84,3,2,0.353,OrG,Orbital Gyrus,Frontal Lobe,0.5,A14m,OrG_L(R)_6_1,41,42,0.1765,0.0,1,2,
medial frontal orbital lobe ba 11,Right medial frontal orbital lobe (BA11),R,2,2.06,3,2,0.6,OrG,Orbital Gyrus,Frontal Lobe,1.0,A14m,OrG_L(R)_6_1,41,42,0.3,0.0,2,2,1.0
medial frontal orbitalis,Medial frontal orbitalis,U,2,1.84,3,2,0.353,CG,Cingulate Gyrus,Limbic Lobe,0.5,A32sg,CG_L(R)_7_7,187,188,0.1765,0.0,1,2,
ant fusiform,L ant fusiform,LR,2,2.07,2,2,0.8572,FuG,Fusiform Gyrus,Temporal Lobe,1.0,A20rv,FuG_L(R)_3_1,103,104,0.4286,1.0,1,1,1.0
pcca,PCCa,RU,2,1.34,2,1,0.625,Pcun,Precuneus,Parietal Lobe,1.0,A31,PCun_L(R)_4_4,153,154,0.625,0.0,1,1,
pcc 31,PCC (31),U,2,1.9,3,2,0.4,CG,Cingulate Gyrus,Limbic Lobe,0.5,A23d,CG_L(R)_7_1,175,176,0.2,0.5,2,2,
pcc ba 23,Left PCC (BA23),LU,2,1.9,3,2,0.4,CG,Cingulate Gyrus,Limbic Lobe,0.5,A23v,CG_L(R)_7_4,181,182,0.2,0.0,1,1,
parietotemporal junction ba 40,L. parietotemporal junction (BA 40),LR,2,2.06,3,2,0.6,IPL,Inferior Parietal Lobule,Parietal Lobe,1.0,A40rd,IPL_L(R)_6_3,139,140,0.3,1.0,1,1,1.0
ifg 9,IFG (9),U,2,1.87,3,2,0.375,PrG,Precentral Gyrus,Frontal Lobe,0.5,A6cvl,PrG_L(R)_6_6,63,64,0.1875,0.5,2,4,
ifg ba 44,1IFG (BA 44),U,2,1.41,2,1,0.5,PrG,Precentral Gyrus,Frontal Lobe,1.0,A6cvl,PrG_L(R)_6_6,63,64,0.5,0.6667,2,3,
ifg ba 45,IFG BA45,U,2,1.87,3,2,0.375,IFG,Inferior Frontal Gyrus,Frontal Lobe,0.5,A45c,IFG_L(R)_6_3,33,34,0.1875,0.0,2,2,
ifg ba 47,IFG (BA47),LU,2,1.41,2,1,0.5,IFG,Inferior Frontal Gyrus,Frontal Lobe,1.0,A44op,IFG_L(R)_6_5,37,38,0.5,0.0,1,1,
pga,PGa,U,2,2.06,3,2,0.6,IPL,Inferior Parietal Lobule,Parietal Lobe,1.0,A40c,IPL_L(R)_6_4,141,142,0.3,1.0,1,2,
pha,PHA(L),LR,2,2.09,3,2,0.75,Amyg,Amygdala,Subcortical Nuclei,0.5,mAmyg,Amyg_L(R)_2_1,211,212,0.375,1.0,1,2,1.0
pffg,L.pFFG,LR,2,1.97,3,2,0.4616,FuG,Fusiform Gyrus,Temporal Lobe,0.5,A37mv,FuG_L(R)_3_2,105,106,0.2308,1.0,1,1,1.0
pfm,PFm,U,2,2.06,3,2,0.6,IPL,Inferior Parietal Lobule,Parietal Lobe,1.0,A40c,IPL_L(R)_6_4,141,142,0.3,0.5,2,2,
perigenual anterior cingulate cortex,Perigenual anterior cingulate cortex (pgACC),U,2,2.03,3,2,0.5454,CG,Cingulate Gyrus,Limbic Lobe,1.0,A32p,CG_L(R)_7_3,179,180,0.2727,0.5,2,2,
pcl,L PCL,LU,2,2.0,3,2,0.5,Tha,Thalamus,Subcortical Nuclei,1.0,Stha,Tha_L(R)_8_3,235,236,0.25,1.0,1,1,
pcu ba 19 31,PCu (BA 19/31),U,2,1.9,3,2,0.4,CG,Cingulate Gyrus,Limbic Lobe,0.5,A23d,CG_L(R)_7_1,175,176,0.2,0.5,1,2,
pcun ba 7,Left PCUN (BA7),L,2,1.87,3,2,0.375,CG,Cingulate Gyrus,Limbic Lobe,0.5,A23v,CG_L(R)_7_4,181,182,0.1875,1.0,1,3,1.0
vpfc,Left VPFC,LRU,2,1.87,3,2,0.375,OrG,Orbital Gyrus,Frontal Lobe,0.5,A12/47l,OrG_L(R)_6_6,51,52,0.1875,1.0,1,1,
vlpc,L VLPC,LR,2,2.06,3,2,0.6,OrG,Orbital Gyrus,Frontal Lobe,1.0,A11l,OrG_L(R)_6_3,45,46,0.3,0.0,1,1,1.0
vlpfc ba 44,vlPFC (BA44),U,2,2.06,3,2,0.6,IFG,Inferior Frontal Gyrus,Frontal Lobe,1.0,A45c,IFG_L(R)_6_3,33,34,0.3,0.5,2,2,
vermis vi,Vermis VI,U,2,1.9,3,2,0.4,BG,Basal Ganglia,Subcortical Nuclei,0.5,dCa,BG_L(R)_6_5,227,228,0.2,0.0,2,2,
gtt ba 41 42,GTT (BA 41/42),U,2,1.94,3,2,0.4286,PoG,Postcentral Gyrus,Parietal Lobe,0.5,A1/2/3tonIa,PoG_L(R)_4_2,157,158,0.2143,0.5,1,2,
gyrus frontalis medius,Gyrus frontalis medius,U,2,2.0,3,2,0.5,INS,Insular Gyrus,Insular Lobe,0.5,dIa,INS_L(R)_6_3,167,168,0.25,0.5,1,2,
pifg,pIFG right,LRU,2,1.87,3,2,0.375,OrG,Orbital Gyrus,Frontal Lobe,0.5,A12/47l,OrG_L(R)_6_6,51,52,0.1875,0.0,1,1,
pft,PFt,U,2,1.94,3,2,0.4286,IPL,Inferior Parietal Lobule,Parietal Lobe,0.5,A40rd,IPL_L(R)_6_3,139,140,0.2143,0.5,1,2,
lobule vi,Lobule VI R,R,2,1.41,2,1,0.5,BG,Basal Ganglia,Subcortical Nuclei,1.0,dCa,BG_L(R)_6_5,227,228,0.5,0.0,2,3,1.0
lobule vi of the cerebellum,Lobule VI of the cerebellum,U,2,2.03,3,2,0.5454,MFG,Middle Frontal Gyrus,Frontal Lobe,1.0,A10l,MFG_L(R)_7_7,27,28,0.2727,0.3333,1,3,
lobule viib,L Lobule VIIb*,LR,2,1.97,3,2,0.4616,Hipp,Hippocampus,Subcortical Nuclei,0.5,rHipp,Hipp_L(R)_2_1,215,216,0.2308,0.0,1,2,0.0
lipl,LIPL,U,2,2.06,3,2,0.6,IPL,Inferior Parietal Lobule,Parietal Lobe,1.0,A40rd,IPL_L(R)_6_3,139,140,0.3,1.0,2,2,
lips,LIPS,U,2,1.94,3,2,0.4286,MVOcC,MedioVentral Occipital Cortex,Occipital Lobe,0.5,vmPOS,MVOcC_L(R)_5_5,197,198,0.2143,1.0,2,2,
lloc,LLOC,U,2,1.41,2,1,0.5,IPL,Inferior Parietal Lobule,Parietal Lobe,1.0,A39rv,IPL_L(R)_6_5,143,144,0.5,1.0,2,2,
medial cingulate cortex,Medial cingulate cortex,LU,2,1.43,2,1,0.4545,CG,Cingulate Gyrus,Limbic Lobe,1.0,A23c,CG_L(R)_7_6,185,186,0.4545,1.0,1,1,
vmpfc ba 10,vmPFC (BA10) (superior frontal gyrus),U,2,1.84,3,2,0.353,CG,Cingulate Gyrus,Limbic Lobe,0.5,A32sg,CG_L(R)_7_7,187,188,0.1765,1.0,1,2,
women versus men,Women versus men,U,1,1.44,2,1,0.3333,MFG,Middle Frontal Gyrus,Frontal Lobe,1.0,A10l,MFG_L(R)_7_7,27,28,0.3333,0.0,1,2,
a cerebellum anterior lobe,A R Cerebellum Anterior Lobe,R,1,1.36,2,1,0.6,FuG,Fusiform Gyrus,Temporal Lobe,1.0,A37lv,FuG_L(R)_3_3,107,108,0.6,0.0,1,1,1.0
a47,B A47,B,1,1.44,2,1,0.375,STG,Superior Temporal Gyrus,Temporal Lobe,1.0,A38l,STG_L(R)_6_5,77,78,0.375,0.0,1,1,
acc and medial frontal gyrus,ACC and medial frontal gyrus,U,1,1.44,2,1,0.3333,SFG,Superior Frontal Gyrus,Frontal Lobe,1.0,A10m,SFG_L(R)_7_7,13,14,0.3333,0.0,1,1,
acc d,ACC D,U,1,1.44,2,1,0.3333,SFG,Superior Frontal Gyrus,Frontal Lobe,1.0,A8m,SFG_L(R)_7_1,1,2,0.3333,1.0,1,1,
acc roi,ACC ROI,U,1,1.44,2,1,0.3333,CG,Cingulate Gyrus,Limbic Lobe,1.0,A24rv,CG_L(R)_7_2,177,178,0.3333,0.0,1,1,
accb,ACCb,U,1,1.44,2,1,0.3333,CG,Cingulate Gyrus,Limbic Lobe,1.0,A32p,CG_L(R)_7_3,179,180,0.3333,1.0,1,1,
acce,ACCE,U,1,1.44,2,1,0.3333,SFG,Superior Frontal Gyrus,Frontal Lobe,1.0,A9m,SFG_L(R)_7_6,11,12,0.3333,0.0,1,1,
accg,ACCG,U,1,1.44,2,1,0.3333,SFG,Superior Frontal Gyrus,Frontal Lobe,1.0,A9m,SFG_L(R)_7_6,11,12,0.3333,0.0,1,1,
accl,ACCL,U,1,1.44,2,1,0.3333,CG,Cingulate Gyrus,Limbic Lobe,1.0,A32p,CG_L(R)_7_3,179,180,0.3333,1.0,1,1,
accm,ACCM,U,1,1.44,2,1,0.3333,SFG,Superior Frontal Gyrus,Frontal Lobe,1.0,A9m,SFG_L(R)_7_6,11,12,0.3333,0.0,1,1,
acco,ACCO,U,1,1.44,2,1,0.3333,SFG,Superior Frontal Gyrus,Frontal Lobe,1.0,A9m,SFG_L(R)_7_6,11,12,0.3333,0.0,1,1,
accs,ACCs,U,1,1.44,2,1,0.3333,CG,Cingulate Gyrus,Limbic Lobe,1.0,A24cd,CG_L(R)_7_5,183,184,0.3333,1.0,1,1,
accumb ncl,accumb.ncl.,U,1,1.44,2,1,0.375,BG,Basal Ganglia,Subcortical Nuclei,1.0,NAC,BG_L(R)_6_3,223,224,0.375,1.0,1,1,
also included ventromedial prefrontal cortex,Also included: Ventromedial Prefrontal Cortex,U,1,1.44,2,1,0.3333,CG,Cingulate Gyrus,Limbic Lobe,1.0,A32sg,CG_L(R)_7_7,187,188,0.3333,1.0,1,1,
amg,AMG,U,1,1.24,2,1,0.75,Amyg,Amygdala,Subcortical Nuclei,1.0,mAmyg,Amyg_L(R)_2_1,211,212,0.75,0.0,1,1,
amydala,amydala,U,1,1.24,2,1,0.75,Hipp,Hippocampus,Subcortical Nuclei,1.0,rHipp,Hipp_L(R)_2_1,215,216,0.75,1.0,1,1,
amygdala roi,Amygdala ROI,U,1,1.24,2,1,0.75,Amyg,Amygdala,Subcortical Nuclei,1.0,mAmyg,Amyg_L(R)_2_1,211,212,0.75,0.0,1,1,
amygdalab,Amygdalab,U,1,1.24,2,1,0.75,Amyg,Amygdala,Subcortical Nuclei,1.0,lAmyg,Amyg_L(R)_2_2,213,214,0.75,0.5,1,2,
amygdale,Left amygdale,L,1,1.24,2,1,0.75,Amyg,Amygdala,Subcortical Nuclei,1.0,mAmyg,Amyg_L(R)_2_1,211,212,0.75,1.0,1,2,1.0
amygdaloid body,Amygdaloid body(L),L,1,1.24,2,1,0.75,Amyg,Amygdala,Subcortical Nuclei,1.0,lAmyg,Amyg_L(R)_2_2,213,214,0.75,1.0,1,1,1.0
and 10,9 and 10,U,1,1.44,2,1,0.3333,SFG,Superior Frontal Gyrus,Frontal Lobe,1.0,A9l,SFG_L(R)_7_3,5,6,0.3333,0.0,1,1,
ventrolateral prefrontal cortex ba 44,Ventrolateral prefrontal cortex (BA 44),U,1,1.44,2,1,0.375,PrG,Precentral Gyrus,Frontal Lobe,1.0,A6cvl,PrG_L(R)_6_6,63,64,0.375,1.0,1,1,
ventrolateral prefrontal cortex ba 46,Ventrolateral prefrontal cortex (BA 46),U,1,1.44,2,1,0.375,IFG,Inferior Frontal Gyrus,Frontal Lobe,1.0,A45c,IFG_L(R)_6_3,33,34,0.375,0.0,1,1,
ventrolateral prefrontal cortex ba 47,Rt. Ventrolateral prefrontal cortex (BA 47),R,1,1.44,2,1,0.375,INS,Insular Gyrus,Insular Lobe,1.0,vIa,INS_L(R)_6_2,165,166,0.375,0.0,1,1,1.0
ait,R.aIT,R,1,1.44,2,1,0.3333,ITG,Inferior Temporal Gyrus,Temporal Lobe,1.0,A20il,ITG_L(R)_7_4,95,96,0.3333,0.0,1,1,1.0
alpfc,aLPFC,U,1,1.44,2,1,0.375,IFG,Inferior Frontal Gyrus,Frontal Lobe,1.0,IFS,IFG_L(R)_6_2,31,32,0.375,1.0,1,1,
also included cuneus,Also included: Cuneus,U,1,1.44,2,1,0.375,LOcC,lateral Occipital Cortex,Occipital Lobe,1.0,OPC,LOcC_L(R)_4_3,203,204,0.375,1.0,1,1,
also included middle occipital gyrus,Also Included: Left Middle Occipital Gyrus,L,1,1.44,2,1,0.375,LOcC,lateral Occipital Cortex,Occipital Lobe,1.0,mOccG,LOcC_L(R)_4_1,199,200,0.375,1.0,1,1,1.0
also included middle occipital lobe,Also Included: Right Middle Occipital Lobe,R,1,1.44,2,1,0.375,LOcC,lateral Occipital Cortex,Occipital Lobe,1.0,lsOccG,LOcC_L(R)_2_2,209,210,0.375,0.0,1,1,1.0
ventral visual area 4,Left ventral Visual Area 4 (V4v),L,1,1.44,2,1,0.375,LOcC,lateral Occipital Cortex,Occipital Lobe,1.0,iOccG,LOcC_L(R)_4_4,205,206,0.375,1.0,1,1,1.0
ventro lateral pre frontal,Right ventro-lateral pre-frontal,R,1,1.44,2,1,0.375,PrG,Precentral Gyrus,Frontal Lobe,1.0,A6cvl,PrG_L(R)_6_6,63,64,0.375,0.0,1,1,1.0
ventro medial,Ventro-Medial,U,1,1.44,2,1,0.3333,CG,Cingulate Gyrus,Limbic Lobe,1.0,A32sg,CG_L(R)_7_7,187,188,0.3333,0.0,1,1,
ventro medial pfc,Ventro‐medial PFC (vmPFC),U,1,1.44,2,1,0.3333,CG,Cingulate Gyrus,Limbic Lobe,1.0,A32sg,CG_L(R)_7_7,187,188,0.3333,1.0,1,1,
ventro parietal cortex,Rt. Ventro-parietal cortex,R,1,1.44,2,1,0.375,IPL,Inferior Parietal Lobule,Parietal Lobe,1.0,A39rv,IPL_L(R)_6_5,143,144,0.375,0.0,1,1,1.0
ventro parietal cortex ba 39,Rt. Ventro-parietal cortex (BA39),R,1,1.44,2,1,0.375,IPL,Inferior Parietal Lobule,Parietal Lobe,1.0,A39rv,IPL_L(R)_6_5,143,144,0.375,0.0,1,1,1.0
ventrolateral,Ventrolateral,U,1,1.44,2,1,0.3,Tha,Thalamus,Subcortical Nuclei,1.0,lPFtha,Tha_L(R)_8_8,245,246,0.3,1.0,1,1,
ventrolateral pfc ba 47,Right ventrolateral PFC (BA 47),R,1,1.44,2,1,0.375,INS,Insular Gyrus,Insular Lobe,1.0,dIa,INS_L(R)_6_3,167,168,0.375,0.0,1,1,1.0
ant lobe cerebellum culmen,R ant lobe cerebellum culmen,R,1,1.36,2,1,0.6,FuG,Fusiform Gyrus,Temporal Lobe,1.0,A37lv,FuG_L(R)_3_3,107,108,0.6,0.0,1,1,1.0
ventral prefrontal cortex 47,Left ventral prefrontal cortex (47),L,1,1.44,2,1,0.375,OrG,Orbital Gyrus,Frontal Lobe,1.0,A11l,OrG_L(R)_6_3,45,46,0.375,1.0,1,1,1.0
ventral prefrontal cortex ba 44,Ventral prefrontal cortex (BA 44),U,1,1.44,2,1,0.375,IFG,Inferior Frontal Gyrus,Frontal Lobe,1.0,A44op,IFG_L(R)_6_5,37,38,0.375,0.0,1,1,
ventral prefrontal cortex ba 45,Ventral prefrontal cortex (BA 45),U,1,1.44,2,1,0.375,IFG,Inferior Frontal Gyrus,Frontal Lobe,1.0,A45r,IFG_L(R)_6_4,35,36,0.375,0.0,1,1,
ventral prefrontal cortex ba 47,Ventral prefrontal cortex (BA 47),U,1,1.44,2,1,0.3333,MFG,Middle Frontal Gyrus,Frontal Lobe,1.0,A9/46v,MFG_L(R)_7_4,21,22,0.3333,0.0,1,1,
ventral premotor cortex ba 6,Ventral premotor cortex (BA6) (PM),U,1,1.44,2,1,0.375,PrG,Precentral Gyrus,Frontal Lobe,1.0,A4hf,PrG_L(R)_6_1,53,54,0.375,0.5,1,2,
ventral rv3b,ventral rV3B,U,1,1.44,2,1,0.375,LOcC,lateral Occipital Cortex,Occipital Lobe,1.0,iOccG,LOcC_L(R)_4_4,205,206,0.375,0.0,1,1,
ventral tegmental areaa,Ventral tegmental areaa,U,1,1.44,2,1,0.3,Tha,Thalamus,Subcortical Nuclei,1.0,mPFtha,Tha_L(R)_8_1,231,232,0.3,0.0,1,1,
lpc ba 4,LPc (BA 4),U,1,1.24,2,1,0.75,PCL,Paracentral Lobule,Frontal Lobe,1.0,A1/2/3ll,PCL_L(R)_2_1,65,66,0.75,1.0,1,1,
lpc ba 5 7,LPc (BA 5/7),U,1,1.24,2,1,0.75,PCL,Paracentral Lobule,Frontal Lobe,1.0,A1/2/3ll,PCL_L(R)_2_1,65,66,0.75,0.0,1,1,
lpcc,lPCC,U,1,1.44,2,1,0.3333,CG,Cingulate Gyrus,Limbic Lobe,1.0,A23d,CG_L(R)_7_1,175,176,0.3333,1.0,1,1,
lpcg,LPCG,U,1,1.44,2,1,0.375,PrG,Precentral Gyrus,Frontal Lobe,1.0,A4hf,PrG_L(R)_6_1,53,54,0.375,1.0,1,1,
lpfca,Right LPFCa,R,1,1.44,2,1,0.3333,MFG,Middle Frontal Gyrus,Frontal Lobe,1.0,A10l,MFG_L(R)_7_7,27,28,0.3333,0.0,1,1,1.0
lpi ba 39,LPi (BA 39),U,1,1.44,2,1,0.375,IPL,Inferior Parietal Lobule,Parietal Lobe,1.0,A39rv,IPL_L(R)_6_5,143,144,0.375,0.5,1,2,
lpi ba 7 40,LPi (BA 7/40),U,1,1.44,2,1,0.375,IPL,Inferior Parietal Lobule,Parietal Lobe,1.0,A40c,IPL_L(R)_6_4,141,142,0.375,1.0,1,1,
lpic,lpIC,U,1,1.44,2,1,0.375,STG,Superior Temporal Gyrus,Temporal Lobe,1.0,TE1.0 and TE1.2,STG_L(R)_6_3,73,74,0.375,1.0,1,1,
marginal sulcus,L. Marginal Sulcus,L,1,1.24,2,1,0.75,PCL,Paracentral Lobule,Frontal Lobe,1.0,A1/2/3ll,PCL_L(R)_2_1,65,66,0.75,1.0,1,1,1.0
maximum 1 middle temporal gyrus,Maximum 1: Middle temporal gyrus,U,1,1.41,2,1,0.5,MTG,Middle Temporal Gyrus,Temporal Lobe,1.0,aSTS,MTG_L(R)_4_4,87,88,0.5,0.0,1,1,
maximum 2,Maximum 2,U,1,1.44,2,1,0.375,PhG,Parahippocampal Gyrus,Temporal Lobe,1.0,A35/36c,PhG_L(R)_6_2,111,112,0.375,1.0,1,1,
maximum 3 sma,Maximum 3: SMA,U,1,1.44,2,1,0.3333,SFG,Superior Frontal Gyrus,Frontal Lobe,1.0,A6dl,SFG_L(R)_7_4,7,8,0.3333,1.0,1,1,
maximum 3 thalamus,Maximum 3: right thalamus,R,1,1.44,2,1,0.3,Tha,Thalamus,Subcortical Nuclei,1.0,rTtha,Tha_L(R)_8_4,237,238,0.3,0.0,1,1,1.0
mcc and precuneus,Bilateral MCC and precuneus,B,1,1.41,2,1,0.5,Pcun,Precuneus,Parietal Lobe,1.0,A31,PCun_L(R)_4_4,153,154,0.5,0.0,1,1,
mcg,L. MCG,LR,1,1.44,2,1,0.3333,CG,Cingulate Gyrus,Limbic Lobe,1.0,A23c,CG_L(R)_7_6,185,186,0.3333,1.0,1,1,1.0
lop,lOP,U,1,1.44,2,1,0.4286,MVOcC,MedioVentral Occipital Cortex,Occipital Lobe,1.0,cCunG,MVOcC_L(R)_5_3,193,194,0.4286,1.0,1,1,
lvv,LVV,U,1,1.44,2,1,0.3333,ITG,Inferior Temporal Gyrus,Temporal Lobe,1.0,A37elv,ITG_L(R)_7_2,91,92,0.3333,1.0,1,1,
lyngual gyrus ba 18,Lyngual gyrus (BA 18),U,1,1.44,2,1,0.4286,MVOcC,MedioVentral Occipital Cortex,Occipital Lobe,1.0,cCunG,MVOcC_L(R)_5_3,193,194,0.4286,1.0,1,1,
m middle cingulate cortex,M Middle cingulate cortex,U,1,1.44,2,1,0.3333,SFG,Superior Frontal Gyrus,Frontal Lobe,1.0,A8m,SFG_L(R)_7_1,1,2,0.3333,0.0,1,1,
m paracingulate ba 6 8,M Paracingulate (BA 6/8),U,1,1.44,2,1,0.3333,CG,Cingulate Gyrus,Limbic Lobe,1.0,A24rv,CG_L(R)_7_2,177,178,0.3333,0.0,1,1,
m1 and thalamus,M1 and thalamus,U,1,1.41,2,1,0.5,PoG,Postcentral Gyrus,Parietal Lobe,1.0,A1/2/3ulhf,PoG_L(R)_4_1,155,156,0.5,1.0,1,1,
m1a,M1a,U,1,1.44,2,1,0.375,PrG,Precentral Gyrus,Frontal Lobe,1.0,A4hf,PrG_L(R)_6_1,53,54,0.375,1.0,1,1,
m1damh,M1damH,U,1,1.44,2,1,0.375,PrG,Precentral Gyrus,Frontal Lobe,1.0,A4ul,PrG_L(R)_6_3,57,58,0.375,1.0,1,4,
marginal branch of the cingulate sulcus,Marginal branch of the cingulate sulcus,U,1,1.44,2,1,0.3333,CG,Cingulate Gyrus,Limbic Lobe,1.0,A23c,CG_L(R)_7_6,185,186,0.3333,1.0,1,2,
ltha,lTha,U,1,1.44,2,1,0.3,Tha,Thalamus,Subcortical Nuclei,1.0,Stha,Tha_L(R)_8_3,235,236,0.3,1.0,1,1,
lv1v2,lV1V2,U,1,1.44,2,1,0.4286,MVOcC,MedioVentral Occipital Cortex,Occipital Lobe,1.0,cCunG,MVOcC_L(R)_5_3,193,194,0.4286,1.0,1,1,
lv3a,lV3A,U,1,1.44,2,1,0.375,LOcC,lateral Occipital Cortex,Occipital Lobe,1.0,msOccG,LOcC_L(R)_2_1,207,208,0.375,1.0,1,1,
lv4 vp,lV4-VP,U,1,1.44,2,1,0.4286,MVOcC,MedioVentral Occipital Cortex,Occipital Lobe,1.0,rLinG,MVOcC_L(R)_5_4,195,196,0.4286,1.0,1,1,
lv5,lV5,U,1,1.44,2,1,0.375,LOcC,lateral Occipital Cortex,Occipital Lobe,1.0,V5/MT+,LOcC_L(R)_4_2,201,202,0.375,1.0,1,2,
lvcs,lvCS,U,1,1.41,2,1,0.5,PoG,Postcentral Gyrus,Parietal Lobe,1.0,A1/2/3ulhf,PoG_L(R)_4_1,155,156,0.5,1.0,1,1,
lventro lateral prefrontal cortex,Lventro-lateral prefrontal cortex,U,1,1.44,2,1,0.375,OrG,Orbital Gyrus,Frontal Lobe,1.0,A13,OrG_L(R)_6_5,49,50,0.375,1.0,1,1,
lvstr,lvSTR,U,1,1.44,2,1,0.375,BG,Basal Ganglia,Subcortical Nuclei,1.0,NAC,BG_L(R)_6_3,223,224,0.375,1.0,1,2,
medial aspect of frontal lobe,Medial aspect of frontal lobe,U,1,1.44,2,1,0.3333,SFG,Superior Frontal Gyrus,Frontal Lobe,1.0,A6m,SFG_L(R)_7_5,9,10,0.3333,1.0,1,1,
medial cingulum,Medial cingulum,U,1,1.44,2,1,0.3333,CG,Cingulate Gyrus,Limbic Lobe,1.0,A23c,CG_L(R)_7_6,185,186,0.3333,0.0,1,1,
medial cuneus,Medial cuneus (extending into precuneus),U,1,1.44,2,1,0.375,LOcC,lateral Occipital Cortex,Occipital Lobe,1.0,msOccG,LOcC_L(R)_2_1,207,208,0.375,1.0,1,1,
medial dlpfc,Medial DLPFC,U,1,1.44,2,1,0.3333,MFG,Middle Frontal Gyrus,Frontal Lobe,1.0,A9/46d,MFG_L(R)_7_1,15,16,0.3333,1.0,1,1,
medial fontal gyrus,R Medial fontal gyrus,R,1,1.44,2,1,0.375,STG,Superior Temporal Gyrus,Temporal Lobe,1.0,TE1.0 and TE1.2,STG_L(R)_6_3,73,74,0.375,0.0,1,1,1.0
lingual gyrus ba 8,Right lingual gyrus (BA8),R,1,1.44,2,1,0.4286,MVOcC,MedioVentral Occipital Cortex,Occipital Lobe,1.0,cCunG,MVOcC_L(R)_5_3,193,194,0.4286,0.0,1,1,1.0
lingual gyrus6,Right Lingual Gyrus6,R,1,1.44,2,1,0.375,LOcC,lateral Occipital Cortex,Occipital Lobe,1.0,iOccG,LOcC_L(R)_4_4,205,206,0.375,0.0,1,1,1.0
lingual gyrusf,Lingual gyrusf,U,1,1.41,2,1,0.5,Pcun,Precuneus,Parietal Lobe,1.0,dmPOS,PCun_L(R)_4_3,151,152,0.5,1.0,1,1,
med prefrontal,L. Med. prefrontal,L,1,1.44,2,1,0.375,OrG,Orbital Gyrus,Frontal Lobe,1.0,A14m,OrG_L(R)_6_1,41,42,0.375,1.0,1,1,1.0
med sfc ba 6,Right Med SFC (BA6),R,1,1.44,2,1,0.3333,CG,Cingulate Gyrus,Limbic Lobe,1.0,A32sg,CG_L(R)_7_7,187,188,0.3333,0.0,1,1,1.0
med sup frontal,L Med Sup Frontal,L,1,1.44,2,1,0.3333,SFG,Superior Frontal Gyrus,Frontal Lobe,1.0,A9m,SFG_L(R)_7_6,11,12,0.3333,1.0,1,1,1.0
med sup frontal g,Med. Sup. frontal G.,U,1,1.44,2,1,0.3333,SFG,Superior Frontal Gyrus,Frontal Lobe,1.0,A8m,SFG_L(R)_7_1,1,2,0.3333,1.0,1,1,
media frontal gyrus,Media frontal gyrus,U,1,1.44,2,1,0.3333,SFG,Superior Frontal Gyrus,Frontal Lobe,1.0,A10m,SFG_L(R)_7_7,13,14,0.3333,1.0,1,1,
medial 2nd hg,Medial 2nd HG,U,1,1.44,2,1,0.375,STG,Superior Temporal Gyrus,Temporal Lobe,1.0,A41/42,STG_L(R)_6_2,71,72,0.375,1.0,1,1,
medial 2nd hg hs,Medial 2nd HG–HS,U,1,1.44,2,1,0.375,STG,Superior Temporal Gyrus,Temporal Lobe,1.0,A41/42,STG_L(R)_6_2,71,72,0.375,0.0,1,1,
medial ahg,Medial aHG,U,1,1.44,2,1,0.375,STG,Superior Temporal Gyrus,Temporal Lobe,1.0,TE1.0 and TE1.2,STG_L(R)_6_3,73,74,0.375,0.0,1,2,
mdn,MDN,U,1,1.44,2,1,0.3,Tha,Thalamus,Subcortical Nuclei,1.0,mPFtha,Tha_L(R)_8_1,231,232,0.3,0.0,1,1,
med fr gy to sup fr gy,Med Fr Gy to Sup Fr Gy???,U,1,1.44,2,1,0.3333,SFG,Superior Frontal Gyrus,Frontal Lobe,1.0,A9m,SFG_L(R)_7_6,11,12,0.3333,0.0,1,1,
med fr gy to sup fr gyg,Med Fr Gy to Sup Fr GyG,U,1,1.44,2,1,0.3333,SFG,Superior Frontal Gyrus,Frontal Lobe,1.0,A9m,SFG_L(R)_7_6,11,12,0.3333,0.0,1,1,
med fr gy0,Med Fr Gy0,U,1,1.44,2,1,0.3333,SFG,Superior Frontal Gyrus,Frontal Lobe,1.0,A9m,SFG_L(R)_7_6,11,12,0.3333,0.0,1,1,
med fr gyh,Med Fr GyH,U,1,1.44,2,1,0.3333,SFG,Superior Frontal Gyrus,Frontal Lobe,1.0,A8m,SFG_L(R)_7_1,1,2,0.3333,0.0,1,1,
med fr gyo,Med Fr GyO,U,1,1.44,2,1,0.3333,SFG,Superior Frontal Gyrus,Frontal Lobe,1.0,A6dl,SFG_L(R)_7_4,7,8,0.3333,1.0,1,1,
med frontal orb,R Med Frontal Orb,R,1,1.44,2,1,0.375,OrG,Orbital Gyrus,Frontal Lobe,1.0,A14m,OrG_L(R)_6_1,41,42,0.375,0.0,1,1,1.0
med orbital gyrus,R. Med. Orbital Gyrus,R,1,1.44,2,1,0.375,OrG,Orbital Gyrus,Frontal Lobe,1.0,A12/47o,OrG_L(R)_6_2,43,44,0.375,0.0,1,1,1.0
lpips,lpIPS,U,1,1.44,2,1,0.4286,SPL,Superior Parietal Lobule,Parietal Lobe,1.0,A7ip,SPL_L(R)_5_5,133,134,0.4286,1.0,1,1,
lpm,Left LPM,L,1,1.44,2,1,0.375,PrG,Precentral Gyrus,Frontal Lobe,1.0,A6cdl,PrG_L(R)_6_2,55,56,0.375,1.0,1,1,1.0
lppc,lPPC,U,1,1.44,2,1,0.375,IPL,Inferior Parietal Lobule,Parietal Lobe,1.0,A39rd,IPL_L(R)_6_2,137,138,0.375,1.0,1,1,
lprecg,lPreCG,U,1,1.44,2,1,0.375,PrG,Precentral Gyrus,Frontal Lobe,1.0,A4hf,PrG_L(R)_6_1,53,54,0.375,1.0,1,1,
lps,LPS,U,1,1.44,2,1,0.375,IPL,Inferior Parietal Lobule,Parietal Lobe,1.0,A39c,IPL_L(R)_6_1,135,136,0.375,0.0,1,2,
lps ba 7 40,LPs (BA 7/40),U,1,1.41,2,1,0.5,PoG,Postcentral Gyrus,Parietal Lobe,1.0,A2,PoG_L(R)_4_3,159,160,0.5,0.0,1,1,
lpsts,LpSTS,U,1,1.24,2,1,0.75,pSTS,posterior Superior Temporal Sulcus,Temporal Lobe,1.0,cpSTS,pSTS_L(R)_2_2,123,124,0.75,1.0,1,2,
lsloc,LSLOC,U,1,1.44,2,1,0.4286,SPL,Superior Parietal Lobule,Parietal Lobe,1.0,A7ip,SPL_L(R)_5_5,133,134,0.4286,1.0,1,1,
medial frontal polar cortex ba 10,Medial frontal polar cortex (BA 10),U,1,1.44,2,1,0.3333,SFG,Superior Frontal Gyrus,Frontal Lobe,1.0,A10m,SFG_L(R)_7_7,13,14,0.3333,0.0,1,3,
medial frontal polar cortex ba 9,Medial frontal polar cortex (BA 9),U,1,1.44,2,1,0.3333,SFG,Superior Frontal Gyrus,Frontal Lobe,1.0,A10m,SFG_L(R)_7_7,13,14,0.3333,1.0,1,1,
medial frontal polar cortex ba 9 10,Medial frontal polar cortex (BA 9/10),U,1,1.44,2,1,0.3333,SFG,Superior Frontal Gyrus,Frontal Lobe,1.0,A10m,SFG_L(R)_7_7,13,14,0.3333,0.0,1,1,
medial frontal pole,Medial frontal pole,U,1,1.44,2,1,0.375,OrG,Orbital Gyrus,Frontal Lobe,1.0,A11m,OrG_L(R)_6_4,47,48,0.375,1.0,1,1,
medial geniculate body,Medial Geniculate body (),U,1,1.44,2,1,0.3,Tha,Thalamus,Subcortical Nuclei,1.0,Stha,Tha_L(R)_8_3,235,236,0.3,1.0,1,1,
medial hg,Medial HG,U,1,1.44,2,1,0.375,INS,Insular Gyrus,Insular Lobe,1.0,G,INS_L(R)_6_1,163,164,0.375,0.0,1,1,
medial insula,Right medial insula,R,1,1.44,2,1,0.375,INS,Insular Gyrus,Insular Lobe,1.0,dId,INS_L(R)_6_6,173,174,0.375,0.0,1,1,1.0
medial lingual gyrus,R medial lingual gyrus,LR,1,1.44,2,1,0.4286,MVOcC,MedioVentral Occipital Cortex,Occipital Lobe,1.0,rCunG,MVOcC_L(R)_5_2,191,192,0.4286,0.0,1,1,1.0
medial frontal gyrus 11,Left medial frontal gyrus (11),L,1,1.44,2,1,0.375,OrG,Orbital Gyrus,Frontal Lobe,1.0,A11m,OrG_L(R)_6_4,47,48,0.375,1.0,1,1,1.0
medial frontal gyrus 29,Medial frontal gyrus [29],U,1,1.44,2,1,0.3333,SFG,Superior Frontal Gyrus,Frontal Lobe,1.0,A10m,SFG_L(R)_7_7,13,14,0.3333,1.0,1,1,
medial frontal gyrus 9,Medial Frontal Gyrus (9),U,1,1.44,2,1,0.3333,SFG,Superior Frontal Gyrus,Frontal Lobe,1.0,A9m,SFG_L(R)_7_6,11,12,0.3333,1.0,1,1,
medial frontal gyrus ba 10 11,L Medial Frontal Gyrus (BA 10/11)†,L,1,1.44,2,1,0.375,OrG,Orbital Gyrus,Frontal Lobe,1.0,A14m,OrG_L(R)_6_1,41,42,0.375,1.0,1,1,1.0
medial frontal gyrus ba 23,Medial frontal gyrus BA23,U,1,1.44,2,1,0.3333,SFG,Superior Frontal Gyrus,Frontal Lobe,1.0,A8m,SFG_L(R)_7_1,1,2,0.3333,0.0,1,1,
medial frontal gyrus ba 25,L Medial frontal gyrus (BA 25),L,1,1.44,2,1,0.375,OrG,Orbital Gyrus,Frontal Lobe,1.0,A13,OrG_L(R)_6_5,49,50,0.375,1.0,1,1,1.0
medial frontal gyrus ba 32,RH medial frontal gyrus (BA 32),R,1,1.44,2,1,0.375,BG,Basal Ganglia,Subcortical Nuclei,1.0,dCa,BG_L(R)_6_5,227,228,0.375,0.0,1,1,1.0
medial frontal ofc,Medial frontal OFC,U,1,1.44,2,1,0.375,OrG,Orbital Gyrus,Frontal Lobe,1.0,A14m,OrG_L(R)_6_1,41,42,0.375,0.0,1,1,
lobule,lobule,U,1,1.44,2,1,0.4286,SPL,Superior Parietal Lobule,Parietal Lobe,1.0,A5l,SPL_L(R)_5_3,129,130,0.4286,1.0,1,1,
lobule viiia of cerebellum,Lobule VIIIa of cerebellum,U,1,1.44,2,1,0.3333,SFG,Superior Frontal Gyrus,Frontal Lobe,1.0,A10m,SFG_L(R)_7_7,13,14,0.3333,1.0,1,1,
loc and posterior middle temporal gyrus,Left LOC and posterior middle temporal gyrus,L,1,1.44,2,1,0.375,LOcC,lateral Occipital Cortex,Occipital Lobe,1.0,V5/MT+,LOcC_L(R)_4_2,201,202,0.375,1.0,1,1,1.0
medial frontal cortex 10 11,"Medial frontal cortex (10, 11)",U,1,1.44,2,1,0.3333,SFG,Superior Frontal Gyrus,Frontal Lobe,1.0,A10m,SFG_L(R)_7_7,13,14,0.3333,1.0,1,1,
medial frontal cortex 11,Medial frontal cortex (11),U,1,1.44,2,1,0.3333,SFG,Superior Frontal Gyrus,Frontal Lobe,1.0,A10m,SFG_L(R)_7_7,13,14,0.3333,1.0,1,1,
medial frontal cortex 24 32,"Medial frontal cortex (24, 32)",U,1,1.44,2,1,0.3333,CG,Cingulate Gyrus,Limbic Lobe,1.0,A32p,CG_L(R)_7_3,179,180,0.3333,1.0,1,1,
medial frontal cortex and anterior cingulated,Medial frontal cortex & anterior cingulated,U,1,1.44,2,1,0.3333,CG,Cingulate Gyrus,Limbic Lobe,1.0,A32sg,CG_L(R)_7_7,187,188,0.3333,1.0,1,1,
medial frontal g ba 10,Medial frontal G. (BA 10),U,1,1.44,2,1,0.3333,SFG,Superior Frontal Gyrus,Frontal Lobe,1.0,A10m,SFG_L(R)_7_7,13,14,0.3333,0.0,1,1,
lingual gyurs,Lingual Gyurs,U,1,1.44,2,1,0.4286,MVOcC,MedioVentral Occipital Cortex,Occipital Lobe,1.0,rLinG,MVOcC_L(R)_5_4,195,196,0.4286,0.0,1,1,
lingual or fusiform gyrus,Lingual or fusiform gyrus,U,1,1.44,2,1,0.375,PhG,Parahippocampal Gyrus,Temporal Lobe,1.0,TH,PhG_L(R)_6_6,119,120,0.375,1.0,1,1,
linguala,Right linguala,R,1,1.44,2,1,0.3333,CG,Cingulate Gyrus,Limbic Lobe,1.0,A23v,CG_L(R)_7_4,181,182,0.3333,0.0,1,1,1.0
lingualgyrus,Left lingualgyrus,L,1,1.36,2,1,0.6,FuG,Fusiform Gyrus,Temporal Lobe,1.0,A37mv,FuG_L(R)_3_2,105,106,0.6,1.0,1,1,1.0
lingulai gyrus,Lingulai gyrus,U,1,1.44,2,1,0.375,LOcC,lateral Occipital Cortex,Occipital Lobe,1.0,OPC,LOcC_L(R)_4_3,203,204,0.375,0.0,1,1,
lins,LINS,U,1,1.44,2,1,0.375,INS,Insular Gyrus,Insular Lobe,1.0,dId,INS_L(R)_6_6,173,174,0.375,1.0,1,1,
lmc,LMC,U,1,1.41,2,1,0.5,PoG,Postcentral Gyrus,Parietal Lobe,1.0,A2,PoG_L(R)_4_3,159,160,0.5,0.0,1,2,
lmfga,LMFGa,U,1,1.44,2,1,0.375,PrG,Precentral Gyrus,Frontal Lobe,1.0,A4tl,PrG_L(R)_6_5,61,62,0.375,1.0,1,1,
lifg ba 47,LIFG BA 47,U,1,1.44,2,1,0.375,OrG,Orbital Gyrus,Frontal Lobe,1.0,A11l,OrG_L(R)_6_3,45,46,0.375,1.0,1,1,
lifg pars opercularis,LIFG pars opercularis,U,1,1.44,2,1,0.375,IFG,Inferior Frontal Gyrus,Frontal Lobe,1.0,A44v,IFG_L(R)_6_6,39,40,0.375,1.0,1,1,
lifga,LIFGa,U,1,1.44,2,1,0.375,IFG,Inferior Frontal Gyrus,Frontal Lobe,1.0,A45c,IFG_L(R)_6_3,33,34,0.375,1.0,1,2,
light mtg,Light MTG,U,1,1.44,2,1,0.3333,ITG,Inferior Temporal Gyrus,Temporal Lobe,1.0,A20cl,ITG_L(R)_7_6,99,100,0.3333,1.0,1,1,
limbic lobe posterior cingulate,Right limbic lobe posterior cingulate,R,1,1.44,2,1,0.4286,MVOcC,MedioVentral Occipital Cortex,Occipital Lobe,1.0,rCunG,MVOcC_L(R)_5_2,191,192,0.4286,0.0,1,1,1.0
limbic posterior cingulate,L. limbic posterior cingulate,L,1,1.41,2,1,0.5,Pcun,Precuneus,Parietal Lobe,1.0,A31,PCun_L(R)_4_4,153,154,0.5,1.0,1,1,1.0
ling gyrus v1,Ling.Gyrus V1,U,1,1.44,2,1,0.375,LOcC,lateral Occipital Cortex,Occipital Lobe,1.0,msOccG,LOcC_L(R)_2_1,207,208,0.375,1.0,1,1,
lingal gyrus,Lingal gyrus,U,1,1.44,2,1,0.4286,MVOcC,MedioVentral Occipital Cortex,Occipital Lobe,1.0,rLinG,MVOcC_L(R)_5_4,195,196,0.4286,0.0,1,1,
lentiform nucleus globus pallidus,Left lentiform nucleus – globus pallidus,L,1,1.44,2,1,0.375,BG,Basal Ganglia,Subcortical Nuclei,1.0,GP,BG_L(R)_6_2,221,222,0.375,1.0,1,1,1.0
lfc,LFC,U,1,1.44,2,1,0.375,PrG,Precentral Gyrus,Frontal Lobe,1.0,A4hf,PrG_L(R)_6_1,53,54,0.375,1.0,1,1,
lfef,LFEF,U,1,1.44,2,1,0.375,PrG,Precentral Gyrus,Frontal Lobe,1.0,A6cdl,PrG_L(R)_6_2,55,56,0.375,1.0,1,1,
lfpc,lFPC,U,1,1.44,2,1,0.3333,MFG,Middle Frontal Gyrus,Frontal Lobe,1.0,A46,MFG_L(R)_7_3,19,20,0.3333,0.5,1,2,
lg ba 18,R LG (BA 18),R,1,1.44,2,1,0.4286,MVOcC,MedioVentral Occipital Cortex,Occipital Lobe,1.0,rCunG,MVOcC_L(R)_5_2,191,192,0.4286,0.0,1,1,1.0
lifg ba 45,LIFG BA 45 (& 47),U,1,1.44,2,1,0.375,IFG,Inferior Frontal Gyrus,Frontal Lobe,1.0,A44d,IFG_L(R)_6_1,29,30,0.375,1.0,1,2,
lifg ba 45 44 47,"LIFG BA 45 (44, 47)",U,1,1.44,2,1,0.375,IFG,Inferior Frontal Gyrus,Frontal Lobe,1.0,IFS,IFG_L(R)_6_2,31,32,0.375,1.0,1,1,
lifg ba 45 47 44,"LIFG BA 45 (47, 44)",U,1,1.44,2,1,0.375,IFG,Inferior Frontal Gyrus,Frontal Lobe,1.0,A44d,IFG_L(R)_6_1,29,30,0.375,1.0,1,2,
medial occipito temporal gyrus parahippocampal gyrus,Medial occipito-temporal gyrus - parahippocampal gyrus,U,1,1.24,2,1,0.75,Hipp,Hippocampus,Subcortical Nuclei,1.0,cHipp,Hipp_L(R)_2_2,217,218,0.75,1.0,1,2,
medial occipito temporal sculcus and lingual sulcus,Medial occipito-temporal sculcus and lingual sulcus,U,1,1.44,2,1,0.4286,MVOcC,MedioVentral Occipital Cortex,Occipital Lobe,1.0,rLinG,MVOcC_L(R)_5_4,195,196,0.4286,1.0,1,1,
medial occipitotemporal gyrus,right medial occipitotemporal gyri,R,1,1.36,2,1,0.6,FuG,Fusiform Gyrus,Temporal Lobe,1.0,A20rv,FuG_L(R)_3_1,103,104,0.6,0.0,1,1,1.0
medial ofc ba 11,Medial OFC (BA 11),U,1,1.44,2,1,0.375,OrG,Orbital Gyrus,Frontal Lobe,1.0,A13,OrG_L(R)_6_5,49,50,0.375,0.0,1,1,
medial orbital cortex,Medial orbital cortex,U,1,1.44,2,1,0.375,OrG,Orbital Gyrus,Frontal Lobe,1.0,A11l,OrG_L(R)_6_3,45,46,0.375,0.0,1,1,
medial orbital frontal,Left Medial Orbital Frontal,L,1,1.44,2,1,0.3333,CG,Cingulate Gyrus,Limbic Lobe,1.0,A32sg,CG_L(R)_7_7,187,188,0.3333,1.0,1,1,1.0
medial orbital gyrus 25,Medial orbital gyrus (25),U,1,1.44,2,1,0.375,OrG,Orbital Gyrus,Frontal Lobe,1.0,A13,OrG_L(R)_6_5,49,50,0.375,1.0,1,1,
medial orbital sulcus,Medial orbital sulcus,U,1,1.44,2,1,0.375,OrG,Orbital Gyrus,Frontal Lobe,1.0,A11l,OrG_L(R)_6_3,45,46,0.375,0.0,1,1,
medial lingual gyrus ba 18,Left Medial Lingual Gyrus BA18,L,1,1.44,2,1,0.4286,MVOcC,MedioVentral Occipital Cortex,Occipital Lobe,1.0,rCunG,MVOcC_L(R)_5_2,191,192,0.4286,1.0,1,1,1.0
medial m1 ba 4,Medial M1 (BA4),U,1,1.24,2,1,0.75,PCL,Paracentral Lobule,Frontal Lobe,1.0,A1/2/3ll,PCL_L(R)_2_1,65,66,0.75,0.0,1,1,
medial nucleus of septum,Medial nucleus of septum,U,1,1.44,2,1,0.375,BG,Basal Ganglia,Subcortical Nuclei,1.0,NAC,BG_L(R)_6_3,223,224,0.375,0.0,1,1,
medial occipital cortex ba 18,Left medial occipital cortex (BA 18),L,1,1.44,2,1,0.4286,MVOcC,MedioVentral Occipital Cortex,Occipital Lobe,1.0,cLinG,MVOcC_L(R)_5_1,189,190,0.4286,1.0,1,1,1.0
medial occipital cortex ba 19,Right medial occipital cortex (BA 19),R,1,1.44,2,1,0.375,LOcC,lateral Occipital Cortex,Occipital Lobe,1.0,msOccG,LOcC_L(R)_2_1,207,208,0.375,0.0,1,1,1.0
medial occipital lobe,Medial Occipital Lobe,U,1,1.44,2,1,0.375,LOcC,lateral Occipital Cortex,Occipital Lobe,1.0,msOccG,LOcC_L(R)_2_1,207,208,0.375,0.0,1,1,
medial occipito parietal cortex ba 7 19,Left medial occipito-parietal cortex (BA 7/19),L,1,1.41,2,1,0.5,Pcun,Precuneus,Parietal Lobe,1.0,dmPOS,PCun_L(R)_4_3,151,152,0.5,1.0,1,1,1.0
medial occipito temporal gyrus lingual gyrus,Medial occipito-temporal gyrus - lingual gyrus,U,1,1.44,2,1,0.4286,MVOcC,MedioVentral Occipital Cortex,Occipital Lobe,1.0,cCunG,MVOcC_L(R)_5_3,193,194,0.4286,1.0,1,1,
lateral premotor cortex,Lateral premotor cortex,U,1,1.44,2,1,0.3333,MFG,Middle Frontal Gyrus,Frontal Lobe,1.0,A6vl,MFG_L(R)_7_6,25,26,0.3333,0.0,1,1,
lateral superior temporal gyrus,Lateral superior temporal gyrus,U,1,1.44,2,1,0.375,STG,Superior Temporal Gyrus,Temporal Lobe,1.0,A22c,STG_L(R)_6_4,75,76,0.375,1.0,1,3,
lateral temporal cortex ba 21,Left lateral temporal cortex (BA 21),L,1,1.41,2,1,0.5,MTG,Middle Temporal Gyrus,Temporal Lobe,1.0,A21c,MTG_L(R)_4_1,81,82,0.5,1.0,1,1,1.0
lateral temporal cortex ba 22,Right lateral temporal cortex (BA 22),R,1,1.44,2,1,0.375,STG,Superior Temporal Gyrus,Temporal Lobe,1.0,TE1.0 and TE1.2,STG_L(R)_6_3,73,74,0.375,0.0,1,1,1.0
lateral temporal cortex ba 37,Right lateral temporal cortex (BA 37),R,1,1.44,2,1,0.3333,ITG,Inferior Temporal Gyrus,Temporal Lobe,1.0,A37vl,ITG_L(R)_7_5,97,98,0.3333,0.0,1,1,1.0
lateral temporal cortex ba 42,Right lateral temporal cortex (BA 42),R,1,1.44,2,1,0.375,STG,Superior Temporal Gyrus,Temporal Lobe,1.0,A41/42,STG_L(R)_6_2,71,72,0.375,0.0,1,1,1.0
lateral temporal occipital cortex,Left Lateral Temporal-Occipital Cortex (TOC),L,1,1.44,2,1,0.375,LOcC,lateral Occipital Cortex,Occipital Lobe,1.0,V5/MT+,LOcC_L(R)_4_2,201,202,0.375,1.0,1,1,1.0
lateral thalamus,Lateral thalamus,U,1,1.44,2,1,0.3,Tha,Thalamus,Subcortical Nuclei,1.0,lPFtha,Tha_L(R)_8_8,245,246,0.3,1.0,1,1,
medial prefrontal gyrus ba 10,Left medial prefrontal gyrus (BA10),L,1,1.44,2,1,0.3333,SFG,Superior Frontal Gyrus,Frontal Lobe,1.0,A10m,SFG_L(R)_7_7,13,14,0.3333,1.0,1,1,1.0
medial rostral pfc ba 10,Left medial rostral PFC (BA 10),L,1,1.44,2,1,0.3333,SFG,Superior Frontal Gyrus,Frontal Lobe,1.0,A9l,SFG_L(R)_7_3,5,6,0.3333,1.0,1,1,1.0
medial superior frontal gryus,Medial superior frontal gryus*,U,1,1.44,2,1,0.3333,SFG,Superior Frontal Gyrus,Frontal Lobe,1.0,A9m,SFG_L(R)_7_6,11,12,0.3333,1.0,1,2,
lateral orbito frontal,Lateral-orbito frontal,U,1,1.44,2,1,0.375,OrG,Orbital Gyrus,Frontal Lobe,1.0,A13,OrG_L(R)_6_5,49,50,0.375,0.5,1,2,
lateral orbitofrontal,Lateral orbitofrontal,U,1,1.44,2,1,0.375,OrG,Orbital Gyrus,Frontal Lobe,1.0,A11l,OrG_L(R)_6_3,45,46,0.375,0.0,1,1,
lateral orbitofrontal cortex ba 47,Lateral orbitofrontal cortex (BA 47),U,1,1.44,2,1,0.375,IFG,Inferior Frontal Gyrus,Frontal Lobe,1.0,A44op,IFG_L(R)_6_5,37,38,0.375,0.5,1,2,
lateral orbitofrontal ctx,Lateral Orbitofrontal Ctx (LOFC),U,1,1.44,2,1,0.375,OrG,Orbital Gyrus,Frontal Lobe,1.0,A12/47l,OrG_L(R)_6_6,51,52,0.375,1.0,1,1,
lateral premotor ba 6,Lateral premotor (BA 6),U,1,1.44,2,1,0.3333,MFG,Middle Frontal Gyrus,Frontal Lobe,1.0,A6vl,MFG_L(R)_7_6,25,26,0.3333,0.0,1,1,
medial posterior parietal and precuneus,Medial posterior parietal and precuneus,U,1,1.41,2,1,0.5,Pcun,Precuneus,Parietal Lobe,1.0,dmPOS,PCun_L(R)_4_3,151,152,0.5,1.0,1,1,
medial pre frontal,Medial pre-frontal,U,1,1.44,2,1,0.3333,SFG,Superior Frontal Gyrus,Frontal Lobe,1.0,A9m,SFG_L(R)_7_6,11,12,0.3333,1.0,1,1,
medial precentral gyrus,Medial precentral gyrus,U,1,1.44,2,1,0.375,PrG,Precentral Gyrus,Frontal Lobe,1.0,A4ul,PrG_L(R)_6_3,57,58,0.375,1.0,1,1,
medial precuneus,Medial Precuneus,U,1,1.44,2,1,0.4286,MVOcC,MedioVentral Occipital Cortex,Occipital Lobe,1.0,vmPOS,MVOcC_L(R)_5_5,197,198,0.4286,1.0,1,1,
medial prefrontal ba 9 10,"medial prefrontal (BA 9, 10)",U,1,1.44,2,1,0.3333,SFG,Superior Frontal Gyrus,Frontal Lobe,1.0,A10m,SFG_L(R)_7_7,13,14,0.3333,0.0,1,1,
medial prefrontal cortex ba 32,Medial prefrontal cortex (BA 32),U,1,1.44,2,1,0.375,OrG,Orbital Gyrus,Frontal Lobe,1.0,A14m,OrG_L(R)_6_1,41,42,0.375,0.0,1,1,
medial prefrontal cortex ba 8,Medial prefrontal cortex (BA8),U,1,1.44,2,1,0.3333,SFG,Superior Frontal Gyrus,Frontal Lobe,1.0,A9m,SFG_L(R)_7_6,11,12,0.3333,0.0,1,1,
medial prefrontal ctx,Medial Prefrontal Ctx.,U,1,1.44,2,1,0.3333,SFG,Superior Frontal Gyrus,Frontal Lobe,1.0,A10m,SFG_L(R)_7_7,13,14,0.3333,0.0,1,1,
lingual cortex,Lingual cortex,U,1,1.44,2,1,0.4286,MVOcC,MedioVentral Occipital Cortex,Occipital Lobe,1.0,rLinG,MVOcC_L(R)_5_4,195,196,0.4286,0.0,1,1,
lingual gyr,Lingual gyr.,U,1,1.41,2,1,0.5,Pcun,Precuneus,Parietal Lobe,1.0,dmPOS,PCun_L(R)_4_3,151,152,0.5,0.0,1,1,
medial orbitofrontal,L medial orbitofrontal,LR,1,1.44,2,1,0.375,OrG,Orbital Gyrus,Frontal Lobe,1.0,A13,OrG_L(R)_6_5,49,50,0.375,1.0,1,1,1.0
medial orbitofrontal ba 11,Medial orbitofrontal (BA 11),U,1,1.44,2,1,0.375,OrG,Orbital Gyrus,Frontal Lobe,1.0,A14m,OrG_L(R)_6_1,41,42,0.375,0.0,1,1,
medial parahippocampal gyrus,L Medial parahippocampal gyrus,L,1,1.24,2,1,0.75,Hipp,Hippocampus,Subcortical Nuclei,1.0,rHipp,Hipp_L(R)_2_1,215,216,0.75,1.0,1,1,1.0
medial parietal,Medial parietal,U,1,1.44,2,1,0.3333,CG,Cingulate Gyrus,Limbic Lobe,1.0,A23v,CG_L(R)_7_4,181,182,0.3333,0.0,1,1,
medial parietal lobe,Medial parietal lobe,U,1,1.41,2,1,0.5,Pcun,Precuneus,Parietal Lobe,1.0,A5m,PCun_L(R)_4_2,149,150,0.5,1.0,1,1,
medial pfc ba 8,Right medial PFC (BA 8),R,1,1.44,2,1,0.3333,SFG,Superior Frontal Gyrus,Frontal Lobe,1.0,A9l,SFG_L(R)_7_3,5,6,0.3333,0.0,1,1,1.0
lateral occipital complex,Lateral occipital complex,U,1,1.36,2,1,0.6,FuG,Fusiform Gyrus,Temporal Lobe,1.0,A37mv,FuG_L(R)_3_2,105,106,0.6,0.0,1,1,
lateral occipital cortex 19,Lateral occipital cortex (19),U,1,1.44,2,1,0.375,LOcC,lateral Occipital Cortex,Occipital Lobe,1.0,V5/MT+,LOcC_L(R)_4_2,201,202,0.375,1.0,1,1,
lateral occipital cortex ba 19,Right lateral occipital cortex (BA 19),R,1,1.44,2,1,0.375,IPL,Inferior Parietal Lobule,Parietal Lobe,1.0,A39c,IPL_L(R)_6_1,135,136,0.375,0.0,1,1,1.0
lateral occipital cortex tactile visual,Left Lateral Occipital Cortex tactile-visual (LOtv),L,1,1.44,2,1,0.375,LOcC,lateral Occipital Cortex,Occipital Lobe,1.0,V5/MT+,LOcC_L(R)_4_2,201,202,0.375,1.0,1,1,1.0
lateral occipital cx,Lateral occipital cx.,U,1,1.44,2,1,0.375,LOcC,lateral Occipital Cortex,Occipital Lobe,1.0,mOccG,LOcC_L(R)_4_1,199,200,0.375,0.0,1,1,
lateral occipital g,Lateral occipital g.,U,1,1.44,2,1,0.375,LOcC,lateral Occipital Cortex,Occipital Lobe,1.0,msOccG,LOcC_L(R)_2_1,207,208,0.375,0.0,1,1,
lateral occipital lobe,Lateral occipital lobe,U,1,1.44,2,1,0.375,LOcC,lateral Occipital Cortex,Occipital Lobe,1.0,mOccG,LOcC_L(R)_4_1,199,200,0.375,0.0,1,1,
lateral occipital sulcus,L. Lateral occipital sulcus,LR,1,1.44,2,1,0.375,LOcC,lateral Occipital Cortex,Occipital Lobe,1.0,V5/MT+,LOcC_L(R)_4_2,201,202,0.375,1.0,1,1,1.0
mfg ba 8,L. MFG (BA 8),L,1,1.44,2,1,0.3333,SFG,Superior Frontal Gyrus,Frontal Lobe,1.0,A8dl,SFG_L(R)_7_2,3,4,0.3333,1.0,1,1,1.0
lateral fog,Lateral FOG,U,1,1.44,2,1,0.375,OrG,Orbital Gyrus,Frontal Lobe,1.0,A11l,OrG_L(R)_6_3,45,46,0.375,1.0,1,1,
lateral frontal gyrus,Lateral frontal gyrus,U,1,1.44,2,1,0.3333,MFG,Middle Frontal Gyrus,Frontal Lobe,1.0,IFJ,MFG_L(R)_7_2,17,18,0.3333,0.0,1,1,
lateral frontal pole,Lateral frontal pole,U,1,1.44,2,1,0.3333,MFG,Middle Frontal Gyrus,Frontal Lobe,1.0,A10l,MFG_L(R)_7_7,27,28,0.3333,0.0,1,1,
lateral geniculum body,Lateral Geniculum Body,U,1,1.44,2,1,0.3,Tha,Thalamus,Subcortical Nuclei,1.0,PPtha,Tha_L(R)_8_5,239,240,0.3,1.0,1,1,
lateral gp,Lateral GP,U,1,1.44,2,1,0.375,BG,Basal Ganglia,Subcortical Nuclei,1.0,vCa,BG_L(R)_6_1,219,220,0.375,0.0,1,1,
lateral middle frontal,lateral middle frontal,U,1,1.44,2,1,0.3333,MFG,Middle Frontal Gyrus,Frontal Lobe,1.0,A9/46d,MFG_L(R)_7_1,15,16,0.3333,0.0,1,1,
lateral occipital and lingual gyrus,L lateral occipital and lingual gyrus,L,1,1.44,2,1,0.375,LOcC,lateral Occipital Cortex,Occipital Lobe,1.0,iOccG,LOcC_L(R)_4_4,205,206,0.375,1.0,1,1,1.0
medial temporal lobe ba 20 27 35 36,L. medial temporal lobes (BA 20/27/35/36),LR,1,1.44,2,1,0.375,PhG,Parahippocampal Gyrus,Temporal Lobe,1.0,TH,PhG_L(R)_6_6,119,120,0.375,1.0,1,1,1.0
medial temportal pole,Medial temportal pole,U,1,1.41,2,1,0.5,PoG,Postcentral Gyrus,Parietal Lobe,1.0,A2,PoG_L(R)_4_3,159,160,0.5,0.0,1,1,
medial tts,Medial TTS,U,1,1.44,2,1,0.375,INS,Insular Gyrus,Insular Lobe,1.0,G,INS_L(R)_6_1,163,164,0.375,0.5,1,2,
medial ventral frontopolar cortex,Medial ventral frontopolar cortex,U,1,1.44,2,1,0.375,OrG,Orbital Gyrus,Frontal Lobe,1.0,A14m,OrG_L(R)_6_1,41,42,0.375,0.0,1,1,
medial wall and precuneus,medial wall and precuneus,U,1,1.44,2,1,0.375,OrG,Orbital Gyrus,Frontal Lobe,1.0,A14m,OrG_L(R)_6_1,41,42,0.375,1.0,1,1,
mediodorsal thalamic nucleus,Mediodorsal thalamic nucleus,U,1,1.44,2,1,0.3,Tha,Thalamus,Subcortical Nuclei,1.0,rTtha,Tha_L(R)_8_4,237,238,0.3,0.0,1,1,
medulla,Medulla,U,1,1.44,2,1,0.3333,SFG,Superior Frontal Gyrus,Frontal Lobe,1.0,A9m,SFG_L(R)_7_6,11,12,0.3333,0.0,1,1,
mesial prefrontal cortex,Mesial prefrontal cortex,U,1,1.44,2,1,0.3333,SFG,Superior Frontal Gyrus,Frontal Lobe,1.0,A10m,SFG_L(R)_7_7,13,14,0.3333,0.5,1,2,
lateral ventral frontopolar cortex,Lateral ventral frontopolar cortex,U,1,1.44,2,1,0.3333,MFG,Middle Frontal Gyrus,Frontal Lobe,1.0,A10l,MFG_L(R)_7_7,27,28,0.3333,1.0,1,1,
lef opercular part of inferior frontal gyrus,Lef opercular part of inferior frontal gyrus,U,1,1.44,2,1,0.375,PrG,Precentral Gyrus,Frontal Lobe,1.0,A6cvl,PrG_L(R)_6_6,63,64,0.375,1.0,1,1,
leftt lingual gyrus,Leftt Lingual Gyrus,U,1,1.44,2,1,0.4286,MVOcC,MedioVentral Occipital Cortex,Occipital Lobe,1.0,cLinG,MVOcC_L(R)_5_1,189,190,0.4286,1.0,1,1,
leniform nuclues,Leniform Nuclues,U,1,1.44,2,1,0.375,BG,Basal Ganglia,Subcortical Nuclei,1.0,vCa,BG_L(R)_6_1,219,220,0.375,0.0,1,1,
lenticular nucleus,lenticular nucleus,U,1,1.44,2,1,0.375,BG,Basal Ganglia,Subcortical Nuclei,1.0,NAC,BG_L(R)_6_3,223,224,0.375,1.0,1,1,
lentiform ncl,Lentiform Ncl.,U,1,1.44,2,1,0.375,BG,Basal Ganglia,Subcortical Nuclei,1.0,vmPu,BG_L(R)_6_4,225,226,0.375,1.0,1,1,
medial superior parietal cortex ba 7,Medial Superior Parietal Cortex (BA 7),U,1,1.41,2,1,0.5,Pcun,Precuneus,Parietal Lobe,1.0,A7m,PCun_L(R)_4_1,147,148,0.5,1.0,1,1,
medial supplementary motor area,Medial supplementary motor area,U,1,1.44,2,1,0.3333,SFG,Superior Frontal Gyrus,Frontal Lobe,1.0,A8m,SFG_L(R)_7_1,1,2,0.3333,0.5,1,2,
ips v,Left IPS v,L,1,1.44,2,1,0.375,LOcC,lateral Occipital Cortex,Occipital Lobe,1.0,lsOccG,LOcC_L(R)_2_2,209,210,0.375,1.0,1,1,1.0
ipsa,Left IPSa,LR,1,1.44,2,1,0.4286,SPL,Superior Parietal Lobule,Parietal Lobe,1.0,A7ip,SPL_L(R)_5_5,133,134,0.4286,1.0,1,1,1.0
ipsilesional psmc,Ipsilesional PSMC,U,1,1.44,2,1,0.375,PrG,Precentral Gyrus,Frontal Lobe,1.0,A4ul,PrG_L(R)_6_3,57,58,0.375,1.0,1,1,
ipto,-IPTO,U,1,1.44,2,1,0.375,LOcC,lateral Occipital Cortex,Occipital Lobe,1.0,msOccG,LOcC_L(R)_2_1,207,208,0.375,1.0,1,2,
isthmus cingulate cortex,Isthmus Cingulate Cortex,U,1,1.44,2,1,0.3333,CG,Cingulate Gyrus,Limbic Lobe,1.0,A23d,CG_L(R)_7_1,175,176,0.3333,1.0,1,2,
itg 37,ITG (37),U,1,1.44,2,1,0.3333,ITG,Inferior Temporal Gyrus,Temporal Lobe,1.0,A37vl,ITG_L(R)_7_5,97,98,0.3333,1.0,1,1,
juxtapositional lobule c,Juxtapositional lobule c.,U,1,1.44,2,1,0.3,Tha,Thalamus,Subcortical Nuclei,1.0,rTtha,Tha_L(R)_8_4,237,238,0.3,0.0,1,1,
laic,LaIC,U,1,1.44,2,1,0.375,PrG,Precentral Gyrus,Frontal Lobe,1.0,A4tl,PrG_L(R)_6_5,61,62,0.375,1.0,1,1,
mid cingulum gyrus,Mid cingulum gyrus,U,1,1.44,2,1,0.3333,CG,Cingulate Gyrus,Limbic Lobe,1.0,A23c,CG_L(R)_7_6,185,186,0.3333,0.0,1,1,
mid fg,Mid-FG (LOa),U,1,1.36,2,1,0.6,FuG,Fusiform Gyrus,Temporal Lobe,1.0,A37lv,FuG_L(R)_3_3,107,108,0.6,1.0,1,1,
mid fr gyk,Mid Fr GyK,U,1,1.44,2,1,0.3333,MFG,Middle Frontal Gyrus,Frontal Lobe,1.0,A46,MFG_L(R)_7_3,19,20,0.3333,0.0,1,1,
mid frontal g,Mid frontal g,U,1,1.44,2,1,0.3333,MFG,Middle Frontal Gyrus,Frontal Lobe,1.0,A6vl,MFG_L(R)_7_6,25,26,0.3333,1.0,1,1,
mid frontal gyrusb,Mid. frontal gyrusb,U,1,1.44,2,1,0.3333,MFG,Middle Frontal Gyrus,Frontal Lobe,1.0,A6vl,MFG_L(R)_7_6,25,26,0.3333,0.0,1,1,
mid frontal gyurs,Mid. frontal gyurs,U,1,1.44,2,1,0.3333,MFG,Middle Frontal Gyrus,Frontal Lobe,1.0,A8vl,MFG_L(R)_7_5,23,24,0.3333,0.0,1,1,
mid frontal lobe,Right Mid Frontal Lobe,R,1,1.44,2,1,0.3333,MFG,Middle Frontal Gyrus,Frontal Lobe,1.0,A8vl,MFG_L(R)_7_5,23,24,0.3333,0.0,1,1,1.0
ips d,Left IPS d,L,1,1.44,2,1,0.4286,SPL,Superior Parietal Lobule,Parietal Lobe,1.0,A7ip,SPL_L(R)_5_5,133,134,0.4286,1.0,1,1,1.0
mid acc,Mid ACC,U,1,1.44,2,1,0.3333,SFG,Superior Frontal Gyrus,Frontal Lobe,1.0,A9m,SFG_L(R)_7_6,11,12,0.3333,0.0,1,1,
mid acc 24,mid ACC (24) *,U,1,1.44,2,1,0.3333,CG,Cingulate Gyrus,Limbic Lobe,1.0,A32p,CG_L(R)_7_3,179,180,0.3333,0.0,1,1,
mid anterior stg,Left mid-anterior STG,L,1,1.44,2,1,0.375,STG,Superior Temporal Gyrus,Temporal Lobe,1.0,A22r,STG_L(R)_6_6,79,80,0.375,1.0,1,1,1.0
mid anterior superior temporal gyrus,R mid-anterior Superior Temporal gyrus,R,1,1.44,2,1,0.375,STG,Superior Temporal Gyrus,Temporal Lobe,1.0,A22c,STG_L(R)_6_4,75,76,0.375,0.0,1,2,1.0
mid cc,Mid. CC,U,1,1.44,2,1,0.3333,CG,Cingulate Gyrus,Limbic Lobe,1.0,A23d,CG_L(R)_7_1,175,176,0.3333,1.0,1,1,
mid cc ba 24,Right Mid CC (BA24),R,1,1.44,2,1,0.3,Tha,Thalamus,Subcortical Nuclei,1.0,mPMtha,Tha_L(R)_8_2,233,234,0.3,0.0,1,1,1.0
mid cing,Mid cing,U,1,1.44,2,1,0.3333,CG,Cingulate Gyrus,Limbic Lobe,1.0,A23c,CG_L(R)_7_6,185,186,0.3333,1.0,1,1,
mid cingulate cortx,Mid. Cingulate cortx,U,1,1.44,2,1,0.3333,SFG,Superior Frontal Gyrus,Frontal Lobe,1.0,A9m,SFG_L(R)_7_6,11,12,0.3333,0.0,1,1,
lateral occipital visual area,Lateral occipital visual areas,U,1,1.44,2,1,0.375,LOcC,lateral Occipital Cortex,Occipital Lobe,1.0,V5/MT+,LOcC_L(R)_4_2,201,202,0.375,0.0,1,1,
lateral occipitotemporal gyrus,Right lateral occipitotemporal gyrus,R,1,1.41,2,1,0.5,MTG,Middle Temporal Gyrus,Temporal Lobe,1.0,A21r,MTG_L(R)_4_2,83,84,0.5,0.0,1,1,1.0
lateral orbital cortex,Left lateral orbital cortex,L,1,1.44,2,1,0.375,INS,Insular Gyrus,Insular Lobe,1.0,vIa,INS_L(R)_6_2,165,166,0.375,1.0,1,1,1.0
lateral orbital frontal cortex,Lateral orbital frontal cortex,U,1,1.44,2,1,0.3333,MFG,Middle Frontal Gyrus,Frontal Lobe,1.0,A46,MFG_L(R)_7_3,19,20,0.3333,1.0,1,1,
lateral orbital g,lateral orbital G,U,1,1.44,2,1,0.3333,MFG,Middle Frontal Gyrus,Frontal Lobe,1.0,A46,MFG_L(R)_7_3,19,20,0.3333,0.0,1,1,
mfg ba 9,R. MFG (BA 9),R,1,1.44,2,1,0.3333,MFG,Middle Frontal Gyrus,Frontal Lobe,1.0,IFJ,MFG_L(R)_7_2,17,18,0.3333,0.0,1,1,1.0
mfg1,MFG1,U,1,1.44,2,1,0.3333,MFG,Middle Frontal Gyrus,Frontal Lobe,1.0,A9/46d,MFG_L(R)_7_1,15,16,0.3333,0.0,1,1,
mfg2,MFG2,U,1,1.44,2,1,0.3333,MFG,Middle Frontal Gyrus,Frontal Lobe,1.0,A9/46d,MFG_L(R)_7_1,15,16,0.3333,0.0,1,1,
mid posterior stg,Left mid-posterior left STG,L,1,1.44,2,1,0.375,STG,Superior Temporal Gyrus,Temporal Lobe,1.0,A41/42,STG_L(R)_6_2,71,72,0.375,1.0,1,1,1.0
mid sts,Right mid-STS,R,1,1.41,2,1,0.5,MTG,Middle Temporal Gyrus,Temporal Lobe,1.0,aSTS,MTG_L(R)_4_4,87,88,0.5,0.0,1,1,1.0
mid temp gyp,Mid Temp GyP,U,1,1.41,2,1,0.5,MTG,Middle Temporal Gyrus,Temporal Lobe,1.0,aSTS,MTG_L(R)_4_4,87,88,0.5,0.0,1,1,
mid temporal cortex,Left mid temporal cortex,L,1,1.41,2,1,0.5,MTG,Middle Temporal Gyrus,Temporal Lobe,1.0,A21c,MTG_L(R)_4_1,81,82,0.5,1.0,1,1,1.0
mid temporal gyrus ba 21,Mid. temporal gyrus (BA 21),U,1,1.44,2,1,0.375,IPL,Inferior Parietal Lobule,Parietal Lobe,1.0,A39rv,IPL_L(R)_6_5,143,144,0.375,1.0,1,1,
mid temporal lobe,Right Mid Temporal Lobe,R,1,1.44,2,1,0.375,STG,Superior Temporal Gyrus,Temporal Lobe,1.0,A38l,STG_L(R)_6_5,77,78,0.375,0.0,1,1,1.0
mid to inf temp gy,Mid to Inf Temp Gy,U,1,1.41,2,1,0.5,MTG,Middle Temporal Gyrus,Temporal Lobe,1.0,A21r,MTG_L(R)_4_2,83,84,0.5,1.0,1,1,
mid vlpfc,Mid-VLPFC,U,1,1.44,2,1,0.375,IFG,Inferior Frontal Gyrus,Frontal Lobe,1.0,A45c,IFG_L(R)_6_3,33,34,0.375,1.0,1,1,
mid occipital g,R mid occipital G,R,1,1.44,2,1,0.375,LOcC,lateral Occipital Cortex,Occipital Lobe,1.0,mOccG,LOcC_L(R)_4_1,199,200,0.375,0.0,1,1,1.0
mid occipital gyrus ba 18,Mid. occipital gyrus (BA 18),U,1,1.44,2,1,0.375,LOcC,lateral Occipital Cortex,Occipital Lobe,1.0,mOccG,LOcC_L(R)_4_1,199,200,0.375,0.0,1,1,
mid occipital lobe,Mid. occipital lobe L,L,1,1.44,2,1,0.375,PhG,Parahippocampal Gyrus,Temporal Lobe,1.0,A35/36c,PhG_L(R)_6_2,111,112,0.375,1.0,1,1,1.0
mid ofc,Mid OFC,U,1,1.44,2,1,0.375,OrG,Orbital Gyrus,Frontal Lobe,1.0,A11l,OrG_L(R)_6_3,45,46,0.375,0.0,1,1,
mid og,Mid OG,U,1,1.44,2,1,0.375,LOcC,lateral Occipital Cortex,Occipital Lobe,1.0,mOccG,LOcC_L(R)_4_1,199,200,0.375,1.0,1,1,
mid orbital frontal,Mid. orbital frontal,U,1,1.44,2,1,0.375,OrG,Orbital Gyrus,Frontal Lobe,1.0,A14m,OrG_L(R)_6_1,41,42,0.375,1.0,1,1,
mid orbital gyr,Mid. Orbital gyr.,U,1,1.44,2,1,0.375,OrG,Orbital Gyrus,Frontal Lobe,1.0,A12/47l,OrG_L(R)_6_6,51,52,0.375,1.0,1,1,
mid posterior insula,Mid – posterior insula,U,1,1.44,2,1,0.375,INS,Insular Gyrus,Insular Lobe,1.0,vId/vIg,INS_L(R)_6_4,169,170,0.375,0.5,1,2,
lateral dlpfc,Lateral DLPFC,U,1,1.44,2,1,0.3333,MFG,Middle Frontal Gyrus,Frontal Lobe,1.0,A8vl,MFG_L(R)_7_5,23,24,0.3333,1.0,1,1,
lateral extrastriate cortex,Lateral extrastriate cortex,U,1,1.44,2,1,0.375,LOcC,lateral Occipital Cortex,Occipital Lobe,1.0,lsOccG,LOcC_L(R)_2_2,209,210,0.375,0.0,1,1,
mid ifg,Mid-IFG,U,1,1.44,2,1,0.375,IFG,Inferior Frontal Gyrus,Frontal Lobe,1.0,IFS,IFG_L(R)_6_2,31,32,0.375,0.5,1,2,
mid insular cortex,Mid insular cortex,U,1,1.44,2,1,0.375,INS,Insular Gyrus,Insular Lobe,1.0,dId,INS_L(R)_6_6,173,174,0.375,1.0,1,1,
mid lofc,Mid LOFC,U,1,1.44,2,1,0.375,OrG,Orbital Gyrus,Frontal Lobe,1.0,A12/47l,OrG_L(R)_6_6,51,52,0.375,1.0,1,1,
mid occ,Mid. Occ.,U,1,1.44,2,1,0.375,IPL,Inferior Parietal Lobule,Parietal Lobe,1.0,A39rv,IPL_L(R)_6_5,143,144,0.375,1.0,1,1,
mid occipital and calcarine,Left mid occipital and calcarine,L,1,1.44,2,1,0.375,LOcC,lateral Occipital Cortex,Occipital Lobe,1.0,iOccG,LOcC_L(R)_4_4,205,206,0.375,1.0,1,1,1.0
mid occipital cortex,Mid-occipital cortex,U,1,1.44,2,1,0.375,LOcC,lateral Occipital Cortex,Occipital Lobe,1.0,V5/MT+,LOcC_L(R)_4_2,201,202,0.375,0.0,1,1,
lamy,lAMY,U,1,1.24,2,1,0.75,Hipp,Hippocampus,Subcortical Nuclei,1.0,rHipp,Hipp_L(R)_2_1,215,216,0.75,1.0,1,1,
lat dpmc,lat dPMC,U,1,1.44,2,1,0.3333,MFG,Middle Frontal Gyrus,Frontal Lobe,1.0,A6vl,MFG_L(R)_7_6,25,26,0.3333,1.0,1,1,
lat glob pallidus,Left lat glob pallidus (lentiform nucleus),LR,1,1.44,2,1,0.375,BG,Basal Ganglia,Subcortical Nuclei,1.0,GP,BG_L(R)_6_2,221,222,0.375,0.0,1,1,1.0
lat inf occipital,Lat inf occipital,U,1,1.44,2,1,0.375,LOcC,lateral Occipital Cortex,Occipital Lobe,1.0,V5/MT+,LOcC_L(R)_4_2,201,202,0.375,1.0,1,1,
lateral bank of ips ips,Right lateral bank of IPS—IPS,R,1,1.44,2,1,0.375,IPL,Inferior Parietal Lobule,Parietal Lobe,1.0,A40c,IPL_L(R)_6_4,141,142,0.375,0.0,1,1,1.0
lateral calcarine cortex,Left lateral calcarine cortices,L,1,1.44,2,1,0.4286,MVOcC,MedioVentral Occipital Cortex,Occipital Lobe,1.0,vmPOS,MVOcC_L(R)_5_5,197,198,0.4286,1.0,1,1,1.0
lateral cerebellum,Left lateral cerebellum,LR,1,1.44,2,1,0.4286,MVOcC,MedioVentral Occipital Cortex,Occipital Lobe,1.0,vmPOS,MVOcC_L(R)_5_5,197,198,0.4286,0.0,1,1,1.0
lateral cuneus,Lateral cuneus,U,1,1.44,2,1,0.375,IPL,Inferior Parietal Lobule,Parietal Lobe,1.0,A39c,IPL_L(R)_6_1,135,136,0.375,1.0,1,1,
ipcdamh,IPCdamh,U,1,1.41,2,1,0.5,PoG,Postcentral Gyrus,Parietal Lobe,1.0,A2,PoG_L(R)_4_3,159,160,0.5,1.0,1,2,
ipcs,IPCS,U,1,1.44,2,1,0.3333,MFG,Middle Frontal Gyrus,Frontal Lobe,1.0,IFJ,MFG_L(R)_7_2,17,18,0.3333,1.0,1,1,
ipcundamh,IPCundamh,U,1,1.44,2,1,0.4286,SPL,Superior Parietal Lobule,Parietal Lobe,1.0,A5l,SPL_L(R)_5_3,129,130,0.4286,0.0,1,1,
ipl and,Left IPL and extend to MOG,L,1,1.44,2,1,0.375,IPL,Inferior Parietal Lobule,Parietal Lobe,1.0,A39rd,IPL_L(R)_6_2,137,138,0.375,1.0,1,1,1.0
ipl ba 39,R IPL (BA 39),R,1,1.44,2,1,0.375,IPL,Inferior Parietal Lobule,Parietal Lobe,1.0,A39rv,IPL_L(R)_6_5,143,144,0.375,0.0,1,1,1.0
ipl ba 40,R. IPL (BA 40),R,1,1.44,2,1,0.375,IPL,Inferior Parietal Lobule,Parietal Lobe,1.0,A40c,IPL_L(R)_6_4,141,142,0.375,0.0,1,1,1.0
ips ba 7,LH IPS (BA 7),LR,1,1.44,2,1,0.375,IPL,Inferior Parietal Lobule,Parietal Lobe,1.0,A40rd,IPL_L(R)_6_3,139,140,0.375,1.0,1,1,1.0
middle cerebellar peduncle,Middle cerebellar peduncle,U,1,1.24,2,1,0.75,Hipp,Hippocampus,Subcortical Nuclei,1.0,cHipp,Hipp_L(R)_2_2,217,218,0.75,1.0,1,1,
intracalcarine sulcus,Intracalcarine sulcus,U,1,1.44,2,1,0.4286,MVOcC,MedioVentral Occipital Cortex,Occipital Lobe,1.0,rCunG,MVOcC_L(R)_5_2,191,192,0.4286,0.5,1,2,
intracalcerine cortex,Intracalcerine Cortex L,LR,1,1.44,2,1,0.4286,MVOcC,MedioVentral Occipital Cortex,Occipital Lobe,1.0,rCunG,MVOcC_L(R)_5_2,191,192,0.4286,1.0,1,1,1.0
intraoccipital sulcus,Left intraoccipital sulcus,L,1,1.44,2,1,0.375,IPL,Inferior Parietal Lobule,Parietal Lobe,1.0,A39c,IPL_L(R)_6_1,135,136,0.375,1.0,1,1,1.0
intrapaprietal sulcus,Right intrapaprietal sulcus (IPS),R,1,1.44,2,1,0.375,IPL,Inferior Parietal Lobule,Parietal Lobe,1.0,A40rd,IPL_L(R)_6_3,139,140,0.375,0.0,1,1,1.0
intraparietal sulcus 1,Intraparietal sulcus†1,U,1,1.44,2,1,0.4286,MVOcC,MedioVentral Occipital Cortex,Occipital Lobe,1.0,vmPOS,MVOcC_L(R)_5_5,197,198,0.4286,0.0,1,1,
intraparietal sulcus ba 39,Intraparietal sulcus (BA 39),U,1,1.44,2,1,0.375,LOcC,lateral Occipital Cortex,Occipital Lobe,1.0,lsOccG,LOcC_L(R)_2_2,209,210,0.375,1.0,1,1,
intraparietal transverseoccipital,-IntraParietal-TransverseOccipital (IPTO),U,1,1.44,2,1,0.375,IPL,Inferior Parietal Lobule,Parietal Lobe,1.0,A39c,IPL_L(R)_6_1,135,136,0.375,1.0,1,1,
ipc 1,Left IPC (PGP)1,L,1,1.44,2,1,0.375,IPL,Inferior Parietal Lobule,Parietal Lobe,1.0,A39rv,IPL_L(R)_6_5,143,144,0.375,1.0,1,1,1.0
middle and superior,L middle and superior,L,1,1.44,2,1,0.3333,MFG,Middle Frontal Gyrus,Frontal Lobe,1.0,A8vl,MFG_L(R)_7_5,23,24,0.3333,1.0,1,1,1.0
middle and superior frontal gyrus 10,R middle and superior frontal gyrus (10),R,1,1.44,2,1,0.3333,MFG,Middle Frontal Gyrus,Frontal Lobe,1.0,A9/46d,MFG_L(R)_7_1,15,16,0.3333,0.0,1,1,1.0
middle and superior occipital gyrus,LH middle and superior occipital gyri,L,1,1.44,2,1,0.375,LOcC,lateral Occipital Cortex,Occipital Lobe,1.0,mOccG,LOcC_L(R)_4_1,199,200,0.375,1.0,1,1,1.0
middle and superior temporal gyrus,Right middle and superior temporal gyrus (anterior),R,1,1.41,2,1,0.5,MTG,Middle Temporal Gyrus,Temporal Lobe,1.0,aSTS,MTG_L(R)_4_4,87,88,0.5,0.0,1,1,1.0
middle central sulcus,Left middle central sulcus,L,1,1.44,2,1,0.375,PrG,Precentral Gyrus,Frontal Lobe,1.0,A4tl,PrG_L(R)_6_5,61,62,0.375,1.0,1,1,1.0
insulo opercular region,Insulo-opercular region,U,1,1.44,2,1,0.375,IPL,Inferior Parietal Lobule,Parietal Lobe,1.0,A40rv,IPL_L(R)_6_6,145,146,0.375,1.0,1,1,
internal globus pallidus,Internal globus pallidus (GPi),U,1,1.44,2,1,0.3,Tha,Thalamus,Subcortical Nuclei,1.0,mPFtha,Tha_L(R)_8_1,231,232,0.3,1.0,1,1,
intra occipital sulcus,Intra-occipital sulcus,U,1,1.44,2,1,0.4286,SPL,Superior Parietal Lobule,Parietal Lobe,1.0,A7ip,SPL_L(R)_5_5,133,134,0.4286,1.0,1,1,
midbrain subthalamic nucleus,Left midbrain – subthalamic nucleus,L,1,1.44,2,1,0.3,Tha,Thalamus,Subcortical Nuclei,1.0,lPFtha,Tha_L(R)_8_8,245,246,0.3,1.0,1,1,1.0
midcingulate ba 24,midcingulate (BA 24),U,1,1.44,2,1,0.3333,SFG,Superior Frontal Gyrus,Frontal Lobe,1.0,A9m,SFG_L(R)_7_6,11,12,0.3333,0.0,1,1,
midcingulate crtx,midCingulate Crtx,U,1,1.44,2,1,0.3333,SFG,Superior Frontal Gyrus,Frontal Lobe,1.0,A9m,SFG_L(R)_7_6,11,12,0.3333,0.0,1,1,
midcingulum,Midcingulum,U,1,1.44,2,1,0.3333,CG,Cingulate Gyrus,Limbic Lobe,1.0,A23c,CG_L(R)_7_6,185,186,0.3333,1.0,1,1,
middel frontal gyrus,Middel frontal gyrus,U,1,1.44,2,1,0.3333,MFG,Middle Frontal Gyrus,Frontal Lobe,1.0,A9/46d,MFG_L(R)_7_1,15,16,0.3333,1.0,1,1,
middle and anterior cingulate,Middle and anterior cingulate,U,1,1.44,2,1,0.3333,CG,Cingulate Gyrus,Limbic Lobe,1.0,A24rv,CG_L(R)_7_2,177,178,0.3333,0.0,1,1,
middle and inferior frontal gyrus 10 46,"R middle and inferior frontal gyrus (10, 46)",R,1,1.44,2,1,0.3333,MFG,Middle Frontal Gyrus,Frontal Lobe,1.0,A46,MFG_L(R)_7_3,19,20,0.3333,0.0,1,1,1.0
middle and posterior cingulate gyrus,Middle and posterior cingulate gyrus,U,1,1.44,2,1,0.3333,CG,Cingulate Gyrus,Limbic Lobe,1.0,A23d,CG_L(R)_7_1,175,176,0.3333,0.0,1,1,
insula1,Right insula1,R,1,1.44,2,1,0.375,IFG,Inferior Frontal Gyrus,Frontal Lobe,1.0,A44op,IFG_L(R)_6_5,37,38,0.375,0.0,1,1,1.0
insulab,Insulab,U,1,1.44,2,1,0.375,INS,Insular Gyrus,Insular Lobe,1.0,dIg,INS_L(R)_6_5,171,172,0.375,0.0,1,1,
insulah,InsulaH,U,1,1.44,2,1,0.375,INS,Insular Gyrus,Insular Lobe,1.0,dIa,INS_L(R)_6_3,167,168,0.375,0.0,1,1,
insulam,InsulaM,U,1,1.44,2,1,0.375,INS,Insular Gyrus,Insular Lobe,1.0,dId,INS_L(R)_6_6,173,174,0.375,0.0,1,1,
insular and central opercular cortex,Insular and central opercular cortex,U,1,1.44,2,1,0.375,INS,Insular Gyrus,Insular Lobe,1.0,dId,INS_L(R)_6_6,173,174,0.375,0.0,1,1,
insular c,Insular c.,U,1,1.44,2,1,0.375,IFG,Inferior Frontal Gyrus,Frontal Lobe,1.0,A44op,IFG_L(R)_6_5,37,38,0.375,0.0,1,1,
insular cortexa,Insular cortexa,U,1,1.44,2,1,0.375,PrG,Precentral Gyrus,Frontal Lobe,1.0,A4tl,PrG_L(R)_6_5,61,62,0.375,1.0,1,1,
insular cortexb,Insular cortexb,U,1,1.44,2,1,0.375,INS,Insular Gyrus,Insular Lobe,1.0,G,INS_L(R)_6_1,163,164,0.375,0.0,1,1,
middle frontal ba 6,Middle frontal R (BA 6),R,1,1.44,2,1,0.3333,MFG,Middle Frontal Gyrus,Frontal Lobe,1.0,A6vl,MFG_L(R)_7_6,25,26,0.3333,0.0,1,1,1.0
middle frontal ba 9 10,R middle frontal (BA 9/10),R,1,1.44,2,1,0.3333,MFG,Middle Frontal Gyrus,Frontal Lobe,1.0,A9/46d,MFG_L(R)_7_1,15,16,0.3333,0.0,1,1,1.0
insual,Right insual,R,1,1.44,2,1,0.375,OrG,Orbital Gyrus,Frontal Lobe,1.0,A12/47l,OrG_L(R)_6_6,51,52,0.375,0.0,1,1,1.0
insula 1997,Insula*1997,U,1,1.44,2,1,0.375,IPL,Inferior Parietal Lobule,Parietal Lobe,1.0,A40rv,IPL_L(R)_6_6,145,146,0.375,1.0,1,1,
insula 47,Insula (47),U,1,1.44,2,1,0.375,INS,Insular Gyrus,Insular Lobe,1.0,dIa,INS_L(R)_6_3,167,168,0.375,0.0,1,1,
insula ba 13 include putamen,R Insula (BA 13) Include: Putamen,R,1,1.44,2,1,0.375,INS,Insular Gyrus,Insular Lobe,1.0,vId/vIg,INS_L(R)_6_4,169,170,0.375,0.0,1,1,1.0
insula ba 41 42,L. insula (BA 41/42),L,1,1.44,2,1,0.375,IPL,Inferior Parietal Lobule,Parietal Lobe,1.0,A40rv,IPL_L(R)_6_6,145,146,0.375,1.0,1,1,1.0
insula cluster 2,L Insula cluster 2,L,1,1.44,2,1,0.375,INS,Insular Gyrus,Insular Lobe,1.0,dIa,INS_L(R)_6_3,167,168,0.375,1.0,1,1,1.0
middle cingulate gyrus ba 23,Middle cingulate gyrus [BA23],U,1,1.44,2,1,0.3333,CG,Cingulate Gyrus,Limbic Lobe,1.0,A23d,CG_L(R)_7_1,175,176,0.3333,0.0,1,1,
middle cingulate gyrus ba 24,Right Middle Cingulate gyrus (BA 24),R,1,1.44,2,1,0.3333,CG,Cingulate Gyrus,Limbic Lobe,1.0,A24cd,CG_L(R)_7_5,183,184,0.3333,0.0,1,1,1.0
middle fontal gyrus,Middle Fontal Gyrus,U,1,1.44,2,1,0.375,PrG,Precentral Gyrus,Frontal Lobe,1.0,A6cvl,PrG_L(R)_6_6,63,64,0.375,0.0,1,1,
middle friontal gyrus,Rt.Middle Friontal Gyrus↓,R,1,1.44,2,1,0.375,PrG,Precentral Gyrus,Frontal Lobe,1.0,A6cdl,PrG_L(R)_6_2,55,56,0.375,0.0,1,1,1.0
middle fronal gyrus,lt. middle fronal gyrus,L,1,1.44,2,1,0.3333,MFG,Middle Frontal Gyrus,Frontal Lobe,1.0,A9/46v,MFG_L(R)_7_4,21,22,0.3333,1.0,1,1,1.0
middle frontal 9,Left middle frontal (9),L,1,1.44,2,1,0.3333,MFG,Middle Frontal Gyrus,Frontal Lobe,1.0,IFJ,MFG_L(R)_7_2,17,18,0.3333,1.0,1,1,1.0
middle frontal and precentral gyrus,(a) Left middle frontal and precentral gyrus,L,1,1.44,2,1,0.3333,MFG,Middle Frontal Gyrus,Frontal Lobe,1.0,IFJ,MFG_L(R)_7_2,17,18,0.3333,1.0,1,3,1.0
middle frontal ba 10,R middle frontal (BA 10),R,1,1.44,2,1,0.3333,MFG,Middle Frontal Gyrus,Frontal Lobe,1.0,A9/46v,MFG_L(R)_7_4,21,22,0.3333,0.0,1,1,1.0
middle cigulate cortex,middle cigulate cortex,U,1,1.44,2,1,0.3333,CG,Cingulate Gyrus,Limbic Lobe,1.0,A23c,CG_L(R)_7_6,185,186,0.3333,1.0,1,1,
middle cingulate and paracingulate gyrus,Middle cingulate and paracingulate gyri,U,1,1.44,2,1,0.3333,SFG,Superior Frontal Gyrus,Frontal Lobe,1.0,A9m,SFG_L(R)_7_6,11,12,0.3333,0.0,1,1,
middle cingulate cortex 24,Middle cingulate cortex (24),U,1,1.44,2,1,0.375,BG,Basal Ganglia,Subcortical Nuclei,1.0,dCa,BG_L(R)_6_5,227,228,0.375,0.0,1,1,
middle cingulate cortex 31,Middle cingulate cortex (31),U,1,1.24,2,1,0.75,PCL,Paracentral Lobule,Frontal Lobe,1.0,A1/2/3ll,PCL_L(R)_2_1,65,66,0.75,0.0,1,1,
middle cingulate cortex 6,Middle cingulate cortex (6),U,1,1.44,2,1,0.3333,SFG,Superior Frontal Gyrus,Frontal Lobe,1.0,A6m,SFG_L(R)_7_5,9,10,0.3333,1.0,1,1,
middle cingulate cortex ba 24,L middle cingulate cortex (BA 24),L,1,1.44,2,1,0.3,Tha,Thalamus,Subcortical Nuclei,1.0,rTtha,Tha_L(R)_8_4,237,238,0.3,1.0,1,1,1.0
middle cingulate cortex ba 31,LH middle cingulate cortex (BA 31),L,1,1.44,2,1,0.3,Tha,Thalamus,Subcortical Nuclei,1.0,lPFtha,Tha_L(R)_8_8,245,246,0.3,1.0,1,1,1.0
middle cingulate gurus,L middle cingulate gurus,L,1,1.44,2,1,0.3333,CG,Cingulate Gyrus,Limbic Lobe,1.0,A23c,CG_L(R)_7_6,185,186,0.3333,1.0,1,1,1.0
inferior temporal lobule,Right inferior temporal lobule,R,1,1.44,2,1,0.375,LOcC,lateral Occipital Cortex,Occipital Lobe,1.0,V5/MT+,LOcC_L(R)_4_2,201,202,0.375,0.0,1,1,1.0
inferior temporal neocortex,L inferior temporal neocortex,L,1,1.36,2,1,0.6,FuG,Fusiform Gyrus,Temporal Lobe,1.0,A20rv,FuG_L(R)_3_1,103,104,0.6,1.0,1,1,1.0
inferior temporal region,Inferior temporal region,U,1,1.44,2,1,0.3333,ITG,Inferior Temporal Gyrus,Temporal Lobe,1.0,A37elv,ITG_L(R)_7_2,91,92,0.3333,1.0,1,1,
inferior tempotal gyrus,Left inferior tempotal gyrus,LR,1,1.44,2,1,0.375,LOcC,lateral Occipital Cortex,Occipital Lobe,1.0,V5/MT+,LOcC_L(R)_4_2,201,202,0.375,1.0,1,1,1.0
inferior tri frontal,L inferior tri frontal,L,1,1.44,2,1,0.375,IFG,Inferior Frontal Gyrus,Frontal Lobe,1.0,A44op,IFG_L(R)_6_5,37,38,0.375,1.0,1,1,1.0
inferior ventral premotor cortex,R inferior ventral premotor cortex (PMv),R,1,1.44,2,1,0.375,PrG,Precentral Gyrus,Frontal Lobe,1.0,A4tl,PrG_L(R)_6_5,61,62,0.375,0.0,1,1,1.0
inferiro occipital gyrus,Left Inferiro Occipital Gyrus,L,1,1.44,2,1,0.375,LOcC,lateral Occipital Cortex,Occipital Lobe,1.0,iOccG,LOcC_L(R)_4_4,205,206,0.375,1.0,1,1,1.0
inferolateral occipital,R. Inferolateral occipital,R,1,1.44,2,1,0.375,LOcC,lateral Occipital Cortex,Occipital Lobe,1.0,iOccG,LOcC_L(R)_4_4,205,206,0.375,0.0,1,1,1.0
middle frontal gyrus ba 4,Left Middle frontal gyrus (BA 4),L,1,1.44,2,1,0.375,PhG,Parahippocampal Gyrus,Temporal Lobe,1.0,A35/36c,PhG_L(R)_6_2,111,112,0.375,1.0,1,1,1.0
middle frontal gyrus ba 44,Left Middle frontal gyrus (BA 44)*,L,1,1.44,2,1,0.3333,MFG,Middle Frontal Gyrus,Frontal Lobe,1.0,IFJ,MFG_L(R)_7_2,17,18,0.3333,1.0,1,1,1.0
middle frontal gyrus ba 45,Right Middle frontal gyrus (BA 45)*,R,1,1.44,2,1,0.3333,MFG,Middle Frontal Gyrus,Frontal Lobe,1.0,A8vl,MFG_L(R)_7_5,23,24,0.3333,0.0,1,1,1.0
inferior temporal gyrus 21,Right inferior temporal gyrus (21),R,1,1.41,2,1,0.5,MTG,Middle Temporal Gyrus,Temporal Lobe,1.0,aSTS,MTG_L(R)_4_4,87,88,0.5,0.0,1,1,1.0
inferior temporal gyrus ba 20 21,Left inferior temporal gyrus (BA20/21),L,1,1.41,2,1,0.5,MTG,Middle Temporal Gyrus,Temporal Lobe,1.0,A21r,MTG_L(R)_4_2,83,84,0.5,1.0,1,1,1.0
inferior temporal gyrus ba 21,R inferior temporal gyrus (BA21),R,1,1.44,2,1,0.375,STG,Superior Temporal Gyrus,Temporal Lobe,1.0,TE1.0 and TE1.2,STG_L(R)_6_3,73,74,0.375,0.0,1,1,1.0
inferior temporal lobe 20,L inferior temporal lobe (20),L,1,1.44,2,1,0.3333,ITG,Inferior Temporal Gyrus,Temporal Lobe,1.0,A20cl,ITG_L(R)_7_6,99,100,0.3333,1.0,1,1,1.0
inferior temporal lobea,Right inferior temporal lobea,R,1,1.44,2,1,0.3333,ITG,Inferior Temporal Gyrus,Temporal Lobe,1.0,A37vl,ITG_L(R)_7_5,97,98,0.3333,0.0,1,1,1.0
middle frontal gyrus 47,L middle frontal gyrus (47),L,1,1.44,2,1,0.375,OrG,Orbital Gyrus,Frontal Lobe,1.0,A12/47l,OrG_L(R)_6_6,51,52,0.375,1.0,1,1,1.0
middle frontal gyrus 6 8,Left middle frontal gyrus (6/8),L,1,1.44,2,1,0.3333,MFG,Middle Frontal Gyrus,Frontal Lobe,1.0,A8vl,MFG_L(R)_7_5,23,24,0.3333,1.0,1,1,1.0
middle frontal gyrus 6 8 9,Lt middle frontal gyrus (6/8/9),L,1,1.44,2,1,0.3333,MFG,Middle Frontal Gyrus,Frontal Lobe,1.0,A6vl,MFG_L(R)_7_6,25,26,0.3333,1.0,1,1,1.0
middle frontal gyrus 8 9,"Right middle frontal gyrus (8,9)",R,1,1.44,2,1,0.3333,SFG,Superior Frontal Gyrus,Frontal Lobe,1.0,A8dl,SFG_L(R)_7_2,3,4,0.3333,0.0,1,1,1.0
middle frontal gyrus and posterior inferior frontal gyrus,Middle frontal gyrus and posterior inferior frontal gyrus,U,1,1.44,2,1,0.3333,MFG,Middle Frontal Gyrus,Frontal Lobe,1.0,IFJ,MFG_L(R)_7_2,17,18,0.3333,0.0,1,1,
middle frontal gyrus and precentral sulcus,Middle frontal gyrus and precentral sulcus (two clusters),U,1,1.44,2,1,0.375,PrG,Precentral Gyrus,Frontal Lobe,1.0,A6cdl,PrG_L(R)_6_2,55,56,0.375,0.0,1,1,
middle frontal gyrus ba 11 47,R. middle frontal gyrus (BA 11/47),R,1,1.44,2,1,0.375,OrG,Orbital Gyrus,Frontal Lobe,1.0,A12/47l,OrG_L(R)_6_6,51,52,0.375,0.0,1,1,1.0
middle frontal gyrus ba 13,Right Middle Frontal gyrus (BA13),R,1,1.44,2,1,0.375,INS,Insular Gyrus,Insular Lobe,1.0,G,INS_L(R)_6_1,163,164,0.375,1.0,1,1,0.0
middle frontal cortex ba 8,Middle frontal cortex (BA 8),U,1,1.44,2,1,0.3333,MFG,Middle Frontal Gyrus,Frontal Lobe,1.0,A6vl,MFG_L(R)_7_6,25,26,0.3333,0.0,1,1,
middle frontal ctx,Middle frontal Ctx.,U,1,1.44,2,1,0.3333,SFG,Superior Frontal Gyrus,Frontal Lobe,1.0,A6dl,SFG_L(R)_7_4,7,8,0.3333,0.0,1,1,
middle frontal gyru,R. Middle Frontal Gyru,R,1,1.44,2,1,0.375,IFG,Inferior Frontal Gyrus,Frontal Lobe,1.0,IFS,IFG_L(R)_6_2,31,32,0.375,0.0,1,1,1.0
middle frontal gyrus 10 44,"L middle frontal gyrus (10,44)",L,1,1.44,2,1,0.3333,MFG,Middle Frontal Gyrus,Frontal Lobe,1.0,A9/46v,MFG_L(R)_7_4,21,22,0.3333,1.0,1,1,1.0
middle frontal gyrus 11 47,"Left middle frontal gyrus (11,47)",L,1,1.44,2,1,0.375,OrG,Orbital Gyrus,Frontal Lobe,1.0,A11l,OrG_L(R)_6_3,45,46,0.375,1.0,1,1,1.0
middle frontal gyrus 21,Left middle frontal gyrus (21),L,1,1.41,2,1,0.5,MTG,Middle Temporal Gyrus,Temporal Lobe,1.0,A37dl,MTG_L(R)_4_3,85,86,0.5,1.0,1,1,1.0
middle frontal gyrus 32,L middle frontal gyrus (32),L,1,1.44,2,1,0.3333,SFG,Superior Frontal Gyrus,Frontal Lobe,1.0,A8m,SFG_L(R)_7_1,1,2,0.3333,1.0,1,1,1.0
middle frontal gyrus 36,Middle Frontal Gyrus (36),U,1,1.44,2,1,0.375,IFG,Inferior Frontal Gyrus,Frontal Lobe,1.0,A44d,IFG_L(R)_6_1,29,30,0.375,1.0,1,1,
inferior parietal lobule ba 40 2,L. inferior parietal lobule (BA 40/2),L,1,1.44,2,1,0.375,IPL,Inferior Parietal Lobule,Parietal Lobe,1.0,A40rd,IPL_L(R)_6_3,139,140,0.375,1.0,1,1,1.0
inferior parietal lobuls,L Inferior Parietal Lobuls,L,1,1.44,2,1,0.375,IPL,Inferior Parietal Lobule,Parietal Lobe,1.0,A40c,IPL_L(R)_6_4,141,142,0.375,1.0,1,1,1.0
inferior parietallobule,Lt. Inferior ParietalLobule,L,1,1.44,2,1,0.375,IPL,Inferior Parietal Lobule,Parietal Lobe,1.0,A40c,IPL_L(R)_6_4,141,142,0.375,1.0,1,1,1.0
inferior pars opercularis,Right inferior pars opercularis,R,1,1.44,2,1,0.3333,SFG,Superior Frontal Gyrus,Frontal Lobe,1.0,A9l,SFG_L(R)_7_3,5,6,0.3333,0.0,1,1,1.0
inferior pfc,Inferior PFC,U,1,1.44,2,1,0.375,INS,Insular Gyrus,Insular Lobe,1.0,dIa,INS_L(R)_6_3,167,168,0.375,1.0,1,1,
inferior precentral gyrus,Right inferior precentral gyrus,R,1,1.44,2,1,0.375,PrG,Precentral Gyrus,Frontal Lobe,1.0,A4hf,PrG_L(R)_6_1,53,54,0.375,0.0,1,1,1.0
inferior precuneus,bilateral inferior precuneus,B,1,1.41,2,1,0.5,Pcun,Precuneus,Parietal Lobe,1.0,A31,PCun_L(R)_4_4,153,154,0.5,0.0,1,1,
inferior rostral gyrus,inferior rostral gyrus,U,1,1.44,2,1,0.3333,CG,Cingulate Gyrus,Limbic Lobe,1.0,A32sg,CG_L(R)_7_7,187,188,0.3333,1.0,1,1,
middle frontal orbital part,L Middle frontal orbital part,L,1,1.44,2,1,0.3333,MFG,Middle Frontal Gyrus,Frontal Lobe,1.0,A9/46v,MFG_L(R)_7_4,21,22,0.3333,1.0,1,1,1.0
middle frontal precentral gyrus,R middle frontal + precentral gyri (vPM),R,1,1.44,2,1,0.375,PrG,Precentral Gyrus,Frontal Lobe,1.0,A6cvl,PrG_L(R)_6_6,63,64,0.375,0.0,1,1,1.0
middle frontal region,Middle frontal region,U,1,1.44,2,1,0.3333,MFG,Middle Frontal Gyrus,Frontal Lobe,1.0,A6vl,MFG_L(R)_7_6,25,26,0.3333,0.0,1,2,
middle fusiform gyrus,L middle fusiform gyrus,L,1,1.36,2,1,0.6,FuG,Fusiform Gyrus,Temporal Lobe,1.0,A37lv,FuG_L(R)_3_3,107,108,0.6,1.0,1,1,1.0
middle ips,L middle IPS,L,1,1.44,2,1,0.4286,SPL,Superior Parietal Lobule,Parietal Lobe,1.0,A7ip,SPL_L(R)_5_5,133,134,0.4286,1.0,1,1,1.0
inferior parietal lobule 1,Inferior parietal lobule (SMG)1,U,1,1.44,2,1,0.375,IPL,Inferior Parietal Lobule,Parietal Lobe,1.0,A40rd,IPL_L(R)_6_3,139,140,0.375,1.0,1,1,
inferior parietal lobule 2,Inferior parietal lobule (2),U,1,1.44,2,1,0.375,IPL,Inferior Parietal Lobule,Parietal Lobe,1.0,A40rd,IPL_L(R)_6_3,139,140,0.375,0.5,1,2,
inferior parietal lobule and subgyral,Right inferior parietal lobule and subgyral,R,1,1.44,2,1,0.375,IPL,Inferior Parietal Lobule,Parietal Lobe,1.0,A40rd,IPL_L(R)_6_3,139,140,0.375,0.0,1,1,1.0
middle frontal gyrus ba 9 10 46,"L Middle Frontal Gyrus (BA 9, 10, 46)",L,1,1.44,2,1,0.3333,MFG,Middle Frontal Gyrus,Frontal Lobe,1.0,A9/46v,MFG_L(R)_7_4,21,22,0.3333,1.0,1,1,1.0
middle frontal gyrus ba 9 46 include middle frontal gyrus ba 10,"R Middle Frontal Gyrus (BA 9, 46) Include: Middle Frontal Gyrus (BA 10)",R,1,1.44,2,1,0.3333,MFG,Middle Frontal Gyrus,Frontal Lobe,1.0,A46,MFG_L(R)_7_3,19,20,0.3333,0.0,1,1,1.0
middle frontal gyrus in orbital part,Middle frontal gyrus in orbital part,U,1,1.44,2,1,0.375,OrG,Orbital Gyrus,Frontal Lobe,1.0,A12/47o,OrG_L(R)_6_2,43,44,0.375,0.0,1,1,
middle frontal gyrus rb,Middle frontal gyrus Rb,U,1,1.44,2,1,0.375,PrG,Precentral Gyrus,Frontal Lobe,1.0,A6cvl,PrG_L(R)_6_6,63,64,0.375,0.0,1,1,
middle frontal gyrus3,Middle Frontal gyrus3,U,1,1.44,2,1,0.3333,MFG,Middle Frontal Gyrus,Frontal Lobe,1.0,A9/46v,MFG_L(R)_7_4,21,22,0.3333,0.0,1,1,
middle frontal gyrus4,Middle frontal gyrus4,U,1,1.44,2,1,0.3333,MFG,Middle Frontal Gyrus,Frontal Lobe,1.0,A10l,MFG_L(R)_7_7,27,28,0.3333,0.0,1,1,
middle frontal gyrusb,Middle frontal gyrusb,U,1,1.44,2,1,0.375,OrG,Orbital Gyrus,Frontal Lobe,1.0,A11l,OrG_L(R)_6_3,45,46,0.375,1.0,1,1,
middle frontal gyrusd,R middle frontal gyrusd,R,1,1.44,2,1,0.3333,MFG,Middle Frontal Gyrus,Frontal Lobe,1.0,A9/46v,MFG_L(R)_7_4,21,22,0.3333,0.0,1,1,1.0
inferomedial temporal gyrus,Inferomedial temporal gyrus,U,1,1.36,2,1,0.6,FuG,Fusiform Gyrus,Temporal Lobe,1.0,A37lv,FuG_L(R)_3_3,107,108,0.6,1.0,1,1,
inferor temporal gyrus,Inferor temporal gyrus-L,L,1,1.36,2,1,0.6,FuG,Fusiform Gyrus,Temporal Lobe,1.0,A37lv,FuG_L(R)_3_3,107,108,0.6,1.0,1,1,1.0
inferotemporal cortex area te,L inferotemporal cortex area TE,L,1,1.44,2,1,0.375,BG,Basal Ganglia,Subcortical Nuclei,1.0,vmPu,BG_L(R)_6_4,225,226,0.375,1.0,1,1,1.0
infr parietal lobule,Infr. Parietal lobule,U,1,1.44,2,1,0.375,IPL,Inferior Parietal Lobule,Parietal Lobe,1.0,A39rd,IPL_L(R)_6_2,137,138,0.375,0.0,1,1,
inrerior frontal gyrus,Inrerior Frontal gyrus,U,1,1.44,2,1,0.375,OrG,Orbital Gyrus,Frontal Lobe,1.0,A12/47l,OrG_L(R)_6_6,51,52,0.375,0.0,1,1,
middle frontal gyrus ba 46 3,Middle Frontal gyrus (BA46)3,U,1,1.44,2,1,0.3333,MFG,Middle Frontal Gyrus,Frontal Lobe,1.0,A9/46v,MFG_L(R)_7_4,21,22,0.3333,0.0,1,1,
middle frontal gyrus ba 47,Left middle frontal gyrus (BA 47),L,1,1.24,2,1,0.75,pSTS,posterior Superior Temporal Sulcus,Temporal Lobe,1.0,rpSTS,pSTS_L(R)_2_1,121,122,0.75,1.0,1,1,1.0
middle frontal gyrus ba 6 include precentral gyrus ba 6,L Middle Frontal Gyrus (BA 6) Include: Precentral Gyrus (BA 6),L,1,1.44,2,1,0.3333,MFG,Middle Frontal Gyrus,Frontal Lobe,1.0,IFJ,MFG_L(R)_7_2,17,18,0.3333,1.0,1,1,1.0
inferior orbitofrontal lobe,Inferior orbitofrontal lobe,U,1,1.44,2,1,0.375,OrG,Orbital Gyrus,Frontal Lobe,1.0,A12/47l,OrG_L(R)_6_6,51,52,0.375,1.0,1,1,
inferior pariental gyrus,Inferior pariental gyrus L,L,1,1.44,2,1,0.375,IPL,Inferior Parietal Lobule,Parietal Lobe,1.0,A39rd,IPL_L(R)_6_2,137,138,0.375,1.0,1,1,1.0
inferior parietal 33,Inferior parietal [33],U,1,1.44,2,1,0.4286,SPL,Superior Parietal Lobule,Parietal Lobe,1.0,A5l,SPL_L(R)_5_3,129,130,0.4286,1.0,1,1,
inferior parietal c,L Inferior Parietal C,L,1,1.44,2,1,0.375,IPL,Inferior Parietal Lobule,Parietal Lobe,1.0,A40rd,IPL_L(R)_6_3,139,140,0.375,1.0,1,2,1.0
inferior parietal g,Inferior parietal G.,U,1,1.44,2,1,0.4286,SPL,Superior Parietal Lobule,Parietal Lobe,1.0,A5l,SPL_L(R)_5_3,129,130,0.4286,1.0,1,1,
inferior parietal gyrus ba 1,Inferior parietal gyrus (BA 1),U,1,1.44,2,1,0.375,IPL,Inferior Parietal Lobule,Parietal Lobe,1.0,A40rd,IPL_L(R)_6_3,139,140,0.375,1.0,1,1,
inferior parietal gyrus ba 2,Inferior parietal gyrus (BA 2),U,1,1.44,2,1,0.375,IPL,Inferior Parietal Lobule,Parietal Lobe,1.0,A40rd,IPL_L(R)_6_3,139,140,0.375,1.0,1,1,
inferior parietal gyrusa,Inferior parietal gyrusa,U,1,1.44,2,1,0.375,IPL,Inferior Parietal Lobule,Parietal Lobe,1.0,A40rv,IPL_L(R)_6_6,145,146,0.375,0.6667,1,3,
middle occpital gyrus ba 18,Left Middle occpital gyrus (BA 18),L,1,1.44,2,1,0.375,LOcC,lateral Occipital Cortex,Occipital Lobe,1.0,iOccG,LOcC_L(R)_4_4,205,206,0.375,1.0,1,1,1.0
middle ofc,Middle OFC,U,1,1.44,2,1,0.375,OrG,Orbital Gyrus,Frontal Lobe,1.0,A12/47o,OrG_L(R)_6_2,43,44,0.375,0.0,1,1,
middle orbiral gyrus,Middle Orbiral Gyrus,U,1,1.44,2,1,0.3333,MFG,Middle Frontal Gyrus,Frontal Lobe,1.0,A10l,MFG_L(R)_7_7,27,28,0.3333,0.0,1,1,
inferior orbital frontal cortex,Inferior orbital frontal cortex,U,1,1.44,2,1,0.375,INS,Insular Gyrus,Insular Lobe,1.0,dIa,INS_L(R)_6_3,167,168,0.375,1.0,1,1,
inferior orbital frontal gyrus ba 38,Right inferior orbital frontal gyrus (BA38),R,1,1.44,2,1,0.375,OrG,Orbital Gyrus,Frontal Lobe,1.0,A12/47l,OrG_L(R)_6_6,51,52,0.375,0.0,1,1,1.0
inferior orbito frontal gyrus,Inferior orbito-frontal gyrus,U,1,1.44,2,1,0.375,OrG,Orbital Gyrus,Frontal Lobe,1.0,A12/47l,OrG_L(R)_6_6,51,52,0.375,1.0,1,1,
inferior orbitofrontal,Inferior orbitofrontal,U,1,1.44,2,1,0.375,OrG,Orbital Gyrus,Frontal Lobe,1.0,A12/47o,OrG_L(R)_6_2,43,44,0.375,0.0,1,1,
inferior orbitofrontal gyrus ba 2,Inferior orbitofrontal gyrus (BA 2),U,1,1.44,2,1,0.375,IPL,Inferior Parietal Lobule,Parietal Lobe,1.0,A40rd,IPL_L(R)_6_3,139,140,0.375,1.0,1,1,
middle occipital gyrus 37 18 19,"Right middle occipital gyrus (37,18,19)",R,1,1.44,2,1,0.375,LOcC,lateral Occipital Cortex,Occipital Lobe,1.0,mOccG,LOcC_L(R)_4_1,199,200,0.375,0.0,1,1,1.0
middle occipital gyrus 39,Middle occipital gyrus (39),U,1,1.44,2,1,0.375,IPL,Inferior Parietal Lobule,Parietal Lobe,1.0,A39c,IPL_L(R)_6_1,135,136,0.375,0.0,1,1,
middle occipital gyrus ba 39,Right middle occipital gyrus (BA39),R,1,1.44,2,1,0.375,IPL,Inferior Parietal Lobule,Parietal Lobe,1.0,A39c,IPL_L(R)_6_1,135,136,0.375,0.0,1,1,1.0
middle occipital gyrus cluster 1,"L Middle occipital gyrus cluster 1 (including middle occipital gyrus, middle temporal gyrus)",L,1,1.44,2,1,0.375,IPL,Inferior Parietal Lobule,Parietal Lobe,1.0,A39c,IPL_L(R)_6_1,135,136,0.375,1.0,1,1,1.0
middle occipital gyrusa,Middle occipital gyrusa,U,1,1.44,2,1,0.375,IPL,Inferior Parietal Lobule,Parietal Lobe,1.0,A39c,IPL_L(R)_6_1,135,136,0.375,0.0,1,1,
middle occipital sulcus,Left middle occipital sulcus*,L,1,1.44,2,1,0.375,IPL,Inferior Parietal Lobule,Parietal Lobe,1.0,A39c,IPL_L(R)_6_1,135,136,0.375,1.0,1,1,1.0
middle occipito temporal gyrus,Middle occipito-temporal gyrus???,U,1,1.44,2,1,0.4286,MVOcC,MedioVentral Occipital Cortex,Occipital Lobe,1.0,rLinG,MVOcC_L(R)_5_4,195,196,0.4286,1.0,1,1,
middle occipito temporal gyrusa,Middle occipito-temporal gyrusa,U,1,1.44,2,1,0.4286,MVOcC,MedioVentral Occipital Cortex,Occipital Lobe,1.0,rLinG,MVOcC_L(R)_5_4,195,196,0.4286,1.0,1,1,
inferior superior parietal ba 7 39 40,Left inferior-superior parietal (BA 7/39/40),L,1,1.44,2,1,0.375,LOcC,lateral Occipital Cortex,Occipital Lobe,1.0,lsOccG,LOcC_L(R)_2_2,209,210,0.375,1.0,1,1,1.0
inferior temoral gyrus,Right inferior temoral gyrus,R,1,1.36,2,1,0.6,FuG,Fusiform Gyrus,Temporal Lobe,1.0,A37lv,FuG_L(R)_3_3,107,108,0.6,0.0,1,1,1.0
inferior temporal area,L. Inferior temporal area,L,1,1.36,2,1,0.6,FuG,Fusiform Gyrus,Temporal Lobe,1.0,A20rv,FuG_L(R)_3_1,103,104,0.6,1.0,1,1,1.0
middle occipital and fusiform gyrus,Middle occipital and fusiform gyri,U,1,1.44,2,1,0.375,LOcC,lateral Occipital Cortex,Occipital Lobe,1.0,mOccG,LOcC_L(R)_4_1,199,200,0.375,0.0,1,1,
middle occipital and lingual gyrus,Middle occipital and lingual gyrus,U,1,1.44,2,1,0.4286,MVOcC,MedioVentral Occipital Cortex,Occipital Lobe,1.0,rLinG,MVOcC_L(R)_5_4,195,196,0.4286,0.0,1,1,
middle occipital ba 18,Middle occipital [BA18],U,1,1.44,2,1,0.375,LOcC,lateral Occipital Cortex,Occipital Lobe,1.0,mOccG,LOcC_L(R)_4_1,199,200,0.375,0.0,1,1,
middle occipital g ba 19,Middle occipital G. (BA 19),U,1,1.44,2,1,0.375,LOcC,lateral Occipital Cortex,Occipital Lobe,1.0,mOccG,LOcC_L(R)_4_1,199,200,0.375,0.0,1,2,
middle occipital gyrus 37,L. Middle Occipital Gyrus (37),LR,1,1.44,2,1,0.375,LOcC,lateral Occipital Cortex,Occipital Lobe,1.0,V5/MT+,LOcC_L(R)_4_2,201,202,0.375,1.0,1,1,1.0
inferior occipital cortex ba 19,Inferior occipital cortex [BA19],U,1,1.44,2,1,0.375,LOcC,lateral Occipital Cortex,Occipital Lobe,1.0,iOccG,LOcC_L(R)_4_4,205,206,0.375,1.0,1,1,
inferior occipital g ba 17,Inferior occipital G. (BA 17),U,1,1.44,2,1,0.375,LOcC,lateral Occipital Cortex,Occipital Lobe,1.0,iOccG,LOcC_L(R)_4_4,205,206,0.375,1.0,1,1,
inferior occipital gyrus 1,Inferior occipital gyrus (1),U,1,1.44,2,1,0.375,LOcC,lateral Occipital Cortex,Occipital Lobe,1.0,mOccG,LOcC_L(R)_4_1,199,200,0.375,0.0,1,1,
inferior occipital gyrus and,L inferior occipital gyrus and,L,1,1.44,2,1,0.375,LOcC,lateral Occipital Cortex,Occipital Lobe,1.0,iOccG,LOcC_L(R)_4_4,205,206,0.375,1.0,1,1,1.0
inferior occipital gyrus and fusiform gyrus,Inferior occipital gyrus and fusiform gyrus,U,1,1.44,2,1,0.375,LOcC,lateral Occipital Cortex,Occipital Lobe,1.0,V5/MT+,LOcC_L(R)_4_2,201,202,0.375,1.0,1,1,
inferior occipital gyrus wm,R- inferior occipital gyrus WM,R,1,1.44,2,1,0.375,LOcC,lateral Occipital Cortex,Occipital Lobe,1.0,iOccG,LOcC_L(R)_4_4,205,206,0.375,0.0,1,1,1.0
inferior occipital gyrusa,Inferior occipital gyrusa,U,1,1.44,2,1,0.375,LOcC,lateral Occipital Cortex,Occipital Lobe,1.0,V5/MT+,LOcC_L(R)_4_2,201,202,0.375,1.0,1,1,
inferior occipital gyurs,Inferior occipital gyurs,U,1,1.44,2,1,0.375,LOcC,lateral Occipital Cortex,Occipital Lobe,1.0,V5/MT+,LOcC_L(R)_4_2,201,202,0.375,1.0,1,1,
middle temporal gyrus 22 37,"L middle temporal gyrus (22, 37)",L,1,1.44,2,1,0.375,LOcC,lateral Occipital Cortex,Occipital Lobe,1.0,V5/MT+,LOcC_L(R)_4_2,201,202,0.375,1.0,1,1,1.0
inferior lingual gyrus,Inferior lingual gyrus,U,1,1.44,2,1,0.4286,MVOcC,MedioVentral Occipital Cortex,Occipital Lobe,1.0,cLinG,MVOcC_L(R)_5_1,189,190,0.4286,1.0,1,1,
inferior lobe,right inferior lobe,R,1,1.44,2,1,0.375,IPL,Inferior Parietal Lobule,Parietal Lobe,1.0,A40c,IPL_L(R)_6_4,141,142,0.375,0.0,1,1,1.0
inferior longitudinal fascicle,Inferior longitudinal fascicle,U,1,1.44,2,1,0.375,STG,Superior Temporal Gyrus,Temporal Lobe,1.0,A41/42,STG_L(R)_6_2,71,72,0.375,1.0,1,1,
inferior middle occipital gyrus,Inferior–middle occipital gyrus,U,1,1.36,2,1,0.6,FuG,Fusiform Gyrus,Temporal Lobe,1.0,A37lv,FuG_L(R)_3_3,107,108,0.6,0.0,1,1,
inferior middle temporal ba 20 21,Left inferior-middle temporal (BA 20/21),L,1,1.36,2,1,0.6,FuG,Fusiform Gyrus,Temporal Lobe,1.0,A37lv,FuG_L(R)_3_3,107,108,0.6,1.0,1,1,1.0
inferior occcipital gyrus,Inferior occcipital gyrus,U,1,1.44,2,1,0.3333,ITG,Inferior Temporal Gyrus,Temporal Lobe,1.0,A37elv,ITG_L(R)_7_2,91,92,0.3333,1.0,1,1,
inferior occipital and fusiform gyrus,Inferior occipital and fusiform gyrus,U,1,1.44,2,1,0.375,LOcC,lateral Occipital Cortex,Occipital Lobe,1.0,mOccG,LOcC_L(R)_4_1,199,200,0.375,1.0,1,1,
middle stg,Left middle STG,LR,1,1.44,2,1,0.375,STG,Superior Temporal Gyrus,Temporal Lobe,1.0,A22c,STG_L(R)_6_4,75,76,0.375,1.0,1,1,1.0
middle superior temporal sulcus,Middle superior temporal sulcus,U,1,1.41,2,1,0.5,MTG,Middle Temporal Gyrus,Temporal Lobe,1.0,aSTS,MTG_L(R)_4_4,87,88,0.5,0.0,1,1,
middle temporal and,L middle temporal and,L,1,1.44,2,1,0.375,IPL,Inferior Parietal Lobule,Parietal Lobe,1.0,A39rv,IPL_L(R)_6_5,143,144,0.375,1.0,1,1,1.0
middle temporal and gyrus,R middle temporal and gyrus,R,1,1.44,2,1,0.375,IPL,Inferior Parietal Lobule,Parietal Lobe,1.0,A39rv,IPL_L(R)_6_5,143,144,0.375,0.0,1,1,1.0
middle temporal g ba 21,Middle temporal G. (BA 21),U,1,1.24,2,1,0.75,pSTS,posterior Superior Temporal Sulcus,Temporal Lobe,1.0,rpSTS,pSTS_L(R)_2_1,121,122,0.75,1.0,1,1,
middle temporal g ba 22,Middle temporal G. (BA 22),U,1,1.24,2,1,0.75,pSTS,posterior Superior Temporal Sulcus,Temporal Lobe,1.0,cpSTS,pSTS_L(R)_2_2,123,124,0.75,1.0,1,1,
middle temporal g ba 39,Middle temporal G. (BA 39),U,1,1.44,2,1,0.375,IPL,Inferior Parietal Lobule,Parietal Lobe,1.0,A39c,IPL_L(R)_6_1,135,136,0.375,0.0,1,1,
middle temporal gyrus 1997,Middle temporal gyrus*1997,U,1,1.44,2,1,0.375,LOcC,lateral Occipital Cortex,Occipital Lobe,1.0,V5/MT+,LOcC_L(R)_4_2,201,202,0.375,1.0,1,1,
inferior parietal lobe angular gyrus,Inferior parietal lobe Angular gyrus,U,1,1.44,2,1,0.375,IPL,Inferior Parietal Lobule,Parietal Lobe,1.0,A39rd,IPL_L(R)_6_2,137,138,0.375,1.0,1,1,
middle orbital gyrus ba 11,Middle orbital gyrus (BA11),U,1,1.44,2,1,0.375,OrG,Orbital Gyrus,Frontal Lobe,1.0,A13,OrG_L(R)_6_5,49,50,0.375,0.0,1,1,
middle orbital gyrus ba 32,LH middle orbital gyrus (BA 32),L,1,1.44,2,1,0.3,Tha,Thalamus,Subcortical Nuclei,1.0,rTtha,Tha_L(R)_8_4,237,238,0.3,1.0,1,1,1.0
middle orbito frontal,L middle orbito-frontal,L,1,1.44,2,1,0.3333,MFG,Middle Frontal Gyrus,Frontal Lobe,1.0,A9/46v,MFG_L(R)_7_4,21,22,0.3333,1.0,1,1,1.0
middle orbitofrontal cortex,Middle orbitofrontal cortex,U,1,1.44,2,1,0.375,OrG,Orbital Gyrus,Frontal Lobe,1.0,A14m,OrG_L(R)_6_1,41,42,0.375,1.0,1,1,
middle orbitofrontal gyrus,Middle orbitofrontal gyrus???,U,1,1.44,2,1,0.375,OrG,Orbital Gyrus,Frontal Lobe,1.0,A14m,OrG_L(R)_6_1,41,42,0.375,0.0,1,1,
middle orbitofrontal gyrusa,Middle orbitofrontal gyrusa,U,1,1.44,2,1,0.375,OrG,Orbital Gyrus,Frontal Lobe,1.0,A14m,OrG_L(R)_6_1,41,42,0.375,0.0,1,1,
middle orbitofrontal lobe,*Middle orbitofrontal lobe,U,1,1.44,2,1,0.375,OrG,Orbital Gyrus,Frontal Lobe,1.0,A11l,OrG_L(R)_6_3,45,46,0.375,0.0,1,2,
inferior frontal gyrusd,Inferior frontal gyrusd,U,1,1.44,2,1,0.375,IFG,Inferior Frontal Gyrus,Frontal Lobe,1.0,A44op,IFG_L(R)_6_5,37,38,0.375,1.0,1,1,
inferior frontal gyrusg,Inferior frontal gyrusg,U,1,1.44,2,1,0.375,IFG,Inferior Frontal Gyrus,Frontal Lobe,1.0,A45c,IFG_L(R)_6_3,33,34,0.375,1.0,1,1,
inferior frontal gyurs,Inferior Frontal Gyurs,U,1,1.44,2,1,0.375,INS,Insular Gyrus,Insular Lobe,1.0,dIa,INS_L(R)_6_3,167,168,0.375,0.5,1,2,
inferior frontal gyus,L. Inferior frontal gyus,L,1,1.44,2,1,0.375,IFG,Inferior Frontal Gyrus,Frontal Lobe,1.0,A44d,IFG_L(R)_6_1,29,30,0.375,1.0,1,1,1.0
inferior frontal opercularis,Inferior frontal opercularis,U,1,1.44,2,1,0.375,IFG,Inferior Frontal Gyrus,Frontal Lobe,1.0,A44v,IFG_L(R)_6_6,39,40,0.375,0.0,1,1,
inferior frontal operculum ba 47,Inferior frontal operculum (BA 47),U,1,1.44,2,1,0.375,IFG,Inferior Frontal Gyrus,Frontal Lobe,1.0,A44op,IFG_L(R)_6_5,37,38,0.375,0.0,1,1,
inferior frontal pars opercularis,L inferior frontal pars opercularis,L,1,1.44,2,1,0.375,IFG,Inferior Frontal Gyrus,Frontal Lobe,1.0,A45c,IFG_L(R)_6_3,33,34,0.375,1.0,1,1,1.0
inferior frontal pars opercularis ba 48,Inferior Frontal pars Opercularis (BA48),U,1,1.44,2,1,0.375,IFG,Inferior Frontal Gyrus,Frontal Lobe,1.0,A44v,IFG_L(R)_6_6,39,40,0.375,0.0,1,1,
midline medial pfc,Midline medial PFC,U,1,1.44,2,1,0.3333,SFG,Superior Frontal Gyrus,Frontal Lobe,1.0,A10m,SFG_L(R)_7_7,13,14,0.3333,1.0,1,1,
midline mid cingulate cortex,midline mid cingulate cortex,U,1,1.44,2,1,0.3333,CG,Cingulate Gyrus,Limbic Lobe,1.0,A23c,CG_L(R)_7_6,185,186,0.3333,1.0,1,1,
midline prefrontal,Midline prefrontal,U,1,1.44,2,1,0.3333,CG,Cingulate Gyrus,Limbic Lobe,1.0,A32p,CG_L(R)_7_3,179,180,0.3333,0.0,1,1,
midline thalamus,Midline Thalamus,U,1,1.44,2,1,0.3,Tha,Thalamus,Subcortical Nuclei,1.0,rTtha,Tha_L(R)_8_4,237,238,0.3,1.0,1,1,
midsupitempg,MidSupITempG,U,1,1.41,2,1,0.5,MTG,Middle Temporal Gyrus,Temporal Lobe,1.0,aSTS,MTG_L(R)_4_4,87,88,0.5,1.0,1,1,
inferior frontal gyrus triangulas,Inferior frontal gyrus triangulas,U,1,1.44,2,1,0.375,INS,Insular Gyrus,Insular Lobe,1.0,dIa,INS_L(R)_6_3,167,168,0.375,0.0,1,1,
inferior frontal gyrus3,Inferior frontal gyrus3,U,1,1.44,2,1,0.375,IFG,Inferior Frontal Gyrus,Frontal Lobe,1.0,A44d,IFG_L(R)_6_1,29,30,0.375,0.0,1,1,
inferior frontal gyrusc,Inferior frontal gyrusc,U,1,1.44,2,1,0.375,IFG,Inferior Frontal Gyrus,Frontal Lobe,1.0,A45c,IFG_L(R)_6_3,33,34,0.375,1.0,1,1,
middle temporal gyrusr superior temporal gyrusr inferior parietal lobe,R Middle temporal gyrusR Superior temporal gyrusR Inferior parietal lobe,R,1,1.41,2,1,0.5,MTG,Middle Temporal Gyrus,Temporal Lobe,1.0,aSTS,MTG_L(R)_4_4,87,88,0.5,0.0,1,1,1.0
middle temporal gyus,Middle temporal gyus,U,1,1.44,2,1,0.375,STG,Superior Temporal Gyrus,Temporal Lobe,1.0,A22c,STG_L(R)_6_4,75,76,0.375,1.0,1,1,
middle temporal lobe ba 21,Right middle temporal lobe (BA21),R,1,1.44,2,1,0.375,IPL,Inferior Parietal Lobule,Parietal Lobe,1.0,A39rv,IPL_L(R)_6_5,143,144,0.375,0.0,1,1,1.0
middle temporal occipital gyrus,Right middle temporal occipital gyrus,R,1,1.44,2,1,0.375,LOcC,lateral Occipital Cortex,Occipital Lobe,1.0,V5/MT+,LOcC_L(R)_4_2,201,202,0.375,0.0,1,1,1.0
middle temporal sulcus,Middle temporal sulcus,U,1,1.44,2,1,0.375,LOcC,lateral Occipital Cortex,Occipital Lobe,1.0,mOccG,LOcC_L(R)_4_1,199,200,0.375,1.0,1,1,
middlefrontal,MiddleFrontal,U,1,1.44,2,1,0.3333,MFG,Middle Frontal Gyrus,Frontal Lobe,1.0,A9/46v,MFG_L(R)_7_4,21,22,0.3333,0.0,1,1,
midline,Midline,U,1,1.44,2,1,0.3333,CG,Cingulate Gyrus,Limbic Lobe,1.0,A23d,CG_L(R)_7_1,175,176,0.3333,0.0,1,2,
midline calcerine gyrus,Midline Calcerine Gyrus,U,1,1.44,2,1,0.4286,MVOcC,MedioVentral Occipital Cortex,Occipital Lobe,1.0,cCunG,MVOcC_L(R)_5_3,193,194,0.4286,1.0,1,1,
inferior occipitalgyrus,Inferior occipitalgyrus (OFA),U,1,1.36,2,1,0.6,FuG,Fusiform Gyrus,Temporal Lobe,1.0,A37mv,FuG_L(R)_3_2,105,106,0.6,0.0,1,1,
middle temporal gyrus ba 21 37,Middle temporal gyrus (BA 21/37),U,1,1.44,2,1,0.375,IPL,Inferior Parietal Lobule,Parietal Lobe,1.0,A39c,IPL_L(R)_6_1,135,136,0.375,0.0,1,1,
middle temporal gyrus ba 21 a,RH middle temporal gyrus (BA 21)a,R,1,1.41,2,1,0.5,MTG,Middle Temporal Gyrus,Temporal Lobe,1.0,aSTS,MTG_L(R)_4_4,87,88,0.5,0.0,1,1,1.0
middle temporal gyrus ba 37 21,"Middle Temporal Gyrus (BA 37, 21)",U,1,1.41,2,1,0.5,MTG,Middle Temporal Gyrus,Temporal Lobe,1.0,A21c,MTG_L(R)_4_1,81,82,0.5,1.0,1,1,
middle temporal gyrus ba 41,R middle temporal gyrus (BA41),R,1,1.24,2,1,0.75,pSTS,posterior Superior Temporal Sulcus,Temporal Lobe,1.0,cpSTS,pSTS_L(R)_2_2,123,124,0.75,0.0,1,1,1.0
middle temporal gyrus wm,R-middle temporal gyrus WM,R,1,1.41,2,1,0.5,MTG,Middle Temporal Gyrus,Temporal Lobe,1.0,A21r,MTG_L(R)_4_2,83,84,0.5,0.0,1,1,1.0
middle temporal gyrusl superior temporal gyrus,L Middle temporal gyrusL Superior temporal gyrus including primary auditory cortexL inferior Parietal lobe,L,1,1.44,2,1,0.375,STG,Superior Temporal Gyrus,Temporal Lobe,1.0,A22c,STG_L(R)_6_4,75,76,0.375,1.0,1,1,1.0
middle temporal gyrusl superior temporal gyrusleft inferior parietal lobe,L Middle temporal gyrusL Superior temporal gyrusLeft Inferior parietal lobe,L,1,1.41,2,1,0.5,MTG,Middle Temporal Gyrus,Temporal Lobe,1.0,aSTS,MTG_L(R)_4_4,87,88,0.5,1.0,1,1,1.0
mpfc dorsal,MPFC_dorsal,U,1,1.44,2,1,0.3333,SFG,Superior Frontal Gyrus,Frontal Lobe,1.0,A9l,SFG_L(R)_7_3,5,6,0.3333,1.0,1,1,
mpfc middle,MPFC_middle,U,1,1.44,2,1,0.3333,SFG,Superior Frontal Gyrus,Frontal Lobe,1.0,A9l,SFG_L(R)_7_3,5,6,0.3333,1.0,1,1,
mpfc ventral,MPFC_ventral,U,1,1.44,2,1,0.3333,SFG,Superior Frontal Gyrus,Frontal Lobe,1.0,A10m,SFG_L(R)_7_7,13,14,0.3333,1.0,1,1,
mpfg,MPFG,U,1,1.44,2,1,0.3333,SFG,Superior Frontal Gyrus,Frontal Lobe,1.0,A9m,SFG_L(R)_7_6,11,12,0.3333,1.0,1,1,
msn,msn,U,1,1.44,2,1,0.3,Tha,Thalamus,Subcortical Nuclei,1.0,Otha,Tha_L(R)_8_6,241,242,0.3,1.0,1,1,
mtg 39,MTG (39),U,1,1.41,2,1,0.5,MTG,Middle Temporal Gyrus,Temporal Lobe,1.0,A37dl,MTG_L(R)_4_3,85,86,0.5,1.0,1,1,
mtg ba 22,R. MTG (BA 22),R,1,1.24,2,1,0.75,pSTS,posterior Superior Temporal Sulcus,Temporal Lobe,1.0,rpSTS,pSTS_L(R)_2_1,121,122,0.75,0.0,1,1,1.0
mtgb,Right MTGb,R,1,1.44,2,1,0.375,IPL,Inferior Parietal Lobule,Parietal Lobe,1.0,A39rv,IPL_L(R)_6_5,143,144,0.375,0.0,1,1,1.0
motorcortex,Left Motorcortex,LR,1,1.44,2,1,0.375,PrG,Precentral Gyrus,Frontal Lobe,1.0,A4hf,PrG_L(R)_6_1,53,54,0.375,1.0,1,1,1.0
mpfc 10,*mPFC (10),U,1,1.44,2,1,0.375,OrG,Orbital Gyrus,Frontal Lobe,1.0,A14m,OrG_L(R)_6_1,41,42,0.375,0.0,1,1,
mpfc ba 10 32,"mPFC (BA 10, 32)",U,1,1.44,2,1,0.3333,SFG,Superior Frontal Gyrus,Frontal Lobe,1.0,A10m,SFG_L(R)_7_7,13,14,0.3333,1.0,1,1,
mpfc ba 8 9 32,"mPFC (BA 8, 9, 32)",U,1,1.44,2,1,0.3333,SFG,Superior Frontal Gyrus,Frontal Lobe,1.0,A9m,SFG_L(R)_7_6,11,12,0.3333,0.0,1,1,
mpfc ba 9,mPFC (BA 9),U,1,1.44,2,1,0.3333,SFG,Superior Frontal Gyrus,Frontal Lobe,1.0,A9l,SFG_L(R)_7_3,5,6,0.3333,0.0,1,1,
mpfc ba 9 10 32,"mPFC (BA 9, 10, 32)",U,1,1.44,2,1,0.3333,MFG,Middle Frontal Gyrus,Frontal Lobe,1.0,A9/46d,MFG_L(R)_7_1,15,16,0.3333,1.0,1,1,
mpfc cing,MPFC-Cing,U,1,1.44,2,1,0.3333,CG,Cingulate Gyrus,Limbic Lobe,1.0,A32sg,CG_L(R)_7_7,187,188,0.3333,0.0,1,1,
mpfc dacc,MPFC-dACC,U,1,1.44,2,1,0.3333,SFG,Superior Frontal Gyrus,Frontal Lobe,1.0,A10m,SFG_L(R)_7_7,13,14,0.3333,1.0,1,1,
mins,mINS,U,1,1.44,2,1,0.375,INS,Insular Gyrus,Insular Lobe,1.0,dId,INS_L(R)_6_6,173,174,0.375,0.0,1,1,
miog,MiOG,U,1,1.44,2,1,0.375,LOcC,lateral Occipital Cortex,Occipital Lobe,1.0,mOccG,LOcC_L(R)_4_1,199,200,0.375,1.0,1,2,
mofc ba 11,R mOFC (BA11),R,1,1.44,2,1,0.3333,CG,Cingulate Gyrus,Limbic Lobe,1.0,A32sg,CG_L(R)_7_7,187,188,0.3333,0.0,1,1,1.0
mog 18,MOG(18),U,1,1.44,2,1,0.375,LOcC,lateral Occipital Cortex,Occipital Lobe,1.0,iOccG,LOcC_L(R)_4_4,205,206,0.375,0.0,1,1,
mog 19,MOG (19),U,1,1.44,2,1,0.375,LOcC,lateral Occipital Cortex,Occipital Lobe,1.0,lsOccG,LOcC_L(R)_2_2,209,210,0.375,0.0,1,1,
mortor cortex,R mortor cortex,R,1,1.44,2,1,0.375,IPL,Inferior Parietal Lobule,Parietal Lobe,1.0,A40rv,IPL_L(R)_6_6,145,146,0.375,0.0,1,1,1.0
motor and sensorimotor cortex,Left motor and sensorimotor cortex,LR,1,1.44,2,1,0.375,PrG,Precentral Gyrus,Frontal Lobe,1.0,A4ul,PrG_L(R)_6_3,57,58,0.375,1.0,1,1,1.0
motor ba 4,l-Motor (BA4),LR,1,1.44,2,1,0.375,PrG,Precentral Gyrus,Frontal Lobe,1.0,A4hf,PrG_L(R)_6_1,53,54,0.375,1.0,1,1,1.0
inferior frontal pars orbitalis,R inferior frontal pars orbitalis,R,1,1.44,2,1,0.375,IFG,Inferior Frontal Gyrus,Frontal Lobe,1.0,A45r,IFG_L(R)_6_4,35,36,0.375,0.0,1,1,1.0
inferior frontal pars triangularis ba 47,Inferior frontal pars triangularis (BA 47),U,1,1.44,2,1,0.375,IFG,Inferior Frontal Gyrus,Frontal Lobe,1.0,A44op,IFG_L(R)_6_5,37,38,0.375,0.0,1,1,
inferior frontal region,Inferior frontal region,U,1,1.44,2,1,0.375,OrG,Orbital Gyrus,Frontal Lobe,1.0,A12/47l,OrG_L(R)_6_6,51,52,0.375,0.0,1,1,
inferior frontal tri ba 45 2,Inferior frontal tri (BA45) 2,U,1,1.44,2,1,0.375,IFG,Inferior Frontal Gyrus,Frontal Lobe,1.0,A45c,IFG_L(R)_6_3,33,34,0.375,0.0,1,1,
inferior frontalgyrus,Rt. Inferior FrontalGyrus,R,1,1.44,2,1,0.3333,MFG,Middle Frontal Gyrus,Frontal Lobe,1.0,A9/46v,MFG_L(R)_7_4,21,22,0.3333,0.0,1,1,1.0
inferior gryrus,Inferior gryrus,U,1,1.44,2,1,0.3333,ITG,Inferior Temporal Gyrus,Temporal Lobe,1.0,A20cv,ITG_L(R)_7_7,101,102,0.3333,0.0,1,1,
inferior insula,Inferior insula,U,1,1.44,2,1,0.375,INS,Insular Gyrus,Insular Lobe,1.0,dId,INS_L(R)_6_6,173,174,0.375,1.0,1,1,
midtg,MidTG,U,1,1.44,2,1,0.375,IPL,Inferior Parietal Lobule,Parietal Lobe,1.0,A39c,IPL_L(R)_6_1,135,136,0.375,0.0,1,1,
inferior frontal gyrus opercular part,Inferior Frontal Gyrus Opercular Part L,L,1,1.44,2,1,0.375,IFG,Inferior Frontal Gyrus,Frontal Lobe,1.0,A44d,IFG_L(R)_6_1,29,30,0.375,1.0,1,1,1.0
inferior frontal gyrus p opercularis,R inferior frontal gyrus p. opercularis,R,1,1.44,2,1,0.3333,MFG,Middle Frontal Gyrus,Frontal Lobe,1.0,A8vl,MFG_L(R)_7_5,23,24,0.3333,0.0,1,1,1.0
inferior frontal gyrus p triangularis,R inferior frontal gyrus p. triangularis,R,1,1.44,2,1,0.375,IFG,Inferior Frontal Gyrus,Frontal Lobe,1.0,A45r,IFG_L(R)_6_4,35,36,0.375,0.0,1,1,1.0
inferior frontal gyrus par opercularis,L Inferior Frontal Gyrus Par Opercularis,L,1,1.44,2,1,0.3333,MFG,Middle Frontal Gyrus,Frontal Lobe,1.0,IFJ,MFG_L(R)_7_2,17,18,0.3333,1.0,1,1,1.0
inferior frontal gyrus pars opercularis ba 44 precentral gyrus,L inferior frontal gyrus pars opercularis (BA 44)L precentral gyrus,L,1,1.44,2,1,0.375,IFG,Inferior Frontal Gyrus,Frontal Lobe,1.0,A44d,IFG_L(R)_6_1,29,30,0.375,1.0,1,1,1.0
inferior frontal gyrus pars orbitalis ba 47,Left Inferior Frontal Gyrus pars orbitalis BA47,L,1,1.44,2,1,0.375,IFG,Inferior Frontal Gyrus,Frontal Lobe,1.0,A44op,IFG_L(R)_6_5,37,38,0.375,1.0,1,1,1.0
inferior frontal gyrus pars triangularis and anterior insula,Inferior frontal gyrus pars triangularis and anterior insula,U,1,1.44,2,1,0.375,IFG,Inferior Frontal Gyrus,Frontal Lobe,1.0,A45c,IFG_L(R)_6_3,33,34,0.375,1.0,1,1,
inferior frontal gyrus pars triangularis ba 45,L inferior frontal gyrus pars triangularis (BA 45),L,1,1.44,2,1,0.375,IFG,Inferior Frontal Gyrus,Frontal Lobe,1.0,A45r,IFG_L(R)_6_4,35,36,0.375,1.0,1,1,1.0
inferior frontal gyrus ba 45 46,R — Inferior frontal gyrus (BA 45/46),R,1,1.44,2,1,0.375,IFG,Inferior Frontal Gyrus,Frontal Lobe,1.0,IFS,IFG_L(R)_6_2,31,32,0.375,0.0,1,1,1.0
inferior frontal gyrus ba 45 47,Inferior frontal gyrus (BA 45/47),U,1,1.44,2,1,0.375,INS,Insular Gyrus,Insular Lobe,1.0,dIa,INS_L(R)_6_3,167,168,0.375,1.0,1,1,
inferior frontal gyrus ba 45 a,RH inferior frontal gyrus (BA 45)a,R,1,1.44,2,1,0.375,IFG,Inferior Frontal Gyrus,Frontal Lobe,1.0,A45c,IFG_L(R)_6_3,33,34,0.375,0.0,1,1,1.0
inferior frontal gyrus ba 48,Left Inferior frontal gyrus (BA 48),L,1,1.44,2,1,0.375,IFG,Inferior Frontal Gyrus,Frontal Lobe,1.0,A44op,IFG_L(R)_6_5,37,38,0.375,1.0,1,1,1.0
inferior frontal gyrus ba 6,Right Inferior Frontal Gyrus (BA6),R,1,1.44,2,1,0.375,PrG,Precentral Gyrus,Frontal Lobe,1.0,A6cvl,PrG_L(R)_6_6,63,64,0.375,1.0,1,1,0.0
inferior frontal gyrus ba 9 46,Bilateral inferior frontal gyrus (BA 9/46),B,1,1.44,2,1,0.3333,MFG,Middle Frontal Gyrus,Frontal Lobe,1.0,A8vl,MFG_L(R)_7_5,23,24,0.3333,1.0,1,1,
inferior frontal gyrus extending in acc and others,Left inferior frontal gyrus extending in ACC and others,L,1,1.44,2,1,0.375,IFG,Inferior Frontal Gyrus,Frontal Lobe,1.0,A45c,IFG_L(R)_6_3,33,34,0.375,1.0,1,1,1.0
inferior frontal gyrus in triangular and opercular part,Inferior frontal gyrus in triangular and opercular part,U,1,1.44,2,1,0.3333,SFG,Superior Frontal Gyrus,Frontal Lobe,1.0,A10m,SFG_L(R)_7_7,13,14,0.3333,1.0,1,1,
no label,no label,U,1,1.44,2,1,0.3333,CG,Cingulate Gyrus,Limbic Lobe,1.0,A23d,CG_L(R)_7_1,175,176,0.3333,1.0,1,1,
none at cwp 0 001,None at CWP ≤ 0.001,U,1,1.44,2,1,0.375,OrG,Orbital Gyrus,Frontal Lobe,1.0,A14m,OrG_L(R)_6_1,41,42,0.375,1.0,1,1,
nucleus of the diagonal band of broca,Nuclei of the diagonal band of Broca,U,1,1.44,2,1,0.375,BG,Basal Ganglia,Subcortical Nuclei,1.0,NAC,BG_L(R)_6_3,223,224,0.375,0.0,1,1,
o amygdala,º Amygdala,U,1,1.24,2,1,0.75,Amyg,Amygdala,Subcortical Nuclei,1.0,mAmyg,Amyg_L(R)_2_1,211,212,0.75,0.0,1,1,
o dorsal premotor cortex,º Dorsal premotor cortex,U,1,1.44,2,1,0.375,PrG,Precentral Gyrus,Frontal Lobe,1.0,A4ul,PrG_L(R)_6_3,57,58,0.375,0.0,1,1,
o fusiform gyrus,º Fusiform gyrus,U,1,1.44,2,1,0.375,IPL,Inferior Parietal Lobule,Parietal Lobe,1.0,A39rv,IPL_L(R)_6_5,143,144,0.375,1.0,1,1,
o middle frontal gyrus,º Middle frontal gyrus,U,1,1.44,2,1,0.375,IFG,Inferior Frontal Gyrus,Frontal Lobe,1.0,A44d,IFG_L(R)_6_1,29,30,0.375,1.0,1,1,
inferior frontal gyrus ba 44 50,Inferior frontal gyrus (pars triangularis) BA 44 50%,U,1,1.44,2,1,0.375,IFG,Inferior Frontal Gyrus,Frontal Lobe,1.0,IFS,IFG_L(R)_6_2,31,32,0.375,0.0,1,1,
n ac,N Ac???,U,1,1.44,2,1,0.375,BG,Basal Ganglia,Subcortical Nuclei,1.0,vCa,BG_L(R)_6_1,219,220,0.375,0.0,1,1,
n ach,N AcH,U,1,1.44,2,1,0.375,BG,Basal Ganglia,Subcortical Nuclei,1.0,vCa,BG_L(R)_6_1,219,220,0.375,0.0,1,1,
n caudatus,N. Caudatus,U,1,1.44,2,1,0.375,BG,Basal Ganglia,Subcortical Nuclei,1.0,vCa,BG_L(R)_6_1,219,220,0.375,1.0,1,1,
na ba 34,NA (BA 34),U,1,1.24,2,1,0.75,Amyg,Amygdala,Subcortical Nuclei,1.0,mAmyg,Amyg_L(R)_2_1,211,212,0.75,1.0,1,1,
nc accumbens,Nc. accumbens (L),L,1,1.44,2,1,0.375,BG,Basal Ganglia,Subcortical Nuclei,1.0,NAC,BG_L(R)_6_3,223,224,0.375,1.0,1,1,1.0
nd hg,2nd HG,U,1,1.44,2,1,0.375,STG,Superior Temporal Gyrus,Temporal Lobe,1.0,A41/42,STG_L(R)_6_2,71,72,0.375,0.5,1,2,
negative precuneus,Negative precuneus,U,1,1.44,2,1,0.4286,SPL,Superior Parietal Lobule,Parietal Lobe,1.0,A7r,SPL_L(R)_5_1,125,126,0.4286,0.0,1,1,
negative superior frontal gyrus,Negative superior frontal gyrus,U,1,1.44,2,1,0.3333,SFG,Superior Frontal Gyrus,Frontal Lobe,1.0,A8dl,SFG_L(R)_7_2,3,4,0.3333,1.0,1,1,
occipital region,L occipital region,L,1,1.44,2,1,0.375,LOcC,lateral Occipital Cortex,Occipital Lobe,1.0,iOccG,LOcC_L(R)_4_4,205,206,0.375,1.0,1,1,1.0
occipital superior lobe,Lt. Occipital superior lobe↓,L,1,1.44,2,1,0.375,LOcC,lateral Occipital Cortex,Occipital Lobe,1.0,lsOccG,LOcC_L(R)_2_2,209,210,0.375,1.0,1,1,1.0
occipital temporal gyrus 37,L occipital-temporal gyrus (37),LR,1,1.44,2,1,0.375,LOcC,lateral Occipital Cortex,Occipital Lobe,1.0,V5/MT+,LOcC_L(R)_4_2,201,202,0.375,1.0,1,1,1.0
occipital temporal lobe 37,R occipital temporal lobe (37),R,1,1.44,2,1,0.375,LOcC,lateral Occipital Cortex,Occipital Lobe,1.0,V5/MT+,LOcC_L(R)_4_2,201,202,0.375,0.0,1,1,1.0
occipito parietal cortex,occipito-parietal cortex,U,1,1.44,2,1,0.375,LOcC,lateral Occipital Cortex,Occipital Lobe,1.0,mOccG,LOcC_L(R)_4_1,199,200,0.375,0.0,1,1,
occipito temporal,L occipito‐temporal,LR,1,1.36,2,1,0.6,FuG,Fusiform Gyrus,Temporal Lobe,1.0,A37mv,FuG_L(R)_3_2,105,106,0.6,1.0,1,1,1.0
occipito temporal junction inferior occipital gyrusr inferior temporal gyrusr middle temporal gyrus,R Occipito-temporal junction (MT/V5)R Inferior occipital gyrusR Inferior temporal gyrusR Middle temporal gyrus,R,1,1.44,2,1,0.375,LOcC,lateral Occipital Cortex,Occipital Lobe,1.0,V5/MT+,LOcC_L(R)_4_2,201,202,0.375,0.0,1,1,1.0
occipito temporal junction middle occipital gyrusl middle temporal gyrusl inferior occipital gyrusl superior temporal gyrusl inferior parietal lobe,L Occipito-temporal junction (MT/V5)L Middle occipital gyrusL Middle temporal gyrusL Inferior occipital gyrusL Superior temporal gyrusL Inferior parietal lobe,L,1,1.41,2,1,0.5,MTG,Middle Temporal Gyrus,Temporal Lobe,1.0,A37dl,MTG_L(R)_4_3,85,86,0.5,1.0,1,1,1.0
occipital lobe cl,Occipital lobe_CL,U,1,1.44,2,1,0.375,LOcC,lateral Occipital Cortex,Occipital Lobe,1.0,lsOccG,LOcC_L(R)_2_2,209,210,0.375,0.0,1,1,
occipital lobe cuneus,Right occipital lobe cuneus,R,1,1.44,2,1,0.4286,MVOcC,MedioVentral Occipital Cortex,Occipital Lobe,1.0,vmPOS,MVOcC_L(R)_5_5,197,198,0.4286,0.0,1,1,1.0
occipital lobe il,Occipital lobe_IL,U,1,1.44,2,1,0.375,IPL,Inferior Parietal Lobule,Parietal Lobe,1.0,A39rv,IPL_L(R)_6_5,143,144,0.375,1.0,1,1,
occipital lobe lingual gyrus,Left occipital lobe lingual gyrus,L,1,1.44,2,1,0.4286,MVOcC,MedioVentral Occipital Cortex,Occipital Lobe,1.0,cLinG,MVOcC_L(R)_5_1,189,190,0.4286,1.0,1,1,1.0
occipital medial area,Occipital medial area,U,1,1.44,2,1,0.375,IPL,Inferior Parietal Lobule,Parietal Lobe,1.0,A39c,IPL_L(R)_6_1,135,136,0.375,0.0,1,2,
occipital parietal junction,Occipital-parietal junction-R,R,1,1.44,2,1,0.375,IPL,Inferior Parietal Lobule,Parietal Lobe,1.0,A39rv,IPL_L(R)_6_5,143,144,0.375,0.0,1,1,1.0
occipital pole and cerebellum,Right occipital pole and right cerebellum,R,1,1.44,2,1,0.375,LOcC,lateral Occipital Cortex,Occipital Lobe,1.0,OPC,LOcC_L(R)_4_3,203,204,0.375,1.0,1,1,0.0
occipital pole and lingual gyrus,Occipital pole and lingual gyrus,U,1,1.44,2,1,0.4286,MVOcC,MedioVentral Occipital Cortex,Occipital Lobe,1.0,cLinG,MVOcC_L(R)_5_1,189,190,0.4286,0.0,1,1,
occipital and temporal cortex,Right occipital and temporal cortex,R,1,1.44,2,1,0.375,LOcC,lateral Occipital Cortex,Occipital Lobe,1.0,V5/MT+,LOcC_L(R)_4_2,201,202,0.375,0.0,1,1,1.0
occipital c,L. Occipital C.,L,1,1.44,2,1,0.375,IPL,Inferior Parietal Lobule,Parietal Lobe,1.0,A39rv,IPL_L(R)_6_5,143,144,0.375,1.0,1,1,1.0
occipital cortex and thalamus,Occipital cortex and right thalamus,RU,1,1.44,2,1,0.4286,MVOcC,MedioVentral Occipital Cortex,Occipital Lobe,1.0,rCunG,MVOcC_L(R)_5_2,191,192,0.4286,0.0,1,1,
occipital cortex ba 18 4,Occipital cortex (BA18) 4,U,1,1.44,2,1,0.4286,MVOcC,MedioVentral Occipital Cortex,Occipital Lobe,1.0,vmPOS,MVOcC_L(R)_5_5,197,198,0.4286,1.0,1,1,
occipital fusiform 19,R occipital fusiform (19),R,1,1.36,2,1,0.6,FuG,Fusiform Gyrus,Temporal Lobe,1.0,A37mv,FuG_L(R)_3_2,105,106,0.6,0.0,1,1,1.0
occipital fusiform cortex,Occipital fusiform cortex,U,1,1.44,2,1,0.4286,MVOcC,MedioVentral Occipital Cortex,Occipital Lobe,1.0,vmPOS,MVOcC_L(R)_5_5,197,198,0.4286,0.0,1,1,
occipital inferior,Occipital inferior,U,1,1.44,2,1,0.375,LOcC,lateral Occipital Cortex,Occipital Lobe,1.0,V5/MT+,LOcC_L(R)_4_2,201,202,0.375,0.0,1,1,
occipital lobe 18,Occipital lobe (18),U,1,1.44,2,1,0.375,LOcC,lateral Occipital Cortex,Occipital Lobe,1.0,iOccG,LOcC_L(R)_4_4,205,206,0.375,0.0,1,1,
inferior frontal gyrus pars triangularis ba 45 10,Inferior frontal gyrus (pars triangularis BA 45 10%,U,1,1.44,2,1,0.3333,MFG,Middle Frontal Gyrus,Frontal Lobe,1.0,A9/46v,MFG_L(R)_7_4,21,22,0.3333,0.0,1,1,
inferior frontal gyrus precentral,R Inferior frontal gyrus (pars opercularis) Precentral,R,1,1.44,2,1,0.375,PrG,Precentral Gyrus,Frontal Lobe,1.0,A6cvl,PrG_L(R)_6_6,63,64,0.375,0.0,1,1,1.0
inferior frontal gyrus ptr,Inferior frontal gyrus PTr,U,1,1.44,2,1,0.375,IFG,Inferior Frontal Gyrus,Frontal Lobe,1.0,A45c,IFG_L(R)_6_3,33,34,0.375,1.0,1,1,
inferior frontal gyrus triangular,Right inferior frontal gyrus triangular,R,1,1.44,2,1,0.375,IFG,Inferior Frontal Gyrus,Frontal Lobe,1.0,A45c,IFG_L(R)_6_3,33,34,0.375,0.0,1,1,1.0
o precentral gyrus,º Precentral gyrus,U,1,1.44,2,1,0.375,PrG,Precentral Gyrus,Frontal Lobe,1.0,A4ul,PrG_L(R)_6_3,57,58,0.375,0.0,1,1,
o sma,º SMA,U,1,1.44,2,1,0.3333,SFG,Superior Frontal Gyrus,Frontal Lobe,1.0,A6m,SFG_L(R)_7_5,9,10,0.3333,0.5,1,2,
occipital and cerebellar area,Occipital and cerebellar areas,U,1,1.44,2,1,0.375,LOcC,lateral Occipital Cortex,Occipital Lobe,1.0,V5/MT+,LOcC_L(R)_4_2,201,202,0.375,0.0,1,1,
occipital and fusiform gyrus,Left occipital and fusiform gyrus,LR,1,1.44,2,1,0.375,LOcC,lateral Occipital Cortex,Occipital Lobe,1.0,mOccG,LOcC_L(R)_4_1,199,200,0.375,1.0,1,1,1.0
inferior frontal cortex ba 44 45,Left Inferior Frontal Cortex (BA44/45),L,1,1.44,2,1,0.375,IFG,Inferior Frontal Gyrus,Frontal Lobe,1.0,A44v,IFG_L(R)_6_6,39,40,0.375,1.0,1,1,1.0
inferior frontal g ba 44,Inferior frontal G. (BA 44),U,1,1.44,2,1,0.375,PrG,Precentral Gyrus,Frontal Lobe,1.0,A6cvl,PrG_L(R)_6_6,63,64,0.375,1.0,1,1,
inferior frontal gyru,Right Inferior Frontal Gyru,R,1,1.44,2,1,0.375,OrG,Orbital Gyrus,Frontal Lobe,1.0,A13,OrG_L(R)_6_5,49,50,0.375,0.0,1,1,1.0
inferior frontal gyrus 13,Right Inferior Frontal Gyrus (13),R,1,1.44,2,1,0.375,IFG,Inferior Frontal Gyrus,Frontal Lobe,1.0,A44op,IFG_L(R)_6_5,37,38,0.375,0.0,1,1,1.0
inferior frontal gyrus 44 46,"R inferior frontal gyrus (44, 46)",R,1,1.44,2,1,0.375,IFG,Inferior Frontal Gyrus,Frontal Lobe,1.0,A44d,IFG_L(R)_6_1,29,30,0.375,0.0,1,1,1.0
inferior frontal gyrus 44 6,"R inferior frontal gyrus (44, 6)",R,1,1.44,2,1,0.375,PrG,Precentral Gyrus,Frontal Lobe,1.0,A4tl,PrG_L(R)_6_5,61,62,0.375,0.0,1,1,1.0
inferior frontal gyrus 45 47,Lt inferior frontal gyrus (45/47),L,1,1.44,2,1,0.375,IFG,Inferior Frontal Gyrus,Frontal Lobe,1.0,A44op,IFG_L(R)_6_5,37,38,0.375,1.0,1,1,1.0
inferior frontal gyrus and,L inferior frontal gyrus and,L,1,1.44,2,1,0.375,INS,Insular Gyrus,Insular Lobe,1.0,dIa,INS_L(R)_6_3,167,168,0.375,1.0,1,1,1.0
inferior and middle frontal gyrus 46 9 10 45,"Right inferior and middle frontal gyrus (46,9,10,45)",R,1,1.44,2,1,0.3333,MFG,Middle Frontal Gyrus,Frontal Lobe,1.0,IFJ,MFG_L(R)_7_2,17,18,0.3333,0.0,1,1,1.0
inferior and middle occipital cortex,Inferior and middle occipital cortices,U,1,1.44,2,1,0.375,LOcC,lateral Occipital Cortex,Occipital Lobe,1.0,V5/MT+,LOcC_L(R)_4_2,201,202,0.375,1.0,1,1,
inferior and superior parietal lobule 40 5 7,"L inferior and superior parietal lobule (40, 5, 7)",L,1,1.44,2,1,0.375,IPL,Inferior Parietal Lobule,Parietal Lobe,1.0,A39rd,IPL_L(R)_6_2,137,138,0.375,1.0,1,1,1.0
inferior central sulcus,Right inferior central sulcus,R,1,1.44,2,1,0.375,STG,Superior Temporal Gyrus,Temporal Lobe,1.0,TE1.0 and TE1.2,STG_L(R)_6_3,73,74,0.375,0.0,1,1,1.0
inferior cluster,Inferior cluster,U,1,1.44,2,1,0.375,PrG,Precentral Gyrus,Frontal Lobe,1.0,A4hf,PrG_L(R)_6_1,53,54,0.375,0.0,1,1,
inferior extrastriate cortex,Inferior Extrastriate Cortex,U,1,1.36,2,1,0.6,FuG,Fusiform Gyrus,Temporal Lobe,1.0,A37mv,FuG_L(R)_3_2,105,106,0.6,1.0,1,1,
inferior frontal and,R inferior frontal and,R,1,1.44,2,1,0.375,IFG,Inferior Frontal Gyrus,Frontal Lobe,1.0,IFS,IFG_L(R)_6_2,31,32,0.375,0.0,1,1,1.0
inferior frontal ba 44,R Inferior frontal (BA 44),R,1,1.44,2,1,0.375,PrG,Precentral Gyrus,Frontal Lobe,1.0,A6cvl,PrG_L(R)_6_6,63,64,0.375,0.0,1,1,1.0
occitpital cortex,Occitpital cortex,U,1,1.41,2,1,0.5,Pcun,Precuneus,Parietal Lobe,1.0,dmPOS,PCun_L(R)_4_3,151,152,0.5,0.0,1,1,
occp,LT OCCP,L,1,1.44,2,1,0.4286,MVOcC,MedioVentral Occipital Cortex,Occipital Lobe,1.0,cLinG,MVOcC_L(R)_5_1,189,190,0.4286,1.0,1,1,1.0
ocg,OcG (middle/ inferior occipital gyrus),U,1,1.44,2,1,0.375,LOcC,lateral Occipital Cortex,Occipital Lobe,1.0,V5/MT+,LOcC_L(R)_4_2,201,202,0.375,1.0,1,1,
ofc lateral,OFC lateral,U,1,1.44,2,1,0.3333,MFG,Middle Frontal Gyrus,Frontal Lobe,1.0,A9/46v,MFG_L(R)_7_4,21,22,0.3333,0.0,1,1,
ofc orbital,OFC orbital,U,1,1.44,2,1,0.375,IFG,Inferior Frontal Gyrus,Frontal Lobe,1.0,A44v,IFG_L(R)_6_6,39,40,0.375,0.0,1,1,
inferior and middle frontal gyrus 44 6,L inferior and middle frontal gyri (44/6),L,1,1.44,2,1,0.375,PrG,Precentral Gyrus,Frontal Lobe,1.0,A6cvl,PrG_L(R)_6_6,63,64,0.375,1.0,1,1,1.0
inferior and middle frontal gyrus 44 6 9,"L inferior and middle frontal gyri (44,6,9)",L,1,1.44,2,1,0.375,PrG,Precentral Gyrus,Frontal Lobe,1.0,A6cvl,PrG_L(R)_6_6,63,64,0.375,1.0,1,1,1.0
inferior and middle frontal gyrus 45 46,R inferior and middle frontal gyri (45/46),R,1,1.44,2,1,0.375,IFG,Inferior Frontal Gyrus,Frontal Lobe,1.0,A44op,IFG_L(R)_6_5,37,38,0.375,0.0,1,1,1.0
occipito temporal junction middle temporal gyrusr inferior temporal gyrus,R Occipito-temporal junction (MT/V5)R Middle temporal gyrusR Inferior temporal gyrus,R,1,1.44,2,1,0.375,LOcC,lateral Occipital Cortex,Occipital Lobe,1.0,V5/MT+,LOcC_L(R)_4_2,201,202,0.375,0.0,1,1,1.0
occipito temporal sulcus,LH occipito-temporal sulcus,L,1,1.36,2,1,0.6,FuG,Fusiform Gyrus,Temporal Lobe,1.0,A37lv,FuG_L(R)_3_3,107,108,0.6,1.0,1,1,1.0
occipitoparietal fissure,Occipitoparietal fissure-L,L,1,1.41,2,1,0.5,Pcun,Precuneus,Parietal Lobe,1.0,dmPOS,PCun_L(R)_4_3,151,152,0.5,1.0,1,1,1.0
occipitoparietal junction,Occipitoparietal junction-R,R,1,1.44,2,1,0.375,LOcC,lateral Occipital Cortex,Occipital Lobe,1.0,V5/MT+,LOcC_L(R)_4_2,201,202,0.375,0.0,1,1,1.0
occipitopemporal,Occipitopemporal,U,1,1.36,2,1,0.6,FuG,Fusiform Gyrus,Temporal Lobe,1.0,A37mv,FuG_L(R)_3_2,105,106,0.6,0.0,1,1,
occipitotemporal,Left occipitotemporal,L,1,1.44,2,1,0.3333,ITG,Inferior Temporal Gyrus,Temporal Lobe,1.0,A37elv,ITG_L(R)_7_2,91,92,0.3333,1.0,1,1,1.0
occipitotemporal junction,Occipitotemporal junction–R,R,1,1.44,2,1,0.375,IPL,Inferior Parietal Lobule,Parietal Lobe,1.0,A39rv,IPL_L(R)_6_5,143,144,0.375,0.0,1,1,1.0
occiput wedge leaf,Occiput wedge leaf,U,1,1.44,2,1,0.4286,MVOcC,MedioVentral Occipital Cortex,Occipital Lobe,1.0,rCunG,MVOcC_L(R)_5_2,191,192,0.4286,0.0,1,1,
inf par lob,R Inf. Par. Lob.,R,1,1.44,2,1,0.375,IPL,Inferior Parietal Lobule,Parietal Lobe,1.0,A40rd,IPL_L(R)_6_3,139,140,0.375,0.0,1,1,1.0
inf par lobule,Inf Par Lobule???,U,1,1.44,2,1,0.375,IPL,Inferior Parietal Lobule,Parietal Lobe,1.0,A40c,IPL_L(R)_6_4,141,142,0.375,0.0,1,1,
inf par lobulek,Inf Par LobuleK,U,1,1.44,2,1,0.375,IPL,Inferior Parietal Lobule,Parietal Lobe,1.0,A40c,IPL_L(R)_6_4,141,142,0.375,0.0,1,1,
inf parietal lob,Right inf parietal lob,R,1,1.44,2,1,0.375,IPL,Inferior Parietal Lobule,Parietal Lobe,1.0,A40rd,IPL_L(R)_6_3,139,140,0.375,0.0,1,1,1.0
inf parietal lobe,Inf Parietal Lobe,U,1,1.44,2,1,0.3333,ITG,Inferior Temporal Gyrus,Temporal Lobe,1.0,A37vl,ITG_L(R)_7_5,97,98,0.3333,1.0,1,1,
inf parietal lobuleq,Inf Parietal LobuleQ,U,1,1.44,2,1,0.4286,SPL,Superior Parietal Lobule,Parietal Lobe,1.0,A5l,SPL_L(R)_5_3,129,130,0.4286,1.0,1,1,
inf pcs,Right inf-PCS,LR,1,1.44,2,1,0.375,IFG,Inferior Frontal Gyrus,Frontal Lobe,1.0,A45c,IFG_L(R)_6_3,33,34,0.375,1.0,1,1,1.0
inf precentral g,Inf. Precentral g.,U,1,1.44,2,1,0.375,STG,Superior Temporal Gyrus,Temporal Lobe,1.0,TE1.0 and TE1.2,STG_L(R)_6_3,73,74,0.375,0.0,1,1,
orbital gyrus ba 11,Orbital gyri (BA 11),U,1,1.44,2,1,0.3333,SFG,Superior Frontal Gyrus,Frontal Lobe,1.0,A10m,SFG_L(R)_7_7,13,14,0.3333,0.0,1,1,
orbital inferior frontal gyrus,Orbital inferior frontal gyrus,U,1,1.44,2,1,0.375,INS,Insular Gyrus,Insular Lobe,1.0,dIa,INS_L(R)_6_3,167,168,0.375,0.0,1,1,
orbital medial frontal gyrus,Orbital medial frontal gyrus,U,1,1.44,2,1,0.3333,SFG,Superior Frontal Gyrus,Frontal Lobe,1.0,A10m,SFG_L(R)_7_7,13,14,0.3333,0.5,1,2,
orbital middle frontal gyrus,Orbital middle frontal gyrus,U,1,1.44,2,1,0.375,OrG,Orbital Gyrus,Frontal Lobe,1.0,A11l,OrG_L(R)_6_3,45,46,0.375,0.0,1,1,
orbital superior frontal gyrus,R orbital superior frontal gyrus,R,1,1.44,2,1,0.375,OrG,Orbital Gyrus,Frontal Lobe,1.0,A11l,OrG_L(R)_6_3,45,46,0.375,0.0,1,1,1.0
inf occipital lobe,Inf. occipital lobe L,L,1,1.44,2,1,0.375,PhG,Parahippocampal Gyrus,Temporal Lobe,1.0,A35/36c,PhG_L(R)_6_2,111,112,0.375,1.0,1,1,1.0
inf occipito temporal,R inf. occipito-temporal,R,1,1.44,2,1,0.375,LOcC,lateral Occipital Cortex,Occipital Lobe,1.0,V5/MT+,LOcC_L(R)_4_2,201,202,0.375,0.0,1,1,1.0
inf og,Inf OG,U,1,1.44,2,1,0.375,LOcC,lateral Occipital Cortex,Occipital Lobe,1.0,iOccG,LOcC_L(R)_4_4,205,206,0.375,1.0,1,1,
opercular part of the inferior frontal gyrus,Opercular part of the inferior frontal gyrus,U,1,1.44,2,1,0.3333,MFG,Middle Frontal Gyrus,Frontal Lobe,1.0,A8vl,MFG_L(R)_7_5,23,24,0.3333,0.0,1,1,
operculum 41,Operculum (41),U,1,1.44,2,1,0.375,STG,Superior Temporal Gyrus,Temporal Lobe,1.0,TE1.0 and TE1.2,STG_L(R)_6_3,73,74,0.375,0.0,1,1,
operculum cortex,‐ Operculum Cortex,U,1,1.44,2,1,0.375,IFG,Inferior Frontal Gyrus,Frontal Lobe,1.0,A44op,IFG_L(R)_6_5,37,38,0.375,0.0,1,1,
opj,OPJ,U,1,1.44,2,1,0.4286,SPL,Superior Parietal Lobule,Parietal Lobe,1.0,A7r,SPL_L(R)_5_1,125,126,0.4286,1.0,1,1,
opjx,OPJx,U,1,1.44,2,1,0.375,LOcC,lateral Occipital Cortex,Occipital Lobe,1.0,lsOccG,LOcC_L(R)_2_2,209,210,0.375,0.0,1,1,
optjx,OPTJx,U,1,1.44,2,1,0.375,LOcC,lateral Occipital Cortex,Occipital Lobe,1.0,lsOccG,LOcC_L(R)_2_2,209,210,0.375,0.0,1,1,
orbital frontal lobe,Orbital frontal lobe,U,1,1.44,2,1,0.375,OrG,Orbital Gyrus,Frontal Lobe,1.0,A11l,OrG_L(R)_6_3,45,46,0.375,0.0,1,1,
orbital gyrus 18,Orbital gyri (18),U,1,1.44,2,1,0.375,LOcC,lateral Occipital Cortex,Occipital Lobe,1.0,mOccG,LOcC_L(R)_4_1,199,200,0.375,1.0,1,2,
oifg,oIFG,U,1,1.44,2,1,0.375,IFG,Inferior Frontal Gyrus,Frontal Lobe,1.0,A44op,IFG_L(R)_6_5,37,38,0.375,0.0,1,1,
olfactory lobe,Left olfactory lobe,L,1,1.24,2,1,0.75,Hipp,Hippocampus,Subcortical Nuclei,1.0,rHipp,Hipp_L(R)_2_1,215,216,0.75,1.0,1,1,1.0
olfactory sulcus,Olfactory sulcus,U,1,1.44,2,1,0.375,BG,Basal Ganglia,Subcortical Nuclei,1.0,NAC,BG_L(R)_6_3,223,224,0.375,1.0,1,1,
ompfc,omPFC (medial frontal gyrus),U,1,1.44,2,1,0.375,OrG,Orbital Gyrus,Frontal Lobe,1.0,A14m,OrG_L(R)_6_1,41,42,0.375,1.0,1,1,
op 3,OP 3,U,1,1.44,2,1,0.375,INS,Insular Gyrus,Insular Lobe,1.0,dIg,INS_L(R)_6_5,171,172,0.375,1.0,1,1,
op1,OP1,U,1,1.44,2,1,0.375,STG,Superior Temporal Gyrus,Temporal Lobe,1.0,TE1.0 and TE1.2,STG_L(R)_6_3,73,74,0.375,1.0,1,1,
operc sii,Operc(L)-SII,L,1,1.44,2,1,0.375,IPL,Inferior Parietal Lobule,Parietal Lobe,1.0,A40rv,IPL_L(R)_6_6,145,146,0.375,1.0,1,1,1.0
opercular inferior frontal gyrus,opercular inferior frontal gyrus R,R,1,1.44,2,1,0.375,IFG,Inferior Frontal Gyrus,Frontal Lobe,1.0,A44v,IFG_L(R)_6_6,39,40,0.375,0.0,1,1,1.0
pallidus,Pallidus (PAL),U,1,1.44,2,1,0.375,BG,Basal Ganglia,Subcortical Nuclei,1.0,GP,BG_L(R)_6_2,221,222,0.375,1.0,1,1,
para cingulate g,Para−cingulate g.,U,1,1.44,2,1,0.3333,CG,Cingulate Gyrus,Limbic Lobe,1.0,A32sg,CG_L(R)_7_7,187,188,0.3333,0.0,1,1,
para hippocampal cortex,R para-hippocampal cortex,R,1,1.44,2,1,0.375,PhG,Parahippocampal Gyrus,Temporal Lobe,1.0,TL,PhG_L(R)_6_3,113,114,0.375,1.0,1,1,0.0
para hippocampus gyrus,Para Hippocampus Gyrus,U,1,1.24,2,1,0.75,Hipp,Hippocampus,Subcortical Nuclei,1.0,cHipp,Hipp_L(R)_2_2,217,218,0.75,1.0,1,1,
paracental lobule,Paracental lobule,U,1,1.24,2,1,0.75,PCL,Paracentral Lobule,Frontal Lobe,1.0,A4ll,PCL_L(R)_2_2,67,68,0.75,0.0,1,1,
paracentral gyrus and sulcus and postcentral sulcus,Paracentral gyrus and sulcus and postcentral sulcus,U,1,1.24,2,1,0.75,PCL,Paracentral Lobule,Frontal Lobe,1.0,A1/2/3ll,PCL_L(R)_2_1,65,66,0.75,0.0,1,1,
paracentral gyrus ba 5,L paracentral gyrus (BA 5),LR,1,1.24,2,1,0.75,PCL,Paracentral Lobule,Frontal Lobe,1.0,A1/2/3ll,PCL_L(R)_2_1,65,66,0.75,0.0,1,1,1.0
paracentral lobule 6,Paracentral lobule 6,U,1,1.24,2,1,0.75,PCL,Paracentral Lobule,Frontal Lobe,1.0,A4ll,PCL_L(R)_2_2,67,68,0.75,1.0,1,1,
orbitofrontal cortex4,Orbitofrontal cortex4,U,1,1.44,2,1,0.3333,MFG,Middle Frontal Gyrus,Frontal Lobe,1.0,A9/46v,MFG_L(R)_7_4,21,22,0.3333,0.0,1,1,
orbitofrontal gyrus 11,Orbitofrontal gyrus (11),U,1,1.44,2,1,0.375,OrG,Orbital Gyrus,Frontal Lobe,1.0,A13,OrG_L(R)_6_5,49,50,0.375,0.0,1,2,
orbitofrontal gyrus 47,L orbitofrontal gyrus (47),L,1,1.44,2,1,0.375,OrG,Orbital Gyrus,Frontal Lobe,1.0,A12/47o,OrG_L(R)_6_2,43,44,0.375,1.0,1,1,1.0
orbitofrontalcortex,OrbitofrontalCortex R,LR,1,1.44,2,1,0.375,OrG,Orbital Gyrus,Frontal Lobe,1.0,A11l,OrG_L(R)_6_3,45,46,0.375,1.0,1,1,1.0
orbitomedial frontal gyrus,Bilateral orbitomedial frontal gyri,B,1,1.44,2,1,0.375,OrG,Orbital Gyrus,Frontal Lobe,1.0,A14m,OrG_L(R)_6_1,41,42,0.375,1.0,1,1,
orbsup,L ORBsup,L,1,1.44,2,1,0.375,OrG,Orbital Gyrus,Frontal Lobe,1.0,A13,OrG_L(R)_6_5,49,50,0.375,1.0,1,1,1.0
p cingulate,p.Cingulate,U,1,1.24,2,1,0.75,Hipp,Hippocampus,Subcortical Nuclei,1.0,cHipp,Hipp_L(R)_2_2,217,218,0.75,0.0,1,1,
pag,PAG,U,1,1.44,2,1,0.3,Tha,Thalamus,Subcortical Nuclei,1.0,lPFtha,Tha_L(R)_8_8,245,246,0.3,1.0,1,1,
inferioir frontal gyrus,L Inferioir Frontal Gyrus,L,1,1.44,2,1,0.375,BG,Basal Ganglia,Subcortical Nuclei,1.0,vmPu,BG_L(R)_6_4,225,226,0.375,1.0,1,1,1.0
orbitofrontal 11,Right Orbitofrontal (11),R,1,1.44,2,1,0.3333,MFG,Middle Frontal Gyrus,Frontal Lobe,1.0,A10l,MFG_L(R)_7_7,27,28,0.3333,0.0,1,1,1.0
orbitofrontal ba 11,Left orbitofrontal (BA 11),L,1,1.44,2,1,0.375,OrG,Orbital Gyrus,Frontal Lobe,1.0,A11l,OrG_L(R)_6_3,45,46,0.375,1.0,1,2,1.0
orbitofrontal c,Orbitofrontal c.,U,1,1.44,2,1,0.375,IFG,Inferior Frontal Gyrus,Frontal Lobe,1.0,A44op,IFG_L(R)_6_5,37,38,0.375,1.0,1,1,
orbitofrontal cortex 11,Lt orbitofrontal cortex (11),L,1,1.44,2,1,0.375,OrG,Orbital Gyrus,Frontal Lobe,1.0,A11l,OrG_L(R)_6_3,45,46,0.375,1.0,1,1,1.0
orbitofrontal cortex ba 11,Rt. Orbitofrontal cortex (BA11),R,1,1.44,2,1,0.375,OrG,Orbital Gyrus,Frontal Lobe,1.0,A13,OrG_L(R)_6_5,49,50,0.375,0.0,1,1,1.0
orbitofrontal cortex ba 47,Orbitofrontal cortex (BA47),U,1,1.44,2,1,0.375,OrG,Orbital Gyrus,Frontal Lobe,1.0,A12/47o,OrG_L(R)_6_2,43,44,0.375,0.0,1,1,
orbitofrontal cortex1,Orbitofrontal cortex1,U,1,1.44,2,1,0.375,OrG,Orbital Gyrus,Frontal Lobe,1.0,A12/47o,OrG_L(R)_6_2,43,44,0.375,1.0,1,1,
inf precuneus,L. Inf. precuneus,L,1,1.41,2,1,0.5,Pcun,Precuneus,Parietal Lobe,1.0,dmPOS,PCun_L(R)_4_3,151,152,0.5,1.0,1,1,1.0
inf pt,R Inf Pt,R,1,1.44,2,1,0.375,STG,Superior Temporal Gyrus,Temporal Lobe,1.0,A22c,STG_L(R)_6_4,75,76,0.375,0.0,1,1,1.0
inf temp gy,Inf Temp Gy???,U,1,1.41,2,1,0.5,MTG,Middle Temporal Gyrus,Temporal Lobe,1.0,aSTS,MTG_L(R)_4_4,87,88,0.5,0.0,1,1,
inf temp gyp,Inf Temp GyP,U,1,1.41,2,1,0.5,MTG,Middle Temporal Gyrus,Temporal Lobe,1.0,aSTS,MTG_L(R)_4_4,87,88,0.5,0.0,1,1,
inf temporal g,L inf temporal g,L,1,1.41,2,1,0.5,MTG,Middle Temporal Gyrus,Temporal Lobe,1.0,A21c,MTG_L(R)_4_1,81,82,0.5,1.0,1,1,1.0
inf temporal lobule,Inf. temporal lobule,U,1,1.36,2,1,0.6,FuG,Fusiform Gyrus,Temporal Lobe,1.0,A37lv,FuG_L(R)_3_3,107,108,0.6,1.0,1,1,
inf temporal sulc,Inf Temporal Sulc (ITS),U,1,1.44,2,1,0.3333,ITG,Inferior Temporal Gyrus,Temporal Lobe,1.0,A37vl,ITG_L(R)_7_5,97,98,0.3333,1.0,1,1,
infer frontal gyrus,Infer frontal gyrus,U,1,1.44,2,1,0.375,IFG,Inferior Frontal Gyrus,Frontal Lobe,1.0,A45c,IFG_L(R)_6_3,33,34,0.375,1.0,1,1,
inf frontal gyr p orbitalis,Inf Frontal Gyr p orbitalis (IFGo),U,1,1.44,2,1,0.375,IFG,Inferior Frontal Gyrus,Frontal Lobe,1.0,A44d,IFG_L(R)_6_1,29,30,0.375,1.0,1,1,
inf frontal gyr p triangularis,Inf Frontal Gyr p triangularis (IFGt),U,1,1.44,2,1,0.375,IFG,Inferior Frontal Gyrus,Frontal Lobe,1.0,IFS,IFG_L(R)_6_2,31,32,0.375,1.0,1,1,
inf frontal tri gyrus,Inf. frontal tri. gyrus,U,1,1.44,2,1,0.3333,MFG,Middle Frontal Gyrus,Frontal Lobe,1.0,IFJ,MFG_L(R)_7_2,17,18,0.3333,1.0,1,1,
inf insula,Inf. insula,U,1,1.44,2,1,0.375,INS,Insular Gyrus,Insular Lobe,1.0,G,INS_L(R)_6_1,163,164,0.375,1.0,1,1,
inf lateral occipital cortex,Inf. lateral occipital cortex,U,1,1.44,2,1,0.375,LOcC,lateral Occipital Cortex,Occipital Lobe,1.0,V5/MT+,LOcC_L(R)_4_2,201,202,0.375,1.0,1,1,
inf loc,inf LOC,U,1,1.44,2,1,0.375,LOcC,lateral Occipital Cortex,Occipital Lobe,1.0,V5/MT+,LOcC_L(R)_4_2,201,202,0.375,0.0,1,1,
inf occipit,L inf. occipit.,L,1,1.36,2,1,0.6,FuG,Fusiform Gyrus,Temporal Lobe,1.0,A37lv,FuG_L(R)_3_3,107,108,0.6,1.0,1,1,1.0
inf occipital,Inf. occipital,U,1,1.44,2,1,0.375,LOcC,lateral Occipital Cortex,Occipital Lobe,1.0,V5/MT+,LOcC_L(R)_4_2,201,202,0.375,1.0,1,1,
increased caudate body,Increased caudate body,U,1,1.44,2,1,0.375,BG,Basal Ganglia,Subcortical Nuclei,1.0,dCa,BG_L(R)_6_5,227,228,0.375,0.0,1,1,
inf cerebellum,inf cerebellum,U,1,1.41,2,1,0.5,PoG,Postcentral Gyrus,Parietal Lobe,1.0,A1/2/3ulhf,PoG_L(R)_4_1,155,156,0.5,1.0,1,1,
inf f,R inf F,R,1,1.44,2,1,0.3333,MFG,Middle Frontal Gyrus,Frontal Lobe,1.0,A9/46v,MFG_L(R)_7_4,21,22,0.3333,0.0,1,1,1.0
inf fr gyh,Inf Fr GyH,U,1,1.44,2,1,0.375,OrG,Orbital Gyrus,Frontal Lobe,1.0,A12/47l,OrG_L(R)_6_6,51,52,0.375,0.0,1,2,
inf fr gyp,Inf Fr Gyp,U,1,1.44,2,1,0.375,OrG,Orbital Gyrus,Frontal Lobe,1.0,A12/47l,OrG_L(R)_6_6,51,52,0.375,1.0,1,1,
inf fronal orb,R Inf Fronal Orb (FI),R,1,1.44,2,1,0.375,OrG,Orbital Gyrus,Frontal Lobe,1.0,A12/47l,OrG_L(R)_6_6,51,52,0.375,0.0,1,1,1.0
inf front orb,L inf front orb,L,1,1.44,2,1,0.375,OrG,Orbital Gyrus,Frontal Lobe,1.0,A12/47o,OrG_L(R)_6_2,43,44,0.375,1.0,1,1,1.0
inf front tri,L inf front tri,L,1,1.44,2,1,0.375,IFG,Inferior Frontal Gyrus,Frontal Lobe,1.0,IFS,IFG_L(R)_6_2,31,32,0.375,1.0,1,1,1.0
parahip resected area,L Parahip – resected area,L,1,1.44,2,1,0.375,BG,Basal Ganglia,Subcortical Nuclei,1.0,dlPu,BG_L(R)_6_6,229,230,0.375,1.0,1,1,1.0
parahipopocampal gyrus,parahipopocampal gyrus,U,1,1.24,2,1,0.75,Hipp,Hippocampus,Subcortical Nuclei,1.0,cHipp,Hipp_L(R)_2_2,217,218,0.75,0.0,1,1,
parahipp gyrus,parahipp. Gyrus,U,1,1.24,2,1,0.75,Hipp,Hippocampus,Subcortical Nuclei,1.0,cHipp,Hipp_L(R)_2_2,217,218,0.75,1.0,1,1,
parahippcampus,Parahippcampus,U,1,1.44,2,1,0.3,Tha,Thalamus,Subcortical Nuclei,1.0,Otha,Tha_L(R)_8_6,241,242,0.3,0.0,1,1,
parahippg,paraHippG,U,1,1.24,2,1,0.75,pSTS,posterior Superior Temporal Sulcus,Temporal Lobe,1.0,rpSTS,pSTS_L(R)_2_1,121,122,0.75,0.0,1,1,
parahippocamal gyrus,Parahippocamal gyrus,U,1,1.24,2,1,0.75,Hipp,Hippocampus,Subcortical Nuclei,1.0,cHipp,Hipp_L(R)_2_2,217,218,0.75,1.0,1,1,
parahippocampagyrus,Right parahippocampagyrus,R,1,1.24,2,1,0.75,Hipp,Hippocampus,Subcortical Nuclei,1.0,cHipp,Hipp_L(R)_2_2,217,218,0.75,0.0,1,1,1.0
parahippocampal 9,ParaHippocampal*9,U,1,1.44,2,1,0.375,PhG,Parahippocampal Gyrus,Temporal Lobe,1.0,TH,PhG_L(R)_6_6,119,120,0.375,1.0,1,2,
paracentral lobule ba 4,Left Paracentral lobule (BA 4),L,1,1.44,2,1,0.375,PrG,Precentral Gyrus,Frontal Lobe,1.0,A4ul,PrG_L(R)_6_3,57,58,0.375,1.0,1,1,1.0
paracentral lobuleu,Paracentral LobuleU,U,1,1.44,2,1,0.3333,CG,Cingulate Gyrus,Limbic Lobe,1.0,A23c,CG_L(R)_7_6,185,186,0.3333,0.0,1,1,
paracg,ParaCG,U,1,1.44,2,1,0.3333,CG,Cingulate Gyrus,Limbic Lobe,1.0,A32sg,CG_L(R)_7_7,187,188,0.3333,1.0,1,1,
paracingulate gyrus 32,Paracingulate gyrus (32),U,1,1.44,2,1,0.3333,CG,Cingulate Gyrus,Limbic Lobe,1.0,A32sg,CG_L(R)_7_7,187,188,0.3333,1.0,1,1,
paracingulate gyrus ventromedial prefrontal cortex,Paracingulate gyrus [ventromedial prefrontal cortex],U,1,1.44,2,1,0.3333,CG,Cingulate Gyrus,Limbic Lobe,1.0,A32sg,CG_L(R)_7_7,187,188,0.3333,0.5,1,2,
paracyngulate gyrus,Paracyngulate gyrus,U,1,1.44,2,1,0.3333,SFG,Superior Frontal Gyrus,Frontal Lobe,1.0,A9m,SFG_L(R)_7_6,11,12,0.3333,1.0,1,1,
parahc,ParaHC,U,1,1.24,2,1,0.75,Hipp,Hippocampus,Subcortical Nuclei,1.0,cHipp,Hipp_L(R)_2_2,217,218,0.75,1.0,1,1,
parahg,R ParaHG,R,1,1.44,2,1,0.375,STG,Superior Temporal Gyrus,Temporal Lobe,1.0,A38m,STG_L(R)_6_1,69,70,0.375,0.0,1,1,1.0
ifg p triang ba 45,IFG p. triang. (BA 45),U,1,1.44,2,1,0.3333,MFG,Middle Frontal Gyrus,Frontal Lobe,1.0,A9/46v,MFG_L(R)_7_4,21,22,0.3333,1.0,1,1,
ifg pars opercularis 45,IFG pars Opercularis (45*),U,1,1.44,2,1,0.375,IFG,Inferior Frontal Gyrus,Frontal Lobe,1.0,A44d,IFG_L(R)_6_1,29,30,0.375,0.0,1,1,
ifg pars triangularis 45,IFG pars Triangularis (45*),U,1,1.44,2,1,0.375,IFG,Inferior Frontal Gyrus,Frontal Lobe,1.0,IFS,IFG_L(R)_6_2,31,32,0.375,0.5,1,2,
ifg pars triangularis ba 44,IFG pars triangularis (BA 44),U,1,1.44,2,1,0.375,IFG,Inferior Frontal Gyrus,Frontal Lobe,1.0,A45c,IFG_L(R)_6_3,33,34,0.375,1.0,1,1,
ifg pars yriangularis,IFG pars yriangularis,U,1,1.44,2,1,0.375,IFG,Inferior Frontal Gyrus,Frontal Lobe,1.0,A44d,IFG_L(R)_6_1,29,30,0.375,1.0,1,1,
ifg tri,IFG tri,U,1,1.44,2,1,0.375,IFG,Inferior Frontal Gyrus,Frontal Lobe,1.0,IFS,IFG_L(R)_6_2,31,32,0.375,0.0,1,1,
ifg triangular,L IFG triangular,L,1,1.44,2,1,0.375,IFG,Inferior Frontal Gyrus,Frontal Lobe,1.0,A45r,IFG_L(R)_6_4,35,36,0.375,1.0,1,1,1.0
ifg2,IFG2,U,1,1.44,2,1,0.375,IFG,Inferior Frontal Gyrus,Frontal Lobe,1.0,A44op,IFG_L(R)_6_5,37,38,0.375,0.0,1,1,
parahippocampal gyrus ba 35 36,R. parahippocampal gyrus (BA 35/36),R,1,1.44,2,1,0.375,PhG,Parahippocampal Gyrus,Temporal Lobe,1.0,TH,PhG_L(R)_6_6,119,120,0.375,0.0,1,1,1.0
parahippocampal gyrus ba 37,Parahippocampal gyrus (BA 37),U,1,1.36,2,1,0.6,FuG,Fusiform Gyrus,Temporal Lobe,1.0,A37mv,FuG_L(R)_3_2,105,106,0.6,0.0,1,1,
parahippocampal gyrus limbic lobe,Parahippocampal Gyrus Limbic Lobe,U,1,1.44,2,1,0.3333,CG,Cingulate Gyrus,Limbic Lobe,1.0,A23v,CG_L(R)_7_4,181,182,0.3333,1.0,1,1,
parahippocampus gyrus,Parahippocampus gyrus,U,1,1.36,2,1,0.6,FuG,Fusiform Gyrus,Temporal Lobe,1.0,A37lv,FuG_L(R)_3_3,107,108,0.6,0.0,1,1,
ifg operc,L IFG operc.,LR,1,1.44,2,1,0.375,IFG,Inferior Frontal Gyrus,Frontal Lobe,1.0,A44v,IFG_L(R)_6_6,39,40,0.375,1.0,1,1,1.0
ifg orb,IFG orb,U,1,1.44,2,1,0.375,OrG,Orbital Gyrus,Frontal Lobe,1.0,A11l,OrG_L(R)_6_3,45,46,0.375,0.0,1,1,
ifg orbitalis,IFG_Orbitalis,U,1,1.44,2,1,0.375,IFG,Inferior Frontal Gyrus,Frontal Lobe,1.0,A45r,IFG_L(R)_6_4,35,36,0.375,1.0,1,1,
ifg p tri,IFG (p. Tri,U,1,1.44,2,1,0.375,IFG,Inferior Frontal Gyrus,Frontal Lobe,1.0,IFS,IFG_L(R)_6_2,31,32,0.375,1.0,1,1,
parahippocampal gyrus 34,Parahippocampal gyrus (34),U,1,1.44,2,1,0.375,BG,Basal Ganglia,Subcortical Nuclei,1.0,GP,BG_L(R)_6_2,221,222,0.375,1.0,1,1,
parahippocampal gyrus 35,Left parahippocampal gyrus (35),L,1,1.24,2,1,0.75,Hipp,Hippocampus,Subcortical Nuclei,1.0,cHipp,Hipp_L(R)_2_2,217,218,0.75,1.0,1,1,1.0
parahippocampal gyrus 37 36,"L parahippocampal gyrus (37, 36)",L,1,1.36,2,1,0.6,FuG,Fusiform Gyrus,Temporal Lobe,1.0,A20rv,FuG_L(R)_3_1,103,104,0.6,1.0,1,1,1.0
parahippocampal gyrus 38,Parahippocampal gyrus (38),U,1,1.44,2,1,0.375,BG,Basal Ganglia,Subcortical Nuclei,1.0,GP,BG_L(R)_6_2,221,222,0.375,1.0,1,1,
parahippocampal gyrus amygdala,L parahippocampal gyrus amygdala,L,1,1.24,2,1,0.75,Amyg,Amygdala,Subcortical Nuclei,1.0,mAmyg,Amyg_L(R)_2_1,211,212,0.75,1.0,1,1,1.0
parahippocampal gyrus ba 20,Left parahippocampal gyrus (BA20),L,1,1.44,2,1,0.375,PhG,Parahippocampal Gyrus,Temporal Lobe,1.0,A35/36r,PhG_L(R)_6_1,109,110,0.375,1.0,1,1,1.0
parahippocampal gyrus ba 27,Left parahippocampal gyrus (BA 27),L,1,1.44,2,1,0.3,Tha,Thalamus,Subcortical Nuclei,1.0,PPtha,Tha_L(R)_8_5,239,240,0.3,1.0,1,1,1.0
parahippocampal gyrus ba 34,LH parahippocampal gyrus (BA 34),L,1,1.44,2,1,0.375,PhG,Parahippocampal Gyrus,Temporal Lobe,1.0,A35/36c,PhG_L(R)_6_2,111,112,0.375,1.0,1,1,1.0
inf occipital g,R inf occipital G,R,1,1.44,2,1,0.375,LOcC,lateral Occipital Cortex,Occipital Lobe,1.0,iOccG,LOcC_L(R)_4_4,205,206,0.375,0.0,1,1,1.0
parahippocampal area,Parahippocampal area,U,1,1.44,2,1,0.375,PhG,Parahippocampal Gyrus,Temporal Lobe,1.0,TH,PhG_L(R)_6_6,119,120,0.375,1.0,1,1,
parahippocampal ba 35 36,Right parahippocampal (BA 35/36),R,1,1.44,2,1,0.375,PhG,Parahippocampal Gyrus,Temporal Lobe,1.0,A35/36c,PhG_L(R)_6_2,111,112,0.375,0.0,1,1,1.0
parahippocampal ctx,Parahippocampal Ctx (PHC),U,1,1.44,2,1,0.375,PhG,Parahippocampal Gyrus,Temporal Lobe,1.0,TL,PhG_L(R)_6_3,113,114,0.375,1.0,1,1,
parahippocampal g ba 35,Parahippocampal G. (BA 35),U,1,1.44,2,1,0.375,PhG,Parahippocampal Gyrus,Temporal Lobe,1.0,TL,PhG_L(R)_6_3,113,114,0.375,1.0,1,1,
parahippocampal gyrus 19,Parahippocampal gyrus (19),U,1,1.44,2,1,0.4286,MVOcC,MedioVentral Occipital Cortex,Occipital Lobe,1.0,rLinG,MVOcC_L(R)_5_4,195,196,0.4286,1.0,1,1,
parahippocampal gyrus 20,Parahippocampal gyrus (20),U,1,1.44,2,1,0.375,BG,Basal Ganglia,Subcortical Nuclei,1.0,dlPu,BG_L(R)_6_6,229,230,0.375,0.0,1,1,
parahippocampal gyrus 27,Parahippocampal gyrus (27),U,1,1.24,2,1,0.75,Hipp,Hippocampus,Subcortical Nuclei,1.0,cHipp,Hipp_L(R)_2_2,217,218,0.75,0.0,1,1,
parieto occipital lobea,Right parieto-occipital lobea,R,1,1.44,2,1,0.375,IPL,Inferior Parietal Lobule,Parietal Lobe,1.0,A39rd,IPL_L(R)_6_2,137,138,0.375,0.0,1,1,1.0
hippocampus head,Right hippocampus head,R,1,1.24,2,1,0.75,Hipp,Hippocampus,Subcortical Nuclei,1.0,rHipp,Hipp_L(R)_2_1,215,216,0.75,0.0,1,1,1.0
hippocampus tail,Hippocampus tail R,R,1,1.44,2,1,0.3,Tha,Thalamus,Subcortical Nuclei,1.0,PPtha,Tha_L(R)_8_5,239,240,0.3,0.0,1,1,1.0
hippocampusa,Hippocampusa,U,1,1.24,2,1,0.75,Hipp,Hippocampus,Subcortical Nuclei,1.0,rHipp,Hipp_L(R)_2_1,215,216,0.75,0.5,1,2,
hippocampusb,Hippocampusb,U,1,1.24,2,1,0.75,Hipp,Hippocampus,Subcortical Nuclei,1.0,cHipp,Hipp_L(R)_2_2,217,218,0.75,1.0,1,1,
hippocampusroi,HippocampusROI,U,1,1.24,2,1,0.75,Hipp,Hippocampus,Subcortical Nuclei,1.0,cHipp,Hipp_L(R)_2_2,217,218,0.75,0.0,1,1,
hips,Left hIPS,L,1,1.44,2,1,0.375,LOcC,lateral Occipital Cortex,Occipital Lobe,1.0,lsOccG,LOcC_L(R)_2_2,209,210,0.375,1.0,1,1,1.0
hoc4v,hOC4v (extrastriate visual cortex),U,1,1.36,2,1,0.6,FuG,Fusiform Gyrus,Temporal Lobe,1.0,A37mv,FuG_L(R)_3_2,105,106,0.6,0.0,1,1,
parietal lobe postcentral gyrus,Right parietal lobe postcentral gyrus,R,1,1.41,2,1,0.5,PoG,Postcentral Gyrus,Parietal Lobe,1.0,A2,PoG_L(R)_4_3,159,160,0.5,0.0,1,1,1.0
parietal occipital junction,L parietal occipital junction (superior parietal lobe/lateral occipital lobe),LR,1,1.44,2,1,0.375,IPL,Inferior Parietal Lobule,Parietal Lobe,1.0,A39rd,IPL_L(R)_6_2,137,138,0.375,1.0,1,1,1.0
parietal operc cx,Parietal Operc cx.,U,1,1.44,2,1,0.375,STG,Superior Temporal Gyrus,Temporal Lobe,1.0,A22r,STG_L(R)_6_6,79,80,0.375,0.0,1,1,
parietal opercular cortex,Parietal opercular cortex,U,1,1.44,2,1,0.375,IPL,Inferior Parietal Lobule,Parietal Lobe,1.0,A40rv,IPL_L(R)_6_6,145,146,0.375,1.0,1,1,
parietal operculuma,Left parietal operculuma,L,1,1.44,2,1,0.375,INS,Insular Gyrus,Insular Lobe,1.0,G,INS_L(R)_6_1,163,164,0.375,1.0,1,1,1.0
parietal superior,L—Parietal superior,L,1,1.44,2,1,0.4286,SPL,Superior Parietal Lobule,Parietal Lobe,1.0,A7pc,SPL_L(R)_5_4,131,132,0.4286,1.0,1,1,1.0
parietal superior lobe,Parietal Superior Lobe,U,1,1.44,2,1,0.4286,SPL,Superior Parietal Lobule,Parietal Lobe,1.0,A7ip,SPL_L(R)_5_5,133,134,0.4286,1.0,1,1,
parieto occipital lobe,Right parieto-occipital lobe???,R,1,1.44,2,1,0.375,IPL,Inferior Parietal Lobule,Parietal Lobe,1.0,A39rd,IPL_L(R)_6_2,137,138,0.375,0.0,1,1,1.0
parietal cortex ba 7,Parietal cortex (BA7) ???,U,1,1.41,2,1,0.5,Pcun,Precuneus,Parietal Lobe,1.0,A7m,PCun_L(R)_4_1,147,148,0.5,0.0,1,1,
parietal cortex ba 7 4,Parietal cortex (BA7) 4,U,1,1.41,2,1,0.5,Pcun,Precuneus,Parietal Lobe,1.0,A7m,PCun_L(R)_4_1,147,148,0.5,0.0,1,1,
parietal eye field,Parietal eye fields,U,1,1.44,2,1,0.375,IPL,Inferior Parietal Lobule,Parietal Lobe,1.0,A40rd,IPL_L(R)_6_3,139,140,0.375,0.0,1,1,
parietal inferior cortex,Parietal inferior cortex,U,1,1.44,2,1,0.375,IPL,Inferior Parietal Lobule,Parietal Lobe,1.0,A40c,IPL_L(R)_6_4,141,142,0.375,1.0,1,1,
parietal inferior lobe,Parietal Inferior Lobe,U,1,1.44,2,1,0.4286,SPL,Superior Parietal Lobule,Parietal Lobe,1.0,A5l,SPL_L(R)_5_3,129,130,0.4286,1.0,1,2,
parietal lobe 7,R parietal lobe (sub-gyral) (7),R,1,1.44,2,1,0.4286,SPL,Superior Parietal Lobule,Parietal Lobe,1.0,A7ip,SPL_L(R)_5_5,133,134,0.4286,0.0,1,1,1.0
parietal lobe ba 7,L parietal lobe (BA7),L,1,1.44,2,1,0.4286,SPL,Superior Parietal Lobule,Parietal Lobe,1.0,A7pc,SPL_L(R)_5_4,131,132,0.4286,1.0,1,1,1.0
parietal lobe central opercular cortex,Left parietal lobe: central opercular cortex,L,1,1.44,2,1,0.375,STG,Superior Temporal Gyrus,Temporal Lobe,1.0,TE1.0 and TE1.2,STG_L(R)_6_3,73,74,0.375,1.0,1,1,1.0
ifg3,IFG3,U,1,1.44,2,1,0.3333,MFG,Middle Frontal Gyrus,Frontal Lobe,1.0,IFJ,MFG_L(R)_7_2,17,18,0.3333,0.0,1,1,
ifg4,IFG4,U,1,1.44,2,1,0.375,PrG,Precentral Gyrus,Frontal Lobe,1.0,A6cvl,PrG_L(R)_6_6,63,64,0.375,0.0,1,1,
ifg9,IFG9,U,1,1.44,2,1,0.375,IFG,Inferior Frontal Gyrus,Frontal Lobe,1.0,A44v,IFG_L(R)_6_6,39,40,0.375,0.0,1,1,
ifgoper,IFGoper,U,1,1.44,2,1,0.375,IFG,Inferior Frontal Gyrus,Frontal Lobe,1.0,A44d,IFG_L(R)_6_1,29,30,0.375,0.0,1,1,
ifgorb,IFGorb,U,1,1.44,2,1,0.375,OrG,Orbital Gyrus,Frontal Lobe,1.0,A12/47l,OrG_L(R)_6_6,51,52,0.375,0.0,1,1,
ifo,left IFO,L,1,1.44,2,1,0.375,IFG,Inferior Frontal Gyrus,Frontal Lobe,1.0,A44d,IFG_L(R)_6_1,29,30,0.375,1.0,1,1,1.0
parahippoccampal gyrus,Parahippoccampal gyrus (L),L,1,1.44,2,1,0.3,Tha,Thalamus,Subcortical Nuclei,1.0,Otha,Tha_L(R)_8_6,241,242,0.3,1.0,1,1,1.0
parahoppocampal cortex,Parahoppocampal cortex,U,1,1.24,2,1,0.75,Hipp,Hippocampus,Subcortical Nuclei,1.0,rHipp,Hipp_L(R)_2_1,215,216,0.75,0.0,1,1,
pcc precun,PCC- Precun.,U,1,1.44,2,1,0.4286,MVOcC,MedioVentral Occipital Cortex,Occipital Lobe,1.0,rLinG,MVOcC_L(R)_5_4,195,196,0.4286,0.0,1,1,
pcg si,PCG(L)-SI,L,1,1.44,2,1,0.375,PrG,Precentral Gyrus,Frontal Lobe,1.0,A4ul,PrG_L(R)_6_3,57,58,0.375,1.0,1,1,1.0
pcig 23,lt PCiG (23),L,1,1.41,2,1,0.5,Pcun,Precuneus,Parietal Lobe,1.0,A31,PCun_L(R)_4_4,153,154,0.5,1.0,1,2,1.0
pcu 19,lt PCU (19),L,1,1.44,2,1,0.375,IPL,Inferior Parietal Lobule,Parietal Lobe,1.0,A39c,IPL_L(R)_6_1,135,136,0.375,1.0,1,1,1.0
peak of sub cluster temporal pole,Peak of sub-cluster: temporal pole,U,1,1.44,2,1,0.375,IFG,Inferior Frontal Gyrus,Frontal Lobe,1.0,A44d,IFG_L(R)_6_1,29,30,0.375,1.0,1,1,
pefs,PEFs,U,1,1.44,2,1,0.375,LOcC,lateral Occipital Cortex,Occipital Lobe,1.0,lsOccG,LOcC_L(R)_2_2,209,210,0.375,0.0,1,1,
pericalcarine,Pericalcarine,U,1,1.44,2,1,0.4286,MVOcC,MedioVentral Occipital Cortex,Occipital Lobe,1.0,cCunG,MVOcC_L(R)_5_3,193,194,0.4286,1.0,1,1,
pericalcarine gyrus,L pericalcarine gyrus,L,1,1.44,2,1,0.4286,MVOcC,MedioVentral Occipital Cortex,Occipital Lobe,1.0,rCunG,MVOcC_L(R)_5_2,191,192,0.4286,1.0,1,1,1.0
parsop,ParsOp,U,1,1.44,2,1,0.375,STG,Superior Temporal Gyrus,Temporal Lobe,1.0,TE1.0 and TE1.2,STG_L(R)_6_3,73,74,0.375,1.0,1,1,
pcc 23,PCC (23),U,1,1.41,2,1,0.5,Pcun,Precuneus,Parietal Lobe,1.0,A31,PCun_L(R)_4_4,153,154,0.5,0.0,1,1,
pcc 30,PCC (30),U,1,1.44,2,1,0.4286,MVOcC,MedioVentral Occipital Cortex,Occipital Lobe,1.0,vmPOS,MVOcC_L(R)_5_5,197,198,0.4286,1.0,1,1,
pcc ba 29,PCC (BA 29),U,1,1.44,2,1,0.3333,CG,Cingulate Gyrus,Limbic Lobe,1.0,A23v,CG_L(R)_7_4,181,182,0.3333,0.0,1,1,
pcc ba 30,PCC (BA 30),U,1,1.44,2,1,0.3333,CG,Cingulate Gyrus,Limbic Lobe,1.0,A23v,CG_L(R)_7_4,181,182,0.3333,0.0,1,1,
pcc ba 31,PCC (BA 31),U,1,1.44,2,1,0.4286,MVOcC,MedioVentral Occipital Cortex,Occipital Lobe,1.0,vmPOS,MVOcC_L(R)_5_5,197,198,0.4286,0.0,1,1,
pcc dlpfc,PCC-DLPFC,U,1,1.44,2,1,0.3333,MFG,Middle Frontal Gyrus,Frontal Lobe,1.0,A9/46v,MFG_L(R)_7_4,21,22,0.3333,0.0,1,1,
pcc lingual,PCC+lingual,U,1,1.44,2,1,0.4286,MVOcC,MedioVentral Occipital Cortex,Occipital Lobe,1.0,vmPOS,MVOcC_L(R)_5_5,197,198,0.4286,1.0,1,1,
icc,R-ICC,R,1,1.44,2,1,0.4286,MVOcC,MedioVentral Occipital Cortex,Occipital Lobe,1.0,rCunG,MVOcC_L(R)_5_2,191,192,0.4286,0.0,1,1,1.0
ifg 13,IFG (13),U,1,1.44,2,1,0.375,IFG,Inferior Frontal Gyrus,Frontal Lobe,1.0,A45c,IFG_L(R)_6_3,33,34,0.375,0.0,1,1,
ifg ba 10,IFG (BA10),U,1,1.44,2,1,0.3333,MFG,Middle Frontal Gyrus,Frontal Lobe,1.0,A9/46v,MFG_L(R)_7_4,21,22,0.3333,1.0,1,1,
ifg ba 45 47,IFG (BA 45/47),U,1,1.44,2,1,0.375,IFG,Inferior Frontal Gyrus,Frontal Lobe,1.0,IFS,IFG_L(R)_6_2,31,32,0.375,1.0,1,1,
parieto occipital transition cortex,Parieto-occipital transition cortex,U,1,1.44,2,1,0.375,IPL,Inferior Parietal Lobule,Parietal Lobe,1.0,A39c,IPL_L(R)_6_1,135,136,0.375,1.0,1,1,
parieto occipital transition zone,Parieto-occipital transition zone,U,1,1.44,2,1,0.375,LOcC,lateral Occipital Cortex,Occipital Lobe,1.0,lsOccG,LOcC_L(R)_2_2,209,210,0.375,1.0,1,1,
pars percularis,Pars percularis,U,1,1.44,2,1,0.375,IFG,Inferior Frontal Gyrus,Frontal Lobe,1.0,A44op,IFG_L(R)_6_5,37,38,0.375,1.0,1,1,
pars triangularis of inferior frontal gyrus,L. pars triangularis of inferior frontal gyrus,L,1,1.44,2,1,0.375,IFG,Inferior Frontal Gyrus,Frontal Lobe,1.0,A45r,IFG_L(R)_6_4,35,36,0.375,1.0,1,1,1.0
hoc5,hOC5,U,1,1.44,2,1,0.375,LOcC,lateral Occipital Cortex,Occipital Lobe,1.0,V5/MT+,LOcC_L(R)_4_2,201,202,0.375,0.5,1,2,
horizontal ramus of the anterior segment of the lateral fissure,Horizontal ramus of the anterior segment of the lateral fissure,U,1,1.44,2,1,0.375,IFG,Inferior Frontal Gyrus,Frontal Lobe,1.0,A44op,IFG_L(R)_6_5,37,38,0.375,1.0,1,1,
hyppocampus,Hyppocampus,U,1,1.24,2,1,0.75,Hipp,Hippocampus,Subcortical Nuclei,1.0,rHipp,Hipp_L(R)_2_1,215,216,0.75,0.0,1,1,
i middle cingulate cortex,I. middle cingulate cortex,U,1,1.44,2,1,0.3333,SFG,Superior Frontal Gyrus,Frontal Lobe,1.0,A8m,SFG_L(R)_7_1,1,2,0.3333,0.0,1,1,
i mpfc,I mPFC,U,1,1.44,2,1,0.3333,SFG,Superior Frontal Gyrus,Frontal Lobe,1.0,A10m,SFG_L(R)_7_7,13,14,0.3333,0.0,1,1,
i temporal g,I. Temporal G.,U,1,1.44,2,1,0.375,IPL,Inferior Parietal Lobule,Parietal Lobe,1.0,A40c,IPL_L(R)_6_4,141,142,0.375,0.0,1,1,
i temporal lobe,I temporal lobe,U,1,1.44,2,1,0.375,STG,Superior Temporal Gyrus,Temporal Lobe,1.0,TE1.0 and TE1.2,STG_L(R)_6_3,73,74,0.375,0.0,1,1,
i temporal pole,I temporal pole,U,1,1.44,2,1,0.375,INS,Insular Gyrus,Insular Lobe,1.0,dId,INS_L(R)_6_6,173,174,0.375,0.0,1,1,
heschels gyrus,Heschel's Gyrus,U,1,1.44,2,1,0.375,STG,Superior Temporal Gyrus,Temporal Lobe,1.0,TE1.0 and TE1.2,STG_L(R)_6_3,73,74,0.375,1.0,1,1,
heschis,Right Heschi’s,R,1,1.44,2,1,0.375,STG,Superior Temporal Gyrus,Temporal Lobe,1.0,A41/42,STG_L(R)_6_2,71,72,0.375,0.0,1,1,1.0
heschis gyrus,Left Heschi’s gyrus,L,1,1.44,2,1,0.375,STG,Superior Temporal Gyrus,Temporal Lobe,1.0,TE1.0 and TE1.2,STG_L(R)_6_3,73,74,0.375,1.0,1,1,1.0
heschl region,Heschl region,U,1,1.44,2,1,0.375,INS,Insular Gyrus,Insular Lobe,1.0,G,INS_L(R)_6_1,163,164,0.375,1.0,1,1,
heschls gyrus ba 48,Right Heschls gyrus (BA 48)*,R,1,1.41,2,1,0.5,PoG,Postcentral Gyrus,Parietal Lobe,1.0,A1/2/3tonIa,PoG_L(R)_4_2,157,158,0.5,0.0,1,1,1.0
hipocampus,Hipocampus,U,1,1.24,2,1,0.75,Hipp,Hippocampus,Subcortical Nuclei,1.0,cHipp,Hipp_L(R)_2_2,217,218,0.75,1.0,1,1,
hippocampal area,hippocampal area,U,1,1.24,2,1,0.75,Hipp,Hippocampus,Subcortical Nuclei,1.0,rHipp,Hipp_L(R)_2_1,215,216,0.75,1.0,1,2,
hippocampal cortex,Hippocampal cortex,U,1,1.24,2,1,0.75,Hipp,Hippocampus,Subcortical Nuclei,1.0,cHipp,Hipp_L(R)_2_2,217,218,0.75,1.0,1,1,
pins d,pINS-d,U,1,1.44,2,1,0.375,INS,Insular Gyrus,Insular Lobe,1.0,dIg,INS_L(R)_6_5,171,172,0.375,1.0,1,1,
gts ba 42,GTs (BA 42),U,1,1.44,2,1,0.375,STG,Superior Temporal Gyrus,Temporal Lobe,1.0,A22c,STG_L(R)_6_4,75,76,0.375,0.0,1,1,
gyrus descendens,Gyrus descendens,U,1,1.44,2,1,0.4286,MVOcC,MedioVentral Occipital Cortex,Occipital Lobe,1.0,cLinG,MVOcC_L(R)_5_1,189,190,0.4286,0.0,1,1,
gyrus frontalis inferior pars opercularis,Gyrus frontalis inferior pars opercularis,U,1,1.44,2,1,0.375,INS,Insular Gyrus,Insular Lobe,1.0,dIg,INS_L(R)_6_5,171,172,0.375,1.0,1,1,
gyrus fusiformis,gyrus fusiformis,U,1,1.36,2,1,0.6,FuG,Fusiform Gyrus,Temporal Lobe,1.0,A37mv,FuG_L(R)_3_2,105,106,0.6,1.0,1,1,
head of caudate nucleus,Head of caudate nucleus,U,1,1.44,2,1,0.375,BG,Basal Ganglia,Subcortical Nuclei,1.0,vCa,BG_L(R)_6_1,219,220,0.375,0.5,1,2,
head of the caudate and subgenual area,Head of the caudate and subgenual area,U,1,1.44,2,1,0.375,BG,Basal Ganglia,Subcortical Nuclei,1.0,NAC,BG_L(R)_6_3,223,224,0.375,0.0,1,1,
head of the caudate nucleus,Head of the caudate nucleus (bilateral),B,1,1.44,2,1,0.375,BG,Basal Ganglia,Subcortical Nuclei,1.0,vCa,BG_L(R)_6_1,219,220,0.375,1.0,1,2,
pfop,PFop,U,1,1.44,2,1,0.375,IPL,Inferior Parietal Lobule,Parietal Lobe,1.0,A40rd,IPL_L(R)_6_3,139,140,0.375,1.0,1,1,
pgacc dlpfc,pgACC–L DLPFC,L,1,1.44,2,1,0.375,PrG,Precentral Gyrus,Frontal Lobe,1.0,A6cvl,PrG_L(R)_6_6,63,64,0.375,1.0,1,1,1.0
pgacc ic,pgACC–R IC,R,1,1.44,2,1,0.375,INS,Insular Gyrus,Insular Lobe,1.0,dIg,INS_L(R)_6_5,171,172,0.375,0.0,1,1,1.0
phg ba 28,R PHG (BA 28),R,1,1.44,2,1,0.375,PhG,Parahippocampal Gyrus,Temporal Lobe,1.0,A28/34,PhG_L(R)_6_4,115,116,0.375,0.0,1,1,1.0
phipp,pHipp.,U,1,1.24,2,1,0.75,Hipp,Hippocampus,Subcortical Nuclei,1.0,rHipp,Hipp_L(R)_2_1,215,216,0.75,0.0,1,1,
phpc gyrus,PHPC gyrus,U,1,1.36,2,1,0.6,FuG,Fusiform Gyrus,Temporal Lobe,1.0,A20rv,FuG_L(R)_3_1,103,104,0.6,1.0,1,1,
pia,Right PIa,R,1,1.44,2,1,0.375,IPL,Inferior Parietal Lobule,Parietal Lobe,1.0,A40rv,IPL_L(R)_6_6,145,146,0.375,0.0,1,1,1.0
pib,Left PIb,L,1,1.44,2,1,0.375,IPL,Inferior Parietal Lobule,Parietal Lobe,1.0,A40rv,IPL_L(R)_6_6,145,146,0.375,1.0,1,1,1.0
pericallosal sulcus,Pericallosal sulcus,U,1,1.44,2,1,0.3333,CG,Cingulate Gyrus,Limbic Lobe,1.0,A23d,CG_L(R)_7_1,175,176,0.3333,1.0,1,3,
pericingulate,Pericingulate,U,1,1.44,2,1,0.375,BG,Basal Ganglia,Subcortical Nuclei,1.0,vmPu,BG_L(R)_6_4,225,226,0.375,0.0,1,1,
perigenual anterior cingulate,perigenual anterior cingulate,U,1,1.44,2,1,0.3333,CG,Cingulate Gyrus,Limbic Lobe,1.0,A32sg,CG_L(R)_7_7,187,188,0.3333,1.0,1,1,
peripheral visual cortex cuneus phg,Left peripheral visual cortex + cuneus + PHG,LR,1,1.44,2,1,0.375,LOcC,lateral Occipital Cortex,Occipital Lobe,1.0,iOccG,LOcC_L(R)_4_4,205,206,0.375,1.0,1,2,1.0
perirhinal cortex ba 36,L Perirhinal Cortex (BA 36),L,1,1.44,2,1,0.375,PhG,Parahippocampal Gyrus,Temporal Lobe,1.0,A35/36r,PhG_L(R)_6_1,109,110,0.375,1.0,1,1,1.0
pfc acc,PFC–ACC,U,1,1.44,2,1,0.3333,MFG,Middle Frontal Gyrus,Frontal Lobe,1.0,A8vl,MFG_L(R)_7_5,23,24,0.3333,1.0,1,1,
pfc anterior,PFC anterior R,R,1,1.44,2,1,0.3333,MFG,Middle Frontal Gyrus,Frontal Lobe,1.0,A46,MFG_L(R)_7_3,19,20,0.3333,0.0,1,1,1.0
pfg,pFG,U,1,1.36,2,1,0.6,FuG,Fusiform Gyrus,Temporal Lobe,1.0,A37lv,FuG_L(R)_3_3,107,108,0.6,1.0,1,1,
gprc ba 4,GPrC (BA 4),U,1,1.44,2,1,0.375,PrG,Precentral Gyrus,Frontal Lobe,1.0,A6cvl,PrG_L(R)_6_6,63,64,0.375,0.0,1,1,
gray ba 11,Gray BA 11,U,1,1.44,2,1,0.375,OrG,Orbital Gyrus,Frontal Lobe,1.0,A11m,OrG_L(R)_6_4,47,48,0.375,0.0,1,1,
gsc ba 25,Gsc (BA 25),U,1,1.44,2,1,0.375,OrG,Orbital Gyrus,Frontal Lobe,1.0,A13,OrG_L(R)_6_5,49,50,0.375,1.0,1,1,
gti ba 37,GTi (BA 37),U,1,1.44,2,1,0.3333,ITG,Inferior Temporal Gyrus,Temporal Lobe,1.0,A20cl,ITG_L(R)_7_6,99,100,0.3333,1.0,1,1,
gtm ba 19,GTm (BA 19),U,1,1.44,2,1,0.375,IPL,Inferior Parietal Lobule,Parietal Lobe,1.0,A39c,IPL_L(R)_6_1,135,136,0.375,1.0,1,1,
gtm ba 21 37,GTm (BA 21/37),U,1,1.44,2,1,0.3333,ITG,Inferior Temporal Gyrus,Temporal Lobe,1.0,A37vl,ITG_L(R)_7_5,97,98,0.3333,1.0,1,1,
gtm ba 37,GTm (BA 37),U,1,1.44,2,1,0.3333,ITG,Inferior Temporal Gyrus,Temporal Lobe,1.0,A37elv,ITG_L(R)_7_2,91,92,0.3333,1.0,1,1,
gtm ba 39,GTm (BA 39),U,1,1.44,2,1,0.375,IPL,Inferior Parietal Lobule,Parietal Lobe,1.0,A39rv,IPL_L(R)_6_5,143,144,0.375,0.0,1,1,
gh ba 28,GH (BA 28),U,1,1.44,2,1,0.375,PhG,Parahippocampal Gyrus,Temporal Lobe,1.0,A28/34,PhG_L(R)_6_4,115,116,0.375,0.0,1,1,
gh ba 28 35,GH (BA 28/35),U,1,1.24,2,1,0.75,Hipp,Hippocampus,Subcortical Nuclei,1.0,rHipp,Hipp_L(R)_2_1,215,216,0.75,0.0,1,1,
gl ba 17 18,GL (BA 17/18),U,1,1.44,2,1,0.4286,MVOcC,MedioVentral Occipital Cortex,Occipital Lobe,1.0,cLinG,MVOcC_L(R)_5_1,189,190,0.4286,0.0,1,1,
gl pallidus,GL. PALLIDUS,U,1,1.44,2,1,0.375,BG,Basal Ganglia,Subcortical Nuclei,1.0,GP,BG_L(R)_6_2,221,222,0.375,0.0,1,1,
global pallidus,Global pallidus,U,1,1.44,2,1,0.375,BG,Basal Ganglia,Subcortical Nuclei,1.0,vmPu,BG_L(R)_6_4,225,226,0.375,0.5,1,2,
gom,GOm,U,1,1.44,2,1,0.3333,ITG,Inferior Temporal Gyrus,Temporal Lobe,1.0,A37vl,ITG_L(R)_7_5,97,98,0.3333,1.0,1,1,
gpi,GPi,U,1,1.44,2,1,0.375,BG,Basal Ganglia,Subcortical Nuclei,1.0,GP,BG_L(R)_6_2,221,222,0.375,0.0,1,2,
gpoc,r GPoC,R,1,1.44,2,1,0.375,IPL,Inferior Parietal Lobule,Parietal Lobe,1.0,A40rd,IPL_L(R)_6_3,139,140,0.375,0.0,1,1,1.0
pmcv,PMCv,U,1,1.44,2,1,0.375,PrG,Precentral Gyrus,Frontal Lobe,1.0,A4hf,PrG_L(R)_6_1,53,54,0.375,1.0,1,2,
pmdundamh,PMdundamH,U,1,1.44,2,1,0.375,PrG,Precentral Gyrus,Frontal Lobe,1.0,A4t,PrG_L(R)_6_4,59,60,0.375,0.0,1,1,
pmv ba 6,PMv (BA6),U,1,1.44,2,1,0.375,PrG,Precentral Gyrus,Frontal Lobe,1.0,A4hf,PrG_L(R)_6_1,53,54,0.375,0.0,1,1,
pmv cl,PMv_CL,U,1,1.44,2,1,0.375,PrG,Precentral Gyrus,Frontal Lobe,1.0,A4ul,PrG_L(R)_6_3,57,58,0.375,0.0,1,1,
pmvdamh,PMvdamh,U,1,1.44,2,1,0.375,PrG,Precentral Gyrus,Frontal Lobe,1.0,A4hf,PrG_L(R)_6_1,53,54,0.375,1.0,1,1,
pocg 1,lt PoCG (1),L,1,1.41,2,1,0.5,PoG,Postcentral Gyrus,Parietal Lobe,1.0,A1/2/3ulhf,PoG_L(R)_4_1,155,156,0.5,1.0,1,1,1.0
pocg 2,PoCG (2),U,1,1.44,2,1,0.375,IPL,Inferior Parietal Lobule,Parietal Lobe,1.0,A40rv,IPL_L(R)_6_6,145,146,0.375,0.0,1,2,
gfs ba 9,GFs (BA 9),U,1,1.44,2,1,0.3333,MFG,Middle Frontal Gyrus,Frontal Lobe,1.0,A9/46d,MFG_L(R)_7_1,15,16,0.3333,0.5,1,2,
hippocampal region,"L hippocampal region (i.e. hippocampus, amygdala, parahippocampal and fusiform gyrus extending to the temporal neocortex)",LR,1,1.44,2,1,0.375,OrG,Orbital Gyrus,Frontal Lobe,1.0,A13,OrG_L(R)_6_5,49,50,0.375,1.0,1,1,1.0
hippocampus amygdala,Hippocampus-amygdala,U,1,1.44,2,1,0.375,PhG,Parahippocampal Gyrus,Temporal Lobe,1.0,A35/36c,PhG_L(R)_6_2,111,112,0.375,1.0,1,2,
hippocampus and fusiform,L hippocampus and fusiform,L,1,1.24,2,1,0.75,Hipp,Hippocampus,Subcortical Nuclei,1.0,cHipp,Hipp_L(R)_2_2,217,218,0.75,1.0,1,1,1.0
hippocampus ba 35,Left hippocampus (BA35),L,1,1.24,2,1,0.75,Hipp,Hippocampus,Subcortical Nuclei,1.0,rHipp,Hipp_L(R)_2_1,215,216,0.75,1.0,1,1,1.0
hippocampus entorhinal cortex,R Hippocampus entorhinal cortex,R,1,1.24,2,1,0.75,Amyg,Amygdala,Subcortical Nuclei,1.0,mAmyg,Amyg_L(R)_2_1,211,212,0.75,0.0,1,1,1.0
pipl,pIPL (AG),U,1,1.44,2,1,0.375,IPL,Inferior Parietal Lobule,Parietal Lobe,1.0,A39rv,IPL_L(R)_6_5,143,144,0.375,1.0,1,1,
planum temporal,Planum temporal (left),L,1,1.44,2,1,0.375,STG,Superior Temporal Gyrus,Temporal Lobe,1.0,A41/42,STG_L(R)_6_2,71,72,0.375,1.0,1,2,1.0
pm v,PM-v,U,1,1.44,2,1,0.375,PrG,Precentral Gyrus,Frontal Lobe,1.0,A4hf,PrG_L(R)_6_1,53,54,0.375,1.0,1,1,
fusiform gyrusa,Right fusiform gyrusa,R,1,1.36,2,1,0.6,FuG,Fusiform Gyrus,Temporal Lobe,1.0,A37lv,FuG_L(R)_3_3,107,108,0.6,0.0,1,1,1.0
fusiform itg,Fusiform-ITG,U,1,1.36,2,1,0.6,FuG,Fusiform Gyrus,Temporal Lobe,1.0,A37lv,FuG_L(R)_3_3,107,108,0.6,1.0,1,1,
fusiformgyrus,R FusiformGyrus,R,1,1.36,2,1,0.6,FuG,Fusiform Gyrus,Temporal Lobe,1.0,A37mv,FuG_L(R)_3_2,105,106,0.6,0.0,1,1,1.0
fusifrom gyrus,Fusifrom gyrus,U,1,1.44,2,1,0.3333,ITG,Inferior Temporal Gyrus,Temporal Lobe,1.0,A37elv,ITG_L(R)_7_2,91,92,0.3333,1.0,1,1,
g1 temporal lobe ba 37,G1. Right temporal lobe BA 37,R,1,1.24,2,1,0.75,pSTS,posterior Superior Temporal Sulcus,Temporal Lobe,1.0,rpSTS,pSTS_L(R)_2_1,121,122,0.75,0.0,1,1,1.0
g8 insular and sublobar,G8. Left insular and sublobar,L,1,1.44,2,1,0.375,INS,Insular Gyrus,Insular Lobe,1.0,dId,INS_L(R)_6_6,173,174,0.375,1.0,1,1,1.0
ga ba 39,Ga (BA 39),U,1,1.44,2,1,0.375,IPL,Inferior Parietal Lobule,Parietal Lobe,1.0,A39rv,IPL_L(R)_6_5,143,144,0.375,0.5,1,2,
genu,Genu,U,1,1.44,2,1,0.375,BG,Basal Ganglia,Subcortical Nuclei,1.0,vCa,BG_L(R)_6_1,219,220,0.375,0.0,1,1,
post cing gy,Post Cing Gy,U,1,1.44,2,1,0.3333,CG,Cingulate Gyrus,Limbic Lobe,1.0,A23d,CG_L(R)_7_1,175,176,0.3333,0.0,1,1,
post cingulate g,R. Post. cingulate G.,R,1,1.41,2,1,0.5,Pcun,Precuneus,Parietal Lobe,1.0,A31,PCun_L(R)_4_4,153,154,0.5,0.0,1,1,1.0
post cingulate sulcus,R. Post. Cingulate Sulcus,R,1,1.41,2,1,0.5,Pcun,Precuneus,Parietal Lobe,1.0,dmPOS,PCun_L(R)_4_3,151,152,0.5,0.0,1,1,1.0
fusiform gyrus 36,Fusiform gyrus (36),U,1,1.44,2,1,0.3333,MFG,Middle Frontal Gyrus,Frontal Lobe,1.0,A9/46v,MFG_L(R)_7_4,21,22,0.3333,0.0,1,1,
fusiform gyrus and lingual gyrus,Right fusiform gyrus and lingual gyrus,R,1,1.36,2,1,0.6,FuG,Fusiform Gyrus,Temporal Lobe,1.0,A37mv,FuG_L(R)_3_2,105,106,0.6,0.0,1,1,1.0
fusiform gyrus ba 18,L fusiform gyrus BA 18,L,1,1.44,2,1,0.375,LOcC,lateral Occipital Cortex,Occipital Lobe,1.0,iOccG,LOcC_L(R)_4_4,205,206,0.375,1.0,1,1,1.0
fusiform gyrus ba 36,Left fusiform gyrus (BA36),L,1,1.36,2,1,0.6,FuG,Fusiform Gyrus,Temporal Lobe,1.0,A37lv,FuG_L(R)_3_3,107,108,0.6,1.0,1,1,1.0
fusiform gyrus ba 37 include parahippocampal gyrus ba 36,L Fusiform Gyrus (BA 37) Include: Parahippocampal Gyrus (BA 36),L,1,1.36,2,1,0.6,FuG,Fusiform Gyrus,Temporal Lobe,1.0,A20rv,FuG_L(R)_3_1,103,104,0.6,1.0,1,1,1.0
pos thalamus,Pos. thalamus R,R,1,1.44,2,1,0.3333,MFG,Middle Frontal Gyrus,Frontal Lobe,1.0,A9/46d,MFG_L(R)_7_1,15,16,0.3333,0.0,1,1,1.0
poscentral gyrus,L poscentral gyrus,L,1,1.41,2,1,0.5,PoG,Postcentral Gyrus,Parietal Lobe,1.0,A1/2/3ulhf,PoG_L(R)_4_1,155,156,0.5,1.0,1,1,1.0
posetrior parietal cortex,L posetrior parietal cortex,L,1,1.44,2,1,0.4286,SPL,Superior Parietal Lobule,Parietal Lobe,1.0,A7ip,SPL_L(R)_5_5,133,134,0.4286,1.0,1,1,1.0
post acc,Post. ACC,U,1,1.44,2,1,0.3333,CG,Cingulate Gyrus,Limbic Lobe,1.0,A23c,CG_L(R)_7_6,185,186,0.3333,0.0,1,1,
post and pre central gyrus,Post and pre-central gyrus*,U,1,1.41,2,1,0.5,PoG,Postcentral Gyrus,Parietal Lobe,1.0,A1/2/3tonIa,PoG_L(R)_4_2,157,158,0.5,0.0,1,1,
post central cortex,Post-central cortex,U,1,1.41,2,1,0.5,PoG,Postcentral Gyrus,Parietal Lobe,1.0,A2,PoG_L(R)_4_3,159,160,0.5,1.0,1,1,
post central gyrus ba 4,Post central gyrus (BA 4),U,1,1.41,2,1,0.5,PoG,Postcentral Gyrus,Parietal Lobe,1.0,A1/2/3tru,PoG_L(R)_4_4,161,162,0.5,0.0,1,1,
post central gyrus ba 7,Left post−central gyrus (BA 7),L,1,1.41,2,1,0.5,Pcun,Precuneus,Parietal Lobe,1.0,A5m,PCun_L(R)_4_2,149,150,0.5,1.0,1,1,1.0
gts ba 38,GTs (BA 38),U,1,1.44,2,1,0.375,STG,Superior Temporal Gyrus,Temporal Lobe,1.0,A38m,STG_L(R)_6_1,69,70,0.375,1.0,1,1,
pof,POF,U,1,1.41,2,1,0.5,Pcun,Precuneus,Parietal Lobe,1.0,dmPOS,PCun_L(R)_4_3,151,152,0.5,1.0,1,1,
pofc,POFC,U,1,1.44,2,1,0.375,IFG,Inferior Frontal Gyrus,Frontal Lobe,1.0,A44op,IFG_L(R)_6_5,37,38,0.375,0.0,1,1,
poipst,R POIPSt,R,1,1.44,2,1,0.4286,SPL,Superior Parietal Lobule,Parietal Lobe,1.0,A7c,SPL_L(R)_5_2,127,128,0.4286,0.0,1,1,1.0
polar mpf dorsal,Polar MPF-dorsal,U,1,1.44,2,1,0.3333,MFG,Middle Frontal Gyrus,Frontal Lobe,1.0,A46,MFG_L(R)_7_3,19,20,0.3333,1.0,1,1,
polar mpf middle,Polar MPF-middle,U,1,1.44,2,1,0.3333,MFG,Middle Frontal Gyrus,Frontal Lobe,1.0,A10l,MFG_L(R)_7_7,27,28,0.3333,1.0,1,1,
pon,Pon,U,1,1.24,2,1,0.75,Hipp,Hippocampus,Subcortical Nuclei,1.0,rHipp,Hipp_L(R)_2_1,215,216,0.75,1.0,1,1,
pop,POp,U,1,1.44,2,1,0.375,IPL,Inferior Parietal Lobule,Parietal Lobe,1.0,A40rv,IPL_L(R)_6_6,145,146,0.375,0.0,1,1,
postcentral g ba 4,Postcentral g. (BA 4),U,1,1.41,2,1,0.5,PoG,Postcentral Gyrus,Parietal Lobe,1.0,A1/2/3ulhf,PoG_L(R)_4_1,155,156,0.5,1.0,1,1,
postcentral gryrus,Left Postcentral Gryrus,L,1,1.41,2,1,0.5,PoG,Postcentral Gyrus,Parietal Lobe,1.0,A1/2/3tonIa,PoG_L(R)_4_2,157,158,0.5,1.0,1,1,1.0
postcentral gy,Postcentral Gy.,U,1,1.41,2,1,0.5,PoG,Postcentral Gyrus,Parietal Lobe,1.0,A2,PoG_L(R)_4_3,159,160,0.5,1.0,1,1,
postcentral gyrus 1 2,"R postcentral gyrus (1,2)",R,1,1.44,2,1,0.375,IPL,Inferior Parietal Lobule,Parietal Lobe,1.0,A40rd,IPL_L(R)_6_3,139,140,0.375,0.0,1,1,1.0
postcentral gyrus 1 2 3,"R postcentral gyrus (1, 2, 3)",R,1,1.44,2,1,0.375,IPL,Inferior Parietal Lobule,Parietal Lobe,1.0,A40rd,IPL_L(R)_6_3,139,140,0.375,0.0,1,1,1.0
postcentral gyrus 2 1,Postcentral gyrus (2/1),U,1,1.44,2,1,0.4286,SPL,Superior Parietal Lobule,Parietal Lobe,1.0,A5l,SPL_L(R)_5_3,129,130,0.4286,0.0,1,1,
postcentral gyrus 43,Left postcentral gyrus (43),L,1,1.41,2,1,0.5,PoG,Postcentral Gyrus,Parietal Lobe,1.0,A1/2/3ulhf,PoG_L(R)_4_1,155,156,0.5,1.0,1,2,1.0
postcentral gyrus 7,Left postcentral gyrus (7),L,1,1.41,2,1,0.5,Pcun,Precuneus,Parietal Lobe,1.0,A5m,PCun_L(R)_4_2,149,150,0.5,1.0,1,1,1.0
post superior temp gyrus,R post. superior temp gyrus*,R,1,1.44,2,1,0.375,IPL,Inferior Parietal Lobule,Parietal Lobe,1.0,A39rv,IPL_L(R)_6_5,143,144,0.375,0.0,1,1,1.0
post superior temporal gyrus,Left post. superior temporal gyrus,L,1,1.24,2,1,0.75,pSTS,posterior Superior Temporal Sulcus,Temporal Lobe,1.0,rpSTS,pSTS_L(R)_2_1,121,122,0.75,1.0,1,1,1.0
post temporal,L post temporal,LR,1,1.44,2,1,0.375,IPL,Inferior Parietal Lobule,Parietal Lobe,1.0,A39c,IPL_L(R)_6_1,135,136,0.375,1.0,1,1,1.0
post temporal cortex,Post-temporal cortex (ypeak < −25),U,1,1.44,2,1,0.375,LOcC,lateral Occipital Cortex,Occipital Lobe,1.0,V5/MT+,LOcC_L(R)_4_2,201,202,0.375,0.0,1,1,
postc g,Postc.G.,U,1,1.41,2,1,0.5,PoG,Postcentral Gyrus,Parietal Lobe,1.0,A2,PoG_L(R)_4_3,159,160,0.5,1.0,1,1,
postc gyr,Postc. gyr.,U,1,1.41,2,1,0.5,PoG,Postcentral Gyrus,Parietal Lobe,1.0,A2,PoG_L(R)_4_3,159,160,0.5,1.0,1,1,
postcent,R postcent,LR,1,1.44,2,1,0.375,PrG,Precentral Gyrus,Frontal Lobe,1.0,A4hf,PrG_L(R)_6_1,53,54,0.375,1.0,1,2,1.0
postcentr gy,Postcentr. Gy,U,1,1.41,2,1,0.5,PoG,Postcentral Gyrus,Parietal Lobe,1.0,A1/2/3tru,PoG_L(R)_4_4,161,162,0.5,0.0,1,1,
post inferior temporal sulcusc,Post inferior temporal sulcusc,U,1,1.44,2,1,0.3333,ITG,Inferior Temporal Gyrus,Temporal Lobe,1.0,A20il,ITG_L(R)_7_4,95,96,0.3333,0.0,1,1,
post ips,L post. IPS,LR,1,1.44,2,1,0.375,LOcC,lateral Occipital Cortex,Occipital Lobe,1.0,lsOccG,LOcC_L(R)_2_2,209,210,0.375,1.0,1,1,1.0
post itg,Post-ITG (LO),U,1,1.36,2,1,0.6,FuG,Fusiform Gyrus,Temporal Lobe,1.0,A37lv,FuG_L(R)_3_3,107,108,0.6,1.0,1,1,
post midline region,Post. midline region,U,1,1.44,2,1,0.3333,CG,Cingulate Gyrus,Limbic Lobe,1.0,A23d,CG_L(R)_7_1,175,176,0.3333,1.0,1,1,
post parahippocampal gyrus,R post. parahippocampal gyrus,R,1,1.44,2,1,0.375,PhG,Parahippocampal Gyrus,Temporal Lobe,1.0,TH,PhG_L(R)_6_6,119,120,0.375,0.0,1,1,1.0
post precentral g,Post+precentral G(L),L,1,1.41,2,1,0.5,PoG,Postcentral Gyrus,Parietal Lobe,1.0,A1/2/3ulhf,PoG_L(R)_4_1,155,156,0.5,1.0,1,1,1.0
post stg,Post STG,U,1,1.44,2,1,0.375,STG,Superior Temporal Gyrus,Temporal Lobe,1.0,A22c,STG_L(R)_6_4,75,76,0.375,0.0,1,1,
post sts,Post STS,U,1,1.44,2,1,0.375,STG,Superior Temporal Gyrus,Temporal Lobe,1.0,A22r,STG_L(R)_6_6,79,80,0.375,0.0,1,1,
genu of corpus callosum,Genu of corpus callosum,U,1,1.44,2,1,0.3333,SFG,Superior Frontal Gyrus,Frontal Lobe,1.0,A10m,SFG_L(R)_7_7,13,14,0.3333,0.0,1,1,
gf ba 19,GF (BA 19),U,1,1.36,2,1,0.6,FuG,Fusiform Gyrus,Temporal Lobe,1.0,A37mv,FuG_L(R)_3_2,105,106,0.6,1.0,1,1,
gfd ba 6,GFd (BA 6),U,1,1.44,2,1,0.3333,SFG,Superior Frontal Gyrus,Frontal Lobe,1.0,A8m,SFG_L(R)_7_1,1,2,0.3333,0.5,1,2,
gfd ba 9,GFd (BA 9),U,1,1.44,2,1,0.3333,SFG,Superior Frontal Gyrus,Frontal Lobe,1.0,A10m,SFG_L(R)_7_7,13,14,0.3333,1.0,1,1,
gfm ba 46,GFm (BA 46),U,1,1.44,2,1,0.3333,MFG,Middle Frontal Gyrus,Frontal Lobe,1.0,A9/46v,MFG_L(R)_7_4,21,22,0.3333,1.0,1,2,
gfm ba 46 9,GFm (BA 46/9),U,1,1.44,2,1,0.3333,MFG,Middle Frontal Gyrus,Frontal Lobe,1.0,A9/46v,MFG_L(R)_7_4,21,22,0.3333,0.0,1,1,
gfm ba 8,GFm (BA 8),U,1,1.44,2,1,0.3333,MFG,Middle Frontal Gyrus,Frontal Lobe,1.0,A9/46d,MFG_L(R)_7_1,15,16,0.3333,0.0,1,1,
post inferior temporal sulcus,Post inferior temporal sulcus???,U,1,1.44,2,1,0.3333,ITG,Inferior Temporal Gyrus,Temporal Lobe,1.0,A20il,ITG_L(R)_7_4,95,96,0.3333,0.0,1,1,
fusifom gyrus,R fusifom gyrus,R,1,1.44,2,1,0.375,IPL,Inferior Parietal Lobule,Parietal Lobe,1.0,A39rv,IPL_L(R)_6_5,143,144,0.375,0.0,1,1,1.0
fusiform ba 19 20 20,Left fusiform (BA 19/20/20),L,1,1.36,2,1,0.6,FuG,Fusiform Gyrus,Temporal Lobe,1.0,A37mv,FuG_L(R)_3_2,105,106,0.6,1.0,1,1,1.0
fusiform ba 19 20 37,Right fusiform (BA 19/20/37),R,1,1.36,2,1,0.6,FuG,Fusiform Gyrus,Temporal Lobe,1.0,A37mv,FuG_L(R)_3_2,105,106,0.6,0.0,1,1,1.0
fusiform ba 37,Left Fusiform BA37,LR,1,1.36,2,1,0.6,FuG,Fusiform Gyrus,Temporal Lobe,1.0,A37mv,FuG_L(R)_3_2,105,106,0.6,1.0,1,1,1.0
fusiform face area,R Fusiform face area,R,1,1.36,2,1,0.6,FuG,Fusiform Gyrus,Temporal Lobe,1.0,A37lv,FuG_L(R)_3_3,107,108,0.6,0.0,1,1,1.0
fusiform face area ba 19,left fusiform face area (BA19),L,1,1.36,2,1,0.6,FuG,Fusiform Gyrus,Temporal Lobe,1.0,A37mv,FuG_L(R)_3_2,105,106,0.6,1.0,1,1,1.0
fusiform g ba 19,Fusiform G. (BA 19),U,1,1.36,2,1,0.6,FuG,Fusiform Gyrus,Temporal Lobe,1.0,A37mv,FuG_L(R)_3_2,105,106,0.6,1.0,1,1,
fusiform gyq,Fusiform GyQ,U,1,1.44,2,1,0.4286,MVOcC,MedioVentral Occipital Cortex,Occipital Lobe,1.0,rLinG,MVOcC_L(R)_5_4,195,196,0.4286,0.0,1,1,
frontopolar 10,R frontopolar (10),R,1,1.44,2,1,0.3333,SFG,Superior Frontal Gyrus,Frontal Lobe,1.0,A10m,SFG_L(R)_7_7,13,14,0.3333,0.0,1,2,1.0
frontopolar area,"Frontopolar area (superior frontal gyrus, orbital part/middle frontal gyrus, orbital part/superior frontal gyrus, and medial orbital/gyrus rectus)",U,1,1.44,2,1,0.375,OrG,Orbital Gyrus,Frontal Lobe,1.0,A11l,OrG_L(R)_6_3,45,46,0.375,0.0,1,1,
frpole,FrPole,U,1,1.44,2,1,0.375,IFG,Inferior Frontal Gyrus,Frontal Lobe,1.0,IFS,IFG_L(R)_6_2,31,32,0.375,1.0,1,1,
furiform gyrus,Left Furiform Gyrus,L,1,1.44,2,1,0.375,PhG,Parahippocampal Gyrus,Temporal Lobe,1.0,A35/36c,PhG_L(R)_6_2,111,112,0.375,1.0,1,1,1.0
fus,FUS,U,1,1.44,2,1,0.3333,MFG,Middle Frontal Gyrus,Frontal Lobe,1.0,A9/46d,MFG_L(R)_7_1,15,16,0.3333,0.0,1,1,
fus gyr,Fus. gyr.,U,1,1.36,2,1,0.6,FuG,Fusiform Gyrus,Temporal Lobe,1.0,A20rv,FuG_L(R)_3_1,103,104,0.6,1.0,1,1,
fusi,Fusi,U,1,1.44,2,1,0.375,PhG,Parahippocampal Gyrus,Temporal Lobe,1.0,A35/36c,PhG_L(R)_6_2,111,112,0.375,1.0,1,1,
fusicform,Fusicform,U,1,1.44,2,1,0.4286,MVOcC,MedioVentral Occipital Cortex,Occipital Lobe,1.0,vmPOS,MVOcC_L(R)_5_5,197,198,0.4286,0.0,1,1,
postcentralgyrus,L. postcentralgyrus,L,1,1.44,2,1,0.375,IPL,Inferior Parietal Lobule,Parietal Lobe,1.0,A40rd,IPL_L(R)_6_3,139,140,0.375,1.0,1,2,1.0
postcentrral sulcus,R Postcentrral Sulcus,R,1,1.44,2,1,0.375,IPL,Inferior Parietal Lobule,Parietal Lobe,1.0,A40rd,IPL_L(R)_6_3,139,140,0.375,0.0,1,1,1.0
postcs,Left PostCS,L,1,1.41,2,1,0.5,PoG,Postcentral Gyrus,Parietal Lobe,1.0,A2,PoG_L(R)_4_3,159,160,0.5,1.0,1,1,1.0
posterior and middle cingulate cortex,Posterior and middle cingulate cortex,U,1,1.44,2,1,0.3333,CG,Cingulate Gyrus,Limbic Lobe,1.0,A23d,CG_L(R)_7_1,175,176,0.3333,0.0,1,1,
posterior caudate,Posterior caudate-L,L,1,1.44,2,1,0.375,BG,Basal Ganglia,Subcortical Nuclei,1.0,dCa,BG_L(R)_6_5,227,228,0.375,1.0,1,1,1.0
posterior central gyrus,Posterior central gyrus,U,1,1.44,2,1,0.4286,SPL,Superior Parietal Lobule,Parietal Lobe,1.0,A7pc,SPL_L(R)_5_4,131,132,0.4286,1.0,1,1,
posterior cingular,Posterior cingular,U,1,1.44,2,1,0.4286,MVOcC,MedioVentral Occipital Cortex,Occipital Lobe,1.0,vmPOS,MVOcC_L(R)_5_5,197,198,0.4286,0.0,1,1,
posterior cingulate 24,Posterior cingulate (24),U,1,1.44,2,1,0.3,Tha,Thalamus,Subcortical Nuclei,1.0,mPFtha,Tha_L(R)_8_1,231,232,0.3,1.0,1,1,
postcentral gyrus and central sulcus,Postcentral gyrus and central sulcus,U,1,1.41,2,1,0.5,PoG,Postcentral Gyrus,Parietal Lobe,1.0,A1/2/3tru,PoG_L(R)_4_4,161,162,0.5,1.0,1,1,
postcentral gyrus and superior parietal lobule,Left postcentral gyrus and superior parietal lobule,L,1,1.44,2,1,0.375,IPL,Inferior Parietal Lobule,Parietal Lobe,1.0,A40rd,IPL_L(R)_6_3,139,140,0.375,1.0,1,1,1.0
postcentral gyrus ba 3 4,"Postcentral gyrus (BA 3,4)",U,1,1.41,2,1,0.5,PoG,Postcentral Gyrus,Parietal Lobe,1.0,A2,PoG_L(R)_4_3,159,160,0.5,1.0,1,1,
postcentral gyrus ba 4,L postcentral gyrus (BA4),L,1,1.41,2,1,0.5,PoG,Postcentral Gyrus,Parietal Lobe,1.0,A1/2/3ulhf,PoG_L(R)_4_1,155,156,0.5,1.0,1,1,1.0
postcentral gyrus ba 7,Postcentral gyrus (BA 7),U,1,1.41,2,1,0.5,Pcun,Precuneus,Parietal Lobe,1.0,A5m,PCun_L(R)_4_2,149,150,0.5,1.0,1,1,
postcentral gyrus lc,Postcentral gyrus Lc,U,1,1.44,2,1,0.375,IPL,Inferior Parietal Lobule,Parietal Lobe,1.0,A40rv,IPL_L(R)_6_6,145,146,0.375,1.0,1,1,
postcentral gyrus precentral gyrus,Postcentral gyrus (PoCG) Precentral gyrus (PrCG),U,1,1.44,2,1,0.375,PrG,Precentral Gyrus,Frontal Lobe,1.0,A4hf,PrG_L(R)_6_1,53,54,0.375,0.0,1,1,
postcentral gyrusa,Postcentral gyrusa,U,1,1.41,2,1,0.5,PoG,Postcentral Gyrus,Parietal Lobe,1.0,A1/2/3tru,PoG_L(R)_4_4,161,162,0.5,0.0,1,1,
frontal poleb,[8] L frontal poleb,L,1,1.44,2,1,0.375,OrG,Orbital Gyrus,Frontal Lobe,1.0,A11l,OrG_L(R)_6_3,45,46,0.375,1.0,1,1,1.0
frontal sub gyral ba 6,Left frontal sub-gyral (BA 6),L,1,1.44,2,1,0.3,Tha,Thalamus,Subcortical Nuclei,1.0,mPMtha,Tha_L(R)_8_2,233,234,0.3,1.0,1,1,1.0
frontal subgyral,Frontal subgyral,U,1,1.44,2,1,0.375,IFG,Inferior Frontal Gyrus,Frontal Lobe,1.0,A44d,IFG_L(R)_6_1,29,30,0.375,1.0,1,1,
frontal sup medeal,frontal_sup_medeal,U,1,1.44,2,1,0.3333,SFG,Superior Frontal Gyrus,Frontal Lobe,1.0,A9l,SFG_L(R)_7_3,5,6,0.3333,1.0,1,1,
frontal superior,Frontal superior,U,1,1.44,2,1,0.3333,MFG,Middle Frontal Gyrus,Frontal Lobe,1.0,A46,MFG_L(R)_7_3,19,20,0.3333,1.0,1,1,
frontal superior medial,Frontal superior medial,U,1,1.44,2,1,0.3333,SFG,Superior Frontal Gyrus,Frontal Lobe,1.0,A10m,SFG_L(R)_7_7,13,14,0.3333,1.0,1,1,
frontal superior medial ba 10,Frontal superior medial (BA 10),U,1,1.44,2,1,0.3333,SFG,Superior Frontal Gyrus,Frontal Lobe,1.0,A10m,SFG_L(R)_7_7,13,14,0.3333,0.0,1,1,
frontal superior medial gyrus ba 32,Frontal superior medial gyrus (BA 32),U,1,1.44,2,1,0.3333,SFG,Superior Frontal Gyrus,Frontal Lobe,1.0,A8m,SFG_L(R)_7_1,1,2,0.3333,1.0,1,1,
posterior cingulate gyrus 31,Posterior cingulate gyrus (31),U,1,1.44,2,1,0.3333,CG,Cingulate Gyrus,Limbic Lobe,1.0,A32sg,CG_L(R)_7_7,187,188,0.3333,1.0,1,1,
posterior cingulate gyrus and precuneus,Bilateral posterior cingulate gyrus and precuneus,B,1,1.41,2,1,0.5,Pcun,Precuneus,Parietal Lobe,1.0,A31,PCun_L(R)_4_4,153,154,0.5,1.0,1,1,
posterior cingulate gyrus ba 23,L. posterior cingulate gyrus (BA 23),L,1,1.41,2,1,0.5,Pcun,Precuneus,Parietal Lobe,1.0,dmPOS,PCun_L(R)_4_3,151,152,0.5,1.0,1,1,1.0
posterior cingulate gyrus bi,Posterior cingulate gyrus-Bi,U,1,1.44,2,1,0.3333,CG,Cingulate Gyrus,Limbic Lobe,1.0,A23d,CG_L(R)_7_1,175,176,0.3333,1.0,1,1,
posterior corona radiata,Posterior corona radiata,U,1,1.44,2,1,0.3,Tha,Thalamus,Subcortical Nuclei,1.0,Otha,Tha_L(R)_8_6,241,242,0.3,1.0,1,1,
posterior dorsal ifg,Posterior dorsal IFG,U,1,1.44,2,1,0.375,IFG,Inferior Frontal Gyrus,Frontal Lobe,1.0,A44op,IFG_L(R)_6_5,37,38,0.375,1.0,1,1,
frontal pole 9,Frontal pole (9),U,1,1.44,2,1,0.3333,SFG,Superior Frontal Gyrus,Frontal Lobe,1.0,A9m,SFG_L(R)_7_6,11,12,0.3333,0.0,1,1,
frontal pole anterior medial prefrontal cortex,Frontal pole [anterior medial prefrontal cortex],U,1,1.44,2,1,0.3333,SFG,Superior Frontal Gyrus,Frontal Lobe,1.0,A10m,SFG_L(R)_7_7,13,14,0.3333,0.0,1,2,
posterior cingulate cortex ba 23,Posterior cingulate cortex (BA 23),U,1,1.44,2,1,0.3333,CG,Cingulate Gyrus,Limbic Lobe,1.0,A23d,CG_L(R)_7_1,175,176,0.3333,0.0,1,1,
posterior cingulate cortex ba 31,Left posterior cingulate cortex (BA 31),L,1,1.44,2,1,0.3333,CG,Cingulate Gyrus,Limbic Lobe,1.0,A23d,CG_L(R)_7_1,175,176,0.3333,1.0,1,1,1.0
posterior cingulate ctx,Posterior Cingulate Ctx.,U,1,1.41,2,1,0.5,Pcun,Precuneus,Parietal Lobe,1.0,A31,PCun_L(R)_4_4,153,154,0.5,0.0,1,1,
posterior cingulate g,Posterior cingulate g.,U,1,1.44,2,1,0.3333,CG,Cingulate Gyrus,Limbic Lobe,1.0,A23d,CG_L(R)_7_1,175,176,0.3333,1.0,1,1,
posterior cingulate gurus,L posterior cingulate gurus,L,1,1.44,2,1,0.3333,CG,Cingulate Gyrus,Limbic Lobe,1.0,A23v,CG_L(R)_7_4,181,182,0.3333,1.0,1,1,1.0
posterior cingulate gyrus 23,Posterior cingulate gyrus (23),U,1,1.44,2,1,0.3,Tha,Thalamus,Subcortical Nuclei,1.0,rTtha,Tha_L(R)_8_4,237,238,0.3,0.0,1,1,
posterior cingulate gyrus 24,Posterior cingulate gyrus (24),U,1,1.44,2,1,0.3,Tha,Thalamus,Subcortical Nuclei,1.0,rTtha,Tha_L(R)_8_4,237,238,0.3,0.0,1,1,
posterior cingulate gyrus 30,L posterior cingulate gyrus (30),LR,1,1.41,2,1,0.5,Pcun,Precuneus,Parietal Lobe,1.0,dmPOS,PCun_L(R)_4_3,151,152,0.5,1.0,1,1,1.0
fusiform gyrsu,R Fusiform Gyrsu,R,1,1.36,2,1,0.6,FuG,Fusiform Gyrus,Temporal Lobe,1.0,A37lv,FuG_L(R)_3_3,107,108,0.6,0.0,1,1,1.0
fusiform gyrus 20 37,Fusiform gyrus (20/37),U,1,1.36,2,1,0.6,FuG,Fusiform Gyrus,Temporal Lobe,1.0,A37lv,FuG_L(R)_3_3,107,108,0.6,1.0,1,1,
posterior cingulate 30,R posterior cingulate (30),R,1,1.44,2,1,0.375,PhG,Parahippocampal Gyrus,Temporal Lobe,1.0,TH,PhG_L(R)_6_6,119,120,0.375,0.0,1,1,1.0
posterior cingulate 31,Posterior cingulate (31),U,1,1.44,2,1,0.3,Tha,Thalamus,Subcortical Nuclei,1.0,PPtha,Tha_L(R)_8_5,239,240,0.3,0.0,1,1,
posterior cingulate ba 23 26 29 30 31,"posterior cingulate (BA 23, 26, 29, 30, 31)",U,1,1.41,2,1,0.5,Pcun,Precuneus,Parietal Lobe,1.0,A31,PCun_L(R)_4_4,153,154,0.5,1.0,1,1,
posterior cingulate ba 23 31,"posterior cingulate (BA 23, 31)",U,1,1.41,2,1,0.5,Pcun,Precuneus,Parietal Lobe,1.0,A31,PCun_L(R)_4_4,153,154,0.5,0.0,1,1,
posterior cingulate bi,Posterior cingulate-Bi,U,1,1.44,2,1,0.3333,CG,Cingulate Gyrus,Limbic Lobe,1.0,A23d,CG_L(R)_7_1,175,176,0.3333,0.0,1,1,
posterior cingulate cortex 23,Posterior cingulate cortex (23),U,1,1.44,2,1,0.3333,CG,Cingulate Gyrus,Limbic Lobe,1.0,A23d,CG_L(R)_7_1,175,176,0.3333,1.0,1,1,
posterior limb of,Posterior limb of,U,1,1.44,2,1,0.375,BG,Basal Ganglia,Subcortical Nuclei,1.0,GP,BG_L(R)_6_2,221,222,0.375,1.0,1,1,
posterior lobe declive,L Posterior Lobe.Declive.,L,1,1.36,2,1,0.6,FuG,Fusiform Gyrus,Temporal Lobe,1.0,A37mv,FuG_L(R)_3_2,105,106,0.6,1.0,1,1,1.0
posterior lobe of cerebellum,Posterior lobe of Cerebellum,U,1,1.44,2,1,0.4286,MVOcC,MedioVentral Occipital Cortex,Occipital Lobe,1.0,cCunG,MVOcC_L(R)_5_3,193,194,0.4286,0.0,1,1,
posterior medial frontal,L posterior-medial frontal,L,1,1.44,2,1,0.3333,SFG,Superior Frontal Gyrus,Frontal Lobe,1.0,A8m,SFG_L(R)_7_1,1,2,0.3333,1.0,1,1,1.0
posterior medial frontal lobe,Bilateral posterior-medial frontal lobe,B,1,1.44,2,1,0.3333,SFG,Superior Frontal Gyrus,Frontal Lobe,1.0,A8m,SFG_L(R)_7_1,1,2,0.3333,0.0,1,1,
posterior medial gyrus,Posterior medial gyrus,U,1,1.44,2,1,0.3333,SFG,Superior Frontal Gyrus,Frontal Lobe,1.0,A6m,SFG_L(R)_7_5,9,10,0.3333,1.0,1,1,
posterior mfg,L Posterior MFG,L,1,1.44,2,1,0.375,INS,Insular Gyrus,Insular Lobe,1.0,dId,INS_L(R)_6_6,173,174,0.375,1.0,1,1,1.0
posterior mid cingulate,Left posterior mid-cingulate,L,1,1.44,2,1,0.3,Tha,Thalamus,Subcortical Nuclei,1.0,PPtha,Tha_L(R)_8_5,239,240,0.3,1.0,1,1,1.0
posterior hippocampal roia,Posterior hippocampal ROIa,U,1,1.24,2,1,0.75,Hipp,Hippocampus,Subcortical Nuclei,1.0,cHipp,Hipp_L(R)_2_2,217,218,0.75,1.0,1,1,
posterior inferior frontal gyrus,Posterior inferior frontal gyrus,U,1,1.44,2,1,0.375,IFG,Inferior Frontal Gyrus,Frontal Lobe,1.0,A44v,IFG_L(R)_6_6,39,40,0.375,1.0,1,1,
posterior inferior frontal sulcus,Left posterior inferior frontal sulcus,L,1,1.44,2,1,0.3333,MFG,Middle Frontal Gyrus,Frontal Lobe,1.0,A9/46v,MFG_L(R)_7_4,21,22,0.3333,1.0,1,1,1.0
posterior inferior parietal lobule,Posterior inferior parietal lobule,U,1,1.44,2,1,0.375,IPL,Inferior Parietal Lobule,Parietal Lobe,1.0,A39rv,IPL_L(R)_6_5,143,144,0.375,1.0,1,1,
posterior inferior temporal gyrus ba 20,Posterior inferior temporal gyrus [BA20],U,1,1.44,2,1,0.3333,ITG,Inferior Temporal Gyrus,Temporal Lobe,1.0,A37elv,ITG_L(R)_7_2,91,92,0.3333,0.0,1,1,
posterior inferiorfrontal sulcus,Bilateral posterior inferiorfrontal sulcus,B,1,1.44,2,1,0.3333,MFG,Middle Frontal Gyrus,Frontal Lobe,1.0,IFJ,MFG_L(R)_7_2,17,18,0.3333,0.0,1,1,
posterior insular,Posterior insular,U,1,1.44,2,1,0.3333,MFG,Middle Frontal Gyrus,Frontal Lobe,1.0,A9/46d,MFG_L(R)_7_1,15,16,0.3333,0.0,1,1,
posterior lateral orbitofrontal cortex,Posterior lateral orbitofrontal cortex*,U,1,1.44,2,1,0.375,IFG,Inferior Frontal Gyrus,Frontal Lobe,1.0,A44op,IFG_L(R)_6_5,37,38,0.375,0.0,1,2,
frontomedial cortex,Frontomedial Cortex,U,1,1.44,2,1,0.3333,SFG,Superior Frontal Gyrus,Frontal Lobe,1.0,A10m,SFG_L(R)_7_7,13,14,0.3333,0.0,1,1,
frontoparietal operculum,Frontoparietal operculum,U,1,1.41,2,1,0.5,PoG,Postcentral Gyrus,Parietal Lobe,1.0,A1/2/3tonIa,PoG_L(R)_4_2,157,158,0.5,0.0,1,1,
posterior dorsal part of the cingulate gyrus,Posterior-dorsal part of the cingulate gyrus,U,1,1.44,2,1,0.3333,CG,Cingulate Gyrus,Limbic Lobe,1.0,A23d,CG_L(R)_7_1,175,176,0.3333,1.0,1,2,
posterior dorsal putamen,Posterior dorsal putamen,U,1,1.44,2,1,0.375,BG,Basal Ganglia,Subcortical Nuclei,1.0,dlPu,BG_L(R)_6_6,229,230,0.375,1.0,1,1,
posterior edge of the middle temporal sulcus,Posterior edge of the middle temporal sulcus,U,1,1.44,2,1,0.375,LOcC,lateral Occipital Cortex,Occipital Lobe,1.0,V5/MT+,LOcC_L(R)_4_2,201,202,0.375,0.0,1,1,
posterior frontal gyrus,Posterior Frontal Gyrus,U,1,1.44,2,1,0.3333,SFG,Superior Frontal Gyrus,Frontal Lobe,1.0,A10m,SFG_L(R)_7_7,13,14,0.3333,1.0,1,1,
posterior fusiform,Posterior fusiform,U,1,1.36,2,1,0.6,FuG,Fusiform Gyrus,Temporal Lobe,1.0,A37lv,FuG_L(R)_3_3,107,108,0.6,1.0,1,1,
posterior hippocampal roi,Posterior hippocampal ROI???,U,1,1.24,2,1,0.75,Hipp,Hippocampus,Subcortical Nuclei,1.0,cHipp,Hipp_L(R)_2_2,217,218,0.75,1.0,1,1,
frontal superior orbital gyrus,R frontal superior orbital gyrus,R,1,1.44,2,1,0.375,OrG,Orbital Gyrus,Frontal Lobe,1.0,A13,OrG_L(R)_6_5,49,50,0.375,0.0,1,1,1.0
frontal triangular gyrus,Frontal triangular gyrus,U,1,1.44,2,1,0.375,IFG,Inferior Frontal Gyrus,Frontal Lobe,1.0,A44op,IFG_L(R)_6_5,37,38,0.375,0.0,1,1,
fronto marginal gyrus and sulcus,Fronto-marginal gyrus (of Wernicke) and sulcus,U,1,1.44,2,1,0.3333,MFG,Middle Frontal Gyrus,Frontal Lobe,1.0,A46,MFG_L(R)_7_3,19,20,0.3333,1.0,1,1,
fronto polar,Right fronto polar,R,1,1.44,2,1,0.3333,MFG,Middle Frontal Gyrus,Frontal Lobe,1.0,A9/46v,MFG_L(R)_7_4,21,22,0.3333,0.0,1,1,1.0
fronto polar cortex,Fronto-polar cortex,U,1,1.44,2,1,0.3333,MFG,Middle Frontal Gyrus,Frontal Lobe,1.0,A46,MFG_L(R)_7_3,19,20,0.3333,1.0,1,1,
fronto superior medial gyrus ba 9,L fronto superior medial gyrus (BA9),L,1,1.44,2,1,0.3333,SFG,Superior Frontal Gyrus,Frontal Lobe,1.0,A9l,SFG_L(R)_7_3,5,6,0.3333,1.0,1,1,1.0
frontoinsula,Left frontoinsula,L,1,1.44,2,1,0.375,OrG,Orbital Gyrus,Frontal Lobe,1.0,A12/47l,OrG_L(R)_6_6,51,52,0.375,1.0,1,1,1.0
frontomarginal sulcus,R frontomarginal sulcus,R,1,1.44,2,1,0.3333,MFG,Middle Frontal Gyrus,Frontal Lobe,1.0,A46,MFG_L(R)_7_3,19,20,0.3333,0.0,1,1,1.0
frontal mid 5,Frontal_Mid*5,U,1,1.44,2,1,0.3333,MFG,Middle Frontal Gyrus,Frontal Lobe,1.0,A6vl,MFG_L(R)_7_6,25,26,0.3333,1.0,1,2,
frontal mid 8,Frontal_Mid (8),U,1,1.44,2,1,0.375,PrG,Precentral Gyrus,Frontal Lobe,1.0,A6cdl,PrG_L(R)_6_2,55,56,0.375,1.0,1,1,
frontal middle orbital,Frontal middle orbital L,L,1,1.44,2,1,0.375,OrG,Orbital Gyrus,Frontal Lobe,1.0,A14m,OrG_L(R)_6_1,41,42,0.375,1.0,1,1,1.0
frontal network,Frontal network (frontopolar),U,1,1.44,2,1,0.3333,MFG,Middle Frontal Gyrus,Frontal Lobe,1.0,A9/46d,MFG_L(R)_7_1,15,16,0.3333,0.0,1,1,
frontal operculum p opercularis,Frontal operculum-p. opercularis,U,1,1.44,2,1,0.375,PrG,Precentral Gyrus,Frontal Lobe,1.0,A6cvl,PrG_L(R)_6_6,63,64,0.375,1.0,1,1,
frontal operculum p triangularis,Frontal operculum-p. triangularis,U,1,1.44,2,1,0.375,IFG,Inferior Frontal Gyrus,Frontal Lobe,1.0,A45r,IFG_L(R)_6_4,35,36,0.375,1.0,1,1,
frontal polar c,R Frontal Polar C,R,1,1.44,2,1,0.3333,MFG,Middle Frontal Gyrus,Frontal Lobe,1.0,A46,MFG_L(R)_7_3,19,20,0.3333,0.0,1,1,1.0
posterior region,Posterior region,U,1,1.41,2,1,0.5,Pcun,Precuneus,Parietal Lobe,1.0,A31,PCun_L(R)_4_4,153,154,0.5,1.0,1,1,
frontal lobe frontal gyrus,Right frontal lobe frontal gyrus,R,1,1.44,2,1,0.3333,SFG,Superior Frontal Gyrus,Frontal Lobe,1.0,A10m,SFG_L(R)_7_7,13,14,0.3333,0.0,1,1,1.0
frontal lobe medial frontal gyrus,Left frontal lobe. Medial frontal gyrus,L,1,1.44,2,1,0.3333,SFG,Superior Frontal Gyrus,Frontal Lobe,1.0,A8m,SFG_L(R)_7_1,1,2,0.3333,1.0,1,1,1.0
frontal lobe paracentral lobule,Frontal lobe – paracentral lobule,U,1,1.41,2,1,0.5,Pcun,Precuneus,Parietal Lobe,1.0,A5m,PCun_L(R)_4_2,149,150,0.5,0.0,1,1,
frontal lobe sub gyral,Left frontal lobe. Sub-gyral,L,1,1.44,2,1,0.3333,MFG,Middle Frontal Gyrus,Frontal Lobe,1.0,A6vl,MFG_L(R)_7_6,25,26,0.3333,1.0,1,1,1.0
frontal lobe superior frontal gyrus,Left frontal lobe. Superior frontal gyrus,L,1,1.44,2,1,0.3333,SFG,Superior Frontal Gyrus,Frontal Lobe,1.0,A8m,SFG_L(R)_7_1,1,2,0.3333,1.0,1,1,1.0
frontal med orb and,Frontal_Med_Orb_L&R,B,1,1.44,2,1,0.375,OrG,Orbital Gyrus,Frontal Lobe,1.0,A11m,OrG_L(R)_6_4,47,48,0.375,1.0,1,1,
frontal medial,Frontal_Medial_R,R,1,1.44,2,1,0.3333,SFG,Superior Frontal Gyrus,Frontal Lobe,1.0,A10m,SFG_L(R)_7_7,13,14,0.3333,0.0,1,1,1.0
frontal medial gyrus,Frontal medial gyrus,U,1,1.44,2,1,0.3333,MFG,Middle Frontal Gyrus,Frontal Lobe,1.0,A9/46v,MFG_L(R)_7_4,21,22,0.3333,0.0,1,1,
posterior ofc,Left posterior OFC,L,1,1.44,2,1,0.375,OrG,Orbital Gyrus,Frontal Lobe,1.0,A11l,OrG_L(R)_6_3,45,46,0.375,1.0,1,1,1.0
posterior parahippocampal gyrus 36,Right posterior parahippocampal gyrus (36),R,1,1.44,2,1,0.375,PhG,Parahippocampal Gyrus,Temporal Lobe,1.0,A28/34,PhG_L(R)_6_4,115,116,0.375,0.0,1,1,1.0
posterior parietal and,L posterior parietal and,L,1,1.44,2,1,0.375,IPL,Inferior Parietal Lobule,Parietal Lobe,1.0,A39rv,IPL_L(R)_6_5,143,144,0.375,1.0,1,1,1.0
posterior parietal ba 40,Right posterior parietal (BA 40),R,1,1.44,2,1,0.375,IPL,Inferior Parietal Lobule,Parietal Lobe,1.0,A40c,IPL_L(R)_6_4,141,142,0.375,0.0,1,1,1.0
posterior part of middle temporal gyrus,Posterior part of Middle Temporal gyrus,U,1,1.44,2,1,0.375,LOcC,lateral Occipital Cortex,Occipital Lobe,1.0,V5/MT+,LOcC_L(R)_4_2,201,202,0.375,0.0,1,1,
posterior prefrontal cortex,"Right posterior prefrontal cortex (junction of 6, 8, and 44)",R,1,1.44,2,1,0.3333,MFG,Middle Frontal Gyrus,Frontal Lobe,1.0,A8vl,MFG_L(R)_7_5,23,24,0.3333,0.0,1,1,1.0
frontal insular cortex,Left frontal insular cortex,LR,1,1.44,2,1,0.375,OrG,Orbital Gyrus,Frontal Lobe,1.0,A12/47l,OrG_L(R)_6_6,51,52,0.375,1.0,1,1,1.0
frontal lobe frame gyrus,Frontal lobe frame gyrus,U,1,1.44,2,1,0.3333,MFG,Middle Frontal Gyrus,Frontal Lobe,1.0,A9/46v,MFG_L(R)_7_4,21,22,0.3333,1.0,1,1,
posterior mid cingulate cortex,Posterior mid-cingulate cortex,U,1,1.44,2,1,0.3333,CG,Cingulate Gyrus,Limbic Lobe,1.0,A23c,CG_L(R)_7_6,185,186,0.3333,0.5,1,2,
posterior mid temporal,Right posterior mid temporal,R,1,1.41,2,1,0.5,MTG,Middle Temporal Gyrus,Temporal Lobe,1.0,A21c,MTG_L(R)_4_1,81,82,0.5,0.0,1,1,1.0
posterior middle cingulate,Posterior middle cingulate,U,1,1.44,2,1,0.3333,CG,Cingulate Gyrus,Limbic Lobe,1.0,A23c,CG_L(R)_7_6,185,186,0.3333,1.0,1,1,
posterior middle cingulate cortex,posterior middle cingulate cortex,U,1,1.44,2,1,0.3333,CG,Cingulate Gyrus,Limbic Lobe,1.0,A24rv,CG_L(R)_7_2,177,178,0.3333,1.0,1,2,
posterior middle temporal ba 39,"Posterior middle temporal [BA39],",U,1,1.44,2,1,0.375,IPL,Inferior Parietal Lobule,Parietal Lobe,1.0,A39c,IPL_L(R)_6_1,135,136,0.375,0.0,1,1,
posterior middle temporal gyrus 21,L posterior middle temporal gyrus (21),L,1,1.41,2,1,0.5,MTG,Middle Temporal Gyrus,Temporal Lobe,1.0,aSTS,MTG_L(R)_4_4,87,88,0.5,1.0,1,1,1.0
posterior middle temporal gyrus ba 21 37,Right posterior middle temporal gyrus (BA21/37),R,1,1.41,2,1,0.5,MTG,Middle Temporal Gyrus,Temporal Lobe,1.0,A21c,MTG_L(R)_4_1,81,82,0.5,0.0,1,2,1.0
posterior occipital lobe,Posterior Occipital Lobe,U,1,1.44,2,1,0.375,LOcC,lateral Occipital Cortex,Occipital Lobe,1.0,OPC,LOcC_L(R)_4_3,203,204,0.375,1.0,1,1,
frontal cortex sma,"Bilateral frontal cortex (SMA,",B,1,1.44,2,1,0.3333,SFG,Superior Frontal Gyrus,Frontal Lobe,1.0,A6m,SFG_L(R)_7_5,9,10,0.3333,1.0,1,2,
frontal eye field ba 8,right frontal eye field (BA8),R,1,1.44,2,1,0.3333,MFG,Middle Frontal Gyrus,Frontal Lobe,1.0,A6vl,MFG_L(R)_7_6,25,26,0.3333,0.0,1,1,1.0
frontal inf,R-Frontal-Inf,R,1,1.44,2,1,0.3333,MFG,Middle Frontal Gyrus,Frontal Lobe,1.0,A8vl,MFG_L(R)_7_5,23,24,0.3333,0.0,1,1,1.0
frontal inf gy,Frontal_Inf_Gy,U,1,1.44,2,1,0.375,IFG,Inferior Frontal Gyrus,Frontal Lobe,1.0,A44d,IFG_L(R)_6_1,29,30,0.375,1.0,1,3,
frontal inf orb 47,Frontal_Inf_Orb (47),U,1,1.44,2,1,0.375,IFG,Inferior Frontal Gyrus,Frontal Lobe,1.0,A44op,IFG_L(R)_6_5,37,38,0.375,1.0,1,1,
frontal inferior opercularis,Right frontal inferior opercularis,R,1,1.44,2,1,0.3333,MFG,Middle Frontal Gyrus,Frontal Lobe,1.0,IFJ,MFG_L(R)_7_2,17,18,0.3333,0.0,1,1,1.0
frontal inferior orbital gyrus,R frontal inferior orbital gyrus,R,1,1.44,2,1,0.375,OrG,Orbital Gyrus,Frontal Lobe,1.0,A11l,OrG_L(R)_6_3,45,46,0.375,0.0,1,1,1.0
frontal inferior triangularis,R frontal inferior triangularis,R,1,1.44,2,1,0.375,IFG,Inferior Frontal Gyrus,Frontal Lobe,1.0,A45c,IFG_L(R)_6_3,33,34,0.375,0.0,1,1,1.0
posteror ventral part of the cingulate gyrus,Posteror-ventral part of the cingulate gyrus,U,1,1.44,2,1,0.3333,CG,Cingulate Gyrus,Limbic Lobe,1.0,A23v,CG_L(R)_7_4,181,182,0.3333,1.0,1,1,
postg,PostG,U,1,1.44,2,1,0.3333,MFG,Middle Frontal Gyrus,Frontal Lobe,1.0,IFJ,MFG_L(R)_7_2,17,18,0.3333,0.0,1,1,
fmri study,fMRI study (Kanwisher et al. 1997),U,1,1.36,2,1,0.6,FuG,Fusiform Gyrus,Temporal Lobe,1.0,A37lv,FuG_L(R)_3_3,107,108,0.6,0.3333,1,6,
forceps major,Forceps major,U,1,1.44,2,1,0.3333,CG,Cingulate Gyrus,Limbic Lobe,1.0,A23v,CG_L(R)_7_4,181,182,0.3333,0.0,1,1,
front med orbit,R front. med. orbit,R,1,1.44,2,1,0.375,OrG,Orbital Gyrus,Frontal Lobe,1.0,A14m,OrG_L(R)_6_1,41,42,0.375,0.0,1,1,1.0
front mid orbit,R front. mid. orbit.,R,1,1.44,2,1,0.375,OrG,Orbital Gyrus,Frontal Lobe,1.0,A11l,OrG_L(R)_6_3,45,46,0.375,0.0,1,1,1.0
front pole,L front. pole,L,1,1.44,2,1,0.375,OrG,Orbital Gyrus,Frontal Lobe,1.0,A12/47l,OrG_L(R)_6_6,51,52,0.375,1.0,1,1,1.0
frontal and subcortical area,Frontal and subcortical areas,U,1,1.44,2,1,0.375,IFG,Inferior Frontal Gyrus,Frontal Lobe,1.0,A44d,IFG_L(R)_6_1,29,30,0.375,1.0,1,1,
posterior superior temporal sulcus ba 21,Posterior superior temporal sulcus [BA21],U,1,1.24,2,1,0.75,pSTS,posterior Superior Temporal Sulcus,Temporal Lobe,1.0,cpSTS,pSTS_L(R)_2_2,123,124,0.75,1.0,1,1,
posterior temporal,Left Posterior Temporal,L,1,1.44,2,1,0.375,LOcC,lateral Occipital Cortex,Occipital Lobe,1.0,V5/MT+,LOcC_L(R)_4_2,201,202,0.375,1.0,1,1,1.0
posterior thalamic nucleus,Posterior Thalamic Nucleus,U,1,1.44,2,1,0.3,Tha,Thalamus,Subcortical Nuclei,1.0,PPtha,Tha_L(R)_8_5,239,240,0.3,1.0,1,1,
posterior transverse collateral sulcus,Posterior transverse collateral sulcus,U,1,1.44,2,1,0.4286,MVOcC,MedioVentral Occipital Cortex,Occipital Lobe,1.0,rLinG,MVOcC_L(R)_5_4,195,196,0.4286,1.0,1,1,
posterior vlpfc,Right posterior vlPFC,R,1,1.44,2,1,0.375,IFG,Inferior Frontal Gyrus,Frontal Lobe,1.0,A44op,IFG_L(R)_6_5,37,38,0.375,0.0,1,1,1.0
posterior vot,Left posterior vOT,L,1,1.36,2,1,0.6,FuG,Fusiform Gyrus,Temporal Lobe,1.0,A37lv,FuG_L(R)_3_3,107,108,0.6,1.0,1,1,1.0
posterolateral temporal lobe,L posterolateral temporal lobe,L,1,1.24,2,1,0.75,pSTS,posterior Superior Temporal Sulcus,Temporal Lobe,1.0,rpSTS,pSTS_L(R)_2_1,121,122,0.75,1.0,1,1,1.0
posteror transverse collateral sulcus,Posteror transverse collateral sulcus,U,1,1.44,2,1,0.4286,MVOcC,MedioVentral Occipital Cortex,Occipital Lobe,1.0,rLinG,MVOcC_L(R)_5_4,195,196,0.4286,1.0,1,1,
posterior rostral medial frontal area,Posterior rostral medial frontal area (R),R,1,1.44,2,1,0.3333,SFG,Superior Frontal Gyrus,Frontal Lobe,1.0,A8dl,SFG_L(R)_7_2,3,4,0.3333,0.0,1,1,1.0
posterior superior and middle temporal gyrus,left posterior superior and middle temporal gyrus,L,1,1.41,2,1,0.5,MTG,Middle Temporal Gyrus,Temporal Lobe,1.0,A21c,MTG_L(R)_4_1,81,82,0.5,1.0,1,1,1.0
posterior superior tem poral cortex,Posterior superior tem poral cortex,U,1,1.24,2,1,0.75,pSTS,posterior Superior Temporal Sulcus,Temporal Lobe,1.0,rpSTS,pSTS_L(R)_2_1,121,122,0.75,1.0,1,1,
posterior superior temporal gyrus ba 22,Posterior superior temporal gyrus (BA 22),U,1,1.44,2,1,0.375,IPL,Inferior Parietal Lobule,Parietal Lobe,1.0,A40c,IPL_L(R)_6_4,141,142,0.375,0.0,1,1,
posterior superior temporal gyrus ba 41,Posterior superior temporal gyrus (BA 41),U,1,1.24,2,1,0.75,pSTS,posterior Superior Temporal Sulcus,Temporal Lobe,1.0,cpSTS,pSTS_L(R)_2_2,123,124,0.75,0.0,1,1,
posterior superior temporal gyrusa,Posterior superior temporal gyrusa,U,1,1.24,2,1,0.75,pSTS,posterior Superior Temporal Sulcus,Temporal Lobe,1.0,cpSTS,pSTS_L(R)_2_2,123,124,0.75,1.0,1,1,
posterior superior temporal sulcus and angular gyrus,Posterior superior temporal sulcus and angular gyrus,U,1,1.44,2,1,0.375,IPL,Inferior Parietal Lobule,Parietal Lobe,1.0,A39c,IPL_L(R)_6_1,135,136,0.375,0.0,1,1,
posterior superior temporal sulcus and gyrus,Posterior superior temporal sulcus and gyrus,U,1,1.24,2,1,0.75,pSTS,posterior Superior Temporal Sulcus,Temporal Lobe,1.0,rpSTS,pSTS_L(R)_2_1,121,122,0.75,0.0,1,1,
fefs,FEFs,U,1,1.44,2,1,0.375,PrG,Precentral Gyrus,Frontal Lobe,1.0,A6cdl,PrG_L(R)_6_2,55,56,0.375,0.0,1,2,
ffa1 mask,L FFA1 mask,LR,1,1.36,2,1,0.6,FuG,Fusiform Gyrus,Temporal Lobe,1.0,A37lv,FuG_L(R)_3_3,107,108,0.6,1.0,1,3,1.0
ffa2 mask,L FFA2 mask,LR,1,1.36,2,1,0.6,FuG,Fusiform Gyrus,Temporal Lobe,1.0,A37lv,FuG_L(R)_3_3,107,108,0.6,1.0,1,3,1.0
ffsiform gyrus 37,L Ffsiform gyrus (37),L,1,1.44,2,1,0.3333,ITG,Inferior Temporal Gyrus,Temporal Lobe,1.0,A20cl,ITG_L(R)_7_6,99,100,0.3333,1.0,1,1,1.0
fimbria,Fimbria,U,1,1.24,2,1,0.75,Hipp,Hippocampus,Subcortical Nuclei,1.0,cHipp,Hipp_L(R)_2_2,217,218,0.75,1.0,1,1,
first and second heschls gyrus,Left first and second Heschl’s Gyrus,LR,1,1.44,2,1,0.375,STG,Superior Temporal Gyrus,Temporal Lobe,1.0,TE1.0 and TE1.2,STG_L(R)_6_3,73,74,0.375,0.0,1,1,1.0
pre sma sphere,preSMA_sphere,U,1,1.44,2,1,0.3333,SFG,Superior Frontal Gyrus,Frontal Lobe,1.0,A8m,SFG_L(R)_7_1,1,2,0.3333,1.0,1,1,
pre supplementary motor area ba 6,Pre-supplementary motor area (BA 6),U,1,1.44,2,1,0.3333,SFG,Superior Frontal Gyrus,Frontal Lobe,1.0,A8m,SFG_L(R)_7_1,1,2,0.3333,1.0,1,2,
f middle gyrus,R F middle gyrus,R,1,1.44,2,1,0.3333,MFG,Middle Frontal Gyrus,Frontal Lobe,1.0,A8vl,MFG_L(R)_7_5,23,24,0.3333,0.0,1,1,1.0
f middle temporal gyrus,F L Middle Temporal Gyrus,L,1,1.44,2,1,0.375,STG,Superior Temporal Gyrus,Temporal Lobe,1.0,A22c,STG_L(R)_6_4,75,76,0.375,1.0,1,1,1.0
f3t,F3t,U,1,1.44,2,1,0.375,IFG,Inferior Frontal Gyrus,Frontal Lobe,1.0,IFS,IFG_L(R)_6_2,31,32,0.375,1.0,1,1,
fba,FBA,U,1,1.36,2,1,0.6,FuG,Fusiform Gyrus,Temporal Lobe,1.0,A37lv,FuG_L(R)_3_3,107,108,0.6,0.0,1,1,
fef 8,FEF(8),U,1,1.44,2,1,0.3333,SFG,Superior Frontal Gyrus,Frontal Lobe,1.0,A8m,SFG_L(R)_7_1,1,2,0.3333,0.0,1,1,
fef ba 9,R. FEF BA9,R,1,1.44,2,1,0.375,PrG,Precentral Gyrus,Frontal Lobe,1.0,A6cvl,PrG_L(R)_6_6,63,64,0.375,0.0,1,1,1.0
fef lat,Left FEF lat,L,1,1.44,2,1,0.3333,MFG,Middle Frontal Gyrus,Frontal Lobe,1.0,IFJ,MFG_L(R)_7_2,17,18,0.3333,0.0,1,1,0.0
fef left2,FEF left2,U,1,1.44,2,1,0.375,PrG,Precentral Gyrus,Frontal Lobe,1.0,A6cvl,PrG_L(R)_6_6,63,64,0.375,1.0,1,1,
pre central g,Right pre−central g.,R,1,1.44,2,1,0.375,INS,Insular Gyrus,Insular Lobe,1.0,G,INS_L(R)_6_1,163,164,0.375,0.0,1,1,1.0
pre central gy,Pre-Central Gy???,U,1,1.44,2,1,0.375,PrG,Precentral Gyrus,Frontal Lobe,1.0,A4ul,PrG_L(R)_6_3,57,58,0.375,1.0,1,1,
pre central gyo,Pre-Central GyO,U,1,1.44,2,1,0.375,PrG,Precentral Gyrus,Frontal Lobe,1.0,A4ul,PrG_L(R)_6_3,57,58,0.375,1.0,1,1,
pre central gyrus ba 4,Pre-central gyrus (BA 4),U,1,1.44,2,1,0.375,PrG,Precentral Gyrus,Frontal Lobe,1.0,A6cdl,PrG_L(R)_6_2,55,56,0.375,1.0,1,1,
pre central gyrus1,Left pre-central gyrus1,L,1,1.44,2,1,0.375,IFG,Inferior Frontal Gyrus,Frontal Lobe,1.0,A44d,IFG_L(R)_6_1,29,30,0.375,1.0,1,1,1.0
pre cuneus,Pre-cuneus,U,1,1.44,2,1,0.3333,CG,Cingulate Gyrus,Limbic Lobe,1.0,A23d,CG_L(R)_7_1,175,176,0.3333,1.0,1,1,
pre post central gyrus,L pre–post central gyrus,L,1,1.44,2,1,0.375,PrG,Precentral Gyrus,Frontal Lobe,1.0,A4ul,PrG_L(R)_6_3,57,58,0.375,1.0,1,1,1.0
extrastriate body area,Extrastriate body area,U,1,1.44,2,1,0.375,LOcC,lateral Occipital Cortex,Occipital Lobe,1.0,V5/MT+,LOcC_L(R)_4_2,201,202,0.375,0.0,1,1,
postr parietal gyr,Postr. Parietal gyr.,U,1,1.44,2,1,0.375,IPL,Inferior Parietal Lobule,Parietal Lobe,1.0,A39c,IPL_L(R)_6_1,135,136,0.375,0.0,1,1,
ppc ba 5,PPC(BA5),U,1,1.44,2,1,0.4286,SPL,Superior Parietal Lobule,Parietal Lobe,1.0,A7pc,SPL_L(R)_5_4,131,132,0.4286,0.0,1,1,
ppc ba 7,PPC (BA7),U,1,1.44,2,1,0.375,IPL,Inferior Parietal Lobule,Parietal Lobe,1.0,A39rd,IPL_L(R)_6_2,137,138,0.375,0.0,1,1,
prcg d,PrCg-d,U,1,1.44,2,1,0.375,PrG,Precentral Gyrus,Frontal Lobe,1.0,A4hf,PrG_L(R)_6_1,53,54,0.375,1.0,1,1,
prcg v,PrCg-v,U,1,1.41,2,1,0.5,PoG,Postcentral Gyrus,Parietal Lobe,1.0,A1/2/3ulhf,PoG_L(R)_4_1,155,156,0.5,1.0,1,1,
pre,PRE,U,1,1.41,2,1,0.5,Pcun,Precuneus,Parietal Lobe,1.0,dmPOS,PCun_L(R)_4_3,151,152,0.5,1.0,1,2,
pre and postcentral gyrus ba 3 4,Pre- and postcentral gyri (BA3/4),U,1,1.44,2,1,0.375,PrG,Precentral Gyrus,Frontal Lobe,1.0,A4hf,PrG_L(R)_6_1,53,54,0.375,1.0,1,1,
pre central,Pre−central,U,1,1.44,2,1,0.375,PrG,Precentral Gyrus,Frontal Lobe,1.0,A6cdl,PrG_L(R)_6_2,55,56,0.375,1.0,1,1,
dpm,dPM,U,1,1.44,2,1,0.375,PrG,Precentral Gyrus,Frontal Lobe,1.0,A6cdl,PrG_L(R)_6_2,55,56,0.375,1.0,1,1,
dpmc 6,dPMC (6),U,1,1.44,2,1,0.375,INS,Insular Gyrus,Insular Lobe,1.0,G,INS_L(R)_6_1,163,164,0.375,0.0,1,1,
e hippocampus,E L Hippocampus,L,1,1.24,2,1,0.75,Hipp,Hippocampus,Subcortical Nuclei,1.0,cHipp,Hipp_L(R)_2_2,217,218,0.75,1.0,1,1,1.0
early visual area,Early Visual Areas,U,1,1.44,2,1,0.4286,MVOcC,MedioVentral Occipital Cortex,Occipital Lobe,1.0,cCunG,MVOcC_L(R)_5_3,193,194,0.4286,1.0,1,1,
enthorinal cortex,Enthorinal Cortex,U,1,1.44,2,1,0.375,PhG,Parahippocampal Gyrus,Temporal Lobe,1.0,A35/36c,PhG_L(R)_6_2,111,112,0.375,1.0,1,1,
entorhinal,Right Entorhinal,R,1,1.44,2,1,0.375,PhG,Parahippocampal Gyrus,Temporal Lobe,1.0,A28/34,PhG_L(R)_6_4,115,116,0.375,0.0,1,1,1.0
entorhinal cortex 30,Entorhinal cortex [30],U,1,1.44,2,1,0.375,STG,Superior Temporal Gyrus,Temporal Lobe,1.0,A38m,STG_L(R)_6_1,69,70,0.375,0.0,1,1,
evc,EVC,U,1,1.44,2,1,0.375,LOcC,lateral Occipital Cortex,Occipital Lobe,1.0,OPC,LOcC_L(R)_4_3,203,204,0.375,0.0,1,2,
dorsolateral premotor cortex,Dorsolateral premotor cortex (PMd),U,1,1.44,2,1,0.375,PrG,Precentral Gyrus,Frontal Lobe,1.0,A4hf,PrG_L(R)_6_1,53,54,0.375,1.0,1,1,
dorsolateral visual cortex 18,Dorsolateral visual cortex (18),U,1,1.44,2,1,0.375,LOcC,lateral Occipital Cortex,Occipital Lobe,1.0,mOccG,LOcC_L(R)_4_1,199,200,0.375,1.0,1,1,
dorsoloateral prefrontal cortex,dorsoloateral prefrontal cortex,U,1,1.44,2,1,0.3333,MFG,Middle Frontal Gyrus,Frontal Lobe,1.0,A8vl,MFG_L(R)_7_5,23,24,0.3333,0.5,1,2,
dorsomedial prefrontal cortex ba 8,Dorsomedial prefrontal cortex (BA 8),U,1,1.44,2,1,0.3333,SFG,Superior Frontal Gyrus,Frontal Lobe,1.0,A9l,SFG_L(R)_7_3,5,6,0.3333,0.0,1,1,
dorsomedial prefrontal cortex ba 9,Dorsomedial prefrontal cortex (BA 9)**,U,1,1.44,2,1,0.3333,SFG,Superior Frontal Gyrus,Frontal Lobe,1.0,A9m,SFG_L(R)_7_6,11,12,0.3333,0.5,1,4,
dorsomedial prefrontal gyrus,L dorsomedial prefrontal gyrus,L,1,1.44,2,1,0.375,BG,Basal Ganglia,Subcortical Nuclei,1.0,dCa,BG_L(R)_6_5,227,228,0.375,0.0,1,1,0.0
dpcc,L dPCC,L,1,1.44,2,1,0.3333,SFG,Superior Frontal Gyrus,Frontal Lobe,1.0,A9m,SFG_L(R)_7_6,11,12,0.3333,0.0,1,1,0.0
dpins,Right dpINS,R,1,1.44,2,1,0.375,INS,Insular Gyrus,Insular Lobe,1.0,G,INS_L(R)_6_1,163,164,0.375,0.0,1,1,1.0
precentral ba 44,L Precentral (BA 44),L,1,1.44,2,1,0.375,PrG,Precentral Gyrus,Frontal Lobe,1.0,A6cvl,PrG_L(R)_6_6,63,64,0.375,1.0,1,1,1.0
precentral ba 6,R Precentral (BA 6),R,1,1.44,2,1,0.375,PrG,Precentral Gyrus,Frontal Lobe,1.0,A6cdl,PrG_L(R)_6_2,55,56,0.375,0.0,1,1,1.0
precentral frontal gyrus,R Precentral Frontal Gyrus,R,1,1.44,2,1,0.375,PrG,Precentral Gyrus,Frontal Lobe,1.0,A6cvl,PrG_L(R)_6_6,63,64,0.375,0.0,1,1,1.0
precentral g ba 9,Precentral G. (BA 9),U,1,1.44,2,1,0.3333,MFG,Middle Frontal Gyrus,Frontal Lobe,1.0,A8vl,MFG_L(R)_7_5,23,24,0.3333,0.0,1,1,
dorsolateral prefrontal cortex ba 10 4,Dorsolateral prefrontal cortex (BA 10) 4,U,1,1.44,2,1,0.3333,MFG,Middle Frontal Gyrus,Frontal Lobe,1.0,A46,MFG_L(R)_7_3,19,20,0.3333,0.0,1,1,
dorsolateral prefrontal cortex ba 9,Left dorsolateral prefrontal cortex (BA9),L,1,1.44,2,1,0.3333,MFG,Middle Frontal Gyrus,Frontal Lobe,1.0,A9/46d,MFG_L(R)_7_1,15,16,0.3333,1.0,1,1,1.0
dorsolateral prefrontal cortex5,Dorsolateral prefrontal cortex5,U,1,1.44,2,1,0.3333,MFG,Middle Frontal Gyrus,Frontal Lobe,1.0,A46,MFG_L(R)_7_3,19,20,0.3333,0.0,1,1,
dorsolateral prefrontal ctx,Dorsolateral Prefrontal Ctx (dlPFC),U,1,1.44,2,1,0.3333,MFG,Middle Frontal Gyrus,Frontal Lobe,1.0,IFJ,MFG_L(R)_7_2,17,18,0.3333,1.0,1,1,
pre supplementary motor area ba 6 8,Pre-Supplementary Motor Area (BA 6/8),U,1,1.44,2,1,0.3333,SFG,Superior Frontal Gyrus,Frontal Lobe,1.0,A8m,SFG_L(R)_7_1,1,2,0.3333,0.0,1,1,
pre supplementary motor cortex,pre-Supplementary Motor Cortex,U,1,1.44,2,1,0.375,BG,Basal Ganglia,Subcortical Nuclei,1.0,dCa,BG_L(R)_6_5,227,228,0.375,0.0,1,1,
prea,Right PREa,LR,1,1.41,2,1,0.5,Pcun,Precuneus,Parietal Lobe,1.0,A31,PCun_L(R)_4_4,153,154,0.5,1.0,1,1,1.0
prec gyr,Prec. gyr.,U,1,1.41,2,1,0.5,PoG,Postcentral Gyrus,Parietal Lobe,1.0,A1/2/3ulhf,PoG_L(R)_4_1,155,156,0.5,1.0,1,1,
prec gyrus,Prec. gyrus,U,1,1.44,2,1,0.375,PrG,Precentral Gyrus,Frontal Lobe,1.0,A6cdl,PrG_L(R)_6_2,55,56,0.375,0.0,1,1,
precenrtal g,Precenrtal G(R),R,1,1.44,2,1,0.375,PrG,Precentral Gyrus,Frontal Lobe,1.0,A6cvl,PrG_L(R)_6_6,63,64,0.375,0.0,1,1,1.0
precentral and middle frontal gyrus,Precentral and middle frontal gyrus,U,1,1.44,2,1,0.375,PrG,Precentral Gyrus,Frontal Lobe,1.0,A6cvl,PrG_L(R)_6_6,63,64,0.375,1.0,1,1,
precentral and postcentral gyrus 4 1 2 3,"Left precentral and postcentral gyri (4, 1, 2, 3)",L,1,1.44,2,1,0.375,PrG,Precentral Gyrus,Frontal Lobe,1.0,A4hf,PrG_L(R)_6_1,53,54,0.375,1.0,1,1,1.0
dorsal premotor area,Dorsal premotor area,U,1,1.44,2,1,0.3333,MFG,Middle Frontal Gyrus,Frontal Lobe,1.0,A6vl,MFG_L(R)_7_6,25,26,0.3333,0.5,1,2,
dorsal sfg,Dorsal SFG,U,1,1.44,2,1,0.3333,SFG,Superior Frontal Gyrus,Frontal Lobe,1.0,A8dl,SFG_L(R)_7_2,3,4,0.3333,1.0,1,1,
dorsalateral prefrontal cortex,(R) dorsalateral prefrontal cortex,R,1,1.44,2,1,0.3333,MFG,Middle Frontal Gyrus,Frontal Lobe,1.0,A9/46d,MFG_L(R)_7_1,15,16,0.3333,0.0,1,1,1.0
dorso medial prefrontal cortex,Dorso-medial prefrontal cortex,U,1,1.44,2,1,0.3333,SFG,Superior Frontal Gyrus,Frontal Lobe,1.0,A9l,SFG_L(R)_7_3,5,6,0.3333,1.0,1,1,
dorso ventral pfc,Dorso-ventral PFC,U,1,1.44,2,1,0.3333,MFG,Middle Frontal Gyrus,Frontal Lobe,1.0,A8vl,MFG_L(R)_7_5,23,24,0.3333,0.0,1,1,
dorsolateral frontal cortex,l Dorsolateral frontal cortex (middle frontal gyrus),L,1,1.44,2,1,0.375,PrG,Precentral Gyrus,Frontal Lobe,1.0,A6cvl,PrG_L(R)_6_6,63,64,0.375,1.0,1,1,1.0
dorsolateral pfc ba 6 46,"Right dorsolateral PFC (BA 6, 46)",R,1,1.44,2,1,0.3333,MFG,Middle Frontal Gyrus,Frontal Lobe,1.0,A6vl,MFG_L(R)_7_6,25,26,0.3333,0.0,1,1,1.0
dorsolateral prefontral cortex,Dorsolateral prefontral cortex,U,1,1.44,2,1,0.3333,MFG,Middle Frontal Gyrus,Frontal Lobe,1.0,A46,MFG_L(R)_7_3,19,20,0.3333,1.0,1,1,
precentral lobe ba 4,Precentral lobe BA4,U,1,1.44,2,1,0.375,PrG,Precentral Gyrus,Frontal Lobe,1.0,A4t,PrG_L(R)_6_4,59,60,0.375,0.0,1,1,
precentral region,Precentral region,U,1,1.44,2,1,0.375,PrG,Precentral Gyrus,Frontal Lobe,1.0,A4hf,PrG_L(R)_6_1,53,54,0.375,1.0,1,1,
precentral sulcus and middle frontal gyrus,Precentral sulcus and middle frontal gyrus,U,1,1.44,2,1,0.3333,MFG,Middle Frontal Gyrus,Frontal Lobe,1.0,A6vl,MFG_L(R)_7_6,25,26,0.3333,1.0,1,1,
precentral sulcus ba 6,R. precentral sulcus (BA 6),R,1,1.44,2,1,0.3333,MFG,Middle Frontal Gyrus,Frontal Lobe,1.0,IFJ,MFG_L(R)_7_2,17,18,0.3333,0.0,1,1,1.0
precentral white matter,L precentral white matter,L,1,1.24,2,1,0.75,PCL,Paracentral Lobule,Frontal Lobe,1.0,A4ll,PCL_L(R)_2_2,67,68,0.75,1.0,1,1,1.0
precentralgyrus 6,PrecentralGyrus (6),U,1,1.44,2,1,0.375,PrG,Precentral Gyrus,Frontal Lobe,1.0,A4ul,PrG_L(R)_6_3,57,58,0.375,0.0,1,1,
dorsal posterior insula,Left dorsal posterior insula,L,1,1.44,2,1,0.375,INS,Insular Gyrus,Insular Lobe,1.0,G,INS_L(R)_6_1,163,164,0.375,1.0,1,1,1.0
dorsal precuneus,Dorsal precuneus,U,1,1.44,2,1,0.4286,SPL,Superior Parietal Lobule,Parietal Lobe,1.0,A7c,SPL_L(R)_5_2,127,128,0.4286,0.5,1,2,
precentral gyrus ba 6 2,Precentral gyrus (BA6)2,U,1,1.44,2,1,0.375,PrG,Precentral Gyrus,Frontal Lobe,1.0,A6cdl,PrG_L(R)_6_2,55,56,0.375,0.0,1,1,
precentral gyrus medial segment,Precentral Gyrus Medial Segment,U,1,1.24,2,1,0.75,PCL,Paracentral Lobule,Frontal Lobe,1.0,A4ll,PCL_L(R)_2_2,67,68,0.75,0.0,1,1,
precentral gyrus rb,Precentral gyrus Rb,U,1,1.41,2,1,0.5,PoG,Postcentral Gyrus,Parietal Lobe,1.0,A1/2/3ulhf,PoG_L(R)_4_1,155,156,0.5,0.0,1,1,
precentral gyrusa,Precentral gyrusa,U,1,1.44,2,1,0.375,PrG,Precentral Gyrus,Frontal Lobe,1.0,A4tl,PrG_L(R)_6_5,61,62,0.375,0.0,1,1,
precentral gyrusc,L precentral gyrusc,L,1,1.44,2,1,0.375,IFG,Inferior Frontal Gyrus,Frontal Lobe,1.0,A44v,IFG_L(R)_6_6,39,40,0.375,1.0,1,1,1.0
precentral gyruse,Precentral gyruse,U,1,1.44,2,1,0.375,PrG,Precentral Gyrus,Frontal Lobe,1.0,A6cdl,PrG_L(R)_6_2,55,56,0.375,1.0,1,1,
precentral gyurs,Precentral gyurs,U,1,1.44,2,1,0.375,PrG,Precentral Gyrus,Frontal Lobe,1.0,A4ul,PrG_L(R)_6_3,57,58,0.375,0.0,1,1,
precentral li,Precentral_Li,U,1,1.41,2,1,0.5,PoG,Postcentral Gyrus,Parietal Lobe,1.0,A1/2/3ulhf,PoG_L(R)_4_1,155,156,0.5,1.0,1,1,
executive network,Executive network (central executive),U,1,1.44,2,1,0.375,IFG,Inferior Frontal Gyrus,Frontal Lobe,1.0,IFS,IFG_L(R)_6_2,31,32,0.375,0.0,1,1,
ext insula,Ext. insula,U,1,1.44,2,1,0.375,IFG,Inferior Frontal Gyrus,Frontal Lobe,1.0,A44op,IFG_L(R)_6_5,37,38,0.375,1.0,1,1,
precentral gyrus 3,Left Precentral Gyrus (3),L,1,1.44,2,1,0.3333,SFG,Superior Frontal Gyrus,Frontal Lobe,1.0,A8dl,SFG_L(R)_7_2,3,4,0.3333,0.0,1,1,0.0
precentral gyrus 4 6,Left precentral gyrus (4/6),L,1,1.44,2,1,0.375,PrG,Precentral Gyrus,Frontal Lobe,1.0,A6cdl,PrG_L(R)_6_2,55,56,0.375,1.0,1,1,1.0
precentral gyrus ba 13,Precentral gyrus (BA 13),U,1,1.41,2,1,0.5,PoG,Postcentral Gyrus,Parietal Lobe,1.0,A1/2/3tonIa,PoG_L(R)_4_2,157,158,0.5,0.0,1,1,
precentral gyrus ba 4 include middle frontal gyrus ba 6,R Precentral Gyrus (BA 4) Include: Middle Frontal Gyrus (BA 6),R,1,1.44,2,1,0.375,PrG,Precentral Gyrus,Frontal Lobe,1.0,A4hf,PrG_L(R)_6_1,53,54,0.375,0.0,1,1,1.0
precentral gyrus ba 43,Precentral gyrus (BA 43),U,1,1.41,2,1,0.5,PoG,Postcentral Gyrus,Parietal Lobe,1.0,A1/2/3tonIa,PoG_L(R)_4_2,157,158,0.5,1.0,1,1,
precentral gyrus ba 5,R precentral gyrus (BA 5),R,1,1.41,2,1,0.5,PoG,Postcentral Gyrus,Parietal Lobe,1.0,A2,PoG_L(R)_4_3,159,160,0.5,0.0,1,1,1.0
dorsal hippocampus,Dorsal hippocampus (L),L,1,1.44,2,1,0.375,INS,Insular Gyrus,Insular Lobe,1.0,G,INS_L(R)_6_1,163,164,0.375,1.0,1,1,1.0
dorsal inferior frontal g,L dorsal inferior frontal g,L,1,1.44,2,1,0.375,IFG,Inferior Frontal Gyrus,Frontal Lobe,1.0,A44d,IFG_L(R)_6_1,29,30,0.375,1.0,1,1,1.0
dorsal inferior frontal gyrus,L. dorsal Inferior Frontal Gyrus,L,1,1.44,2,1,0.375,PrG,Precentral Gyrus,Frontal Lobe,1.0,A6cvl,PrG_L(R)_6_6,63,64,0.375,0.0,1,1,0.0
dorsal ips,Left dorsal IPS,L,1,1.44,2,1,0.4286,MVOcC,MedioVentral Occipital Cortex,Occipital Lobe,1.0,vmPOS,MVOcC_L(R)_5_5,197,198,0.4286,1.0,1,1,1.0
dorsal lateral pmc,Dorsal Lateral PMC,U,1,1.44,2,1,0.375,PrG,Precentral Gyrus,Frontal Lobe,1.0,A6cdl,PrG_L(R)_6_2,55,56,0.375,1.0,1,1,
dorsal lateral prefrontal cortex 46 10 9,Right dorsal lateral prefrontal cortex (46/10/9),R,1,1.44,2,1,0.3333,MFG,Middle Frontal Gyrus,Frontal Lobe,1.0,A9/46v,MFG_L(R)_7_4,21,22,0.3333,0.0,1,1,1.0
dorsal lateral prefrontal cortex 9,Left dorsal lateral prefrontal cortex (9),L,1,1.44,2,1,0.3333,MFG,Middle Frontal Gyrus,Frontal Lobe,1.0,IFJ,MFG_L(R)_7_2,17,18,0.3333,1.0,1,1,1.0
dorsal lateral prefrontal cortex 9 10,Left dorsal lateral prefrontal cortex (9/10),L,1,1.44,2,1,0.3333,MFG,Middle Frontal Gyrus,Frontal Lobe,1.0,A9/46d,MFG_L(R)_7_1,15,16,0.3333,1.0,1,1,1.0
precunneus,Precunneus_R,R,1,1.41,2,1,0.5,Pcun,Precuneus,Parietal Lobe,1.0,dmPOS,PCun_L(R)_4_3,151,152,0.5,0.0,1,1,1.0
prefontal cortex,Prefontal cortex,U,1,1.44,2,1,0.375,PrG,Precentral Gyrus,Frontal Lobe,1.0,A4hf,PrG_L(R)_6_1,53,54,0.375,0.0,1,1,
dorsal anterior cingulate ba 24,Dorsal Anterior Cingulate (BA 24),U,1,1.44,2,1,0.3333,CG,Cingulate Gyrus,Limbic Lobe,1.0,A24cd,CG_L(R)_7_5,183,184,0.3333,1.0,1,1,
dorsal anterior cingulate cortex 24 32,Bilateral dorsal anterior cingulate cortex (24/32),B,1,1.44,2,1,0.3333,CG,Cingulate Gyrus,Limbic Lobe,1.0,A24cd,CG_L(R)_7_5,183,184,0.3333,0.0,1,1,
dorsal anterior cingulate gyrus,Left dorsal anterior cingulate gyrus,L,1,1.44,2,1,0.3333,CG,Cingulate Gyrus,Limbic Lobe,1.0,A24cd,CG_L(R)_7_5,183,184,0.3333,1.0,1,1,1.0
dorsal cingulate cortex,Dorsal Cingulate Cortex,U,1,1.44,2,1,0.3333,CG,Cingulate Gyrus,Limbic Lobe,1.0,A24rv,CG_L(R)_7_2,177,178,0.3333,0.0,1,1,
dorsal frontal cortex,Dorsal Frontal Cortex,U,1,1.44,2,1,0.3333,SFG,Superior Frontal Gyrus,Frontal Lobe,1.0,A8m,SFG_L(R)_7_1,1,2,0.3333,1.0,1,1,
dorsal frontomedian cortex,Dorsal frontomedian cortex,U,1,1.44,2,1,0.3333,CG,Cingulate Gyrus,Limbic Lobe,1.0,A32sg,CG_L(R)_7_7,187,188,0.3333,0.0,1,1,
precuneas,Precuneas,U,1,1.44,2,1,0.3333,CG,Cingulate Gyrus,Limbic Lobe,1.0,A23d,CG_L(R)_7_1,175,176,0.3333,0.0,1,1,
precuneous c,Precuneous C.,U,1,1.41,2,1,0.5,Pcun,Precuneus,Parietal Lobe,1.0,A31,PCun_L(R)_4_4,153,154,0.5,0.0,1,1,
precunes ba 7,LH precunes (BA 7),L,1,1.41,2,1,0.5,Pcun,Precuneus,Parietal Lobe,1.0,A31,PCun_L(R)_4_4,153,154,0.5,0.0,1,1,0.0
precuneus 28,Precuneus [28]*,U,1,1.44,2,1,0.375,LOcC,lateral Occipital Cortex,Occipital Lobe,1.0,lsOccG,LOcC_L(R)_2_2,209,210,0.375,0.0,1,1,
precuneus 7 19,Right precuneus (7/19),R,1,1.44,2,1,0.375,LOcC,lateral Occipital Cortex,Occipital Lobe,1.0,lsOccG,LOcC_L(R)_2_2,209,210,0.375,0.0,1,1,1.0
precuneus and cingulate gyrus 7 31,"Right precuneus and cingulate gyrus (7, 31)",R,1,1.24,2,1,0.75,PCL,Paracentral Lobule,Frontal Lobe,1.0,A1/2/3ll,PCL_L(R)_2_1,65,66,0.75,0.0,1,1,1.0
precuneus ba 5,Left precuneus (BA5),L,1,1.44,2,1,0.4286,SPL,Superior Parietal Lobule,Parietal Lobe,1.0,A7r,SPL_L(R)_5_1,125,126,0.4286,1.0,1,1,1.0
precuneuso,PrecuneusO,U,1,1.44,2,1,0.375,IPL,Inferior Parietal Lobule,Parietal Lobe,1.0,A39rd,IPL_L(R)_6_2,137,138,0.375,0.0,1,1,
dorsolateral prefronatl cortex,L dorsolateral prefronatl cortex,L,1,1.44,2,1,0.375,PrG,Precentral Gyrus,Frontal Lobe,1.0,A6cvl,PrG_L(R)_6_6,63,64,0.375,1.0,1,1,1.0
dorsolateral prefrontal,Left dorsolateral prefrontal,LR,1,1.44,2,1,0.3333,MFG,Middle Frontal Gyrus,Frontal Lobe,1.0,A8vl,MFG_L(R)_7_5,23,24,0.3333,1.0,1,1,1.0
dorsolateral prefrontal cortex 46,L dorsolateral prefrontal cortex (46),L,1,1.44,2,1,0.3333,MFG,Middle Frontal Gyrus,Frontal Lobe,1.0,A9/46v,MFG_L(R)_7_4,21,22,0.3333,1.0,1,2,1.0
dorsolateral prefrontal cortex ba 10,Dorsolateral prefrontal cortex (BA 10) ???,U,1,1.44,2,1,0.3333,MFG,Middle Frontal Gyrus,Frontal Lobe,1.0,A46,MFG_L(R)_7_3,19,20,0.3333,0.0,1,1,
precg 4,PreCG (4),U,1,1.41,2,1,0.5,PoG,Postcentral Gyrus,Parietal Lobe,1.0,A1/2/3ulhf,PoG_L(R)_4_1,155,156,0.5,1.0,1,1,
precg 43,PreCG (43),U,1,1.41,2,1,0.5,PoG,Postcentral Gyrus,Parietal Lobe,1.0,A1/2/3tonIa,PoG_L(R)_4_2,157,158,0.5,0.0,1,1,
precs,PreCS,U,1,1.44,2,1,0.375,PrG,Precentral Gyrus,Frontal Lobe,1.0,A6cvl,PrG_L(R)_6_6,63,64,0.375,0.0,1,1,
precuneal cortex,Precuneal cortex,U,1,1.41,2,1,0.5,Pcun,Precuneus,Parietal Lobe,1.0,dmPOS,PCun_L(R)_4_3,151,152,0.5,1.0,1,1,
primary motor area ba 6,Primary motor area (BA6),U,1,1.44,2,1,0.3333,SFG,Superior Frontal Gyrus,Frontal Lobe,1.0,A8dl,SFG_L(R)_7_2,3,4,0.3333,0.0,1,1,
primary motor cortex leg area,Primary motor cortex (BA 4a) leg area,U,1,1.24,2,1,0.75,PCL,Paracentral Lobule,Frontal Lobe,1.0,A4ll,PCL_L(R)_2_2,67,68,0.75,1.0,1,2,
primary olfactory area,Primary olfactory areas,U,1,1.24,2,1,0.75,Hipp,Hippocampus,Subcortical Nuclei,1.0,rHipp,Hipp_L(R)_2_1,215,216,0.75,0.0,1,1,
primary sensorimotor cortex,left primary sensorimotor cortex,L,1,1.44,2,1,0.375,PrG,Precentral Gyrus,Frontal Lobe,1.0,A4ul,PrG_L(R)_6_3,57,58,0.375,1.0,1,1,1.0
primary visual,Primary visual,U,1,1.44,2,1,0.4286,MVOcC,MedioVentral Occipital Cortex,Occipital Lobe,1.0,cLinG,MVOcC_L(R)_5_1,189,190,0.4286,1.0,1,1,
primary visual region,Primary visual region,U,1,1.41,2,1,0.5,Pcun,Precuneus,Parietal Lobe,1.0,dmPOS,PCun_L(R)_4_3,151,152,0.5,0.0,1,1,
procuneous cortex,Procuneous Cortex,U,1,1.41,2,1,0.5,Pcun,Precuneus,Parietal Lobe,1.0,dmPOS,PCun_L(R)_4_3,151,152,0.5,0.0,1,1,
psfg,pSFG,U,1,1.44,2,1,0.375,PrG,Precentral Gyrus,Frontal Lobe,1.0,A6cdl,PrG_L(R)_6_2,55,56,0.375,0.0,1,1,
pregenual cing,Pregenual cing,U,1,1.44,2,1,0.3333,CG,Cingulate Gyrus,Limbic Lobe,1.0,A32sg,CG_L(R)_7_7,187,188,0.3333,1.0,1,1,
premotor area 1997,Premotor area*1997,U,1,1.44,2,1,0.3333,SFG,Superior Frontal Gyrus,Frontal Lobe,1.0,A6m,SFG_L(R)_7_5,9,10,0.3333,1.0,1,1,
premotor c,L Premotor C,L,1,1.44,2,1,0.3333,MFG,Middle Frontal Gyrus,Frontal Lobe,1.0,A6vl,MFG_L(R)_7_6,25,26,0.3333,1.0,1,1,1.0
premotor cortex bi,Premotor cortex-Bi,U,1,1.44,2,1,0.3333,SFG,Superior Frontal Gyrus,Frontal Lobe,1.0,A6m,SFG_L(R)_7_5,9,10,0.3333,1.0,1,1,
premotor cortical area,L premotor cortical areas,L,1,1.44,2,1,0.3333,MFG,Middle Frontal Gyrus,Frontal Lobe,1.0,A6vl,MFG_L(R)_7_6,25,26,0.3333,1.0,1,1,1.0
presef,Left preSEF,L,1,1.44,2,1,0.375,BG,Basal Ganglia,Subcortical Nuclei,1.0,vCa,BG_L(R)_6_1,219,220,0.375,1.0,1,1,1.0
prestriate cortex,prestriate cortex R,R,1,1.44,2,1,0.4286,MVOcC,MedioVentral Occipital Cortex,Occipital Lobe,1.0,rCunG,MVOcC_L(R)_5_2,191,192,0.4286,0.0,1,1,1.0
primary and secondary visual cortex,Primary and secondary visual cortex,U,1,1.44,2,1,0.4286,MVOcC,MedioVentral Occipital Cortex,Occipital Lobe,1.0,cCunG,MVOcC_L(R)_5_3,193,194,0.4286,0.0,1,1,
prefrontal dorsolateral cortex,Prefrontal dorsolateral cortex,U,1,1.44,2,1,0.3333,MFG,Middle Frontal Gyrus,Frontal Lobe,1.0,A8vl,MFG_L(R)_7_5,23,24,0.3333,1.0,1,1,
prefrontal gyrus,B. Prefrontal Gyri,B,1,1.44,2,1,0.3333,SFG,Superior Frontal Gyrus,Frontal Lobe,1.0,A9l,SFG_L(R)_7_3,5,6,0.3333,1.0,1,1,
prefrontal lobe,Prefrontal lobe,U,1,1.44,2,1,0.3333,MFG,Middle Frontal Gyrus,Frontal Lobe,1.0,A9/46v,MFG_L(R)_7_4,21,22,0.3333,0.0,1,1,
prefrontal subgyral area,R Prefrontal Subgyral Area,R,1,1.44,2,1,0.375,IFG,Inferior Frontal Gyrus,Frontal Lobe,1.0,A44op,IFG_L(R)_6_5,37,38,0.375,0.0,1,1,1.0
preg,PreG,U,1,1.44,2,1,0.375,PrG,Precentral Gyrus,Frontal Lobe,1.0,A4hf,PrG_L(R)_6_1,53,54,0.375,1.0,1,1,
pregenual anterior cingulate cortex 24,Left pregenual anterior cingulate cortex (24),L,1,1.44,2,1,0.3333,CG,Cingulate Gyrus,Limbic Lobe,1.0,A32sg,CG_L(R)_7_7,187,188,0.3333,1.0,1,1,1.0
pregenual anterior cingulate cortex 24 and rostral prefrontal cortex 10,Left pregenual anterior cingulate cortex (24) and rostral prefrontal cortex (10),L,1,1.44,2,1,0.3333,SFG,Superior Frontal Gyrus,Frontal Lobe,1.0,A10m,SFG_L(R)_7_7,13,14,0.3333,1.0,1,1,1.0
pregenual anterior cingulate cortex ba 24,Pregenual anterior cingulate cortex (BA 24),U,1,1.44,2,1,0.3333,CG,Cingulate Gyrus,Limbic Lobe,1.0,A32sg,CG_L(R)_7_7,187,188,0.3333,1.0,1,4,
dorsal medial frontal g,Dorsal medial frontal G.,U,1,1.44,2,1,0.3333,SFG,Superior Frontal Gyrus,Frontal Lobe,1.0,A9m,SFG_L(R)_7_6,11,12,0.3333,0.0,1,2,
dorsal medial premotor cortex,Dorsal medial premotor cortex,U,1,1.44,2,1,0.3333,SFG,Superior Frontal Gyrus,Frontal Lobe,1.0,A8m,SFG_L(R)_7_1,1,2,0.3333,1.0,1,1,
dorsal mi,Dorsal MI,U,1,1.44,2,1,0.375,PrG,Precentral Gyrus,Frontal Lobe,1.0,A6cdl,PrG_L(R)_6_2,55,56,0.375,1.0,1,1,
dorsal occipital cortex,Left dorsal occipital cortex,LR,1,1.44,2,1,0.375,LOcC,lateral Occipital Cortex,Occipital Lobe,1.0,mOccG,LOcC_L(R)_4_1,199,200,0.375,1.0,1,1,1.0
dorsal part,Dorsal part,U,1,1.44,2,1,0.3333,CG,Cingulate Gyrus,Limbic Lobe,1.0,A23d,CG_L(R)_7_1,175,176,0.3333,0.0,1,1,
prefrontal corrtex ba 10,L prefrontal corrtex (BA10),L,1,1.44,2,1,0.3333,MFG,Middle Frontal Gyrus,Frontal Lobe,1.0,A9/46d,MFG_L(R)_7_1,15,16,0.3333,1.0,1,1,1.0
prefrontal cortex ba 10,R prefrontal cortex (BA10),R,1,1.44,2,1,0.3333,MFG,Middle Frontal Gyrus,Frontal Lobe,1.0,A46,MFG_L(R)_7_3,19,20,0.3333,0.0,1,1,1.0
prefrontal cortex ba 9 10,L prefrontal cortex (BA 9/10),L,1,1.44,2,1,0.3333,MFG,Middle Frontal Gyrus,Frontal Lobe,1.0,A9/46d,MFG_L(R)_7_1,15,16,0.3333,1.0,1,1,1.0
dlprcs,L dlPrcS,L,1,1.44,2,1,0.375,PrG,Precentral Gyrus,Frontal Lobe,1.0,A6cdl,PrG_L(R)_6_2,55,56,0.375,1.0,1,1,1.0
dmpfc 8,dmPFC (8),U,1,1.44,2,1,0.3333,SFG,Superior Frontal Gyrus,Frontal Lobe,1.0,A9m,SFG_L(R)_7_6,11,12,0.3333,1.0,1,1,
dmpfc ba 32,dmPFC (BA32),U,1,1.44,2,1,0.3333,SFG,Superior Frontal Gyrus,Frontal Lobe,1.0,A8m,SFG_L(R)_7_1,1,2,0.3333,0.0,1,1,
dmpfc bi,DMPFC–Bi,U,1,1.44,2,1,0.3333,SFG,Superior Frontal Gyrus,Frontal Lobe,1.0,A8m,SFG_L(R)_7_1,1,2,0.3333,0.0,1,1,
dmpfc1,dmPFC1,U,1,1.44,2,1,0.3333,SFG,Superior Frontal Gyrus,Frontal Lobe,1.0,A6m,SFG_L(R)_7_5,9,10,0.3333,1.0,1,1,
dor lat frontal 9,R dor lat frontal (9),R,1,1.44,2,1,0.3333,SFG,Superior Frontal Gyrus,Frontal Lobe,1.0,A8dl,SFG_L(R)_7_2,3,4,0.3333,0.0,1,2,1.0
dor pcu,Dor. PCu. R,R,1,1.44,2,1,0.375,BG,Basal Ganglia,Subcortical Nuclei,1.0,dCa,BG_L(R)_6_5,227,228,0.375,0.0,1,1,1.0
dorsal acc 32,Dorsal ACC (32),U,1,1.44,2,1,0.3333,CG,Cingulate Gyrus,Limbic Lobe,1.0,A32p,CG_L(R)_7_3,179,180,0.3333,0.0,1,1,
dlpfc ba 46 9,dlPFC (MFG) (BA46/9),U,1,1.44,2,1,0.3333,MFG,Middle Frontal Gyrus,Frontal Lobe,1.0,A8vl,MFG_L(R)_7_5,23,24,0.3333,0.0,1,1,
dlpfc ba 8 9,Left DLPFC (BA 8/9),L,1,1.44,2,1,0.3333,MFG,Middle Frontal Gyrus,Frontal Lobe,1.0,A8vl,MFG_L(R)_7_5,23,24,0.3333,1.0,1,1,1.0
dlpfc ba 9 46,DLPFC (BA 9/46),U,1,1.44,2,1,0.3333,MFG,Middle Frontal Gyrus,Frontal Lobe,1.0,A8vl,MFG_L(R)_7_5,23,24,0.3333,0.0,1,1,
dlpfc ipl,R DLPFC–L IPL,B,1,1.44,2,1,0.375,IPL,Inferior Parietal Lobule,Parietal Lobe,1.0,A40rd,IPL_L(R)_6_3,139,140,0.375,1.0,1,1,
dlpfc lb,DLPFC Lb,U,1,1.44,2,1,0.375,PrG,Precentral Gyrus,Frontal Lobe,1.0,A4hf,PrG_L(R)_6_1,53,54,0.375,1.0,1,1,
dlpfc only,DLPFC only,U,1,1.44,2,1,0.3333,MFG,Middle Frontal Gyrus,Frontal Lobe,1.0,A9/46v,MFG_L(R)_7_4,21,22,0.3333,0.0,1,1,
dlpfca,Left DLPFCa,L,1,1.44,2,1,0.3333,MFG,Middle Frontal Gyrus,Frontal Lobe,1.0,A9/46v,MFG_L(R)_7_4,21,22,0.3333,1.0,1,1,1.0
dlpfcc,DLPFCc,U,1,1.44,2,1,0.3333,MFG,Middle Frontal Gyrus,Frontal Lobe,1.0,A9/46d,MFG_L(R)_7_1,15,16,0.3333,1.0,1,1,
put amen,Put amen,U,1,1.44,2,1,0.375,BG,Basal Ganglia,Subcortical Nuclei,1.0,GP,BG_L(R)_6_2,221,222,0.375,0.0,1,1,
put ant,PUT ant,U,1,1.44,2,1,0.375,BG,Basal Ganglia,Subcortical Nuclei,1.0,GP,BG_L(R)_6_2,221,222,0.375,1.0,1,1,
put anterior,PUT right anterior,R,1,1.44,2,1,0.375,BG,Basal Ganglia,Subcortical Nuclei,1.0,vmPu,BG_L(R)_6_4,225,226,0.375,0.0,1,1,1.0
put post,PUT post,U,1,1.44,2,1,0.375,BG,Basal Ganglia,Subcortical Nuclei,1.0,dlPu,BG_L(R)_6_6,229,230,0.375,1.0,1,2,
dipsas,R DIPSAs,R,1,1.44,2,1,0.4286,SPL,Superior Parietal Lobule,Parietal Lobe,1.0,A7r,SPL_L(R)_5_1,125,126,0.4286,0.0,1,1,1.0
dlpc,R DLPC,R,1,1.44,2,1,0.3333,MFG,Middle Frontal Gyrus,Frontal Lobe,1.0,A8vl,MFG_L(R)_7_5,23,24,0.3333,0.0,1,1,1.0
dlpfc 46,DLPFC (46),U,1,1.44,2,1,0.3333,MFG,Middle Frontal Gyrus,Frontal Lobe,1.0,A9/46v,MFG_L(R)_7_4,21,22,0.3333,1.0,1,1,
dlpfc ba 10,dlPFC(BA10),U,1,1.44,2,1,0.3333,MFG,Middle Frontal Gyrus,Frontal Lobe,1.0,A9/46v,MFG_L(R)_7_4,21,22,0.3333,0.0,1,1,
pspl,R pSPL,R,1,1.44,2,1,0.4286,SPL,Superior Parietal Lobule,Parietal Lobe,1.0,A7r,SPL_L(R)_5_1,125,126,0.4286,0.0,1,1,1.0
pstg 41,pSTG (41),U,1,1.24,2,1,0.75,pSTS,posterior Superior Temporal Sulcus,Temporal Lobe,1.0,rpSTS,pSTS_L(R)_2_1,121,122,0.75,0.5,1,2,
pstg 42,pSTG(42),U,1,1.44,2,1,0.375,STG,Superior Temporal Gyrus,Temporal Lobe,1.0,A22c,STG_L(R)_6_4,75,76,0.375,1.0,1,1,
pt 42,PT (42),U,1,1.41,2,1,0.5,MTG,Middle Temporal Gyrus,Temporal Lobe,1.0,aSTS,MTG_L(R)_4_4,87,88,0.5,0.0,1,1,
ptpj,pTPJ,U,1,1.44,2,1,0.375,IPL,Inferior Parietal Lobule,Parietal Lobe,1.0,A39c,IPL_L(R)_6_1,135,136,0.375,1.0,1,1,
ptr ba 45,PTR (BA 45),U,1,1.44,2,1,0.375,IFG,Inferior Frontal Gyrus,Frontal Lobe,1.0,IFS,IFG_L(R)_6_2,31,32,0.375,1.0,1,1,
ptri,pTri,U,1,1.44,2,1,0.375,IFG,Inferior Frontal Gyrus,Frontal Lobe,1.0,IFS,IFG_L(R)_6_2,31,32,0.375,1.0,1,2,
pulv,PULV,U,1,1.44,2,1,0.3,Tha,Thalamus,Subcortical Nuclei,1.0,PPtha,Tha_L(R)_8_5,239,240,0.3,0.0,1,1,
cuneus ba 17 18 19,Bilateral cuneus (BA 17/18/19),B,1,1.44,2,1,0.4286,MVOcC,MedioVentral Occipital Cortex,Occipital Lobe,1.0,cCunG,MVOcC_L(R)_5_3,193,194,0.4286,0.0,1,1,
cuneusc,Right cuneusc,R,1,1.44,2,1,0.375,LOcC,lateral Occipital Cortex,Occipital Lobe,1.0,msOccG,LOcC_L(R)_2_1,207,208,0.375,0.0,1,1,1.0
d fusiform gyrus,D L Fusiform Gyrus,L,1,1.44,2,1,0.4286,MVOcC,MedioVentral Occipital Cortex,Occipital Lobe,1.0,cLinG,MVOcC_L(R)_5_1,189,190,0.4286,1.0,1,1,1.0
d gprc,d GPrC,U,1,1.44,2,1,0.375,PrG,Precentral Gyrus,Frontal Lobe,1.0,A4ul,PrG_L(R)_6_3,57,58,0.375,0.0,1,1,
dacc sphere,dACC_sphere,U,1,1.44,2,1,0.3333,CG,Cingulate Gyrus,Limbic Lobe,1.0,A32p,CG_L(R)_7_3,179,180,0.3333,0.0,1,1,
dacca,dACCa,U,1,1.44,2,1,0.3333,SFG,Superior Frontal Gyrus,Frontal Lobe,1.0,A8m,SFG_L(R)_7_1,1,2,0.3333,1.0,1,1,
dcc,L. DCC,L,1,1.44,2,1,0.3333,CG,Cingulate Gyrus,Limbic Lobe,1.0,A24rv,CG_L(R)_7_2,177,178,0.3333,1.0,1,1,1.0
declive 19,Left Declive (19),L,1,1.44,2,1,0.3333,MFG,Middle Frontal Gyrus,Frontal Lobe,1.0,A10l,MFG_L(R)_7_7,27,28,0.3333,0.0,1,1,0.0
retrospenial cortex,Retrospenial cortex,U,1,1.44,2,1,0.3333,CG,Cingulate Gyrus,Limbic Lobe,1.0,A23v,CG_L(R)_7_4,181,182,0.3333,1.0,1,1,
retrospinal cortex,retrospinal cortex,U,1,1.44,2,1,0.3333,CG,Cingulate Gyrus,Limbic Lobe,1.0,A32sg,CG_L(R)_7_7,187,188,0.3333,0.0,1,1,
retrosplenial,RH retrosplenial,R,1,1.44,2,1,0.3333,CG,Cingulate Gyrus,Limbic Lobe,1.0,A23v,CG_L(R)_7_4,181,182,0.3333,0.0,1,1,1.0
retrosplenial and lingual gyrus,RH retrosplenial and lingual gyrus,R,1,1.44,2,1,0.4286,MVOcC,MedioVentral Occipital Cortex,Occipital Lobe,1.0,vmPOS,MVOcC_L(R)_5_5,197,198,0.4286,0.0,1,1,1.0
retrosplenial cingulate cortex,RETROSPLENIAL CINGULATE CORTEX (R),R,1,1.41,2,1,0.5,Pcun,Precuneus,Parietal Lobe,1.0,dmPOS,PCun_L(R)_4_3,151,152,0.5,0.0,1,1,1.0
cuneus 7,Right cuneus (7),R,1,1.44,2,1,0.4286,MVOcC,MedioVentral Occipital Cortex,Occipital Lobe,1.0,vmPOS,MVOcC_L(R)_5_5,197,198,0.4286,0.0,1,1,1.0
cuneus and lingual,Right cuneus and lingual,R,1,1.44,2,1,0.4286,MVOcC,MedioVentral Occipital Cortex,Occipital Lobe,1.0,rCunG,MVOcC_L(R)_5_2,191,192,0.4286,0.0,1,1,1.0
cuneus and middle occipital,R cuneus and middle occipital,R,1,1.44,2,1,0.4286,MVOcC,MedioVentral Occipital Cortex,Occipital Lobe,1.0,cCunG,MVOcC_L(R)_5_3,193,194,0.4286,0.0,1,1,1.0
putamenn,PutamenN,U,1,1.44,2,1,0.375,BG,Basal Ganglia,Subcortical Nuclei,1.0,vmPu,BG_L(R)_6_4,225,226,0.375,0.0,1,1,
putamenundamh,Putamenundamh,U,1,1.44,2,1,0.375,BG,Basal Ganglia,Subcortical Nuclei,1.0,dlPu,BG_L(R)_6_6,229,230,0.375,0.0,1,1,
rag,rAG,U,1,1.44,2,1,0.375,IPL,Inferior Parietal Lobule,Parietal Lobe,1.0,A39rd,IPL_L(R)_6_2,137,138,0.375,0.0,1,1,
ralpfc,RALPFC,U,1,1.44,2,1,0.3333,MFG,Middle Frontal Gyrus,Frontal Lobe,1.0,A9/46d,MFG_L(R)_7_1,15,16,0.3333,0.0,1,1,
ramy,rAMY,U,1,1.24,2,1,0.75,Amyg,Amygdala,Subcortical Nuclei,1.0,mAmyg,Amyg_L(R)_2_1,211,212,0.75,0.0,1,1,
rcn,rCn,U,1,1.44,2,1,0.4286,MVOcC,MedioVentral Occipital Cortex,Occipital Lobe,1.0,rCunG,MVOcC_L(R)_5_2,191,192,0.4286,0.0,1,1,
rcs,rCS,U,1,1.44,2,1,0.375,PrG,Precentral Gyrus,Frontal Lobe,1.0,A4ul,PrG_L(R)_6_3,57,58,0.375,0.0,1,1,
rcz,RCZ,U,1,1.44,2,1,0.3333,SFG,Superior Frontal Gyrus,Frontal Lobe,1.0,A8m,SFG_L(R)_7_1,1,2,0.3333,1.0,1,1,
dorsal acc ba 24,1Dorsal ACC (BA 24),U,1,1.44,2,1,0.3333,CG,Cingulate Gyrus,Limbic Lobe,1.0,A24rv,CG_L(R)_7_2,177,178,0.3333,0.0,1,4,
dorsal amcc,dorsal aMCC,U,1,1.44,2,1,0.3333,SFG,Superior Frontal Gyrus,Frontal Lobe,1.0,A9m,SFG_L(R)_7_6,11,12,0.3333,0.0,1,1,
putamam,Putamam,U,1,1.44,2,1,0.375,BG,Basal Ganglia,Subcortical Nuclei,1.0,vCa,BG_L(R)_6_1,219,220,0.375,1.0,1,1,
putamen nucleus,Putamen nucleus L,L,1,1.44,2,1,0.375,PhG,Parahippocampal Gyrus,Temporal Lobe,1.0,A35/36c,PhG_L(R)_6_2,111,112,0.375,1.0,1,1,1.0
putamen1,Left putamen1,LR,1,1.44,2,1,0.375,BG,Basal Ganglia,Subcortical Nuclei,1.0,GP,BG_L(R)_6_2,221,222,0.375,1.0,1,1,1.0
putamena,Putamena,U,1,1.41,2,1,0.5,MTG,Middle Temporal Gyrus,Temporal Lobe,1.0,A21r,MTG_L(R)_4_2,83,84,0.5,0.0,1,1,
putamendamh,Putamendamh,U,1,1.44,2,1,0.3,Tha,Thalamus,Subcortical Nuclei,1.0,mPMtha,Tha_L(R)_8_2,233,234,0.3,1.0,1,1,
putamenm,PutamenM,U,1,1.44,2,1,0.375,BG,Basal Ganglia,Subcortical Nuclei,1.0,dlPu,BG_L(R)_6_6,229,230,0.375,0.0,1,1,
rolandic oper 7,Rolandic_Oper*7,U,1,1.44,2,1,0.375,PrG,Precentral Gyrus,Frontal Lobe,1.0,A4tl,PrG_L(R)_6_5,61,62,0.375,1.0,1,2,
rolandic opercolum,Rolandic opercolum,U,1,1.44,2,1,0.375,PrG,Precentral Gyrus,Frontal Lobe,1.0,A4tl,PrG_L(R)_6_5,61,62,0.375,1.0,1,1,
rolandic opercular gyrus,Rolandic opercular gyrus,U,1,1.44,2,1,0.375,PrG,Precentral Gyrus,Frontal Lobe,1.0,A6cvl,PrG_L(R)_6_6,63,64,0.375,1.0,1,1,
rolandic operculum ba 44,Right Rolandic operculum (BA 44),R,1,1.44,2,1,0.375,PrG,Precentral Gyrus,Frontal Lobe,1.0,A6cvl,PrG_L(R)_6_6,63,64,0.375,0.0,1,1,1.0
rolandic operculum ba 6,Rolandic operculum (BA 6),U,1,1.44,2,1,0.375,PrG,Precentral Gyrus,Frontal Lobe,1.0,A6cvl,PrG_L(R)_6_6,63,64,0.375,1.0,1,1,
rolandic operculum op3,Rolandic Operculum OP3,U,1,1.44,2,1,0.375,IPL,Inferior Parietal Lobule,Parietal Lobe,1.0,A40rv,IPL_L(R)_6_6,145,146,0.375,0.0,1,1,
rolandic operculum op4,Rolandic operculum OP4,U,1,1.41,2,1,0.5,PoG,Postcentral Gyrus,Parietal Lobe,1.0,A1/2/3tonIa,PoG_L(R)_4_2,157,158,0.5,0.0,1,1,
rostral anterior cingulate ba 32,Rostral Anterior Cingulate (BA 32),U,1,1.44,2,1,0.3333,CG,Cingulate Gyrus,Limbic Lobe,1.0,A32p,CG_L(R)_7_3,179,180,0.3333,0.5,1,2,
rihgt inferior parietal lobule,Rihgt inferior parietal lobule,U,1,1.44,2,1,0.375,IPL,Inferior Parietal Lobule,Parietal Lobe,1.0,A39rd,IPL_L(R)_6_2,137,138,0.375,0.0,1,2,
ring anterior insula,Ring anterior insula,U,1,1.44,2,1,0.375,IFG,Inferior Frontal Gyrus,Frontal Lobe,1.0,A44op,IFG_L(R)_6_5,37,38,0.375,0.0,1,1,
rips,RIPS,U,1,1.44,2,1,0.4286,SPL,Superior Parietal Lobule,Parietal Lobe,1.0,A7c,SPL_L(R)_5_2,127,128,0.4286,0.0,1,1,
rmc,RMC,U,1,1.41,2,1,0.5,PoG,Postcentral Gyrus,Parietal Lobe,1.0,A1/2/3ulhf,PoG_L(R)_4_1,155,156,0.5,1.0,1,1,
rmpfc,rmPFC,U,1,1.44,2,1,0.3333,SFG,Superior Frontal Gyrus,Frontal Lobe,1.0,A6m,SFG_L(R)_7_5,9,10,0.3333,0.0,1,1,
rofc,rOFC,U,1,1.44,2,1,0.375,INS,Insular Gyrus,Insular Lobe,1.0,vIa,INS_L(R)_6_2,165,166,0.375,0.0,1,1,
rol operc,R rol. operc.,R,1,1.41,2,1,0.5,PoG,Postcentral Gyrus,Parietal Lobe,1.0,A1/2/3tonIa,PoG_L(R)_4_2,157,158,0.5,0.0,1,1,1.0
rolandic oper 44,Rolandic_Oper (44),U,1,1.44,2,1,0.375,IFG,Inferior Frontal Gyrus,Frontal Lobe,1.0,IFS,IFG_L(R)_6_2,31,32,0.375,1.0,1,1,
reward,Reward,U,1,1.44,2,1,0.375,OrG,Orbital Gyrus,Frontal Lobe,1.0,A11l,OrG_L(R)_6_3,45,46,0.375,1.0,1,1,
rfef,RFEF,U,1,1.44,2,1,0.375,PrG,Precentral Gyrus,Frontal Lobe,1.0,A6cdl,PrG_L(R)_6_2,55,56,0.375,0.0,1,1,
rffa,RFFA,U,1,1.36,2,1,0.6,FuG,Fusiform Gyrus,Temporal Lobe,1.0,A37lv,FuG_L(R)_3_3,107,108,0.6,0.0,1,2,
rifg ba 45 47,RIFG BA 45 (47),U,1,1.44,2,1,0.375,IFG,Inferior Frontal Gyrus,Frontal Lobe,1.0,IFS,IFG_L(R)_6_2,31,32,0.375,0.0,1,1,
rifga,RIFGa,U,1,1.44,2,1,0.375,IFG,Inferior Frontal Gyrus,Frontal Lobe,1.0,A45r,IFG_L(R)_6_4,35,36,0.375,0.0,1,1,
rightleft,RightLeft,U,1,1.41,2,1,0.5,Pcun,Precuneus,Parietal Lobe,1.0,dmPOS,PCun_L(R)_4_3,151,152,0.5,0.0,1,1,
rightpostcentral gyrus 1,Rightpostcentral gyrus-1,U,1,1.41,2,1,0.5,PoG,Postcentral Gyrus,Parietal Lobe,1.0,A1/2/3ulhf,PoG_L(R)_4_1,155,156,0.5,0.0,1,1,
rightpostcentral gyrus 2,Rightpostcentral gyrus-2,U,1,1.44,2,1,0.375,IPL,Inferior Parietal Lobule,Parietal Lobe,1.0,A40rv,IPL_L(R)_6_6,145,146,0.375,0.0,1,1,
declive cerebellum,Declive cerebellum,U,1,1.44,2,1,0.4286,MVOcC,MedioVentral Occipital Cortex,Occipital Lobe,1.0,cLinG,MVOcC_L(R)_5_1,189,190,0.4286,0.0,1,1,
declive of cerebellum,Right declive of cerebellum,R,1,1.36,2,1,0.6,FuG,Fusiform Gyrus,Temporal Lobe,1.0,A37mv,FuG_L(R)_3_2,105,106,0.6,0.0,1,1,1.0
decreased occipito temporal gyrus,Decreased occipito-temporal gyrus,U,1,1.44,2,1,0.3333,ITG,Inferior Temporal Gyrus,Temporal Lobe,1.0,A20cv,ITG_L(R)_7_7,101,102,0.3333,0.0,1,1,
decreased ofc,Decreased OFC,U,1,1.44,2,1,0.375,OrG,Orbital Gyrus,Frontal Lobe,1.0,A11l,OrG_L(R)_6_3,45,46,0.375,0.0,1,1,
default mode network,Default mode network (PCC),U,1,1.44,2,1,0.3333,CG,Cingulate Gyrus,Limbic Lobe,1.0,A23c,CG_L(R)_7_6,185,186,0.3333,1.0,1,1,
delta extracted from the acc,Delta extracted from the ACC,U,1,1.44,2,1,0.375,PhG,Parahippocampal Gyrus,Temporal Lobe,1.0,A35/36r,PhG_L(R)_6_1,109,110,0.375,1.0,1,1,
dipfc,L dIPFC,LR,1,1.44,2,1,0.3333,MFG,Middle Frontal Gyrus,Frontal Lobe,1.0,A8vl,MFG_L(R)_7_5,23,24,0.3333,1.0,1,1,1.0
dipsa,DIPSA,U,1,1.41,2,1,0.5,PoG,Postcentral Gyrus,Parietal Lobe,1.0,A2,PoG_L(R)_4_3,159,160,0.5,1.0,1,1,
cu ba 31,Cu (BA 31),U,1,1.44,2,1,0.4286,MVOcC,MedioVentral Occipital Cortex,Occipital Lobe,1.0,vmPOS,MVOcC_L(R)_5_5,197,198,0.4286,1.0,1,1,
cul,L Cul,L,1,1.44,2,1,0.375,PhG,Parahippocampal Gyrus,Temporal Lobe,1.0,TL,PhG_L(R)_6_3,113,114,0.375,1.0,1,1,1.0
culmen of the cerebellum,Culmen of the cerebellum,U,1,1.44,2,1,0.3333,CG,Cingulate Gyrus,Limbic Lobe,1.0,A32sg,CG_L(R)_7_7,187,188,0.3333,0.0,1,1,
cun ba 17,Left CUN (BA17),L,1,1.44,2,1,0.4286,MVOcC,MedioVentral Occipital Cortex,Occipital Lobe,1.0,rCunG,MVOcC_L(R)_5_2,191,192,0.4286,1.0,1,1,1.0
cuneal cx,Cuneal cx.,U,1,1.44,2,1,0.4286,MVOcC,MedioVentral Occipital Cortex,Occipital Lobe,1.0,rCunG,MVOcC_L(R)_5_2,191,192,0.4286,0.0,1,1,
cunes,left cunes,L,1,1.41,2,1,0.5,Pcun,Precuneus,Parietal Lobe,1.0,dmPOS,PCun_L(R)_4_3,151,152,0.5,1.0,1,1,1.0
rpcg,RPCG,U,1,1.44,2,1,0.375,PrG,Precentral Gyrus,Frontal Lobe,1.0,A4ul,PrG_L(R)_6_3,57,58,0.375,0.0,1,1,
rpcn,rPCn,U,1,1.41,2,1,0.5,Pcun,Precuneus,Parietal Lobe,1.0,A5m,PCun_L(R)_4_2,149,150,0.5,0.0,1,1,
contralesional psmc,Contralesional PSMC,U,1,1.44,2,1,0.375,PrG,Precentral Gyrus,Frontal Lobe,1.0,A4ul,PrG_L(R)_6_3,57,58,0.375,0.0,1,1,
convolution,L. convolution,L,1,1.44,2,1,0.375,IPL,Inferior Parietal Lobule,Parietal Lobe,1.0,A39rv,IPL_L(R)_6_5,143,144,0.375,1.0,1,1,1.0
corpus callosum,Corpus callosum,U,1,1.44,2,1,0.3,Tha,Thalamus,Subcortical Nuclei,1.0,cTtha,Tha_L(R)_8_7,243,244,0.3,0.0,1,1,
cortico spinal tract,Cortico-spinal tract,U,1,1.44,2,1,0.375,PrG,Precentral Gyrus,Frontal Lobe,1.0,A4ul,PrG_L(R)_6_3,57,58,0.375,0.0,1,1,
crus 4 5,Crus 4 5,U,1,1.24,2,1,0.75,Hipp,Hippocampus,Subcortical Nuclei,1.0,cHipp,Hipp_L(R)_2_2,217,218,0.75,1.0,1,1,
crus ii,L Crus II**,L,1,1.44,2,1,0.375,PhG,Parahippocampal Gyrus,Temporal Lobe,1.0,A35/36c,PhG_L(R)_6_2,111,112,0.375,1.0,1,1,1.0
csd,Right CSd,R,1,1.44,2,1,0.375,PrG,Precentral Gyrus,Frontal Lobe,1.0,A4ul,PrG_L(R)_6_3,57,58,0.375,0.0,1,1,1.0
csma,cSMA,U,1,1.44,2,1,0.3333,SFG,Superior Frontal Gyrus,Frontal Lobe,1.0,A6m,SFG_L(R)_7_5,9,10,0.3333,0.0,1,1,
rostral premotor area,Rostral premotor area,U,1,1.44,2,1,0.3333,SFG,Superior Frontal Gyrus,Frontal Lobe,1.0,A6dl,SFG_L(R)_7_4,7,8,0.3333,0.0,1,1,
rostrolateral frontal cortex,Rostrolateral frontal cortex,U,1,1.44,2,1,0.3333,MFG,Middle Frontal Gyrus,Frontal Lobe,1.0,A9/46v,MFG_L(R)_7_4,21,22,0.3333,0.0,1,1,
rostrolateral pfc,Rostrolateral PFC,U,1,1.44,2,1,0.3333,MFG,Middle Frontal Gyrus,Frontal Lobe,1.0,A46,MFG_L(R)_7_3,19,20,0.3333,0.3333,1,3,
rostromedial frontal lobe,L rostromedial frontal lobe,L,1,1.44,2,1,0.3333,SFG,Superior Frontal Gyrus,Frontal Lobe,1.0,A10m,SFG_L(R)_7_7,13,14,0.3333,1.0,1,1,1.0
rostromedial pfc,Rostromedial PFC,U,1,1.44,2,1,0.3333,SFG,Superior Frontal Gyrus,Frontal Lobe,1.0,A10m,SFG_L(R)_7_7,13,14,0.3333,1.0,1,1,
rparahippocampal gyrus,Rparahippocampal gyrus,U,1,1.44,2,1,0.375,PhG,Parahippocampal Gyrus,Temporal Lobe,1.0,TH,PhG_L(R)_6_6,119,120,0.375,0.0,1,1,
cn v main sensory n,CN V main sensory n.,U,1,1.44,2,1,0.3,Tha,Thalamus,Subcortical Nuclei,1.0,Otha,Tha_L(R)_8_6,241,242,0.3,1.0,1,1,
common area,Common area,U,1,1.41,2,1,0.5,MTG,Middle Temporal Gyrus,Temporal Lobe,1.0,aSTS,MTG_L(R)_4_4,87,88,0.5,1.0,1,1,
rostral anterior cingulate gyrus,Right rostral anterior cingulate gyrus,R,1,1.44,2,1,0.3333,CG,Cingulate Gyrus,Limbic Lobe,1.0,A32p,CG_L(R)_7_3,179,180,0.3333,0.0,1,1,1.0
rostral anterior insula,rostral anterior insula,U,1,1.44,2,1,0.375,INS,Insular Gyrus,Insular Lobe,1.0,dIa,INS_L(R)_6_3,167,168,0.375,0.0,1,1,
rostral caudate,Rostral caudate,U,1,1.44,2,1,0.375,BG,Basal Ganglia,Subcortical Nuclei,1.0,dCa,BG_L(R)_6_5,227,228,0.375,1.0,1,1,
rostral cingulate zone,Rostral cingulate zone,U,1,1.44,2,1,0.3333,CG,Cingulate Gyrus,Limbic Lobe,1.0,A32p,CG_L(R)_7_3,179,180,0.3333,0.0,1,1,
rostral dorsolateral pfc,Rostral dorsolateral PFC,U,1,1.44,2,1,0.3333,SFG,Superior Frontal Gyrus,Frontal Lobe,1.0,A8dl,SFG_L(R)_7_2,3,4,0.3333,0.0,1,1,
rostral medial frontal,B rostral medial frontal*,BL,1,1.44,2,1,0.3333,SFG,Superior Frontal Gyrus,Frontal Lobe,1.0,A10m,SFG_L(R)_7_7,13,14,0.3333,1.0,1,2,
rostral medial pfc ba 10,Rostral medial PFC(BA 10),U,1,1.44,2,1,0.3333,SFG,Superior Frontal Gyrus,Frontal Lobe,1.0,A10m,SFG_L(R)_7_7,13,14,0.3333,0.0,1,1,
rostral medial prefrontal cortex ba 10,Rostral medial prefrontal cortex (BA 10),U,1,1.44,2,1,0.3333,SFG,Superior Frontal Gyrus,Frontal Lobe,1.0,A10m,SFG_L(R)_7_7,13,14,0.3333,0.0,1,1,
cingulate gyrus 23,Right cingulate gyrus (23),R,1,1.44,2,1,0.3333,CG,Cingulate Gyrus,Limbic Lobe,1.0,A23v,CG_L(R)_7_4,181,182,0.3333,0.0,1,1,1.0
cingulate gyrus 24,Cingulate gyrus (24),U,1,1.44,2,1,0.3,Tha,Thalamus,Subcortical Nuclei,1.0,cTtha,Tha_L(R)_8_7,243,244,0.3,0.0,1,1,
cingulate gyrus 24 31,Left cingulate gyrus (24/31),L,1,1.44,2,1,0.3333,CG,Cingulate Gyrus,Limbic Lobe,1.0,A23c,CG_L(R)_7_6,185,186,0.3333,1.0,1,1,1.0
cingulate gyrus ba 24 include acc ba 32,R Cingulate Gyrus (BA 24) Include: ACC (BA 32),R,1,1.44,2,1,0.3333,CG,Cingulate Gyrus,Limbic Lobe,1.0,A32p,CG_L(R)_7_3,179,180,0.3333,0.0,1,1,1.0
cingulate motor,Cingulate Motor,U,1,1.24,2,1,0.75,PCL,Paracentral Lobule,Frontal Lobe,1.0,A4ll,PCL_L(R)_2_2,67,68,0.75,0.0,1,1,
cingulate sulc,Cingulate Sulc,U,1,1.44,2,1,0.3333,SFG,Superior Frontal Gyrus,Frontal Lobe,1.0,A9m,SFG_L(R)_7_6,11,12,0.3333,1.0,1,1,
cingulum ba 31,Right cingulum (BA 31),R,1,1.44,2,1,0.3333,CG,Cingulate Gyrus,Limbic Lobe,1.0,A23c,CG_L(R)_7_6,185,186,0.3333,0.0,1,2,1.0
cingulum mid 24,Cingulum_Mid (24),U,1,1.44,2,1,0.3333,SFG,Superior Frontal Gyrus,Frontal Lobe,1.0,A9m,SFG_L(R)_7_6,11,12,0.3333,1.0,1,2,
rvcs,rVCS,U,1,1.44,2,1,0.375,PrG,Precentral Gyrus,Frontal Lobe,1.0,A4hf,PrG_L(R)_6_1,53,54,0.375,0.0,1,1,
rvfc,rVFC,U,1,1.44,2,1,0.375,IFG,Inferior Frontal Gyrus,Frontal Lobe,1.0,A44v,IFG_L(R)_6_6,39,40,0.375,0.0,1,1,
rvstr,rvSTR,U,1,1.44,2,1,0.375,BG,Basal Ganglia,Subcortical Nuclei,1.0,NAC,BG_L(R)_6_3,223,224,0.375,0.0,1,2,
s i,S I,U,1,1.41,2,1,0.5,PoG,Postcentral Gyrus,Parietal Lobe,1.0,A1/2/3tru,PoG_L(R)_4_4,161,162,0.5,0.0,1,1,
s1 1 2 3,"S1 (1,2,3)",U,1,1.41,2,1,0.5,PoG,Postcentral Gyrus,Parietal Lobe,1.0,A2,PoG_L(R)_4_3,159,160,0.5,1.0,1,2,
s1 hand 3,R S1 hand (3) *,R,1,1.41,2,1,0.5,PoG,Postcentral Gyrus,Parietal Lobe,1.0,A1/2/3ulhf,PoG_L(R)_4_1,155,156,0.5,0.0,1,1,1.0
s1damh,S1damH,U,1,1.41,2,1,0.5,PoG,Postcentral Gyrus,Parietal Lobe,1.0,A2,PoG_L(R)_4_3,159,160,0.5,1.0,1,3,
cingulate gyrus 1997,Cingulate gyrus*1997,U,1,1.44,2,1,0.3333,CG,Cingulate Gyrus,Limbic Lobe,1.0,A24rv,CG_L(R)_7_2,177,178,0.3333,1.0,1,1,
rsts,RSTS,U,1,1.41,2,1,0.5,MTG,Middle Temporal Gyrus,Temporal Lobe,1.0,aSTS,MTG_L(R)_4_4,87,88,0.5,0.0,1,1,
rtemp,rTEMP,U,1,1.41,2,1,0.5,MTG,Middle Temporal Gyrus,Temporal Lobe,1.0,A21c,MTG_L(R)_4_1,81,82,0.5,0.0,1,1,
rtha,rTha,U,1,1.44,2,1,0.3,Tha,Thalamus,Subcortical Nuclei,1.0,Stha,Tha_L(R)_8_3,235,236,0.3,0.0,1,1,
rtpj 40,RTPJ(40),U,1,1.44,2,1,0.375,IPL,Inferior Parietal Lobule,Parietal Lobe,1.0,A39rv,IPL_L(R)_6_5,143,144,0.375,0.0,1,1,
rv1 v2,rV1-V2,U,1,1.44,2,1,0.4286,MVOcC,MedioVentral Occipital Cortex,Occipital Lobe,1.0,rCunG,MVOcC_L(R)_5_2,191,192,0.4286,0.0,1,1,
rv3a,rV3A,U,1,1.44,2,1,0.375,LOcC,lateral Occipital Cortex,Occipital Lobe,1.0,msOccG,LOcC_L(R)_2_1,207,208,0.375,0.0,1,1,
rv3b,rV3B,U,1,1.44,2,1,0.375,LOcC,lateral Occipital Cortex,Occipital Lobe,1.0,iOccG,LOcC_L(R)_4_4,205,206,0.375,0.0,1,1,
rv4 vp,rV4-VP,U,1,1.44,2,1,0.4286,MVOcC,MedioVentral Occipital Cortex,Occipital Lobe,1.0,rLinG,MVOcC_L(R)_5_4,195,196,0.4286,0.0,1,1,
rpfc,RPFC,U,1,1.44,2,1,0.3333,MFG,Middle Frontal Gyrus,Frontal Lobe,1.0,A9/46d,MFG_L(R)_7_1,15,16,0.3333,0.0,1,1,
rpips,rpIPS,U,1,1.44,2,1,0.4286,SPL,Superior Parietal Lobule,Parietal Lobe,1.0,A7c,SPL_L(R)_5_2,127,128,0.4286,0.0,1,1,
rpmtg,RpMTG,U,1,1.44,2,1,0.375,IPL,Inferior Parietal Lobule,Parietal Lobe,1.0,A39c,IPL_L(R)_6_1,135,136,0.375,0.0,1,1,
rppc,rPPC,U,1,1.44,2,1,0.375,IPL,Inferior Parietal Lobule,Parietal Lobe,1.0,A39rd,IPL_L(R)_6_2,137,138,0.375,0.0,1,1,
rsfg,rSFg,U,1,1.44,2,1,0.3333,SFG,Superior Frontal Gyrus,Frontal Lobe,1.0,A9l,SFG_L(R)_7_3,5,6,0.3333,0.0,1,1,
rsloc,RSLOC,U,1,1.44,2,1,0.4286,SPL,Superior Parietal Lobule,Parietal Lobe,1.0,A7c,SPL_L(R)_5_2,127,128,0.4286,0.0,1,1,
rsmg,RSMG,U,1,1.44,2,1,0.4286,SPL,Superior Parietal Lobule,Parietal Lobe,1.0,A5l,SPL_L(R)_5_3,129,130,0.4286,0.0,1,1,
rstg and insula,RSTG & insula,U,1,1.44,2,1,0.375,PrG,Precentral Gyrus,Frontal Lobe,1.0,A4tl,PrG_L(R)_6_5,61,62,0.375,0.0,1,1,
sfj,L SFJ,L,1,1.44,2,1,0.375,PrG,Precentral Gyrus,Frontal Lobe,1.0,A6cdl,PrG_L(R)_6_2,55,56,0.375,1.0,1,2,1.0
sfrg,SFrG,U,1,1.44,2,1,0.3333,MFG,Middle Frontal Gyrus,Frontal Lobe,1.0,A9/46d,MFG_L(R)_7_1,15,16,0.3333,1.0,1,1,
sii ba 40,SII (BA40),U,1,1.24,2,1,0.75,pSTS,posterior Superior Temporal Sulcus,Temporal Lobe,1.0,rpSTS,pSTS_L(R)_2_1,121,122,0.75,0.0,1,1,
sii la,SII La,U,1,1.41,2,1,0.5,PoG,Postcentral Gyrus,Parietal Lobe,1.0,A1/2/3tonIa,PoG_L(R)_4_2,157,158,0.5,1.0,1,1,
sips,sIPS,U,1,1.44,2,1,0.4286,SPL,Superior Parietal Lobule,Parietal Lobe,1.0,A7c,SPL_L(R)_5_2,127,128,0.4286,0.5,1,2,
slf,SLF,U,1,1.44,2,1,0.3333,MFG,Middle Frontal Gyrus,Frontal Lobe,1.0,A9/46d,MFG_L(R)_7_1,15,16,0.3333,0.0,1,1,
sma ba 5,r-SMA (BA5),R,1,1.44,2,1,0.4286,SPL,Superior Parietal Lobule,Parietal Lobe,1.0,A7pc,SPL_L(R)_5_4,131,132,0.4286,0.0,1,1,1.0
sma premotor,L—SMA—Premotor,L,1,1.44,2,1,0.3333,SFG,Superior Frontal Gyrus,Frontal Lobe,1.0,A6dl,SFG_L(R)_7_4,7,8,0.3333,1.0,1,1,1.0
sfc ba 6,Right SFC (BA6),R,1,1.44,2,1,0.375,BG,Basal Ganglia,Subcortical Nuclei,1.0,GP,BG_L(R)_6_2,221,222,0.375,0.0,1,1,1.0
sfg 6,SFG (6),U,1,1.44,2,1,0.3333,SFG,Superior Frontal Gyrus,Frontal Lobe,1.0,A6dl,SFG_L(R)_7_4,7,8,0.3333,0.0,1,1,
sfg 9,rt SFG (9),R,1,1.44,2,1,0.3333,SFG,Superior Frontal Gyrus,Frontal Lobe,1.0,A9l,SFG_L(R)_7_3,5,6,0.3333,0.0,1,1,1.0
sfg ba 6,R SFG (BA 6),R,1,1.44,2,1,0.375,BG,Basal Ganglia,Subcortical Nuclei,1.0,vmPu,BG_L(R)_6_4,225,226,0.375,0.0,1,1,1.0
sfg ba 6 8,R SFG (BA 6/8),R,1,1.44,2,1,0.375,BG,Basal Ganglia,Subcortical Nuclei,1.0,vCa,BG_L(R)_6_1,219,220,0.375,0.0,1,1,1.0
sfg ba 8,R SFG (BA 8),R,1,1.44,2,1,0.3333,SFG,Superior Frontal Gyrus,Frontal Lobe,1.0,A9l,SFG_L(R)_7_3,5,6,0.3333,0.0,1,1,1.0
sfg ba 9,L SFG (BA9),L,1,1.44,2,1,0.3333,CG,Cingulate Gyrus,Limbic Lobe,1.0,A32sg,CG_L(R)_7_7,187,188,0.3333,1.0,1,1,1.0
sfg4,SFG4,U,1,1.44,2,1,0.3333,SFG,Superior Frontal Gyrus,Frontal Lobe,1.0,A8dl,SFG_L(R)_7_2,3,4,0.3333,0.0,1,1,
secondary somatosensory,Secondary somatosensory,U,1,1.44,2,1,0.375,IFG,Inferior Frontal Gyrus,Frontal Lobe,1.0,A44v,IFG_L(R)_6_6,39,40,0.375,0.0,1,1,
sef sphere,SEF_sphere,U,1,1.44,2,1,0.3333,SFG,Superior Frontal Gyrus,Frontal Lobe,1.0,A6m,SFG_L(R)_7_5,9,10,0.3333,1.0,1,1,
sensorimotor network,Sensorimotor network (M1),U,1,1.44,2,1,0.3333,MFG,Middle Frontal Gyrus,Frontal Lobe,1.0,A8vl,MFG_L(R)_7_5,23,24,0.3333,0.0,1,1,
sensorimotor region,Sensorimotor region,U,1,1.41,2,1,0.5,Pcun,Precuneus,Parietal Lobe,1.0,A5m,PCun_L(R)_4_2,149,150,0.5,1.0,1,1,
sensory association cortex,Sensory association cortex,U,1,1.44,2,1,0.4286,SPL,Superior Parietal Lobule,Parietal Lobe,1.0,A7r,SPL_L(R)_5_1,125,126,0.4286,0.0,1,1,
septal,Septal,U,1,1.44,2,1,0.3333,CG,Cingulate Gyrus,Limbic Lobe,1.0,A32sg,CG_L(R)_7_7,187,188,0.3333,1.0,1,1,
septal area,Septal area,U,1,1.44,2,1,0.3,Tha,Thalamus,Subcortical Nuclei,1.0,rTtha,Tha_L(R)_8_4,237,238,0.3,0.5,1,2,
septal part of nucleus accumbens,Septal part of nucleus accumbens,U,1,1.44,2,1,0.375,BG,Basal Ganglia,Subcortical Nuclei,1.0,NAC,BG_L(R)_6_3,223,224,0.375,0.0,1,1,
cluster 2,Cluster 2,U,1,1.44,2,1,0.375,BG,Basal Ganglia,Subcortical Nuclei,1.0,vCa,BG_L(R)_6_1,219,220,0.375,0.0,1,1,
cluster 3,Cluster 3,U,1,1.44,2,1,0.375,BG,Basal Ganglia,Subcortical Nuclei,1.0,dCa,BG_L(R)_6_5,227,228,0.375,0.0,1,1,
cluster 4,Cluster 4,U,1,1.44,2,1,0.3,Tha,Thalamus,Subcortical Nuclei,1.0,mPFtha,Tha_L(R)_8_1,231,232,0.3,0.0,1,1,
s1undamh,S1undamh,U,1,1.44,2,1,0.4286,SPL,Superior Parietal Lobule,Parietal Lobe,1.0,A5l,SPL_L(R)_5_3,129,130,0.4286,0.0,1,1,
s2 cl,S2 cl,U,1,1.44,2,1,0.375,PrG,Precentral Gyrus,Frontal Lobe,1.0,A4tl,PrG_L(R)_6_5,61,62,0.375,0.0,1,1,
sacc,sACC,U,1,1.44,2,1,0.3333,CG,Cingulate Gyrus,Limbic Lobe,1.0,A32sg,CG_L(R)_7_7,187,188,0.3333,1.0,1,1,
secondary auditory cortex,Left secondary auditory cortex,L,1,1.44,2,1,0.375,STG,Superior Temporal Gyrus,Temporal Lobe,1.0,A41/42,STG_L(R)_6_2,71,72,0.375,0.0,1,1,0.0
secondary olfactory area,Secondary olfactory areas,U,1,1.44,2,1,0.375,INS,Insular Gyrus,Insular Lobe,1.0,G,INS_L(R)_6_1,163,164,0.375,1.0,1,1,
cingulate 24,L Cingulate (24),L,1,1.44,2,1,0.3333,SFG,Superior Frontal Gyrus,Frontal Lobe,1.0,A6m,SFG_L(R)_7_5,9,10,0.3333,1.0,1,1,1.0
cingulate anterior dorsal,Cingulate anterior dorsal R,R,1,1.44,2,1,0.3333,SFG,Superior Frontal Gyrus,Frontal Lobe,1.0,A8m,SFG_L(R)_7_1,1,2,0.3333,0.0,1,1,1.0
cingulate area,Cingulate area (L),L,1,1.44,2,1,0.3333,SFG,Superior Frontal Gyrus,Frontal Lobe,1.0,A8m,SFG_L(R)_7_1,1,2,0.3333,1.0,1,1,1.0
cingulate ba 23,L. cingulate (BA 23),L,1,1.44,2,1,0.3333,CG,Cingulate Gyrus,Limbic Lobe,1.0,A23d,CG_L(R)_7_1,175,176,0.3333,1.0,1,1,1.0
cingulate ba 31,L cingulate (BA 31),L,1,1.44,2,1,0.3333,CG,Cingulate Gyrus,Limbic Lobe,1.0,A23d,CG_L(R)_7_1,175,176,0.3333,1.0,1,1,1.0
cingulate ba 32,RH cingulate (BA 32),R,1,1.44,2,1,0.375,BG,Basal Ganglia,Subcortical Nuclei,1.0,dCa,BG_L(R)_6_5,227,228,0.375,0.0,1,1,1.0
cingulate g ba 24,L Cingulate G BA 24,LR,1,1.44,2,1,0.3333,CG,Cingulate Gyrus,Limbic Lobe,1.0,A24rv,CG_L(R)_7_2,177,178,0.3333,1.0,1,1,1.0
cingulate g ba 31,Cingulate G. (BA 31),U,1,1.44,2,1,0.3333,CG,Cingulate Gyrus,Limbic Lobe,1.0,A23d,CG_L(R)_7_1,175,176,0.3333,1.0,1,1,
cerebelum,L Cerebelum (VI),L,1,1.44,2,1,0.4286,MVOcC,MedioVentral Occipital Cortex,Occipital Lobe,1.0,rLinG,MVOcC_L(R)_5_4,195,196,0.4286,1.0,1,1,1.0
cerebelum 4 5,L Cerebelum_4_5,LR,1,1.44,2,1,0.4286,MVOcC,MedioVentral Occipital Cortex,Occipital Lobe,1.0,rLinG,MVOcC_L(R)_5_4,195,196,0.4286,1.0,1,1,1.0
cerebral peduncle,Cerebral peduncle (L),L,1,1.24,2,1,0.75,Hipp,Hippocampus,Subcortical Nuclei,1.0,rHipp,Hipp_L(R)_2_1,215,216,0.75,1.0,1,1,1.0
cerebrum sub lobar,Right cerebrum sub-lobar,R,1,1.44,2,1,0.375,BG,Basal Ganglia,Subcortical Nuclei,1.0,GP,BG_L(R)_6_2,221,222,0.375,0.0,1,1,1.0
cg ba 24,R CG (BA 24),R,1,1.44,2,1,0.3333,CG,Cingulate Gyrus,Limbic Lobe,1.0,A24rv,CG_L(R)_7_2,177,178,0.3333,0.0,1,1,1.0
cing gyi,Cing GyI,U,1,1.44,2,1,0.3333,CG,Cingulate Gyrus,Limbic Lobe,1.0,A23d,CG_L(R)_7_1,175,176,0.3333,1.0,1,1,
cing gyu,Cing GyU,U,1,1.44,2,1,0.3333,CG,Cingulate Gyrus,Limbic Lobe,1.0,A23c,CG_L(R)_7_6,185,186,0.3333,0.0,1,1,
cingular,Cingular,U,1,1.44,2,1,0.375,BG,Basal Ganglia,Subcortical Nuclei,1.0,dCa,BG_L(R)_6_5,227,228,0.375,0.0,1,1,
somato motor cortex,Somato-motor cortex (SVC),U,1,1.44,2,1,0.375,PrG,Precentral Gyrus,Frontal Lobe,1.0,A4hf,PrG_L(R)_6_1,53,54,0.375,1.0,1,1,
somatomotor cortex,Somatomotor cortex,U,1,1.44,2,1,0.375,PrG,Precentral Gyrus,Frontal Lobe,1.0,A6cdl,PrG_L(R)_6_2,55,56,0.375,0.0,1,1,
somatosensorial 1,Somatosensorial 1,U,1,1.41,2,1,0.5,PoG,Postcentral Gyrus,Parietal Lobe,1.0,A2,PoG_L(R)_4_3,159,160,0.5,0.5,1,2,
cerebellum lobule viibs,Cerebellum lobule VIIbs,U,1,1.44,2,1,0.4286,MVOcC,MedioVentral Occipital Cortex,Occipital Lobe,1.0,rCunG,MVOcC_L(R)_5_2,191,192,0.4286,0.0,1,1,
cerebellum vi,Cerebellum VI R,R,1,1.44,2,1,0.3333,MFG,Middle Frontal Gyrus,Frontal Lobe,1.0,A9/46d,MFG_L(R)_7_1,15,16,0.3333,0.0,1,1,1.0
cerebellum viib,Cerebellum VIIB R,R,1,1.44,2,1,0.3333,MFG,Middle Frontal Gyrus,Frontal Lobe,1.0,A9/46d,MFG_L(R)_7_1,15,16,0.3333,0.0,1,1,1.0
cerebellum viiia,Cerebellum VIIIa,U,1,1.44,2,1,0.4286,MVOcC,MedioVentral Occipital Cortex,Occipital Lobe,1.0,vmPOS,MVOcC_L(R)_5_5,197,198,0.4286,0.0,1,1,
cerebellum viiib,Cerebellum VIIIb,U,1,1.44,2,1,0.4286,MVOcC,MedioVentral Occipital Cortex,Occipital Lobe,1.0,vmPOS,MVOcC_L(R)_5_5,197,198,0.4286,0.0,1,1,
smadamh,SMAdamH,U,1,1.24,2,1,0.75,PCL,Paracentral Lobule,Frontal Lobe,1.0,A4ll,PCL_L(R)_2_2,67,68,0.75,1.0,1,3,
smaundamh,SMAundamh,U,1,1.24,2,1,0.75,PCL,Paracentral Lobule,Frontal Lobe,1.0,A4ll,PCL_L(R)_2_2,67,68,0.75,0.0,1,1,
smg ba 40,SMG (BA 40),U,1,1.44,2,1,0.375,IPL,Inferior Parietal Lobule,Parietal Lobe,1.0,A40c,IPL_L(R)_6_4,141,142,0.375,1.0,1,1,
smg ba 42,SMG (BA42),U,1,1.24,2,1,0.75,pSTS,posterior Superior Temporal Sulcus,Temporal Lobe,1.0,rpSTS,pSTS_L(R)_2_1,121,122,0.75,0.0,1,1,
smg d,SMG-d,U,1,1.44,2,1,0.375,IPL,Inferior Parietal Lobule,Parietal Lobe,1.0,A40rd,IPL_L(R)_6_3,139,140,0.375,1.0,1,1,
smg stg,l. SMG+STG,L,1,1.44,2,1,0.375,IPL,Inferior Parietal Lobule,Parietal Lobe,1.0,A40rv,IPL_L(R)_6_6,145,146,0.375,1.0,1,1,1.0
sofg,Right SOFG,R,1,1.44,2,1,0.375,BG,Basal Ganglia,Subcortical Nuclei,1.0,vCa,BG_L(R)_6_1,219,220,0.375,0.0,1,1,1.0
sog 19,rt SOG (19),R,1,1.44,2,1,0.375,IPL,Inferior Parietal Lobule,Parietal Lobe,1.0,A39c,IPL_L(R)_6_1,135,136,0.375,0.0,1,1,1.0
stg 39,STG (39),U,1,1.44,2,1,0.375,IPL,Inferior Parietal Lobule,Parietal Lobe,1.0,A39rv,IPL_L(R)_6_5,143,144,0.375,0.0,1,1,
stg ba 22 21,L. STG (BA 22/21),L,1,1.44,2,1,0.375,STG,Superior Temporal Gyrus,Temporal Lobe,1.0,A22r,STG_L(R)_6_6,79,80,0.375,1.0,1,1,1.0
stp,STP,U,1,1.44,2,1,0.375,STG,Superior Temporal Gyrus,Temporal Lobe,1.0,TE1.0 and TE1.2,STG_L(R)_6_3,73,74,0.375,0.0,1,2,
str,Str,U,1,1.44,2,1,0.3,Tha,Thalamus,Subcortical Nuclei,1.0,rTtha,Tha_L(R)_8_4,237,238,0.3,0.0,1,1,
striate visual cortex,Striate Visual Cortex,U,1,1.44,2,1,0.4286,MVOcC,MedioVentral Occipital Cortex,Occipital Lobe,1.0,rLinG,MVOcC_L(R)_5_4,195,196,0.4286,1.0,1,1,
sub gyral ba 10,R Sub-gyral (BA 10),R,1,1.44,2,1,0.375,IFG,Inferior Frontal Gyrus,Frontal Lobe,1.0,A45r,IFG_L(R)_6_4,35,36,0.375,0.0,1,1,1.0
sub gyrus 6,Right sub-gyrus (6),R,1,1.44,2,1,0.3333,MFG,Middle Frontal Gyrus,Frontal Lobe,1.0,A6vl,MFG_L(R)_7_6,25,26,0.3333,0.0,1,1,1.0
sub lobar amygdala,L Sub-lobar Amygdala,LR,1,1.44,2,1,0.375,BG,Basal Ganglia,Subcortical Nuclei,1.0,NAC,BG_L(R)_6_3,223,224,0.375,1.0,1,1,1.0
spl cl,SPL_CL,U,1,1.44,2,1,0.4286,SPL,Superior Parietal Lobule,Parietal Lobe,1.0,A7ip,SPL_L(R)_5_5,133,134,0.4286,0.0,1,1,
spl ext to stg,L SPL ext. to STG,L,1,1.44,2,1,0.375,IPL,Inferior Parietal Lobule,Parietal Lobe,1.0,A39rd,IPL_L(R)_6_2,137,138,0.375,1.0,1,1,1.0
spl3,SPL3,U,1,1.44,2,1,0.4286,SPL,Superior Parietal Lobule,Parietal Lobe,1.0,A7ip,SPL_L(R)_5_5,133,134,0.4286,0.0,1,1,
spl7p,SPL7P,U,1,1.44,2,1,0.4286,SPL,Superior Parietal Lobule,Parietal Lobe,1.0,A7c,SPL_L(R)_5_2,127,128,0.4286,0.0,1,1,
sps,Right SPS **,R,1,1.44,2,1,0.375,PrG,Precentral Gyrus,Frontal Lobe,1.0,A6cdl,PrG_L(R)_6_2,55,56,0.375,0.0,1,1,1.0
stg 1,STG 1,U,1,1.44,2,1,0.375,STG,Superior Temporal Gyrus,Temporal Lobe,1.0,A41/42,STG_L(R)_6_2,71,72,0.375,0.0,1,1,
stg 2,STG 2,U,1,1.24,2,1,0.75,pSTS,posterior Superior Temporal Sulcus,Temporal Lobe,1.0,rpSTS,pSTS_L(R)_2_1,121,122,0.75,0.0,1,1,
stg 3,STG 3,U,1,1.24,2,1,0.75,pSTS,posterior Superior Temporal Sulcus,Temporal Lobe,1.0,cpSTS,pSTS_L(R)_2_2,123,124,0.75,1.0,1,1,
cerebellum declive lobule vi,Right cerebellum declive lobule VI,R,1,1.36,2,1,0.6,FuG,Fusiform Gyrus,Temporal Lobe,1.0,A37mv,FuG_L(R)_3_2,105,106,0.6,0.0,1,1,1.0
cerebellum inferior semi lunar,Right cerebellum – inferior semi-lunar,R,1,1.44,2,1,0.4286,MVOcC,MedioVentral Occipital Cortex,Occipital Lobe,1.0,rCunG,MVOcC_L(R)_5_2,191,192,0.4286,0.0,1,2,1.0
cerebellum ix,Cerebellum IX,U,1,1.44,2,1,0.3333,CG,Cingulate Gyrus,Limbic Lobe,1.0,A23v,CG_L(R)_7_4,181,182,0.3333,1.0,1,1,
cerebellum lobule v,Cerebellum lobule V,U,1,1.44,2,1,0.3333,SFG,Superior Frontal Gyrus,Frontal Lobe,1.0,A9l,SFG_L(R)_7_3,5,6,0.3333,0.0,1,1,
cerebellum lobule viia,L cerebellum lobule VIIa,L,1,1.44,2,1,0.375,LOcC,lateral Occipital Cortex,Occipital Lobe,1.0,iOccG,LOcC_L(R)_4_4,205,206,0.375,1.0,1,1,1.0
somatosensory association cortex and associative visual cortex,Somatosensory association cortex & associative visual cortex,U,1,1.44,2,1,0.375,LOcC,lateral Occipital Cortex,Occipital Lobe,1.0,mOccG,LOcC_L(R)_4_1,199,200,0.375,0.0,1,1,
spc ba 7,Left SPC (BA7),L,1,1.44,2,1,0.4286,MVOcC,MedioVentral Occipital Cortex,Occipital Lobe,1.0,vmPOS,MVOcC_L(R)_5_5,197,198,0.4286,1.0,1,1,1.0
spl 7,SPL (7),U,1,1.44,2,1,0.4286,SPL,Superior Parietal Lobule,Parietal Lobe,1.0,A7ip,SPL_L(R)_5_5,133,134,0.4286,0.0,1,1,
cingulate grus,Cingulate grus,U,1,1.44,2,1,0.3333,CG,Cingulate Gyrus,Limbic Lobe,1.0,A23c,CG_L(R)_7_6,185,186,0.3333,1.0,1,1,
cerebellar lobule viii,Cerebellar lobule VIII L,L,1,1.44,2,1,0.3,Tha,Thalamus,Subcortical Nuclei,1.0,rTtha,Tha_L(R)_8_4,237,238,0.3,1.0,1,1,1.0
cerebellum 10,Cerebellum 10,U,1,1.24,2,1,0.75,Hipp,Hippocampus,Subcortical Nuclei,1.0,cHipp,Hipp_L(R)_2_2,217,218,0.75,1.0,1,2,
cerebellum 7b,Cerebellum 7b,U,1,1.44,2,1,0.4286,MVOcC,MedioVentral Occipital Cortex,Occipital Lobe,1.0,rCunG,MVOcC_L(R)_5_2,191,192,0.4286,1.0,1,1,
cerebellum crus,Left cerebellum crus,L,1,1.44,2,1,0.375,IFG,Inferior Frontal Gyrus,Frontal Lobe,1.0,A45c,IFG_L(R)_6_3,33,34,0.375,0.0,1,1,0.0
cerebellum crus ii,Cerebellum crus II,U,1,1.44,2,1,0.375,LOcC,lateral Occipital Cortex,Occipital Lobe,1.0,V5/MT+,LOcC_L(R)_4_2,201,202,0.375,1.0,1,1,
cerebellum crust i,L cerebellum crust I,L,1,1.36,2,1,0.6,FuG,Fusiform Gyrus,Temporal Lobe,1.0,A37lv,FuG_L(R)_3_3,107,108,0.6,1.0,1,1,1.0
cerebellum culmen lobule vi,Left cerebellum culmen lobule VI,L,1,1.36,2,1,0.6,FuG,Fusiform Gyrus,Temporal Lobe,1.0,A37mv,FuG_L(R)_3_2,105,106,0.6,1.0,1,1,1.0
cbl,L CBL,L,1,1.44,2,1,0.4286,MVOcC,MedioVentral Occipital Cortex,Occipital Lobe,1.0,rCunG,MVOcC_L(R)_5_2,191,192,0.4286,1.0,1,1,1.0
ccma,cCMA(L),L,1,1.24,2,1,0.75,PCL,Paracentral Lobule,Frontal Lobe,1.0,A4ll,PCL_L(R)_2_2,67,68,0.75,1.0,1,1,1.0
central cortex,Central-cortex,U,1,1.44,2,1,0.375,PrG,Precentral Gyrus,Frontal Lobe,1.0,A4tl,PrG_L(R)_6_5,61,62,0.375,1.0,1,1,
central insula,Central insula,U,1,1.44,2,1,0.375,PrG,Precentral Gyrus,Frontal Lobe,1.0,A4tl,PrG_L(R)_6_5,61,62,0.375,0.0,1,1,
central occipital gyrus,Central occipital gyrus,U,1,1.44,2,1,0.375,IPL,Inferior Parietal Lobule,Parietal Lobe,1.0,A39c,IPL_L(R)_6_1,135,136,0.375,1.0,1,1,
central oper cortex,Central Oper. Cortex,U,1,1.41,2,1,0.5,PoG,Postcentral Gyrus,Parietal Lobe,1.0,A1/2/3tonIa,PoG_L(R)_4_2,157,158,0.5,0.0,1,1,
central opercularcortex,"central opercularcortex,",U,1,1.44,2,1,0.375,INS,Insular Gyrus,Insular Lobe,1.0,G,INS_L(R)_6_1,163,164,0.375,0.0,1,1,
centrolateral prefrontal cortex,Centrolateral prefrontal cortex,U,1,1.44,2,1,0.375,IFG,Inferior Frontal Gyrus,Frontal Lobe,1.0,IFS,IFG_L(R)_6_2,31,32,0.375,0.0,1,1,
subgyral temporal,Right subgyral temporal,R,1,1.24,2,1,0.75,Hipp,Hippocampus,Subcortical Nuclei,1.0,cHipp,Hipp_L(R)_2_2,217,218,0.75,0.0,1,1,1.0
caudal supplementary motor area,Caudal supplementary motor area (cSMA),U,1,1.44,2,1,0.3333,SFG,Superior Frontal Gyrus,Frontal Lobe,1.0,A6m,SFG_L(R)_7_5,9,10,0.3333,1.0,1,1,
caudate2,Caudate2,U,1,1.44,2,1,0.375,BG,Basal Ganglia,Subcortical Nuclei,1.0,dCa,BG_L(R)_6_5,227,228,0.375,1.0,1,1,
caudateb,[7] L caudateb,L,1,1.44,2,1,0.375,BG,Basal Ganglia,Subcortical Nuclei,1.0,dCa,BG_L(R)_6_5,227,228,0.375,1.0,1,1,1.0
caudateh,CaudateH,U,1,1.44,2,1,0.375,BG,Basal Ganglia,Subcortical Nuclei,1.0,dCa,BG_L(R)_6_5,227,228,0.375,0.0,1,1,
caudatel,CaudateL,U,1,1.44,2,1,0.375,BG,Basal Ganglia,Subcortical Nuclei,1.0,dCa,BG_L(R)_6_5,227,228,0.375,0.0,1,1,
caudaten,CaudateN,U,1,1.44,2,1,0.375,BG,Basal Ganglia,Subcortical Nuclei,1.0,dCa,BG_L(R)_6_5,227,228,0.375,0.0,1,1,
caudater,Caudater(R),R,1,1.44,2,1,0.375,BG,Basal Ganglia,Subcortical Nuclei,1.0,vCa,BG_L(R)_6_1,219,220,0.375,0.0,1,2,1.0
subcortex white matter,Subcortex white matter,U,1,1.41,2,1,0.5,Pcun,Precuneus,Parietal Lobe,1.0,dmPOS,PCun_L(R)_4_3,151,152,0.5,0.0,1,1,
subcortical ifg,Right subcortical IFG,R,1,1.44,2,1,0.375,BG,Basal Ganglia,Subcortical Nuclei,1.0,dlPu,BG_L(R)_6_6,229,230,0.375,0.0,1,2,1.0
subgenual acc ba 25,2Subgenual ACC (BA 25),U,1,1.44,2,1,0.375,BG,Basal Ganglia,Subcortical Nuclei,1.0,NAC,BG_L(R)_6_3,223,224,0.375,0.0,1,2,
subgenual cortex,Subgenual cortex,U,1,1.44,2,1,0.375,BG,Basal Ganglia,Subcortical Nuclei,1.0,NAC,BG_L(R)_6_3,223,224,0.375,0.0,1,1,
subgenual prefrontal cortex,Right subgenual prefrontal cortex,R,1,1.44,2,1,0.375,BG,Basal Ganglia,Subcortical Nuclei,1.0,dCa,BG_L(R)_6_5,227,228,0.375,0.0,1,1,1.0
subgenual vmpfc,Subgenual vMPFC,U,1,1.44,2,1,0.375,BG,Basal Ganglia,Subcortical Nuclei,1.0,NAC,BG_L(R)_6_3,223,224,0.375,0.0,1,1,
subgyral,R subgyral,R,1,1.36,2,1,0.6,FuG,Fusiform Gyrus,Temporal Lobe,1.0,A37lv,FuG_L(R)_3_3,107,108,0.6,0.0,1,1,1.0
subgyral grey matter 37,L subgyral grey matter (37),L,1,1.41,2,1,0.5,MTG,Middle Temporal Gyrus,Temporal Lobe,1.0,A37dl,MTG_L(R)_4_3,85,86,0.5,1.0,1,1,1.0
sub lobar caudate,Left sub-lobar caudate,L,1,1.44,2,1,0.375,BG,Basal Ganglia,Subcortical Nuclei,1.0,dCa,BG_L(R)_6_5,227,228,0.375,1.0,1,1,1.0
subacc,SubACC,U,1,1.44,2,1,0.3333,CG,Cingulate Gyrus,Limbic Lobe,1.0,A32sg,CG_L(R)_7_7,187,188,0.3333,1.0,1,1,
subcallosal cingulate,Subcallosal cingulate,U,1,1.44,2,1,0.375,OrG,Orbital Gyrus,Frontal Lobe,1.0,A14m,OrG_L(R)_6_1,41,42,0.375,1.0,1,1,
subcallosal gyrus 34,Subcallosal gyrus (34),U,1,1.44,2,1,0.375,BG,Basal Ganglia,Subcortical Nuclei,1.0,vmPu,BG_L(R)_6_4,225,226,0.375,0.0,1,1,
subcallosal gyrus wm,L-subcallosal gyrus WM,L,1,1.44,2,1,0.375,BG,Basal Ganglia,Subcortical Nuclei,1.0,NAC,BG_L(R)_6_3,223,224,0.375,1.0,1,1,1.0
subcc,SUBCC,U,1,1.44,2,1,0.375,OrG,Orbital Gyrus,Frontal Lobe,1.0,A13,OrG_L(R)_6_5,49,50,0.375,0.0,1,1,
subcentral gyrus,Subcentral gyrus???,U,1,1.44,2,1,0.375,STG,Superior Temporal Gyrus,Temporal Lobe,1.0,TE1.0 and TE1.2,STG_L(R)_6_3,73,74,0.375,0.0,1,1,
subcentral gyrusb,Subcentral gyrusb,U,1,1.44,2,1,0.375,STG,Superior Temporal Gyrus,Temporal Lobe,1.0,TE1.0 and TE1.2,STG_L(R)_6_3,73,74,0.375,0.0,1,1,
sup lateral occipital cortex,Sup. lateral occipital cortex,U,1,1.44,2,1,0.4286,SPL,Superior Parietal Lobule,Parietal Lobe,1.0,A7c,SPL_L(R)_5_2,127,128,0.4286,0.0,1,1,
sup medial frontal gyrus,L sup. medial frontal gyrus,L,1,1.44,2,1,0.3333,SFG,Superior Frontal Gyrus,Frontal Lobe,1.0,A9m,SFG_L(R)_7_6,11,12,0.3333,1.0,1,1,1.0
sup par,Sup. par.,U,1,1.44,2,1,0.375,IPL,Inferior Parietal Lobule,Parietal Lobe,1.0,A39rd,IPL_L(R)_6_2,137,138,0.375,1.0,1,1,
sup par lobule,Sup Par Lobule???,U,1,1.44,2,1,0.375,IPL,Inferior Parietal Lobule,Parietal Lobe,1.0,A39rd,IPL_L(R)_6_2,137,138,0.375,0.0,1,1,
sup par lobulek,Sup Par LobuleK,U,1,1.44,2,1,0.375,IPL,Inferior Parietal Lobule,Parietal Lobe,1.0,A39rd,IPL_L(R)_6_2,137,138,0.375,0.0,1,1,
sup parietal lobe,L sup parietal lobe,LR,1,1.44,2,1,0.375,IPL,Inferior Parietal Lobule,Parietal Lobe,1.0,A40rd,IPL_L(R)_6_3,139,140,0.375,1.0,1,1,1.0
sup temp,R sup temp,R,1,1.36,2,1,0.6,FuG,Fusiform Gyrus,Temporal Lobe,1.0,A37lv,FuG_L(R)_3_3,107,108,0.6,0.0,1,1,1.0
sup temp g,Sup. Temp. G,U,1,1.41,2,1,0.5,MTG,Middle Temporal Gyrus,Temporal Lobe,1.0,A37dl,MTG_L(R)_4_3,85,86,0.5,0.0,1,1,
sup fr gyl,Sup Fr GyL,U,1,1.44,2,1,0.3333,MFG,Middle Frontal Gyrus,Frontal Lobe,1.0,A9/46v,MFG_L(R)_7_4,21,22,0.3333,0.0,1,1,
sup fr gyo,Sup Fr GyO,U,1,1.44,2,1,0.3333,SFG,Superior Frontal Gyrus,Frontal Lobe,1.0,A8dl,SFG_L(R)_7_2,3,4,0.3333,0.0,1,1,
sup front,Sup. Front.,U,1,1.44,2,1,0.3333,SFG,Superior Frontal Gyrus,Frontal Lobe,1.0,A8dl,SFG_L(R)_7_2,3,4,0.3333,1.0,1,1,
sup front gyrus,Sup. Front Gyrus,U,1,1.44,2,1,0.375,PrG,Precentral Gyrus,Frontal Lobe,1.0,A4t,PrG_L(R)_6_4,59,60,0.375,1.0,1,1,
sup frontal g 1,L sup frontal g (1),L,1,1.44,2,1,0.3333,SFG,Superior Frontal Gyrus,Frontal Lobe,1.0,A8dl,SFG_L(R)_7_2,3,4,0.3333,1.0,1,1,1.0
sup frontal g 2,L sup frontal g (2),L,1,1.44,2,1,0.3333,SFG,Superior Frontal Gyrus,Frontal Lobe,1.0,A9l,SFG_L(R)_7_3,5,6,0.3333,1.0,1,1,1.0
sup frontal med gyrus,Sup. frontal med. gyrus,U,1,1.44,2,1,0.3333,SFG,Superior Frontal Gyrus,Frontal Lobe,1.0,A9m,SFG_L(R)_7_6,11,12,0.3333,1.0,1,1,
sup frontal sulcus,Sup. frontal sulcus L,L,1,1.44,2,1,0.375,PhG,Parahippocampal Gyrus,Temporal Lobe,1.0,A35/36c,PhG_L(R)_6_2,111,112,0.375,1.0,1,1,1.0
subthamic nucleus,L subthamic nucleus,L,1,1.44,2,1,0.3,Tha,Thalamus,Subcortical Nuclei,1.0,lPFtha,Tha_L(R)_8_8,245,246,0.3,1.0,1,1,1.0
sulcus intermedius primus of jensen,Sulcus intermedius primus of Jensen,U,1,1.44,2,1,0.375,IPL,Inferior Parietal Lobule,Parietal Lobe,1.0,A40c,IPL_L(R)_6_4,141,142,0.375,1.0,1,2,
sup and mid fr gy,Sup & Mid Fr Gy,U,1,1.44,2,1,0.3333,MFG,Middle Frontal Gyrus,Frontal Lobe,1.0,A9/46v,MFG_L(R)_7_4,21,22,0.3333,0.0,1,1,
sup and mid temporal,Sup & mid temporal,U,1,1.44,2,1,0.375,IPL,Inferior Parietal Lobule,Parietal Lobe,1.0,A40c,IPL_L(R)_6_4,141,142,0.375,1.0,1,1,
sup fr gy g,Sup Fr Gy (Pre-SMA)G,U,1,1.44,2,1,0.3333,SFG,Superior Frontal Gyrus,Frontal Lobe,1.0,A8m,SFG_L(R)_7_1,1,2,0.3333,0.0,1,1,
sup fr gy o,Sup Fr Gy (Pre-SMA)O,U,1,1.44,2,1,0.3333,SFG,Superior Frontal Gyrus,Frontal Lobe,1.0,A6dl,SFG_L(R)_7_4,7,8,0.3333,1.0,1,1,
sup fr gy p,Sup Fr Gy (Pre-SMA)P,U,1,1.44,2,1,0.375,PrG,Precentral Gyrus,Frontal Lobe,1.0,A4t,PrG_L(R)_6_4,59,60,0.375,0.0,1,1,
sup fr gye,Sup Fr GyE,U,1,1.44,2,1,0.3333,SFG,Superior Frontal Gyrus,Frontal Lobe,1.0,A8m,SFG_L(R)_7_1,1,2,0.3333,0.0,1,1,
centromedial amygdala,R centromedial amygdala,R,1,1.44,2,1,0.375,BG,Basal Ganglia,Subcortical Nuclei,1.0,dlPu,BG_L(R)_6_6,229,230,0.375,0.0,1,1,1.0
cer,Right CER,R,1,1.36,2,1,0.6,FuG,Fusiform Gyrus,Temporal Lobe,1.0,A37mv,FuG_L(R)_3_2,105,106,0.6,0.0,1,1,1.0
cerbellum,Left cerbellum,L,1,1.44,2,1,0.4286,MVOcC,MedioVentral Occipital Cortex,Occipital Lobe,1.0,cLinG,MVOcC_L(R)_5_1,189,190,0.4286,1.0,1,1,1.0
cerebellar crus ii,Cerebellar crus II L,L,1,1.24,2,1,0.75,Hipp,Hippocampus,Subcortical Nuclei,1.0,rHipp,Hipp_L(R)_2_1,215,216,0.75,1.0,1,1,1.0
cerebellar culmen,L cerebellar culmen,L,1,1.36,2,1,0.6,FuG,Fusiform Gyrus,Temporal Lobe,1.0,A37mv,FuG_L(R)_3_2,105,106,0.6,1.0,1,1,1.0
subiculum,Subiculum,U,1,1.44,2,1,0.3,Tha,Thalamus,Subcortical Nuclei,1.0,Stha,Tha_L(R)_8_3,235,236,0.3,1.0,1,1,
sublobar insula,R. sublobar insula,R,1,1.44,2,1,0.375,STG,Superior Temporal Gyrus,Temporal Lobe,1.0,TE1.0 and TE1.2,STG_L(R)_6_3,73,74,0.375,0.0,1,1,1.0
sublobular,Sublobular,U,1,1.44,2,1,0.375,BG,Basal Ganglia,Subcortical Nuclei,1.0,dCa,BG_L(R)_6_5,227,228,0.375,0.0,1,1,
caudal acc,Caudal ACC,U,1,1.44,2,1,0.3333,CG,Cingulate Gyrus,Limbic Lobe,1.0,A24rv,CG_L(R)_7_2,177,178,0.3333,1.0,1,1,
caudal cuneus and calcarine sulcus,Caudal cuneus and calcarine sulcus,U,1,1.44,2,1,0.375,LOcC,lateral Occipital Cortex,Occipital Lobe,1.0,OPC,LOcC_L(R)_4_3,203,204,0.375,1.0,1,1,
caudal dlpfc,R caudal dlPFC,R,1,1.44,2,1,0.3333,SFG,Superior Frontal Gyrus,Frontal Lobe,1.0,A6dl,SFG_L(R)_7_4,7,8,0.3333,0.0,1,1,1.0
caudal fusiform gyrus and inferior occipital sulcus,Caudal fusiform gyrus and inferior occipital sulcus,U,1,1.44,2,1,0.375,LOcC,lateral Occipital Cortex,Occipital Lobe,1.0,iOccG,LOcC_L(R)_4_4,205,206,0.375,0.0,1,1,
caudal intraparietal sulcus,Left Caudal Intraparietal Sulcus (cIPS),L,1,1.44,2,1,0.375,IPL,Inferior Parietal Lobule,Parietal Lobe,1.0,A40rd,IPL_L(R)_6_3,139,140,0.375,1.0,1,1,1.0
caudal premotor area,Caudal premotor area,U,1,1.44,2,1,0.3333,SFG,Superior Frontal Gyrus,Frontal Lobe,1.0,A6dl,SFG_L(R)_7_4,7,8,0.3333,1.0,1,1,
superior and middle frontal gyrus 11,Right superior and middle frontal gyrus (11),R,1,1.44,2,1,0.375,OrG,Orbital Gyrus,Frontal Lobe,1.0,A11l,OrG_L(R)_6_3,45,46,0.375,0.0,1,1,1.0
superior and middle temporal gyrus 21,L superior and middle temporal gyri (21),L,1,1.44,2,1,0.375,STG,Superior Temporal Gyrus,Temporal Lobe,1.0,A22c,STG_L(R)_6_4,75,76,0.375,1.0,1,1,1.0
calcarine cortex ba 19,Left calcarine cortex (BA19),L,1,1.44,2,1,0.4286,MVOcC,MedioVentral Occipital Cortex,Occipital Lobe,1.0,vmPOS,MVOcC_L(R)_5_5,197,198,0.4286,1.0,1,1,1.0
calcarine fissure andsurrounding cortex,Left calcarine fissure andsurrounding cortex,LR,1,1.44,2,1,0.4286,MVOcC,MedioVentral Occipital Cortex,Occipital Lobe,1.0,rCunG,MVOcC_L(R)_5_2,191,192,0.4286,1.0,1,1,1.0
calcarine gyrus ba 19,Left Calcarine gyrus (BA 19)*,L,1,1.44,2,1,0.4286,MVOcC,MedioVentral Occipital Cortex,Occipital Lobe,1.0,vmPOS,MVOcC_L(R)_5_5,197,198,0.4286,1.0,1,1,1.0
calcarine region,L calcarine region,L,1,1.41,2,1,0.5,Pcun,Precuneus,Parietal Lobe,1.0,dmPOS,PCun_L(R)_4_3,151,152,0.5,1.0,1,1,1.0
calcarine sulcus and lingual gyrus,Calcarine sulcus and lingual gyrus,U,1,1.44,2,1,0.375,LOcC,lateral Occipital Cortex,Occipital Lobe,1.0,iOccG,LOcC_L(R)_4_4,205,206,0.375,1.0,1,1,
calcarinea,Right calcarinea,R,1,1.44,2,1,0.4286,MVOcC,MedioVentral Occipital Cortex,Occipital Lobe,1.0,vmPOS,MVOcC_L(R)_5_5,197,198,0.4286,0.0,1,1,1.0
callosal body,Callosal body,U,1,1.24,2,1,0.75,Hipp,Hippocampus,Subcortical Nuclei,1.0,cHipp,Hipp_L(R)_2_2,217,218,0.75,1.0,1,1,
canterior cingulate,cAnterior cingulate,U,1,1.44,2,1,0.3333,CG,Cingulate Gyrus,Limbic Lobe,1.0,A32sg,CG_L(R)_7_7,187,188,0.3333,0.0,1,1,
superior and inferior parietal,Superior & inferior parietal,U,1,1.44,2,1,0.4286,SPL,Superior Parietal Lobule,Parietal Lobe,1.0,A7c,SPL_L(R)_5_2,127,128,0.4286,1.0,1,1,
superior and inferior parietal sulcus,Superior and inferior parietal sulcus,U,1,1.44,2,1,0.375,LOcC,lateral Occipital Cortex,Occipital Lobe,1.0,lsOccG,LOcC_L(R)_2_2,209,210,0.375,1.0,1,1,
superior and middle,L superior and middle,L,1,1.44,2,1,0.375,LOcC,lateral Occipital Cortex,Occipital Lobe,1.0,OPC,LOcC_L(R)_4_3,203,204,0.375,1.0,1,1,1.0
cacc,cACC,U,1,1.44,2,1,0.3333,SFG,Superior Frontal Gyrus,Frontal Lobe,1.0,A8m,SFG_L(R)_7_1,1,2,0.3333,0.0,1,1,
calcar,R Calcar,R,1,1.44,2,1,0.4286,MVOcC,MedioVentral Occipital Cortex,Occipital Lobe,1.0,vmPOS,MVOcC_L(R)_5_5,197,198,0.4286,0.0,1,1,1.0
calcarine 18,Calcarine_L (18),L,1,1.44,2,1,0.375,LOcC,lateral Occipital Cortex,Occipital Lobe,1.0,OPC,LOcC_L(R)_4_3,203,204,0.375,1.0,1,1,1.0
calcarine 3,Calcarine R 3,R,1,1.44,2,1,0.375,BG,Basal Ganglia,Subcortical Nuclei,1.0,dCa,BG_L(R)_6_5,227,228,0.375,0.0,1,1,1.0
calcarine cortex ba 17,Left calcarine cortex (BA17),L,1,1.44,2,1,0.4286,MVOcC,MedioVentral Occipital Cortex,Occipital Lobe,1.0,vmPOS,MVOcC_L(R)_5_5,197,198,0.4286,1.0,1,1,1.0
sup temp gym,Sup Temp GyM,U,1,1.44,2,1,0.375,STG,Superior Temporal Gyrus,Temporal Lobe,1.0,A38m,STG_L(R)_6_1,69,70,0.375,0.0,1,1,
sup temp gyq,Sup Temp GyQ,U,1,1.44,2,1,0.375,STG,Superior Temporal Gyrus,Temporal Lobe,1.0,A38m,STG_L(R)_6_1,69,70,0.375,0.0,1,1,
sup temp gyrus,Right Sup Temp Gyrus,R,1,1.44,2,1,0.375,IPL,Inferior Parietal Lobule,Parietal Lobe,1.0,A40rv,IPL_L(R)_6_6,145,146,0.375,0.0,1,1,1.0
sup temporal g,R. Sup. temporal G.,R,1,1.44,2,1,0.375,STG,Superior Temporal Gyrus,Temporal Lobe,1.0,TE1.0 and TE1.2,STG_L(R)_6_3,73,74,0.375,0.0,1,1,1.0
sup temporal gyrusb,Sup. temporal gyrusb,U,1,1.44,2,1,0.375,STG,Superior Temporal Gyrus,Temporal Lobe,1.0,A22r,STG_L(R)_6_6,79,80,0.375,0.0,1,1,
sup temporal sulcus,Sup. temporal sulcus,U,1,1.24,2,1,0.75,pSTS,posterior Superior Temporal Sulcus,Temporal Lobe,1.0,rpSTS,pSTS_L(R)_2_1,121,122,0.75,1.0,1,1,
sup tp,R Sup Tp,R,1,1.44,2,1,0.375,PrG,Precentral Gyrus,Frontal Lobe,1.0,A4tl,PrG_L(R)_6_5,61,62,0.375,0.0,1,1,1.0
super marginal gyrus,super marginal gyrus,U,1,1.44,2,1,0.375,IPL,Inferior Parietal Lobule,Parietal Lobe,1.0,A40c,IPL_L(R)_6_4,141,142,0.375,1.0,1,1,
body of the corpus callosum,Body of the corpus callosum,U,1,1.44,2,1,0.3,Tha,Thalamus,Subcortical Nuclei,1.0,mPFtha,Tha_L(R)_8_1,231,232,0.3,0.0,1,1,
broca s area,Broca׳s area,U,1,1.44,2,1,0.375,IFG,Inferior Frontal Gyrus,Frontal Lobe,1.0,A44op,IFG_L(R)_6_5,37,38,0.375,1.0,1,1,
brocas area,Brocas area,U,1,1.44,2,1,0.3333,MFG,Middle Frontal Gyrus,Frontal Lobe,1.0,A9/46v,MFG_L(R)_7_4,21,22,0.3333,1.0,1,1,
brocas area ba 44,Broca's area (BA 44),U,1,1.44,2,1,0.375,PrG,Precentral Gyrus,Frontal Lobe,1.0,A4hf,PrG_L(R)_6_1,53,54,0.375,1.0,1,1,
brodmann area 13,R. Brodmann area 13,R,1,1.44,2,1,0.375,INS,Insular Gyrus,Insular Lobe,1.0,dIa,INS_L(R)_6_3,167,168,0.375,0.0,1,1,1.0
brodmann area 19,R. Brodmann area 19,R,1,1.44,2,1,0.375,LOcC,lateral Occipital Cortex,Occipital Lobe,1.0,lsOccG,LOcC_L(R)_2_2,209,210,0.375,0.0,1,1,1.0
brodmann area 30,R. Brodmann area 30,R,1,1.41,2,1,0.5,Pcun,Precuneus,Parietal Lobe,1.0,dmPOS,PCun_L(R)_4_3,151,152,0.5,0.0,1,1,1.0
brodmann area 32,L. Brodmann area 32,L,1,1.44,2,1,0.3333,SFG,Superior Frontal Gyrus,Frontal Lobe,1.0,A8m,SFG_L(R)_7_1,1,2,0.3333,1.0,1,1,1.0
superior frontal gyr,Superior Frontal Gyr (SFG),U,1,1.44,2,1,0.3333,SFG,Superior Frontal Gyrus,Frontal Lobe,1.0,A8m,SFG_L(R)_7_1,1,2,0.3333,1.0,1,1,
beta 1 extracted from the pcc,Beta-1 extracted from the PCC,U,1,1.44,2,1,0.3333,SFG,Superior Frontal Gyrus,Frontal Lobe,1.0,A6m,SFG_L(R)_7_5,9,10,0.3333,0.0,1,1,
beta 2 extracted from the pcc,Beta-2 extracted from the PCC,U,1,1.44,2,1,0.3333,MFG,Middle Frontal Gyrus,Frontal Lobe,1.0,A46,MFG_L(R)_7_3,19,20,0.3333,1.0,1,1,
beta 2 extracted from the precuneus,Beta 2 extracted from the precuneus,U,1,1.44,2,1,0.3333,MFG,Middle Frontal Gyrus,Frontal Lobe,1.0,A46,MFG_L(R)_7_3,19,20,0.3333,1.0,1,1,
bi anterior rostral medial prefrontal cortex,Bi Anterior rostral medial prefrontal cortex,U,1,1.44,2,1,0.3333,CG,Cingulate Gyrus,Limbic Lobe,1.0,A23d,CG_L(R)_7_1,175,176,0.3333,1.0,1,1,
bi lingual,bi lingual,U,1,1.44,2,1,0.4286,MVOcC,MedioVentral Occipital Cortex,Occipital Lobe,1.0,vmPOS,MVOcC_L(R)_5_5,197,198,0.4286,1.0,1,1,
bj versus ej versus aj,BJ versus EJ versus AJ,U,1,1.24,2,1,0.75,PCL,Paracentral Lobule,Frontal Lobe,1.0,A4ll,PCL_L(R)_2_2,67,68,0.75,1.0,1,1,
body of the calcarine fissure and cuneus,Body of the calcarine fissure and cuneus,U,1,1.44,2,1,0.4286,MVOcC,MedioVentral Occipital Cortex,Occipital Lobe,1.0,rCunG,MVOcC_L(R)_5_2,191,192,0.4286,1.0,1,1,
superior corona radiata,Superior corona radiata,U,1,1.44,2,1,0.375,BG,Basal Ganglia,Subcortical Nuclei,1.0,GP,BG_L(R)_6_2,221,222,0.375,0.0,1,1,
superior frontal 1,[2] L Superior frontal 1,L,1,1.44,2,1,0.3333,SFG,Superior Frontal Gyrus,Frontal Lobe,1.0,A6dl,SFG_L(R)_7_4,7,8,0.3333,1.0,1,1,1.0
superior frontal cortex ba 10,Superior frontal cortex (BA 10),U,1,1.44,2,1,0.3333,SFG,Superior Frontal Gyrus,Frontal Lobe,1.0,A10m,SFG_L(R)_7_7,13,14,0.3333,1.0,1,1,
superior frontal cortex ba 6,Superior Frontal Cortex (BA 6),U,1,1.44,2,1,0.3333,MFG,Middle Frontal Gyrus,Frontal Lobe,1.0,A6vl,MFG_L(R)_7_6,25,26,0.3333,1.0,1,1,
superior frontal g ba 6,Superior frontal G. (BA 6),U,1,1.44,2,1,0.3333,SFG,Superior Frontal Gyrus,Frontal Lobe,1.0,A6m,SFG_L(R)_7_5,9,10,0.3333,1.0,1,1,
superior frontal g ba 8,Superior frontal G. (BA 8),U,1,1.44,2,1,0.3333,SFG,Superior Frontal Gyrus,Frontal Lobe,1.0,A8dl,SFG_L(R)_7_2,3,4,0.3333,0.0,1,2,
superior frontal g ba 9,Superior frontal G. (BA 9),U,1,1.44,2,1,0.3333,SFG,Superior Frontal Gyrus,Frontal Lobe,1.0,A10m,SFG_L(R)_7_7,13,14,0.3333,0.0,1,1,
superior frontal gryus,Superior frontal gryus,U,1,1.44,2,1,0.3333,SFG,Superior Frontal Gyrus,Frontal Lobe,1.0,A8dl,SFG_L(R)_7_2,3,4,0.3333,1.0,1,1,
superior and middle temporal gyrus 42 22 21,"R superior and middle temporal gyrus (42, 22, 21)",R,1,1.44,2,1,0.375,STG,Superior Temporal Gyrus,Temporal Lobe,1.0,A41/42,STG_L(R)_6_2,71,72,0.375,0.0,1,1,1.0
superior anterior insula,left superior anterior insula,L,1,1.44,2,1,0.375,INS,Insular Gyrus,Insular Lobe,1.0,dId,INS_L(R)_6_6,173,174,0.375,1.0,1,1,1.0
superior anterior temporal cortex,Superior anterior temporal cortex,U,1,1.44,2,1,0.375,STG,Superior Temporal Gyrus,Temporal Lobe,1.0,A22r,STG_L(R)_6_6,79,80,0.375,1.0,1,1,
superior caudate,l Superior caudate,L,1,1.44,2,1,0.375,BG,Basal Ganglia,Subcortical Nuclei,1.0,dCa,BG_L(R)_6_5,227,228,0.375,1.0,1,1,1.0
superior cerebellar peduncle,Superior cerebellar peduncle,U,1,1.44,2,1,0.3333,CG,Cingulate Gyrus,Limbic Lobe,1.0,A23v,CG_L(R)_7_4,181,182,0.3333,1.0,1,1,
superior circular sulcus of the insula,Superior circular sulcus of the insula,U,1,1.44,2,1,0.375,INS,Insular Gyrus,Insular Lobe,1.0,dIg,INS_L(R)_6_5,171,172,0.375,0.0,1,1,
superior cluster,Superior cluster,U,1,1.44,2,1,0.375,PrG,Precentral Gyrus,Frontal Lobe,1.0,A6cdl,PrG_L(R)_6_2,55,56,0.375,0.0,1,1,
superior colliculus,superior colliculus,U,1,1.44,2,1,0.3,Tha,Thalamus,Subcortical Nuclei,1.0,PPtha,Tha_L(R)_8_5,239,240,0.3,0.0,1,1,
superior frontal sulcus 8,Lt superior frontal sulcus (8),L,1,1.44,2,1,0.3333,MFG,Middle Frontal Gyrus,Frontal Lobe,1.0,A8vl,MFG_L(R)_7_5,23,24,0.3333,1.0,1,1,1.0
superior frontal tracts,Superior frontal tracts (R),R,1,1.24,2,1,0.75,PCL,Paracentral Lobule,Frontal Lobe,1.0,A4ll,PCL_L(R)_2_2,67,68,0.75,0.0,1,1,1.0
ba 41 temporal transversus gyrus,Left BA41 temporal transversus gyrus,L,1,1.44,2,1,0.375,STG,Superior Temporal Gyrus,Temporal Lobe,1.0,A41/42,STG_L(R)_6_2,71,72,0.375,1.0,1,1,1.0
ba 43 2,BA43 (somatosensory/gustatory)2,U,1,1.41,2,1,0.5,PoG,Postcentral Gyrus,Parietal Lobe,1.0,A1/2/3ulhf,PoG_L(R)_4_1,155,156,0.5,1.0,1,1,
ba 44 dorsolateral prefrontal cortex,BA44 dorsolateral prefrontal cortex,U,1,1.44,2,1,0.375,IFG,Inferior Frontal Gyrus,Frontal Lobe,1.0,A44d,IFG_L(R)_6_1,29,30,0.375,1.0,1,1,
ba 45 dlpfc,BA45 DLPFC,U,1,1.44,2,1,0.375,IFG,Inferior Frontal Gyrus,Frontal Lobe,1.0,A44d,IFG_L(R)_6_1,29,30,0.375,1.0,1,1,
ba 45 dorsolateral prefrontal cortex,BA45 dorsolateral prefrontal cortex,U,1,1.44,2,1,0.375,IFG,Inferior Frontal Gyrus,Frontal Lobe,1.0,A45c,IFG_L(R)_6_3,33,34,0.375,1.0,1,1,
ba 47 inferior frontal gyrus,Left BA47 inferior frontal gyrus,L,1,1.44,2,1,0.375,STG,Superior Temporal Gyrus,Temporal Lobe,1.0,A38l,STG_L(R)_6_5,77,78,0.375,1.0,1,1,1.0
superior frontal gyrus medial region,Superior frontal gyrus — medial region,U,1,1.44,2,1,0.3333,SFG,Superior Frontal Gyrus,Frontal Lobe,1.0,A8m,SFG_L(R)_7_1,1,2,0.3333,1.0,1,1,
superior frontal gyrus wm,R-superior frontal gyrus WM,R,1,1.44,2,1,0.3333,MFG,Middle Frontal Gyrus,Frontal Lobe,1.0,A9/46d,MFG_L(R)_7_1,15,16,0.3333,0.0,1,1,1.0
superior frontal gyrus3,Superior frontal gyrus3,U,1,1.44,2,1,0.3333,MFG,Middle Frontal Gyrus,Frontal Lobe,1.0,A6vl,MFG_L(R)_7_6,25,26,0.3333,0.0,1,1,
superior frontal lobea,Left superior frontal lobea,L,1,1.44,2,1,0.3333,MFG,Middle Frontal Gyrus,Frontal Lobe,1.0,IFJ,MFG_L(R)_7_2,17,18,0.3333,1.0,1,1,1.0
superior frontal medial cortex,Superior frontal medial cortex,U,1,1.44,2,1,0.3333,SFG,Superior Frontal Gyrus,Frontal Lobe,1.0,A10m,SFG_L(R)_7_7,13,14,0.3333,0.5,1,2,
superior frontal medial gyrus,Left superior frontal medial gyrus,L,1,1.44,2,1,0.3333,SFG,Superior Frontal Gyrus,Frontal Lobe,1.0,A8m,SFG_L(R)_7_1,1,2,0.3333,0.0,1,1,0.0
superior frontal orbital lobe ba 11,Right superior frontal orbital lobe (BA11),R,1,1.44,2,1,0.375,OrG,Orbital Gyrus,Frontal Lobe,1.0,A11l,OrG_L(R)_6_3,45,46,0.375,0.0,1,1,1.0
superior frontal region,Superior frontal region,U,1,1.44,2,1,0.3333,MFG,Middle Frontal Gyrus,Frontal Lobe,1.0,A9/46d,MFG_L(R)_7_1,15,16,0.3333,1.0,1,1,
superior frontal gyrus 1997,Superior frontal gyrus*1997,U,1,1.44,2,1,0.3333,SFG,Superior Frontal Gyrus,Frontal Lobe,1.0,A8m,SFG_L(R)_7_1,1,2,0.3333,1.0,1,1,
superior frontal gyrus 24,Superior frontal gyrus (24),U,1,1.44,2,1,0.3333,CG,Cingulate Gyrus,Limbic Lobe,1.0,A24rv,CG_L(R)_7_2,177,178,0.3333,0.0,1,1,
superior frontal gyrus 8 9,Right superior frontal gyrus (8/9),R,1,1.44,2,1,0.3333,SFG,Superior Frontal Gyrus,Frontal Lobe,1.0,A9l,SFG_L(R)_7_3,5,6,0.3333,0.0,1,1,1.0
superior frontal gyrus 9 10,"Left superior frontal gyrus (9, 10)",L,1,1.44,2,1,0.3333,MFG,Middle Frontal Gyrus,Frontal Lobe,1.0,A9/46d,MFG_L(R)_7_1,15,16,0.3333,1.0,1,1,1.0
superior frontal gyrus and sulcus,Superior frontal gyrus and sulcus,U,1,1.44,2,1,0.3333,SFG,Superior Frontal Gyrus,Frontal Lobe,1.0,A8m,SFG_L(R)_7_1,1,2,0.3333,0.0,1,1,
superior frontal gyrus ba 6 8,L superior frontal gyrus (BA6/8),L,1,1.44,2,1,0.375,BG,Basal Ganglia,Subcortical Nuclei,1.0,dCa,BG_L(R)_6_5,227,228,0.375,0.0,1,1,0.0
superior frontal gyrus ba 9 1,Superior Frontal gyrus(BA9)1,U,1,1.44,2,1,0.3333,SFG,Superior Frontal Gyrus,Frontal Lobe,1.0,A9l,SFG_L(R)_7_3,5,6,0.3333,0.5,1,2,
superior frontal gyrus ba 9 2,Superior Frontal gyrus (BA9) 2,U,1,1.44,2,1,0.3333,SFG,Superior Frontal Gyrus,Frontal Lobe,1.0,A9l,SFG_L(R)_7_3,5,6,0.3333,0.0,1,1,
brodmann area 35 medial aspect of the inferior temporal lobe perirhinal cortex of the parahippocampus,Brodmann area 35: Medial aspect of the inferior temporal lobe: perirhinal cortex of the parahippocampus,U,1,1.24,2,1,0.75,Hipp,Hippocampus,Subcortical Nuclei,1.0,cHipp,Hipp_L(R)_2_2,217,218,0.75,1.0,1,1,
brodmann area 37,L. Brodmann area 37,L,1,1.36,2,1,0.6,FuG,Fusiform Gyrus,Temporal Lobe,1.0,A37lv,FuG_L(R)_3_3,107,108,0.6,1.0,1,1,1.0
brodmann area 43 distal tip of postcentral gyrus,Brodmann area 43: distal tip of right postcentral gyrus,R,1,1.41,2,1,0.5,PoG,Postcentral Gyrus,Parietal Lobe,1.0,A1/2/3tonIa,PoG_L(R)_4_2,157,158,0.5,0.0,1,1,1.0
brodmann area 8,R. Brodmann area 8,R,1,1.44,2,1,0.3333,SFG,Superior Frontal Gyrus,Frontal Lobe,1.0,A9m,SFG_L(R)_7_6,11,12,0.3333,0.0,1,1,1.0
c hippocampus,C R Hippocampus,R,1,1.24,2,1,0.75,Hipp,Hippocampus,Subcortical Nuclei,1.0,cHipp,Hipp_L(R)_2_2,217,218,0.75,0.0,1,1,1.0
c precentral gyrus,C. precentral gyrus,U,1,1.44,2,1,0.375,PrG,Precentral Gyrus,Frontal Lobe,1.0,A6cdl,PrG_L(R)_6_2,55,56,0.375,1.0,1,1,
c superior parietal lobule,C. superior parietal lobule,U,1,1.44,2,1,0.4286,SPL,Superior Parietal Lobule,Parietal Lobe,1.0,A7ip,SPL_L(R)_5_5,133,134,0.4286,1.0,1,1,
c supra marginal gyrus,C. supra marginal gyrus,U,1,1.44,2,1,0.375,IPL,Inferior Parietal Lobule,Parietal Lobe,1.0,A40rd,IPL_L(R)_6_3,139,140,0.375,1.0,1,1,
superior medial pfc ba 9,Superior medial PFC L (BA 9),L,1,1.44,2,1,0.3333,SFG,Superior Frontal Gyrus,Frontal Lobe,1.0,A10m,SFG_L(R)_7_7,13,14,0.3333,1.0,1,1,1.0
superior middle frontal,Superior Middle Frontal,U,1,1.44,2,1,0.3333,SFG,Superior Frontal Gyrus,Frontal Lobe,1.0,A9m,SFG_L(R)_7_6,11,12,0.3333,1.0,1,1,
superior middle frontal lobe,Superior middle frontal lobe,U,1,1.44,2,1,0.3333,SFG,Superior Frontal Gyrus,Frontal Lobe,1.0,A9l,SFG_L(R)_7_3,5,6,0.3333,0.0,1,1,
ba 19 inferior occipital gyrus,Left BA19 inferior occipital gyrus,L,1,1.44,2,1,0.375,LOcC,lateral Occipital Cortex,Occipital Lobe,1.0,V5/MT+,LOcC_L(R)_4_2,201,202,0.375,1.0,1,1,1.0
ba 19 secondary visual cortex,BA19 Secondary visual cortex,U,1,1.44,2,1,0.375,LOcC,lateral Occipital Cortex,Occipital Lobe,1.0,V5/MT+,LOcC_L(R)_4_2,201,202,0.375,1.0,1,1,
ba 19 visual cortex,BA19 visual cortex,U,1,1.44,2,1,0.375,LOcC,lateral Occipital Cortex,Occipital Lobe,1.0,V5/MT+,LOcC_L(R)_4_2,201,202,0.375,0.5,1,2,
ba 21 middle temporal gyrus,BA21 middle temporal gyrus,U,1,1.41,2,1,0.5,MTG,Middle Temporal Gyrus,Temporal Lobe,1.0,aSTS,MTG_L(R)_4_4,87,88,0.5,0.5,1,2,
ba 22 2,BA22 (auditory)2,U,1,1.44,2,1,0.375,STG,Superior Temporal Gyrus,Temporal Lobe,1.0,TE1.0 and TE1.2,STG_L(R)_6_3,73,74,0.375,1.0,1,1,
superior medial frontal cortex ba 10,Superior medial frontal cortex (BA 10),U,1,1.44,2,1,0.3333,SFG,Superior Frontal Gyrus,Frontal Lobe,1.0,A9m,SFG_L(R)_7_6,11,12,0.3333,0.0,1,1,
superior medial frontal gyrus 32,Superior medial frontal gyrus (32),U,1,1.44,2,1,0.3333,SFG,Superior Frontal Gyrus,Frontal Lobe,1.0,A10m,SFG_L(R)_7_7,13,14,0.3333,1.0,1,1,
superior medial frontal gyrus ba 8,Left Superior Medial Frontal Gyrus BA8,L,1,1.44,2,1,0.3333,SFG,Superior Frontal Gyrus,Frontal Lobe,1.0,A9m,SFG_L(R)_7_6,11,12,0.3333,0.0,1,1,0.0
superior medial g,L. Superior Medial G.,L,1,1.44,2,1,0.3333,SFG,Superior Frontal Gyrus,Frontal Lobe,1.0,A9m,SFG_L(R)_7_6,11,12,0.3333,1.0,1,1,1.0
superior medial gyrus 9,Superior medial gyrus (9),U,1,1.44,2,1,0.3333,SFG,Superior Frontal Gyrus,Frontal Lobe,1.0,A9m,SFG_L(R)_7_6,11,12,0.3333,1.0,1,1,
superior medial gyrus ba 32,RH superior medial gyrus (BA 32),R,1,1.44,2,1,0.375,BG,Basal Ganglia,Subcortical Nuclei,1.0,dCa,BG_L(R)_6_5,227,228,0.375,0.0,1,1,1.0
superior medial pfc,R Superior medial PFC,R,1,1.44,2,1,0.3333,SFG,Superior Frontal Gyrus,Frontal Lobe,1.0,A10m,SFG_L(R)_7_7,13,14,0.3333,0.0,1,1,1.0
superior medial pfc ba 8,Left superior medial PFC (BA 8),L,1,1.44,2,1,0.3333,SFG,Superior Frontal Gyrus,Frontal Lobe,1.0,A8m,SFG_L(R)_7_1,1,2,0.3333,1.0,1,1,1.0
base of inferior frontal gyrus,Base of inferior frontal gyrus (R),R,1,1.44,2,1,0.375,IFG,Inferior Frontal Gyrus,Frontal Lobe,1.0,A44op,IFG_L(R)_6_5,37,38,0.375,0.0,1,1,1.0
bcg,BCG,U,1,1.41,2,1,0.5,Pcun,Precuneus,Parietal Lobe,1.0,A5m,PCun_L(R)_4_2,149,150,0.5,0.0,1,1,
superior lateral frontal gyrus,Right Superior Lateral Frontal Gyrus,R,1,1.44,2,1,0.3333,MFG,Middle Frontal Gyrus,Frontal Lobe,1.0,A9/46d,MFG_L(R)_7_1,15,16,0.3333,0.0,1,1,1.0
superior lateral occipital cortex and precuneous,Superior Lateral Occipital cortex and precuneous,U,1,1.44,2,1,0.4286,MVOcC,MedioVentral Occipital Cortex,Occipital Lobe,1.0,vmPOS,MVOcC_L(R)_5_5,197,198,0.4286,1.0,1,1,
superior lateral occipital gyrus,Right superior lateral occipital gyrus,R,1,1.44,2,1,0.375,IPL,Inferior Parietal Lobule,Parietal Lobe,1.0,A39c,IPL_L(R)_6_1,135,136,0.375,0.0,1,1,1.0
superior longitudinal fasciculus posterior part,Right superior longitudinal fasciculus: posterior part,R,1,1.44,2,1,0.375,IPL,Inferior Parietal Lobule,Parietal Lobe,1.0,A39rv,IPL_L(R)_6_5,143,144,0.375,0.0,1,1,1.0
superior longitudinal fasciculus temporal part,Right superior longitudinal fasciculus: temporal part,R,1,1.41,2,1,0.5,MTG,Middle Temporal Gyrus,Temporal Lobe,1.0,aSTS,MTG_L(R)_4_4,87,88,0.5,1.0,1,1,0.0
superior longitudinal fasciculus wm,Superior longitudinal fasciculus WM,U,1,1.41,2,1,0.5,PoG,Postcentral Gyrus,Parietal Lobe,1.0,A1/2/3tonIa,PoG_L(R)_4_2,157,158,0.5,1.0,1,1,
ba 4a,L Ba4a,L,1,1.41,2,1,0.5,PoG,Postcentral Gyrus,Parietal Lobe,1.0,A1/2/3ulhf,PoG_L(R)_4_1,155,156,0.5,1.0,1,1,1.0
ba 7 precuneus,Right BA7 precuneus,R,1,1.44,2,1,0.4286,SPL,Superior Parietal Lobule,Parietal Lobe,1.0,A7ip,SPL_L(R)_5_5,133,134,0.4286,0.0,1,1,1.0
ba 9 46,"(BA 9, 46)",U,1,1.44,2,1,0.3333,MFG,Middle Frontal Gyrus,Frontal Lobe,1.0,A9/46v,MFG_L(R)_7_4,21,22,0.3333,0.0,1,1,
ba 9 medial prefrontal cortex,BA9 medial prefrontal cortex,U,1,1.44,2,1,0.3333,SFG,Superior Frontal Gyrus,Frontal Lobe,1.0,A10m,SFG_L(R)_7_7,13,14,0.3333,1.0,1,1,
bank of superior temporal sulcus,Bank of superior temporal sulcus,U,1,1.41,2,1,0.5,MTG,Middle Temporal Gyrus,Temporal Lobe,1.0,A37dl,MTG_L(R)_4_3,85,86,0.5,1.0,1,1,
banks of the superior temporal sulcus,Banks of the superior temporal sulcus,U,1,1.24,2,1,0.75,pSTS,posterior Superior Temporal Sulcus,Temporal Lobe,1.0,cpSTS,pSTS_L(R)_2_2,123,124,0.75,1.0,1,1,
basal nucleus of meynert,Basal nucleus of Meynert,U,1,1.44,2,1,0.375,OrG,Orbital Gyrus,Frontal Lobe,1.0,A13,OrG_L(R)_6_5,49,50,0.375,1.0,1,1,
basal temporopolar cortex,Basal temporopolar cortex,U,1,1.44,2,1,0.375,INS,Insular Gyrus,Insular Lobe,1.0,dId,INS_L(R)_6_6,173,174,0.375,1.0,1,1,
superior parietal lobule 3,Rt. Superior Parietal Lobule*③,R,1,1.44,2,1,0.4286,SPL,Superior Parietal Lobule,Parietal Lobe,1.0,A7ip,SPL_L(R)_5_5,133,134,0.4286,0.0,1,2,1.0
superior parietal lobule 5,Left superior parietal lobule (5),L,1,1.44,2,1,0.4286,SPL,Superior Parietal Lobule,Parietal Lobe,1.0,A7pc,SPL_L(R)_5_4,131,132,0.4286,1.0,1,1,1.0
superior parietal lobule 7pc,Superior parietal lobule 7PC,U,1,1.44,2,1,0.4286,SPL,Superior Parietal Lobule,Parietal Lobe,1.0,A7ip,SPL_L(R)_5_5,133,134,0.4286,0.0,1,1,
superior parietal lobule ba 5,Right superior parietal lobule (BA5),R,1,1.44,2,1,0.4286,SPL,Superior Parietal Lobule,Parietal Lobe,1.0,A7r,SPL_L(R)_5_1,125,126,0.4286,0.0,1,1,1.0
superior parietal lobule ba 7 include precuneus ba 7,L Superior Parietal Lobule (BA 7) Include: Precuneus (BA 7),L,1,1.44,2,1,0.4286,SPL,Superior Parietal Lobule,Parietal Lobe,1.0,A7ip,SPL_L(R)_5_5,133,134,0.4286,1.0,1,1,1.0
superior parietal lobule extending downward into the intra occipital sulcus,Superior parietal lobule extending downward into the intra-occipital sulcus,U,1,1.44,2,1,0.4286,SPL,Superior Parietal Lobule,Parietal Lobe,1.0,A7ip,SPL_L(R)_5_5,133,134,0.4286,1.0,1,1,
superior parietallobule,Rt. Superior ParietalLobule,R,1,1.44,2,1,0.4286,SPL,Superior Parietal Lobule,Parietal Lobe,1.0,A7c,SPL_L(R)_5_2,127,128,0.4286,0.0,1,1,1.0
superior parieto occipital cortex,Left Superior Parieto-Occipital Cortex (SPOC),L,1,1.44,2,1,0.4286,SPL,Superior Parietal Lobule,Parietal Lobe,1.0,A7c,SPL_L(R)_5_2,127,128,0.4286,1.0,1,1,1.0
superior occipital gyrus ba 18,Superior occipital gyrus (BA 18),U,1,1.44,2,1,0.375,LOcC,lateral Occipital Cortex,Occipital Lobe,1.0,OPC,LOcC_L(R)_4_3,203,204,0.375,0.0,1,1,
superior occipital gyrus ba 39,Superior occipital gyrus (BA 39),U,1,1.44,2,1,0.375,LOcC,lateral Occipital Cortex,Occipital Lobe,1.0,lsOccG,LOcC_L(R)_2_2,209,210,0.375,0.0,1,1,
superior orbital frontal gyrus ba 11,Right superior orbital frontal gyrus (BA11),R,1,1.44,2,1,0.375,OrG,Orbital Gyrus,Frontal Lobe,1.0,A11l,OrG_L(R)_6_3,45,46,0.375,0.0,1,1,1.0
superior orbitofrontal,Superior Orbitofrontal,U,1,1.44,2,1,0.3333,MFG,Middle Frontal Gyrus,Frontal Lobe,1.0,A10l,MFG_L(R)_7_7,27,28,0.3333,0.0,1,1,
superior orbitofrontal cortex,Superior orbitofrontal cortex,U,1,1.44,2,1,0.3333,MFG,Middle Frontal Gyrus,Frontal Lobe,1.0,A10l,MFG_L(R)_7_7,27,28,0.3333,0.0,1,1,
superior orbitofrontal gyrus,Superior Orbitofrontal Gyrus,U,1,1.44,2,1,0.375,OrG,Orbital Gyrus,Frontal Lobe,1.0,A11l,OrG_L(R)_6_3,45,46,0.375,1.0,1,1,
superior parietal ba 5,Superior parietal (BA5),U,1,1.44,2,1,0.4286,SPL,Superior Parietal Lobule,Parietal Lobe,1.0,A7r,SPL_L(R)_5_1,125,126,0.4286,0.0,1,1,
superior parietal cortex bi,Superior parietal cortex-Bi,U,1,1.41,2,1,0.5,Pcun,Precuneus,Parietal Lobe,1.0,A7m,PCun_L(R)_4_1,147,148,0.5,0.0,1,1,
ba 32 acc,BA32 ACC,U,1,1.44,2,1,0.3333,CG,Cingulate Gyrus,Limbic Lobe,1.0,A32p,CG_L(R)_7_3,179,180,0.3333,0.0,1,1,
ba 32 anterior cingulate cortex,BA32 anterior cingulate cortex,U,1,1.44,2,1,0.3333,CG,Cingulate Gyrus,Limbic Lobe,1.0,A32p,CG_L(R)_7_3,179,180,0.3333,0.0,1,1,
ba 36,BA 36,U,1,1.36,2,1,0.6,FuG,Fusiform Gyrus,Temporal Lobe,1.0,A20rv,FuG_L(R)_3_1,103,104,0.6,0.0,1,1,
ba 37 middle temporal gyrus,Left BA37 middle temporal gyrus,L,1,1.44,2,1,0.375,IPL,Inferior Parietal Lobule,Parietal Lobe,1.0,A39rv,IPL_L(R)_6_5,143,144,0.375,1.0,1,1,1.0
ba 37 primary visual cortex,BA37 primary visual cortex,U,1,1.44,2,1,0.375,LOcC,lateral Occipital Cortex,Occipital Lobe,1.0,V5/MT+,LOcC_L(R)_4_2,201,202,0.375,0.0,1,1,
ba 40 parietal lobe,Right BA40 parietal lobe,R,1,1.44,2,1,0.375,IPL,Inferior Parietal Lobule,Parietal Lobe,1.0,A40rv,IPL_L(R)_6_6,145,146,0.375,0.0,1,1,1.0
superior occipital cortexc,Right superior occipital cortexc,R,1,1.44,2,1,0.375,LOcC,lateral Occipital Cortex,Occipital Lobe,1.0,lsOccG,LOcC_L(R)_2_2,209,210,0.375,0.0,1,1,1.0
superior occipital g,Superior occipital G,U,1,1.44,2,1,0.375,IPL,Inferior Parietal Lobule,Parietal Lobe,1.0,A39c,IPL_L(R)_6_1,135,136,0.375,1.0,1,5,
ba 22 temporal gyrus,Right BA22 temporal gyrus,R,1,1.41,2,1,0.5,MTG,Middle Temporal Gyrus,Temporal Lobe,1.0,A37dl,MTG_L(R)_4_3,85,86,0.5,0.0,1,1,1.0
ba 24 32,"(BA 24, 32)",U,1,1.44,2,1,0.375,BG,Basal Ganglia,Subcortical Nuclei,1.0,vCa,BG_L(R)_6_1,219,220,0.375,0.0,1,1,
ba 24 anterior cingulate cortex,BA24 anterior cingulate cortex,U,1,1.44,2,1,0.3333,CG,Cingulate Gyrus,Limbic Lobe,1.0,A32p,CG_L(R)_7_3,179,180,0.3333,1.0,1,1,
ba 28,BA 28,U,1,1.44,2,1,0.3,Tha,Thalamus,Subcortical Nuclei,1.0,lPFtha,Tha_L(R)_8_8,245,246,0.3,1.0,1,1,
ba 29,BA 29,U,1,1.44,2,1,0.3333,CG,Cingulate Gyrus,Limbic Lobe,1.0,A23v,CG_L(R)_7_4,181,182,0.3333,1.0,1,1,
ba 3 parietal gyrus,Left BA3 parietal gyrus,L,1,1.41,2,1,0.5,PoG,Postcentral Gyrus,Parietal Lobe,1.0,A1/2/3ulhf,PoG_L(R)_4_1,155,156,0.5,1.0,1,1,1.0
ba 31 posterior cingulate cortex,Left BA31 posterior cingulate cortex,L,1,1.41,2,1,0.5,Pcun,Precuneus,Parietal Lobe,1.0,A31,PCun_L(R)_4_4,153,154,0.5,1.0,1,1,1.0
ba 31 precuneus,Left BA31 precuneus,L,1,1.44,2,1,0.375,IPL,Inferior Parietal Lobule,Parietal Lobe,1.0,A39c,IPL_L(R)_6_1,135,136,0.375,1.0,1,1,1.0
atp,aTP,U,1,1.44,2,1,0.375,STG,Superior Temporal Gyrus,Temporal Lobe,1.0,A22r,STG_L(R)_6_6,79,80,0.375,1.0,1,1,
auditory and somatosensory cortex,Right auditory and somatosensory cortex,R,1,1.44,2,1,0.375,STG,Superior Temporal Gyrus,Temporal Lobe,1.0,TE1.0 and TE1.2,STG_L(R)_6_3,73,74,0.375,0.0,1,1,1.0
ba 1,BA 1,U,1,1.44,2,1,0.4286,SPL,Superior Parietal Lobule,Parietal Lobe,1.0,A7pc,SPL_L(R)_5_4,131,132,0.4286,1.0,1,1,
ba 10 medial frontal gyrus,Right BA10 medial frontal gyrus,R,1,1.44,2,1,0.3333,SFG,Superior Frontal Gyrus,Frontal Lobe,1.0,A10m,SFG_L(R)_7_7,13,14,0.3333,0.0,1,1,1.0
ba 11,BA 11,U,1,1.44,2,1,0.375,OrG,Orbital Gyrus,Frontal Lobe,1.0,A11m,OrG_L(R)_6_4,47,48,0.375,0.6667,1,3,
ba 17,BA 17,U,1,1.44,2,1,0.4286,MVOcC,MedioVentral Occipital Cortex,Occipital Lobe,1.0,rCunG,MVOcC_L(R)_5_2,191,192,0.4286,0.0,1,1,
ba 18 lingual gyrus,Right BA18 lingual gyrus,R,1,1.44,2,1,0.4286,MVOcC,MedioVentral Occipital Cortex,Occipital Lobe,1.0,cLinG,MVOcC_L(R)_5_1,189,190,0.4286,0.0,1,1,1.0
ba 18 secondary visual cortex,BA18 Secondary visual cortex,U,1,1.44,2,1,0.375,LOcC,lateral Occipital Cortex,Occipital Lobe,1.0,iOccG,LOcC_L(R)_4_4,205,206,0.375,0.0,1,1,
superior temporal gyrus 21 22,L superior temporal gyrus (21/22),L,1,1.44,2,1,0.375,STG,Superior Temporal Gyrus,Temporal Lobe,1.0,TE1.0 and TE1.2,STG_L(R)_6_3,73,74,0.375,1.0,1,1,1.0
area tringularis,Area tringularis (IFG),U,1,1.44,2,1,0.375,IFG,Inferior Frontal Gyrus,Frontal Lobe,1.0,IFS,IFG_L(R)_6_2,31,32,0.375,0.0,1,1,
area44,Area44,U,1,1.44,2,1,0.375,IFG,Inferior Frontal Gyrus,Frontal Lobe,1.0,A44v,IFG_L(R)_6_6,39,40,0.375,0.0,1,1,
armfc,1arMFC,U,1,1.44,2,1,0.3333,SFG,Superior Frontal Gyrus,Frontal Lobe,1.0,A10m,SFG_L(R)_7_7,13,14,0.3333,0.0,1,1,
asfg,aSFG.B,B,1,1.44,2,1,0.3333,SFG,Superior Frontal Gyrus,Frontal Lobe,1.0,A10m,SFG_L(R)_7_7,13,14,0.3333,0.0,1,1,
aspl,R aSPL*,R,1,1.44,2,1,0.4286,SPL,Superior Parietal Lobule,Parietal Lobe,1.0,A7ip,SPL_L(R)_5_5,133,134,0.4286,0.0,1,2,1.0
asts,aSTS,U,1,1.44,2,1,0.375,STG,Superior Temporal Gyrus,Temporal Lobe,1.0,A22c,STG_L(R)_6_4,75,76,0.375,1.0,1,1,
atl,aTL,U,1,1.41,2,1,0.5,MTG,Middle Temporal Gyrus,Temporal Lobe,1.0,A21r,MTG_L(R)_4_2,83,84,0.5,0.0,1,1,
superior sma,R Superior SMA,R,1,1.44,2,1,0.3333,SFG,Superior Frontal Gyrus,Frontal Lobe,1.0,A6m,SFG_L(R)_7_5,9,10,0.3333,0.0,1,1,1.0
superior srontal g,L superior srontal g (frontal ROI),L,1,1.44,2,1,0.3333,SFG,Superior Frontal Gyrus,Frontal Lobe,1.0,A8dl,SFG_L(R)_7_2,3,4,0.3333,1.0,1,1,1.0
superior temp gyrus,Superior Temp. gyrus,U,1,1.44,2,1,0.375,INS,Insular Gyrus,Insular Lobe,1.0,vIa,INS_L(R)_6_2,165,166,0.375,0.0,1,2,
superior temporal area,Bilateral superior temporal areas (including Heschl's gyri),B,1,1.41,2,1,0.5,PoG,Postcentral Gyrus,Parietal Lobe,1.0,A1/2/3tonIa,PoG_L(R)_4_2,157,158,0.5,1.0,1,1,
superior temporal g ba 22,Superior temporal G. (BA 22),U,1,1.24,2,1,0.75,pSTS,posterior Superior Temporal Sulcus,Temporal Lobe,1.0,rpSTS,pSTS_L(R)_2_1,121,122,0.75,1.0,1,1,
superior temporal gurus,Left superior temporal gurus,L,1,1.44,2,1,0.375,STG,Superior Temporal Gyrus,Temporal Lobe,1.0,A41/42,STG_L(R)_6_2,71,72,0.375,1.0,1,1,1.0
superior temporal gyr,Superior Temporal Gyr (STG),U,1,1.44,2,1,0.375,STG,Superior Temporal Gyrus,Temporal Lobe,1.0,TE1.0 and TE1.2,STG_L(R)_6_3,73,74,0.375,0.0,1,1,
superior temporal gyrus 21,Right superior temporal gyrus (21),R,1,1.41,2,1,0.5,MTG,Middle Temporal Gyrus,Temporal Lobe,1.0,aSTS,MTG_L(R)_4_4,87,88,0.5,0.0,1,1,1.0
superior part of the precentral sulcus,Superior part of the precentral sulcus,U,1,1.44,2,1,0.375,PrG,Precentral Gyrus,Frontal Lobe,1.0,A6cdl,PrG_L(R)_6_2,55,56,0.375,1.0,1,2,
superior patietal cortex,L Superior Patietal Cortex,L,1,1.44,2,1,0.4286,MVOcC,MedioVentral Occipital Cortex,Occipital Lobe,1.0,vmPOS,MVOcC_L(R)_5_5,197,198,0.4286,1.0,1,1,1.0
superior pmc,Superior PMC,U,1,1.41,2,1,0.5,Pcun,Precuneus,Parietal Lobe,1.0,dmPOS,PCun_L(R)_4_3,151,152,0.5,1.0,1,1,
superior precentral sulcus,Left superior precentral sulcus,LR,1,1.44,2,1,0.375,PrG,Precentral Gyrus,Frontal Lobe,1.0,A6cdl,PrG_L(R)_6_2,55,56,0.375,1.0,1,4,1.0
superior precuneus,Superior Precuneus,U,1,1.41,2,1,0.5,Pcun,Precuneus,Parietal Lobe,1.0,A7m,PCun_L(R)_4_1,147,148,0.5,1.0,1,1,
superior prefontal ctx,Superior Prefontal Ctx.,U,1,1.44,2,1,0.3333,MFG,Middle Frontal Gyrus,Frontal Lobe,1.0,A8vl,MFG_L(R)_7_5,23,24,0.3333,1.0,1,1,
superior prefrontal gyrus,Superior Prefrontal Gyrus,U,1,1.44,2,1,0.375,PhG,Parahippocampal Gyrus,Temporal Lobe,1.0,A35/36c,PhG_L(R)_6_2,111,112,0.375,1.0,1,1,
superior segment of the circular sulcus of the insula,Superior segment of the circular sulcus of the insula,U,1,1.44,2,1,0.375,IFG,Inferior Frontal Gyrus,Frontal Lobe,1.0,A44op,IFG_L(R)_6_5,37,38,0.375,1.0,1,1,
anterior transverse temporal gyrus,Left anterior transverse temporal gyrus,L,1,1.44,2,1,0.375,STG,Superior Temporal Gyrus,Temporal Lobe,1.0,A41/42,STG_L(R)_6_2,71,72,0.375,1.0,1,1,1.0
anterior vlpfc ba 10,Anterior vlPFC (BA10),U,1,1.44,2,1,0.3333,MFG,Middle Frontal Gyrus,Frontal Lobe,1.0,A46,MFG_L(R)_7_3,19,20,0.3333,1.0,1,1,
anterior vmpfc,Anterior VMPFC,U,1,1.44,2,1,0.375,OrG,Orbital Gyrus,Frontal Lobe,1.0,A14m,OrG_L(R)_6_1,41,42,0.375,0.0,1,1,
anteromedial prefrontal cortex,Anteromedial prefrontal cortex,U,1,1.44,2,1,0.3333,SFG,Superior Frontal Gyrus,Frontal Lobe,1.0,A9m,SFG_L(R)_7_6,11,12,0.3333,1.0,1,1,
apfc ba 10,Left APFC (BA 10),LR,1,1.44,2,1,0.3333,MFG,Middle Frontal Gyrus,Frontal Lobe,1.0,A46,MFG_L(R)_7_3,19,20,0.3333,1.0,1,2,1.0
area 10,Area 10,U,1,1.44,2,1,0.4286,MVOcC,MedioVentral Occipital Cortex,Occipital Lobe,1.0,vmPOS,MVOcC_L(R)_5_5,197,198,0.4286,0.0,1,1,
area 11,Area 11,U,1,1.44,2,1,0.375,STG,Superior Temporal Gyrus,Temporal Lobe,1.0,A22c,STG_L(R)_6_4,75,76,0.375,1.0,1,1,
area 14,Area 14,U,1,1.44,2,1,0.375,STG,Superior Temporal Gyrus,Temporal Lobe,1.0,TE1.0 and TE1.2,STG_L(R)_6_3,73,74,0.375,1.0,1,1,
superior temporal gyrys,Superior Temporal Gyrys,U,1,1.24,2,1,0.75,pSTS,posterior Superior Temporal Sulcus,Temporal Lobe,1.0,cpSTS,pSTS_L(R)_2_2,123,124,0.75,0.0,1,1,
superior temporal pole ba 22,R superior temporal pole (BA22),R,1,1.44,2,1,0.375,STG,Superior Temporal Gyrus,Temporal Lobe,1.0,TE1.0 and TE1.2,STG_L(R)_6_3,73,74,0.375,0.0,1,2,1.0
superior temporal pole ba 38,Superior temporal pole (BA 38),U,1,1.44,2,1,0.375,STG,Superior Temporal Gyrus,Temporal Lobe,1.0,A38m,STG_L(R)_6_1,69,70,0.375,1.0,1,1,
anterior temporal,Left anterior temporal,L,1,1.41,2,1,0.5,MTG,Middle Temporal Gyrus,Temporal Lobe,1.0,A21r,MTG_L(R)_4_2,83,84,0.5,1.0,1,1,1.0
anterior temporal fusiform cortex,Anterior temporal fusiform cortex,U,1,1.44,2,1,0.375,INS,Insular Gyrus,Insular Lobe,1.0,dIg,INS_L(R)_6_5,171,172,0.375,1.0,1,1,
anterior thalamic projection,Anterior thalamic projection,U,1,1.44,2,1,0.375,BG,Basal Ganglia,Subcortical Nuclei,1.0,dCa,BG_L(R)_6_5,227,228,0.375,0.0,1,1,
anterior to mid intraparietal sulcus,Left anterior-to-mid Intraparietal Sulcus (amIPS),L,1,1.41,2,1,0.5,MTG,Middle Temporal Gyrus,Temporal Lobe,1.0,aSTS,MTG_L(R)_4_4,87,88,0.5,1.0,1,1,1.0
anterior transverse collateral sulcus,Anterior transverse collateral sulcus,U,1,1.36,2,1,0.6,FuG,Fusiform Gyrus,Temporal Lobe,1.0,A20rv,FuG_L(R)_3_1,103,104,0.6,1.0,1,1,
superior temporal gyrus ba 41 42,LH superior temporal gyrus (BA 41/42)???,L,1,1.44,2,1,0.375,STG,Superior Temporal Gyrus,Temporal Lobe,1.0,TE1.0 and TE1.2,STG_L(R)_6_3,73,74,0.375,1.0,1,1,1.0
superior temporal gyrus ba 41 42 a,LH superior temporal gyrus (BA 41/42)a,L,1,1.44,2,1,0.375,STG,Superior Temporal Gyrus,Temporal Lobe,1.0,TE1.0 and TE1.2,STG_L(R)_6_3,73,74,0.375,1.0,1,1,1.0
superior temporal gyrus ba 48,Right Superior temporal gyrus (BA 48),R,1,1.44,2,1,0.375,PrG,Precentral Gyrus,Frontal Lobe,1.0,A4tl,PrG_L(R)_6_5,61,62,0.375,0.0,1,1,1.0
superior temporal gyrus cluster 2,R Superior temporal gyrus cluster 2,R,1,1.44,2,1,0.375,STG,Superior Temporal Gyrus,Temporal Lobe,1.0,A38l,STG_L(R)_6_5,77,78,0.375,0.0,1,1,1.0
superior temporal gyrus planum polare,Superior temporal gyrus - planum polare,U,1,1.44,2,1,0.375,STG,Superior Temporal Gyrus,Temporal Lobe,1.0,TE1.0 and TE1.2,STG_L(R)_6_3,73,74,0.375,1.0,1,2,
superior temporal gyrus planum temporale,Superior temporal gyrus - planum temporale,U,1,1.44,2,1,0.375,STG,Superior Temporal Gyrus,Temporal Lobe,1.0,A41/42,STG_L(R)_6_2,71,72,0.375,1.0,1,3,
superior temporal gyrus posterior,Superior temporal gyrus posterior,U,1,1.44,2,1,0.375,STG,Superior Temporal Gyrus,Temporal Lobe,1.0,A22c,STG_L(R)_6_4,75,76,0.375,1.0,1,1,
superior temporal gyrusb,Superior temporal gyrusb,U,1,1.44,2,1,0.375,INS,Insular Gyrus,Insular Lobe,1.0,dId,INS_L(R)_6_6,173,174,0.375,1.0,1,1,
ba 18 visual cortex,BA18 visual cortex,U,1,1.44,2,1,0.375,LOcC,lateral Occipital Cortex,Occipital Lobe,1.0,iOccG,LOcC_L(R)_4_4,205,206,0.375,0.0,1,2,
ba 19 2vis cx,BA19 2vis cx,U,1,1.36,2,1,0.6,FuG,Fusiform Gyrus,Temporal Lobe,1.0,A37lv,FuG_L(R)_3_3,107,108,0.6,1.0,1,1,
ba 19 2viscx,BA19 2viscx,U,1,1.44,2,1,0.375,LOcC,lateral Occipital Cortex,Occipital Lobe,1.0,V5/MT+,LOcC_L(R)_4_2,201,202,0.375,0.0,1,1,
superior temporal gyrus 39 22,"Left superior temporal gyrus (39,22)",L,1,1.44,2,1,0.375,IPL,Inferior Parietal Lobule,Parietal Lobe,1.0,A39rv,IPL_L(R)_6_5,143,144,0.375,1.0,1,1,1.0
superior temporal gyrus and sulcus,Right superior temporal gyrus and sulcus,R,1,1.24,2,1,0.75,pSTS,posterior Superior Temporal Sulcus,Temporal Lobe,1.0,cpSTS,pSTS_L(R)_2_2,123,124,0.75,0.0,1,1,1.0
superior temporal gyrus ant,Superior temporal gyrus ant,U,1,1.44,2,1,0.375,STG,Superior Temporal Gyrus,Temporal Lobe,1.0,A22c,STG_L(R)_6_4,75,76,0.375,0.0,1,1,
superior temporal gyrus anterior,Superior temporal gyrus anterior,U,1,1.44,2,1,0.375,STG,Superior Temporal Gyrus,Temporal Lobe,1.0,A22c,STG_L(R)_6_4,75,76,0.375,0.0,1,1,
superior temporal gyrus ba 21,Superior temporal gyrus (BA 21),U,1,1.44,2,1,0.375,STG,Superior Temporal Gyrus,Temporal Lobe,1.0,A22c,STG_L(R)_6_4,75,76,0.375,0.0,1,1,
supplementar motor area ba 6,Supplementar motor area (BA 6),U,1,1.44,2,1,0.3333,SFG,Superior Frontal Gyrus,Frontal Lobe,1.0,A8m,SFG_L(R)_7_1,1,2,0.3333,0.0,1,1,
supplementary,R Supplementary,R,1,1.44,2,1,0.3333,SFG,Superior Frontal Gyrus,Frontal Lobe,1.0,A6dl,SFG_L(R)_7_4,7,8,0.3333,0.0,1,1,1.0
supplementary mortor area,Supplementary mortor area,U,1,1.44,2,1,0.3333,SFG,Superior Frontal Gyrus,Frontal Lobe,1.0,A6m,SFG_L(R)_7_5,9,10,0.3333,0.5,1,2,
supplementary motor area proper,Supplementary motor area proper,U,1,1.44,2,1,0.3333,SFG,Superior Frontal Gyrus,Frontal Lobe,1.0,A6m,SFG_L(R)_7_5,9,10,0.3333,0.5,1,2,
supplementary motor gyrus,Supplementary Motor Gyrus,U,1,1.44,2,1,0.3333,SFG,Superior Frontal Gyrus,Frontal Lobe,1.0,A8m,SFG_L(R)_7_1,1,2,0.3333,1.0,1,1,
supplementary motora area,Supplementary motora area,U,1,1.24,2,1,0.75,PCL,Paracentral Lobule,Frontal Lobe,1.0,A4ll,PCL_L(R)_2_2,67,68,0.75,0.0,1,1,
supplementary motoro area,Supplementary motoro area-R,R,1,1.44,2,1,0.3333,MFG,Middle Frontal Gyrus,Frontal Lobe,1.0,IFJ,MFG_L(R)_7_2,17,18,0.3333,0.0,1,1,1.0
supplemetary motor area,Supplemetary motor area,U,1,1.44,2,1,0.3333,SFG,Superior Frontal Gyrus,Frontal Lobe,1.0,A8m,SFG_L(R)_7_1,1,2,0.3333,1.0,1,1,
superor dlpfc,Superor DLPFC,U,1,1.44,2,1,0.3333,MFG,Middle Frontal Gyrus,Frontal Lobe,1.0,A8vl,MFG_L(R)_7_5,23,24,0.3333,1.0,1,1,
supmgyrs,supMGyrs,U,1,1.44,2,1,0.375,IPL,Inferior Parietal Lobule,Parietal Lobe,1.0,A40rd,IPL_L(R)_6_3,139,140,0.375,0.0,1,1,
supmidfg,SupMidFG,U,1,1.44,2,1,0.375,BG,Basal Ganglia,Subcortical Nuclei,1.0,GP,BG_L(R)_6_2,221,222,0.375,1.0,1,1,
supp motor,L Supp motor,L,1,1.44,2,1,0.3333,SFG,Superior Frontal Gyrus,Frontal Lobe,1.0,A8m,SFG_L(R)_7_1,1,2,0.3333,1.0,1,1,1.0
supp temporal gyrus,L supp. temporal gyrus,L,1,1.41,2,1,0.5,MTG,Middle Temporal Gyrus,Temporal Lobe,1.0,aSTS,MTG_L(R)_4_4,87,88,0.5,1.0,1,1,1.0
supperior medial frontal,L supperior medial frontal,L,1,1.44,2,1,0.3333,CG,Cingulate Gyrus,Limbic Lobe,1.0,A32sg,CG_L(R)_7_7,187,188,0.3333,1.0,1,1,1.0
suppl motor,R suppl motor,R,1,1.44,2,1,0.3,Tha,Thalamus,Subcortical Nuclei,1.0,mPFtha,Tha_L(R)_8_1,231,232,0.3,0.0,1,1,1.0
supplemental motor,Supplemental Motor,U,1,1.44,2,1,0.3333,SFG,Superior Frontal Gyrus,Frontal Lobe,1.0,A8m,SFG_L(R)_7_1,1,2,0.3333,1.0,1,1,
superior temporal sulcus anterior,Right superior temporal sulcus − anterior,R,1,1.24,2,1,0.75,pSTS,posterior Superior Temporal Sulcus,Temporal Lobe,1.0,cpSTS,pSTS_L(R)_2_2,123,124,0.75,0.0,1,1,1.0
superior temporal sulcus ba 22,R. superior temporal sulcus (BA 22),R,1,1.41,2,1,0.5,MTG,Middle Temporal Gyrus,Temporal Lobe,1.0,aSTS,MTG_L(R)_4_4,87,88,0.5,0.0,1,1,1.0
superior temporal sulcus ba 22 21,"Superior temporal sulcus (BA 22, 21)",U,1,1.44,2,1,0.375,STG,Superior Temporal Gyrus,Temporal Lobe,1.0,TE1.0 and TE1.2,STG_L(R)_6_3,73,74,0.375,1.0,1,1,
superior temporal sulcus posterior,Right superior temporal sulcus − posterior,R,1,1.44,2,1,0.375,IPL,Inferior Parietal Lobule,Parietal Lobe,1.0,A39rv,IPL_L(R)_6_5,143,144,0.375,0.0,1,1,1.0
superior temporalsulcus,Superior temporalsulcus (STS),U,1,1.44,2,1,0.375,IPL,Inferior Parietal Lobule,Parietal Lobe,1.0,A39rv,IPL_L(R)_6_5,143,144,0.375,0.0,1,1,
superior to middle frontal gyrus,Superior to middle frontal gyrus,U,1,1.44,2,1,0.3333,MFG,Middle Frontal Gyrus,Frontal Lobe,1.0,A46,MFG_L(R)_7_3,19,20,0.3333,0.0,1,1,
superiortemporal gyrus,SuperiorTemporal Gyrus,U,1,1.44,2,1,0.375,STG,Superior Temporal Gyrus,Temporal Lobe,1.0,A41/42,STG_L(R)_6_2,71,72,0.375,1.0,1,1,
superiortemporalgyrus,Superiortemporalgyrus,U,1,1.41,2,1,0.5,PoG,Postcentral Gyrus,Parietal Lobe,1.0,A1/2/3tonIa,PoG_L(R)_4_2,157,158,0.5,0.0,1,1,
area 17,Area 17,U,1,1.44,2,1,0.3333,CG,Cingulate Gyrus,Limbic Lobe,1.0,A23c,CG_L(R)_7_6,185,186,0.3333,1.0,1,1,
area 18,Area 18,U,1,1.44,2,1,0.375,PrG,Precentral Gyrus,Frontal Lobe,1.0,A4hf,PrG_L(R)_6_1,53,54,0.375,1.0,1,1,
area 19,Area 19,U,1,1.24,2,1,0.75,PCL,Paracentral Lobule,Frontal Lobe,1.0,A4ll,PCL_L(R)_2_2,67,68,0.75,0.0,1,1,
area 21,Area 21,U,1,1.24,2,1,0.75,PCL,Paracentral Lobule,Frontal Lobe,1.0,A4ll,PCL_L(R)_2_2,67,68,0.75,1.0,1,1,
area 23,Area 23,U,1,1.44,2,1,0.375,PrG,Precentral Gyrus,Frontal Lobe,1.0,A4t,PrG_L(R)_6_4,59,60,0.375,0.0,1,1,
superior temporal pole gyrus ba 38,Left superior temporal pole gyrus (BA38),L,1,1.44,2,1,0.375,STG,Superior Temporal Gyrus,Temporal Lobe,1.0,A38m,STG_L(R)_6_1,69,70,0.375,1.0,1,1,1.0
superior temporal sulcus 21,Superior temporal sulcus (21),U,1,1.24,2,1,0.75,pSTS,posterior Superior Temporal Sulcus,Temporal Lobe,1.0,rpSTS,pSTS_L(R)_2_1,121,122,0.75,1.0,1,1,
superior temporal sulcus 22,Superior temporal sulcus (22),U,1,1.24,2,1,0.75,pSTS,posterior Superior Temporal Sulcus,Temporal Lobe,1.0,rpSTS,pSTS_L(R)_2_1,121,122,0.75,0.0,1,1,
anterior rostral medial frontal area,Anterior rostral medial frontal area (R),R,1,1.44,2,1,0.3333,SFG,Superior Frontal Gyrus,Frontal Lobe,1.0,A9l,SFG_L(R)_7_3,5,6,0.3333,0.0,1,1,1.0
anterior segment of the circular sulcus of the insula,Anterior segment of the circular sulcus of the insula,U,1,1.44,2,1,0.375,OrG,Orbital Gyrus,Frontal Lobe,1.0,A12/47l,OrG_L(R)_6_6,51,52,0.375,1.0,1,2,
anterior sma,Bilateral Anterior SMA,B,1,1.44,2,1,0.3333,SFG,Superior Frontal Gyrus,Frontal Lobe,1.0,A6m,SFG_L(R)_7_5,9,10,0.3333,0.0,1,1,
anterior stg 38,Anterior STG (38),U,1,1.44,2,1,0.375,STG,Superior Temporal Gyrus,Temporal Lobe,1.0,A22r,STG_L(R)_6_6,79,80,0.375,1.0,1,3,
anterior superior frontal gyrus,Anterior superior frontal gyrus,U,1,1.44,2,1,0.3333,MFG,Middle Frontal Gyrus,Frontal Lobe,1.0,A9/46d,MFG_L(R)_7_1,15,16,0.3333,1.0,1,1,
anterior superior medial frontal gyrus,L Anterior Superior Medial Frontal Gyrus,LR,1,1.44,2,1,0.3333,SFG,Superior Frontal Gyrus,Frontal Lobe,1.0,A10m,SFG_L(R)_7_7,13,14,0.3333,1.0,1,1,1.0
anterior superior temporal lobe gm,Anterior superior temporal lobe GM,U,1,1.44,2,1,0.375,STG,Superior Temporal Gyrus,Temporal Lobe,1.0,A38l,STG_L(R)_6_5,77,78,0.375,0.0,1,1,
supramarginal gyrus ba 1,Supramarginal gyrus (BA 1),U,1,1.41,2,1,0.5,PoG,Postcentral Gyrus,Parietal Lobe,1.0,A1/2/3ulhf,PoG_L(R)_4_1,155,156,0.5,1.0,1,1,
anterior ots,L anterior OTS,L,1,1.36,2,1,0.6,FuG,Fusiform Gyrus,Temporal Lobe,1.0,A37lv,FuG_L(R)_3_3,107,108,0.6,1.0,1,2,1.0
anterior parietal region,Anterior parietal region,U,1,1.44,2,1,0.4286,SPL,Superior Parietal Lobule,Parietal Lobe,1.0,A7pc,SPL_L(R)_5_4,131,132,0.4286,1.0,1,2,
anterior parietal region 1997,Anterior parietal region*1997,U,1,1.44,2,1,0.4286,SPL,Superior Parietal Lobule,Parietal Lobe,1.0,A7pc,SPL_L(R)_5_4,131,132,0.4286,1.0,1,1,
anterior part of the cingulate gyrus and sulcus,Anterior part of the cingulate gyrus and sulcus,U,1,1.44,2,1,0.3333,CG,Cingulate Gyrus,Limbic Lobe,1.0,A32p,CG_L(R)_7_3,179,180,0.3333,1.0,1,1,
anterior pfc ba 10,Anterior PFC (BA10),U,1,1.44,2,1,0.3333,MFG,Middle Frontal Gyrus,Frontal Lobe,1.0,A46,MFG_L(R)_7_3,19,20,0.3333,0.0,1,1,
anterior pre sma,anterior pre-SMA,U,1,1.44,2,1,0.375,OrG,Orbital Gyrus,Frontal Lobe,1.0,A14m,OrG_L(R)_6_1,41,42,0.375,0.0,1,1,
anterior prefrontal cortex and dorsolateral prefrontal cortex,Anterior prefrontal cortex & dorsolateral prefrontal cortex,U,1,1.44,2,1,0.3333,SFG,Superior Frontal Gyrus,Frontal Lobe,1.0,A10m,SFG_L(R)_7_7,13,14,0.3333,0.0,1,1,
anterior putamen,Left anterior putamen,L,1,1.44,2,1,0.375,BG,Basal Ganglia,Subcortical Nuclei,1.0,vmPu,BG_L(R)_6_4,225,226,0.375,1.0,1,1,1.0
supramarginal ba 40,Supramarginal (BA 40),U,1,1.44,2,1,0.375,IPL,Inferior Parietal Lobule,Parietal Lobe,1.0,A40rv,IPL_L(R)_6_6,145,146,0.375,0.0,1,1,
supramarginal gy,Supramarginal Gy,U,1,1.44,2,1,0.375,IPL,Inferior Parietal Lobule,Parietal Lobe,1.0,A39rv,IPL_L(R)_6_5,143,144,0.375,0.0,1,1,
supramarginal gyral,Supramarginal-gyral,U,1,1.41,2,1,0.5,PoG,Postcentral Gyrus,Parietal Lobe,1.0,A1/2/3tru,PoG_L(R)_4_4,161,162,0.5,1.0,1,1,
supramarginal gyrus 2 40,Supramarginal gyrus (2/40),U,1,1.44,2,1,0.375,IPL,Inferior Parietal Lobule,Parietal Lobe,1.0,A40rd,IPL_L(R)_6_3,139,140,0.375,1.0,1,1,
supramarginal gyrus and postcentral sulcus,Supramarginal gyrus and postcentral sulcus,U,1,1.44,2,1,0.375,IPL,Inferior Parietal Lobule,Parietal Lobe,1.0,A40rv,IPL_L(R)_6_6,145,146,0.375,1.0,1,1,
supramarginal gyrus anterior division,Supramarginal gyrus anterior division (TPJ),U,1,1.44,2,1,0.375,STG,Superior Temporal Gyrus,Temporal Lobe,1.0,A22c,STG_L(R)_6_4,75,76,0.375,1.0,1,1,
anterior nucleus,Anterior nucleus,U,1,1.44,2,1,0.3,Tha,Thalamus,Subcortical Nuclei,1.0,cTtha,Tha_L(R)_8_7,243,244,0.3,0.0,1,1,
anterior occipital cortex,anterior occipital cortex,U,1,1.44,2,1,0.4286,MVOcC,MedioVentral Occipital Cortex,Occipital Lobe,1.0,vmPOS,MVOcC_L(R)_5_5,197,198,0.4286,0.0,1,2,
supr medial gyr,Supr. Medial gyr.,U,1,1.44,2,1,0.3333,SFG,Superior Frontal Gyrus,Frontal Lobe,1.0,A9m,SFG_L(R)_7_6,11,12,0.3333,1.0,1,1,
supr parietal lobule,Supr. Parietal lobule,U,1,1.44,2,1,0.375,LOcC,lateral Occipital Cortex,Occipital Lobe,1.0,lsOccG,LOcC_L(R)_2_2,209,210,0.375,1.0,1,1,
supr temporal gyr,Supr. Temporal gyr.,U,1,1.44,2,1,0.375,STG,Superior Temporal Gyrus,Temporal Lobe,1.0,A22r,STG_L(R)_6_6,79,80,0.375,1.0,1,1,
supra frontal gyrus,Right supra frontal gyrus,R,1,1.44,2,1,0.3333,MFG,Middle Frontal Gyrus,Frontal Lobe,1.0,A46,MFG_L(R)_7_3,19,20,0.3333,0.0,1,1,1.0
supra marginal white matter,Supra marginal white matter (superior longitudinal fasciculus),U,1,1.44,2,1,0.375,IPL,Inferior Parietal Lobule,Parietal Lobe,1.0,A40rd,IPL_L(R)_6_3,139,140,0.375,0.0,1,1,
supracalcarine cortex,Right supracalcarine cortex,R,1,1.44,2,1,0.4286,MVOcC,MedioVentral Occipital Cortex,Occipital Lobe,1.0,rCunG,MVOcC_L(R)_5_2,191,192,0.4286,0.0,1,1,1.0
supramarg g,R supramarg G (area PFt),R,1,1.44,2,1,0.375,IPL,Inferior Parietal Lobule,Parietal Lobe,1.0,A40rd,IPL_L(R)_6_3,139,140,0.375,0.0,1,1,1.0
supramarginal and angular gyrus,L supramarginal and angular gyrus,L,1,1.41,2,1,0.5,MTG,Middle Temporal Gyrus,Temporal Lobe,1.0,A37dl,MTG_L(R)_4_3,85,86,0.5,1.0,1,1,1.0
anterior itg and fusiform,L anterior ITG & fusiform,L,1,1.44,2,1,0.375,INS,Insular Gyrus,Insular Lobe,1.0,dIg,INS_L(R)_6_5,171,172,0.375,1.0,1,1,1.0
anterior lateral orbitofrontal cortex,Anterior lateral orbitofrontal cortex,U,1,1.44,2,1,0.3333,MFG,Middle Frontal Gyrus,Frontal Lobe,1.0,A10l,MFG_L(R)_7_7,27,28,0.3333,0.0,1,1,
anterior limb of internal capsule,Anterior limb of internal capsule,U,1,1.44,2,1,0.375,BG,Basal Ganglia,Subcortical Nuclei,1.0,vCa,BG_L(R)_6_1,219,220,0.375,0.0,1,1,
anterior lingual gyrus,Anterior lingual gyrus,U,1,1.44,2,1,0.4286,MVOcC,MedioVentral Occipital Cortex,Occipital Lobe,1.0,rLinG,MVOcC_L(R)_5_4,195,196,0.4286,1.0,1,1,
anterior lobe of cerebellum,R. anterior lobe of cerebellum,R,1,1.36,2,1,0.6,FuG,Fusiform Gyrus,Temporal Lobe,1.0,A20rv,FuG_L(R)_3_1,103,104,0.6,0.0,1,1,1.0
anterior medial pfc,Anterior medial PFC (amPFC),U,1,1.44,2,1,0.3333,SFG,Superior Frontal Gyrus,Frontal Lobe,1.0,A10m,SFG_L(R)_7_7,13,14,0.3333,0.0,1,1,
temporal middle,Temporal middle R,R,1,1.44,2,1,0.3333,ITG,Inferior Temporal Gyrus,Temporal Lobe,1.0,A20cl,ITG_L(R)_7_6,99,100,0.3333,0.0,1,1,1.0
temporal middle pole,Temporal Middle Pole,U,1,1.41,2,1,0.5,MTG,Middle Temporal Gyrus,Temporal Lobe,1.0,A21r,MTG_L(R)_4_2,83,84,0.5,1.0,1,1,
temporal midbrain,Temporal midbrain,U,1,1.44,2,1,0.375,IFG,Inferior Frontal Gyrus,Frontal Lobe,1.0,A45r,IFG_L(R)_6_4,35,36,0.375,0.0,1,1,
anterior ifg,Anterior IFG,U,1,1.44,2,1,0.375,OrG,Orbital Gyrus,Frontal Lobe,1.0,A12/47l,OrG_L(R)_6_6,51,52,0.375,1.0,1,1,
anterior inferior frontal gyrus,Anterior inferior frontal gyrus,U,1,1.44,2,1,0.375,IFG,Inferior Frontal Gyrus,Frontal Lobe,1.0,A45r,IFG_L(R)_6_4,35,36,0.375,1.0,1,1,
anterior inferior temporal gyrus,Anterior inferior temporal gyrus,U,1,1.44,2,1,0.375,STG,Superior Temporal Gyrus,Temporal Lobe,1.0,A22c,STG_L(R)_6_4,75,76,0.375,1.0,1,1,
anterior insula 47,Anterior insula (47),U,1,1.44,2,1,0.375,INS,Insular Gyrus,Insular Lobe,1.0,dIa,INS_L(R)_6_3,167,168,0.375,1.0,1,2,
anterior insula and inferior frontal operculum,Anterior insula and inferior frontal operculum*,U,1,1.44,2,1,0.375,INS,Insular Gyrus,Insular Lobe,1.0,dIa,INS_L(R)_6_3,167,168,0.375,0.0,1,2,
anterior insula ba 13,Rt. Anterior insula (BA13),R,1,1.44,2,1,0.375,INS,Insular Gyrus,Insular Lobe,1.0,dIa,INS_L(R)_6_3,167,168,0.375,0.0,1,1,1.0
anterior itg,Anterior ITG,U,1,1.44,2,1,0.3333,ITG,Inferior Temporal Gyrus,Temporal Lobe,1.0,A20il,ITG_L(R)_7_4,95,96,0.3333,1.0,1,1,
tapatum,Tapatum left,L,1,1.41,2,1,0.5,Pcun,Precuneus,Parietal Lobe,1.0,dmPOS,PCun_L(R)_4_3,151,152,0.5,0.0,1,1,0.0
te1,TE1,U,1,1.44,2,1,0.375,STG,Superior Temporal Gyrus,Temporal Lobe,1.0,TE1.0 and TE1.2,STG_L(R)_6_3,73,74,0.375,1.0,1,1,
temp pole,L temp. pole,L,1,1.44,2,1,0.375,STG,Superior Temporal Gyrus,Temporal Lobe,1.0,A22r,STG_L(R)_6_6,79,80,0.375,1.0,1,1,1.0
tempo parietal junction,Lt. Tempo-parietal junction,L,1,1.44,2,1,0.375,IPL,Inferior Parietal Lobule,Parietal Lobe,1.0,A39rd,IPL_L(R)_6_2,137,138,0.375,1.0,1,1,1.0
temporal lobe 20 21,"Temporal lobe (20, 21)",U,1,1.41,2,1,0.5,MTG,Middle Temporal Gyrus,Temporal Lobe,1.0,A21c,MTG_L(R)_4_1,81,82,0.5,1.0,1,1,
temporal lobe 28 34,"Temporal lobe (28, 34)",U,1,1.24,2,1,0.75,Amyg,Amygdala,Subcortical Nuclei,1.0,mAmyg,Amyg_L(R)_2_1,211,212,0.75,0.0,1,1,
temporal lobe fusiform gyrus,Left temporal lobe fusiform gyrus,L,1,1.36,2,1,0.6,FuG,Fusiform Gyrus,Temporal Lobe,1.0,A37lv,FuG_L(R)_3_3,107,108,0.6,1.0,1,1,1.0
temporal mid 21,Temporal_Mid (21),U,1,1.24,2,1,0.75,pSTS,posterior Superior Temporal Sulcus,Temporal Lobe,1.0,cpSTS,pSTS_L(R)_2_2,123,124,0.75,1.0,1,1,
supramarginal gyrus ba 48,Right supramarginal gyrus (BA48),R,1,1.44,2,1,0.375,IPL,Inferior Parietal Lobule,Parietal Lobe,1.0,A40c,IPL_L(R)_6_4,141,142,0.375,0.0,1,1,1.0
supramarginal gyrus posterior division,Supramarginal gyrus posterior division (TPJ),U,1,1.24,2,1,0.75,pSTS,posterior Superior Temporal Sulcus,Temporal Lobe,1.0,rpSTS,pSTS_L(R)_2_1,121,122,0.75,0.0,1,1,
supramarginal gyrusa,Right supramarginal gyrusa,R,1,1.24,2,1,0.75,pSTS,posterior Superior Temporal Sulcus,Temporal Lobe,1.0,cpSTS,pSTS_L(R)_2_2,123,124,0.75,0.0,1,1,1.0
supramarginal parietal lobule,R supramarginal parietal lobule,R,1,1.44,2,1,0.375,IPL,Inferior Parietal Lobule,Parietal Lobe,1.0,A40rd,IPL_L(R)_6_3,139,140,0.375,0.0,1,1,1.0
supramarginalgyrus 40,SupramarginalGyrus (40),U,1,1.44,2,1,0.375,IPL,Inferior Parietal Lobule,Parietal Lobe,1.0,A40c,IPL_L(R)_6_4,141,142,0.375,1.0,1,1,
suprmarg,L Suprmarg,L,1,1.44,2,1,0.375,IPL,Inferior Parietal Lobule,Parietal Lobe,1.0,A40rv,IPL_L(R)_6_6,145,146,0.375,1.0,1,1,1.0
suprmarg gyrs,suprMarg Gyrs,U,1,1.44,2,1,0.375,IPL,Inferior Parietal Lobule,Parietal Lobe,1.0,A40rd,IPL_L(R)_6_3,139,140,0.375,0.0,1,1,
t o junction,T – O junction,U,1,1.41,2,1,0.5,MTG,Middle Temporal Gyrus,Temporal Lobe,1.0,A37dl,MTG_L(R)_4_3,85,86,0.5,1.0,1,1,
anterior cingulate g ba 32,Anterior cingulate G. (BA 32),U,1,1.44,2,1,0.3333,CG,Cingulate Gyrus,Limbic Lobe,1.0,A32sg,CG_L(R)_7_7,187,188,0.3333,0.0,1,1,
anterior cingulate gyrus 24,Anterior cingulate gyrus (24),U,1,1.44,2,1,0.3333,CG,Cingulate Gyrus,Limbic Lobe,1.0,A32p,CG_L(R)_7_3,179,180,0.3333,0.0,1,1,
anterior cingulate gyrus 32,Anterior cingulate gyrus (32),U,1,1.44,2,1,0.3333,CG,Cingulate Gyrus,Limbic Lobe,1.0,A32p,CG_L(R)_7_3,179,180,0.3333,0.0,1,1,
anterior cingulate gyrus and sulcus,Anterior cingulate gyrus and sulcus,U,1,1.44,2,1,0.3333,CG,Cingulate Gyrus,Limbic Lobe,1.0,A32sg,CG_L(R)_7_7,187,188,0.3333,1.0,1,1,
anterior cingulate2,Anterior cingulate2,U,1,1.44,2,1,0.3333,CG,Cingulate Gyrus,Limbic Lobe,1.0,A24cd,CG_L(R)_7_5,183,184,0.3333,0.0,1,1,
anterior cingulated,Anterior cingulated,U,1,1.44,2,1,0.3333,CG,Cingulate Gyrus,Limbic Lobe,1.0,A32sg,CG_L(R)_7_7,187,188,0.3333,0.0,1,1,
anterior cingulated gyrus,Anterior cingulated gyrus (ACG),U,1,1.44,2,1,0.3333,SFG,Superior Frontal Gyrus,Frontal Lobe,1.0,A8m,SFG_L(R)_7_1,1,2,0.3333,1.0,1,1,
anterior cingulum ba 24,Anterior cingulum (BA 24),U,1,1.44,2,1,0.3333,CG,Cingulate Gyrus,Limbic Lobe,1.0,A32sg,CG_L(R)_7_7,187,188,0.3333,1.0,1,1,
temporal superior lobe,Temporal Superior Lobe,U,1,1.44,2,1,0.375,STG,Superior Temporal Gyrus,Temporal Lobe,1.0,A22c,STG_L(R)_6_4,75,76,0.375,1.0,1,1,
temporal superior pole,Temporal Superior Pole,U,1,1.44,2,1,0.375,STG,Superior Temporal Gyrus,Temporal Lobe,1.0,A38l,STG_L(R)_6_5,77,78,0.375,0.0,1,2,
temporal wm,Temporal WM (L),L,1,1.41,2,1,0.5,MTG,Middle Temporal Gyrus,Temporal Lobe,1.0,aSTS,MTG_L(R)_4_4,87,88,0.5,1.0,1,1,1.0
anterior cingulate cortex ba 24 32,"Anterior Cingulate Cortex (BA24,32)",U,1,1.44,2,1,0.3333,CG,Cingulate Gyrus,Limbic Lobe,1.0,A32p,CG_L(R)_7_3,179,180,0.3333,0.0,1,1,
anterior cingulate cortex ba 33,Right Anterior Cingulate Cortex BA33,R,1,1.44,2,1,0.375,BG,Basal Ganglia,Subcortical Nuclei,1.0,dCa,BG_L(R)_6_5,227,228,0.375,0.0,1,1,1.0
anterior cingulate cortex wm,R-anterior cingulate cortex WM,R,1,1.44,2,1,0.3333,SFG,Superior Frontal Gyrus,Frontal Lobe,1.0,A9m,SFG_L(R)_7_6,11,12,0.3333,0.0,1,1,1.0
anterior cingulate cortex4,Anterior cingulate cortex4,U,1,1.44,2,1,0.3333,CG,Cingulate Gyrus,Limbic Lobe,1.0,A24cd,CG_L(R)_7_5,183,184,0.3333,0.0,1,1,
anterior cingulate g,anterior cingulate g.,U,1,1.44,2,1,0.3333,CG,Cingulate Gyrus,Limbic Lobe,1.0,A24rv,CG_L(R)_7_2,177,178,0.3333,0.0,1,1,
temporal pole middle,Temporal pole middle R,R,1,1.41,2,1,0.5,MTG,Middle Temporal Gyrus,Temporal Lobe,1.0,A21r,MTG_L(R)_4_2,83,84,0.5,0.0,1,1,1.0
temporal pole middle gyrus,R temporal pole middle gyrus,R,1,1.44,2,1,0.375,STG,Superior Temporal Gyrus,Temporal Lobe,1.0,A38m,STG_L(R)_6_1,69,70,0.375,0.0,1,1,1.0
temporal pole middle temporal gyrus,right Temporal pole: middle temporal gyrus,R,1,1.41,2,1,0.5,MTG,Middle Temporal Gyrus,Temporal Lobe,1.0,A21r,MTG_L(R)_4_2,83,84,0.5,0.0,1,2,1.0
temporal pole region,Temporal pole region,U,1,1.44,2,1,0.3333,MFG,Middle Frontal Gyrus,Frontal Lobe,1.0,A9/46d,MFG_L(R)_7_1,15,16,0.3333,0.0,1,1,
temporal pole superior gyrus,L temporal pole superior gyrus,L,1,1.44,2,1,0.375,OrG,Orbital Gyrus,Frontal Lobe,1.0,A11l,OrG_L(R)_6_3,45,46,0.375,1.0,1,1,1.0
temporal pole superior temporal gyrus,right Temporal pole: superior temporal gyrus,R,1,1.44,2,1,0.375,STG,Superior Temporal Gyrus,Temporal Lobe,1.0,A38l,STG_L(R)_6_5,77,78,0.375,0.0,1,1,1.0
temporal sub gyrus,Temporal sub-Gyrus,U,1,1.24,2,1,0.75,Hipp,Hippocampus,Subcortical Nuclei,1.0,cHipp,Hipp_L(R)_2_2,217,218,0.75,1.0,1,1,
temporal superior,Temporal Superior,U,1,1.44,2,1,0.375,STG,Superior Temporal Gyrus,Temporal Lobe,1.0,TE1.0 and TE1.2,STG_L(R)_6_3,73,74,0.375,0.0,1,1,
temporal network,Temporal network (language comprehension),U,1,1.24,2,1,0.75,pSTS,posterior Superior Temporal Sulcus,Temporal Lobe,1.0,rpSTS,pSTS_L(R)_2_1,121,122,0.75,0.0,1,1,
temporal occipital cortex,Left temporal occipital cortex,L,1,1.44,2,1,0.375,LOcC,lateral Occipital Cortex,Occipital Lobe,1.0,V5/MT+,LOcC_L(R)_4_2,201,202,0.375,1.0,1,1,1.0
temporal occipital fusiform gyrus,Temporal occipital fusiform gyrus,U,1,1.36,2,1,0.6,FuG,Fusiform Gyrus,Temporal Lobe,1.0,A37lv,FuG_L(R)_3_3,107,108,0.6,1.0,1,1,
temporal parieto occipital c,Temporal-parieto-occipital c.,U,1,1.44,2,1,0.375,IPL,Inferior Parietal Lobule,Parietal Lobe,1.0,A39rv,IPL_L(R)_6_5,143,144,0.375,1.0,1,1,
temporal pole 20 38,Temporal Pole (20/38),U,1,1.44,2,1,0.375,STG,Superior Temporal Gyrus,Temporal Lobe,1.0,A38l,STG_L(R)_6_5,77,78,0.375,0.0,1,1,
temporal pole and lateral superior temporal gyrus,Temporal pole and lateral superior temporal gyrus,U,1,1.44,2,1,0.375,STG,Superior Temporal Gyrus,Temporal Lobe,1.0,A38m,STG_L(R)_6_1,69,70,0.375,0.0,1,1,
temporal pole ba 20,left temporal pole (BA20),L,1,1.44,2,1,0.3333,ITG,Inferior Temporal Gyrus,Temporal Lobe,1.0,A20r,ITG_L(R)_7_3,93,94,0.3333,1.0,1,1,1.0
temporal pole ba 48,Left Temporal Pole (BA 48),L,1,1.44,2,1,0.375,STG,Superior Temporal Gyrus,Temporal Lobe,1.0,TE1.0 and TE1.2,STG_L(R)_6_3,73,74,0.375,1.0,1,1,1.0
thalamus midline nucleus,L Thalamus midline nucleus,L,1,1.44,2,1,0.3,Tha,Thalamus,Subcortical Nuclei,1.0,cTtha,Tha_L(R)_8_7,243,244,0.3,1.0,1,1,1.0
thalamus proper,Thalamus proper,U,1,1.44,2,1,0.375,BG,Basal Ganglia,Subcortical Nuclei,1.0,dCa,BG_L(R)_6_5,227,228,0.375,1.0,1,1,
thalamus van,Thalamus VAN,U,1,1.44,2,1,0.3,Tha,Thalamus,Subcortical Nuclei,1.0,cTtha,Tha_L(R)_8_7,243,244,0.3,1.0,1,1,
thalamusa,Thalamusa,U,1,1.44,2,1,0.3,Tha,Thalamus,Subcortical Nuclei,1.0,lPFtha,Tha_L(R)_8_8,245,246,0.3,1.0,1,1,
thalamush,ThalamusH,U,1,1.44,2,1,0.3,Tha,Thalamus,Subcortical Nuclei,1.0,cTtha,Tha_L(R)_8_7,243,244,0.3,0.0,1,1,
the insula,The right insula,R,1,1.44,2,1,0.375,INS,Insular Gyrus,Insular Lobe,1.0,dIg,INS_L(R)_6_5,171,172,0.375,0.0,1,1,1.0
the middle temporal gyrus,The right middle temporal gyrus,R,1,1.24,2,1,0.75,pSTS,posterior Superior Temporal Sulcus,Temporal Lobe,1.0,cpSTS,pSTS_L(R)_2_2,123,124,0.75,0.0,1,1,1.0
the postcentral gyrus,The right postcentral gyrus,R,1,1.41,2,1,0.5,PoG,Postcentral Gyrus,Parietal Lobe,1.0,A1/2/3tonIa,PoG_L(R)_4_2,157,158,0.5,0.0,1,1,1.0
temporo parietal white matter,R temporo-parietal white matter,R,1,1.44,2,1,0.375,IPL,Inferior Parietal Lobule,Parietal Lobe,1.0,A39rv,IPL_L(R)_6_5,143,144,0.375,0.0,1,1,1.0
temporoparietal cortex,L temporoparietal cortex,L,1,1.44,2,1,0.375,IPL,Inferior Parietal Lobule,Parietal Lobe,1.0,A40c,IPL_L(R)_6_4,141,142,0.375,1.0,1,1,1.0
temporoparietal junction ba 7,Right Temporoparietal junction (BA 7),R,1,1.44,2,1,0.3333,MFG,Middle Frontal Gyrus,Frontal Lobe,1.0,A9/46d,MFG_L(R)_7_1,15,16,0.3333,0.0,1,1,1.0
termporal mid,Termporal_Mid_R,R,1,1.41,2,1,0.5,MTG,Middle Temporal Gyrus,Temporal Lobe,1.0,aSTS,MTG_L(R)_4_4,87,88,0.5,0.0,1,1,1.0
thal m,Thal-M,U,1,1.44,2,1,0.375,BG,Basal Ganglia,Subcortical Nuclei,1.0,GP,BG_L(R)_6_2,221,222,0.375,1.0,1,1,
thal pref,Thal-pref,U,1,1.44,2,1,0.3,Tha,Thalamus,Subcortical Nuclei,1.0,lPFtha,Tha_L(R)_8_8,245,246,0.3,0.5,1,2,
thalamus cortex,Thalamus cortex,U,1,1.44,2,1,0.3,Tha,Thalamus,Subcortical Nuclei,1.0,cTtha,Tha_L(R)_8_7,243,244,0.3,1.0,1,1,
thalamus medial lr,Thalamus medial LR,U,1,1.44,2,1,0.3,Tha,Thalamus,Subcortical Nuclei,1.0,rTtha,Tha_L(R)_8_4,237,238,0.3,0.0,1,1,
temporo occipital fusiform,Temporo-occipital fusiform (L),L,1,1.44,2,1,0.375,PhG,Parahippocampal Gyrus,Temporal Lobe,1.0,TL,PhG_L(R)_6_3,113,114,0.375,1.0,1,1,1.0
temporo occipital junction,Left temporo−occipital junction,L,1,1.44,2,1,0.375,LOcC,lateral Occipital Cortex,Occipital Lobe,1.0,V5/MT+,LOcC_L(R)_4_2,201,202,0.375,1.0,1,1,1.0
temporo occipital sulcus,L Temporo-occipital sulcus,L,1,1.44,2,1,0.3333,ITG,Inferior Temporal Gyrus,Temporal Lobe,1.0,A20iv,ITG_L(R)_7_1,89,90,0.3333,1.0,1,1,1.0
temporo parietal,L temporo-parietal,L,1,1.44,2,1,0.375,IPL,Inferior Parietal Lobule,Parietal Lobe,1.0,A40rv,IPL_L(R)_6_6,145,146,0.375,1.0,1,1,1.0
temporo parietal area,R temporo-parietal area,R,1,1.44,2,1,0.375,IPL,Inferior Parietal Lobule,Parietal Lobe,1.0,A39c,IPL_L(R)_6_1,135,136,0.375,0.0,1,1,1.0
temporo parietal junction area,left temporo-parietal junction area,L,1,1.44,2,1,0.375,IPL,Inferior Parietal Lobule,Parietal Lobe,1.0,A39rv,IPL_L(R)_6_5,143,144,0.375,1.0,1,1,1.0
temporo parietal junction ba 39,Lt. Temporo-parietal junction (BA39),L,1,1.44,2,1,0.375,IPL,Inferior Parietal Lobule,Parietal Lobe,1.0,A39rv,IPL_L(R)_6_5,143,144,0.375,1.0,1,2,1.0
temporo parietal lobe,Left temporo-parietal lobe,L,1,1.44,2,1,0.375,PhG,Parahippocampal Gyrus,Temporal Lobe,1.0,A35/36c,PhG_L(R)_6_2,111,112,0.375,1.0,1,1,1.0
anterior cingulum ba 32,Anterior cingulum (BA 32),U,1,1.44,2,1,0.3333,CG,Cingulate Gyrus,Limbic Lobe,1.0,A32sg,CG_L(R)_7_7,187,188,0.3333,0.0,1,1,
anterior corona radiata,left anterior corona radiata,L,1,1.44,2,1,0.375,OrG,Orbital Gyrus,Frontal Lobe,1.0,A12/47l,OrG_L(R)_6_6,51,52,0.375,1.0,1,1,1.0
anterior corpus callosum,Right anterior corpus callosum,R,1,1.44,2,1,0.3333,CG,Cingulate Gyrus,Limbic Lobe,1.0,A24rv,CG_L(R)_7_2,177,178,0.3333,0.0,1,1,1.0
anterior frontal,Anterior frontal,U,1,1.44,2,1,0.3333,MFG,Middle Frontal Gyrus,Frontal Lobe,1.0,A9/46d,MFG_L(R)_7_1,15,16,0.3333,1.0,1,1,
anterior fusiform and itg,Anterior fusiform & ITG,U,1,1.44,2,1,0.375,INS,Insular Gyrus,Insular Lobe,1.0,G,INS_L(R)_6_1,163,164,0.375,1.0,1,1,
anterior hc ba 34,Anterior HC (BA34),U,1,1.24,2,1,0.75,Amyg,Amygdala,Subcortical Nuclei,1.0,mAmyg,Amyg_L(R)_2_1,211,212,0.75,1.0,1,1,
anterior hippocampal roi,Anterior hippocampal ROI???,U,1,1.24,2,1,0.75,Hipp,Hippocampus,Subcortical Nuclei,1.0,rHipp,Hipp_L(R)_2_1,215,216,0.75,1.0,1,1,
anterior hippocampal roia,Anterior hippocampal ROIa,U,1,1.24,2,1,0.75,Hipp,Hippocampus,Subcortical Nuclei,1.0,rHipp,Hipp_L(R)_2_1,215,216,0.75,1.0,1,1,
anterior cigulate cortex,anterior cigulate cortex,U,1,1.44,2,1,0.3333,CG,Cingulate Gyrus,Limbic Lobe,1.0,A32sg,CG_L(R)_7_7,187,188,0.3333,1.0,1,1,
anterior cingulate 24,L. Anterior Cingulate (24),L,1,1.44,2,1,0.3333,CG,Cingulate Gyrus,Limbic Lobe,1.0,A32sg,CG_L(R)_7_7,187,188,0.3333,1.0,1,1,1.0
anterior cingulate and medial prefrontal,RH anterior cingulate and medial prefrontal,R,1,1.44,2,1,0.3333,CG,Cingulate Gyrus,Limbic Lobe,1.0,A32sg,CG_L(R)_7_7,187,188,0.3333,0.0,1,1,1.0
anterior cingulate and supplementary motor cortex,Anterior cingulate and supplementary motor cortex (ACC/SMA),U,1,1.44,2,1,0.3,Tha,Thalamus,Subcortical Nuclei,1.0,cTtha,Tha_L(R)_8_7,243,244,0.3,0.0,1,1,
anterior cingulate ba 10,Lt. Anterior Cingulate (BA10),L,1,1.44,2,1,0.3333,CG,Cingulate Gyrus,Limbic Lobe,1.0,A32sg,CG_L(R)_7_7,187,188,0.3333,1.0,1,1,1.0
anterior cingulate ba 24,Anterior Cingulate (BA 24),U,1,1.44,2,1,0.3333,CG,Cingulate Gyrus,Limbic Lobe,1.0,A24rv,CG_L(R)_7_2,177,178,0.3333,0.0,1,1,
anterior cingulate ba 25,L Anterior cingulate (BA 25),L,1,1.44,2,1,0.3333,CG,Cingulate Gyrus,Limbic Lobe,1.0,A32sg,CG_L(R)_7_7,187,188,0.3333,1.0,1,1,1.0
anterior cingulate ba 9 32,Lt. Anterior cingulate (BA 9/32),L,1,1.44,2,1,0.3333,CG,Cingulate Gyrus,Limbic Lobe,1.0,A32p,CG_L(R)_7_3,179,180,0.3333,1.0,1,1,1.0
ant mtg,LH ant MTG,L,1,1.44,2,1,0.375,STG,Superior Temporal Gyrus,Temporal Lobe,1.0,A22r,STG_L(R)_6_6,79,80,0.375,1.0,1,1,1.0
ant mtg itg,Ant MTG-ITG,U,1,1.44,2,1,0.3333,ITG,Inferior Temporal Gyrus,Temporal Lobe,1.0,A20il,ITG_L(R)_7_4,95,96,0.3333,1.0,1,1,
ant mtg sts,Ant MTG-STS,U,1,1.41,2,1,0.5,MTG,Middle Temporal Gyrus,Temporal Lobe,1.0,aSTS,MTG_L(R)_4_4,87,88,0.5,1.0,1,1,
anterio cingulate,Anterio cingulate,U,1,1.44,2,1,0.3333,CG,Cingulate Gyrus,Limbic Lobe,1.0,A24rv,CG_L(R)_7_2,177,178,0.3333,0.0,1,1,
anterior and middle cingulate cortex,anterior and middle cingulate cortex,U,1,1.44,2,1,0.3333,CG,Cingulate Gyrus,Limbic Lobe,1.0,A32p,CG_L(R)_7_3,179,180,0.3333,0.0,1,1,
anterior and superior corona radiata,left anterior and superior corona radiata,L,1,1.44,2,1,0.3333,MFG,Middle Frontal Gyrus,Frontal Lobe,1.0,IFJ,MFG_L(R)_7_2,17,18,0.3333,1.0,1,1,1.0
anterior calcarine sulcus,Anterior Calcarine Sulcus,U,1,1.44,2,1,0.4286,MVOcC,MedioVentral Occipital Cortex,Occipital Lobe,1.0,rCunG,MVOcC_L(R)_5_2,191,192,0.4286,1.0,1,1,
anterior cc,Anterior CC,U,1,1.44,2,1,0.375,BG,Basal Ganglia,Subcortical Nuclei,1.0,vCa,BG_L(R)_6_1,219,220,0.375,1.0,1,1,
tpole,L TPole,L,1,1.44,2,1,0.375,STG,Superior Temporal Gyrus,Temporal Lobe,1.0,A38m,STG_L(R)_6_1,69,70,0.375,1.0,1,1,1.0
tpomid,R TPOmid,R,1,1.41,2,1,0.5,MTG,Middle Temporal Gyrus,Temporal Lobe,1.0,aSTS,MTG_L(R)_4_4,87,88,0.5,0.0,1,1,1.0
transitional zone,Transitional zone,U,1,1.41,2,1,0.5,Pcun,Precuneus,Parietal Lobe,1.0,A7m,PCun_L(R)_4_1,147,148,0.5,1.0,1,1,
transverse and superior temporal gyrus 41 42 22,"L transverse and superior temporal gyrus (41, 42, 22)",L,1,1.24,2,1,0.75,pSTS,posterior Superior Temporal Sulcus,Temporal Lobe,1.0,rpSTS,pSTS_L(R)_2_1,121,122,0.75,1.0,1,1,1.0
transverse and superior temporal gyrus 42 22,"L transverse and superior temporal gyrus (42, 22)",L,1,1.44,2,1,0.375,STG,Superior Temporal Gyrus,Temporal Lobe,1.0,TE1.0 and TE1.2,STG_L(R)_6_3,73,74,0.375,1.0,1,1,1.0
transverse occipital sulcus,Transverse occipital sulcus (V3A),U,1,1.44,2,1,0.375,LOcC,lateral Occipital Cortex,Occipital Lobe,1.0,msOccG,LOcC_L(R)_2_1,207,208,0.375,1.0,1,1,
transverse temporal and superior temporal gyrus,Left transverse temporal and superior temporal gyrus,L,1,1.44,2,1,0.375,STG,Superior Temporal Gyrus,Temporal Lobe,1.0,A41/42,STG_L(R)_6_2,71,72,0.375,1.0,1,1,1.0
transverse temporal gyrus and sulcus,Transverse temporal gyrus and sulcus,U,1,1.44,2,1,0.375,STG,Superior Temporal Gyrus,Temporal Lobe,1.0,A41/42,STG_L(R)_6_2,71,72,0.375,0.0,1,1,
the superior temporal gyrus,The right superior temporal gyrus,R,1,1.44,2,1,0.375,STG,Superior Temporal Gyrus,Temporal Lobe,1.0,A22c,STG_L(R)_6_4,75,76,0.375,0.0,1,1,1.0
tifg,tIFG,U,1,1.44,2,1,0.375,IFG,Inferior Frontal Gyrus,Frontal Lobe,1.0,IFS,IFG_L(R)_6_2,31,32,0.375,0.0,1,1,
tmp,TmP,U,1,1.44,2,1,0.375,INS,Insular Gyrus,Insular Lobe,1.0,dId,INS_L(R)_6_6,173,174,0.375,1.0,1,1,
toc1,TOC1,U,1,1.36,2,1,0.6,FuG,Fusiform Gyrus,Temporal Lobe,1.0,A37lv,FuG_L(R)_3_3,107,108,0.6,1.0,1,1,
tpj a,Right TPJ a,R,1,1.44,2,1,0.375,IPL,Inferior Parietal Lobule,Parietal Lobe,1.0,A39rv,IPL_L(R)_6_5,143,144,0.375,0.0,1,1,1.0
tpj ba 40,Lt. TPJ (BA40),L,1,1.44,2,1,0.375,IPL,Inferior Parietal Lobule,Parietal Lobe,1.0,A40c,IPL_L(R)_6_4,141,142,0.375,1.0,1,1,1.0
tpja,Left TPJa,L,1,1.44,2,1,0.375,IPL,Inferior Parietal Lobule,Parietal Lobe,1.0,A40c,IPL_L(R)_6_4,141,142,0.375,1.0,1,1,1.0
tpo,TPO,U,1,1.44,2,1,0.375,IPL,Inferior Parietal Lobule,Parietal Lobe,1.0,A39c,IPL_L(R)_6_1,135,136,0.375,0.0,1,1,
ventral anterior thalamus nucleus,Ventral anterior thalamus nucleus,U,1,1.44,2,1,0.3,Tha,Thalamus,Subcortical Nuclei,1.0,rTtha,Tha_L(R)_8_4,237,238,0.3,1.0,1,1,
ventral caudate nucleus,Ventral caudate nucleus,U,1,1.44,2,1,0.375,BG,Basal Ganglia,Subcortical Nuclei,1.0,dCa,BG_L(R)_6_5,227,228,0.375,1.0,1,1,
ventral diencephalon,R Ventral Diencephalon,R,1,1.44,2,1,0.3,Tha,Thalamus,Subcortical Nuclei,1.0,lPFtha,Tha_L(R)_8_8,245,246,0.3,0.0,1,1,1.0
ventral insula,Right ventral insula,R,1,1.44,2,1,0.375,INS,Insular Gyrus,Insular Lobe,1.0,vId/vIg,INS_L(R)_6_4,169,170,0.375,0.0,1,1,1.0
ventral intraparietal sulcus,right ventral intraparietal sulcus,R,1,1.44,2,1,0.375,LOcC,lateral Occipital Cortex,Occipital Lobe,1.0,mOccG,LOcC_L(R)_4_1,199,200,0.375,0.0,1,1,1.0
ventral ips,Right ventral IPS,R,1,1.44,2,1,0.4286,MVOcC,MedioVentral Occipital Cortex,Occipital Lobe,1.0,vmPOS,MVOcC_L(R)_5_5,197,198,0.4286,0.0,1,1,1.0
ventral lateral,Ventral lateral,U,1,1.44,2,1,0.3,Tha,Thalamus,Subcortical Nuclei,1.0,lPFtha,Tha_L(R)_8_8,245,246,0.3,0.0,1,1,
ventral lateral occipital cortex,Left ventral lateral occipital cortex,L,1,1.44,2,1,0.375,LOcC,lateral Occipital Cortex,Occipital Lobe,1.0,mOccG,LOcC_L(R)_4_1,199,200,0.375,1.0,1,1,1.0
v1 area,L V1 area,L,1,1.44,2,1,0.4286,MVOcC,MedioVentral Occipital Cortex,Occipital Lobe,1.0,cCunG,MVOcC_L(R)_5_3,193,194,0.4286,1.0,1,1,1.0
v3 4,V3−4,U,1,1.44,2,1,0.375,LOcC,lateral Occipital Cortex,Occipital Lobe,1.0,V5/MT+,LOcC_L(R)_4_2,201,202,0.375,1.0,1,1,
vapfc,vaPFC,U,1,1.44,2,1,0.3333,MFG,Middle Frontal Gyrus,Frontal Lobe,1.0,A9/46v,MFG_L(R)_7_4,21,22,0.3333,0.0,1,1,
vemis vii,Vemis VII,U,1,1.44,2,1,0.375,BG,Basal Ganglia,Subcortical Nuclei,1.0,dCa,BG_L(R)_6_5,227,228,0.375,0.0,1,1,
ventral anterior cingulate cortex 25,Bilateral Ventral Anterior Cingulate Cortex (25)*,B,1,1.44,2,1,0.375,OrG,Orbital Gyrus,Frontal Lobe,1.0,A13,OrG_L(R)_6_5,49,50,0.375,0.5,1,4,
ventral anterior nc,Ventral Anterior nc.,U,1,1.44,2,1,0.3,Tha,Thalamus,Subcortical Nuclei,1.0,lPFtha,Tha_L(R)_8_8,245,246,0.3,0.0,1,1,
ventral anterior nucleus,Ventral anterior nucleus,U,1,1.44,2,1,0.3,Tha,Thalamus,Subcortical Nuclei,1.0,cTtha,Tha_L(R)_8_7,243,244,0.3,0.0,1,1,
ventral anterior thalamus,Right ventral anterior thalamus,R,1,1.44,2,1,0.3,Tha,Thalamus,Subcortical Nuclei,1.0,mPFtha,Tha_L(R)_8_1,231,232,0.3,0.0,1,1,1.0
uncinate fasciculus,Right uncinate fasciculus,R,1,1.44,2,1,0.375,BG,Basal Ganglia,Subcortical Nuclei,1.0,dlPu,BG_L(R)_6_6,229,230,0.375,0.0,1,1,1.0
unclassified white matter,Unclassified white matter,U,1,1.44,2,1,0.375,BG,Basal Ganglia,Subcortical Nuclei,1.0,vmPu,BG_L(R)_6_4,225,226,0.375,1.0,1,1,
uncus and amygdala,Uncus and amygdala,U,1,1.44,2,1,0.375,PhG,Parahippocampal Gyrus,Temporal Lobe,1.0,A35/36r,PhG_L(R)_6_1,109,110,0.375,0.0,1,1,
uncus ba 28,Right uncus (BA 28),R,1,1.44,2,1,0.375,BG,Basal Ganglia,Subcortical Nuclei,1.0,dlPu,BG_L(R)_6_6,229,230,0.375,0.0,1,1,1.0
uncus ba 36,Uncus (BA 36),U,1,1.44,2,1,0.375,PhG,Parahippocampal Gyrus,Temporal Lobe,1.0,A28/34,PhG_L(R)_6_4,115,116,0.375,0.0,1,1,
undefined,Undefined,U,1,1.44,2,1,0.3333,ITG,Inferior Temporal Gyrus,Temporal Lobe,1.0,A20r,ITG_L(R)_7_3,93,94,0.3333,1.0,1,1,
upper bank of caudal sts,Upper bank of caudal STS,U,1,1.44,2,1,0.375,IPL,Inferior Parietal Lobule,Parietal Lobe,1.0,A39rv,IPL_L(R)_6_5,143,144,0.375,1.0,1,1,
v gprc,v GPrC,U,1,1.41,2,1,0.5,PoG,Postcentral Gyrus,Parietal Lobe,1.0,A1/2/3ulhf,PoG_L(R)_4_1,155,156,0.5,0.0,1,1,
anterior cingulate cl,Anterior Cingulate_CL,U,1,1.44,2,1,0.3333,CG,Cingulate Gyrus,Limbic Lobe,1.0,A32sg,CG_L(R)_7_7,187,188,0.3333,0.0,1,1,
anterior cingulate cortex 11 32,Anterior cingulate cortex (11/32),U,1,1.44,2,1,0.3333,CG,Cingulate Gyrus,Limbic Lobe,1.0,A32p,CG_L(R)_7_3,179,180,0.3333,1.0,1,1,
anterior cingulate cortex and,Anterior_Cingulate_Cortex_L&R,B,1,1.44,2,1,0.3333,CG,Cingulate Gyrus,Limbic Lobe,1.0,A24cd,CG_L(R)_7_5,183,184,0.3333,1.0,1,2,
triangular part of inferior frontal gyrus,Triangular part of left inferior frontal gyrus???,L,1,1.44,2,1,0.375,IFG,Inferior Frontal Gyrus,Frontal Lobe,1.0,A44d,IFG_L(R)_6_1,29,30,0.375,1.0,1,1,1.0
triangular part of inferior frontal gyrus1,Triangular part of left inferior frontal gyrus1,L,1,1.44,2,1,0.375,IFG,Inferior Frontal Gyrus,Frontal Lobe,1.0,A44d,IFG_L(R)_6_1,29,30,0.375,1.0,1,1,1.0
trigeminal system,Trigeminal System,U,1,1.44,2,1,0.3,Tha,Thalamus,Subcortical Nuclei,1.0,lPFtha,Tha_L(R)_8_8,245,246,0.3,1.0,1,1,
ttg,R TTG (Heschl's g.),R,1,1.44,2,1,0.375,STG,Superior Temporal Gyrus,Temporal Lobe,1.0,A41/42,STG_L(R)_6_2,71,72,0.375,0.0,1,1,1.0
ttg 42,TTG (42),U,1,1.44,2,1,0.375,STG,Superior Temporal Gyrus,Temporal Lobe,1.0,A22c,STG_L(R)_6_4,75,76,0.375,0.0,1,1,
angular gyrusa,[4] R angular gyrusa,R,1,1.44,2,1,0.375,IPL,Inferior Parietal Lobule,Parietal Lobe,1.0,A39rd,IPL_L(R)_6_2,137,138,0.375,0.0,1,1,1.0
angular sulcus,R angular sulcus,R,1,1.44,2,1,0.375,IPL,Inferior Parietal Lobule,Parietal Lobe,1.0,A39rv,IPL_L(R)_6_5,143,144,0.375,0.0,1,1,1.0
ant cing gyrus,Ant. Cing. Gyrus,U,1,1.44,2,1,0.3333,SFG,Superior Frontal Gyrus,Frontal Lobe,1.0,A6m,SFG_L(R)_7_5,9,10,0.3333,0.0,1,1,
ant cingulate cortex,L ant. cingulate cortex,LR,1,1.44,2,1,0.3333,CG,Cingulate Gyrus,Limbic Lobe,1.0,A32p,CG_L(R)_7_3,179,180,0.3333,1.0,1,1,1.0
ant cingulum,L ant cingulum,L,1,1.44,2,1,0.3333,CG,Cingulate Gyrus,Limbic Lobe,1.0,A32sg,CG_L(R)_7_7,187,188,0.3333,1.0,1,1,1.0
ant hippocampus,L Ant. Hippocampus,L,1,1.24,2,1,0.75,Hipp,Hippocampus,Subcortical Nuclei,1.0,rHipp,Hipp_L(R)_2_1,215,216,0.75,1.0,1,2,1.0
ant inferior temporal gyrus,Ant. inferior temporal gyrus,U,1,1.44,2,1,0.375,INS,Insular Gyrus,Insular Lobe,1.0,G,INS_L(R)_6_1,163,164,0.375,1.0,1,1,
ant insula cl,Ant. insula cl,U,1,1.44,2,1,0.375,INS,Insular Gyrus,Insular Lobe,1.0,dIa,INS_L(R)_6_3,167,168,0.375,0.0,1,1,
angluar gyrus,Angluar gyrus,U,1,1.44,2,1,0.375,IPL,Inferior Parietal Lobule,Parietal Lobe,1.0,A39rv,IPL_L(R)_6_5,143,144,0.375,1.0,1,1,
angular and inferior parietal,Angular & inferior parietal,U,1,1.41,2,1,0.5,MTG,Middle Temporal Gyrus,Temporal Lobe,1.0,A37dl,MTG_L(R)_4_3,85,86,0.5,1.0,1,1,
angular g 1,L angular g (1),L,1,1.44,2,1,0.375,IPL,Inferior Parietal Lobule,Parietal Lobe,1.0,A39rv,IPL_L(R)_6_5,143,144,0.375,1.0,1,1,1.0
angular g 2,L angular g (2),L,1,1.44,2,1,0.375,IPL,Inferior Parietal Lobule,Parietal Lobe,1.0,A39rv,IPL_L(R)_6_5,143,144,0.375,1.0,1,1,1.0
angular gy,Angular Gy.,U,1,1.44,2,1,0.375,IPL,Inferior Parietal Lobule,Parietal Lobe,1.0,A39rv,IPL_L(R)_6_5,143,144,0.375,0.6667,1,3,
angular gyrus and superior temporal sulcus,Angular gyrus and superior temporal sulcus,U,1,1.44,2,1,0.375,IPL,Inferior Parietal Lobule,Parietal Lobe,1.0,A39rv,IPL_L(R)_6_5,143,144,0.375,0.0,1,1,
angular gyrus temporal parietal junction,L angular gyrus [temporal parietal junction],LR,1,1.44,2,1,0.375,IPL,Inferior Parietal Lobule,Parietal Lobe,1.0,A39rv,IPL_L(R)_6_5,143,144,0.375,1.0,1,2,1.0
angular gyrus2,Angular gyrus2,U,1,1.44,2,1,0.375,IPL,Inferior Parietal Lobule,Parietal Lobe,1.0,A40c,IPL_L(R)_6_4,141,142,0.375,1.0,1,1,
ventral part,Ventral part,U,1,1.41,2,1,0.5,Pcun,Precuneus,Parietal Lobe,1.0,A31,PCun_L(R)_4_4,153,154,0.5,0.0,1,1,
ventral pop,Left ventral POp,L,1,1.44,2,1,0.375,IFG,Inferior Frontal Gyrus,Frontal Lobe,1.0,A44v,IFG_L(R)_6_6,39,40,0.375,1.0,1,1,1.0
ventral posterior cingulate,Ventral posterior cingulate,U,1,1.44,2,1,0.375,BG,Basal Ganglia,Subcortical Nuclei,1.0,dCa,BG_L(R)_6_5,227,228,0.375,0.0,1,1,
ventral posterior cingulate gyrus,Ventral posterior cingulate gyrus,U,1,1.44,2,1,0.3333,CG,Cingulate Gyrus,Limbic Lobe,1.0,A23d,CG_L(R)_7_1,175,176,0.3333,0.0,1,1,
ventral posterior insula,Left ventral posterior insula,L,1,1.44,2,1,0.375,INS,Insular Gyrus,Insular Lobe,1.0,G,INS_L(R)_6_1,163,164,0.375,1.0,1,1,1.0
ventral posterior medial nucleus,Ventral posterior medial nucleus (thalamus),U,1,1.44,2,1,0.3,Tha,Thalamus,Subcortical Nuclei,1.0,Stha,Tha_L(R)_8_3,235,236,0.3,1.0,1,2,
ventral posterior medial thalamus,Ventral posterior medial thalamus,U,1,1.44,2,1,0.3,Tha,Thalamus,Subcortical Nuclei,1.0,Stha,Tha_L(R)_8_3,235,236,0.3,0.0,1,1,
ventral pre frontal,Right ventral pre-frontal,R,1,1.44,2,1,0.375,OrG,Orbital Gyrus,Frontal Lobe,1.0,A12/47l,OrG_L(R)_6_6,51,52,0.375,0.0,1,1,1.0
ventral lateral prefrontal cortex,Left ventral lateral prefrontal cortex,L,1,1.44,2,1,0.375,IFG,Inferior Frontal Gyrus,Frontal Lobe,1.0,A44op,IFG_L(R)_6_5,37,38,0.375,1.0,1,1,1.0
ventral medial frontal gyrus,Ventral medial frontal gyrus,U,1,1.44,2,1,0.375,OrG,Orbital Gyrus,Frontal Lobe,1.0,A11m,OrG_L(R)_6_4,47,48,0.375,1.0,1,1,
ventral occipital temporal lobe,Left ventral occipital-temporal lobe,LR,1,1.36,2,1,0.6,FuG,Fusiform Gyrus,Temporal Lobe,1.0,A37lv,FuG_L(R)_3_3,107,108,0.6,1.0,1,1,1.0
ventral occipito temporal cortex,Ventral occipito-temporal cortex (combined),U,1,1.36,2,1,0.6,FuG,Fusiform Gyrus,Temporal Lobe,1.0,A37mv,FuG_L(R)_3_2,105,106,0.6,1.0,1,1,
ventral occipitotemporal cortex,Ventral occipitotemporal cortex,U,1,1.36,2,1,0.6,FuG,Fusiform Gyrus,Temporal Lobe,1.0,A37lv,FuG_L(R)_3_3,107,108,0.6,1.0,1,2,
ventral pallidum,Ventral pallidum,U,1,1.44,2,1,0.375,BG,Basal Ganglia,Subcortical Nuclei,1.0,NAC,BG_L(R)_6_3,223,224,0.375,0.0,1,1,
ventral parietal ctx,Ventral Parietal Ctx.,U,1,1.44,2,1,0.375,IPL,Inferior Parietal Lobule,Parietal Lobe,1.0,A39rv,IPL_L(R)_6_5,143,144,0.375,1.0,1,1,
ventral pars triangularis,Ventral pars triangularis,U,1,1.44,2,1,0.375,IFG,Inferior Frontal Gyrus,Frontal Lobe,1.0,A44op,IFG_L(R)_6_5,37,38,0.375,1.0,1,1,
viiib,VIIIb,U,1,1.44,2,1,0.4286,MVOcC,MedioVentral Occipital Cortex,Occipital Lobe,1.0,vmPOS,MVOcC_L(R)_5_5,197,198,0.4286,0.5,1,2,
vip,VIP,U,1,1.44,2,1,0.375,IPL,Inferior Parietal Lobule,Parietal Lobe,1.0,A40rd,IPL_L(R)_6_3,139,140,0.375,0.3333,1,3,
vipl,vIPL,U,1,1.41,2,1,0.5,PoG,Postcentral Gyrus,Parietal Lobe,1.0,A2,PoG_L(R)_4_3,159,160,0.5,1.0,1,1,
vipst,L VIPSt,L,1,1.44,2,1,0.375,LOcC,lateral Occipital Cortex,Occipital Lobe,1.0,lsOccG,LOcC_L(R)_2_2,209,210,0.375,1.0,1,1,1.0
vis,VIS,U,1,1.44,2,1,0.4286,MVOcC,MedioVentral Occipital Cortex,Occipital Lobe,1.0,rCunG,MVOcC_L(R)_5_2,191,192,0.4286,0.5,1,2,
white matter to inferior frontal gyrus,White matter to inferior frontal gyrus (R),R,1,1.44,2,1,0.375,IFG,Inferior Frontal Gyrus,Frontal Lobe,1.0,A44op,IFG_L(R)_6_5,37,38,0.375,0.0,1,1,1.0
white matter2,White matter2,U,1,1.44,2,1,0.3333,MFG,Middle Frontal Gyrus,Frontal Lobe,1.0,A9/46v,MFG_L(R)_7_4,21,22,0.3333,0.0,1,1,
acs,ACS,U,1,1.44,2,1,0.3333,CG,Cingulate Gyrus,Limbic Lobe,1.0,A24rv,CG_L(R)_7_2,177,178,0.3333,0.0,1,1,
vermis 8,Vermis 8,U,1,1.44,2,1,0.4286,MVOcC,MedioVentral Occipital Cortex,Occipital Lobe,1.0,rCunG,MVOcC_L(R)_5_2,191,192,0.4286,0.0,1,1,
vermis 9,Vermis 9,U,1,1.44,2,1,0.4286,MVOcC,MedioVentral Occipital Cortex,Occipital Lobe,1.0,vmPOS,MVOcC_L(R)_5_5,197,198,0.4286,0.5,1,2,
vermis vii,Vermis VII,U,1,1.44,2,1,0.375,BG,Basal Ganglia,Subcortical Nuclei,1.0,dCa,BG_L(R)_6_5,227,228,0.375,0.0,1,1,
vermis viib,Vermis VIIb,U,1,1.44,2,1,0.4286,MVOcC,MedioVentral Occipital Cortex,Occipital Lobe,1.0,rLinG,MVOcC_L(R)_5_4,195,196,0.4286,1.0,1,1,
vermis viii,Vermis VIII,U,1,1.44,2,1,0.375,BG,Basal Ganglia,Subcortical Nuclei,1.0,dCa,BG_L(R)_6_5,227,228,0.375,0.0,1,1,
vfca,Left VFCa,LR,1,1.44,2,1,0.375,INS,Insular Gyrus,Insular Lobe,1.0,dIa,INS_L(R)_6_3,167,168,0.375,1.0,1,1,1.0
vifg1,L.vIFG1,L,1,1.44,2,1,0.375,IFG,Inferior Frontal Gyrus,Frontal Lobe,1.0,A44op,IFG_L(R)_6_5,37,38,0.375,1.0,1,1,1.0
vifg2,L.vIFG2,L,1,1.44,2,1,0.375,IFG,Inferior Frontal Gyrus,Frontal Lobe,1.0,A45r,IFG_L(R)_6_4,35,36,0.375,1.0,1,1,1.0
ventrolateral temporopolar cortex,Ventrolateral temporopolar cortex,U,1,1.44,2,1,0.375,IFG,Inferior Frontal Gyrus,Frontal Lobe,1.0,A44v,IFG_L(R)_6_6,39,40,0.375,1.0,1,1,
ventromdial pfc,Ventromdial PFC,U,1,1.44,2,1,0.375,OrG,Orbital Gyrus,Frontal Lobe,1.0,A14m,OrG_L(R)_6_1,41,42,0.375,1.0,1,2,
ventromedial frontal gyrus,L ventromedial frontal gyrus,L,1,1.44,2,1,0.375,OrG,Orbital Gyrus,Frontal Lobe,1.0,A13,OrG_L(R)_6_5,49,50,0.375,1.0,1,1,1.0
ventromedial pfc ba 10,Right ventromedial PFC (BA 10),R,1,1.44,2,1,0.3333,SFG,Superior Frontal Gyrus,Frontal Lobe,1.0,A10m,SFG_L(R)_7_7,13,14,0.3333,0.0,1,1,1.0
ventromedial prefrontal,Ventromedial prefrontal,U,1,1.44,2,1,0.375,OrG,Orbital Gyrus,Frontal Lobe,1.0,A14m,OrG_L(R)_6_1,41,42,0.375,1.0,1,1,
ventromedial thalamus,Ventromedial thalamus,U,1,1.44,2,1,0.3,Tha,Thalamus,Subcortical Nuclei,1.0,mPMtha,Tha_L(R)_8_2,233,234,0.3,0.0,1,1,
ventrotemporal cortex andcerebellum,Ventrotemporal cortex andcerebellum (VT/cereb),U,1,1.36,2,1,0.6,FuG,Fusiform Gyrus,Temporal Lobe,1.0,A37mv,FuG_L(R)_3_2,105,106,0.6,0.5,1,2,
vermis 4 5,Vermis 4 5,U,1,1.44,2,1,0.3333,CG,Cingulate Gyrus,Limbic Lobe,1.0,A23v,CG_L(R)_7_4,181,182,0.3333,0.0,1,1,
and inferior occipital gyrus,L & R inferior occipital gyrus,B,1,1.44,2,1,0.375,LOcC,lateral Occipital Cortex,Occipital Lobe,1.0,msOccG,LOcC_L(R)_2_1,207,208,0.375,0.0,1,1,
and middle temporal gyrus ba 21,and right middle temporal gyrus (BA21),R,1,1.41,2,1,0.5,MTG,Middle Temporal Gyrus,Temporal Lobe,1.0,aSTS,MTG_L(R)_4_4,87,88,0.5,0.0,1,1,1.0
and supplementary motor area,L & R supplementary motor area,B,1,1.44,2,1,0.3333,SFG,Superior Frontal Gyrus,Frontal Lobe,1.0,A8m,SFG_L(R)_7_1,1,2,0.3333,1.0,1,1,
and supramarginal gyrus,and left supramarginal gyrus,L,1,1.44,2,1,0.375,IPL,Inferior Parietal Lobule,Parietal Lobe,1.0,A39rv,IPL_L(R)_6_5,143,144,0.375,1.0,1,1,1.0
and thalamus,L & R thalamus (anterior nucleus),B,1,1.44,2,1,0.3,Tha,Thalamus,Subcortical Nuclei,1.0,cTtha,Tha_L(R)_8_7,243,244,0.3,1.0,1,1,
and v1,L & R V1,B,1,1.44,2,1,0.4286,MVOcC,MedioVentral Occipital Cortex,Occipital Lobe,1.0,rCunG,MVOcC_L(R)_5_2,191,192,0.4286,0.0,1,1,
and wm within stg,and WM within left STG,L,1,1.44,2,1,0.3,Tha,Thalamus,Subcortical Nuclei,1.0,PPtha,Tha_L(R)_8_5,239,240,0.3,1.0,1,1,1.0
ventrolateral prefrontal cortex2,Ventrolateral prefrontal cortex2,U,1,1.44,2,1,0.3333,MFG,Middle Frontal Gyrus,Frontal Lobe,1.0,A9/46v,MFG_L(R)_7_4,21,22,0.3333,1.0,1,1,
vpl,VPL,U,1,1.44,2,1,0.3,Tha,Thalamus,Subcortical Nuclei,1.0,Stha,Tha_L(R)_8_3,235,236,0.3,1.0,1,1,
vpm thalamus,VPM thalamus,U,1,1.44,2,1,0.3,Tha,Thalamus,Subcortical Nuclei,1.0,lPFtha,Tha_L(R)_8_8,245,246,0.3,1.0,1,1,
vwfa,L VWFA,L,1,1.36,2,1,0.6,FuG,Fusiform Gyrus,Temporal Lobe,1.0,A37lv,FuG_L(R)_3_3,107,108,0.6,1.0,1,2,1.0
white matter adjacent to posterior thalamus,White matter adjacent to posterior thalamus,U,1,1.44,2,1,0.3,Tha,Thalamus,Subcortical Nuclei,1.0,PPtha,Tha_L(R)_8_5,239,240,0.3,1.0,1,1,
lsma,LSMA,U,1,1.44,2,1,0.375,BG,Basal Ganglia,Subcortical Nuclei,1.0,dCa,BG_L(R)_6_5,227,228,0.375,1.0,1,1,
lstg,LSTG,U,1,1.44,2,1,0.375,STG,Superior Temporal Gyrus,Temporal Lobe,1.0,TE1.0 and TE1.2,STG_L(R)_6_3,73,74,0.375,1.0,1,1,
ltalamus,Ltalamus,U,1,1.44,2,1,0.3,Tha,Thalamus,Subcortical Nuclei,1.0,Otha,Tha_L(R)_8_6,241,242,0.3,1.0,1,1,
ltc,LTC,U,1,1.44,2,1,0.3333,ITG,Inferior Temporal Gyrus,Temporal Lobe,1.0,A37vl,ITG_L(R)_7_5,97,98,0.3333,1.0,1,1,
vlprcs,L vlPrcS,L,1,1.44,2,1,0.375,PrG,Precentral Gyrus,Frontal Lobe,1.0,A4hf,PrG_L(R)_6_1,53,54,0.375,1.0,1,1,1.0
vltn,vltn,U,1,1.44,2,1,0.3,Tha,Thalamus,Subcortical Nuclei,1.0,PPtha,Tha_L(R)_8_5,239,240,0.3,1.0,1,1,
vmpfc 11,vmPFC (11),U,1,1.44,2,1,0.3333,CG,Cingulate Gyrus,Limbic Lobe,1.0,A32sg,CG_L(R)_7_7,187,188,0.3333,1.0,1,1,
vmpfc 11 10,vmPFC (11/10),U,1,1.44,2,1,0.375,OrG,Orbital Gyrus,Frontal Lobe,1.0,A14m,OrG_L(R)_6_1,41,42,0.375,1.0,1,1,
vmpfc ba 11 12 25,vmPFC (BA 11/12/25),U,1,1.44,2,1,0.375,BG,Basal Ganglia,Subcortical Nuclei,1.0,NAC,BG_L(R)_6_3,223,224,0.375,0.0,1,1,
vmpfc1,vmPFC1,U,1,1.44,2,1,0.3333,CG,Cingulate Gyrus,Limbic Lobe,1.0,A32sg,CG_L(R)_7_7,187,188,0.3333,1.0,1,1,
vpcc,R vPCC,R,1,1.44,2,1,0.3333,CG,Cingulate Gyrus,Limbic Lobe,1.0,A23v,CG_L(R)_7_4,181,182,0.3333,0.0,1,1,1.0
vpcc ba 24,vPCC (BA24),U,1,1.44,2,1,0.3,Tha,Thalamus,Subcortical Nuclei,1.0,mPFtha,Tha_L(R)_8_1,231,232,0.3,0.5,1,2,
visual area,Visual Areas,U,1,1.44,2,1,0.4286,MVOcC,MedioVentral Occipital Cortex,Occipital Lobe,1.0,rCunG,MVOcC_L(R)_5_2,191,192,0.4286,1.0,1,1,
visual area v5,R Visual area V5,R,1,1.44,2,1,0.375,LOcC,lateral Occipital Cortex,Occipital Lobe,1.0,V5/MT+,LOcC_L(R)_4_2,201,202,0.375,0.0,1,1,1.0
visual areasdamh,Visual areasdamh,U,1,1.44,2,1,0.375,LOcC,lateral Occipital Cortex,Occipital Lobe,1.0,mOccG,LOcC_L(R)_4_1,199,200,0.375,1.0,1,2,
visual cortex ba 18,L. visual cortex BA18,LR,1,1.44,2,1,0.4286,MVOcC,MedioVentral Occipital Cortex,Occipital Lobe,1.0,rLinG,MVOcC_L(R)_5_4,195,196,0.4286,1.0,1,1,1.0
visual region,Visual region,U,1,1.41,2,1,0.5,Pcun,Precuneus,Parietal Lobe,1.0,dmPOS,PCun_L(R)_4_3,151,152,0.5,1.0,1,1,
vl thalamus,L VL thalamus,L,1,1.24,2,1,0.75,Hipp,Hippocampus,Subcortical Nuclei,1.0,rHipp,Hipp_L(R)_2_1,215,216,0.75,1.0,1,1,1.0
vlpfc sphere,vlPFC_L_sphere,LR,1,1.44,2,1,0.375,IFG,Inferior Frontal Gyrus,Frontal Lobe,1.0,A45r,IFG_L(R)_6_4,35,36,0.375,0.0,1,1,1.0
vlpfc to dlpfc,vlPFC to dlPFC,U,1,1.44,2,1,0.375,PrG,Precentral Gyrus,Frontal Lobe,1.0,A6cvl,PrG_L(R)_6_6,63,64,0.375,0.0,1,1,
adacc,adACC,U,1,1.44,2,1,0.3333,CG,Cingulate Gyrus,Limbic Lobe,1.0,A32sg,CG_L(R)_7_7,187,188,0.3333,0.0,1,1,
ahc,aHC,U,1,1.44,2,1,0.375,PhG,Parahippocampal Gyrus,Temporal Lobe,1.0,A35/36r,PhG_L(R)_6_1,109,110,0.375,1.0,1,1,
aib,Right AIb,R,1,1.44,2,1,0.375,INS,Insular Gyrus,Insular Lobe,1.0,dId,INS_L(R)_6_6,173,174,0.375,0.0,1,1,1.0
aifs,aIFS,U,1,1.44,2,1,0.375,IFG,Inferior Frontal Gyrus,Frontal Lobe,1.0,IFS,IFG_L(R)_6_2,31,32,0.375,0.0,1,1,
ains d,aINS-d,U,1,1.44,2,1,0.375,INS,Insular Gyrus,Insular Lobe,1.0,dId,INS_L(R)_6_6,173,174,0.375,1.0,1,1,
ains v,aINS-v,U,1,1.44,2,1,0.375,BG,Basal Ganglia,Subcortical Nuclei,1.0,vmPu,BG_L(R)_6_4,225,226,0.375,1.0,1,1,
aip,Left AIP,LR,1,1.44,2,1,0.375,IPL,Inferior Parietal Lobule,Parietal Lobe,1.0,A40rd,IPL_L(R)_6_3,139,140,0.375,1.0,1,1,1.0
aip 40,AIP (40),U,1,1.24,2,1,0.75,pSTS,posterior Superior Temporal Sulcus,Temporal Lobe,1.0,rpSTS,pSTS_L(R)_2_1,121,122,0.75,1.0,1,1,
