record_id,dataset,query,role,baseline_top1_id,baseline_top1_name,improved_top1_id,improved_top1_name,flash_label,flash_confidence,flash_reason,pro_label,pro_confidence,pro_reason,final_label,final_confidence,final_reason,used_pro
0,corpus,Abducens nucleus,llm_accept_top1,HOMBA:12418,abducens nucleus,HOMBA:12418,abducens nucleus,no_material_change,1.0,"Both baseline and improved candidates are identical ('abducens nucleus'), matching the query exactly. No material difference.",,,,no_material_change,1.0,"Both baseline and improved candidates are identical ('abducens nucleus'), matching the query exactly. No material difference.",
1,corpus,Accessory facial nucleus,llm_accept_top1,HOMBA:12419,accessory facial nucleus,HOMBA:12419,accessory facial nucleus,no_material_change,1.0,"Both baseline and improved candidates are identical ('accessory facial nucleus'), matching the query exactly. No material difference.",,,,no_material_change,1.0,"Both baseline and improved candidates are identical ('accessory facial nucleus'), matching the query exactly. No material difference.",
2,corpus,Alveus,llm_accept_top1,HOMBA:10570,alveus,HOMBA:10570,alveus,no_material_change,1.0,"Both baseline and improved candidates are identical ('alveus'), matching the query exactly. No material difference.",,,,no_material_change,1.0,"Both baseline and improved candidates are identical ('alveus'), matching the query exactly. No material difference.",
3,corpus,Amygdala,llm_accept_top1,HOMBA:10361,amygdaloid complex,HOMBA:10361,amygdaloid complex,no_material_change,1.0,"Both baseline and improved candidates are identical ('amygdaloid complex'), which is a synonym/alias for the query 'Amygdala'. No material difference.",,,,no_material_change,1.0,"Both baseline and improved candidates are identical ('amygdaloid complex'), which is a synonym/alias for the query 'Amygdala'. No material difference.",
4,corpus,Angular gyrus,llm_accept_top1,HOMBA:12136,angular gyrus,HOMBA:12136,angular gyrus,no_material_change,1.0,"Both baseline and improved candidates are identical ('angular gyrus'), matching the query exactly. No material difference.",,,,no_material_change,1.0,"Both baseline and improved candidates are identical ('angular gyrus'), matching the query exactly. No material difference.",
5,corpus,Ansa lenticularis,llm_accept_top1,HOMBA:10571,ansa lenticularis,HOMBA:10571,ansa lenticularis,no_material_change,1.0,Baseline and improved candidates are identical (ansa lenticularis),,,,no_material_change,1.0,Baseline and improved candidates are identical (ansa lenticularis),
6,corpus,Anterior commissure,llm_accept_top1,HOMBA:10559,anterior commissure,HOMBA:10559,anterior commissure,no_material_change,1.0,Baseline and improved candidates are identical (anterior commissure),,,,no_material_change,1.0,Baseline and improved candidates are identical (anterior commissure),
7,corpus,Anterior thalamic nucleus,llm_accept_top1,HOMBA:10392,anterior nuclear complex of thalamus,HOMBA:10392,anterior nuclear complex of thalamus,no_material_change,1.0,Baseline and improved candidates are identical (anterior nuclear complex of thalamus),,,,no_material_change,1.0,Baseline and improved candidates are identical (anterior nuclear complex of thalamus),
8,corpus,Arcuate fasciculus,llm_accept_top1,HOMBA:10569,arcuate fasciculus,HOMBA:10569,arcuate fasciculus,no_material_change,1.0,Baseline and improved candidates are identical (arcuate fasciculus),,,,no_material_change,1.0,Baseline and improved candidates are identical (arcuate fasciculus),
9,corpus,Area 52,llm_accept_top1,HOMBA:10267,parainsular cortex (area 52),HOMBA:10267,parainsular cortex (area 52),no_material_change,1.0,Baseline and improved candidates are identical (parainsular cortex (area 52)),,,,no_material_change,1.0,Baseline and improved candidates are identical (parainsular cortex (area 52)),
10,corpus,Area postrema,llm_accept_top1,HOMBA:12807,area postrema,HOMBA:12807,area postrema,no_material_change,1.0,Both baseline and improved candidate names are identical: 'area postrema'.,,,,no_material_change,1.0,Both baseline and improved candidate names are identical: 'area postrema'.,
11,corpus,Brachium conjunctivum,llm_accept_top1,HOMBA:12354,superior cerebellar peduncle (brachium conjunctivum),HOMBA:12354,superior cerebellar peduncle (brachium conjunctivum),no_material_change,1.0,Both baseline and improved candidate names are identical: 'superior cerebellar peduncle (brachium conjunctivum)'.,,,,no_material_change,1.0,Both baseline and improved candidate names are identical: 'superior cerebellar peduncle (brachium conjunctivum)'.,
12,corpus,CA1,llm_accept_top1,HOMBA:10297,CA1 region of hippocampus,HOMBA:10297,CA1 region of hippocampus,no_material_change,1.0,Both baseline and improved candidate names are identical: 'CA1 region of hippocampus'.,,,,no_material_change,1.0,Both baseline and improved candidate names are identical: 'CA1 region of hippocampus'.,
13,corpus,CA2,llm_accept_top1,HOMBA:10298,CA2 region of hippocampus,HOMBA:10298,CA2 region of hippocampus,no_material_change,1.0,Both baseline and improved candidate names are identical: 'CA2 region of hippocampus'.,,,,no_material_change,1.0,Both baseline and improved candidate names are identical: 'CA2 region of hippocampus'.,
14,corpus,CA3,llm_accept_top1,HOMBA:10299,CA3 region of hippocampus,HOMBA:10299,CA3 region of hippocampus,no_material_change,1.0,Both baseline and improved candidate names are identical: 'CA3 region of hippocampus'.,,,,no_material_change,1.0,Both baseline and improved candidate names are identical: 'CA3 region of hippocampus'.,
15,corpus,Caudate nucleus,llm_accept_top1,HOMBA:10334,caudate nucleus (mediodorsal division of the CP),HOMBA:10334,caudate nucleus (mediodorsal division of the CP),no_material_change,1.0,baseline and improved are identical and correctly match query,,,,no_material_change,1.0,baseline and improved are identical and correctly match query,
16,corpus,Cerebellar cortex (Purkinje cell layer),llm_accept_top1,HOMBA:AA30428,Purkinje cell layer of cerebellar cortex,HOMBA:AA30428,Purkinje cell layer of cerebellar cortex,no_material_change,1.0,baseline and improved are identical and correctly match query,,,,no_material_change,1.0,baseline and improved are identical and correctly match query,
17,corpus,Cerebellar hemisphere,llm_accept_top1,HOMBA:10659,cerebellar hemisphere,HOMBA:10659,cerebellar hemisphere,no_material_change,1.0,baseline and improved are identical and correctly match query,,,,no_material_change,1.0,baseline and improved are identical and correctly match query,
18,corpus,Cerebellar vermis,llm_accept_top1,HOMBA:10658,cerebellar vermis,HOMBA:10658,cerebellar vermis,no_material_change,1.0,baseline and improved are identical and correctly match query,,,,no_material_change,1.0,baseline and improved are identical and correctly match query,
19,corpus,Cerebral aqueduct,llm_accept_top1,HOMBA:12369,cerebral aqueduct,HOMBA:12369,cerebral aqueduct,no_material_change,1.0,baseline and improved are identical and correctly match query,,,,no_material_change,1.0,baseline and improved are identical and correctly match query,
20,corpus,Cerebral peduncle,llm_accept_top1,HOMBA:12330,cerebral peduncle (crus cerebri),HOMBA:12330,cerebral peduncle (crus cerebri),no_material_change,1.0,Both candidates are identical: 'cerebral peduncle (crus cerebri)'. No material change.,,,,no_material_change,1.0,Both candidates are identical: 'cerebral peduncle (crus cerebri)'. No material change.,
21,corpus,Cingulate gyrus (posterior),llm_accept_top1,HOMBA:10285,posterior cingulate cortex (PCC),HOMBA:10285,posterior cingulate cortex (PCC),no_material_change,1.0,Both candidates are identical: 'posterior cingulate cortex (PCC)'. No material change.,,,,no_material_change,1.0,Both candidates are identical: 'posterior cingulate cortex (PCC)'. No material change.,
22,corpus,Corticospinal tract,llm_accept_top1,HOMBA:12047,corticospinal tract,HOMBA:12047,corticospinal tract,no_material_change,1.0,Both candidates are identical: 'corticospinal tract'. No material change.,,,,no_material_change,1.0,Both candidates are identical: 'corticospinal tract'. No material change.,
23,corpus,Cuneate fasciculus,llm_accept_top1,HOMBA:12731,cuneate fasciculus,HOMBA:12731,cuneate fasciculus,no_material_change,1.0,Both candidates are identical: 'cuneate fasciculus'. No material change.,,,,no_material_change,1.0,Both candidates are identical: 'cuneate fasciculus'. No material change.,
24,corpus,Cuneate nucleus,llm_accept_top1,HOMBA:12589,cuneate nucleus,HOMBA:12589,cuneate nucleus,no_material_change,1.0,Both candidates are identical: 'cuneate nucleus'. No material change.,,,,no_material_change,1.0,Both candidates are identical: 'cuneate nucleus'. No material change.,
25,corpus,Cuneate nucleus (external),llm_accept_top1,HOMBA:12588,external (accessory/lateral) cuneate nucleus,HOMBA:12588,external (accessory/lateral) cuneate nucleus,no_material_change,1.0,Both baseline and improved candidates are identical: 'external (accessory/lateral) cuneate nucleus'. No material difference.,,,,no_material_change,1.0,Both baseline and improved candidates are identical: 'external (accessory/lateral) cuneate nucleus'. No material difference.,
26,corpus,Cuneus,llm_accept_top1,HOMBA:12150,cuneus (gyrus),HOMBA:12150,cuneus (gyrus),no_material_change,1.0,Both baseline and improved candidates are identical: 'cuneus (gyrus)'. No material difference.,,,,no_material_change,1.0,Both baseline and improved candidates are identical: 'cuneus (gyrus)'. No material difference.,
27,corpus,Dentate gyrus,llm_accept_top1,HOMBA:10295,dentate gyrus,HOMBA:10295,dentate gyrus,no_material_change,1.0,Both baseline and improved candidates are identical: 'dentate gyrus'. No material difference.,,,,no_material_change,1.0,Both baseline and improved candidates are identical: 'dentate gyrus'. No material difference.,
28,corpus,Dentate nucleus,llm_accept_top1,HOMBA:12396,dentate (lateral) nucleus,HOMBA:12396,dentate (lateral) nucleus,no_material_change,1.0,Both baseline and improved candidates are identical: 'dentate (lateral) nucleus'. No material difference.,,,,no_material_change,1.0,Both baseline and improved candidates are identical: 'dentate (lateral) nucleus'. No material difference.,
29,corpus,Dorsal cochlear nucleus,llm_accept_top1,HOMBA:12438,dorsal cochlear nucleus,HOMBA:12438,dorsal cochlear nucleus,no_material_change,1.0,Both baseline and improved candidates are identical: 'dorsal cochlear nucleus'. No material difference.,,,,no_material_change,1.0,Both baseline and improved candidates are identical: 'dorsal cochlear nucleus'. No material difference.,
30,corpus,Dorsal motor nucleus of vagus,llm_accept_top1,HOMBA:12550,dorsal motor nucleus of the vagus (vagal nerve nucleus),HOMBA:12550,dorsal motor nucleus of the vagus (vagal nerve nucleus),no_material_change,1.0,Baseline and improved candidate names are identical.,,,,no_material_change,1.0,Baseline and improved candidate names are identical.,
31,corpus,Emboliform nucleus,llm_accept_top1,HOMBA:12401,lateral interpositus (emboliform) nucleus,HOMBA:12401,lateral interpositus (emboliform) nucleus,no_material_change,1.0,Baseline and improved candidate names are identical.,,,,no_material_change,1.0,Baseline and improved candidate names are identical.,
32,corpus,Entorhinal area,llm_accept_top1,HOMBA:10317,entorhinal cortex,HOMBA:10317,entorhinal cortex,no_material_change,0.95,"Both candidates are 'entorhinal cortex', which is equivalent to the query 'Entorhinal area'.",,,,no_material_change,0.95,"Both candidates are 'entorhinal cortex', which is equivalent to the query 'Entorhinal area'.",
33,corpus,Entorhinal cortex,llm_accept_top1,HOMBA:10317,entorhinal cortex,HOMBA:10317,entorhinal cortex,no_material_change,1.0,Baseline and improved candidate names are identical.,,,,no_material_change,1.0,Baseline and improved candidate names are identical.,
34,corpus,External lateral parabrachial nucleus,llm_accept_top1,HOMBA:12485,"lateral parabrachial nucleus, external division",HOMBA:12485,"lateral parabrachial nucleus, external division",no_material_change,0.95,"Both candidates are 'lateral parabrachial nucleus, external division', which is the same as the query 'External lateral parabrachial nucleus'.",,,,no_material_change,0.95,"Both candidates are 'lateral parabrachial nucleus, external division', which is the same as the query 'External lateral parabrachial nucleus'.",
35,corpus,Facial nucleus,llm_accept_top1,HOMBA:12420,facial nucleus,HOMBA:12420,facial nucleus,no_material_change,1.0,Baseline and improved candidate names are identical ('facial nucleus'),,,,no_material_change,1.0,Baseline and improved candidate names are identical ('facial nucleus'),
36,corpus,Fastigial nucleus,llm_accept_top1,HOMBA:12402,fastigial (medial) nucleus,HOMBA:12402,fastigial (medial) nucleus,no_material_change,1.0,Baseline and improved candidate names are semantically identical ('fastigial (medial) nucleus' for 'Fastigial nucleus'),,,,no_material_change,1.0,Baseline and improved candidate names are semantically identical ('fastigial (medial) nucleus' for 'Fastigial nucleus'),
37,corpus,Fimbria,llm_accept_top1,HOMBA:10575,fimbria,HOMBA:10575,fimbria,no_material_change,1.0,Baseline and improved candidate names are identical ('fimbria'),,,,no_material_change,1.0,Baseline and improved candidate names are identical ('fimbria'),
38,corpus,Flocculus,llm_accept_top1,HOMBA:AA30424,lobule Xa (flocculus),HOMBA:AA30424,lobule Xa (flocculus),no_material_change,1.0,Baseline and improved candidate names are semantically identical ('lobule Xa (flocculus)' for 'Flocculus'),,,,no_material_change,1.0,Baseline and improved candidate names are semantically identical ('lobule Xa (flocculus)' for 'Flocculus'),
39,corpus,Fornix,llm_accept_top1,HOMBA:10576,fornix,HOMBA:10576,fornix,no_material_change,1.0,Baseline and improved candidate names are identical ('fornix'),,,,no_material_change,1.0,Baseline and improved candidate names are identical ('fornix'),
40,corpus,Fourth ventricle,llm_accept_top1,HOMBA:12805,fourth ventricle,HOMBA:12805,fourth ventricle,no_material_change,1.0,Both candidates are identical and correctly match the query 'Fourth ventricle'.,,,,no_material_change,1.0,Both candidates are identical and correctly match the query 'Fourth ventricle'.,
41,corpus,Fusiform gyrus,llm_accept_top1,HOMBA:AA30549,fusiform (occipitotemporal) gyrus,HOMBA:AA30549,fusiform (occipitotemporal) gyrus,no_material_change,1.0,Both candidates are identical and correctly match the query 'Fusiform gyrus'.,,,,no_material_change,1.0,Both candidates are identical and correctly match the query 'Fusiform gyrus'.,
42,corpus,Globose nucleus,llm_accept_top1,HOMBA:12400,medial interpositus (globose) nucleus,HOMBA:12400,medial interpositus (globose) nucleus,no_material_change,1.0,Both candidates are identical and correctly match the query 'Globose nucleus'.,,,,no_material_change,1.0,Both candidates are identical and correctly match the query 'Globose nucleus'.,
43,corpus,Gracile fasciculus,llm_accept_top1,HOMBA:12739,gracile fasciculus,HOMBA:12739,gracile fasciculus,no_material_change,1.0,Both candidates are identical and correctly match the query 'Gracile fasciculus'.,,,,no_material_change,1.0,Both candidates are identical and correctly match the query 'Gracile fasciculus'.,
44,corpus,Gracile nucleus,llm_accept_top1,HOMBA:12592,gracile nucleus,HOMBA:12592,gracile nucleus,no_material_change,1.0,Both candidates are identical and correctly match the query 'Gracile nucleus'.,,,,no_material_change,1.0,Both candidates are identical and correctly match the query 'Gracile nucleus'.,
45,corpus,Gyrus rectus,llm_accept_top1,HOMBA:12121,rectus gyrus,HOMBA:12121,rectus gyrus,no_material_change,1.0,"Baseline and improved candidate names are identical ('rectus gyrus'), which matches the query 'Gyrus rectus'.",,,,no_material_change,1.0,"Baseline and improved candidate names are identical ('rectus gyrus'), which matches the query 'Gyrus rectus'.",
46,corpus,Heschl gyrus,llm_accept_top1,HOMBA:12144,transverse temporal gyrus (Heschl's gyrus),HOMBA:12144,transverse temporal gyrus (Heschl's gyrus),no_material_change,1.0,"Baseline and improved candidate names are identical ('transverse temporal gyrus (Heschl's gyrus)'), which matches the query 'Heschl gyrus'.",,,,no_material_change,1.0,"Baseline and improved candidate names are identical ('transverse temporal gyrus (Heschl's gyrus)'), which matches the query 'Heschl gyrus'.",
47,corpus,Heschl's gyrus,llm_accept_top1,HOMBA:12144,transverse temporal gyrus (Heschl's gyrus),HOMBA:12144,transverse temporal gyrus (Heschl's gyrus),no_material_change,1.0,"Baseline and improved candidate names are identical ('transverse temporal gyrus (Heschl's gyrus)'), which matches the query 'Heschl's gyrus'.",,,,no_material_change,1.0,"Baseline and improved candidate names are identical ('transverse temporal gyrus (Heschl's gyrus)'), which matches the query 'Heschl's gyrus'.",
48,corpus,Hippocampal formation,llm_accept_top1,HOMBA:12170,hippocampal formation,HOMBA:12170,hippocampal formation,no_material_change,1.0,"Baseline and improved candidate names are identical ('hippocampal formation'), which matches the query 'Hippocampal formation'.",,,,no_material_change,1.0,"Baseline and improved candidate names are identical ('hippocampal formation'), which matches the query 'Hippocampal formation'.",
49,corpus,Hippocampus,llm_accept_top1,HOMBA:AA30093,hippocampus,HOMBA:AA30093,hippocampus,no_material_change,1.0,"Baseline and improved candidate names are identical ('hippocampus'), which matches the query 'Hippocampus'.",,,,no_material_change,1.0,"Baseline and improved candidate names are identical ('hippocampus'), which matches the query 'Hippocampus'.",
50,corpus,Hypoglossal nucleus,llm_accept_top1,HOMBA:12545,hypoglossal nucleus,HOMBA:12545,hypoglossal nucleus,no_material_change,1.0,Both baseline and improved names are identical and correctly match the query 'Hypoglossal nucleus'.,,,,no_material_change,1.0,Both baseline and improved names are identical and correctly match the query 'Hypoglossal nucleus'.,
51,corpus,Inferior cerebellar peduncle,llm_accept_top1,HOMBA:12741,inferior cerebellar peduncle,HOMBA:12741,inferior cerebellar peduncle,no_material_change,1.0,Both baseline and improved names are identical and correctly match the query 'Inferior cerebellar peduncle'.,,,,no_material_change,1.0,Both baseline and improved names are identical and correctly match the query 'Inferior cerebellar peduncle'.,
52,corpus,Inferior colliculus,llm_accept_top1,HOMBA:12305,inferior colliculus,HOMBA:12305,inferior colliculus,no_material_change,1.0,Both baseline and improved names are identical and correctly match the query 'Inferior colliculus'.,,,,no_material_change,1.0,Both baseline and improved names are identical and correctly match the query 'Inferior colliculus'.,
53,corpus,Inferior frontal gyrus (opercular part),llm_accept_top1,HOMBA:12119,"inferior frontal gyrus, opercular part",HOMBA:12119,"inferior frontal gyrus, opercular part",no_material_change,1.0,"Both baseline and improved names are identical and correctly match the query 'Inferior frontal gyrus (opercular part)' (equivalent to 'inferior frontal gyrus, opercular part').",,,,no_material_change,1.0,"Both baseline and improved names are identical and correctly match the query 'Inferior frontal gyrus (opercular part)' (equivalent to 'inferior frontal gyrus, opercular part').",
54,corpus,Inferior frontal gyrus (triangular part),llm_accept_top1,HOMBA:12118,"inferior frontal gyrus, triangular part",HOMBA:12118,"inferior frontal gyrus, triangular part",no_material_change,1.0,"Both baseline and improved names are identical and correctly match the query 'Inferior frontal gyrus (triangular part)' (equivalent to 'inferior frontal gyrus, triangular part').",,,,no_material_change,1.0,"Both baseline and improved names are identical and correctly match the query 'Inferior frontal gyrus (triangular part)' (equivalent to 'inferior frontal gyrus, triangular part').",
55,corpus,Inferior longitudinal fasciculus,llm_accept_top1,HOMBA:10580,inferior longitudinal fasciculus,HOMBA:10580,inferior longitudinal fasciculus,no_material_change,1.0,"Both candidates are identical to the query, representing the same concept.",,,,no_material_change,1.0,"Both candidates are identical to the query, representing the same concept.",
56,corpus,Inferior occipital gyrus,llm_accept_top1,HOMBA:12153,inferior occipital gyrus,HOMBA:12153,inferior occipital gyrus,no_material_change,1.0,Both candidates match the query exactly; no difference.,,,,no_material_change,1.0,Both candidates match the query exactly; no difference.,
57,corpus,Inferior olive,llm_accept_top1,HOMBA:12600,inferior olive,HOMBA:12600,inferior olive,no_material_change,1.0,Both candidates are identical to the query.,,,,no_material_change,1.0,Both candidates are identical to the query.,
58,corpus,Inferior parietal lobule,llm_accept_top1,HOMBA:12134,inferior parietal lobule (gyrus),HOMBA:12134,inferior parietal lobule (gyrus),no_material_change,1.0,Both candidates are synonymous; 'inferior parietal lobule (gyrus)' is an alias of the query.,,,,no_material_change,1.0,Both candidates are synonymous; 'inferior parietal lobule (gyrus)' is an alias of the query.,
59,corpus,Inferior pulvinar,llm_accept_top1,HOMBA:10413,inferior division of pulvinar,HOMBA:10413,inferior division of pulvinar,no_material_change,1.0,Both candidates refer to the same structure; 'inferior division of pulvinar' is equivalent to 'inferior pulvinar'.,,,,no_material_change,1.0,Both candidates refer to the same structure; 'inferior division of pulvinar' is equivalent to 'inferior pulvinar'.,
60,corpus,Inferior salivatory nucleus,llm_accept_top1,HOMBA:12544,inferior salivatory nucleus,HOMBA:12544,inferior salivatory nucleus,no_material_change,1.0,Baseline and improved candidate are identical and match the query exactly.,,,,no_material_change,1.0,Baseline and improved candidate are identical and match the query exactly.,
61,corpus,Inferior temporal gyrus,llm_accept_top1,HOMBA:12142,inferior temporal gyrus,HOMBA:12142,inferior temporal gyrus,no_material_change,1.0,Baseline and improved candidate are identical and match the query exactly.,,,,no_material_change,1.0,Baseline and improved candidate are identical and match the query exactly.,
62,corpus,Insula,llm_accept_top1,HOMBA:12176,insular lobe,HOMBA:12176,insular lobe,no_material_change,1.0,Baseline and improved candidate are identical ('insular lobe' is synonymous with 'insula').,,,,no_material_change,1.0,Baseline and improved candidate are identical ('insular lobe' is synonymous with 'insula').,
63,corpus,Intermediate reticular zone,llm_accept_top1,HOMBA:12620,intermediate reticular nucleus,HOMBA:12620,intermediate reticular nucleus,no_material_change,1.0,Baseline and improved candidate are identical ('intermediate reticular nucleus' is equivalent to 'intermediate reticular zone').,,,,no_material_change,1.0,Baseline and improved candidate are identical ('intermediate reticular nucleus' is equivalent to 'intermediate reticular zone').,
64,corpus,Internal capsule,llm_accept_top1,HOMBA:10581,internal capsule,HOMBA:10581,internal capsule,no_material_change,1.0,Baseline and improved candidate are identical and match the query exactly.,,,,no_material_change,1.0,Baseline and improved candidate are identical and match the query exactly.,
65,corpus,Lateral geniculate nucleus,llm_accept_top1,HOMBA:10429,lateral geniculate nucleus (dorsal lateral geniculate nucleus),HOMBA:10429,lateral geniculate nucleus (dorsal lateral geniculate nucleus),no_material_change,1.0,Baseline and improved candidate names are identical.,,,,no_material_change,1.0,Baseline and improved candidate names are identical.,
66,corpus,Lateral parabrachial nucleus,llm_accept_top1,HOMBA:12482,lateral parabrachial nucleus,HOMBA:12482,lateral parabrachial nucleus,no_material_change,1.0,Baseline and improved candidate names are identical.,,,,no_material_change,1.0,Baseline and improved candidate names are identical.,
67,corpus,Lateral posterior thalamic nucleus,llm_accept_top1,HOMBA:10408,lateral posterior nucleus of thalamus,HOMBA:10408,lateral posterior nucleus of thalamus,no_material_change,1.0,Baseline and improved candidate names are identical.,,,,no_material_change,1.0,Baseline and improved candidate names are identical.,
68,corpus,Lateral pulvinar,llm_accept_top1,HOMBA:10412,lateral division of pulvinar,HOMBA:10412,lateral division of pulvinar,no_material_change,1.0,Baseline and improved candidate names are identical.,,,,no_material_change,1.0,Baseline and improved candidate names are identical.,
69,corpus,Lenticular nucleus (putamen),llm_accept_top1,HOMBA:10338,putamen (lateroventral division of the CP),HOMBA:10338,putamen (lateroventral division of the CP),no_material_change,1.0,Baseline and improved candidate names are identical.,,,,no_material_change,1.0,Baseline and improved candidate names are identical.,
70,corpus,Limen insulae,llm_accept_top1,HOMBA:12179,limen insula,HOMBA:12179,limen insula,no_material_change,1.0,Baseline and improved names are identical: 'limen insula'.,,,,no_material_change,1.0,Baseline and improved names are identical: 'limen insula'.,
71,corpus,Lingual gyrus,llm_accept_top1,HOMBA:12151,lingual gyrus,HOMBA:12151,lingual gyrus,no_material_change,1.0,Baseline and improved names are identical: 'lingual gyrus'.,,,,no_material_change,1.0,Baseline and improved names are identical: 'lingual gyrus'.,
72,corpus,Locus coeruleus,llm_accept_top1,HOMBA:12499,nucleus coeruleus (locus coeruleus),HOMBA:12499,nucleus coeruleus (locus coeruleus),no_material_change,1.0,Baseline and improved names are identical: 'nucleus coeruleus (locus coeruleus)'.,,,,no_material_change,1.0,Baseline and improved names are identical: 'nucleus coeruleus (locus coeruleus)'.,
73,corpus,Mammillary body,llm_accept_top1,HOMBA:15546,mammillary body,HOMBA:15546,mammillary body,no_material_change,1.0,Baseline and improved names are identical: 'mammillary body'.,,,,no_material_change,1.0,Baseline and improved names are identical: 'mammillary body'.,
74,corpus,Mammillothalamic tract,llm_accept_top1,HOMBA:10586,mammillothalamic tract,HOMBA:10586,mammillothalamic tract,no_material_change,1.0,Baseline and improved names are identical: 'mammillothalamic tract'.,,,,no_material_change,1.0,Baseline and improved names are identical: 'mammillothalamic tract'.,
75,corpus,Medial geniculate nucleus,llm_accept_top1,HOMBA:10434,medial geniculate nucleus,HOMBA:10434,medial geniculate nucleus,no_material_change,1.0,Baseline and improved candidates are identical and correctly match the query.,,,,no_material_change,1.0,Baseline and improved candidates are identical and correctly match the query.,
76,corpus,Medial lemniscus,llm_accept_top1,HOMBA:12763,medial lemniscus,HOMBA:12763,medial lemniscus,no_material_change,1.0,Baseline and improved candidates are identical and correctly match the query.,,,,no_material_change,1.0,Baseline and improved candidates are identical and correctly match the query.,
77,corpus,Medial longitudinal fasciculus,llm_accept_top1,HOMBA:12764,medial longitudinal fasciculus,HOMBA:12764,medial longitudinal fasciculus,no_material_change,1.0,Baseline and improved candidates are identical and correctly match the query.,,,,no_material_change,1.0,Baseline and improved candidates are identical and correctly match the query.,
78,corpus,Medial parabrachial nucleus,llm_accept_top1,HOMBA:12487,medial parabrachial nucleus,HOMBA:12487,medial parabrachial nucleus,no_material_change,1.0,Baseline and improved candidates are identical and correctly match the query.,,,,no_material_change,1.0,Baseline and improved candidates are identical and correctly match the query.,
79,corpus,Medial pulvinar,llm_accept_top1,HOMBA:10411,medial division of pulvinar,HOMBA:10411,medial division of pulvinar,no_material_change,1.0,Baseline and improved candidates are identical and semantically equivalent to the query (medial pulvinar = medial division of pulvinar).,,,,no_material_change,1.0,Baseline and improved candidates are identical and semantically equivalent to the query (medial pulvinar = medial division of pulvinar).,
80,corpus,Medial superior temporal area,llm_accept_top1,HOMBA:AA30021,medial superior temporal area,HOMBA:AA30021,medial superior temporal area,no_material_change,1.0,Both candidates are identical and exactly match the query 'Medial superior temporal area'.,,,,no_material_change,1.0,Both candidates are identical and exactly match the query 'Medial superior temporal area'.,
81,corpus,Median raphe,llm_accept_top1,HOMBA:12235,median raphe nucleus,HOMBA:12235,median raphe nucleus,no_material_change,1.0,Both candidates are identical ('median raphe nucleus') which is the standard name for 'Median raphe'.,,,,no_material_change,1.0,Both candidates are identical ('median raphe nucleus') which is the standard name for 'Median raphe'.,
82,corpus,Mediodorsal thalamic nucleus,llm_accept_top1,HOMBA:10398,mediodorsal nucleus of thalamus,HOMBA:10398,mediodorsal nucleus of thalamus,no_material_change,1.0,Both candidates are identical ('mediodorsal nucleus of thalamus') and refer to the same structure as 'Mediodorsal thalamic nucleus'.,,,,no_material_change,1.0,Both candidates are identical ('mediodorsal nucleus of thalamus') and refer to the same structure as 'Mediodorsal thalamic nucleus'.,
83,corpus,Middle cerebellar peduncle,llm_accept_top1,HOMBA:12768,middle cerebellar peduncle (brachium pontis),HOMBA:12768,middle cerebellar peduncle (brachium pontis),no_material_change,1.0,Both candidates are identical and match the query 'Middle cerebellar peduncle' (with parenthetical alias).,,,,no_material_change,1.0,Both candidates are identical and match the query 'Middle cerebellar peduncle' (with parenthetical alias).,
84,corpus,Middle frontal gyrus,llm_accept_top1,HOMBA:12116,middle frontal gyrus,HOMBA:12116,middle frontal gyrus,no_material_change,1.0,Both candidates are identical and exactly match the query 'Middle frontal gyrus'.,,,,no_material_change,1.0,Both candidates are identical and exactly match the query 'Middle frontal gyrus'.,
85,corpus,Middle temporal area,llm_accept_top1,HOMBA:267499039,"fifth visual area (middle temporal area, MT)",HOMBA:267499039,"fifth visual area (middle temporal area, MT)",no_material_change,1.0,Baseline and improved candidate names are identical; no material difference.,,,,no_material_change,1.0,Baseline and improved candidate names are identical; no material difference.,
86,corpus,Middle temporal gyrus,llm_accept_top1,HOMBA:12141,middle temporal gyrus,HOMBA:12141,middle temporal gyrus,no_material_change,1.0,Baseline and improved candidate names are identical; no material difference.,,,,no_material_change,1.0,Baseline and improved candidate names are identical; no material difference.,
87,corpus,Motor trigeminal nucleus,llm_accept_top1,HOMBA:12429,"motor nucleus of trigeminal nerve (motor trigeminal nucleus, Mo5)",HOMBA:12429,"motor nucleus of trigeminal nerve (motor trigeminal nucleus, Mo5)",no_material_change,1.0,Baseline and improved candidate names are identical; no material difference.,,,,no_material_change,1.0,Baseline and improved candidate names are identical; no material difference.,
88,corpus,Nucleus accumbens,llm_accept_top1,HOMBA:10339,nucleus accumbens,HOMBA:10339,nucleus accumbens,no_material_change,1.0,Baseline and improved candidate names are identical; no material difference.,,,,no_material_change,1.0,Baseline and improved candidate names are identical; no material difference.,
89,corpus,Nucleus ambiguus,llm_accept_top1,HOMBA:12540,ambiguus nucleus,HOMBA:12540,ambiguus nucleus,no_material_change,1.0,Baseline and improved candidate names are identical; no material difference.,,,,no_material_change,1.0,Baseline and improved candidate names are identical; no material difference.,
90,corpus,Nucleus of the solitary tract,llm_accept_top1,HOMBA:12557,solitary nucleus,HOMBA:12557,solitary nucleus,no_material_change,1.0,"Both baseline and improved candidates are 'solitary nucleus', exactly matching the query 'Nucleus of the solitary tract'.",,,,no_material_change,1.0,"Both baseline and improved candidates are 'solitary nucleus', exactly matching the query 'Nucleus of the solitary tract'.",
91,corpus,Obex,llm_accept_top1,HOMBA:12812,obex,HOMBA:12812,obex,no_material_change,1.0,"Both candidates are 'obex', identical to query 'Obex'.",,,,no_material_change,1.0,"Both candidates are 'obex', identical to query 'Obex'.",
92,corpus,Occipital pole,llm_accept_top1,HOMBA:12149,occipital pole,HOMBA:12149,occipital pole,no_material_change,1.0,"Both candidates are 'occipital pole', identical to query 'Occipital pole'.",,,,no_material_change,1.0,"Both candidates are 'occipital pole', identical to query 'Occipital pole'.",
93,corpus,Oculomotor nucleus,llm_accept_top1,HOMBA:12198,oculomotor nucleus,HOMBA:12198,oculomotor nucleus,no_material_change,1.0,"Both candidates are 'oculomotor nucleus', identical to query 'Oculomotor nucleus'.",,,,no_material_change,1.0,"Both candidates are 'oculomotor nucleus', identical to query 'Oculomotor nucleus'.",
94,corpus,Optic chiasm,llm_accept_top1,HOMBA:10644,optic chiasm,HOMBA:10644,optic chiasm,no_material_change,1.0,"Both candidates are 'optic chiasm', identical to query 'Optic chiasm'.",,,,no_material_change,1.0,"Both candidates are 'optic chiasm', identical to query 'Optic chiasm'.",
95,corpus,Optic tract,llm_accept_top1,HOMBA:10589,optic tract,HOMBA:10589,optic tract,no_material_change,1.0,Baseline and improved names are identical ('optic tract').,,,,no_material_change,1.0,Baseline and improved names are identical ('optic tract').,
96,corpus,Paracingulate gyrus,llm_accept_top1,HOMBA:146034872,paracingulate gyrus,HOMBA:146034872,paracingulate gyrus,no_material_change,1.0,Baseline and improved names are identical ('paracingulate gyrus').,,,,no_material_change,1.0,Baseline and improved names are identical ('paracingulate gyrus').,
97,corpus,Parahippocampal gyrus,llm_accept_top1,HOMBA:12162,parahippocampal gyrus,HOMBA:12162,parahippocampal gyrus,no_material_change,1.0,Baseline and improved names are identical ('parahippocampal gyrus').,,,,no_material_change,1.0,Baseline and improved names are identical ('parahippocampal gyrus').,
98,corpus,Parahippocampal gyrus (anterior),llm_accept_top1,HOMBA:12163,anterior parahippocampal gyrus,HOMBA:12163,anterior parahippocampal gyrus,no_material_change,1.0,Baseline and improved names are equivalent ('anterior parahippocampal gyrus' vs 'anterior parahippocampal gyrus').,,,,no_material_change,1.0,Baseline and improved names are equivalent ('anterior parahippocampal gyrus' vs 'anterior parahippocampal gyrus').,
99,corpus,Parahippocampal gyrus (posterior),llm_accept_top1,HOMBA:12164,posterior parahippocampal gyrus,HOMBA:12164,posterior parahippocampal gyrus,no_material_change,1.0,Baseline and improved names are equivalent ('posterior parahippocampal gyrus' vs 'posterior parahippocampal gyrus').,,,,no_material_change,1.0,Baseline and improved names are equivalent ('posterior parahippocampal gyrus' vs 'posterior parahippocampal gyrus').,
100,corpus,Periamygdaloid cortex,llm_accept_top1,HOMBA:AA30225,periamygdaloid cortex,HOMBA:AA30225,periamygdaloid cortex,no_material_change,1.0,Baseline and improved candidates are identical and match the query.,,,,no_material_change,1.0,Baseline and improved candidates are identical and match the query.,
101,corpus,Pineal gland,llm_accept_top1,HOMBA:10460,pineal body,HOMBA:10460,pineal body,no_material_change,1.0,Baseline and improved candidates are identical and match the query.,,,,no_material_change,1.0,Baseline and improved candidates are identical and match the query.,
102,corpus,Planum polare,llm_accept_top1,HOMBA:12147,planum polare,HOMBA:12147,planum polare,no_material_change,1.0,Baseline and improved candidates are identical and match the query.,,,,no_material_change,1.0,Baseline and improved candidates are identical and match the query.,
103,corpus,Planum temporale,llm_accept_top1,HOMBA:12145,planum temporale,HOMBA:12145,planum temporale,no_material_change,1.0,Baseline and improved candidates are identical and match the query.,,,,no_material_change,1.0,Baseline and improved candidates are identical and match the query.,
104,corpus,Pontobulbar nucleus,llm_accept_top1,HOMBA:12614,pontobulbar nucleus,HOMBA:12614,pontobulbar nucleus,no_material_change,1.0,Baseline and improved candidates are identical and match the query.,,,,no_material_change,1.0,Baseline and improved candidates are identical and match the query.,
105,corpus,Postcentral gyrus,llm_accept_top1,HOMBA:12132,postcentral gyrus,HOMBA:12132,postcentral gyrus,no_material_change,1.0,"Baseline and improved candidates are identical, both refer to postcentral gyrus.",,,,no_material_change,1.0,"Baseline and improved candidates are identical, both refer to postcentral gyrus.",
106,corpus,Posterior cingulate gyrus,llm_accept_top1,HOMBA:10285,posterior cingulate cortex (PCC),HOMBA:10285,posterior cingulate cortex (PCC),no_material_change,1.0,"Both candidates are posterior cingulate cortex (PCC), matching the query.",,,,no_material_change,1.0,"Both candidates are posterior cingulate cortex (PCC), matching the query.",
107,corpus,Posterior commissure,llm_accept_top1,HOMBA:10567,posterior commissure,HOMBA:10567,posterior commissure,no_material_change,1.0,"Both candidates are posterior commissure, identical to query.",,,,no_material_change,1.0,"Both candidates are posterior commissure, identical to query.",
108,corpus,Posterior thalamic nucleus,llm_accept_top1,HOMBA:10440,posterior nucleus of thalamus,HOMBA:10440,posterior nucleus of thalamus,no_material_change,1.0,"Both candidates are posterior nucleus of thalamus, synonymous with posterior thalamic nucleus.",,,,no_material_change,1.0,"Both candidates are posterior nucleus of thalamus, synonymous with posterior thalamic nucleus.",
109,corpus,Precentral gyrus,llm_accept_top1,HOMBA:12114,precentral gyrus,HOMBA:12114,precentral gyrus,no_material_change,1.0,"Both candidates are precentral gyrus, identical to query.",,,,no_material_change,1.0,"Both candidates are precentral gyrus, identical to query.",
110,corpus,Precuneus,llm_accept_top1,HOMBA:12137,precuneaus (gyrus),HOMBA:12137,precuneaus (gyrus),no_material_change,1.0,Baseline and improved candidates are identical.,,,,no_material_change,1.0,Baseline and improved candidates are identical.,
111,corpus,Prepositus nucleus,llm_accept_top1,HOMBA:12615,prepositus hypoglossal nucleus,HOMBA:12615,prepositus hypoglossal nucleus,no_material_change,1.0,Baseline and improved candidates are identical.,,,,no_material_change,1.0,Baseline and improved candidates are identical.,
112,corpus,Presubiculum,llm_accept_top1,HOMBA:10315,presubiculum (presubicular cortex),HOMBA:10315,presubiculum (presubicular cortex),no_material_change,1.0,Baseline and improved candidates are identical.,,,,no_material_change,1.0,Baseline and improved candidates are identical.,
113,corpus,Primary auditory cortex,llm_accept_top1,HOMBA:10236,"primary auditory cortex (first auditory cortex, auditory core region)",HOMBA:10236,"primary auditory cortex (first auditory cortex, auditory core region)",no_material_change,1.0,Baseline and improved candidates are identical.,,,,no_material_change,1.0,Baseline and improved candidates are identical.,
114,corpus,Primary motor cortex,llm_accept_top1,HOMBA:10163,"primary motor cortex (first motor cortex, area 4, area FA)",HOMBA:10163,"primary motor cortex (first motor cortex, area 4, area FA)",no_material_change,1.0,Baseline and improved candidates are identical.,,,,no_material_change,1.0,Baseline and improved candidates are identical.,
115,corpus,Primary visual cortex,llm_accept_top1,HOMBA:10269,"primary visual cortex (first visual cortex, striate cortex, area 17, area OC)",HOMBA:10269,"primary visual cortex (first visual cortex, striate cortex, area 17, area OC)",no_material_change,1.0,Baseline and improved candidate names are identical.,,,,no_material_change,1.0,Baseline and improved candidate names are identical.,
116,corpus,Principal sensory trigeminal nucleus,llm_accept_top1,HOMBA:12444,principal sensory nucleus of trigeminal nerve,HOMBA:12444,principal sensory nucleus of trigeminal nerve,no_material_change,1.0,Baseline and improved candidate names are identical.,,,,no_material_change,1.0,Baseline and improved candidate names are identical.,
117,corpus,Pulvinar,llm_accept_top1,HOMBA:10409,pulvinar of thalamus,HOMBA:10409,pulvinar of thalamus,no_material_change,1.0,Baseline and improved candidate names are identical.,,,,no_material_change,1.0,Baseline and improved candidate names are identical.,
118,corpus,Pulvinar nucleus,llm_accept_top1,HOMBA:10409,pulvinar of thalamus,HOMBA:10409,pulvinar of thalamus,no_material_change,1.0,Baseline and improved candidate names are identical.,,,,no_material_change,1.0,Baseline and improved candidate names are identical.,
119,corpus,Putamen,llm_accept_top1,HOMBA:10338,putamen (lateroventral division of the CP),HOMBA:10338,putamen (lateroventral division of the CP),no_material_change,1.0,Baseline and improved candidate names are identical.,,,,no_material_change,1.0,Baseline and improved candidate names are identical.,
120,corpus,Pyramidal decussation,llm_accept_top1,HOMBA:12772,pyramidal decussation,HOMBA:12772,pyramidal decussation,no_material_change,1.0,Baseline and improved candidate names are identical.,,,,no_material_change,1.0,Baseline and improved candidate names are identical.,
121,corpus,Raphe magnus,llm_accept_top1,HOMBA:12642,raphe magnus nucleus,HOMBA:12642,raphe magnus nucleus,no_material_change,1.0,Baseline and improved candidate names are identical.,,,,no_material_change,1.0,Baseline and improved candidate names are identical.,
122,corpus,Raphe obscurus,llm_accept_top1,HOMBA:12643,raphe obscurus nucleus,HOMBA:12643,raphe obscurus nucleus,no_material_change,1.0,Baseline and improved candidate names are identical.,,,,no_material_change,1.0,Baseline and improved candidate names are identical.,
123,corpus,Red nucleus,llm_accept_top1,HOMBA:12247,red nucleus,HOMBA:12247,red nucleus,no_material_change,1.0,Baseline and improved candidate names are identical.,,,,no_material_change,1.0,Baseline and improved candidate names are identical.,
124,corpus,Retroinsular cortex,llm_accept_top1,HOMBA:13323,retroinsular cortex,HOMBA:13323,retroinsular cortex,no_material_change,1.0,Baseline and improved candidate names are identical.,,,,no_material_change,1.0,Baseline and improved candidate names are identical.,
125,corpus,Retrosplenial cortex,llm_accept_top1,HOMBA:10324,retrosplenial cortex,HOMBA:10324,retrosplenial cortex,no_material_change,1.0,Baseline and improved candidate names are identical and correctly match the query 'Retrosplenial cortex'.,,,,no_material_change,1.0,Baseline and improved candidate names are identical and correctly match the query 'Retrosplenial cortex'.,
126,corpus,Roots of the abducens nerve,llm_accept_top1,HOMBA:12861,root of abducens nerve,HOMBA:12861,root of abducens nerve,no_material_change,1.0,Baseline and improved candidate names are identical and correctly match the query 'Roots of the abducens nerve'.,,,,no_material_change,1.0,Baseline and improved candidate names are identical and correctly match the query 'Roots of the abducens nerve'.,
127,corpus,Roots of the facial nerve,llm_accept_top1,HOMBA:12862,root of facial nerve,HOMBA:12862,root of facial nerve,no_material_change,1.0,Baseline and improved candidate names are identical and correctly match the query 'Roots of the facial nerve'.,,,,no_material_change,1.0,Baseline and improved candidate names are identical and correctly match the query 'Roots of the facial nerve'.,
128,corpus,Roots of the trigeminal nerve,llm_accept_top1,HOMBA:12865,root of trigeminal nerve,HOMBA:12865,root of trigeminal nerve,no_material_change,1.0,Baseline and improved candidate names are identical and correctly match the query 'Roots of the trigeminal nerve'.,,,,no_material_change,1.0,Baseline and improved candidate names are identical and correctly match the query 'Roots of the trigeminal nerve'.,
129,corpus,Septal area,llm_accept_top1,HOMBA:10350,septal region (septal nuclear complex),HOMBA:10350,septal region (septal nuclear complex),no_material_change,1.0,Baseline and improved candidate names are identical and correctly match the query 'Septal area'.,,,,no_material_change,1.0,Baseline and improved candidate names are identical and correctly match the query 'Septal area'.,
130,corpus,Solitary tract,llm_accept_top1,HOMBA:12783,solitary tract,HOMBA:12783,solitary tract,no_material_change,1.0,Both baseline and improved candidate names are identical to the query.,,,,no_material_change,1.0,Both baseline and improved candidate names are identical to the query.,
131,corpus,Spinal trigeminal nucleus,llm_accept_top1,HOMBA:12572,spinal trigeminal nucleus,HOMBA:12572,spinal trigeminal nucleus,no_material_change,1.0,Both baseline and improved candidate names are identical to the query.,,,,no_material_change,1.0,Both baseline and improved candidate names are identical to the query.,
132,corpus,Spinal trigeminal nucleus (caudalis),llm_accept_top1,HOMBA:12573,"spinal trigeminal nucleus, caudal division",HOMBA:12573,"spinal trigeminal nucleus, caudal division",no_material_change,1.0,Both baseline and improved candidate names are identical to the query (caudal division matches caudalis).,,,,no_material_change,1.0,Both baseline and improved candidate names are identical to the query (caudal division matches caudalis).,
133,corpus,Spinal trigeminal nucleus (interpolaris),llm_accept_top1,HOMBA:12578,"spinal trigeminal nucleus, interpolar division",HOMBA:12578,"spinal trigeminal nucleus, interpolar division",no_material_change,1.0,Both baseline and improved candidate names are identical to the query (interpolar division matches interpolaris).,,,,no_material_change,1.0,Both baseline and improved candidate names are identical to the query (interpolar division matches interpolaris).,
134,corpus,Spinal trigeminal tract,llm_accept_top1,HOMBA:12792,spinal trigeminal tract,HOMBA:12792,spinal trigeminal tract,no_material_change,1.0,Both baseline and improved candidate names are identical to the query.,,,,no_material_change,1.0,Both baseline and improved candidate names are identical to the query.,
135,corpus,Spinothalamic tract,llm_accept_top1,HOMBA:12789,spinothalamic tract,HOMBA:12789,spinothalamic tract,no_material_change,1.0,Baseline and improved names are identical/equivalent concepts.,,,,no_material_change,1.0,Baseline and improved names are identical/equivalent concepts.,
136,corpus,Subiculum,llm_accept_top1,HOMBA:10302,subiculum proper (strictly defined subiculum),HOMBA:10302,subiculum proper (strictly defined subiculum),no_material_change,1.0,Baseline and improved names are identical/equivalent concepts.,,,,no_material_change,1.0,Baseline and improved names are identical/equivalent concepts.,
137,corpus,Substantia nigra,llm_accept_top1,HOMBA:12251,substantia nigra,HOMBA:12251,substantia nigra,no_material_change,1.0,Baseline and improved names are identical/equivalent concepts.,,,,no_material_change,1.0,Baseline and improved names are identical/equivalent concepts.,
138,corpus,Subthalamic nucleus,llm_accept_top1,HOMBA:10466,subthalamic nucleus,HOMBA:10466,subthalamic nucleus,no_material_change,1.0,Baseline and improved names are identical/equivalent concepts.,,,,no_material_change,1.0,Baseline and improved names are identical/equivalent concepts.,
139,corpus,Superior cerebellar peduncle,llm_accept_top1,HOMBA:12354,superior cerebellar peduncle (brachium conjunctivum),HOMBA:12354,superior cerebellar peduncle (brachium conjunctivum),no_material_change,1.0,Baseline and improved names are identical/equivalent concepts.,,,,no_material_change,1.0,Baseline and improved names are identical/equivalent concepts.,
140,corpus,Superior cerebellar peduncle (decussation),llm_accept_top1,HOMBA:12337,decussation of superior cerebellar peduncle,HOMBA:12337,decussation of superior cerebellar peduncle,no_material_change,1.0,"Baseline and improved candidate names are identical, representing the same concept.",,,,no_material_change,1.0,"Baseline and improved candidate names are identical, representing the same concept.",
141,corpus,Superior colliculus,llm_accept_top1,HOMBA:12292,superior colliculus,HOMBA:12292,superior colliculus,no_material_change,1.0,"Baseline and improved candidate names are identical, representing the same concept.",,,,no_material_change,1.0,"Baseline and improved candidate names are identical, representing the same concept.",
142,corpus,Superior occipital gyrus,llm_accept_top1,HOMBA:12154,superior occipital gyrus,HOMBA:12154,superior occipital gyrus,no_material_change,1.0,"Baseline and improved candidate names are identical, representing the same concept.",,,,no_material_change,1.0,"Baseline and improved candidate names are identical, representing the same concept.",
143,corpus,Superior salivatory nucleus,llm_accept_top1,HOMBA:12435,superior salivatory nucleus,HOMBA:12435,superior salivatory nucleus,no_material_change,1.0,"Baseline and improved candidate names are identical, representing the same concept.",,,,no_material_change,1.0,"Baseline and improved candidate names are identical, representing the same concept.",
144,corpus,Superior temporal gyrus,llm_accept_top1,HOMBA:12140,superior temporal gyrus,HOMBA:12140,superior temporal gyrus,no_material_change,1.0,"Baseline and improved candidate names are identical, representing the same concept.",,,,no_material_change,1.0,"Baseline and improved candidate names are identical, representing the same concept.",
145,corpus,Supplementary motor area,llm_accept_top1,HOMBA:AA30012,medial division of area 6 (supplementary motor area),HOMBA:AA30012,medial division of area 6 (supplementary motor area),no_material_change,1.0,Both candidates are identical and correctly map to 'Supplementary motor area'.,,,,no_material_change,1.0,Both candidates are identical and correctly map to 'Supplementary motor area'.,
146,corpus,Supramarginal gyrus,llm_accept_top1,HOMBA:12135,supramarginal gyrus,HOMBA:12135,supramarginal gyrus,no_material_change,1.0,Both candidates are identical and correctly map to 'Supramarginal gyrus'.,,,,no_material_change,1.0,Both candidates are identical and correctly map to 'Supramarginal gyrus'.,
147,corpus,Temporal pole,llm_accept_top1,HOMBA:12146,temporal pole (temporopolar cortex),HOMBA:12146,temporal pole (temporopolar cortex),no_material_change,1.0,Both candidates are identical and correctly map to 'Temporal pole'.,,,,no_material_change,1.0,Both candidates are identical and correctly map to 'Temporal pole'.,
148,corpus,Thalamus,llm_accept_top1,HOMBA:10390,thalamus,HOMBA:10390,thalamus,no_material_change,1.0,Both candidates are identical and correctly map to 'Thalamus'.,,,,no_material_change,1.0,Both candidates are identical and correctly map to 'Thalamus'.,
149,corpus,Trigeminal nucleus (motor),llm_accept_top1,HOMBA:12429,"motor nucleus of trigeminal nerve (motor trigeminal nucleus, Mo5)",HOMBA:12429,"motor nucleus of trigeminal nerve (motor trigeminal nucleus, Mo5)",no_material_change,1.0,Both candidates are identical and correctly map to 'Trigeminal nucleus (motor)'.,,,,no_material_change,1.0,Both candidates are identical and correctly map to 'Trigeminal nucleus (motor)'.,
150,corpus,Trigeminal nucleus (principal sensory),llm_accept_top1,HOMBA:12444,principal sensory nucleus of trigeminal nerve,HOMBA:12444,principal sensory nucleus of trigeminal nerve,no_material_change,1.0,Baseline and improved candidate names are identical and match the query concept.,,,,no_material_change,1.0,Baseline and improved candidate names are identical and match the query concept.,
151,corpus,Trochlear nucleus,llm_accept_top1,HOMBA:12206,trochlear nucleus,HOMBA:12206,trochlear nucleus,no_material_change,1.0,Baseline and improved candidate names are identical and match the query concept.,,,,no_material_change,1.0,Baseline and improved candidate names are identical and match the query concept.,
152,corpus,Uncinate fasciculus,llm_accept_top1,HOMBA:10594,uncinate fasciculus,HOMBA:10594,uncinate fasciculus,no_material_change,1.0,Baseline and improved candidate names are identical and match the query concept.,,,,no_material_change,1.0,Baseline and improved candidate names are identical and match the query concept.,
153,corpus,Ventral anterior thalamic nucleus,llm_accept_top1,HOMBA:10417,ventral anterior nucleus of thalamus,HOMBA:10417,ventral anterior nucleus of thalamus,no_material_change,1.0,Baseline and improved candidate names are identical and match the query concept.,,,,no_material_change,1.0,Baseline and improved candidate names are identical and match the query concept.,
154,corpus,Ventral cochlear nucleus,llm_accept_top1,HOMBA:12439,ventral cochlear nucleus,HOMBA:12439,ventral cochlear nucleus,no_material_change,1.0,Baseline and improved candidate names are identical and match the query concept.,,,,no_material_change,1.0,Baseline and improved candidate names are identical and match the query concept.,
155,corpus,Ventral lateral thalamic nucleus,llm_accept_top1,HOMBA:10420,ventral lateral nucleus of thalamus,HOMBA:10420,ventral lateral nucleus of thalamus,no_material_change,1.0,Baseline and improved candidate names are identical (ventral lateral nucleus of thalamus).,,,,no_material_change,1.0,Baseline and improved candidate names are identical (ventral lateral nucleus of thalamus).,
156,corpus,Ventral medial thalamic nucleus,llm_accept_top1,HOMBA:10427,ventral medial nucleus of thalamus,HOMBA:10427,ventral medial nucleus of thalamus,no_material_change,1.0,Baseline and improved candidate names are identical (ventral medial nucleus of thalamus).,,,,no_material_change,1.0,Baseline and improved candidate names are identical (ventral medial nucleus of thalamus).,
157,corpus,Ventral posterior thalamic nucleus,llm_accept_top1,HOMBA:10423,ventral posterior nuclear complex of thalamus,HOMBA:10423,ventral posterior nuclear complex of thalamus,no_material_change,1.0,"Baseline and improved candidate names are identical (ventral posterior nuclear complex of thalamus), which is synonymous with the query.",,,,no_material_change,1.0,"Baseline and improved candidate names are identical (ventral posterior nuclear complex of thalamus), which is synonymous with the query.",
158,corpus,Ventral tegmental area,llm_accept_top1,HOMBA:12261,ventral tegmental area,HOMBA:12261,ventral tegmental area,no_material_change,1.0,Baseline and improved candidate names are identical (ventral tegmental area).,,,,no_material_change,1.0,Baseline and improved candidate names are identical (ventral tegmental area).,
159,corpus,Zona incerta,llm_accept_top1,HOMBA:10463,zona incerta,HOMBA:10463,zona incerta,no_material_change,1.0,Baseline and improved candidate names are identical (zona incerta).,,,,no_material_change,1.0,Baseline and improved candidate names are identical (zona incerta).,
160,corpus,Frontal orbital cortex (lateral),llm_accept_top1,HOMBA:10205,"lateral orbital frontal cortex (OFCl, area 12/47)",HOMBA:10205,"lateral orbital frontal cortex (OFCl, area 12/47)",no_material_change,1.0,"Both baseline and improved candidates are identical, so no material change.",,,,no_material_change,1.0,"Both baseline and improved candidates are identical, so no material change.",
161,corpus,Frontal orbital cortex (medial),llm_accept_top1,HOMBA:10195,medial orbital frontal cortex (area 14),HOMBA:10195,medial orbital frontal cortex (area 14),no_material_change,1.0,"Both baseline and improved candidates are identical, so no material change.",,,,no_material_change,1.0,"Both baseline and improved candidates are identical, so no material change.",
162,corpus,Trigeminal tract (mesencephalic),llm_accept_top1,HOMBA:12767,mesencephalic trigeminal tract,HOMBA:12767,mesencephalic trigeminal tract,no_material_change,1.0,"Both baseline and improved candidates are identical, so no material change.",,,,no_material_change,1.0,"Both baseline and improved candidates are identical, so no material change.",
163,corpus,External globus pallidus,llm_accept_top1,HOMBA:10343,external division of globus pallidus,HOMBA:10343,external division of globus pallidus,no_material_change,1.0,"Both baseline and improved candidates are identical, so no material change.",,,,no_material_change,1.0,"Both baseline and improved candidates are identical, so no material change.",
164,corpus,Lateral ventricle,llm_accept_top1,HOMBA:10598,body of lateral ventricles,HOMBA:10598,body of lateral ventricles,no_material_change,1.0,"Both baseline and improved candidates are identical, so no material change.",,,,no_material_change,1.0,"Both baseline and improved candidates are identical, so no material change.",
165,corpus,Internal capsule (posterior limb),llm_accept_top1,HOMBA:10584,caudal limb of internal capsule,HOMBA:10584,caudal limb of internal capsule,no_material_change,1.0,Baseline and improved candidate names are identical: 'caudal limb of internal capsule'. No material change.,,,,no_material_change,1.0,Baseline and improved candidate names are identical: 'caudal limb of internal capsule'. No material change.,
166,corpus,Cerebellar cortex (molecular layer),llm_accept_top1,HOMBA:AA30427,molecular layer of cerebellar cortex,HOMBA:AA30427,molecular layer of cerebellar cortex,no_material_change,1.0,Baseline and improved candidate names are identical: 'molecular layer of cerebellar cortex'. No material change.,,,,no_material_change,1.0,Baseline and improved candidate names are identical: 'molecular layer of cerebellar cortex'. No material change.,
167,corpus,Dorsal raphe,llm_accept_top1,HOMBA:12223,dorsal raphe nucleus,HOMBA:12223,dorsal raphe nucleus,no_material_change,1.0,Baseline and improved candidate names are identical: 'dorsal raphe nucleus'. No material change.,,,,no_material_change,1.0,Baseline and improved candidate names are identical: 'dorsal raphe nucleus'. No material change.,
168,corpus,Periaqueductal gray,llm_accept_top1,HOMBA:AA30359,periaqueductal gray region,HOMBA:AA30359,periaqueductal gray region,no_material_change,1.0,Baseline and improved candidate names are identical: 'periaqueductal gray region'. No material change.,,,,no_material_change,1.0,Baseline and improved candidate names are identical: 'periaqueductal gray region'. No material change.,
169,species,Accumbens,llm_accept_top1,HOMBA:10339,nucleus accumbens,HOMBA:10339,nucleus accumbens,no_material_change,1.0,Baseline and improved candidate names are identical: 'nucleus accumbens'. No material change.,,,,no_material_change,1.0,Baseline and improved candidate names are identical: 'nucleus accumbens'. No material change.,
170,species,Amygdalohippocampal area,llm_accept_top1,HOMBA:10377,amygdalohippocampal area,HOMBA:10377,amygdalohippocampal area,no_material_change,1.0,Baseline and improved candidates are identical and correctly match the query 'Amygdalohippocampal area'.,,,,no_material_change,1.0,Baseline and improved candidates are identical and correctly match the query 'Amygdalohippocampal area'.,
171,species,Amygdalopiriform transition area,llm_accept_top1,HOMBA:10382,amygdalocortical transition area (amygdalopiriform transition area),HOMBA:10382,amygdalocortical transition area (amygdalopiriform transition area),no_material_change,1.0,Baseline and improved candidates are identical (amygdalocortical transition area (amygdalopiriform transition area)) and correctly match the query 'Amygdalopiriform transition area'.,,,,no_material_change,1.0,Baseline and improved candidates are identical (amygdalocortical transition area (amygdalopiriform transition area)) and correctly match the query 'Amygdalopiriform transition area'.,
172,species,Amygdalostriatal transition area,llm_accept_top1,HOMBA:10381,amygdalostriatal transition area,HOMBA:10381,amygdalostriatal transition area,no_material_change,1.0,Baseline and improved candidates are identical and correctly match the query 'Amygdalostriatal transition area'.,,,,no_material_change,1.0,Baseline and improved candidates are identical and correctly match the query 'Amygdalostriatal transition area'.,
173,species,Angular thalamic nucleus,llm_accept_top1,HOMBA:AA30318,angular nucleus of thalamus,HOMBA:AA30318,angular nucleus of thalamus,no_material_change,1.0,Baseline and improved candidates are identical (angular nucleus of thalamus) and correctly match the query 'Angular thalamic nucleus'.,,,,no_material_change,1.0,Baseline and improved candidates are identical (angular nucleus of thalamus) and correctly match the query 'Angular thalamic nucleus'.,
174,species,Ansa Lenticularis,llm_accept_top1,HOMBA:10571,ansa lenticularis,HOMBA:10571,ansa lenticularis,no_material_change,1.0,Baseline and improved candidates are identical and correctly match the query 'Ansa Lenticularis'.,,,,no_material_change,1.0,Baseline and improved candidates are identical and correctly match the query 'Ansa Lenticularis'.,
175,species,Anterior amygdaloid area,llm_accept_top1,HOMBA:10362,anterior amygdaloid area,HOMBA:10362,anterior amygdaloid area,no_material_change,1.0,"Both baseline and improved names are identical to the query (case-insensitive), indicating no material difference.",,,,no_material_change,1.0,"Both baseline and improved names are identical to the query (case-insensitive), indicating no material difference.",
176,species,Anterior commissure,llm_accept_top1,HOMBA:10559,anterior commissure,HOMBA:10559,anterior commissure,no_material_change,1.0,"Both baseline and improved names are identical to the query (case-insensitive), indicating no material difference.",,,,no_material_change,1.0,"Both baseline and improved names are identical to the query (case-insensitive), indicating no material difference.",
177,species,Anterior Hypothalamic Area,llm_accept_top1,HOMBA:266441551,anterior hypothalamic area,HOMBA:266441551,anterior hypothalamic area,no_material_change,1.0,"Both baseline and improved names are identical to the query (case-insensitive), indicating no material difference.",,,,no_material_change,1.0,"Both baseline and improved names are identical to the query (case-insensitive), indicating no material difference.",
178,species,Anterior hypothalamic nucleus,llm_accept_top1,HOMBA:10475,anterior hypothalamic nucleus,HOMBA:10475,anterior hypothalamic nucleus,no_material_change,1.0,"Both baseline and improved names are identical to the query (case-insensitive), indicating no material difference.",,,,no_material_change,1.0,"Both baseline and improved names are identical to the query (case-insensitive), indicating no material difference.",
179,species,Anterior Tegmental Nucleus,llm_accept_top1,HOMBA:AA30442,anterior tegmental nucleus,HOMBA:AA30442,anterior tegmental nucleus,no_material_change,1.0,"Both baseline and improved names are identical to the query (case-insensitive), indicating no material difference.",,,,no_material_change,1.0,"Both baseline and improved names are identical to the query (case-insensitive), indicating no material difference.",
180,species,Anterior thalamic nucleus,llm_accept_top1,HOMBA:10392,anterior nuclear complex of thalamus,HOMBA:10392,anterior nuclear complex of thalamus,no_material_change,1.0,Baseline and improved candidates are identical and correctly match the query.,,,,no_material_change,1.0,Baseline and improved candidates are identical and correctly match the query.,
181,species,Anterodorsal thalamic nucleus,llm_accept_top1,HOMBA:10393,anterodorsal nucleus of thalamus,HOMBA:10393,anterodorsal nucleus of thalamus,no_material_change,1.0,Baseline and improved candidates are identical and correctly match the query.,,,,no_material_change,1.0,Baseline and improved candidates are identical and correctly match the query.,
182,species,Anteromedial thalamic nucleus,llm_accept_top1,HOMBA:10394,anteromedial nucleus of thalamus,HOMBA:10394,anteromedial nucleus of thalamus,no_material_change,1.0,Baseline and improved candidates are identical and correctly match the query.,,,,no_material_change,1.0,Baseline and improved candidates are identical and correctly match the query.,
183,species,Ascending fibers of the facial nerve,llm_accept_top1,HOMBA:12729,ascending fibers of the facial nerve in pons,HOMBA:12729,ascending fibers of the facial nerve in pons,no_material_change,1.0,Baseline and improved candidates are identical and correctly match the query.,,,,no_material_change,1.0,Baseline and improved candidates are identical and correctly match the query.,
184,species,Basal nucleus (of Meynert),llm_accept_top1,HOMBA:10353,basal nucleus of Meynert,HOMBA:10353,basal nucleus of Meynert,no_material_change,1.0,Baseline and improved candidates are identical and correctly match the query.,,,,no_material_change,1.0,Baseline and improved candidates are identical and correctly match the query.,
185,species,CA1 (hippocampus),llm_accept_top1,HOMBA:10297,CA1 region of hippocampus,HOMBA:10297,CA1 region of hippocampus,no_material_change,1.0,"Baseline and improved names are identical, both high confidence.",,,,no_material_change,1.0,"Baseline and improved names are identical, both high confidence.",
186,species,Caudate Head,llm_accept_top1,HOMBA:10335,head of caudate nucleus,HOMBA:10335,head of caudate nucleus,no_material_change,1.0,"Baseline and improved names are identical, both high confidence.",,,,no_material_change,1.0,"Baseline and improved names are identical, both high confidence.",
187,species,Caudate nucleus,llm_accept_top1,HOMBA:10334,caudate nucleus (mediodorsal division of the CP),HOMBA:10334,caudate nucleus (mediodorsal division of the CP),no_material_change,1.0,"Baseline and improved names are identical, both high confidence.",,,,no_material_change,1.0,"Baseline and improved names are identical, both high confidence.",
188,species,Caudate Tail,llm_accept_top1,HOMBA:10337,tail of caudate nucleus (caudolateral division of the CP),HOMBA:10337,tail of caudate nucleus (caudolateral division of the CP),no_material_change,1.0,"Baseline and improved names are identical, both high confidence.",,,,no_material_change,1.0,"Baseline and improved names are identical, both high confidence.",
189,species,Central lateral thalamic nucleus,llm_accept_top1,HOMBA:10444,central lateral nucleus of thalamus,HOMBA:10444,central lateral nucleus of thalamus,no_material_change,1.0,"Baseline and improved names are identical, both high confidence.",,,,no_material_change,1.0,"Baseline and improved names are identical, both high confidence.",
190,species,Central medial thalamic nucleus,llm_accept_top1,HOMBA:10445,central medial nucleus of thalamus,HOMBA:10445,central medial nucleus of thalamus,no_material_change,1.0,Baseline and improved candidate names are identical and match the query.,,,,no_material_change,1.0,Baseline and improved candidate names are identical and match the query.,
191,species,Cerebral peduncle,llm_accept_top1,HOMBA:12330,cerebral peduncle (crus cerebri),HOMBA:12330,cerebral peduncle (crus cerebri),no_material_change,1.0,Baseline and improved candidate names are identical and match the query.,,,,no_material_change,1.0,Baseline and improved candidate names are identical and match the query.,
192,species,Claustrum,llm_accept_top1,HOMBA:10346,claustrum,HOMBA:10346,claustrum,no_material_change,1.0,Baseline and improved candidate names are identical and match the query.,,,,no_material_change,1.0,Baseline and improved candidate names are identical and match the query.,
193,species,Cochlear Nucleus,llm_accept_top1,HOMBA:12437,cochlear nuclei,HOMBA:12437,cochlear nuclei,no_material_change,1.0,Baseline and improved candidate names are synonymous and match the query.,,,,no_material_change,1.0,Baseline and improved candidate names are synonymous and match the query.,
194,species,Corticospinal Tract,llm_accept_top1,HOMBA:12047,corticospinal tract,HOMBA:12047,corticospinal tract,no_material_change,1.0,Baseline and improved candidate names are identical and match the query.,,,,no_material_change,1.0,Baseline and improved candidate names are identical and match the query.,
195,species,Crossing of the superior cerebellar peduncle,llm_accept_top1,HOMBA:12337,decussation of superior cerebellar peduncle,HOMBA:12337,decussation of superior cerebellar peduncle,no_material_change,1.0,Baseline and improved names are identical; no material change.,,,,no_material_change,1.0,Baseline and improved names are identical; no material change.,
196,species,Cuneiform Nucleus,llm_accept_top1,HOMBA:12240,cuneiform nucleus,HOMBA:12240,cuneiform nucleus,no_material_change,1.0,Baseline and improved names are identical; no material change.,,,,no_material_change,1.0,Baseline and improved names are identical; no material change.,
197,species,Dentate gyrus,llm_accept_top1,HOMBA:10295,dentate gyrus,HOMBA:10295,dentate gyrus,no_material_change,1.0,Baseline and improved names are identical; no material change.,,,,no_material_change,1.0,Baseline and improved names are identical; no material change.,
198,species,Dorsal endopiriform claustrum,llm_accept_top1,HOMBA:AA30264,dorsal endopiriform nucleus,HOMBA:AA30264,dorsal endopiriform nucleus,no_material_change,1.0,Baseline and improved names are identical; no material change.,,,,no_material_change,1.0,Baseline and improved names are identical; no material change.,
199,species,Dorsal lateral geniculate nucleus,llm_accept_top1,HOMBA:10429,lateral geniculate nucleus (dorsal lateral geniculate nucleus),HOMBA:10429,lateral geniculate nucleus (dorsal lateral geniculate nucleus),no_material_change,1.0,Baseline and improved names are identical; no material change.,,,,no_material_change,1.0,Baseline and improved names are identical; no material change.,
200,species,Dorsomedial hypothalamic nucleus,llm_accept_top1,HOMBA:10485,dorsomedial hypothalamic nucleus,HOMBA:10485,dorsomedial hypothalamic nucleus,no_material_change,1.0,Baseline and improved candidate names are identical: 'dorsomedial hypothalamic nucleus'.,,,,no_material_change,1.0,Baseline and improved candidate names are identical: 'dorsomedial hypothalamic nucleus'.,
201,species,Dysgranular insular cortex,llm_accept_top1,HOMBA:10289,dysgranular insular cortex (area Idg),HOMBA:10289,dysgranular insular cortex (area Idg),no_material_change,1.0,Baseline and improved candidate names are identical: 'dysgranular insular cortex (area Idg)'.,,,,no_material_change,1.0,Baseline and improved candidate names are identical: 'dysgranular insular cortex (area Idg)'.,
202,species,Endopiriform nucleus,llm_accept_top1,HOMBA:10371,endopiriform nucleus,HOMBA:10371,endopiriform nucleus,no_material_change,1.0,Baseline and improved candidate names are identical: 'endopiriform nucleus'.,,,,no_material_change,1.0,Baseline and improved candidate names are identical: 'endopiriform nucleus'.,
203,species,Entopeduncular nucleus,llm_accept_top1,HOMBA:146034758,entopeduncular nucleus,HOMBA:146034758,entopeduncular nucleus,no_material_change,1.0,Baseline and improved candidate names are identical: 'entopeduncular nucleus'.,,,,no_material_change,1.0,Baseline and improved candidate names are identical: 'entopeduncular nucleus'.,
204,species,Entorhinal area (medial part),llm_accept_top1,HOMBA:10319,medial (caudal) entorhinal cortex,HOMBA:10319,medial (caudal) entorhinal cortex,no_material_change,1.0,Baseline and improved candidate names are identical: 'medial (caudal) entorhinal cortex'.,,,,no_material_change,1.0,Baseline and improved candidate names are identical: 'medial (caudal) entorhinal cortex'.,
205,species,Extended amygdala,llm_accept_top1,HOMBA:10383,extended amygdala,HOMBA:10383,extended amygdala,no_material_change,1.0,Both baseline and improved candidates are identical ('extended amygdala'). No material change.,,,,no_material_change,1.0,Both baseline and improved candidates are identical ('extended amygdala'). No material change.,
206,species,Facial Motor Nucleus,llm_accept_top1,HOMBA:12420,facial nucleus,HOMBA:12420,facial nucleus,no_material_change,1.0,Both baseline and improved candidates are identical ('facial nucleus'). No material change.,,,,no_material_change,1.0,Both baseline and improved candidates are identical ('facial nucleus'). No material change.,
207,species,Fasciculus retroflexus,llm_accept_top1,HOMBA:12342,fasciculus retroflexus (habenuno-interpeduncular tract),HOMBA:12342,fasciculus retroflexus (habenuno-interpeduncular tract),no_material_change,1.0,Both baseline and improved candidates are identical ('fasciculus retroflexus (habenuno-interpeduncular tract)'). No material change.,,,,no_material_change,1.0,Both baseline and improved candidates are identical ('fasciculus retroflexus (habenuno-interpeduncular tract)'). No material change.,
208,species,Fasciola cinereum,llm_accept_top1,HOMBA:AA30112,fasciola cinereum (ectosplenial area 26),HOMBA:AA30112,fasciola cinereum (ectosplenial area 26),no_material_change,1.0,Both baseline and improved candidates are identical ('fasciola cinereum (ectosplenial area 26)'). No material change.,,,,no_material_change,1.0,Both baseline and improved candidates are identical ('fasciola cinereum (ectosplenial area 26)'). No material change.,
209,species,Fimbria,llm_accept_top1,HOMBA:10575,fimbria,HOMBA:10575,fimbria,no_material_change,1.0,Both baseline and improved candidates are identical ('fimbria'). No material change.,,,,no_material_change,1.0,Both baseline and improved candidates are identical ('fimbria'). No material change.,
210,species,Flocculus,llm_accept_top1,HOMBA:AA30424,lobule Xa (flocculus),HOMBA:AA30424,lobule Xa (flocculus),no_material_change,1.0,Baseline and improved candidate names are identical: 'lobule Xa (flocculus)'.,,,,no_material_change,1.0,Baseline and improved candidate names are identical: 'lobule Xa (flocculus)'.,
211,species,Fornix,llm_accept_top1,HOMBA:10576,fornix,HOMBA:10576,fornix,no_material_change,1.0,Baseline and improved candidate names are identical: 'fornix'.,,,,no_material_change,1.0,Baseline and improved candidate names are identical: 'fornix'.,
212,species,Frontal pole,llm_accept_top1,HOMBA:146034888,frontal pole,HOMBA:146034888,frontal pole,no_material_change,1.0,Baseline and improved candidate names are identical: 'frontal pole'.,,,,no_material_change,1.0,Baseline and improved candidate names are identical: 'frontal pole'.,
213,species,Genu of the facial nerve,llm_accept_top1,HOMBA:12738,genu of the facial nerve,HOMBA:12738,genu of the facial nerve,no_material_change,1.0,Baseline and improved candidate names are identical: 'genu of the facial nerve'.,,,,no_material_change,1.0,Baseline and improved candidate names are identical: 'genu of the facial nerve'.,
214,species,Gigantocellular Reticular Nucleus,llm_accept_top1,HOMBA:12625,gigantocellular reticular nuclei,HOMBA:12625,gigantocellular reticular nuclei,no_material_change,1.0,Baseline and improved candidate names are identical: 'gigantocellular reticular nuclei'.,,,,no_material_change,1.0,Baseline and improved candidate names are identical: 'gigantocellular reticular nuclei'.,
215,species,Glomerular layer of the accessory olfactory bulb,llm_accept_top1,HOMBA:AA30176,glomerular layer of accessory olfactory bulb,HOMBA:AA30176,glomerular layer of accessory olfactory bulb,no_material_change,1.0,"Baseline and improved candidate names are identical ('glomerular layer of accessory olfactory bulb'), both matching the query.",,,,no_material_change,1.0,"Baseline and improved candidate names are identical ('glomerular layer of accessory olfactory bulb'), both matching the query.",
216,species,Glomerular layer of the olfactory bulb,llm_accept_top1,HOMBA:AA30170,glomerular layer of olfactory bulb,HOMBA:AA30170,glomerular layer of olfactory bulb,no_material_change,1.0,"Baseline and improved candidate names are identical ('glomerular layer of olfactory bulb'), both matching the query.",,,,no_material_change,1.0,"Baseline and improved candidate names are identical ('glomerular layer of olfactory bulb'), both matching the query.",
217,species,Granular insular cortex,llm_accept_top1,HOMBA:10290,granular insular cortex (area Ig),HOMBA:10290,granular insular cortex (area Ig),no_material_change,1.0,"Baseline and improved candidate names are identical ('granular insular cortex (area Ig)'), both matching the query.",,,,no_material_change,1.0,"Baseline and improved candidate names are identical ('granular insular cortex (area Ig)'), both matching the query.",
218,species,Habenula,llm_accept_top1,HOMBA:10452,habenular nuclei,HOMBA:10452,habenular nuclei,no_material_change,1.0,"Baseline and improved candidate names are identical ('habenular nuclei'), both matching the query 'Habenula' (equivalent concept).",,,,no_material_change,1.0,"Baseline and improved candidate names are identical ('habenular nuclei'), both matching the query 'Habenula' (equivalent concept).",
219,species,Habenular commissure,llm_accept_top1,HOMBA:10566,habenular commissure,HOMBA:10566,habenular commissure,no_material_change,1.0,"Baseline and improved candidate names are identical ('habenular commissure'), both matching the query.",,,,no_material_change,1.0,"Baseline and improved candidate names are identical ('habenular commissure'), both matching the query.",
220,species,Head of caudate nucleus,llm_accept_top1,HOMBA:10335,head of caudate nucleus,HOMBA:10335,head of caudate nucleus,no_material_change,1.0,Baseline and improved candidate names are identical ('head of caudate nucleus'). No material change.,,,,no_material_change,1.0,Baseline and improved candidate names are identical ('head of caudate nucleus'). No material change.,
221,species,Hippocampus,llm_accept_top1,HOMBA:AA30093,hippocampus,HOMBA:AA30093,hippocampus,no_material_change,1.0,Baseline and improved candidate names are identical ('hippocampus'). No material change.,,,,no_material_change,1.0,Baseline and improved candidate names are identical ('hippocampus'). No material change.,
222,species,Inferior Cerebellar Peduncle,llm_accept_top1,HOMBA:12741,inferior cerebellar peduncle,HOMBA:12741,inferior cerebellar peduncle,no_material_change,1.0,Baseline and improved candidate names are identical ('inferior cerebellar peduncle'). No material change.,,,,no_material_change,1.0,Baseline and improved candidate names are identical ('inferior cerebellar peduncle'). No material change.,
223,species,Inferior cerebellar peduncle,llm_accept_top1,HOMBA:12741,inferior cerebellar peduncle,HOMBA:12741,inferior cerebellar peduncle,no_material_change,1.0,Baseline and improved candidate names are identical ('inferior cerebellar peduncle'). No material change.,,,,no_material_change,1.0,Baseline and improved candidate names are identical ('inferior cerebellar peduncle'). No material change.,
224,species,Inferior colliculus,llm_accept_top1,HOMBA:12305,inferior colliculus,HOMBA:12305,inferior colliculus,no_material_change,1.0,Baseline and improved candidate names are identical ('inferior colliculus'). No material change.,,,,no_material_change,1.0,Baseline and improved candidate names are identical ('inferior colliculus'). No material change.,
225,species,Inferior frontal gyrus,llm_accept_top1,HOMBA:12117,inferior frontal gyrus,HOMBA:12117,inferior frontal gyrus,no_material_change,1.0,"The baseline and improved candidate names are identical, indicating no material change.",,,,no_material_change,1.0,"The baseline and improved candidate names are identical, indicating no material change.",
226,species,Inferior Olive,llm_accept_top1,HOMBA:12600,inferior olive,HOMBA:12600,inferior olive,no_material_change,1.0,"The baseline and improved candidate names are identical, indicating no material change.",,,,no_material_change,1.0,"The baseline and improved candidate names are identical, indicating no material change.",
227,species,Inferior olive,llm_accept_top1,HOMBA:12600,inferior olive,HOMBA:12600,inferior olive,no_material_change,1.0,"The baseline and improved candidate names are identical, indicating no material change.",,,,no_material_change,1.0,"The baseline and improved candidate names are identical, indicating no material change.",
228,species,Inferior Pulvinar,llm_accept_top1,HOMBA:10413,inferior division of pulvinar,HOMBA:10413,inferior division of pulvinar,no_material_change,1.0,"The baseline and improved candidate names are identical, indicating no material change.",,,,no_material_change,1.0,"The baseline and improved candidate names are identical, indicating no material change.",
229,species,Inferior temporal gyrus,llm_accept_top1,HOMBA:12142,inferior temporal gyrus,HOMBA:12142,inferior temporal gyrus,no_material_change,1.0,"The baseline and improved candidate names are identical, indicating no material change.",,,,no_material_change,1.0,"The baseline and improved candidate names are identical, indicating no material change.",
230,species,Infundibulum,llm_accept_top1,HOMBA:10643,infundibular stalk,HOMBA:10643,infundibular stalk,no_material_change,1.0,Both baseline and improved return the same name 'infundibular stalk' which matches query 'Infundibulum'. No change.,,,,no_material_change,1.0,Both baseline and improved return the same name 'infundibular stalk' which matches query 'Infundibulum'. No change.,
231,species,Insular cortex,llm_accept_top1,HOMBA:10288,major insular cortex,HOMBA:10288,major insular cortex,no_material_change,1.0,Both baseline and improved return 'major insular cortex' which matches query 'Insular cortex'. No change.,,,,no_material_change,1.0,Both baseline and improved return 'major insular cortex' which matches query 'Insular cortex'. No change.,
232,species,Interanteromedial thalamic nucleus,llm_accept_top1,HOMBA:13048,interanteromedial nucleus of thalamus,HOMBA:13048,interanteromedial nucleus of thalamus,no_material_change,1.0,Both baseline and improved return 'interanteromedial nucleus of thalamus' matching query 'Interanteromedial thalamic nucleus'. No change.,,,,no_material_change,1.0,Both baseline and improved return 'interanteromedial nucleus of thalamus' matching query 'Interanteromedial thalamic nucleus'. No change.,
233,species,Intermediodorsal thalamic nucleus,llm_accept_top1,HOMBA:13049,intermediodorsal  nucleus of thalamus,HOMBA:13049,intermediodorsal  nucleus of thalamus,no_material_change,1.0,Both baseline and improved return 'intermediodorsal nucleus of thalamus' matching query 'Intermediodorsal thalamic nucleus'. No change.,,,,no_material_change,1.0,Both baseline and improved return 'intermediodorsal nucleus of thalamus' matching query 'Intermediodorsal thalamic nucleus'. No change.,
234,species,Internal capsule,llm_accept_top1,HOMBA:10581,internal capsule,HOMBA:10581,internal capsule,no_material_change,1.0,Both baseline and improved return 'internal capsule' matching query 'Internal capsule'. No change.,,,,no_material_change,1.0,Both baseline and improved return 'internal capsule' matching query 'Internal capsule'. No change.,
235,species,Interpeduncular Nucleus,llm_accept_top1,HOMBA:12270,interpeduncular nucleus,HOMBA:12270,interpeduncular nucleus,no_material_change,1.0,Baseline and improved candidates are identical and correctly match the query.,,,,no_material_change,1.0,Baseline and improved candidates are identical and correctly match the query.,
236,species,Interpeduncular nucleus,llm_accept_top1,HOMBA:12270,interpeduncular nucleus,HOMBA:12270,interpeduncular nucleus,no_material_change,1.0,Baseline and improved candidates are identical and correctly match the query.,,,,no_material_change,1.0,Baseline and improved candidates are identical and correctly match the query.,
237,species,Lamina Terminalis,llm_accept_top1,HOMBA:12105,lamina terminalis,HOMBA:12105,lamina terminalis,no_material_change,1.0,Baseline and improved candidates are identical and correctly match the query.,,,,no_material_change,1.0,Baseline and improved candidates are identical and correctly match the query.,
238,species,Lateral entorhinal cortex,llm_accept_top1,HOMBA:10318,lateral (rostral) entorhinal cortex,HOMBA:10318,lateral (rostral) entorhinal cortex,no_material_change,1.0,Baseline and improved candidates are identical and correctly match the query.,,,,no_material_change,1.0,Baseline and improved candidates are identical and correctly match the query.,
239,species,Lateral habenular nucleus,llm_accept_top1,HOMBA:10453,lateral habenular nucleus,HOMBA:10453,lateral habenular nucleus,no_material_change,1.0,Baseline and improved candidates are identical and correctly match the query.,,,,no_material_change,1.0,Baseline and improved candidates are identical and correctly match the query.,
240,species,Lateral Lemniscus,llm_accept_top1,HOMBA:12760,lateral lemniscus,HOMBA:12760,lateral lemniscus,no_material_change,1.0,"Baseline and improved names are identical ('lateral lemniscus'), no material change.",,,,no_material_change,1.0,"Baseline and improved names are identical ('lateral lemniscus'), no material change.",
241,species,Lateral Parabrachial Nucleus,llm_accept_top1,HOMBA:12482,lateral parabrachial nucleus,HOMBA:12482,lateral parabrachial nucleus,no_material_change,1.0,"Baseline and improved names are identical ('lateral parabrachial nucleus'), no material change.",,,,no_material_change,1.0,"Baseline and improved names are identical ('lateral parabrachial nucleus'), no material change.",
242,species,"Lateral parietal cortex, inferior",llm_accept_top1,HOMBA:10225,inferior lateral parietal cortex,HOMBA:10225,inferior lateral parietal cortex,no_material_change,1.0,"Baseline and improved names are equivalent ('inferior lateral parietal cortex' matches query 'Lateral parietal cortex, inferior'), no material change.",,,,no_material_change,1.0,"Baseline and improved names are equivalent ('inferior lateral parietal cortex' matches query 'Lateral parietal cortex, inferior'), no material change.",
243,species,Lateral Pulvinar,llm_accept_top1,HOMBA:10412,lateral division of pulvinar,HOMBA:10412,lateral division of pulvinar,no_material_change,1.0,"Baseline and improved names are identical ('lateral division of pulvinar' corresponds to 'Lateral Pulvinar'), no material change.",,,,no_material_change,1.0,"Baseline and improved names are identical ('lateral division of pulvinar' corresponds to 'Lateral Pulvinar'), no material change.",
244,species,Lateral Reticular Nucleus,llm_accept_top1,HOMBA:12634,lateral reticular nucleus,HOMBA:12634,lateral reticular nucleus,no_material_change,1.0,"Baseline and improved names are identical ('lateral reticular nucleus'), no material change.",,,,no_material_change,1.0,"Baseline and improved names are identical ('lateral reticular nucleus'), no material change.",
245,species,Lateral superior olive,llm_accept_top1,HOMBA:12469,lateral superior olivary nucleus,HOMBA:12469,lateral superior olivary nucleus,no_material_change,1.0,Both baseline and improved candidates are identical (lateral superior olivary nucleus) and correctly match the query 'Lateral superior olive'.,,,,no_material_change,1.0,Both baseline and improved candidates are identical (lateral superior olivary nucleus) and correctly match the query 'Lateral superior olive'.,
246,species,Mammillary nucleus,llm_accept_top1,HOMBA:10498,mammillary nuclear complex,HOMBA:10498,mammillary nuclear complex,no_material_change,1.0,Both candidates are identical (mammillary nuclear complex) and correctly match the query 'Mammillary nucleus'.,,,,no_material_change,1.0,Both candidates are identical (mammillary nuclear complex) and correctly match the query 'Mammillary nucleus'.,
247,species,Mammillotegmental tract,llm_accept_top1,HOMBA:12065,mammillotegmental tract,HOMBA:12065,mammillotegmental tract,no_material_change,1.0,Both candidates are identical (mammillotegmental tract) and correctly match the query 'Mammillotegmental tract'.,,,,no_material_change,1.0,Both candidates are identical (mammillotegmental tract) and correctly match the query 'Mammillotegmental tract'.,
248,species,Medial amygdaloid nucleus,llm_accept_top1,HOMBA:10376,medial nuclear complex of amygdala,HOMBA:10376,medial nuclear complex of amygdala,no_material_change,1.0,Both candidates are identical (medial nuclear complex of amygdala) and correctly match the query 'Medial amygdaloid nucleus'.,,,,no_material_change,1.0,Both candidates are identical (medial nuclear complex of amygdala) and correctly match the query 'Medial amygdaloid nucleus'.,
249,species,Medial eminence,llm_accept_top1,HOMBA:12820,medial eminence,HOMBA:12820,medial eminence,no_material_change,1.0,Both candidates are identical (medial eminence) and correctly match the query 'Medial eminence'.,,,,no_material_change,1.0,Both candidates are identical (medial eminence) and correctly match the query 'Medial eminence'.,
250,species,Medial entorhinal cortex,llm_accept_top1,HOMBA:10319,medial (caudal) entorhinal cortex,HOMBA:10319,medial (caudal) entorhinal cortex,no_material_change,1.0,Both candidates are identical and refer to the same structure as the query.,,,,no_material_change,1.0,Both candidates are identical and refer to the same structure as the query.,
251,species,Medial geniculate nucleus,llm_accept_top1,HOMBA:10434,medial geniculate nucleus,HOMBA:10434,medial geniculate nucleus,no_material_change,1.0,Both candidates exactly match the query term.,,,,no_material_change,1.0,Both candidates exactly match the query term.,
252,species,Medial habenular nucleus,llm_accept_top1,HOMBA:10456,medial habenular nucleus,HOMBA:10456,medial habenular nucleus,no_material_change,1.0,Both candidates exactly match the query term.,,,,no_material_change,1.0,Both candidates exactly match the query term.,
253,species,Medial Lemniscus,llm_accept_top1,HOMBA:12763,medial lemniscus,HOMBA:12763,medial lemniscus,no_material_change,1.0,Both candidates exactly match the query term (only case difference).,,,,no_material_change,1.0,Both candidates exactly match the query term (only case difference).,
254,species,Medial longitudinal fascicle,llm_accept_top1,HOMBA:12764,medial longitudinal fasciculus,HOMBA:12764,medial longitudinal fasciculus,no_material_change,1.0,Both candidates are synonymous variants (fascicle vs fasciculus) of the query term.,,,,no_material_change,1.0,Both candidates are synonymous variants (fascicle vs fasciculus) of the query term.,
255,species,Medial Parabrachial Nucleus,llm_accept_top1,HOMBA:12487,medial parabrachial nucleus,HOMBA:12487,medial parabrachial nucleus,no_material_change,1.0,Baseline and improved candidate names are identical (case difference only).,,,,no_material_change,1.0,Baseline and improved candidate names are identical (case difference only).,
256,species,Medial Pulvinar,llm_accept_top1,HOMBA:10411,medial division of pulvinar,HOMBA:10411,medial division of pulvinar,no_material_change,1.0,Baseline and improved candidate names are identical.,,,,no_material_change,1.0,Baseline and improved candidate names are identical.,
257,species,Medial superior olive,llm_accept_top1,HOMBA:12470,medial superior olivary nucleus,HOMBA:12470,medial superior olivary nucleus,no_material_change,1.0,Baseline and improved candidate names are identical.,,,,no_material_change,1.0,Baseline and improved candidate names are identical.,
258,species,Median eminence,llm_accept_top1,HOMBA:13338,median eminence,HOMBA:13338,median eminence,no_material_change,1.0,Baseline and improved candidate names are identical.,,,,no_material_change,1.0,Baseline and improved candidate names are identical.,
259,species,Mediodorsal thalamic nucleus,llm_accept_top1,HOMBA:10398,mediodorsal nucleus of thalamus,HOMBA:10398,mediodorsal nucleus of thalamus,no_material_change,1.0,Baseline and improved candidate names are identical.,,,,no_material_change,1.0,Baseline and improved candidate names are identical.,
260,species,Mediodorsal Thalamus,llm_accept_top1,HOMBA:10398,mediodorsal nucleus of thalamus,HOMBA:10398,mediodorsal nucleus of thalamus,no_material_change,1.0,Both baseline and improved candidates are identical: 'mediodorsal nucleus of thalamus'. No material change.,,,,no_material_change,1.0,Both baseline and improved candidates are identical: 'mediodorsal nucleus of thalamus'. No material change.,
261,species,Midbrain reticular formation,llm_accept_top1,HOMBA:12239,midbrain reticular formation,HOMBA:12239,midbrain reticular formation,no_material_change,1.0,Both baseline and improved candidates are identical: 'midbrain reticular formation'. No material change.,,,,no_material_change,1.0,Both baseline and improved candidates are identical: 'midbrain reticular formation'. No material change.,
262,species,Middle cerebellar peduncle,llm_accept_top1,HOMBA:12768,middle cerebellar peduncle (brachium pontis),HOMBA:12768,middle cerebellar peduncle (brachium pontis),no_material_change,1.0,Both baseline and improved candidates are identical: 'middle cerebellar peduncle (brachium pontis)'. No material change.,,,,no_material_change,1.0,Both baseline and improved candidates are identical: 'middle cerebellar peduncle (brachium pontis)'. No material change.,
263,species,Middle frontal gyrus,llm_accept_top1,HOMBA:12116,middle frontal gyrus,HOMBA:12116,middle frontal gyrus,no_material_change,1.0,Both baseline and improved candidates are identical: 'middle frontal gyrus'. No material change.,,,,no_material_change,1.0,Both baseline and improved candidates are identical: 'middle frontal gyrus'. No material change.,
264,species,Motor Trigeminal Nucleus,llm_accept_top1,HOMBA:12429,"motor nucleus of trigeminal nerve (motor trigeminal nucleus, Mo5)",HOMBA:12429,"motor nucleus of trigeminal nerve (motor trigeminal nucleus, Mo5)",no_material_change,1.0,"Both baseline and improved candidates are identical: 'motor nucleus of trigeminal nerve (motor trigeminal nucleus, Mo5)'. No material change.",,,,no_material_change,1.0,"Both baseline and improved candidates are identical: 'motor nucleus of trigeminal nerve (motor trigeminal nucleus, Mo5)'. No material change.",
265,species,Nucleus accumbens (core),llm_accept_top1,HOMBA:10340,core of nucleus accumbens,HOMBA:10340,core of nucleus accumbens,no_material_change,1.0,Baseline and improved candidates are identical and correctly match the query 'Nucleus accumbens (core)'.,,,,no_material_change,1.0,Baseline and improved candidates are identical and correctly match the query 'Nucleus accumbens (core)'.,
266,species,Nucleus accumbens (shell),llm_accept_top1,HOMBA:10341,shell of nucleus accumbens,HOMBA:10341,shell of nucleus accumbens,no_material_change,1.0,Baseline and improved candidates are identical and correctly match the query 'Nucleus accumbens (shell)'.,,,,no_material_change,1.0,Baseline and improved candidates are identical and correctly match the query 'Nucleus accumbens (shell)'.,
267,species,"Nucleus accumbens, core",llm_accept_top1,HOMBA:10340,core of nucleus accumbens,HOMBA:10340,core of nucleus accumbens,no_material_change,1.0,"Baseline and improved candidates are identical and correctly match the query 'Nucleus accumbens, core'.",,,,no_material_change,1.0,"Baseline and improved candidates are identical and correctly match the query 'Nucleus accumbens, core'.",
268,species,"Nucleus accumbens, shell",llm_accept_top1,HOMBA:10341,shell of nucleus accumbens,HOMBA:10341,shell of nucleus accumbens,no_material_change,1.0,"Baseline and improved candidates are identical and correctly match the query 'Nucleus accumbens, shell'.",,,,no_material_change,1.0,"Baseline and improved candidates are identical and correctly match the query 'Nucleus accumbens, shell'.",
269,species,Nucleus of the lateral olfactory tract,llm_accept_top1,HOMBA:10309,nucleus of lateral olfactory tract,HOMBA:10309,nucleus of lateral olfactory tract,no_material_change,1.0,Baseline and improved candidates are identical and correctly match the query 'Nucleus of the lateral olfactory tract'.,,,,no_material_change,1.0,Baseline and improved candidates are identical and correctly match the query 'Nucleus of the lateral olfactory tract'.,
270,species,Nucleus sagulum,llm_accept_top1,HOMBA:12313,sagulum nucleus (nucleus sagulum),HOMBA:12313,sagulum nucleus (nucleus sagulum),no_material_change,1.0,Baseline and improved names are identical: 'sagulum nucleus (nucleus sagulum)'.,,,,no_material_change,1.0,Baseline and improved names are identical: 'sagulum nucleus (nucleus sagulum)'.,
271,species,Obex,llm_accept_top1,HOMBA:12812,obex,HOMBA:12812,obex,no_material_change,1.0,Baseline and improved names are identical: 'obex'.,,,,no_material_change,1.0,Baseline and improved names are identical: 'obex'.,
272,species,Occulomotor Nuclei,llm_accept_top1,HOMBA:12198,oculomotor nucleus,HOMBA:12198,oculomotor nucleus,no_material_change,1.0,Baseline and improved names are identical: 'oculomotor nucleus'.,,,,no_material_change,1.0,Baseline and improved names are identical: 'oculomotor nucleus'.,
273,species,Oculomotor complex,llm_accept_top1,HOMBA:12198,oculomotor nucleus,HOMBA:12198,oculomotor nucleus,no_material_change,1.0,Baseline and improved names are identical: 'oculomotor nucleus'.,,,,no_material_change,1.0,Baseline and improved names are identical: 'oculomotor nucleus'.,
274,species,Olfactory tubercle,llm_accept_top1,HOMBA:10310,olfactory tubercle,HOMBA:10310,olfactory tubercle,no_material_change,1.0,Baseline and improved names are identical: 'olfactory tubercle'.,,,,no_material_change,1.0,Baseline and improved names are identical: 'olfactory tubercle'.,
275,species,Olfactory Tubercule,llm_accept_top1,HOMBA:10310,olfactory tubercle,HOMBA:10310,olfactory tubercle,no_material_change,1.0,Baseline and improved candidate names are identical; no material change.,,,,no_material_change,1.0,Baseline and improved candidate names are identical; no material change.,
276,species,Olivocerebellar Tract,llm_accept_top1,HOMBA:12747,olivocerebellar tract,HOMBA:12747,olivocerebellar tract,no_material_change,1.0,Baseline and improved candidate names are identical; no material change.,,,,no_material_change,1.0,Baseline and improved candidate names are identical; no material change.,
277,species,Optic nerve,llm_accept_top1,HOMBA:15544,optic nerve,HOMBA:15544,optic nerve,no_material_change,1.0,Baseline and improved candidate names are identical; no material change.,,,,no_material_change,1.0,Baseline and improved candidate names are identical; no material change.,
278,species,Optic Tract,llm_accept_top1,HOMBA:10589,optic tract,HOMBA:10589,optic tract,no_material_change,1.0,Baseline and improved candidate names are identical; no material change.,,,,no_material_change,1.0,Baseline and improved candidate names are identical; no material change.,
279,species,Parabigeminal Nucleus,llm_accept_top1,HOMBA:12312,parabigeminal nucleus,HOMBA:12312,parabigeminal nucleus,no_material_change,1.0,Baseline and improved candidate names are identical; no material change.,,,,no_material_change,1.0,Baseline and improved candidate names are identical; no material change.,
280,species,Paracentral thalamic nucleus,llm_accept_top1,HOMBA:10446,paracentral nucleus of thalamus,HOMBA:10446,paracentral nucleus of thalamus,no_material_change,1.0,Baseline and improved candidate names are identical; no change.,,,,no_material_change,1.0,Baseline and improved candidate names are identical; no change.,
281,species,Parafascicular thalamic nucleus,llm_accept_top1,HOMBA:10450,parafascicular nucleus of thalamus,HOMBA:10450,parafascicular nucleus of thalamus,no_material_change,1.0,Baseline and improved candidate names are identical; no change.,,,,no_material_change,1.0,Baseline and improved candidate names are identical; no change.,
282,species,Paraflocculus,llm_accept_top1,HOMBA:AA30421,lobule IXb (paraflocculus),HOMBA:AA30421,lobule IXb (paraflocculus),no_material_change,1.0,Baseline and improved candidate names are identical; no change.,,,,no_material_change,1.0,Baseline and improved candidate names are identical; no change.,
283,species,Parahippocampal gyrus,llm_accept_top1,HOMBA:12162,parahippocampal gyrus,HOMBA:12162,parahippocampal gyrus,no_material_change,1.0,Baseline and improved candidate names are identical; no change.,,,,no_material_change,1.0,Baseline and improved candidate names are identical; no change.,
284,species,Paramedian Lobule,llm_accept_top1,HOMBA:AA30417,"lobule VIIIA (biventral lobule, part 1, paramedian lobule)",HOMBA:AA30417,"lobule VIIIA (biventral lobule, part 1, paramedian lobule)",no_material_change,1.0,Baseline and improved candidate names are identical; no change.,,,,no_material_change,1.0,Baseline and improved candidate names are identical; no change.,
285,species,Parasubiculum,llm_accept_top1,HOMBA:10316,parasubiculum (parasubicular cortex),HOMBA:10316,parasubiculum (parasubicular cortex),no_material_change,1.0,Baseline and improved names are identical (parasubiculum with parenthetical alias).,,,,no_material_change,1.0,Baseline and improved names are identical (parasubiculum with parenthetical alias).,
286,species,Parataenial thalamic nucleus,llm_accept_top1,HOMBA:10404,parataenial nucleus of thalamus,HOMBA:10404,parataenial nucleus of thalamus,no_material_change,1.0,Baseline and improved names are identical (parataenial nucleus of thalamus).,,,,no_material_change,1.0,Baseline and improved names are identical (parataenial nucleus of thalamus).,
287,species,Perifornical nucleus,llm_accept_top1,HOMBA:11578,perifornical nucleus,HOMBA:11578,perifornical nucleus,no_material_change,1.0,Baseline and improved names are identical (perifornical nucleus).,,,,no_material_change,1.0,Baseline and improved names are identical (perifornical nucleus).,
288,species,Peripeduncular nucleus,llm_accept_top1,HOMBA:12285,peripeduncular nucleus,HOMBA:12285,peripeduncular nucleus,no_material_change,1.0,Baseline and improved names are identical (peripeduncular nucleus).,,,,no_material_change,1.0,Baseline and improved names are identical (peripeduncular nucleus).,
289,species,Pineal gland,llm_accept_top1,HOMBA:10460,pineal body,HOMBA:10460,pineal body,no_material_change,1.0,Baseline and improved names are identical (pineal body vs pineal gland are synonyms).,,,,no_material_change,1.0,Baseline and improved names are identical (pineal body vs pineal gland are synonyms).,
290,species,Piriform cortex,llm_accept_top1,HOMBA:10311,piriform cortex,HOMBA:10311,piriform cortex,no_material_change,1.0,Both candidates are identical; no material change.,,,,no_material_change,1.0,Both candidates are identical; no material change.,
291,species,Pontine nuclei,llm_accept_top1,HOMBA:12406,pontine nucleus,HOMBA:12406,pontine nucleus,no_material_change,1.0,Both candidates are identical; no material change.,,,,no_material_change,1.0,Both candidates are identical; no material change.,
292,species,Pontine nucleus,llm_accept_top1,HOMBA:12406,pontine nucleus,HOMBA:12406,pontine nucleus,no_material_change,1.0,Both candidates are identical; no material change.,,,,no_material_change,1.0,Both candidates are identical; no material change.,
293,species,Posterior Commissure,llm_accept_top1,HOMBA:10567,posterior commissure,HOMBA:10567,posterior commissure,no_material_change,1.0,Both candidates are identical; no material change.,,,,no_material_change,1.0,Both candidates are identical; no material change.,
294,species,Posterior commissure,llm_accept_top1,HOMBA:10567,posterior commissure,HOMBA:10567,posterior commissure,no_material_change,1.0,Both candidates are identical; no material change.,,,,no_material_change,1.0,Both candidates are identical; no material change.,
295,species,Posterior hypothalamic nucleus,llm_accept_top1,HOMBA:10503,posterior hypothalamic nucleus,HOMBA:10503,posterior hypothalamic nucleus,no_material_change,1.0,Both baseline and improved names are identical: 'posterior hypothalamic nucleus'.,,,,no_material_change,1.0,Both baseline and improved names are identical: 'posterior hypothalamic nucleus'.,
296,species,Posterior thalamic nucleus,llm_accept_top1,HOMBA:10440,posterior nucleus of thalamus,HOMBA:10440,posterior nucleus of thalamus,no_material_change,1.0,Both baseline and improved names are identical: 'posterior nucleus of thalamus'.,,,,no_material_change,1.0,Both baseline and improved names are identical: 'posterior nucleus of thalamus'.,
297,species,Postrhinal cortex,llm_accept_top1,HOMBA:10263,posterior parahippocampal region (postrhinal cortex),HOMBA:10263,posterior parahippocampal region (postrhinal cortex),no_material_change,1.0,Both baseline and improved names are identical: 'posterior parahippocampal region (postrhinal cortex)'.,,,,no_material_change,1.0,Both baseline and improved names are identical: 'posterior parahippocampal region (postrhinal cortex)'.,
298,species,Precommissural nucleus,llm_accept_top1,HOMBA:12287,precommissural nucleus,HOMBA:12287,precommissural nucleus,no_material_change,1.0,Both baseline and improved names are identical: 'precommissural nucleus'.,,,,no_material_change,1.0,Both baseline and improved names are identical: 'precommissural nucleus'.,
299,species,Pregeniculate nucleus,llm_accept_top1,HOMBA:13042,pregeniculate nucleus (ventral lateral geniculate nucleus),HOMBA:13042,pregeniculate nucleus (ventral lateral geniculate nucleus),no_material_change,1.0,Both baseline and improved names are identical: 'pregeniculate nucleus (ventral lateral geniculate nucleus)'.,,,,no_material_change,1.0,Both baseline and improved names are identical: 'pregeniculate nucleus (ventral lateral geniculate nucleus)'.,
300,species,Prelunate gyrus,llm_accept_top1,HOMBA:AA30555,prelunate gyrus,HOMBA:AA30555,prelunate gyrus,no_material_change,1.0,Both baseline and improved names are identical: 'prelunate gyrus'.,,,,no_material_change,1.0,Both baseline and improved names are identical: 'prelunate gyrus'.,
301,species,Prepositus Nucleus,llm_accept_top1,HOMBA:12615,prepositus hypoglossal nucleus,HOMBA:12615,prepositus hypoglossal nucleus,no_material_change,1.0,Both baseline and improved names refer to the same structure; 'prepositus hypoglossal nucleus' is a synonym for Prepositus Nucleus.,,,,no_material_change,1.0,Both baseline and improved names refer to the same structure; 'prepositus hypoglossal nucleus' is a synonym for Prepositus Nucleus.,
302,species,Prerubral Field,llm_accept_top1,HOMBA:AA30325,prerubral field (field H3),HOMBA:AA30325,prerubral field (field H3),no_material_change,1.0,Both baseline and improved names are identical: 'prerubral field (field H3)'.,,,,no_material_change,1.0,Both baseline and improved names are identical: 'prerubral field (field H3)'.,
303,species,Presubiculum,llm_accept_top1,HOMBA:10315,presubiculum (presubicular cortex),HOMBA:10315,presubiculum (presubicular cortex),no_material_change,1.0,Both baseline and improved names are identical: 'presubiculum (presubicular cortex)'.,,,,no_material_change,1.0,Both baseline and improved names are identical: 'presubiculum (presubicular cortex)'.,
304,species,Pretectal region,llm_accept_top1,HOMBA:12181,pretectal region,HOMBA:12181,pretectal region,no_material_change,1.0,Both baseline and improved names are identical: 'pretectal region'.,,,,no_material_change,1.0,Both baseline and improved names are identical: 'pretectal region'.,
305,species,Primary auditory area,llm_accept_top1,HOMBA:10236,"primary auditory cortex (first auditory cortex, auditory core region)",HOMBA:10236,"primary auditory cortex (first auditory cortex, auditory core region)",no_material_change,1.0,Baseline and improved candidate names are identical; no material change.,,,,no_material_change,1.0,Baseline and improved candidate names are identical; no material change.,
306,species,Primary motor area,llm_accept_top1,HOMBA:10163,"primary motor cortex (first motor cortex, area 4, area FA)",HOMBA:10163,"primary motor cortex (first motor cortex, area 4, area FA)",no_material_change,1.0,Baseline and improved candidate names are identical; no material change.,,,,no_material_change,1.0,Baseline and improved candidate names are identical; no material change.,
307,species,Primary visual area,llm_accept_top1,HOMBA:10269,"primary visual cortex (first visual cortex, striate cortex, area 17, area OC)",HOMBA:10269,"primary visual cortex (first visual cortex, striate cortex, area 17, area OC)",no_material_change,1.0,Baseline and improved candidate names are identical; no material change.,,,,no_material_change,1.0,Baseline and improved candidate names are identical; no material change.,
308,species,Principal Trigeminal Nucleus,llm_accept_top1,HOMBA:12444,principal sensory nucleus of trigeminal nerve,HOMBA:12444,principal sensory nucleus of trigeminal nerve,no_material_change,1.0,Baseline and improved candidate names are identical; no material change.,,,,no_material_change,1.0,Baseline and improved candidate names are identical; no material change.,
309,species,Putamen,llm_accept_top1,HOMBA:10338,putamen (lateroventral division of the CP),HOMBA:10338,putamen (lateroventral division of the CP),no_material_change,1.0,Baseline and improved candidate names are identical; no material change.,,,,no_material_change,1.0,Baseline and improved candidate names are identical; no material change.,
310,species,Pyramidal decussation,llm_accept_top1,HOMBA:12772,pyramidal decussation,HOMBA:12772,pyramidal decussation,no_material_change,1.0,Baseline and improved candidates are identical; no material change.,,,,no_material_change,1.0,Baseline and improved candidates are identical; no material change.,
311,species,Pyramidal Tract,llm_accept_top1,HOMBA:12773,pyramidal tract,HOMBA:12773,pyramidal tract,no_material_change,1.0,Baseline and improved candidates are identical; no material change.,,,,no_material_change,1.0,Baseline and improved candidates are identical; no material change.,
312,species,Raphe Magnus Nucleus,llm_accept_top1,HOMBA:12642,raphe magnus nucleus,HOMBA:12642,raphe magnus nucleus,no_material_change,1.0,Baseline and improved candidates are identical; no material change.,,,,no_material_change,1.0,Baseline and improved candidates are identical; no material change.,
313,species,Raphe Obscurus Nucleus,llm_accept_top1,HOMBA:12643,raphe obscurus nucleus,HOMBA:12643,raphe obscurus nucleus,no_material_change,1.0,Baseline and improved candidates are identical; no material change.,,,,no_material_change,1.0,Baseline and improved candidates are identical; no material change.,
314,species,Red nucleus,llm_accept_top1,HOMBA:12247,red nucleus,HOMBA:12247,red nucleus,no_material_change,1.0,Baseline and improved candidates are identical; no material change.,,,,no_material_change,1.0,Baseline and improved candidates are identical; no material change.,
315,species,Reticular thalamic nucleus,llm_accept_top1,HOMBA:10464,reticular nucleus of thalamus,HOMBA:10464,reticular nucleus of thalamus,no_material_change,1.0,"Baseline and improved names are identical ('reticular nucleus of thalamus'), both matching the query 'Reticular thalamic nucleus' equivalently.",,,,no_material_change,1.0,"Baseline and improved names are identical ('reticular nucleus of thalamus'), both matching the query 'Reticular thalamic nucleus' equivalently.",
316,species,Reticular Thalamus,llm_accept_top1,HOMBA:10464,reticular nucleus of thalamus,HOMBA:10464,reticular nucleus of thalamus,no_material_change,1.0,"Baseline and improved names are identical ('reticular nucleus of thalamus'), both matching the query 'Reticular Thalamus' equivalently.",,,,no_material_change,1.0,"Baseline and improved names are identical ('reticular nucleus of thalamus'), both matching the query 'Reticular Thalamus' equivalently.",
317,species,Reticulotegmentum,llm_accept_top1,HOMBA:12497,reticulotegmental nucleus,HOMBA:12497,reticulotegmental nucleus,no_material_change,1.0,"Baseline and improved names are identical ('reticulotegmental nucleus'), both matching the query 'Reticulotegmentum' equivalently.",,,,no_material_change,1.0,"Baseline and improved names are identical ('reticulotegmental nucleus'), both matching the query 'Reticulotegmentum' equivalently.",
318,species,Retroisthmic Nucleus,llm_accept_top1,HOMBA:12289,retrorubral field (retroisthmic nucleus),HOMBA:12289,retrorubral field (retroisthmic nucleus),no_material_change,1.0,"Baseline and improved names are identical ('retrorubral field (retroisthmic nucleus)'), both matching the query 'Retroisthmic Nucleus' equivalently.",,,,no_material_change,1.0,"Baseline and improved names are identical ('retrorubral field (retroisthmic nucleus)'), both matching the query 'Retroisthmic Nucleus' equivalently.",
319,species,Retrorubral Field,llm_accept_top1,HOMBA:12289,retrorubral field (retroisthmic nucleus),HOMBA:12289,retrorubral field (retroisthmic nucleus),no_material_change,1.0,"Baseline and improved names are identical ('retrorubral field (retroisthmic nucleus)'), both matching the query 'Retrorubral Field' equivalently.",,,,no_material_change,1.0,"Baseline and improved names are identical ('retrorubral field (retroisthmic nucleus)'), both matching the query 'Retrorubral Field' equivalently.",
320,species,Reuniens thalamic nucleus,llm_accept_top1,HOMBA:10403,reuniens (medioventral) nucleus of thalamus,HOMBA:10403,reuniens (medioventral) nucleus of thalamus,no_material_change,1.0,Both baseline and improved candidates are identical: 'reuniens (medioventral) nucleus of thalamus'.,,,,no_material_change,1.0,Both baseline and improved candidates are identical: 'reuniens (medioventral) nucleus of thalamus'.,
321,species,Rhomboid thalamic nucleus,llm_accept_top1,HOMBA:10447,rhomboid (central) nucleus of thalamus,HOMBA:10447,rhomboid (central) nucleus of thalamus,no_material_change,1.0,Both baseline and improved candidates are identical: 'rhomboid (central) nucleus of thalamus'.,,,,no_material_change,1.0,Both baseline and improved candidates are identical: 'rhomboid (central) nucleus of thalamus'.,
322,species,Secondary somatosensory area,llm_accept_top1,HOMBA:13010,subcentral cortex (area 43; secondary somatosensory cortex),HOMBA:13010,subcentral cortex (area 43; secondary somatosensory cortex),no_material_change,1.0,Both baseline and improved candidates are identical: 'subcentral cortex (area 43; secondary somatosensory cortex)'.,,,,no_material_change,1.0,Both baseline and improved candidates are identical: 'subcentral cortex (area 43; secondary somatosensory cortex)'.,
323,species,Septal region,llm_accept_top1,HOMBA:10350,septal region (septal nuclear complex),HOMBA:10350,septal region (septal nuclear complex),no_material_change,1.0,Both baseline and improved candidates are identical: 'septal region (septal nuclear complex)'.,,,,no_material_change,1.0,Both baseline and improved candidates are identical: 'septal region (septal nuclear complex)'.,
324,species,Simple Lobule,llm_accept_top1,HOMBA:AA30408,lobule VI (simple lobule),HOMBA:AA30408,lobule VI (simple lobule),no_material_change,1.0,Both baseline and improved candidates are identical: 'lobule VI (simple lobule)'.,,,,no_material_change,1.0,Both baseline and improved candidates are identical: 'lobule VI (simple lobule)'.,
325,species,Solitary Tract Nucleus,llm_accept_top1,HOMBA:12557,solitary nucleus,HOMBA:12557,solitary nucleus,no_material_change,1.0,Baseline and improved candidate names are identical ('solitary nucleus').,,,,no_material_change,1.0,Baseline and improved candidate names are identical ('solitary nucleus').,
326,species,Spinal cord,llm_accept_top1,HOMBA:AA30565,spinal cord,HOMBA:AA30565,spinal cord,no_material_change,1.0,Baseline and improved candidate names are identical ('spinal cord').,,,,no_material_change,1.0,Baseline and improved candidate names are identical ('spinal cord').,
327,species,Spinal trigeminal nucleus,llm_accept_top1,HOMBA:12572,spinal trigeminal nucleus,HOMBA:12572,spinal trigeminal nucleus,no_material_change,1.0,Baseline and improved candidate names are identical ('spinal trigeminal nucleus').,,,,no_material_change,1.0,Baseline and improved candidate names are identical ('spinal trigeminal nucleus').,
328,species,Spinal Trigeminal Nucleus Caudal,llm_accept_top1,HOMBA:12573,"spinal trigeminal nucleus, caudal division",HOMBA:12573,"spinal trigeminal nucleus, caudal division",no_material_change,1.0,"Baseline and improved candidate names are identical ('spinal trigeminal nucleus, caudal division').",,,,no_material_change,1.0,"Baseline and improved candidate names are identical ('spinal trigeminal nucleus, caudal division').",
329,species,Spinal trigeminal tract,llm_accept_top1,HOMBA:12792,spinal trigeminal tract,HOMBA:12792,spinal trigeminal tract,no_material_change,1.0,Baseline and improved candidate names are identical ('spinal trigeminal tract').,,,,no_material_change,1.0,Baseline and improved candidate names are identical ('spinal trigeminal tract').,
330,species,Stria terminalis,llm_accept_top1,HOMBA:10591,stria terminalis,HOMBA:10591,stria terminalis,no_material_change,1.0,"Both baseline and improved names are identical (stria terminalis), indicating no material change.",,,,no_material_change,1.0,"Both baseline and improved names are identical (stria terminalis), indicating no material change.",
331,species,Striatum,llm_accept_top1,HOMBA:10333,striatum (neostriatum),HOMBA:10333,striatum (neostriatum),no_material_change,1.0,"Both baseline and improved names are identical (striatum (neostriatum)), indicating no material change.",,,,no_material_change,1.0,"Both baseline and improved names are identical (striatum (neostriatum)), indicating no material change.",
332,species,Subceruleus,llm_accept_top1,HOMBA:12500,subcoeruleus nucleus,HOMBA:12500,subcoeruleus nucleus,no_material_change,1.0,"Both baseline and improved names are identical (subcoeruleus nucleus), indicating no material change.",,,,no_material_change,1.0,"Both baseline and improved names are identical (subcoeruleus nucleus), indicating no material change.",
333,species,Subgeniculate nucleus,llm_accept_top1,HOMBA:AA30324,subgeniculate nucleus,HOMBA:AA30324,subgeniculate nucleus,no_material_change,1.0,"Both baseline and improved names are identical (subgeniculate nucleus), indicating no material change.",,,,no_material_change,1.0,"Both baseline and improved names are identical (subgeniculate nucleus), indicating no material change.",
334,species,Subicular complex,llm_accept_top1,HOMBA:266441673,subicular complex,HOMBA:266441673,subicular complex,no_material_change,1.0,"Both baseline and improved names are identical (subicular complex), indicating no material change.",,,,no_material_change,1.0,"Both baseline and improved names are identical (subicular complex), indicating no material change.",
335,species,Subiculum,llm_accept_top1,HOMBA:10302,subiculum proper (strictly defined subiculum),HOMBA:10302,subiculum proper (strictly defined subiculum),no_material_change,1.0,Baseline and improved candidates are identical and correctly match the query.,,,,no_material_change,1.0,Baseline and improved candidates are identical and correctly match the query.,
336,species,Submedius thalamic nucleus,llm_accept_top1,HOMBA:AA30278,submedius thalamic nucleus,HOMBA:AA30278,submedius thalamic nucleus,no_material_change,1.0,Baseline and improved candidates are identical and correctly match the query.,,,,no_material_change,1.0,Baseline and improved candidates are identical and correctly match the query.,
337,species,Subparafascicular Nucleus,llm_accept_top1,HOMBA:13054,subparafascicular nucleus of thalamus,HOMBA:13054,subparafascicular nucleus of thalamus,no_material_change,1.0,Baseline and improved candidates are identical and correctly match the query.,,,,no_material_change,1.0,Baseline and improved candidates are identical and correctly match the query.,
338,species,Subparafascicular nucleus,llm_accept_top1,HOMBA:13054,subparafascicular nucleus of thalamus,HOMBA:13054,subparafascicular nucleus of thalamus,no_material_change,1.0,Baseline and improved candidates are identical and correctly match the query.,,,,no_material_change,1.0,Baseline and improved candidates are identical and correctly match the query.,
339,species,Substantia nigra,llm_accept_top1,HOMBA:12251,substantia nigra,HOMBA:12251,substantia nigra,no_material_change,1.0,Baseline and improved candidates are identical and correctly match the query.,,,,no_material_change,1.0,Baseline and improved candidates are identical and correctly match the query.,
340,species,Substantia nigra (compact part),llm_accept_top1,HOMBA:12252,"substantia nigra, compact division",HOMBA:12252,"substantia nigra, compact division",no_material_change,1.0,Baseline and improved candidates are identical; no material change.,,,,no_material_change,1.0,Baseline and improved candidates are identical; no material change.,
341,species,Substantia nigra (lateral part),llm_accept_top1,HOMBA:12257,"substantia nigra, lateral division",HOMBA:12257,"substantia nigra, lateral division",no_material_change,1.0,Baseline and improved candidates are identical; no material change.,,,,no_material_change,1.0,Baseline and improved candidates are identical; no material change.,
342,species,Substantia nigra (reticular part),llm_accept_top1,HOMBA:12259,"substantia nigra, reticular division",HOMBA:12259,"substantia nigra, reticular division",no_material_change,1.0,Baseline and improved candidates are identical; no material change.,,,,no_material_change,1.0,Baseline and improved candidates are identical; no material change.,
343,species,"Substantia nigra, compact part",llm_accept_top1,HOMBA:12252,"substantia nigra, compact division",HOMBA:12252,"substantia nigra, compact division",no_material_change,1.0,Baseline and improved candidates are identical; no material change.,,,,no_material_change,1.0,Baseline and improved candidates are identical; no material change.,
344,species,"Substantia nigra, lateral part",llm_accept_top1,HOMBA:12257,"substantia nigra, lateral division",HOMBA:12257,"substantia nigra, lateral division",no_material_change,1.0,Baseline and improved candidates are identical; no material change.,,,,no_material_change,1.0,Baseline and improved candidates are identical; no material change.,
345,species,"Substantia nigra, reticular part",llm_accept_top1,HOMBA:12259,"substantia nigra, reticular division",HOMBA:12259,"substantia nigra, reticular division",no_material_change,1.0,"Both baseline and improved candidates are identical and correctly match the query 'Substantia nigra, reticular part'.",,,,no_material_change,1.0,"Both baseline and improved candidates are identical and correctly match the query 'Substantia nigra, reticular part'.",
346,species,Subthalamic nucleus,llm_accept_top1,HOMBA:10466,subthalamic nucleus,HOMBA:10466,subthalamic nucleus,no_material_change,1.0,Both baseline and improved candidates are identical and correctly match the query 'Subthalamic nucleus'.,,,,no_material_change,1.0,Both baseline and improved candidates are identical and correctly match the query 'Subthalamic nucleus'.,
347,species,Superficial gray layer of the superior colliculus,llm_accept_top1,HOMBA:12295,superficial gray layer of superior colliculus,HOMBA:12295,superficial gray layer of superior colliculus,no_material_change,1.0,Both baseline and improved candidates are identical and correctly match the query 'Superficial gray layer of the superior colliculus'.,,,,no_material_change,1.0,Both baseline and improved candidates are identical and correctly match the query 'Superficial gray layer of the superior colliculus'.,
348,species,Superior Cerebellar Peduncle,llm_accept_top1,HOMBA:12354,superior cerebellar peduncle (brachium conjunctivum),HOMBA:12354,superior cerebellar peduncle (brachium conjunctivum),no_material_change,1.0,Both baseline and improved candidates are identical and correctly match the query 'Superior Cerebellar Peduncle'.,,,,no_material_change,1.0,Both baseline and improved candidates are identical and correctly match the query 'Superior Cerebellar Peduncle'.,
349,species,Superior Cerebellar Peduncle Decussation,llm_accept_top1,HOMBA:12337,decussation of superior cerebellar peduncle,HOMBA:12337,decussation of superior cerebellar peduncle,no_material_change,1.0,Both baseline and improved candidates are identical and correctly match the query 'Superior Cerebellar Peduncle Decussation'.,,,,no_material_change,1.0,Both baseline and improved candidates are identical and correctly match the query 'Superior Cerebellar Peduncle Decussation'.,
350,species,Superior colliculus,llm_accept_top1,HOMBA:12292,superior colliculus,HOMBA:12292,superior colliculus,no_material_change,1.0,"Both baseline and improved candidates are identical to the query 'Superior colliculus', representing the same concept.",,,,no_material_change,1.0,"Both baseline and improved candidates are identical to the query 'Superior colliculus', representing the same concept.",
351,species,Superior frontal gyrus,llm_accept_top1,HOMBA:12115,superior frontal gyrus,HOMBA:12115,superior frontal gyrus,no_material_change,1.0,"Both baseline and improved candidates are identical to the query 'Superior frontal gyrus', representing the same concept.",,,,no_material_change,1.0,"Both baseline and improved candidates are identical to the query 'Superior frontal gyrus', representing the same concept.",
352,species,Superior paraolivary nucleus,llm_accept_top1,HOMBA:12463,superior paraolivary nucleus,HOMBA:12463,superior paraolivary nucleus,no_material_change,1.0,"Both baseline and improved candidates are identical to the query 'Superior paraolivary nucleus', representing the same concept.",,,,no_material_change,1.0,"Both baseline and improved candidates are identical to the query 'Superior paraolivary nucleus', representing the same concept.",
353,species,Superior temporal gyrus,llm_accept_top1,HOMBA:12140,superior temporal gyrus,HOMBA:12140,superior temporal gyrus,no_material_change,1.0,"Both baseline and improved candidates are identical to the query 'Superior temporal gyrus', representing the same concept.",,,,no_material_change,1.0,"Both baseline and improved candidates are identical to the query 'Superior temporal gyrus', representing the same concept.",
354,species,Suprageniculate nucleus,llm_accept_top1,HOMBA:13044,suprageniculate nucleus,HOMBA:13044,suprageniculate nucleus,no_material_change,1.0,"Both baseline and improved candidates are identical to the query 'Suprageniculate nucleus', representing the same concept.",,,,no_material_change,1.0,"Both baseline and improved candidates are identical to the query 'Suprageniculate nucleus', representing the same concept.",
355,species,Supraoptic decussation,llm_accept_top1,HOMBA:13216,supraoptic decussation,HOMBA:13216,supraoptic decussation,no_material_change,1.0,Baseline and improved candidates are identical and both match the query exactly.,,,,no_material_change,1.0,Baseline and improved candidates are identical and both match the query exactly.,
356,species,Supraoptic nucleus,llm_accept_top1,HOMBA:10481,supraoptic nucleus,HOMBA:10481,supraoptic nucleus,no_material_change,1.0,Baseline and improved candidates are identical and both match the query exactly.,,,,no_material_change,1.0,Baseline and improved candidates are identical and both match the query exactly.,
357,species,Tail of caudate nucleus,llm_accept_top1,HOMBA:10337,tail of caudate nucleus (caudolateral division of the CP),HOMBA:10337,tail of caudate nucleus (caudolateral division of the CP),no_material_change,1.0,Baseline and improved candidates are identical and both match the query exactly.,,,,no_material_change,1.0,Baseline and improved candidates are identical and both match the query exactly.,
358,species,Temporal pole,llm_accept_top1,HOMBA:12146,temporal pole (temporopolar cortex),HOMBA:12146,temporal pole (temporopolar cortex),no_material_change,1.0,Baseline and improved candidates are identical and both match the query exactly.,,,,no_material_change,1.0,Baseline and improved candidates are identical and both match the query exactly.,
359,species,Third ventricle,llm_accept_top1,HOMBA:10602,third ventricle,HOMBA:10602,third ventricle,no_material_change,1.0,Baseline and improved candidates are identical and both match the query exactly.,,,,no_material_change,1.0,Baseline and improved candidates are identical and both match the query exactly.,
360,species,Transverse Fibers,llm_accept_top1,HOMBA:AA30879,transverse fibers,HOMBA:AA30879,transverse fibers,no_material_change,1.0,"Baseline and improved candidate are identical ('transverse fibers'), matching the query.",,,,no_material_change,1.0,"Baseline and improved candidate are identical ('transverse fibers'), matching the query.",
361,species,Trapezoid body,llm_accept_top1,HOMBA:12796,trapezoid body,HOMBA:12796,trapezoid body,no_material_change,1.0,"Baseline and improved candidate are identical ('trapezoid body'), matching the query.",,,,no_material_change,1.0,"Baseline and improved candidate are identical ('trapezoid body'), matching the query.",
362,species,Ventral anterior thalamic nucleus,llm_accept_top1,HOMBA:10417,ventral anterior nucleus of thalamus,HOMBA:10417,ventral anterior nucleus of thalamus,no_material_change,1.0,"Baseline and improved candidate are identical ('ventral anterior nucleus of thalamus'), which is an equivalent name for the query.",,,,no_material_change,1.0,"Baseline and improved candidate are identical ('ventral anterior nucleus of thalamus'), which is an equivalent name for the query.",
363,species,Ventral endopiriform claustrum,llm_accept_top1,HOMBA:AA30854,ventral endopiriform nucleus,HOMBA:AA30854,ventral endopiriform nucleus,no_material_change,1.0,Baseline and improved candidate are identical ('ventral endopiriform nucleus'); both refer to the same structure as the query.,,,,no_material_change,1.0,Baseline and improved candidate are identical ('ventral endopiriform nucleus'); both refer to the same structure as the query.,
364,species,Ventral hippocampal commissure,llm_accept_top1,HOMBA:12023,ventral hippocampal commissure,HOMBA:12023,ventral hippocampal commissure,no_material_change,1.0,"Baseline and improved candidate are identical ('ventral hippocampal commissure'), matching the query.",,,,no_material_change,1.0,"Baseline and improved candidate are identical ('ventral hippocampal commissure'), matching the query.",
365,species,Ventral pallidum,llm_accept_top1,HOMBA:10345,ventral pallidum,HOMBA:10345,ventral pallidum,no_material_change,1.0,Both baseline and improved candidates are identical ('ventral pallidum') and match the query.,,,,no_material_change,1.0,Both baseline and improved candidates are identical ('ventral pallidum') and match the query.,
366,species,Ventral tegmental area,llm_accept_top1,HOMBA:12261,ventral tegmental area,HOMBA:12261,ventral tegmental area,no_material_change,1.0,Both baseline and improved candidates are identical ('ventral tegmental area') and match the query.,,,,no_material_change,1.0,Both baseline and improved candidates are identical ('ventral tegmental area') and match the query.,
367,species,Ventromedial hypothalamic nucleus,llm_accept_top1,HOMBA:10488,ventromedial hypothalamic nucleus,HOMBA:10488,ventromedial hypothalamic nucleus,no_material_change,1.0,Both baseline and improved candidates are identical ('ventromedial hypothalamic nucleus') and match the query.,,,,no_material_change,1.0,Both baseline and improved candidates are identical ('ventromedial hypothalamic nucleus') and match the query.,
368,species,Xiphoid thalamic nucleus,llm_accept_top1,HOMBA:AA30277,xiphoid thalamic nucleus,HOMBA:AA30277,xiphoid thalamic nucleus,no_material_change,1.0,Both baseline and improved candidates are identical ('xiphoid thalamic nucleus') and match the query.,,,,no_material_change,1.0,Both baseline and improved candidates are identical ('xiphoid thalamic nucleus') and match the query.,
369,species,Dorsal Lateral Geniculate,llm_accept_top1,HOMBA:10429,lateral geniculate nucleus (dorsal lateral geniculate nucleus),HOMBA:10429,lateral geniculate nucleus (dorsal lateral geniculate nucleus),no_material_change,1.0,Both baseline and improved candidates are identical ('lateral geniculate nucleus (dorsal lateral geniculate nucleus)') and match the query.,,,,no_material_change,1.0,Both baseline and improved candidates are identical ('lateral geniculate nucleus (dorsal lateral geniculate nucleus)') and match the query.,
370,species,Ventral posterolateral thalamic nucleus,llm_accept_top1,HOMBA:10424,ventral posterior lateral nucleus,HOMBA:10424,ventral posterior lateral nucleus,no_material_change,1.0,"Baseline and improved names are identical, indicating no material change.",,,,no_material_change,1.0,"Baseline and improved names are identical, indicating no material change.",
371,species,Ventral posteromedial thalamic nucleus,llm_accept_top1,HOMBA:10425,ventral posterior medial nucleus,HOMBA:10425,ventral posterior medial nucleus,no_material_change,1.0,"Baseline and improved names are identical, indicating no material change.",,,,no_material_change,1.0,"Baseline and improved names are identical, indicating no material change.",
372,species,"Lateral lemniscus, unspecified",llm_accept_top1,HOMBA:12760,lateral lemniscus,HOMBA:12760,lateral lemniscus,no_material_change,1.0,"Baseline and improved names are identical, indicating no material change.",,,,no_material_change,1.0,"Baseline and improved names are identical, indicating no material change.",
373,species,"Cingulate gyrus, posterior",llm_accept_top1,HOMBA:10285,posterior cingulate cortex (PCC),HOMBA:10285,posterior cingulate cortex (PCC),no_material_change,1.0,"Baseline and improved names are identical, indicating no material change.",,,,no_material_change,1.0,"Baseline and improved names are identical, indicating no material change.",
374,species,"Frontal orbital cortex, lateral",llm_accept_top1,HOMBA:10205,"lateral orbital frontal cortex (OFCl, area 12/47)",HOMBA:10205,"lateral orbital frontal cortex (OFCl, area 12/47)",no_material_change,1.0,"Baseline and improved names are identical, indicating no material change.",,,,no_material_change,1.0,"Baseline and improved names are identical, indicating no material change.",
375,species,"Frontal orbital cortex, medial",llm_accept_top1,HOMBA:10195,medial orbital frontal cortex (area 14),HOMBA:10195,medial orbital frontal cortex (area 14),no_material_change,1.0,Both baseline and improved candidates are identical: 'medial orbital frontal cortex (area 14)'.,,,,no_material_change,1.0,Both baseline and improved candidates are identical: 'medial orbital frontal cortex (area 14)'.,
376,species,"Medial lemniscus, unspecified",llm_accept_top1,HOMBA:12763,medial lemniscus,HOMBA:12763,medial lemniscus,no_material_change,1.0,Both baseline and improved candidates are identical: 'medial lemniscus'.,,,,no_material_change,1.0,Both baseline and improved candidates are identical: 'medial lemniscus'.,
377,species,Sensory Root of the Trigeminal Nerve,llm_accept_top1,HOMBA:12867,sensory root of trigeminal nerve,HOMBA:12867,sensory root of trigeminal nerve,no_material_change,1.0,Both baseline and improved candidates are identical: 'sensory root of trigeminal nerve'.,,,,no_material_change,1.0,Both baseline and improved candidates are identical: 'sensory root of trigeminal nerve'.,
378,species,External globus pallidus,llm_accept_top1,HOMBA:10343,external division of globus pallidus,HOMBA:10343,external division of globus pallidus,no_material_change,1.0,Both baseline and improved candidates are identical: 'external division of globus pallidus'.,,,,no_material_change,1.0,Both baseline and improved candidates are identical: 'external division of globus pallidus'.,
379,species,Lateral ventricle,llm_accept_top1,HOMBA:10598,body of lateral ventricles,HOMBA:10598,body of lateral ventricles,no_material_change,1.0,Both baseline and improved candidates are identical: 'body of lateral ventricles'.,,,,no_material_change,1.0,Both baseline and improved candidates are identical: 'body of lateral ventricles'.,
380,species,Medial Geniculate,llm_accept_top1,HOMBA:10434,medial geniculate nucleus,HOMBA:10434,medial geniculate nucleus,no_material_change,1.0,"Baseline and improved candidates are identical, representing the same concept.",,,,no_material_change,1.0,"Baseline and improved candidates are identical, representing the same concept.",
381,species,"Inferior colliculus, external cortex",llm_accept_top1,HOMBA:12308,external shell (cortex) of inferior colliculus,HOMBA:12308,external shell (cortex) of inferior colliculus,no_material_change,1.0,"Baseline and improved candidates are identical, representing the same concept.",,,,no_material_change,1.0,"Baseline and improved candidates are identical, representing the same concept.",
382,species,Medial lemniscus decussation,llm_accept_top1,HOMBA:12732,decussation of medial lemniscus,HOMBA:12732,decussation of medial lemniscus,no_material_change,1.0,"Baseline and improved candidates are identical, representing the same concept.",,,,no_material_change,1.0,"Baseline and improved candidates are identical, representing the same concept.",
383,species,"Lateral lemniscus, dorsal nucleus",llm_accept_top1,HOMBA:12455,dorsal nucleus of lateral lemniscus,HOMBA:12455,dorsal nucleus of lateral lemniscus,no_material_change,1.0,"Baseline and improved candidates are identical, representing the same concept.",,,,no_material_change,1.0,"Baseline and improved candidates are identical, representing the same concept.",
384,species,"Lateral lemniscus, intermediate nucleus",llm_accept_top1,HOMBA:12456,intermediate nucleus of lateral lemniscus,HOMBA:12456,intermediate nucleus of lateral lemniscus,no_material_change,1.0,"Baseline and improved candidates are identical, representing the same concept.",,,,no_material_change,1.0,"Baseline and improved candidates are identical, representing the same concept.",
385,species,"Lateral lemniscus, ventral nucleus",llm_accept_top1,HOMBA:12457,ventral nucleus of lateral lemniscus,HOMBA:12457,ventral nucleus of lateral lemniscus,no_material_change,1.0,Both candidates are identical and correctly match the query.,,,,no_material_change,1.0,Both candidates are identical and correctly match the query.,
386,species,Brachium Superior Colliculus,llm_accept_top1,HOMBA:12328,brachium of superior colliculus,HOMBA:12328,brachium of superior colliculus,no_material_change,1.0,Both candidates are identical and correctly match the query.,,,,no_material_change,1.0,Both candidates are identical and correctly match the query.,
387,species,Amygdalostriatal Transition,llm_accept_top1,HOMBA:10381,amygdalostriatal transition area,HOMBA:10381,amygdalostriatal transition area,no_material_change,1.0,Both candidates are identical and correctly match the query.,,,,no_material_change,1.0,Both candidates are identical and correctly match the query.,
388,species,Commissure of the superior colliculus,llm_accept_top1,HOMBA:AA30487,commissure of superior colliculus,HOMBA:AA30487,commissure of superior colliculus,no_material_change,1.0,Both candidates are identical and correctly match the query.,,,,no_material_change,1.0,Both candidates are identical and correctly match the query.,
389,species,Nucleus of the trapezoid body,llm_accept_top1,HOMBA:12458,nucleus of trapezoid body,HOMBA:12458,nucleus of trapezoid body,no_material_change,1.0,Both candidates are identical and correctly match the query.,,,,no_material_change,1.0,Both candidates are identical and correctly match the query.,
390,species,Brachium of the superior colliculus,llm_accept_top1,HOMBA:12328,brachium of superior colliculus,HOMBA:12328,brachium of superior colliculus,no_material_change,1.0,Baseline and improved names are identical or equivalent concepts.,,,,no_material_change,1.0,Baseline and improved names are identical or equivalent concepts.,
391,species,Dorsal raphe,llm_accept_top1,HOMBA:12223,dorsal raphe nucleus,HOMBA:12223,dorsal raphe nucleus,no_material_change,1.0,Baseline and improved names are identical or equivalent concepts.,,,,no_material_change,1.0,Baseline and improved names are identical or equivalent concepts.,
392,species,Bed nucleus of the stria terminalis,llm_accept_top1,HOMBA:10384,bed nucleus of stria terminalis,HOMBA:10384,bed nucleus of stria terminalis,no_material_change,1.0,Baseline and improved names are identical or equivalent concepts.,,,,no_material_change,1.0,Baseline and improved names are identical or equivalent concepts.,
393,species,Accumbens nucleus,llm_accept_top1,HOMBA:10339,nucleus accumbens,HOMBA:10339,nucleus accumbens,no_material_change,1.0,Baseline and improved names are identical or equivalent concepts.,,,,no_material_change,1.0,Baseline and improved names are identical or equivalent concepts.,
394,species,Periaqueductal gray,llm_accept_top1,HOMBA:AA30359,periaqueductal gray region,HOMBA:AA30359,periaqueductal gray region,no_material_change,1.0,Baseline and improved names are identical or equivalent concepts.,,,,no_material_change,1.0,Baseline and improved names are identical or equivalent concepts.,
395,species,Fimbria of the hippocampus,llm_accept_top1,HOMBA:10575,fimbria,HOMBA:10575,fimbria,no_material_change,1.0,"Both baseline and improved candidates are 'fimbria', identical to each other and appropriate for query.",,,,no_material_change,1.0,"Both baseline and improved candidates are 'fimbria', identical to each other and appropriate for query.",
396,species,Lateral Posterior Thalamus,llm_accept_top1,HOMBA:10408,lateral posterior nucleus of thalamus,HOMBA:10408,lateral posterior nucleus of thalamus,no_material_change,1.0,"Both baseline and improved candidates are 'lateral posterior nucleus of thalamus', identical and correct.",,,,no_material_change,1.0,"Both baseline and improved candidates are 'lateral posterior nucleus of thalamus', identical and correct.",
397,species,Ventral Anterior Thalamus,llm_accept_top1,HOMBA:10417,ventral anterior nucleus of thalamus,HOMBA:10417,ventral anterior nucleus of thalamus,no_material_change,1.0,"Both baseline and improved candidates are 'ventral anterior nucleus of thalamus', identical and correct.",,,,no_material_change,1.0,"Both baseline and improved candidates are 'ventral anterior nucleus of thalamus', identical and correct.",
398,corpus,Area 43,llm_reject_top1,HOMBA:AA30017,caudal division of subcentral cortex (area 43),HOMBA:AA30017,caudal division of subcentral cortex (area 43),no_material_change,1.0,"Both baseline and improved candidates are 'caudal division of subcentral cortex (area 43)', identical and appropriate.",,,,no_material_change,1.0,"Both baseline and improved candidates are 'caudal division of subcentral cortex (area 43)', identical and appropriate.",
399,corpus,Middle frontal gyrus (middle),llm_accept_top1,HOMBA:12116,middle frontal gyrus,HOMBA:12116,middle frontal gyrus,no_material_change,1.0,"Both baseline and improved candidates are 'middle frontal gyrus', identical and appropriate.",,,,no_material_change,1.0,"Both baseline and improved candidates are 'middle frontal gyrus', identical and appropriate.",
400,corpus,Vestibular nucleus,llm_reject_top1,HOMBA:12448,vestibular nuclei in pons,HOMBA:12448,vestibular nuclei in pons,no_material_change,1.0,Baseline and improved candidates are identical; no material change.,,,,no_material_change,1.0,Baseline and improved candidates are identical; no material change.,
401,corpus,Ventral posterior internal thalamic nucleus,llm_reject_top1,HOMBA:10423,ventral posterior nuclear complex of thalamus,HOMBA:10423,ventral posterior nuclear complex of thalamus,no_material_change,1.0,Baseline and improved candidates are identical; no material change.,,,,no_material_change,1.0,Baseline and improved candidates are identical; no material change.,
402,corpus,Internal globus pallidus,llm_reject_top1,HOMBA:10342,globus pallidus (paleostriatum),HOMBA:10342,globus pallidus (paleostriatum),no_material_change,1.0,Baseline and improved candidates are identical; no material change.,,,,no_material_change,1.0,Baseline and improved candidates are identical; no material change.,
403,corpus,Anterior nucleus (thalamus),llm_reject_top1,HOMBA:10410,rostral division of pulvinar,HOMBA:10410,rostral division of pulvinar,no_material_change,1.0,Baseline and improved candidates are identical; no material change.,,,,no_material_change,1.0,Baseline and improved candidates are identical; no material change.,
404,species,Basal Nucleus,llm_reject_top1,HOMBA:10332,basal ganglia (basal nuclei),HOMBA:10332,basal ganglia (basal nuclei),no_material_change,1.0,Baseline and improved candidates are identical; no material change.,,,,no_material_change,1.0,Baseline and improved candidates are identical; no material change.,
405,species,"Lateral posterior thalamic nucleus, lateral part",llm_accept_top1,HOMBA:10408,lateral posterior nucleus of thalamus,HOMBA:10408,lateral posterior nucleus of thalamus,no_material_change,1.0,Baseline and improved candidates are identical; no material change.,,,,no_material_change,1.0,Baseline and improved candidates are identical; no material change.,
406,species,"Lateral posterior thalamic nucleus, mediocaudal part",llm_accept_top1,HOMBA:10408,lateral posterior nucleus of thalamus,HOMBA:10408,lateral posterior nucleus of thalamus,no_material_change,1.0,Baseline and improved candidates are identical; no material change.,,,,no_material_change,1.0,Baseline and improved candidates are identical; no material change.,
407,species,"Lateral posterior thalamic nucleus, mediorostral part",llm_accept_top1,HOMBA:10408,lateral posterior nucleus of thalamus,HOMBA:10408,lateral posterior nucleus of thalamus,no_material_change,1.0,Baseline and improved candidates are identical; no material change.,,,,no_material_change,1.0,Baseline and improved candidates are identical; no material change.,
408,species,Vestibular Nucleus,llm_reject_top1,HOMBA:12448,vestibular nuclei in pons,HOMBA:12448,vestibular nuclei in pons,no_material_change,1.0,Baseline and improved candidates are identical; no material change.,,,,no_material_change,1.0,Baseline and improved candidates are identical; no material change.,
409,species,Lateral olfactory tract,llm_reject_top1,HOMBA:10309,nucleus of lateral olfactory tract,HOMBA:10309,nucleus of lateral olfactory tract,no_material_change,1.0,Baseline and improved candidates are identical; no material change.,,,,no_material_change,1.0,Baseline and improved candidates are identical; no material change.,
410,species,Medial parietal cortex,llm_reject_top1,HOMBA:10215,superior medial parietal cortex,HOMBA:10215,superior medial parietal cortex,no_material_change,1.0,Baseline and improved candidate names are identical: 'superior medial parietal cortex'. No material change.,,,,no_material_change,1.0,Baseline and improved candidate names are identical: 'superior medial parietal cortex'. No material change.,
411,species,"Ventral cochlear nucleus, cap area",llm_accept_top1,HOMBA:12439,ventral cochlear nucleus,HOMBA:12439,ventral cochlear nucleus,no_material_change,1.0,Baseline and improved candidate names are identical: 'ventral cochlear nucleus'. No material change.,,,,no_material_change,1.0,Baseline and improved candidate names are identical: 'ventral cochlear nucleus'. No material change.,
412,species,"Inferior colliculus, dorsal cortex",llm_reject_top1,HOMBA:12307,dorsal central nucleus of inferior colliculus,HOMBA:12307,dorsal central nucleus of inferior colliculus,no_material_change,1.0,Baseline and improved candidate names are identical: 'dorsal central nucleus of inferior colliculus'. No material change.,,,,no_material_change,1.0,Baseline and improved candidate names are identical: 'dorsal central nucleus of inferior colliculus'. No material change.,
413,species,"Ventral cochlear nucleus, anterior part",llm_accept_top1,HOMBA:12439,ventral cochlear nucleus,HOMBA:12439,ventral cochlear nucleus,no_material_change,1.0,Baseline and improved candidate names are identical: 'ventral cochlear nucleus'. No material change.,,,,no_material_change,1.0,Baseline and improved candidate names are identical: 'ventral cochlear nucleus'. No material change.,
414,species,Lateral hypothalamic area,llm_reject_top1,HOMBA:10494,"lateral hypothalamic area, tuberal part",HOMBA:10494,"lateral hypothalamic area, tuberal part",no_material_change,1.0,"Baseline and improved candidate names are identical: 'lateral hypothalamic area, tuberal part'. No material change.",,,,no_material_change,1.0,"Baseline and improved candidate names are identical: 'lateral hypothalamic area, tuberal part'. No material change.",
415,species,Posterior interstitial nucleus of the anterior commissure,llm_reject_top1,HOMBA:12194,interstitial nucleus of posterior commissure (nucleus of posterior commissure),HOMBA:12194,interstitial nucleus of posterior commissure (nucleus of posterior commissure),no_material_change,1.0,Both candidates are identical; no material change.,,,,no_material_change,1.0,Both candidates are identical; no material change.,
416,species,Internal globus pallidus,llm_reject_top1,HOMBA:10342,globus pallidus (paleostriatum),HOMBA:10342,globus pallidus (paleostriatum),no_material_change,1.0,Both candidates are identical; no material change.,,,,no_material_change,1.0,Both candidates are identical; no material change.,
417,species,Ansiform Lobule Crus1,llm_reject_top1,HOMBA:AA30411,lobule VII (semilunar-gracile lobule),HOMBA:AA30411,lobule VII (semilunar-gracile lobule),no_material_change,1.0,Both candidates are identical; no material change.,,,,no_material_change,1.0,Both candidates are identical; no material change.,
418,species,Ansiform Lobule Crus2,llm_reject_top1,HOMBA:AA30411,lobule VII (semilunar-gracile lobule),HOMBA:AA30411,lobule VII (semilunar-gracile lobule),no_material_change,1.0,Both candidates are identical; no material change.,,,,no_material_change,1.0,Both candidates are identical; no material change.,
419,species,Posterior intralaminar nucleus,llm_reject_top1,HOMBA:10448,caudal intralaminar nuclei of thalamus,HOMBA:10448,caudal intralaminar nuclei of thalamus,no_material_change,1.0,Both candidates are identical; no material change.,,,,no_material_change,1.0,Both candidates are identical; no material change.,
420,species,"Inferior colliculus, central nucleus",llm_reject_top1,HOMBA:12305,inferior colliculus,HOMBA:12305,inferior colliculus,no_material_change,1.0,"Baseline and improved candidates are identical; both refer to 'inferior colliculus' which is a plausible parent of the query's central nucleus, but no change between them.",,,,no_material_change,1.0,"Baseline and improved candidates are identical; both refer to 'inferior colliculus' which is a plausible parent of the query's central nucleus, but no change between them.",
421,species,"Lateral lemniscus, commissure",llm_accept_top1,HOMBA:12760,lateral lemniscus,HOMBA:12760,lateral lemniscus,no_material_change,1.0,"Baseline and improved candidates are identical; both refer to 'lateral lemniscus' which is a plausible parent of the query's commissure, but no change between them.",,,,no_material_change,1.0,"Baseline and improved candidates are identical; both refer to 'lateral lemniscus' which is a plausible parent of the query's commissure, but no change between them.",
422,species,Medial geniculate complex (medial division),llm_reject_top1,HOMBA:AA30307,medial geniculate nuclear complex,HOMBA:AA30307,medial geniculate nuclear complex,no_material_change,1.0,"Baseline and improved candidates are identical; both refer to 'medial geniculate nuclear complex' which is a plausible overarching structure for the query's medial division, but no change between them.",,,,no_material_change,1.0,"Baseline and improved candidates are identical; both refer to 'medial geniculate nuclear complex' which is a plausible overarching structure for the query's medial division, but no change between them.",
423,corpus,Frontal eye field,llm_accept_top1,HOMBA:AA30010,frontal eye field of premotor cortex,HOMBA:AA30010,frontal eye field of premotor cortex,no_material_change,1.0,"Baseline and improved candidates are identical; both refer to 'frontal eye field of premotor cortex', which is a reasonable match for the query 'Frontal eye field', but no change between them.",,,,no_material_change,1.0,"Baseline and improved candidates are identical; both refer to 'frontal eye field of premotor cortex', which is a reasonable match for the query 'Frontal eye field', but no change between them.",
424,corpus,Fundal superior temporal area,llm_accept_top1,HOMBA:AA30021,medial superior temporal area,HOMBA:AA30021,medial superior temporal area,both_wrong,0.9,"Both candidates are 'medial superior temporal area', which does not match the query 'Fundal superior temporal area'; these are distinct structures in macaque neuroanatomy.",both_wrong,0.95,"Query 'Fundal superior temporal area' refers to the fundus of the superior temporal sulcus (likely area FST). Both baseline and improved candidates map to 'medial superior temporal area', a distinct region. Neither matches the query.",both_wrong,0.95,"Query 'Fundal superior temporal area' refers to the fundus of the superior temporal sulcus (likely area FST). Both baseline and improved candidates map to 'medial superior temporal area', a distinct region. Neither matches the query.",yes
425,corpus,Visual area V3,llm_accept_top1,HOMBA:AA30824,"dorsal third visual area (V3D, V3)",HOMBA:AA30824,"dorsal third visual area (V3D, V3)",no_material_change,1.0,Baseline and improved candidates are identical; no material difference.,,,,no_material_change,1.0,Baseline and improved candidates are identical; no material difference.,
426,corpus,Olfactory cortex,llm_accept_top1,HOMBA:11371,olfactory division of entorhinal cortex,HOMBA:11371,olfactory division of entorhinal cortex,no_material_change,1.0,Baseline and improved candidates are identical; no material difference.,,,,no_material_change,1.0,Baseline and improved candidates are identical; no material difference.,
427,corpus,Middle occipital gyrus,llm_accept_top1,HOMBA:12148,occipital lobe,HOMBA:12148,occipital lobe,no_material_change,1.0,Baseline and improved candidates are identical; no material difference.,,,,no_material_change,1.0,Baseline and improved candidates are identical; no material difference.,
428,corpus,Medial insular area,llm_accept_top1,HOMBA:AA30006,medial division of orbitofrontal insular cortex,HOMBA:AA30006,medial division of orbitofrontal insular cortex,no_material_change,1.0,Baseline and improved candidates are identical; no material difference.,,,,no_material_change,1.0,Baseline and improved candidates are identical; no material difference.,
429,corpus,Visual area V6,llm_accept_top1,HOMBA:267499151,"sixth visual area V6 , part A",HOMBA:267499151,"sixth visual area V6 , part A",no_material_change,1.0,Baseline and improved candidates are identical; no material difference.,,,,no_material_change,1.0,Baseline and improved candidates are identical; no material difference.,
430,corpus,Temporal occipital fusiform cortex,llm_accept_top1,HOMBA:13324,ventrolateral temporal cortex,HOMBA:13324,ventrolateral temporal cortex,no_material_change,1.0,"Baseline and improved candidates are identical (ventrolateral temporal cortex), so no material change.",,,,no_material_change,1.0,"Baseline and improved candidates are identical (ventrolateral temporal cortex), so no material change.",
431,corpus,Parietal opercular cortex,llm_accept_top1,HOMBA:10208,parietal cortex,HOMBA:10208,parietal cortex,no_material_change,1.0,"Baseline and improved candidates are identical (parietal cortex), so no material change.",,,,no_material_change,1.0,"Baseline and improved candidates are identical (parietal cortex), so no material change.",
432,corpus,Anterior pulvinar,llm_accept_top1,HOMBA:10409,pulvinar of thalamus,HOMBA:10409,pulvinar of thalamus,no_material_change,1.0,"Baseline and improved candidates are identical (pulvinar of thalamus), so no material change.",,,,no_material_change,1.0,"Baseline and improved candidates are identical (pulvinar of thalamus), so no material change.",
433,corpus,Frontal orbital cortex (anterior),llm_accept_top1,HOMBA:10194,orbital frontal cortex,HOMBA:10194,orbital frontal cortex,no_material_change,1.0,"Baseline and improved candidates are identical (orbital frontal cortex), so no material change.",,,,no_material_change,1.0,"Baseline and improved candidates are identical (orbital frontal cortex), so no material change.",
434,corpus,Frontal orbital cortex (posterior),llm_accept_top1,HOMBA:10194,orbital frontal cortex,HOMBA:10194,orbital frontal cortex,no_material_change,1.0,"Baseline and improved candidates are identical (orbital frontal cortex), so no material change.",,,,no_material_change,1.0,"Baseline and improved candidates are identical (orbital frontal cortex), so no material change.",
435,corpus,Pre-supplementary motor area (inferior),llm_accept_top1,HOMBA:AA30012,medial division of area 6 (supplementary motor area),HOMBA:AA30012,medial division of area 6 (supplementary motor area),no_material_change,1.0,Baseline and improved candidate names are identical.,,,,no_material_change,1.0,Baseline and improved candidate names are identical.,
436,corpus,Pre-supplementary motor area (superior),llm_accept_top1,HOMBA:AA30012,medial division of area 6 (supplementary motor area),HOMBA:AA30012,medial division of area 6 (supplementary motor area),no_material_change,1.0,Baseline and improved candidate names are identical.,,,,no_material_change,1.0,Baseline and improved candidate names are identical.,
437,corpus,Ventrolateral medulla,llm_accept_top1,HOMBA:10662,myelencephalon (medulla oblongata),HOMBA:10662,myelencephalon (medulla oblongata),no_material_change,1.0,Baseline and improved candidate names are identical.,,,,no_material_change,1.0,Baseline and improved candidate names are identical.,
438,corpus,Vagus (spinal accessory) neurons,llm_accept_top1,HOMBA:AA30587,spinal accessory nucleus,HOMBA:AA30587,spinal accessory nucleus,no_material_change,1.0,Baseline and improved candidate names are identical.,,,,no_material_change,1.0,Baseline and improved candidate names are identical.,
439,corpus,Visual area V7,llm_accept_top1,HOMBA:267499179,seventh visual area V7,HOMBA:267499179,seventh visual area V7,no_material_change,1.0,Baseline and improved candidate names are identical.,,,,no_material_change,1.0,Baseline and improved candidate names are identical.,
440,corpus,Temporal frontal cortex (anterior),llm_accept_top1,HOMBA:10241,rostral division of area 22,HOMBA:10241,rostral division of area 22,no_material_change,1.0,"Baseline and improved candidates are identical, so there is no material change.",,,,no_material_change,1.0,"Baseline and improved candidates are identical, so there is no material change.",
441,corpus,Pedunculopontine tegmentum,llm_accept_top1,HOMBA:12416,pontine tegmentum,HOMBA:12416,pontine tegmentum,no_material_change,1.0,"Baseline and improved candidates are identical, so there is no material change.",,,,no_material_change,1.0,"Baseline and improved candidates are identical, so there is no material change.",
442,corpus,Forel's field H1,llm_accept_top1,HOMBA:10593,thalamic fasciculus (field H1),HOMBA:10593,thalamic fasciculus (field H1),no_material_change,1.0,"Baseline and improved candidates are identical, so there is no material change.",,,,no_material_change,1.0,"Baseline and improved candidates are identical, so there is no material change.",
443,corpus,Forel's field H2,llm_accept_top1,HOMBA:10585,lenticular fasciculus (field H2),HOMBA:10585,lenticular fasciculus (field H2),no_material_change,1.0,"Baseline and improved candidates are identical, so there is no material change.",,,,no_material_change,1.0,"Baseline and improved candidates are identical, so there is no material change.",
444,corpus,Paracentral lobule,llm_accept_top1,HOMBA:12126,"paracentral lobule, rostral part",HOMBA:12126,"paracentral lobule, rostral part",no_material_change,1.0,"Baseline and improved candidates are identical, so there is no material change.",,,,no_material_change,1.0,"Baseline and improved candidates are identical, so there is no material change.",
445,corpus,Occipital fusiform gyrus,llm_accept_top1,HOMBA:AA30549,fusiform (occipitotemporal) gyrus,HOMBA:AA30549,fusiform (occipitotemporal) gyrus,no_material_change,0.95,Both baseline and improved candidates are identical and are a standard synonym for the occipital fusiform gyrus.,,,,no_material_change,0.95,Both baseline and improved candidates are identical and are a standard synonym for the occipital fusiform gyrus.,
446,corpus,Secondary visual cortex,llm_accept_top1,HOMBA:AA30822,dorsolateral extrastriate occipital cortex,HOMBA:AA30823,"dorsal secondary visual cortex (dorsal area 18, dorsal area OB, area 18a)",improved_better,0.8,"Improved candidate directly includes 'secondary visual cortex' and area 18, matching the query more precisely than the baseline term 'dorsolateral extrastriate occipital cortex', which is broader.",,,,improved_better,0.8,"Improved candidate directly includes 'secondary visual cortex' and area 18, matching the query more precisely than the baseline term 'dorsolateral extrastriate occipital cortex', which is broader.",
447,corpus,Frontal medial cortex,llm_accept_top1,HOMBA:10195,medial orbital frontal cortex (area 14),HOMBA:10195,medial orbital frontal cortex (area 14),no_material_change,0.95,Both candidates are identical and represent a specific subregion of the frontal medial cortex; no meaningful difference.,,,,no_material_change,0.95,Both candidates are identical and represent a specific subregion of the frontal medial cortex; no meaningful difference.,
448,corpus,Reticular perithalamic nucleus,llm_accept_top1,HOMBA:10464,reticular nucleus of thalamus,HOMBA:10464,reticular nucleus of thalamus,no_material_change,0.95,Both candidates are identical and are a standard synonym for the reticular perithalamic nucleus.,,,,no_material_change,0.95,Both candidates are identical and are a standard synonym for the reticular perithalamic nucleus.,
449,corpus,Temporal frontal cortex (posterior),llm_accept_top1,HOMBA:AA30009,frontal motor cortex (posterior frontal cortex),HOMBA:AA30009,frontal motor cortex (posterior frontal cortex),both_wrong,0.9,"Neither candidate matches the query; the query specifies 'temporal frontal cortex (posterior)', while both candidates refer to 'frontal motor cortex (posterior frontal cortex)', which is a different region.",both_wrong,0.95,"Query 'Temporal frontal cortex (posterior)' mentions temporal/frontal crossover. Both baseline and improved candidates map to purely frontal 'frontal motor cortex (posterior frontal cortex)', which ignores the temporal component and is an incorrect mapping.",both_wrong,0.95,"Query 'Temporal frontal cortex (posterior)' mentions temporal/frontal crossover. Both baseline and improved candidates map to purely frontal 'frontal motor cortex (posterior frontal cortex)', which ignores the temporal component and is an incorrect mapping.",yes
450,corpus,Superior parietal gyrus,llm_accept_top1,HOMBA:12131,parietal lobe,HOMBA:12133,superior parietal lobule (gyrus),improved_better,0.9,"Improved candidate 'superior parietal lobule (gyrus)' is more specific and matches query 'Superior parietal gyrus' exactly, while baseline 'parietal lobe' is a broader region.",,,,improved_better,0.9,"Improved candidate 'superior parietal lobule (gyrus)' is more specific and matches query 'Superior parietal gyrus' exactly, while baseline 'parietal lobe' is a broader region.",
451,corpus,Angular gyrus (anterior),llm_accept_top1,HOMBA:12136,angular gyrus,HOMBA:12136,angular gyrus,no_material_change,1.0,"Both baseline and improved are 'angular gyrus', same concept as query 'Angular gyrus (anterior)'.",,,,no_material_change,1.0,"Both baseline and improved are 'angular gyrus', same concept as query 'Angular gyrus (anterior)'.",
452,corpus,Angular gyrus (posterior),llm_accept_top1,HOMBA:12136,angular gyrus,HOMBA:12136,angular gyrus,no_material_change,1.0,"Both baseline and improved are 'angular gyrus', same concept as query 'Angular gyrus (posterior)'.",,,,no_material_change,1.0,"Both baseline and improved are 'angular gyrus', same concept as query 'Angular gyrus (posterior)'.",
453,corpus,CA4 (dentate hilus),llm_accept_top1,HOMBA:10300,CA4 region of hippocampus,HOMBA:10300,CA4 region of hippocampus,no_material_change,1.0,"Both baseline and improved are 'CA4 region of hippocampus', same concept as query 'CA4 (dentate hilus)'.",,,,no_material_change,1.0,"Both baseline and improved are 'CA4 region of hippocampus', same concept as query 'CA4 (dentate hilus)'.",
454,corpus,Cerebellar cortex (granular layer),llm_accept_top1,HOMBA:10657,cerebellar cortex,HOMBA:10657,cerebellar cortex,no_material_change,1.0,"Both baseline and improved are 'cerebellar cortex', same concept as query 'Cerebellar cortex (granular layer)'.",,,,no_material_change,1.0,"Both baseline and improved are 'cerebellar cortex', same concept as query 'Cerebellar cortex (granular layer)'.",
455,corpus,Corticospinal tract (pyramids),llm_accept_top1,HOMBA:12047,corticospinal tract,HOMBA:12047,corticospinal tract,no_material_change,1.0,"Baseline and improved names are identical: 'corticospinal tract'. Query qualifier '(pyramids)' is not reflected in the name, but the core concept is the same within the ontology context.",,,,no_material_change,1.0,"Baseline and improved names are identical: 'corticospinal tract'. Query qualifier '(pyramids)' is not reflected in the name, but the core concept is the same within the ontology context.",
456,corpus,Edinger-Westphal nucleus (preganglionic),llm_accept_top1,HOMBA:12197,Edinger-Westphal nucleus (accessory oculomotor nucleus),HOMBA:12197,Edinger-Westphal nucleus (accessory oculomotor nucleus),no_material_change,1.0,"Baseline and improved names are identical: 'Edinger-Westphal nucleus (accessory oculomotor nucleus)'. The query qualifier '(preganglionic)' differs from the parenthetical in the name, but the main structure is equivalent.",,,,no_material_change,1.0,"Baseline and improved names are identical: 'Edinger-Westphal nucleus (accessory oculomotor nucleus)'. The query qualifier '(preganglionic)' differs from the parenthetical in the name, but the main structure is equivalent.",
457,corpus,Fornix (anterior columns),llm_accept_top1,HOMBA:10576,fornix,HOMBA:10576,fornix,no_material_change,1.0,"Baseline and improved names are identical: 'fornix'. Query qualifier '(anterior columns)' specifies a subregion, but the name represents the whole structure; no material difference between candidates.",,,,no_material_change,1.0,"Baseline and improved names are identical: 'fornix'. Query qualifier '(anterior columns)' specifies a subregion, but the name represents the whole structure; no material difference between candidates.",
458,corpus,Frontal pole (lateral),llm_accept_top1,HOMBA:146034888,frontal pole,HOMBA:146034888,frontal pole,no_material_change,1.0,"Baseline and improved names are identical: 'frontal pole'. Query qualifier '(lateral)' is not in the name, but the core structure is the same; candidates are unchanged.",,,,no_material_change,1.0,"Baseline and improved names are identical: 'frontal pole'. Query qualifier '(lateral)' is not in the name, but the core structure is the same; candidates are unchanged.",
459,corpus,Frontal pole (medial),llm_accept_top1,HOMBA:146034888,frontal pole,HOMBA:146034888,frontal pole,no_material_change,1.0,"Baseline and improved names are identical: 'frontal pole'. Query qualifier '(medial)' is not in the name, but the core structure is the same; candidates are unchanged.",,,,no_material_change,1.0,"Baseline and improved names are identical: 'frontal pole'. Query qualifier '(medial)' is not in the name, but the core structure is the same; candidates are unchanged.",
460,corpus,Inferior frontal gyrus (anterior),llm_accept_top1,HOMBA:12117,inferior frontal gyrus,HOMBA:12117,inferior frontal gyrus,no_material_change,1.0,"Both baseline and improved candidates are identical ('inferior frontal gyrus'), so there is no material change.",,,,no_material_change,1.0,"Both baseline and improved candidates are identical ('inferior frontal gyrus'), so there is no material change.",
461,corpus,Inferior frontal gyrus (orbital part),llm_accept_top1,HOMBA:12117,inferior frontal gyrus,HOMBA:12117,inferior frontal gyrus,no_material_change,1.0,"Both baseline and improved candidates are identical ('inferior frontal gyrus'), so there is no material change.",,,,no_material_change,1.0,"Both baseline and improved candidates are identical ('inferior frontal gyrus'), so there is no material change.",
462,corpus,Inferior frontal gyrus (pars opercularis),llm_accept_top1,HOMBA:12117,inferior frontal gyrus,HOMBA:12117,inferior frontal gyrus,no_material_change,1.0,"Both baseline and improved candidates are identical ('inferior frontal gyrus'), so there is no material change.",,,,no_material_change,1.0,"Both baseline and improved candidates are identical ('inferior frontal gyrus'), so there is no material change.",
463,corpus,Inferior frontal gyrus (pars orbitalis),llm_accept_top1,HOMBA:12117,inferior frontal gyrus,HOMBA:12117,inferior frontal gyrus,no_material_change,1.0,"Both baseline and improved candidates are identical ('inferior frontal gyrus'), so there is no material change.",,,,no_material_change,1.0,"Both baseline and improved candidates are identical ('inferior frontal gyrus'), so there is no material change.",
464,corpus,Inferior frontal gyrus (pars triangularis),llm_accept_top1,HOMBA:12117,inferior frontal gyrus,HOMBA:12117,inferior frontal gyrus,no_material_change,1.0,"Both baseline and improved candidates are identical ('inferior frontal gyrus'), so there is no material change.",,,,no_material_change,1.0,"Both baseline and improved candidates are identical ('inferior frontal gyrus'), so there is no material change.",
465,corpus,Inferior temporal gyrus (anterior),llm_accept_top1,HOMBA:12142,inferior temporal gyrus,HOMBA:12142,inferior temporal gyrus,needs_human_review,0.7,"Query specifies 'anterior' subregion of inferior temporal gyrus, but both baseline and improved return the whole structure. Without knowledge of ontology granularity, it is unclear if this is a correct match or a miss.",no_material_change,0.98,"Both candidates are 'inferior temporal gyrus', which correctly matches the core structure. The query's parenthesized 'anterior' modifier does not change the overall match, and the two candidate names are identical.",no_material_change,0.98,"Both candidates are 'inferior temporal gyrus', which correctly matches the core structure. The query's parenthesized 'anterior' modifier does not change the overall match, and the two candidate names are identical.",yes
466,corpus,Inferior temporal gyrus (posterior),llm_accept_top1,HOMBA:12142,inferior temporal gyrus,HOMBA:12142,inferior temporal gyrus,needs_human_review,0.7,"Query specifies 'posterior' subregion of inferior temporal gyrus, but both return the whole structure. Ambiguous whether subregion is available in ontology.",no_material_change,0.98,"Both candidates are 'inferior temporal gyrus', correctly matching the core structure. The query's 'posterior' modifier is a subregion specifier; the candidate names are identical.",no_material_change,0.98,"Both candidates are 'inferior temporal gyrus', correctly matching the core structure. The query's 'posterior' modifier is a subregion specifier; the candidate names are identical.",yes
467,corpus,Inferior temporal gyrus (temporo-occipital),llm_accept_top1,HOMBA:12142,inferior temporal gyrus,HOMBA:12142,inferior temporal gyrus,needs_human_review,0.7,"Query specifies 'temporo-occipital' subregion of inferior temporal gyrus, but both return the whole structure. Ambiguous mapping.",no_material_change,0.98,"Both candidates are 'inferior temporal gyrus', correctly matching the core structure. The 'temporo-occipital' modifier indicates a portion of the gyrus; the candidate names are identical.",no_material_change,0.98,"Both candidates are 'inferior temporal gyrus', correctly matching the core structure. The 'temporo-occipital' modifier indicates a portion of the gyrus; the candidate names are identical.",yes
468,corpus,Insular cortex (anterior),llm_accept_top1,HOMBA:10288,major insular cortex,HOMBA:10288,major insular cortex,needs_human_review,0.7,"Query specifies 'anterior' insular cortex, but both return 'major insular cortex' which is a coarse label. Uncertainty about subregion existence.",no_material_change,1.0,Baseline and improved candidate names are identical ('major insular cortex'). No material change.,no_material_change,1.0,Baseline and improved candidate names are identical ('major insular cortex'). No material change.,yes
469,corpus,Insular cortex (posterior),llm_accept_top1,HOMBA:10288,major insular cortex,HOMBA:10288,major insular cortex,needs_human_review,0.7,"Query specifies 'posterior' insular cortex, but both return 'major insular cortex'. Subregion mapping is uncertain.",no_material_change,1.0,Baseline and improved candidate names are identical ('major insular cortex'). No material change.,no_material_change,1.0,Baseline and improved candidate names are identical ('major insular cortex'). No material change.,yes
470,corpus,Lenticular nucleus (pallidum),llm_accept_top1,HOMBA:10338,putamen (lateroventral division of the CP),HOMBA:10338,putamen (lateroventral division of the CP),no_material_change,1.0,Baseline and improved candidate names are identical (both 'putamen (lateroventral division of the CP)'). No material change.,,,,no_material_change,1.0,Baseline and improved candidate names are identical (both 'putamen (lateroventral division of the CP)'). No material change.,
471,corpus,Middle frontal gyrus (anterior),llm_accept_top1,HOMBA:12116,middle frontal gyrus,HOMBA:12116,middle frontal gyrus,no_material_change,1.0,Baseline and improved candidate names are identical (both 'middle frontal gyrus'). No material change.,,,,no_material_change,1.0,Baseline and improved candidate names are identical (both 'middle frontal gyrus'). No material change.,
472,corpus,Middle frontal gyrus (orbital part),llm_accept_top1,HOMBA:12116,middle frontal gyrus,HOMBA:12116,middle frontal gyrus,no_material_change,1.0,Baseline and improved candidate names are identical (both 'middle frontal gyrus'). No material change.,,,,no_material_change,1.0,Baseline and improved candidate names are identical (both 'middle frontal gyrus'). No material change.,
473,corpus,Middle frontal gyrus (posterior),llm_accept_top1,HOMBA:12116,middle frontal gyrus,HOMBA:12116,middle frontal gyrus,no_material_change,1.0,Baseline and improved candidate names are identical (both 'middle frontal gyrus'). No material change.,,,,no_material_change,1.0,Baseline and improved candidate names are identical (both 'middle frontal gyrus'). No material change.,
474,corpus,Middle temporal gyrus (anterior),llm_accept_top1,HOMBA:12141,middle temporal gyrus,HOMBA:12141,middle temporal gyrus,no_material_change,1.0,Baseline and improved candidate names are identical (both 'middle temporal gyrus'). No material change.,,,,no_material_change,1.0,Baseline and improved candidate names are identical (both 'middle temporal gyrus'). No material change.,
475,corpus,Middle temporal gyrus (posterior),llm_accept_top1,HOMBA:12141,middle temporal gyrus,HOMBA:12141,middle temporal gyrus,no_material_change,1.0,"Both baseline and improved return the same parent gyrus 'middle temporal gyrus', which is the closest match in the ontology for the subregion 'posterior'; no material difference between candidates.",,,,no_material_change,1.0,"Both baseline and improved return the same parent gyrus 'middle temporal gyrus', which is the closest match in the ontology for the subregion 'posterior'; no material difference between candidates.",
476,corpus,Middle temporal gyrus (temporo-occipital),llm_accept_top1,HOMBA:12141,middle temporal gyrus,HOMBA:12141,middle temporal gyrus,no_material_change,1.0,"Both baseline and improved return the same parent gyrus 'middle temporal gyrus', which is the closest match in the ontology for the subregion 'temporo-occipital'; no material difference between candidates.",,,,no_material_change,1.0,"Both baseline and improved return the same parent gyrus 'middle temporal gyrus', which is the closest match in the ontology for the subregion 'temporo-occipital'; no material difference between candidates.",
477,corpus,Postcentral gyrus (lateral inferior),llm_accept_top1,HOMBA:12132,postcentral gyrus,HOMBA:12132,postcentral gyrus,no_material_change,1.0,"Both baseline and improved return the same parent gyrus 'postcentral gyrus', which is the closest match in the ontology for the subregion 'lateral inferior'; no material difference between candidates.",,,,no_material_change,1.0,"Both baseline and improved return the same parent gyrus 'postcentral gyrus', which is the closest match in the ontology for the subregion 'lateral inferior'; no material difference between candidates.",
478,corpus,Postcentral gyrus (lateral middle),llm_accept_top1,HOMBA:12132,postcentral gyrus,HOMBA:12132,postcentral gyrus,no_material_change,1.0,"Both baseline and improved return the same parent gyrus 'postcentral gyrus', which is the closest match in the ontology for the subregion 'lateral middle'; no material difference between candidates.",,,,no_material_change,1.0,"Both baseline and improved return the same parent gyrus 'postcentral gyrus', which is the closest match in the ontology for the subregion 'lateral middle'; no material difference between candidates.",
479,corpus,Postcentral gyrus (lateral superior),llm_accept_top1,HOMBA:12132,postcentral gyrus,HOMBA:12132,postcentral gyrus,no_material_change,1.0,"Both baseline and improved return the same parent gyrus 'postcentral gyrus', which is the closest match in the ontology for the subregion 'lateral superior'; no material difference between candidates.",,,,no_material_change,1.0,"Both baseline and improved return the same parent gyrus 'postcentral gyrus', which is the closest match in the ontology for the subregion 'lateral superior'; no material difference between candidates.",
480,corpus,Postcentral gyrus (medial),llm_accept_top1,HOMBA:12132,postcentral gyrus,HOMBA:12132,postcentral gyrus,no_material_change,1.0,"Both candidates are the parent structure 'postcentral gyrus', which is correct but less specific than the query's subregion. There is no difference between baseline and improved.",,,,no_material_change,1.0,"Both candidates are the parent structure 'postcentral gyrus', which is correct but less specific than the query's subregion. There is no difference between baseline and improved.",
481,corpus,Precentral gyrus (lateral inferior),llm_accept_top1,HOMBA:12114,precentral gyrus,HOMBA:12114,precentral gyrus,no_material_change,1.0,"Both candidates are the parent structure 'precentral gyrus', which is correct but less specific than the query's subregion. There is no difference between baseline and improved.",,,,no_material_change,1.0,"Both candidates are the parent structure 'precentral gyrus', which is correct but less specific than the query's subregion. There is no difference between baseline and improved.",
482,corpus,Precentral gyrus (lateral middle),llm_accept_top1,HOMBA:12114,precentral gyrus,HOMBA:12114,precentral gyrus,no_material_change,1.0,"Both candidates are the parent structure 'precentral gyrus', which is correct but less specific than the query's subregion. There is no difference between baseline and improved.",,,,no_material_change,1.0,"Both candidates are the parent structure 'precentral gyrus', which is correct but less specific than the query's subregion. There is no difference between baseline and improved.",
483,corpus,Precentral gyrus (lateral superior),llm_accept_top1,HOMBA:12114,precentral gyrus,HOMBA:12114,precentral gyrus,no_material_change,1.0,"Both candidates are the parent structure 'precentral gyrus', which is correct but less specific than the query's subregion. There is no difference between baseline and improved.",,,,no_material_change,1.0,"Both candidates are the parent structure 'precentral gyrus', which is correct but less specific than the query's subregion. There is no difference between baseline and improved.",
484,corpus,Precentral gyrus (medial),llm_accept_top1,HOMBA:12114,precentral gyrus,HOMBA:12114,precentral gyrus,no_material_change,1.0,"Both candidates are the parent structure 'precentral gyrus', which is correct but less specific than the query's subregion. There is no difference between baseline and improved.",,,,no_material_change,1.0,"Both candidates are the parent structure 'precentral gyrus', which is correct but less specific than the query's subregion. There is no difference between baseline and improved.",
485,corpus,Spinal trigeminal nucleus (oralis),llm_accept_top1,HOMBA:12572,spinal trigeminal nucleus,HOMBA:12572,spinal trigeminal nucleus,no_material_change,1.0,Both candidates are identical and represent the parent structure; no difference between baseline and improved.,,,,no_material_change,1.0,Both candidates are identical and represent the parent structure; no difference between baseline and improved.,
486,corpus,Superior frontal gyrus (dorsolateral),llm_accept_top1,HOMBA:12115,superior frontal gyrus,HOMBA:12115,superior frontal gyrus,no_material_change,1.0,Both candidates are identical and represent the parent structure; no difference between baseline and improved.,,,,no_material_change,1.0,Both candidates are identical and represent the parent structure; no difference between baseline and improved.,
487,corpus,Superior frontal gyrus (lateral anterior),llm_accept_top1,HOMBA:12115,superior frontal gyrus,HOMBA:12115,superior frontal gyrus,no_material_change,1.0,Both candidates are identical and represent the parent structure; no difference between baseline and improved.,,,,no_material_change,1.0,Both candidates are identical and represent the parent structure; no difference between baseline and improved.,
488,corpus,Superior frontal gyrus (lateral middle),llm_accept_top1,HOMBA:12115,superior frontal gyrus,HOMBA:12115,superior frontal gyrus,no_material_change,1.0,Both candidates are identical and represent the parent structure; no difference between baseline and improved.,,,,no_material_change,1.0,Both candidates are identical and represent the parent structure; no difference between baseline and improved.,
489,corpus,Superior frontal gyrus (lateral posterior),llm_accept_top1,HOMBA:12115,superior frontal gyrus,HOMBA:12115,superior frontal gyrus,no_material_change,1.0,Both candidates are identical and represent the parent structure; no difference between baseline and improved.,,,,no_material_change,1.0,Both candidates are identical and represent the parent structure; no difference between baseline and improved.,
490,corpus,Superior frontal gyrus (medial orbital),llm_accept_top1,HOMBA:12115,superior frontal gyrus,HOMBA:12115,superior frontal gyrus,no_material_change,1.0,"Both baseline and improved candidates are identical ('superior frontal gyrus'), which is the broader parent structure of the query's specific subregion 'medial orbital'. No material difference between candidates.",,,,no_material_change,1.0,"Both baseline and improved candidates are identical ('superior frontal gyrus'), which is the broader parent structure of the query's specific subregion 'medial orbital'. No material difference between candidates.",
491,corpus,Superior frontal gyrus (medial),llm_accept_top1,HOMBA:12115,superior frontal gyrus,HOMBA:12115,superior frontal gyrus,no_material_change,1.0,"Both baseline and improved candidates are identical ('superior frontal gyrus'), which is the broader parent structure of the query's specific subregion 'medial'. No material difference between candidates.",,,,no_material_change,1.0,"Both baseline and improved candidates are identical ('superior frontal gyrus'), which is the broader parent structure of the query's specific subregion 'medial'. No material difference between candidates.",
492,corpus,Superior frontal gyrus (orbital part),llm_accept_top1,HOMBA:12115,superior frontal gyrus,HOMBA:12115,superior frontal gyrus,no_material_change,1.0,"Both baseline and improved candidates are identical ('superior frontal gyrus'), which is the broader parent structure of the query's specific subregion 'orbital part'. No material difference between candidates.",,,,no_material_change,1.0,"Both baseline and improved candidates are identical ('superior frontal gyrus'), which is the broader parent structure of the query's specific subregion 'orbital part'. No material difference between candidates.",
493,corpus,Superior parietal lobule (anterior),llm_accept_top1,HOMBA:12133,superior parietal lobule (gyrus),HOMBA:12133,superior parietal lobule (gyrus),no_material_change,1.0,"Both baseline and improved candidates are identical ('superior parietal lobule (gyrus)'), which is a broader term for the query's specific subregion 'anterior'. No material difference between candidates.",,,,no_material_change,1.0,"Both baseline and improved candidates are identical ('superior parietal lobule (gyrus)'), which is a broader term for the query's specific subregion 'anterior'. No material difference between candidates.",
494,corpus,Superior parietal lobule (posterior),llm_accept_top1,HOMBA:12133,superior parietal lobule (gyrus),HOMBA:12133,superior parietal lobule (gyrus),no_material_change,1.0,"Both baseline and improved candidates are identical ('superior parietal lobule (gyrus)'), which is a broader term for the query's specific subregion 'posterior'. No material difference between candidates.",,,,no_material_change,1.0,"Both baseline and improved candidates are identical ('superior parietal lobule (gyrus)'), which is a broader term for the query's specific subregion 'posterior'. No material difference between candidates.",
495,corpus,Superior temporal gyrus (anterior),llm_accept_top1,HOMBA:12140,superior temporal gyrus,HOMBA:12140,superior temporal gyrus,no_material_change,1.0,"Both baseline and improved candidates are identical (superior temporal gyrus) and represent the broader structure, not the specified subregion (anterior). No improvement or degradation.",,,,no_material_change,1.0,"Both baseline and improved candidates are identical (superior temporal gyrus) and represent the broader structure, not the specified subregion (anterior). No improvement or degradation.",
496,corpus,Superior temporal gyrus (posterior),llm_accept_top1,HOMBA:12140,superior temporal gyrus,HOMBA:12140,superior temporal gyrus,no_material_change,1.0,"Both baseline and improved candidates are identical (superior temporal gyrus) and represent the broader structure, not the specified subregion (posterior). No improvement or degradation.",,,,no_material_change,1.0,"Both baseline and improved candidates are identical (superior temporal gyrus) and represent the broader structure, not the specified subregion (posterior). No improvement or degradation.",
497,corpus,Supramarginal gyrus (anterior),llm_accept_top1,HOMBA:12135,supramarginal gyrus,HOMBA:12135,supramarginal gyrus,no_material_change,1.0,"Both baseline and improved candidates are identical (supramarginal gyrus) and represent the broader structure, not the specified subregion (anterior). No improvement or degradation.",,,,no_material_change,1.0,"Both baseline and improved candidates are identical (supramarginal gyrus) and represent the broader structure, not the specified subregion (anterior). No improvement or degradation.",
498,corpus,Supramarginal gyrus (posterior),llm_accept_top1,HOMBA:12135,supramarginal gyrus,HOMBA:12135,supramarginal gyrus,no_material_change,1.0,"Both baseline and improved candidates are identical (supramarginal gyrus) and represent the broader structure, not the specified subregion (posterior). No improvement or degradation.",,,,no_material_change,1.0,"Both baseline and improved candidates are identical (supramarginal gyrus) and represent the broader structure, not the specified subregion (posterior). No improvement or degradation.",
499,corpus,Thalamus (excluding pulvinar),llm_accept_top1,HOMBA:10390,thalamus,HOMBA:10390,thalamus,no_material_change,1.0,"Both baseline and improved candidates are identical (thalamus) and represent the broader structure, not the specified exclusion of pulvinar. No improvement or degradation.",,,,no_material_change,1.0,"Both baseline and improved candidates are identical (thalamus) and represent the broader structure, not the specified exclusion of pulvinar. No improvement or degradation.",
500,corpus,Lateral intraparietal area (ventral),llm_accept_top1,HOMBA:267498979,lateral subdivision of area 7,HOMBA:267498979,lateral subdivision of area 7,no_material_change,1.0,Baseline and improved candidate names are identical; no change between them.,,,,no_material_change,1.0,Baseline and improved candidate names are identical; no change between them.,
501,corpus,Transverse temporal gyri (Heschl's gyri),llm_accept_top1,HOMBA:12144,transverse temporal gyrus (Heschl's gyrus),HOMBA:12144,transverse temporal gyrus (Heschl's gyrus),no_material_change,1.0,Baseline and improved candidate names are identical; no change between them.,,,,no_material_change,1.0,Baseline and improved candidate names are identical; no change between them.,
502,corpus,Lateral occipital cortex (inferior),llm_accept_top1,HOMBA:AA30024,"lateral temporal-occipital cortex (area 37l, area TEO)",HOMBA:AA30024,"lateral temporal-occipital cortex (area 37l, area TEO)",no_material_change,1.0,Baseline and improved candidate names are identical; no change between them.,,,,no_material_change,1.0,Baseline and improved candidate names are identical; no change between them.,
503,corpus,Lateral occipital cortex (superior),llm_accept_top1,HOMBA:AA30024,"lateral temporal-occipital cortex (area 37l, area TEO)",HOMBA:AA30024,"lateral temporal-occipital cortex (area 37l, area TEO)",no_material_change,1.0,Baseline and improved candidate names are identical; no change between them.,,,,no_material_change,1.0,Baseline and improved candidate names are identical; no change between them.,
504,corpus,Cingulate gyrus (anterior posterior part),llm_accept_top1,HOMBA:10278,anterior cingulate  cortex (ventromedial prefrontal cortex),HOMBA:10278,anterior cingulate  cortex (ventromedial prefrontal cortex),no_material_change,1.0,Baseline and improved candidate names are identical; no change between them.,,,,no_material_change,1.0,Baseline and improved candidate names are identical; no change between them.,
505,corpus,Ventral posterior external thalamic nucleus,llm_accept_top1,HOMBA:10423,ventral posterior nuclear complex of thalamus,HOMBA:10423,ventral posterior nuclear complex of thalamus,no_material_change,1.0,"Both baseline and improved candidates are identical: 'ventral posterior nuclear complex of thalamus'. The query specifies a subnucleus (ventral posterior external nucleus) which is part of this complex, so the mapping is a parent-child relationship with no material difference between the two candidates.",,,,no_material_change,1.0,"Both baseline and improved candidates are identical: 'ventral posterior nuclear complex of thalamus'. The query specifies a subnucleus (ventral posterior external nucleus) which is part of this complex, so the mapping is a parent-child relationship with no material difference between the two candidates.",
506,corpus,Cingulate gyrus (anterior anterior part),llm_accept_top1,HOMBA:10278,anterior cingulate  cortex (ventromedial prefrontal cortex),HOMBA:10278,anterior cingulate  cortex (ventromedial prefrontal cortex),no_material_change,1.0,"Both candidates are 'anterior cingulate cortex (ventromedial prefrontal cortex)', which is a reasonable match for the 'anterior anterior part' of the cingulate gyrus. No difference between baseline and improved.",,,,no_material_change,1.0,"Both candidates are 'anterior cingulate cortex (ventromedial prefrontal cortex)', which is a reasonable match for the 'anterior anterior part' of the cingulate gyrus. No difference between baseline and improved.",
507,corpus,Inferior olive (principal nucleus),llm_accept_top1,HOMBA:12600,inferior olive,HOMBA:12600,inferior olive,no_material_change,1.0,"Both candidates are 'inferior olive', which is the parent structure of the query's 'principal nucleus'. The two candidates are identical, so no material change.",,,,no_material_change,1.0,"Both candidates are 'inferior olive', which is the parent structure of the query's 'principal nucleus'. The two candidates are identical, so no material change.",
508,corpus,Lateral reticular nucleus (magnocellular),llm_accept_top1,HOMBA:12634,lateral reticular nucleus,HOMBA:12634,lateral reticular nucleus,no_material_change,1.0,"Both candidates are 'lateral reticular nucleus', which is the parent structure of the query's 'magnocellular' part. Identical candidates, no material change.",,,,no_material_change,1.0,"Both candidates are 'lateral reticular nucleus', which is the parent structure of the query's 'magnocellular' part. Identical candidates, no material change.",
509,corpus,Lateral reticular nucleus (parvicellular),llm_accept_top1,HOMBA:12634,lateral reticular nucleus,HOMBA:12634,lateral reticular nucleus,no_material_change,1.0,"Both candidates are 'lateral reticular nucleus', which is the parent structure of the query's 'parvicellular' part. Identical candidates, no material change.",,,,no_material_change,1.0,"Both candidates are 'lateral reticular nucleus', which is the parent structure of the query's 'parvicellular' part. Identical candidates, no material change.",
510,corpus,Temporal pole (middle temporal gyrus),llm_accept_top1,HOMBA:12146,temporal pole (temporopolar cortex),HOMBA:12146,temporal pole (temporopolar cortex),no_material_change,1.0,Baseline and improved candidates are identical; no material change.,,,,no_material_change,1.0,Baseline and improved candidates are identical; no material change.,
511,corpus,Temporal pole (superior temporal gyrus),llm_accept_top1,HOMBA:12146,temporal pole (temporopolar cortex),HOMBA:12146,temporal pole (temporopolar cortex),no_material_change,1.0,Baseline and improved candidates are identical; no material change.,,,,no_material_change,1.0,Baseline and improved candidates are identical; no material change.,
512,corpus,Uncus,llm_accept_top1,HOMBA:12165,uncus of (para)hippocampal gyrus,HOMBA:12165,uncus of (para)hippocampal gyrus,no_material_change,1.0,Baseline and improved candidates are identical; no material change.,,,,no_material_change,1.0,Baseline and improved candidates are identical; no material change.,
513,corpus,Median cingulate and paracingulate gyri,llm_accept_top1,HOMBA:146034872,paracingulate gyrus,HOMBA:146034872,paracingulate gyrus,no_material_change,1.0,Baseline and improved candidates are identical; no material change.,,,,no_material_change,1.0,Baseline and improved candidates are identical; no material change.,
514,corpus,V4 transitional area,llm_accept_top1,HOMBA:AA30818,transitional fourth visual area (V4T),HOMBA:AA30818,transitional fourth visual area (V4T),no_material_change,1.0,Baseline and improved candidates are identical; no material change.,,,,no_material_change,1.0,Baseline and improved candidates are identical; no material change.,
515,corpus,Rolandic operculum,llm_accept_top1,HOMBA:12127,frontal operculum,HOMBA:12127,frontal operculum,no_material_change,1.0,Baseline and improved candidate names are identical ('frontal operculum').,,,,no_material_change,1.0,Baseline and improved candidate names are identical ('frontal operculum').,
516,corpus,Subcallosal cortex,llm_accept_top1,HOMBA:10281,subgenual (subcallosal) cingulate cortex (area 25),HOMBA:10281,subgenual (subcallosal) cingulate cortex (area 25),no_material_change,1.0,Baseline and improved candidate names are identical ('subgenual (subcallosal) cingulate cortex (area 25)').,,,,no_material_change,1.0,Baseline and improved candidate names are identical ('subgenual (subcallosal) cingulate cortex (area 25)').,
517,corpus,Parahippocampal area PeEc,llm_accept_top1,HOMBA:12162,parahippocampal gyrus,HOMBA:12162,parahippocampal gyrus,no_material_change,1.0,Baseline and improved candidate names are identical ('parahippocampal gyrus').,,,,no_material_change,1.0,Baseline and improved candidate names are identical ('parahippocampal gyrus').,
518,corpus,Frontal opercular cortex,llm_accept_top1,HOMBA:12119,"inferior frontal gyrus, opercular part",HOMBA:12119,"inferior frontal gyrus, opercular part",no_material_change,1.0,"Baseline and improved candidate names are identical ('inferior frontal gyrus, opercular part').",,,,no_material_change,1.0,"Baseline and improved candidate names are identical ('inferior frontal gyrus, opercular part').",
519,corpus,Anterior cingulate and paracingulate gyri,llm_accept_top1,HOMBA:10278,anterior cingulate  cortex (ventromedial prefrontal cortex),HOMBA:10278,anterior cingulate  cortex (ventromedial prefrontal cortex),no_material_change,1.0,Baseline and improved candidate names are identical ('anterior cingulate cortex (ventromedial prefrontal cortex)').,,,,no_material_change,1.0,Baseline and improved candidate names are identical ('anterior cingulate cortex (ventromedial prefrontal cortex)').,
520,corpus,Meyer's loop (geniculocalcarine tract),llm_accept_top1,HOMBA:266441617,Meyer's loop of optic radiation,HOMBA:266441617,Meyer's loop of optic radiation,no_material_change,1.0,"Baseline and improved candidate names are identical ('Meyer's loop of optic radiation'), so no material change.",,,,no_material_change,1.0,"Baseline and improved candidate names are identical ('Meyer's loop of optic radiation'), so no material change.",
521,corpus,Premotor eye field,llm_accept_top1,HOMBA:AA30010,frontal eye field of premotor cortex,HOMBA:AA30010,frontal eye field of premotor cortex,no_material_change,1.0,"Baseline and improved candidate names are identical ('frontal eye field of premotor cortex'), so no material change.",,,,no_material_change,1.0,"Baseline and improved candidate names are identical ('frontal eye field of premotor cortex'), so no material change.",
522,corpus,Calcarine fissure and surrounding cortex,llm_accept_top1,HOMBA:10612,calcarine sulcus (fissure),HOMBA:10612,calcarine sulcus (fissure),no_material_change,1.0,"Baseline and improved candidate names are identical ('calcarine sulcus (fissure)'), so no material change.",,,,no_material_change,1.0,"Baseline and improved candidate names are identical ('calcarine sulcus (fissure)'), so no material change.",
523,corpus,Intralaminar thalamic nuclei,llm_accept_top1,HOMBA:AA30311,posterior marginal (intralaminar) nucleus of thalamus (PIL),HOMBA:AA30311,posterior marginal (intralaminar) nucleus of thalamus (PIL),no_material_change,1.0,"Baseline and improved candidate names are identical ('posterior marginal (intralaminar) nucleus of thalamus (PIL)'), so no material change.",,,,no_material_change,1.0,"Baseline and improved candidate names are identical ('posterior marginal (intralaminar) nucleus of thalamus (PIL)'), so no material change.",
524,species,Basolateral Ventral Amygdaloid Nucleus,llm_accept_top1,HOMBA:10368,basolateral nucleus (basal nucleus) of amygdala,HOMBA:10368,basolateral nucleus (basal nucleus) of amygdala,no_material_change,1.0,"Baseline and improved candidate names are identical ('basolateral nucleus (basal nucleus) of amygdala'), so no material change.",,,,no_material_change,1.0,"Baseline and improved candidate names are identical ('basolateral nucleus (basal nucleus) of amygdala'), so no material change.",
525,species,Basolateral Dorsal Amygdaloid Nucleus,llm_accept_top1,HOMBA:10368,basolateral nucleus (basal nucleus) of amygdala,HOMBA:10368,basolateral nucleus (basal nucleus) of amygdala,no_material_change,1.0,Baseline and improved candidate names are identical; no material change.,,,,no_material_change,1.0,Baseline and improved candidate names are identical; no material change.,
526,species,Medial cerebellar peduncle,llm_accept_top1,HOMBA:12768,middle cerebellar peduncle (brachium pontis),HOMBA:12768,middle cerebellar peduncle (brachium pontis),no_material_change,1.0,Baseline and improved candidate names are identical; no material change.,,,,no_material_change,1.0,Baseline and improved candidate names are identical; no material change.,
527,species,"Amygdaloid area, unspecified",llm_accept_top1,HOMBA:AA30222,regions of amygdaloid complex,HOMBA:AA30222,regions of amygdaloid complex,no_material_change,1.0,Baseline and improved candidate names are identical; no material change.,,,,no_material_change,1.0,Baseline and improved candidate names are identical; no material change.,
528,species,"Facial nerve, unspecified",llm_accept_top1,HOMBA:12862,root of facial nerve,HOMBA:12862,root of facial nerve,no_material_change,1.0,Baseline and improved candidate names are identical; no material change.,,,,no_material_change,1.0,Baseline and improved candidate names are identical; no material change.,
529,species,Mesencephalic Trigeminal Nerve,llm_accept_top1,HOMBA:12208,mesencephalic trigeminal nucleus,HOMBA:12208,mesencephalic trigeminal nucleus,no_material_change,1.0,Baseline and improved candidate names are identical; no material change.,,,,no_material_change,1.0,Baseline and improved candidate names are identical; no material change.,
530,species,Ventrolateral thalamic nucleus (posterodorsal part),llm_accept_top1,HOMBA:10420,ventral lateral nucleus of thalamus,HOMBA:10420,ventral lateral nucleus of thalamus,no_material_change,0.95,Both candidates are identical and map to the parent structure (ventral lateral nucleus of thalamus) of the query part (posterodorsal part).,,,,no_material_change,0.95,Both candidates are identical and map to the parent structure (ventral lateral nucleus of thalamus) of the query part (posterodorsal part).,
531,species,Ventrolateral thalamic nucleus (posteroventral part),llm_accept_top1,HOMBA:10420,ventral lateral nucleus of thalamus,HOMBA:10420,ventral lateral nucleus of thalamus,no_material_change,0.95,Both candidates are identical and map to the parent structure (ventral lateral nucleus of thalamus) of the query part (posteroventral part).,,,,no_material_change,0.95,Both candidates are identical and map to the parent structure (ventral lateral nucleus of thalamus) of the query part (posteroventral part).,
532,species,Justaparaventricular Lateral Hypothalamus,llm_accept_top1,HOMBA:13337,accessory secretory cells of lateral hypothalamus,HOMBA:13337,accessory secretory cells of lateral hypothalamus,both_wrong,0.8,Query is a hypothalamic region (justaparaventricular lateral hypothalamus) but candidate is a cell type (accessory secretory cells of lateral hypothalamus); both candidates identical and incorrect mapping.,no_material_change,1.0,Baseline and improved candidate names are identical ('accessory secretory cells of lateral hypothalamus'). No material change.,no_material_change,1.0,Baseline and improved candidate names are identical ('accessory secretory cells of lateral hypothalamus'). No material change.,yes
533,species,Centromedial-parafascicular Thalamus,llm_accept_top1,HOMBA:10448,caudal intralaminar nuclei of thalamus,HOMBA:10448,caudal intralaminar nuclei of thalamus,no_material_change,0.95,Both candidates are identical and correctly represent the caudal intralaminar nuclei which include the centromedian and parafascicular nuclei.,,,,no_material_change,0.95,Both candidates are identical and correctly represent the caudal intralaminar nuclei which include the centromedian and parafascicular nuclei.,
534,species,Central Gray Nucleus,llm_accept_top1,HOMBA:146034964,central gray region of pons,HOMBA:146034964,central gray region of pons,both_wrong,0.7,Query likely refers to periaqueductal gray (midbrain) but candidate specifies pons; both candidates identical and incorrect location.,no_material_change,1.0,Baseline and improved candidate names are identical ('central gray region of pons'). No material change.,no_material_change,1.0,Baseline and improved candidate names are identical ('central gray region of pons'). No material change.,yes
535,species,"Frontal orbital cortex, posterior",llm_accept_top1,HOMBA:10194,orbital frontal cortex,HOMBA:10194,orbital frontal cortex,no_material_change,1.0,Baseline and improved candidates are identical ('orbital frontal cortex'). No material change.,,,,no_material_change,1.0,Baseline and improved candidates are identical ('orbital frontal cortex'). No material change.,
536,species,Paratenial-paraventral-thalamus,llm_accept_top1,HOMBA:AA30265,regions of thalamus,HOMBA:AA30265,regions of thalamus,no_material_change,1.0,Baseline and improved candidates are identical ('regions of thalamus'). No material change.,,,,no_material_change,1.0,Baseline and improved candidates are identical ('regions of thalamus'). No material change.,
537,species,Peduncular Lateral Hypothalamus,llm_accept_top1,HOMBA:13337,accessory secretory cells of lateral hypothalamus,HOMBA:13337,accessory secretory cells of lateral hypothalamus,no_material_change,1.0,Baseline and improved candidates are identical ('accessory secretory cells of lateral hypothalamus'). No material change.,,,,no_material_change,1.0,Baseline and improved candidates are identical ('accessory secretory cells of lateral hypothalamus'). No material change.,
538,species,Basolateral amygdaloid nucleus (dorsal),llm_accept_top1,HOMBA:10368,basolateral nucleus (basal nucleus) of amygdala,HOMBA:10368,basolateral nucleus (basal nucleus) of amygdala,no_material_change,1.0,Baseline and improved candidates are identical ('basolateral nucleus (basal nucleus) of amygdala'). No material change.,,,,no_material_change,1.0,Baseline and improved candidates are identical ('basolateral nucleus (basal nucleus) of amygdala'). No material change.,
539,species,Basolateral amygdaloid nucleus (intermediate),llm_accept_top1,HOMBA:10368,basolateral nucleus (basal nucleus) of amygdala,HOMBA:10368,basolateral nucleus (basal nucleus) of amygdala,no_material_change,1.0,Baseline and improved candidates are identical ('basolateral nucleus (basal nucleus) of amygdala'). No material change.,,,,no_material_change,1.0,Baseline and improved candidates are identical ('basolateral nucleus (basal nucleus) of amygdala'). No material change.,
540,species,Basolateral amygdaloid nucleus (ventral),llm_accept_top1,HOMBA:10368,basolateral nucleus (basal nucleus) of amygdala,HOMBA:10368,basolateral nucleus (basal nucleus) of amygdala,no_material_change,1.0,Baseline and improved candidate names are identical: 'basolateral nucleus (basal nucleus) of amygdala'.,,,,no_material_change,1.0,Baseline and improved candidate names are identical: 'basolateral nucleus (basal nucleus) of amygdala'.,
541,species,"Striate cortex, dorsolateral, inferior",llm_accept_top1,HOMBA:10269,"primary visual cortex (first visual cortex, striate cortex, area 17, area OC)",HOMBA:10269,"primary visual cortex (first visual cortex, striate cortex, area 17, area OC)",no_material_change,1.0,"Baseline and improved candidate names are identical: 'primary visual cortex (first visual cortex, striate cortex, area 17, area OC)'.",,,,no_material_change,1.0,"Baseline and improved candidate names are identical: 'primary visual cortex (first visual cortex, striate cortex, area 17, area OC)'.",
542,species,"Striate cortex, dorsolateral, superior",llm_accept_top1,HOMBA:10269,"primary visual cortex (first visual cortex, striate cortex, area 17, area OC)",HOMBA:10269,"primary visual cortex (first visual cortex, striate cortex, area 17, area OC)",no_material_change,1.0,"Baseline and improved candidate names are identical: 'primary visual cortex (first visual cortex, striate cortex, area 17, area OC)'.",,,,no_material_change,1.0,"Baseline and improved candidate names are identical: 'primary visual cortex (first visual cortex, striate cortex, area 17, area OC)'.",
543,species,Anterior olfactory area,llm_accept_top1,HOMBA:10308,anterior olfactory nuclear complex,HOMBA:10308,anterior olfactory nuclear complex,no_material_change,1.0,Baseline and improved candidate names are identical: 'anterior olfactory nuclear complex'.,,,,no_material_change,1.0,Baseline and improved candidate names are identical: 'anterior olfactory nuclear complex'.,
544,species,Zona Incerta and Lenticular Fascicles,llm_accept_top1,HOMBA:10463,zona incerta,HOMBA:10463,zona incerta,no_material_change,1.0,Baseline and improved candidate names are identical: 'zona incerta'.,,,,no_material_change,1.0,Baseline and improved candidate names are identical: 'zona incerta'.,
545,species,Secondary motor area,llm_accept_top1,HOMBA:10168,"premotor cortex (area 6, area FB, secondary motor cortex)",HOMBA:10168,"premotor cortex (area 6, area FB, secondary motor cortex)",no_material_change,1.0,Baseline and improved candidate names are identical and directly match the query 'Secondary motor area'.,,,,no_material_change,1.0,Baseline and improved candidate names are identical and directly match the query 'Secondary motor area'.,
546,species,"Zona incerta, A11 dopamine cells",llm_accept_top1,HOMBA:10463,zona incerta,HOMBA:10463,zona incerta,no_material_change,1.0,"Both candidates are the same 'zona incerta', which is a plausible parent of the specified subregion; no material change.",,,,no_material_change,1.0,"Both candidates are the same 'zona incerta', which is a plausible parent of the specified subregion; no material change.",
547,species,"Zona incerta, A13 dopamine cells",llm_accept_top1,HOMBA:10463,zona incerta,HOMBA:10463,zona incerta,no_material_change,1.0,"Both candidates are 'zona incerta', identical; the query includes a specific dopamine cell group but the candidate is a broader structure; no change between versions.",,,,no_material_change,1.0,"Both candidates are 'zona incerta', identical; the query includes a specific dopamine cell group but the candidate is a broader structure; no change between versions.",
548,species,Alveus of the hippocampus,llm_accept_top1,HOMBA:AA30093,hippocampus,HOMBA:AA30093,hippocampus,no_material_change,1.0,"Both candidates are 'hippocampus', which is a plausible broader structure for 'Alveus of the hippocampus'; no material change.",,,,no_material_change,1.0,"Both candidates are 'hippocampus', which is a plausible broader structure for 'Alveus of the hippocampus'; no material change.",
549,species,Paraventricular Hypothalamus,llm_accept_top1,HOMBA:10476,paraventricular nucleus of hypothalamus,HOMBA:10476,paraventricular nucleus of hypothalamus,no_material_change,1.0,Both candidates are identical and correctly match the query 'Paraventricular Hypothalamus'.,,,,no_material_change,1.0,Both candidates are identical and correctly match the query 'Paraventricular Hypothalamus'.,
550,species,Corticofugal tract and corona radiata,llm_accept_top1,HOMBA:12030,corona radiata,HOMBA:12030,corona radiata,no_material_change,1.0,Both baseline and improved candidates are identical ('corona radiata'); no material change.,,,,no_material_change,1.0,Both baseline and improved candidates are identical ('corona radiata'); no material change.,
551,species,"Zona incerta, ventral part",llm_accept_top1,HOMBA:10463,zona incerta,HOMBA:10463,zona incerta,no_material_change,1.0,Both baseline and improved candidates are identical ('zona incerta'); no material change.,,,,no_material_change,1.0,Both baseline and improved candidates are identical ('zona incerta'); no material change.,
552,species,Retromammillary Hypothalamus,llm_accept_top1,HOMBA:10467,hypothalamus,HOMBA:10467,hypothalamus,no_material_change,1.0,Both baseline and improved candidates are identical ('hypothalamus'); no material change.,,,,no_material_change,1.0,Both baseline and improved candidates are identical ('hypothalamus'); no material change.,
553,species,Vestibular nerve,llm_accept_top1,HOMBA:12868,root of vestibulocochlear nerve,HOMBA:12868,root of vestibulocochlear nerve,no_material_change,1.0,Both baseline and improved candidates are identical ('root of vestibulocochlear nerve'); no material change.,,,,no_material_change,1.0,Both baseline and improved candidates are identical ('root of vestibulocochlear nerve'); no material change.,
554,species,Limitans Thalamus,llm_accept_top1,HOMBA:10390,thalamus,HOMBA:10390,thalamus,no_material_change,1.0,Both baseline and improved candidates are identical ('thalamus'); no material change.,,,,no_material_change,1.0,Both baseline and improved candidates are identical ('thalamus'); no material change.,
555,species,"Zona incerta, caudal part",llm_accept_top1,HOMBA:10463,zona incerta,HOMBA:10463,zona incerta,no_material_change,1.0,Baseline and improved candidate names are identical ('zona incerta'); no material difference.,,,,no_material_change,1.0,Baseline and improved candidate names are identical ('zona incerta'); no material difference.,
556,species,"Zona incerta, dorsal part",llm_accept_top1,HOMBA:10463,zona incerta,HOMBA:10463,zona incerta,no_material_change,1.0,Baseline and improved candidate names are identical ('zona incerta'); no material difference.,,,,no_material_change,1.0,Baseline and improved candidate names are identical ('zona incerta'); no material difference.,
557,species,Temporal association cortex,llm_accept_top1,HOMBA:10235,temporal cortex,HOMBA:10235,temporal cortex,no_material_change,1.0,Baseline and improved candidate names are identical ('temporal cortex'); no material difference.,,,,no_material_change,1.0,Baseline and improved candidate names are identical ('temporal cortex'); no material difference.,
558,species,Ventral striatal region (unspecified),llm_accept_top1,HOMBA:AA30195,ventral striatum (STRv),HOMBA:AA30195,ventral striatum (STRv),no_material_change,1.0,Baseline and improved candidate names are identical ('ventral striatum (STRv)'); no material difference.,,,,no_material_change,1.0,Baseline and improved candidate names are identical ('ventral striatum (STRv)'); no material difference.,
559,species,Amygdaloid area (unspecified),llm_accept_top1,HOMBA:10362,anterior amygdaloid area,HOMBA:10362,anterior amygdaloid area,no_material_change,1.0,Baseline and improved candidate names are identical ('anterior amygdaloid area'); no material difference.,,,,no_material_change,1.0,Baseline and improved candidate names are identical ('anterior amygdaloid area'); no material difference.,
560,species,Ventromedial Posterior+basal Thalamus,llm_accept_top1,HOMBA:10423,ventral posterior nuclear complex of thalamus,HOMBA:10423,ventral posterior nuclear complex of thalamus,no_material_change,1.0,Baseline and improved candidates are identical ('ventral posterior nuclear complex of thalamus'); no material change.,,,,no_material_change,1.0,Baseline and improved candidates are identical ('ventral posterior nuclear complex of thalamus'); no material change.,
561,species,Cochlear nerve,llm_accept_top1,HOMBA:12868,root of vestibulocochlear nerve,HOMBA:12868,root of vestibulocochlear nerve,no_material_change,1.0,Baseline and improved candidates are identical ('root of vestibulocochlear nerve'); no material change.,,,,no_material_change,1.0,Baseline and improved candidates are identical ('root of vestibulocochlear nerve'); no material change.,
562,species,Deeper layers of the superior colliculus,llm_accept_top1,HOMBA:12292,superior colliculus,HOMBA:12292,superior colliculus,no_material_change,1.0,Baseline and improved candidates are identical ('superior colliculus'); no material change.,,,,no_material_change,1.0,Baseline and improved candidates are identical ('superior colliculus'); no material change.,
563,species,Prefornical Hypothalamus,llm_accept_top1,HOMBA:10467,hypothalamus,HOMBA:10467,hypothalamus,no_material_change,1.0,Baseline and improved candidates are identical ('hypothalamus'); no material change.,,,,no_material_change,1.0,Baseline and improved candidates are identical ('hypothalamus'); no material change.,
564,species,Lamina terminalis and vascular organ,llm_accept_top1,HOMBA:12105,lamina terminalis,HOMBA:12105,lamina terminalis,no_material_change,1.0,Baseline and improved candidates are identical ('lamina terminalis'); no material change.,,,,no_material_change,1.0,Baseline and improved candidates are identical ('lamina terminalis'); no material change.,
565,species,"Posterior thalamic nuclear group, triangular part",llm_accept_top1,HOMBA:10440,posterior nucleus of thalamus,HOMBA:10440,posterior nucleus of thalamus,no_material_change,1.0,"Baseline and improved candidate names are identical ('posterior nucleus of thalamus'), so no material change.",,,,no_material_change,1.0,"Baseline and improved candidate names are identical ('posterior nucleus of thalamus'), so no material change.",
566,species,Parietal opercular cortex,llm_accept_top1,HOMBA:10208,parietal cortex,HOMBA:10208,parietal cortex,no_material_change,1.0,"Baseline and improved candidate names are identical ('parietal cortex'), so no material change.",,,,no_material_change,1.0,"Baseline and improved candidate names are identical ('parietal cortex'), so no material change.",
567,species,Intra-amygdaloid division of the bed nucleus of the stria terminalis,llm_accept_top1,HOMBA:10384,bed nucleus of stria terminalis,HOMBA:10384,bed nucleus of stria terminalis,no_material_change,1.0,"Baseline and improved candidate names are identical ('bed nucleus of stria terminalis'), so no material change.",,,,no_material_change,1.0,"Baseline and improved candidate names are identical ('bed nucleus of stria terminalis'), so no material change.",
568,species,Anterior Pulvinar,llm_accept_top1,HOMBA:10409,pulvinar of thalamus,HOMBA:10409,pulvinar of thalamus,no_material_change,1.0,"Baseline and improved candidate names are identical ('pulvinar of thalamus'), so no material change.",,,,no_material_change,1.0,"Baseline and improved candidate names are identical ('pulvinar of thalamus'), so no material change.",
569,species,Mammillary Hypothalamus,llm_accept_top1,HOMBA:10467,hypothalamus,HOMBA:10467,hypothalamus,no_material_change,1.0,"Baseline and improved candidate names are identical ('hypothalamus'), so no material change.",,,,no_material_change,1.0,"Baseline and improved candidate names are identical ('hypothalamus'), so no material change.",
570,species,Supraoptic Hypothalamus,llm_accept_top1,HOMBA:10467,hypothalamus,HOMBA:10467,hypothalamus,no_material_change,0.8,"Both baseline and improved return 'hypothalamus', which is a broader term for 'Supraoptic Hypothalamus'. There is no difference between candidates, and the concept is a plausible parent, so no material change.",,,,no_material_change,0.8,"Both baseline and improved return 'hypothalamus', which is a broader term for 'Supraoptic Hypothalamus'. There is no difference between candidates, and the concept is a plausible parent, so no material change.",
571,species,Zona incerta and H fields,llm_accept_top1,HOMBA:10463,zona incerta,HOMBA:10463,zona incerta,no_material_change,0.8,"Both candidates are 'zona incerta', which covers part of the query 'Zona incerta and H fields'. Since there is no difference between baseline and improved, and the concept is partially correct, it is no material change.",,,,no_material_change,0.8,"Both candidates are 'zona incerta', which covers part of the query 'Zona incerta and H fields'. Since there is no difference between baseline and improved, and the concept is partially correct, it is no material change.",
572,species,"Parietal association cortex, medial area",llm_accept_top1,HOMBA:10215,superior medial parietal cortex,HOMBA:10215,superior medial parietal cortex,no_material_change,0.9,"Both candidates return 'superior medial parietal cortex', which is a plausible match for 'Parietal association cortex, medial area'. Identical candidates, no material change.",,,,no_material_change,0.9,"Both candidates return 'superior medial parietal cortex', which is a plausible match for 'Parietal association cortex, medial area'. Identical candidates, no material change.",
573,species,"Anterior commissure, anterior limb",llm_accept_top1,HOMBA:10388,interstitial nucleus of posterior limb of anterior commissure (fundus of striatum),HOMBA:10388,interstitial nucleus of posterior limb of anterior commissure (fundus of striatum),both_wrong,0.95,"The query 'Anterior commissure, anterior limb' refers to a fiber tract, but the candidate 'interstitial nucleus of posterior limb of anterior commissure (fundus of striatum)' is a nucleus associated with the posterior limb. Neither candidate correctly matches the anterior limb of the anterior commissure, so both are wrong.",no_material_change,1.0,Baseline and improved candidate names are identical ('interstitial nucleus of posterior limb of anterior commissure (fundus of striatum)'). No material change.,no_material_change,1.0,Baseline and improved candidate names are identical ('interstitial nucleus of posterior limb of anterior commissure (fundus of striatum)'). No material change.,yes
574,species,"Parietal association cortex, lateral area",llm_accept_top1,HOMBA:10225,inferior lateral parietal cortex,HOMBA:10225,inferior lateral parietal cortex,no_material_change,0.9,"Both candidates return 'inferior lateral parietal cortex', which is a reasonable match for 'Parietal association cortex, lateral area'. Identical candidates, no material change.",,,,no_material_change,0.9,"Both candidates return 'inferior lateral parietal cortex', which is a reasonable match for 'Parietal association cortex, lateral area'. Identical candidates, no material change.",
575,species,Anterior pituitary,llm_accept_top1,HOMBA:10505,pituitary body/gland (hypophysis),HOMBA:AA30782,anterior lobe of pituitary body (adenohypophysis),improved_better,0.95,"Query 'Anterior pituitary' specifically refers to the anterior lobe (adenohypophysis), not the whole pituitary gland. Improved candidate is more specific and correct.",,,,improved_better,0.95,"Query 'Anterior pituitary' specifically refers to the anterior lobe (adenohypophysis), not the whole pituitary gland. Improved candidate is more specific and correct.",
576,species,Pontine Reticulum Caudal,llm_accept_top1,HOMBA:12493,"pontine reticular nucleus, caudal division",HOMBA:12493,"pontine reticular nucleus, caudal division",no_material_change,0.99,Baseline and improved candidates are identical.,,,,no_material_change,0.99,Baseline and improved candidates are identical.,
577,species,Molecular cell layer of the cerebellum,llm_accept_top1,HOMBA:AA30427,molecular layer of cerebellar cortex,HOMBA:AA30427,molecular layer of cerebellar cortex,no_material_change,0.99,Baseline and improved candidates are identical.,,,,no_material_change,0.99,Baseline and improved candidates are identical.,
578,species,Central amygdaloid nucleus,llm_accept_top1,HOMBA:10363,central nucleus of amygdala,HOMBA:10363,central nucleus of amygdala,no_material_change,0.99,Baseline and improved candidates are synonymous (same concept).,,,,no_material_change,0.99,Baseline and improved candidates are synonymous (same concept).,
579,species,Pontine Reticulum Oral,llm_accept_top1,HOMBA:12494,"pontine reticular nucleus, rostral division",HOMBA:12494,"pontine reticular nucleus, rostral division",no_material_change,0.99,Baseline and improved candidates are identical.,,,,no_material_change,0.99,Baseline and improved candidates are identical.,
580,species,Pre-supplementary motor area,llm_accept_top1,HOMBA:AA30012,medial division of area 6 (supplementary motor area),HOMBA:AA30012,medial division of area 6 (supplementary motor area),no_material_change,1.0,"Baseline and improved candidate names are identical. Both refer to a broader term (supplementary motor area) for the query 'Pre-supplementary motor area', so no material change.",,,,no_material_change,1.0,"Baseline and improved candidate names are identical. Both refer to a broader term (supplementary motor area) for the query 'Pre-supplementary motor area', so no material change.",
581,species,"Premotor cortex, ventral",llm_accept_top1,HOMBA:10168,"premotor cortex (area 6, area FB, secondary motor cortex)",HOMBA:10168,"premotor cortex (area 6, area FB, secondary motor cortex)",no_material_change,1.0,"Baseline and improved candidate names are identical. Both refer to generic premotor cortex for the query 'Premotor cortex, ventral', so no material change.",,,,no_material_change,1.0,"Baseline and improved candidate names are identical. Both refer to generic premotor cortex for the query 'Premotor cortex, ventral', so no material change.",
582,species,"Secondary auditory area, ventral part",llm_accept_top1,HOMBA:10239,"secondary auditory cortex (auditory belt region, area 42, area TB)",HOMBA:10239,"secondary auditory cortex (auditory belt region, area 42, area TB)",no_material_change,1.0,"Baseline and improved candidate names are identical. Both refer to generic secondary auditory cortex for the query 'Secondary auditory area, ventral part', so no material change.",,,,no_material_change,1.0,"Baseline and improved candidate names are identical. Both refer to generic secondary auditory cortex for the query 'Secondary auditory area, ventral part', so no material change.",
583,species,Intraamygdaloid Stria Terminalis,llm_accept_top1,HOMBA:10591,stria terminalis,HOMBA:10591,stria terminalis,no_material_change,1.0,"Baseline and improved candidate names are identical. Both refer to stria terminalis for the query 'Intraamygdaloid Stria Terminalis', so no material change.",,,,no_material_change,1.0,"Baseline and improved candidate names are identical. Both refer to stria terminalis for the query 'Intraamygdaloid Stria Terminalis', so no material change.",
584,species,"Zona incerta, rostral part",llm_accept_top1,HOMBA:10463,zona incerta,HOMBA:10463,zona incerta,no_material_change,1.0,"Baseline and improved candidate names are identical. Both refer to zona incerta for the query 'Zona incerta, rostral part', so no material change.",,,,no_material_change,1.0,"Baseline and improved candidate names are identical. Both refer to zona incerta for the query 'Zona incerta, rostral part', so no material change.",
585,species,"Anterior commissure, intrabulbar part",llm_accept_top1,HOMBA:10559,anterior commissure,HOMBA:10559,anterior commissure,no_material_change,1.0,"Both baseline and improved candidates are identical 'anterior commissure', which matches the main structure but lacks the 'intrabulbar part' specification. Since they are equivalent, no material change.",,,,no_material_change,1.0,"Both baseline and improved candidates are identical 'anterior commissure', which matches the main structure but lacks the 'intrabulbar part' specification. Since they are equivalent, no material change.",
586,species,Basolateral Intermediate Amygdaloid Nucleus,llm_accept_top1,HOMBA:10366,basolateral nuclear group of amygdala,HOMBA:10368,basolateral nucleus (basal nucleus) of amygdala,needs_human_review,0.8,"Query specifies 'Basolateral Intermediate Amygdaloid Nucleus'. Baseline is 'basolateral nuclear group of amygdala' (a group), improved is 'basolateral nucleus (basal nucleus) of amygdala' (a specific nucleus). Neither clearly matches the intermediate part; ambiguous terminology requires expert judgment.",improved_better,0.75,"Query specifies 'Basolateral Intermediate Amygdaloid Nucleus', a subpart of the basolateral nucleus. Baseline 'basolateral nuclear group of amygdala' is a broader group. Improved 'basolateral nucleus (basal nucleus) of amygdala' is the parent nucleus, which is closer to the query than the group, though still missing the intermediate subdivision.",improved_better,0.75,"Query specifies 'Basolateral Intermediate Amygdaloid Nucleus', a subpart of the basolateral nucleus. Baseline 'basolateral nuclear group of amygdala' is a broader group. Improved 'basolateral nucleus (basal nucleus) of amygdala' is the parent nucleus, which is closer to the query than the group, though still missing the intermediate subdivision.",yes
587,species,"Precentral gyrus, lateral",llm_accept_top1,HOMBA:12114,precentral gyrus,HOMBA:12114,precentral gyrus,no_material_change,1.0,"Both candidates are identical 'precentral gyrus', matching the main structure but not the 'lateral' subdivision. No material difference.",,,,no_material_change,1.0,"Both candidates are identical 'precentral gyrus', matching the main structure but not the 'lateral' subdivision. No material difference.",
588,species,"Striate cortex, medial",llm_accept_top1,HOMBA:10269,"primary visual cortex (first visual cortex, striate cortex, area 17, area OC)",HOMBA:10269,"primary visual cortex (first visual cortex, striate cortex, area 17, area OC)",no_material_change,1.0,"Both candidates are identical 'primary visual cortex (striate cortex, area 17, ...)', matching the main structure but not the 'medial' subdivision. No material difference.",,,,no_material_change,1.0,"Both candidates are identical 'primary visual cortex (striate cortex, area 17, ...)', matching the main structure but not the 'medial' subdivision. No material difference.",
589,species,Paralaminar amygdaloid nucleus,llm_accept_top1,HOMBA:10370,paralaminar nucleus of amygdala,HOMBA:10370,paralaminar nucleus of amygdala,no_material_change,1.0,"Both candidates are identical 'paralaminar nucleus of amygdala', which directly matches the query. No material change.",,,,no_material_change,1.0,"Both candidates are identical 'paralaminar nucleus of amygdala', which directly matches the query. No material change.",
590,species,"Medial geniculate body, medial division",llm_accept_top1,HOMBA:10439,medial division of medial geniculate nucleus,HOMBA:10439,medial division of medial geniculate nucleus,no_material_change,1.0,Baseline and improved candidates are identical.,,,,no_material_change,1.0,Baseline and improved candidates are identical.,
591,species,"Postcentral gyrus, lateral",llm_accept_top1,HOMBA:12132,postcentral gyrus,HOMBA:12132,postcentral gyrus,no_material_change,1.0,Baseline and improved candidates are identical.,,,,no_material_change,1.0,Baseline and improved candidates are identical.,
592,species,"Postcentral gyrus, medial",llm_accept_top1,HOMBA:12132,postcentral gyrus,HOMBA:12132,postcentral gyrus,no_material_change,1.0,Baseline and improved candidates are identical.,,,,no_material_change,1.0,Baseline and improved candidates are identical.,
593,species,"Premotor cortex, dorsal",llm_accept_top1,HOMBA:10168,"premotor cortex (area 6, area FB, secondary motor cortex)",HOMBA:10168,"premotor cortex (area 6, area FB, secondary motor cortex)",no_material_change,1.0,Baseline and improved candidates are identical.,,,,no_material_change,1.0,Baseline and improved candidates are identical.,
594,species,"Secondary auditory area, dorsal part",llm_accept_top1,HOMBA:10239,"secondary auditory cortex (auditory belt region, area 42, area TB)",HOMBA:10239,"secondary auditory cortex (auditory belt region, area 42, area TB)",no_material_change,1.0,Baseline and improved candidates are identical.,,,,no_material_change,1.0,Baseline and improved candidates are identical.,
595,species,"Cingulate gyrus, anterior",llm_accept_top1,HOMBA:10278,anterior cingulate  cortex (ventromedial prefrontal cortex),HOMBA:10278,anterior cingulate  cortex (ventromedial prefrontal cortex),no_material_change,0.95,Baseline and improved candidate names are identical and equivalent to the query (anterior cingulate cortex is a synonym of anterior cingulate gyrus).,,,,no_material_change,0.95,Baseline and improved candidate names are identical and equivalent to the query (anterior cingulate cortex is a synonym of anterior cingulate gyrus).,
596,species,Central canal,llm_accept_top1,HOMBA:12826,central canal of medulla oblongata,HOMBA:12826,central canal of medulla oblongata,no_material_change,0.9,"Baseline and improved candidate names are identical; 'central canal of medulla oblongata' is a specific instance of 'central canal', representing the same concept.",,,,no_material_change,0.9,"Baseline and improved candidate names are identical; 'central canal of medulla oblongata' is a specific instance of 'central canal', representing the same concept.",
597,species,Peduncular lateral hypothalamic nucleus,llm_accept_top1,HOMBA:13070,magnocellular nucleus of lateral hypothalamic area,HOMBA:13070,magnocellular nucleus of lateral hypothalamic area,needs_human_review,0.6,"Baseline and improved candidate names are identical ('magnocellular nucleus of lateral hypothalamic area'), but the query ('Peduncular lateral hypothalamic nucleus') refers to a potentially distinct structure. The mapping is ambiguous and may require expert assessment.",no_material_change,0.95,Baseline and improved candidate names are identical ('magnocellular nucleus of lateral hypothalamic area'). No difference to evaluate.,no_material_change,0.95,Baseline and improved candidate names are identical ('magnocellular nucleus of lateral hypothalamic area'). No difference to evaluate.,yes
598,species,Posterior pituitary,llm_accept_top1,HOMBA:AA30783,posterior lobe of pituitary body (neurohypophysis),HOMBA:AA30783,posterior lobe of pituitary body (neurohypophysis),no_material_change,0.95,Baseline and improved candidate names are identical and are a direct synonym/alias for 'Posterior pituitary'.,,,,no_material_change,0.95,Baseline and improved candidate names are identical and are a direct synonym/alias for 'Posterior pituitary'.,
599,species,Ventral Lateral Posterodorsal Thalamus,llm_accept_top1,HOMBA:10420,ventral lateral nucleus of thalamus,HOMBA:10420,ventral lateral nucleus of thalamus,no_material_change,0.85,"Baseline and improved candidate names are identical; 'ventral lateral nucleus of thalamus' is a plausible parent concept for 'Ventral Lateral Posterodorsal Thalamus', so no material change.",,,,no_material_change,0.85,"Baseline and improved candidate names are identical; 'ventral lateral nucleus of thalamus' is a plausible parent concept for 'Ventral Lateral Posterodorsal Thalamus', so no material change.",
600,species,"Agranular insular cortex, posterior area",llm_accept_top1,HOMBA:10328,agranular insular cortex (area Iag),HOMBA:10328,agranular insular cortex (area Iag),no_material_change,1.0,"Both baseline and improved candidate names are identical ('agranular insular cortex (area Iag)'), representing a broader region than the query's 'posterior area', but no difference between candidates.",,,,no_material_change,1.0,"Both baseline and improved candidate names are identical ('agranular insular cortex (area Iag)'), representing a broader region than the query's 'posterior area', but no difference between candidates.",
601,species,Agranular insular cortex dorsal area,llm_accept_top1,HOMBA:10328,agranular insular cortex (area Iag),HOMBA:10328,agranular insular cortex (area Iag),no_material_change,1.0,"Both candidates are identical ('agranular insular cortex (area Iag)'), which is a parent of the query's 'dorsal area'; no material change between versions.",,,,no_material_change,1.0,"Both candidates are identical ('agranular insular cortex (area Iag)'), which is a parent of the query's 'dorsal area'; no material change between versions.",
602,species,"Agranular insular cortex, ventral area",llm_accept_top1,HOMBA:10328,agranular insular cortex (area Iag),HOMBA:10328,agranular insular cortex (area Iag),no_material_change,1.0,"Both candidates are identical ('agranular insular cortex (area Iag)'), a broader term for the query's 'ventral area'; no material change.",,,,no_material_change,1.0,"Both candidates are identical ('agranular insular cortex (area Iag)'), a broader term for the query's 'ventral area'; no material change.",
603,species,"Mediodorsal thalamic nucleus, lateral part",llm_accept_top1,HOMBA:10398,mediodorsal nucleus of thalamus,HOMBA:10398,mediodorsal nucleus of thalamus,no_material_change,1.0,"Both candidates are identical ('mediodorsal nucleus of thalamus'), a parent of the query's 'lateral part'; no material change.",,,,no_material_change,1.0,"Both candidates are identical ('mediodorsal nucleus of thalamus'), a parent of the query's 'lateral part'; no material change.",
604,species,"Mediodorsal thalamic nucleus, medial part",llm_accept_top1,HOMBA:10398,mediodorsal nucleus of thalamus,HOMBA:10398,mediodorsal nucleus of thalamus,no_material_change,1.0,"Both candidates are identical ('mediodorsal nucleus of thalamus'), a parent of the query's 'medial part'; no material change.",,,,no_material_change,1.0,"Both candidates are identical ('mediodorsal nucleus of thalamus'), a parent of the query's 'medial part'; no material change.",
605,species,"Superior frontal gyrus, medial",llm_accept_top1,HOMBA:12115,superior frontal gyrus,HOMBA:12115,superior frontal gyrus,no_material_change,1.0,Baseline and improved candidates are identical (superior frontal gyrus).,,,,no_material_change,1.0,Baseline and improved candidates are identical (superior frontal gyrus).,
606,species,Ventral cortical amygdaloid nucleus,llm_accept_top1,HOMBA:10373,cortical nucleus of amygdala,HOMBA:10373,cortical nucleus of amygdala,no_material_change,1.0,Baseline and improved candidates are identical (cortical nucleus of amygdala).,,,,no_material_change,1.0,Baseline and improved candidates are identical (cortical nucleus of amygdala).,
607,species,"Medial geniculate body, dorsal division",llm_accept_top1,HOMBA:10435,dorsal (rostral) division of medial geniculate nucleus,HOMBA:10435,dorsal (rostral) division of medial geniculate nucleus,no_material_change,1.0,"Baseline and improved candidates are identical (dorsal (rostral) division of medial geniculate nucleus), which matches the query.",,,,no_material_change,1.0,"Baseline and improved candidates are identical (dorsal (rostral) division of medial geniculate nucleus), which matches the query.",
608,species,Ventral Lateral Posteroventral Thalamus,llm_accept_top1,HOMBA:10420,ventral lateral nucleus of thalamus,HOMBA:10420,ventral lateral nucleus of thalamus,no_material_change,1.0,Baseline and improved candidates are identical (ventral lateral nucleus of thalamus).,,,,no_material_change,1.0,Baseline and improved candidates are identical (ventral lateral nucleus of thalamus).,
609,species,"Medial geniculate body, ventral division",llm_accept_top1,HOMBA:10438,ventral (caudal) division of medial geniculate nucleus,HOMBA:10438,ventral (caudal) division of medial geniculate nucleus,no_material_change,1.0,"Baseline and improved candidates are identical (ventral (caudal) division of medial geniculate nucleus), which matches the query.",,,,no_material_change,1.0,"Baseline and improved candidates are identical (ventral (caudal) division of medial geniculate nucleus), which matches the query.",
610,species,Superior cerebellar peduncle and prerubral field,llm_accept_top1,HOMBA:12354,superior cerebellar peduncle (brachium conjunctivum),HOMBA:12354,superior cerebellar peduncle (brachium conjunctivum),no_material_change,1.0,Both baseline and improved candidates are identical: 'superior cerebellar peduncle (brachium conjunctivum)'.,,,,no_material_change,1.0,Both baseline and improved candidates are identical: 'superior cerebellar peduncle (brachium conjunctivum)'.,
611,species,"Cerebellum, unspecified",llm_accept_top1,HOMBA:10656,cerebellum,HOMBA:10656,cerebellum,no_material_change,1.0,Both baseline and improved candidates are identical: 'cerebellum'.,,,,no_material_change,1.0,Both baseline and improved candidates are identical: 'cerebellum'.,
612,species,"Anterior commissure, posterior limb",llm_accept_top1,HOMBA:10388,interstitial nucleus of posterior limb of anterior commissure (fundus of striatum),HOMBA:10388,interstitial nucleus of posterior limb of anterior commissure (fundus of striatum),no_material_change,1.0,Both baseline and improved candidates are identical: 'interstitial nucleus of posterior limb of anterior commissure (fundus of striatum)'.,,,,no_material_change,1.0,Both baseline and improved candidates are identical: 'interstitial nucleus of posterior limb of anterior commissure (fundus of striatum)'.,
613,species,Stria medullaris,llm_accept_top1,HOMBA:10590,stria medullaris of thalamus,HOMBA:10590,stria medullaris of thalamus,no_material_change,1.0,Both baseline and improved candidates are identical: 'stria medullaris of thalamus'.,,,,no_material_change,1.0,Both baseline and improved candidates are identical: 'stria medullaris of thalamus'.,
614,species,Arcuate nucleus,llm_accept_top1,HOMBA:12536,arcuate nucleus of medulla oblongata,HOMBA:12536,arcuate nucleus of medulla oblongata,no_material_change,1.0,Both baseline and improved candidates are identical: 'arcuate nucleus of medulla oblongata'.,,,,no_material_change,1.0,Both baseline and improved candidates are identical: 'arcuate nucleus of medulla oblongata'.,
615,species,"Parietal association cortex, posterior area",llm_accept_top1,HOMBA:10214,posterior parietal cortex,HOMBA:10214,posterior parietal cortex,no_material_change,1.0,"Both baseline and improved candidates are 'posterior parietal cortex', identical and appropriate for the query.",,,,no_material_change,1.0,"Both baseline and improved candidates are 'posterior parietal cortex', identical and appropriate for the query.",
616,species,Posterior Commissural Nuclei,llm_accept_top1,HOMBA:10375,posterior (caudal) cortical nucleus of amygdala,HOMBA:10375,posterior (caudal) cortical nucleus of amygdala,both_wrong,0.9,"Query 'Posterior Commissural Nuclei' refers to a structure near the posterior commissure, not the posterior cortical nucleus of amygdala. Both candidates are incorrect mappings.",no_material_change,0.95,Baseline and improved candidate names are identical ('posterior (caudal) cortical nucleus of amygdala'). No material change.,no_material_change,0.95,Baseline and improved candidate names are identical ('posterior (caudal) cortical nucleus of amygdala'). No material change.,yes
617,species,Commissural stria terminalis,llm_accept_top1,HOMBA:10591,stria terminalis,HOMBA:10591,stria terminalis,no_material_change,1.0,"Both candidates are 'stria terminalis', which is a reasonable match for 'Commissural stria terminalis', no change.",,,,no_material_change,1.0,"Both candidates are 'stria terminalis', which is a reasonable match for 'Commissural stria terminalis', no change.",
618,species,"Frontal orbital cortex, anterior",llm_accept_top1,HOMBA:10161,frontal cortex,HOMBA:10194,orbital frontal cortex,improved_better,1.0,"Improved 'orbital frontal cortex' is more specific and accurate for 'Frontal orbital cortex, anterior' than baseline 'frontal cortex'.",,,,improved_better,1.0,"Improved 'orbital frontal cortex' is more specific and accurate for 'Frontal orbital cortex, anterior' than baseline 'frontal cortex'.",
619,species,Transverse fibers of the pons,llm_accept_top1,HOMBA:AA30879,transverse fibers,HOMBA:AA30879,transverse fibers,no_material_change,1.0,"Both candidates are 'transverse fibers', an acceptable match for 'Transverse fibers of the pons', no change.",,,,no_material_change,1.0,"Both candidates are 'transverse fibers', an acceptable match for 'Transverse fibers of the pons', no change.",
620,species,Cuneate Gracile Nuclei,llm_accept_top1,HOMBA:12587,sensory relay nuclei in medulla oblongata,HOMBA:12592,gracile nucleus,improved_worse,0.9,"Improved candidate only covers gracile nucleus, whereas query refers to both cuneate and gracile nuclei. Baseline is broader and includes both.",improved_worse,0.85,"Query refers to both cuneate and gracile nuclei. Baseline 'sensory relay nuclei in medulla oblongata' broadly encompasses both. Improved 'gracile nucleus' matches only one, leaving cuneate unrepresented, thus less correct.",improved_worse,0.85,"Query refers to both cuneate and gracile nuclei. Baseline 'sensory relay nuclei in medulla oblongata' broadly encompasses both. Improved 'gracile nucleus' matches only one, leaving cuneate unrepresented, thus less correct.",yes
621,species,Preoptic area,llm_accept_top1,HOMBA:10468,preoptic region of HTH,HOMBA:10468,preoptic region of HTH,no_material_change,1.0,Both candidates are identical and match the query.,,,,no_material_change,1.0,Both candidates are identical and match the query.,
622,species,Medullar Reticular Nucleus,llm_accept_top1,HOMBA:12640,"medullary reticular nucleus, ventral division (medial reticular nucleus)",HOMBA:12640,"medullary reticular nucleus, ventral division (medial reticular nucleus)",no_material_change,1.0,Both candidates are identical and match the query.,,,,no_material_change,1.0,Both candidates are identical and match the query.,
623,species,Retrosplenial granular area,llm_accept_top1,HOMBA:10325,"granular retrosplenial cortex (area 29, RSg)",HOMBA:10325,"granular retrosplenial cortex (area 29, RSg)",no_material_change,1.0,Both candidates are identical and match the query.,,,,no_material_change,1.0,Both candidates are identical and match the query.,
624,species,"Basal forebrain region, unspecified",llm_accept_top1,HOMBA:10349,basal forebrain,HOMBA:10349,basal forebrain,no_material_change,1.0,Both candidates are identical and match the query.,,,,no_material_change,1.0,Both candidates are identical and match the query.,
625,species,"Medial geniculate body, marginal zone",llm_accept_top1,HOMBA:266441523,marginal zone of medial geniculate nucleus,HOMBA:266441523,marginal zone of medial geniculate nucleus,no_material_change,1.0,"Baseline and improved candidates are identical, so no material change.",,,,no_material_change,1.0,"Baseline and improved candidates are identical, so no material change.",
626,species,Medial geniculate complex (marginal zone),llm_accept_top1,HOMBA:266441523,marginal zone of medial geniculate nucleus,HOMBA:266441523,marginal zone of medial geniculate nucleus,no_material_change,1.0,"Baseline and improved candidates are identical, so no material change.",,,,no_material_change,1.0,"Baseline and improved candidates are identical, so no material change.",
627,species,"Medial geniculate body, suprageniculate nucleus",llm_accept_top1,HOMBA:10434,medial geniculate nucleus,HOMBA:10434,medial geniculate nucleus,no_material_change,1.0,"Baseline and improved candidates are identical, so no material change.",,,,no_material_change,1.0,"Baseline and improved candidates are identical, so no material change.",
628,species,Posterior Interstitial Nucleus,llm_accept_top1,HOMBA:12194,interstitial nucleus of posterior commissure (nucleus of posterior commissure),HOMBA:12194,interstitial nucleus of posterior commissure (nucleus of posterior commissure),no_material_change,1.0,"Baseline and improved candidates are identical, so no material change.",,,,no_material_change,1.0,"Baseline and improved candidates are identical, so no material change.",
629,species,"Precentral gyrus, medial/supplementary motor area",llm_accept_top1,HOMBA:AA30012,medial division of area 6 (supplementary motor area),HOMBA:AA30012,medial division of area 6 (supplementary motor area),no_material_change,1.0,"Baseline and improved candidates are identical, so no material change.",,,,no_material_change,1.0,"Baseline and improved candidates are identical, so no material change.",
630,species,Frontal medial cortex,llm_accept_top1,HOMBA:10195,medial orbital frontal cortex (area 14),HOMBA:10195,medial orbital frontal cortex (area 14),no_material_change,1.0,Baseline and improved candidates are identical and appropriately match the query 'Frontal medial cortex'.,,,,no_material_change,1.0,Baseline and improved candidates are identical and appropriately match the query 'Frontal medial cortex'.,
631,species,"Olfactory bulb, unspecified",llm_accept_top1,HOMBA:10307,olfactory bulb,HOMBA:10307,olfactory bulb,no_material_change,1.0,"Baseline and improved candidates are identical and exactly match the query 'Olfactory bulb, unspecified'.",,,,no_material_change,1.0,"Baseline and improved candidates are identical and exactly match the query 'Olfactory bulb, unspecified'.",
632,species,Medial orbital area,llm_accept_top1,HOMBA:12122,medial orbital gyrus,HOMBA:12122,medial orbital gyrus,no_material_change,1.0,Baseline and improved candidates are identical and reasonably match the query 'Medial orbital area'.,,,,no_material_change,1.0,Baseline and improved candidates are identical and reasonably match the query 'Medial orbital area'.,
633,species,"External medullary lamina, unspecified",llm_accept_top1,HOMBA:12038,external medullary lamina of thalamus,HOMBA:12038,external medullary lamina of thalamus,no_material_change,1.0,"Baseline and improved candidates are identical and appropriately match the query 'External medullary lamina, unspecified'.",,,,no_material_change,1.0,"Baseline and improved candidates are identical and appropriately match the query 'External medullary lamina, unspecified'.",
634,species,Spinal Trigeminal Nucleus Oral,llm_accept_top1,HOMBA:12447,"spinal nucleus of trigeminal nerve, rostral subnucleus",HOMBA:12447,"spinal nucleus of trigeminal nerve, rostral subnucleus",no_material_change,1.0,Baseline and improved candidates are identical and correctly match the query 'Spinal Trigeminal Nucleus Oral'.,,,,no_material_change,1.0,Baseline and improved candidates are identical and correctly match the query 'Spinal Trigeminal Nucleus Oral'.,
635,species,"Anteroventral thalamic nucleus, ventrolateral part",llm_accept_top1,HOMBA:10395,anteroventral nucleus of thalamus,HOMBA:10395,anteroventral nucleus of thalamus,no_material_change,1.0,Baseline and improved names are identical.,,,,no_material_change,1.0,Baseline and improved names are identical.,
636,species,Copula of the Pyramis,llm_accept_top1,HOMBA:AA30418,"lobule VIIIB (biventral lobule, part 2, copula pyramis)",HOMBA:AA30418,"lobule VIIIB (biventral lobule, part 2, copula pyramis)",no_material_change,1.0,Baseline and improved names are identical.,,,,no_material_change,1.0,Baseline and improved names are identical.,
637,species,Lateral orbital area,llm_accept_top1,HOMBA:12125,lateral orbital gyrus,HOMBA:12125,lateral orbital gyrus,no_material_change,1.0,Baseline and improved names are identical.,,,,no_material_change,1.0,Baseline and improved names are identical.,
638,species,Septum and diagonal band,llm_accept_top1,HOMBA:12034,diagonal band,HOMBA:12034,diagonal band,no_material_change,1.0,Baseline and improved names are identical.,,,,no_material_change,1.0,Baseline and improved names are identical.,
639,species,Cornu ammonis 1,llm_accept_top1,HOMBA:10296,hippocampal proper (Cornu Ammonis),HOMBA:10296,hippocampal proper (Cornu Ammonis),no_material_change,1.0,Baseline and improved names are identical.,,,,no_material_change,1.0,Baseline and improved names are identical.,
640,species,Cornu ammonis 2,llm_accept_top1,HOMBA:10296,hippocampal proper (Cornu Ammonis),HOMBA:10296,hippocampal proper (Cornu Ammonis),no_material_change,1.0,"Both baseline and improved candidates are identical (hippocampal proper (Cornu Ammonis)), which is a broader term for the query 'Cornu ammonis 2'. No material change between candidates.",,,,no_material_change,1.0,"Both baseline and improved candidates are identical (hippocampal proper (Cornu Ammonis)), which is a broader term for the query 'Cornu ammonis 2'. No material change between candidates.",
641,species,Cornu ammonis 3,llm_accept_top1,HOMBA:10296,hippocampal proper (Cornu Ammonis),HOMBA:10296,hippocampal proper (Cornu Ammonis),no_material_change,1.0,"Both baseline and improved candidates are identical (hippocampal proper (Cornu Ammonis)), which is a broader term for the query 'Cornu ammonis 3'. No material change between candidates.",,,,no_material_change,1.0,"Both baseline and improved candidates are identical (hippocampal proper (Cornu Ammonis)), which is a broader term for the query 'Cornu ammonis 3'. No material change between candidates.",
642,species,Periventricular gray,llm_accept_top1,HOMBA:AA30845,periventricular gray of pons,HOMBA:AA30845,periventricular gray of pons,no_material_change,1.0,"Both baseline and improved candidates are identical (periventricular gray of pons), which is a more specific term for the query 'Periventricular gray'. No material change between candidates.",,,,no_material_change,1.0,"Both baseline and improved candidates are identical (periventricular gray of pons), which is a more specific term for the query 'Periventricular gray'. No material change between candidates.",
643,species,Retro-mammillary nucleus,llm_accept_top1,HOMBA:10498,mammillary nuclear complex,HOMBA:10498,mammillary nuclear complex,no_material_change,1.0,"Both baseline and improved candidates are identical (mammillary nuclear complex), which is a broader term for the query 'Retro-mammillary nucleus'. No material change between candidates.",,,,no_material_change,1.0,"Both baseline and improved candidates are identical (mammillary nuclear complex), which is a broader term for the query 'Retro-mammillary nucleus'. No material change between candidates.",
644,species,Septum Diagonal Band,llm_accept_top1,HOMBA:12034,diagonal band,HOMBA:12034,diagonal band,no_material_change,1.0,"Both baseline and improved candidates are identical (diagonal band), which is a plausible alias for the query 'Septum Diagonal Band'. No material change between candidates.",,,,no_material_change,1.0,"Both baseline and improved candidates are identical (diagonal band), which is a plausible alias for the query 'Septum Diagonal Band'. No material change between candidates.",
645,species,Ventromedial occipital cortex,llm_accept_top1,HOMBA:10270,extrastriate occipital cortex,HOMBA:AA30826,ventromedial extrastriate occipital cortex,improved_better,0.9,Improved candidate adds 'ventromedial' to match the query more specifically than baseline's broader 'extrastriate occipital cortex'.,,,,improved_better,0.9,Improved candidate adds 'ventromedial' to match the query more specifically than baseline's broader 'extrastriate occipital cortex'.,
646,species,"Inferior colliculus, commissure",llm_accept_top1,HOMBA:12333,commissure of inferior colliculus,HOMBA:12333,commissure of inferior colliculus,no_material_change,1.0,Baseline and improved candidates are identical and correctly match the query.,,,,no_material_change,1.0,Baseline and improved candidates are identical and correctly match the query.,
647,species,"Anteroventral thalamic nucleus, dorsomedial part",llm_accept_top1,HOMBA:10395,anteroventral nucleus of thalamus,HOMBA:10395,anteroventral nucleus of thalamus,no_material_change,1.0,"Both candidates are identical and correctly describe the anteroventral nucleus of thalamus, though the query specifies a part not captured.",,,,no_material_change,1.0,"Both candidates are identical and correctly describe the anteroventral nucleus of thalamus, though the query specifies a part not captured.",
648,species,"Inferior colliculus, brachium",llm_accept_top1,HOMBA:12327,brachium of inferior colliculus,HOMBA:12327,brachium of inferior colliculus,no_material_change,1.0,Both candidates are identical and correctly match the query.,,,,no_material_change,1.0,Both candidates are identical and correctly match the query.,
649,species,Parvicellular and Intermediate Reticular Nuclei,llm_accept_top1,HOMBA:12618,parvicellular reticular nucleus,HOMBA:12618,parvicellular reticular nucleus,both_wrong,0.8,"Query requests both parvicellular and intermediate reticular nuclei, but both candidates only provide parvicellular reticular nucleus, missing the intermediate part.",no_material_change,0.95,Baseline and improved candidate names are identical ('parvicellular reticular nucleus'). No material change.,no_material_change,0.95,Baseline and improved candidate names are identical ('parvicellular reticular nucleus'). No material change.,yes
650,species,Internal medullary lamina,llm_accept_top1,HOMBA:12062,internal medullary lamina of globus pallidus,HOMBA:12062,internal medullary lamina of globus pallidus,no_material_change,1.0,Both baseline and improved candidates are identical: 'internal medullary lamina of globus pallidus'.,,,,no_material_change,1.0,Both baseline and improved candidates are identical: 'internal medullary lamina of globus pallidus'.,
651,species,"Mediodorsal thalamic nucleus, central part",llm_accept_top1,HOMBA:10398,mediodorsal nucleus of thalamus,HOMBA:10398,mediodorsal nucleus of thalamus,no_material_change,1.0,Both baseline and improved candidates are identical: 'mediodorsal nucleus of thalamus'.,,,,no_material_change,1.0,Both baseline and improved candidates are identical: 'mediodorsal nucleus of thalamus'.,
652,species,Habenula (lateral part),llm_accept_top1,HOMBA:10452,habenular nuclei,HOMBA:10452,habenular nuclei,no_material_change,1.0,Both baseline and improved candidates are identical: 'habenular nuclei'.,,,,no_material_change,1.0,Both baseline and improved candidates are identical: 'habenular nuclei'.,
653,species,Habenula (medial part),llm_accept_top1,HOMBA:10452,habenular nuclei,HOMBA:10452,habenular nuclei,no_material_change,1.0,Both baseline and improved candidates are identical: 'habenular nuclei'.,,,,no_material_change,1.0,Both baseline and improved candidates are identical: 'habenular nuclei'.,
654,species,Paraventricular thalamic nuclei (anterior and posterior),llm_accept_top1,HOMBA:10457,paraventricular nucleus of thalamus,HOMBA:10457,paraventricular nucleus of thalamus,no_material_change,1.0,Both baseline and improved candidates are identical: 'paraventricular nucleus of thalamus'.,,,,no_material_change,1.0,Both baseline and improved candidates are identical: 'paraventricular nucleus of thalamus'.,
655,species,Zona incerta (caudal part),llm_accept_top1,HOMBA:10463,zona incerta,HOMBA:10463,zona incerta,no_material_change,1.0,"Both candidates are 'zona incerta', identical to each other; no difference despite query specifying a subregion.",,,,no_material_change,1.0,"Both candidates are 'zona incerta', identical to each other; no difference despite query specifying a subregion.",
656,species,Zona incerta (dorsal part),llm_accept_top1,HOMBA:10463,zona incerta,HOMBA:10463,zona incerta,no_material_change,1.0,"Both candidates are 'zona incerta', identical to each other; no difference despite query specifying a subregion.",,,,no_material_change,1.0,"Both candidates are 'zona incerta', identical to each other; no difference despite query specifying a subregion.",
657,species,Zona incerta (rostral part),llm_accept_top1,HOMBA:10463,zona incerta,HOMBA:10463,zona incerta,no_material_change,1.0,"Both candidates are 'zona incerta', identical to each other; no difference despite query specifying a subregion.",,,,no_material_change,1.0,"Both candidates are 'zona incerta', identical to each other; no difference despite query specifying a subregion.",
658,species,Zona incerta (ventral part),llm_accept_top1,HOMBA:10463,zona incerta,HOMBA:10463,zona incerta,no_material_change,1.0,"Both candidates are 'zona incerta', identical to each other; no difference despite query specifying a subregion.",,,,no_material_change,1.0,"Both candidates are 'zona incerta', identical to each other; no difference despite query specifying a subregion.",
659,species,Lateral Dorsal Thalamus,llm_accept_top1,HOMBA:10396,lateral dorsal nucleus of thalamus,HOMBA:10391,dorsal thalamus,improved_worse,0.9,"Baseline 'lateral dorsal nucleus of thalamus' matches query 'Lateral Dorsal Thalamus' (typically refers to that nucleus), while improved 'dorsal thalamus' is a broader region and less accurate.",improved_worse,0.9,"Query likely refers to the lateral dorsal nucleus of thalamus (a specific nucleus). Improved candidate 'dorsal thalamus' is a broader superstructure, making it less specific and thus worse.",improved_worse,0.9,"Query likely refers to the lateral dorsal nucleus of thalamus (a specific nucleus). Improved candidate 'dorsal thalamus' is a broader superstructure, making it less specific and thus worse.",yes
660,species,Central Medial Thalamus,llm_accept_top1,HOMBA:10445,central medial nucleus of thalamus,HOMBA:10445,central medial nucleus of thalamus,no_material_change,1.0,Both baseline and improved names are identical: 'central medial nucleus of thalamus'. No material change.,,,,no_material_change,1.0,Both baseline and improved names are identical: 'central medial nucleus of thalamus'. No material change.,
661,species,Ventral Medial Thalamus,llm_accept_top1,HOMBA:10427,ventral medial nucleus of thalamus,HOMBA:10427,ventral medial nucleus of thalamus,no_material_change,1.0,Both baseline and improved names are identical: 'ventral medial nucleus of thalamus'. No material change.,,,,no_material_change,1.0,Both baseline and improved names are identical: 'ventral medial nucleus of thalamus'. No material change.,
662,species,Pyramidal Tract Decussation,llm_accept_top1,HOMBA:12772,pyramidal decussation,HOMBA:12772,pyramidal decussation,no_material_change,1.0,Both baseline and improved names are identical: 'pyramidal decussation'. No material change.,,,,no_material_change,1.0,Both baseline and improved names are identical: 'pyramidal decussation'. No material change.,
663,species,Lateral Dorsal Tegmentum,llm_accept_top1,HOMBA:AA30457,lateral cell group of medulla tegmentum,HOMBA:AA30451,dorsal cell group of medulla tegmentum,both_wrong,0.8,"Query 'Lateral Dorsal Tegmentum' likely refers to a tegmental region not restricted to medulla; both candidates ('lateral cell group of medulla tegmentum', 'dorsal cell group of medulla tegmentum') are overly specific to medulla tegmentum and only partially match the query's modifiers. Neither is a reasonable match.",both_wrong,0.8,"Query 'Lateral Dorsal Tegmentum' requires both lateral and dorsal specification. Baseline captures only lateral, improved only dorsal; neither represents the combined region.",both_wrong,0.8,"Query 'Lateral Dorsal Tegmentum' requires both lateral and dorsal specification. Baseline captures only lateral, improved only dorsal; neither represents the combined region.",yes
664,species,Ventroposterior Medial and Lateral Thalamus,llm_accept_top1,HOMBA:10420,ventral lateral nucleus of thalamus,HOMBA:10408,lateral posterior nucleus of thalamus,both_wrong,0.8,Query 'Ventroposterior Medial and Lateral Thalamus' likely refers to the ventral posterior nucleus (medial and lateral parts). Baseline ('ventral lateral nucleus of thalamus') and improved ('lateral posterior nucleus of thalamus') are different nuclei and both incorrect.,both_wrong,0.9,Query 'Ventroposterior Medial and Lateral Thalamus' points to VPM and VPL nuclei. Neither baseline (ventral lateral nucleus) nor improved (lateral posterior nucleus) matches these.,both_wrong,0.9,Query 'Ventroposterior Medial and Lateral Thalamus' points to VPM and VPL nuclei. Neither baseline (ventral lateral nucleus) nor improved (lateral posterior nucleus) matches these.,yes
665,species,Posterior thalamic nuclear group (triangular part),llm_accept_top1,HOMBA:10440,posterior nucleus of thalamus,HOMBA:10440,posterior nucleus of thalamus,no_material_change,1.0,Both baseline and improved candidates are identical ('posterior nucleus of thalamus').,,,,no_material_change,1.0,Both baseline and improved candidates are identical ('posterior nucleus of thalamus').,
666,species,Ventromedial thalamic nucleus (posterior and basal),llm_accept_top1,HOMBA:10440,posterior nucleus of thalamus,HOMBA:10427,ventral medial nucleus of thalamus,improved_better,0.9,"Improved candidate 'ventral medial nucleus of thalamus' correctly matches 'ventromedial thalamic nucleus', while baseline 'posterior nucleus of thalamus' is incorrect.",,,,improved_better,0.9,"Improved candidate 'ventral medial nucleus of thalamus' correctly matches 'ventromedial thalamic nucleus', while baseline 'posterior nucleus of thalamus' is incorrect.",
667,species,Lateral Dorsal Amygdaloid Nucleus,llm_accept_top1,HOMBA:10367,lateral nucleus of amygdala,HOMBA:146034710,dorsal division of anterior amygdaloid area,needs_human_review,0.7,"Neither candidate precisely matches 'Lateral Dorsal Amygdaloid Nucleus'. Baseline is the general lateral nucleus (lacks 'dorsal'), improved is a different region (dorsal division of anterior amygdaloid area). Ambiguous mapping.",both_wrong,0.7,Query 'Lateral Dorsal Amygdaloid Nucleus' suggests a specific nucleus with lateral and dorsal features. Baseline ('lateral nucleus') and improved ('dorsal division of anterior amygdaloid area') each miss the other modifier and do not match the combined concept.,both_wrong,0.7,Query 'Lateral Dorsal Amygdaloid Nucleus' suggests a specific nucleus with lateral and dorsal features. Baseline ('lateral nucleus') and improved ('dorsal division of anterior amygdaloid area') each miss the other modifier and do not match the combined concept.,yes
668,species,"Dorsal cochlear nucleus, fusiform and granule layer",llm_accept_top1,HOMBA:12438,dorsal cochlear nucleus,HOMBA:12438,dorsal cochlear nucleus,no_material_change,1.0,"Both candidates are 'dorsal cochlear nucleus', identical.",,,,no_material_change,1.0,"Both candidates are 'dorsal cochlear nucleus', identical.",
669,species,Ventral Lateral Anterior Thalamus,llm_accept_top1,HOMBA:10417,ventral anterior nucleus of thalamus,HOMBA:10417,ventral anterior nucleus of thalamus,no_material_change,1.0,"Both candidates are 'ventral anterior nucleus of thalamus', identical.",,,,no_material_change,1.0,"Both candidates are 'ventral anterior nucleus of thalamus', identical.",
670,species,Lateral amygdaloid nucleus (dorsal),llm_accept_top1,HOMBA:10367,lateral nucleus of amygdala,HOMBA:10367,lateral nucleus of amygdala,no_material_change,1.0,Baseline and improved candidates are identical (lateral nucleus of amygdala).,,,,no_material_change,1.0,Baseline and improved candidates are identical (lateral nucleus of amygdala).,
671,species,Lateral amygdaloid nucleus (ventral),llm_accept_top1,HOMBA:10367,lateral nucleus of amygdala,HOMBA:10367,lateral nucleus of amygdala,no_material_change,1.0,Baseline and improved candidates are identical (lateral nucleus of amygdala).,,,,no_material_change,1.0,Baseline and improved candidates are identical (lateral nucleus of amygdala).,
672,species,"Ventral posterior nucleus of the thalamus, parvicellular part",llm_accept_top1,HOMBA:AA30312,parvicellular nucleus of posterior thalamus,HOMBA:AA30312,parvicellular nucleus of posterior thalamus,no_material_change,1.0,Baseline and improved candidates are identical (parvicellular nucleus of posterior thalamus).,,,,no_material_change,1.0,Baseline and improved candidates are identical (parvicellular nucleus of posterior thalamus).,
673,species,"Ventral cochlear nucleus, granule cell layer",llm_accept_top1,HOMBA:12439,ventral cochlear nucleus,HOMBA:12439,ventral cochlear nucleus,no_material_change,1.0,Baseline and improved candidates are identical (ventral cochlear nucleus).,,,,no_material_change,1.0,Baseline and improved candidates are identical (ventral cochlear nucleus).,
674,species,"Dorsal cochlear nucleus, molecular layer",llm_accept_top1,HOMBA:12438,dorsal cochlear nucleus,HOMBA:12438,dorsal cochlear nucleus,no_material_change,1.0,Baseline and improved candidates are identical (dorsal cochlear nucleus).,,,,no_material_change,1.0,Baseline and improved candidates are identical (dorsal cochlear nucleus).,
675,species,Medial geniculate complex (dorsal division),llm_accept_top1,HOMBA:AA30307,medial geniculate nuclear complex,HOMBA:AA30307,medial geniculate nuclear complex,no_material_change,1.0,"Baseline and improved names are identical, no difference between candidates.",,,,no_material_change,1.0,"Baseline and improved names are identical, no difference between candidates.",
676,species,Medial geniculate complex (ventral division),llm_accept_top1,HOMBA:AA30307,medial geniculate nuclear complex,HOMBA:AA30307,medial geniculate nuclear complex,no_material_change,1.0,"Baseline and improved names are identical, no difference between candidates.",,,,no_material_change,1.0,"Baseline and improved names are identical, no difference between candidates.",
677,species,"Reticular (pre)thalamic nucleus, auditory segment",llm_accept_top1,HOMBA:10464,reticular nucleus of thalamus,HOMBA:10464,reticular nucleus of thalamus,no_material_change,1.0,"Baseline and improved names are identical, no difference between candidates.",,,,no_material_change,1.0,"Baseline and improved names are identical, no difference between candidates.",
678,species,Intermediate+ventral Lateral Lemniscus Nuclei,llm_accept_top1,HOMBA:12456,intermediate nucleus of lateral lemniscus,HOMBA:12456,intermediate nucleus of lateral lemniscus,no_material_change,1.0,"Baseline and improved names are identical, no difference between candidates.",,,,no_material_change,1.0,"Baseline and improved names are identical, no difference between candidates.",
679,species,External globus pallidus (lateral part),llm_accept_top1,HOMBA:10343,external division of globus pallidus,HOMBA:10343,external division of globus pallidus,no_material_change,1.0,"Baseline and improved names are identical, no difference between candidates.",,,,no_material_change,1.0,"Baseline and improved names are identical, no difference between candidates.",
680,species,External globus pallidus (medial part),llm_accept_top1,HOMBA:10343,external division of globus pallidus,HOMBA:10343,external division of globus pallidus,no_material_change,1.0,Both baseline and improved candidates are identical: 'external division of globus pallidus'.,,,,no_material_change,1.0,Both baseline and improved candidates are identical: 'external division of globus pallidus'.,
681,species,Dorsal Paragigantocellular Reticular Nucleus,llm_accept_top1,HOMBA:12628,dorsal paragigantocellular nucleus,HOMBA:12628,dorsal paragigantocellular nucleus,no_material_change,1.0,Both baseline and improved candidates are identical: 'dorsal paragigantocellular nucleus'.,,,,no_material_change,1.0,Both baseline and improved candidates are identical: 'dorsal paragigantocellular nucleus'.,
682,species,"Ventral cochlear nucleus, posterior part",llm_accept_top1,HOMBA:12439,ventral cochlear nucleus,HOMBA:12439,ventral cochlear nucleus,no_material_change,1.0,Both baseline and improved candidates are identical: 'ventral cochlear nucleus'.,,,,no_material_change,1.0,Both baseline and improved candidates are identical: 'ventral cochlear nucleus'.,
683,species,"Dorsal cochlear nucleus, deep core",llm_accept_top1,HOMBA:12438,dorsal cochlear nucleus,HOMBA:12438,dorsal cochlear nucleus,no_material_change,1.0,Both baseline and improved candidates are identical: 'dorsal cochlear nucleus'.,,,,no_material_change,1.0,Both baseline and improved candidates are identical: 'dorsal cochlear nucleus'.,
684,species,"Globus pallidus external, lateral part",llm_accept_top1,HOMBA:10343,external division of globus pallidus,HOMBA:10343,external division of globus pallidus,no_material_change,1.0,Both baseline and improved candidates are identical: 'external division of globus pallidus'.,,,,no_material_change,1.0,Both baseline and improved candidates are identical: 'external division of globus pallidus'.,
685,species,"Globus pallidus external, medial part",llm_accept_top1,HOMBA:10343,external division of globus pallidus,HOMBA:10343,external division of globus pallidus,no_material_change,1.0,"Baseline and improved candidate names are identical. Both refer to the external division of globus pallidus, which is a parent structure of the queried medial part, but no change between candidates.",,,,no_material_change,1.0,"Baseline and improved candidate names are identical. Both refer to the external division of globus pallidus, which is a parent structure of the queried medial part, but no change between candidates.",
686,species,"Reticular (pre)thalamic nucleus, unspecified",llm_accept_top1,HOMBA:10464,reticular nucleus of thalamus,HOMBA:10464,reticular nucleus of thalamus,no_material_change,1.0,"Both candidates are 'reticular nucleus of thalamus', exactly matching the query concept. No material difference.",,,,no_material_change,1.0,"Both candidates are 'reticular nucleus of thalamus', exactly matching the query concept. No material difference.",
687,species,Lateral septal nucleus (rostral division),llm_accept_top1,HOMBA:10352,lateral septal nuclear complex,HOMBA:10352,lateral septal nuclear complex,no_material_change,1.0,"Both candidates are 'lateral septal nuclear complex', which encompasses the queried rostral division. No change between candidates.",,,,no_material_change,1.0,"Both candidates are 'lateral septal nuclear complex', which encompasses the queried rostral division. No change between candidates.",
688,species,Reticular (pre)thalamic nucleus,llm_accept_top1,HOMBA:10464,reticular nucleus of thalamus,HOMBA:10464,reticular nucleus of thalamus,no_material_change,1.0,"Both candidates are 'reticular nucleus of thalamus', matching the query. No material difference.",,,,no_material_change,1.0,"Both candidates are 'reticular nucleus of thalamus', matching the query. No material difference.",
689,species,Supra Geniculate,llm_accept_top1,HOMBA:AA30307,medial geniculate nuclear complex,HOMBA:AA30307,medial geniculate nuclear complex,no_material_change,1.0,"Both candidates are 'medial geniculate nuclear complex', which is a plausible parent for 'Supra Geniculate'. No change between candidates.",,,,no_material_change,1.0,"Both candidates are 'medial geniculate nuclear complex', which is a plausible parent for 'Supra Geniculate'. No change between candidates.",
690,species,Ventral Lateral X Thalamus,llm_accept_top1,HOMBA:10420,ventral lateral nucleus of thalamus,HOMBA:10420,ventral lateral nucleus of thalamus,no_material_change,1.0,"Baseline and improved candidates are identical, no material change.",,,,no_material_change,1.0,"Baseline and improved candidates are identical, no material change.",
691,species,Fields of Forel,llm_accept_top1,HOMBA:10462,nucleus of the field of Forel,HOMBA:10462,nucleus of the field of Forel,no_material_change,1.0,"Baseline and improved candidates are identical, no material change.",,,,no_material_change,1.0,"Baseline and improved candidates are identical, no material change.",
692,species,Subcallosal cortex,llm_accept_top1,HOMBA:10281,subgenual (subcallosal) cingulate cortex (area 25),HOMBA:10281,subgenual (subcallosal) cingulate cortex (area 25),no_material_change,1.0,"Baseline and improved candidates are identical, no material change.",,,,no_material_change,1.0,"Baseline and improved candidates are identical, no material change.",
693,species,Ventrolateral Tegmentum,llm_accept_top1,HOMBA:12416,pontine tegmentum,HOMBA:12416,pontine tegmentum,no_material_change,1.0,"Baseline and improved candidates are identical, no material change.",,,,no_material_change,1.0,"Baseline and improved candidates are identical, no material change.",
694,species,Centromedian and parafascicular thalamic complex,llm_accept_top1,HOMBA:10450,parafascicular nucleus of thalamus,HOMBA:10450,parafascicular nucleus of thalamus,no_material_change,1.0,"Baseline and improved candidates are identical, no material change.",,,,no_material_change,1.0,"Baseline and improved candidates are identical, no material change.",
695,species,Visceral Motor Nuclei,llm_accept_top1,HOMBA:12196,efferent nuclei of the cranial nerves in midbrain,HOMBA:12196,efferent nuclei of the cranial nerves in midbrain,no_material_change,1.0,Baseline and improved candidate names are identical; no material change.,,,,no_material_change,1.0,Baseline and improved candidate names are identical; no material change.,
696,species,Ventrolateral orbital area,llm_accept_top1,HOMBA:AA30533,orbital gyri,HOMBA:AA30533,orbital gyri,no_material_change,1.0,Baseline and improved candidate names are identical; no material change.,,,,no_material_change,1.0,Baseline and improved candidate names are identical; no material change.,
697,species,Dorsolateral orbital area,llm_accept_top1,HOMBA:AA30825,"dorsal fourth visual area (dorsolateral visual cortex, DL)",HOMBA:AA30825,"dorsal fourth visual area (dorsolateral visual cortex, DL)",no_material_change,1.0,Baseline and improved candidate names are identical; no material change.,,,,no_material_change,1.0,Baseline and improved candidate names are identical; no material change.,
698,species,Trapezoid Bundle Region,llm_accept_top1,HOMBA:12796,trapezoid body,HOMBA:12796,trapezoid body,no_material_change,1.0,Baseline and improved candidate names are identical; no material change.,,,,no_material_change,1.0,Baseline and improved candidate names are identical; no material change.,
699,species,Superior periolivary region,llm_accept_top1,HOMBA:12462,superior olivary complex,HOMBA:12462,superior olivary complex,no_material_change,1.0,Baseline and improved candidate names are identical; no material change.,,,,no_material_change,1.0,Baseline and improved candidate names are identical; no material change.,
700,species,Prelimbic area,llm_accept_top1,HOMBA:10280,"pregenual cingulate  cortex (area 32, prelimbic cortex)",HOMBA:10280,"pregenual cingulate  cortex (area 32, prelimbic cortex)",no_material_change,1.0,Baseline and improved names are identical; no material change.,,,,no_material_change,1.0,Baseline and improved names are identical; no material change.,
701,species,Infralimbic area,llm_accept_top1,HOMBA:AA30037,rostrodorsal division of A25 (infralimbic cortex),HOMBA:AA30037,rostrodorsal division of A25 (infralimbic cortex),no_material_change,1.0,Baseline and improved names are identical; no material change.,,,,no_material_change,1.0,Baseline and improved names are identical; no material change.,
702,species,Peri-basal region,llm_accept_top1,HOMBA:10349,basal forebrain,HOMBA:10349,basal forebrain,no_material_change,1.0,Baseline and improved names are identical; no material change.,,,,no_material_change,1.0,Baseline and improved names are identical; no material change.,
703,species,Paraventricular Posterior Thalamus,llm_accept_top1,HOMBA:10457,paraventricular nucleus of thalamus,HOMBA:10457,paraventricular nucleus of thalamus,no_material_change,1.0,Baseline and improved names are identical; no material change.,,,,no_material_change,1.0,Baseline and improved names are identical; no material change.,
704,species,Paraventricular Anterior Thalamus,llm_accept_top1,HOMBA:10457,paraventricular nucleus of thalamus,HOMBA:10457,paraventricular nucleus of thalamus,no_material_change,1.0,Baseline and improved names are identical; no material change.,,,,no_material_change,1.0,Baseline and improved names are identical; no material change.,
705,species,"Secondary visual area, lateral part",llm_accept_top1,HOMBA:AA30827,"ventral secondary visual cortex (ventral area 18, ventral area OB, area 18b)",HOMBA:AA30827,"ventral secondary visual cortex (ventral area 18, ventral area OB, area 18b)",no_material_change,0.95,Baseline and improved are identical entries matching the query.,,,,no_material_change,0.95,Baseline and improved are identical entries matching the query.,
706,species,"Secondary visual area, medial part",llm_accept_top1,HOMBA:AA30823,"dorsal secondary visual cortex (dorsal area 18, dorsal area OB, area 18a)",HOMBA:AA30823,"dorsal secondary visual cortex (dorsal area 18, dorsal area OB, area 18a)",no_material_change,0.95,Baseline and improved are identical entries matching the query.,,,,no_material_change,0.95,Baseline and improved are identical entries matching the query.,
707,corpus,Lateral intraparietal area (dorsal),llm_reject_top1,HOMBA:12227,"dorsal raphe nucleus, lateral division",HOMBA:267498979,lateral subdivision of area 7,improved_better,0.8,"Baseline refers to a brainstem nucleus, improved refers to a parietal cortical area (area 7) which is a plausible match for lateral intraparietal area, though modifier conflict suggests possible uncertainty.",,,,improved_better,0.8,"Baseline refers to a brainstem nucleus, improved refers to a parietal cortical area (area 7) which is a plausible match for lateral intraparietal area, though modifier conflict suggests possible uncertainty.",
708,corpus,Prefrontal area 46,llm_out_of_scope_for_rcs,HOMBA:10184,"rostroventral division of DFC (area 46, DFCv)",HOMBA:10184,"rostroventral division of DFC (area 46, DFCv)",no_material_change,0.95,Both entries identically match the query for prefrontal area 46.,,,,no_material_change,0.95,Both entries identically match the query for prefrontal area 46.,
709,corpus,Posterior opercular area POS2,llm_reject_top1,HOMBA:AA30485,caudal (posterior) branch of anterior commissure,HOMBA:AA30485,caudal (posterior) branch of anterior commissure,both_wrong,0.95,"Both candidates refer to a fiber tract, not the cortical opercular area POS2.",,,,both_wrong,0.95,"Both candidates refer to a fiber tract, not the cortical opercular area POS2.",
710,corpus,Ventral intraparietal area,llm_reject_top1,HOMBA:12261,ventral tegmental area,HOMBA:12187,anterior (ventral /principal) pretectal nucleus,both_wrong,1.0,Neither the baseline 'ventral tegmental area' nor the improved 'anterior pretectal nucleus' correspond to the 'ventral intraparietal area' which is a parietal lobe structure.,,,,both_wrong,1.0,Neither the baseline 'ventral tegmental area' nor the improved 'anterior pretectal nucleus' correspond to the 'ventral intraparietal area' which is a parietal lobe structure.,
711,corpus,Central opercular cortex (posterior),llm_reject_top1,HOMBA:AA30009,frontal motor cortex (posterior frontal cortex),HOMBA:AA30485,caudal (posterior) branch of anterior commissure,both_wrong,1.0,"Both candidates are not cortical opercular regions: baseline is frontal motor cortex, improved is a commissural fiber tract.",,,,both_wrong,1.0,"Both candidates are not cortical opercular regions: baseline is frontal motor cortex, improved is a commissural fiber tract.",
712,corpus,Central opercular cortex (anterior),llm_reject_top1,HOMBA:10318,lateral (rostral) entorhinal cortex,HOMBA:10278,anterior cingulate  cortex (ventromedial prefrontal cortex),both_wrong,1.0,"Neither candidate maps to the central opercular cortex: baseline is entorhinal cortex, improved is anterior cingulate cortex.",,,,both_wrong,1.0,"Neither candidate maps to the central opercular cortex: baseline is entorhinal cortex, improved is anterior cingulate cortex.",
713,corpus,Parietal area PF,llm_out_of_scope_for_rcs,HOMBA:10226,"rostral division of IPC (IPCr, area 40, area PF)",HOMBA:10226,"rostral division of IPC (IPCr, area 40, area PF)",no_material_change,1.0,Both candidates are identical and correctly match 'Parietal area PF' as rostral division of IPC (area PF).,,,,no_material_change,1.0,Both candidates are identical and correctly match 'Parietal area PF' as rostral division of IPC (area PF).,
714,corpus,Somatosensory area 3a,llm_out_of_scope_for_rcs,HOMBA:10209,"primary somatosensory cortex (first somatosensory cortex, areas 3,1,2)",HOMBA:10209,"primary somatosensory cortex (first somatosensory cortex, areas 3,1,2)",no_material_change,1.0,"Both candidates are the same concept 'primary somatosensory cortex (areas 3,1,2)' which includes area 3a, so no material change.",,,,no_material_change,1.0,"Both candidates are the same concept 'primary somatosensory cortex (areas 3,1,2)' which includes area 3a, so no material change.",
715,corpus,Somatosensory area 3b,llm_out_of_scope_for_rcs,HOMBA:10209,"primary somatosensory cortex (first somatosensory cortex, areas 3,1,2)",HOMBA:10209,"primary somatosensory cortex (first somatosensory cortex, areas 3,1,2)",both_wrong,1.0,"Query 'Somatosensory area 3b' is a specific subregion of the primary somatosensory cortex, but the candidate term 'primary somatosensory cortex (first somatosensory cortex, areas 3,1,2)' is a broader region encompassing multiple areas. Both baseline and improved are identical and do not match the specific query.",,,,both_wrong,1.0,"Query 'Somatosensory area 3b' is a specific subregion of the primary somatosensory cortex, but the candidate term 'primary somatosensory cortex (first somatosensory cortex, areas 3,1,2)' is a broader region encompassing multiple areas. Both baseline and improved are identical and do not match the specific query.",
716,corpus,Visual area V3A,llm_out_of_scope_for_rcs,HOMBA:10269,"primary visual cortex (first visual cortex, striate cortex, area 17, area OC)",HOMBA:10269,"primary visual cortex (first visual cortex, striate cortex, area 17, area OC)",both_wrong,1.0,"Query 'Visual area V3A' is an extrastriate visual area, not part of primary visual cortex. The candidate 'primary visual cortex (first visual cortex, striate cortex, area 17, area OC)' is incorrect. Both baseline and improved are identical and wrong.",,,,both_wrong,1.0,"Query 'Visual area V3A' is an extrastriate visual area, not part of primary visual cortex. The candidate 'primary visual cortex (first visual cortex, striate cortex, area 17, area OC)' is incorrect. Both baseline and improved are identical and wrong.",
717,corpus,Visual area V3B,llm_out_of_scope_for_rcs,HOMBA:10269,"primary visual cortex (first visual cortex, striate cortex, area 17, area OC)",HOMBA:10269,"primary visual cortex (first visual cortex, striate cortex, area 17, area OC)",both_wrong,1.0,"Query 'Visual area V3B' is an extrastriate visual area, not part of primary visual cortex. The candidate 'primary visual cortex' is incorrect. Both baseline and improved are identical and wrong.",,,,both_wrong,1.0,"Query 'Visual area V3B' is an extrastriate visual area, not part of primary visual cortex. The candidate 'primary visual cortex' is incorrect. Both baseline and improved are identical and wrong.",
718,corpus,Visual area V4,llm_out_of_scope_for_rcs,HOMBA:10269,"primary visual cortex (first visual cortex, striate cortex, area 17, area OC)",HOMBA:10269,"primary visual cortex (first visual cortex, striate cortex, area 17, area OC)",both_wrong,1.0,"Query 'Visual area V4' is an extrastriate visual area, not part of primary visual cortex. The candidate 'primary visual cortex' is incorrect. Both baseline and improved are identical and wrong.",,,,both_wrong,1.0,"Query 'Visual area V4' is an extrastriate visual area, not part of primary visual cortex. The candidate 'primary visual cortex' is incorrect. Both baseline and improved are identical and wrong.",
719,corpus,Visual area V6A,llm_out_of_scope_for_rcs,HOMBA:10269,"primary visual cortex (first visual cortex, striate cortex, area 17, area OC)",HOMBA:10269,"primary visual cortex (first visual cortex, striate cortex, area 17, area OC)",both_wrong,1.0,"Query 'Visual area V6A' is an extrastriate visual area, not part of primary visual cortex. The candidate 'primary visual cortex' is incorrect. Both baseline and improved are identical and wrong.",,,,both_wrong,1.0,"Query 'Visual area V6A' is an extrastriate visual area, not part of primary visual cortex. The candidate 'primary visual cortex' is incorrect. Both baseline and improved are identical and wrong.",
720,corpus,Visual area V8,llm_out_of_scope_for_rcs,HOMBA:10269,"primary visual cortex (first visual cortex, striate cortex, area 17, area OC)",HOMBA:10269,"primary visual cortex (first visual cortex, striate cortex, area 17, area OC)",no_material_change,1.0,Both baseline and improved return identical incorrect mapping (primary visual cortex) instead of V8; no change.,,,,no_material_change,1.0,Both baseline and improved return identical incorrect mapping (primary visual cortex) instead of V8; no change.,
721,corpus,Intracalcarine cortex (superior),llm_reject_top1,HOMBA:10215,superior medial parietal cortex,HOMBA:10243,caudal division of area 22,both_wrong,1.0,"Neither candidate matches the query: baseline is parietal, improved is temporal; query refers to occipital intracalcarine cortex.",,,,both_wrong,1.0,"Neither candidate matches the query: baseline is parietal, improved is temporal; query refers to occipital intracalcarine cortex.",
722,corpus,A8 catecholaminergic cell group,llm_out_of_scope_for_rcs,HOMBA:AA30843,A8 dopamine cell group,HOMBA:AA30843,A8 dopamine cell group,no_material_change,1.0,Both candidates correctly refer to A8 dopamine cell group; no change.,,,,no_material_change,1.0,Both candidates correctly refer to A8 dopamine cell group; no change.,
723,corpus,Somatosensory area 1,llm_out_of_scope_for_rcs,HOMBA:AA30014,area 1 of primary somatosensory cortex,HOMBA:AA30014,area 1 of primary somatosensory cortex,no_material_change,1.0,Both candidates correctly map to area 1 of primary somatosensory cortex; no change.,,,,no_material_change,1.0,Both candidates correctly map to area 1 of primary somatosensory cortex; no change.,
724,corpus,Somatosensory area 2,llm_out_of_scope_for_rcs,HOMBA:AA30015,area 2 of primary somatosensory cortex,HOMBA:AA30015,area 2 of primary somatosensory cortex,no_material_change,1.0,Both candidates correctly map to area 2 of primary somatosensory cortex; no change.,,,,no_material_change,1.0,Both candidates correctly map to area 2 of primary somatosensory cortex; no change.,
725,corpus,Intracalcarine cortex (inferior),llm_reject_top1,HOMBA:10225,inferior lateral parietal cortex,HOMBA:12879,"caudal (posterior, inferior) medullary velum",both_wrong,0.95,"Query 'Intracalcarine cortex (inferior)' refers to occipital lobe cortex. Baseline 'inferior lateral parietal cortex' is parietal, and improved 'caudal (posterior, inferior) medullary velum' is cerebellar/brainstem. Neither matches the query.",,,,both_wrong,0.95,"Query 'Intracalcarine cortex (inferior)' refers to occipital lobe cortex. Baseline 'inferior lateral parietal cortex' is parietal, and improved 'caudal (posterior, inferior) medullary velum' is cerebellar/brainstem. Neither matches the query.",
726,corpus,Anterior ventral insular area,llm_reject_top1,HOMBA:AA30890,anterior (ventral) spinal artery,HOMBA:12187,anterior (ventral /principal) pretectal nucleus,both_wrong,0.95,"Query 'Anterior ventral insular area' refers to insular cortex. Baseline 'anterior (ventral) spinal artery' is spinal cord, and improved 'anterior (ventral /principal) pretectal nucleus' is midbrain. Neither matches the query.",,,,both_wrong,0.95,"Query 'Anterior ventral insular area' refers to insular cortex. Baseline 'anterior (ventral) spinal artery' is spinal cord, and improved 'anterior (ventral /principal) pretectal nucleus' is midbrain. Neither matches the query.",
727,corpus,Posterior insular area,llm_reject_top1,HOMBA:AA30485,caudal (posterior) branch of anterior commissure,HOMBA:AA30485,caudal (posterior) branch of anterior commissure,no_material_change,1.0,"Baseline and improved candidates are identical ('caudal (posterior) branch of anterior commissure'), so there is no material change. Both are equally wrong for query 'Posterior insular area', but the change is nominal.",,,,no_material_change,1.0,"Baseline and improved candidates are identical ('caudal (posterior) branch of anterior commissure'), so there is no material change. Both are equally wrong for query 'Posterior insular area', but the change is nominal.",
728,corpus,Accessory trigeminal nucleus,llm_reject_top1,HOMBA:12419,accessory facial nucleus,HOMBA:12419,accessory facial nucleus,no_material_change,1.0,"Baseline and improved candidates are identical ('accessory facial nucleus'), so there is no material change. Both refer to facial nucleus, not trigeminal nucleus, but the candidates are equivalent.",,,,no_material_change,1.0,"Baseline and improved candidates are identical ('accessory facial nucleus'), so there is no material change. Both refer to facial nucleus, not trigeminal nucleus, but the candidates are equivalent.",
729,corpus,Temporal horn of the lateral ventricle,llm_reject_top1,HOMBA:10597,rostral horn of lateral ventricles,HOMBA:10597,rostral horn of lateral ventricles,no_material_change,1.0,"Baseline and improved candidates are identical ('rostral horn of lateral ventricles'), so there is no material change. Both are anterior horn, not temporal horn, but the candidates are equivalent.",,,,no_material_change,1.0,"Baseline and improved candidates are identical ('rostral horn of lateral ventricles'), so there is no material change. Both are anterior horn, not temporal horn, but the candidates are equivalent.",
730,corpus,Medial dorsal thalamic nucleus,llm_reject_top1,HOMBA:10445,central medial nucleus of thalamus,HOMBA:10398,mediodorsal nucleus of thalamus,improved_better,1.0,"Improved candidate 'mediodorsal nucleus of thalamus' is a synonym for the query 'Medial dorsal thalamic nucleus', while baseline 'central medial nucleus of thalamus' is a different nucleus.",,,,improved_better,1.0,"Improved candidate 'mediodorsal nucleus of thalamus' is a synonym for the query 'Medial dorsal thalamic nucleus', while baseline 'central medial nucleus of thalamus' is a different nucleus.",
731,corpus,Ventralis intermedius,llm_reject_top1,HOMBA:12187,anterior (ventral /principal) pretectal nucleus,HOMBA:12187,anterior (ventral /principal) pretectal nucleus,both_wrong,1.0,"Query 'Ventralis intermedius' refers to a thalamic nucleus (ventral intermediate nucleus), but both candidates are 'anterior (ventral/principal) pretectal nucleus', which is a different structure.",,,,both_wrong,1.0,"Query 'Ventralis intermedius' refers to a thalamic nucleus (ventral intermediate nucleus), but both candidates are 'anterior (ventral/principal) pretectal nucleus', which is a different structure.",
732,corpus,Frontoinsular area,llm_reject_top1,HOMBA:12176,insular lobe,HOMBA:12176,insular lobe,no_material_change,0.8,"Both candidates are 'insular lobe', which is a broader region than 'Frontoinsular area'; no difference between baseline and improved mapping.",,,,no_material_change,0.8,"Both candidates are 'insular lobe', which is a broader region than 'Frontoinsular area'; no difference between baseline and improved mapping.",
733,corpus,Prefrontal area 10pp,llm_out_of_scope_for_rcs,HOMBA:10172,prefrontal cortex,HOMBA:10172,prefrontal cortex,no_material_change,0.9,"Both candidates are 'prefrontal cortex', a parent structure of 'Prefrontal area 10pp'; no difference between baseline and improved.",,,,no_material_change,0.9,"Both candidates are 'prefrontal cortex', a parent structure of 'Prefrontal area 10pp'; no difference between baseline and improved.",
734,corpus,Area 55b,llm_out_of_scope_for_rcs,HOMBA:AA30011,area 55b of premotor cortex,HOMBA:AA30011,area 55b of premotor cortex,no_material_change,1.0,"Both candidates are 'area 55b of premotor cortex', which matches the query 'Area 55b'; no difference.",,,,no_material_change,1.0,"Both candidates are 'area 55b of premotor cortex', which matches the query 'Area 55b'; no difference.",
735,corpus,Paracentral area 5mv,llm_out_of_scope_for_rcs,HOMBA:10216,"rostral division of SPC (area 5, area PE)",HOMBA:10216,"rostral division of SPC (area 5, area PE)",no_material_change,1.0,"Both baseline and improved candidates are identical: 'rostral division of SPC (area 5, area PE)'. No material difference.",,,,no_material_change,1.0,"Both baseline and improved candidates are identical: 'rostral division of SPC (area 5, area PE)'. No material difference.",
736,corpus,Paracentral area 5L,llm_out_of_scope_for_rcs,HOMBA:12126,"paracentral lobule, rostral part",HOMBA:12126,"paracentral lobule, rostral part",no_material_change,1.0,"Both baseline and improved candidates are identical: 'paracentral lobule, rostral part'. No material difference.",,,,no_material_change,1.0,"Both baseline and improved candidates are identical: 'paracentral lobule, rostral part'. No material difference.",
737,corpus,Paracentral area 5m,llm_out_of_scope_for_rcs,HOMBA:12126,"paracentral lobule, rostral part",HOMBA:12126,"paracentral lobule, rostral part",no_material_change,1.0,"Both baseline and improved candidates are identical: 'paracentral lobule, rostral part'. No material difference.",,,,no_material_change,1.0,"Both baseline and improved candidates are identical: 'paracentral lobule, rostral part'. No material difference.",
738,corpus,Prefrontal area 10d,llm_out_of_scope_for_rcs,HOMBA:10172,prefrontal cortex,HOMBA:10172,prefrontal cortex,no_material_change,1.0,Both baseline and improved candidates are identical: 'prefrontal cortex'. No material difference.,,,,no_material_change,1.0,Both baseline and improved candidates are identical: 'prefrontal cortex'. No material difference.,
739,corpus,Prefrontal area 10r,llm_out_of_scope_for_rcs,HOMBA:10172,prefrontal cortex,HOMBA:10172,prefrontal cortex,no_material_change,1.0,Both baseline and improved candidates are identical: 'prefrontal cortex'. No material difference.,,,,no_material_change,1.0,Both baseline and improved candidates are identical: 'prefrontal cortex'. No material difference.,
740,corpus,Prefrontal area 47l,llm_out_of_scope_for_rcs,HOMBA:10172,prefrontal cortex,HOMBA:10172,prefrontal cortex,homba_gap_or_source_issue,0.95,"Query 'Prefrontal area 47l' is a specific subregion of prefrontal cortex not present in the ontology; both baseline and improved return the broader term 'prefrontal cortex' with low confidence, and role_hint indicates out-of-scope.",,,,homba_gap_or_source_issue,0.95,"Query 'Prefrontal area 47l' is a specific subregion of prefrontal cortex not present in the ontology; both baseline and improved return the broader term 'prefrontal cortex' with low confidence, and role_hint indicates out-of-scope.",
741,corpus,Prefrontal area 47m,llm_out_of_scope_for_rcs,HOMBA:10172,prefrontal cortex,HOMBA:10172,prefrontal cortex,homba_gap_or_source_issue,0.95,"Query 'Prefrontal area 47m' is a specific subregion not in ontology; both outputs are the same general term 'prefrontal cortex' with low confidence, indicative of ontology gap.",,,,homba_gap_or_source_issue,0.95,"Query 'Prefrontal area 47m' is a specific subregion not in ontology; both outputs are the same general term 'prefrontal cortex' with low confidence, indicative of ontology gap.",
742,corpus,Prefrontal area 47r,llm_out_of_scope_for_rcs,HOMBA:10172,prefrontal cortex,HOMBA:10172,prefrontal cortex,homba_gap_or_source_issue,0.95,"Query 'Prefrontal area 47r' is a specific subregion not in ontology; no change between baseline and improved, both return 'prefrontal cortex' with low confidence.",,,,homba_gap_or_source_issue,0.95,"Query 'Prefrontal area 47r' is a specific subregion not in ontology; no change between baseline and improved, both return 'prefrontal cortex' with low confidence.",
743,corpus,Prefrontal area 47s,llm_out_of_scope_for_rcs,HOMBA:10172,prefrontal cortex,HOMBA:10172,prefrontal cortex,homba_gap_or_source_issue,0.95,Query 'Prefrontal area 47s' is a specific subregion not in ontology; both outputs identical general term 'prefrontal cortex' with low confidence.,,,,homba_gap_or_source_issue,0.95,Query 'Prefrontal area 47s' is a specific subregion not in ontology; both outputs identical general term 'prefrontal cortex' with low confidence.,
744,corpus,Prefrontal area 8Ad,llm_out_of_scope_for_rcs,HOMBA:10172,prefrontal cortex,HOMBA:10172,prefrontal cortex,homba_gap_or_source_issue,0.95,"Query 'Prefrontal area 8Ad' is a specific subregion not in ontology; both baseline and improved return 'prefrontal cortex' with low confidence, indicating ontology gap.",,,,homba_gap_or_source_issue,0.95,"Query 'Prefrontal area 8Ad' is a specific subregion not in ontology; both baseline and improved return 'prefrontal cortex' with low confidence, indicating ontology gap.",
745,corpus,Prefrontal area 8Av,llm_out_of_scope_for_rcs,HOMBA:10172,prefrontal cortex,HOMBA:10172,prefrontal cortex,no_material_change,1.0,Both baseline and improved candidates are identical ('prefrontal cortex'). No change.,,,,no_material_change,1.0,Both baseline and improved candidates are identical ('prefrontal cortex'). No change.,
746,corpus,Prefrontal area 8BL,llm_out_of_scope_for_rcs,HOMBA:10172,prefrontal cortex,HOMBA:10172,prefrontal cortex,no_material_change,1.0,Both baseline and improved candidates are identical ('prefrontal cortex'). No change.,,,,no_material_change,1.0,Both baseline and improved candidates are identical ('prefrontal cortex'). No change.,
747,corpus,Prefrontal area 8BM,llm_out_of_scope_for_rcs,HOMBA:10172,prefrontal cortex,HOMBA:10172,prefrontal cortex,no_material_change,1.0,Both baseline and improved candidates are identical ('prefrontal cortex'). No change.,,,,no_material_change,1.0,Both baseline and improved candidates are identical ('prefrontal cortex'). No change.,
748,corpus,Prefrontal area 8C,llm_out_of_scope_for_rcs,HOMBA:10172,prefrontal cortex,HOMBA:10172,prefrontal cortex,no_material_change,1.0,Both baseline and improved candidates are identical ('prefrontal cortex'). No change.,,,,no_material_change,1.0,Both baseline and improved candidates are identical ('prefrontal cortex'). No change.,
749,corpus,Prefrontal area 9a,llm_out_of_scope_for_rcs,HOMBA:10172,prefrontal cortex,HOMBA:10172,prefrontal cortex,no_material_change,1.0,Both baseline and improved candidates are identical ('prefrontal cortex'). No change.,,,,no_material_change,1.0,Both baseline and improved candidates are identical ('prefrontal cortex'). No change.,
750,corpus,Prefrontal area 9m,llm_out_of_scope_for_rcs,HOMBA:10172,prefrontal cortex,HOMBA:10172,prefrontal cortex,no_material_change,0.95,"Baseline and improved names are identical ('prefrontal cortex'), both are too broad for specific query 'Prefrontal area 9m', but no change between candidates.",,,,no_material_change,0.95,"Baseline and improved names are identical ('prefrontal cortex'), both are too broad for specific query 'Prefrontal area 9m', but no change between candidates.",
751,corpus,Prefrontal area 9p,llm_out_of_scope_for_rcs,HOMBA:10172,prefrontal cortex,HOMBA:10172,prefrontal cortex,no_material_change,0.95,"Baseline and improved names are identical ('prefrontal cortex'), both are too broad for specific query 'Prefrontal area 9p', but no change between candidates.",,,,no_material_change,0.95,"Baseline and improved names are identical ('prefrontal cortex'), both are too broad for specific query 'Prefrontal area 9p', but no change between candidates.",
752,corpus,Vestigial hippocampal sulcus,llm_reject_top1,HOMBA:10560,hippocampal commissure,HOMBA:10560,hippocampal commissure,no_material_change,0.95,"Baseline and improved names are identical ('hippocampal commissure'), which does not match query 'Vestigial hippocampal sulcus' (sulcus vs commissure), but no change between candidates.",,,,no_material_change,0.95,"Baseline and improved names are identical ('hippocampal commissure'), which does not match query 'Vestigial hippocampal sulcus' (sulcus vs commissure), but no change between candidates.",
753,corpus,Cingulate area 24dd,llm_out_of_scope_for_rcs,HOMBA:10217,cingulate subdivision of area 5,HOMBA:10217,cingulate subdivision of area 5,no_material_change,0.95,"Baseline and improved names are identical ('cingulate subdivision of area 5'), which likely mismatches query 'Cingulate area 24dd', but no change between candidates.",,,,no_material_change,0.95,"Baseline and improved names are identical ('cingulate subdivision of area 5'), which likely mismatches query 'Cingulate area 24dd', but no change between candidates.",
754,corpus,Cingulate area 24dv,llm_out_of_scope_for_rcs,HOMBA:10217,cingulate subdivision of area 5,HOMBA:10217,cingulate subdivision of area 5,no_material_change,0.95,"Baseline and improved names are identical ('cingulate subdivision of area 5'), which likely mismatches query 'Cingulate area 24dv', but no change between candidates.",,,,no_material_change,0.95,"Baseline and improved names are identical ('cingulate subdivision of area 5'), which likely mismatches query 'Cingulate area 24dv', but no change between candidates.",
755,corpus,Opercular area OP2-3,llm_out_of_scope_for_rcs,HOMBA:266441161,opercular subdivision of area 44,HOMBA:266441161,opercular subdivision of area 44,no_material_change,1.0,Both baseline and improved candidates are identical.,,,,no_material_change,1.0,Both baseline and improved candidates are identical.,
756,corpus,Premotor area 6mp,llm_out_of_scope_for_rcs,HOMBA:10168,"premotor cortex (area 6, area FB, secondary motor cortex)",HOMBA:10168,"premotor cortex (area 6, area FB, secondary motor cortex)",no_material_change,1.0,Both baseline and improved candidates are identical.,,,,no_material_change,1.0,Both baseline and improved candidates are identical.,
757,corpus,Cingulate area 23c,llm_out_of_scope_for_rcs,HOMBA:10217,cingulate subdivision of area 5,HOMBA:10217,cingulate subdivision of area 5,no_material_change,1.0,Both baseline and improved candidates are identical.,,,,no_material_change,1.0,Both baseline and improved candidates are identical.,
758,corpus,Cingulate area 23d,llm_out_of_scope_for_rcs,HOMBA:10217,cingulate subdivision of area 5,HOMBA:10217,cingulate subdivision of area 5,no_material_change,1.0,Both baseline and improved candidates are identical.,,,,no_material_change,1.0,Both baseline and improved candidates are identical.,
759,corpus,Cingulate area 31a,llm_out_of_scope_for_rcs,HOMBA:10217,cingulate subdivision of area 5,HOMBA:10217,cingulate subdivision of area 5,no_material_change,1.0,Both baseline and improved candidates are identical.,,,,no_material_change,1.0,Both baseline and improved candidates are identical.,
760,corpus,Cingulate area a24,llm_out_of_scope_for_rcs,HOMBA:10217,cingulate subdivision of area 5,HOMBA:10217,cingulate subdivision of area 5,both_wrong,0.95,"Query 'Cingulate area a24' refers to a subdivision of cingulate area 24, but the candidate 'cingulate subdivision of area 5' is a different cortical area (area 5). Neither candidate correctly matches the query.",,,,both_wrong,0.95,"Query 'Cingulate area a24' refers to a subdivision of cingulate area 24, but the candidate 'cingulate subdivision of area 5' is a different cortical area (area 5). Neither candidate correctly matches the query.",
761,corpus,Cingulate area p24,llm_out_of_scope_for_rcs,HOMBA:10217,cingulate subdivision of area 5,HOMBA:10217,cingulate subdivision of area 5,both_wrong,0.95,"Query 'Cingulate area p24' refers to a subdivision of cingulate area 24, but the candidate 'cingulate subdivision of area 5' is a different cortical area (area 5). Neither candidate correctly matches the query.",,,,both_wrong,0.95,"Query 'Cingulate area p24' refers to a subdivision of cingulate area 24, but the candidate 'cingulate subdivision of area 5' is a different cortical area (area 5). Neither candidate correctly matches the query.",
762,corpus,Premotor area 6a,llm_out_of_scope_for_rcs,HOMBA:10168,"premotor cortex (area 6, area FB, secondary motor cortex)",HOMBA:10168,"premotor cortex (area 6, area FB, secondary motor cortex)",no_material_change,0.95,"Both baseline and improved candidates are identical 'premotor cortex (area 6, ...)', which is a parent term of 'Premotor area 6a'. No difference between candidates; mapping is plausible but not exact.",,,,no_material_change,0.95,"Both baseline and improved candidates are identical 'premotor cortex (area 6, ...)', which is a parent term of 'Premotor area 6a'. No difference between candidates; mapping is plausible but not exact.",
763,corpus,Premotor area 6d,llm_out_of_scope_for_rcs,HOMBA:10168,"premotor cortex (area 6, area FB, secondary motor cortex)",HOMBA:10168,"premotor cortex (area 6, area FB, secondary motor cortex)",no_material_change,0.95,"Both baseline and improved candidates are identical 'premotor cortex (area 6, ...)', which is a parent term of 'Premotor area 6d'. No difference between candidates.",,,,no_material_change,0.95,"Both baseline and improved candidates are identical 'premotor cortex (area 6, ...)', which is a parent term of 'Premotor area 6d'. No difference between candidates.",
764,corpus,Premotor area 6m,llm_out_of_scope_for_rcs,HOMBA:10168,"premotor cortex (area 6, area FB, secondary motor cortex)",HOMBA:10168,"premotor cortex (area 6, area FB, secondary motor cortex)",no_material_change,0.95,"Both baseline and improved candidates are identical 'premotor cortex (area 6, ...)', which is a parent term of 'Premotor area 6m'. No difference between candidates.",,,,no_material_change,0.95,"Both baseline and improved candidates are identical 'premotor cortex (area 6, ...)', which is a parent term of 'Premotor area 6m'. No difference between candidates.",
765,corpus,Premotor area 6r,llm_out_of_scope_for_rcs,HOMBA:10168,"premotor cortex (area 6, area FB, secondary motor cortex)",HOMBA:10168,"premotor cortex (area 6, area FB, secondary motor cortex)",no_material_change,1.0,Baseline and improved candidates are identical; no material change.,,,,no_material_change,1.0,Baseline and improved candidates are identical; no material change.,
766,corpus,Premotor area 6v,llm_out_of_scope_for_rcs,HOMBA:10168,"premotor cortex (area 6, area FB, secondary motor cortex)",HOMBA:10168,"premotor cortex (area 6, area FB, secondary motor cortex)",no_material_change,1.0,Baseline and improved candidates are identical; no material change.,,,,no_material_change,1.0,Baseline and improved candidates are identical; no material change.,
767,corpus,Centre median parafascicular complex,llm_reject_top1,HOMBA:10428,posterior nuclear complex of thalamus,HOMBA:10428,posterior nuclear complex of thalamus,no_material_change,1.0,Baseline and improved candidates are identical; no material change.,,,,no_material_change,1.0,Baseline and improved candidates are identical; no material change.,
768,corpus,Laterodorsal tegmentum,llm_reject_top1,HOMBA:12416,pontine tegmentum,HOMBA:12416,pontine tegmentum,no_material_change,1.0,Baseline and improved candidates are identical; no material change.,,,,no_material_change,1.0,Baseline and improved candidates are identical; no material change.,
769,corpus,Temporal area STSda,llm_out_of_scope_for_rcs,HOMBA:12139,temporal lobe,HOMBA:12139,temporal lobe,no_material_change,1.0,Baseline and improved candidates are identical; no material change.,,,,no_material_change,1.0,Baseline and improved candidates are identical; no material change.,
770,corpus,Temporal area STSdp,llm_out_of_scope_for_rcs,HOMBA:12139,temporal lobe,HOMBA:12139,temporal lobe,no_material_change,0.9,"Both baseline and improved map to 'temporal lobe', which is a plausible general region but not the specific subarea queried. No difference between candidates.",,,,no_material_change,0.9,"Both baseline and improved map to 'temporal lobe', which is a plausible general region but not the specific subarea queried. No difference between candidates.",
771,corpus,Temporal area STSva,llm_out_of_scope_for_rcs,HOMBA:12139,temporal lobe,HOMBA:12139,temporal lobe,no_material_change,0.9,"Both candidates are 'temporal lobe', identical. No material change.",,,,no_material_change,0.9,"Both candidates are 'temporal lobe', identical. No material change.",
772,corpus,Temporal area STSvp,llm_out_of_scope_for_rcs,HOMBA:12139,temporal lobe,HOMBA:12139,temporal lobe,no_material_change,0.9,"Both candidates are 'temporal lobe', identical. No material change.",,,,no_material_change,0.9,"Both candidates are 'temporal lobe', identical. No material change.",
773,corpus,Temporal area STGg,llm_out_of_scope_for_rcs,HOMBA:12139,temporal lobe,HOMBA:12139,temporal lobe,no_material_change,0.9,"Both candidates are 'temporal lobe', identical. No material change.",,,,no_material_change,0.9,"Both candidates are 'temporal lobe', identical. No material change.",
774,corpus,Supracalcarine cortex,llm_reject_top1,HOMBA:13322,dorsolateral temporal cortex,HOMBA:13322,dorsolateral temporal cortex,both_wrong,0.8,"Query 'Supracalcarine cortex' is in occipital lobe, but both candidates map to 'dorsolateral temporal cortex', which is in temporal lobe and not matching.",,,,both_wrong,0.8,"Query 'Supracalcarine cortex' is in occipital lobe, but both candidates map to 'dorsolateral temporal cortex', which is in temporal lobe and not matching.",
775,corpus,Temporal area TE1a,llm_out_of_scope_for_rcs,HOMBA:12139,temporal lobe,HOMBA:12139,temporal lobe,no_material_change,1.0,Both baseline and improved return the same name 'temporal lobe'. No material change.,,,,no_material_change,1.0,Both baseline and improved return the same name 'temporal lobe'. No material change.,
776,corpus,Temporal area TE1m,llm_out_of_scope_for_rcs,HOMBA:12139,temporal lobe,HOMBA:12139,temporal lobe,no_material_change,1.0,Both baseline and improved return the same name 'temporal lobe'. No material change.,,,,no_material_change,1.0,Both baseline and improved return the same name 'temporal lobe'. No material change.,
777,corpus,Temporal area TE1p,llm_out_of_scope_for_rcs,HOMBA:12139,temporal lobe,HOMBA:12139,temporal lobe,no_material_change,1.0,Both baseline and improved return the same name 'temporal lobe'. No material change.,,,,no_material_change,1.0,Both baseline and improved return the same name 'temporal lobe'. No material change.,
778,corpus,Temporal area TE2a,llm_out_of_scope_for_rcs,HOMBA:12139,temporal lobe,HOMBA:12139,temporal lobe,no_material_change,1.0,Both baseline and improved return the same name 'temporal lobe'. No material change.,,,,no_material_change,1.0,Both baseline and improved return the same name 'temporal lobe'. No material change.,
779,corpus,Forel's field H,llm_out_of_scope_for_rcs,HOMBA:AA30325,prerubral field (field H3),HOMBA:AA30325,prerubral field (field H3),no_material_change,1.0,Both baseline and improved return the same name 'prerubral field (field H3)'. No material change.,,,,no_material_change,1.0,Both baseline and improved return the same name 'prerubral field (field H3)'. No material change.,
780,corpus,Temporal area PSL,llm_out_of_scope_for_rcs,HOMBA:12139,temporal lobe,HOMBA:12139,temporal lobe,no_material_change,1.0,Both baseline and improved candidates are identical ('temporal lobe'). No material change.,,,,no_material_change,1.0,Both baseline and improved candidates are identical ('temporal lobe'). No material change.,
781,corpus,Temporal area TGd,llm_out_of_scope_for_rcs,HOMBA:12139,temporal lobe,HOMBA:12139,temporal lobe,no_material_change,1.0,Both baseline and improved candidates are identical ('temporal lobe'). No material change.,,,,no_material_change,1.0,Both baseline and improved candidates are identical ('temporal lobe'). No material change.,
782,corpus,Opercular area OP1,llm_out_of_scope_for_rcs,HOMBA:266441161,opercular subdivision of area 44,HOMBA:266441161,opercular subdivision of area 44,no_material_change,1.0,Both baseline and improved candidates are identical ('opercular subdivision of area 44'). No material change.,,,,no_material_change,1.0,Both baseline and improved candidates are identical ('opercular subdivision of area 44'). No material change.,
783,corpus,Opercular area OP4,llm_out_of_scope_for_rcs,HOMBA:266441161,opercular subdivision of area 44,HOMBA:266441161,opercular subdivision of area 44,no_material_change,1.0,Both baseline and improved candidates are identical ('opercular subdivision of area 44'). No material change.,,,,no_material_change,1.0,Both baseline and improved candidates are identical ('opercular subdivision of area 44'). No material change.,
784,corpus,Area PH,llm_reject_top1,HOMBA:10226,"rostral division of IPC (IPCr, area 40, area PF)",HOMBA:10226,"rostral division of IPC (IPCr, area 40, area PF)",no_material_change,1.0,Both baseline and improved candidates are identical ('rostral division of IPC'). No material change.,,,,no_material_change,1.0,Both baseline and improved candidates are identical ('rostral division of IPC'). No material change.,
785,corpus,Precuneal cortex,llm_reject_top1,HOMBA:10172,prefrontal cortex,HOMBA:10159,cerebral cortex,both_wrong,0.9,"Query 'Precuneal cortex' is a specific parietal lobe region. Baseline 'prefrontal cortex' is frontal lobe, improved 'cerebral cortex' is entire cortex. Neither is a reasonable match.",,,,both_wrong,0.9,"Query 'Precuneal cortex' is a specific parietal lobe region. Baseline 'prefrontal cortex' is frontal lobe, improved 'cerebral cortex' is entire cortex. Neither is a reasonable match.",
786,corpus,Prefrontal area 9-46d,llm_out_of_scope_for_rcs,HOMBA:10181,intermediate division of DFC (area 9/46),HOMBA:10181,intermediate division of DFC (area 9/46),no_material_change,1.0,"Both baseline and improved return the identical term 'intermediate division of DFC (area 9/46)', which is a synonym or equivalent concept for query 'Prefrontal area 9-46d'.",,,,no_material_change,1.0,"Both baseline and improved return the identical term 'intermediate division of DFC (area 9/46)', which is a synonym or equivalent concept for query 'Prefrontal area 9-46d'.",
787,corpus,Prefrontal area 9-46v,llm_out_of_scope_for_rcs,HOMBA:10181,intermediate division of DFC (area 9/46),HOMBA:10181,intermediate division of DFC (area 9/46),no_material_change,1.0,"Both baseline and improved return the identical term 'intermediate division of DFC (area 9/46)', which is a synonym or equivalent concept for query 'Prefrontal area 9-46v'.",,,,no_material_change,1.0,"Both baseline and improved return the identical term 'intermediate division of DFC (area 9/46)', which is a synonym or equivalent concept for query 'Prefrontal area 9-46v'.",
788,corpus,A1 catecholaminergic cell group,llm_out_of_scope_for_rcs,HOMBA:AA30843,A8 dopamine cell group,HOMBA:AA30843,A8 dopamine cell group,both_wrong,0.95,"Query 'A1 catecholaminergic cell group' refers to a noradrenergic cell group in the medulla, but both baseline and improved return 'A8 dopamine cell group', which is a different dopaminergic cell group in the midbrain. Neither is correct.",,,,both_wrong,0.95,"Query 'A1 catecholaminergic cell group' refers to a noradrenergic cell group in the medulla, but both baseline and improved return 'A8 dopamine cell group', which is a different dopaminergic cell group in the midbrain. Neither is correct.",
789,corpus,A4 catecholaminergic cell group,llm_out_of_scope_for_rcs,HOMBA:AA30843,A8 dopamine cell group,HOMBA:AA30843,A8 dopamine cell group,both_wrong,0.95,"Query 'A4 catecholaminergic cell group' refers to a noradrenergic cell group, but both baseline and improved return 'A8 dopamine cell group', which is a different dopaminergic cell group. Neither is correct.",,,,both_wrong,0.95,"Query 'A4 catecholaminergic cell group' refers to a noradrenergic cell group, but both baseline and improved return 'A8 dopamine cell group', which is a different dopaminergic cell group. Neither is correct.",
790,corpus,A5 catecholaminergic cell group,llm_out_of_scope_for_rcs,HOMBA:AA30843,A8 dopamine cell group,HOMBA:AA30843,A8 dopamine cell group,both_wrong,1.0,"Query is 'A5 catecholaminergic cell group', but both candidates are 'A8 dopamine cell group', which is a different cell group. Neither matches the query.",,,,both_wrong,1.0,"Query is 'A5 catecholaminergic cell group', but both candidates are 'A8 dopamine cell group', which is a different cell group. Neither matches the query.",
791,corpus,Insular area FOP1,llm_out_of_scope_for_rcs,HOMBA:12176,insular lobe,HOMBA:12176,insular lobe,no_material_change,0.8,"Both baseline and improved candidates are 'insular lobe', which is a broader region containing 'Insular area FOP1'. The candidates are identical and a plausible parent, so no material change.",,,,no_material_change,0.8,"Both baseline and improved candidates are 'insular lobe', which is a broader region containing 'Insular area FOP1'. The candidates are identical and a plausible parent, so no material change.",
792,corpus,Insular area FOP2,llm_out_of_scope_for_rcs,HOMBA:12176,insular lobe,HOMBA:12176,insular lobe,no_material_change,0.8,"Both baseline and improved candidates are 'insular lobe', which is a broader region containing 'Insular area FOP2'. The candidates are identical and a plausible parent, so no material change.",,,,no_material_change,0.8,"Both baseline and improved candidates are 'insular lobe', which is a broader region containing 'Insular area FOP2'. The candidates are identical and a plausible parent, so no material change.",
793,corpus,Insular area FOP3,llm_out_of_scope_for_rcs,HOMBA:12176,insular lobe,HOMBA:12176,insular lobe,no_material_change,0.8,"Both baseline and improved candidates are 'insular lobe', which is a broader region containing 'Insular area FOP3'. The candidates are identical and a plausible parent, so no material change.",,,,no_material_change,0.8,"Both baseline and improved candidates are 'insular lobe', which is a broader region containing 'Insular area FOP3'. The candidates are identical and a plausible parent, so no material change.",
794,corpus,Insular area FOP4,llm_out_of_scope_for_rcs,HOMBA:12176,insular lobe,HOMBA:12176,insular lobe,no_material_change,0.8,"Both baseline and improved candidates are 'insular lobe', which is a broader region containing 'Insular area FOP4'. The candidates are identical and a plausible parent, so no material change.",,,,no_material_change,0.8,"Both baseline and improved candidates are 'insular lobe', which is a broader region containing 'Insular area FOP4'. The candidates are identical and a plausible parent, so no material change.",
795,corpus,Insular area FOP5,llm_out_of_scope_for_rcs,HOMBA:12176,insular lobe,HOMBA:12176,insular lobe,no_material_change,1.0,Both baseline and improved candidates are identical (insular lobe). The query is more specific but the change is nominal.,,,,no_material_change,1.0,Both baseline and improved candidates are identical (insular lobe). The query is more specific but the change is nominal.,
796,corpus,Anterior intraparietal area,llm_reject_top1,HOMBA:AA30484,rostral (anterior) branch of anterior commissure,HOMBA:10362,anterior amygdaloid area,both_wrong,1.0,"Baseline is a commissural fiber tract, improved is an amygdaloid area; neither matches the query 'Anterior intraparietal area' which is a parietal cortical area.",,,,both_wrong,1.0,"Baseline is a commissural fiber tract, improved is an amygdaloid area; neither matches the query 'Anterior intraparietal area' which is a parietal cortical area.",
797,corpus,Cuneal cortex,llm_reject_top1,HOMBA:12308,external shell (cortex) of inferior colliculus,HOMBA:AA30018,posterior limiting parietal cortex,both_wrong,1.0,"Baseline is inferior colliculus cortex (midbrain), improved is posterior limiting parietal cortex; neither corresponds to cuneal cortex (occipital lobe).",,,,both_wrong,1.0,"Baseline is inferior colliculus cortex (midbrain), improved is posterior limiting parietal cortex; neither corresponds to cuneal cortex (occipital lobe).",
798,corpus,Temporal area TF,llm_out_of_scope_for_rcs,HOMBA:10260,lateral division of PHC (area TF),HOMBA:10260,lateral division of PHC (area TF),no_material_change,1.0,"Both candidates are identical (lateral division of PHC (area TF)), which correctly specifies area TF. No material change.",,,,no_material_change,1.0,"Both candidates are identical (lateral division of PHC (area TF)), which correctly specifies area TF. No material change.",
799,corpus,Parietal area IP0,llm_out_of_scope_for_rcs,HOMBA:12131,parietal lobe,HOMBA:12131,parietal lobe,no_material_change,1.0,"Both candidates are identical (parietal lobe). The query is a specific area IP0, but the change is nominal.",,,,no_material_change,1.0,"Both candidates are identical (parietal lobe). The query is a specific area IP0, but the change is nominal.",
800,corpus,Parietal area IP1,llm_out_of_scope_for_rcs,HOMBA:12131,parietal lobe,HOMBA:12131,parietal lobe,no_material_change,1.0,"Both baseline and improved candidates are 'parietal lobe', which is a broad region. The query specifies a more detailed subregion (IP1) but the mapping is identical for both, so no material difference.",,,,no_material_change,1.0,"Both baseline and improved candidates are 'parietal lobe', which is a broad region. The query specifies a more detailed subregion (IP1) but the mapping is identical for both, so no material difference.",
801,corpus,Parietal area IP2,llm_out_of_scope_for_rcs,HOMBA:12131,parietal lobe,HOMBA:12131,parietal lobe,no_material_change,1.0,"Both candidates are 'parietal lobe', same as baseline. No improvement or worsening; query-specific subregion (IP2) not captured.",,,,no_material_change,1.0,"Both candidates are 'parietal lobe', same as baseline. No improvement or worsening; query-specific subregion (IP2) not captured.",
802,corpus,Parietal area PFt,llm_out_of_scope_for_rcs,HOMBA:12131,parietal lobe,HOMBA:12131,parietal lobe,no_material_change,1.0,Both candidates are 'parietal lobe'. Query 'Parietal area PFt' is more specific; both give the same broad answer. No change.,,,,no_material_change,1.0,Both candidates are 'parietal lobe'. Query 'Parietal area PFt' is more specific; both give the same broad answer. No change.,
803,corpus,Parietal area PGi,llm_out_of_scope_for_rcs,HOMBA:12131,parietal lobe,HOMBA:12131,parietal lobe,no_material_change,1.0,Both candidates are 'parietal lobe'. Query 'Parietal area PGi' is more specific; both give identical broad mapping. No material change.,,,,no_material_change,1.0,Both candidates are 'parietal lobe'. Query 'Parietal area PGi' is more specific; both give identical broad mapping. No material change.,
804,corpus,Parietal area PGp,llm_out_of_scope_for_rcs,HOMBA:12131,parietal lobe,HOMBA:12131,parietal lobe,no_material_change,1.0,Both candidates are 'parietal lobe'. Query 'Parietal area PGp' is more specific; both give same broad answer. No material change.,,,,no_material_change,1.0,Both candidates are 'parietal lobe'. Query 'Parietal area PGp' is more specific; both give same broad answer. No material change.,
805,corpus,Parietal area PGs,llm_out_of_scope_for_rcs,HOMBA:12131,parietal lobe,HOMBA:12131,parietal lobe,no_material_change,1.0,"Both candidates are identical ('parietal lobe'), which is a higher-level region than the specific area 'Parietal area PGs'. No material difference.",,,,no_material_change,1.0,"Both candidates are identical ('parietal lobe'), which is a higher-level region than the specific area 'Parietal area PGs'. No material difference.",
806,corpus,Frontal area SFL,llm_out_of_scope_for_rcs,HOMBA:12113,frontal lobe,HOMBA:12113,frontal lobe,no_material_change,1.0,"Both candidates are identical ('frontal lobe'), which is a higher-level region than the specific area 'Frontal area SFL'. No material difference.",,,,no_material_change,1.0,"Both candidates are identical ('frontal lobe'), which is a higher-level region than the specific area 'Frontal area SFL'. No material difference.",
807,corpus,Parietal area PFm,llm_out_of_scope_for_rcs,HOMBA:12131,parietal lobe,HOMBA:12131,parietal lobe,no_material_change,1.0,"Both candidates are identical ('parietal lobe'), which is a higher-level region than the specific area 'Parietal area PFm'. No material difference.",,,,no_material_change,1.0,"Both candidates are identical ('parietal lobe'), which is a higher-level region than the specific area 'Parietal area PFm'. No material difference.",
808,corpus,Parietal area PFop,llm_out_of_scope_for_rcs,HOMBA:12131,parietal lobe,HOMBA:12131,parietal lobe,no_material_change,1.0,"Both candidates are identical ('parietal lobe'), which is a higher-level region than the specific area 'Parietal area PFop'. No material difference.",,,,no_material_change,1.0,"Both candidates are identical ('parietal lobe'), which is a higher-level region than the specific area 'Parietal area PFop'. No material difference.",
809,corpus,Parietal area PFcm,llm_out_of_scope_for_rcs,HOMBA:12131,parietal lobe,HOMBA:12131,parietal lobe,no_material_change,1.0,"Both candidates are identical ('parietal lobe'), which is a higher-level region than the specific area 'Parietal area PFcm'. No material difference.",,,,no_material_change,1.0,"Both candidates are identical ('parietal lobe'), which is a higher-level region than the specific area 'Parietal area PFcm'. No material difference.",
810,species,Centrolateral and Paracentral Thalamus,llm_reject_top1,HOMBA:10443,rostral intralaminar nuclei of thalamus,HOMBA:10443,rostral intralaminar nuclei of thalamus,no_material_change,1.0,"Both baseline and improved candidates are identical (rostral intralaminar nuclei of thalamus). Although the query specifies centrolateral and paracentral nuclei, the candidate is a broader term that includes them. No material difference between candidates.",,,,no_material_change,1.0,"Both baseline and improved candidates are identical (rostral intralaminar nuclei of thalamus). Although the query specifies centrolateral and paracentral nuclei, the candidate is a broader term that includes them. No material difference between candidates.",
811,species,"Ventral striatal region, unspecified",llm_reject_top1,HOMBA:12187,anterior (ventral /principal) pretectal nucleus,HOMBA:AA30195,ventral striatum (STRv),improved_better,1.0,"Baseline candidate 'anterior (ventral/principal) pretectal nucleus' is a midbrain structure unrelated to ventral striatum. Improved candidate 'ventral striatum (STRv)' correctly matches the query 'Ventral striatal region, unspecified'.",,,,improved_better,1.0,"Baseline candidate 'anterior (ventral/principal) pretectal nucleus' is a midbrain structure unrelated to ventral striatum. Improved candidate 'ventral striatum (STRv)' correctly matches the query 'Ventral striatal region, unspecified'.",
812,species,Fastigial Cerebellar Nucleus,llm_reject_top1,HOMBA:10660,cerebellar deep nuclei,HOMBA:10660,cerebellar deep nuclei,no_material_change,1.0,"Both baseline and improved candidates are identical ('cerebellar deep nuclei'). Although the query specifies one specific nucleus (fastigial), the candidate is the parent group, and since both are the same, there is no material change.",,,,no_material_change,1.0,"Both baseline and improved candidates are identical ('cerebellar deep nuclei'). Although the query specifies one specific nucleus (fastigial), the candidate is the parent group, and since both are the same, there is no material change.",
813,species,Saginum Nucleus,llm_reject_top1,HOMBA:12313,sagulum nucleus (nucleus sagulum),HOMBA:12313,sagulum nucleus (nucleus sagulum),no_material_change,1.0,"Both baseline and improved candidates are identical ('sagulum nucleus (nucleus sagulum)'). The query has a minor typo ('Saginum' vs 'sagulum'), but both candidates correctly match the intended structure. No material change.",,,,no_material_change,1.0,"Both baseline and improved candidates are identical ('sagulum nucleus (nucleus sagulum)'). The query has a minor typo ('Saginum' vs 'sagulum'), but both candidates correctly match the intended structure. No material change.",
814,species,"Primary somatosensory area, forelimb representation",llm_out_of_scope_for_rcs,HOMBA:10209,"primary somatosensory cortex (first somatosensory cortex, areas 3,1,2)",HOMBA:10209,"primary somatosensory cortex (first somatosensory cortex, areas 3,1,2)",no_material_change,1.0,"Both baseline and improved candidates are identical ('primary somatosensory cortex (first somatosensory cortex, areas 3,1,2)'). The query specifies a subregion (forelimb representation), but the candidate is the general area. No material difference between candidates.",,,,no_material_change,1.0,"Both baseline and improved candidates are identical ('primary somatosensory cortex (first somatosensory cortex, areas 3,1,2)'). The query specifies a subregion (forelimb representation), but the candidate is the general area. No material difference between candidates.",
815,species,"Primary somatosensory area, hindlimb representation",llm_out_of_scope_for_rcs,HOMBA:10209,"primary somatosensory cortex (first somatosensory cortex, areas 3,1,2)",HOMBA:10209,"primary somatosensory cortex (first somatosensory cortex, areas 3,1,2)",no_material_change,1.0,"Both baseline and improved candidates are identical and refer to the same general region, though the query is more specific.",,,,no_material_change,1.0,"Both baseline and improved candidates are identical and refer to the same general region, though the query is more specific.",
816,species,Perirhinal area 36,llm_out_of_scope_for_rcs,HOMBA:AA30025,perirhinal cortical region,HOMBA:AA30025,perirhinal cortical region,no_material_change,1.0,Both candidates are identical ('perirhinal cortical region').,,,,no_material_change,1.0,Both candidates are identical ('perirhinal cortical region').,
817,species,Orbital cortex (ventral),llm_reject_top1,HOMBA:12187,anterior (ventral /principal) pretectal nucleus,HOMBA:10194,orbital frontal cortex,improved_better,1.0,Baseline candidate (pretectal nucleus) is unrelated; improved candidate ('orbital frontal cortex') matches the query.,,,,improved_better,1.0,Baseline candidate (pretectal nucleus) is unrelated; improved candidate ('orbital frontal cortex') matches the query.,
818,species,Ethmoid-Limitans nucleus,llm_reject_top1,HOMBA:AA30314,ethmoid thalamic nucleus,HOMBA:AA30314,ethmoid thalamic nucleus,no_material_change,1.0,"Both candidates are identical ('ethmoid thalamic nucleus'). The query 'Ethmoid-Limitans nucleus' may be distinct, but no material change between baseline and improved.",,,,no_material_change,1.0,"Both candidates are identical ('ethmoid thalamic nucleus'). The query 'Ethmoid-Limitans nucleus' may be distinct, but no material change between baseline and improved.",
819,species,"Primary somatosensory area, trunk representation",llm_out_of_scope_for_rcs,HOMBA:10209,"primary somatosensory cortex (first somatosensory cortex, areas 3,1,2)",HOMBA:10209,"primary somatosensory cortex (first somatosensory cortex, areas 3,1,2)",no_material_change,1.0,"Both candidates are identical and refer to the same general region, though the query is more specific.",,,,no_material_change,1.0,"Both candidates are identical and refer to the same general region, though the query is more specific.",
820,species,"Supratemporal plane, posterior",llm_reject_top1,HOMBA:AA30485,caudal (posterior) branch of anterior commissure,HOMBA:AA30485,caudal (posterior) branch of anterior commissure,both_wrong,0.95,"Query 'Supratemporal plane, posterior' refers to a cortical region, but both candidates name 'caudal (posterior) branch of anterior commissure', which is a white matter tract. No reasonable match.",,,,both_wrong,0.95,"Query 'Supratemporal plane, posterior' refers to a cortical region, but both candidates name 'caudal (posterior) branch of anterior commissure', which is a white matter tract. No reasonable match.",
821,species,"Lateral parietal cortex, superior",llm_reject_top1,HOMBA:10215,superior medial parietal cortex,HOMBA:10215,superior medial parietal cortex,both_wrong,0.95,"Query specifies 'Lateral parietal cortex, superior', but candidate is 'superior medial parietal cortex', which is a different region (medial vs lateral). Neither candidate matches.",,,,both_wrong,0.95,"Query specifies 'Lateral parietal cortex, superior', but candidate is 'superior medial parietal cortex', which is a different region (medial vs lateral). Neither candidate matches.",
822,species,Perirhinal area 35,llm_out_of_scope_for_rcs,HOMBA:10320,perirhinal cortex (area 35),HOMBA:10320,perirhinal cortex (area 35),no_material_change,0.99,Query 'Perirhinal area 35' exactly matches the candidate 'perirhinal cortex (area 35)'. Candidates are identical and correct.,,,,no_material_change,0.99,Query 'Perirhinal area 35' exactly matches the candidate 'perirhinal cortex (area 35)'. Candidates are identical and correct.,
823,species,"Primary somatosensory area, face representation",llm_out_of_scope_for_rcs,HOMBA:10209,"primary somatosensory cortex (first somatosensory cortex, areas 3,1,2)",HOMBA:10209,"primary somatosensory cortex (first somatosensory cortex, areas 3,1,2)",no_material_change,0.95,Both candidates are 'primary somatosensory cortex ...' which is the parent structure of the query's 'face representation'. Candidates are identical and the difference is only specificity; no material change.,,,,no_material_change,0.95,Both candidates are 'primary somatosensory cortex ...' which is the parent structure of the query's 'face representation'. Candidates are identical and the difference is only specificity; no material change.,
824,species,Nucleus of the stria medullaris,llm_reject_top1,HOMBA:10590,stria medullaris of thalamus,HOMBA:10590,stria medullaris of thalamus,both_wrong,0.95,"Query 'Nucleus of the stria medullaris' refers to a nucleus, but candidate 'stria medullaris of thalamus' is a fiber tract. Neither candidate matches the query.",,,,both_wrong,0.95,"Query 'Nucleus of the stria medullaris' refers to a nucleus, but candidate 'stria medullaris of thalamus' is a fiber tract. Neither candidate matches the query.",
825,species,"Central opercular cortex, posterior",llm_reject_top1,HOMBA:AA30009,frontal motor cortex (posterior frontal cortex),HOMBA:12841,"lobule III (central lobule and wing, posterior part)",both_wrong,0.8,"Neither 'frontal motor cortex' nor 'lobule III (cerebellar)' match the query 'Central opercular cortex, posterior'; the query refers to a cortical region, not motor cortex or cerebellum.",,,,both_wrong,0.8,"Neither 'frontal motor cortex' nor 'lobule III (cerebellar)' match the query 'Central opercular cortex, posterior'; the query refers to a cortical region, not motor cortex or cerebellum.",
826,species,"Laterodorsal thalamic nucleus, ventrolateral part",llm_reject_top1,HOMBA:10443,rostral intralaminar nuclei of thalamus,HOMBA:12519,laterodorsal tegmental nucleus,both_wrong,0.8,"Neither 'rostral intralaminar nuclei' (thalamic but wrong nucleus) nor 'laterodorsal tegmental nucleus' (brainstem) match the thalamic query 'Laterodorsal thalamic nucleus, ventrolateral part'.",,,,both_wrong,0.8,"Neither 'rostral intralaminar nuclei' (thalamic but wrong nucleus) nor 'laterodorsal tegmental nucleus' (brainstem) match the thalamic query 'Laterodorsal thalamic nucleus, ventrolateral part'.",
827,species,Anterior Interposed Cerebellar Nucleus,llm_reject_top1,HOMBA:12471,pontine raphe region,HOMBA:12471,pontine raphe region,no_material_change,0.95,"Baseline and improved candidates are identical ('pontine raphe region'), and neither matches the cerebellar nucleus query; no material difference between candidates.",,,,no_material_change,0.95,"Baseline and improved candidates are identical ('pontine raphe region'), and neither matches the cerebellar nucleus query; no material difference between candidates.",
828,species,Frontal association cortex,llm_out_of_scope_for_rcs,HOMBA:10161,frontal cortex,HOMBA:10161,frontal cortex,no_material_change,0.95,"Both candidates are 'frontal cortex', which is a broader region than the query 'Frontal association cortex'; no material difference between candidates.",,,,no_material_change,0.95,"Both candidates are 'frontal cortex', which is a broader region than the query 'Frontal association cortex'; no material difference between candidates.",
829,species,"Laterodorsal thalamic nucleus, dorsomedial part",llm_reject_top1,HOMBA:AA30276,ventral midline nuclei of thalamus,HOMBA:AA30276,ventral midline nuclei of thalamus,no_material_change,0.95,"Baseline and improved candidates are identical ('ventral midline nuclei of thalamus'), and neither matches the specific thalamic nucleus query; no material change.",,,,no_material_change,0.95,"Baseline and improved candidates are identical ('ventral midline nuclei of thalamus'), and neither matches the specific thalamic nucleus query; no material change.",
830,species,Posterior Interposed Cerebellar Nucleus,llm_reject_top1,HOMBA:12844,posterior lobe of cerebellar cortex,HOMBA:12844,posterior lobe of cerebellar cortex,both_wrong,0.95,"Query 'Posterior Interposed Cerebellar Nucleus' refers to a deep cerebellar nucleus, but the candidate 'posterior lobe of cerebellar cortex' is a cortical region, not a nucleus. Both are incorrect.",,,,both_wrong,0.95,"Query 'Posterior Interposed Cerebellar Nucleus' refers to a deep cerebellar nucleus, but the candidate 'posterior lobe of cerebellar cortex' is a cortical region, not a nucleus. Both are incorrect.",
831,species,"Primary somatosensory area, dysgranular zone",llm_out_of_scope_for_rcs,HOMBA:10209,"primary somatosensory cortex (first somatosensory cortex, areas 3,1,2)",HOMBA:10209,"primary somatosensory cortex (first somatosensory cortex, areas 3,1,2)",no_material_change,0.9,"Both candidates are identical and correctly identify the broad primary somatosensory cortex, but the query specifies a dysgranular zone. However, since there is no difference between baseline and improved, it is no material change.",,,,no_material_change,0.9,"Both candidates are identical and correctly identify the broad primary somatosensory cortex, but the query specifies a dysgranular zone. However, since there is no difference between baseline and improved, it is no material change.",
832,species,Septimbrial nucleus,llm_reject_top1,HOMBA:13032,septofimbrial nucleus,HOMBA:13032,septofimbrial nucleus,no_material_change,0.95,"Both candidates are the same 'septofimbrial nucleus', which is the accepted name for the structure likely intended by the query 'Septimbrial nucleus'. No material change between outputs.",,,,no_material_change,0.95,"Both candidates are the same 'septofimbrial nucleus', which is the accepted name for the structure likely intended by the query 'Septimbrial nucleus'. No material change between outputs.",
833,species,Ventroposterior medial and lateral thalamic nuclei,llm_reject_top1,HOMBA:11515,medial subdivision of LaV,HOMBA:11515,medial subdivision of LaV,both_wrong,0.95,"Query 'Ventroposterior medial and lateral thalamic nuclei' refers to VPM and VPL of thalamus, but the candidate 'medial subdivision of LaV' is a different structure (lateral ventral nucleus). Both outputs are incorrect.",,,,both_wrong,0.95,"Query 'Ventroposterior medial and lateral thalamic nuclei' refers to VPM and VPL of thalamus, but the candidate 'medial subdivision of LaV' is a different structure (lateral ventral nucleus). Both outputs are incorrect.",
834,species,Ventral orbital area,llm_reject_top1,HOMBA:12261,ventral tegmental area,HOMBA:12187,anterior (ventral /principal) pretectal nucleus,both_wrong,0.95,"Query 'Ventral orbital area' is a cortical region, but baseline 'ventral tegmental area' and improved 'anterior pretectal nucleus' are both midbrain structures. Neither matches the query.",,,,both_wrong,0.95,"Query 'Ventral orbital area' is a cortical region, but baseline 'ventral tegmental area' and improved 'anterior pretectal nucleus' are both midbrain structures. Neither matches the query.",
835,species,Caudate putamen,llm_reject_top1,HOMBA:146034746,caudate-putamen cell bridges,HOMBA:146034746,caudate-putamen cell bridges,no_material_change,1.0,Baseline and improved candidate names are identical: caudate-putamen cell bridges.,,,,no_material_change,1.0,Baseline and improved candidate names are identical: caudate-putamen cell bridges.,
836,species,Lateral Cerebellar Nucleus,llm_reject_top1,HOMBA:AA30564,lateral region of cerebellar hemisphere,HOMBA:AA30564,lateral region of cerebellar hemisphere,no_material_change,1.0,Baseline and improved candidate names are identical: lateral region of cerebellar hemisphere.,,,,no_material_change,1.0,Baseline and improved candidate names are identical: lateral region of cerebellar hemisphere.,
837,species,Ventroposterior inferior thalamic nucleus,llm_reject_top1,HOMBA:10409,pulvinar of thalamus,HOMBA:10448,caudal intralaminar nuclei of thalamus,both_wrong,0.85,"Neither baseline (pulvinar of thalamus) nor improved (caudal intralaminar nuclei of thalamus) accurately represent the query 'Ventroposterior inferior thalamic nucleus', which is a distinct ventral posterior nucleus.",,,,both_wrong,0.85,"Neither baseline (pulvinar of thalamus) nor improved (caudal intralaminar nuclei of thalamus) accurately represent the query 'Ventroposterior inferior thalamic nucleus', which is a distinct ventral posterior nucleus.",
838,species,"Piriform cortex, layer 1",llm_out_of_scope_for_rcs,HOMBA:10311,piriform cortex,HOMBA:10311,piriform cortex,no_material_change,1.0,"Both candidates are 'piriform cortex', which is a parent structure to the query's layer 1; no difference between candidates.",,,,no_material_change,1.0,"Both candidates are 'piriform cortex', which is a parent structure to the query's layer 1; no difference between candidates.",
839,species,"Piriform cortex, layer 2",llm_out_of_scope_for_rcs,HOMBA:10311,piriform cortex,HOMBA:10311,piriform cortex,no_material_change,1.0,"Both candidates are 'piriform cortex', which is a parent structure to the query's layer 2; no difference between candidates.",,,,no_material_change,1.0,"Both candidates are 'piriform cortex', which is a parent structure to the query's layer 2; no difference between candidates.",
840,species,"Piriform cortex, layer 3",llm_out_of_scope_for_rcs,HOMBA:10311,piriform cortex,HOMBA:10311,piriform cortex,no_material_change,1.0,"Both candidates are 'piriform cortex', identical to each other but missing 'layer 3' specification; no material difference between baseline and improved.",,,,no_material_change,1.0,"Both candidates are 'piriform cortex', identical to each other but missing 'layer 3' specification; no material difference between baseline and improved.",
841,species,Orbital cortex (ventrolateral),llm_reject_top1,HOMBA:13324,ventrolateral temporal cortex,HOMBA:13324,ventrolateral temporal cortex,both_wrong,1.0,"Query 'Orbital cortex (ventrolateral)' refers to frontal lobe orbital cortex, but both candidates give 'ventrolateral temporal cortex', a different structure. Neither matches.",,,,both_wrong,1.0,"Query 'Orbital cortex (ventrolateral)' refers to frontal lobe orbital cortex, but both candidates give 'ventrolateral temporal cortex', a different structure. Neither matches.",
842,species,Centrolateral and paracentral thalamic nuclei,llm_reject_top1,HOMBA:10443,rostral intralaminar nuclei of thalamus,HOMBA:10446,paracentral nucleus of thalamus,improved_worse,0.8,"Query asks for 'centrolateral and paracentral thalamic nuclei' together. Baseline 'rostral intralaminar nuclei of thalamus' is a correct group term for these two nuclei. Improved 'paracentral nucleus of thalamus' is only one component, making it less correct than the baseline.",,,,improved_worse,0.8,"Query asks for 'centrolateral and paracentral thalamic nuclei' together. Baseline 'rostral intralaminar nuclei of thalamus' is a correct group term for these two nuclei. Improved 'paracentral nucleus of thalamus' is only one component, making it less correct than the baseline.",
843,species,Interanteromedial Thalamus,llm_reject_top1,HOMBA:AA30276,ventral midline nuclei of thalamus,HOMBA:13048,interanteromedial nucleus of thalamus,improved_better,1.0,"Improved 'interanteromedial nucleus of thalamus' exactly matches the query 'Interanteromedial Thalamus'. Baseline 'ventral midline nuclei of thalamus' is a broader parent group, less specific. Improved is more correct.",,,,improved_better,1.0,"Improved 'interanteromedial nucleus of thalamus' exactly matches the query 'Interanteromedial Thalamus'. Baseline 'ventral midline nuclei of thalamus' is a broader parent group, less specific. Improved is more correct.",
844,species,Stria medullaris thalami,llm_reject_top1,HOMBA:10590,stria medullaris of thalamus,HOMBA:10590,stria medullaris of thalamus,no_material_change,1.0,"Both candidates are 'stria medullaris of thalamus', equivalent to query 'Stria medullaris thalami'. No material difference.",,,,no_material_change,1.0,"Both candidates are 'stria medullaris of thalamus', equivalent to query 'Stria medullaris thalami'. No material difference.",
845,species,Basomedial amygdaloid nucleus,llm_reject_top1,HOMBA:10366,basolateral nuclear group of amygdala,HOMBA:10369,basomedial nucleus (accessory basal nucleus) of amygdala,improved_better,0.95,"Improved candidate is the specific nucleus request (basomedial nucleus), while baseline is a broader group (basolateral nuclear group).",,,,improved_better,0.95,"Improved candidate is the specific nucleus request (basomedial nucleus), while baseline is a broader group (basolateral nuclear group).",
846,species,Optic tract and optic chiasm,llm_reject_top1,HOMBA:10644,optic chiasm,HOMBA:10644,optic chiasm,no_material_change,1.0,"Both baseline and improved are identical terms 'optic chiasm', which only partially matches the query (missing optic tract).",,,,no_material_change,1.0,"Both baseline and improved are identical terms 'optic chiasm', which only partially matches the query (missing optic tract).",
847,species,Intermediodorsal Thalamus,llm_reject_top1,HOMBA:AA30274,dorsal midline nuclei of thalamus,HOMBA:13049,intermediodorsal  nucleus of thalamus,improved_better,0.95,"Improved candidate is the specific intermediodorsal nucleus, matching the query exactly, while baseline is a broader group (dorsal midline nuclei).",,,,improved_better,0.95,"Improved candidate is the specific intermediodorsal nucleus, matching the query exactly, while baseline is a broader group (dorsal midline nuclei).",
848,species,Superior Olive,llm_reject_top1,HOMBA:12470,medial superior olivary nucleus,HOMBA:12470,medial superior olivary nucleus,no_material_change,1.0,"Both baseline and improved are identical terms 'medial superior olivary nucleus', which is a subnucleus of the superior olive but not the exact query.",,,,no_material_change,1.0,"Both baseline and improved are identical terms 'medial superior olivary nucleus', which is a subnucleus of the superior olive but not the exact query.",
849,species,Pedunculopontine Nucleus,llm_reject_top1,HOMBA:12406,pontine nucleus,HOMBA:12406,pontine nucleus,both_wrong,0.9,"Both baseline and improved give 'pontine nucleus', which is a different structure from the query 'Pedunculopontine Nucleus'.",,,,both_wrong,0.9,"Both baseline and improved give 'pontine nucleus', which is a different structure from the query 'Pedunculopontine Nucleus'.",
850,species,Ventrolateral thalamic nucleus,llm_reject_top1,HOMBA:10443,rostral intralaminar nuclei of thalamus,HOMBA:10420,ventral lateral nucleus of thalamus,improved_better,0.9,"Improved candidate 'ventral lateral nucleus of thalamus' directly matches the query 'Ventrolateral thalamic nucleus', while baseline 'rostral intralaminar nuclei' is a different group.",,,,improved_better,0.9,"Improved candidate 'ventral lateral nucleus of thalamus' directly matches the query 'Ventrolateral thalamic nucleus', while baseline 'rostral intralaminar nuclei' is a different group.",
851,species,Kolliker-Fuse Nucleus,llm_reject_top1,HOMBA:12518,Koelliker-Fuse nucleus,HOMBA:12518,Koelliker-Fuse nucleus,no_material_change,0.95,Both candidates are the same structure with only a spelling variation (Koelliker-Fuse vs Kolliker-Fuse).,,,,no_material_change,0.95,Both candidates are the same structure with only a spelling variation (Koelliker-Fuse vs Kolliker-Fuse).,
852,species,Laterodorsal thalamic nucleus,llm_reject_top1,HOMBA:10393,anterodorsal nucleus of thalamus,HOMBA:10396,lateral dorsal nucleus of thalamus,improved_better,0.9,"Improved candidate 'lateral dorsal nucleus of thalamus' matches the query 'Laterodorsal thalamic nucleus', while baseline 'anterodorsal nucleus' is a different nucleus.",,,,improved_better,0.9,"Improved candidate 'lateral dorsal nucleus of thalamus' matches the query 'Laterodorsal thalamic nucleus', while baseline 'anterodorsal nucleus' is a different nucleus.",
853,species,Intergeniculate leaflet,llm_reject_top1,HOMBA:AA30305,intergeniculate leaf,HOMBA:AA30305,intergeniculate leaf,no_material_change,0.9,Both candidates refer to the same structure; 'leaf' is a synonym for 'leaflet'.,,,,no_material_change,0.9,Both candidates refer to the same structure; 'leaf' is a synonym for 'leaflet'.,
854,species,Juxtaparaventricular nucleus,llm_reject_top1,HOMBA:10457,paraventricular nucleus of thalamus,HOMBA:10457,paraventricular nucleus of thalamus,both_wrong,0.7,"Neither candidate matches the query 'Juxtaparaventricular nucleus'; both give 'paraventricular nucleus of thalamus', which is a distinct structure.",,,,both_wrong,0.7,"Neither candidate matches the query 'Juxtaparaventricular nucleus'; both give 'paraventricular nucleus of thalamus', which is a distinct structure.",
855,species,Precuneiform Nucleus,llm_reject_top1,HOMBA:12240,cuneiform nucleus,HOMBA:12240,cuneiform nucleus,both_wrong,0.9,"Query 'Precuneiform Nucleus' is a distinct midbrain structure from 'cuneiform nucleus'. Both baseline and improved map to the same incorrect entity (cuneiform nucleus), which is not equivalent to the query.",,,,both_wrong,0.9,"Query 'Precuneiform Nucleus' is a distinct midbrain structure from 'cuneiform nucleus'. Both baseline and improved map to the same incorrect entity (cuneiform nucleus), which is not equivalent to the query.",
856,species,A11 dopamine cell group,llm_out_of_scope_for_rcs,HOMBA:AA30843,A8 dopamine cell group,HOMBA:AA30843,A8 dopamine cell group,both_wrong,0.95,"Query 'A11 dopamine cell group' refers to a hypothalamic dopamine cell group, while both candidates map to 'A8 dopamine cell group', which is a different midbrain group. Neither candidate matches the query.",,,,both_wrong,0.95,"Query 'A11 dopamine cell group' refers to a hypothalamic dopamine cell group, while both candidates map to 'A8 dopamine cell group', which is a different midbrain group. Neither candidate matches the query.",
857,species,A13 dopamine cell group,llm_out_of_scope_for_rcs,HOMBA:AA30843,A8 dopamine cell group,HOMBA:AA30843,A8 dopamine cell group,both_wrong,0.95,"Query 'A13 dopamine cell group' is a hypothalamic group, but both candidates are 'A8 dopamine cell group', a midbrain group. Neither candidate is correct.",,,,both_wrong,0.95,"Query 'A13 dopamine cell group' is a hypothalamic group, but both candidates are 'A8 dopamine cell group', a midbrain group. Neither candidate is correct.",
858,species,Mesencephalic Reticular Formation,llm_reject_top1,HOMBA:15547,isthmic reticular formation,HOMBA:15547,isthmic reticular formation,both_wrong,0.85,"Query 'Mesencephalic Reticular Formation' is a broad midbrain structure, while both candidates are 'isthmic reticular formation', which is a partially overlapping but distinct region (isthmic is not mesencephalic). Both candidates are incorrect for the query.",,,,both_wrong,0.85,"Query 'Mesencephalic Reticular Formation' is a broad midbrain structure, while both candidates are 'isthmic reticular formation', which is a partially overlapping but distinct region (isthmic is not mesencephalic). Both candidates are incorrect for the query.",
859,species,Spinal Trigeminal Nucleus Intermediate,llm_reject_top1,HOMBA:12436,afferent nuclei of cranial nerves in pons,HOMBA:12572,spinal trigeminal nucleus,improved_better,0.8,"Baseline 'afferent nuclei of cranial nerves in pons' is incorrect (wrong region and too broad). Improved 'spinal trigeminal nucleus' is the parent structure of the query 'Spinal Trigeminal Nucleus Intermediate', making it more specific and correct than baseline, though not an exact match.",,,,improved_better,0.8,"Baseline 'afferent nuclei of cranial nerves in pons' is incorrect (wrong region and too broad). Improved 'spinal trigeminal nucleus' is the parent structure of the query 'Spinal Trigeminal Nucleus Intermediate', making it more specific and correct than baseline, though not an exact match.",
860,species,Ventral periolivary nuclei,llm_reject_top1,HOMBA:12568,"solitary nucleus, ventral division",HOMBA:12568,"solitary nucleus, ventral division",no_material_change,1.0,"Baseline and improved are identical (solitary nucleus, ventral division), so no material change between candidates.",,,,no_material_change,1.0,"Baseline and improved are identical (solitary nucleus, ventral division), so no material change between candidates.",
861,species,Optic tract/chiasma,llm_reject_top1,HOMBA:10589,optic tract,HOMBA:10644,optic chiasm,needs_human_review,0.7,"Query specifies 'Optic tract/chiasma' which encompasses both structures; baseline gives one part, improved gives the other. Neither fully matches the query, and the best mapping is ambiguous.",needs_human_review,0.7,"Query 'Optic tract/chiasma' is a slash composite, possibly expecting both structures. Neither 'optic tract' nor 'optic chiasm' alone fully answers it; ambiguous whether a single term is sufficient.",needs_human_review,0.7,"Query 'Optic tract/chiasma' is a slash composite, possibly expecting both structures. Neither 'optic tract' nor 'optic chiasm' alone fully answers it; ambiguous whether a single term is sufficient.",yes
862,species,Cerebellar Lobule 10 Vermis,llm_out_of_scope_for_rcs,HOMBA:AA30563,cerebellar morphology,HOMBA:10658,cerebellar vermis,homba_gap_or_source_issue,0.9,"Query 'Cerebellar Lobule 10 Vermis' is a specific lobule unlikely to be present in the ontology; both candidates are broader terms (cerebellar morphology, cerebellar vermis), suggesting a gap.",,,,homba_gap_or_source_issue,0.9,"Query 'Cerebellar Lobule 10 Vermis' is a specific lobule unlikely to be present in the ontology; both candidates are broader terms (cerebellar morphology, cerebellar vermis), suggesting a gap.",
863,species,Cerebellar Lobule 1 Vermis,llm_out_of_scope_for_rcs,HOMBA:AA30563,cerebellar morphology,HOMBA:10658,cerebellar vermis,homba_gap_or_source_issue,0.9,"Same as record 862, for Lobule 1 Vermis; specific lobule likely missing in ontology.",,,,homba_gap_or_source_issue,0.9,"Same as record 862, for Lobule 1 Vermis; specific lobule likely missing in ontology.",
864,species,Cerebellar Lobule 2 Vermis,llm_out_of_scope_for_rcs,HOMBA:AA30563,cerebellar morphology,HOMBA:10658,cerebellar vermis,homba_gap_or_source_issue,0.9,"Same as record 862, for Lobule 2 Vermis; specific lobule likely missing in ontology.",,,,homba_gap_or_source_issue,0.9,"Same as record 862, for Lobule 2 Vermis; specific lobule likely missing in ontology.",
865,species,Cerebellar Lobule 3 Vermis,llm_out_of_scope_for_rcs,HOMBA:AA30563,cerebellar morphology,HOMBA:10658,cerebellar vermis,improved_better,0.9,"Improved candidate 'cerebellar vermis' is a more specific and accurate parent structure for 'Cerebellar Lobule 3 Vermis' than baseline 'cerebellar morphology', which is too broad.",,,,improved_better,0.9,"Improved candidate 'cerebellar vermis' is a more specific and accurate parent structure for 'Cerebellar Lobule 3 Vermis' than baseline 'cerebellar morphology', which is too broad.",
866,species,Cerebellar Lobule 4 Vermis,llm_out_of_scope_for_rcs,HOMBA:AA30563,cerebellar morphology,HOMBA:10658,cerebellar vermis,improved_better,0.9,Improved candidate 'cerebellar vermis' is a more specific and accurate parent structure for 'Cerebellar Lobule 4 Vermis' than baseline 'cerebellar morphology'.,,,,improved_better,0.9,Improved candidate 'cerebellar vermis' is a more specific and accurate parent structure for 'Cerebellar Lobule 4 Vermis' than baseline 'cerebellar morphology'.,
867,species,Cerebellar Lobule 5 Vermis,llm_out_of_scope_for_rcs,HOMBA:AA30563,cerebellar morphology,HOMBA:10658,cerebellar vermis,improved_better,0.9,Improved candidate 'cerebellar vermis' is a more specific and accurate parent structure for 'Cerebellar Lobule 5 Vermis' than baseline 'cerebellar morphology'.,,,,improved_better,0.9,Improved candidate 'cerebellar vermis' is a more specific and accurate parent structure for 'Cerebellar Lobule 5 Vermis' than baseline 'cerebellar morphology'.,
868,species,Cerebellar Lobule 6 Vermis,llm_out_of_scope_for_rcs,HOMBA:AA30563,cerebellar morphology,HOMBA:10658,cerebellar vermis,improved_better,0.9,Improved candidate 'cerebellar vermis' is a more specific and accurate parent structure for 'Cerebellar Lobule 6 Vermis' than baseline 'cerebellar morphology'.,,,,improved_better,0.9,Improved candidate 'cerebellar vermis' is a more specific and accurate parent structure for 'Cerebellar Lobule 6 Vermis' than baseline 'cerebellar morphology'.,
869,species,Cerebellar Lobule 7 Vermis,llm_out_of_scope_for_rcs,HOMBA:AA30563,cerebellar morphology,HOMBA:10658,cerebellar vermis,improved_better,0.9,Improved candidate 'cerebellar vermis' is a more specific and accurate parent structure for 'Cerebellar Lobule 7 Vermis' than baseline 'cerebellar morphology'.,,,,improved_better,0.9,Improved candidate 'cerebellar vermis' is a more specific and accurate parent structure for 'Cerebellar Lobule 7 Vermis' than baseline 'cerebellar morphology'.,
870,species,Cerebellar Lobule 8 Vermis,llm_out_of_scope_for_rcs,HOMBA:AA30563,cerebellar morphology,HOMBA:10658,cerebellar vermis,improved_better,0.7,"Baseline 'cerebellar morphology' is too broad; improved 'cerebellar vermis' is a more specific region that includes the queried lobule, though not exact.",,,,improved_better,0.7,"Baseline 'cerebellar morphology' is too broad; improved 'cerebellar vermis' is a more specific region that includes the queried lobule, though not exact.",
871,species,Cerebellar Lobule 9 Vermis,llm_out_of_scope_for_rcs,HOMBA:AA30563,cerebellar morphology,HOMBA:10658,cerebellar vermis,improved_better,0.7,Same as 870: improved 'cerebellar vermis' is a closer match than baseline 'cerebellar morphology'.,,,,improved_better,0.7,Same as 870: improved 'cerebellar vermis' is a closer match than baseline 'cerebellar morphology'.,
872,species,Medial Raphe,llm_reject_top1,HOMBA:12402,fastigial (medial) nucleus,HOMBA:12235,median raphe nucleus,improved_better,0.8,Baseline 'fastigial nucleus' is unrelated; improved 'median raphe nucleus' is a plausible match for 'Medial Raphe'.,,,,improved_better,0.8,Baseline 'fastigial nucleus' is unrelated; improved 'median raphe nucleus' is a plausible match for 'Medial Raphe'.,
873,species,Locus-coeruleus Region,llm_reject_top1,HOMBA:12499,nucleus coeruleus (locus coeruleus),HOMBA:12499,nucleus coeruleus (locus coeruleus),no_material_change,1.0,"Both candidates are identical (nucleus coeruleus), so no material change.",,,,no_material_change,1.0,"Both candidates are identical (nucleus coeruleus), so no material change.",
874,species,Dorsal Lateral Leminscus Nucleus,llm_reject_top1,HOMBA:10429,lateral geniculate nucleus (dorsal lateral geniculate nucleus),HOMBA:12455,dorsal nucleus of lateral lemniscus,improved_better,0.9,Baseline 'lateral geniculate nucleus' is incorrect; improved 'dorsal nucleus of lateral lemniscus' correctly matches the query.,,,,improved_better,0.9,Baseline 'lateral geniculate nucleus' is incorrect; improved 'dorsal nucleus of lateral lemniscus' correctly matches the query.,
875,species,4th ventricle,llm_reject_top1,HOMBA:AA30475,olfactory recess (ventricle) and ependyma,HOMBA:AA30475,olfactory recess (ventricle) and ependyma,both_wrong,0.95,"Query '4th ventricle' but both candidates refer to olfactory recess and ependyma, which are unrelated structures.",,,,both_wrong,0.95,"Query '4th ventricle' but both candidates refer to olfactory recess and ependyma, which are unrelated structures.",
876,species,Retroreuniens thalamic nucleus,llm_reject_top1,HOMBA:10403,reuniens (medioventral) nucleus of thalamus,HOMBA:10403,reuniens (medioventral) nucleus of thalamus,both_wrong,0.9,"Query 'Retroreuniens thalamic nucleus' but both candidates are 'reuniens (medioventral) nucleus', a different nucleus.",,,,both_wrong,0.9,"Query 'Retroreuniens thalamic nucleus' but both candidates are 'reuniens (medioventral) nucleus', a different nucleus.",
877,species,Abducens Motor Nucleus,llm_reject_top1,HOMBA:12417,efferent nuclei of cranial nerves in pons,HOMBA:12418,abducens nucleus,improved_better,0.95,"Improved candidate 'abducens nucleus' is a specific and correct match for 'Abducens Motor Nucleus', while baseline is a broader grouping.",,,,improved_better,0.95,"Improved candidate 'abducens nucleus' is a specific and correct match for 'Abducens Motor Nucleus', while baseline is a broader grouping.",
878,species,Medial Emminence,llm_out_of_scope_for_rcs,HOMBA:12820,medial eminence,HOMBA:12402,fastigial (medial) nucleus,improved_worse,0.9,"Baseline 'medial eminence' correctly matches query, but improved 'fastigial (medial) nucleus' is a different structure (cerebellar nucleus).",,,,improved_worse,0.9,"Baseline 'medial eminence' correctly matches query, but improved 'fastigial (medial) nucleus' is a different structure (cerebellar nucleus).",
879,species,Ventromedial thalamic nucleus,llm_reject_top1,HOMBA:10448,caudal intralaminar nuclei of thalamus,HOMBA:10427,ventral medial nucleus of thalamus,improved_better,0.95,"Improved candidate 'ventral medial nucleus of thalamus' is a correct synonym for 'Ventromedial thalamic nucleus', while baseline is a different thalamic nuclear group.",,,,improved_better,0.95,"Improved candidate 'ventral medial nucleus of thalamus' is a correct synonym for 'Ventromedial thalamic nucleus', while baseline is a different thalamic nuclear group.",
880,species,Dorsal Medial Hypothalamic Nucleus,llm_reject_top1,HOMBA:10489,dorsal division of VMHco,HOMBA:10489,dorsal division of VMHco,both_wrong,0.95,"Query 'Dorsal Medial Hypothalamic Nucleus' refers to dorsomedial hypothalamic nucleus (DMH), but candidate 'dorsal division of VMHco' is a part of ventromedial hypothalamic nucleus (VMH), not DMH. Neither matches.",,,,both_wrong,0.95,"Query 'Dorsal Medial Hypothalamic Nucleus' refers to dorsomedial hypothalamic nucleus (DMH), but candidate 'dorsal division of VMHco' is a part of ventromedial hypothalamic nucleus (VMH), not DMH. Neither matches.",
881,species,Occulomotor Nerve,llm_out_of_scope_for_rcs,HOMBA:12376,root of occulomotor nerve,HOMBA:12376,root of occulomotor nerve,no_material_change,0.85,"Both baseline and improved candidates are identical 'root of occulomotor nerve', which is a correct specific part of the oculomotor nerve. The difference is nominal.",,,,no_material_change,0.85,"Both baseline and improved candidates are identical 'root of occulomotor nerve', which is a correct specific part of the oculomotor nerve. The difference is nominal.",
882,species,Paraventricular hypothalamic nucleus,llm_reject_top1,HOMBA:AA30274,dorsal midline nuclei of thalamus,HOMBA:10457,paraventricular nucleus of thalamus,both_wrong,0.95,"Query specifies hypothalamic nucleus, but both candidates are thalamic structures (dorsal midline nuclei of thalamus and paraventricular nucleus of thalamus). Neither matches.",,,,both_wrong,0.95,"Query specifies hypothalamic nucleus, but both candidates are thalamic structures (dorsal midline nuclei of thalamus and paraventricular nucleus of thalamus). Neither matches.",
883,species,Subparafascicular parvocellular thalamic nucleus,llm_reject_top1,HOMBA:AA30276,ventral midline nuclei of thalamus,HOMBA:AA30276,ventral midline nuclei of thalamus,both_wrong,0.95,"Query asks for a specific thalamic nucleus (subparafascicular parvocellular), but baseline and improved both give a general group (ventral midline nuclei of thalamus). Neither matches the specific nucleus.",,,,both_wrong,0.95,"Query asks for a specific thalamic nucleus (subparafascicular parvocellular), but baseline and improved both give a general group (ventral midline nuclei of thalamus). Neither matches the specific nucleus.",
884,species,Lateral Ventral Amygdaloid Nucleus,llm_reject_top1,HOMBA:12093,ventral amygdaloid efferent path,HOMBA:12093,ventral amygdaloid efferent path,both_wrong,0.95,"Query is for a nucleus (lateral ventral amygdaloid nucleus), but candidate 'ventral amygdaloid efferent path' is a fiber tract, not a nucleus. Neither matches.",,,,both_wrong,0.95,"Query is for a nucleus (lateral ventral amygdaloid nucleus), but candidate 'ventral amygdaloid efferent path' is a fiber tract, not a nucleus. Neither matches.",
885,species,Paraventricular hypothalamic nucleus (medial parvicellular dorsal zone),llm_reject_top1,HOMBA:10489,dorsal division of VMHco,HOMBA:10489,dorsal division of VMHco,no_material_change,1.0,Baseline and improved candidate names are identical.,,,,no_material_change,1.0,Baseline and improved candidate names are identical.,
886,species,Pretectothalamic lamina,llm_reject_top1,HOMBA:12357,dentatothalamic tract,HOMBA:12357,dentatothalamic tract,no_material_change,1.0,Baseline and improved candidate names are identical.,,,,no_material_change,1.0,Baseline and improved candidate names are identical.,
887,species,Frontal association area 3,llm_out_of_scope_for_rcs,HOMBA:10190,"frontal polar cortex (FP, area 10)",HOMBA:10190,"frontal polar cortex (FP, area 10)",no_material_change,1.0,Baseline and improved candidate names are identical.,,,,no_material_change,1.0,Baseline and improved candidate names are identical.,
888,species,"Primary somatosensory area, barrel field",llm_out_of_scope_for_rcs,HOMBA:AA30880,barrel field of S1fm (rodents),HOMBA:AA30880,barrel field of S1fm (rodents),no_material_change,1.0,Baseline and improved candidate names are identical.,,,,no_material_change,1.0,Baseline and improved candidate names are identical.,
889,species,Spiral ganglion,llm_out_of_scope_for_rcs,HOMBA:10332,basal ganglia (basal nuclei),HOMBA:10332,basal ganglia (basal nuclei),no_material_change,1.0,Baseline and improved candidate names are identical.,,,,no_material_change,1.0,Baseline and improved candidate names are identical.,
890,species,Intramedullary thalamic area,llm_reject_top1,HOMBA:266441563,pallidohypothalamic area,HOMBA:266441563,pallidohypothalamic area,no_material_change,1.0,Both candidates are identical; no material change.,,,,no_material_change,1.0,Both candidates are identical; no material change.,
891,species,P1 Mesencephalic Reticulum,llm_reject_top1,HOMBA:12767,mesencephalic trigeminal tract,HOMBA:12767,mesencephalic trigeminal tract,no_material_change,1.0,Both candidates are identical; no material change.,,,,no_material_change,1.0,Both candidates are identical; no material change.,
892,species,"External medullary lamina, auditory radiation",llm_reject_top1,HOMBA:12037,external medullary lamina of globus pallidus,HOMBA:12037,external medullary lamina of globus pallidus,no_material_change,1.0,Both candidates are identical; no material change.,,,,no_material_change,1.0,Both candidates are identical; no material change.,
893,species,Vestibular apparatus,llm_out_of_scope_for_rcs,HOMBA:12448,vestibular nuclei in pons,HOMBA:12448,vestibular nuclei in pons,no_material_change,1.0,Both candidates are identical; no material change.,,,,no_material_change,1.0,Both candidates are identical; no material change.,
894,species,"Hypothalamic region, unspecified",llm_reject_top1,HOMBA:10607,hypothalamic sulcus,HOMBA:10607,hypothalamic sulcus,no_material_change,1.0,Both candidates are identical; no material change.,,,,no_material_change,1.0,Both candidates are identical; no material change.,
895,species,Cochlea,llm_out_of_scope_for_rcs,HOMBA:12437,cochlear nuclei,HOMBA:12437,cochlear nuclei,no_material_change,1.0,Both baseline and improved candidates are identical: 'cochlear nuclei'.,,,,no_material_change,1.0,Both baseline and improved candidates are identical: 'cochlear nuclei'.,
896,species,"Central opercular cortex, anterior",llm_reject_top1,HOMBA:AA30484,rostral (anterior) branch of anterior commissure,HOMBA:AA30484,rostral (anterior) branch of anterior commissure,no_material_change,1.0,Both baseline and improved candidates are identical: 'rostral (anterior) branch of anterior commissure'.,,,,no_material_change,1.0,Both baseline and improved candidates are identical: 'rostral (anterior) branch of anterior commissure'.,
897,species,Linear raphe,llm_reject_top1,HOMBA:12230,linear nucleus of the midbrain,HOMBA:12230,linear nucleus of the midbrain,no_material_change,1.0,Both baseline and improved candidates are identical: 'linear nucleus of the midbrain'.,,,,no_material_change,1.0,Both baseline and improved candidates are identical: 'linear nucleus of the midbrain'.,
898,species,"Ventricular system, unspecified",llm_reject_top1,HOMBA:10542,ventricular zone of neocortex,HOMBA:10542,ventricular zone of neocortex,no_material_change,1.0,Both baseline and improved candidates are identical: 'ventricular zone of neocortex'.,,,,no_material_change,1.0,Both baseline and improved candidates are identical: 'ventricular zone of neocortex'.,
899,species,Capsule of the Antherior Thalamus,llm_out_of_scope_for_rcs,HOMBA:10390,thalamus,HOMBA:10390,thalamus,no_material_change,1.0,Both baseline and improved candidates are identical: 'thalamus'.,,,,no_material_change,1.0,Both baseline and improved candidates are identical: 'thalamus'.,
900,species,Retrosplenial dysgranular area,llm_reject_top1,HOMBA:AA30028,dysgranular division of area prostriata,HOMBA:AA30028,dysgranular division of area prostriata,no_material_change,1.0,Baseline and improved candidates are identical; no material change.,,,,no_material_change,1.0,Baseline and improved candidates are identical; no material change.,
901,species,Fourth Nerve,llm_reject_top1,HOMBA:12805,fourth ventricle,HOMBA:12805,fourth ventricle,no_material_change,1.0,"Both candidates are identical ('fourth ventricle') but do not match query 'Fourth Nerve'. However, since the candidate names are equivalent, it is no material change.",,,,no_material_change,1.0,"Both candidates are identical ('fourth ventricle') but do not match query 'Fourth Nerve'. However, since the candidate names are equivalent, it is no material change.",
902,species,Ventroposterior Inferior Thalamus,llm_reject_top1,HOMBA:AA30276,ventral midline nuclei of thalamus,HOMBA:AA30289,ventroanterior-ventrolateral nuclear complex of thalamus,both_wrong,1.0,"Neither candidate ('ventral midline nuclei of thalamus', 'ventroanterior-ventrolateral nuclear complex of thalamus') matches the query 'Ventroposterior Inferior Thalamus'. Both are incorrect.",,,,both_wrong,1.0,"Neither candidate ('ventral midline nuclei of thalamus', 'ventroanterior-ventrolateral nuclear complex of thalamus') matches the query 'Ventroposterior Inferior Thalamus'. Both are incorrect.",
903,species,Cingulate area 1,llm_out_of_scope_for_rcs,HOMBA:10217,cingulate subdivision of area 5,HOMBA:10217,cingulate subdivision of area 5,no_material_change,1.0,Baseline and improved candidates are identical; no material change.,,,,no_material_change,1.0,Baseline and improved candidates are identical; no material change.,
904,species,Cingulate area 2,llm_out_of_scope_for_rcs,HOMBA:10217,cingulate subdivision of area 5,HOMBA:10217,cingulate subdivision of area 5,no_material_change,1.0,Baseline and improved candidates are identical; no material change.,,,,no_material_change,1.0,Baseline and improved candidates are identical; no material change.,
905,species,"Intracalcarine cortex, inferior",llm_reject_top1,HOMBA:12305,inferior colliculus,HOMBA:12305,inferior colliculus,no_material_change,1.0,Baseline and improved candidates are identical; no material change.,,,,no_material_change,1.0,Baseline and improved candidates are identical; no material change.,
906,species,"Supratemporal plane, anterior",llm_reject_top1,HOMBA:AA30484,rostral (anterior) branch of anterior commissure,HOMBA:AA30484,rostral (anterior) branch of anterior commissure,no_material_change,1.0,Baseline and improved candidates are identical; no material change.,,,,no_material_change,1.0,Baseline and improved candidates are identical; no material change.,
907,species,"Brainstem, unspecified",llm_out_of_scope_for_rcs,HOMBA:10648,"gray matter of midbrain (mesencephalon, upper brainstem)",HOMBA:10648,"gray matter of midbrain (mesencephalon, upper brainstem)",no_material_change,1.0,Baseline and improved candidates are identical; no material change.,,,,no_material_change,1.0,Baseline and improved candidates are identical; no material change.,
908,species,Mediolateral Fascicle,llm_reject_top1,HOMBA:12731,cuneate fasciculus,HOMBA:12731,cuneate fasciculus,no_material_change,1.0,Baseline and improved candidates are identical; no material change.,,,,no_material_change,1.0,Baseline and improved candidates are identical; no material change.,
909,species,Cerebellar Lobule 3 Intermediate,llm_out_of_scope_for_rcs,HOMBA:AA30563,cerebellar morphology,HOMBA:AA30563,cerebellar morphology,no_material_change,1.0,Baseline and improved candidates are identical; no material change.,,,,no_material_change,1.0,Baseline and improved candidates are identical; no material change.,
910,species,Cerebellar Lobule 4 Intermediate,llm_out_of_scope_for_rcs,HOMBA:AA30563,cerebellar morphology,HOMBA:AA30563,cerebellar morphology,no_material_change,1.0,"Baseline and improved candidates are identical ('cerebellar morphology'). Query is specific lobule, but both candidates are same general term, no material change.",,,,no_material_change,1.0,"Baseline and improved candidates are identical ('cerebellar morphology'). Query is specific lobule, but both candidates are same general term, no material change.",
911,species,Cerebellar Lobule 5 Intermediate,llm_out_of_scope_for_rcs,HOMBA:AA30563,cerebellar morphology,HOMBA:AA30563,cerebellar morphology,no_material_change,1.0,"Baseline and improved candidates are identical ('cerebellar morphology'). Query is specific lobule, but both candidates are same general term, no material change.",,,,no_material_change,1.0,"Baseline and improved candidates are identical ('cerebellar morphology'). Query is specific lobule, but both candidates are same general term, no material change.",
912,species,Cerebellar Lobule 6 Intermediate,llm_out_of_scope_for_rcs,HOMBA:AA30563,cerebellar morphology,HOMBA:AA30563,cerebellar morphology,no_material_change,1.0,"Baseline and improved candidates are identical ('cerebellar morphology'). Query is specific lobule, but both candidates are same general term, no material change.",,,,no_material_change,1.0,"Baseline and improved candidates are identical ('cerebellar morphology'). Query is specific lobule, but both candidates are same general term, no material change.",
913,species,Acoustic striae,llm_reject_top1,HOMBA:266441583,acoustic radiation,HOMBA:266441583,acoustic radiation,both_wrong,1.0,"Query 'Acoustic striae' is a brainstem structure; both candidates return 'acoustic radiation', which is a different structure in the cerebrum. Neither candidate matches the query.",,,,both_wrong,1.0,"Query 'Acoustic striae' is a brainstem structure; both candidates return 'acoustic radiation', which is a different structure in the cerebrum. Neither candidate matches the query.",
914,species,"Intracalcarine cortex, superior",llm_reject_top1,HOMBA:10214,posterior parietal cortex,HOMBA:10214,posterior parietal cortex,both_wrong,1.0,"Query 'Intracalcarine cortex, superior' is an occipital lobe region; both candidates return 'posterior parietal cortex', which is a different region. Neither candidate matches the query.",,,,both_wrong,1.0,"Query 'Intracalcarine cortex, superior' is an occipital lobe region; both candidates return 'posterior parietal cortex', which is a different region. Neither candidate matches the query.",
915,species,Mircrocellular Tegmentum,llm_out_of_scope_for_rcs,HOMBA:12282,paracollicular tegmentum,HOMBA:12282,paracollicular tegmentum,no_material_change,0.9,Baseline and improved candidate names are identical; query typo does not affect mapping.,,,,no_material_change,0.9,Baseline and improved candidate names are identical; query typo does not affect mapping.,
916,species,Reuniens-rhomboid-xiphoid Thalamus,llm_reject_top1,HOMBA:AA30276,ventral midline nuclei of thalamus,HOMBA:AA30276,ventral midline nuclei of thalamus,no_material_change,0.9,Both candidates are identical and represent a plausible parent for the query.,,,,no_material_change,0.9,Both candidates are identical and represent a plausible parent for the query.,
917,species,Vestibulochoclear Nerve,llm_out_of_scope_for_rcs,HOMBA:12868,root of vestibulocochlear nerve,HOMBA:12868,root of vestibulocochlear nerve,no_material_change,0.9,Both candidates are identical and correspond to the query despite typo.,,,,no_material_change,0.9,Both candidates are identical and correspond to the query despite typo.,
918,species,Medial Dorsal Tegmentum,llm_reject_top1,HOMBA:11522,magnocellular (dorsal) division of BM,HOMBA:AA30451,dorsal cell group of medulla tegmentum,improved_better,0.7,"Improved candidate 'dorsal cell group of medulla tegmentum' is more specific to tegmentum than baseline 'magnocellular (dorsal) division of BM', which does not appear related to tegmentum.",,,,improved_better,0.7,"Improved candidate 'dorsal cell group of medulla tegmentum' is more specific to tegmentum than baseline 'magnocellular (dorsal) division of BM', which does not appear related to tegmentum.",
919,species,Anterior Thalamus,llm_reject_top1,HOMBA:AA30289,ventroanterior-ventrolateral nuclear complex of thalamus,HOMBA:AA30289,ventroanterior-ventrolateral nuclear complex of thalamus,no_material_change,0.9,Both candidates are identical; they represent a plausible broader region for the anterior thalamus.,,,,no_material_change,0.9,Both candidates are identical; they represent a plausible broader region for the anterior thalamus.,
920,species,Corpus callosum and associated subcortical white matter,llm_reject_top1,HOMBA:AA30482,white matter of brain,HOMBA:AA30482,white matter of brain,no_material_change,1.0,"Both candidates are 'white matter of brain', which is a broad term encompassing the query structures. No material difference between baseline and improved.",,,,no_material_change,1.0,"Both candidates are 'white matter of brain', which is a broad term encompassing the query structures. No material difference between baseline and improved.",
