query,top_name,top_homba_id,score,methods,matched_alias,matched_query,modifier_terms,modifier_match_score,review_flag,rank2_name,rank2_score
Abducens Motor Nucleus,efferent nuclei of cranial nerves in pons,HOMBA:12417,0.819332,hierarchy_parent,efferent nuclei of cranial nerves in pons,Abducens Motor Nucleus,,1.0,needs_review,abducens nucleus,0.739332
Accumbens,nucleus accumbens,HOMBA:10339,1.0,bm25+exact+fuzzy+hierarchy_parent,Accumbens,Accumbens,,1.0,high_confidence,core of nucleus accumbens,0.7009
Accumbens nucleus,nucleus accumbens,HOMBA:10339,0.94,bm25+fuzzy+hierarchy_parent,nucleus accumbens,nucleus accumbens nucleus,,1.0,high_confidence,core of nucleus accumbens,0.61392
Amygdalohippocampal area,amygdalohippocampal area,HOMBA:10377,1.0,bm25+exact+fuzzy+hierarchy_parent,Amygdalohippocampal area,Amygdalohippocampal area,,1.0,high_confidence,amygdalohippocampal transition area,0.665675
Amygdalopiriform transition area,amygdalocortical transition area (amygdalopiriform transition area),HOMBA:10382,1.0,bm25+exact+fuzzy,Amygdalopiriform transition area,Amygdalopiriform transition area,,1.0,high_confidence,amygdaloid transition areas,0.97
Amygdalostriatal Transition,amygdalostriatal transition area,HOMBA:10381,0.951216,bm25+fuzzy,amygdalostriatal transition area,Amygdalostriatal Transition,,1.0,high_confidence,amygdaloid transition areas,0.353611
Amygdalostriatal transition area,amygdalostriatal transition area,HOMBA:10381,1.0,bm25+exact+fuzzy,Amygdalostriatal transition area,Amygdalostriatal transition area,,1.0,high_confidence,amygdaloid transition areas,0.353611
Ansa Lenticularis,ansa lenticularis,HOMBA:10571,1.0,bm25+exact+fuzzy,Ansa Lenticularis,Ansa Lenticularis,,1.0,high_confidence,ansa peduncularis,0.278026
Ansiform Lobule Crus1,lobule VII (semilunar-gracile lobule),HOMBA:AA30411,0.936667,bm25+hierarchy_parent,lobule VII (semilunar-gracile lobule),Ansiform Lobule Crus1,,1.0,high_confidence,lobule VIIA (semilunar lobule/ansiform lobule),0.856667
Ansiform Lobule Crus2,lobule VII (semilunar-gracile lobule),HOMBA:AA30411,0.936667,bm25+hierarchy_parent,lobule VII (semilunar-gracile lobule),Ansiform Lobule Crus2,,1.0,high_confidence,lobule VIIA (semilunar lobule/ansiform lobule),0.856667
Anterior amygdaloid area,anterior amygdaloid area,HOMBA:10362,1.0,bm25+exact+fuzzy+hierarchy_parent,Anterior amygdaloid area,Anterior amygdaloid area,,1.0,high_confidence,anterior-central nuclear group of amygdala,0.97
Anterior commissure,anterior commissure,HOMBA:10559,1.0,bm25+exact+fuzzy+hierarchy_parent,Anterior commissure,Anterior commissure,,1.0,high_confidence,rostral (anterior) branch of anterior commissure,0.697635
Anterior Hypothalamic Area,anterior hypothalamic area,HOMBA:266441551,1.0,bm25+exact+fuzzy,Anterior Hypothalamic Area,Anterior Hypothalamic Area,,1.0,high_confidence,anterior hypothalamic nucleus,0.650252
Anterior hypothalamic nucleus,anterior hypothalamic nucleus,HOMBA:10475,1.0,bm25+exact+fuzzy,Anterior hypothalamic nucleus,Anterior hypothalamic nucleus,,1.0,high_confidence,anterior hypothalamic area,0.756107
Anterior Interposed Cerebellar Nucleus,pontine raphe region,HOMBA:12471,0.649679,hierarchy_parent,pontine raphe region,Anterior Interposed Cerebellar Nucleus,,1.0,needs_review,interpositus (intermediate) nucleus,0.618036
Anterior pituitary,pituitary body/gland (hypophysis),HOMBA:10505,0.7181,bm25+hierarchy_parent,pituitary body/gland (hypophysis),Anterior pituitary,,1.0,needs_review,anterior lobe of pituitary body (adenohypophysis),0.6381
Anterior Pulvinar,pulvinar of thalamus,HOMBA:10409,0.7009,bm25+fuzzy+hierarchy_parent,pulvinar of thalamus,anterior pulvinar of thalamus,,1.0,needs_review,rostral division of pulvinar,0.665213
Anterior Tegmental Nucleus,anterior tegmental nucleus,HOMBA:AA30442,1.0,bm25+exact+fuzzy,Anterior Tegmental Nucleus,Anterior Tegmental Nucleus,,1.0,high_confidence,pontine raphe region,0.97
Anterior thalamic nucleus,anterior nuclear complex of thalamus,HOMBA:10392,1.0,bm25+exact+fuzzy+hierarchy_parent,anterior thalamic nuclei,anterior thalamic nuclei,,1.0,high_confidence,ventral anterior nucleus of thalamus,0.75465
Anterior Thalamus,ventroanterior-ventrolateral nuclear complex of thalamus,HOMBA:AA30289,0.59311,hierarchy_parent,ventroanterior-ventrolateral nuclear complex of thalamus,Anterior Thalamus,,1.0,low_confidence,anterior nuclear complex of thalamus,0.584295
Arcuate nucleus,arcuate nucleus of medulla oblongata,HOMBA:12536,0.786859,bm25+fuzzy,arcuate nucleus of medulla,Arcuate nucleus,,1.0,needs_review,arcuate nucleus of hypothalamus,0.71707
Basal Nucleus,basal ganglia (basal nuclei),HOMBA:10332,1.0,bm25+exact+fuzzy+hierarchy_parent,Basal Nucleus,Basal Nucleus,,1.0,high_confidence,basolateral nucleus (basal nucleus) of amygdala,1.0
Basal nucleus (of Meynert),basal nucleus of Meynert,HOMBA:10353,1.0,bm25+exact+fuzzy,Basal nucleus (of Meynert),Basal nucleus (of Meynert),meynert,1.0,high_confidence,basal ganglia (basal nuclei),0.88
Basolateral amygdaloid nucleus (dorsal),basolateral nucleus (basal nucleus) of amygdala,HOMBA:10368,0.631948,bm25+fuzzy,basolateral nucleus of amygdaloid complex,Basolateral amygdaloid nucleus,dorsal,0.0,needs_review,basolateral nuclear group of amygdala,0.492539
Basolateral amygdaloid nucleus (intermediate),basolateral nucleus (basal nucleus) of amygdala,HOMBA:10368,0.631948,bm25+fuzzy,basolateral nucleus of amygdaloid complex,Basolateral amygdaloid nucleus,intermediate,0.0,needs_review,basolateral nuclear group of amygdala,0.492539
Basolateral amygdaloid nucleus (ventral),basolateral nucleus (basal nucleus) of amygdala,HOMBA:10368,0.631948,bm25+fuzzy,basolateral nucleus of amygdaloid complex,Basolateral amygdaloid nucleus,ventral,0.0,needs_review,basolateral nuclear group of amygdala,0.492539
Basolateral Dorsal Amygdaloid Nucleus,basolateral nucleus (basal nucleus) of amygdala,HOMBA:10368,0.602737,bm25+fuzzy,basolateral nucleus of amygdaloid complex,Basolateral Dorsal Amygdaloid Nucleus,dorsal,0.0,needs_review,magnocellular (dorsal) division of BL,0.485791
Basolateral Intermediate Amygdaloid Nucleus,basolateral nuclear group of amygdala,HOMBA:10366,0.750735,bm25+fuzzy+hierarchy_parent,basolateral nuclear group of amygdala,Basolateral Intermediate Amygdaloid Nucleus,,1.0,needs_review,basolateral nucleus (basal nucleus) of amygdala,0.670735
Basolateral Ventral Amygdaloid Nucleus,basolateral nucleus (basal nucleus) of amygdala,HOMBA:10368,0.601338,bm25+fuzzy,basolateral nucleus of amygdaloid complex,Basolateral Ventral Amygdaloid Nucleus,ventral,0.0,needs_review,parvicellular (ventral) division of BL,0.487365
Basomedial amygdaloid nucleus,basolateral nuclear group of amygdala,HOMBA:10366,0.725873,bm25+hierarchy_parent,basolateral nuclear group of amygdala,Basomedial amygdaloid nucleus,,1.0,needs_review,basomedial nucleus (accessory basal nucleus) of amygdala,0.645873
Bed nucleus of the stria terminalis,bed nucleus of stria terminalis,HOMBA:10384,0.947234,bm25+fuzzy,bed nucleus of stria terminalis,Bed nucleus of the stria terminalis,,1.0,high_confidence,stria terminalis,0.338238
Brachium Superior Colliculus,brachium of superior colliculus,HOMBA:12328,0.954229,bm25+fuzzy,brachium of superior colliculus,Brachium Superior Colliculus,,1.0,high_confidence,superior colliculus,0.752528
Capsule of the Antherior Thalamus,thalamus,HOMBA:10390,0.490447,bm25+fuzzy,thalamus,Capsule of the Antherior Thalamus,,1.0,low_confidence,ventral midline nuclei of thalamus,0.463822
Caudate Head,head of caudate nucleus,HOMBA:10335,1.0,bm25+exact+fuzzy,Caudate Head,Caudate Head,,1.0,high_confidence,caudate nucleus (mediodorsal division of the CP),0.8342
Caudate nucleus,caudate nucleus (mediodorsal division of the CP),HOMBA:10334,1.0,bm25+exact+fuzzy+hierarchy_parent,Caudate nucleus,Caudate nucleus,,1.0,high_confidence,body of caudate nucleus,0.843297
Caudate Tail,tail of caudate nucleus (caudolateral division of the CP),HOMBA:10337,1.0,bm25+exact+fuzzy,Caudate Tail,Caudate Tail,,1.0,high_confidence,caudate nucleus (mediodorsal division of the CP),0.8342
Central amygdaloid nucleus,central nucleus of amygdala,HOMBA:10363,0.729451,bm25+fuzzy+hierarchy_parent,central nucleus of amygdaloid complex,Central amygdaloid nucleus,,1.0,needs_review,anterior-central nuclear group of amygdala,0.696128
Central Gray Nucleus,central gray region of pons,HOMBA:146034964,0.621613,bm25+fuzzy,central gray region of pons,Central Gray Nucleus,,1.0,needs_review,central gray of medulla oblongata,0.607446
Central Medial Thalamus,central medial nucleus of thalamus,HOMBA:10445,0.891381,bm25+fuzzy,central medial nuclei of thalamus,Central Medial Thalamus,medial,1.0,needs_review,central dorsal nucleus of thalamus,0.484718
"Central opercular cortex, anterior",anterior lobe of cerebellar cortex,HOMBA:12838,0.472497,bm25+fuzzy,anterior lobe of cerebellar cortex,"Central opercular cortex, anterior",,1.0,low_confidence,rostral (anterior) branch of anterior commissure,0.472383
"Central opercular cortex, posterior",frontal motor cortex (posterior frontal cortex),HOMBA:AA30009,0.645941,bm25+fuzzy,posterior frontal cortex,"Central opercular cortex, posterior",posterior,1.0,needs_review,medial (caudal) entorhinal cortex,0.632892
Centrolateral and paracentral thalamic nuclei,rostral intralaminar nuclei of thalamus,HOMBA:10443,0.719859,hierarchy_parent,rostral intralaminar nuclei of thalamus,Centrolateral and paracentral thalamic nuclei,,1.0,needs_review,paracentral nucleus of thalamus,0.639859
Centrolateral and Paracentral Thalamus,rostral intralaminar nuclei of thalamus,HOMBA:10443,0.601533,hierarchy_parent,rostral intralaminar nuclei of thalamus,Centrolateral and Paracentral Thalamus,,1.0,needs_review,ventroanterior-ventrolateral nuclear complex of thalamus,0.553369
Centromedial-parafascicular Thalamus,caudal intralaminar nuclei of thalamus,HOMBA:10448,0.616965,hierarchy_parent,caudal intralaminar nuclei of thalamus,Centromedial-parafascicular Thalamus,,1.0,needs_review,ventral midline nuclei of thalamus,0.600389
Centromedian and parafascicular thalamic complex,parafascicular nucleus of thalamus,HOMBA:10450,0.512541,bm25+fuzzy+hierarchy_parent,parafascicular thalamic nucleus,Centromedian and parafascicular thalamic complex,,1.0,low_confidence,centromedian nucleus of thalamus,0.498615
Cerebellar Lobule 1 Vermis,cerebellar morphology,HOMBA:AA30563,0.798608,bm25+fuzzy+hierarchy_parent,cerebellar morphology,Cerebellar Lobule 1 Vermis,,1.0,needs_review,cerebellar vermis,0.718608
Cerebellar Lobule 10 Vermis,cerebellar morphology,HOMBA:AA30563,0.792039,bm25+hierarchy_parent,cerebellar morphology,Cerebellar Lobule 10 Vermis,,1.0,needs_review,cerebellar vermis,0.712039
Cerebellar Lobule 2 Vermis,cerebellar morphology,HOMBA:AA30563,0.798608,bm25+fuzzy+hierarchy_parent,cerebellar morphology,Cerebellar Lobule 2 Vermis,,1.0,needs_review,cerebellar vermis,0.718608
Cerebellar Lobule 3 Intermediate,cerebellar morphology,HOMBA:AA30563,0.547117,bm25+hierarchy_parent,cerebellar morphology,Cerebellar Lobule 3 Intermediate,,1.0,low_confidence,cerebellar lobules,0.514726
Cerebellar Lobule 3 Vermis,cerebellar morphology,HOMBA:AA30563,0.798608,bm25+hierarchy_parent,cerebellar morphology,Cerebellar Lobule 3 Vermis,,1.0,needs_review,cerebellar vermis,0.718608
Cerebellar Lobule 4 Intermediate,cerebellar morphology,HOMBA:AA30563,0.547117,bm25+hierarchy_parent,cerebellar morphology,Cerebellar Lobule 4 Intermediate,,1.0,low_confidence,cerebellar lobules,0.514726
Cerebellar Lobule 4 Vermis,cerebellar morphology,HOMBA:AA30563,0.798608,bm25+fuzzy+hierarchy_parent,cerebellar morphology,Cerebellar Lobule 4 Vermis,,1.0,needs_review,cerebellar vermis,0.718608
Cerebellar Lobule 5 Intermediate,cerebellar morphology,HOMBA:AA30563,0.547117,bm25+hierarchy_parent,cerebellar morphology,Cerebellar Lobule 5 Intermediate,,1.0,low_confidence,cerebellar lobules,0.514726
Cerebellar Lobule 5 Vermis,cerebellar morphology,HOMBA:AA30563,0.798608,bm25+fuzzy+hierarchy_parent,cerebellar morphology,Cerebellar Lobule 5 Vermis,,1.0,needs_review,cerebellar vermis,0.718608
Cerebellar Lobule 6 Intermediate,cerebellar morphology,HOMBA:AA30563,0.547117,bm25+hierarchy_parent,cerebellar morphology,Cerebellar Lobule 6 Intermediate,,1.0,low_confidence,cerebellar lobules,0.514726
Cerebellar Lobule 6 Vermis,cerebellar morphology,HOMBA:AA30563,0.798608,bm25+fuzzy+hierarchy_parent,cerebellar morphology,Cerebellar Lobule 6 Vermis,,1.0,needs_review,cerebellar vermis,0.718608
Cerebellar Lobule 7 Vermis,cerebellar morphology,HOMBA:AA30563,0.798608,bm25+fuzzy+hierarchy_parent,cerebellar morphology,Cerebellar Lobule 7 Vermis,,1.0,needs_review,cerebellar vermis,0.718608
Cerebellar Lobule 8 Vermis,cerebellar morphology,HOMBA:AA30563,0.798608,bm25+fuzzy+hierarchy_parent,cerebellar morphology,Cerebellar Lobule 8 Vermis,,1.0,needs_review,cerebellar vermis,0.718608
Cerebellar Lobule 9 Vermis,cerebellar morphology,HOMBA:AA30563,0.798608,bm25+fuzzy+hierarchy_parent,cerebellar morphology,Cerebellar Lobule 9 Vermis,,1.0,needs_review,cerebellar vermis,0.718608
Cerebral peduncle,cerebral peduncle (crus cerebri),HOMBA:12330,1.0,bm25+exact+fuzzy,Cerebral peduncle,Cerebral peduncle,,1.0,high_confidence,telencephalon,0.308477
"Cingulate gyrus, anterior",anterior cingulate  cortex (ventromedial prefrontal cortex),HOMBA:10278,0.757957,bm25+fuzzy,anterior cingulate  cortex,cingulate cortex anterior,,1.0,needs_review,cingulate cortex,0.720643
"Cingulate gyrus, posterior",posterior cingulate cortex (PCC),HOMBA:10285,0.996027,bm25+fuzzy,posterior cingulate cortex,cingulate cortex posterior,posterior,1.0,high_confidence,"cingulate gyrus, caudal (posterior) part",0.889801
Claustrum,claustrum,HOMBA:10346,1.0,bm25+exact+fuzzy+hierarchy_parent,Claustrum,Claustrum,,1.0,high_confidence,dorsal claustrum,0.631563
Cochlear Nucleus,cochlear nuclei,HOMBA:12437,1.0,bm25+exact+fuzzy+hierarchy_parent,Cochlear Nucleus,Cochlear Nucleus,,1.0,high_confidence,dorsal cochlear nucleus,0.736733
Copula of the Pyramis,"lobule VIIIB (biventral lobule, part 2, copula pyramis)",HOMBA:AA30418,0.852241,bm25+fuzzy,copula pyramis,Copula of the Pyramis,,1.0,needs_review,Lobule VIII (pyramis),0.38451
Corticospinal Tract,corticospinal tract,HOMBA:12047,1.0,bm25+exact+fuzzy,Corticospinal Tract,Corticospinal Tract,,1.0,high_confidence,pyramidal tract,0.97
Crossing of the superior cerebellar peduncle,decussation of superior cerebellar peduncle,HOMBA:12337,1.0,bm25+exact+fuzzy,Crossing of the superior cerebellar peduncle,Crossing of the superior cerebellar peduncle,,1.0,high_confidence,superior cerebellar peduncle (brachium conjunctivum),0.389197
Cuneate Gracile Nuclei,sensory relay nuclei in medulla oblongata,HOMBA:12587,0.805236,hierarchy_parent,sensory relay nuclei in medulla oblongata,Cuneate Gracile Nuclei,,1.0,needs_review,gracile nucleus,0.725236
Cuneiform Nucleus,cuneiform nucleus,HOMBA:12240,1.0,bm25+exact+fuzzy+hierarchy_parent,Cuneiform Nucleus,Cuneiform Nucleus,,1.0,high_confidence,dorsal division of cuneiform nucleus,0.609167
Dorsal endopiriform claustrum,claustrum-endopiriform nuclear complex,HOMBA:AA30262,0.525735,bm25+fuzzy,claustrum-endopiriform nuclear complex,Dorsal endopiriform claustrum,dorsal,0.0,low_confidence,regions of claustrum-endopiriform nuclear complex,0.498909
Dorsal Lateral Geniculate,lateral geniculate nucleus (dorsal lateral geniculate nucleus),HOMBA:10429,0.9975,bm25+fuzzy,dorsal lateral geniculate nucleus,Dorsal Lateral Geniculate,dorsal;lateral,1.0,high_confidence,pregeniculate nucleus (ventral lateral geniculate nucleus),0.660075
Dorsal lateral geniculate nucleus,lateral geniculate nucleus (dorsal lateral geniculate nucleus),HOMBA:10429,1.0,bm25+exact+fuzzy,Dorsal lateral geniculate nucleus,Dorsal lateral geniculate nucleus,dorsal;lateral,1.0,high_confidence,pregeniculate nucleus (ventral lateral geniculate nucleus),0.821572
Dorsal Lateral Leminscus Nucleus,lateral geniculate nucleus (dorsal lateral geniculate nucleus),HOMBA:10429,0.81101,bm25+fuzzy,dorsal lateral geniculate nucleus,Dorsal Lateral Leminscus Nucleus,dorsal;lateral,1.0,needs_review,dorsal nucleus of lateral lemniscus,0.794715
Dorsal Medial Hypothalamic Nucleus,dorsal division of VMHco,HOMBA:10489,0.842294,bm25+fuzzy,dorsal part of ventromedial hypothalamic nucleus,Dorsal Medial Hypothalamic Nucleus,dorsal;medial,1.0,needs_review,dorsomedial hypothalamic nucleus,0.772277
Dorsal Paragigantocellular Reticular Nucleus,dorsal paragigantocellular nucleus,HOMBA:12628,0.893629,bm25+fuzzy,dorsal paragigantocellular nucleus,Dorsal Paragigantocellular Reticular Nucleus,dorsal;reticular,0.5,modifier_conflict,gigantocellular reticular nuclei,0.85
Dorsal raphe,dorsal raphe nucleus,HOMBA:12223,0.947851,bm25+fuzzy,dorsal raphe nuclei,Dorsal raphe,dorsal,1.0,high_confidence,cap of dorsal raphe nucleus,0.778654
Dorsomedial hypothalamic nucleus,dorsomedial hypothalamic nucleus,HOMBA:10485,1.0,bm25+exact+fuzzy+hierarchy_parent,Dorsomedial hypothalamic nucleus,Dorsomedial hypothalamic nucleus,,1.0,high_confidence,diffuse division of dorsomedial hypothalamic nucleus,0.875
Endopiriform nucleus,endopiriform nucleus,HOMBA:10371,1.0,bm25+exact+fuzzy+hierarchy_parent,Endopiriform nucleus,Endopiriform nucleus,,1.0,high_confidence,dorsal endopiriform nucleus,0.736733
Extended amygdala,extended amygdala,HOMBA:10383,1.0,bm25+exact+fuzzy+hierarchy_parent,Extended amygdala,Extended amygdala,,1.0,high_confidence,regions of extended amygdala,0.94
External globus pallidus,external division of globus pallidus,HOMBA:10343,0.978625,bm25+fuzzy,external division of globus pallidus,External globus pallidus,external,1.0,high_confidence,external medullary lamina of globus pallidus,0.806286
Facial Motor Nucleus,facial nucleus,HOMBA:12420,1.0,bm25+exact+fuzzy+hierarchy_parent,Facial Motor Nucleus,Facial Motor Nucleus,,1.0,high_confidence,"facial nucleus, stylohyoid subnucleus",0.791667
Fasciculus retroflexus,fasciculus retroflexus (habenuno-interpeduncular tract),HOMBA:12342,1.0,bm25+exact+fuzzy,Fasciculus retroflexus,Fasciculus retroflexus,,1.0,high_confidence,dorsal fasciculus (column) of spinal cord,0.281876
Fastigial Cerebellar Nucleus,cerebellar deep nuclei,HOMBA:10660,0.609443,bm25+fuzzy,cerebellar deep nuclei,fastigial cerebellar nuclei,,1.0,needs_review,fastigial (medial) nucleus,0.594249
Fimbria,fimbria,HOMBA:10575,1.0,bm25+exact+fuzzy,Fimbria,Fimbria,,1.0,high_confidence,hippocampus,0.206021
Flocculus,lobule Xa (flocculus),HOMBA:AA30424,1.0,bm25+exact+fuzzy,Flocculus,Flocculus,,1.0,high_confidence,lobule X (nodulus and flocculus),0.642785
Fornix,fornix,HOMBA:10576,1.0,bm25+exact+fuzzy+hierarchy_parent,Fornix,Fornix,,1.0,high_confidence,body of the fornix,0.589771
Fourth Nerve,fourth ventricle,HOMBA:12805,0.496119,bm25+fuzzy+hierarchy_parent,fourth ventricle,Fourth Nerve,,1.0,low_confidence,optic nerve,0.474161
Frontal medial cortex,medial orbital frontal cortex (area 14),HOMBA:10195,0.837395,bm25+fuzzy,medial orbital frontal cortex,Frontal medial cortex,medial,1.0,needs_review,medial (caudal) entorhinal cortex,0.395177
"Frontal orbital cortex, anterior",frontal cortex,HOMBA:10161,0.798301,bm25+hierarchy_parent,frontal cortex,"Frontal orbital cortex, anterior",,1.0,needs_review,orbital frontal cortex,0.725298
"Frontal orbital cortex, lateral","lateral orbital frontal cortex (OFCl, area 12/47)",HOMBA:10205,0.993571,bm25+fuzzy,lateral orbital frontal cortex,"Frontal orbital cortex, lateral",lateral,1.0,high_confidence,orbital frontal cortex,0.635202
"Frontal orbital cortex, medial",medial orbital frontal cortex (area 14),HOMBA:10195,0.989407,bm25+fuzzy,medial orbital frontal cortex,"Frontal orbital cortex, medial",medial,1.0,high_confidence,orbital frontal cortex,0.638438
"Frontal orbital cortex, posterior",orbital frontal cortex,HOMBA:10194,0.624562,bm25+fuzzy,orbital frontal cortex,"Frontal orbital cortex, posterior",posterior,0.0,needs_review,"lateral orbital frontal cortex (OFCl, area 12/47)",0.589713
Frontal pole,frontal pole,HOMBA:146034888,1.0,bm25+exact+fuzzy,Frontal pole,Frontal pole,,1.0,high_confidence,frontal lobe,0.97
Gigantocellular Reticular Nucleus,gigantocellular reticular nuclei,HOMBA:12625,1.0,bm25+exact+fuzzy,Gigantocellular Reticular Nucleus,Gigantocellular Reticular Nucleus,reticular,1.0,high_confidence,alpha gigantocellular reticular nucleus,0.9975
Habenula,habenular nuclei,HOMBA:10452,1.0,bm25+exact+fuzzy+hierarchy_parent,Habenula,Habenula,,1.0,high_confidence,medial habenular nucleus,0.5934
Head of caudate nucleus,head of caudate nucleus,HOMBA:10335,1.0,bm25+exact+fuzzy,Head of caudate nucleus,Head of caudate nucleus,,1.0,high_confidence,caudate nucleus (mediodorsal division of the CP),0.97
Hippocampus,hippocampus,HOMBA:AA30093,1.0,bm25+exact+fuzzy,Hippocampus,Hippocampus,,1.0,high_confidence,hippocampal proper (Cornu Ammonis),0.770833
Inferior Cerebellar Peduncle,inferior cerebellar peduncle,HOMBA:12741,1.0,bm25+exact+fuzzy,Inferior Cerebellar Peduncle,Inferior Cerebellar Peduncle,,1.0,high_confidence,middle cerebellar peduncle (brachium pontis),0.677014
Inferior colliculus,inferior colliculus,HOMBA:12305,1.0,bm25+exact+fuzzy+hierarchy_parent,Inferior colliculus,Inferior colliculus,,1.0,high_confidence,brachium of inferior colliculus,0.813844
Inferior frontal gyrus,inferior frontal gyrus,HOMBA:12117,1.0,bm25+exact+fuzzy+hierarchy_parent,Inferior frontal gyrus,Inferior frontal gyrus,,1.0,high_confidence,frontal lobe,0.97
Inferior Olive,inferior olive,HOMBA:12600,1.0,bm25+exact+fuzzy+hierarchy_parent,Inferior Olive,Inferior Olive,,1.0,high_confidence,hilus of the inferior olive,0.722962
Inferior Pulvinar,inferior division of pulvinar,HOMBA:10413,1.0,bm25+exact+fuzzy,Inferior Pulvinar,Inferior Pulvinar,,1.0,high_confidence,pulvinar of thalamus,0.8342
Inferior temporal gyrus,inferior temporal gyrus,HOMBA:12142,1.0,bm25+exact+fuzzy,Inferior temporal gyrus,Inferior temporal gyrus,,1.0,high_confidence,temporal lobe,0.97
Insular cortex,major insular cortex,HOMBA:10288,1.0,bm25+exact+fuzzy+hierarchy_parent,Insular cortex,Insular cortex,,1.0,high_confidence,agranular insular cortex (area Iag),0.854167
Interanteromedial Thalamus,ventral midline nuclei of thalamus,HOMBA:AA30276,0.724368,hierarchy_parent,ventral midline nuclei of thalamus,Interanteromedial Thalamus,,1.0,needs_review,interanteromedial nucleus of thalamus,0.644368
Intermediate+ventral Lateral Lemniscus Nuclei,intermediate nucleus of lateral lemniscus,HOMBA:12456,0.860049,bm25+fuzzy,intermediate nuclei of lateral lemniscus,Intermediate+ventral Lateral Lemniscus Nuclei,ventral;lateral,0.5,modifier_conflict,ventral nucleus of lateral lemniscus,0.506199
Intermediodorsal thalamic nucleus,intermediodorsal  nucleus of thalamus,HOMBA:13049,1.0,bm25+exact+fuzzy,Intermediodorsal thalamic nucleus,Intermediodorsal thalamic nucleus,,1.0,high_confidence,dorsal midline nuclei of thalamus,0.97
Intermediodorsal Thalamus,dorsal midline nuclei of thalamus,HOMBA:AA30274,0.729483,hierarchy_parent,dorsal midline nuclei of thalamus,Intermediodorsal Thalamus,,1.0,needs_review,intermediodorsal  nucleus of thalamus,0.649483
Internal capsule,internal capsule,HOMBA:10581,1.0,bm25+exact+fuzzy+hierarchy_parent,Internal capsule,Internal capsule,,1.0,high_confidence,genu of internal capsule,0.854167
Internal globus pallidus,globus pallidus (paleostriatum),HOMBA:10342,0.938625,bm25+fuzzy+hierarchy_parent,globus pallidus (paleostriatum),Internal globus pallidus,,1.0,high_confidence,internal division of globus pallidus,0.858625
Interpeduncular Nucleus,interpeduncular nucleus,HOMBA:12270,1.0,bm25+exact+fuzzy+hierarchy_parent,Interpeduncular Nucleus,Interpeduncular Nucleus,,1.0,high_confidence,"interpeduncular nucleus, apical division",0.796474
Intra-amygdaloid division of the bed nucleus of the stria terminalis,bed nucleus of stria terminalis,HOMBA:10384,0.700333,bm25+fuzzy,bed nuclei of stria terminalis,intra amygdaloid division of the bed nuclei of the stria terminalis,,1.0,needs_review,stria terminalis,0.549308
Intraamygdaloid Stria Terminalis,stria terminalis,HOMBA:10591,0.746571,bm25+fuzzy,stria terminalis,Intraamygdaloid Stria Terminalis,,1.0,needs_review,remaining caudal extension of BST (along stria terminalis),0.563585
"Intracalcarine cortex, inferior",inferior lateral parietal cortex,HOMBA:10225,0.482845,bm25+fuzzy,posteroventral parietal cortex inferior,"Intracalcarine cortex, inferior",,1.0,low_confidence,inferior temporal cortex,0.452959
"Intracalcarine cortex, superior",posterior parietal cortex,HOMBA:10214,0.549935,hierarchy_parent,posterior parietal cortex,"Intracalcarine cortex, superior",,1.0,low_confidence,superolateral temporal cortex (area 22),0.523191
Justaparaventricular Lateral Hypothalamus,accessory secretory cells of lateral hypothalamus,HOMBA:13337,0.614951,bm25+fuzzy,accessory secretory cells of lateral hypothalamus,Justaparaventricular Lateral Hypothalamus,lateral,1.0,needs_review,"lateral hypothalamic area, tuberal part",0.545832
Juxtaparaventricular nucleus,paraventricular nucleus of thalamus,HOMBA:10457,0.773333,fuzzy+hierarchy_parent,paraventricular nucleus,Juxtaparaventricular nucleus,,1.0,needs_review,subventricular nucleus,0.594091
Kolliker-Fuse Nucleus,Koelliker-Fuse nucleus,HOMBA:12518,0.756395,bm25+fuzzy,Koelliker-Fuse nucleus,Kolliker-Fuse Nucleus,,1.0,needs_review,cerebellar deep nuclei,0.492784
Lamina Terminalis,lamina terminalis,HOMBA:12105,1.0,bm25+exact+fuzzy,Lamina Terminalis,Lamina Terminalis,,1.0,high_confidence,stria terminalis,0.266643
Lamina terminalis and vascular organ,lamina terminalis,HOMBA:12105,0.690291,bm25+fuzzy,lamina terminalis,Lamina terminalis and vascular organ,,1.0,needs_review,organum vasculosum laminae terminalis,0.45216
Lateral amygdaloid nucleus (dorsal),lateral nucleus of amygdala,HOMBA:10367,0.754779,bm25+fuzzy,lateral nucleus of amygdaloid complex,Lateral amygdaloid nucleus,dorsal;lateral,0.5,modifier_conflict,lateral division of anterior amygdaloid area,0.603706
Lateral amygdaloid nucleus (ventral),lateral nucleus of amygdala,HOMBA:10367,0.754779,bm25+fuzzy,lateral nucleus of amygdaloid complex,Lateral amygdaloid nucleus,ventral;lateral,0.5,modifier_conflict,lateral division of anterior amygdaloid area,0.663706
Lateral Cerebellar Nucleus,lateral region of cerebellar hemisphere,HOMBA:AA30564,0.700145,bm25+fuzzy,lateral region of cerebellar hemisphere,Lateral Cerebellar Nucleus,lateral,1.0,needs_review,lateral nucleus of amygdala,0.429848
Lateral Dorsal Amygdaloid Nucleus,lateral nucleus of amygdala,HOMBA:10367,0.713558,bm25+fuzzy,lateral nucleus of amygdaloid complex,Lateral Dorsal Amygdaloid Nucleus,lateral;dorsal,0.5,modifier_conflict,lateral division of anterior amygdaloid area,0.604481
Lateral Dorsal Tegmentum,lateral cell group of medulla tegmentum,HOMBA:AA30457,0.574475,bm25+fuzzy,lateral cell group of medulla tegmentum,Lateral Dorsal Tegmentum,lateral;dorsal,0.5,modifier_conflict,lateral subdivision of LaD,0.39974
Lateral Dorsal Thalamus,lateral dorsal nucleus of thalamus,HOMBA:10396,0.889352,bm25+fuzzy,lateral dorsal nuclei of thalamus,Lateral Dorsal Thalamus,lateral;dorsal,1.0,needs_review,lateral division of pulvinar,0.619767
Lateral hypothalamic area,"lateral hypothalamic area, tuberal part",HOMBA:10494,0.967588,bm25+fuzzy,"lateral hypothalamic area, tuberal part",Lateral hypothalamic area,lateral,1.0,high_confidence,"lateral  hypothalamic area, mammillary part",0.931484
Lateral Lemniscus,lateral lemniscus,HOMBA:12760,1.0,bm25+exact+fuzzy,Lateral Lemniscus,Lateral Lemniscus,lateral,1.0,high_confidence,nuclei of lateral lemniscus,0.946389
Lateral Parabrachial Nucleus,lateral parabrachial nucleus,HOMBA:12482,1.0,bm25+exact+fuzzy,Lateral Parabrachial Nucleus,Lateral Parabrachial Nucleus,lateral,1.0,high_confidence,"lateral parabrachial nucleus, central division",0.9975
"Lateral parietal cortex, inferior",inferior lateral parietal cortex,HOMBA:10225,1.0,bm25+fuzzy,inferior lateral parietal cortex,"Lateral parietal cortex, inferior",lateral,1.0,high_confidence,inferior parietal lobule (gyrus),0.481008
"Lateral parietal cortex, superior",superior medial parietal cortex,HOMBA:10215,0.639812,bm25+fuzzy,posterodorsal parietal cortex superior,"Lateral parietal cortex, superior",lateral,0.0,needs_review,superior parietal lobule (gyrus),0.483577
Lateral Posterior Thalamus,lateral posterior nucleus of thalamus,HOMBA:10408,0.904161,bm25+fuzzy,lateral posterior nuclei of thalamus,Lateral Posterior Thalamus,lateral;posterior,1.0,high_confidence,posterior nucleus of thalamus,0.672822
Lateral Pulvinar,lateral division of pulvinar,HOMBA:10412,1.0,bm25+fuzzy,lateral division of pulvinar of thalamus,lateral pulvinar of thalamus,lateral,1.0,high_confidence,pulvinar of thalamus,0.7172
Lateral Reticular Nucleus,lateral reticular nucleus,HOMBA:12634,1.0,bm25+exact+fuzzy,Lateral Reticular Nucleus,Lateral Reticular Nucleus,lateral;reticular,1.0,high_confidence,lateral reticular nuclei of pons,0.9975
Lateral Ventral Amygdaloid Nucleus,ventral amygdaloid efferent path,HOMBA:12093,0.601094,bm25+fuzzy,ventral amygdaloid efferent path,Lateral Ventral Amygdaloid Nucleus,lateral;ventral,0.5,modifier_conflict,lateral subdivision of LaV,0.470022
Lateral ventricle,body of lateral ventricles,HOMBA:10598,0.976667,bm25+fuzzy,body of lateral ventricle,Lateral ventricle,lateral,1.0,high_confidence,atrium of lateral ventricles,0.946389
Laterodorsal thalamic nucleus,anterodorsal nucleus of thalamus,HOMBA:10393,0.769656,bm25+fuzzy,anterodorsal nucleus of thalamus,laterodorsal nucleus of thalamus,,1.0,needs_review,interanterodorsal nucleus of thalamus,0.73726
Limitans Thalamus,thalamus,HOMBA:10390,0.665441,bm25+fuzzy,thalamus,Limitans Thalamus,,1.0,needs_review,regions of thalamus,0.550131
Linear raphe,linear nucleus of the midbrain,HOMBA:12230,0.476038,bm25+hierarchy_parent,linear nucleus of the midbrain,Linear raphe,,1.0,low_confidence,caudal linear nucleus of the raphe,0.473533
Locus-coeruleus Region,nucleus coeruleus (locus coeruleus),HOMBA:12499,0.8084,bm25+fuzzy,locus coeruleus,Locus-coeruleus Region,,1.0,needs_review,,
Mammillary Hypothalamus,hypothalamus,HOMBA:10467,0.703804,bm25+fuzzy+hierarchy_parent,hypothalamus,Mammillary Hypothalamus,,1.0,needs_review,regions of hypothalamus,0.589522
Mammillary nucleus,mammillary nuclear complex,HOMBA:10498,1.0,bm25+exact+fuzzy+hierarchy_parent,Mammillary nucleus,Mammillary nucleus,,1.0,high_confidence,mammillary (posterior) region of HTH,0.8342
Medial amygdaloid nucleus,medial nuclear complex of amygdala,HOMBA:10376,1.0,bm25+exact+fuzzy,Medial amygdaloid nucleus,Medial amygdaloid nucleus,medial,1.0,high_confidence,corticomedial nuclear group of amygdala,0.68695
Medial cerebellar peduncle,middle cerebellar peduncle (brachium pontis),HOMBA:12768,0.607076,bm25+fuzzy,middle cerebellar peduncle,Medial cerebellar peduncle,medial,0.0,needs_review,superior cerebellar peduncle (brachium conjunctivum),0.597579
Medial Dorsal Tegmentum,magnocellular (dorsal) division of BM,HOMBA:11522,0.592045,bm25+fuzzy,dorsal,Medial Dorsal Tegmentum,medial;dorsal,1.0,low_confidence,dorsal cell group of medulla tegmentum,0.558878
Medial eminence,medial eminence,HOMBA:12820,1.0,bm25+exact+fuzzy,Medial eminence,Medial eminence,medial,1.0,high_confidence,medial ganglionic eminence,0.802399
Medial Emminence,medial eminence,HOMBA:12820,0.819921,bm25+fuzzy,medial eminence,Medial Emminence,medial,1.0,needs_review,fastigial (medial) nucleus,0.71375
Medial Geniculate,medial geniculate nucleus,HOMBA:10434,0.976667,bm25+fuzzy,medial geniculate nucleus,Medial Geniculate,medial,1.0,high_confidence,dorsal (rostral) division of medial geniculate nucleus,0.84379
Medial geniculate nucleus,medial geniculate nucleus,HOMBA:10434,1.0,bm25+exact+fuzzy,Medial geniculate nucleus,Medial geniculate nucleus,medial,1.0,high_confidence,dorsal (rostral) division of medial geniculate nucleus,0.9975
Medial Lemniscus,medial lemniscus,HOMBA:12763,1.0,bm25+exact+fuzzy,Medial Lemniscus,Medial Lemniscus,medial,1.0,high_confidence,decussation of medial lemniscus,0.861263
Medial longitudinal fascicle,medial longitudinal fasciculus,HOMBA:12764,1.0,bm25+exact+fuzzy,Medial longitudinal fascicle,Medial longitudinal fascicle,medial,1.0,high_confidence,medial longitudinal fasciculus in spinal cord,0.9325
Medial Parabrachial Nucleus,medial parabrachial nucleus,HOMBA:12487,1.0,bm25+exact+fuzzy,Medial Parabrachial Nucleus,Medial Parabrachial Nucleus,medial,1.0,high_confidence,"medial parabrachial nucleus, medial division",1.0
Medial parietal cortex,superior medial parietal cortex,HOMBA:10215,0.9975,bm25+fuzzy,superior medial parietal cortex,Medial parietal cortex,medial,1.0,high_confidence,medial (caudal) entorhinal cortex,0.395177
Medial Pulvinar,medial division of pulvinar,HOMBA:10411,1.0,bm25+fuzzy,medial division of pulvinar of thalamus,medial pulvinar of thalamus,medial,1.0,high_confidence,pulvinar of thalamus,0.7172
Medial Raphe,fastigial (medial) nucleus,HOMBA:12402,0.8075,bm25+fuzzy,medial,Medial Raphe,medial,1.0,needs_review,medial (magnocellular) division of MD,0.8075
Mediodorsal thalamic nucleus,mediodorsal nucleus of thalamus,HOMBA:10398,1.0,bm25+exact+fuzzy,Mediodorsal thalamic nucleus,Mediodorsal thalamic nucleus,,1.0,high_confidence,ventral midline nuclei of thalamus,0.369763
Mediodorsal Thalamus,mediodorsal nucleus of thalamus,HOMBA:10398,1.0,bm25+exact+fuzzy,Mediodorsal Thalamus,Mediodorsal Thalamus,,1.0,high_confidence,ventral midline nuclei of thalamus,0.284855
Mediolateral Fascicle,cuneate fasciculus,HOMBA:12731,0.536963,bm25+fuzzy,cuneate fascicle,Mediolateral Fascicle,,1.0,low_confidence,uncinate fasciculus,0.530421
Medullar Reticular Nucleus,"medullary reticular nucleus, ventral division (medial reticular nucleus)",HOMBA:12640,0.816244,bm25+fuzzy,medial reticular nucleus,Medullar Reticular Nucleus,reticular,1.0,needs_review,parvicellular reticular nucleus,0.784446
Mesencephalic Reticular Formation,isthmic reticular formation,HOMBA:15547,0.77742,bm25+fuzzy,isthmic reticular formation,Mesencephalic Reticular Formation,reticular,1.0,needs_review,medullary reticular formation in  medulla oblongata,0.764239
Mesencephalic Trigeminal Nerve,mesencephalic trigeminal nucleus,HOMBA:12208,0.612807,bm25+fuzzy,mesencephalic trigeminal nuclei,Mesencephalic Trigeminal Nerve,,1.0,needs_review,mesencephalic trigeminal tract,0.608845
Midbrain reticular formation,midbrain reticular formation,HOMBA:12239,1.0,bm25+exact+fuzzy,Midbrain reticular formation,Midbrain reticular formation,reticular,1.0,high_confidence,isthmic reticular formation,0.439023
Middle frontal gyrus,middle frontal gyrus,HOMBA:12116,1.0,bm25+exact+fuzzy,Middle frontal gyrus,Middle frontal gyrus,,1.0,high_confidence,frontal lobe,0.97
Mircrocellular Tegmentum,paracollicular tegmentum,HOMBA:12282,0.555983,bm25+fuzzy,paracollicular tegmentum,Mircrocellular Tegmentum,,1.0,low_confidence,midbrain tegmentum,0.505846
Motor Trigeminal Nucleus,"motor nucleus of trigeminal nerve (motor trigeminal nucleus, Mo5)",HOMBA:12429,1.0,bm25+exact+fuzzy+hierarchy_parent,Motor Trigeminal Nucleus,Motor Trigeminal Nucleus,,1.0,high_confidence,afferent nuclei of cranial nerves in pons,0.816733
Obex,obex,HOMBA:12812,1.0,bm25+exact+fuzzy,Obex,Obex,,1.0,high_confidence,,
Occulomotor Nerve,root of occulomotor nerve,HOMBA:12376,0.856667,bm25+fuzzy,root of occulomotor nerve,Occulomotor Nerve,,1.0,needs_review,root of facial nerve,0.281961
Occulomotor Nuclei,oculomotor nucleus,HOMBA:12198,1.0,bm25+exact+fuzzy+hierarchy_parent,occulomotor nucleus,occulomotor nucleus,,1.0,high_confidence,efferent nuclei of the cranial nerves in midbrain,0.97
Oculomotor complex,subicular complex,HOMBA:266441673,0.517947,bm25+fuzzy,subicular complex,Oculomotor complex,,1.0,low_confidence,oculomotor nucleus,0.493244
Olfactory tubercle,olfactory tubercle,HOMBA:10310,1.0,bm25+exact+fuzzy+hierarchy_parent,Olfactory tubercle,Olfactory tubercle,,1.0,high_confidence,islands of Calleja of olfactory tubercle,0.668037
Olfactory Tubercule,olfactory tubercle,HOMBA:10310,0.685,bm25+fuzzy+hierarchy_parent,olfactory tubercle,Olfactory Tubercule,,1.0,needs_review,olfactory bulb,0.548413
Olivocerebellar Tract,olivocerebellar tract,HOMBA:12747,1.0,bm25+exact+fuzzy,Olivocerebellar Tract,Olivocerebellar Tract,,1.0,high_confidence,pyramidal tract,0.302645
Optic Tract,optic tract,HOMBA:10589,1.0,bm25+exact+fuzzy,Optic Tract,Optic Tract,,1.0,high_confidence,nucleus of the optic tract  (lentiform nucleus),0.590045
Optic tract/chiasma,optic tract,HOMBA:10589,0.788377,bm25+fuzzy,optic tract,Optic tract/chiasma,,1.0,needs_review,optic chiasm,0.542581
P1 Mesencephalic Reticulum,mesencephalic trigeminal tract,HOMBA:12767,0.40692,bm25+fuzzy,mesencephalic trigeminal tract,P1 Mesencephalic Reticulum,,1.0,low_confidence,mesencephalic trigeminal nucleus,0.406265
Parabigeminal Nucleus,parabigeminal nucleus,HOMBA:12312,1.0,bm25+exact+fuzzy,Parabigeminal Nucleus,Parabigeminal Nucleus,,1.0,high_confidence,cerebellar deep nuclei,0.260408
Paraflocculus,lobule IXb (paraflocculus),HOMBA:AA30421,1.0,bm25+exact+fuzzy,Paraflocculus,Paraflocculus,,1.0,high_confidence,lobule IX (tonsil-paraflocculus),0.8
Parahippocampal gyrus,parahippocampal gyrus,HOMBA:12162,1.0,bm25+exact+fuzzy+hierarchy_parent,Parahippocampal gyrus,Parahippocampal gyrus,,1.0,high_confidence,anterior parahippocampal gyrus,0.736733
Paralaminar amygdaloid nucleus,paralaminar nucleus of amygdala,HOMBA:10370,0.752254,bm25+fuzzy,paralaminar nucleus of amygdaloid complex,Paralaminar amygdaloid nucleus,,1.0,needs_review,corticomedial nuclear group of amygdala,0.373018
Paramedian Lobule,"lobule VIIIA (biventral lobule, part 1, paramedian lobule)",HOMBA:AA30417,1.0,bm25+exact+fuzzy,Paramedian Lobule,Paramedian Lobule,,1.0,high_confidence,Lobule VIII (biventral lobule),0.97
Paratenial-paraventral-thalamus,regions of thalamus,HOMBA:AA30265,0.627903,bm25+hierarchy_parent,regions of thalamus,Paratenial-paraventral-thalamus,,1.0,needs_review,ventral thalamus,0.547903
Paraventricular Anterior Thalamus,paraventricular nucleus of thalamus,HOMBA:10457,0.580053,bm25+fuzzy+hierarchy_parent,paraventricular nuclei of thalamus,Paraventricular Anterior Thalamus,,1.0,low_confidence,caudal paraventricular nucleus of thalamus,0.521573
Paraventricular hypothalamic nucleus,dorsal midline nuclei of thalamus,HOMBA:AA30274,0.866136,hierarchy_parent,dorsal midline nuclei of thalamus,Paraventricular hypothalamic nucleus,,1.0,needs_review,paraventricular nucleus of thalamus,0.786136
Paraventricular Hypothalamus,paraventricular nucleus of hypothalamus,HOMBA:10476,0.655644,bm25+fuzzy+hierarchy_parent,paraventricular nuclei of hypothalamus,Paraventricular Hypothalamus,,1.0,needs_review,hypothalamus,0.391205
Paraventricular Posterior Thalamus,paraventricular nucleus of thalamus,HOMBA:10457,0.571558,bm25+fuzzy,paraventricular nucleus of thalamus,Paraventricular Posterior Thalamus,posterior,0.0,low_confidence,rostral paraventricular nucleus of thalamus,0.523427
Parietal opercular cortex,parietal cortex,HOMBA:10208,0.69793,bm25+fuzzy+hierarchy_parent,parietal cortex,Parietal opercular cortex,,1.0,needs_review,parietal lobe,0.645607
Parvicellular and Intermediate Reticular Nuclei,parvicellular reticular nucleus,HOMBA:12618,0.876067,bm25+fuzzy,parvicellular reticular nucleus,parvicellular and intermediate reticular nucleus,parvicellular;reticular,1.0,needs_review,parvicellular division of reticular nucleus (perireticular nucleus),0.842119
Peduncular lateral hypothalamic nucleus,magnocellular nucleus of lateral hypothalamic area,HOMBA:13070,0.761134,bm25+fuzzy,magnocellular nuclei of lateral hypothalamic area,peduncular lateral hypothalamic nuclei,lateral,1.0,needs_review,"lateral hypothalamic area, tuberal part",0.686151
Peduncular Lateral Hypothalamus,accessory secretory cells of lateral hypothalamus,HOMBA:13337,0.631795,bm25+fuzzy,accessory secretory cells of lateral hypothalamus,Peduncular Lateral Hypothalamus,lateral,1.0,needs_review,dentate (lateral) nucleus,0.574699
Pedunculopontine Nucleus,pontine nucleus,HOMBA:12406,0.739583,bm25+fuzzy+hierarchy_parent,pontine nucleus,Pedunculopontine Nucleus,,1.0,needs_review,peduncular part of pontine nucleus,0.598279
Peri-basal region,basal forebrain,HOMBA:10349,0.569115,bm25+hierarchy_parent,basal forebrain,Peri-basal region,,1.0,low_confidence,regions of basal forebrain,0.489115
Periaqueductal gray,periaqueductal gray region,HOMBA:AA30359,0.94,bm25+fuzzy,periaqueductal gray region,Periaqueductal gray,,1.0,high_confidence,periaqueductal gray substance,0.845546
Perifornical nucleus,perifornical nucleus,HOMBA:11578,1.0,bm25+exact+fuzzy,Perifornical nucleus,Perifornical nucleus,,1.0,high_confidence,cerebellar deep nuclei,0.260408
Pineal gland,pineal body,HOMBA:10460,1.0,bm25+exact+fuzzy,Pineal gland,Pineal gland,,1.0,high_confidence,pituitary body/gland (hypophysis),0.278347
Piriform cortex,piriform cortex,HOMBA:10311,1.0,bm25+exact+fuzzy,Piriform cortex,Piriform cortex,,1.0,high_confidence,dorsolateral temporal cortex,0.278668
Pontine nucleus,pontine nucleus,HOMBA:12406,1.0,bm25+exact+fuzzy+hierarchy_parent,Pontine nucleus,Pontine nucleus,,1.0,high_confidence,pontine gamma nucleus,0.734026
Pontine Reticulum Caudal,"pontine reticular nucleus, caudal division",HOMBA:12493,0.719389,bm25+fuzzy,pontine reticular nucleus caudalis part,pontine reticulum caudalis,caudal,1.0,needs_review,(caudal) collateral sulcus (medial occipitotemporal sulcus),0.635466
Pontine Reticulum Oral,"pontine reticular nucleus, rostral division",HOMBA:12494,0.733833,bm25+fuzzy,pontine reticular nucleus oralis part,pontine reticulum oralis,oral,1.0,needs_review,rostral (oral) dorsal paramedian nucleus,0.651668
"Postcentral gyrus, lateral",postcentral gyrus,HOMBA:12132,0.753867,bm25+fuzzy,postcentral gyrus,"Postcentral gyrus, lateral",lateral,0.0,needs_review,lateral orbital gyrus,0.409522
"Postcentral gyrus, medial",postcentral gyrus,HOMBA:12132,0.753867,bm25+fuzzy,postcentral gyrus,"Postcentral gyrus, medial",medial,0.0,needs_review,medial orbital gyrus,0.411389
Posterior Commissural Nuclei,interstitial nucleus of posterior commissure (nucleus of posterior commissure),HOMBA:12194,0.788483,bm25+fuzzy,nuclei of posterior commissure,Posterior Commissural Nuclei,posterior,1.0,needs_review,posterior (caudal) cortical nucleus of amygdala,0.782298
Posterior Commissure,posterior commissure,HOMBA:10567,1.0,bm25+exact+fuzzy,Posterior Commissure,Posterior Commissure,posterior,1.0,high_confidence,interstitial nucleus of posterior commissure (nucleus of posterior commissure),0.974167
Posterior hypothalamic nucleus,posterior hypothalamic nucleus,HOMBA:10503,1.0,bm25+exact+fuzzy,Posterior hypothalamic nucleus,Posterior hypothalamic nucleus,posterior,1.0,high_confidence,interstitial nucleus of posterior commissure (nucleus of posterior commissure),0.397489
Posterior Interposed Cerebellar Nucleus,posterior lobe of cerebellar cortex,HOMBA:12844,0.665387,bm25+fuzzy,posterior lobe of cerebellar cortex,Posterior Interposed Cerebellar Nucleus,posterior,1.0,needs_review,"posterior lobe, vermis part",0.653138
Posterior Interstitial Nucleus,interstitial nucleus of posterior commissure (nucleus of posterior commissure),HOMBA:12194,0.820943,bm25+fuzzy,interstitial nuclei of posterior commissure,posterior interstitial nuclei,posterior,1.0,needs_review,interstitial nucleus of posterior limb of anterior commissure (fundus of striatum),0.692768
Posterior interstitial nucleus of the anterior commissure,interstitial nucleus of posterior commissure (nucleus of posterior commissure),HOMBA:12194,0.956666,bm25+fuzzy,interstitial nucleus of posterior commissure,Posterior interstitial nucleus of the anterior commissure,posterior,1.0,high_confidence,interstitial nucleus of posterior limb of anterior commissure (fundus of striatum),0.94138
Posterior pituitary,posterior lobe of pituitary body (neurohypophysis),HOMBA:AA30783,0.762086,bm25+fuzzy,posterior lobe of pituitary body,Posterior pituitary,posterior,1.0,needs_review,caudal (posterior) branch of anterior commissure,0.392291
Pre-supplementary motor area,medial division of area 6 (supplementary motor area),HOMBA:AA30012,0.736733,bm25+fuzzy,supplementary motor area,Pre-supplementary motor area,,1.0,needs_review,frontal motor cortex (posterior frontal cortex),0.431579
"Precentral gyrus, lateral",precentral gyrus,HOMBA:12114,0.751667,bm25+fuzzy,precentral gyrus,"Precentral gyrus, lateral",lateral,0.0,needs_review,lateral orbital gyrus,0.409522
"Precentral gyrus, medial/supplementary motor area",medial division of area 6 (supplementary motor area),HOMBA:AA30012,0.827791,bm25+fuzzy,supplementary motor area,"Precentral gyrus, medial/supplementary motor area",medial,1.0,needs_review,precentral gyrus,0.529348
Precommissural nucleus,precommissural nucleus,HOMBA:12287,1.0,bm25+exact+fuzzy,Precommissural nucleus,Precommissural nucleus,,1.0,high_confidence,cerebellar deep nuclei,0.260408
Precuneiform Nucleus,cuneiform nucleus,HOMBA:12240,0.773333,bm25+fuzzy+hierarchy_parent,cuneiform nucleus,Precuneiform Nucleus,,1.0,needs_review,precuneiform area,0.67123
Prefornical Hypothalamus,hypothalamus,HOMBA:10467,0.6875,bm25+fuzzy+hierarchy_parent,hypothalamus,Prefornical Hypothalamus,,1.0,needs_review,regions of hypothalamus,0.603525
Prelunate gyrus,prelunate gyrus,HOMBA:AA30555,1.0,bm25+exact+fuzzy,Prelunate gyrus,Prelunate gyrus,,1.0,high_confidence,uncus of (para)hippocampal gyrus,0.31092
"Premotor cortex, dorsal","premotor cortex (area 6, area FB, secondary motor cortex)",HOMBA:10168,0.753867,bm25+fuzzy,premotor cortex,"Premotor cortex, dorsal",dorsal,0.0,needs_review,caudal (dorsal) parasubiculum (subdivision b only),0.597974
"Premotor cortex, ventral","premotor cortex (area 6, area FB, secondary motor cortex)",HOMBA:10168,0.742101,bm25+fuzzy,premotor cortex,"Premotor cortex, ventral",ventral,0.0,needs_review,anterior (ventral /principal) pretectal nucleus,0.620808
Preoptic area,preoptic region of HTH,HOMBA:10468,0.815,bm25+fuzzy+hierarchy_parent,preoptic region of HTH,preoptic region,,1.0,needs_review,medial preoptic area,0.7009
Prepositus Nucleus,prepositus hypoglossal nucleus,HOMBA:12615,1.0,bm25+exact+fuzzy,Prepositus Nucleus,Prepositus Nucleus,,1.0,high_confidence,other nuclei in dorsal medulla,0.97
Prerubral Field,prerubral field (field H3),HOMBA:AA30325,1.0,bm25+exact+fuzzy,Prerubral Field,Prerubral Field,,1.0,high_confidence,prerubral regions,0.321021
Principal Trigeminal Nucleus,principal sensory nucleus of trigeminal nerve,HOMBA:12444,1.0,bm25+exact+fuzzy,Principal Trigeminal Nucleus,Principal Trigeminal Nucleus,principal,1.0,high_confidence,spinal trigeminal nucleus,0.949008
Putamen,putamen (lateroventral division of the CP),HOMBA:10338,1.0,bm25+exact+fuzzy+hierarchy_parent,Putamen,Putamen,,1.0,high_confidence,caudal putamen,0.7009
Pyramidal Tract,pyramidal tract,HOMBA:12773,1.0,bm25+exact+fuzzy+hierarchy_parent,Pyramidal Tract,Pyramidal Tract,,1.0,high_confidence,pyramidal part of medulla oblongata,0.258115
Pyramidal Tract Decussation,pyramidal decussation,HOMBA:12772,0.895752,bm25+fuzzy,pyramidal decussation,Pyramidal Tract Decussation,decussation,1.0,needs_review,decussation of rubrospinal tract,0.437434
Raphe Magnus Nucleus,raphe magnus nucleus,HOMBA:12642,1.0,bm25+exact+fuzzy,Raphe Magnus Nucleus,Raphe Magnus Nucleus,,1.0,high_confidence,raphe nuclei in medulla oblongata,0.97
Raphe Obscurus Nucleus,raphe obscurus nucleus,HOMBA:12643,1.0,bm25+exact+fuzzy,Raphe Obscurus Nucleus,Raphe Obscurus Nucleus,,1.0,high_confidence,raphe nuclei in medulla oblongata,0.97
Red nucleus,red nucleus,HOMBA:12247,1.0,bm25+exact+fuzzy+hierarchy_parent,Red nucleus,Red nucleus,,1.0,high_confidence,"red nucleus, dorsomedial division",0.653295
Reticular thalamic nucleus,reticular nucleus of thalamus,HOMBA:10464,1.0,bm25+exact+fuzzy,Reticular thalamic nucleus,Reticular thalamic nucleus,reticular,1.0,high_confidence,caudoventrolateral reticular nucleus,0.402582
Reticular Thalamus,reticular nucleus of thalamus,HOMBA:10464,1.0,bm25+exact+fuzzy,Reticular Thalamus,Reticular Thalamus,reticular,1.0,high_confidence,caudoventrolateral reticular nucleus,0.349218
Reticulotegmentum,reticulotegmental nucleus,HOMBA:12497,1.0,bm25+exact+fuzzy+hierarchy_parent,Reticulotegmentum,Reticulotegmentum,,1.0,high_confidence,"reticulotegmental nucleus, dorsal division",0.7009
Retro-mammillary nucleus,mammillary nuclear complex,HOMBA:10498,0.856667,bm25+fuzzy+hierarchy_parent,mammillary nucleus,Retro-mammillary nucleus,,1.0,needs_review,mammillary (posterior) region of HTH,0.805533
Retroisthmic Nucleus,retrorubral field (retroisthmic nucleus),HOMBA:12289,1.0,bm25+exact+fuzzy,Retroisthmic Nucleus,Retroisthmic Nucleus,,1.0,high_confidence,cerebellar deep nuclei,0.260408
Retromammillary Hypothalamus,hypothalamus,HOMBA:10467,0.664646,bm25+fuzzy+hierarchy_parent,hypothalamus,Retromammillary Hypothalamus,,1.0,needs_review,retromammillary area,0.657441
Retrorubral Field,retrorubral field (retroisthmic nucleus),HOMBA:12289,1.0,bm25+exact+fuzzy,Retrorubral Field,Retrorubral Field,,1.0,high_confidence,prerubral field (field H3),0.266526
Reuniens-rhomboid-xiphoid Thalamus,ventral midline nuclei of thalamus,HOMBA:AA30276,0.570216,hierarchy_parent,ventral midline nuclei of thalamus,Reuniens-rhomboid-xiphoid Thalamus,,1.0,low_confidence,rhomboid (central) nucleus of thalamus,0.490216
Saginum Nucleus,sagulum nucleus (nucleus sagulum),HOMBA:12313,0.610833,bm25+fuzzy,sagulum nucleus,Saginum Nucleus,,1.0,needs_review,lateral reticular nuclei of pons,0.568213
Sensory Root of the Trigeminal Nerve,sensory root of trigeminal nerve,HOMBA:12867,0.984079,bm25+fuzzy,sensory roots of the trigeminal nerve,sensory roots of the the trigeminal nerve,,1.0,high_confidence,root of trigeminal nerve,0.97
Septimbrial nucleus,septofimbrial nucleus,HOMBA:13032,0.672904,fuzzy,septofimbrial nucleus,Septimbrial nucleus,,1.0,needs_review,septal region (septal nuclear complex),0.598302
Septum and diagonal band,diagonal band,HOMBA:12034,0.854167,bm25+fuzzy,diagonal band of broca,septum and diagonal band of broca,,1.0,needs_review,nucleus of diagonal band,0.592036
Septum Diagonal Band,diagonal band,HOMBA:12034,0.856667,bm25+fuzzy,diagonal band of broca,septum diagonal band of broca,,1.0,needs_review,nucleus of diagonal band,0.598395
Simple Lobule,lobule VI (simple lobule),HOMBA:AA30408,1.0,bm25+exact+fuzzy+hierarchy_parent,Simple Lobule,Simple Lobule,,1.0,high_confidence,"lobule VIA (simple lobule, rostral part)",1.0
Solitary Tract Nucleus,solitary nucleus,HOMBA:12557,1.0,bm25+exact+fuzzy+hierarchy_parent,Solitary Tract Nucleus,Solitary Tract Nucleus,,1.0,high_confidence,solitary tract,0.854167
Spinal Trigeminal Nucleus Caudal,"spinal trigeminal nucleus, caudal division",HOMBA:12573,1.0,bm25+fuzzy,spinal principal sensory nucleus of trigeminal nerve caudal part,spinal principal sensory nucleus of trigeminal nerve caudal,caudal,1.0,high_confidence,spinal trigeminal nucleus,0.77259
Spinal Trigeminal Nucleus Intermediate,afferent nuclei of cranial nerves in pons,HOMBA:12436,0.7809,hierarchy_parent,afferent nuclei of cranial nerves in pons,Spinal Trigeminal Nucleus Intermediate,,1.0,needs_review,spinal trigeminal nucleus,0.75465
Spinal Trigeminal Nucleus Oral,"spinal nucleus of trigeminal nerve, rostral subnucleus",HOMBA:12447,0.848053,bm25+fuzzy,"spinal nucleus of trigeminal nerve, oral subnucleus",spinal principal sensory nucleus of trigeminal nerve oral,oral,1.0,needs_review,spinal trigeminal nucleus,0.785316
Stria medullaris,stria medullaris of thalamus,HOMBA:10590,0.782738,bm25+fuzzy,stria medullaris of thalamus,Stria medullaris,,1.0,needs_review,stria terminalis,0.2617
"Striate cortex, dorsolateral, inferior","primary visual cortex (first visual cortex, striate cortex, area 17, area OC)",HOMBA:10269,0.634923,bm25+fuzzy,striate cortex,"Striate cortex, dorsolateral, inferior",,1.0,needs_review,temporal cortex,0.542068
"Striate cortex, dorsolateral, superior","primary visual cortex (first visual cortex, striate cortex, area 17, area OC)",HOMBA:10269,0.634923,bm25+fuzzy,striate cortex,"Striate cortex, dorsolateral, superior",,1.0,needs_review,dorsolateral prefrontal cortex,0.534295
"Striate cortex, medial","primary visual cortex (first visual cortex, striate cortex, area 17, area OC)",HOMBA:10269,0.751667,bm25+fuzzy,striate cortex,"Striate cortex, medial",medial,0.0,needs_review,medial (caudal) entorhinal cortex,0.637627
Subcallosal cortex,subgenual (subcallosal) cingulate cortex (area 25),HOMBA:10281,0.494169,bm25+fuzzy,subcallosal,Subcallosal cortex,,1.0,low_confidence,cingulate cortex,0.493785
Subceruleus,subcoeruleus nucleus,HOMBA:12500,1.0,bm25+exact+fuzzy+hierarchy_parent,Subceruleus,Subceruleus,,1.0,high_confidence,"subcoeruleus nucleus, dorsal division",0.671875
Subicular complex,subicular complex,HOMBA:266441673,1.0,bm25+exact+fuzzy,Subicular complex,Subicular complex,,1.0,high_confidence,subplate-derived cell layer of subicular complex,0.494076
Subparafascicular Nucleus,subparafascicular nucleus of thalamus,HOMBA:13054,1.0,bm25+exact+fuzzy,Subparafascicular Nucleus,Subparafascicular Nucleus,,1.0,high_confidence,ventral midline nuclei of thalamus,0.8342
Subparafascicular parvocellular thalamic nucleus,ventral midline nuclei of thalamus,HOMBA:AA30276,0.89591,hierarchy_parent,ventral midline nuclei of thalamus,Subparafascicular parvocellular thalamic nucleus,,1.0,needs_review,subparafascicular nucleus of thalamus,0.81591
Substantia nigra,substantia nigra,HOMBA:12251,1.0,bm25+exact+fuzzy+hierarchy_parent,Substantia nigra,Substantia nigra,,1.0,high_confidence,"substantia nigra, compact division",0.660445
Subthalamic nucleus,subthalamic nucleus,HOMBA:10466,1.0,bm25+exact+fuzzy,Subthalamic nucleus,Subthalamic nucleus,,1.0,high_confidence,subthalamic fasciculus,0.273351
Superior Cerebellar Peduncle,superior cerebellar peduncle (brachium conjunctivum),HOMBA:12354,1.0,bm25+exact+fuzzy,Superior Cerebellar Peduncle,Superior Cerebellar Peduncle,,1.0,high_confidence,decussation of superior cerebellar peduncle,0.7425
Superior Cerebellar Peduncle Decussation,decussation of superior cerebellar peduncle,HOMBA:12337,1.0,bm25+fuzzy,decussation of superior cerebellar peduncle,Superior Cerebellar Peduncle Decussation,decussation,1.0,high_confidence,pyramidal decussation,0.361035
Superior colliculus,superior colliculus,HOMBA:12292,1.0,bm25+exact+fuzzy+hierarchy_parent,Superior colliculus,Superior colliculus,,1.0,high_confidence,brachium of superior colliculus,0.813844
Superior frontal gyrus,superior frontal gyrus,HOMBA:12115,1.0,bm25+exact+fuzzy,Superior frontal gyrus,Superior frontal gyrus,,1.0,high_confidence,frontal lobe,0.97
"Superior frontal gyrus, medial",superior frontal gyrus,HOMBA:12115,0.7722,bm25+fuzzy,superior frontal gyrus,"Superior frontal gyrus, medial",medial,0.0,needs_review,superior frontal sulcus,0.530614
Superior Olive,medial superior olivary nucleus,HOMBA:12470,0.734583,bm25+fuzzy,medial superior olive,Superior Olive,,1.0,needs_review,superior olivary complex,0.256049
Superior temporal gyrus,superior temporal gyrus,HOMBA:12140,1.0,bm25+exact+fuzzy,Superior temporal gyrus,Superior temporal gyrus,,1.0,high_confidence,temporal lobe,0.97
Supra Geniculate,medial geniculate nuclear complex,HOMBA:AA30307,0.429875,bm25+hierarchy_parent,medial geniculate nuclear complex,Supra Geniculate,,1.0,low_confidence,lateral geniculate nuclear complex,0.428538
Supraoptic Hypothalamus,hypothalamus,HOMBA:10467,0.703804,bm25+fuzzy+hierarchy_parent,hypothalamus,Supraoptic Hypothalamus,,1.0,needs_review,regions of hypothalamus,0.593691
Supraoptic nucleus,supraoptic nucleus,HOMBA:10481,1.0,bm25+exact+fuzzy+hierarchy_parent,Supraoptic nucleus,Supraoptic nucleus,,1.0,high_confidence,supraoptic region of HTH,0.97
"Supratemporal plane, anterior",rostral (anterior) branch of anterior commissure,HOMBA:AA30484,0.510695,bm25+fuzzy,anterior,"Supratemporal plane, anterior",,1.0,low_confidence,rostral (anterior) division of BM,0.510695
"Supratemporal plane, posterior",caudal (posterior) branch of anterior commissure,HOMBA:AA30485,0.63913,bm25+fuzzy,posterior,"Supratemporal plane, posterior",posterior,1.0,needs_review,caudal (posterior) extramural migratory stream,0.63913
Tail of caudate nucleus,tail of caudate nucleus (caudolateral division of the CP),HOMBA:10337,1.0,bm25+exact+fuzzy,Tail of caudate nucleus,Tail of caudate nucleus,,1.0,high_confidence,caudate nucleus (mediodorsal division of the CP),0.97
Temporal pole,temporal pole (temporopolar cortex),HOMBA:12146,1.0,bm25+exact+fuzzy,Temporal pole,Temporal pole,,1.0,high_confidence,temporal lobe,0.97
Third ventricle,third ventricle,HOMBA:10602,1.0,bm25+exact+fuzzy+hierarchy_parent,Third ventricle,Third ventricle,,1.0,high_confidence,regions of third ventricle,0.870192
Transverse Fibers,transverse fibers,HOMBA:AA30879,1.0,bm25+exact+fuzzy,Transverse Fibers,Transverse Fibers,,1.0,high_confidence,transverse fibers of pons (pontine crossing tract),0.736733
Trapezoid Bundle Region,trapezoid body,HOMBA:12796,0.537136,bm25+fuzzy,trapezoid body,Trapezoid Bundle Region,,1.0,low_confidence,nucleus of trapezoid body,0.398795
Ventral Anterior Thalamus,ventral anterior nucleus of thalamus,HOMBA:10417,0.90125,bm25+fuzzy,ventral anterior nuclei of thalamus,Ventral Anterior Thalamus,ventral,1.0,high_confidence,anterior nuclear complex of thalamus,0.463476
Ventral cortical amygdaloid nucleus,cortical nucleus of amygdala,HOMBA:10373,0.7722,bm25+fuzzy,cortical amygdaloid nucleus,Ventral cortical amygdaloid nucleus,ventral,0.0,needs_review,anterior (rostral) cortical nucleus of amygdala,0.539499
Ventral endopiriform claustrum,claustrum-endopiriform nuclear complex,HOMBA:AA30262,0.52666,bm25+fuzzy,claustrum-endopiriform nuclear complex,Ventral endopiriform claustrum,ventral,0.0,low_confidence,regions of claustrum-endopiriform nuclear complex,0.503975
Ventral Lateral Anterior Thalamus,ventral anterior nucleus of thalamus,HOMBA:10417,0.743511,bm25+fuzzy,ventral anterior nuclei of thalamus,Ventral Lateral Anterior Thalamus,ventral;lateral,0.5,modifier_conflict,ventral lateral nucleus of thalamus,0.444001
Ventral Lateral Posterodorsal Thalamus,ventral lateral nucleus of thalamus,HOMBA:10420,0.765934,bm25+fuzzy,ventral lateral nucleus of thalamus,Ventral Lateral Posterodorsal Thalamus,ventral;lateral,1.0,needs_review,ventral thalamus,0.65672
Ventral Lateral Posteroventral Thalamus,ventral lateral nucleus of thalamus,HOMBA:10420,0.774955,bm25+fuzzy,ventral lateral nucleus of thalamus,Ventral Lateral Posteroventral Thalamus,ventral;lateral,1.0,needs_review,ventral thalamus,0.692804
Ventral Lateral X Thalamus,ventral lateral nucleus of thalamus,HOMBA:10420,0.444001,bm25,ventral lateral nucleus of thalamus,Ventral Lateral X Thalamus,ventral;lateral,1.0,low_confidence,lateral subdivision of LaV,0.382509
Ventral Medial Thalamus,ventral medial nucleus of thalamus,HOMBA:10427,0.891381,bm25+fuzzy,ventral medial nuclei of thalamus,Ventral Medial Thalamus,ventral;medial,1.0,needs_review,ventral thalamus,0.821184
Ventral pallidum,ventral pallidum,HOMBA:10345,1.0,bm25+exact+fuzzy,Ventral pallidum,Ventral pallidum,ventral,1.0,high_confidence,globus pallidus (paleostriatum),0.705435
Ventral tegmental area,ventral tegmental area,HOMBA:12261,1.0,bm25+exact+fuzzy,Ventral tegmental area,Ventral tegmental area,ventral,1.0,high_confidence,ventral tegmental tract in hindbrain,0.876515
Ventrolateral Tegmentum,pontine tegmentum,HOMBA:12416,0.508154,bm25+fuzzy+hierarchy_parent,pontine tegmentum,Ventrolateral Tegmentum,,1.0,low_confidence,paracollicular tegmentum,0.506694
Ventrolateral thalamic nucleus (posterodorsal part),ventral lateral nucleus of thalamus,HOMBA:10420,0.613897,bm25+fuzzy,ventral lateral thalamic nucleus,Ventrolateral thalamic nucleus,posterodorsal,0.0,needs_review,central lateral nucleus of thalamus,0.594634
Ventrolateral thalamic nucleus (posteroventral part),ventral lateral nucleus of thalamus,HOMBA:10420,0.613897,bm25+fuzzy,ventral lateral thalamic nucleus,Ventrolateral thalamic nucleus,posteroventral,0.0,needs_review,central lateral nucleus of thalamus,0.594634
Ventromedial hypothalamic nucleus,ventromedial hypothalamic nucleus,HOMBA:10488,1.0,bm25+exact+fuzzy+hierarchy_parent,Ventromedial hypothalamic nucleus,Ventromedial hypothalamic nucleus,,1.0,high_confidence,core of ventromedial hypothalamic nucleus,0.75465
Ventromedial occipital cortex,extrastriate occipital cortex,HOMBA:10270,0.863622,bm25+hierarchy_parent,extrastriate occipital cortex,Ventromedial occipital cortex,,1.0,needs_review,ventromedial extrastriate occipital cortex,0.783622
Ventromedial Posterior+basal Thalamus,ventral posterior nuclear complex of thalamus,HOMBA:10423,0.683536,bm25+fuzzy,ventral posterior nucleus of thalamus,Ventromedial Posterior+basal Thalamus,posterior,1.0,needs_review,periventricular area of posterior thalamus,0.671696
Ventromedial thalamic nucleus (posterior and basal),ventral posterior nuclear complex of thalamus,HOMBA:10423,0.671174,bm25+fuzzy,ventral posterior thalamic nucleus,Ventromedial thalamic nucleus (posterior and basal),posterior;basal;posterior and basal,0.333333,modifier_conflict,centromedian nucleus of thalamus,0.617774
Ventroposterior inferior thalamic nucleus,pulvinar of thalamus,HOMBA:10409,0.700469,bm25+hierarchy_parent,pulvinar of thalamus,Ventroposterior inferior thalamic nucleus,,1.0,needs_review,caudal intralaminar nuclei of thalamus,0.652983
Ventroposterior Inferior Thalamus,ventral midline nuclei of thalamus,HOMBA:AA30276,0.50266,hierarchy_parent,ventral midline nuclei of thalamus,Ventroposterior Inferior Thalamus,,1.0,low_confidence,ventroanterior-ventrolateral nuclear complex of thalamus,0.495001
Ventroposterior medial and lateral thalamic nuclei,medial subdivision of LaV,HOMBA:11515,0.681717,bm25+fuzzy,ventral medial subdivision of lateral nuclei,Ventroposterior medial and lateral thalamic nuclei,medial;lateral,1.0,needs_review,ventral lateral nucleus of thalamus,0.661965
Ventroposterior Medial and Lateral Thalamus,ventral lateral nucleus of thalamus,HOMBA:10420,0.591537,bm25+fuzzy,ventral lateral nucleus of thalamus,Ventroposterior Medial and Lateral Thalamus,medial;lateral,0.5,modifier_conflict,medial subdivision of LaV,0.582508
Vestibular Nucleus,vestibular nuclei in pons,HOMBA:12448,1.0,bm25+exact+fuzzy+hierarchy_parent,Vestibular Nucleus,Vestibular Nucleus,,1.0,high_confidence,vestibular nuclei in medulla,0.816733
Vestibulochoclear Nerve,root of vestibulocochlear nerve,HOMBA:12868,0.585,bm25+fuzzy+hierarchy_parent,root of vestibulocochlear nerve,Vestibulochoclear Nerve,,1.0,low_confidence,cochlear root of vestibulocochlear nerve,0.505
Visceral Motor Nuclei,efferent nuclei of the cranial nerves in midbrain,HOMBA:12196,0.514851,hierarchy_parent,efferent nuclei of the cranial nerves in midbrain,Visceral Motor Nuclei,,1.0,low_confidence,facial nucleus,0.508517
Zona incerta and H fields,zona incerta,HOMBA:10463,0.715525,bm25+fuzzy,zona incerta,Zona incerta and H fields,,1.0,needs_review,gray matter of hindbrain (rhombencephalon),0.269133
Zona Incerta and Lenticular Fascicles,zona incerta,HOMBA:10463,0.637687,bm25+fuzzy,zona incerta,Zona Incerta and Lenticular Fascicles,,1.0,needs_review,lenticular fasciculus (field H2),0.622635
4th ventricle,olfactory recess (ventricle) and ependyma,HOMBA:AA30475,0.815,bm25+fuzzy,ventricle,4th ventricle,,1.0,needs_review,fourth ventricle,0.617966
A11 dopamine cell group,A8 dopamine cell group,HOMBA:AA30843,0.776273,bm25+fuzzy,A8 dopamine cell group,A11 dopamine cell group,,1.0,needs_review,A2 noradrenaline cell group,0.543852
A13 dopamine cell group,A8 dopamine cell group,HOMBA:AA30843,0.776273,bm25+fuzzy,A8 dopamine cell group,A13 dopamine cell group,,1.0,needs_review,A2 noradrenaline cell group,0.543852
Acoustic striae,acoustic radiation,HOMBA:266441583,0.547992,bm25+fuzzy,acoustic radiation,Acoustic striae,,1.0,low_confidence,intermediate acoustic stria,0.528695
Agranular insular cortex dorsal area,agranular insular cortex (area Iag),HOMBA:10328,0.7722,bm25+fuzzy,agranular major insular cortex,agranular major insular cortex dorsal area,dorsal,0.0,needs_review,agranular temporal insular cortex (area TI),0.643742
"Agranular insular cortex, posterior area",agranular insular cortex (area Iag),HOMBA:10328,0.77,bm25+fuzzy,agranular major insular cortex,agranular major insular cortex posterior area,posterior,0.0,needs_review,agranular temporal insular cortex (area TI),0.634023
"Agranular insular cortex, ventral area",agranular insular cortex (area Iag),HOMBA:10328,0.7722,bm25+fuzzy,agranular major insular cortex,agranular major insular cortex ventral area,ventral,0.0,needs_review,agranular frontal insular cortex (area FI),0.642777
Alveus of the hippocampus,hippocampus,HOMBA:AA30093,0.651021,bm25+fuzzy,hippocampus,Alveus of the hippocampus,,1.0,needs_review,hippocampal proper (Cornu Ammonis),0.605293
Amygdaloid area (unspecified),regions of amygdaloid complex,HOMBA:AA30222,0.678214,bm25+fuzzy+hierarchy_parent,regions of amygdaloid complex,Amygdaloid area (unspecified),,1.0,needs_review,anterior amygdaloid area,0.671875
"Amygdaloid area, unspecified",regions of amygdaloid complex,HOMBA:AA30222,0.610761,bm25+hierarchy_parent,regions of amygdaloid complex,"Amygdaloid area, unspecified",,1.0,needs_review,amygdaloid transition areas,0.530761
Angular thalamic nucleus,angular nucleus of thalamus,HOMBA:AA30318,1.0,bm25+exact+fuzzy,Angular thalamic nucleus,Angular thalamic nucleus,,1.0,high_confidence,ventral midline nuclei of thalamus,0.369763
"Anterior commissure, anterior limb",interstitial nucleus of posterior limb of anterior commissure (fundus of striatum),HOMBA:10388,0.716501,bm25+fuzzy,interstitial nucleus of posterior limb of anterior commissure,"Anterior commissure, anterior limb",limb,1.0,needs_review,rostral (anterior) limb of internal capsule,0.42572
"Anterior commissure, intrabulbar part",anterior commissure,HOMBA:10559,0.75,bm25+fuzzy+hierarchy_parent,anterior commissure,"Anterior commissure, intrabulbar part",,1.0,needs_review,rostral (anterior) branch of anterior commissure,0.563577
"Anterior commissure, posterior limb",interstitial nucleus of posterior limb of anterior commissure (fundus of striatum),HOMBA:10388,0.778821,bm25+fuzzy,interstitial nucleus of posterior limb of anterior commissure,"Anterior commissure, posterior limb",posterior;limb,1.0,needs_review,caudal limb of internal capsule,0.391216
Anterior olfactory area,anterior olfactory nuclear complex,HOMBA:10308,0.635146,bm25+fuzzy+hierarchy_parent,anterior olfactory nuclei,Anterior olfactory area,,1.0,needs_review,medial division of anterior olfactory nucleus,0.496824
Anterodorsal thalamic nucleus,anterodorsal nucleus of thalamus,HOMBA:10393,1.0,bm25+exact+fuzzy,Anterodorsal thalamic nucleus,Anterodorsal thalamic nucleus,,1.0,high_confidence,anterior nuclear complex of thalamus,0.8342
Anteromedial thalamic nucleus,anteromedial nucleus of thalamus,HOMBA:10394,1.0,bm25+exact+fuzzy,Anteromedial thalamic nucleus,Anteromedial thalamic nucleus,,1.0,high_confidence,anterior nuclear complex of thalamus,0.8342
"Anteroventral thalamic nucleus, dorsomedial part",anteroventral nucleus of thalamus,HOMBA:10395,0.87,bm25+fuzzy,anteroventral nucleus of thalamus,anteroventral nucleus of thalamus dorsomedial part,,1.0,needs_review,anterior nuclear complex of thalamus,0.817
"Anteroventral thalamic nucleus, ventrolateral part",anteroventral nucleus of thalamus,HOMBA:10395,0.850962,bm25+fuzzy,anteroventral nucleus of thalamus,anteroventral nucleus of thalamus ventrolateral part,,1.0,needs_review,anterior nuclear complex of thalamus,0.800627
Ascending fibers of the facial nerve,ascending fibers of the facial nerve in pons,HOMBA:12729,1.0,bm25+exact+fuzzy,Ascending fibers of the facial nerve,Ascending fibers of the facial nerve,,1.0,high_confidence,genu of the facial nerve,0.286676
"Basal forebrain region, unspecified",basal forebrain,HOMBA:10349,0.817067,bm25+fuzzy+hierarchy_parent,basal forebrain,"Basal forebrain region, unspecified",,1.0,needs_review,regions of basal forebrain,0.737067
Brachium of the superior colliculus,brachium of superior colliculus,HOMBA:12328,0.948553,bm25+fuzzy,brachium of superior colliculus,Brachium of the superior colliculus,,1.0,high_confidence,superior colliculus,0.753545
"Brainstem, unspecified","gray matter of midbrain (mesencephalon, upper brainstem)",HOMBA:10648,0.530511,bm25+fuzzy,upper brainstem,"Brainstem, unspecified",,1.0,low_confidence,developing transient structures of lower brainstem (pons and medulla),0.298016
CA1 (hippocampus),CA1 region of hippocampus,HOMBA:10297,1.0,bm25+exact+fuzzy,CA1,CA1,hippocampus,1.0,high_confidence,"lamination of hippocampal proper (CA1, CA2, CA3)",1.0
Caudate putamen,caudate-putamen cell bridges,HOMBA:146034746,0.69875,bm25+fuzzy,caudate lenticular nucleus cell bridges,caudate lenticular nucleus,,1.0,needs_review,putamen (lateroventral division of the CP),0.26625
Central canal,central canal of medulla oblongata,HOMBA:12826,0.760417,bm25+fuzzy,central canal of medulla,Central canal,,1.0,needs_review,central canal of spinal cord,0.669784
Central lateral thalamic nucleus,central lateral nucleus of thalamus,HOMBA:10444,1.0,bm25+exact+fuzzy,Central lateral thalamic nucleus,Central lateral thalamic nucleus,lateral,1.0,high_confidence,central dorsal nucleus of thalamus,0.658362
Central medial thalamic nucleus,central medial nucleus of thalamus,HOMBA:10445,1.0,bm25+exact+fuzzy,Central medial thalamic nucleus,Central medial thalamic nucleus,medial,1.0,high_confidence,central dorsal nucleus of thalamus,0.658801
"Cerebellum, unspecified",cerebellum,HOMBA:10656,0.778409,bm25+fuzzy,cerebellum,"Cerebellum, unspecified",,1.0,needs_review,paravermis of cerebellar hemisphere,0.290431
Cingulate area 1,cingulate subdivision of area 5,HOMBA:10217,0.503989,bm25+fuzzy,cingulate subdivision of area 5,Cingulate area 1,,1.0,low_confidence,cingulate cortex,0.463127
Cingulate area 2,cingulate subdivision of area 5,HOMBA:10217,0.503989,bm25+fuzzy,cingulate subdivision of area 5,Cingulate area 2,,1.0,low_confidence,cingulate cortex,0.463127
Cochlea,cochlear nuclei,HOMBA:12437,0.46225,fuzzy,cochlear nuclei,Cochlea,,1.0,low_confidence,olivocochlear bundle,0.45
Cochlear nerve,root of vestibulocochlear nerve,HOMBA:12868,0.683446,bm25+hierarchy_parent,root of vestibulocochlear nerve,Cochlear nerve,,1.0,needs_review,cochlear root of vestibulocochlear nerve,0.603446
Commissural stria terminalis,commissural branch of stria terminalis,HOMBA:AA30882,0.795681,bm25+fuzzy,commissural branch of stria terminalis,Commissural stria terminalis,,1.0,needs_review,stria terminalis,0.782738
Commissure of the superior colliculus,commissure of superior colliculus,HOMBA:AA30487,0.950756,bm25+fuzzy,commissure of superior colliculus,Commissure of the superior colliculus,,1.0,high_confidence,commissure of inferior colliculus,0.60203
Cornu ammonis 1,hippocampal proper (Cornu Ammonis),HOMBA:10296,0.856667,bm25+fuzzy,Cornu Ammonis,Cornu ammonis 1,,1.0,needs_review,"lobule VIIAt (tuber, part 1)",0.262158
Cornu ammonis 2,hippocampal proper (Cornu Ammonis),HOMBA:10296,0.856667,bm25+fuzzy,Cornu Ammonis,Cornu ammonis 2,,1.0,needs_review,"lobule VIIB (tuber, part 2)",0.262158
Cornu ammonis 3,hippocampal proper (Cornu Ammonis),HOMBA:10296,0.856667,bm25+fuzzy,Cornu Ammonis,Cornu ammonis 3,,1.0,needs_review,area 3 of primary somatosensory cortex,0.266405
Corpus callosum and associated subcortical white matter,white matter of brain,HOMBA:AA30482,0.59873,bm25+hierarchy_parent,white matter of brain,Corpus callosum and associated subcortical white matter,,1.0,low_confidence,corpus callosum,0.564419
Corticofugal tract and corona radiata,corona radiata,HOMBA:12030,0.655767,bm25+fuzzy+hierarchy_parent,corona radiata,Corticofugal tract and corona radiata,,1.0,needs_review,pyramidal tract,0.502974
Deeper layers of the superior colliculus,superior colliculus,HOMBA:12292,0.684236,bm25+fuzzy+hierarchy_parent,superior colliculus,Deeper layers of the superior colliculus,,1.0,needs_review,brachium of superior colliculus,0.58765
Dentate gyrus,dentate gyrus,HOMBA:10295,1.0,bm25+exact+fuzzy+hierarchy_parent,Dentate gyrus,Dentate gyrus,,1.0,high_confidence,major division of dentate gyrus,0.898452
"Dorsal cochlear nucleus, deep core",dorsal cochlear nucleus,HOMBA:12438,0.9,bm25+fuzzy,dorsal cochlear nucleus,"Dorsal cochlear nucleus, deep core",dorsal;core,0.5,modifier_conflict,dorsal part of pontine nucleus,0.58236
"Dorsal cochlear nucleus, fusiform and granule layer",dorsal cochlear nucleus,HOMBA:12438,0.731966,bm25+fuzzy,dorsal cochlear nuclei,dorsal cochlear nuclei fusiform and granule layer,dorsal;layer,0.5,modifier_conflict,granular cell layer of cochlear nuclei,0.588512
"Dorsal cochlear nucleus, molecular layer",dorsal cochlear nucleus,HOMBA:12438,0.819808,bm25+fuzzy,dorsal cochlear nucleus,"Dorsal cochlear nucleus, molecular layer",dorsal;molecular;layer,0.333333,modifier_conflict,layer 1 (molecular layer) of ERC,0.709061
Dorsolateral orbital area,orbital gyri,HOMBA:AA30533,0.529033,bm25+hierarchy_parent,orbital gyri,Dorsolateral orbital area,,1.0,low_confidence,"dorsal fourth visual area (dorsolateral visual cortex, DL)",0.51508
Dysgranular insular cortex,dysgranular insular cortex (area Idg),HOMBA:10289,1.0,bm25+exact+fuzzy+hierarchy_parent,Dysgranular insular cortex,Dysgranular insular cortex,,1.0,high_confidence,major insular cortex,0.97
Entopeduncular nucleus,entopeduncular nucleus,HOMBA:146034758,1.0,bm25+exact+fuzzy,Entopeduncular nucleus,Entopeduncular nucleus,,1.0,high_confidence,cerebellar deep nuclei,0.260408
Entorhinal area (medial part),medial (caudal) entorhinal cortex,HOMBA:10319,1.0,bm25+fuzzy,medial entorhinal area,Entorhinal area,medial,1.0,high_confidence,intermediate entorhinal cortex,0.899167
Ethmoid-Limitans nucleus,ethmoid thalamic nucleus,HOMBA:AA30314,0.630866,bm25+fuzzy,ethmoid thalamic nuclei,ethmoid limitans nuclei,,1.0,needs_review,posterior limitans nucleus,0.544833
External globus pallidus (lateral part),external division of globus pallidus,HOMBA:10343,0.860318,bm25+fuzzy,external division of globus pallidus,External globus pallidus (lateral part),lateral;external,0.5,modifier_conflict,external medullary lamina of globus pallidus,0.726286
External globus pallidus (medial part),external division of globus pallidus,HOMBA:10343,0.860318,bm25+fuzzy,external division of globus pallidus,External globus pallidus (medial part),medial;external,0.5,modifier_conflict,external medullary lamina of globus pallidus,0.726286
"External medullary lamina, auditory radiation",external medullary lamina of globus pallidus,HOMBA:12037,0.445683,bm25,external medullary lamina of pallidum,"External medullary lamina, auditory radiation",external,1.0,low_confidence,external medullary lamina of thalamus,0.445683
"External medullary lamina, unspecified",external medullary lamina of thalamus,HOMBA:12038,0.843576,bm25+fuzzy,external medullary lamina of thalamus,"External medullary lamina, unspecified",external,1.0,needs_review,external medullary lamina of globus pallidus,0.837771
"Facial nerve, unspecified",root of facial nerve,HOMBA:12862,0.611459,bm25+fuzzy+hierarchy_parent,root of facial nerve,"Facial nerve, unspecified",,1.0,needs_review,genu of the facial nerve,0.58898
Fasciola cinereum,fasciola cinereum (ectosplenial area 26),HOMBA:AA30112,1.0,bm25+exact+fuzzy,Fasciola cinereum,Fasciola cinereum,,1.0,high_confidence,tuber cinereum,0.275409
Fields of Forel,nucleus of the field of Forel,HOMBA:10462,0.446832,bm25+fuzzy,nucleus of the field of Forel,Fields of Forel,,1.0,low_confidence,,
Fimbria of the hippocampus,fimbria,HOMBA:10575,0.928336,bm25+fuzzy,fimbria of hippocampus,Fimbria of the hippocampus,,1.0,high_confidence,hippocampal proper (Cornu Ammonis),0.381217
Frontal association area 3,frontal lobe,HOMBA:12113,0.304478,bm25+hierarchy_parent,frontal lobe,Frontal association area 3,,1.0,low_confidence,area 3 of primary somatosensory cortex,0.266405
Frontal association cortex,frontal cortex,HOMBA:10161,0.663462,bm25+fuzzy+hierarchy_parent,frontal cortex,Frontal association cortex,,1.0,needs_review,"frontal polar cortex (FP, area 10)",0.590387
Genu of the facial nerve,genu of the facial nerve,HOMBA:12738,1.0,bm25+exact+fuzzy,Genu of the facial nerve,Genu of the facial nerve,,1.0,high_confidence,root of facial nerve,0.357202
"Globus pallidus external, lateral part",external division of globus pallidus,HOMBA:10343,0.901216,bm25+fuzzy,globus pallidus externa,"Globus pallidus external, lateral part",external;lateral,0.5,modifier_conflict,external medullary lamina of globus pallidus,0.651474
"Globus pallidus external, medial part",external division of globus pallidus,HOMBA:10343,0.914167,bm25+fuzzy,globus pallidus externa,"Globus pallidus external, medial part",external;medial,0.5,modifier_conflict,external medullary lamina of globus pallidus,0.664602
Glomerular layer of the accessory olfactory bulb,glomerular layer of accessory olfactory bulb,HOMBA:AA30176,1.0,bm25+fuzzy,glomerular layer of accessory olfactory bulb,Glomerular layer of the accessory olfactory bulb,layer;accessory,1.0,high_confidence,glomerular layer of olfactory bulb,0.873642
Glomerular layer of the olfactory bulb,glomerular layer of olfactory bulb,HOMBA:AA30170,1.0,bm25+fuzzy,glomerular layer of olfactory bulb,Glomerular layer of the olfactory bulb,layer,1.0,high_confidence,glomerular layer of accessory olfactory bulb,0.94492
Granular insular cortex,granular insular cortex (area Ig),HOMBA:10290,1.0,bm25+exact+fuzzy,Granular insular cortex,Granular insular cortex,granular,1.0,high_confidence,caudal granular insular cortex,0.9975
Habenula (lateral part),habenular nuclei,HOMBA:10452,0.88,bm25+exact+fuzzy,Habenula,Habenula,lateral,0.0,needs_review,lateral habenular nucleus,0.87
Habenula (medial part),habenular nuclei,HOMBA:10452,0.88,bm25+exact+fuzzy,Habenula,Habenula,medial,0.0,needs_review,medial habenular nucleus,0.8725
Habenular commissure,habenular commissure,HOMBA:10566,1.0,bm25+exact+fuzzy,Habenular commissure,Habenular commissure,,1.0,high_confidence,hippocampal commissure,0.271473
"Hypothalamic region, unspecified",hypothalamic sulcus,HOMBA:10607,0.453031,bm25+fuzzy,hypothalamic sulcus,"Hypothalamic region, unspecified",,1.0,low_confidence,ventricular-subventricular zone of hypothalamus,0.444456
Inferior cerebellar peduncle,inferior cerebellar peduncle,HOMBA:12741,1.0,bm25+exact+fuzzy,Inferior cerebellar peduncle,Inferior cerebellar peduncle,,1.0,high_confidence,middle cerebellar peduncle (brachium pontis),0.677014
"Inferior colliculus, brachium",brachium of inferior colliculus,HOMBA:12327,0.874145,bm25+fuzzy,brachium of inferior colliculus,"Inferior colliculus, brachium",,1.0,needs_review,inferior colliculus,0.698042
"Inferior colliculus, central nucleus",inferior colliculus,HOMBA:12305,0.933772,bm25+hierarchy_parent,inferior colliculus,"Inferior colliculus, central nucleus",,1.0,high_confidence,central nucleus of inferior colliculus,0.853772
"Inferior colliculus, commissure",commissure of inferior colliculus,HOMBA:12333,0.865278,bm25+fuzzy,commissure of inferior colliculus,"Inferior colliculus, commissure",,1.0,needs_review,commissure of superior colliculus,0.559148
"Inferior colliculus, dorsal cortex",dorsal central nucleus of inferior colliculus,HOMBA:12307,0.972659,bm25+fuzzy,dorsal cortex of inferior colliculus,"Inferior colliculus, dorsal cortex",dorsal,1.0,high_confidence,inferior colliculus,0.655
"Inferior colliculus, external cortex",external shell (cortex) of inferior colliculus,HOMBA:12308,0.965739,bm25+fuzzy,external cortex of inferior colliculus,"Inferior colliculus, external cortex",external,1.0,high_confidence,external capsule,0.339024
Inferior olive,inferior olive,HOMBA:12600,1.0,bm25+exact+fuzzy+hierarchy_parent,Inferior olive,Inferior olive,,1.0,high_confidence,hilus of the inferior olive,0.722962
Infralimbic area,rostrodorsal division of A25 (infralimbic cortex),HOMBA:AA30037,0.561663,bm25+fuzzy,infralimbic cortex,Infralimbic area,,1.0,low_confidence,,
Infundibulum,infundibular stalk,HOMBA:10643,1.0,bm25+exact+fuzzy,Infundibulum,Infundibulum,,1.0,high_confidence,infundibular recess of 3V,0.200538
Interanteromedial thalamic nucleus,interanteromedial nucleus of thalamus,HOMBA:13048,1.0,bm25+exact+fuzzy,Interanteromedial thalamic nucleus,Interanteromedial thalamic nucleus,,1.0,high_confidence,ventral midline nuclei of thalamus,0.97
Intergeniculate leaflet,intergeniculate leaf,HOMBA:AA30305,0.773333,bm25+fuzzy,intergeniculate leaf,Intergeniculate leaflet,,1.0,needs_review,lateral geniculate nucleus (dorsal lateral geniculate nucleus),0.305917
Internal medullary lamina,internal medullary lamina of globus pallidus,HOMBA:12062,0.8775,bm25+fuzzy,internal medullary lamina of pallidum,Internal medullary lamina,,1.0,needs_review,internal medullary lamina of thalamus,0.8775
Interpeduncular nucleus,interpeduncular nucleus,HOMBA:12270,1.0,bm25+exact+fuzzy+hierarchy_parent,Interpeduncular nucleus,Interpeduncular nucleus,,1.0,high_confidence,"interpeduncular nucleus, apical division",0.796474
Intramedullary thalamic area,interanteromedial nucleus of thalamus,HOMBA:13048,0.381708,bm25+fuzzy,interanteromedial thalamic nucleus,Intramedullary thalamic area,,1.0,low_confidence,centromedian nucleus of thalamus,0.37895
Lateral entorhinal cortex,lateral (rostral) entorhinal cortex,HOMBA:10318,1.0,bm25+exact+fuzzy,Lateral entorhinal cortex,Lateral entorhinal cortex,lateral,1.0,high_confidence,lateral intermediate division of entorhinal cortex,0.84376
Lateral habenular nucleus,lateral habenular nucleus,HOMBA:10453,1.0,bm25+exact+fuzzy,Lateral habenular nucleus,Lateral habenular nucleus,lateral,1.0,high_confidence,interstitial (dorsal) division of lateral habenular nucleus,0.87
"Lateral lemniscus, commissure",lateral lemniscus,HOMBA:12760,0.929524,bm25+fuzzy,lateral lemniscus,"Lateral lemniscus, commissure",lateral,1.0,high_confidence,nuclei of lateral lemniscus,0.730458
"Lateral lemniscus, dorsal nucleus",dorsal nucleus of lateral lemniscus,HOMBA:12455,0.963718,bm25+fuzzy,dorsal nuclei of lateral lemniscus,lateral lemniscus dorsal nuclei,lateral;dorsal,1.0,high_confidence,nuclei of lateral lemniscus,0.784281
"Lateral lemniscus, intermediate nucleus",intermediate nucleus of lateral lemniscus,HOMBA:12456,0.963418,bm25+fuzzy,intermediate nucleus of lateral lemniscus,"Lateral lemniscus, intermediate nucleus",lateral,1.0,high_confidence,nuclei of lateral lemniscus,0.490631
"Lateral lemniscus, unspecified",lateral lemniscus,HOMBA:12760,0.997155,bm25+fuzzy,lateral lemniscus,"Lateral lemniscus, unspecified",lateral,1.0,high_confidence,nuclei of lateral lemniscus,0.755356
"Lateral lemniscus, ventral nucleus",ventral nucleus of lateral lemniscus,HOMBA:12457,0.959619,bm25+fuzzy,ventral nuclei of lateral lemniscus,lateral lemniscus ventral nuclei,lateral;ventral,1.0,high_confidence,lateral subdivision of LaV,0.470022
Lateral olfactory tract,nucleus of lateral olfactory tract,HOMBA:10309,0.9975,bm25+fuzzy,nucleus of lateral olfactory tract,Lateral olfactory tract,lateral,1.0,high_confidence,olfactory tract,0.742101
Lateral orbital area,lateral orbital gyrus,HOMBA:12125,0.854066,bm25+fuzzy,lateral orbital gyrus,Lateral orbital area,lateral,1.0,needs_review,lateral orbital sulcus,0.828913
"Lateral posterior thalamic nucleus, lateral part",lateral posterior nucleus of thalamus,HOMBA:10408,1.0,bm25+fuzzy,lateral posterior thalamic nucleus,"Lateral posterior thalamic nucleus, lateral part",lateral;posterior,1.0,high_confidence,posterior nucleus of thalamus,0.87
"Lateral posterior thalamic nucleus, mediocaudal part",lateral posterior nucleus of thalamus,HOMBA:10408,1.0,bm25+fuzzy,lateral posterior nucleus of thalamus,lateral posterior nucleus of thalamus mediocaudal part,lateral;posterior,1.0,high_confidence,posterior nucleus of thalamus,0.800278
"Lateral posterior thalamic nucleus, mediorostral part",lateral posterior nucleus of thalamus,HOMBA:10408,1.0,bm25+fuzzy,lateral posterior nucleus of thalamus,lateral posterior nucleus of thalamus mediorostral part,lateral;posterior,1.0,high_confidence,posterior nucleus of thalamus,0.792955
Lateral septal nucleus (rostral division),lateral septal nuclear complex,HOMBA:10352,1.0,bm25+exact+fuzzy,Lateral septal nucleus,Lateral septal nucleus,rostral;lateral,0.5,modifier_conflict,rostral extension of lateral septal nucleus (semilunar nucleus),0.891221
Lateral superior olive,medial superior olivary nucleus,HOMBA:12470,0.595786,bm25+fuzzy,medial superior olive,Lateral superior olive,lateral,0.0,low_confidence,"lateral parabrachial nucleus, superior division",0.381051
"Laterodorsal thalamic nucleus, dorsomedial part",ventral midline nuclei of thalamus,HOMBA:AA30276,0.664567,hierarchy_parent,ventral midline nuclei of thalamus,"Laterodorsal thalamic nucleus, dorsomedial part",,1.0,needs_review,rostral intralaminar nuclei of thalamus,0.626996
"Laterodorsal thalamic nucleus, ventrolateral part",rostral intralaminar nuclei of thalamus,HOMBA:10443,0.647865,hierarchy_parent,rostral intralaminar nuclei of thalamus,"Laterodorsal thalamic nucleus, ventrolateral part",,1.0,needs_review,ventral midline nuclei of thalamus,0.636537
Mammillotegmental tract,mammillotegmental tract,HOMBA:12065,1.0,bm25+exact+fuzzy,Mammillotegmental tract,Mammillotegmental tract,,1.0,high_confidence,pyramidal tract,0.302645
Medial entorhinal cortex,medial (caudal) entorhinal cortex,HOMBA:10319,1.0,bm25+exact+fuzzy,Medial entorhinal cortex,Medial entorhinal cortex,medial,1.0,high_confidence,intermediate entorhinal cortex,0.84753
"Medial geniculate body, dorsal division",dorsal (rostral) division of medial geniculate nucleus,HOMBA:10435,0.774838,bm25+fuzzy,dorsal   division of medial geniculate nucleus,"Medial geniculate body, dorsal division",medial;dorsal,1.0,needs_review,medial division of medial geniculate nucleus,0.629348
"Medial geniculate body, marginal zone",marginal zone of medial geniculate nucleus,HOMBA:266441523,0.817956,bm25+fuzzy,marginal zone of medial geniculate nucleus,"Medial geniculate body, marginal zone",medial,1.0,needs_review,medial division of medial geniculate nucleus,0.390681
"Medial geniculate body, medial division",medial division of medial geniculate nucleus,HOMBA:10439,0.752756,bm25+fuzzy,medial division of medial geniculate nucleus,"Medial geniculate body, medial division",medial,1.0,needs_review,medial geniculate nucleus,0.742637
"Medial geniculate body, suprageniculate nucleus",medial geniculate nucleus,HOMBA:10434,0.820218,bm25+fuzzy,medial geniculate nucleus,"Medial geniculate body, suprageniculate nucleus",medial,1.0,needs_review,medial division of medial geniculate nucleus,0.762546
"Medial geniculate body, ventral division",ventral (caudal) division of medial geniculate nucleus,HOMBA:10438,0.774921,bm25+fuzzy,ventral   division of medial geniculate nucleus,"Medial geniculate body, ventral division",medial;ventral,1.0,needs_review,medial division of medial geniculate nucleus,0.627237
Medial geniculate complex (dorsal division),medial geniculate nuclear complex,HOMBA:AA30307,0.825834,bm25+fuzzy,medial geniculate nuclear complex,Medial geniculate complex,dorsal;medial,0.5,modifier_conflict,lateral geniculate nuclear complex,0.524517
Medial geniculate complex (marginal zone),marginal zone of medial geniculate nucleus,HOMBA:266441523,0.818599,bm25+fuzzy,marginal zone of medial geniculate nucleus,Medial geniculate complex (marginal zone),marginal;zone;marginal zone;medial,1.0,needs_review,medial geniculate nuclear complex,0.770834
Medial geniculate complex (medial division),medial geniculate nuclear complex,HOMBA:AA30307,0.923334,bm25+fuzzy,medial geniculate nuclear complex,Medial geniculate complex,medial,1.0,high_confidence,lateral geniculate nuclear complex,0.536251
Medial geniculate complex (ventral division),medial geniculate nuclear complex,HOMBA:AA30307,0.825834,bm25+fuzzy,medial geniculate nuclear complex,Medial geniculate complex,ventral;medial,0.5,modifier_conflict,lateral geniculate nuclear complex,0.524517
Medial habenular nucleus,medial habenular nucleus,HOMBA:10456,1.0,bm25+exact+fuzzy,Medial habenular nucleus,Medial habenular nucleus,medial,1.0,high_confidence,dorsal division of medial habenular nucleus,0.913605
Medial lemniscus decussation,decussation of medial lemniscus,HOMBA:12732,0.965498,bm25+fuzzy,decussation of medial lemniscus,Medial lemniscus decussation,medial;decussation,1.0,high_confidence,medial lemniscus,0.412948
"Medial lemniscus, unspecified",medial lemniscus,HOMBA:12763,0.986071,bm25+fuzzy,medial lemniscus,"Medial lemniscus, unspecified",medial,1.0,high_confidence,decussation of medial lemniscus,0.73721
Medial orbital area,medial orbital gyrus,HOMBA:12122,0.841567,bm25+fuzzy,medial orbital gyrus,Medial orbital area,medial,1.0,needs_review,medial orbital sulcus,0.815573
Medial superior olive,medial superior olivary nucleus,HOMBA:12470,1.0,bm25+exact+fuzzy,Medial superior olive,Medial superior olive,medial,1.0,high_confidence,"inferior olive, medial division",0.418223
Median eminence,median eminence,HOMBA:13338,1.0,bm25+exact+fuzzy+hierarchy_parent,Median eminence,Median eminence,,1.0,high_confidence,internal division of median eminence,0.69594
"Mediodorsal thalamic nucleus, central part",mediodorsal nucleus of thalamus,HOMBA:10398,0.8775,bm25+fuzzy,mediodorsal thalamic nucleus,"Mediodorsal thalamic nucleus, central part",,1.0,needs_review,ventral midline nuclei of thalamus,0.40864
"Mediodorsal thalamic nucleus, lateral part",mediodorsal nucleus of thalamus,HOMBA:10398,0.7722,bm25+fuzzy,mediodorsal thalamic nucleus,"Mediodorsal thalamic nucleus, lateral part",lateral,0.0,needs_review,"dentate nucleus, mediodorsal division",0.448738
"Mediodorsal thalamic nucleus, medial part",mediodorsal nucleus of thalamus,HOMBA:10398,0.7722,bm25+fuzzy,mediodorsal thalamic nucleus,"Mediodorsal thalamic nucleus, medial part",medial,0.0,needs_review,central medial nucleus of thalamus,0.44227
Middle cerebellar peduncle,middle cerebellar peduncle (brachium pontis),HOMBA:12768,1.0,bm25+exact+fuzzy,Middle cerebellar peduncle,Middle cerebellar peduncle,,1.0,high_confidence,cerebellar morphology,0.323572
Molecular cell layer of the cerebellum,molecular layer of cerebellar cortex,HOMBA:AA30427,0.71977,bm25+fuzzy,molecular layer of cerebellar cortex,Molecular cell layer of the cerebellum,molecular;layer,1.0,needs_review,layer 1 (molecular layer) of ERC,0.717693
Nucleus accumbens (core),core of nucleus accumbens,HOMBA:10340,1.0,bm25+fuzzy,core of nucleus accumbens,Nucleus accumbens,core,1.0,high_confidence,nucleus accumbens,0.88
Nucleus accumbens (shell),shell of nucleus accumbens,HOMBA:10341,1.0,bm25+fuzzy,shell of nucleus nucleus accumbens,nucleus nucleus accumbens,shell,1.0,high_confidence,nucleus accumbens,0.88
"Nucleus accumbens, core",core of nucleus accumbens,HOMBA:10340,1.0,bm25+fuzzy,core of nucleus nucleus accumbens,nucleus nucleus accumbens core,core,1.0,high_confidence,core of interstitial nucleus of Cajal,0.399639
"Nucleus accumbens, shell",shell of nucleus accumbens,HOMBA:10341,1.0,bm25+fuzzy,shell of nucleus nucleus accumbens,nucleus nucleus accumbens shell,shell,1.0,high_confidence,"gracile nucleus, rostral division (shell)",0.399692
Nucleus of the lateral olfactory tract,nucleus of lateral olfactory tract,HOMBA:10309,1.0,bm25+fuzzy,nucleus of lateral olfactory tract,Nucleus of the lateral olfactory tract,lateral,1.0,high_confidence,olfactory tract,0.567168
Nucleus of the stria medullaris,stria medullaris of thalamus,HOMBA:10590,0.64574,bm25+fuzzy,stria medullaris of thalamus,Nucleus of the stria medullaris,,1.0,needs_review,bed nucleus of stria terminalis,0.273171
Nucleus of the trapezoid body,nucleus of trapezoid body,HOMBA:12458,0.950614,bm25+fuzzy+hierarchy_parent,nucleus of trapezoid body,Nucleus of the trapezoid body,,1.0,high_confidence,trapezoid body,0.741432
Nucleus sagulum,sagulum nucleus (nucleus sagulum),HOMBA:12313,1.0,bm25+exact+fuzzy,Nucleus sagulum,Nucleus sagulum,,1.0,high_confidence,cerebellar deep nuclei,0.260408
"Olfactory bulb, unspecified",olfactory bulb,HOMBA:10307,0.841346,bm25+fuzzy,olfactory bulb,"Olfactory bulb, unspecified",,1.0,needs_review,lamination of olfactory bulb,0.610766
Optic nerve,optic nerve,HOMBA:15544,1.0,bm25+exact+fuzzy,Optic nerve,Optic nerve,,1.0,high_confidence,optic nerve layer of superior colliculus,0.460592
Optic tract and optic chiasm,optic chiasm,HOMBA:10644,0.727801,bm25+fuzzy,optic chiasm,Optic tract and optic chiasm,,1.0,needs_review,optic tract,0.376135
Orbital cortex (ventral),anterior (ventral /principal) pretectal nucleus,HOMBA:12187,0.62947,bm25+fuzzy,ventral,Orbital cortex (ventral),ventral,1.0,needs_review,anterior (ventral) spinal artery,0.62947
Orbital cortex (ventrolateral),ventrolateral temporal cortex,HOMBA:13324,0.715881,bm25+fuzzy,ventrolateral temporal cortex,Orbital cortex (ventrolateral),ventrolateral,1.0,needs_review,ventrolateral prefrontal cortex (Broca's area in dominant hemisphere),0.711918
Paracentral thalamic nucleus,paracentral nucleus of thalamus,HOMBA:10446,1.0,bm25+exact+fuzzy,Paracentral thalamic nucleus,Paracentral thalamic nucleus,,1.0,high_confidence,ventral midline nuclei of thalamus,0.369763
Parafascicular thalamic nucleus,parafascicular nucleus of thalamus,HOMBA:10450,1.0,bm25+exact+fuzzy+hierarchy_parent,Parafascicular thalamic nucleus,Parafascicular thalamic nucleus,,1.0,high_confidence,caudal intralaminar nuclei of thalamus,0.97
Parasubiculum,parasubiculum (parasubicular cortex),HOMBA:10316,1.0,bm25+exact+fuzzy+hierarchy_parent,Parasubiculum,Parasubiculum,,1.0,high_confidence,distal division (subdivision a) of PaSr,0.8
Parataenial thalamic nucleus,parataenial nucleus of thalamus,HOMBA:10404,1.0,bm25+exact+fuzzy,Parataenial thalamic nucleus,Parataenial thalamic nucleus,,1.0,high_confidence,dorsal midline nuclei of thalamus,0.97
Paraventricular hypothalamic nucleus (medial parvicellular dorsal zone),dorsal division of VMHco,HOMBA:10489,0.640384,bm25+fuzzy,dorsal part of ventromedial hypothalamic nuclei,paraventricular hypothalamic nuclei medial parvicellular dorsal zone,medial;parvicellular;dorsal;zone;medial parvicellular dorsal zone,0.4,modifier_conflict,ventromedial hypothalamic nucleus,0.617655
Paraventricular thalamic nuclei (anterior and posterior),paraventricular nucleus of thalamus,HOMBA:10457,0.88,bm25+exact+fuzzy,paraventricular thalamic nucleus,paraventricular thalamic nucleus,anterior;posterior;anterior and posterior,0.0,needs_review,caudal paraventricular nucleus of thalamus,0.680533
"Parietal association cortex, lateral area",inferior lateral parietal cortex,HOMBA:10225,0.717878,bm25+fuzzy,inferior lateral parietal cortex,"Parietal association cortex, lateral area",lateral,1.0,needs_review,"lateral orbital frontal cortex (OFCl, area 12/47)",0.600566
"Parietal association cortex, medial area",superior medial parietal cortex,HOMBA:10215,0.716213,bm25+fuzzy,superior medial parietal cortex,"Parietal association cortex, medial area",medial,1.0,needs_review,medial orbital frontal cortex (area 14),0.602314
"Parietal association cortex, posterior area",posterior parietal cortex,HOMBA:10214,0.787533,bm25+fuzzy,posterior parietal cortex,"Parietal association cortex, posterior area",posterior,1.0,needs_review,posterior limiting parietal cortex,0.711206
Peripeduncular nucleus,peripeduncular nucleus,HOMBA:12285,1.0,bm25+exact+fuzzy,Peripeduncular nucleus,Peripeduncular nucleus,,1.0,high_confidence,cerebellar deep nuclei,0.260408
Perirhinal area 35,perirhinal cortex (area 35),HOMBA:10320,0.643508,bm25+fuzzy+hierarchy_parent,perirhinal cortex (area 35),Perirhinal area 35,,1.0,needs_review,perirhinal cortical region,0.271639
Perirhinal area 36,perirhinal cortical region,HOMBA:AA30025,0.623853,bm25+fuzzy+hierarchy_parent,perirhinal cortical region,Perirhinal area 36,,1.0,needs_review,ectorhinal cortex (area 36),0.543853
Periventricular gray,periventricular gray of pons,HOMBA:AA30845,0.856667,bm25+fuzzy,periventricular gray of pons,Periventricular gray,,1.0,needs_review,gray matter of brain,0.30162
"Piriform cortex, layer 1",piriform cortex,HOMBA:10311,0.705435,bm25+fuzzy,piriform cortex,"Piriform cortex, layer 1",layer,0.0,needs_review,layer 1 (molecular layer) of ERC,0.40808
"Piriform cortex, layer 2",piriform cortex,HOMBA:10311,0.705435,bm25+fuzzy,piriform cortex,"Piriform cortex, layer 2",layer,0.0,needs_review,layer 2 (outer granular cell layer) of NCx,0.40808
"Piriform cortex, layer 3",piriform cortex,HOMBA:10311,0.705435,bm25+fuzzy,piriform cortex,"Piriform cortex, layer 3",layer,0.0,needs_review,unique layer 3 of primary visual cortex (primates),0.426699
Pontine nuclei,pontine nucleus,HOMBA:12406,1.0,bm25+exact+fuzzy+hierarchy_parent,Pontine nuclei,Pontine nuclei,,1.0,high_confidence,pontine gamma nucleus,0.631263
Posterior commissure,posterior commissure,HOMBA:10567,1.0,bm25+exact+fuzzy,Posterior commissure,Posterior commissure,posterior,1.0,high_confidence,interstitial nucleus of posterior commissure (nucleus of posterior commissure),0.974167
Posterior intralaminar nucleus,caudal intralaminar nuclei of thalamus,HOMBA:10448,0.934768,bm25+fuzzy,posterior group of intralaminar nucleus,Posterior intralaminar nucleus,posterior,1.0,high_confidence,posterior marginal (intralaminar) nucleus of thalamus (PIL),0.788872
Posterior thalamic nuclear group (triangular part),posterior nucleus of thalamus,HOMBA:10440,0.633617,bm25+fuzzy,posterior thalamic nucleus,Posterior thalamic nuclear group (triangular part),triangular;posterior,0.5,modifier_conflict,lateral posterior nucleus of thalamus,0.588519
"Posterior thalamic nuclear group, triangular part",posterior nucleus of thalamus,HOMBA:10440,0.693617,bm25+fuzzy,posterior thalamic nucleus,"Posterior thalamic nuclear group, triangular part",posterior,1.0,needs_review,lateral posterior nucleus of thalamus,0.648519
Posterior thalamic nucleus,posterior nucleus of thalamus,HOMBA:10440,1.0,bm25+exact+fuzzy,Posterior thalamic nucleus,Posterior thalamic nucleus,posterior,1.0,high_confidence,lateral posterior nucleus of thalamus,0.9975
Postrhinal cortex,posterior parahippocampal region (postrhinal cortex),HOMBA:10263,1.0,bm25+exact+fuzzy,Postrhinal cortex,Postrhinal cortex,,1.0,high_confidence,dorsolateral temporal cortex,0.278668
Pregeniculate nucleus,pregeniculate nucleus (ventral lateral geniculate nucleus),HOMBA:13042,1.0,bm25+exact+fuzzy+hierarchy_parent,Pregeniculate nucleus,Pregeniculate nucleus,,1.0,high_confidence,oval body of pregeniculate nucleus,0.775735
Prelimbic area,"pregenual cingulate  cortex (area 32, prelimbic cortex)",HOMBA:10280,0.542259,bm25+fuzzy,prelimbic cortex,Prelimbic area,,1.0,low_confidence,,
Presubiculum,presubiculum (presubicular cortex),HOMBA:10315,1.0,bm25+exact+fuzzy+hierarchy_parent,Presubiculum,Presubiculum,,1.0,high_confidence,caudal (dorsal) presubiculum (postsubiculum),0.676118
Pretectal region,pretectal region,HOMBA:12181,1.0,bm25+exact+fuzzy,Pretectal region,Pretectal region,,1.0,high_confidence,pretectal nuclear complex,0.499401
Pretectothalamic lamina,dentatothalamic tract,HOMBA:12357,0.290576,fuzzy,dentatothalamic tract,Pretectothalamic lamina,,1.0,low_confidence,lamina III and IV of lumbar spinal cord,0.246576
Primary auditory area,"primary auditory cortex (first auditory cortex, auditory core region)",HOMBA:10236,1.0,bm25+exact+fuzzy+hierarchy_parent,Primary auditory area,Primary auditory area,,1.0,high_confidence,"secondary auditory cortex (auditory belt region, area 42, area TB)",0.7009
Primary motor area,"primary motor cortex (first motor cortex, area 4, area FA)",HOMBA:10163,1.0,bm25+exact+fuzzy,Primary motor area,Primary motor area,,1.0,high_confidence,frontal motor cortex (posterior frontal cortex),0.8342
"Primary somatosensory area, barrel field",barrel field of S1fm (rodents),HOMBA:AA30880,0.314178,bm25,barrel field of S1fm,"Primary somatosensory area, barrel field",,1.0,low_confidence,"primary somatosensory cortex (first somatosensory cortex, areas 3,1,2)",0.287934
"Primary somatosensory area, dysgranular zone","primary somatosensory cortex (first somatosensory cortex, areas 3,1,2)",HOMBA:10209,0.670083,bm25+fuzzy+hierarchy_parent,primary somatosensory cortex,primary somatosensory cortex dysgranular zone,,1.0,needs_review,area 1 of primary somatosensory cortex,0.532337
"Primary somatosensory area, face representation","primary somatosensory cortex (first somatosensory cortex, areas 3,1,2)",HOMBA:10209,0.645,bm25+fuzzy+hierarchy_parent,primary somatosensory cortex,primary somatosensory cortex face representation,,1.0,needs_review,area 1 of primary somatosensory cortex,0.530681
"Primary somatosensory area, forelimb representation","primary somatosensory cortex (first somatosensory cortex, areas 3,1,2)",HOMBA:10209,0.616725,bm25+fuzzy+hierarchy_parent,primary somatosensory cortex,primary somatosensory cortex forelimb representation,,1.0,needs_review,area 1 of primary somatosensory cortex,0.522058
"Primary somatosensory area, hindlimb representation","primary somatosensory cortex (first somatosensory cortex, areas 3,1,2)",HOMBA:10209,0.616725,bm25+fuzzy+hierarchy_parent,primary somatosensory cortex,primary somatosensory cortex hindlimb representation,,1.0,needs_review,area 1 of primary somatosensory cortex,0.519674
"Primary somatosensory area, trunk representation","primary somatosensory cortex (first somatosensory cortex, areas 3,1,2)",HOMBA:10209,0.637321,bm25+fuzzy+hierarchy_parent,primary somatosensory cortex,primary somatosensory cortex trunk representation,,1.0,needs_review,area 1 of primary somatosensory cortex,0.527519
Primary visual area,"primary visual cortex (first visual cortex, striate cortex, area 17, area OC)",HOMBA:10269,1.0,bm25+exact+fuzzy+hierarchy_parent,Primary visual area,Primary visual area,,1.0,high_confidence,area x of visual cortex,0.7009
Pyramidal decussation,pyramidal decussation,HOMBA:12772,1.0,bm25+exact+fuzzy,Pyramidal decussation,Pyramidal decussation,decussation,1.0,high_confidence,supraoptic decussation,0.387702
Reticular (pre)thalamic nucleus,reticular nucleus of thalamus,HOMBA:10464,1.0,bm25+exact+fuzzy,Reticular  thalamic nucleus,Reticular  thalamic nucleus,pre;reticular,0.5,modifier_conflict,dorsal reticular nucleus,0.614522
"Reticular (pre)thalamic nucleus, auditory segment",reticular nucleus of thalamus,HOMBA:10464,0.845326,bm25+fuzzy,reticular nucleus of thalamus,reticular nucleus of thalamus auditory segment,pre;reticular,0.5,modifier_conflict,central reticular nuclei of pontine tegmentum,0.520324
"Reticular (pre)thalamic nucleus, unspecified",reticular nucleus of thalamus,HOMBA:10464,0.9375,bm25+fuzzy,reticular thalamic nucleus,"Reticular  thalamic nucleus, unspecified",pre;reticular,0.5,modifier_conflict,ventral reticular nuclei of pons,0.516942
Retroreuniens thalamic nucleus,reuniens (medioventral) nucleus of thalamus,HOMBA:10403,0.815,bm25+fuzzy,reuniens thalamic nucleus,Retroreuniens thalamic nucleus,,1.0,needs_review,ventral midline nuclei of thalamus,0.7697
Retrosplenial dysgranular area,dysgranular division of area prostriata,HOMBA:AA30028,0.491017,bm25+fuzzy,dysgranular division of area prostriata,Retrosplenial dysgranular area,,1.0,low_confidence,retrosplenial cortex,0.456719
Retrosplenial granular area,"granular retrosplenial cortex (area 29, RSg)",HOMBA:10325,0.816273,bm25+fuzzy,granular retrosplenial cortex,Retrosplenial granular area,granular,1.0,needs_review,"agranular retrosplenial cortex (area 30, RSag)",0.354829
Reuniens thalamic nucleus,reuniens (medioventral) nucleus of thalamus,HOMBA:10403,1.0,bm25+exact+fuzzy,Reuniens thalamic nucleus,Reuniens thalamic nucleus,,1.0,high_confidence,ventral midline nuclei of thalamus,0.97
Rhomboid thalamic nucleus,rhomboid (central) nucleus of thalamus,HOMBA:10447,1.0,bm25+exact+fuzzy,Rhomboid thalamic nucleus,Rhomboid thalamic nucleus,,1.0,high_confidence,ventral midline nuclei of thalamus,0.97
"Secondary auditory area, dorsal part","secondary auditory cortex (auditory belt region, area 42, area TB)",HOMBA:10239,0.753867,bm25+fuzzy,secondary auditory cortex,secondary auditory cortex dorsal part,dorsal,0.0,needs_review,"dorsal secondary visual cortex (dorsal area 18, dorsal area OB, area 18a)",0.425626
"Secondary auditory area, ventral part","secondary auditory cortex (auditory belt region, area 42, area TB)",HOMBA:10239,0.745877,bm25+fuzzy,secondary auditory cortex,secondary auditory cortex ventral part,ventral,0.0,needs_review,"ventral secondary visual cortex (ventral area 18, ventral area OB, area 18b)",0.427339
Secondary motor area,"premotor cortex (area 6, area FB, secondary motor cortex)",HOMBA:10168,0.640938,bm25+fuzzy,secondary motor cortex,Secondary motor area,,1.0,needs_review,frontal motor cortex (posterior frontal cortex),0.620006
Secondary somatosensory area,subcentral cortex (area 43; secondary somatosensory cortex),HOMBA:13010,1.0,bm25+exact+fuzzy,Secondary somatosensory area,Secondary somatosensory area,,1.0,high_confidence,"primary somatosensory cortex (first somatosensory cortex, areas 3,1,2)",0.250723
"Secondary visual area, lateral part","ventral secondary visual cortex (ventral area 18, ventral area OB, area 18b)",HOMBA:AA30827,0.582402,bm25+fuzzy,ventral secondary visual cortex,secondary visual cortex lateral part,lateral,0.0,low_confidence,"dorsal secondary visual cortex (dorsal area 18, dorsal area OB, area 18a)",0.580978
"Secondary visual area, medial part","dorsal secondary visual cortex (dorsal area 18, dorsal area OB, area 18a)",HOMBA:AA30823,0.583756,bm25+fuzzy,dorsal secondary visual cortex,secondary visual cortex medial part,medial,0.0,low_confidence,"ventral secondary visual cortex (ventral area 18, ventral area OB, area 18b)",0.577633
Septal region,septal region (septal nuclear complex),HOMBA:10350,1.0,bm25+exact+fuzzy+hierarchy_parent,Septal region,Septal region,,1.0,high_confidence,rostral septal nuclear complex,0.77875
Spinal cord,spinal cord,HOMBA:AA30565,1.0,bm25+exact+fuzzy+hierarchy_parent,Spinal cord,Spinal cord,,1.0,high_confidence,gray matter of spinal cord,0.8925
Spinal trigeminal nucleus,spinal trigeminal nucleus,HOMBA:12572,1.0,bm25+exact+fuzzy+hierarchy_parent,Spinal trigeminal nucleus,Spinal trigeminal nucleus,,1.0,high_confidence,afferent nuclei of cranial nerves in pons,0.817465
Spinal trigeminal tract,spinal trigeminal tract,HOMBA:12792,1.0,bm25+exact+fuzzy,Spinal trigeminal tract,Spinal trigeminal tract,,1.0,high_confidence,mesencephalic trigeminal tract,0.634512
Spiral ganglion,basal ganglia (basal nuclei),HOMBA:10332,0.325676,fuzzy,basal ganglia,Spiral ganglion,,1.0,low_confidence,,
Stria medullaris thalami,stria medullaris of thalamus,HOMBA:10590,0.725473,bm25+fuzzy,stria medullaris of thalamus,Stria medullaris thalami,,1.0,needs_review,myelencephalon (medulla oblongata),0.40625
Stria terminalis,stria terminalis,HOMBA:10591,1.0,bm25+exact+fuzzy,Stria terminalis,Stria terminalis,,1.0,high_confidence,remaining caudal extension of BST (along stria terminalis),0.736733
Striatum,striatum (neostriatum),HOMBA:10333,1.0,bm25+exact+fuzzy+hierarchy_parent,Striatum,Striatum,,1.0,high_confidence,regions of striatum,0.7554
Subgeniculate nucleus,subgeniculate nucleus,HOMBA:AA30324,1.0,bm25+exact+fuzzy,Subgeniculate nucleus,Subgeniculate nucleus,,1.0,high_confidence,cerebellar deep nuclei,0.260408
Subiculum,subiculum proper (strictly defined subiculum),HOMBA:10302,1.0,bm25+exact+fuzzy+hierarchy_parent,Subiculum,Subiculum,,1.0,high_confidence,major division of subiculum,0.789559
Submedius thalamic nucleus,submedius thalamic nucleus,HOMBA:AA30278,1.0,bm25+exact+fuzzy,Submedius thalamic nucleus,Submedius thalamic nucleus,,1.0,high_confidence,ventral midline nuclei of thalamus,0.97
Subparafascicular nucleus,subparafascicular nucleus of thalamus,HOMBA:13054,1.0,bm25+exact+fuzzy,Subparafascicular nucleus,Subparafascicular nucleus,,1.0,high_confidence,ventral midline nuclei of thalamus,0.8342
Substantia nigra (compact part),"substantia nigra, compact division",HOMBA:12252,1.0,bm25+exact+fuzzy,Substantia nigra (compact part),Substantia nigra (compact part),compact,1.0,high_confidence,"substantia nigra, compact division, dorsal subdivision",0.948125
Substantia nigra (lateral part),"substantia nigra, lateral division",HOMBA:12257,1.0,bm25+exact+fuzzy,Substantia nigra (lateral part),Substantia nigra (lateral part),lateral,1.0,high_confidence,substantia nigra,0.88
Substantia nigra (reticular part),"substantia nigra, reticular division",HOMBA:12259,1.0,bm25+exact+fuzzy,Substantia nigra (reticular part),Substantia nigra (reticular part),reticular,1.0,high_confidence,substantia nigra,0.88
"Substantia nigra, compact part","substantia nigra, compact division",HOMBA:12252,1.0,bm25+exact+fuzzy,"Substantia nigra, compact part","Substantia nigra, compact part",compact,1.0,high_confidence,"substantia nigra, compact division, dorsal subdivision",0.948125
"Substantia nigra, lateral part","substantia nigra, lateral division",HOMBA:12257,1.0,bm25+exact+fuzzy,"Substantia nigra, lateral part","Substantia nigra, lateral part",lateral,1.0,high_confidence,substantia nigra,0.675805
"Substantia nigra, reticular part","substantia nigra, reticular division",HOMBA:12259,1.0,bm25+exact+fuzzy,"Substantia nigra, reticular part","Substantia nigra, reticular part",reticular,1.0,high_confidence,substantia nigra,0.655554
Superficial gray layer of the superior colliculus,superficial gray layer of superior colliculus,HOMBA:12295,1.0,bm25+fuzzy,superficial gray layer of superior colliculus,Superficial gray layer of the superior colliculus,layer,1.0,high_confidence,superficial layer of superior colliculus,0.52229
Superior cerebellar peduncle and prerubral field,superior cerebellar peduncle (brachium conjunctivum),HOMBA:12354,0.775864,bm25+fuzzy,superior cerebellar peduncle,Superior cerebellar peduncle and prerubral field,,1.0,needs_review,prerubral field (field H3),0.602547
Superior paraolivary nucleus,superior paraolivary nucleus,HOMBA:12463,1.0,bm25+exact+fuzzy,Superior paraolivary nucleus,Superior paraolivary nucleus,,1.0,high_confidence,superior olivary complex,0.97
Superior periolivary region,superior olivary complex,HOMBA:12462,0.538192,bm25+fuzzy+hierarchy_parent,superior olivary complex,Superior periolivary region,,1.0,low_confidence,"rostral (anterior, superior) medullary velum",0.477358
Suprageniculate nucleus,suprageniculate nucleus,HOMBA:13044,1.0,bm25+exact+fuzzy,Suprageniculate nucleus,Suprageniculate nucleus,,1.0,high_confidence,cerebellar deep nuclei,0.260408
Supraoptic decussation,supraoptic decussation,HOMBA:13216,1.0,bm25+exact+fuzzy,Supraoptic decussation,Supraoptic decussation,decussation,1.0,high_confidence,pyramidal decussation,0.387702
Temporal association cortex,temporal cortex,HOMBA:10235,0.669796,bm25+fuzzy+hierarchy_parent,temporal cortex,Temporal association cortex,,1.0,needs_review,major ventrolateral temporal cortex (area TE),0.641025
Transverse fibers of the pons,transverse fibers of pons (pontine crossing tract),HOMBA:12795,0.80058,bm25+fuzzy,transverse fibers of pons,Transverse fibers of the pons,,1.0,needs_review,transverse fibers,0.793822
Trapezoid body,trapezoid body,HOMBA:12796,1.0,bm25+exact+fuzzy,Trapezoid body,Trapezoid body,,1.0,high_confidence,nucleus of trapezoid body,0.680833
Ventral anterior thalamic nucleus,ventral anterior nucleus of thalamus,HOMBA:10417,1.0,bm25+exact+fuzzy,Ventral anterior thalamic nucleus,Ventral anterior thalamic nucleus,ventral,1.0,high_confidence,anterior nuclear complex of thalamus,0.6952
"Ventral cochlear nucleus, anterior part",ventral cochlear nucleus,HOMBA:12439,0.968684,bm25+fuzzy,ventral cochlear nucleus,"Ventral cochlear nucleus, anterior part",ventral,1.0,high_confidence,"ventral cochlear nucleus, rostral division",0.829934
"Ventral cochlear nucleus, cap area",ventral cochlear nucleus,HOMBA:12439,0.9975,bm25+fuzzy,ventral cochlear nucleus,"Ventral cochlear nucleus, cap area",ventral,1.0,high_confidence,"ventral cochlear nucleus, caudal division",0.872049
"Ventral cochlear nucleus, granule cell layer",ventral cochlear nucleus,HOMBA:12439,0.791105,bm25+fuzzy,ventral cochlear nucleus,"Ventral cochlear nucleus, granule cell layer",ventral;layer,0.5,modifier_conflict,granular cell layer of cochlear nuclei,0.712535
"Ventral cochlear nucleus, posterior part",ventral cochlear nucleus,HOMBA:12439,0.896538,bm25+fuzzy,ventral cochlear nucleus,"Ventral cochlear nucleus, posterior part",ventral;posterior,0.5,modifier_conflict,"ventral cochlear nucleus, rostral division",0.798701
Ventral hippocampal commissure,ventral hippocampal commissure,HOMBA:12023,1.0,bm25+exact+fuzzy,Ventral hippocampal commissure,Ventral hippocampal commissure,ventral,1.0,high_confidence,hippocampal commissure,0.753867
Ventral orbital area,anterior (ventral /principal) pretectal nucleus,HOMBA:12187,0.695,bm25+fuzzy,ventral,Ventral orbital area,ventral,1.0,needs_review,anterior (ventral) spinal artery,0.695
Ventral periolivary nuclei,"solitary nucleus, ventral division",HOMBA:12568,0.78137,bm25+fuzzy,ventral part solitary nucleus,ventral periolivary nucleus,ventral,1.0,needs_review,periolivary nuclei,0.753867
"Ventral posterior nucleus of the thalamus, parvicellular part",parvicellular nucleus of posterior thalamus,HOMBA:AA30312,0.780894,bm25+fuzzy,parvicellular nuclei of posterior thalamus,ventral posterior nuclei of the thalamus parvicellular part,ventral;posterior;parvicellular,0.666667,modifier_conflict,parvicellular ventral posterior (medial) nucleus (VPMpc),0.502723
Ventral posterolateral thalamic nucleus,ventral posterior lateral nucleus,HOMBA:10424,0.9975,bm25+fuzzy,ventral posterolateral nucleus,ventral posterolateral nucleus of thalamus,ventral,1.0,high_confidence,ventral lateral nucleus of thalamus,0.888079
Ventral posteromedial thalamic nucleus,ventral posterior medial nucleus,HOMBA:10425,0.9975,bm25+fuzzy,ventral posteromedial nucleus,ventral posteromedial nucleus of thalamus,ventral,1.0,high_confidence,ventral medial nucleus of thalamus,0.880708
Ventral striatal region (unspecified),ventral striatum (STRv),HOMBA:AA30195,0.677984,bm25+fuzzy,ventral striatum,Ventral striatal region,ventral,1.0,needs_review,anterior (ventral /principal) pretectal nucleus,0.660761
"Ventral striatal region, unspecified",anterior (ventral /principal) pretectal nucleus,HOMBA:12187,0.601968,bm25+fuzzy,ventral,"Ventral striatal region, unspecified",ventral,1.0,needs_review,anterior (ventral) spinal artery,0.601968
"Ventricular system, unspecified",ventricular zone of neocortex,HOMBA:10542,0.48316,bm25+fuzzy+hierarchy_parent,ventricular zone,"Ventricular system, unspecified",,1.0,low_confidence,central nervous system (neural tube),0.237477
Ventrolateral orbital area,orbital gyri,HOMBA:AA30533,0.521501,bm25+hierarchy_parent,orbital gyri,Ventrolateral orbital area,,1.0,low_confidence,ventrolateral division of AV,0.50358
Ventrolateral thalamic nucleus,rostral intralaminar nuclei of thalamus,HOMBA:10443,0.744627,hierarchy_parent,rostral intralaminar nuclei of thalamus,Ventrolateral thalamic nucleus,,1.0,needs_review,dorsal midline nuclei of thalamus,0.720288
Ventromedial thalamic nucleus,caudal intralaminar nuclei of thalamus,HOMBA:10448,0.823683,hierarchy_parent,caudal intralaminar nuclei of thalamus,Ventromedial thalamic nucleus,,1.0,needs_review,rostral intralaminar nuclei of thalamus,0.746714
Vestibular apparatus,vestibular nuclei in pons,HOMBA:12448,0.450766,bm25+fuzzy+hierarchy_parent,vestibular nucleus,Vestibular apparatus,,1.0,low_confidence,vestibular nuclei in medulla,0.399722
Vestibular nerve,root of vestibulocochlear nerve,HOMBA:12868,0.665174,bm25+hierarchy_parent,root of vestibulocochlear nerve,Vestibular nerve,,1.0,needs_review,vestibular root of vestibulocochlear nerve,0.585174
Xiphoid thalamic nucleus,xiphoid thalamic nucleus,HOMBA:AA30277,1.0,bm25+exact+fuzzy,Xiphoid thalamic nucleus,Xiphoid thalamic nucleus,,1.0,high_confidence,ventral midline nuclei of thalamus,0.97
Zona incerta (caudal part),zona incerta,HOMBA:10463,0.88,bm25+exact+fuzzy,Zona incerta,Zona incerta,caudal,0.0,needs_review,(caudal) collateral sulcus (medial occipitotemporal sulcus),0.35662
Zona incerta (dorsal part),zona incerta,HOMBA:10463,0.88,bm25+exact+fuzzy,Zona incerta,Zona incerta,dorsal,0.0,needs_review,caudal (dorsal) parasubiculum (subdivision b only),0.336611
Zona incerta (rostral part),zona incerta,HOMBA:10463,0.88,bm25+exact+fuzzy,Zona incerta,Zona incerta,rostral,0.0,needs_review,anterior (rostral) cortical nucleus of amygdala,0.35062
Zona incerta (ventral part),zona incerta,HOMBA:10463,0.88,bm25+exact+fuzzy,Zona incerta,Zona incerta,ventral,0.0,needs_review,anterior (ventral /principal) pretectal nucleus,0.343634
"Zona incerta, A11 dopamine cells",zona incerta,HOMBA:10463,0.649074,bm25+fuzzy,zona incerta,"Zona incerta, A11 dopamine cells",,1.0,needs_review,rostral intermediate orbital frontal cortex (area 11),0.229436
"Zona incerta, A13 dopamine cells",zona incerta,HOMBA:10463,0.649074,bm25+fuzzy,zona incerta,"Zona incerta, A13 dopamine cells",,1.0,needs_review,caudal intermediate orbital frontal cortex (area 13),0.229436
"Zona incerta, caudal part",zona incerta,HOMBA:10463,0.667796,bm25+fuzzy,zona incerta,"Zona incerta, caudal part",caudal,0.0,needs_review,(caudal) collateral sulcus (medial occipitotemporal sulcus),0.35662
"Zona incerta, dorsal part",zona incerta,HOMBA:10463,0.667796,bm25+fuzzy,zona incerta,"Zona incerta, dorsal part",dorsal,0.0,needs_review,caudal (dorsal) parasubiculum (subdivision b only),0.336611
"Zona incerta, rostral part",zona incerta,HOMBA:10463,0.748859,bm25+fuzzy,zona incerta,"Zona incerta, rostral part",,1.0,needs_review,"lobule II (central lobule, rostral part)",0.23062
"Zona incerta, ventral part",zona incerta,HOMBA:10463,0.658996,bm25+fuzzy,zona incerta,"Zona incerta, ventral part",ventral,0.0,needs_review,anterior (ventral /principal) pretectal nucleus,0.343634
