query,top_name,top_homba_id,score,methods,matched_alias,matched_query,modifier_terms,modifier_match_score,review_flag,rank2_name,rank2_score
Abducens Motor Nucleus,efferent nuclei of cranial nerves in pons,HOMBA:12417,0.819332,hierarchy_parent,efferent nuclei of cranial nerves in pons,Abducens Motor Nucleus,,1.0,needs_review,abducens nucleus,0.739332
Accumbens,nucleus accumbens,HOMBA:10339,0.631563,bm25+fuzzy+hierarchy_parent,nuclei accumbens,Accumbens,,1.0,needs_review,core of nucleus accumbens,0.490736
Accumbens nucleus,nucleus accumbens,HOMBA:10339,0.848686,bm25+fuzzy+hierarchy_parent,nuclei accumbens,accumbens nuclei,,1.0,needs_review,core of nucleus accumbens,0.560119
Amygdalohippocampal area,amygdalohippocampal area,HOMBA:10377,1.0,bm25+exact+fuzzy+hierarchy_parent,Amygdalohippocampal area,Amygdalohippocampal area,,1.0,high_confidence,amygdalohippocampal transition area,0.665675
Amygdalopiriform transition area,amygdalocortical transition area (amygdalopiriform transition area),HOMBA:10382,1.0,bm25+exact+fuzzy,Amygdalopiriform transition area,Amygdalopiriform transition area,,1.0,high_confidence,amygdaloid transition areas,0.97
Amygdalostriatal Transition,amygdalostriatal transition area,HOMBA:10381,0.951216,bm25+fuzzy,amygdalostriatal transition area,Amygdalostriatal Transition,,1.0,high_confidence,amygdaloid transition areas,0.352952
Amygdalostriatal transition area,amygdalostriatal transition area,HOMBA:10381,1.0,bm25+exact+fuzzy,Amygdalostriatal transition area,Amygdalostriatal transition area,,1.0,high_confidence,amygdaloid transition areas,0.352952
Ansa Lenticularis,ansa lenticularis,HOMBA:10571,1.0,bm25+exact+fuzzy,Ansa Lenticularis,Ansa Lenticularis,,1.0,high_confidence,ansa peduncularis,0.277461
Ansiform Lobule Crus1,lobule VII (semilunar-gracile lobule),HOMBA:AA30411,0.936667,bm25+hierarchy_parent,lobule VII (semilunar-gracile lobule),Ansiform Lobule Crus1,,1.0,high_confidence,lobule VIIA (semilunar lobule/ansiform lobule),0.856667
Ansiform Lobule Crus2,lobule VII (semilunar-gracile lobule),HOMBA:AA30411,0.936667,bm25+hierarchy_parent,lobule VII (semilunar-gracile lobule),Ansiform Lobule Crus2,,1.0,high_confidence,lobule VIIA (semilunar lobule/ansiform lobule),0.856667
Anterior amygdaloid area,anterior amygdaloid area,HOMBA:10362,1.0,bm25+exact+fuzzy+hierarchy_parent,Anterior amygdaloid area,Anterior amygdaloid area,,1.0,high_confidence,anterior-central nuclear group of amygdala,0.97
Anterior commissure,anterior commissure,HOMBA:10559,1.0,bm25+exact+fuzzy+hierarchy_parent,Anterior commissure,Anterior commissure,,1.0,high_confidence,rostral (anterior) branch of anterior commissure,0.697635
Anterior Hypothalamic Area,anterior hypothalamic area,HOMBA:266441551,1.0,bm25+exact+fuzzy,Anterior Hypothalamic Area,Anterior Hypothalamic Area,,1.0,high_confidence,anterior hypothalamic nucleus,0.650252
Anterior hypothalamic nucleus,anterior hypothalamic nucleus,HOMBA:10475,1.0,bm25+exact+fuzzy,Anterior hypothalamic nucleus,Anterior hypothalamic nucleus,,1.0,high_confidence,anterior hypothalamic area,0.756107
Anterior Interposed Cerebellar Nucleus,pontine raphe region,HOMBA:12471,0.649402,hierarchy_parent,pontine raphe region,Anterior Interposed Cerebellar Nucleus,,1.0,needs_review,interpositus (intermediate) nucleus,0.617853
Anterior pituitary,pituitary body/gland (hypophysis),HOMBA:10505,0.717291,bm25+hierarchy_parent,pituitary body/gland (hypophysis),Anterior pituitary,,1.0,needs_review,anterior lobe of pituitary body (adenohypophysis),0.637291
Anterior Pulvinar,pulvinar of thalamus,HOMBA:10409,0.7009,bm25+fuzzy+hierarchy_parent,pulvinar of thalamus,anterior pulvinar of thalamus,,1.0,needs_review,rostral division of pulvinar,0.665213
Anterior Tegmental Nucleus,anterior tegmental nucleus,HOMBA:AA30442,1.0,bm25+exact+fuzzy,Anterior Tegmental Nucleus,Anterior Tegmental Nucleus,,1.0,high_confidence,pontine raphe region,0.97
Anterior thalamic nucleus,anterior nuclear complex of thalamus,HOMBA:10392,1.0,bm25+exact+fuzzy,anterior thalamic nuclei,anterior thalamic nuclei,,1.0,high_confidence,rostral thalamic radiation,0.644573
Anterior Thalamus,ventroanterior-ventrolateral nuclear complex of thalamus,HOMBA:AA30289,0.592537,hierarchy_parent,ventroanterior-ventrolateral nuclear complex of thalamus,Anterior Thalamus,,1.0,low_confidence,anterior nuclear complex of thalamus,0.583629
Arcuate nucleus,arcuate nucleus of medulla oblongata,HOMBA:12536,0.786859,bm25+fuzzy,arcuate nucleus of medulla,Arcuate nucleus,,1.0,needs_review,arcuate nucleus of hypothalamus,0.71707
Basal Nucleus,basal ganglia (basal nuclei),HOMBA:10332,1.0,bm25+exact+fuzzy+hierarchy_parent,Basal Nucleus,Basal Nucleus,,1.0,high_confidence,basolateral nucleus (basal nucleus) of amygdala,1.0
Basal nucleus (of Meynert),basal nucleus of Meynert,HOMBA:10353,1.0,bm25+exact+fuzzy,Basal nucleus (of Meynert),Basal nucleus (of Meynert),meynert,1.0,high_confidence,basal ganglia (basal nuclei),0.88
Basolateral amygdaloid nucleus (dorsal),basolateral nucleus (basal nucleus) of amygdala,HOMBA:10368,0.631948,bm25+fuzzy,basolateral nucleus of amygdaloid complex,Basolateral amygdaloid nucleus,dorsal,0.0,needs_review,basolateral nuclear group of amygdala,0.491706
Basolateral amygdaloid nucleus (intermediate),basolateral nucleus (basal nucleus) of amygdala,HOMBA:10368,0.631948,bm25+fuzzy,basolateral nucleus of amygdaloid complex,Basolateral amygdaloid nucleus,intermediate,0.0,needs_review,basolateral nuclear group of amygdala,0.491706
Basolateral amygdaloid nucleus (ventral),basolateral nucleus (basal nucleus) of amygdala,HOMBA:10368,0.631948,bm25+fuzzy,basolateral nucleus of amygdaloid complex,Basolateral amygdaloid nucleus,ventral,0.0,needs_review,basolateral nuclear group of amygdala,0.491706
Basolateral Dorsal Amygdaloid Nucleus,basolateral nucleus (basal nucleus) of amygdala,HOMBA:10368,0.602291,bm25+fuzzy,basolateral nucleus of amygdaloid complex,Basolateral Dorsal Amygdaloid Nucleus,dorsal,0.0,needs_review,magnocellular (dorsal) division of BL,0.485281
Basolateral Intermediate Amygdaloid Nucleus,basolateral nuclear group of amygdala,HOMBA:10366,0.750228,bm25+fuzzy+hierarchy_parent,basolateral nuclear group of amygdala,Basolateral Intermediate Amygdaloid Nucleus,,1.0,needs_review,basolateral nucleus (basal nucleus) of amygdala,0.670228
Basolateral Ventral Amygdaloid Nucleus,basolateral nucleus (basal nucleus) of amygdala,HOMBA:10368,0.600891,bm25+fuzzy,basolateral nucleus of amygdaloid complex,Basolateral Ventral Amygdaloid Nucleus,ventral,0.0,needs_review,parvicellular (ventral) division of BL,0.486835
Basomedial amygdaloid nucleus,basolateral nuclear group of amygdala,HOMBA:10366,0.725873,bm25+hierarchy_parent,basolateral nuclear group of amygdala,Basomedial amygdaloid nucleus,,1.0,needs_review,basomedial nucleus (accessory basal nucleus) of amygdala,0.645873
Bed nucleus of the stria terminalis,bed nucleus of stria terminalis,HOMBA:10384,0.947234,bm25+fuzzy,bed nucleus of stria terminalis,Bed nucleus of the stria terminalis,,1.0,high_confidence,stria terminalis,0.337742
Brachium Superior Colliculus,brachium of superior colliculus,HOMBA:12328,0.954229,bm25+fuzzy,brachium of superior colliculus,Brachium Superior Colliculus,,1.0,high_confidence,superior colliculus,0.752528
Capsule of the Antherior Thalamus,thalamus,HOMBA:10390,0.490282,bm25+fuzzy,thalamus,Capsule of the Antherior Thalamus,,1.0,low_confidence,ventral midline nuclei of thalamus,0.463559
Caudate Head,head of caudate nucleus,HOMBA:10335,0.68745,bm25+fuzzy,head of caudate,Caudate Head,,1.0,needs_review,caudate nucleus (mediodorsal division of the CP),0.660007
Caudate nucleus,caudate nucleus (mediodorsal division of the CP),HOMBA:10334,1.0,bm25+exact+fuzzy+hierarchy_parent,Caudate nucleus,Caudate nucleus,,1.0,high_confidence,body of caudate nucleus,0.843297
Caudate Tail,tail of caudate nucleus (caudolateral division of the CP),HOMBA:10337,0.686665,bm25+fuzzy,tail of caudate,Caudate Tail,,1.0,needs_review,caudate nucleus (mediodorsal division of the CP),0.659332
Central amygdaloid nucleus,central nucleus of amygdala,HOMBA:10363,0.729451,bm25+fuzzy+hierarchy_parent,central nucleus of amygdaloid complex,Central amygdaloid nucleus,,1.0,needs_review,anterior-central nuclear group of amygdala,0.696128
Central Gray Nucleus,central gray region of pons,HOMBA:146034964,0.62108,bm25+fuzzy,central gray region of pons,Central Gray Nucleus,,1.0,needs_review,central gray of medulla oblongata,0.606912
Central Medial Thalamus,central medial nucleus of thalamus,HOMBA:10445,0.891381,bm25+fuzzy,central medial nuclei of thalamus,Central Medial Thalamus,medial,1.0,needs_review,central dorsal nucleus of thalamus,0.484406
"Central opercular cortex, anterior",anterior lobe of cerebellar cortex,HOMBA:12838,0.472157,bm25+fuzzy,anterior lobe of cerebellar cortex,"Central opercular cortex, anterior",,1.0,low_confidence,rostral (anterior) branch of anterior commissure,0.471735
"Central opercular cortex, posterior",frontal motor cortex (posterior frontal cortex),HOMBA:AA30009,0.646179,bm25+fuzzy,posterior frontal cortex,"Central opercular cortex, posterior",posterior,1.0,needs_review,medial (caudal) entorhinal cortex,0.63307
Centrolateral and paracentral thalamic nuclei,rostral intralaminar nuclei of thalamus,HOMBA:10443,0.55996,hierarchy_parent,rostral intralaminar nuclei of thalamus,Centrolateral and paracentral thalamic nuclei,,1.0,low_confidence,ventral midline nuclei of thalamus,0.535861
Centrolateral and Paracentral Thalamus,rostral intralaminar nuclei of thalamus,HOMBA:10443,0.601588,hierarchy_parent,rostral intralaminar nuclei of thalamus,Centrolateral and Paracentral Thalamus,,1.0,needs_review,ventroanterior-ventrolateral nuclear complex of thalamus,0.553369
Centromedial-parafascicular Thalamus,caudal intralaminar nuclei of thalamus,HOMBA:10448,0.618228,hierarchy_parent,caudal intralaminar nuclei of thalamus,Centromedial-parafascicular Thalamus,,1.0,needs_review,ventral midline nuclei of thalamus,0.600389
Centromedian and parafascicular thalamic complex,parafascicular nucleus of thalamus,HOMBA:10450,0.392733,bm25+hierarchy_parent,parafascicular nucleus of thalamus,Centromedian and parafascicular thalamic complex,,1.0,low_confidence,centromedian nucleus of thalamus,0.386928
Cerebellar Lobule 1 Vermis,cerebellar morphology,HOMBA:AA30563,0.798248,bm25+fuzzy+hierarchy_parent,cerebellar morphology,Cerebellar Lobule 1 Vermis,,1.0,needs_review,cerebellar vermis,0.718248
Cerebellar Lobule 10 Vermis,cerebellar morphology,HOMBA:AA30563,0.791679,bm25+hierarchy_parent,cerebellar morphology,Cerebellar Lobule 10 Vermis,,1.0,needs_review,cerebellar vermis,0.711679
Cerebellar Lobule 2 Vermis,cerebellar morphology,HOMBA:AA30563,0.798248,bm25+fuzzy+hierarchy_parent,cerebellar morphology,Cerebellar Lobule 2 Vermis,,1.0,needs_review,cerebellar vermis,0.718248
Cerebellar Lobule 3 Intermediate,cerebellar morphology,HOMBA:AA30563,0.546592,bm25+hierarchy_parent,cerebellar morphology,Cerebellar Lobule 3 Intermediate,,1.0,low_confidence,cerebellar lobules,0.514145
Cerebellar Lobule 3 Vermis,cerebellar morphology,HOMBA:AA30563,0.798248,bm25+fuzzy+hierarchy_parent,cerebellar morphology,Cerebellar Lobule 3 Vermis,,1.0,needs_review,cerebellar vermis,0.718248
Cerebellar Lobule 4 Intermediate,cerebellar morphology,HOMBA:AA30563,0.546592,bm25+hierarchy_parent,cerebellar morphology,Cerebellar Lobule 4 Intermediate,,1.0,low_confidence,cerebellar lobules,0.514145
Cerebellar Lobule 4 Vermis,cerebellar morphology,HOMBA:AA30563,0.798248,bm25+fuzzy+hierarchy_parent,cerebellar morphology,Cerebellar Lobule 4 Vermis,,1.0,needs_review,cerebellar vermis,0.718248
Cerebellar Lobule 5 Intermediate,cerebellar morphology,HOMBA:AA30563,0.546592,bm25+hierarchy_parent,cerebellar morphology,Cerebellar Lobule 5 Intermediate,,1.0,low_confidence,cerebellar lobules,0.514145
Cerebellar Lobule 5 Vermis,cerebellar morphology,HOMBA:AA30563,0.798248,bm25+fuzzy+hierarchy_parent,cerebellar morphology,Cerebellar Lobule 5 Vermis,,1.0,needs_review,cerebellar vermis,0.718248
Cerebellar Lobule 6 Intermediate,cerebellar morphology,HOMBA:AA30563,0.546592,bm25+hierarchy_parent,cerebellar morphology,Cerebellar Lobule 6 Intermediate,,1.0,low_confidence,cerebellar lobules,0.514145
Cerebellar Lobule 6 Vermis,cerebellar morphology,HOMBA:AA30563,0.798248,bm25+fuzzy+hierarchy_parent,cerebellar morphology,Cerebellar Lobule 6 Vermis,,1.0,needs_review,cerebellar vermis,0.718248
Cerebellar Lobule 7 Vermis,cerebellar morphology,HOMBA:AA30563,0.798248,bm25+fuzzy+hierarchy_parent,cerebellar morphology,Cerebellar Lobule 7 Vermis,,1.0,needs_review,cerebellar vermis,0.718248
Cerebellar Lobule 8 Vermis,cerebellar morphology,HOMBA:AA30563,0.798248,bm25+fuzzy+hierarchy_parent,cerebellar morphology,Cerebellar Lobule 8 Vermis,,1.0,needs_review,cerebellar vermis,0.718248
Cerebellar Lobule 9 Vermis,cerebellar morphology,HOMBA:AA30563,0.798248,bm25+fuzzy+hierarchy_parent,cerebellar morphology,Cerebellar Lobule 9 Vermis,,1.0,needs_review,cerebellar vermis,0.718248
Cerebral peduncle,cerebral peduncle (crus cerebri),HOMBA:12330,1.0,bm25+exact+fuzzy,Cerebral peduncle,Cerebral peduncle,,1.0,high_confidence,telencephalon,0.307902
"Cingulate gyrus, anterior",anterior cingulate  cortex (ventromedial prefrontal cortex),HOMBA:10278,0.757957,bm25+fuzzy,anterior cingulate  cortex,cingulate cortex anterior,,1.0,needs_review,cingulate cortex,0.720643
"Cingulate gyrus, posterior",posterior cingulate cortex (PCC),HOMBA:10285,0.996027,bm25+fuzzy,posterior cingulate cortex,cingulate cortex posterior,posterior,1.0,high_confidence,"cingulate gyrus, caudal (posterior) part",0.889801
Claustrum,claustrum,HOMBA:10346,1.0,bm25+exact+fuzzy+hierarchy_parent,Claustrum,Claustrum,,1.0,high_confidence,dorsal claustrum,0.631563
Cochlear Nucleus,cochlear nuclei,HOMBA:12437,1.0,bm25+exact+fuzzy+hierarchy_parent,Cochlear Nucleus,Cochlear Nucleus,,1.0,high_confidence,dorsal cochlear nucleus,0.736733
Copula of the Pyramis,"lobule VIIIB (biventral lobule, part 2, copula pyramis)",HOMBA:AA30418,0.852241,bm25+fuzzy,copula pyramis,Copula of the Pyramis,,1.0,needs_review,Lobule VIII (pyramis),0.383935
Corticospinal Tract,corticospinal tract,HOMBA:12047,1.0,bm25+exact+fuzzy,Corticospinal Tract,Corticospinal Tract,,1.0,high_confidence,lateral corticospinal tract,0.736733
Crossing of the superior cerebellar peduncle,superior cerebellar peduncle (brachium conjunctivum),HOMBA:12354,0.852273,bm25+fuzzy,superior cerebellar peduncle,Crossing of the superior cerebellar peduncle,,1.0,needs_review,decussation of superior cerebellar peduncle,0.613633
Cuneate Gracile Nuclei,sensory relay nuclei in medulla oblongata,HOMBA:12587,0.805236,hierarchy_parent,sensory relay nuclei in medulla oblongata,Cuneate Gracile Nuclei,,1.0,needs_review,gracile nucleus,0.725236
Cuneiform Nucleus,cuneiform nucleus,HOMBA:12240,1.0,bm25+exact+fuzzy+hierarchy_parent,Cuneiform Nucleus,Cuneiform Nucleus,,1.0,high_confidence,dorsal division of cuneiform nucleus,0.609167
Dorsal endopiriform claustrum,claustrum-endopiriform nuclear complex,HOMBA:AA30262,0.525144,bm25+fuzzy,claustrum-endopiriform nuclear complex,Dorsal endopiriform claustrum,dorsal,0.0,low_confidence,regions of claustrum-endopiriform nuclear complex,0.498318
Dorsal Lateral Geniculate,lateral geniculate nucleus (dorsal lateral geniculate nucleus),HOMBA:10429,0.9975,bm25+fuzzy,dorsal lateral geniculate nucleus,Dorsal Lateral Geniculate,dorsal;lateral,1.0,high_confidence,dorsal (rostral) division of medial geniculate nucleus,0.651866
Dorsal lateral geniculate nucleus,lateral geniculate nucleus (dorsal lateral geniculate nucleus),HOMBA:10429,1.0,bm25+exact+fuzzy,Dorsal lateral geniculate nucleus,Dorsal lateral geniculate nucleus,dorsal;lateral,1.0,high_confidence,dorsal (rostral) division of medial geniculate nucleus,0.810599
Dorsal Lateral Leminscus Nucleus,lateral geniculate nucleus (dorsal lateral geniculate nucleus),HOMBA:10429,0.81101,bm25+fuzzy,dorsal lateral geniculate nucleus,Dorsal Lateral Leminscus Nucleus,dorsal;lateral,1.0,needs_review,dorsal nucleus of lateral lemniscus,0.794715
Dorsal Medial Hypothalamic Nucleus,dorsal division of VMHco,HOMBA:10489,0.842294,bm25+fuzzy,dorsal part of ventromedial hypothalamic nucleus,Dorsal Medial Hypothalamic Nucleus,dorsal;medial,1.0,needs_review,dorsomedial hypothalamic nucleus,0.772277
Dorsal Paragigantocellular Reticular Nucleus,dorsal paragigantocellular nucleus,HOMBA:12628,0.893629,bm25+fuzzy,dorsal paragigantocellular nucleus,Dorsal Paragigantocellular Reticular Nucleus,dorsal;reticular,0.5,modifier_conflict,gigantocellular reticular nuclei,0.85
Dorsal raphe,dorsal raphe nucleus,HOMBA:12223,0.947851,bm25+fuzzy,dorsal raphe nuclei,Dorsal raphe,dorsal,1.0,high_confidence,cap of dorsal raphe nucleus,0.778654
Dorsomedial hypothalamic nucleus,dorsomedial hypothalamic nucleus,HOMBA:10485,1.0,bm25+exact+fuzzy+hierarchy_parent,Dorsomedial hypothalamic nucleus,Dorsomedial hypothalamic nucleus,,1.0,high_confidence,diffuse division of dorsomedial hypothalamic nucleus,0.875
Endopiriform nucleus,endopiriform nucleus,HOMBA:10371,1.0,bm25+exact+fuzzy+hierarchy_parent,Endopiriform nucleus,Endopiriform nucleus,,1.0,high_confidence,dorsal endopiriform nucleus,0.736733
Extended amygdala,extended amygdala,HOMBA:10383,1.0,bm25+exact+fuzzy+hierarchy_parent,Extended amygdala,Extended amygdala,,1.0,high_confidence,regions of extended amygdala,0.94
External globus pallidus,external division of globus pallidus,HOMBA:10343,0.978625,bm25+fuzzy,external division of globus pallidus,External globus pallidus,external,1.0,high_confidence,external medullary lamina of globus pallidus,0.805567
Facial Motor Nucleus,facial nucleus,HOMBA:12420,1.0,bm25+exact+fuzzy+hierarchy_parent,Facial Motor Nucleus,Facial Motor Nucleus,,1.0,high_confidence,"facial nucleus, stylohyoid subnucleus",0.791667
Fasciculus retroflexus,fasciculus retroflexus (habenuno-interpeduncular tract),HOMBA:12342,1.0,bm25+exact+fuzzy,Fasciculus retroflexus,Fasciculus retroflexus,,1.0,high_confidence,dorsal fasciculus (column) of spinal cord,0.280695
Fastigial Cerebellar Nucleus,cerebellar deep nuclei,HOMBA:10660,0.674249,bm25+fuzzy+hierarchy_parent,cerebellar deep nuclei,Fastigial Cerebellar Nucleus,,1.0,needs_review,fastigial (medial) nucleus,0.594249
Fimbria,fimbria,HOMBA:10575,1.0,bm25+exact+fuzzy,Fimbria,Fimbria,,1.0,high_confidence,hippocampus,0.20546
Flocculus,lobule Xa (flocculus),HOMBA:AA30424,1.0,bm25+exact+fuzzy,Flocculus,Flocculus,,1.0,high_confidence,lobule X (nodulus and flocculus),0.642155
Fornix,fornix,HOMBA:10576,1.0,bm25+exact+fuzzy+hierarchy_parent,Fornix,Fornix,,1.0,high_confidence,body of the fornix,0.589095
Fourth Nerve,fourth ventricle,HOMBA:12805,0.500091,bm25+fuzzy+hierarchy_parent,fourth ventricle,Fourth Nerve,,1.0,low_confidence,optic nerve,0.475644
Frontal medial cortex,medial orbital frontal cortex (area 14),HOMBA:10195,0.837395,bm25+fuzzy,medial orbital frontal cortex,Frontal medial cortex,medial,1.0,needs_review,medial (caudal) entorhinal cortex,0.39522
"Frontal orbital cortex, anterior",frontal cortex,HOMBA:10161,0.797836,bm25+hierarchy_parent,frontal cortex,"Frontal orbital cortex, anterior",,1.0,needs_review,orbital frontal cortex,0.724746
"Frontal orbital cortex, lateral","lateral orbital frontal cortex (OFCl, area 12/47)",HOMBA:10205,0.993571,bm25+fuzzy,lateral orbital frontal cortex,"Frontal orbital cortex, lateral",lateral,1.0,high_confidence,orbital frontal cortex,0.634794
"Frontal orbital cortex, medial",medial orbital frontal cortex (area 14),HOMBA:10195,0.989407,bm25+fuzzy,medial orbital frontal cortex,"Frontal orbital cortex, medial",medial,1.0,high_confidence,orbital frontal cortex,0.638029
"Frontal orbital cortex, posterior",orbital frontal cortex,HOMBA:10194,0.624154,bm25+fuzzy,orbital frontal cortex,"Frontal orbital cortex, posterior",posterior,0.0,needs_review,"lateral orbital frontal cortex (OFCl, area 12/47)",0.589227
Frontal pole,frontal pole,HOMBA:146034888,1.0,bm25+exact+fuzzy,Frontal pole,Frontal pole,,1.0,high_confidence,frontal lobe,0.97
Gigantocellular Reticular Nucleus,gigantocellular reticular nuclei,HOMBA:12625,1.0,bm25+exact+fuzzy,Gigantocellular Reticular Nucleus,Gigantocellular Reticular Nucleus,reticular,1.0,high_confidence,alpha gigantocellular reticular nucleus,0.9975
Habenula,habenular nuclei,HOMBA:10452,1.0,bm25+exact+fuzzy+hierarchy_parent,Habenula,Habenula,,1.0,high_confidence,medial habenular nucleus,0.5934
Head of caudate nucleus,head of caudate nucleus,HOMBA:10335,1.0,bm25+exact+fuzzy,Head of caudate nucleus,Head of caudate nucleus,,1.0,high_confidence,caudate nucleus (mediodorsal division of the CP),0.97
Hippocampus,hippocampus,HOMBA:AA30093,1.0,bm25+exact+fuzzy,Hippocampus,Hippocampus,,1.0,high_confidence,hippocampal proper (Cornu Ammonis),0.770833
Inferior Cerebellar Peduncle,inferior cerebellar peduncle,HOMBA:12741,1.0,bm25+exact+fuzzy,Inferior Cerebellar Peduncle,Inferior Cerebellar Peduncle,,1.0,high_confidence,middle cerebellar peduncle (brachium pontis),0.676787
Inferior colliculus,inferior colliculus,HOMBA:12305,1.0,bm25+exact+fuzzy+hierarchy_parent,Inferior colliculus,Inferior colliculus,,1.0,high_confidence,brachium of inferior colliculus,0.813844
Inferior frontal gyrus,inferior frontal gyrus,HOMBA:12117,1.0,bm25+exact+fuzzy+hierarchy_parent,Inferior frontal gyrus,Inferior frontal gyrus,,1.0,high_confidence,frontal lobe,0.97
Inferior Olive,inferior olive,HOMBA:12600,1.0,bm25+exact+fuzzy+hierarchy_parent,Inferior Olive,Inferior Olive,,1.0,high_confidence,hilus of the inferior olive,0.722962
Inferior Pulvinar,inferior division of pulvinar,HOMBA:10413,0.763776,bm25+fuzzy,inferior division of pulvinar of thalamus,inferior pulvinar of thalamus,,1.0,needs_review,pulvinar of thalamus,0.725647
Inferior temporal gyrus,inferior temporal gyrus,HOMBA:12142,1.0,bm25+exact+fuzzy,Inferior temporal gyrus,Inferior temporal gyrus,,1.0,high_confidence,temporal lobe,0.97
Insular cortex,major insular cortex,HOMBA:10288,1.0,bm25+exact+fuzzy+hierarchy_parent,Insular cortex,Insular cortex,,1.0,high_confidence,agranular insular cortex (area Iag),0.854167
Interanteromedial Thalamus,ventral midline nuclei of thalamus,HOMBA:AA30276,0.724368,hierarchy_parent,ventral midline nuclei of thalamus,Interanteromedial Thalamus,,1.0,needs_review,interanteromedial nucleus of thalamus,0.644368
Intermediate+ventral Lateral Lemniscus Nuclei,intermediate nucleus of lateral lemniscus,HOMBA:12456,0.860049,bm25+fuzzy,intermediate nuclei of lateral lemniscus,Intermediate+ventral Lateral Lemniscus Nuclei,ventral;lateral,0.5,modifier_conflict,ventral nucleus of lateral lemniscus,0.505633
Intermediodorsal thalamic nucleus,ventral midline nuclei of thalamus,HOMBA:AA30276,0.703156,hierarchy_parent,ventral midline nuclei of thalamus,Intermediodorsal thalamic nucleus,,1.0,needs_review,intermediodorsal  nucleus of thalamus,0.670788
Intermediodorsal Thalamus,intermediodorsal  nucleus of thalamus,HOMBA:13049,0.649483,bm25+fuzzy,intermediodorsal nuclei of thalamus,Intermediodorsal Thalamus,,1.0,needs_review,dorsal midline nuclei of thalamus,0.627356
Internal capsule,internal capsule,HOMBA:10581,1.0,bm25+exact+fuzzy+hierarchy_parent,Internal capsule,Internal capsule,,1.0,high_confidence,genu of internal capsule,0.854167
Internal globus pallidus,globus pallidus (paleostriatum),HOMBA:10342,0.938625,bm25+fuzzy+hierarchy_parent,globus pallidus (paleostriatum),Internal globus pallidus,,1.0,high_confidence,internal division of globus pallidus,0.858625
Interpeduncular Nucleus,interpeduncular nucleus,HOMBA:12270,1.0,bm25+exact+fuzzy+hierarchy_parent,Interpeduncular Nucleus,Interpeduncular Nucleus,,1.0,high_confidence,"interpeduncular nucleus, apical division",0.796474
Intra-amygdaloid division of the bed nucleus of the stria terminalis,bed nucleus of stria terminalis,HOMBA:10384,0.699768,bm25+fuzzy,bed nuclei of stria terminalis,intra amygdaloid division of the bed nuclei of the stria terminalis,,1.0,needs_review,stria terminalis,0.548812
Intraamygdaloid Stria Terminalis,stria terminalis,HOMBA:10591,0.746076,bm25+fuzzy,stria terminalis,Intraamygdaloid Stria Terminalis,,1.0,needs_review,remaining caudal extension of BST (along stria terminalis),0.563059
"Intracalcarine cortex, inferior",inferior lateral parietal cortex,HOMBA:10225,0.482586,bm25+fuzzy,posteroventral parietal cortex inferior,"Intracalcarine cortex, inferior",,1.0,low_confidence,inferior temporal cortex,0.452763
"Intracalcarine cortex, superior",posterior parietal cortex,HOMBA:10214,0.550316,hierarchy_parent,posterior parietal cortex,"Intracalcarine cortex, superior",,1.0,low_confidence,superolateral temporal cortex (area 22),0.52345
Justaparaventricular Lateral Hypothalamus,accessory secretory cells of lateral hypothalamus,HOMBA:13337,0.614049,bm25+fuzzy,accessory secretory cells of lateral hypothalamus,Justaparaventricular Lateral Hypothalamus,lateral,1.0,needs_review,"lateral hypothalamic area, tuberal part",0.545832
Juxtaparaventricular nucleus,paraventricular nucleus of thalamus,HOMBA:10457,0.773333,fuzzy+hierarchy_parent,paraventricular nucleus,Juxtaparaventricular nucleus,,1.0,needs_review,subventricular nucleus,0.594091
Kolliker-Fuse Nucleus,Koelliker-Fuse nucleus,HOMBA:12518,0.756395,bm25+fuzzy,Koelliker-Fuse nucleus,Kolliker-Fuse Nucleus,,1.0,needs_review,cerebellar deep nuclei,0.492784
Lamina Terminalis,lamina terminalis,HOMBA:12105,1.0,bm25+exact+fuzzy,Lamina Terminalis,Lamina Terminalis,,1.0,high_confidence,stria terminalis,0.265983
Lamina terminalis and vascular organ,lamina terminalis,HOMBA:12105,0.689688,bm25+fuzzy,lamina terminalis,Lamina terminalis and vascular organ,,1.0,needs_review,organum vasculosum laminae terminalis,0.451288
Lateral amygdaloid nucleus (dorsal),lateral nucleus of amygdala,HOMBA:10367,0.754779,bm25+fuzzy,lateral nucleus of amygdaloid complex,Lateral amygdaloid nucleus,dorsal;lateral,0.5,modifier_conflict,lateral division of anterior amygdaloid area,0.602875
Lateral amygdaloid nucleus (ventral),lateral nucleus of amygdala,HOMBA:10367,0.754779,bm25+fuzzy,lateral nucleus of amygdaloid complex,Lateral amygdaloid nucleus,ventral;lateral,0.5,modifier_conflict,lateral division of anterior amygdaloid area,0.662875
Lateral Cerebellar Nucleus,lateral region of cerebellar hemisphere,HOMBA:AA30564,0.699461,bm25+fuzzy,lateral region of cerebellar hemisphere,Lateral Cerebellar Nucleus,lateral,1.0,needs_review,lateral nucleus of amygdala,0.428734
Lateral Dorsal Amygdaloid Nucleus,dorsal division of anterior amygdaloid area,HOMBA:146034710,0.585349,bm25+fuzzy,dorsal division of anterior amygdaloid area,Lateral Dorsal Amygdaloid Nucleus,lateral;dorsal,0.5,modifier_conflict,lateral subdivision of LaD,0.467509
Lateral Dorsal Tegmentum,dorsal cell group of medulla tegmentum,HOMBA:AA30451,0.563538,bm25+fuzzy,dorsal cell group of medulla tegmentum,Lateral Dorsal Tegmentum,lateral;dorsal,0.5,modifier_conflict,lateral subdivision of LaD,0.399538
Lateral Dorsal Thalamus,dorsal thalamus,HOMBA:10391,0.903297,bm25+fuzzy,dorsal thalamus,Lateral Dorsal Thalamus,lateral;dorsal,0.5,modifier_conflict,lateral dorsal nucleus of thalamus,0.889352
Lateral hypothalamic area,"lateral hypothalamic area, tuberal part",HOMBA:10494,0.967588,bm25+fuzzy,"lateral hypothalamic area, tuberal part",Lateral hypothalamic area,lateral,1.0,high_confidence,"lateral  hypothalamic area, mammillary part",0.931484
Lateral Lemniscus,lateral lemniscus,HOMBA:12760,1.0,bm25+exact+fuzzy,Lateral Lemniscus,Lateral Lemniscus,lateral,1.0,high_confidence,nuclei of lateral lemniscus,0.946389
Lateral Parabrachial Nucleus,lateral parabrachial nucleus,HOMBA:12482,1.0,bm25+exact+fuzzy,Lateral Parabrachial Nucleus,Lateral Parabrachial Nucleus,lateral,1.0,high_confidence,"lateral parabrachial nucleus, central division",0.9975
"Lateral parietal cortex, inferior",inferior lateral parietal cortex,HOMBA:10225,1.0,bm25+fuzzy,inferior lateral parietal cortex,"Lateral parietal cortex, inferior",lateral,1.0,high_confidence,inferior parietal lobule (gyrus),0.48037
"Lateral parietal cortex, superior",superior medial parietal cortex,HOMBA:10215,0.639812,bm25+fuzzy,posterodorsal parietal cortex superior,"Lateral parietal cortex, superior",lateral,0.0,needs_review,superior parietal lobule (gyrus),0.483278
Lateral Posterior Thalamus,lateral posterior nucleus of thalamus,HOMBA:10408,0.904161,bm25+fuzzy,lateral posterior nuclei of thalamus,Lateral Posterior Thalamus,lateral;posterior,1.0,high_confidence,posterior nucleus of thalamus,0.67263
Lateral Pulvinar,lateral division of pulvinar,HOMBA:10412,1.0,bm25+fuzzy,lateral division of pulvinar of thalamus,lateral pulvinar of thalamus,lateral,1.0,high_confidence,pulvinar of thalamus,0.7172
Lateral Reticular Nucleus,lateral reticular nucleus,HOMBA:12634,1.0,bm25+exact+fuzzy,Lateral Reticular Nucleus,Lateral Reticular Nucleus,lateral;reticular,1.0,high_confidence,lateral reticular nuclei of pons,0.9975
Lateral Ventral Amygdaloid Nucleus,ventral amygdaloid efferent path,HOMBA:12093,0.600659,bm25+fuzzy,ventral amygdaloid efferent path,Lateral Ventral Amygdaloid Nucleus,lateral;ventral,0.5,modifier_conflict,lateral subdivision of LaV,0.469477
Lateral ventricle,body of lateral ventricles,HOMBA:10598,0.976667,bm25+fuzzy,body of lateral ventricle,Lateral ventricle,lateral,1.0,high_confidence,atrium of lateral ventricles,0.946389
Laterodorsal thalamic nucleus,ventral midline nuclei of thalamus,HOMBA:AA30276,0.691518,hierarchy_parent,ventral midline nuclei of thalamus,Laterodorsal thalamic nucleus,,1.0,needs_review,laterodorsal tegmental nucleus,0.645432
Limitans Thalamus,thalamus,HOMBA:10390,0.665441,bm25+fuzzy,thalamus,Limitans Thalamus,,1.0,needs_review,regions of thalamus,0.549965
Linear raphe,linear nucleus of the midbrain,HOMBA:12230,0.475616,bm25+hierarchy_parent,linear nucleus of the midbrain,Linear raphe,,1.0,low_confidence,caudal linear nucleus of the raphe,0.473042
Locus-coeruleus Region,nucleus coeruleus (locus coeruleus),HOMBA:12499,0.8084,bm25+fuzzy,locus coeruleus,Locus-coeruleus Region,,1.0,needs_review,,
Mammillary Hypothalamus,hypothalamus,HOMBA:10467,0.703804,bm25+fuzzy+hierarchy_parent,hypothalamus,Mammillary Hypothalamus,,1.0,needs_review,regions of hypothalamus,0.589008
Mammillary nucleus,mammillary nuclear complex,HOMBA:10498,1.0,bm25+exact+fuzzy+hierarchy_parent,Mammillary nucleus,Mammillary nucleus,,1.0,high_confidence,mammillary (posterior) region of HTH,0.8342
Medial amygdaloid nucleus,medial nuclear complex of amygdala,HOMBA:10376,1.0,bm25+exact+fuzzy,Medial amygdaloid nucleus,Medial amygdaloid nucleus,medial,1.0,high_confidence,corticomedial nuclear group of amygdala,0.686071
Medial cerebellar peduncle,middle cerebellar peduncle (brachium pontis),HOMBA:12768,0.606877,bm25+fuzzy,middle cerebellar peduncle,Medial cerebellar peduncle,medial,0.0,needs_review,superior cerebellar peduncle (brachium conjunctivum),0.59738
Medial Dorsal Tegmentum,magnocellular (dorsal) division of BM,HOMBA:11522,0.593037,bm25+fuzzy,dorsal,Medial Dorsal Tegmentum,medial;dorsal,1.0,low_confidence,dorsal cell group of medulla tegmentum,0.558425
Medial eminence,medial eminence,HOMBA:12820,1.0,bm25+exact+fuzzy,Medial eminence,Medial eminence,medial,1.0,high_confidence,medial ganglionic eminence,0.801777
Medial Emminence,medial eminence,HOMBA:12820,0.819921,bm25+fuzzy,medial eminence,Medial Emminence,medial,1.0,needs_review,fastigial (medial) nucleus,0.71375
Medial Geniculate,medial geniculate nucleus,HOMBA:10434,0.976667,bm25+fuzzy,medial geniculate nucleus,Medial Geniculate,medial,1.0,high_confidence,dorsal (rostral) division of medial geniculate nucleus,0.84379
Medial geniculate nucleus,medial geniculate nucleus,HOMBA:10434,1.0,bm25+exact+fuzzy,Medial geniculate nucleus,Medial geniculate nucleus,medial,1.0,high_confidence,dorsal (rostral) division of medial geniculate nucleus,0.9975
Medial Lemniscus,medial lemniscus,HOMBA:12763,1.0,bm25+exact+fuzzy,Medial Lemniscus,Medial Lemniscus,medial,1.0,high_confidence,decussation of medial lemniscus,0.861263
Medial longitudinal fascicle,medial longitudinal fasciculus,HOMBA:12764,0.860459,bm25+fuzzy,medial longitudinal fasciculus,Medial longitudinal fascicle,medial,1.0,needs_review,medial longitudinal stria,0.775562
Medial Parabrachial Nucleus,medial parabrachial nucleus,HOMBA:12487,1.0,bm25+exact+fuzzy,Medial Parabrachial Nucleus,Medial Parabrachial Nucleus,medial,1.0,high_confidence,"medial parabrachial nucleus, medial division",1.0
Medial parietal cortex,superior medial parietal cortex,HOMBA:10215,0.9975,bm25+fuzzy,superior medial parietal cortex,Medial parietal cortex,medial,1.0,high_confidence,medial (caudal) entorhinal cortex,0.39522
Medial Pulvinar,medial division of pulvinar,HOMBA:10411,1.0,bm25+fuzzy,medial division of pulvinar of thalamus,medial pulvinar of thalamus,medial,1.0,high_confidence,pulvinar of thalamus,0.7172
Medial Raphe,fastigial (medial) nucleus,HOMBA:12402,0.8075,bm25+fuzzy,medial,Medial Raphe,medial,1.0,needs_review,medial (magnocellular) division of MD,0.8075
Mediodorsal thalamic nucleus,ventral midline nuclei of thalamus,HOMBA:AA30276,0.730692,hierarchy_parent,ventral midline nuclei of thalamus,Mediodorsal thalamic nucleus,,1.0,needs_review,submedius thalamic nucleus,0.650692
Mediodorsal Thalamus,mediodorsal nucleus of thalamus,HOMBA:10398,1.0,bm25+exact+fuzzy,Mediodorsal Thalamus,Mediodorsal Thalamus,,1.0,high_confidence,lateroposterior-pulvinar complex,0.28945
Mediolateral Fascicle,mediolateral sulcus,HOMBA:AA30790,0.499647,bm25+fuzzy,mediolateral sulcus,Mediolateral Fascicle,,1.0,low_confidence,dentate (lateral) nucleus,0.37625
Medullar Reticular Nucleus,"medullary reticular nucleus, ventral division (medial reticular nucleus)",HOMBA:12640,0.816244,bm25+fuzzy,medial reticular nucleus,Medullar Reticular Nucleus,reticular,1.0,needs_review,parvicellular reticular nucleus,0.784446
Mesencephalic Reticular Formation,isthmic reticular formation,HOMBA:15547,0.776801,bm25+fuzzy,isthmic reticular formation,Mesencephalic Reticular Formation,reticular,1.0,needs_review,medullary reticular formation in  medulla oblongata,0.76362
Mesencephalic Trigeminal Nerve,mesencephalic trigeminal nucleus,HOMBA:12208,0.612807,bm25+fuzzy,mesencephalic trigeminal nuclei,Mesencephalic Trigeminal Nerve,,1.0,needs_review,mesencephalic trigeminal tract,0.608333
Midbrain reticular formation,midbrain reticular formation,HOMBA:12239,1.0,bm25+exact+fuzzy,Midbrain reticular formation,Midbrain reticular formation,reticular,1.0,high_confidence,isthmic reticular formation,0.438404
Middle frontal gyrus,middle frontal gyrus,HOMBA:12116,1.0,bm25+exact+fuzzy,Middle frontal gyrus,Middle frontal gyrus,,1.0,high_confidence,frontal lobe,0.97
Mircrocellular Tegmentum,paracollicular tegmentum,HOMBA:12282,0.555232,bm25+fuzzy,paracollicular tegmentum,Mircrocellular Tegmentum,,1.0,low_confidence,midbrain tegmentum,0.505094
Motor Trigeminal Nucleus,"motor nucleus of trigeminal nerve (motor trigeminal nucleus, Mo5)",HOMBA:12429,1.0,bm25+exact+fuzzy+hierarchy_parent,Motor Trigeminal Nucleus,Motor Trigeminal Nucleus,,1.0,high_confidence,afferent nuclei of cranial nerves in pons,0.816733
Obex,obex,HOMBA:12812,1.0,bm25+exact+fuzzy,Obex,Obex,,1.0,high_confidence,,
Occulomotor Nerve,root of occulomotor nerve,HOMBA:12376,0.856667,bm25+fuzzy,root of occulomotor nerve,Occulomotor Nerve,,1.0,needs_review,root of facial nerve,0.283364
Occulomotor Nuclei,efferent nuclei of the cranial nerves in midbrain,HOMBA:12196,0.687195,hierarchy_parent,efferent nuclei of the cranial nerves in midbrain,Occulomotor Nuclei,,1.0,needs_review,oculomotor nucleus,0.607195
Oculomotor complex,subicular complex,HOMBA:266441673,0.51706,bm25+fuzzy,subicular complex,Oculomotor complex,,1.0,low_confidence,Botzinger complex,0.49183
Olfactory tubercle,olfactory tubercle,HOMBA:10310,1.0,bm25+exact+fuzzy+hierarchy_parent,Olfactory tubercle,Olfactory tubercle,,1.0,high_confidence,islands of Calleja of olfactory tubercle,0.667285
Olfactory Tubercule,olfactory tubercle,HOMBA:10310,0.685,bm25+fuzzy+hierarchy_parent,olfactory tubercle,Olfactory Tubercule,,1.0,needs_review,olfactory bulb,0.547586
Olivocerebellar Tract,olivocerebellar tract,HOMBA:12747,1.0,bm25+exact+fuzzy,Olivocerebellar Tract,Olivocerebellar Tract,,1.0,high_confidence,pyramidal tract,0.305573
Optic Tract,optic tract,HOMBA:10589,1.0,bm25+exact+fuzzy,Optic Tract,Optic Tract,,1.0,high_confidence,nucleus of the optic tract  (lentiform nucleus),0.590499
Optic tract/chiasma,optic tract,HOMBA:10589,0.788377,bm25+fuzzy,optic tract,Optic tract/chiasma,,1.0,needs_review,optic chiasm,0.541778
P1 Mesencephalic Reticulum,mesencephalic trigeminal tract,HOMBA:12767,0.406256,bm25+fuzzy,mesencephalic trigeminal tract,P1 Mesencephalic Reticulum,,1.0,low_confidence,mesencephalic trigeminal nucleus,0.405601
Parabigeminal Nucleus,parabigeminal nucleus,HOMBA:12312,1.0,bm25+exact+fuzzy,Parabigeminal Nucleus,Parabigeminal Nucleus,,1.0,high_confidence,cerebellar deep nuclei,0.258872
Paraflocculus,lobule IXb (paraflocculus),HOMBA:AA30421,1.0,bm25+exact+fuzzy,Paraflocculus,Paraflocculus,,1.0,high_confidence,lobule IX (tonsil-paraflocculus),0.8
Parahippocampal gyrus,parahippocampal gyrus,HOMBA:12162,1.0,bm25+exact+fuzzy+hierarchy_parent,Parahippocampal gyrus,Parahippocampal gyrus,,1.0,high_confidence,anterior parahippocampal gyrus,0.736733
Paralaminar amygdaloid nucleus,paralaminar nucleus of amygdala,HOMBA:10370,0.752254,bm25+fuzzy,paralaminar nucleus of amygdaloid complex,Paralaminar amygdaloid nucleus,,1.0,needs_review,corticomedial nuclear group of amygdala,0.371935
Paramedian Lobule,"lobule VIIIA (biventral lobule, part 1, paramedian lobule)",HOMBA:AA30417,1.0,bm25+exact+fuzzy,Paramedian Lobule,Paramedian Lobule,,1.0,high_confidence,Lobule VIII (biventral lobule),0.97
Paratenial-paraventral-thalamus,regions of thalamus,HOMBA:AA30265,0.627903,bm25+hierarchy_parent,regions of thalamus,Paratenial-paraventral-thalamus,,1.0,needs_review,ventral thalamus,0.547903
Paraventricular Anterior Thalamus,dorsal midline nuclei of thalamus,HOMBA:AA30274,0.660312,hierarchy_parent,dorsal midline nuclei of thalamus,Paraventricular Anterior Thalamus,,1.0,needs_review,paraventricular nucleus of thalamus,0.580312
Paraventricular hypothalamic nucleus,paraventricular nucleus of thalamus,HOMBA:10457,0.717674,bm25+fuzzy+hierarchy_parent,paraventricular nucleus,Paraventricular hypothalamic nucleus,,1.0,needs_review,paraventricular nucleus of hypothalamus,0.677488
Paraventricular Hypothalamus,paraventricular nucleus of hypothalamus,HOMBA:10476,0.655644,bm25+fuzzy+hierarchy_parent,paraventricular nuclei of hypothalamus,Paraventricular Hypothalamus,,1.0,needs_review,hypothalamus,0.390691
Paraventricular Posterior Thalamus,paraventricular nucleus of thalamus,HOMBA:10457,0.571823,bm25+fuzzy,paraventricular nucleus of thalamus,Paraventricular Posterior Thalamus,posterior,0.0,low_confidence,rostral paraventricular nucleus of thalamus,0.523654
Parietal opercular cortex,parietal cortex,HOMBA:10208,0.697665,bm25+fuzzy+hierarchy_parent,parietal cortex,Parietal opercular cortex,,1.0,needs_review,parietal lobe,0.644869
Parvicellular and Intermediate Reticular Nuclei,parvicellular reticular nucleus,HOMBA:12618,0.876067,bm25+fuzzy,parvicellular reticular nucleus,parvicellular and intermediate reticular nucleus,parvicellular;reticular,1.0,needs_review,parvicellular division of reticular nucleus (perireticular nucleus),0.841353
Peduncular lateral hypothalamic nucleus,magnocellular nucleus of lateral hypothalamic area,HOMBA:13070,0.760122,bm25+fuzzy,magnocellular nuclei of lateral hypothalamic area,peduncular lateral hypothalamic nuclei,lateral,1.0,needs_review,"lateral hypothalamic area, tuberal part",0.685318
Peduncular Lateral Hypothalamus,accessory secretory cells of lateral hypothalamus,HOMBA:13337,0.630894,bm25+fuzzy,accessory secretory cells of lateral hypothalamus,Peduncular Lateral Hypothalamus,lateral,1.0,needs_review,dentate (lateral) nucleus,0.574049
Pedunculopontine Nucleus,pontine nucleus,HOMBA:12406,0.739583,bm25+fuzzy+hierarchy_parent,pontine nucleus,Pedunculopontine Nucleus,,1.0,needs_review,peduncular part of pontine nucleus,0.598279
Peri-basal region,basal forebrain,HOMBA:10349,0.568257,bm25+hierarchy_parent,basal forebrain,Peri-basal region,,1.0,low_confidence,regions of basal forebrain,0.488257
Periaqueductal gray,periaqueductal gray region,HOMBA:AA30359,0.94,bm25+fuzzy,periaqueductal gray region,Periaqueductal gray,,1.0,high_confidence,periaqueductal gray substance,0.845546
Perifornical nucleus,perifornical nucleus,HOMBA:11578,1.0,bm25+exact+fuzzy,Perifornical nucleus,Perifornical nucleus,,1.0,high_confidence,cerebellar deep nuclei,0.258872
Pineal gland,pineal body,HOMBA:10460,1.0,bm25+exact+fuzzy,Pineal gland,Pineal gland,,1.0,high_confidence,pituitary body/gland (hypophysis),0.27775
Piriform cortex,piriform cortex,HOMBA:10311,1.0,bm25+exact+fuzzy,Piriform cortex,Piriform cortex,,1.0,high_confidence,dorsolateral temporal cortex,0.279372
Pontine nucleus,pontine nucleus,HOMBA:12406,1.0,bm25+exact+fuzzy+hierarchy_parent,Pontine nucleus,Pontine nucleus,,1.0,high_confidence,pontine gamma nucleus,0.734026
Pontine Reticulum Caudal,"pontine reticular nucleus, caudal division",HOMBA:12493,0.718312,bm25+fuzzy,pontine reticular nucleus caudalis part,pontine reticulum caudalis,caudal,1.0,needs_review,(caudal) collateral sulcus (medial occipitotemporal sulcus),0.634535
Pontine Reticulum Oral,"pontine reticular nucleus, rostral division",HOMBA:12494,0.733036,bm25+fuzzy,pontine reticular nucleus oralis part,pontine reticulum oralis,oral,1.0,needs_review,rostral (oral) dorsal paramedian nucleus,0.651186
"Postcentral gyrus, lateral",postcentral gyrus,HOMBA:12132,0.753867,bm25+fuzzy,postcentral gyrus,"Postcentral gyrus, lateral",lateral,0.0,needs_review,lateral orbital gyrus,0.408862
"Postcentral gyrus, medial",postcentral gyrus,HOMBA:12132,0.753867,bm25+fuzzy,postcentral gyrus,"Postcentral gyrus, medial",medial,0.0,needs_review,medial orbital gyrus,0.410886
Posterior Commissural Nuclei,interstitial nucleus of posterior commissure (nucleus of posterior commissure),HOMBA:12194,0.788483,bm25+fuzzy,nuclei of posterior commissure,Posterior Commissural Nuclei,posterior,1.0,needs_review,posterior (caudal) cortical nucleus of amygdala,0.782298
Posterior Commissure,posterior commissure,HOMBA:10567,1.0,bm25+exact+fuzzy,Posterior Commissure,Posterior Commissure,posterior,1.0,high_confidence,interstitial nucleus of posterior commissure (nucleus of posterior commissure),0.974167
Posterior hypothalamic nucleus,posterior hypothalamic nucleus,HOMBA:10503,1.0,bm25+exact+fuzzy,Posterior hypothalamic nucleus,Posterior hypothalamic nucleus,posterior,1.0,high_confidence,interstitial nucleus of posterior commissure (nucleus of posterior commissure),0.39689
Posterior Interposed Cerebellar Nucleus,posterior lobe of cerebellar cortex,HOMBA:12844,0.664958,bm25+fuzzy,posterior lobe of cerebellar cortex,Posterior Interposed Cerebellar Nucleus,posterior,1.0,needs_review,"posterior lobe, vermis part",0.652709
Posterior Interstitial Nucleus,interstitial nucleus of posterior commissure (nucleus of posterior commissure),HOMBA:12194,0.820915,bm25+fuzzy,interstitial nuclei of posterior commissure,posterior interstitial nuclei,posterior,1.0,needs_review,interstitial nucleus of posterior limb of anterior commissure (fundus of striatum),0.692652
Posterior interstitial nucleus of the anterior commissure,interstitial nucleus of posterior commissure (nucleus of posterior commissure),HOMBA:12194,0.956666,bm25+fuzzy,interstitial nucleus of posterior commissure,Posterior interstitial nucleus of the anterior commissure,posterior,1.0,high_confidence,interstitial nucleus of posterior limb of anterior commissure (fundus of striatum),0.94138
Posterior pituitary,posterior lobe of pituitary body (neurohypophysis),HOMBA:AA30783,0.761556,bm25+fuzzy,posterior lobe of pituitary body,Posterior pituitary,posterior,1.0,needs_review,caudal (posterior) branch of anterior commissure,0.392505
Pre-supplementary motor area,medial division of area 6 (supplementary motor area),HOMBA:AA30012,0.736733,bm25+fuzzy,supplementary motor area,Pre-supplementary motor area,,1.0,needs_review,frontal motor cortex (posterior frontal cortex),0.430972
"Precentral gyrus, lateral",precentral gyrus,HOMBA:12114,0.751667,bm25+fuzzy,precentral gyrus,"Precentral gyrus, lateral",lateral,0.0,needs_review,lateral orbital gyrus,0.408862
"Precentral gyrus, medial/supplementary motor area",medial division of area 6 (supplementary motor area),HOMBA:AA30012,0.82727,bm25+fuzzy,supplementary motor area,"Precentral gyrus, medial/supplementary motor area",medial,1.0,needs_review,precentral gyrus,0.528942
Precommissural nucleus,precommissural nucleus,HOMBA:12287,1.0,bm25+exact+fuzzy,Precommissural nucleus,Precommissural nucleus,,1.0,high_confidence,cerebellar deep nuclei,0.258872
Precuneiform Nucleus,cuneiform nucleus,HOMBA:12240,0.773333,bm25+fuzzy+hierarchy_parent,cuneiform nucleus,Precuneiform Nucleus,,1.0,needs_review,precuneiform area,0.670844
Prefornical Hypothalamus,hypothalamus,HOMBA:10467,0.6875,bm25+fuzzy+hierarchy_parent,hypothalamus,Prefornical Hypothalamus,,1.0,needs_review,regions of hypothalamus,0.603011
Prelunate gyrus,prelunate gyrus,HOMBA:AA30555,1.0,bm25+exact+fuzzy,Prelunate gyrus,Prelunate gyrus,,1.0,high_confidence,uncus of (para)hippocampal gyrus,0.310425
"Premotor cortex, dorsal","premotor cortex (area 6, area FB, secondary motor cortex)",HOMBA:10168,0.753867,bm25+fuzzy,premotor cortex,"Premotor cortex, dorsal",dorsal,0.0,needs_review,caudal (dorsal) parasubiculum (subdivision b only),0.598966
"Premotor cortex, ventral","premotor cortex (area 6, area FB, secondary motor cortex)",HOMBA:10168,0.742101,bm25+fuzzy,premotor cortex,"Premotor cortex, ventral",ventral,0.0,needs_review,anterior (ventral /principal) pretectal nucleus,0.621567
Preoptic area,preoptic region of HTH,HOMBA:10468,0.815,bm25+fuzzy+hierarchy_parent,preoptic region of HTH,preoptic region,,1.0,needs_review,medial preoptic area,0.7009
Prepositus Nucleus,prepositus hypoglossal nucleus,HOMBA:12615,0.698698,bm25+fuzzy,prepositus hypoglossal nuclei,prepositus nuclei,,1.0,needs_review,cerebellar deep nuclei,0.258872
Prerubral Field,prerubral field (field H3),HOMBA:AA30325,1.0,bm25+exact+fuzzy,Prerubral Field,Prerubral Field,,1.0,high_confidence,prerubral regions,0.320589
Principal Trigeminal Nucleus,principal sensory nucleus of trigeminal nerve,HOMBA:12444,1.0,bm25+exact+fuzzy,Principal Trigeminal Nucleus,Principal Trigeminal Nucleus,principal,1.0,high_confidence,spinal trigeminal nucleus,0.949008
Putamen,putamen (lateroventral division of the CP),HOMBA:10338,1.0,bm25+exact+fuzzy+hierarchy_parent,Putamen,Putamen,,1.0,high_confidence,caudal putamen,0.7009
Pyramidal Tract,pyramidal tract,HOMBA:12773,1.0,bm25+exact+fuzzy,Pyramidal Tract,Pyramidal Tract,,1.0,high_confidence,pyramidal part of medulla oblongata,0.257381
Pyramidal Tract Decussation,pyramidal decussation,HOMBA:12772,0.895247,bm25+fuzzy,pyramidal decussation,Pyramidal Tract Decussation,decussation,1.0,needs_review,decussation of rubrospinal tract,0.437807
Raphe Magnus Nucleus,raphe magnus nucleus,HOMBA:12642,1.0,bm25+exact+fuzzy,Raphe Magnus Nucleus,Raphe Magnus Nucleus,,1.0,high_confidence,raphe nuclei in medulla oblongata,0.97
Raphe Obscurus Nucleus,raphe obscurus nucleus,HOMBA:12643,1.0,bm25+exact+fuzzy,Raphe Obscurus Nucleus,Raphe Obscurus Nucleus,,1.0,high_confidence,raphe nuclei in medulla oblongata,0.97
Red nucleus,red nucleus,HOMBA:12247,1.0,bm25+exact+fuzzy+hierarchy_parent,Red nucleus,Red nucleus,,1.0,high_confidence,"red nucleus, dorsomedial division",0.65229
Reticular thalamic nucleus,reticular nucleus of thalamus,HOMBA:10464,0.74003,bm25+fuzzy,reticular nucleus of thalamus,Reticular thalamic nucleus,reticular,1.0,needs_review,dorsal reticular nucleus,0.718143
Reticular Thalamus,reticular nucleus of thalamus,HOMBA:10464,0.832891,bm25+fuzzy,reticular nuclei of thalamus,Reticular Thalamus,reticular,1.0,needs_review,caudoventrolateral reticular nucleus,0.322151
Reticulotegmentum,reticulotegmental nucleus,HOMBA:12497,0.388178,fuzzy,reticulotegmental nuclei,Reticulotegmentum,,1.0,low_confidence,pontine tegmentum,0.367267
Retro-mammillary nucleus,mammillary nuclear complex,HOMBA:10498,0.856667,bm25+fuzzy+hierarchy_parent,mammillary nucleus,Retro-mammillary nucleus,,1.0,needs_review,mammillary (posterior) region of HTH,0.805533
Retroisthmic Nucleus,retrorubral field (retroisthmic nucleus),HOMBA:12289,1.0,bm25+exact+fuzzy,Retroisthmic Nucleus,Retroisthmic Nucleus,,1.0,high_confidence,cerebellar deep nuclei,0.258872
Retromammillary Hypothalamus,hypothalamus,HOMBA:10467,0.664131,bm25+fuzzy+hierarchy_parent,hypothalamus,Retromammillary Hypothalamus,,1.0,needs_review,retromammillary area,0.657054
Retrorubral Field,retrorubral field (retroisthmic nucleus),HOMBA:12289,1.0,bm25+exact+fuzzy,Retrorubral Field,Retrorubral Field,,1.0,high_confidence,prerubral field (field H3),0.267079
Reuniens-rhomboid-xiphoid Thalamus,ventral midline nuclei of thalamus,HOMBA:AA30276,0.571047,hierarchy_parent,ventral midline nuclei of thalamus,Reuniens-rhomboid-xiphoid Thalamus,,1.0,low_confidence,rhomboid (central) nucleus of thalamus,0.491047
Saginum Nucleus,sagulum nucleus (nucleus sagulum),HOMBA:12313,0.610833,bm25+fuzzy,sagulum nucleus,Saginum Nucleus,,1.0,needs_review,lateral reticular nuclei of pons,0.568213
Sensory Root of the Trigeminal Nerve,root of trigeminal nerve,HOMBA:12865,0.97,bm25+hierarchy_parent,root of trigeminal nerve,Sensory Root of the Trigeminal Nerve,,1.0,high_confidence,sensory root of trigeminal nerve,0.961054
Septimbrial nucleus,septofimbrial nucleus,HOMBA:13032,0.672904,fuzzy,septofimbrial nucleus,Septimbrial nucleus,,1.0,needs_review,septal region (septal nuclear complex),0.598302
Septum and diagonal band,diagonal band,HOMBA:12034,0.854167,bm25+fuzzy,diagonal band of broca,septum and diagonal band of broca,,1.0,needs_review,nucleus of diagonal band,0.591526
Septum Diagonal Band,diagonal band,HOMBA:12034,0.856667,bm25+fuzzy,diagonal band of broca,septum diagonal band of broca,,1.0,needs_review,nucleus of diagonal band,0.597885
Simple Lobule,lobule VI (simple lobule),HOMBA:AA30408,1.0,bm25+exact+fuzzy+hierarchy_parent,Simple Lobule,Simple Lobule,,1.0,high_confidence,"lobule VIA (simple lobule, rostral part)",1.0
Solitary Tract Nucleus,solitary tract,HOMBA:12783,0.854167,bm25+fuzzy,solitary tract,solitary tract nuclei,,1.0,needs_review,solitary nucleus,0.821905
Spinal Trigeminal Nucleus Caudal,"spinal trigeminal nucleus, caudal division",HOMBA:12573,1.0,bm25+fuzzy,spinal principal sensory nucleus of trigeminal nerve caudal part,spinal principal sensory nucleus of trigeminal nerve caudal,caudal,1.0,high_confidence,spinal trigeminal nucleus,0.77259
Spinal Trigeminal Nucleus Intermediate,afferent nuclei of cranial nerves in pons,HOMBA:12436,0.7809,hierarchy_parent,afferent nuclei of cranial nerves in pons,Spinal Trigeminal Nucleus Intermediate,,1.0,needs_review,spinal trigeminal nucleus,0.75465
Spinal Trigeminal Nucleus Oral,"spinal nucleus of trigeminal nerve, rostral subnucleus",HOMBA:12447,0.847932,bm25+fuzzy,"spinal nucleus of trigeminal nerve, oral subnucleus",spinal principal sensory nucleus of trigeminal nerve oral,oral,1.0,needs_review,spinal trigeminal nucleus,0.785316
Stria medullaris,stria medullaris of thalamus,HOMBA:10590,0.782738,bm25+fuzzy,stria medullaris of thalamus,Stria medullaris,,1.0,needs_review,stria terminalis,0.260998
"Striate cortex, dorsolateral, inferior","primary visual cortex (first visual cortex, striate cortex, area 17, area OC)",HOMBA:10269,0.636442,bm25+fuzzy,striate cortex,"Striate cortex, dorsolateral, inferior",,1.0,needs_review,temporal cortex,0.543837
"Striate cortex, dorsolateral, superior","primary visual cortex (first visual cortex, striate cortex, area 17, area OC)",HOMBA:10269,0.636442,bm25+fuzzy,striate cortex,"Striate cortex, dorsolateral, superior",,1.0,needs_review,dorsolateral prefrontal cortex,0.536352
"Striate cortex, medial","primary visual cortex (first visual cortex, striate cortex, area 17, area OC)",HOMBA:10269,0.751667,bm25+fuzzy,striate cortex,"Striate cortex, medial",medial,0.0,needs_review,medial (caudal) entorhinal cortex,0.63767
Subcallosal cortex,subgenual (subcallosal) cingulate cortex (area 25),HOMBA:10281,0.494872,bm25+fuzzy,subcallosal,Subcallosal cortex,,1.0,low_confidence,cingulate cortex,0.49439
Subceruleus,subcoeruleus nucleus,HOMBA:12500,0.395795,fuzzy,SubC,Subceruleus,,1.0,low_confidence,nucleus coeruleus (locus coeruleus),0.34744
Subicular complex,subicular complex,HOMBA:266441673,1.0,bm25+exact+fuzzy,Subicular complex,Subicular complex,,1.0,high_confidence,subplate-derived cell layer of subicular complex,0.493317
Subparafascicular Nucleus,subparafascicular nucleus of thalamus,HOMBA:13054,0.856667,bm25+fuzzy,subparafascicular nucleus of thalamus,Subparafascicular Nucleus,,1.0,needs_review,cerebellar deep nuclei,0.258872
Subparafascicular parvocellular thalamic nucleus,ventral midline nuclei of thalamus,HOMBA:AA30276,0.690948,hierarchy_parent,ventral midline nuclei of thalamus,Subparafascicular parvocellular thalamic nucleus,,1.0,needs_review,subparafascicular nucleus of thalamus,0.610948
Substantia nigra,substantia nigra,HOMBA:12251,1.0,bm25+exact+fuzzy+hierarchy_parent,Substantia nigra,Substantia nigra,,1.0,high_confidence,"substantia nigra, compact division",0.660445
Subthalamic nucleus,subthalamic nucleus,HOMBA:10466,1.0,bm25+exact+fuzzy,Subthalamic nucleus,Subthalamic nucleus,,1.0,high_confidence,subthalamic fasciculus,0.274822
Superior Cerebellar Peduncle,superior cerebellar peduncle (brachium conjunctivum),HOMBA:12354,1.0,bm25+exact+fuzzy,Superior Cerebellar Peduncle,Superior Cerebellar Peduncle,,1.0,high_confidence,decussation of superior cerebellar peduncle,0.7425
Superior Cerebellar Peduncle Decussation,decussation of superior cerebellar peduncle,HOMBA:12337,1.0,bm25+fuzzy,decussation of superior cerebellar peduncle,Superior Cerebellar Peduncle Decussation,decussation,1.0,high_confidence,pyramidal decussation,0.360384
Superior colliculus,superior colliculus,HOMBA:12292,1.0,bm25+exact+fuzzy+hierarchy_parent,Superior colliculus,Superior colliculus,,1.0,high_confidence,brachium of superior colliculus,0.813844
Superior frontal gyrus,superior frontal gyrus,HOMBA:12115,1.0,bm25+exact+fuzzy,Superior frontal gyrus,Superior frontal gyrus,,1.0,high_confidence,frontal lobe,0.97
"Superior frontal gyrus, medial",superior frontal gyrus,HOMBA:12115,0.7722,bm25+fuzzy,superior frontal gyrus,"Superior frontal gyrus, medial",medial,0.0,needs_review,superior frontal sulcus,0.530303
Superior Olive,medial superior olivary nucleus,HOMBA:12470,0.734583,bm25+fuzzy,medial superior olive,Superior Olive,,1.0,needs_review,superior olivary complex,0.25625
Superior temporal gyrus,superior temporal gyrus,HOMBA:12140,1.0,bm25+exact+fuzzy,Superior temporal gyrus,Superior temporal gyrus,,1.0,high_confidence,temporal lobe,0.97
Supra Geniculate,medial geniculate nuclear complex,HOMBA:AA30307,0.429875,bm25+hierarchy_parent,medial geniculate nuclear complex,Supra Geniculate,,1.0,low_confidence,lateral geniculate nuclear complex,0.427862
Supraoptic Hypothalamus,hypothalamus,HOMBA:10467,0.703804,bm25+fuzzy+hierarchy_parent,hypothalamus,Supraoptic Hypothalamus,,1.0,needs_review,regions of hypothalamus,0.593177
Supraoptic nucleus,supraoptic nucleus,HOMBA:10481,1.0,bm25+exact+fuzzy+hierarchy_parent,Supraoptic nucleus,Supraoptic nucleus,,1.0,high_confidence,supraoptic region of HTH,0.97
"Supratemporal plane, anterior",anterior commissure,HOMBA:10559,0.590046,bm25+hierarchy_parent,anterior commissure,"Supratemporal plane, anterior",,1.0,low_confidence,rostral (anterior) branch of anterior commissure,0.510046
"Supratemporal plane, posterior",caudal (posterior) branch of anterior commissure,HOMBA:AA30485,0.639344,bm25+fuzzy,posterior,"Supratemporal plane, posterior",posterior,1.0,needs_review,caudal (posterior) extramural migratory stream,0.639344
Tail of caudate nucleus,tail of caudate nucleus (caudolateral division of the CP),HOMBA:10337,1.0,bm25+exact+fuzzy,Tail of caudate nucleus,Tail of caudate nucleus,,1.0,high_confidence,caudate nucleus (mediodorsal division of the CP),0.97
Temporal pole,temporal pole (temporopolar cortex),HOMBA:12146,1.0,bm25+exact+fuzzy,Temporal pole,Temporal pole,,1.0,high_confidence,temporal lobe,0.97
Third ventricle,third ventricle,HOMBA:10602,1.0,bm25+exact+fuzzy+hierarchy_parent,Third ventricle,Third ventricle,,1.0,high_confidence,regions of third ventricle,0.870192
Transverse Fibers,transverse fibers,HOMBA:AA30879,1.0,bm25+exact+fuzzy,Transverse Fibers,Transverse Fibers,,1.0,high_confidence,transverse fibers of pons (pontine crossing tract),0.736733
Trapezoid Bundle Region,trapezoid body,HOMBA:12796,0.536476,bm25+fuzzy,trapezoid body,Trapezoid Bundle Region,,1.0,low_confidence,nucleus of trapezoid body,0.398124
Ventral Anterior Thalamus,ventral anterior nucleus of thalamus,HOMBA:10417,0.90125,bm25+fuzzy,ventral anterior nuclei of thalamus,Ventral Anterior Thalamus,ventral,1.0,high_confidence,anterior nuclear complex of thalamus,0.46289
Ventral cortical amygdaloid nucleus,cortical nucleus of amygdala,HOMBA:10373,0.7722,bm25+fuzzy,cortical amygdaloid nucleus,Ventral cortical amygdaloid nucleus,ventral,0.0,needs_review,anterior (rostral) cortical nucleus of amygdala,0.538987
Ventral endopiriform claustrum,claustrum-endopiriform nuclear complex,HOMBA:AA30262,0.526068,bm25+fuzzy,claustrum-endopiriform nuclear complex,Ventral endopiriform claustrum,ventral,0.0,low_confidence,regions of claustrum-endopiriform nuclear complex,0.503383
Ventral Lateral Anterior Thalamus,ventral anterior nucleus of thalamus,HOMBA:10417,0.743187,bm25+fuzzy,ventral anterior nuclei of thalamus,Ventral Lateral Anterior Thalamus,ventral;lateral,0.5,modifier_conflict,ventral lateral nucleus of thalamus,0.443727
Ventral Lateral Posterodorsal Thalamus,ventral lateral nucleus of thalamus,HOMBA:10420,0.76566,bm25+fuzzy,ventral lateral nucleus of thalamus,Ventral Lateral Posterodorsal Thalamus,ventral;lateral,1.0,needs_review,ventral thalamus,0.656804
Ventral Lateral Posteroventral Thalamus,ventral lateral nucleus of thalamus,HOMBA:10420,0.774681,bm25+fuzzy,ventral lateral nucleus of thalamus,Ventral Lateral Posteroventral Thalamus,ventral;lateral,1.0,needs_review,ventral thalamus,0.692887
Ventral Lateral X Thalamus,ventral lateral nucleus of thalamus,HOMBA:10420,0.443727,bm25,ventral lateral nucleus of thalamus,Ventral Lateral X Thalamus,ventral;lateral,1.0,low_confidence,lateral subdivision of LaV,0.382247
Ventral Medial Thalamus,ventral medial nucleus of thalamus,HOMBA:10427,0.891381,bm25+fuzzy,ventral medial nuclei of thalamus,Ventral Medial Thalamus,ventral;medial,1.0,needs_review,ventral thalamus,0.821184
Ventral pallidum,ventral pallidum,HOMBA:10345,1.0,bm25+exact+fuzzy,Ventral pallidum,Ventral pallidum,ventral,1.0,high_confidence,globus pallidus (paleostriatum),0.705435
Ventral tegmental area,ventral tegmental area,HOMBA:12261,1.0,bm25+exact+fuzzy,Ventral tegmental area,Ventral tegmental area,ventral,1.0,high_confidence,ventral tegmental tract in hindbrain,0.876515
Ventrolateral Tegmentum,pontine tegmentum,HOMBA:12416,0.507402,bm25+fuzzy+hierarchy_parent,pontine tegmentum,Ventrolateral Tegmentum,,1.0,low_confidence,paracollicular tegmentum,0.505943
Ventrolateral thalamic nucleus (posterodorsal part),ventrolateral tegmental nucleus,HOMBA:12534,0.557611,bm25+fuzzy,ventrolateral tegmental nucleus,Ventrolateral thalamic nucleus,posterodorsal,0.0,low_confidence,ventrolateral nucleus of Pr5,0.531697
Ventrolateral thalamic nucleus (posteroventral part),ventrolateral tegmental nucleus,HOMBA:12534,0.557611,bm25+fuzzy,ventrolateral tegmental nucleus,Ventrolateral thalamic nucleus,posteroventral,0.0,low_confidence,ventrolateral nucleus of Pr5,0.531697
Ventromedial hypothalamic nucleus,ventromedial hypothalamic nucleus,HOMBA:10488,1.0,bm25+exact+fuzzy+hierarchy_parent,Ventromedial hypothalamic nucleus,Ventromedial hypothalamic nucleus,,1.0,high_confidence,core of ventromedial hypothalamic nucleus,0.75465
Ventromedial occipital cortex,extrastriate occipital cortex,HOMBA:10270,0.863622,bm25+hierarchy_parent,extrastriate occipital cortex,Ventromedial occipital cortex,,1.0,needs_review,ventromedial extrastriate occipital cortex,0.783622
Ventromedial Posterior+basal Thalamus,ventral posterior nuclear complex of thalamus,HOMBA:10423,0.683272,bm25+fuzzy,ventral posterior nucleus of thalamus,Ventromedial Posterior+basal Thalamus,posterior,1.0,needs_review,periventricular area of posterior thalamus,0.671504
Ventromedial thalamic nucleus (posterior and basal),ventromedial hypothalamic nucleus,HOMBA:10488,0.614541,bm25+fuzzy,ventromedial hypothalamic nucleus,Ventromedial thalamic nucleus,posterior;basal;posterior and basal,0.0,needs_review,basomedial nucleus (accessory basal nucleus) of amygdala,0.556227
Ventroposterior inferior thalamic nucleus,ventral midline nuclei of thalamus,HOMBA:AA30276,0.617892,hierarchy_parent,ventral midline nuclei of thalamus,Ventroposterior inferior thalamic nucleus,,1.0,needs_review,inferior thalamic peduncle,0.583872
Ventroposterior Inferior Thalamus,ventral midline nuclei of thalamus,HOMBA:AA30276,0.502398,hierarchy_parent,ventral midline nuclei of thalamus,Ventroposterior Inferior Thalamus,,1.0,low_confidence,ventroanterior-ventrolateral nuclear complex of thalamus,0.494738
Ventroposterior medial and lateral thalamic nuclei,medial subdivision of LaV,HOMBA:11515,0.680762,bm25+fuzzy,ventral medial subdivision of lateral nuclei,Ventroposterior medial and lateral thalamic nuclei,medial;lateral,1.0,needs_review,medial division of central lateral nucleus,0.660254
Ventroposterior Medial and Lateral Thalamus,ventral lateral nucleus of thalamus,HOMBA:10420,0.590895,bm25+fuzzy,ventral lateral nucleus of thalamus,Ventroposterior Medial and Lateral Thalamus,medial;lateral,0.5,modifier_conflict,medial subdivision of LaV,0.581776
Vestibular Nucleus,vestibular nuclei in pons,HOMBA:12448,1.0,bm25+exact+fuzzy+hierarchy_parent,Vestibular Nucleus,Vestibular Nucleus,,1.0,high_confidence,vestibular nuclei in medulla,0.816733
Vestibulochoclear Nerve,root of vestibulocochlear nerve,HOMBA:12868,0.585,bm25+fuzzy+hierarchy_parent,root of vestibulocochlear nerve,Vestibulochoclear Nerve,,1.0,low_confidence,cochlear root of vestibulocochlear nerve,0.505
Visceral Motor Nuclei,efferent nuclei of the cranial nerves in midbrain,HOMBA:12196,0.514851,hierarchy_parent,efferent nuclei of the cranial nerves in midbrain,Visceral Motor Nuclei,,1.0,low_confidence,facial nucleus,0.508517
Zona incerta and H fields,zona incerta,HOMBA:10463,0.715161,bm25+fuzzy,zona incerta,Zona incerta and H fields,,1.0,needs_review,gray matter of hindbrain (rhombencephalon),0.268685
Zona Incerta and Lenticular Fascicles,zona incerta,HOMBA:10463,0.637323,bm25+fuzzy,zona incerta,Zona Incerta and Lenticular Fascicles,,1.0,needs_review,lenticular fasciculus (field H2),0.503334
4th ventricle,olfactory recess (ventricle) and ependyma,HOMBA:AA30475,0.815,bm25+fuzzy,ventricle,4th ventricle,,1.0,needs_review,fourth ventricle,0.617966
A11 dopamine cell group,A8 dopamine cell group,HOMBA:AA30843,0.775734,bm25+fuzzy,A8 dopamine cell group,A11 dopamine cell group,,1.0,needs_review,A2 noradrenaline cell group,0.542914
A13 dopamine cell group,A8 dopamine cell group,HOMBA:AA30843,0.775734,bm25+fuzzy,A8 dopamine cell group,A13 dopamine cell group,,1.0,needs_review,A2 noradrenaline cell group,0.542914
Acoustic striae,acoustic radiation,HOMBA:266441583,0.547351,bm25+fuzzy,acoustic radiation,Acoustic striae,,1.0,low_confidence,intermediate acoustic stria,0.527933
Agranular insular cortex dorsal area,agranular insular cortex (area Iag),HOMBA:10328,0.7722,bm25+fuzzy,agranular major insular cortex,agranular major insular cortex dorsal area,dorsal,0.0,needs_review,agranular temporal insular cortex (area TI),0.643239
"Agranular insular cortex, posterior area",agranular insular cortex (area Iag),HOMBA:10328,0.77,bm25+fuzzy,agranular major insular cortex,agranular major insular cortex posterior area,posterior,0.0,needs_review,agranular temporal insular cortex (area TI),0.633519
"Agranular insular cortex, ventral area",agranular insular cortex (area Iag),HOMBA:10328,0.7722,bm25+fuzzy,agranular major insular cortex,agranular major insular cortex ventral area,ventral,0.0,needs_review,agranular frontal insular cortex (area FI),0.642273
Alveus of the hippocampus,hippocampus,HOMBA:AA30093,0.65046,bm25+fuzzy,hippocampus,Alveus of the hippocampus,,1.0,needs_review,hippocampal proper (Cornu Ammonis),0.604569
Amygdaloid area (unspecified),forebrain white matter (unspecified region),HOMBA:10557,0.680018,bm25+fuzzy,unspecified region,Amygdaloid area (unspecified),unspecified,1.0,needs_review,hindbrain white matter (unspecified region),0.680018
"Amygdaloid area, unspecified",regions of amygdaloid complex,HOMBA:AA30222,0.5766,bm25+hierarchy_parent,regions of amygdaloid complex,"Amygdaloid area, unspecified",,1.0,low_confidence,forebrain white matter (unspecified region),0.560018
Angular thalamic nucleus,ventral midline nuclei of thalamus,HOMBA:AA30276,0.704814,hierarchy_parent,ventral midline nuclei of thalamus,Angular thalamic nucleus,,1.0,needs_review,angular nucleus of thalamus,0.62782
"Anterior commissure, anterior limb",interstitial nucleus of posterior limb of anterior commissure (fundus of striatum),HOMBA:10388,0.715742,bm25+fuzzy,interstitial nucleus of posterior limb of anterior commissure,"Anterior commissure, anterior limb",limb,1.0,needs_review,rostral (anterior) limb of internal capsule,0.425006
"Anterior commissure, intrabulbar part",anterior commissure,HOMBA:10559,0.75,bm25+fuzzy+hierarchy_parent,anterior commissure,"Anterior commissure, intrabulbar part",,1.0,needs_review,rostral (anterior) branch of anterior commissure,0.562743
"Anterior commissure, posterior limb",interstitial nucleus of posterior limb of anterior commissure (fundus of striatum),HOMBA:10388,0.778182,bm25+fuzzy,interstitial nucleus of posterior limb of anterior commissure,"Anterior commissure, posterior limb",posterior;limb,1.0,needs_review,caudal limb of internal capsule,0.390681
Anterior olfactory area,anterior olfactory nuclear complex,HOMBA:10308,0.635146,bm25+fuzzy+hierarchy_parent,anterior olfactory nuclei,Anterior olfactory area,,1.0,needs_review,medial division of anterior olfactory nucleus,0.496053
Anterodorsal thalamic nucleus,ventral midline nuclei of thalamus,HOMBA:AA30276,0.689827,hierarchy_parent,ventral midline nuclei of thalamus,Anterodorsal thalamic nucleus,,1.0,needs_review,anterodorsal nucleus of thalamus,0.653016
Anteromedial thalamic nucleus,ventral midline nuclei of thalamus,HOMBA:AA30276,0.718382,hierarchy_parent,ventral midline nuclei of thalamus,Anteromedial thalamic nucleus,,1.0,needs_review,anteromedial preoptic nucleus,0.665302
"Anteroventral thalamic nucleus, dorsomedial part","periventricular nucleus, preoptic part",HOMBA:10469,0.642251,hierarchy_parent,"periventricular nucleus, preoptic part","Anteroventral thalamic nucleus, dorsomedial part",,1.0,needs_review,ventral midline nuclei of thalamus,0.604083
"Anteroventral thalamic nucleus, ventrolateral part",ventral midline nuclei of thalamus,HOMBA:AA30276,0.597657,hierarchy_parent,ventral midline nuclei of thalamus,"Anteroventral thalamic nucleus, ventrolateral part",,1.0,low_confidence,anteroventral nucleus of thalamus,0.588482
Ascending fibers of the facial nerve,ascending fibers of the facial nerve in pons,HOMBA:12729,1.0,bm25+exact+fuzzy,Ascending fibers of the facial nerve,Ascending fibers of the facial nerve,,1.0,high_confidence,genu of the facial nerve,0.286972
"Basal forebrain region, unspecified",forebrain white matter (unspecified region),HOMBA:10557,0.593664,bm25+fuzzy,forebrain white matter (unspecified region),"Basal forebrain region, unspecified",,1.0,low_confidence,basal forebrain,0.441627
Brachium of the superior colliculus,brachium of superior colliculus,HOMBA:12328,0.948553,bm25+fuzzy,brachium of superior colliculus,Brachium of the superior colliculus,,1.0,high_confidence,superior colliculus,0.753545
"Brainstem, unspecified",forebrain white matter (unspecified region),HOMBA:10557,0.583374,bm25+fuzzy,unspecified region,"Brainstem, unspecified",,1.0,low_confidence,hindbrain white matter (unspecified region),0.583374
CA1 (hippocampus),CA1 region of hippocampus,HOMBA:10297,1.0,bm25+exact+fuzzy,CA1,CA1,hippocampus,1.0,high_confidence,"lamination of hippocampal proper (CA1, CA2, CA3)",1.0
Caudate putamen,caudate-putamen cell bridges,HOMBA:146034746,0.69875,bm25+fuzzy,caudate lenticular nucleus cell bridges,caudate lenticular nucleus,,1.0,needs_review,putamen (lateroventral division of the CP),0.26682
Central canal,central canal of medulla oblongata,HOMBA:12826,0.760417,bm25+fuzzy,central canal of medulla,Central canal,,1.0,needs_review,central canal of spinal cord,0.669231
Central lateral thalamic nucleus,central lateral nucleus of thalamus,HOMBA:10444,0.804396,bm25+fuzzy,central lateral nucleus of thalamus,Central lateral thalamic nucleus,lateral,1.0,needs_review,lateral division of central lateral nucleus,0.795154
Central medial thalamic nucleus,central medial nucleus of thalamus,HOMBA:10445,0.803215,bm25+fuzzy,central medial nucleus of thalamus,Central medial thalamic nucleus,medial,1.0,needs_review,medial division of central nucleus,0.761438
"Cerebellum, unspecified",cerebellum,HOMBA:10656,0.655735,bm25+fuzzy,cerebellum,"Cerebellum, unspecified",,1.0,needs_review,forebrain white matter (unspecified region),0.582161
Cingulate area 1,cingulate subdivision of area 5,HOMBA:10217,0.503069,bm25+fuzzy,cingulate subdivision of area 5,Cingulate area 1,,1.0,low_confidence,cingulate cortex,0.462335
Cingulate area 2,cingulate subdivision of area 5,HOMBA:10217,0.503069,bm25+fuzzy,cingulate subdivision of area 5,Cingulate area 2,,1.0,low_confidence,cingulate cortex,0.462335
Cochlea,cochlear nuclei,HOMBA:12437,0.46225,fuzzy,cochlear nuclei,Cochlea,,1.0,low_confidence,olivocochlear bundle,0.45
Cochlear nerve,root of vestibulocochlear nerve,HOMBA:12868,0.683667,bm25+hierarchy_parent,root of vestibulocochlear nerve,Cochlear nerve,,1.0,needs_review,cochlear root of vestibulocochlear nerve,0.603667
Commissural stria terminalis,commissural branch of stria terminalis,HOMBA:AA30882,0.795462,bm25+fuzzy,commissural branch of stria terminalis,Commissural stria terminalis,,1.0,needs_review,stria terminalis,0.782738
Commissure of the superior colliculus,commissure of superior colliculus,HOMBA:AA30487,0.950756,bm25+fuzzy,commissure of superior colliculus,Commissure of the superior colliculus,,1.0,high_confidence,commissure of inferior colliculus,0.601391
Cornu ammonis 1,hippocampal proper (Cornu Ammonis),HOMBA:10296,0.856667,bm25+fuzzy,Cornu Ammonis,Cornu ammonis 1,,1.0,needs_review,"lobule VIIAt (tuber, part 1)",0.262891
Cornu ammonis 2,hippocampal proper (Cornu Ammonis),HOMBA:10296,0.856667,bm25+fuzzy,Cornu Ammonis,Cornu ammonis 2,,1.0,needs_review,"lobule VIIB (tuber, part 2)",0.262891
Cornu ammonis 3,hippocampal proper (Cornu Ammonis),HOMBA:10296,0.856667,bm25+fuzzy,Cornu Ammonis,Cornu ammonis 3,,1.0,needs_review,area 3 of primary somatosensory cortex,0.267564
Corpus callosum and associated subcortical white matter,white matter of brain,HOMBA:AA30482,0.598017,bm25+hierarchy_parent,white matter of brain,Corpus callosum and associated subcortical white matter,,1.0,low_confidence,corpus callosum,0.563902
Corticofugal tract and corona radiata,corona radiata,HOMBA:12030,0.655308,bm25+fuzzy+hierarchy_parent,corona radiata,Corticofugal tract and corona radiata,,1.0,needs_review,rostral portion of corona radiata,0.483598
Deeper layers of the superior colliculus,superior colliculus,HOMBA:12292,0.683987,bm25+fuzzy+hierarchy_parent,superior colliculus,Deeper layers of the superior colliculus,,1.0,needs_review,brachium of superior colliculus,0.587304
Dentate gyrus,dentate gyrus,HOMBA:10295,1.0,bm25+exact+fuzzy+hierarchy_parent,Dentate gyrus,Dentate gyrus,,1.0,high_confidence,major division of dentate gyrus,0.898452
"Dorsal cochlear nucleus, deep core",dorsal cochlear nucleus,HOMBA:12438,0.9,bm25+fuzzy,dorsal cochlear nucleus,"Dorsal cochlear nucleus, deep core",dorsal;core,0.5,modifier_conflict,dorsal part of pontine nucleus,0.582166
"Dorsal cochlear nucleus, fusiform and granule layer",dorsal cochlear nucleus,HOMBA:12438,0.73165,bm25+fuzzy,dorsal cochlear nuclei,dorsal cochlear nuclei fusiform and granule layer,dorsal;layer,0.5,modifier_conflict,granular cell layer of cochlear nuclei,0.587679
"Dorsal cochlear nucleus, molecular layer",dorsal cochlear nucleus,HOMBA:12438,0.819808,bm25+fuzzy,dorsal cochlear nucleus,"Dorsal cochlear nucleus, molecular layer",dorsal;molecular;layer,0.333333,modifier_conflict,layer 1 (molecular layer) of ERC,0.708485
Dorsolateral orbital area,orbital gyri,HOMBA:AA30533,0.528239,bm25+hierarchy_parent,orbital gyri,Dorsolateral orbital area,,1.0,low_confidence,dorsolateral part of pontine nucleus,0.452586
Dysgranular insular cortex,dysgranular insular cortex (area Idg),HOMBA:10289,1.0,bm25+exact+fuzzy+hierarchy_parent,Dysgranular insular cortex,Dysgranular insular cortex,,1.0,high_confidence,major insular cortex,0.97
Entopeduncular nucleus,entopeduncular nucleus,HOMBA:146034758,1.0,bm25+exact+fuzzy,Entopeduncular nucleus,Entopeduncular nucleus,,1.0,high_confidence,cerebellar deep nuclei,0.258872
Entorhinal area (medial part),medial (caudal) entorhinal cortex,HOMBA:10319,1.0,bm25+fuzzy,medial entorhinal area,Entorhinal area,medial,1.0,high_confidence,intermediate entorhinal cortex,0.899167
Ethmoid-Limitans nucleus,ethmoid thalamic nucleus,HOMBA:AA30314,0.6321,bm25+fuzzy,ethmoid thalamic nuclei,ethmoid limitans nuclei,,1.0,needs_review,posterior limitans nucleus,0.544091
External globus pallidus (lateral part),external division of globus pallidus,HOMBA:10343,0.859777,bm25+fuzzy,external division of globus pallidus,External globus pallidus (lateral part),lateral;external,0.5,modifier_conflict,external medullary lamina of globus pallidus,0.725567
External globus pallidus (medial part),external division of globus pallidus,HOMBA:10343,0.859777,bm25+fuzzy,external division of globus pallidus,External globus pallidus (medial part),medial;external,0.5,modifier_conflict,external medullary lamina of globus pallidus,0.725567
"External medullary lamina, auditory radiation",external medullary lamina of globus pallidus,HOMBA:12037,0.444876,bm25,external medullary lamina of pallidum,"External medullary lamina, auditory radiation",external,1.0,low_confidence,external medullary lamina of thalamus,0.444876
"External medullary lamina, unspecified",external medullary lamina of thalamus,HOMBA:12038,0.812769,bm25+fuzzy,external medullary lamina of thalamus,"External medullary lamina, unspecified",external,1.0,needs_review,external medullary lamina of globus pallidus,0.806964
"Facial nerve, unspecified",root of facial nerve,HOMBA:12862,0.591709,bm25+fuzzy+hierarchy_parent,root of facial nerve,"Facial nerve, unspecified",,1.0,low_confidence,genu of the facial nerve,0.555943
Fasciola cinereum,fasciola cinereum (ectosplenial area 26),HOMBA:AA30112,1.0,bm25+exact+fuzzy,Fasciola cinereum,Fasciola cinereum,,1.0,high_confidence,tuber cinereum,0.274822
Fields of Forel,nucleus of the field of Forel,HOMBA:10462,0.446243,bm25+fuzzy,nucleus of the field of Forel,Fields of Forel,,1.0,low_confidence,,
Fimbria of the hippocampus,fimbria,HOMBA:10575,0.928336,bm25+fuzzy,fimbria of hippocampus,Fimbria of the hippocampus,,1.0,high_confidence,hippocampal proper (Cornu Ammonis),0.380678
Frontal association area 3,frontal lobe,HOMBA:12113,0.303588,bm25+hierarchy_parent,frontal lobe,Frontal association area 3,,1.0,low_confidence,area 3 of primary somatosensory cortex,0.267564
Frontal association cortex,frontal cortex,HOMBA:10161,0.663184,bm25+fuzzy+hierarchy_parent,frontal cortex,Frontal association cortex,,1.0,needs_review,"frontal polar cortex (FP, area 10)",0.590008
Genu of the facial nerve,genu of the facial nerve,HOMBA:12738,1.0,bm25+exact+fuzzy,Genu of the facial nerve,Genu of the facial nerve,,1.0,high_confidence,root of facial nerve,0.357452
"Globus pallidus external, lateral part",external division of globus pallidus,HOMBA:10343,0.901216,bm25+fuzzy,globus pallidus externa,"Globus pallidus external, lateral part",external;lateral,0.5,modifier_conflict,external medullary lamina of globus pallidus,0.650755
"Globus pallidus external, medial part",external division of globus pallidus,HOMBA:10343,0.914167,bm25+fuzzy,globus pallidus externa,"Globus pallidus external, medial part",external;medial,0.5,modifier_conflict,external medullary lamina of globus pallidus,0.663883
Glomerular layer of the accessory olfactory bulb,glomerular layer of accessory olfactory bulb,HOMBA:AA30176,1.0,bm25+fuzzy,glomerular layer of accessory olfactory bulb,Glomerular layer of the accessory olfactory bulb,layer;accessory,1.0,high_confidence,glomerular layer of olfactory bulb,0.873098
Glomerular layer of the olfactory bulb,glomerular layer of olfactory bulb,HOMBA:AA30170,1.0,bm25+fuzzy,glomerular layer of olfactory bulb,Glomerular layer of the olfactory bulb,layer,1.0,high_confidence,glomerular layer of accessory olfactory bulb,0.94492
Granular insular cortex,granular insular cortex (area Ig),HOMBA:10290,1.0,bm25+exact+fuzzy,Granular insular cortex,Granular insular cortex,granular,1.0,high_confidence,caudal granular insular cortex,0.9975
Habenula (lateral part),habenular nuclei,HOMBA:10452,0.88,bm25+exact+fuzzy,Habenula,Habenula,lateral,0.0,needs_review,lateral habenular nucleus,0.87
Habenula (medial part),habenular nuclei,HOMBA:10452,0.88,bm25+exact+fuzzy,Habenula,Habenula,medial,0.0,needs_review,medial habenular nucleus,0.8725
Habenular commissure,habenular commissure,HOMBA:10566,1.0,bm25+exact+fuzzy,Habenular commissure,Habenular commissure,,1.0,high_confidence,hippocampal commissure,0.270689
"Hypothalamic region, unspecified",forebrain white matter (unspecified region),HOMBA:10557,0.582285,bm25+fuzzy,unspecified region,"Hypothalamic region, unspecified",,1.0,low_confidence,hindbrain white matter (unspecified region),0.582285
Inferior cerebellar peduncle,inferior cerebellar peduncle,HOMBA:12741,1.0,bm25+exact+fuzzy,Inferior cerebellar peduncle,Inferior cerebellar peduncle,,1.0,high_confidence,middle cerebellar peduncle (brachium pontis),0.676787
"Inferior colliculus, brachium",brachium of inferior colliculus,HOMBA:12327,0.874145,bm25+fuzzy,brachium of inferior colliculus,"Inferior colliculus, brachium",,1.0,needs_review,inferior colliculus,0.69747
"Inferior colliculus, central nucleus",inferior colliculus,HOMBA:12305,0.933772,bm25+hierarchy_parent,inferior colliculus,"Inferior colliculus, central nucleus",,1.0,high_confidence,central nucleus of inferior colliculus,0.853772
"Inferior colliculus, commissure",commissure of inferior colliculus,HOMBA:12333,0.865278,bm25+fuzzy,commissure of inferior colliculus,"Inferior colliculus, commissure",,1.0,needs_review,commissure of superior colliculus,0.558509
"Inferior colliculus, dorsal cortex",dorsal central nucleus of inferior colliculus,HOMBA:12307,0.972659,bm25+fuzzy,dorsal cortex of inferior colliculus,"Inferior colliculus, dorsal cortex",dorsal,1.0,high_confidence,inferior colliculus,0.655
"Inferior colliculus, external cortex",external shell (cortex) of inferior colliculus,HOMBA:12308,0.965739,bm25+fuzzy,external cortex of inferior colliculus,"Inferior colliculus, external cortex",external,1.0,high_confidence,external capsule,0.338177
Inferior olive,inferior olive,HOMBA:12600,1.0,bm25+exact+fuzzy+hierarchy_parent,Inferior olive,Inferior olive,,1.0,high_confidence,hilus of the inferior olive,0.722962
Infralimbic area,rostrodorsal division of A25 (infralimbic cortex),HOMBA:AA30037,0.561177,bm25+fuzzy,infralimbic cortex,Infralimbic area,,1.0,low_confidence,,
Infundibulum,infundibular stalk,HOMBA:10643,0.396,fuzzy,infundibular stalk,Infundibulum,,1.0,low_confidence,,
Interanteromedial thalamic nucleus,ventral midline nuclei of thalamus,HOMBA:AA30276,0.747953,hierarchy_parent,ventral midline nuclei of thalamus,Interanteromedial thalamic nucleus,,1.0,needs_review,interanteromedial nucleus of thalamus,0.667953
Intergeniculate leaflet,intergeniculate leaf,HOMBA:AA30305,0.773333,bm25+fuzzy,intergeniculate leaf,Intergeniculate leaflet,,1.0,needs_review,lateral geniculate nucleus (dorsal lateral geniculate nucleus),0.305917
Internal medullary lamina,internal medullary lamina of globus pallidus,HOMBA:12062,0.8775,bm25+fuzzy,internal medullary lamina of pallidum,Internal medullary lamina,,1.0,needs_review,internal medullary lamina of thalamus,0.8775
Interpeduncular nucleus,interpeduncular nucleus,HOMBA:12270,1.0,bm25+exact+fuzzy+hierarchy_parent,Interpeduncular nucleus,Interpeduncular nucleus,,1.0,high_confidence,"interpeduncular nucleus, apical division",0.796474
Intramedullary thalamic area,myelencephalon (medulla oblongata),HOMBA:10662,0.375,fuzzy,medulla,Intramedullary thalamic area,,1.0,low_confidence,internal medullary lamina of thalamus,0.359025
Lateral entorhinal cortex,lateral (rostral) entorhinal cortex,HOMBA:10318,1.0,bm25+exact+fuzzy,Lateral entorhinal cortex,Lateral entorhinal cortex,lateral,1.0,high_confidence,lateral intermediate division of entorhinal cortex,0.84376
Lateral habenular nucleus,lateral habenular nucleus,HOMBA:10453,1.0,bm25+exact+fuzzy,Lateral habenular nucleus,Lateral habenular nucleus,lateral,1.0,high_confidence,interstitial (dorsal) division of lateral habenular nucleus,0.87
"Lateral lemniscus, commissure",lateral lemniscus,HOMBA:12760,0.929524,bm25+fuzzy,lateral lemniscus,"Lateral lemniscus, commissure",lateral,1.0,high_confidence,nuclei of lateral lemniscus,0.729717
"Lateral lemniscus, dorsal nucleus",dorsal nucleus of lateral lemniscus,HOMBA:12455,0.963718,bm25+fuzzy,dorsal nuclei of lateral lemniscus,lateral lemniscus dorsal nuclei,lateral;dorsal,1.0,high_confidence,lateral subdivision of LaD,0.467509
"Lateral lemniscus, intermediate nucleus",intermediate nucleus of lateral lemniscus,HOMBA:12456,0.963418,bm25+fuzzy,intermediate nucleus of lateral lemniscus,"Lateral lemniscus, intermediate nucleus",lateral,1.0,high_confidence,nuclei of lateral lemniscus,0.489828
"Lateral lemniscus, unspecified",lateral lemniscus,HOMBA:12760,0.913822,bm25+fuzzy,lateral lemniscus,"Lateral lemniscus, unspecified",lateral,1.0,high_confidence,nuclei of lateral lemniscus,0.721281
"Lateral lemniscus, ventral nucleus",ventral nucleus of lateral lemniscus,HOMBA:12457,0.959619,bm25+fuzzy,ventral nuclei of lateral lemniscus,lateral lemniscus ventral nuclei,lateral;ventral,1.0,high_confidence,lateral subdivision of LaV,0.469477
Lateral olfactory tract,nucleus of lateral olfactory tract,HOMBA:10309,0.9975,bm25+fuzzy,nucleus of lateral olfactory tract,Lateral olfactory tract,lateral,1.0,high_confidence,olfactory tract,0.742101
Lateral orbital area,lateral orbital gyrus,HOMBA:12125,0.854066,bm25+fuzzy,lateral orbital gyrus,Lateral orbital area,lateral,1.0,needs_review,lateral orbital sulcus,0.828913
"Lateral posterior thalamic nucleus, lateral part",posterior thalamic radiation,HOMBA:12053,0.637017,bm25+fuzzy,posterior thalamic radiation,"Lateral posterior thalamic nucleus, lateral part",lateral;posterior,0.5,modifier_conflict,lateral posterior nucleus of thalamus,0.452482
"Lateral posterior thalamic nucleus, mediocaudal part",lateral posterior nucleus of thalamus,HOMBA:10408,0.730572,bm25+fuzzy,lateral posterior nuclei of thalamus,lateral posterior thalamic nuclei mediocaudal part,lateral;posterior,1.0,needs_review,ventral posterior lateral nucleus,0.702093
"Lateral posterior thalamic nucleus, mediorostral part",lateral posterior nucleus of thalamus,HOMBA:10408,0.739137,bm25+fuzzy,lateral posterior nucleus of thalamus,"Lateral posterior thalamic nucleus, mediorostral part",lateral;posterior,1.0,needs_review,ventral posterior lateral nucleus,0.713586
Lateral septal nucleus (rostral division),lateral septal nuclear complex,HOMBA:10352,1.0,bm25+exact+fuzzy,Lateral septal nucleus,Lateral septal nucleus,rostral;lateral,0.5,modifier_conflict,rostral extension of lateral septal nucleus (semilunar nucleus),0.891221
Lateral superior olive,medial superior olivary nucleus,HOMBA:12470,0.595786,bm25+fuzzy,medial superior olive,Lateral superior olive,lateral,0.0,low_confidence,"lateral parabrachial nucleus, superior division",0.380791
"Laterodorsal thalamic nucleus, dorsomedial part",ventral midline nuclei of thalamus,HOMBA:AA30276,0.622274,hierarchy_parent,ventral midline nuclei of thalamus,"Laterodorsal thalamic nucleus, dorsomedial part",,1.0,needs_review,dorsomedial hypothalamic nucleus,0.603745
"Laterodorsal thalamic nucleus, ventrolateral part",dorsal raphe nucleus,HOMBA:12223,0.601403,hierarchy_parent,dorsal raphe nucleus,"Laterodorsal thalamic nucleus, ventrolateral part",,1.0,needs_review,laterodorsal tegmental nucleus,0.600478
Mammillotegmental tract,mammillotegmental tract,HOMBA:12065,1.0,bm25+exact+fuzzy,Mammillotegmental tract,Mammillotegmental tract,,1.0,high_confidence,pyramidal tract,0.305573
Medial entorhinal cortex,medial (caudal) entorhinal cortex,HOMBA:10319,1.0,bm25+exact+fuzzy,Medial entorhinal cortex,Medial entorhinal cortex,medial,1.0,high_confidence,intermediate entorhinal cortex,0.84753
"Medial geniculate body, dorsal division",dorsal (rostral) division of medial geniculate nucleus,HOMBA:10435,0.774459,bm25+fuzzy,dorsal   division of medial geniculate nucleus,"Medial geniculate body, dorsal division",medial;dorsal,1.0,needs_review,medial division of medial geniculate nucleus,0.628705
"Medial geniculate body, marginal zone",marginal zone of medial geniculate nucleus,HOMBA:266441523,0.817547,bm25+fuzzy,marginal zone of medial geniculate nucleus,"Medial geniculate body, marginal zone",medial,1.0,needs_review,medial division of medial geniculate nucleus,0.390038
"Medial geniculate body, medial division",medial division of medial geniculate nucleus,HOMBA:10439,0.752283,bm25+fuzzy,medial division of medial geniculate nucleus,"Medial geniculate body, medial division",medial,1.0,needs_review,medial geniculate nucleus,0.7421
"Medial geniculate body, suprageniculate nucleus",medial geniculate nucleus,HOMBA:10434,0.819445,bm25+fuzzy,medial geniculate nucleus,"Medial geniculate body, suprageniculate nucleus",medial,1.0,needs_review,medial division of medial geniculate nucleus,0.761801
"Medial geniculate body, ventral division",ventral (caudal) division of medial geniculate nucleus,HOMBA:10438,0.774517,bm25+fuzzy,ventral   division of medial geniculate nucleus,"Medial geniculate body, ventral division",medial;ventral,1.0,needs_review,medial division of medial geniculate nucleus,0.626593
Medial geniculate complex (dorsal division),medial geniculate nuclear complex,HOMBA:AA30307,0.825834,bm25+fuzzy,medial geniculate nuclear complex,Medial geniculate complex,dorsal;medial,0.5,modifier_conflict,lateral geniculate nuclear complex,0.52373
Medial geniculate complex (marginal zone),marginal zone of medial geniculate nucleus,HOMBA:266441523,0.818191,bm25+fuzzy,marginal zone of medial geniculate nucleus,Medial geniculate complex (marginal zone),marginal;zone;marginal zone;medial,1.0,needs_review,medial geniculate nuclear complex,0.770834
Medial geniculate complex (medial division),medial geniculate nuclear complex,HOMBA:AA30307,0.923334,bm25+fuzzy,medial geniculate nuclear complex,Medial geniculate complex,medial,1.0,high_confidence,lateral geniculate nuclear complex,0.535464
Medial geniculate complex (ventral division),medial geniculate nuclear complex,HOMBA:AA30307,0.825834,bm25+fuzzy,medial geniculate nuclear complex,Medial geniculate complex,ventral;medial,0.5,modifier_conflict,lateral geniculate nuclear complex,0.52373
Medial habenular nucleus,medial habenular nucleus,HOMBA:10456,1.0,bm25+exact+fuzzy,Medial habenular nucleus,Medial habenular nucleus,medial,1.0,high_confidence,dorsal division of medial habenular nucleus,0.913605
Medial lemniscus decussation,decussation of medial lemniscus,HOMBA:12732,0.965498,bm25+fuzzy,decussation of medial lemniscus,Medial lemniscus decussation,medial;decussation,1.0,high_confidence,medial lemniscus,0.41244
"Medial lemniscus, unspecified",medial lemniscus,HOMBA:12763,0.902738,bm25+fuzzy,medial lemniscus,"Medial lemniscus, unspecified",medial,1.0,high_confidence,decussation of medial lemniscus,0.703251
Medial orbital area,medial orbital gyrus,HOMBA:12122,0.841567,bm25+fuzzy,medial orbital gyrus,Medial orbital area,medial,1.0,needs_review,medial orbital sulcus,0.815573
Medial superior olive,medial superior olivary nucleus,HOMBA:12470,1.0,bm25+exact+fuzzy,Medial superior olive,Medial superior olive,medial,1.0,high_confidence,"inferior olive, medial division",0.417508
Median eminence,median eminence,HOMBA:13338,1.0,bm25+exact+fuzzy+hierarchy_parent,Median eminence,Median eminence,,1.0,high_confidence,internal division of median eminence,0.69573
"Mediodorsal thalamic nucleus, central part",ventral midline nuclei of thalamus,HOMBA:AA30276,0.64394,hierarchy_parent,ventral midline nuclei of thalamus,"Mediodorsal thalamic nucleus, central part",,1.0,needs_review,mediodorsal nucleus of thalamus,0.580496
"Mediodorsal thalamic nucleus, lateral part","dentate nucleus, mediodorsal division",HOMBA:12398,0.776091,bm25+fuzzy,dentate lateral nucleus mediodorsal division,"Mediodorsal thalamic nucleus, lateral part",lateral,1.0,needs_review,"dorsal raphe nucleus, lateral division",0.689325
"Mediodorsal thalamic nucleus, medial part","medial parabrachial nucleus, medial division",HOMBA:12489,0.675396,bm25+fuzzy,"medial parabrachial nucleus, medial part","Mediodorsal thalamic nucleus, medial part",medial,1.0,needs_review,"hypoglossal nucleus, medial division",0.661457
Middle cerebellar peduncle,middle cerebellar peduncle (brachium pontis),HOMBA:12768,1.0,bm25+exact+fuzzy,Middle cerebellar peduncle,Middle cerebellar peduncle,,1.0,high_confidence,cerebellar morphology,0.323046
Molecular cell layer of the cerebellum,molecular layer of cerebellar cortex,HOMBA:AA30427,0.718969,bm25+fuzzy,molecular layer of cerebellar cortex,Molecular cell layer of the cerebellum,molecular;layer,1.0,needs_review,layer 1 (molecular layer) of ERC,0.717117
Nucleus accumbens (core),core of nucleus accumbens,HOMBA:10340,1.0,bm25+fuzzy,core of nucleus accumbens,Nucleus accumbens,core,1.0,high_confidence,nucleus accumbens,0.88
Nucleus accumbens (shell),shell of nucleus accumbens,HOMBA:10341,1.0,bm25+fuzzy,shell of nucleus accumbens,Nucleus accumbens,shell,1.0,high_confidence,nucleus accumbens,0.88
"Nucleus accumbens, core",core of nucleus accumbens,HOMBA:10340,1.0,bm25+fuzzy,core of nucleus accumbens,"Nucleus accumbens, core",core,1.0,high_confidence,"primary auditory cortex (first auditory cortex, auditory core region)",0.389671
"Nucleus accumbens, shell",shell of nucleus accumbens,HOMBA:10341,0.999286,bm25+fuzzy,shell of nucleus accumbens,"Nucleus accumbens, shell",shell,1.0,high_confidence,"gracile nucleus, rostral division (shell)",0.399782
Nucleus of the lateral olfactory tract,nucleus of lateral olfactory tract,HOMBA:10309,1.0,bm25+fuzzy,nucleus of lateral olfactory tract,Nucleus of the lateral olfactory tract,lateral,1.0,high_confidence,olfactory tract,0.567688
Nucleus of the stria medullaris,stria medullaris of thalamus,HOMBA:10590,0.645204,bm25+fuzzy,stria medullaris of thalamus,Nucleus of the stria medullaris,,1.0,needs_review,bed nucleus of stria terminalis,0.272117
Nucleus of the trapezoid body,nucleus of trapezoid body,HOMBA:12458,0.950614,bm25+fuzzy+hierarchy_parent,nucleus of trapezoid body,Nucleus of the trapezoid body,,1.0,high_confidence,trapezoid body,0.740954
Nucleus sagulum,sagulum nucleus (nucleus sagulum),HOMBA:12313,1.0,bm25+exact+fuzzy,Nucleus sagulum,Nucleus sagulum,,1.0,high_confidence,cerebellar deep nuclei,0.258872
"Olfactory bulb, unspecified",olfactory bulb,HOMBA:10307,0.758817,bm25+fuzzy,olfactory bulb,"Olfactory bulb, unspecified",,1.0,needs_review,lamination of olfactory bulb,0.576738
Optic nerve,optic nerve,HOMBA:15544,1.0,bm25+exact+fuzzy,Optic nerve,Optic nerve,,1.0,high_confidence,optic nerve layer of superior colliculus,0.460565
Optic tract and optic chiasm,optic chiasm,HOMBA:10644,0.727412,bm25+fuzzy,optic chiasm,Optic tract and optic chiasm,,1.0,needs_review,optic tract,0.37622
Orbital cortex (ventral),anterior (ventral /principal) pretectal nucleus,HOMBA:12187,0.62947,bm25+fuzzy,ventral,Orbital cortex (ventral),ventral,1.0,needs_review,anterior (ventral) spinal artery,0.62947
Orbital cortex (ventrolateral),ventrolateral temporal cortex,HOMBA:13324,0.716079,bm25+fuzzy,ventrolateral temporal cortex,Orbital cortex (ventrolateral),ventrolateral,1.0,needs_review,ventrolateral prefrontal cortex (Broca's area in dominant hemisphere),0.712117
Paracentral thalamic nucleus,rostral intralaminar nuclei of thalamus,HOMBA:10443,0.722125,hierarchy_parent,rostral intralaminar nuclei of thalamus,Paracentral thalamic nucleus,,1.0,needs_review,ventral midline nuclei of thalamus,0.69028
Parafascicular thalamic nucleus,ventral midline nuclei of thalamus,HOMBA:AA30276,0.682805,hierarchy_parent,ventral midline nuclei of thalamus,Parafascicular thalamic nucleus,,1.0,needs_review,parafascicular nucleus of thalamus,0.657451
Parasubiculum,parasubiculum (parasubicular cortex),HOMBA:10316,1.0,bm25+exact+fuzzy+hierarchy_parent,Parasubiculum,Parasubiculum,,1.0,high_confidence,distal division (subdivision a) of PaSr,0.8
Parataenial thalamic nucleus,dorsal midline nuclei of thalamus,HOMBA:AA30274,0.731043,hierarchy_parent,dorsal midline nuclei of thalamus,Parataenial thalamic nucleus,,1.0,needs_review,ventral midline nuclei of thalamus,0.695244
Paraventricular hypothalamic nucleus (medial parvicellular dorsal zone),dorsal division of VMHco,HOMBA:10489,0.639773,bm25+fuzzy,dorsal part of ventromedial hypothalamic nuclei,paraventricular hypothalamic nuclei medial parvicellular dorsal zone,medial;parvicellular;dorsal;zone;medial parvicellular dorsal zone,0.4,modifier_conflict,ventromedial hypothalamic nucleus,0.616568
Paraventricular thalamic nuclei (anterior and posterior),anterior nuclear complex of thalamus,HOMBA:10392,0.717019,bm25+fuzzy,anterior thalamic nuclei,Paraventricular thalamic nuclei (anterior and posterior),anterior;posterior;anterior and posterior,0.333333,modifier_conflict,posterior division of paraventricular nucleus,0.670856
"Parietal association cortex, lateral area",inferior lateral parietal cortex,HOMBA:10225,0.717383,bm25+fuzzy,inferior lateral parietal cortex,"Parietal association cortex, lateral area",lateral,1.0,needs_review,"lateral orbital frontal cortex (OFCl, area 12/47)",0.600428
"Parietal association cortex, medial area",superior medial parietal cortex,HOMBA:10215,0.715802,bm25+fuzzy,superior medial parietal cortex,"Parietal association cortex, medial area",medial,1.0,needs_review,medial orbital frontal cortex (area 14),0.602357
"Parietal association cortex, posterior area",posterior parietal cortex,HOMBA:10214,0.787314,bm25+fuzzy,posterior parietal cortex,"Parietal association cortex, posterior area",posterior,1.0,needs_review,posterior limiting parietal cortex,0.710916
Peripeduncular nucleus,peripeduncular nucleus,HOMBA:12285,1.0,bm25+exact+fuzzy,Peripeduncular nucleus,Peripeduncular nucleus,,1.0,high_confidence,cerebellar deep nuclei,0.258872
Perirhinal area 35,perirhinal cortex (area 35),HOMBA:10320,0.643024,bm25+fuzzy+hierarchy_parent,perirhinal cortex (area 35),Perirhinal area 35,,1.0,needs_review,perirhinal cortical region,0.271021
Perirhinal area 36,perirhinal cortical region,HOMBA:AA30025,0.623424,bm25+fuzzy+hierarchy_parent,perirhinal cortical region,Perirhinal area 36,,1.0,needs_review,ectorhinal cortex (area 36),0.543424
Periventricular gray,periventricular gray of pons,HOMBA:AA30845,0.856667,bm25+fuzzy,periventricular gray of pons,Periventricular gray,,1.0,needs_review,gray matter of brain,0.300699
"Piriform cortex, layer 1",piriform cortex,HOMBA:10311,0.705435,bm25+fuzzy,piriform cortex,"Piriform cortex, layer 1",layer,0.0,needs_review,layer 1 (molecular layer) of ERC,0.40803
"Piriform cortex, layer 2",piriform cortex,HOMBA:10311,0.705435,bm25+fuzzy,piriform cortex,"Piriform cortex, layer 2",layer,0.0,needs_review,layer 2 (outer granular cell layer) of NCx,0.40803
"Piriform cortex, layer 3",piriform cortex,HOMBA:10311,0.705435,bm25+fuzzy,piriform cortex,"Piriform cortex, layer 3",layer,0.0,needs_review,unique layer 3 of primary visual cortex (primates),0.426949
Pontine nuclei,pontine nucleus,HOMBA:12406,1.0,bm25+exact+fuzzy+hierarchy_parent,Pontine nuclei,Pontine nuclei,,1.0,high_confidence,pontine gamma nucleus,0.631263
Posterior commissure,posterior commissure,HOMBA:10567,1.0,bm25+exact+fuzzy,Posterior commissure,Posterior commissure,posterior,1.0,high_confidence,interstitial nucleus of posterior commissure (nucleus of posterior commissure),0.974167
Posterior intralaminar nucleus,caudal intralaminar nuclei of thalamus,HOMBA:10448,0.934768,bm25+fuzzy,posterior group of intralaminar nucleus,Posterior intralaminar nucleus,posterior,1.0,high_confidence,posterior marginal (intralaminar) nucleus of thalamus (PIL),0.78799
Posterior thalamic nuclear group (triangular part),posterior thalamic radiation,HOMBA:12053,0.631933,bm25+fuzzy,posterior thalamic radiation,Posterior thalamic nuclear group (triangular part),triangular;posterior,0.5,modifier_conflict,caudal intralaminar nuclei of thalamus,0.610838
"Posterior thalamic nuclear group, triangular part",posterior thalamic radiation,HOMBA:12053,0.6546,bm25+fuzzy,posterior thalamic radiation,"Posterior thalamic nuclear group, triangular part",posterior,1.0,needs_review,caudal intralaminar nuclei of thalamus,0.629101
Posterior thalamic nucleus,posterior thalamic radiation,HOMBA:12053,0.768552,bm25+fuzzy,posterior thalamic radiation,Posterior thalamic nucleus,posterior,1.0,needs_review,interstitial nucleus of posterior commissure (nucleus of posterior commissure),0.39689
Postrhinal cortex,posterior parahippocampal region (postrhinal cortex),HOMBA:10263,1.0,bm25+exact+fuzzy,Postrhinal cortex,Postrhinal cortex,,1.0,high_confidence,dorsolateral temporal cortex,0.279372
Pregeniculate nucleus,pregeniculate nucleus (ventral lateral geniculate nucleus),HOMBA:13042,1.0,bm25+exact+fuzzy+hierarchy_parent,Pregeniculate nucleus,Pregeniculate nucleus,,1.0,high_confidence,oval body of pregeniculate nucleus,0.775735
Prelimbic area,"pregenual cingulate  cortex (area 32, prelimbic cortex)",HOMBA:10280,0.541708,bm25+fuzzy,prelimbic cortex,Prelimbic area,,1.0,low_confidence,,
Presubiculum,presubiculum (presubicular cortex),HOMBA:10315,1.0,bm25+exact+fuzzy+hierarchy_parent,Presubiculum,Presubiculum,,1.0,high_confidence,caudal (dorsal) presubiculum (postsubiculum),0.676118
Pretectal region,pretectal region,HOMBA:12181,1.0,bm25+exact+fuzzy,Pretectal region,Pretectal region,,1.0,high_confidence,pretectal nuclear complex,0.498625
Pretectothalamic lamina,dentatothalamic tract,HOMBA:12357,0.290576,fuzzy,dentatothalamic tract,Pretectothalamic lamina,,1.0,low_confidence,lamina III and IV of cervical spinal cord,0.245394
Primary auditory area,"primary auditory cortex (first auditory cortex, auditory core region)",HOMBA:10236,0.647173,bm25+fuzzy+hierarchy_parent,primary auditory cortex,Primary auditory area,,1.0,needs_review,"secondary auditory cortex (auditory belt region, area 42, area TB)",0.530921
Primary motor area,"primary motor cortex (first motor cortex, area 4, area FA)",HOMBA:10163,1.0,bm25+exact+fuzzy,Primary motor area,Primary motor area,,1.0,high_confidence,frontal motor cortex (posterior frontal cortex),0.8342
"Primary somatosensory area, barrel field",barrel field of S1fm (rodents),HOMBA:AA30880,0.314047,bm25,barrel field of S1fm,"Primary somatosensory area, barrel field",,1.0,low_confidence,"primary somatosensory cortex (first somatosensory cortex, areas 3,1,2)",0.270006
"Primary somatosensory area, dysgranular zone","primary somatosensory cortex (first somatosensory cortex, areas 3,1,2)",HOMBA:10209,0.504827,bm25+fuzzy+hierarchy_parent,primary primary somatosensory cortex,"Primary somatosensory area, dysgranular zone",,1.0,low_confidence,subareas of primary somatosensory cortex,0.471275
"Primary somatosensory area, face representation","primary somatosensory cortex (first somatosensory cortex, areas 3,1,2)",HOMBA:10209,0.500607,bm25+fuzzy+hierarchy_parent,primary primary somatosensory cortex,"Primary somatosensory area, face representation",,1.0,low_confidence,subareas of primary somatosensory cortex,0.468265
"Primary somatosensory area, forelimb representation","primary somatosensory cortex (first somatosensory cortex, areas 3,1,2)",HOMBA:10209,0.493399,bm25+fuzzy+hierarchy_parent,primary primary somatosensory cortex,"Primary somatosensory area, forelimb representation",,1.0,low_confidence,subareas of primary somatosensory cortex,0.464588
"Primary somatosensory area, hindlimb representation","primary somatosensory cortex (first somatosensory cortex, areas 3,1,2)",HOMBA:10209,0.4897,bm25+fuzzy+hierarchy_parent,primary primary somatosensory cortex,"Primary somatosensory area, hindlimb representation",,1.0,low_confidence,subareas of primary somatosensory cortex,0.459797
"Primary somatosensory area, trunk representation","primary somatosensory cortex (first somatosensory cortex, areas 3,1,2)",HOMBA:10209,0.498656,bm25+fuzzy+hierarchy_parent,primary primary somatosensory cortex,"Primary somatosensory area, trunk representation",,1.0,low_confidence,subareas of primary somatosensory cortex,0.4668
Primary visual area,"primary visual cortex (first visual cortex, striate cortex, area 17, area OC)",HOMBA:10269,0.627181,bm25+fuzzy+hierarchy_parent,primary visual cortex,Primary visual area,,1.0,needs_review,area x of visual cortex,0.531853
Pyramidal decussation,pyramidal decussation,HOMBA:12772,1.0,bm25+exact+fuzzy,Pyramidal decussation,Pyramidal decussation,decussation,1.0,high_confidence,supraoptic decussation,0.387051
Reticular (pre)thalamic nucleus,reticular nucleus of thalamus,HOMBA:10464,0.65503,bm25+fuzzy,reticular nucleus of thalamus,Reticular  thalamic nucleus,pre;reticular,0.5,modifier_conflict,dorsal reticular nucleus,0.637024
"Reticular (pre)thalamic nucleus, auditory segment",reticular nucleus of thalamus,HOMBA:10464,0.562885,bm25+fuzzy,reticular nuclei of thalamus,reticular pre thalamic nuclei auditory segment,pre;reticular,0.5,modifier_conflict,"medullary reticular nucleus, dorsal division (ventral reticular nucleus)",0.538919
"Reticular (pre)thalamic nucleus, unspecified",reticular nucleus of thalamus,HOMBA:10464,0.590698,bm25+fuzzy,reticular nuclei of thalamus,reticular pre thalamic nuclei unspecified,pre;reticular,0.5,modifier_conflict,"anterior pretectal nucleus, reticular division",0.576935
Retroreuniens thalamic nucleus,ventral midline nuclei of thalamus,HOMBA:AA30276,0.693611,hierarchy_parent,ventral midline nuclei of thalamus,Retroreuniens thalamic nucleus,,1.0,needs_review,retroethmoid thalamic nucleus,0.647445
Retrosplenial dysgranular area,dysgranular division of area prostriata,HOMBA:AA30028,0.490349,bm25+fuzzy,dysgranular division of area prostriata,Retrosplenial dysgranular area,,1.0,low_confidence,retrosplenial cortex,0.456126
Retrosplenial granular area,"granular retrosplenial cortex (area 29, RSg)",HOMBA:10325,0.8156,bm25+fuzzy,granular retrosplenial cortex,Retrosplenial granular area,granular,1.0,needs_review,"agranular retrosplenial cortex (area 30, RSag)",0.354018
Reuniens thalamic nucleus,ventral midline nuclei of thalamus,HOMBA:AA30276,0.720071,hierarchy_parent,ventral midline nuclei of thalamus,Reuniens thalamic nucleus,,1.0,needs_review,submedius thalamic nucleus,0.640071
Rhomboid thalamic nucleus,ventral midline nuclei of thalamus,HOMBA:AA30276,0.77905,hierarchy_parent,ventral midline nuclei of thalamus,Rhomboid thalamic nucleus,,1.0,needs_review,ethmoid thalamic nucleus,0.704573
"Secondary auditory area, dorsal part","secondary auditory cortex (auditory belt region, area 42, area TB)",HOMBA:10239,0.566283,bm25+fuzzy,secondary auditory cortex,"Secondary auditory area, dorsal part",dorsal,0.0,low_confidence,"dorsal secondary visual cortex (dorsal area 18, dorsal area OB, area 18a)",0.387454
"Secondary auditory area, ventral part","secondary auditory cortex (auditory belt region, area 42, area TB)",HOMBA:10239,0.554827,bm25+fuzzy,secondary auditory cortex,"Secondary auditory area, ventral part",ventral,0.0,low_confidence,"ventral secondary visual cortex (ventral area 18, ventral area OB, area 18b)",0.389822
Secondary motor area,"premotor cortex (area 6, area FB, secondary motor cortex)",HOMBA:10168,0.640938,bm25+fuzzy,secondary motor cortex,Secondary motor area,,1.0,needs_review,frontal motor cortex (posterior frontal cortex),0.620006
Secondary somatosensory area,subcentral cortex (area 43; secondary somatosensory cortex),HOMBA:13010,0.66993,bm25+fuzzy,secondary somatosensory cortex,Secondary somatosensory area,,1.0,needs_review,somatosensory radiation,0.247215
"Secondary visual area, lateral part","ventral secondary visual cortex (ventral area 18, ventral area OB, area 18b)",HOMBA:AA30827,0.498779,bm25+fuzzy,ventral secondary visual cortex,"Secondary visual area, lateral part",lateral,0.0,low_confidence,"dorsal secondary visual cortex (dorsal area 18, dorsal area OB, area 18a)",0.496337
"Secondary visual area, medial part","dorsal secondary visual cortex (dorsal area 18, dorsal area OB, area 18a)",HOMBA:AA30823,0.48772,bm25+fuzzy,dorsal secondary visual cortex,"Secondary visual area, medial part",medial,0.0,low_confidence,"ventral secondary visual cortex (ventral area 18, ventral area OB, area 18b)",0.4818
Septal region,septal region (septal nuclear complex),HOMBA:10350,1.0,bm25+exact+fuzzy+hierarchy_parent,Septal region,Septal region,,1.0,high_confidence,rostral septal nuclear complex,0.77875
Spinal cord,spinal cord,HOMBA:AA30565,1.0,bm25+exact+fuzzy+hierarchy_parent,Spinal cord,Spinal cord,,1.0,high_confidence,gray matter of spinal cord,0.8925
Spinal trigeminal nucleus,spinal trigeminal nucleus,HOMBA:12572,1.0,bm25+exact+fuzzy+hierarchy_parent,Spinal trigeminal nucleus,Spinal trigeminal nucleus,,1.0,high_confidence,afferent nuclei of cranial nerves in pons,0.817465
Spinal trigeminal tract,spinal trigeminal tract,HOMBA:12792,1.0,bm25+exact+fuzzy,Spinal trigeminal tract,Spinal trigeminal tract,,1.0,high_confidence,mesencephalic trigeminal tract,0.635392
Spiral ganglion,basal ganglia (basal nuclei),HOMBA:10332,0.325676,fuzzy,basal ganglia,Spiral ganglion,,1.0,low_confidence,,
Stria medullaris thalami,stria medullaris of thalamus,HOMBA:10590,0.724936,bm25+fuzzy,stria medullaris of thalamus,Stria medullaris thalami,,1.0,needs_review,myelencephalon (medulla oblongata),0.40625
Stria terminalis,stria terminalis,HOMBA:10591,1.0,bm25+exact+fuzzy,Stria terminalis,Stria terminalis,,1.0,high_confidence,remaining caudal extension of BST (along stria terminalis),0.736733
Striatum,striatum (neostriatum),HOMBA:10333,1.0,bm25+exact+fuzzy+hierarchy_parent,Striatum,Striatum,,1.0,high_confidence,regions of striatum,0.7554
Subgeniculate nucleus,subgeniculate nucleus,HOMBA:AA30324,1.0,bm25+exact+fuzzy,Subgeniculate nucleus,Subgeniculate nucleus,,1.0,high_confidence,cerebellar deep nuclei,0.258872
Subiculum,subiculum proper (strictly defined subiculum),HOMBA:10302,1.0,bm25+exact+fuzzy+hierarchy_parent,Subiculum,Subiculum,,1.0,high_confidence,major division of subiculum,0.789559
Submedius thalamic nucleus,submedius thalamic nucleus,HOMBA:AA30278,1.0,bm25+exact+fuzzy,Submedius thalamic nucleus,Submedius thalamic nucleus,,1.0,high_confidence,ventral midline nuclei of thalamus,0.97
Subparafascicular nucleus,subparafascicular nucleus of thalamus,HOMBA:13054,0.856667,bm25+fuzzy,subparafascicular nucleus of thalamus,Subparafascicular nucleus,,1.0,needs_review,cerebellar deep nuclei,0.258872
Substantia nigra (compact part),"substantia nigra, compact division",HOMBA:12252,1.0,bm25+exact+fuzzy,Substantia nigra (compact part),Substantia nigra (compact part),compact,1.0,high_confidence,"substantia nigra, compact division, dorsal subdivision",0.948125
Substantia nigra (lateral part),"substantia nigra, lateral division",HOMBA:12257,1.0,bm25+exact+fuzzy,Substantia nigra (lateral part),Substantia nigra (lateral part),lateral,1.0,high_confidence,substantia nigra,0.88
Substantia nigra (reticular part),"substantia nigra, reticular division",HOMBA:12259,1.0,bm25+exact+fuzzy,Substantia nigra (reticular part),Substantia nigra (reticular part),reticular,1.0,high_confidence,substantia nigra,0.88
"Substantia nigra, compact part","substantia nigra, compact division",HOMBA:12252,1.0,bm25+exact+fuzzy,"Substantia nigra, compact part","Substantia nigra, compact part",compact,1.0,high_confidence,"substantia nigra, compact division, dorsal subdivision",0.948125
"Substantia nigra, lateral part","substantia nigra, lateral division",HOMBA:12257,1.0,bm25+exact+fuzzy,"Substantia nigra, lateral part","Substantia nigra, lateral part",lateral,1.0,high_confidence,substantia nigra,0.675805
"Substantia nigra, reticular part","substantia nigra, reticular division",HOMBA:12259,1.0,bm25+exact+fuzzy,"Substantia nigra, reticular part","Substantia nigra, reticular part",reticular,1.0,high_confidence,substantia nigra,0.655016
Superficial gray layer of the superior colliculus,superficial gray layer of superior colliculus,HOMBA:12295,1.0,bm25+fuzzy,superficial gray layer of superior colliculus,Superficial gray layer of the superior colliculus,layer,1.0,high_confidence,superficial layer of superior colliculus,0.521835
Superior cerebellar peduncle and prerubral field,superior cerebellar peduncle (brachium conjunctivum),HOMBA:12354,0.775766,bm25+fuzzy,superior cerebellar peduncle,Superior cerebellar peduncle and prerubral field,,1.0,needs_review,prerubral field (field H3),0.602489
Superior paraolivary nucleus,superior paraolivary nucleus,HOMBA:12463,1.0,bm25+exact+fuzzy,Superior paraolivary nucleus,Superior paraolivary nucleus,,1.0,high_confidence,superior olivary complex,0.97
Superior periolivary region,superior olivary complex,HOMBA:12462,0.537632,bm25+fuzzy+hierarchy_parent,superior olivary complex,Superior periolivary region,,1.0,low_confidence,"rostral (anterior, superior) medullary velum",0.477739
Suprageniculate nucleus,suprageniculate nucleus,HOMBA:13044,1.0,bm25+exact+fuzzy,Suprageniculate nucleus,Suprageniculate nucleus,,1.0,high_confidence,cerebellar deep nuclei,0.258872
Supraoptic decussation,supraoptic decussation,HOMBA:13216,1.0,bm25+exact+fuzzy,Supraoptic decussation,Supraoptic decussation,decussation,1.0,high_confidence,pyramidal decussation,0.387051
Temporal association cortex,temporal cortex,HOMBA:10235,0.669779,bm25+fuzzy+hierarchy_parent,temporal cortex,Temporal association cortex,,1.0,needs_review,major ventrolateral temporal cortex (area TE),0.641008
Transverse fibers of the pons,transverse fibers of pons (pontine crossing tract),HOMBA:12795,0.80058,bm25+fuzzy,transverse fibers of pons,Transverse fibers of the pons,,1.0,needs_review,transverse fibers,0.793822
Trapezoid body,trapezoid body,HOMBA:12796,1.0,bm25+exact+fuzzy,Trapezoid body,Trapezoid body,,1.0,high_confidence,nucleus of trapezoid body,0.680833
Ventral anterior thalamic nucleus,anterior nuclear complex of thalamus,HOMBA:10392,0.6952,bm25+fuzzy,anterior thalamic nuclei,ventral anterior thalamic nuclei,ventral,0.0,needs_review,rostral thalamic radiation,0.516582
"Ventral cochlear nucleus, anterior part",ventral cochlear nucleus,HOMBA:12439,0.968684,bm25+fuzzy,ventral cochlear nucleus,"Ventral cochlear nucleus, anterior part",ventral,1.0,high_confidence,"ventral cochlear nucleus, rostral division",0.829934
"Ventral cochlear nucleus, cap area",ventral cochlear nucleus,HOMBA:12439,0.9975,bm25+fuzzy,ventral cochlear nucleus,"Ventral cochlear nucleus, cap area",ventral,1.0,high_confidence,"ventral cochlear nucleus, caudal division",0.872049
"Ventral cochlear nucleus, granule cell layer",ventral cochlear nucleus,HOMBA:12439,0.791105,bm25+fuzzy,ventral cochlear nucleus,"Ventral cochlear nucleus, granule cell layer",ventral;layer,0.5,modifier_conflict,granular cell layer of cochlear nuclei,0.711761
"Ventral cochlear nucleus, posterior part",ventral cochlear nucleus,HOMBA:12439,0.896538,bm25+fuzzy,ventral cochlear nucleus,"Ventral cochlear nucleus, posterior part",ventral;posterior,0.5,modifier_conflict,"ventral cochlear nucleus, rostral division",0.798701
Ventral hippocampal commissure,ventral hippocampal commissure,HOMBA:12023,1.0,bm25+exact+fuzzy,Ventral hippocampal commissure,Ventral hippocampal commissure,ventral,1.0,high_confidence,hippocampal commissure,0.753867
Ventral orbital area,anterior (ventral /principal) pretectal nucleus,HOMBA:12187,0.695,bm25+fuzzy,ventral,Ventral orbital area,ventral,1.0,needs_review,anterior (ventral) spinal artery,0.695
Ventral periolivary nuclei,"solitary nucleus, ventral division",HOMBA:12568,0.78137,bm25+fuzzy,ventral part solitary nucleus,ventral periolivary nucleus,ventral,1.0,needs_review,periolivary nuclei,0.753867
"Ventral posterior nucleus of the thalamus, parvicellular part",parvicellular nucleus of posterior thalamus,HOMBA:AA30312,0.780373,bm25+fuzzy,parvicellular nuclei of posterior thalamus,ventral posterior nuclei of the thalamus parvicellular part,ventral;posterior;parvicellular,0.666667,modifier_conflict,parvicellular ventral posterior (medial) nucleus (VPMpc),0.502334
Ventral posterolateral thalamic nucleus,ventral posterior lateral nucleus,HOMBA:10424,0.924772,bm25+fuzzy,ventral posterolateral nucleus,Ventral posterolateral thalamic nucleus,ventral,1.0,high_confidence,rostral division of ventral posterior lateral nucleus,0.784367
Ventral posteromedial thalamic nucleus,ventral posterior medial nucleus,HOMBA:10425,0.924099,bm25+fuzzy,ventral posteromedial nucleus,Ventral posteromedial thalamic nucleus,ventral,1.0,high_confidence,parvicellular ventral posterior (medial) nucleus (VPMpc),0.750132
Ventral striatal region (unspecified),ventral striatum (STRv),HOMBA:AA30195,0.597151,bm25+fuzzy,ventral striatum,Ventral striatal region,unspecified;ventral,0.5,modifier_conflict,forebrain white matter (unspecified region),0.580334
"Ventral striatal region, unspecified",anterior (ventral /principal) pretectal nucleus,HOMBA:12187,0.569393,bm25+fuzzy,ventral,"Ventral striatal region, unspecified",ventral,1.0,low_confidence,anterior (ventral) spinal artery,0.569393
"Ventricular system, unspecified",ventricular zone of neocortex,HOMBA:10542,0.465706,bm25+fuzzy+hierarchy_parent,ventricular zone,"Ventricular system, unspecified",,1.0,low_confidence,forebrain white matter (unspecified region),0.273248
Ventrolateral orbital area,orbital gyri,HOMBA:AA30533,0.520707,bm25+hierarchy_parent,orbital gyri,Ventrolateral orbital area,,1.0,low_confidence,ventrolateral division of AV,0.503673
Ventrolateral thalamic nucleus,ventral midline nuclei of thalamus,HOMBA:AA30276,0.679766,hierarchy_parent,ventral midline nuclei of thalamus,Ventrolateral thalamic nucleus,,1.0,needs_review,ventrolateral tegmental nucleus,0.658649
Ventromedial thalamic nucleus,ventromedial hypothalamic nucleus,HOMBA:10488,0.740009,bm25+fuzzy+hierarchy_parent,ventromedial hypothalamic nucleus,Ventromedial thalamic nucleus,,1.0,needs_review,ventral midline nuclei of thalamus,0.718382
Vestibular apparatus,vestibular nuclei in pons,HOMBA:12448,0.450172,bm25+fuzzy+hierarchy_parent,vestibular nucleus,Vestibular apparatus,,1.0,low_confidence,vestibular nuclei in medulla,0.399132
Vestibular nerve,root of vestibulocochlear nerve,HOMBA:12868,0.665322,bm25+hierarchy_parent,root of vestibulocochlear nerve,Vestibular nerve,,1.0,needs_review,vestibular root of vestibulocochlear nerve,0.585322
Xiphoid thalamic nucleus,xiphoid thalamic nucleus,HOMBA:AA30277,1.0,bm25+exact+fuzzy,Xiphoid thalamic nucleus,Xiphoid thalamic nucleus,,1.0,high_confidence,ventral midline nuclei of thalamus,0.97
Zona incerta (caudal part),zona incerta,HOMBA:10463,0.88,bm25+exact+fuzzy,Zona incerta,Zona incerta,caudal,0.0,needs_review,(caudal) collateral sulcus (medial occipitotemporal sulcus),0.355689
Zona incerta (dorsal part),zona incerta,HOMBA:10463,0.88,bm25+exact+fuzzy,Zona incerta,Zona incerta,dorsal,0.0,needs_review,caudal (dorsal) parasubiculum (subdivision b only),0.337602
Zona incerta (rostral part),zona incerta,HOMBA:10463,0.88,bm25+exact+fuzzy,Zona incerta,Zona incerta,rostral,0.0,needs_review,anterior (rostral) cortical nucleus of amygdala,0.349827
Zona incerta (ventral part),zona incerta,HOMBA:10463,0.88,bm25+exact+fuzzy,Zona incerta,Zona incerta,ventral,0.0,needs_review,anterior (ventral /principal) pretectal nucleus,0.344393
"Zona incerta, A11 dopamine cells",zona incerta,HOMBA:10463,0.64871,bm25+fuzzy,zona incerta,"Zona incerta, A11 dopamine cells",,1.0,needs_review,rostral intermediate orbital frontal cortex (area 11),0.229103
"Zona incerta, A13 dopamine cells",zona incerta,HOMBA:10463,0.64871,bm25+fuzzy,zona incerta,"Zona incerta, A13 dopamine cells",,1.0,needs_review,caudal intermediate orbital frontal cortex (area 13),0.229103
"Zona incerta, caudal part",zona incerta,HOMBA:10463,0.667475,bm25+fuzzy,zona incerta,"Zona incerta, caudal part",caudal,0.0,needs_review,(caudal) collateral sulcus (medial occipitotemporal sulcus),0.355689
"Zona incerta, dorsal part",zona incerta,HOMBA:10463,0.667475,bm25+fuzzy,zona incerta,"Zona incerta, dorsal part",dorsal,0.0,needs_review,caudal (dorsal) parasubiculum (subdivision b only),0.337602
"Zona incerta, rostral part",zona incerta,HOMBA:10463,0.748494,bm25+fuzzy,zona incerta,"Zona incerta, rostral part",,1.0,needs_review,"lobule II (central lobule, rostral part)",0.229827
"Zona incerta, ventral part",zona incerta,HOMBA:10463,0.658675,bm25+fuzzy,zona incerta,"Zona incerta, ventral part",ventral,0.0,needs_review,anterior (ventral /principal) pretectal nucleus,0.344393
